timestamp,power
2011-04-21 15:41:24-04:00,
2011-04-21 15:41:27-04:00,1.0
2011-04-21 15:41:30-04:00,1.0
2011-04-21 15:41:33-04:00,1.0
2011-04-21 15:41:36-04:00,1.0
2011-04-21 15:41:39-04:00,1.0
2011-04-21 15:41:42-04:00,1.0
2011-04-21 15:41:45-04:00,1.0
2011-04-21 15:41:48-04:00,1.0
2011-04-21 15:41:51-04:00,1.0
2011-04-21 15:41:54-04:00,1.0
2011-04-21 15:41:57-04:00,1.0
2011-04-21 15:42:00-04:00,1.0
2011-04-21 15:42:03-04:00,1.0
2011-04-21 15:42:06-04:00,1.0
2011-04-21 15:42:09-04:00,1.0
2011-04-21 15:42:12-04:00,1.0
2011-04-21 15:42:15-04:00,1.0
2011-04-21 15:42:18-04:00,1.0
2011-04-21 15:42:21-04:00,1.0
2011-04-21 15:42:24-04:00,1.0
2011-04-21 15:42:27-04:00,1.0
2011-04-21 15:42:30-04:00,1.0
2011-04-21 15:42:33-04:00,1.0
2011-04-21 15:42:36-04:00,1.0
2011-04-21 15:42:39-04:00,1.0
2011-04-21 15:42:42-04:00,1.0
2011-04-21 15:42:45-04:00,1.0
2011-04-21 15:42:48-04:00,1.0
2011-04-21 15:42:51-04:00,1.0
2011-04-21 15:42:54-04:00,1.0
2011-04-21 15:42:57-04:00,1.0
2011-04-21 15:43:00-04:00,1.0
2011-04-21 15:43:03-04:00,1.0
2011-04-21 15:43:06-04:00,1.0
2011-04-21 15:43:09-04:00,1.0
2011-04-21 15:43:12-04:00,1.0
2011-04-21 15:43:15-04:00,1.0
2011-04-21 15:43:18-04:00,1.0
2011-04-21 15:43:21-04:00,1.0
2011-04-21 15:43:24-04:00,1.0
2011-04-21 15:43:27-04:00,1.0
2011-04-21 15:43:30-04:00,1.0
2011-04-21 15:43:33-04:00,1.0
2011-04-21 15:43:36-04:00,1.0
2011-04-21 15:43:39-04:00,1.0
2011-04-21 15:43:42-04:00,1.0
2011-04-21 15:43:45-04:00,1.0
2011-04-21 15:43:48-04:00,1.0
2011-04-21 15:43:51-04:00,1.0
2011-04-21 15:43:54-04:00,1.0
2011-04-21 15:43:57-04:00,1.0
2011-04-21 15:44:00-04:00,1.0
2011-04-21 15:44:03-04:00,1.0
2011-04-21 15:44:06-04:00,1.0
2011-04-21 15:44:09-04:00,1.0
2011-04-21 15:44:12-04:00,1.0
2011-04-21 15:44:15-04:00,1.0
2011-04-21 15:44:18-04:00,1.0
2011-04-21 15:44:21-04:00,1.0
2011-04-21 15:44:24-04:00,1.0
2011-04-21 15:44:27-04:00,1.0
2011-04-21 15:44:30-04:00,1.0
2011-04-21 15:44:33-04:00,1.0
2011-04-21 15:44:36-04:00,1.0
2011-04-21 15:44:39-04:00,1.0
2011-04-21 15:44:42-04:00,1.0
2011-04-21 15:44:45-04:00,1.0
2011-04-21 15:44:48-04:00,1.0
2011-04-21 15:44:51-04:00,1.0
2011-04-21 15:44:54-04:00,1.0
2011-04-21 15:44:57-04:00,1.0
2011-04-21 15:45:00-04:00,1.0
2011-04-21 15:45:03-04:00,1.0
2011-04-21 15:45:06-04:00,1.0
2011-04-21 15:45:09-04:00,1.0
2011-04-21 15:45:12-04:00,1.0
2011-04-21 15:45:15-04:00,1.0
2011-04-21 15:45:18-04:00,1.0
2011-04-21 15:45:21-04:00,1.0
2011-04-21 15:45:24-04:00,1.0
2011-04-21 15:45:27-04:00,1.0
2011-04-21 15:45:30-04:00,1.0
2011-04-21 15:45:33-04:00,1.0
2011-04-21 15:45:36-04:00,1.0
2011-04-21 15:45:39-04:00,1.0
2011-04-21 15:45:42-04:00,0.0
2011-04-21 15:45:45-04:00,0.75
2011-04-21 15:45:48-04:00,1.0
2011-04-21 15:45:51-04:00,1.0
2011-04-21 15:45:54-04:00,1.0
2011-04-21 15:45:57-04:00,1.0
2011-04-21 15:46:00-04:00,1.0
2011-04-21 15:46:03-04:00,1.0
2011-04-21 15:46:06-04:00,1.0
2011-04-21 15:46:09-04:00,1.0
2011-04-21 15:46:12-04:00,1.0
2011-04-21 15:46:15-04:00,1.0
2011-04-21 15:46:18-04:00,1.0
2011-04-21 15:46:21-04:00,1.0
2011-04-21 15:46:24-04:00,1.0
2011-04-21 15:46:27-04:00,1.0
2011-04-21 15:46:30-04:00,1.0
2011-04-21 15:46:33-04:00,1.0
2011-04-21 15:46:36-04:00,1.0
2011-04-21 15:46:39-04:00,1.0
2011-04-21 15:46:42-04:00,1.0
2011-04-21 15:46:45-04:00,1.0
2011-04-21 15:46:48-04:00,1.0
2011-04-21 15:46:51-04:00,1.0
2011-04-21 15:46:54-04:00,1.0
2011-04-21 15:46:57-04:00,1.0
2011-04-21 15:47:00-04:00,1.0
2011-04-21 15:47:03-04:00,1.0
2011-04-21 15:47:06-04:00,1.0
2011-04-21 15:47:09-04:00,1.0
2011-04-21 15:47:12-04:00,1.0
2011-04-21 15:47:15-04:00,1.0
2011-04-21 15:47:18-04:00,1.0
2011-04-21 15:47:21-04:00,1.0
2011-04-21 15:47:24-04:00,1.0
2011-04-21 15:47:27-04:00,1.0
2011-04-21 15:47:30-04:00,1.0
2011-04-21 15:47:33-04:00,1.0
2011-04-21 15:47:36-04:00,1.0
2011-04-21 15:47:39-04:00,1.0
2011-04-21 15:47:42-04:00,1.0
2011-04-21 15:47:45-04:00,1.0
2011-04-21 15:47:48-04:00,1.0
2011-04-21 15:47:51-04:00,1.0
2011-04-21 15:47:54-04:00,1.0
2011-04-21 15:47:57-04:00,1.0
2011-04-21 15:48:00-04:00,1.0
2011-04-21 15:48:03-04:00,1.0
2011-04-21 15:48:06-04:00,1.0
2011-04-21 15:48:09-04:00,1.0
2011-04-21 15:48:12-04:00,1.0
2011-04-21 15:48:15-04:00,1.0
2011-04-21 15:48:18-04:00,1.0
2011-04-21 15:48:21-04:00,1.0
2011-04-21 15:48:24-04:00,1.0
2011-04-21 15:48:27-04:00,1.0
2011-04-21 15:48:30-04:00,1.0
2011-04-21 15:48:33-04:00,1.0
2011-04-21 15:48:36-04:00,1.0
2011-04-21 15:48:39-04:00,1.0
2011-04-21 15:48:42-04:00,1.0
2011-04-21 15:48:45-04:00,1.0
2011-04-21 15:48:48-04:00,1.0
2011-04-21 15:48:51-04:00,1.0
2011-04-21 15:48:54-04:00,1.0
2011-04-21 15:48:57-04:00,1.0
2011-04-21 15:49:00-04:00,1.0
2011-04-21 15:49:03-04:00,1.0
2011-04-21 15:49:06-04:00,1.0
2011-04-21 15:49:09-04:00,1.0
2011-04-21 15:49:12-04:00,1.0
2011-04-21 15:49:15-04:00,1.0
2011-04-21 15:49:18-04:00,1.0
2011-04-21 15:49:21-04:00,1.0
2011-04-21 15:49:24-04:00,1.0
2011-04-21 15:49:27-04:00,1.0
2011-04-21 15:49:30-04:00,1.0
2011-04-21 15:49:33-04:00,1.0
2011-04-21 15:49:36-04:00,1.0
2011-04-21 15:49:39-04:00,1.0
2011-04-21 15:49:42-04:00,1.0
2011-04-21 15:49:45-04:00,1.0
2011-04-21 15:49:48-04:00,1.0
2011-04-21 15:49:51-04:00,1.0
2011-04-21 15:49:54-04:00,1.0
2011-04-21 15:49:57-04:00,1.0
2011-04-21 15:50:00-04:00,1.0
2011-04-21 15:50:03-04:00,1.0
2011-04-21 15:50:06-04:00,1.0
2011-04-21 15:50:09-04:00,1.0
2011-04-21 15:50:12-04:00,1.0
2011-04-21 15:50:15-04:00,1.0
2011-04-21 15:50:18-04:00,1.0
2011-04-21 15:50:21-04:00,1.0
2011-04-21 15:50:24-04:00,1.0
2011-04-21 15:50:27-04:00,1.0
2011-04-21 15:50:30-04:00,1.0
2011-04-21 15:50:33-04:00,1.0
2011-04-21 15:50:36-04:00,1.0
2011-04-21 15:50:39-04:00,1.0
2011-04-21 15:50:42-04:00,1.0
2011-04-21 15:50:45-04:00,1.0
2011-04-21 15:50:48-04:00,1.0
2011-04-21 15:50:51-04:00,1.0
2011-04-21 15:50:54-04:00,1.0
2011-04-21 15:50:57-04:00,1.0
2011-04-21 15:51:00-04:00,1.0
2011-04-21 15:51:03-04:00,1.0
2011-04-21 15:51:06-04:00,1.0
2011-04-21 15:51:09-04:00,1.0
2011-04-21 15:51:12-04:00,1.0
2011-04-21 15:51:15-04:00,1.0
2011-04-21 15:51:18-04:00,1.0
2011-04-21 15:51:21-04:00,1.0
2011-04-21 15:51:24-04:00,1.0
2011-04-21 15:51:27-04:00,1.0
2011-04-21 15:51:30-04:00,1.0
2011-04-21 15:51:33-04:00,1.0
2011-04-21 15:51:36-04:00,1.0
2011-04-21 15:51:39-04:00,1.0
2011-04-21 15:51:42-04:00,1.0
2011-04-21 15:51:45-04:00,1.0
2011-04-21 15:51:48-04:00,1.0
2011-04-21 15:51:51-04:00,1.0
2011-04-21 15:51:54-04:00,1.0
2011-04-21 15:51:57-04:00,1.0
2011-04-21 15:52:00-04:00,1.0
2011-04-21 15:52:03-04:00,1.0
2011-04-21 15:52:06-04:00,1.0
2011-04-21 15:52:09-04:00,1.0
2011-04-21 15:52:12-04:00,1.0
2011-04-21 15:52:15-04:00,1.0
2011-04-21 15:52:18-04:00,1.0
2011-04-21 15:52:21-04:00,1.0
2011-04-21 15:52:24-04:00,1.0
2011-04-21 15:52:27-04:00,1.0
2011-04-21 15:52:30-04:00,1.0
2011-04-21 15:52:33-04:00,1.0
2011-04-21 15:52:36-04:00,1.0
2011-04-21 15:52:39-04:00,1.0
2011-04-21 15:52:42-04:00,1.0
2011-04-21 15:52:45-04:00,1.0
2011-04-21 15:52:48-04:00,1.0
2011-04-21 15:52:51-04:00,1.0
2011-04-21 15:52:54-04:00,1.0
2011-04-21 15:52:57-04:00,1.0
2011-04-21 15:53:00-04:00,1.0
2011-04-21 15:53:03-04:00,1.0
2011-04-21 15:53:06-04:00,1.0
2011-04-21 15:53:09-04:00,1.0
2011-04-21 15:53:12-04:00,1.0
2011-04-21 15:53:15-04:00,1.0
2011-04-21 15:53:18-04:00,1.0
2011-04-21 15:53:21-04:00,1.0
2011-04-21 15:53:24-04:00,1.0
2011-04-21 15:53:27-04:00,1.0
2011-04-21 15:53:30-04:00,1.0
2011-04-21 15:53:33-04:00,1.0
2011-04-21 15:53:36-04:00,1.0
2011-04-21 15:53:39-04:00,1.0
2011-04-21 15:53:42-04:00,1.0
2011-04-21 15:53:45-04:00,1.0
2011-04-21 15:53:48-04:00,1.0
2011-04-21 15:53:51-04:00,1.0
2011-04-21 15:53:54-04:00,1.0
2011-04-21 15:53:57-04:00,1.0
2011-04-21 15:54:00-04:00,1.0
2011-04-21 15:54:03-04:00,1.0
2011-04-21 15:54:06-04:00,1.0
2011-04-21 15:54:09-04:00,1.0
2011-04-21 15:54:12-04:00,1.0
2011-04-21 15:54:15-04:00,1.0
2011-04-21 15:54:18-04:00,1.0
2011-04-21 15:54:21-04:00,1.0
2011-04-21 15:54:24-04:00,1.0
2011-04-21 15:54:27-04:00,1.0
2011-04-21 15:54:30-04:00,1.0
2011-04-21 15:54:33-04:00,1.0
2011-04-21 15:54:36-04:00,1.0
2011-04-21 15:54:39-04:00,1.0
2011-04-21 15:54:42-04:00,1.0
2011-04-21 15:54:45-04:00,1.0
2011-04-21 15:54:48-04:00,1.0
2011-04-21 15:54:51-04:00,1.0
2011-04-21 15:54:54-04:00,1.0
2011-04-21 15:54:57-04:00,1.0
2011-04-21 15:55:00-04:00,1.0
2011-04-21 15:55:03-04:00,1.0
2011-04-21 15:55:06-04:00,1.0
2011-04-21 15:55:09-04:00,1.0
2011-04-21 15:55:12-04:00,1.0
2011-04-21 15:55:15-04:00,1.0
2011-04-21 15:55:18-04:00,1.0
2011-04-21 15:55:21-04:00,1.0
2011-04-21 15:55:24-04:00,1.0
2011-04-21 15:55:27-04:00,1.0
2011-04-21 15:55:30-04:00,1.0
2011-04-21 15:55:33-04:00,1.0
2011-04-21 15:55:36-04:00,1.0
2011-04-21 15:55:39-04:00,1.0
2011-04-21 15:55:42-04:00,1.0
2011-04-21 15:55:45-04:00,1.0
2011-04-21 15:55:48-04:00,1.0
2011-04-21 15:55:51-04:00,1.0
2011-04-21 15:55:54-04:00,1.0
2011-04-21 15:55:57-04:00,1.0
2011-04-21 15:56:00-04:00,1.0
2011-04-21 15:56:03-04:00,1.0
2011-04-21 15:56:06-04:00,1.0
2011-04-21 15:56:09-04:00,1.0
2011-04-21 15:56:12-04:00,1.0
2011-04-21 15:56:15-04:00,1.0
2011-04-21 15:56:18-04:00,1.0
2011-04-21 15:56:21-04:00,1.0
2011-04-21 15:56:24-04:00,1.0
2011-04-21 15:56:27-04:00,1.0
2011-04-21 15:56:30-04:00,1.0
2011-04-21 15:56:33-04:00,1.0
2011-04-21 15:56:36-04:00,1.0
2011-04-21 15:56:39-04:00,1.0
2011-04-21 15:56:42-04:00,1.0
2011-04-21 15:56:45-04:00,1.0
2011-04-21 15:56:48-04:00,1.0
2011-04-21 15:56:51-04:00,1.0
2011-04-21 15:56:54-04:00,1.0
2011-04-21 15:56:57-04:00,1.0
2011-04-21 15:57:00-04:00,1.0
2011-04-21 15:57:03-04:00,1.0
2011-04-21 15:57:06-04:00,1.0
2011-04-21 15:57:09-04:00,1.0
2011-04-21 15:57:12-04:00,1.0
2011-04-21 15:57:15-04:00,1.0
2011-04-21 15:57:18-04:00,1.0
2011-04-21 15:57:21-04:00,1.0
2011-04-21 15:57:24-04:00,1.0
2011-04-21 15:57:27-04:00,1.0
2011-04-21 15:57:30-04:00,1.0
2011-04-21 15:57:33-04:00,1.0
2011-04-21 15:57:36-04:00,1.0
2011-04-21 15:57:39-04:00,1.0
2011-04-21 15:57:42-04:00,1.0
2011-04-21 15:57:45-04:00,1.0
2011-04-21 15:57:48-04:00,1.0
2011-04-21 15:57:51-04:00,1.0
2011-04-21 15:57:54-04:00,1.0
2011-04-21 15:57:57-04:00,1.0
2011-04-21 15:58:00-04:00,1.0
2011-04-21 15:58:03-04:00,1.0
2011-04-21 15:58:06-04:00,1.0
2011-04-21 15:58:09-04:00,1.0
2011-04-21 15:58:12-04:00,1.0
2011-04-21 15:58:15-04:00,1.0
2011-04-21 15:58:18-04:00,1.0
2011-04-21 15:58:21-04:00,1.0
2011-04-21 15:58:24-04:00,1.0
2011-04-21 15:58:27-04:00,1.0
2011-04-21 15:58:30-04:00,1.0
2011-04-21 15:58:33-04:00,1.0
2011-04-21 15:58:36-04:00,1.0
2011-04-21 15:58:39-04:00,1.0
2011-04-21 15:58:42-04:00,1.0
2011-04-21 15:58:45-04:00,1.0
2011-04-21 15:58:48-04:00,1.0
2011-04-21 15:58:51-04:00,1.0
2011-04-21 15:58:54-04:00,1.0
2011-04-21 15:58:57-04:00,1.0
2011-04-21 15:59:00-04:00,1.0
2011-04-21 15:59:03-04:00,1.0
2011-04-21 15:59:06-04:00,1.0
2011-04-21 15:59:09-04:00,1.0
2011-04-21 15:59:12-04:00,1.0
2011-04-21 15:59:15-04:00,1.0
2011-04-21 15:59:18-04:00,1.0
2011-04-21 15:59:21-04:00,1.0
2011-04-21 15:59:24-04:00,1.0
2011-04-21 15:59:27-04:00,1.0
2011-04-21 15:59:30-04:00,1.0
2011-04-21 15:59:33-04:00,1.0
2011-04-21 15:59:36-04:00,1.0
2011-04-21 15:59:39-04:00,1.0
2011-04-21 15:59:42-04:00,1.0
2011-04-21 15:59:45-04:00,1.0
2011-04-21 15:59:48-04:00,1.0
2011-04-21 15:59:51-04:00,1.0
2011-04-21 15:59:54-04:00,1.0
2011-04-21 15:59:57-04:00,1.0
2011-04-21 16:00:00-04:00,1.0
2011-04-21 16:00:03-04:00,1.0
2011-04-21 16:00:06-04:00,1.0
2011-04-21 16:00:09-04:00,1.0
2011-04-21 16:00:12-04:00,1.0
2011-04-21 16:00:15-04:00,1.0
2011-04-21 16:00:18-04:00,1.0
2011-04-21 16:00:21-04:00,1.0
2011-04-21 16:00:24-04:00,1.0
2011-04-21 16:00:27-04:00,1.0
2011-04-21 16:00:30-04:00,1.0
2011-04-21 16:00:33-04:00,1.0
2011-04-21 16:00:36-04:00,1.0
2011-04-21 16:00:39-04:00,0.25
2011-04-21 16:00:42-04:00,0.6666666666666666
2011-04-21 16:00:45-04:00,1.0
2011-04-21 16:00:48-04:00,1.0
2011-04-21 16:00:51-04:00,1.0
2011-04-21 16:00:54-04:00,1.0
2011-04-21 16:00:57-04:00,1.0
2011-04-21 16:01:00-04:00,1.0
2011-04-21 16:01:03-04:00,1.0
2011-04-21 16:01:06-04:00,1.0
2011-04-21 16:01:09-04:00,1.0
2011-04-21 16:01:12-04:00,1.0
2011-04-21 16:01:15-04:00,1.0
2011-04-21 16:01:18-04:00,0.75
2011-04-21 16:01:21-04:00,0.0
2011-04-21 16:01:24-04:00,0.0
2011-04-21 16:01:27-04:00,1.0
2011-04-21 16:01:30-04:00,1.0
2011-04-21 16:01:33-04:00,1.0
2011-04-21 16:01:36-04:00,1.0
2011-04-21 16:01:39-04:00,0.0
2011-04-21 16:01:42-04:00,1.0
2011-04-21 16:01:45-04:00,1.0
2011-04-21 16:01:48-04:00,1.0
2011-04-21 16:01:51-04:00,1.0
2011-04-21 16:01:54-04:00,1.0
2011-04-21 16:01:57-04:00,1.0
2011-04-21 16:02:00-04:00,1.0
2011-04-21 16:02:03-04:00,1.0
2011-04-21 16:02:06-04:00,1.0
2011-04-21 16:02:09-04:00,1.0
2011-04-21 16:02:12-04:00,1.0
2011-04-21 16:02:15-04:00,1.0
2011-04-21 16:02:18-04:00,1.0
2011-04-21 16:02:21-04:00,1.0
2011-04-21 16:02:24-04:00,1.0
2011-04-21 16:02:27-04:00,1.0
2011-04-21 16:02:30-04:00,1.0
2011-04-21 16:02:33-04:00,1.0
2011-04-21 16:02:36-04:00,1.0
2011-04-21 16:02:39-04:00,1.0
2011-04-21 16:02:42-04:00,1.0
2011-04-21 16:02:45-04:00,1.0
2011-04-21 16:02:48-04:00,1.0
2011-04-21 16:02:51-04:00,1.0
2011-04-21 16:02:54-04:00,1.0
2011-04-21 16:02:57-04:00,1.0
2011-04-21 16:03:00-04:00,1.0
2011-04-21 16:03:03-04:00,1.0
2011-04-21 16:03:06-04:00,1.0
2011-04-21 16:03:09-04:00,1.0
2011-04-21 16:03:12-04:00,1.0
2011-04-21 16:03:15-04:00,1.0
2011-04-21 16:03:18-04:00,1.0
2011-04-21 16:03:21-04:00,1.0
2011-04-21 16:03:24-04:00,1.0
2011-04-21 16:03:27-04:00,1.0
2011-04-21 16:03:30-04:00,1.0
2011-04-21 16:03:33-04:00,1.0
2011-04-21 16:03:36-04:00,1.0
2011-04-21 16:03:39-04:00,1.0
2011-04-21 16:03:42-04:00,1.0
2011-04-21 16:03:45-04:00,1.0
2011-04-21 16:03:48-04:00,1.0
2011-04-21 16:03:51-04:00,1.0
2011-04-21 16:03:54-04:00,1.0
2011-04-21 16:03:57-04:00,1.0
2011-04-21 16:04:00-04:00,1.0
2011-04-21 16:04:03-04:00,1.0
2011-04-21 16:04:06-04:00,1.0
2011-04-21 16:04:09-04:00,1.0
2011-04-21 16:04:12-04:00,1.0
2011-04-21 16:04:15-04:00,1.0
2011-04-21 16:04:18-04:00,1.0
2011-04-21 16:04:21-04:00,1.0
2011-04-21 16:04:24-04:00,1.0
2011-04-21 16:04:27-04:00,1.0
2011-04-21 16:04:30-04:00,1.0
2011-04-21 16:04:33-04:00,1.0
2011-04-21 16:04:36-04:00,1.0
2011-04-21 16:04:39-04:00,1.0
2011-04-21 16:04:42-04:00,1.0
2011-04-21 16:04:45-04:00,1.0
2011-04-21 16:04:48-04:00,1.0
2011-04-21 16:04:51-04:00,1.0
2011-04-21 16:04:54-04:00,1.0
2011-04-21 16:04:57-04:00,1.0
2011-04-21 16:05:00-04:00,1.0
2011-04-21 16:05:03-04:00,1.0
2011-04-21 16:05:06-04:00,1.0
2011-04-21 16:05:09-04:00,1.0
2011-04-21 16:05:12-04:00,1.0
2011-04-21 16:05:15-04:00,1.0
2011-04-21 16:05:18-04:00,1.0
2011-04-21 16:05:21-04:00,1.0
2011-04-21 16:05:24-04:00,1.0
2011-04-21 16:05:27-04:00,1.0
2011-04-21 16:05:30-04:00,1.0
2011-04-21 16:05:33-04:00,1.0
2011-04-21 16:05:36-04:00,1.0
2011-04-21 16:05:39-04:00,1.0
2011-04-21 16:05:42-04:00,1.0
2011-04-21 16:05:45-04:00,1.0
2011-04-21 16:05:48-04:00,1.0
2011-04-21 16:05:51-04:00,1.0
2011-04-21 16:05:54-04:00,1.0
2011-04-21 16:05:57-04:00,1.0
2011-04-21 16:06:00-04:00,1.0
2011-04-21 16:06:03-04:00,1.0
2011-04-21 16:06:06-04:00,1.0
2011-04-21 16:06:09-04:00,1.0
2011-04-21 16:06:12-04:00,1.0
2011-04-21 16:06:15-04:00,1.0
2011-04-21 16:06:18-04:00,1.0
2011-04-21 16:06:21-04:00,1.0
2011-04-21 16:06:24-04:00,1.0
2011-04-21 16:06:27-04:00,1.0
2011-04-21 16:06:30-04:00,0.75
2011-04-21 16:06:33-04:00,0.375
2011-04-21 16:06:36-04:00,0.0
2011-04-21 16:06:39-04:00,0.75
2011-04-21 16:06:42-04:00,1.0
2011-04-21 16:06:45-04:00,1.0
2011-04-21 16:06:48-04:00,1.0
2011-04-21 16:06:51-04:00,1.0
2011-04-21 16:06:54-04:00,1.0
2011-04-21 16:06:57-04:00,1.0
2011-04-21 16:07:00-04:00,1.0
2011-04-21 16:07:03-04:00,1.0
2011-04-21 16:07:06-04:00,1.0
2011-04-21 16:07:09-04:00,1.0
2011-04-21 16:07:12-04:00,1.0
2011-04-21 16:07:15-04:00,1.0
2011-04-21 16:07:18-04:00,1.0
2011-04-21 16:07:21-04:00,1.0
2011-04-21 16:07:24-04:00,1.0
2011-04-21 16:07:27-04:00,1.0
2011-04-21 16:07:30-04:00,1.0
2011-04-21 16:07:33-04:00,1.0
2011-04-21 16:07:36-04:00,1.0
2011-04-21 16:07:39-04:00,1.0
2011-04-21 16:07:42-04:00,1.0
2011-04-21 16:07:45-04:00,1.0
2011-04-21 16:07:48-04:00,1.0
2011-04-21 16:07:51-04:00,1.0
2011-04-21 16:07:54-04:00,1.0
2011-04-21 16:07:57-04:00,1.0
2011-04-21 16:08:00-04:00,1.0
2011-04-21 16:08:03-04:00,1.0
2011-04-21 16:08:06-04:00,1.0
2011-04-21 16:08:09-04:00,1.0
2011-04-21 16:08:12-04:00,1.0
2011-04-21 16:08:15-04:00,1.0
2011-04-21 16:08:18-04:00,1.0
2011-04-21 16:08:21-04:00,1.0
2011-04-21 16:08:24-04:00,1.0
2011-04-21 16:08:27-04:00,1.0
2011-04-21 16:08:30-04:00,1.0
2011-04-21 16:08:33-04:00,1.0
2011-04-21 16:08:36-04:00,1.0
2011-04-21 16:08:39-04:00,1.0
2011-04-21 16:08:42-04:00,1.0
2011-04-21 16:08:45-04:00,1.0
2011-04-21 16:08:48-04:00,1.0
2011-04-21 16:08:51-04:00,1.0
2011-04-21 16:08:54-04:00,1.0
2011-04-21 16:08:57-04:00,1.0
2011-04-21 16:09:00-04:00,1.0
2011-04-21 16:09:03-04:00,1.0
2011-04-21 16:09:06-04:00,1.0
2011-04-21 16:09:09-04:00,1.0
2011-04-21 16:09:12-04:00,1.0
2011-04-21 16:09:15-04:00,1.0
2011-04-21 16:09:18-04:00,1.0
2011-04-21 16:09:21-04:00,1.0
2011-04-21 16:09:24-04:00,1.0
2011-04-21 16:09:27-04:00,1.0
2011-04-21 16:09:30-04:00,1.0
2011-04-21 16:09:33-04:00,1.0
2011-04-21 16:09:36-04:00,1.0
2011-04-21 16:09:39-04:00,1.0
2011-04-21 16:09:42-04:00,1.0
2011-04-21 16:09:45-04:00,1.0
2011-04-21 16:09:48-04:00,1.0
2011-04-21 16:09:51-04:00,1.0
2011-04-21 16:09:54-04:00,1.0
2011-04-21 16:09:57-04:00,1.0
2011-04-21 16:10:00-04:00,1.0
2011-04-21 16:10:03-04:00,1.0
2011-04-21 16:10:06-04:00,1.0
2011-04-21 16:10:09-04:00,1.0
2011-04-21 16:10:12-04:00,1.0
2011-04-21 16:10:15-04:00,1.0
2011-04-21 16:10:18-04:00,1.0
2011-04-21 16:10:21-04:00,1.0
2011-04-21 16:10:24-04:00,1.0
2011-04-21 16:10:27-04:00,1.0
2011-04-21 16:10:30-04:00,1.0
2011-04-21 16:10:33-04:00,1.0
2011-04-21 16:10:36-04:00,1.0
2011-04-21 16:10:39-04:00,1.0
2011-04-21 16:10:42-04:00,1.0
2011-04-21 16:10:45-04:00,1.0
2011-04-21 16:10:48-04:00,1.0
2011-04-21 16:10:51-04:00,1.0
2011-04-21 16:10:54-04:00,1.0
2011-04-21 16:10:57-04:00,1.0
2011-04-21 16:11:00-04:00,1.0
2011-04-21 16:11:03-04:00,1.0
2011-04-21 16:11:06-04:00,1.0
2011-04-21 16:11:09-04:00,1.0
2011-04-21 16:11:12-04:00,1.0
2011-04-21 16:11:15-04:00,1.0
2011-04-21 16:11:18-04:00,1.0
2011-04-21 16:11:21-04:00,1.0
2011-04-21 16:11:24-04:00,1.0
2011-04-21 16:11:27-04:00,1.0
2011-04-21 16:11:30-04:00,1.0
2011-04-21 16:11:33-04:00,1.0
2011-04-21 16:11:36-04:00,1.0
2011-04-21 16:11:39-04:00,1.0
2011-04-21 16:11:42-04:00,1.0
2011-04-21 16:11:45-04:00,1.0
2011-04-21 16:11:48-04:00,1.0
2011-04-21 16:11:51-04:00,1.0
2011-04-21 16:11:54-04:00,1.0
2011-04-21 16:11:57-04:00,1.0
2011-04-21 16:12:00-04:00,1.0
2011-04-21 16:12:03-04:00,1.0
2011-04-21 16:12:06-04:00,1.0
2011-04-21 16:12:09-04:00,1.0
2011-04-21 16:12:12-04:00,1.0
2011-04-21 16:12:15-04:00,1.0
2011-04-21 16:12:18-04:00,1.0
2011-04-21 16:12:21-04:00,1.0
2011-04-21 16:12:24-04:00,1.0
2011-04-21 16:12:27-04:00,1.0
2011-04-21 16:12:30-04:00,1.0
2011-04-21 16:12:33-04:00,1.0
2011-04-21 16:12:36-04:00,1.0
2011-04-21 16:12:39-04:00,1.0
2011-04-21 16:12:42-04:00,1.0
2011-04-21 16:12:45-04:00,1.0
2011-04-21 16:12:48-04:00,1.0
2011-04-21 16:12:51-04:00,1.0
2011-04-21 16:12:54-04:00,1.0
2011-04-21 16:12:57-04:00,1.0
2011-04-21 16:13:00-04:00,1.0
2011-04-21 16:13:03-04:00,1.0
2011-04-21 16:13:06-04:00,1.0
2011-04-21 16:13:09-04:00,1.0
2011-04-21 16:13:12-04:00,1.0
2011-04-21 16:13:15-04:00,1.0
2011-04-21 16:13:18-04:00,1.0
2011-04-21 16:13:21-04:00,1.0
2011-04-21 16:13:24-04:00,1.0
2011-04-21 16:13:27-04:00,1.0
2011-04-21 16:13:30-04:00,1.0
2011-04-21 16:13:33-04:00,1.0
2011-04-21 16:13:36-04:00,1.0
2011-04-21 16:13:39-04:00,1.0
2011-04-21 16:13:42-04:00,1.0
2011-04-21 16:13:45-04:00,1.0
2011-04-21 16:13:48-04:00,1.0
2011-04-21 16:13:51-04:00,1.0
2011-04-21 16:13:54-04:00,1.0
2011-04-21 16:13:57-04:00,1.0
2011-04-21 16:14:00-04:00,1.0
2011-04-21 16:14:03-04:00,1.0
2011-04-21 16:14:06-04:00,1.0
2011-04-21 16:14:09-04:00,1.0
2011-04-21 16:14:12-04:00,1.0
2011-04-21 16:14:15-04:00,1.0
2011-04-21 16:14:18-04:00,1.0
2011-04-21 16:14:21-04:00,1.0
2011-04-21 16:14:24-04:00,1.0
2011-04-21 16:14:27-04:00,1.0
2011-04-21 16:14:30-04:00,1.0
2011-04-21 16:14:33-04:00,1.0
2011-04-21 16:14:36-04:00,1.0
2011-04-21 16:14:39-04:00,1.0
2011-04-21 16:14:42-04:00,1.0
2011-04-21 16:14:45-04:00,1.0
2011-04-21 16:14:48-04:00,1.0
2011-04-21 16:14:51-04:00,1.0
2011-04-21 16:14:54-04:00,1.0
2011-04-21 16:14:57-04:00,1.0
2011-04-21 16:15:00-04:00,1.0
2011-04-21 16:15:03-04:00,1.0
2011-04-21 16:15:06-04:00,1.0
2011-04-21 16:15:09-04:00,1.0
2011-04-21 16:15:12-04:00,1.0
2011-04-21 16:15:15-04:00,1.0
2011-04-21 16:15:18-04:00,1.0
2011-04-21 16:15:21-04:00,1.0
2011-04-21 16:15:24-04:00,1.0
2011-04-21 16:15:27-04:00,1.0
2011-04-21 16:15:30-04:00,1.0
2011-04-21 16:15:33-04:00,1.0
2011-04-21 16:15:36-04:00,1.0
2011-04-21 16:15:39-04:00,1.0
2011-04-21 16:15:42-04:00,1.0
2011-04-21 16:15:45-04:00,1.0
2011-04-21 16:15:48-04:00,1.0
2011-04-21 16:15:51-04:00,1.0
2011-04-21 16:15:54-04:00,1.0
2011-04-21 16:15:57-04:00,1.0
2011-04-21 16:16:00-04:00,1.0
2011-04-21 16:16:03-04:00,1.0
2011-04-21 16:16:06-04:00,1.0
2011-04-21 16:16:09-04:00,1.0
2011-04-21 16:16:12-04:00,1.0
2011-04-21 16:16:15-04:00,1.0
2011-04-21 16:16:18-04:00,1.0
2011-04-21 16:16:21-04:00,1.0
2011-04-21 16:16:24-04:00,1.0
2011-04-21 16:16:27-04:00,1.0
2011-04-21 16:16:30-04:00,1.0
2011-04-21 16:16:33-04:00,1.0
2011-04-21 16:16:36-04:00,1.0
2011-04-21 16:16:39-04:00,1.0
2011-04-21 16:16:42-04:00,1.0
2011-04-21 16:16:45-04:00,1.0
2011-04-21 16:16:48-04:00,1.0
2011-04-21 16:16:51-04:00,1.0
2011-04-21 16:16:54-04:00,1.0
2011-04-21 16:16:57-04:00,1.0
2011-04-21 16:17:00-04:00,1.0
2011-04-21 16:17:03-04:00,1.0
2011-04-21 16:17:06-04:00,1.0
2011-04-21 16:17:09-04:00,1.0
2011-04-21 16:17:12-04:00,1.0
2011-04-21 16:17:15-04:00,1.0
2011-04-21 16:17:18-04:00,1.0
2011-04-21 16:17:21-04:00,1.0
2011-04-21 16:17:24-04:00,1.0
2011-04-21 16:17:27-04:00,1.0
2011-04-21 16:17:30-04:00,1.0
2011-04-21 16:17:33-04:00,1.0
2011-04-21 16:17:36-04:00,1.0
2011-04-21 16:17:39-04:00,1.0
2011-04-21 16:17:42-04:00,1.0
2011-04-21 16:17:45-04:00,1.0
2011-04-21 16:17:48-04:00,1.0
2011-04-21 16:17:51-04:00,1.0
2011-04-21 16:17:54-04:00,1.0
2011-04-21 16:17:57-04:00,1.0
2011-04-21 16:18:00-04:00,1.0
2011-04-21 16:18:03-04:00,1.0
2011-04-21 16:18:06-04:00,1.0
2011-04-21 16:18:09-04:00,1.0
2011-04-21 16:18:12-04:00,1.0
2011-04-21 16:18:15-04:00,1.0
2011-04-21 16:18:18-04:00,1.0
2011-04-21 16:18:21-04:00,1.0
2011-04-21 16:18:24-04:00,1.0
2011-04-21 16:18:27-04:00,1.0
2011-04-21 16:18:30-04:00,1.0
2011-04-21 16:18:33-04:00,1.0
2011-04-21 16:18:36-04:00,1.0
2011-04-21 16:18:39-04:00,1.0
2011-04-21 16:18:42-04:00,1.0
2011-04-21 16:18:45-04:00,1.0
2011-04-21 16:18:48-04:00,1.0
2011-04-21 16:18:51-04:00,1.0
2011-04-21 16:18:54-04:00,1.0
2011-04-21 16:18:57-04:00,1.0
2011-04-21 16:19:00-04:00,1.0
2011-04-21 16:19:03-04:00,1.0
2011-04-21 16:19:06-04:00,1.0
2011-04-21 16:19:09-04:00,1.0
2011-04-21 16:19:12-04:00,1.0
2011-04-21 16:19:15-04:00,1.0
2011-04-21 16:19:18-04:00,1.0
2011-04-21 16:19:21-04:00,1.0
2011-04-21 16:19:24-04:00,1.0
2011-04-21 16:19:27-04:00,1.0
2011-04-21 16:19:30-04:00,1.0
2011-04-21 16:19:33-04:00,1.0
2011-04-21 16:19:36-04:00,1.0
2011-04-21 16:19:39-04:00,1.0
2011-04-21 16:19:42-04:00,1.0
2011-04-21 16:19:45-04:00,1.0
2011-04-21 16:19:48-04:00,1.0
2011-04-21 16:19:51-04:00,1.0
2011-04-21 16:19:54-04:00,1.0
2011-04-21 16:19:57-04:00,1.0
2011-04-21 16:20:00-04:00,1.0
2011-04-21 16:20:03-04:00,1.0
2011-04-21 16:20:06-04:00,1.0
2011-04-21 16:20:09-04:00,1.0
2011-04-21 16:20:12-04:00,1.0
2011-04-21 16:20:15-04:00,1.0
2011-04-21 16:20:18-04:00,1.0
2011-04-21 16:20:21-04:00,1.0
2011-04-21 16:20:24-04:00,1.0
2011-04-21 16:20:27-04:00,1.0
2011-04-21 16:20:30-04:00,1.0
2011-04-21 16:20:33-04:00,1.0
2011-04-21 16:20:36-04:00,1.0
2011-04-21 16:20:39-04:00,1.0
2011-04-21 16:20:42-04:00,1.0
2011-04-21 16:20:45-04:00,1.0
2011-04-21 16:20:48-04:00,1.0
2011-04-21 16:20:51-04:00,1.0
2011-04-21 16:20:54-04:00,1.0
2011-04-21 16:20:57-04:00,1.0
2011-04-21 16:21:00-04:00,1.0
2011-04-21 16:21:03-04:00,1.0
2011-04-21 16:21:06-04:00,1.0
2011-04-21 16:21:09-04:00,1.0
2011-04-21 16:21:12-04:00,1.0
2011-04-21 16:21:15-04:00,1.0
2011-04-21 16:21:18-04:00,1.0
2011-04-21 16:21:21-04:00,1.0
2011-04-21 16:21:24-04:00,1.0
2011-04-21 16:21:27-04:00,1.0
2011-04-21 16:21:30-04:00,1.0
2011-04-21 16:21:33-04:00,1.0
2011-04-21 16:21:36-04:00,1.0
2011-04-21 16:21:39-04:00,1.0
2011-04-21 16:21:42-04:00,1.0
2011-04-21 16:21:45-04:00,1.0
2011-04-21 16:21:48-04:00,1.0
2011-04-21 16:21:51-04:00,1.0
2011-04-21 16:21:54-04:00,1.0
2011-04-21 16:21:57-04:00,1.0
2011-04-21 16:22:00-04:00,1.0
2011-04-21 16:22:03-04:00,1.0
2011-04-21 16:22:06-04:00,1.0
2011-04-21 16:22:09-04:00,1.0
2011-04-21 16:22:12-04:00,1.0
2011-04-21 16:22:15-04:00,1.0
2011-04-21 16:22:18-04:00,1.0
2011-04-21 16:22:21-04:00,1.0
2011-04-21 16:22:24-04:00,1.0
2011-04-21 16:22:27-04:00,1.0
2011-04-21 16:22:30-04:00,1.0
2011-04-21 16:22:33-04:00,1.0
2011-04-21 16:22:36-04:00,1.0
2011-04-21 16:22:39-04:00,1.0
2011-04-21 16:22:42-04:00,1.0
2011-04-21 16:22:45-04:00,1.0
2011-04-21 16:22:48-04:00,1.0
2011-04-21 16:22:51-04:00,1.0
2011-04-21 16:22:54-04:00,1.0
2011-04-21 16:22:57-04:00,1.0
2011-04-21 16:23:00-04:00,1.0
2011-04-21 16:23:03-04:00,1.0
2011-04-21 16:23:06-04:00,1.0
2011-04-21 16:23:09-04:00,1.0
2011-04-21 16:23:12-04:00,1.0
2011-04-21 16:23:15-04:00,1.0
2011-04-21 16:23:18-04:00,1.0
2011-04-21 16:23:21-04:00,1.0
2011-04-21 16:23:24-04:00,1.0
2011-04-21 16:23:27-04:00,1.0
2011-04-21 16:23:30-04:00,1.0
2011-04-21 16:23:33-04:00,1.0
2011-04-21 16:23:36-04:00,1.0
2011-04-21 16:23:39-04:00,1.0
2011-04-21 16:23:42-04:00,1.0
2011-04-21 16:23:45-04:00,1.0
2011-04-21 16:23:48-04:00,1.0
2011-04-21 16:23:51-04:00,1.0
2011-04-21 16:23:54-04:00,1.0
2011-04-21 16:23:57-04:00,1.0
2011-04-21 16:24:00-04:00,1.0
2011-04-21 16:24:03-04:00,1.0
2011-04-21 16:24:06-04:00,1.0
2011-04-21 16:24:09-04:00,1.0
2011-04-21 16:24:12-04:00,1.0
2011-04-21 16:24:15-04:00,1.0
2011-04-21 16:24:18-04:00,1.0
2011-04-21 16:24:21-04:00,1.0
2011-04-21 16:24:24-04:00,1.0
2011-04-21 16:24:27-04:00,1.0
2011-04-21 16:24:30-04:00,1.0
2011-04-21 16:24:33-04:00,1.0
2011-04-21 16:24:36-04:00,1.0
2011-04-21 16:24:39-04:00,1.0
2011-04-21 16:24:42-04:00,1.0
2011-04-21 16:24:45-04:00,1.0
2011-04-21 16:24:48-04:00,1.0
2011-04-21 16:24:51-04:00,1.0
2011-04-21 16:24:54-04:00,1.0
2011-04-21 16:24:57-04:00,1.0
2011-04-21 16:25:00-04:00,1.0
2011-04-21 16:25:03-04:00,1.0
2011-04-21 16:25:06-04:00,1.0
2011-04-21 16:25:09-04:00,1.0
2011-04-21 16:25:12-04:00,1.0
2011-04-21 16:25:15-04:00,1.0
2011-04-21 16:25:18-04:00,1.0
2011-04-21 16:25:21-04:00,1.0
2011-04-21 16:25:24-04:00,1.0
2011-04-21 16:25:27-04:00,1.0
2011-04-21 16:25:30-04:00,1.0
2011-04-21 16:25:33-04:00,1.0
2011-04-21 16:25:36-04:00,1.0
2011-04-21 16:25:39-04:00,1.0
2011-04-21 16:25:42-04:00,1.0
2011-04-21 16:25:45-04:00,1.0
2011-04-21 16:25:48-04:00,1.0
2011-04-21 16:25:51-04:00,1.0
2011-04-21 16:25:54-04:00,1.0
2011-04-21 16:25:57-04:00,1.0
2011-04-21 16:26:00-04:00,1.0
2011-04-21 16:26:03-04:00,1.0
2011-04-21 16:26:06-04:00,1.0
2011-04-21 16:26:09-04:00,1.0
2011-04-21 16:26:12-04:00,1.0
2011-04-21 16:26:15-04:00,1.0
2011-04-21 16:26:18-04:00,1.0
2011-04-21 16:26:21-04:00,1.0
2011-04-21 16:26:24-04:00,1.0
2011-04-21 16:26:27-04:00,1.0
2011-04-21 16:26:30-04:00,1.0
2011-04-21 16:26:33-04:00,1.0
2011-04-21 16:26:36-04:00,1.0
2011-04-21 16:26:39-04:00,1.0
2011-04-21 16:26:42-04:00,1.0
2011-04-21 16:26:45-04:00,1.0
2011-04-21 16:26:48-04:00,1.0
2011-04-21 16:26:51-04:00,1.0
2011-04-21 16:26:54-04:00,1.0
2011-04-21 16:26:57-04:00,1.0
2011-04-21 16:27:00-04:00,1.0
2011-04-21 16:27:03-04:00,1.0
2011-04-21 16:27:06-04:00,1.0
2011-04-21 16:27:09-04:00,1.0
2011-04-21 16:27:12-04:00,1.0
2011-04-21 16:27:15-04:00,1.0
2011-04-21 16:27:18-04:00,1.0
2011-04-21 16:27:21-04:00,1.0
2011-04-21 16:27:24-04:00,1.0
2011-04-21 16:27:27-04:00,1.0
2011-04-21 16:27:30-04:00,1.0
2011-04-21 16:27:33-04:00,1.0
2011-04-21 16:27:36-04:00,1.0
2011-04-21 16:27:39-04:00,1.0
2011-04-21 16:27:42-04:00,1.0
2011-04-21 16:27:45-04:00,1.0
2011-04-21 16:27:48-04:00,1.0
2011-04-21 16:27:51-04:00,1.0
2011-04-21 16:27:54-04:00,1.0
2011-04-21 16:27:57-04:00,1.0
2011-04-21 16:28:00-04:00,1.0
2011-04-21 16:28:03-04:00,1.0
2011-04-21 16:28:06-04:00,1.0
2011-04-21 16:28:09-04:00,1.0
2011-04-21 16:28:12-04:00,1.0
2011-04-21 16:28:15-04:00,1.0
2011-04-21 16:28:18-04:00,1.0
2011-04-21 16:28:21-04:00,1.0
2011-04-21 16:28:24-04:00,1.0
2011-04-21 16:28:27-04:00,1.0
2011-04-21 16:28:30-04:00,1.0
2011-04-21 16:28:33-04:00,1.0
2011-04-21 16:28:36-04:00,1.0
2011-04-21 16:28:39-04:00,1.0
2011-04-21 16:28:42-04:00,1.0
2011-04-21 16:28:45-04:00,1.0
2011-04-21 16:28:48-04:00,1.0
2011-04-21 16:28:51-04:00,1.0
2011-04-21 16:28:54-04:00,1.0
2011-04-21 16:28:57-04:00,1.0
2011-04-21 16:29:00-04:00,1.0
2011-04-21 16:29:03-04:00,1.0
2011-04-21 16:29:06-04:00,1.0
2011-04-21 16:29:09-04:00,1.0
2011-04-21 16:29:12-04:00,1.0
2011-04-21 16:29:15-04:00,1.0
2011-04-21 16:29:18-04:00,1.0
2011-04-21 16:29:21-04:00,1.0
2011-04-21 16:29:24-04:00,1.0
2011-04-21 16:29:27-04:00,1.0
2011-04-21 16:29:30-04:00,1.0
2011-04-21 16:29:33-04:00,1.0
2011-04-21 16:29:36-04:00,1.0
2011-04-21 16:29:39-04:00,1.0
2011-04-21 16:29:42-04:00,1.0
2011-04-21 16:29:45-04:00,1.0
2011-04-21 16:29:48-04:00,1.0
2011-04-21 16:29:51-04:00,1.0
2011-04-21 16:29:54-04:00,1.0
2011-04-21 16:29:57-04:00,1.0
2011-04-21 16:30:00-04:00,1.0
2011-04-21 16:30:03-04:00,1.0
2011-04-21 16:30:06-04:00,1.0
2011-04-21 16:30:09-04:00,1.0
2011-04-21 16:30:12-04:00,1.0
2011-04-21 16:30:15-04:00,1.0
2011-04-21 16:30:18-04:00,1.0
2011-04-21 16:30:21-04:00,1.0
2011-04-21 16:30:24-04:00,1.0
2011-04-21 16:30:27-04:00,1.0
2011-04-21 16:30:30-04:00,1.0
2011-04-21 16:30:33-04:00,1.0
2011-04-21 16:30:36-04:00,1.0
2011-04-21 16:30:39-04:00,1.0
2011-04-21 16:30:42-04:00,1.0
2011-04-21 16:30:45-04:00,1.0
2011-04-21 16:30:48-04:00,1.0
2011-04-21 16:30:51-04:00,1.0
2011-04-21 16:30:54-04:00,1.0
2011-04-21 16:30:57-04:00,1.0
2011-04-21 16:31:00-04:00,1.0
2011-04-21 16:31:03-04:00,1.0
2011-04-21 16:31:06-04:00,1.0
2011-04-21 16:31:09-04:00,1.0
2011-04-21 16:31:12-04:00,1.0
2011-04-21 16:31:15-04:00,1.0
2011-04-21 16:31:18-04:00,1.0
2011-04-21 16:31:21-04:00,1.0
2011-04-21 16:31:24-04:00,1.0
2011-04-21 16:31:27-04:00,1.0
2011-04-21 16:31:30-04:00,1.0
2011-04-21 16:31:33-04:00,1.0
2011-04-21 16:31:36-04:00,1.0
2011-04-21 16:31:39-04:00,1.0
2011-04-21 16:31:42-04:00,1.0
2011-04-21 16:31:45-04:00,1.0
2011-04-21 16:31:48-04:00,1.0
2011-04-21 16:31:51-04:00,1.0
2011-04-21 16:31:54-04:00,1.0
2011-04-21 16:31:57-04:00,1.0
2011-04-21 16:32:00-04:00,1.0
2011-04-21 16:32:03-04:00,1.0
2011-04-21 16:32:06-04:00,1.0
2011-04-21 16:32:09-04:00,1.0
2011-04-21 16:32:12-04:00,1.0
2011-04-21 16:32:15-04:00,1.0
2011-04-21 16:32:18-04:00,1.0
2011-04-21 16:32:21-04:00,1.0
2011-04-21 16:32:24-04:00,1.0
2011-04-21 16:32:27-04:00,1.0
2011-04-21 16:32:30-04:00,1.0
2011-04-21 16:32:33-04:00,1.0
2011-04-21 16:32:36-04:00,0.5
2011-04-21 16:32:39-04:00,0.0
2011-04-21 16:32:42-04:00,0.0
2011-04-21 16:32:45-04:00,0.0
2011-04-21 16:32:48-04:00,0.0
2011-04-21 16:32:51-04:00,0.0
2011-04-21 16:32:54-04:00,0.0
2011-04-21 16:32:57-04:00,0.0
2011-04-21 16:33:00-04:00,0.0
2011-04-21 16:33:03-04:00,0.0
2011-04-21 16:33:06-04:00,0.0
2011-04-21 16:33:09-04:00,0.0
2011-04-21 16:33:12-04:00,0.0
2011-04-21 16:33:15-04:00,0.0
2011-04-21 16:33:18-04:00,0.0
2011-04-21 16:33:21-04:00,0.0
2011-04-21 16:33:24-04:00,0.0
2011-04-21 16:33:27-04:00,0.1111111111111111
2011-04-21 16:33:30-04:00,0.4444444444444444
2011-04-21 16:33:33-04:00,0.7777777777777778
2011-04-21 16:33:36-04:00,1.0
2011-04-21 16:33:39-04:00,1.0
2011-04-21 16:33:42-04:00,1.0
2011-04-21 16:33:45-04:00,1.0
2011-04-21 16:33:48-04:00,1.0
2011-04-21 16:33:51-04:00,1.0
2011-04-21 16:33:54-04:00,1.0
2011-04-21 16:33:57-04:00,1.0
2011-04-21 16:34:00-04:00,1.0
2011-04-21 16:34:03-04:00,1.0
2011-04-21 16:34:06-04:00,1.0
2011-04-21 16:34:09-04:00,1.0
2011-04-21 16:34:12-04:00,1.0
2011-04-21 16:34:15-04:00,1.0
2011-04-21 16:34:18-04:00,1.0
2011-04-21 16:34:21-04:00,0.6666666666666667
2011-04-21 16:34:24-04:00,0.25
2011-04-21 16:34:27-04:00,1.0
2011-04-21 16:34:30-04:00,1.0
2011-04-21 16:34:33-04:00,1.0
2011-04-21 16:34:36-04:00,1.0
2011-04-21 16:34:39-04:00,1.0
2011-04-21 16:34:42-04:00,1.0
2011-04-21 16:34:45-04:00,1.0
2011-04-21 16:34:48-04:00,1.0
2011-04-21 16:34:51-04:00,1.0
2011-04-21 16:34:54-04:00,0.5
2011-04-21 16:34:57-04:00,0.3333333333333333
2011-04-21 16:35:00-04:00,1.0
2011-04-21 16:35:03-04:00,1.0
2011-04-21 16:35:06-04:00,1.0
2011-04-21 16:35:09-04:00,1.0
2011-04-21 16:35:12-04:00,1.0
2011-04-21 16:35:15-04:00,1.0
2011-04-21 16:35:18-04:00,1.0
2011-04-21 16:35:21-04:00,1.0
2011-04-21 16:35:24-04:00,1.0
2011-04-21 16:35:27-04:00,1.0
2011-04-21 16:35:30-04:00,1.0
2011-04-21 16:35:33-04:00,1.0
2011-04-21 16:35:36-04:00,1.0
2011-04-21 16:35:39-04:00,1.0
2011-04-21 16:35:42-04:00,1.0
2011-04-21 16:35:45-04:00,1.0
2011-04-21 16:35:48-04:00,1.0
2011-04-21 16:35:51-04:00,1.0
2011-04-21 16:35:54-04:00,1.0
2011-04-21 16:35:57-04:00,1.0
2011-04-21 16:36:00-04:00,1.0
2011-04-21 16:36:03-04:00,1.0
2011-04-21 16:36:06-04:00,1.0
2011-04-21 16:36:09-04:00,1.0
2011-04-21 16:36:12-04:00,1.0
2011-04-21 16:36:15-04:00,1.0
2011-04-21 16:36:18-04:00,0.6666666666666667
2011-04-21 16:36:21-04:00,0.0
2011-04-21 16:36:24-04:00,0.0
2011-04-21 16:36:27-04:00,1.0
2011-04-21 16:36:30-04:00,1.0
2011-04-21 16:36:33-04:00,1.0
2011-04-21 16:36:36-04:00,1.0
2011-04-21 16:36:39-04:00,1.0
2011-04-21 16:36:42-04:00,1.0
2011-04-21 16:36:45-04:00,1.0
2011-04-21 16:36:48-04:00,0.5
2011-04-21 16:36:51-04:00,0.3333333333333333
2011-04-21 16:36:54-04:00,1.0
2011-04-21 16:36:57-04:00,1.0
2011-04-21 16:37:00-04:00,1.0
2011-04-21 16:37:03-04:00,1.0
2011-04-21 16:37:06-04:00,1.0
2011-04-21 16:37:09-04:00,1.0
2011-04-21 16:37:12-04:00,1.0
2011-04-21 16:37:15-04:00,1.0
2011-04-21 16:37:18-04:00,1.0
2011-04-21 16:37:21-04:00,1.0
2011-04-21 16:37:24-04:00,1.0
2011-04-21 16:37:27-04:00,1.0
2011-04-21 16:37:30-04:00,0.75
2011-04-21 16:37:33-04:00,0.375
2011-04-21 16:37:36-04:00,0.0
2011-04-21 16:37:39-04:00,0.75
2011-04-21 16:37:42-04:00,1.0
2011-04-21 16:37:45-04:00,1.0
2011-04-21 16:37:48-04:00,1.0
2011-04-21 16:37:51-04:00,0.6666666666666667
2011-04-21 16:37:54-04:00,0.25
2011-04-21 16:37:57-04:00,1.0
2011-04-21 16:38:00-04:00,1.0
2011-04-21 16:38:03-04:00,1.0
2011-04-21 16:38:06-04:00,0.33333333333333337
2011-04-21 16:38:09-04:00,0.5
2011-04-21 16:38:12-04:00,1.0
2011-04-21 16:38:15-04:00,0.75
2011-04-21 16:38:18-04:00,0.0
2011-04-21 16:38:21-04:00,0.0
2011-04-21 16:38:24-04:00,0.0
2011-04-21 16:38:27-04:00,0.3333333333333333
2011-04-21 16:38:30-04:00,0.6666666666666666
2011-04-21 16:38:33-04:00,1.0
2011-04-21 16:38:36-04:00,1.0
2011-04-21 16:38:39-04:00,0.33333333333333337
2011-04-21 16:38:42-04:00,0.5
2011-04-21 16:38:45-04:00,1.0
2011-04-21 16:38:48-04:00,1.0
2011-04-21 16:38:51-04:00,1.0
2011-04-21 16:38:54-04:00,1.0
2011-04-21 16:38:57-04:00,1.0
2011-04-21 16:39:00-04:00,1.0
2011-04-21 16:39:03-04:00,1.0
2011-04-21 16:39:06-04:00,1.0
2011-04-21 16:39:09-04:00,1.0
2011-04-21 16:39:12-04:00,1.0
2011-04-21 16:39:15-04:00,1.0
2011-04-21 16:39:18-04:00,1.0
2011-04-21 16:39:21-04:00,1.0
2011-04-21 16:39:24-04:00,1.0
2011-04-21 16:39:27-04:00,1.0
2011-04-21 16:39:30-04:00,1.0
2011-04-21 16:39:33-04:00,1.0
2011-04-21 16:39:36-04:00,1.0
2011-04-21 16:39:39-04:00,1.0
2011-04-21 16:39:42-04:00,1.0
2011-04-21 16:39:45-04:00,0.75
2011-04-21 16:39:48-04:00,0.0
2011-04-21 16:39:51-04:00,0.0
2011-04-21 16:39:54-04:00,0.0
2011-04-21 16:39:57-04:00,0.0
2011-04-21 16:40:00-04:00,0.6666666666666666
2011-04-21 16:40:03-04:00,1.0
2011-04-21 16:40:06-04:00,1.0
2011-04-21 16:40:09-04:00,1.0
2011-04-21 16:40:12-04:00,1.0
2011-04-21 16:40:15-04:00,1.0
2011-04-21 16:40:18-04:00,1.0
2011-04-21 16:40:21-04:00,1.0
2011-04-21 16:40:24-04:00,1.0
2011-04-21 16:40:27-04:00,0.7777777777777778
2011-04-21 16:40:30-04:00,0.4444444444444444
2011-04-21 16:40:33-04:00,0.11111111111111116
2011-04-21 16:40:36-04:00,0.0
2011-04-21 16:40:39-04:00,0.0
2011-04-21 16:40:42-04:00,0.25
2011-04-21 16:40:45-04:00,1.0
2011-04-21 16:40:48-04:00,1.0
2011-04-21 16:40:51-04:00,1.0
2011-04-21 16:40:54-04:00,1.0
2011-04-21 16:40:57-04:00,1.0
2011-04-21 16:41:00-04:00,1.0
2011-04-21 16:41:03-04:00,1.0
2011-04-21 16:41:06-04:00,0.75
2011-04-21 16:41:09-04:00,0.0
2011-04-21 16:41:12-04:00,0.0
2011-04-21 16:41:15-04:00,0.0
2011-04-21 16:41:18-04:00,0.0
2011-04-21 16:41:21-04:00,0.0
2011-04-21 16:41:24-04:00,0.3333333333333333
2011-04-21 16:41:27-04:00,1.0
2011-04-21 16:41:30-04:00,1.0
2011-04-21 16:41:33-04:00,1.0
2011-04-21 16:41:36-04:00,0.6666666666666667
2011-04-21 16:41:39-04:00,0.0
2011-04-21 16:41:42-04:00,0.0
2011-04-21 16:41:45-04:00,0.0
2011-04-21 16:41:48-04:00,0.0
2011-04-21 16:41:51-04:00,0.0
2011-04-21 16:41:54-04:00,0.0
2011-04-21 16:41:57-04:00,0.3333333333333333
2011-04-21 16:42:00-04:00,1.0
2011-04-21 16:42:03-04:00,1.0
2011-04-21 16:42:06-04:00,1.0
2011-04-21 16:42:09-04:00,1.0
2011-04-21 16:42:12-04:00,0.5
2011-04-21 16:42:15-04:00,0.0
2011-04-21 16:42:18-04:00,0.0
2011-04-21 16:42:21-04:00,0.0
2011-04-21 16:42:24-04:00,0.0
2011-04-21 16:42:27-04:00,0.0
2011-04-21 16:42:30-04:00,0.3333333333333333
2011-04-21 16:42:33-04:00,0.6666666666666666
2011-04-21 16:42:36-04:00,1.0
2011-04-21 16:42:39-04:00,1.0
2011-04-21 16:42:42-04:00,1.0
2011-04-21 16:42:45-04:00,0.6666666666666667
2011-04-21 16:42:48-04:00,0.0
2011-04-21 16:42:51-04:00,0.0
2011-04-21 16:42:54-04:00,0.0
2011-04-21 16:42:57-04:00,0.0
2011-04-21 16:43:00-04:00,0.6666666666666666
2011-04-21 16:43:03-04:00,1.0
2011-04-21 16:43:06-04:00,1.0
2011-04-21 16:43:09-04:00,1.0
2011-04-21 16:43:12-04:00,0.75
2011-04-21 16:43:15-04:00,0.0
2011-04-21 16:43:18-04:00,0.0
2011-04-21 16:43:21-04:00,0.0
2011-04-21 16:43:24-04:00,0.0
2011-04-21 16:43:27-04:00,0.2222222222222222
2011-04-21 16:43:30-04:00,0.5555555555555556
2011-04-21 16:43:33-04:00,0.8888888888888888
2011-04-21 16:43:36-04:00,1.0
2011-04-21 16:43:39-04:00,1.0
2011-04-21 16:43:42-04:00,1.0
2011-04-21 16:43:45-04:00,0.6666666666666667
2011-04-21 16:43:48-04:00,0.0
2011-04-21 16:43:51-04:00,0.0
2011-04-21 16:43:54-04:00,0.0
2011-04-21 16:43:57-04:00,0.0
2011-04-21 16:44:00-04:00,0.6666666666666666
2011-04-21 16:44:03-04:00,1.0
2011-04-21 16:44:06-04:00,1.0
2011-04-21 16:44:09-04:00,1.0
2011-04-21 16:44:12-04:00,1.0
2011-04-21 16:44:15-04:00,1.0
2011-04-21 16:44:18-04:00,1.0
2011-04-21 16:44:21-04:00,1.0
2011-04-21 16:44:24-04:00,1.0
2011-04-21 16:44:27-04:00,1.0
2011-04-21 16:44:30-04:00,1.0
2011-04-21 16:44:33-04:00,1.0
2011-04-21 16:44:36-04:00,1.0
2011-04-21 16:44:39-04:00,1.0
2011-04-21 16:44:42-04:00,1.0
2011-04-21 16:44:45-04:00,1.0
2011-04-21 16:44:48-04:00,1.0
2011-04-21 16:44:51-04:00,1.0
2011-04-21 16:44:54-04:00,1.0
2011-04-21 16:44:57-04:00,1.0
2011-04-21 16:45:00-04:00,1.0
2011-04-21 16:45:03-04:00,1.0
2011-04-21 16:45:06-04:00,1.0
2011-04-21 16:45:09-04:00,1.0
2011-04-21 16:45:12-04:00,1.0
2011-04-21 16:45:15-04:00,1.0
2011-04-21 16:45:18-04:00,1.0
2011-04-21 16:45:21-04:00,1.0
2011-04-21 16:45:24-04:00,1.0
2011-04-21 16:45:27-04:00,1.0
2011-04-21 16:45:30-04:00,1.0
2011-04-21 16:45:33-04:00,1.0
2011-04-21 16:45:36-04:00,1.0
2011-04-21 16:45:39-04:00,1.0
2011-04-21 16:45:42-04:00,0.0
2011-04-21 16:45:45-04:00,0.0
2011-04-21 16:45:48-04:00,0.0
2011-04-21 16:45:51-04:00,0.5
2011-04-21 16:45:54-04:00,1.0
2011-04-21 16:45:57-04:00,1.0
2011-04-21 16:46:00-04:00,1.0
2011-04-21 16:46:03-04:00,1.0
2011-04-21 16:46:06-04:00,1.0
2011-04-21 16:46:09-04:00,1.0
2011-04-21 16:46:12-04:00,1.0
2011-04-21 16:46:15-04:00,1.0
2011-04-21 16:46:18-04:00,1.0
2011-04-21 16:46:21-04:00,1.0
2011-04-21 16:46:24-04:00,1.0
2011-04-21 16:46:27-04:00,1.0
2011-04-21 16:46:30-04:00,1.0
2011-04-21 16:46:33-04:00,1.0
2011-04-21 16:46:36-04:00,1.0
2011-04-21 16:46:39-04:00,1.0
2011-04-21 16:46:42-04:00,1.0
2011-04-21 16:46:45-04:00,1.0
2011-04-21 16:46:48-04:00,1.0
2011-04-21 16:46:51-04:00,1.0
2011-04-21 16:46:54-04:00,0.6666666666666667
2011-04-21 16:46:57-04:00,0.0
2011-04-21 16:47:00-04:00,0.0
2011-04-21 16:47:03-04:00,1.0
2011-04-21 16:47:06-04:00,1.0
2011-04-21 16:47:09-04:00,1.0
2011-04-21 16:47:12-04:00,1.0
2011-04-21 16:47:15-04:00,1.0
2011-04-21 16:47:18-04:00,1.0
2011-04-21 16:47:21-04:00,1.0
2011-04-21 16:47:24-04:00,1.0
2011-04-21 16:47:27-04:00,1.0
2011-04-21 16:47:30-04:00,1.0
2011-04-21 16:47:33-04:00,1.0
2011-04-21 16:47:36-04:00,1.0
2011-04-21 16:47:39-04:00,1.0
2011-04-21 16:47:42-04:00,1.0
2011-04-21 16:47:45-04:00,1.0
2011-04-21 16:47:48-04:00,1.0
2011-04-21 16:47:51-04:00,1.0
2011-04-21 16:47:54-04:00,1.0
2011-04-21 16:47:57-04:00,0.75
2011-04-21 16:48:00-04:00,0.0
2011-04-21 16:48:03-04:00,0.0
2011-04-21 16:48:06-04:00,0.75
2011-04-21 16:48:09-04:00,1.0
2011-04-21 16:48:12-04:00,1.0
2011-04-21 16:48:15-04:00,1.0
2011-04-21 16:48:18-04:00,1.0
2011-04-21 16:48:21-04:00,1.0
2011-04-21 16:48:24-04:00,1.0
2011-04-21 16:48:27-04:00,1.0
2011-04-21 16:48:30-04:00,1.0
2011-04-21 16:48:33-04:00,1.0
2011-04-21 16:48:36-04:00,1.0
2011-04-21 16:48:39-04:00,1.0
2011-04-21 16:48:42-04:00,1.0
2011-04-21 16:48:45-04:00,1.0
2011-04-21 16:48:48-04:00,1.0
2011-04-21 16:48:51-04:00,1.0
2011-04-21 16:48:54-04:00,1.0
2011-04-21 16:48:57-04:00,1.0
2011-04-21 16:49:00-04:00,1.0
2011-04-21 16:49:03-04:00,1.0
2011-04-21 16:49:06-04:00,1.0
2011-04-21 16:49:09-04:00,1.0
2011-04-21 16:49:12-04:00,1.0
2011-04-21 16:49:15-04:00,1.0
2011-04-21 16:49:18-04:00,1.0
2011-04-21 16:49:21-04:00,1.0
2011-04-21 16:49:24-04:00,1.0
2011-04-21 16:49:27-04:00,1.0
2011-04-21 16:49:30-04:00,1.0
2011-04-21 16:49:33-04:00,1.0
2011-04-21 16:49:36-04:00,1.0
2011-04-21 16:49:39-04:00,1.0
2011-04-21 16:49:42-04:00,1.0
2011-04-21 16:49:45-04:00,1.0
2011-04-21 16:49:48-04:00,1.0
2011-04-21 16:49:51-04:00,0.6666666666666667
2011-04-21 16:49:54-04:00,0.25
2011-04-21 16:49:57-04:00,1.0
2011-04-21 16:50:00-04:00,1.0
2011-04-21 16:50:03-04:00,1.0
2011-04-21 16:50:06-04:00,1.0
2011-04-21 16:50:09-04:00,1.0
2011-04-21 16:50:12-04:00,0.5
2011-04-21 16:50:15-04:00,0.3333333333333333
2011-04-21 16:50:18-04:00,1.0
2011-04-21 16:50:21-04:00,1.0
2011-04-21 16:50:24-04:00,1.0
2011-04-21 16:50:27-04:00,1.0
2011-04-21 16:50:30-04:00,1.0
2011-04-21 16:50:33-04:00,1.0
2011-04-21 16:50:36-04:00,1.0
2011-04-21 16:50:39-04:00,1.0
2011-04-21 16:50:42-04:00,1.0
2011-04-21 16:50:45-04:00,1.0
2011-04-21 16:50:48-04:00,1.0
2011-04-21 16:50:51-04:00,1.0
2011-04-21 16:50:54-04:00,1.0
2011-04-21 16:50:57-04:00,1.0
2011-04-21 16:51:00-04:00,1.0
2011-04-21 16:51:03-04:00,1.0
2011-04-21 16:51:06-04:00,1.0
2011-04-21 16:51:09-04:00,0.5
2011-04-21 16:51:12-04:00,0.0
2011-04-21 16:51:15-04:00,0.25
2011-04-21 16:51:18-04:00,1.0
2011-04-21 16:51:21-04:00,1.0
2011-04-21 16:51:24-04:00,0.0
2011-04-21 16:51:27-04:00,0.3333333333333333
2011-04-21 16:51:30-04:00,0.6666666666666666
2011-04-21 16:51:33-04:00,1.0
2011-04-21 16:51:36-04:00,1.0
2011-04-21 16:51:39-04:00,1.0
2011-04-21 16:51:42-04:00,1.0
2011-04-21 16:51:45-04:00,1.0
2011-04-21 16:51:48-04:00,1.0
2011-04-21 16:51:51-04:00,1.0
2011-04-21 16:51:54-04:00,1.0
2011-04-21 16:51:57-04:00,1.0
2011-04-21 16:52:00-04:00,1.0
2011-04-21 16:52:03-04:00,1.0
2011-04-21 16:52:06-04:00,1.0
2011-04-21 16:52:09-04:00,1.0
2011-04-21 16:52:12-04:00,1.0
2011-04-21 16:52:15-04:00,1.0
2011-04-21 16:52:18-04:00,1.0
2011-04-21 16:52:21-04:00,1.0
2011-04-21 16:52:24-04:00,1.0
2011-04-21 16:52:27-04:00,1.0
2011-04-21 16:52:30-04:00,1.0
2011-04-21 16:52:33-04:00,1.0
2011-04-21 16:52:36-04:00,1.0
2011-04-21 16:52:39-04:00,1.0
2011-04-21 16:52:42-04:00,1.0
2011-04-21 16:52:45-04:00,0.75
2011-04-21 16:52:48-04:00,0.0
2011-04-21 16:52:51-04:00,1.0
2011-04-21 16:52:54-04:00,1.0
2011-04-21 16:52:57-04:00,1.0
2011-04-21 16:53:00-04:00,1.0
2011-04-21 16:53:03-04:00,1.0
2011-04-21 16:53:06-04:00,1.0
2011-04-21 16:53:09-04:00,1.0
2011-04-21 16:53:12-04:00,1.0
2011-04-21 16:53:15-04:00,1.0
2011-04-21 16:53:18-04:00,1.0
2011-04-21 16:53:21-04:00,1.0
2011-04-21 16:53:24-04:00,1.0
2011-04-21 16:53:27-04:00,1.0
2011-04-21 16:53:30-04:00,1.0
2011-04-21 16:53:33-04:00,1.0
2011-04-21 16:53:36-04:00,1.0
2011-04-21 16:53:39-04:00,1.0
2011-04-21 16:53:42-04:00,1.0
2011-04-21 16:53:45-04:00,1.0
2011-04-21 16:53:48-04:00,1.0
2011-04-21 16:53:51-04:00,1.0
2011-04-21 16:53:54-04:00,1.0
2011-04-21 16:53:57-04:00,1.0
2011-04-21 16:54:00-04:00,1.0
2011-04-21 16:54:03-04:00,1.0
2011-04-21 16:54:06-04:00,1.0
2011-04-21 16:54:09-04:00,1.0
2011-04-21 16:54:12-04:00,1.0
2011-04-21 16:54:15-04:00,1.0
2011-04-21 16:54:18-04:00,1.0
2011-04-21 16:54:21-04:00,0.33333333333333337
2011-04-21 16:54:24-04:00,0.5
2011-04-21 16:54:27-04:00,1.0
2011-04-21 16:54:30-04:00,1.0
2011-04-21 16:54:33-04:00,1.0
2011-04-21 16:54:36-04:00,1.0
2011-04-21 16:54:39-04:00,0.6666666666666667
2011-04-21 16:54:42-04:00,0.25
2011-04-21 16:54:45-04:00,1.0
2011-04-21 16:54:48-04:00,1.0
2011-04-21 16:54:51-04:00,1.0
2011-04-21 16:54:54-04:00,1.0
2011-04-21 16:54:57-04:00,1.0
2011-04-21 16:55:00-04:00,0.6666666666666667
2011-04-21 16:55:03-04:00,0.25
2011-04-21 16:55:06-04:00,1.0
2011-04-21 16:55:09-04:00,1.0
2011-04-21 16:55:12-04:00,1.0
2011-04-21 16:55:15-04:00,1.0
2011-04-21 16:55:18-04:00,1.0
2011-04-21 16:55:21-04:00,0.5
2011-04-21 16:55:24-04:00,0.3333333333333333
2011-04-21 16:55:27-04:00,0.8888888888888888
2011-04-21 16:55:30-04:00,0.5555555555555556
2011-04-21 16:55:33-04:00,0.2222222222222222
2011-04-21 16:55:36-04:00,0.3333333333333333
2011-04-21 16:55:39-04:00,1.0
2011-04-21 16:55:42-04:00,1.0
2011-04-21 16:55:45-04:00,1.0
2011-04-21 16:55:48-04:00,1.0
2011-04-21 16:55:51-04:00,1.0
2011-04-21 16:55:54-04:00,1.0
2011-04-21 16:55:57-04:00,1.0
2011-04-21 16:56:00-04:00,1.0
2011-04-21 16:56:03-04:00,1.0
2011-04-21 16:56:06-04:00,1.0
2011-04-21 16:56:09-04:00,1.0
2011-04-21 16:56:12-04:00,1.0
2011-04-21 16:56:15-04:00,1.0
2011-04-21 16:56:18-04:00,1.0
2011-04-21 16:56:21-04:00,1.0
2011-04-21 16:56:24-04:00,1.0
2011-04-21 16:56:27-04:00,1.0
2011-04-21 16:56:30-04:00,1.0
2011-04-21 16:56:33-04:00,1.0
2011-04-21 16:56:36-04:00,1.0
2011-04-21 16:56:39-04:00,1.0
2011-04-21 16:56:42-04:00,1.0
2011-04-21 16:56:45-04:00,1.0
2011-04-21 16:56:48-04:00,1.0
2011-04-21 16:56:51-04:00,1.0
2011-04-21 16:56:54-04:00,1.0
2011-04-21 16:56:57-04:00,1.0
2011-04-21 16:57:00-04:00,1.0
2011-04-21 16:57:03-04:00,1.0
2011-04-21 16:57:06-04:00,1.0
2011-04-21 16:57:09-04:00,1.0
2011-04-21 16:57:12-04:00,1.0
2011-04-21 16:57:15-04:00,1.0
2011-04-21 16:57:18-04:00,1.0
2011-04-21 16:57:21-04:00,1.0
2011-04-21 16:57:24-04:00,1.0
2011-04-21 16:57:27-04:00,1.0
2011-04-21 16:57:30-04:00,1.0
2011-04-21 16:57:33-04:00,1.0
2011-04-21 16:57:36-04:00,1.0
2011-04-21 16:57:39-04:00,1.0
2011-04-21 16:57:42-04:00,1.0
2011-04-21 16:57:45-04:00,1.0
2011-04-21 16:57:48-04:00,1.0
2011-04-21 16:57:51-04:00,1.0
2011-04-21 16:57:54-04:00,1.0
2011-04-21 16:57:57-04:00,1.0
2011-04-21 16:58:00-04:00,1.0
2011-04-21 16:58:03-04:00,1.0
2011-04-21 16:58:06-04:00,1.0
2011-04-21 16:58:09-04:00,1.0
2011-04-21 16:58:12-04:00,1.0
2011-04-21 16:58:15-04:00,1.0
2011-04-21 16:58:18-04:00,1.0
2011-04-21 16:58:21-04:00,1.0
2011-04-21 16:58:24-04:00,1.0
2011-04-21 16:58:27-04:00,1.0
2011-04-21 16:58:30-04:00,1.0
2011-04-21 16:58:33-04:00,1.0
2011-04-21 16:58:36-04:00,1.0
2011-04-21 16:58:39-04:00,1.0
2011-04-21 16:58:42-04:00,1.0
2011-04-21 16:58:45-04:00,1.0
2011-04-21 16:58:48-04:00,1.0
2011-04-21 16:58:51-04:00,1.0
2011-04-21 16:58:54-04:00,1.0
2011-04-21 16:58:57-04:00,1.0
2011-04-21 16:59:00-04:00,1.0
2011-04-21 16:59:03-04:00,1.0
2011-04-21 16:59:06-04:00,1.0
2011-04-21 16:59:09-04:00,1.0
2011-04-21 16:59:12-04:00,1.0
2011-04-21 16:59:15-04:00,1.0
2011-04-21 16:59:18-04:00,1.0
2011-04-21 16:59:21-04:00,1.0
2011-04-21 16:59:24-04:00,1.0
2011-04-21 16:59:27-04:00,1.0
2011-04-21 16:59:30-04:00,1.0
2011-04-21 16:59:33-04:00,1.0
2011-04-21 16:59:36-04:00,1.0
2011-04-21 16:59:39-04:00,1.0
2011-04-21 16:59:42-04:00,1.0
2011-04-21 16:59:45-04:00,1.0
2011-04-21 16:59:48-04:00,1.0
2011-04-21 16:59:51-04:00,1.0
2011-04-21 16:59:54-04:00,1.0
2011-04-21 16:59:57-04:00,1.0
2011-04-21 17:00:00-04:00,1.0
2011-04-21 17:00:03-04:00,1.0
2011-04-21 17:00:06-04:00,1.0
2011-04-21 17:00:09-04:00,1.0
2011-04-21 17:00:12-04:00,1.0
2011-04-21 17:00:15-04:00,1.0
2011-04-21 17:00:18-04:00,1.0
2011-04-21 17:00:21-04:00,1.0
2011-04-21 17:00:24-04:00,1.0
2011-04-21 17:00:27-04:00,1.0
2011-04-21 17:00:30-04:00,1.0
2011-04-21 17:00:33-04:00,1.0
2011-04-21 17:00:36-04:00,1.0
2011-04-21 17:00:39-04:00,1.0
2011-04-21 17:00:42-04:00,1.0
2011-04-21 17:00:45-04:00,1.0
2011-04-21 17:00:48-04:00,1.0
2011-04-21 17:00:51-04:00,1.0
2011-04-21 17:00:54-04:00,1.0
2011-04-21 17:00:57-04:00,1.0
2011-04-21 17:01:00-04:00,1.0
2011-04-21 17:01:03-04:00,1.0
2011-04-21 17:01:06-04:00,1.0
2011-04-21 17:01:09-04:00,1.0
2011-04-21 17:01:12-04:00,1.0
2011-04-21 17:01:15-04:00,1.0
2011-04-21 17:01:18-04:00,1.0
2011-04-21 17:01:21-04:00,1.0
2011-04-21 17:01:24-04:00,1.0
2011-04-21 17:01:27-04:00,1.0
2011-04-21 17:01:30-04:00,1.0
2011-04-21 17:01:33-04:00,1.0
2011-04-21 17:01:36-04:00,1.0
2011-04-21 17:01:39-04:00,1.0
2011-04-21 17:01:42-04:00,1.0
2011-04-21 17:01:45-04:00,1.0
2011-04-21 17:01:48-04:00,1.0
2011-04-21 17:01:51-04:00,1.0
2011-04-21 17:01:54-04:00,1.0
2011-04-21 17:01:57-04:00,1.0
2011-04-21 17:02:00-04:00,1.0
2011-04-21 17:02:03-04:00,1.0
2011-04-21 17:02:06-04:00,1.0
2011-04-21 17:02:09-04:00,1.0
2011-04-21 17:02:12-04:00,1.0
2011-04-21 17:02:15-04:00,1.0
2011-04-21 17:02:18-04:00,1.0
2011-04-21 17:02:21-04:00,1.0
2011-04-21 17:02:24-04:00,1.0
2011-04-21 17:02:27-04:00,1.0
2011-04-21 17:02:30-04:00,1.0
2011-04-21 17:02:33-04:00,1.0
2011-04-21 17:02:36-04:00,1.0
2011-04-21 17:02:39-04:00,1.0
2011-04-21 17:02:42-04:00,1.0
2011-04-21 17:02:45-04:00,1.0
2011-04-21 17:02:48-04:00,1.0
2011-04-21 17:02:51-04:00,1.0
2011-04-21 17:02:54-04:00,1.0
2011-04-21 17:02:57-04:00,1.0
2011-04-21 17:03:00-04:00,1.0
2011-04-21 17:03:03-04:00,1.0
2011-04-21 17:03:06-04:00,1.0
2011-04-21 17:03:09-04:00,1.0
2011-04-21 17:03:12-04:00,1.0
2011-04-21 17:03:15-04:00,1.0
2011-04-21 17:03:18-04:00,1.0
2011-04-21 17:03:21-04:00,1.0
2011-04-21 17:03:24-04:00,1.0
2011-04-21 17:03:27-04:00,1.0
2011-04-21 17:03:30-04:00,1.0
2011-04-21 17:03:33-04:00,1.0
2011-04-21 17:03:36-04:00,1.0
2011-04-21 17:03:39-04:00,1.0
2011-04-21 17:03:42-04:00,1.0
2011-04-21 17:03:45-04:00,1.0
2011-04-21 17:03:48-04:00,1.0
2011-04-21 17:03:51-04:00,1.0
2011-04-21 17:03:54-04:00,1.0
2011-04-21 17:03:57-04:00,1.0
2011-04-21 17:04:00-04:00,1.0
2011-04-21 17:04:03-04:00,1.0
2011-04-21 17:04:06-04:00,1.0
2011-04-21 17:04:09-04:00,1.0
2011-04-21 17:04:12-04:00,1.0
2011-04-21 17:04:15-04:00,1.0
2011-04-21 17:04:18-04:00,1.0
2011-04-21 17:04:21-04:00,1.0
2011-04-21 17:04:24-04:00,1.0
2011-04-21 17:04:27-04:00,1.0
2011-04-21 17:04:30-04:00,1.0
2011-04-21 17:04:33-04:00,1.0
2011-04-21 17:04:36-04:00,1.0
2011-04-21 17:04:39-04:00,1.0
2011-04-21 17:04:42-04:00,1.0
2011-04-21 17:04:45-04:00,1.0
2011-04-21 17:04:48-04:00,1.0
2011-04-21 17:04:51-04:00,1.0
2011-04-21 17:04:54-04:00,1.0
2011-04-21 17:04:57-04:00,1.0
2011-04-21 17:05:00-04:00,1.0
2011-04-21 17:05:03-04:00,1.0
2011-04-21 17:05:06-04:00,1.0
2011-04-21 17:05:09-04:00,1.0
2011-04-21 17:05:12-04:00,1.0
2011-04-21 17:05:15-04:00,1.0
2011-04-21 17:05:18-04:00,1.0
2011-04-21 17:05:21-04:00,1.0
2011-04-21 17:05:24-04:00,1.0
2011-04-21 17:05:27-04:00,1.0
2011-04-21 17:05:30-04:00,1.0
2011-04-21 17:05:33-04:00,1.0
2011-04-21 17:05:36-04:00,1.0
2011-04-21 17:05:39-04:00,1.0
2011-04-21 17:05:42-04:00,1.0
2011-04-21 17:05:45-04:00,1.0
2011-04-21 17:05:48-04:00,1.0
2011-04-21 17:05:51-04:00,1.0
2011-04-21 17:05:54-04:00,1.0
2011-04-21 17:05:57-04:00,1.0
2011-04-21 17:06:00-04:00,1.0
2011-04-21 17:06:03-04:00,1.0
2011-04-21 17:06:06-04:00,1.0
2011-04-21 17:06:09-04:00,1.0
2011-04-21 17:06:12-04:00,1.0
2011-04-21 17:06:15-04:00,1.0
2011-04-21 17:06:18-04:00,1.0
2011-04-21 17:06:21-04:00,1.0
2011-04-21 17:06:24-04:00,1.0
2011-04-21 17:06:27-04:00,1.0
2011-04-21 17:06:30-04:00,1.0
2011-04-21 17:06:33-04:00,1.0
2011-04-21 17:06:36-04:00,1.0
2011-04-21 17:06:39-04:00,1.0
2011-04-21 17:06:42-04:00,1.0
2011-04-21 17:06:45-04:00,1.0
2011-04-21 17:06:48-04:00,1.0
2011-04-21 17:06:51-04:00,1.0
2011-04-21 17:06:54-04:00,1.0
2011-04-21 17:06:57-04:00,1.0
2011-04-21 17:07:00-04:00,1.0
2011-04-21 17:07:03-04:00,1.0
2011-04-21 17:07:06-04:00,1.0
2011-04-21 17:07:09-04:00,1.0
2011-04-21 17:07:12-04:00,1.0
2011-04-21 17:07:15-04:00,1.0
2011-04-21 17:07:18-04:00,1.0
2011-04-21 17:07:21-04:00,1.0
2011-04-21 17:07:24-04:00,1.0
2011-04-21 17:07:27-04:00,1.0
2011-04-21 17:07:30-04:00,1.0
2011-04-21 17:07:33-04:00,1.0
2011-04-21 17:07:36-04:00,1.0
2011-04-21 17:07:39-04:00,1.0
2011-04-21 17:07:42-04:00,1.0
2011-04-21 17:07:45-04:00,1.0
2011-04-21 17:07:48-04:00,1.0
2011-04-21 17:07:51-04:00,1.0
2011-04-21 17:07:54-04:00,1.0
2011-04-21 17:07:57-04:00,1.0
2011-04-21 17:08:00-04:00,1.0
2011-04-21 17:08:03-04:00,1.0
2011-04-21 17:08:06-04:00,1.0
2011-04-21 17:08:09-04:00,1.0
2011-04-21 17:08:12-04:00,1.0
2011-04-21 17:08:15-04:00,1.0
2011-04-21 17:08:18-04:00,1.0
2011-04-21 17:08:21-04:00,1.0
2011-04-21 17:08:24-04:00,1.0
2011-04-21 17:08:27-04:00,1.0
2011-04-21 17:08:30-04:00,1.0
2011-04-21 17:08:33-04:00,1.0
2011-04-21 17:08:36-04:00,1.0
2011-04-21 17:08:39-04:00,1.0
2011-04-21 17:08:42-04:00,1.0
2011-04-21 17:08:45-04:00,1.0
2011-04-21 17:08:48-04:00,1.0
2011-04-21 17:08:51-04:00,1.0
2011-04-21 17:08:54-04:00,1.0
2011-04-21 17:08:57-04:00,1.0
2011-04-21 17:09:00-04:00,1.0
2011-04-21 17:09:03-04:00,1.0
2011-04-21 17:09:06-04:00,1.0
2011-04-21 17:09:09-04:00,1.0
2011-04-21 17:09:12-04:00,1.0
2011-04-21 17:09:15-04:00,1.0
2011-04-21 17:09:18-04:00,1.0
2011-04-21 17:09:21-04:00,1.0
2011-04-21 17:09:24-04:00,1.0
2011-04-21 17:09:27-04:00,1.0
2011-04-21 17:09:30-04:00,1.0
2011-04-21 17:09:33-04:00,1.0
2011-04-21 17:09:36-04:00,1.0
2011-04-21 17:09:39-04:00,1.0
2011-04-21 17:09:42-04:00,1.0
2011-04-21 17:09:45-04:00,1.0
2011-04-21 17:09:48-04:00,1.0
2011-04-21 17:09:51-04:00,1.0
2011-04-21 17:09:54-04:00,1.0
2011-04-21 17:09:57-04:00,1.0
2011-04-21 17:10:00-04:00,1.0
2011-04-21 17:10:03-04:00,1.0
2011-04-21 17:10:06-04:00,1.0
2011-04-21 17:10:09-04:00,1.0
2011-04-21 17:10:12-04:00,1.0
2011-04-21 17:10:15-04:00,1.0
2011-04-21 17:10:18-04:00,1.0
2011-04-21 17:10:21-04:00,1.0
2011-04-21 17:10:24-04:00,1.0
2011-04-21 17:10:27-04:00,1.0
2011-04-21 17:10:30-04:00,1.0
2011-04-21 17:10:33-04:00,1.0
2011-04-21 17:10:36-04:00,1.0
2011-04-21 17:10:39-04:00,1.0
2011-04-21 17:10:42-04:00,1.0
2011-04-21 17:10:45-04:00,1.0
2011-04-21 17:10:48-04:00,1.0
2011-04-21 17:10:51-04:00,1.0
2011-04-21 17:10:54-04:00,1.0
2011-04-21 17:10:57-04:00,1.0
2011-04-21 17:11:00-04:00,1.0
2011-04-21 17:11:03-04:00,1.0
2011-04-21 17:11:06-04:00,1.0
2011-04-21 17:11:09-04:00,1.0
2011-04-21 17:11:12-04:00,1.0
2011-04-21 17:11:15-04:00,1.0
2011-04-21 17:11:18-04:00,1.0
2011-04-21 17:11:21-04:00,1.0
2011-04-21 17:11:24-04:00,1.0
2011-04-21 17:11:27-04:00,1.0
2011-04-21 17:11:30-04:00,1.0
2011-04-21 17:11:33-04:00,1.0
2011-04-21 17:11:36-04:00,1.0
2011-04-21 17:11:39-04:00,1.0
2011-04-21 17:11:42-04:00,1.0
2011-04-21 17:11:45-04:00,1.0
2011-04-21 17:11:48-04:00,1.0
2011-04-21 17:11:51-04:00,1.0
2011-04-21 17:11:54-04:00,1.0
2011-04-21 17:11:57-04:00,1.0
2011-04-21 17:12:00-04:00,1.0
2011-04-21 17:12:03-04:00,1.0
2011-04-21 17:12:06-04:00,1.0
2011-04-21 17:12:09-04:00,1.0
2011-04-21 17:12:12-04:00,1.0
2011-04-21 17:12:15-04:00,1.0
2011-04-21 17:12:18-04:00,1.0
2011-04-21 17:12:21-04:00,1.0
2011-04-21 17:12:24-04:00,1.0
2011-04-21 17:12:27-04:00,1.0
2011-04-21 17:12:30-04:00,1.0
2011-04-21 17:12:33-04:00,1.0
2011-04-21 17:12:36-04:00,1.0
2011-04-21 17:12:39-04:00,1.0
2011-04-21 17:12:42-04:00,1.0
2011-04-21 17:12:45-04:00,1.0
2011-04-21 17:12:48-04:00,1.0
2011-04-21 17:12:51-04:00,1.0
2011-04-21 17:12:54-04:00,1.0
2011-04-21 17:12:57-04:00,1.0
2011-04-21 17:13:00-04:00,0.0
2011-04-21 17:13:03-04:00,1.0
2011-04-21 17:13:06-04:00,1.0
2011-04-21 17:13:09-04:00,1.0
2011-04-21 17:13:12-04:00,1.0
2011-04-21 17:13:15-04:00,1.0
2011-04-21 17:13:18-04:00,1.0
2011-04-21 17:13:21-04:00,1.0
2011-04-21 17:13:24-04:00,1.0
2011-04-21 17:13:27-04:00,1.0
2011-04-21 17:13:30-04:00,1.0
2011-04-21 17:13:33-04:00,1.0
2011-04-21 17:13:36-04:00,1.0
2011-04-21 17:13:39-04:00,1.0
2011-04-21 17:13:42-04:00,1.0
2011-04-21 17:13:45-04:00,1.0
2011-04-21 17:13:48-04:00,1.0
2011-04-21 17:13:51-04:00,1.0
2011-04-21 17:13:54-04:00,1.0
2011-04-21 17:13:57-04:00,1.0
2011-04-21 17:14:00-04:00,1.0
2011-04-21 17:14:03-04:00,1.0
2011-04-21 17:14:06-04:00,1.0
2011-04-21 17:14:09-04:00,1.0
2011-04-21 17:14:12-04:00,1.0
2011-04-21 17:14:15-04:00,1.0
2011-04-21 17:14:18-04:00,1.0
2011-04-21 17:14:21-04:00,1.0
2011-04-21 17:14:24-04:00,1.0
2011-04-21 17:14:27-04:00,1.0
2011-04-21 17:14:30-04:00,1.0
2011-04-21 17:14:33-04:00,1.0
2011-04-21 17:14:36-04:00,1.0
2011-04-21 17:14:39-04:00,0.25
2011-04-21 17:14:42-04:00,0.6666666666666666
2011-04-21 17:14:45-04:00,1.0
2011-04-21 17:14:48-04:00,1.0
2011-04-21 17:14:51-04:00,1.0
2011-04-21 17:14:54-04:00,1.0
2011-04-21 17:14:57-04:00,1.0
2011-04-21 17:15:00-04:00,1.0
2011-04-21 17:15:03-04:00,1.0
2011-04-21 17:15:06-04:00,1.0
2011-04-21 17:15:09-04:00,1.0
2011-04-21 17:15:12-04:00,1.0
2011-04-21 17:15:15-04:00,1.0
2011-04-21 17:15:18-04:00,1.0
2011-04-21 17:15:21-04:00,0.25
2011-04-21 17:15:24-04:00,0.6666666666666666
2011-04-21 17:15:27-04:00,1.0
2011-04-21 17:15:30-04:00,1.0
2011-04-21 17:15:33-04:00,1.0
2011-04-21 17:15:36-04:00,1.0
2011-04-21 17:15:39-04:00,1.0
2011-04-21 17:15:42-04:00,1.0
2011-04-21 17:15:45-04:00,1.0
2011-04-21 17:15:48-04:00,1.0
2011-04-21 17:15:51-04:00,1.0
2011-04-21 17:15:54-04:00,1.0
2011-04-21 17:15:57-04:00,1.0
2011-04-21 17:16:00-04:00,1.0
2011-04-21 17:16:03-04:00,1.0
2011-04-21 17:16:06-04:00,1.0
2011-04-21 17:16:09-04:00,1.0
2011-04-21 17:16:12-04:00,1.0
2011-04-21 17:16:15-04:00,1.0
2011-04-21 17:16:18-04:00,1.0
2011-04-21 17:16:21-04:00,1.0
2011-04-21 17:16:24-04:00,1.0
2011-04-21 17:16:27-04:00,1.0
2011-04-21 17:16:30-04:00,1.0
2011-04-21 17:16:33-04:00,1.0
2011-04-21 17:16:36-04:00,1.0
2011-04-21 17:16:39-04:00,1.0
2011-04-21 17:16:42-04:00,1.0
2011-04-21 17:16:45-04:00,1.0
2011-04-21 17:16:48-04:00,1.0
2011-04-21 17:16:51-04:00,1.0
2011-04-21 17:16:54-04:00,1.0
2011-04-21 17:16:57-04:00,1.0
2011-04-21 17:17:00-04:00,1.0
2011-04-21 17:17:03-04:00,1.0
2011-04-21 17:17:06-04:00,1.0
2011-04-21 17:17:09-04:00,1.0
2011-04-21 17:17:12-04:00,1.0
2011-04-21 17:17:15-04:00,1.0
2011-04-21 17:17:18-04:00,1.0
2011-04-21 17:17:21-04:00,1.0
2011-04-21 17:17:24-04:00,1.0
2011-04-21 17:17:27-04:00,0.875
2011-04-21 17:17:30-04:00,0.5
2011-04-21 17:17:33-04:00,0.125
2011-04-21 17:17:36-04:00,0.5
2011-04-21 17:17:39-04:00,0.6666666666666667
2011-04-21 17:17:42-04:00,0.0
2011-04-21 17:17:45-04:00,0.0
2011-04-21 17:17:48-04:00,0.0
2011-04-21 17:17:51-04:00,0.0
2011-04-21 17:17:54-04:00,0.0
2011-04-21 17:17:57-04:00,0.0
2011-04-21 17:18:00-04:00,0.0
2011-04-21 17:18:03-04:00,0.0
2011-04-21 17:18:06-04:00,0.0
2011-04-21 17:18:09-04:00,0.0
2011-04-21 17:18:12-04:00,0.0
2011-04-21 17:18:15-04:00,0.0
2011-04-21 17:18:18-04:00,0.0
2011-04-21 17:18:21-04:00,0.0
2011-04-21 17:18:24-04:00,0.0
2011-04-21 17:18:27-04:00,0.0
2011-04-21 17:18:30-04:00,0.0
2011-04-21 17:18:33-04:00,0.0
2011-04-21 17:18:36-04:00,0.3333333333333333
2011-04-21 17:18:39-04:00,0.75
2011-04-21 17:18:42-04:00,0.0
2011-04-21 17:18:45-04:00,1.0
2011-04-21 17:18:48-04:00,0.0
2011-04-21 17:18:51-04:00,0.0
2011-04-21 17:18:54-04:00,0.0
2011-04-21 17:18:57-04:00,0.5
2011-04-21 17:19:00-04:00,0.6666666666666667
2011-04-21 17:19:03-04:00,0.25
2011-04-21 17:19:06-04:00,1.0
2011-04-21 17:19:09-04:00,0.0
2011-04-21 17:19:12-04:00,0.0
2011-04-21 17:19:15-04:00,0.6666666666666666
2011-04-21 17:19:18-04:00,0.33333333333333337
2011-04-21 17:19:21-04:00,0.0
2011-04-21 17:19:24-04:00,0.3333333333333333
2011-04-21 17:19:27-04:00,0.8888888888888888
2011-04-21 17:19:30-04:00,0.5555555555555556
2011-04-21 17:19:33-04:00,0.2222222222222222
2011-04-21 17:19:36-04:00,0.0
2011-04-21 17:19:39-04:00,0.0
2011-04-21 17:19:42-04:00,1.0
2011-04-21 17:19:45-04:00,0.25
2011-04-21 17:19:48-04:00,0.0
2011-04-21 17:19:51-04:00,0.6666666666666666
2011-04-21 17:19:54-04:00,0.5
2011-04-21 17:19:57-04:00,0.0
2011-04-21 17:20:00-04:00,0.0
2011-04-21 17:20:03-04:00,0.0
2011-04-21 17:20:06-04:00,0.0
2011-04-21 17:20:09-04:00,0.0
2011-04-21 17:20:12-04:00,0.0
2011-04-21 17:20:15-04:00,0.6666666666666666
2011-04-21 17:20:18-04:00,0.5
2011-04-21 17:20:21-04:00,0.0
2011-04-21 17:20:24-04:00,0.25
2011-04-21 17:20:27-04:00,1.0
2011-04-21 17:20:30-04:00,0.625
2011-04-21 17:20:33-04:00,0.25
2011-04-21 17:20:36-04:00,0.0
2011-04-21 17:20:39-04:00,0.0
2011-04-21 17:20:42-04:00,0.0
2011-04-21 17:20:45-04:00,1.0
2011-04-21 17:20:48-04:00,0.25
2011-04-21 17:20:51-04:00,0.6666666666666666
2011-04-21 17:20:54-04:00,0.5
2011-04-21 17:20:57-04:00,0.0
2011-04-21 17:21:00-04:00,0.0
2011-04-21 17:21:03-04:00,0.0
2011-04-21 17:21:06-04:00,0.0
2011-04-21 17:21:09-04:00,1.0
2011-04-21 17:21:12-04:00,0.25
2011-04-21 17:21:15-04:00,0.0
2011-04-21 17:21:18-04:00,0.0
2011-04-21 17:21:21-04:00,0.0
2011-04-21 17:21:24-04:00,0.0
2011-04-21 17:21:27-04:00,0.0
2011-04-21 17:21:30-04:00,0.0
2011-04-21 17:21:33-04:00,0.0
2011-04-21 17:21:36-04:00,0.25
2011-04-21 17:21:39-04:00,1.0
2011-04-21 17:21:42-04:00,0.0
2011-04-21 17:21:45-04:00,0.0
2011-04-21 17:21:48-04:00,0.0
2011-04-21 17:21:51-04:00,0.0
2011-04-21 17:21:54-04:00,0.0
2011-04-21 17:21:57-04:00,0.0
2011-04-21 17:22:00-04:00,0.0
2011-04-21 17:22:03-04:00,0.0
2011-04-21 17:22:06-04:00,1.0
2011-04-21 17:22:09-04:00,1.0
2011-04-21 17:22:12-04:00,1.0
2011-04-21 17:22:15-04:00,1.0
2011-04-21 17:22:18-04:00,1.0
2011-04-21 17:22:21-04:00,0.6666666666666667
2011-04-21 17:22:24-04:00,0.0
2011-04-21 17:22:27-04:00,0.0
2011-04-21 17:22:30-04:00,0.0
2011-04-21 17:22:33-04:00,0.0
2011-04-21 17:22:36-04:00,0.0
2011-04-21 17:22:39-04:00,0.0
2011-04-21 17:22:42-04:00,1.0
2011-04-21 17:22:45-04:00,0.25
2011-04-21 17:22:48-04:00,0.0
2011-04-21 17:22:51-04:00,0.0
2011-04-21 17:22:54-04:00,0.0
2011-04-21 17:22:57-04:00,0.25
2011-04-21 17:23:00-04:00,1.0
2011-04-21 17:23:03-04:00,1.0
2011-04-21 17:23:06-04:00,0.25
2011-04-21 17:23:09-04:00,0.0
2011-04-21 17:23:12-04:00,0.0
2011-04-21 17:23:15-04:00,0.0
2011-04-21 17:23:18-04:00,0.0
2011-04-21 17:23:21-04:00,0.0
2011-04-21 17:23:24-04:00,0.0
2011-04-21 17:23:27-04:00,0.0
2011-04-21 17:23:30-04:00,0.0
2011-04-21 17:23:33-04:00,0.0
2011-04-21 17:23:36-04:00,0.0
2011-04-21 17:23:39-04:00,0.0
2011-04-21 17:23:42-04:00,1.0
2011-04-21 17:23:45-04:00,0.25
2011-04-21 17:23:48-04:00,0.0
2011-04-21 17:23:51-04:00,0.5
2011-04-21 17:23:54-04:00,0.6666666666666667
2011-04-21 17:23:57-04:00,0.0
2011-04-21 17:24:00-04:00,0.0
2011-04-21 17:24:03-04:00,0.0
2011-04-21 17:24:06-04:00,0.0
2011-04-21 17:24:09-04:00,0.0
2011-04-21 17:24:12-04:00,0.0
2011-04-21 17:24:15-04:00,0.0
2011-04-21 17:24:18-04:00,0.0
2011-04-21 17:24:21-04:00,0.0
2011-04-21 17:24:24-04:00,0.0
2011-04-21 17:24:27-04:00,0.0
2011-04-21 17:24:30-04:00,0.0
2011-04-21 17:24:33-04:00,0.0
2011-04-21 17:24:36-04:00,0.0
2011-04-21 17:24:39-04:00,0.0
2011-04-21 17:24:42-04:00,0.75
2011-04-21 17:24:45-04:00,0.33333333333333337
2011-04-21 17:24:48-04:00,0.0
2011-04-21 17:24:51-04:00,0.5
2011-04-21 17:24:54-04:00,0.6666666666666667
2011-04-21 17:24:57-04:00,0.25
2011-04-21 17:25:00-04:00,1.0
2011-04-21 17:25:03-04:00,0.0
2011-04-21 17:25:06-04:00,0.0
2011-04-21 17:25:09-04:00,0.6666666666666666
2011-04-21 17:25:12-04:00,0.5
2011-04-21 17:25:15-04:00,0.3333333333333333
2011-04-21 17:25:18-04:00,0.6666666666666667
2011-04-21 17:25:21-04:00,0.0
2011-04-21 17:25:24-04:00,0.0
2011-04-21 17:25:27-04:00,0.0
2011-04-21 17:25:30-04:00,0.0
2011-04-21 17:25:33-04:00,0.0
2011-04-21 17:25:36-04:00,0.0
2011-04-21 17:25:39-04:00,0.0
2011-04-21 17:25:42-04:00,0.0
2011-04-21 17:25:45-04:00,0.0
2011-04-21 17:25:48-04:00,0.0
2011-04-21 17:25:51-04:00,0.0
2011-04-21 17:25:54-04:00,0.3333333333333333
2011-04-21 17:25:57-04:00,0.75
2011-04-21 17:26:00-04:00,0.0
2011-04-21 17:26:03-04:00,1.0
2011-04-21 17:26:06-04:00,1.0
2011-04-21 17:26:09-04:00,0.33333333333333337
2011-04-21 17:26:12-04:00,0.0
2011-04-21 17:26:15-04:00,0.0
2011-04-21 17:26:18-04:00,0.0
2011-04-21 17:26:21-04:00,0.0
2011-04-21 17:26:24-04:00,0.0
2011-04-21 17:26:27-04:00,0.0
2011-04-21 17:26:30-04:00,0.0
2011-04-21 17:26:33-04:00,0.0
2011-04-21 17:26:36-04:00,0.0
2011-04-21 17:26:39-04:00,0.0
2011-04-21 17:26:42-04:00,0.0
2011-04-21 17:26:45-04:00,0.5
2011-04-21 17:26:48-04:00,0.6666666666666667
2011-04-21 17:26:51-04:00,0.0
2011-04-21 17:26:54-04:00,0.25
2011-04-21 17:26:57-04:00,1.0
2011-04-21 17:27:00-04:00,0.0
2011-04-21 17:27:03-04:00,0.75
2011-04-21 17:27:06-04:00,1.0
2011-04-21 17:27:09-04:00,0.33333333333333337
2011-04-21 17:27:12-04:00,0.0
2011-04-21 17:27:15-04:00,0.3333333333333333
2011-04-21 17:27:18-04:00,1.0
2011-04-21 17:27:21-04:00,1.0
2011-04-21 17:27:24-04:00,1.0
2011-04-21 17:27:27-04:00,1.0
2011-04-21 17:27:30-04:00,1.0
2011-04-21 17:27:33-04:00,1.0
2011-04-21 17:27:36-04:00,1.0
2011-04-21 17:27:39-04:00,0.25
2011-04-21 17:27:42-04:00,0.6666666666666666
2011-04-21 17:27:45-04:00,1.0
2011-04-21 17:27:48-04:00,0.6666666666666667
2011-04-21 17:27:51-04:00,0.0
2011-04-21 17:27:54-04:00,0.0
2011-04-21 17:27:57-04:00,0.0
2011-04-21 17:28:00-04:00,0.0
2011-04-21 17:28:03-04:00,0.0
2011-04-21 17:28:06-04:00,0.0
2011-04-21 17:28:09-04:00,0.3333333333333333
2011-04-21 17:28:12-04:00,1.0
2011-04-21 17:28:15-04:00,1.0
2011-04-21 17:28:18-04:00,0.0
2011-04-21 17:28:21-04:00,1.0
2011-04-21 17:28:24-04:00,0.25
2011-04-21 17:28:27-04:00,0.0
2011-04-21 17:28:30-04:00,0.0
2011-04-21 17:28:33-04:00,0.0
2011-04-21 17:28:36-04:00,0.6666666666666666
2011-04-21 17:28:39-04:00,1.0
2011-04-21 17:28:42-04:00,0.5
2011-04-21 17:28:45-04:00,0.3333333333333333
2011-04-21 17:28:48-04:00,0.6666666666666667
2011-04-21 17:28:51-04:00,0.25
2011-04-21 17:28:54-04:00,1.0
2011-04-21 17:28:57-04:00,1.0
2011-04-21 17:29:00-04:00,0.25
2011-04-21 17:29:03-04:00,0.6666666666666666
2011-04-21 17:29:06-04:00,0.5
2011-04-21 17:29:09-04:00,0.0
2011-04-21 17:29:12-04:00,0.25
2011-04-21 17:29:15-04:00,1.0
2011-04-21 17:29:18-04:00,1.0
2011-04-21 17:29:21-04:00,1.0
2011-04-21 17:29:24-04:00,1.0
2011-04-21 17:29:27-04:00,0.7777777777777778
2011-04-21 17:29:30-04:00,0.4444444444444444
2011-04-21 17:29:33-04:00,0.11111111111111116
2011-04-21 17:29:36-04:00,0.0
2011-04-21 17:29:39-04:00,0.5
2011-04-21 17:29:42-04:00,0.6666666666666667
2011-04-21 17:29:45-04:00,0.0
2011-04-21 17:29:48-04:00,0.0
2011-04-21 17:29:51-04:00,1.0
2011-04-21 17:29:54-04:00,1.0
2011-04-21 17:29:57-04:00,1.0
2011-04-21 17:30:00-04:00,0.33333333333333337
2011-04-21 17:30:03-04:00,0.5
2011-04-21 17:30:06-04:00,1.0
2011-04-21 17:30:09-04:00,1.0
2011-04-21 17:30:12-04:00,1.0
2011-04-21 17:30:15-04:00,0.0
2011-04-21 17:30:18-04:00,0.75
2011-04-21 17:30:21-04:00,1.0
2011-04-21 17:30:24-04:00,0.33333333333333337
2011-04-21 17:30:27-04:00,0.0
2011-04-21 17:30:30-04:00,0.0
2011-04-21 17:30:33-04:00,0.0
2011-04-21 17:30:36-04:00,0.0
2011-04-21 17:30:39-04:00,0.5
2011-04-21 17:30:42-04:00,0.6666666666666667
2011-04-21 17:30:45-04:00,0.25
2011-04-21 17:30:48-04:00,1.0
2011-04-21 17:30:51-04:00,0.0
2011-04-21 17:30:54-04:00,0.75
2011-04-21 17:30:57-04:00,0.33333333333333337
2011-04-21 17:31:00-04:00,0.0
2011-04-21 17:31:03-04:00,0.0
2011-04-21 17:31:06-04:00,0.3333333333333333
2011-04-21 17:31:09-04:00,0.75
2011-04-21 17:31:12-04:00,0.0
2011-04-21 17:31:15-04:00,1.0
2011-04-21 17:31:18-04:00,1.0
2011-04-21 17:31:21-04:00,1.0
2011-04-21 17:31:24-04:00,1.0
2011-04-21 17:31:27-04:00,1.0
2011-04-21 17:31:30-04:00,1.0
2011-04-21 17:31:33-04:00,1.0
2011-04-21 17:31:36-04:00,0.6666666666666667
2011-04-21 17:31:39-04:00,0.25
2011-04-21 17:31:42-04:00,1.0
2011-04-21 17:31:45-04:00,0.0
2011-04-21 17:31:48-04:00,0.0
2011-04-21 17:31:51-04:00,0.0
2011-04-21 17:31:54-04:00,0.0
2011-04-21 17:31:57-04:00,0.3333333333333333
2011-04-21 17:32:00-04:00,1.0
2011-04-21 17:32:03-04:00,1.0
2011-04-21 17:32:06-04:00,1.0
2011-04-21 17:32:09-04:00,0.0
2011-04-21 17:32:12-04:00,0.0
2011-04-21 17:32:15-04:00,0.6666666666666666
2011-04-21 17:32:18-04:00,0.33333333333333337
2011-04-21 17:32:21-04:00,0.5
2011-04-21 17:32:24-04:00,1.0
2011-04-21 17:32:27-04:00,1.0
2011-04-21 17:32:30-04:00,1.0
2011-04-21 17:32:33-04:00,1.0
2011-04-21 17:32:36-04:00,0.6666666666666667
2011-04-21 17:32:39-04:00,0.0
2011-04-21 17:32:42-04:00,0.0
2011-04-21 17:32:45-04:00,1.0
2011-04-21 17:32:48-04:00,0.0
2011-04-21 17:32:51-04:00,0.0
2011-04-21 17:32:54-04:00,0.6666666666666666
2011-04-21 17:32:57-04:00,0.5
2011-04-21 17:33:00-04:00,0.3333333333333333
2011-04-21 17:33:03-04:00,1.0
2011-04-21 17:33:06-04:00,1.0
2011-04-21 17:33:09-04:00,1.0
2011-04-21 17:33:12-04:00,1.0
2011-04-21 17:33:15-04:00,0.33333333333333337
2011-04-21 17:33:18-04:00,0.0
2011-04-21 17:33:21-04:00,0.0
2011-04-21 17:33:24-04:00,0.3333333333333333
2011-04-21 17:33:27-04:00,1.0
2011-04-21 17:33:30-04:00,1.0
2011-04-21 17:33:33-04:00,1.0
2011-04-21 17:33:36-04:00,1.0
2011-04-21 17:33:39-04:00,1.0
2011-04-21 17:33:42-04:00,0.75
2011-04-21 17:33:45-04:00,0.0
2011-04-21 17:33:48-04:00,1.0
2011-04-21 17:33:51-04:00,0.25
2011-04-21 17:33:54-04:00,0.6666666666666666
2011-04-21 17:33:57-04:00,1.0
2011-04-21 17:34:00-04:00,0.6666666666666667
2011-04-21 17:34:03-04:00,0.25
2011-04-21 17:34:06-04:00,1.0
2011-04-21 17:34:09-04:00,0.0
2011-04-21 17:34:12-04:00,0.75
2011-04-21 17:34:15-04:00,1.0
2011-04-21 17:34:18-04:00,0.33333333333333337
2011-04-21 17:34:21-04:00,0.0
2011-04-21 17:34:24-04:00,0.3333333333333333
2011-04-21 17:34:27-04:00,0.8888888888888888
2011-04-21 17:34:30-04:00,0.5555555555555556
2011-04-21 17:34:33-04:00,0.2222222222222222
2011-04-21 17:34:36-04:00,0.0
2011-04-21 17:34:39-04:00,0.0
2011-04-21 17:34:42-04:00,0.0
2011-04-21 17:34:45-04:00,0.0
2011-04-21 17:34:48-04:00,0.0
2011-04-21 17:34:51-04:00,0.0
2011-04-21 17:34:54-04:00,0.0
2011-04-21 17:34:57-04:00,0.0
2011-04-21 17:35:00-04:00,0.3333333333333333
2011-04-21 17:35:03-04:00,0.75
2011-04-21 17:35:06-04:00,0.0
2011-04-21 17:35:09-04:00,0.0
2011-04-21 17:35:12-04:00,0.0
2011-04-21 17:35:15-04:00,0.6666666666666666
2011-04-21 17:35:18-04:00,0.5
2011-04-21 17:35:21-04:00,0.0
2011-04-21 17:35:24-04:00,0.0
2011-04-21 17:35:27-04:00,0.0
2011-04-21 17:35:30-04:00,0.0
2011-04-21 17:35:33-04:00,0.0
2011-04-21 17:35:36-04:00,0.0
2011-04-21 17:35:39-04:00,0.0
2011-04-21 17:35:42-04:00,1.0
2011-04-21 17:35:45-04:00,0.25
2011-04-21 17:35:48-04:00,0.6666666666666666
2011-04-21 17:35:51-04:00,1.0
2011-04-21 17:35:54-04:00,0.6666666666666667
2011-04-21 17:35:57-04:00,0.0
2011-04-21 17:36:00-04:00,0.0
2011-04-21 17:36:03-04:00,0.0
2011-04-21 17:36:06-04:00,0.0
2011-04-21 17:36:09-04:00,0.0
2011-04-21 17:36:12-04:00,0.6666666666666666
2011-04-21 17:36:15-04:00,1.0
2011-04-21 17:36:18-04:00,0.5
2011-04-21 17:36:21-04:00,0.3333333333333333
2011-04-21 17:36:24-04:00,0.75
2011-04-21 17:36:27-04:00,0.0
2011-04-21 17:36:30-04:00,0.0
2011-04-21 17:36:33-04:00,0.0
2011-04-21 17:36:36-04:00,0.0
2011-04-21 17:36:39-04:00,0.0
2011-04-21 17:36:42-04:00,0.0
2011-04-21 17:36:45-04:00,0.0
2011-04-21 17:36:48-04:00,0.0
2011-04-21 17:36:51-04:00,0.5
2011-04-21 17:36:54-04:00,0.6666666666666667
2011-04-21 17:36:57-04:00,0.0
2011-04-21 17:37:00-04:00,0.0
2011-04-21 17:37:03-04:00,1.0
2011-04-21 17:37:06-04:00,0.25
2011-04-21 17:37:09-04:00,0.6666666666666666
2011-04-21 17:37:12-04:00,1.0
2011-04-21 17:37:15-04:00,0.6666666666666667
2011-04-21 17:37:18-04:00,0.0
2011-04-21 17:37:21-04:00,0.0
2011-04-21 17:37:24-04:00,0.0
2011-04-21 17:37:27-04:00,0.0
2011-04-21 17:37:30-04:00,0.3333333333333333
2011-04-21 17:37:33-04:00,0.6666666666666666
2011-04-21 17:37:36-04:00,1.0
2011-04-21 17:37:39-04:00,1.0
2011-04-21 17:37:42-04:00,0.0
2011-04-21 17:37:45-04:00,0.75
2011-04-21 17:37:48-04:00,0.33333333333333337
2011-04-21 17:37:51-04:00,0.5
2011-04-21 17:37:54-04:00,1.0
2011-04-21 17:37:57-04:00,1.0
2011-04-21 17:38:00-04:00,0.0
2011-04-21 17:38:03-04:00,1.0
2011-04-21 17:38:06-04:00,0.25
2011-04-21 17:38:09-04:00,0.0
2011-04-21 17:38:12-04:00,0.5
2011-04-21 17:38:15-04:00,1.0
2011-04-21 17:38:18-04:00,0.75
2011-04-21 17:38:21-04:00,0.0
2011-04-21 17:38:24-04:00,0.0
2011-04-21 17:38:27-04:00,1.0
2011-04-21 17:38:30-04:00,0.6666666666666667
2011-04-21 17:38:33-04:00,0.33333333333333337
2011-04-21 17:38:36-04:00,0.0
2011-04-21 17:38:39-04:00,0.0
2011-04-21 17:38:42-04:00,1.0
2011-04-21 17:38:45-04:00,0.25
2011-04-21 17:38:48-04:00,0.0
2011-04-21 17:38:51-04:00,0.0
2011-04-21 17:38:54-04:00,0.0
2011-04-21 17:38:57-04:00,0.0
2011-04-21 17:39:00-04:00,0.25
2011-04-21 17:39:03-04:00,1.0
2011-04-21 17:39:06-04:00,0.0
2011-04-21 17:39:09-04:00,0.0
2011-04-21 17:39:12-04:00,0.6666666666666666
2011-04-21 17:39:15-04:00,0.5
2011-04-21 17:39:18-04:00,0.0
2011-04-21 17:39:21-04:00,0.0
2011-04-21 17:39:24-04:00,0.0
2011-04-21 17:39:27-04:00,0.0
2011-04-21 17:39:30-04:00,0.0
2011-04-21 17:39:33-04:00,0.0
2011-04-21 17:39:36-04:00,0.0
2011-04-21 17:39:39-04:00,0.0
2011-04-21 17:39:42-04:00,0.75
2011-04-21 17:39:45-04:00,0.33333333333333337
2011-04-21 17:39:48-04:00,0.6666666666666666
2011-04-21 17:39:51-04:00,0.5
2011-04-21 17:39:54-04:00,0.3333333333333333
2011-04-21 17:39:57-04:00,1.0
2011-04-21 17:40:00-04:00,1.0
2011-04-21 17:40:03-04:00,1.0
2011-04-21 17:40:06-04:00,0.0
2011-04-21 17:40:09-04:00,0.0
2011-04-21 17:40:12-04:00,0.6666666666666666
2011-04-21 17:40:15-04:00,1.0
2011-04-21 17:40:18-04:00,1.0
2011-04-21 17:40:21-04:00,0.75
2011-04-21 17:40:24-04:00,0.0
2011-04-21 17:40:27-04:00,0.0
2011-04-21 17:40:30-04:00,0.3333333333333333
2011-04-21 17:40:33-04:00,0.6666666666666666
2011-04-21 17:40:36-04:00,1.0
2011-04-21 17:40:39-04:00,1.0
2011-04-21 17:40:42-04:00,1.0
2011-04-21 17:40:45-04:00,1.0
2011-04-21 17:40:48-04:00,0.5
2011-04-21 17:40:51-04:00,0.0
2011-04-21 17:40:54-04:00,0.0
2011-04-21 17:40:57-04:00,0.25
2011-04-21 17:41:00-04:00,1.0
2011-04-21 17:41:03-04:00,0.0
2011-04-21 17:41:06-04:00,1.0
2011-04-21 17:41:09-04:00,1.0
2011-04-21 17:41:12-04:00,0.33333333333333337
2011-04-21 17:41:15-04:00,0.5
2011-04-21 17:41:18-04:00,0.6666666666666667
2011-04-21 17:41:21-04:00,0.0
2011-04-21 17:41:24-04:00,0.0
2011-04-21 17:41:27-04:00,0.0
2011-04-21 17:41:30-04:00,0.0
2011-04-21 17:41:33-04:00,0.0
2011-04-21 17:41:36-04:00,0.0
2011-04-21 17:41:39-04:00,0.75
2011-04-21 17:41:42-04:00,1.0
2011-04-21 17:41:45-04:00,1.0
2011-04-21 17:41:48-04:00,1.0
2011-04-21 17:41:51-04:00,1.0
2011-04-21 17:41:54-04:00,1.0
2011-04-21 17:41:57-04:00,1.0
2011-04-21 17:42:00-04:00,1.0
2011-04-21 17:42:03-04:00,0.33333333333333337
2011-04-21 17:42:06-04:00,0.0
2011-04-21 17:42:09-04:00,0.5
2011-04-21 17:42:12-04:00,0.6666666666666667
2011-04-21 17:42:15-04:00,0.0
2011-04-21 17:42:18-04:00,0.25
2011-04-21 17:42:21-04:00,1.0
2011-04-21 17:42:24-04:00,1.0
2011-04-21 17:42:27-04:00,1.0
2011-04-21 17:42:30-04:00,1.0
2011-04-21 17:42:33-04:00,1.0
2011-04-21 17:42:36-04:00,1.0
2011-04-21 17:42:39-04:00,1.0
2011-04-21 17:42:42-04:00,1.0
2011-04-21 17:42:45-04:00,0.6666666666666667
2011-04-21 17:42:48-04:00,0.25
2011-04-21 17:42:51-04:00,1.0
2011-04-21 17:42:54-04:00,1.0
2011-04-21 17:42:57-04:00,1.0
2011-04-21 17:43:00-04:00,0.33333333333333337
2011-04-21 17:43:03-04:00,0.5
2011-04-21 17:43:06-04:00,1.0
2011-04-21 17:43:09-04:00,1.0
2011-04-21 17:43:12-04:00,1.0
2011-04-21 17:43:15-04:00,1.0
2011-04-21 17:43:18-04:00,1.0
2011-04-21 17:43:21-04:00,1.0
2011-04-21 17:43:24-04:00,1.0
2011-04-21 17:43:27-04:00,0.7777777777777778
2011-04-21 17:43:30-04:00,0.4444444444444444
2011-04-21 17:43:33-04:00,0.11111111111111116
2011-04-21 17:43:36-04:00,0.6666666666666666
2011-04-21 17:43:39-04:00,1.0
2011-04-21 17:43:42-04:00,1.0
2011-04-21 17:43:45-04:00,0.6666666666666667
2011-04-21 17:43:48-04:00,0.25
2011-04-21 17:43:51-04:00,1.0
2011-04-21 17:43:54-04:00,1.0
2011-04-21 17:43:57-04:00,0.25
2011-04-21 17:44:00-04:00,0.0
2011-04-21 17:44:03-04:00,0.5
2011-04-21 17:44:06-04:00,0.6666666666666667
2011-04-21 17:44:09-04:00,0.0
2011-04-21 17:44:12-04:00,0.0
2011-04-21 17:44:15-04:00,1.0
2011-04-21 17:44:18-04:00,1.0
2011-04-21 17:44:21-04:00,1.0
2011-04-21 17:44:24-04:00,1.0
2011-04-21 17:44:27-04:00,0.875
2011-04-21 17:44:30-04:00,0.5
2011-04-21 17:44:33-04:00,0.125
2011-04-21 17:44:36-04:00,0.0
2011-04-21 17:44:39-04:00,0.0
2011-04-21 17:44:42-04:00,0.25
2011-04-21 17:44:45-04:00,1.0
2011-04-21 17:44:48-04:00,1.0
2011-04-21 17:44:51-04:00,1.0
2011-04-21 17:44:54-04:00,1.0
2011-04-21 17:44:57-04:00,1.0
2011-04-21 17:45:00-04:00,0.6666666666666667
2011-04-21 17:45:03-04:00,0.00014320492624946297
2011-04-21 17:45:06-04:00,0.0005728197049978519
2011-04-21 17:45:09-04:00,0.001002434483746241
2011-04-21 17:45:12-04:00,0.0014320492624946299
2011-04-21 17:45:15-04:00,0.0018616640412430188
2011-04-21 17:45:18-04:00,0.0022912788199914076
2011-04-21 17:45:21-04:00,0.0027208935987397967
2011-04-21 17:45:24-04:00,0.0031505083774881855
2011-04-21 17:45:27-04:00,0.0035801231562365746
2011-04-21 17:45:30-04:00,0.004009737934984964
2011-04-21 17:45:33-04:00,0.0044393527137333525
2011-04-21 17:45:36-04:00,0.004868967492481741
2011-04-21 17:45:39-04:00,0.00529858227123013
2011-04-21 17:45:42-04:00,0.0057281970499785196
2011-04-21 17:45:45-04:00,0.006157811828726908
2011-04-21 17:45:48-04:00,0.006587426607475297
2011-04-21 17:45:51-04:00,0.007017041386223686
2011-04-21 17:45:54-04:00,0.007446656164972075
2011-04-21 17:45:57-04:00,0.007876270943720464
2011-04-21 17:46:00-04:00,0.008305885722468853
2011-04-21 17:46:03-04:00,0.008735500501217242
2011-04-21 17:46:06-04:00,0.00916511527996563
2011-04-21 17:46:09-04:00,0.009594730058714019
2011-04-21 17:46:12-04:00,0.01002434483746241
2011-04-21 17:46:15-04:00,0.010453959616210798
2011-04-21 17:46:18-04:00,0.010883574394959187
2011-04-21 17:46:21-04:00,0.011313189173707576
2011-04-21 17:46:24-04:00,0.011742803952455964
2011-04-21 17:46:27-04:00,0.012172418731204353
2011-04-21 17:46:30-04:00,0.012602033509952742
2011-04-21 17:46:33-04:00,0.01303164828870113
2011-04-21 17:46:36-04:00,0.013461263067449521
2011-04-21 17:46:39-04:00,0.01389087784619791
2011-04-21 17:46:42-04:00,0.014320492624946298
2011-04-21 17:46:45-04:00,0.014750107403694687
2011-04-21 17:46:48-04:00,0.015179722182443076
2011-04-21 17:46:51-04:00,0.015609336961191465
2011-04-21 17:46:54-04:00,0.016038951739939855
2011-04-21 17:46:57-04:00,0.016468566518688242
2011-04-21 17:47:00-04:00,0.016898181297436633
2011-04-21 17:47:03-04:00,0.01732779607618502
2011-04-21 17:47:06-04:00,0.01775741085493341
2011-04-21 17:47:09-04:00,0.018187025633681797
2011-04-21 17:47:12-04:00,0.018616640412430187
2011-04-21 17:47:15-04:00,0.019046255191178578
2011-04-21 17:47:18-04:00,0.019475869969926965
2011-04-21 17:47:21-04:00,0.019905484748675355
2011-04-21 17:47:24-04:00,0.020335099527423742
2011-04-21 17:47:27-04:00,0.020764714306172133
2011-04-21 17:47:30-04:00,0.02119432908492052
2011-04-21 17:47:33-04:00,0.02162394386366891
2011-04-21 17:47:36-04:00,0.022053558642417297
2011-04-21 17:47:39-04:00,0.022483173421165688
2011-04-21 17:47:42-04:00,0.022912788199914078
2011-04-21 17:47:45-04:00,0.023342402978662465
2011-04-21 17:47:48-04:00,0.023772017757410856
2011-04-21 17:47:51-04:00,0.024201632536159243
2011-04-21 17:47:54-04:00,0.024631247314907633
2011-04-21 17:47:57-04:00,0.02506086209365602
2011-04-21 17:48:00-04:00,0.02549047687240441
2011-04-21 17:48:03-04:00,0.0259200916511528
2011-04-21 17:48:06-04:00,0.026349706429901188
2011-04-21 17:48:09-04:00,0.02677932120864958
2011-04-21 17:48:12-04:00,0.027208935987397966
2011-04-21 17:48:15-04:00,0.027638550766146356
2011-04-21 17:48:18-04:00,0.028068165544894743
2011-04-21 17:48:21-04:00,0.028497780323643133
2011-04-21 17:48:24-04:00,0.02892739510239152
2011-04-21 17:48:27-04:00,0.02935700988113991
2011-04-21 17:48:30-04:00,0.0297866246598883
2011-04-21 17:48:33-04:00,0.03021623943863669
2011-04-21 17:48:36-04:00,0.03064585421738508
2011-04-21 17:48:39-04:00,0.031075468996133466
2011-04-21 17:48:42-04:00,0.031505083774881856
2011-04-21 17:48:45-04:00,0.03193469855363024
2011-04-21 17:48:48-04:00,0.03236431333237863
2011-04-21 17:48:51-04:00,0.032793928111127024
2011-04-21 17:48:54-04:00,0.03322354288987541
2011-04-21 17:48:57-04:00,0.0336531576686238
2011-04-21 17:49:00-04:00,0.03408277244737219
2011-04-21 17:49:03-04:00,0.03451238722612058
2011-04-21 17:49:06-04:00,0.034942002004868966
2011-04-21 17:49:09-04:00,0.03537161678361735
2011-04-21 17:49:12-04:00,0.03580123156236575
2011-04-21 17:49:15-04:00,0.036230846341114134
2011-04-21 17:49:18-04:00,0.03666046111986252
2011-04-21 17:49:21-04:00,0.037090075898610915
2011-04-21 17:49:24-04:00,0.0375196906773593
2011-04-21 17:49:27-04:00,0.03794930545610769
2011-04-21 17:49:30-04:00,0.038378920234856076
2011-04-21 17:49:33-04:00,0.03880853501360447
2011-04-21 17:49:36-04:00,0.03923814979235286
2011-04-21 17:49:39-04:00,0.039667764571101244
2011-04-21 17:49:42-04:00,0.04009737934984964
2011-04-21 17:49:45-04:00,0.040526994128598025
2011-04-21 17:49:48-04:00,0.04095660890734641
2011-04-21 17:49:51-04:00,0.0413862236860948
2011-04-21 17:49:54-04:00,0.04181583846484319
2011-04-21 17:49:57-04:00,0.04224545324359158
2011-04-21 17:50:00-04:00,0.04267506802233997
2011-04-21 17:50:03-04:00,0.04310468280108836
2011-04-21 17:50:06-04:00,0.04353429757983675
2011-04-21 17:50:09-04:00,0.043963912358585135
2011-04-21 17:50:12-04:00,0.04439352713733352
2011-04-21 17:50:15-04:00,0.044823141916081916
2011-04-21 17:50:18-04:00,0.0452527566948303
2011-04-21 17:50:21-04:00,0.04568237147357869
2011-04-21 17:50:24-04:00,0.04611198625232708
2011-04-21 17:50:27-04:00,0.04654160103107547
2011-04-21 17:50:30-04:00,0.04697121580982386
2011-04-21 17:50:33-04:00,0.047400830588572244
2011-04-21 17:50:36-04:00,0.04783044536732064
2011-04-21 17:50:39-04:00,0.048260060146069025
2011-04-21 17:50:42-04:00,0.04868967492481741
2011-04-21 17:50:45-04:00,0.0491192897035658
2011-04-21 17:50:48-04:00,0.04954890448231419
2011-04-21 17:50:51-04:00,0.04997851926106258
2011-04-21 17:50:54-04:00,0.05040813403981097
2011-04-21 17:50:57-04:00,0.05083774881855936
2011-04-21 17:51:00-04:00,0.05126736359730775
2011-04-21 17:51:03-04:00,0.051696978376056135
2011-04-21 17:51:06-04:00,0.05212659315480452
2011-04-21 17:51:09-04:00,0.052556207933552916
2011-04-21 17:51:12-04:00,0.0529858227123013
2011-04-21 17:51:15-04:00,0.05341543749104969
2011-04-21 17:51:18-04:00,0.053845052269798084
2011-04-21 17:51:21-04:00,0.05427466704854647
2011-04-21 17:51:24-04:00,0.05470428182729486
2011-04-21 17:51:27-04:00,0.055133896606043245
2011-04-21 17:51:30-04:00,0.05556351138479164
2011-04-21 17:51:33-04:00,0.055993126163540026
2011-04-21 17:51:36-04:00,0.05642274094228841
2011-04-21 17:51:39-04:00,0.0568523557210368
2011-04-21 17:51:42-04:00,0.057281970499785194
2011-04-21 17:51:45-04:00,0.05771158527853358
2011-04-21 17:51:48-04:00,0.05814120005728197
2011-04-21 17:51:51-04:00,0.05857081483603036
2011-04-21 17:51:54-04:00,0.05900042961477875
2011-04-21 17:51:57-04:00,0.059430044393527136
2011-04-21 17:52:00-04:00,0.05985965917227552
2011-04-21 17:52:03-04:00,0.06028927395102392
2011-04-21 17:52:06-04:00,0.060718888729772304
2011-04-21 17:52:09-04:00,0.06114850350852069
2011-04-21 17:52:12-04:00,0.061578118287269085
2011-04-21 17:52:15-04:00,0.06200773306601747
2011-04-21 17:52:18-04:00,0.06243734784476586
2011-04-21 17:52:21-04:00,0.06286696262351425
2011-04-21 17:52:24-04:00,0.06329657740226263
2011-04-21 17:52:27-04:00,0.06372619218101103
2011-04-21 17:52:30-04:00,0.06415580695975942
2011-04-21 17:52:33-04:00,0.0645854217385078
2011-04-21 17:52:36-04:00,0.0650150365172562
2011-04-21 17:52:39-04:00,0.06544465129600459
2011-04-21 17:52:42-04:00,0.06587426607475297
2011-04-21 17:52:45-04:00,0.06630388085350136
2011-04-21 17:52:48-04:00,0.06673349563224974
2011-04-21 17:52:51-04:00,0.06716311041099814
2011-04-21 17:52:54-04:00,0.06759272518974653
2011-04-21 17:52:57-04:00,0.06802233996849491
2011-04-21 17:53:00-04:00,0.0684519547472433
2011-04-21 17:53:03-04:00,0.0688815695259917
2011-04-21 17:53:06-04:00,0.06931118430474008
2011-04-21 17:53:09-04:00,0.06974079908348847
2011-04-21 17:53:12-04:00,0.07017041386223687
2011-04-21 17:53:15-04:00,0.07060002864098525
2011-04-21 17:53:18-04:00,0.07102964341973364
2011-04-21 17:53:21-04:00,0.07145925819848203
2011-04-21 17:53:24-04:00,0.07188887297723041
2011-04-21 17:53:27-04:00,0.07231848775597881
2011-04-21 17:53:30-04:00,0.07274810253472719
2011-04-21 17:53:33-04:00,0.07317771731347558
2011-04-21 17:53:36-04:00,0.07360733209222398
2011-04-21 17:53:39-04:00,0.07403694687097236
2011-04-21 17:53:42-04:00,0.07446656164972075
2011-04-21 17:53:45-04:00,0.07489617642846914
2011-04-21 17:53:48-04:00,0.07532579120721752
2011-04-21 17:53:51-04:00,0.07575540598596592
2011-04-21 17:53:54-04:00,0.07618502076471431
2011-04-21 17:53:57-04:00,0.07661463554346269
2011-04-21 17:54:00-04:00,0.07704425032221109
2011-04-21 17:54:03-04:00,0.07747386510095947
2011-04-21 17:54:06-04:00,0.07790347987970786
2011-04-21 17:54:09-04:00,0.07833309465845625
2011-04-21 17:54:12-04:00,0.07876270943720463
2011-04-21 17:54:15-04:00,0.07919232421595303
2011-04-21 17:54:18-04:00,0.07962193899470142
2011-04-21 17:54:21-04:00,0.0800515537734498
2011-04-21 17:54:24-04:00,0.0804811685521982
2011-04-21 17:54:27-04:00,0.08091078333094659
2011-04-21 17:54:30-04:00,0.08134039810969497
2011-04-21 17:54:33-04:00,0.08177001288844336
2011-04-21 17:54:36-04:00,0.08219962766719176
2011-04-21 17:54:39-04:00,0.08262924244594014
2011-04-21 17:54:42-04:00,0.08305885722468853
2011-04-21 17:54:45-04:00,0.08348847200343691
2011-04-21 17:54:48-04:00,0.0839180867821853
2011-04-21 17:54:51-04:00,0.0843477015609337
2011-04-21 17:54:54-04:00,0.08477731633968208
2011-04-21 17:54:57-04:00,0.08520693111843047
2011-04-21 17:55:00-04:00,0.08563654589717887
2011-04-21 17:55:03-04:00,0.08606616067592725
2011-04-21 17:55:06-04:00,0.08649577545467564
2011-04-21 17:55:09-04:00,0.08692539023342404
2011-04-21 17:55:12-04:00,0.08735500501217242
2011-04-21 17:55:15-04:00,0.08778461979092081
2011-04-21 17:55:18-04:00,0.08821423456966919
2011-04-21 17:55:21-04:00,0.08864384934841758
2011-04-21 17:55:24-04:00,0.08907346412716598
2011-04-21 17:55:27-04:00,0.08950307890591436
2011-04-21 17:55:30-04:00,0.08993269368466275
2011-04-21 17:55:33-04:00,0.09036230846341115
2011-04-21 17:55:36-04:00,0.09079192324215953
2011-04-21 17:55:39-04:00,0.09122153802090792
2011-04-21 17:55:42-04:00,0.09165115279965631
2011-04-21 17:55:45-04:00,0.0920807675784047
2011-04-21 17:55:48-04:00,0.09251038235715309
2011-04-21 17:55:51-04:00,0.09293999713590148
2011-04-21 17:55:54-04:00,0.09336961191464986
2011-04-21 17:55:57-04:00,0.09379922669339825
2011-04-21 17:56:00-04:00,0.09422884147214663
2011-04-21 17:56:03-04:00,0.09465845625089503
2011-04-21 17:56:06-04:00,0.09508807102964342
2011-04-21 17:56:09-04:00,0.0955176858083918
2011-04-21 17:56:12-04:00,0.0959473005871402
2011-04-21 17:56:15-04:00,0.09637691536588859
2011-04-21 17:56:18-04:00,0.09680653014463697
2011-04-21 17:56:21-04:00,0.09723614492338536
2011-04-21 17:56:24-04:00,0.09766575970213376
2011-04-21 17:56:27-04:00,0.09809537448088214
2011-04-21 17:56:30-04:00,0.09852498925963053
2011-04-21 17:56:33-04:00,0.09895460403837893
2011-04-21 17:56:36-04:00,0.0993842188171273
2011-04-21 17:56:39-04:00,0.0998138335958757
2011-04-21 17:56:42-04:00,0.10024344837462408
2011-04-21 17:56:45-04:00,0.10067306315337247
2011-04-21 17:56:48-04:00,0.10110267793212087
2011-04-21 17:56:51-04:00,0.10153229271086925
2011-04-21 17:56:54-04:00,0.10196190748961764
2011-04-21 17:56:57-04:00,0.10239152226836604
2011-04-21 17:57:00-04:00,0.10282113704711442
2011-04-21 17:57:03-04:00,0.10325075182586281
2011-04-21 17:57:06-04:00,0.1036803666046112
2011-04-21 17:57:09-04:00,0.10410998138335958
2011-04-21 17:57:12-04:00,0.10453959616210798
2011-04-21 17:57:15-04:00,0.10496921094085636
2011-04-21 17:57:18-04:00,0.10539882571960475
2011-04-21 17:57:21-04:00,0.10582844049835315
2011-04-21 17:57:24-04:00,0.10625805527710153
2011-04-21 17:57:27-04:00,0.10668767005584992
2011-04-21 17:57:30-04:00,0.10711728483459831
2011-04-21 17:57:33-04:00,0.1075468996133467
2011-04-21 17:57:36-04:00,0.10797651439209509
2011-04-21 17:57:39-04:00,0.10840612917084348
2011-04-21 17:57:42-04:00,0.10883574394959186
2011-04-21 17:57:45-04:00,0.10926535872834026
2011-04-21 17:57:48-04:00,0.10969497350708865
2011-04-21 17:57:51-04:00,0.11012458828583703
2011-04-21 17:57:54-04:00,0.11055420306458542
2011-04-21 17:57:57-04:00,0.1109838178433338
2011-04-21 17:58:00-04:00,0.1114134326220822
2011-04-21 17:58:03-04:00,0.11184304740083059
2011-04-21 17:58:06-04:00,0.11227266217957897
2011-04-21 17:58:09-04:00,0.11270227695832737
2011-04-21 17:58:12-04:00,0.11313189173707576
2011-04-21 17:58:15-04:00,0.11356150651582414
2011-04-21 17:58:18-04:00,0.11399112129457253
2011-04-21 17:58:21-04:00,0.11442073607332093
2011-04-21 17:58:24-04:00,0.11485035085206931
2011-04-21 17:58:27-04:00,0.1152799656308177
2011-04-21 17:58:30-04:00,0.11570958040956608
2011-04-21 17:58:33-04:00,0.11613919518831448
2011-04-21 17:58:36-04:00,0.11656880996706287
2011-04-21 17:58:39-04:00,0.11699842474581125
2011-04-21 17:58:42-04:00,0.11742803952455964
2011-04-21 17:58:45-04:00,0.11785765430330804
2011-04-21 17:58:48-04:00,0.11828726908205642
2011-04-21 17:58:51-04:00,0.11871688386080481
2011-04-21 17:58:54-04:00,0.1191464986395532
2011-04-21 17:58:57-04:00,0.11957611341830159
2011-04-21 17:59:00-04:00,0.12000572819704998
2011-04-21 17:59:03-04:00,0.12043534297579837
2011-04-21 17:59:06-04:00,0.12086495775454675
2011-04-21 17:59:09-04:00,0.12129457253329515
2011-04-21 17:59:12-04:00,0.12172418731204353
2011-04-21 17:59:15-04:00,0.12215380209079192
2011-04-21 17:59:18-04:00,0.12258341686954032
2011-04-21 17:59:21-04:00,0.1230130316482887
2011-04-21 17:59:24-04:00,0.12344264642703709
2011-04-21 17:59:27-04:00,0.12387226120578548
2011-04-21 17:59:30-04:00,0.12430187598453386
2011-04-21 17:59:33-04:00,0.12473149076328226
2011-04-21 17:59:36-04:00,0.12516110554203064
2011-04-21 17:59:39-04:00,0.12559072032077903
2011-04-21 17:59:42-04:00,0.12602033509952743
2011-04-21 17:59:45-04:00,0.12644994987827582
2011-04-21 17:59:48-04:00,0.1268795646570242
2011-04-21 17:59:51-04:00,0.12730917943577258
2011-04-21 17:59:54-04:00,0.12773879421452097
2011-04-21 17:59:57-04:00,0.12816840899326937
2011-04-21 18:00:00-04:00,0.12859802377201776
2011-04-21 18:00:03-04:00,0.12902763855076615
2011-04-21 18:00:06-04:00,0.12945725332951452
2011-04-21 18:00:09-04:00,0.12988686810826292
2011-04-21 18:00:12-04:00,0.1303164828870113
2011-04-21 18:00:15-04:00,0.1307460976657597
2011-04-21 18:00:18-04:00,0.1311757124445081
2011-04-21 18:00:21-04:00,0.1316053272232565
2011-04-21 18:00:24-04:00,0.13203494200200486
2011-04-21 18:00:27-04:00,0.13246455678075325
2011-04-21 18:00:30-04:00,0.13289417155950164
2011-04-21 18:00:33-04:00,0.13332378633825004
2011-04-21 18:00:36-04:00,0.13375340111699843
2011-04-21 18:00:39-04:00,0.13418301589574683
2011-04-21 18:00:42-04:00,0.1346126306744952
2011-04-21 18:00:45-04:00,0.1350422454532436
2011-04-21 18:00:48-04:00,0.13547186023199198
2011-04-21 18:00:51-04:00,0.13590147501074037
2011-04-21 18:00:54-04:00,0.13633108978948877
2011-04-21 18:00:57-04:00,0.13676070456823713
2011-04-21 18:01:00-04:00,0.13719031934698553
2011-04-21 18:01:03-04:00,0.13761993412573392
2011-04-21 18:01:06-04:00,0.13804954890448232
2011-04-21 18:01:09-04:00,0.1384791636832307
2011-04-21 18:01:12-04:00,0.1389087784619791
2011-04-21 18:01:15-04:00,0.13933839324072747
2011-04-21 18:01:18-04:00,0.13976800801947586
2011-04-21 18:01:21-04:00,0.14019762279822426
2011-04-21 18:01:24-04:00,0.14062723757697265
2011-04-21 18:01:27-04:00,0.14105685235572105
2011-04-21 18:01:30-04:00,0.1414864671344694
2011-04-21 18:01:33-04:00,0.1419160819132178
2011-04-21 18:01:36-04:00,0.1423456966919662
2011-04-21 18:01:39-04:00,0.1427753114707146
2011-04-21 18:01:42-04:00,0.143204926249463
2011-04-21 18:01:45-04:00,0.14363454102821138
2011-04-21 18:01:48-04:00,0.14406415580695975
2011-04-21 18:01:51-04:00,0.14449377058570814
2011-04-21 18:01:54-04:00,0.14492338536445654
2011-04-21 18:01:57-04:00,0.14535300014320493
2011-04-21 18:02:00-04:00,0.14578261492195332
2011-04-21 18:02:03-04:00,0.1462122297007017
2011-04-21 18:02:06-04:00,0.14664184447945008
2011-04-21 18:02:09-04:00,0.14707145925819848
2011-04-21 18:02:12-04:00,0.14750107403694687
2011-04-21 18:02:15-04:00,0.14793068881569527
2011-04-21 18:02:18-04:00,0.14836030359444366
2011-04-21 18:02:21-04:00,0.14878991837319203
2011-04-21 18:02:24-04:00,0.14921953315194042
2011-04-21 18:02:27-04:00,0.14964914793068881
2011-04-21 18:02:30-04:00,0.1500787627094372
2011-04-21 18:02:33-04:00,0.1505083774881856
2011-04-21 18:02:36-04:00,0.15093799226693397
2011-04-21 18:02:39-04:00,0.15136760704568236
2011-04-21 18:02:42-04:00,0.15179722182443076
2011-04-21 18:02:45-04:00,0.15222683660317915
2011-04-21 18:02:48-04:00,0.15265645138192754
2011-04-21 18:02:51-04:00,0.15308606616067594
2011-04-21 18:02:54-04:00,0.1535156809394243
2011-04-21 18:02:57-04:00,0.1539452957181727
2011-04-21 18:03:00-04:00,0.1543749104969211
2011-04-21 18:03:03-04:00,0.15480452527566949
2011-04-21 18:03:06-04:00,0.15523414005441788
2011-04-21 18:03:09-04:00,0.15566375483316627
2011-04-21 18:03:12-04:00,0.15609336961191464
2011-04-21 18:03:15-04:00,0.15652298439066303
2011-04-21 18:03:18-04:00,0.15695259916941143
2011-04-21 18:03:21-04:00,0.15738221394815982
2011-04-21 18:03:24-04:00,0.15781182872690822
2011-04-21 18:03:27-04:00,0.15824144350565658
2011-04-21 18:03:30-04:00,0.15867105828440498
2011-04-21 18:03:33-04:00,0.15910067306315337
2011-04-21 18:03:36-04:00,0.15953028784190176
2011-04-21 18:03:39-04:00,0.15995990262065016
2011-04-21 18:03:42-04:00,0.16038951739939855
2011-04-21 18:03:45-04:00,0.16081913217814692
2011-04-21 18:03:48-04:00,0.1612487469568953
2011-04-21 18:03:51-04:00,0.1616783617356437
2011-04-21 18:03:54-04:00,0.1621079765143921
2011-04-21 18:03:57-04:00,0.1625375912931405
2011-04-21 18:04:00-04:00,0.16296720607188886
2011-04-21 18:04:03-04:00,0.16339682085063725
2011-04-21 18:04:06-04:00,0.16382643562938565
2011-04-21 18:04:09-04:00,0.16425605040813404
2011-04-21 18:04:12-04:00,0.16468566518688244
2011-04-21 18:04:15-04:00,0.16511527996563083
2011-04-21 18:04:18-04:00,0.1655448947443792
2011-04-21 18:04:21-04:00,0.1659745095231276
2011-04-21 18:04:24-04:00,0.16640412430187598
2011-04-21 18:04:27-04:00,0.16683373908062438
2011-04-21 18:04:30-04:00,0.16726335385937277
2011-04-21 18:04:33-04:00,0.16769296863812114
2011-04-21 18:04:36-04:00,0.16812258341686953
2011-04-21 18:04:39-04:00,0.16855219819561792
2011-04-21 18:04:42-04:00,0.16898181297436632
2011-04-21 18:04:45-04:00,0.1694114277531147
2011-04-21 18:04:48-04:00,0.1698410425318631
2011-04-21 18:04:51-04:00,0.17027065731061147
2011-04-21 18:04:54-04:00,0.17070027208935987
2011-04-21 18:04:57-04:00,0.17112988686810826
2011-04-21 18:05:00-04:00,0.17155950164685665
2011-04-21 18:05:03-04:00,0.17198911642560505
2011-04-21 18:05:06-04:00,0.17241873120435344
2011-04-21 18:05:09-04:00,0.1728483459831018
2011-04-21 18:05:12-04:00,0.1732779607618502
2011-04-21 18:05:15-04:00,0.1737075755405986
2011-04-21 18:05:18-04:00,0.174137190319347
2011-04-21 18:05:21-04:00,0.17456680509809538
2011-04-21 18:05:24-04:00,0.17499641987684375
2011-04-21 18:05:27-04:00,0.17542603465559214
2011-04-21 18:05:30-04:00,0.17585564943434054
2011-04-21 18:05:33-04:00,0.17628526421308893
2011-04-21 18:05:36-04:00,0.17671487899183733
2011-04-21 18:05:39-04:00,0.17714449377058572
2011-04-21 18:05:42-04:00,0.1775741085493341
2011-04-21 18:05:45-04:00,0.17800372332808248
2011-04-21 18:05:48-04:00,0.17843333810683087
2011-04-21 18:05:51-04:00,0.17886295288557927
2011-04-21 18:05:54-04:00,0.17929256766432766
2011-04-21 18:05:57-04:00,0.17972218244307603
2011-04-21 18:06:00-04:00,0.18015179722182442
2011-04-21 18:06:03-04:00,0.18058141200057282
2011-04-21 18:06:06-04:00,0.1810110267793212
2011-04-21 18:06:09-04:00,0.1814406415580696
2011-04-21 18:06:12-04:00,0.181870256336818
2011-04-21 18:06:15-04:00,0.18229987111556636
2011-04-21 18:06:18-04:00,0.18272948589431476
2011-04-21 18:06:21-04:00,0.18315910067306315
2011-04-21 18:06:24-04:00,0.18358871545181155
2011-04-21 18:06:27-04:00,0.18401833023055994
2011-04-21 18:06:30-04:00,0.1844479450093083
2011-04-21 18:06:33-04:00,0.1848775597880567
2011-04-21 18:06:36-04:00,0.1853071745668051
2011-04-21 18:06:39-04:00,0.1857367893455535
2011-04-21 18:06:42-04:00,0.18616640412430188
2011-04-21 18:06:45-04:00,0.18659601890305028
2011-04-21 18:06:48-04:00,0.18702563368179864
2011-04-21 18:06:51-04:00,0.18745524846054704
2011-04-21 18:06:54-04:00,0.18788486323929543
2011-04-21 18:06:57-04:00,0.18831447801804382
2011-04-21 18:07:00-04:00,0.18874409279679222
2011-04-21 18:07:03-04:00,0.18917370757554058
2011-04-21 18:07:06-04:00,0.18960332235428898
2011-04-21 18:07:09-04:00,0.19003293713303737
2011-04-21 18:07:12-04:00,0.19046255191178577
2011-04-21 18:07:15-04:00,0.19089216669053416
2011-04-21 18:07:18-04:00,0.19132178146928255
2011-04-21 18:07:21-04:00,0.19175139624803092
2011-04-21 18:07:24-04:00,0.1921810110267793
2011-04-21 18:07:27-04:00,0.1926106258055277
2011-04-21 18:07:30-04:00,0.1930402405842761
2011-04-21 18:07:33-04:00,0.1934698553630245
2011-04-21 18:07:36-04:00,0.1938994701417729
2011-04-21 18:07:39-04:00,0.19432908492052126
2011-04-21 18:07:42-04:00,0.19475869969926965
2011-04-21 18:07:45-04:00,0.19518831447801804
2011-04-21 18:07:48-04:00,0.19561792925676644
2011-04-21 18:07:51-04:00,0.19604754403551483
2011-04-21 18:07:54-04:00,0.1964771588142632
2011-04-21 18:07:57-04:00,0.1969067735930116
2011-04-21 18:08:00-04:00,0.19733638837175999
2011-04-21 18:08:03-04:00,0.19776600315050838
2011-04-21 18:08:06-04:00,0.19819561792925677
2011-04-21 18:08:09-04:00,0.19862523270800517
2011-04-21 18:08:12-04:00,0.19905484748675353
2011-04-21 18:08:15-04:00,0.19948446226550193
2011-04-21 18:08:18-04:00,0.19991407704425032
2011-04-21 18:08:21-04:00,0.20034369182299872
2011-04-21 18:08:24-04:00,0.2007733066017471
2011-04-21 18:08:27-04:00,0.20120292138049548
2011-04-21 18:08:30-04:00,0.20163253615924387
2011-04-21 18:08:33-04:00,0.20206215093799226
2011-04-21 18:08:36-04:00,0.20249176571674066
2011-04-21 18:08:39-04:00,0.20292138049548905
2011-04-21 18:08:42-04:00,0.20335099527423744
2011-04-21 18:08:45-04:00,0.2037806100529858
2011-04-21 18:08:48-04:00,0.2042102248317342
2011-04-21 18:08:51-04:00,0.2046398396104826
2011-04-21 18:08:54-04:00,0.205069454389231
2011-04-21 18:08:57-04:00,0.2054990691679794
2011-04-21 18:09:00-04:00,0.20592868394672775
2011-04-21 18:09:03-04:00,0.20635829872547615
2011-04-21 18:09:06-04:00,0.20678791350422454
2011-04-21 18:09:09-04:00,0.20721752828297293
2011-04-21 18:09:12-04:00,0.20764714306172133
2011-04-21 18:09:15-04:00,0.20807675784046972
2011-04-21 18:09:18-04:00,0.2085063726192181
2011-04-21 18:09:21-04:00,0.20893598739796648
2011-04-21 18:09:24-04:00,0.20936560217671488
2011-04-21 18:09:27-04:00,0.20979521695546327
2011-04-21 18:09:30-04:00,0.21022483173421166
2011-04-21 18:09:33-04:00,0.21065444651296006
2011-04-21 18:09:36-04:00,0.21108406129170842
2011-04-21 18:09:39-04:00,0.21151367607045682
2011-04-21 18:09:42-04:00,0.2119432908492052
2011-04-21 18:09:45-04:00,0.2123729056279536
2011-04-21 18:09:48-04:00,0.212802520406702
2011-04-21 18:09:51-04:00,0.21323213518545037
2011-04-21 18:09:54-04:00,0.21366174996419876
2011-04-21 18:09:57-04:00,0.21409136474294715
2011-04-21 18:10:00-04:00,0.21452097952169555
2011-04-21 18:10:03-04:00,0.21495059430044394
2011-04-21 18:10:06-04:00,0.21538020907919234
2011-04-21 18:10:09-04:00,0.2158098238579407
2011-04-21 18:10:12-04:00,0.2162394386366891
2011-04-21 18:10:15-04:00,0.2166690534154375
2011-04-21 18:10:18-04:00,0.21709866819418588
2011-04-21 18:10:21-04:00,0.21752828297293428
2011-04-21 18:10:24-04:00,0.21795789775168264
2011-04-21 18:10:27-04:00,0.21838751253043104
2011-04-21 18:10:30-04:00,0.21881712730917943
2011-04-21 18:10:33-04:00,0.21924674208792783
2011-04-21 18:10:36-04:00,0.21967635686667622
2011-04-21 18:10:39-04:00,0.22010597164542461
2011-04-21 18:10:42-04:00,0.22053558642417298
2011-04-21 18:10:45-04:00,0.22096520120292137
2011-04-21 18:10:48-04:00,0.22139481598166977
2011-04-21 18:10:51-04:00,0.22182443076041816
2011-04-21 18:10:54-04:00,0.22225404553916656
2011-04-21 18:10:57-04:00,0.22268366031791492
2011-04-21 18:11:00-04:00,0.22311327509666332
2011-04-21 18:11:03-04:00,0.2235428898754117
2011-04-21 18:11:06-04:00,0.2239725046541601
2011-04-21 18:11:09-04:00,0.2244021194329085
2011-04-21 18:11:12-04:00,0.2248317342116569
2011-04-21 18:11:15-04:00,0.22526134899040526
2011-04-21 18:11:18-04:00,0.22569096376915365
2011-04-21 18:11:21-04:00,0.22612057854790205
2011-04-21 18:11:24-04:00,0.22655019332665044
2011-04-21 18:11:27-04:00,0.22697980810539883
2011-04-21 18:11:30-04:00,0.2274094228841472
2011-04-21 18:11:33-04:00,0.2278390376628956
2011-04-21 18:11:36-04:00,0.228268652441644
2011-04-21 18:11:39-04:00,0.22869826722039238
2011-04-21 18:11:42-04:00,0.22912788199914078
2011-04-21 18:11:45-04:00,0.22955749677788917
2011-04-21 18:11:48-04:00,0.22998711155663754
2011-04-21 18:11:51-04:00,0.23041672633538593
2011-04-21 18:11:54-04:00,0.23084634111413432
2011-04-21 18:11:57-04:00,0.23127595589288272
2011-04-21 18:12:00-04:00,0.2317055706716311
2011-04-21 18:12:03-04:00,0.2321351854503795
2011-04-21 18:12:06-04:00,0.23256480022912787
2011-04-21 18:12:09-04:00,0.23299441500787627
2011-04-21 18:12:12-04:00,0.23342402978662466
2011-04-21 18:12:15-04:00,0.23385364456537305
2011-04-21 18:12:18-04:00,0.23428325934412145
2011-04-21 18:12:21-04:00,0.2347128741228698
2011-04-21 18:12:24-04:00,0.2351424889016182
2011-04-21 18:12:27-04:00,0.2355721036803666
2011-04-21 18:12:30-04:00,0.236001718459115
2011-04-21 18:12:33-04:00,0.2364313332378634
2011-04-21 18:12:36-04:00,0.23686094801661178
2011-04-21 18:12:39-04:00,0.23729056279536015
2011-04-21 18:12:42-04:00,0.23772017757410854
2011-04-21 18:12:45-04:00,0.23814979235285694
2011-04-21 18:12:48-04:00,0.23857940713160533
2011-04-21 18:12:51-04:00,0.23900902191035373
2011-04-21 18:12:54-04:00,0.2394386366891021
2011-04-21 18:12:57-04:00,0.23986825146785049
2011-04-21 18:13:00-04:00,0.24029786624659888
2011-04-21 18:13:03-04:00,0.24072748102534727
2011-04-21 18:13:06-04:00,0.24115709580409567
2011-04-21 18:13:09-04:00,0.24158671058284406
2011-04-21 18:13:12-04:00,0.24201632536159243
2011-04-21 18:13:15-04:00,0.24244594014034082
2011-04-21 18:13:18-04:00,0.24287555491908921
2011-04-21 18:13:21-04:00,0.2433051696978376
2011-04-21 18:13:24-04:00,0.243734784476586
2011-04-21 18:13:27-04:00,0.24416439925533437
2011-04-21 18:13:30-04:00,0.24459401403408276
2011-04-21 18:13:33-04:00,0.24502362881283116
2011-04-21 18:13:36-04:00,0.24545324359157955
2011-04-21 18:13:39-04:00,0.24588285837032794
2011-04-21 18:13:42-04:00,0.24631247314907634
2011-04-21 18:13:45-04:00,0.2467420879278247
2011-04-21 18:13:48-04:00,0.2471717027065731
2011-04-21 18:13:51-04:00,0.2476013174853215
2011-04-21 18:13:54-04:00,0.2480309322640699
2011-04-21 18:13:57-04:00,0.24846054704281828
2011-04-21 18:14:00-04:00,0.24889016182156667
2011-04-21 18:14:03-04:00,0.24931977660031504
2011-04-21 18:14:06-04:00,0.24974939137906343
2011-04-21 18:14:09-04:00,0.2501790061578118
2011-04-21 18:14:12-04:00,0.2506086209365602
2011-04-21 18:14:15-04:00,0.2510382357153086
2011-04-21 18:14:18-04:00,0.251467850494057
2011-04-21 18:14:21-04:00,0.2518974652728054
2011-04-21 18:14:24-04:00,0.2523270800515538
2011-04-21 18:14:27-04:00,0.25275669483030216
2011-04-21 18:14:30-04:00,0.25318630960905053
2011-04-21 18:14:33-04:00,0.25361592438779895
2011-04-21 18:14:36-04:00,0.2540455391665473
2011-04-21 18:14:39-04:00,0.25447515394529574
2011-04-21 18:14:42-04:00,0.2549047687240441
2011-04-21 18:14:45-04:00,0.2553343835027925
2011-04-21 18:14:48-04:00,0.2557639982815409
2011-04-21 18:14:51-04:00,0.25619361306028926
2011-04-21 18:14:54-04:00,0.2566232278390377
2011-04-21 18:14:57-04:00,0.25705284261778605
2011-04-21 18:15:00-04:00,0.2574824573965344
2011-04-21 18:15:03-04:00,0.25791207217528284
2011-04-21 18:15:06-04:00,0.2583416869540312
2011-04-21 18:15:09-04:00,0.2587713017327796
2011-04-21 18:15:12-04:00,0.259200916511528
2011-04-21 18:15:15-04:00,0.2596305312902764
2011-04-21 18:15:18-04:00,0.2600601460690248
2011-04-21 18:15:21-04:00,0.26048976084777314
2011-04-21 18:15:24-04:00,0.26091937562652157
2011-04-21 18:15:27-04:00,0.26134899040526993
2011-04-21 18:15:30-04:00,0.26177860518401835
2011-04-21 18:15:33-04:00,0.2622082199627667
2011-04-21 18:15:36-04:00,0.2626378347415151
2011-04-21 18:15:39-04:00,0.2630674495202635
2011-04-21 18:15:42-04:00,0.2634970642990119
2011-04-21 18:15:45-04:00,0.2639266790777603
2011-04-21 18:15:48-04:00,0.26435629385650866
2011-04-21 18:15:51-04:00,0.26478590863525703
2011-04-21 18:15:54-04:00,0.26521552341400545
2011-04-21 18:15:57-04:00,0.2656451381927538
2011-04-21 18:16:00-04:00,0.26607475297150224
2011-04-21 18:16:03-04:00,0.2665043677502506
2011-04-21 18:16:06-04:00,0.26693398252899897
2011-04-21 18:16:09-04:00,0.2673635973077474
2011-04-21 18:16:12-04:00,0.26779321208649576
2011-04-21 18:16:15-04:00,0.2682228268652442
2011-04-21 18:16:18-04:00,0.26865244164399255
2011-04-21 18:16:21-04:00,0.26908205642274097
2011-04-21 18:16:24-04:00,0.26951167120148933
2011-04-21 18:16:27-04:00,0.2699412859802377
2011-04-21 18:16:30-04:00,0.2703709007589861
2011-04-21 18:16:33-04:00,0.2708005155377345
2011-04-21 18:16:36-04:00,0.2712301303164829
2011-04-21 18:16:39-04:00,0.2716597450952313
2011-04-21 18:16:42-04:00,0.27208935987397964
2011-04-21 18:16:45-04:00,0.27251897465272806
2011-04-21 18:16:48-04:00,0.27294858943147643
2011-04-21 18:16:51-04:00,0.27337820421022485
2011-04-21 18:16:54-04:00,0.2738078189889732
2011-04-21 18:16:57-04:00,0.2742374337677216
2011-04-21 18:17:00-04:00,0.27466704854647
2011-04-21 18:17:03-04:00,0.27509666332521837
2011-04-21 18:17:06-04:00,0.2755262781039668
2011-04-21 18:17:09-04:00,0.27595589288271516
2011-04-21 18:17:12-04:00,0.2763855076614636
2011-04-21 18:17:15-04:00,0.27681512244021195
2011-04-21 18:17:18-04:00,0.2772447372189603
2011-04-21 18:17:21-04:00,0.27767435199770873
2011-04-21 18:17:24-04:00,0.2781039667764571
2011-04-21 18:17:27-04:00,0.2785335815552055
2011-04-21 18:17:30-04:00,0.2789631963339539
2011-04-21 18:17:33-04:00,0.27939281111270226
2011-04-21 18:17:36-04:00,0.2798224258914507
2011-04-21 18:17:39-04:00,0.28025204067019904
2011-04-21 18:17:42-04:00,0.28068165544894746
2011-04-21 18:17:45-04:00,0.28111127022769583
2011-04-21 18:17:48-04:00,0.2815408850064442
2011-04-21 18:17:51-04:00,0.2819704997851926
2011-04-21 18:17:54-04:00,0.282400114563941
2011-04-21 18:17:57-04:00,0.2828297293426894
2011-04-21 18:18:00-04:00,0.2832593441214378
2011-04-21 18:18:03-04:00,0.28368895890018614
2011-04-21 18:18:06-04:00,0.28411857367893456
2011-04-21 18:18:09-04:00,0.2845481884576829
2011-04-21 18:18:12-04:00,0.28497780323643135
2011-04-21 18:18:15-04:00,0.2854074180151797
2011-04-21 18:18:18-04:00,0.28583703279392814
2011-04-21 18:18:21-04:00,0.2862666475726765
2011-04-21 18:18:24-04:00,0.28669626235142487
2011-04-21 18:18:27-04:00,0.2871258771301733
2011-04-21 18:18:30-04:00,0.28755549190892166
2011-04-21 18:18:33-04:00,0.2879851066876701
2011-04-21 18:18:36-04:00,0.28841472146641844
2011-04-21 18:18:39-04:00,0.2888443362451668
2011-04-21 18:18:42-04:00,0.28927395102391523
2011-04-21 18:18:45-04:00,0.2897035658026636
2011-04-21 18:18:48-04:00,0.290133180581412
2011-04-21 18:18:51-04:00,0.2905627953601604
2011-04-21 18:18:54-04:00,0.29099241013890875
2011-04-21 18:18:57-04:00,0.2914220249176572
2011-04-21 18:19:00-04:00,0.29185163969640554
2011-04-21 18:19:03-04:00,0.29228125447515396
2011-04-21 18:19:06-04:00,0.29271086925390233
2011-04-21 18:19:09-04:00,0.2931404840326507
2011-04-21 18:19:12-04:00,0.2935700988113991
2011-04-21 18:19:15-04:00,0.2939997135901475
2011-04-21 18:19:18-04:00,0.2944293283688959
2011-04-21 18:19:21-04:00,0.29485894314764427
2011-04-21 18:19:24-04:00,0.2952885579263927
2011-04-21 18:19:27-04:00,0.29571817270514106
2011-04-21 18:19:30-04:00,0.2961477874838894
2011-04-21 18:19:33-04:00,0.29657740226263785
2011-04-21 18:19:36-04:00,0.2970070170413862
2011-04-21 18:19:39-04:00,0.29743663182013463
2011-04-21 18:19:42-04:00,0.297866246598883
2011-04-21 18:19:45-04:00,0.29829586137763137
2011-04-21 18:19:48-04:00,0.2987254761563798
2011-04-21 18:19:51-04:00,0.29915509093512815
2011-04-21 18:19:54-04:00,0.2995847057138766
2011-04-21 18:19:57-04:00,0.30001432049262494
2011-04-21 18:20:00-04:00,0.3004439352713733
2011-04-21 18:20:03-04:00,0.30087355005012173
2011-04-21 18:20:06-04:00,0.3013031648288701
2011-04-21 18:20:09-04:00,0.3017327796076185
2011-04-21 18:20:12-04:00,0.3021623943863669
2011-04-21 18:20:15-04:00,0.3025920091651153
2011-04-21 18:20:18-04:00,0.30302162394386367
2011-04-21 18:20:21-04:00,0.30345123872261204
2011-04-21 18:20:24-04:00,0.30388085350136046
2011-04-21 18:20:27-04:00,0.3043104682801088
2011-04-21 18:20:30-04:00,0.30474008305885725
2011-04-21 18:20:33-04:00,0.3051696978376056
2011-04-21 18:20:36-04:00,0.305599312616354
2011-04-21 18:20:39-04:00,0.3060289273951024
2011-04-21 18:20:42-04:00,0.30645854217385077
2011-04-21 18:20:45-04:00,0.3068881569525992
2011-04-21 18:20:48-04:00,0.30731777173134756
2011-04-21 18:20:51-04:00,0.3077473865100959
2011-04-21 18:20:54-04:00,0.30817700128884434
2011-04-21 18:20:57-04:00,0.3086066160675927
2011-04-21 18:21:00-04:00,0.30903623084634113
2011-04-21 18:21:03-04:00,0.3094658456250895
2011-04-21 18:21:06-04:00,0.30989546040383786
2011-04-21 18:21:09-04:00,0.3103250751825863
2011-04-21 18:21:12-04:00,0.31075468996133465
2011-04-21 18:21:15-04:00,0.3111843047400831
2011-04-21 18:21:18-04:00,0.31161391951883144
2011-04-21 18:21:21-04:00,0.31204353429757986
2011-04-21 18:21:24-04:00,0.3124731490763282
2011-04-21 18:21:27-04:00,0.3129027638550766
2011-04-21 18:21:30-04:00,0.313332378633825
2011-04-21 18:21:33-04:00,0.3137619934125734
2011-04-21 18:21:36-04:00,0.3141916081913218
2011-04-21 18:21:39-04:00,0.31462122297007017
2011-04-21 18:21:42-04:00,0.31505083774881854
2011-04-21 18:21:45-04:00,0.31548045252756696
2011-04-21 18:21:48-04:00,0.3159100673063153
2011-04-21 18:21:51-04:00,0.31633968208506374
2011-04-21 18:21:54-04:00,0.3167692968638121
2011-04-21 18:21:57-04:00,0.3171989116425605
2011-04-21 18:22:00-04:00,0.3176285264213089
2011-04-21 18:22:03-04:00,0.31805814120005726
2011-04-21 18:22:06-04:00,0.3184877559788057
2011-04-21 18:22:09-04:00,0.31891737075755405
2011-04-21 18:22:12-04:00,0.3193469855363025
2011-04-21 18:22:15-04:00,0.31977660031505084
2011-04-21 18:22:18-04:00,0.3202062150937992
2011-04-21 18:22:21-04:00,0.32063582987254763
2011-04-21 18:22:24-04:00,0.321065444651296
2011-04-21 18:22:27-04:00,0.3214950594300444
2011-04-21 18:22:30-04:00,0.3219246742087928
2011-04-21 18:22:33-04:00,0.32235428898754115
2011-04-21 18:22:36-04:00,0.32278390376628957
2011-04-21 18:22:39-04:00,0.32321351854503794
2011-04-21 18:22:42-04:00,0.32364313332378636
2011-04-21 18:22:45-04:00,0.3240727481025347
2011-04-21 18:22:48-04:00,0.3245023628812831
2011-04-21 18:22:51-04:00,0.3249319776600315
2011-04-21 18:22:54-04:00,0.3253615924387799
2011-04-21 18:22:57-04:00,0.3257912072175283
2011-04-21 18:23:00-04:00,0.32622082199627667
2011-04-21 18:23:03-04:00,0.32665043677502503
2011-04-21 18:23:06-04:00,0.32708005155377345
2011-04-21 18:23:09-04:00,0.3275096663325218
2011-04-21 18:23:12-04:00,0.32793928111127024
2011-04-21 18:23:15-04:00,0.3283688958900186
2011-04-21 18:23:18-04:00,0.32879851066876703
2011-04-21 18:23:21-04:00,0.3292281254475154
2011-04-21 18:23:24-04:00,0.32965774022626376
2011-04-21 18:23:27-04:00,0.3300873550050122
2011-04-21 18:23:30-04:00,0.33051696978376055
2011-04-21 18:23:33-04:00,0.33094658456250897
2011-04-21 18:23:36-04:00,0.33137619934125734
2011-04-21 18:23:39-04:00,0.3318058141200057
2011-04-21 18:23:42-04:00,0.3322354288987541
2011-04-21 18:23:45-04:00,0.3326650436775025
2011-04-21 18:23:48-04:00,0.3330946584562509
2011-04-21 18:23:51-04:00,0.3335242732349993
2011-04-21 18:23:54-04:00,0.33395388801374765
2011-04-21 18:23:57-04:00,0.33438350279249607
2011-04-21 18:24:00-04:00,0.33481311757124443
2011-04-21 18:24:03-04:00,0.33524273234999286
2011-04-21 18:24:06-04:00,0.3356723471287412
2011-04-21 18:24:09-04:00,0.33610196190748964
2011-04-21 18:24:12-04:00,0.336531576686238
2011-04-21 18:24:15-04:00,0.3369611914649864
2011-04-21 18:24:18-04:00,0.3373908062437348
2011-04-21 18:24:21-04:00,0.33782042102248316
2011-04-21 18:24:24-04:00,0.3382500358012316
2011-04-21 18:24:27-04:00,0.33867965057997995
2011-04-21 18:24:30-04:00,0.3391092653587283
2011-04-21 18:24:33-04:00,0.33953888013747674
2011-04-21 18:24:36-04:00,0.3399684949162251
2011-04-21 18:24:39-04:00,0.3403981096949735
2011-04-21 18:24:42-04:00,0.3408277244737219
2011-04-21 18:24:45-04:00,0.34125733925247026
2011-04-21 18:24:48-04:00,0.3416869540312187
2011-04-21 18:24:51-04:00,0.34211656880996705
2011-04-21 18:24:54-04:00,0.34254618358871547
2011-04-21 18:24:57-04:00,0.34297579836746384
2011-04-21 18:25:00-04:00,0.3434054131462122
2011-04-21 18:25:03-04:00,0.3438350279249606
2011-04-21 18:25:06-04:00,0.344264642703709
2011-04-21 18:25:09-04:00,0.3446942574824574
2011-04-21 18:25:12-04:00,0.3451238722612058
2011-04-21 18:25:15-04:00,0.3455534870399542
2011-04-21 18:25:18-04:00,0.34598310181870257
2011-04-21 18:25:21-04:00,0.34641271659745093
2011-04-21 18:25:24-04:00,0.34684233137619935
2011-04-21 18:25:27-04:00,0.3472719461549477
2011-04-21 18:25:30-04:00,0.34770156093369614
2011-04-21 18:25:33-04:00,0.3481311757124445
2011-04-21 18:25:36-04:00,0.3485607904911929
2011-04-21 18:25:39-04:00,0.3489904052699413
2011-04-21 18:25:42-04:00,0.34942002004868966
2011-04-21 18:25:45-04:00,0.3498496348274381
2011-04-21 18:25:48-04:00,0.35027924960618645
2011-04-21 18:25:51-04:00,0.3507088643849348
2011-04-21 18:25:54-04:00,0.35113847916368324
2011-04-21 18:25:57-04:00,0.3515680939424316
2011-04-21 18:26:00-04:00,0.35199770872118
2011-04-21 18:26:03-04:00,0.3524273234999284
2011-04-21 18:26:06-04:00,0.35285693827867676
2011-04-21 18:26:09-04:00,0.3532865530574252
2011-04-21 18:26:12-04:00,0.35371616783617355
2011-04-21 18:26:15-04:00,0.35414578261492197
2011-04-21 18:26:18-04:00,0.35457539739367033
2011-04-21 18:26:21-04:00,0.35500501217241875
2011-04-21 18:26:24-04:00,0.3554346269511671
2011-04-21 18:26:27-04:00,0.3558642417299155
2011-04-21 18:26:30-04:00,0.3562938565086639
2011-04-21 18:26:33-04:00,0.3567234712874123
2011-04-21 18:26:36-04:00,0.3571530860661607
2011-04-21 18:26:39-04:00,0.35758270084490906
2011-04-21 18:26:42-04:00,0.35801231562365743
2011-04-21 18:26:45-04:00,0.35844193040240585
2011-04-21 18:26:48-04:00,0.3588715451811542
2011-04-21 18:26:51-04:00,0.35930115995990264
2011-04-21 18:26:54-04:00,0.359730774738651
2011-04-21 18:26:57-04:00,0.36016038951739937
2011-04-21 18:27:00-04:00,0.3605900042961478
2011-04-21 18:27:03-04:00,0.36101961907489616
2011-04-21 18:27:06-04:00,0.3614492338536446
2011-04-21 18:27:09-04:00,0.36187884863239295
2011-04-21 18:27:12-04:00,0.36230846341114137
2011-04-21 18:27:15-04:00,0.36273807818988973
2011-04-21 18:27:18-04:00,0.3631676929686381
2011-04-21 18:27:21-04:00,0.3635973077473865
2011-04-21 18:27:24-04:00,0.3640269225261349
2011-04-21 18:27:27-04:00,0.3644565373048833
2011-04-21 18:27:30-04:00,0.3648861520836317
2011-04-21 18:27:33-04:00,0.36531576686238004
2011-04-21 18:27:36-04:00,0.36574538164112846
2011-04-21 18:27:39-04:00,0.36617499641987683
2011-04-21 18:27:42-04:00,0.36660461119862525
2011-04-21 18:27:45-04:00,0.3670342259773736
2011-04-21 18:27:48-04:00,0.367463840756122
2011-04-21 18:27:51-04:00,0.3678934555348704
2011-04-21 18:27:54-04:00,0.3683230703136188
2011-04-21 18:27:57-04:00,0.3687526850923672
2011-04-21 18:28:00-04:00,0.36918229987111556
2011-04-21 18:28:03-04:00,0.3696119146498639
2011-04-21 18:28:06-04:00,0.37004152942861235
2011-04-21 18:28:09-04:00,0.3704711442073607
2011-04-21 18:28:12-04:00,0.37090075898610914
2011-04-21 18:28:15-04:00,0.3713303737648575
2011-04-21 18:28:18-04:00,0.3717599885436059
2011-04-21 18:28:21-04:00,0.3721896033223543
2011-04-21 18:28:24-04:00,0.37261921810110266
2011-04-21 18:28:27-04:00,0.3730488328798511
2011-04-21 18:28:30-04:00,0.37347844765859944
2011-04-21 18:28:33-04:00,0.37390806243734787
2011-04-21 18:28:36-04:00,0.37433767721609623
2011-04-21 18:28:39-04:00,0.3747672919948446
2011-04-21 18:28:42-04:00,0.375196906773593
2011-04-21 18:28:45-04:00,0.3756265215523414
2011-04-21 18:28:48-04:00,0.3760561363310898
2011-04-21 18:28:51-04:00,0.3764857511098382
2011-04-21 18:28:54-04:00,0.37691536588858654
2011-04-21 18:28:57-04:00,0.37734498066733496
2011-04-21 18:29:00-04:00,0.3777745954460833
2011-04-21 18:29:03-04:00,0.37820421022483175
2011-04-21 18:29:06-04:00,0.3786338250035801
2011-04-21 18:29:09-04:00,0.37906343978232854
2011-04-21 18:29:12-04:00,0.3794930545610769
2011-04-21 18:29:15-04:00,0.37992266933982527
2011-04-21 18:29:18-04:00,0.3803522841185737
2011-04-21 18:29:21-04:00,0.38078189889732206
2011-04-21 18:29:24-04:00,0.3812115136760705
2011-04-21 18:29:27-04:00,0.38164112845481885
2011-04-21 18:29:30-04:00,0.3820707432335672
2011-04-21 18:29:33-04:00,0.38250035801231563
2011-04-21 18:29:36-04:00,0.382929972791064
2011-04-21 18:29:39-04:00,0.3833595875698124
2011-04-21 18:29:42-04:00,0.3837892023485608
2011-04-21 18:29:45-04:00,0.38421881712730915
2011-04-21 18:29:48-04:00,0.3846484319060576
2011-04-21 18:29:51-04:00,0.38507804668480594
2011-04-21 18:29:54-04:00,0.38550766146355436
2011-04-21 18:29:57-04:00,0.38593727624230273
2011-04-21 18:30:00-04:00,0.3863668910210511
2011-04-21 18:30:03-04:00,0.3867965057997995
2011-04-21 18:30:06-04:00,0.3872261205785479
2011-04-21 18:30:09-04:00,0.3876557353572963
2011-04-21 18:30:12-04:00,0.38808535013604467
2011-04-21 18:30:15-04:00,0.3885149649147931
2011-04-21 18:30:18-04:00,0.38894457969354146
2011-04-21 18:30:21-04:00,0.3893741944722898
2011-04-21 18:30:24-04:00,0.38980380925103825
2011-04-21 18:30:27-04:00,0.3902334240297866
2011-04-21 18:30:30-04:00,0.39066303880853503
2011-04-21 18:30:33-04:00,0.3910926535872834
2011-04-21 18:30:36-04:00,0.39152226836603177
2011-04-21 18:30:39-04:00,0.3919518831447802
2011-04-21 18:30:42-04:00,0.39238149792352855
2011-04-21 18:30:45-04:00,0.392811112702277
2011-04-21 18:30:48-04:00,0.39324072748102534
2011-04-21 18:30:51-04:00,0.3936703422597737
2011-04-21 18:30:54-04:00,0.39409995703852213
2011-04-21 18:30:57-04:00,0.3945295718172705
2011-04-21 18:31:00-04:00,0.3949591865960189
2011-04-21 18:31:03-04:00,0.3953888013747673
2011-04-21 18:31:06-04:00,0.3958184161535157
2011-04-21 18:31:09-04:00,0.3962480309322641
2011-04-21 18:31:12-04:00,0.39667764571101244
2011-04-21 18:31:15-04:00,0.39710726048976086
2011-04-21 18:31:18-04:00,0.3975368752685092
2011-04-21 18:31:21-04:00,0.39796649004725765
2011-04-21 18:31:24-04:00,0.398396104826006
2011-04-21 18:31:27-04:00,0.3988257196047544
2011-04-21 18:31:30-04:00,0.3992553343835028
2011-04-21 18:31:33-04:00,0.39968494916225117
2011-04-21 18:31:36-04:00,0.4001145639409996
2011-04-21 18:31:39-04:00,0.40054417871974796
2011-04-21 18:31:42-04:00,0.4009737934984963
2011-04-21 18:31:45-04:00,0.40140340827724474
2011-04-21 18:31:48-04:00,0.4018330230559931
2011-04-21 18:31:51-04:00,0.40226263783474153
2011-04-21 18:31:54-04:00,0.4026922526134899
2011-04-21 18:31:57-04:00,0.40312186739223826
2011-04-21 18:32:00-04:00,0.4035514821709867
2011-04-21 18:32:03-04:00,0.40398109694973505
2011-04-21 18:32:06-04:00,0.4044107117284835
2011-04-21 18:32:09-04:00,0.40484032650723184
2011-04-21 18:32:12-04:00,0.40526994128598026
2011-04-21 18:32:15-04:00,0.40569955606472863
2011-04-21 18:32:18-04:00,0.406129170843477
2011-04-21 18:32:21-04:00,0.4065587856222254
2011-04-21 18:32:24-04:00,0.4069884004009738
2011-04-21 18:32:27-04:00,0.4074180151797222
2011-04-21 18:32:30-04:00,0.40784762995847057
2011-04-21 18:32:33-04:00,0.40827724473721894
2011-04-21 18:32:36-04:00,0.40870685951596736
2011-04-21 18:32:39-04:00,0.4091364742947157
2011-04-21 18:32:42-04:00,0.40956608907346415
2011-04-21 18:32:45-04:00,0.4099957038522125
2011-04-21 18:32:48-04:00,0.4104253186309609
2011-04-21 18:32:51-04:00,0.4108549334097093
2011-04-21 18:32:54-04:00,0.41128454818845767
2011-04-21 18:32:57-04:00,0.4117141629672061
2011-04-21 18:33:00-04:00,0.41214377774595445
2011-04-21 18:33:03-04:00,0.4125733925247029
2011-04-21 18:33:06-04:00,0.41300300730345124
2011-04-21 18:33:09-04:00,0.4134326220821996
2011-04-21 18:33:12-04:00,0.41386223686094803
2011-04-21 18:33:15-04:00,0.4142918516396964
2011-04-21 18:33:18-04:00,0.4147214664184448
2011-04-21 18:33:21-04:00,0.4151510811971932
2011-04-21 18:33:24-04:00,0.41558069597594155
2011-04-21 18:33:27-04:00,0.41601031075468997
2011-04-21 18:33:30-04:00,0.41643992553343834
2011-04-21 18:33:33-04:00,0.41686954031218676
2011-04-21 18:33:36-04:00,0.4172991550909351
2011-04-21 18:33:39-04:00,0.4177287698696835
2011-04-21 18:33:42-04:00,0.4181583846484319
2011-04-21 18:33:45-04:00,0.4185879994271803
2011-04-21 18:33:48-04:00,0.4190176142059287
2011-04-21 18:33:51-04:00,0.41944722898467707
2011-04-21 18:33:54-04:00,0.41987684376342543
2011-04-21 18:33:57-04:00,0.42030645854217386
2011-04-21 18:34:00-04:00,0.4207360733209222
2011-04-21 18:34:03-04:00,0.42116568809967064
2011-04-21 18:34:06-04:00,0.421595302878419
2011-04-21 18:34:09-04:00,0.42202491765716743
2011-04-21 18:34:12-04:00,0.4224545324359158
2011-04-21 18:34:15-04:00,0.42288414721466416
2011-04-21 18:34:18-04:00,0.4233137619934126
2011-04-21 18:34:21-04:00,0.42374337677216095
2011-04-21 18:34:24-04:00,0.4241729915509094
2011-04-21 18:34:27-04:00,0.42460260632965774
2011-04-21 18:34:30-04:00,0.4250322211084061
2011-04-21 18:34:33-04:00,0.4254618358871545
2011-04-21 18:34:36-04:00,0.4258914506659029
2011-04-21 18:34:39-04:00,0.4263210654446513
2011-04-21 18:34:42-04:00,0.4267506802233997
2011-04-21 18:34:45-04:00,0.42718029500214805
2011-04-21 18:34:48-04:00,0.42760990978089647
2011-04-21 18:34:51-04:00,0.42803952455964484
2011-04-21 18:34:54-04:00,0.42846913933839326
2011-04-21 18:34:57-04:00,0.4288987541171416
2011-04-21 18:35:00-04:00,0.42932836889589
2011-04-21 18:35:03-04:00,0.4297579836746384
2011-04-21 18:35:06-04:00,0.4301875984533868
2011-04-21 18:35:09-04:00,0.4306172132321352
2011-04-21 18:35:12-04:00,0.43104682801088356
2011-04-21 18:35:15-04:00,0.431476442789632
2011-04-21 18:35:18-04:00,0.43190605756838035
2011-04-21 18:35:21-04:00,0.4323356723471287
2011-04-21 18:35:24-04:00,0.43276528712587714
2011-04-21 18:35:27-04:00,0.4331949019046255
2011-04-21 18:35:30-04:00,0.43362451668337393
2011-04-21 18:35:33-04:00,0.4340541314621223
2011-04-21 18:35:36-04:00,0.43448374624087066
2011-04-21 18:35:39-04:00,0.4349133610196191
2011-04-21 18:35:42-04:00,0.43534297579836745
2011-04-21 18:35:45-04:00,0.43577259057711587
2011-04-21 18:35:48-04:00,0.43620220535586424
2011-04-21 18:35:51-04:00,0.4366318201346126
2011-04-21 18:35:54-04:00,0.437061434913361
2011-04-21 18:35:57-04:00,0.4374910496921094
2011-04-21 18:36:00-04:00,0.4379206644708578
2011-04-21 18:36:03-04:00,0.4383502792496062
2011-04-21 18:36:06-04:00,0.4387798940283546
2011-04-21 18:36:09-04:00,0.43920950880710297
2011-04-21 18:36:12-04:00,0.43963912358585133
2011-04-21 18:36:15-04:00,0.44006873836459975
2011-04-21 18:36:18-04:00,0.4404983531433481
2011-04-21 18:36:21-04:00,0.44092796792209654
2011-04-21 18:36:24-04:00,0.4413575827008449
2011-04-21 18:36:27-04:00,0.4417871974795933
2011-04-21 18:36:30-04:00,0.4422168122583417
2011-04-21 18:36:33-04:00,0.44264642703709006
2011-04-21 18:36:36-04:00,0.4430760418158385
2011-04-21 18:36:39-04:00,0.44350565659458685
2011-04-21 18:36:42-04:00,0.4439352713733352
2011-04-21 18:36:45-04:00,0.44436488615208364
2011-04-21 18:36:48-04:00,0.444794500930832
2011-04-21 18:36:51-04:00,0.4452241157095804
2011-04-21 18:36:54-04:00,0.4456537304883288
2011-04-21 18:36:57-04:00,0.44608334526707716
2011-04-21 18:37:00-04:00,0.4465129600458256
2011-04-21 18:37:03-04:00,0.44694257482457395
2011-04-21 18:37:06-04:00,0.44737218960332237
2011-04-21 18:37:09-04:00,0.44780180438207073
2011-04-21 18:37:12-04:00,0.44823141916081916
2011-04-21 18:37:15-04:00,0.4486610339395675
2011-04-21 18:37:18-04:00,0.4490906487183159
2011-04-21 18:37:21-04:00,0.4495202634970643
2011-04-21 18:37:24-04:00,0.4499498782758127
2011-04-21 18:37:27-04:00,0.4503794930545611
2011-04-21 18:37:30-04:00,0.45080910783330946
2011-04-21 18:37:33-04:00,0.45123872261205783
2011-04-21 18:37:36-04:00,0.45166833739080625
2011-04-21 18:37:39-04:00,0.4520979521695546
2011-04-21 18:37:42-04:00,0.45252756694830304
2011-04-21 18:37:45-04:00,0.4529571817270514
2011-04-21 18:37:48-04:00,0.45338679650579977
2011-04-21 18:37:51-04:00,0.4538164112845482
2011-04-21 18:37:54-04:00,0.45424602606329656
2011-04-21 18:37:57-04:00,0.454675640842045
2011-04-21 18:38:00-04:00,0.45510525562079335
2011-04-21 18:38:03-04:00,0.45553487039954177
2011-04-21 18:38:06-04:00,0.45596448517829014
2011-04-21 18:38:09-04:00,0.4563940999570385
2011-04-21 18:38:12-04:00,0.4568237147357869
2011-04-21 18:38:15-04:00,0.4572533295145353
2011-04-21 18:38:18-04:00,0.4576829442932837
2011-04-21 18:38:21-04:00,0.4581125590720321
2011-04-21 18:38:24-04:00,0.45854217385078044
2011-04-21 18:38:27-04:00,0.45897178862952887
2011-04-21 18:38:30-04:00,0.45940140340827723
2011-04-21 18:38:33-04:00,0.45983101818702565
2011-04-21 18:38:36-04:00,0.460260632965774
2011-04-21 18:38:39-04:00,0.4606902477445224
2011-04-21 18:38:42-04:00,0.4611198625232708
2011-04-21 18:38:45-04:00,0.4615494773020192
2011-04-21 18:38:48-04:00,0.4619790920807676
2011-04-21 18:38:51-04:00,0.46240870685951596
2011-04-21 18:38:54-04:00,0.4628383216382643
2011-04-21 18:38:57-04:00,0.46326793641701275
2011-04-21 18:39:00-04:00,0.4636975511957611
2011-04-21 18:39:03-04:00,0.46412716597450954
2011-04-21 18:39:06-04:00,0.4645567807532579
2011-04-21 18:39:09-04:00,0.4649863955320063
2011-04-21 18:39:12-04:00,0.4654160103107547
2011-04-21 18:39:15-04:00,0.46584562508950306
2011-04-21 18:39:18-04:00,0.4662752398682515
2011-04-21 18:39:21-04:00,0.46670485464699984
2011-04-21 18:39:24-04:00,0.46713446942574827
2011-04-21 18:39:27-04:00,0.46756408420449663
2011-04-21 18:39:30-04:00,0.467993698983245
2011-04-21 18:39:33-04:00,0.4684233137619934
2011-04-21 18:39:36-04:00,0.4688529285407418
2011-04-21 18:39:39-04:00,0.4692825433194902
2011-04-21 18:39:42-04:00,0.4697121580982386
2011-04-21 18:39:45-04:00,0.47014177287698694
2011-04-21 18:39:48-04:00,0.47057138765573536
2011-04-21 18:39:51-04:00,0.47100100243448373
2011-04-21 18:39:54-04:00,0.47143061721323215
2011-04-21 18:39:57-04:00,0.4718602319919805
2011-04-21 18:40:00-04:00,0.47228984677072894
2011-04-21 18:40:03-04:00,0.4727194615494773
2011-04-21 18:40:06-04:00,0.47314907632822567
2011-04-21 18:40:09-04:00,0.4735786911069741
2011-04-21 18:40:12-04:00,0.47400830588572246
2011-04-21 18:40:15-04:00,0.4744379206644709
2011-04-21 18:40:18-04:00,0.47486753544321925
2011-04-21 18:40:21-04:00,0.4752971502219676
2011-04-21 18:40:24-04:00,0.47572676500071603
2011-04-21 18:40:27-04:00,0.4761563797794644
2011-04-21 18:40:30-04:00,0.4765859945582128
2011-04-21 18:40:33-04:00,0.4770156093369612
2011-04-21 18:40:36-04:00,0.47744522411570955
2011-04-21 18:40:39-04:00,0.477874838894458
2011-04-21 18:40:42-04:00,0.47830445367320634
2011-04-21 18:40:45-04:00,0.47873406845195476
2011-04-21 18:40:48-04:00,0.47916368323070313
2011-04-21 18:40:51-04:00,0.4795932980094515
2011-04-21 18:40:54-04:00,0.4800229127881999
2011-04-21 18:40:57-04:00,0.4804525275669483
2011-04-21 18:41:00-04:00,0.4808821423456967
2011-04-21 18:41:03-04:00,0.48131175712444507
2011-04-21 18:41:06-04:00,0.4817413719031935
2011-04-21 18:41:09-04:00,0.48217098668194186
2011-04-21 18:41:12-04:00,0.4826006014606902
2011-04-21 18:41:15-04:00,0.48303021623943865
2011-04-21 18:41:18-04:00,0.483459831018187
2011-04-21 18:41:21-04:00,0.48388944579693544
2011-04-21 18:41:24-04:00,0.4843190605756838
2011-04-21 18:41:27-04:00,0.48474867535443217
2011-04-21 18:41:30-04:00,0.4851782901331806
2011-04-21 18:41:33-04:00,0.48560790491192896
2011-04-21 18:41:36-04:00,0.4860375196906774
2011-04-21 18:41:39-04:00,0.48646713446942574
2011-04-21 18:41:42-04:00,0.4868967492481741
2011-04-21 18:41:45-04:00,0.48732636402692253
2011-04-21 18:41:48-04:00,0.4877559788056709
2011-04-21 18:41:51-04:00,0.4881855935844193
2011-04-21 18:41:54-04:00,0.4886152083631677
2011-04-21 18:41:57-04:00,0.4890448231419161
2011-04-21 18:42:00-04:00,0.4894744379206645
2011-04-21 18:42:03-04:00,0.48990405269941284
2011-04-21 18:42:06-04:00,0.49033366747816126
2011-04-21 18:42:09-04:00,0.4907632822569096
2011-04-21 18:42:12-04:00,0.49119289703565805
2011-04-21 18:42:15-04:00,0.4916225118144064
2011-04-21 18:42:18-04:00,0.4920521265931548
2011-04-21 18:42:21-04:00,0.4924817413719032
2011-04-21 18:42:24-04:00,0.49291135615065157
2011-04-21 18:42:27-04:00,0.4933409709294
2011-04-21 18:42:30-04:00,0.49377058570814836
2011-04-21 18:42:33-04:00,0.4942002004868967
2011-04-21 18:42:36-04:00,0.49462981526564515
2011-04-21 18:42:39-04:00,0.4950594300443935
2011-04-21 18:42:42-04:00,0.49548904482314193
2011-04-21 18:42:45-04:00,0.4959186596018903
2011-04-21 18:42:48-04:00,0.49634827438063867
2011-04-21 18:42:51-04:00,0.4967778891593871
2011-04-21 18:42:54-04:00,0.49720750393813545
2011-04-21 18:42:57-04:00,0.4976371187168839
2011-04-21 18:43:00-04:00,0.49806673349563224
2011-04-21 18:43:03-04:00,0.49849634827438066
2011-04-21 18:43:06-04:00,0.49892596305312903
2011-04-21 18:43:09-04:00,0.4993555778318774
2011-04-21 18:43:12-04:00,0.4997851926106258
2011-04-21 18:43:15-04:00,0.5002148073893742
2011-04-21 18:43:18-04:00,0.5006444221681225
2011-04-21 18:43:21-04:00,0.5010740369468709
2011-04-21 18:43:24-04:00,0.5015036517256194
2011-04-21 18:43:27-04:00,0.5019332665043678
2011-04-21 18:43:30-04:00,0.5023628812831161
2011-04-21 18:43:33-04:00,0.5027924960618645
2011-04-21 18:43:36-04:00,0.503222110840613
2011-04-21 18:43:39-04:00,0.5036517256193613
2011-04-21 18:43:42-04:00,0.5040813403981097
2011-04-21 18:43:45-04:00,0.5045109551768581
2011-04-21 18:43:48-04:00,0.5049405699556064
2011-04-21 18:43:51-04:00,0.5053701847343549
2011-04-21 18:43:54-04:00,0.5057997995131033
2011-04-21 18:43:57-04:00,0.5062294142918516
2011-04-21 18:44:00-04:00,0.5066590290706
2011-04-21 18:44:03-04:00,0.5070886438493484
2011-04-21 18:44:06-04:00,0.5075182586280969
2011-04-21 18:44:09-04:00,0.5079478734068452
2011-04-21 18:44:12-04:00,0.5083774881855936
2011-04-21 18:44:15-04:00,0.508807102964342
2011-04-21 18:44:18-04:00,0.5092367177430903
2011-04-21 18:44:21-04:00,0.5096663325218388
2011-04-21 18:44:24-04:00,0.5100959473005872
2011-04-21 18:44:27-04:00,0.5105255620793355
2011-04-21 18:44:30-04:00,0.5109551768580839
2011-04-21 18:44:33-04:00,0.5113847916368323
2011-04-21 18:44:36-04:00,0.5118144064155807
2011-04-21 18:44:39-04:00,0.5122440211943291
2011-04-21 18:44:42-04:00,0.5126736359730775
2011-04-21 18:44:45-04:00,0.5131032507518258
2011-04-21 18:44:48-04:00,0.5135328655305742
2011-04-21 18:44:51-04:00,0.5139624803093227
2011-04-21 18:44:54-04:00,0.514392095088071
2011-04-21 18:44:57-04:00,0.5148217098668194
2011-04-21 18:45:00-04:00,0.5152513246455678
2011-04-21 18:45:03-04:00,0.5156809394243161
2011-04-21 18:45:06-04:00,0.5161105542030646
2011-04-21 18:45:09-04:00,0.516540168981813
2011-04-21 18:45:12-04:00,0.5169697837605614
2011-04-21 18:45:15-04:00,0.5173993985393097
2011-04-21 18:45:18-04:00,0.5178290133180581
2011-04-21 18:45:21-04:00,0.5182586280968066
2011-04-21 18:45:24-04:00,0.5186882428755549
2011-04-21 18:45:27-04:00,0.5191178576543033
2011-04-21 18:45:30-04:00,0.5195474724330517
2011-04-21 18:45:33-04:00,0.5199770872118001
2011-04-21 18:45:36-04:00,0.5204067019905485
2011-04-21 18:45:39-04:00,0.5208363167692969
2011-04-21 18:45:42-04:00,0.5212659315480452
2011-04-21 18:45:45-04:00,0.5216955463267936
2011-04-21 18:45:48-04:00,0.5221251611055421
2011-04-21 18:45:51-04:00,0.5225547758842904
2011-04-21 18:45:54-04:00,0.5229843906630388
2011-04-21 18:45:57-04:00,0.5234140054417872
2011-04-21 18:46:00-04:00,0.5238436202205355
2011-04-21 18:46:03-04:00,0.524273234999284
2011-04-21 18:46:06-04:00,0.5247028497780324
2011-04-21 18:46:09-04:00,0.5251324645567808
2011-04-21 18:46:12-04:00,0.5255620793355291
2011-04-21 18:46:15-04:00,0.5259916941142775
2011-04-21 18:46:18-04:00,0.526421308893026
2011-04-21 18:46:21-04:00,0.5268509236717743
2011-04-21 18:46:24-04:00,0.5272805384505227
2011-04-21 18:46:27-04:00,0.5277101532292711
2011-04-21 18:46:30-04:00,0.5281397680080194
2011-04-21 18:46:33-04:00,0.5285693827867679
2011-04-21 18:46:36-04:00,0.5289989975655163
2011-04-21 18:46:39-04:00,0.5294286123442646
2011-04-21 18:46:42-04:00,0.529858227123013
2011-04-21 18:46:45-04:00,0.5302878419017614
2011-04-21 18:46:48-04:00,0.5307174566805098
2011-04-21 18:46:51-04:00,0.5311470714592582
2011-04-21 18:46:54-04:00,0.5315766862380066
2011-04-21 18:46:57-04:00,0.532006301016755
2011-04-21 18:47:00-04:00,0.5324359157955033
2011-04-21 18:47:03-04:00,0.5328655305742518
2011-04-21 18:47:06-04:00,0.5332951453530002
2011-04-21 18:47:09-04:00,0.5337247601317485
2011-04-21 18:47:12-04:00,0.5341543749104969
2011-04-21 18:47:15-04:00,0.5345839896892453
2011-04-21 18:47:18-04:00,0.5350136044679937
2011-04-21 18:47:21-04:00,0.5354432192467421
2011-04-21 18:47:24-04:00,0.5358728340254905
2011-04-21 18:47:27-04:00,0.5363024488042388
2011-04-21 18:47:30-04:00,0.5367320635829873
2011-04-21 18:47:33-04:00,0.5371616783617357
2011-04-21 18:47:36-04:00,0.537591293140484
2011-04-21 18:47:39-04:00,0.5380209079192324
2011-04-21 18:47:42-04:00,0.5384505226979808
2011-04-21 18:47:45-04:00,0.5388801374767292
2011-04-21 18:47:48-04:00,0.5393097522554776
2011-04-21 18:47:51-04:00,0.539739367034226
2011-04-21 18:47:54-04:00,0.5401689818129743
2011-04-21 18:47:57-04:00,0.5405985965917227
2011-04-21 18:48:00-04:00,0.5410282113704712
2011-04-21 18:48:03-04:00,0.5414578261492196
2011-04-21 18:48:06-04:00,0.5418874409279679
2011-04-21 18:48:09-04:00,0.5423170557067163
2011-04-21 18:48:12-04:00,0.5427466704854647
2011-04-21 18:48:15-04:00,0.5431762852642131
2011-04-21 18:48:18-04:00,0.5436059000429615
2011-04-21 18:48:21-04:00,0.5440355148217099
2011-04-21 18:48:24-04:00,0.5444651296004582
2011-04-21 18:48:27-04:00,0.5448947443792066
2011-04-21 18:48:30-04:00,0.5453243591579551
2011-04-21 18:48:33-04:00,0.5457539739367034
2011-04-21 18:48:36-04:00,0.5461835887154518
2011-04-21 18:48:39-04:00,0.5466132034942002
2011-04-21 18:48:42-04:00,0.5470428182729485
2011-04-21 18:48:45-04:00,0.547472433051697
2011-04-21 18:48:48-04:00,0.5479020478304454
2011-04-21 18:48:51-04:00,0.5483316626091937
2011-04-21 18:48:54-04:00,0.5487612773879421
2011-04-21 18:48:57-04:00,0.5491908921666905
2011-04-21 18:49:00-04:00,0.549620506945439
2011-04-21 18:49:03-04:00,0.5500501217241873
2011-04-21 18:49:06-04:00,0.5504797365029357
2011-04-21 18:49:09-04:00,0.5509093512816841
2011-04-21 18:49:12-04:00,0.5513389660604324
2011-04-21 18:49:15-04:00,0.5517685808391809
2011-04-21 18:49:18-04:00,0.5521981956179293
2011-04-21 18:49:21-04:00,0.5526278103966776
2011-04-21 18:49:24-04:00,0.553057425175426
2011-04-21 18:49:27-04:00,0.5534870399541745
2011-04-21 18:49:30-04:00,0.5539166547329228
2011-04-21 18:49:33-04:00,0.5543462695116712
2011-04-21 18:49:36-04:00,0.5547758842904196
2011-04-21 18:49:39-04:00,0.5552054990691679
2011-04-21 18:49:42-04:00,0.5556351138479164
2011-04-21 18:49:45-04:00,0.5560647286266648
2011-04-21 18:49:48-04:00,0.5564943434054131
2011-04-21 18:49:51-04:00,0.5569239581841615
2011-04-21 18:49:54-04:00,0.5573535729629099
2011-04-21 18:49:57-04:00,0.5577831877416584
2011-04-21 18:50:00-04:00,0.5582128025204067
2011-04-21 18:50:03-04:00,0.5586424172991551
2011-04-21 18:50:06-04:00,0.5590720320779035
2011-04-21 18:50:09-04:00,0.5595016468566518
2011-04-21 18:50:12-04:00,0.5599312616354003
2011-04-21 18:50:15-04:00,0.5603608764141487
2011-04-21 18:50:18-04:00,0.560790491192897
2011-04-21 18:50:21-04:00,0.5612201059716454
2011-04-21 18:50:24-04:00,0.5616497207503938
2011-04-21 18:50:27-04:00,0.5620793355291422
2011-04-21 18:50:30-04:00,0.5625089503078906
2011-04-21 18:50:33-04:00,0.562938565086639
2011-04-21 18:50:36-04:00,0.5633681798653873
2011-04-21 18:50:39-04:00,0.5637977946441357
2011-04-21 18:50:42-04:00,0.5642274094228842
2011-04-21 18:50:45-04:00,0.5646570242016326
2011-04-21 18:50:48-04:00,0.5650866389803809
2011-04-21 18:50:51-04:00,0.5655162537591293
2011-04-21 18:50:54-04:00,0.5659458685378776
2011-04-21 18:50:57-04:00,0.5663754833166261
2011-04-21 18:51:00-04:00,0.5668050980953745
2011-04-21 18:51:03-04:00,0.5672347128741229
2011-04-21 18:51:06-04:00,0.5676643276528712
2011-04-21 18:51:09-04:00,0.5680939424316196
2011-04-21 18:51:12-04:00,0.5685235572103681
2011-04-21 18:51:15-04:00,0.5689531719891164
2011-04-21 18:51:18-04:00,0.5693827867678648
2011-04-21 18:51:21-04:00,0.5698124015466132
2011-04-21 18:51:24-04:00,0.5702420163253616
2011-04-21 18:51:27-04:00,0.57067163110411
2011-04-21 18:51:30-04:00,0.5711012458828584
2011-04-21 18:51:33-04:00,0.5715308606616067
2011-04-21 18:51:36-04:00,0.5719604754403551
2011-04-21 18:51:39-04:00,0.5723900902191036
2011-04-21 18:51:42-04:00,0.572819704997852
2011-04-21 18:51:45-04:00,0.5732493197766003
2011-04-21 18:51:48-04:00,0.5736789345553487
2011-04-21 18:51:51-04:00,0.574108549334097
2011-04-21 18:51:54-04:00,0.5745381641128455
2011-04-21 18:51:57-04:00,0.5749677788915939
2011-04-21 18:52:00-04:00,0.5753973936703423
2011-04-21 18:52:03-04:00,0.5758270084490906
2011-04-21 18:52:06-04:00,0.576256623227839
2011-04-21 18:52:09-04:00,0.5766862380065875
2011-04-21 18:52:12-04:00,0.5771158527853358
2011-04-21 18:52:15-04:00,0.5775454675640842
2011-04-21 18:52:18-04:00,0.5779750823428326
2011-04-21 18:52:21-04:00,0.5784046971215809
2011-04-21 18:52:24-04:00,0.5788343119003294
2011-04-21 18:52:27-04:00,0.5792639266790778
2011-04-21 18:52:30-04:00,0.5796935414578261
2011-04-21 18:52:33-04:00,0.5801231562365745
2011-04-21 18:52:36-04:00,0.5805527710153229
2011-04-21 18:52:39-04:00,0.5809823857940714
2011-04-21 18:52:42-04:00,0.5814120005728197
2011-04-21 18:52:45-04:00,0.5818416153515681
2011-04-21 18:52:48-04:00,0.5822712301303165
2011-04-21 18:52:51-04:00,0.5827008449090648
2011-04-21 18:52:54-04:00,0.5831304596878133
2011-04-21 18:52:57-04:00,0.5835600744665617
2011-04-21 18:53:00-04:00,0.58398968924531
2011-04-21 18:53:03-04:00,0.5844193040240584
2011-04-21 18:53:06-04:00,0.5848489188028068
2011-04-21 18:53:09-04:00,0.5852785335815552
2011-04-21 18:53:12-04:00,0.5857081483603036
2011-04-21 18:53:15-04:00,0.586137763139052
2011-04-21 18:53:18-04:00,0.5865673779178003
2011-04-21 18:53:21-04:00,0.5869969926965488
2011-04-21 18:53:24-04:00,0.5874266074752972
2011-04-21 18:53:27-04:00,0.5878562222540455
2011-04-21 18:53:30-04:00,0.5882858370327939
2011-04-21 18:53:33-04:00,0.5887154518115423
2011-04-21 18:53:36-04:00,0.5891450665902908
2011-04-21 18:53:39-04:00,0.5895746813690391
2011-04-21 18:53:42-04:00,0.5900042961477875
2011-04-21 18:53:45-04:00,0.5904339109265359
2011-04-21 18:53:48-04:00,0.5908635257052842
2011-04-21 18:53:51-04:00,0.5912931404840327
2011-04-21 18:53:54-04:00,0.5917227552627811
2011-04-21 18:53:57-04:00,0.5921523700415294
2011-04-21 18:54:00-04:00,0.5925819848202778
2011-04-21 18:54:03-04:00,0.5930115995990262
2011-04-21 18:54:06-04:00,0.5934412143777746
2011-04-21 18:54:09-04:00,0.593870829156523
2011-04-21 18:54:12-04:00,0.5943004439352714
2011-04-21 18:54:15-04:00,0.5947300587140197
2011-04-21 18:54:18-04:00,0.5951596734927681
2011-04-21 18:54:21-04:00,0.5955892882715166
2011-04-21 18:54:24-04:00,0.596018903050265
2011-04-21 18:54:27-04:00,0.5964485178290133
2011-04-21 18:54:30-04:00,0.5968781326077617
2011-04-21 18:54:33-04:00,0.59730774738651
2011-04-21 18:54:36-04:00,0.5977373621652585
2011-04-21 18:54:39-04:00,0.5981669769440069
2011-04-21 18:54:42-04:00,0.5985965917227553
2011-04-21 18:54:45-04:00,0.5990262065015036
2011-04-21 18:54:48-04:00,0.599455821280252
2011-04-21 18:54:51-04:00,0.5998854360590005
2011-04-21 18:54:54-04:00,0.6003150508377488
2011-04-21 18:54:57-04:00,0.6007446656164972
2011-04-21 18:55:00-04:00,0.6011742803952456
2011-04-21 18:55:03-04:00,0.6016038951739939
2011-04-21 18:55:06-04:00,0.6020335099527424
2011-04-21 18:55:09-04:00,0.6024631247314908
2011-04-21 18:55:12-04:00,0.6028927395102391
2011-04-21 18:55:15-04:00,0.6033223542889875
2011-04-21 18:55:18-04:00,0.6037519690677359
2011-04-21 18:55:21-04:00,0.6041815838464843
2011-04-21 18:55:24-04:00,0.6046111986252327
2011-04-21 18:55:27-04:00,0.6050408134039811
2011-04-21 18:55:30-04:00,0.6054704281827294
2011-04-21 18:55:33-04:00,0.6059000429614779
2011-04-21 18:55:36-04:00,0.6063296577402263
2011-04-21 18:55:39-04:00,0.6067592725189747
2011-04-21 18:55:42-04:00,0.607188887297723
2011-04-21 18:55:45-04:00,0.6076185020764714
2011-04-21 18:55:48-04:00,0.6080481168552199
2011-04-21 18:55:51-04:00,0.6084777316339682
2011-04-21 18:55:54-04:00,0.6089073464127166
2011-04-21 18:55:57-04:00,0.609336961191465
2011-04-21 18:56:00-04:00,0.6097665759702133
2011-04-21 18:56:03-04:00,0.6101961907489618
2011-04-21 18:56:06-04:00,0.6106258055277102
2011-04-21 18:56:09-04:00,0.6110554203064585
2011-04-21 18:56:12-04:00,0.6114850350852069
2011-04-21 18:56:15-04:00,0.6119146498639553
2011-04-21 18:56:18-04:00,0.6123442646427038
2011-04-21 18:56:21-04:00,0.6127738794214521
2011-04-21 18:56:24-04:00,0.6132034942002005
2011-04-21 18:56:27-04:00,0.6136331089789488
2011-04-21 18:56:30-04:00,0.6140627237576972
2011-04-21 18:56:33-04:00,0.6144923385364457
2011-04-21 18:56:36-04:00,0.6149219533151941
2011-04-21 18:56:39-04:00,0.6153515680939424
2011-04-21 18:56:42-04:00,0.6157811828726908
2011-04-21 18:56:45-04:00,0.6162107976514392
2011-04-21 18:56:48-04:00,0.6166404124301876
2011-04-21 18:56:51-04:00,0.617070027208936
2011-04-21 18:56:54-04:00,0.6174996419876844
2011-04-21 18:56:57-04:00,0.6179292567664327
2011-04-21 18:57:00-04:00,0.6183588715451811
2011-04-21 18:57:03-04:00,0.6187884863239296
2011-04-21 18:57:06-04:00,0.6192181011026779
2011-04-21 18:57:09-04:00,0.6196477158814263
2011-04-21 18:57:12-04:00,0.6200773306601747
2011-04-21 18:57:15-04:00,0.620506945438923
2011-04-21 18:57:18-04:00,0.6209365602176715
2011-04-21 18:57:21-04:00,0.6213661749964199
2011-04-21 18:57:24-04:00,0.6217957897751683
2011-04-21 18:57:27-04:00,0.6222254045539166
2011-04-21 18:57:30-04:00,0.6226550193326651
2011-04-21 18:57:33-04:00,0.6230846341114135
2011-04-21 18:57:36-04:00,0.6235142488901618
2011-04-21 18:57:39-04:00,0.6239438636689102
2011-04-21 18:57:42-04:00,0.6243734784476586
2011-04-21 18:57:45-04:00,0.624803093226407
2011-04-21 18:57:48-04:00,0.6252327080051554
2011-04-21 18:57:51-04:00,0.6256623227839038
2011-04-21 18:57:54-04:00,0.6260919375626521
2011-04-21 18:57:57-04:00,0.6265215523414005
2011-04-21 18:58:00-04:00,0.626951167120149
2011-04-21 18:58:03-04:00,0.6273807818988973
2011-04-21 18:58:06-04:00,0.6278103966776457
2011-04-21 18:58:09-04:00,0.6282400114563941
2011-04-21 18:58:12-04:00,0.6286696262351424
2011-04-21 18:58:15-04:00,0.6290992410138909
2011-04-21 18:58:18-04:00,0.6295288557926393
2011-04-21 18:58:21-04:00,0.6299584705713877
2011-04-21 18:58:24-04:00,0.630388085350136
2011-04-21 18:58:27-04:00,0.6308177001288844
2011-04-21 18:58:30-04:00,0.6312473149076329
2011-04-21 18:58:33-04:00,0.6316769296863812
2011-04-21 18:58:36-04:00,0.6321065444651296
2011-04-21 18:58:39-04:00,0.632536159243878
2011-04-21 18:58:42-04:00,0.6329657740226263
2011-04-21 18:58:45-04:00,0.6333953888013748
2011-04-21 18:58:48-04:00,0.6338250035801232
2011-04-21 18:58:51-04:00,0.6342546183588715
2011-04-21 18:58:54-04:00,0.6346842331376199
2011-04-21 18:58:57-04:00,0.6351138479163683
2011-04-21 18:59:00-04:00,0.6355434626951167
2011-04-21 18:59:03-04:00,0.6359730774738651
2011-04-21 18:59:06-04:00,0.6364026922526135
2011-04-21 18:59:09-04:00,0.6368323070313618
2011-04-21 18:59:12-04:00,0.6372619218101102
2011-04-21 18:59:15-04:00,0.6376915365888587
2011-04-21 18:59:18-04:00,0.638121151367607
2011-04-21 18:59:21-04:00,0.6385507661463554
2011-04-21 18:59:24-04:00,0.6389803809251038
2011-04-21 18:59:27-04:00,0.6394099957038523
2011-04-21 18:59:30-04:00,0.6398396104826006
2011-04-21 18:59:33-04:00,0.640269225261349
2011-04-21 18:59:36-04:00,0.6406988400400974
2011-04-21 18:59:39-04:00,0.6411284548188457
2011-04-21 18:59:42-04:00,0.6415580695975942
2011-04-21 18:59:45-04:00,0.6419876843763426
2011-04-21 18:59:48-04:00,0.6424172991550909
2011-04-21 18:59:51-04:00,0.6428469139338393
2011-04-21 18:59:54-04:00,0.6432765287125877
2011-04-21 18:59:57-04:00,0.6437061434913361
2011-04-21 19:00:00-04:00,0.6441357582700845
2011-04-21 19:00:03-04:00,0.6445653730488329
2011-04-21 19:00:06-04:00,0.6449949878275812
2011-04-21 19:00:09-04:00,0.6454246026063296
2011-04-21 19:00:12-04:00,0.6458542173850781
2011-04-21 19:00:15-04:00,0.6462838321638265
2011-04-21 19:00:18-04:00,0.6467134469425748
2011-04-21 19:00:21-04:00,0.6471430617213232
2011-04-21 19:00:24-04:00,0.6475726765000716
2011-04-21 19:00:27-04:00,0.64800229127882
2011-04-21 19:00:30-04:00,0.6484319060575684
2011-04-21 19:00:33-04:00,0.6488615208363168
2011-04-21 19:00:36-04:00,0.6492911356150651
2011-04-21 19:00:39-04:00,0.6497207503938135
2011-04-21 19:00:42-04:00,0.650150365172562
2011-04-21 19:00:45-04:00,0.6505799799513103
2011-04-21 19:00:48-04:00,0.6510095947300587
2011-04-21 19:00:51-04:00,0.6514392095088071
2011-04-21 19:00:54-04:00,0.6518688242875554
2011-04-21 19:00:57-04:00,0.6522984390663039
2011-04-21 19:01:00-04:00,0.6527280538450523
2011-04-21 19:01:03-04:00,0.6531576686238006
2011-04-21 19:01:06-04:00,0.653587283402549
2011-04-21 19:01:09-04:00,0.6540168981812974
2011-04-21 19:01:12-04:00,0.6544465129600459
2011-04-21 19:01:15-04:00,0.6548761277387942
2011-04-21 19:01:18-04:00,0.6553057425175426
2011-04-21 19:01:21-04:00,0.655735357296291
2011-04-21 19:01:24-04:00,0.6561649720750394
2011-04-21 19:01:27-04:00,0.6565945868537878
2011-04-21 19:01:30-04:00,0.6570242016325362
2011-04-21 19:01:33-04:00,0.6574538164112845
2011-04-21 19:01:36-04:00,0.6578834311900329
2011-04-21 19:01:39-04:00,0.6583130459687814
2011-04-21 19:01:42-04:00,0.6587426607475297
2011-04-21 19:01:45-04:00,0.6591722755262781
2011-04-21 19:01:48-04:00,0.6596018903050265
2011-04-21 19:01:51-04:00,0.6600315050837748
2011-04-21 19:01:54-04:00,0.6604611198625233
2011-04-21 19:01:57-04:00,0.6608907346412717
2011-04-21 19:02:00-04:00,0.66132034942002
2011-04-21 19:02:03-04:00,0.6617499641987684
2011-04-21 19:02:06-04:00,0.6621795789775168
2011-04-21 19:02:09-04:00,0.6626091937562653
2011-04-21 19:02:12-04:00,0.6630388085350136
2011-04-21 19:02:15-04:00,0.663468423313762
2011-04-21 19:02:18-04:00,0.6638980380925104
2011-04-21 19:02:21-04:00,0.6643276528712587
2011-04-21 19:02:24-04:00,0.6647572676500072
2011-04-21 19:02:27-04:00,0.6651868824287556
2011-04-21 19:02:30-04:00,0.6656164972075039
2011-04-21 19:02:33-04:00,0.6660461119862523
2011-04-21 19:02:36-04:00,0.6664757267650007
2011-04-21 19:02:39-04:00,0.6669053415437491
2011-04-21 19:02:42-04:00,0.6673349563224975
2011-04-21 19:02:45-04:00,0.6677645711012459
2011-04-21 19:02:48-04:00,0.6681941858799942
2011-04-21 19:02:51-04:00,0.6686238006587426
2011-04-21 19:02:54-04:00,0.6690534154374911
2011-04-21 19:02:57-04:00,0.6694830302162394
2011-04-21 19:03:00-04:00,0.6699126449949878
2011-04-21 19:03:03-04:00,0.6703422597737362
2011-04-21 19:03:06-04:00,0.6707718745524845
2011-04-21 19:03:09-04:00,0.671201489331233
2011-04-21 19:03:12-04:00,0.6716311041099814
2011-04-21 19:03:15-04:00,0.6720607188887298
2011-04-21 19:03:18-04:00,0.6724903336674781
2011-04-21 19:03:21-04:00,0.6729199484462266
2011-04-21 19:03:24-04:00,0.673349563224975
2011-04-21 19:03:27-04:00,0.6737791780037233
2011-04-21 19:03:30-04:00,0.6742087927824717
2011-04-21 19:03:33-04:00,0.6746384075612201
2011-04-21 19:03:36-04:00,0.6750680223399685
2011-04-21 19:03:39-04:00,0.6754976371187169
2011-04-21 19:03:42-04:00,0.6759272518974653
2011-04-21 19:03:45-04:00,0.6763568666762136
2011-04-21 19:03:48-04:00,0.676786481454962
2011-04-21 19:03:51-04:00,0.6772160962337105
2011-04-21 19:03:54-04:00,0.6776457110124589
2011-04-21 19:03:57-04:00,0.6780753257912072
2011-04-21 19:04:00-04:00,0.6785049405699556
2011-04-21 19:04:03-04:00,0.678934555348704
2011-04-21 19:04:06-04:00,0.6793641701274524
2011-04-21 19:04:09-04:00,0.6797937849062008
2011-04-21 19:04:12-04:00,0.6802233996849492
2011-04-21 19:04:15-04:00,0.6806530144636975
2011-04-21 19:04:18-04:00,0.6810826292424459
2011-04-21 19:04:21-04:00,0.6815122440211944
2011-04-21 19:04:24-04:00,0.6819418587999427
2011-04-21 19:04:27-04:00,0.6823714735786911
2011-04-21 19:04:30-04:00,0.6828010883574395
2011-04-21 19:04:33-04:00,0.6832307031361878
2011-04-21 19:04:36-04:00,0.6836603179149363
2011-04-21 19:04:39-04:00,0.6840899326936847
2011-04-21 19:04:42-04:00,0.684519547472433
2011-04-21 19:04:45-04:00,0.6849491622511814
2011-04-21 19:04:48-04:00,0.6853787770299298
2011-04-21 19:04:51-04:00,0.6858083918086783
2011-04-21 19:04:54-04:00,0.6862380065874266
2011-04-21 19:04:57-04:00,0.686667621366175
2011-04-21 19:05:00-04:00,0.6870972361449234
2011-04-21 19:05:03-04:00,0.6875268509236717
2011-04-21 19:05:06-04:00,0.6879564657024202
2011-04-21 19:05:09-04:00,0.6883860804811686
2011-04-21 19:05:12-04:00,0.6888156952599169
2011-04-21 19:05:15-04:00,0.6892453100386653
2011-04-21 19:05:18-04:00,0.6896749248174138
2011-04-21 19:05:21-04:00,0.6901045395961621
2011-04-21 19:05:24-04:00,0.6905341543749105
2011-04-21 19:05:27-04:00,0.6909637691536589
2011-04-21 19:05:30-04:00,0.6913933839324072
2011-04-21 19:05:33-04:00,0.6918229987111557
2011-04-21 19:05:36-04:00,0.6922526134899041
2011-04-21 19:05:39-04:00,0.6926822282686524
2011-04-21 19:05:42-04:00,0.6931118430474008
2011-04-21 19:05:45-04:00,0.6935414578261492
2011-04-21 19:05:48-04:00,0.6939710726048977
2011-04-21 19:05:51-04:00,0.694400687383646
2011-04-21 19:05:54-04:00,0.6948303021623944
2011-04-21 19:05:57-04:00,0.6952599169411428
2011-04-21 19:06:00-04:00,0.6956895317198911
2011-04-21 19:06:03-04:00,0.6961191464986396
2011-04-21 19:06:06-04:00,0.696548761277388
2011-04-21 19:06:09-04:00,0.6969783760561363
2011-04-21 19:06:12-04:00,0.6974079908348847
2011-04-21 19:06:15-04:00,0.6978376056136331
2011-04-21 19:06:18-04:00,0.6982672203923815
2011-04-21 19:06:21-04:00,0.6986968351711299
2011-04-21 19:06:24-04:00,0.6991264499498783
2011-04-21 19:06:27-04:00,0.6995560647286266
2011-04-21 19:06:30-04:00,0.699985679507375
2011-04-21 19:06:33-04:00,0.7004152942861235
2011-04-21 19:06:36-04:00,0.7008449090648718
2011-04-21 19:06:39-04:00,0.7012745238436202
2011-04-21 19:06:42-04:00,0.7017041386223686
2011-04-21 19:06:45-04:00,0.702133753401117
2011-04-21 19:06:48-04:00,0.7025633681798654
2011-04-21 19:06:51-04:00,0.7029929829586138
2011-04-21 19:06:54-04:00,0.7034225977373622
2011-04-21 19:06:57-04:00,0.7038522125161105
2011-04-21 19:07:00-04:00,0.7042818272948589
2011-04-21 19:07:03-04:00,0.7047114420736074
2011-04-21 19:07:06-04:00,0.7051410568523557
2011-04-21 19:07:09-04:00,0.7055706716311041
2011-04-21 19:07:12-04:00,0.7060002864098525
2011-04-21 19:07:15-04:00,0.7064299011886009
2011-04-21 19:07:18-04:00,0.7068595159673493
2011-04-21 19:07:21-04:00,0.7072891307460977
2011-04-21 19:07:24-04:00,0.707718745524846
2011-04-21 19:07:27-04:00,0.7081483603035944
2011-04-21 19:07:30-04:00,0.7085779750823429
2011-04-21 19:07:33-04:00,0.7090075898610912
2011-04-21 19:07:36-04:00,0.7094372046398396
2011-04-21 19:07:39-04:00,0.709866819418588
2011-04-21 19:07:42-04:00,0.7102964341973363
2011-04-21 19:07:45-04:00,0.7107260489760848
2011-04-21 19:07:48-04:00,0.7111556637548332
2011-04-21 19:07:51-04:00,0.7115852785335816
2011-04-21 19:07:54-04:00,0.7120148933123299
2011-04-21 19:07:57-04:00,0.7124445080910783
2011-04-21 19:08:00-04:00,0.7128741228698268
2011-04-21 19:08:03-04:00,0.7133037376485751
2011-04-21 19:08:06-04:00,0.7137333524273235
2011-04-21 19:08:09-04:00,0.7141629672060719
2011-04-21 19:08:12-04:00,0.7145925819848202
2011-04-21 19:08:15-04:00,0.7150221967635687
2011-04-21 19:08:18-04:00,0.7154518115423171
2011-04-21 19:08:21-04:00,0.7158814263210654
2011-04-21 19:08:24-04:00,0.7163110410998138
2011-04-21 19:08:27-04:00,0.7167406558785622
2011-04-21 19:08:30-04:00,0.7171702706573106
2011-04-21 19:08:33-04:00,0.717599885436059
2011-04-21 19:08:36-04:00,0.7180295002148074
2011-04-21 19:08:39-04:00,0.7184591149935557
2011-04-21 19:08:42-04:00,0.7188887297723041
2011-04-21 19:08:45-04:00,0.7193183445510526
2011-04-21 19:08:48-04:00,0.719747959329801
2011-04-21 19:08:51-04:00,0.7201775741085493
2011-04-21 19:08:54-04:00,0.7206071888872977
2011-04-21 19:08:57-04:00,0.7210368036660461
2011-04-21 19:09:00-04:00,0.7214664184447945
2011-04-21 19:09:03-04:00,0.7218960332235429
2011-04-21 19:09:06-04:00,0.7223256480022913
2011-04-21 19:09:09-04:00,0.7227552627810396
2011-04-21 19:09:12-04:00,0.7231848775597881
2011-04-21 19:09:15-04:00,0.7236144923385365
2011-04-21 19:09:18-04:00,0.7240441071172848
2011-04-21 19:09:21-04:00,0.7244737218960332
2011-04-21 19:09:24-04:00,0.7249033366747816
2011-04-21 19:09:27-04:00,0.72533295145353
2011-04-21 19:09:30-04:00,0.7257625662322784
2011-04-21 19:09:33-04:00,0.7261921810110268
2011-04-21 19:09:36-04:00,0.7266217957897751
2011-04-21 19:09:39-04:00,0.7270514105685235
2011-04-21 19:09:42-04:00,0.727481025347272
2011-04-21 19:09:45-04:00,0.7279106401260204
2011-04-21 19:09:48-04:00,0.7283402549047687
2011-04-21 19:09:51-04:00,0.7287698696835171
2011-04-21 19:09:54-04:00,0.7291994844622655
2011-04-21 19:09:57-04:00,0.7296290992410139
2011-04-21 19:10:00-04:00,0.7300587140197623
2011-04-21 19:10:03-04:00,0.7304883287985107
2011-04-21 19:10:06-04:00,0.730917943577259
2011-04-21 19:10:09-04:00,0.7313475583560074
2011-04-21 19:10:12-04:00,0.7317771731347559
2011-04-21 19:10:15-04:00,0.7322067879135042
2011-04-21 19:10:18-04:00,0.7326364026922526
2011-04-21 19:10:21-04:00,0.733066017471001
2011-04-21 19:10:24-04:00,0.7334956322497493
2011-04-21 19:10:27-04:00,0.7339252470284978
2011-04-21 19:10:30-04:00,0.7343548618072462
2011-04-21 19:10:33-04:00,0.7347844765859946
2011-04-21 19:10:36-04:00,0.7352140913647429
2011-04-21 19:10:39-04:00,0.7356437061434913
2011-04-21 19:10:42-04:00,0.7360733209222398
2011-04-21 19:10:45-04:00,0.7365029357009881
2011-04-21 19:10:48-04:00,0.7369325504797365
2011-04-21 19:10:51-04:00,0.7373621652584849
2011-04-21 19:10:54-04:00,0.7377917800372332
2011-04-21 19:10:57-04:00,0.7382213948159817
2011-04-21 19:11:00-04:00,0.7386510095947301
2011-04-21 19:11:03-04:00,0.7390806243734784
2011-04-21 19:11:06-04:00,0.7395102391522268
2011-04-21 19:11:09-04:00,0.7399398539309753
2011-04-21 19:11:12-04:00,0.7403694687097236
2011-04-21 19:11:15-04:00,0.740799083488472
2011-04-21 19:11:18-04:00,0.7412286982672204
2011-04-21 19:11:21-04:00,0.7416583130459687
2011-04-21 19:11:24-04:00,0.7420879278247172
2011-04-21 19:11:27-04:00,0.7425175426034656
2011-04-21 19:11:30-04:00,0.742947157382214
2011-04-21 19:11:33-04:00,0.7433767721609623
2011-04-21 19:11:36-04:00,0.7438063869397107
2011-04-21 19:11:39-04:00,0.7442360017184592
2011-04-21 19:11:42-04:00,0.7446656164972075
2011-04-21 19:11:45-04:00,0.7450952312759559
2011-04-21 19:11:48-04:00,0.7455248460547043
2011-04-21 19:11:51-04:00,0.7459544608334526
2011-04-21 19:11:54-04:00,0.7463840756122011
2011-04-21 19:11:57-04:00,0.7468136903909495
2011-04-21 19:12:00-04:00,0.7472433051696978
2011-04-21 19:12:03-04:00,0.7476729199484462
2011-04-21 19:12:06-04:00,0.7481025347271946
2011-04-21 19:12:09-04:00,0.748532149505943
2011-04-21 19:12:12-04:00,0.7489617642846914
2011-04-21 19:12:15-04:00,0.7493913790634398
2011-04-21 19:12:18-04:00,0.7498209938421881
2011-04-21 19:12:21-04:00,0.7502506086209365
2011-04-21 19:12:24-04:00,0.750680223399685
2011-04-21 19:12:27-04:00,0.7511098381784334
2011-04-21 19:12:30-04:00,0.7515394529571817
2011-04-21 19:12:33-04:00,0.7519690677359301
2011-04-21 19:12:36-04:00,0.7523986825146785
2011-04-21 19:12:39-04:00,0.7528282972934269
2011-04-21 19:12:42-04:00,0.7532579120721753
2011-04-21 19:12:45-04:00,0.7536875268509237
2011-04-21 19:12:48-04:00,0.754117141629672
2011-04-21 19:12:51-04:00,0.7545467564084204
2011-04-21 19:12:54-04:00,0.7549763711871689
2011-04-21 19:12:57-04:00,0.7554059859659172
2011-04-21 19:13:00-04:00,0.7558356007446656
2011-04-21 19:13:03-04:00,0.756265215523414
2011-04-21 19:13:06-04:00,0.7566948303021623
2011-04-21 19:13:09-04:00,0.7571244450809108
2011-04-21 19:13:12-04:00,0.7575540598596592
2011-04-21 19:13:15-04:00,0.7579836746384075
2011-04-21 19:13:18-04:00,0.7584132894171559
2011-04-21 19:13:21-04:00,0.7588429041959044
2011-04-21 19:13:24-04:00,0.7592725189746528
2011-04-21 19:13:27-04:00,0.7597021337534011
2011-04-21 19:13:30-04:00,0.7601317485321495
2011-04-21 19:13:33-04:00,0.7605613633108979
2011-04-21 19:13:36-04:00,0.7609909780896463
2011-04-21 19:13:39-04:00,0.7614205928683947
2011-04-21 19:13:42-04:00,0.7618502076471431
2011-04-21 19:13:45-04:00,0.7622798224258914
2011-04-21 19:13:48-04:00,0.7627094372046398
2011-04-21 19:13:51-04:00,0.7631390519833883
2011-04-21 19:13:54-04:00,0.7635686667621366
2011-04-21 19:13:57-04:00,0.763998281540885
2011-04-21 19:14:00-04:00,0.7644278963196334
2011-04-21 19:14:03-04:00,0.7648575110983817
2011-04-21 19:14:06-04:00,0.7652871258771302
2011-04-21 19:14:09-04:00,0.7657167406558786
2011-04-21 19:14:12-04:00,0.766146355434627
2011-04-21 19:14:15-04:00,0.7665759702133753
2011-04-21 19:14:18-04:00,0.7670055849921237
2011-04-21 19:14:21-04:00,0.7674351997708722
2011-04-21 19:14:24-04:00,0.7678648145496205
2011-04-21 19:14:27-04:00,0.7682944293283689
2011-04-21 19:14:30-04:00,0.7687240441071173
2011-04-21 19:14:33-04:00,0.7691536588858656
2011-04-21 19:14:36-04:00,0.7695832736646141
2011-04-21 19:14:39-04:00,0.7700128884433625
2011-04-21 19:14:42-04:00,0.7704425032221108
2011-04-21 19:14:45-04:00,0.7708721180008592
2011-04-21 19:14:48-04:00,0.7713017327796076
2011-04-21 19:14:51-04:00,0.771731347558356
2011-04-21 19:14:54-04:00,0.7721609623371044
2011-04-21 19:14:57-04:00,0.7725905771158528
2011-04-21 19:15:00-04:00,0.7730201918946011
2011-04-21 19:15:03-04:00,0.7734498066733495
2011-04-21 19:15:06-04:00,0.773879421452098
2011-04-21 19:15:09-04:00,0.7743090362308463
2011-04-21 19:15:12-04:00,0.7747386510095947
2011-04-21 19:15:15-04:00,0.7751682657883431
2011-04-21 19:15:18-04:00,0.7755978805670916
2011-04-21 19:15:21-04:00,0.7760274953458399
2011-04-21 19:15:24-04:00,0.7764571101245883
2011-04-21 19:15:27-04:00,0.7768867249033367
2011-04-21 19:15:30-04:00,0.777316339682085
2011-04-21 19:15:33-04:00,0.7777459544608335
2011-04-21 19:15:36-04:00,0.7781755692395819
2011-04-21 19:15:39-04:00,0.7786051840183302
2011-04-21 19:15:42-04:00,0.7790347987970786
2011-04-21 19:15:45-04:00,0.779464413575827
2011-04-21 19:15:48-04:00,0.7798940283545754
2011-04-21 19:15:51-04:00,0.7803236431333238
2011-04-21 19:15:54-04:00,0.7807532579120722
2011-04-21 19:15:57-04:00,0.7811828726908205
2011-04-21 19:16:00-04:00,0.7816124874695689
2011-04-21 19:16:03-04:00,0.7820421022483174
2011-04-21 19:16:06-04:00,0.7824717170270657
2011-04-21 19:16:09-04:00,0.7829013318058141
2011-04-21 19:16:12-04:00,0.7833309465845625
2011-04-21 19:16:15-04:00,0.7837605613633108
2011-04-21 19:16:18-04:00,0.7841901761420593
2011-04-21 19:16:21-04:00,0.7846197909208077
2011-04-21 19:16:24-04:00,0.7850494056995561
2011-04-21 19:16:27-04:00,0.7854790204783044
2011-04-21 19:16:30-04:00,0.7859086352570528
2011-04-21 19:16:33-04:00,0.7863382500358013
2011-04-21 19:16:36-04:00,0.7867678648145496
2011-04-21 19:16:39-04:00,0.787197479593298
2011-04-21 19:16:42-04:00,0.7876270943720464
2011-04-21 19:16:45-04:00,0.7880567091507947
2011-04-21 19:16:48-04:00,0.7884863239295432
2011-04-21 19:16:51-04:00,0.7889159387082916
2011-04-21 19:16:54-04:00,0.7893455534870399
2011-04-21 19:16:57-04:00,0.7897751682657883
2011-04-21 19:17:00-04:00,0.7902047830445367
2011-04-21 19:17:03-04:00,0.7906343978232852
2011-04-21 19:17:06-04:00,0.7910640126020335
2011-04-21 19:17:09-04:00,0.7914936273807819
2011-04-21 19:17:12-04:00,0.7919232421595302
2011-04-21 19:17:15-04:00,0.7923528569382787
2011-04-21 19:17:18-04:00,0.7927824717170271
2011-04-21 19:17:21-04:00,0.7932120864957755
2011-04-21 19:17:24-04:00,0.7936417012745238
2011-04-21 19:17:27-04:00,0.7940713160532722
2011-04-21 19:17:30-04:00,0.7945009308320207
2011-04-21 19:17:33-04:00,0.794930545610769
2011-04-21 19:17:36-04:00,0.7953601603895174
2011-04-21 19:17:39-04:00,0.7957897751682658
2011-04-21 19:17:42-04:00,0.7962193899470141
2011-04-21 19:17:45-04:00,0.7966490047257626
2011-04-21 19:17:48-04:00,0.797078619504511
2011-04-21 19:17:51-04:00,0.7975082342832593
2011-04-21 19:17:54-04:00,0.7979378490620077
2011-04-21 19:17:57-04:00,0.7983674638407561
2011-04-21 19:18:00-04:00,0.7987970786195046
2011-04-21 19:18:03-04:00,0.7992266933982529
2011-04-21 19:18:06-04:00,0.7996563081770013
2011-04-21 19:18:09-04:00,0.8000859229557497
2011-04-21 19:18:12-04:00,0.800515537734498
2011-04-21 19:18:15-04:00,0.8009451525132465
2011-04-21 19:18:18-04:00,0.8013747672919949
2011-04-21 19:18:21-04:00,0.8018043820707432
2011-04-21 19:18:24-04:00,0.8022339968494916
2011-04-21 19:18:27-04:00,0.80266361162824
2011-04-21 19:18:30-04:00,0.8030932264069884
2011-04-21 19:18:33-04:00,0.8035228411857368
2011-04-21 19:18:36-04:00,0.8039524559644852
2011-04-21 19:18:39-04:00,0.8043820707432335
2011-04-21 19:18:42-04:00,0.8048116855219819
2011-04-21 19:18:45-04:00,0.8052413003007304
2011-04-21 19:18:48-04:00,0.8056709150794787
2011-04-21 19:18:51-04:00,0.8061005298582271
2011-04-21 19:18:54-04:00,0.8065301446369755
2011-04-21 19:18:57-04:00,0.8069597594157238
2011-04-21 19:19:00-04:00,0.8073893741944723
2011-04-21 19:19:03-04:00,0.8078189889732207
2011-04-21 19:19:06-04:00,0.808248603751969
2011-04-21 19:19:09-04:00,0.8086782185307174
2011-04-21 19:19:12-04:00,0.8091078333094659
2011-04-21 19:19:15-04:00,0.8095374480882143
2011-04-21 19:19:18-04:00,0.8099670628669626
2011-04-21 19:19:21-04:00,0.810396677645711
2011-04-21 19:19:24-04:00,0.8108262924244594
2011-04-21 19:19:27-04:00,0.8112559072032078
2011-04-21 19:19:30-04:00,0.8116855219819562
2011-04-21 19:19:33-04:00,0.8121151367607046
2011-04-21 19:19:36-04:00,0.8125447515394529
2011-04-21 19:19:39-04:00,0.8129743663182013
2011-04-21 19:19:42-04:00,0.8134039810969498
2011-04-21 19:19:45-04:00,0.8138335958756981
2011-04-21 19:19:48-04:00,0.8142632106544465
2011-04-21 19:19:51-04:00,0.8146928254331949
2011-04-21 19:19:54-04:00,0.8151224402119432
2011-04-21 19:19:57-04:00,0.8155520549906917
2011-04-21 19:20:00-04:00,0.8159816697694401
2011-04-21 19:20:03-04:00,0.8164112845481885
2011-04-21 19:20:06-04:00,0.8168408993269368
2011-04-21 19:20:09-04:00,0.8172705141056852
2011-04-21 19:20:12-04:00,0.8177001288844337
2011-04-21 19:20:15-04:00,0.818129743663182
2011-04-21 19:20:18-04:00,0.8185593584419304
2011-04-21 19:20:21-04:00,0.8189889732206788
2011-04-21 19:20:24-04:00,0.8194185879994271
2011-04-21 19:20:27-04:00,0.8198482027781756
2011-04-21 19:20:30-04:00,0.820277817556924
2011-04-21 19:20:33-04:00,0.8207074323356723
2011-04-21 19:20:36-04:00,0.8211370471144207
2011-04-21 19:20:39-04:00,0.8215666618931691
2011-04-21 19:20:42-04:00,0.8219962766719175
2011-04-21 19:20:45-04:00,0.8224258914506659
2011-04-21 19:20:48-04:00,0.8228555062294143
2011-04-21 19:20:51-04:00,0.8232851210081626
2011-04-21 19:20:54-04:00,0.823714735786911
2011-04-21 19:20:57-04:00,0.8241443505656595
2011-04-21 19:21:00-04:00,0.8245739653444079
2011-04-21 19:21:03-04:00,0.8250035801231562
2011-04-21 19:21:06-04:00,0.8254331949019046
2011-04-21 19:21:09-04:00,0.8258628096806531
2011-04-21 19:21:12-04:00,0.8262924244594014
2011-04-21 19:21:15-04:00,0.8267220392381498
2011-04-21 19:21:18-04:00,0.8271516540168982
2011-04-21 19:21:21-04:00,0.8275812687956465
2011-04-21 19:21:24-04:00,0.828010883574395
2011-04-21 19:21:27-04:00,0.8284404983531434
2011-04-21 19:21:30-04:00,0.8288701131318917
2011-04-21 19:21:33-04:00,0.8292997279106401
2011-04-21 19:21:36-04:00,0.8297293426893885
2011-04-21 19:21:39-04:00,0.830158957468137
2011-04-21 19:21:42-04:00,0.8305885722468853
2011-04-21 19:21:45-04:00,0.8310181870256337
2011-04-21 19:21:48-04:00,0.831447801804382
2011-04-21 19:21:51-04:00,0.8318774165831304
2011-04-21 19:21:54-04:00,0.8323070313618789
2011-04-21 19:21:57-04:00,0.8327366461406273
2011-04-21 19:22:00-04:00,0.8331662609193756
2011-04-21 19:22:03-04:00,0.833595875698124
2011-04-21 19:22:06-04:00,0.8340254904768724
2011-04-21 19:22:09-04:00,0.8344551052556208
2011-04-21 19:22:12-04:00,0.8348847200343692
2011-04-21 19:22:15-04:00,0.8353143348131176
2011-04-21 19:22:18-04:00,0.8357439495918659
2011-04-21 19:22:21-04:00,0.8361735643706143
2011-04-21 19:22:24-04:00,0.8366031791493628
2011-04-21 19:22:27-04:00,0.8370327939281111
2011-04-21 19:22:30-04:00,0.8374624087068595
2011-04-21 19:22:33-04:00,0.8378920234856079
2011-04-21 19:22:36-04:00,0.8383216382643562
2011-04-21 19:22:39-04:00,0.8387512530431047
2011-04-21 19:22:42-04:00,0.8391808678218531
2011-04-21 19:22:45-04:00,0.8396104826006014
2011-04-21 19:22:48-04:00,0.8400400973793498
2011-04-21 19:22:51-04:00,0.8404697121580982
2011-04-21 19:22:54-04:00,0.8408993269368467
2011-04-21 19:22:57-04:00,0.841328941715595
2011-04-21 19:23:00-04:00,0.8417585564943434
2011-04-21 19:23:03-04:00,0.8421881712730918
2011-04-21 19:23:06-04:00,0.8426177860518402
2011-04-21 19:23:09-04:00,0.8430474008305886
2011-04-21 19:23:12-04:00,0.843477015609337
2011-04-21 19:23:15-04:00,0.8439066303880853
2011-04-21 19:23:18-04:00,0.8443362451668337
2011-04-21 19:23:21-04:00,0.8447658599455822
2011-04-21 19:23:24-04:00,0.8451954747243305
2011-04-21 19:23:27-04:00,0.8456250895030789
2011-04-21 19:23:30-04:00,0.8460547042818273
2011-04-21 19:23:33-04:00,0.8464843190605756
2011-04-21 19:23:36-04:00,0.8469139338393241
2011-04-21 19:23:39-04:00,0.8473435486180725
2011-04-21 19:23:42-04:00,0.8477731633968209
2011-04-21 19:23:45-04:00,0.8482027781755692
2011-04-21 19:23:48-04:00,0.8486323929543176
2011-04-21 19:23:51-04:00,0.8490620077330661
2011-04-21 19:23:54-04:00,0.8494916225118144
2011-04-21 19:23:57-04:00,0.8499212372905628
2011-04-21 19:24:00-04:00,0.8503508520693112
2011-04-21 19:24:03-04:00,0.8507804668480595
2011-04-21 19:24:06-04:00,0.851210081626808
2011-04-21 19:24:09-04:00,0.8516396964055564
2011-04-21 19:24:12-04:00,0.8520693111843047
2011-04-21 19:24:15-04:00,0.8524989259630531
2011-04-21 19:24:18-04:00,0.8529285407418015
2011-04-21 19:24:21-04:00,0.8533581555205499
2011-04-21 19:24:24-04:00,0.8537877702992983
2011-04-21 19:24:27-04:00,0.8542173850780467
2011-04-21 19:24:30-04:00,0.854646999856795
2011-04-21 19:24:33-04:00,0.8550766146355434
2011-04-21 19:24:36-04:00,0.8555062294142919
2011-04-21 19:24:39-04:00,0.8559358441930403
2011-04-21 19:24:42-04:00,0.8563654589717886
2011-04-21 19:24:45-04:00,0.856795073750537
2011-04-21 19:24:48-04:00,0.8572246885292854
2011-04-21 19:24:51-04:00,0.8576543033080338
2011-04-21 19:24:54-04:00,0.8580839180867822
2011-04-21 19:24:57-04:00,0.8585135328655306
2011-04-21 19:25:00-04:00,0.8589431476442789
2011-04-21 19:25:03-04:00,0.8593727624230274
2011-04-21 19:25:06-04:00,0.8598023772017758
2011-04-21 19:25:09-04:00,0.8602319919805241
2011-04-21 19:25:12-04:00,0.8606616067592725
2011-04-21 19:25:15-04:00,0.8610912215380209
2011-04-21 19:25:18-04:00,0.8615208363167693
2011-04-21 19:25:21-04:00,0.8619504510955177
2011-04-21 19:25:24-04:00,0.8623800658742661
2011-04-21 19:25:27-04:00,0.8628096806530144
2011-04-21 19:25:30-04:00,0.8632392954317628
2011-04-21 19:25:33-04:00,0.8636689102105113
2011-04-21 19:25:36-04:00,0.8640985249892597
2011-04-21 19:25:39-04:00,0.864528139768008
2011-04-21 19:25:42-04:00,0.8649577545467564
2011-04-21 19:25:45-04:00,0.8653873693255048
2011-04-21 19:25:48-04:00,0.8658169841042532
2011-04-21 19:25:51-04:00,0.8662465988830016
2011-04-21 19:25:54-04:00,0.86667621366175
2011-04-21 19:25:57-04:00,0.8671058284404983
2011-04-21 19:26:00-04:00,0.8675354432192467
2011-04-21 19:26:03-04:00,0.8679650579979952
2011-04-21 19:26:06-04:00,0.8683946727767435
2011-04-21 19:26:09-04:00,0.8688242875554919
2011-04-21 19:26:12-04:00,0.8692539023342403
2011-04-21 19:26:15-04:00,0.8696835171129886
2011-04-21 19:26:18-04:00,0.8701131318917371
2011-04-21 19:26:21-04:00,0.8705427466704855
2011-04-21 19:26:24-04:00,0.8709723614492338
2011-04-21 19:26:27-04:00,0.8714019762279822
2011-04-21 19:26:30-04:00,0.8718315910067306
2011-04-21 19:26:33-04:00,0.872261205785479
2011-04-21 19:26:36-04:00,0.8726908205642274
2011-04-21 19:26:39-04:00,0.8731204353429758
2011-04-21 19:26:42-04:00,0.8735500501217242
2011-04-21 19:26:45-04:00,0.8739796649004725
2011-04-21 19:26:48-04:00,0.874409279679221
2011-04-21 19:26:51-04:00,0.8748388944579694
2011-04-21 19:26:54-04:00,0.8752685092367177
2011-04-21 19:26:57-04:00,0.8756981240154661
2011-04-21 19:27:00-04:00,0.8761277387942146
2011-04-21 19:27:03-04:00,0.8765573535729629
2011-04-21 19:27:06-04:00,0.8769869683517113
2011-04-21 19:27:09-04:00,0.8774165831304597
2011-04-21 19:27:12-04:00,0.877846197909208
2011-04-21 19:27:15-04:00,0.8782758126879565
2011-04-21 19:27:18-04:00,0.8787054274667049
2011-04-21 19:27:21-04:00,0.8791350422454532
2011-04-21 19:27:24-04:00,0.8795646570242016
2011-04-21 19:27:27-04:00,0.87999427180295
2011-04-21 19:27:30-04:00,0.8804238865816985
2011-04-21 19:27:33-04:00,0.8808535013604468
2011-04-21 19:27:36-04:00,0.8812831161391952
2011-04-21 19:27:39-04:00,0.8817127309179436
2011-04-21 19:27:42-04:00,0.8821423456966919
2011-04-21 19:27:45-04:00,0.8825719604754404
2011-04-21 19:27:48-04:00,0.8830015752541888
2011-04-21 19:27:51-04:00,0.8834311900329371
2011-04-21 19:27:54-04:00,0.8838608048116855
2011-04-21 19:27:57-04:00,0.8842904195904339
2011-04-21 19:28:00-04:00,0.8847200343691823
2011-04-21 19:28:03-04:00,0.8851496491479307
2011-04-21 19:28:06-04:00,0.8855792639266791
2011-04-21 19:28:09-04:00,0.8860088787054274
2011-04-21 19:28:12-04:00,0.8864384934841758
2011-04-21 19:28:15-04:00,0.8868681082629243
2011-04-21 19:28:18-04:00,0.8872977230416726
2011-04-21 19:28:21-04:00,0.887727337820421
2011-04-21 19:28:24-04:00,0.8881569525991694
2011-04-21 19:28:27-04:00,0.8885865673779177
2011-04-21 19:28:30-04:00,0.8890161821566662
2011-04-21 19:28:33-04:00,0.8894457969354146
2011-04-21 19:28:36-04:00,0.889875411714163
2011-04-21 19:28:39-04:00,0.8903050264929113
2011-04-21 19:28:42-04:00,0.8907346412716597
2011-04-21 19:28:45-04:00,0.8911642560504082
2011-04-21 19:28:48-04:00,0.8915938708291565
2011-04-21 19:28:51-04:00,0.8920234856079049
2011-04-21 19:28:54-04:00,0.8924531003866533
2011-04-21 19:28:57-04:00,0.8928827151654016
2011-04-21 19:29:00-04:00,0.8933123299441501
2011-04-21 19:29:03-04:00,0.8937419447228985
2011-04-21 19:29:06-04:00,0.8941715595016468
2011-04-21 19:29:09-04:00,0.8946011742803952
2011-04-21 19:29:12-04:00,0.8950307890591437
2011-04-21 19:29:15-04:00,0.895460403837892
2011-04-21 19:29:18-04:00,0.8958900186166404
2011-04-21 19:29:21-04:00,0.8963196333953888
2011-04-21 19:29:24-04:00,0.8967492481741371
2011-04-21 19:29:27-04:00,0.8971788629528856
2011-04-21 19:29:30-04:00,0.897608477731634
2011-04-21 19:29:33-04:00,0.8980380925103824
2011-04-21 19:29:36-04:00,0.8984677072891307
2011-04-21 19:29:39-04:00,0.8988973220678791
2011-04-21 19:29:42-04:00,0.8993269368466276
2011-04-21 19:29:45-04:00,0.8997565516253759
2011-04-21 19:29:48-04:00,0.9001861664041243
2011-04-21 19:29:51-04:00,0.9006157811828727
2011-04-21 19:29:54-04:00,0.901045395961621
2011-04-21 19:29:57-04:00,0.9014750107403695
2011-04-21 19:30:00-04:00,0.9019046255191179
2011-04-21 19:30:03-04:00,0.9023342402978662
2011-04-21 19:30:06-04:00,0.9027638550766146
2011-04-21 19:30:09-04:00,0.903193469855363
2011-04-21 19:30:12-04:00,0.9036230846341115
2011-04-21 19:30:15-04:00,0.9040526994128598
2011-04-21 19:30:18-04:00,0.9044823141916082
2011-04-21 19:30:21-04:00,0.9049119289703565
2011-04-21 19:30:24-04:00,0.9053415437491049
2011-04-21 19:30:27-04:00,0.9057711585278534
2011-04-21 19:30:30-04:00,0.9062007733066018
2011-04-21 19:30:33-04:00,0.9066303880853501
2011-04-21 19:30:36-04:00,0.9070600028640985
2011-04-21 19:30:39-04:00,0.9074896176428469
2011-04-21 19:30:42-04:00,0.9079192324215953
2011-04-21 19:30:45-04:00,0.9083488472003437
2011-04-21 19:30:48-04:00,0.9087784619790921
2011-04-21 19:30:51-04:00,0.9092080767578404
2011-04-21 19:30:54-04:00,0.9096376915365888
2011-04-21 19:30:57-04:00,0.9100673063153373
2011-04-21 19:31:00-04:00,0.9104969210940856
2011-04-21 19:31:03-04:00,0.910926535872834
2011-04-21 19:31:06-04:00,0.9113561506515824
2011-04-21 19:31:09-04:00,0.9117857654303309
2011-04-21 19:31:12-04:00,0.9122153802090792
2011-04-21 19:31:15-04:00,0.9126449949878276
2011-04-21 19:31:18-04:00,0.913074609766576
2011-04-21 19:31:21-04:00,0.9135042245453243
2011-04-21 19:31:24-04:00,0.9139338393240728
2011-04-21 19:31:27-04:00,0.9143634541028212
2011-04-21 19:31:30-04:00,0.9147930688815695
2011-04-21 19:31:33-04:00,0.9152226836603179
2011-04-21 19:31:36-04:00,0.9156522984390663
2011-04-21 19:31:39-04:00,0.9160819132178147
2011-04-21 19:31:42-04:00,0.9165115279965631
2011-04-21 19:31:45-04:00,0.9169411427753115
2011-04-21 19:31:48-04:00,0.9173707575540598
2011-04-21 19:31:51-04:00,0.9178003723328082
2011-04-21 19:31:54-04:00,0.9182299871115567
2011-04-21 19:31:57-04:00,0.918659601890305
2011-04-21 19:32:00-04:00,0.9190892166690534
2011-04-21 19:32:03-04:00,0.9195188314478018
2011-04-21 19:32:06-04:00,0.9199484462265501
2011-04-21 19:32:09-04:00,0.9203780610052986
2011-04-21 19:32:12-04:00,0.920807675784047
2011-04-21 19:32:15-04:00,0.9212372905627954
2011-04-21 19:32:18-04:00,0.9216669053415437
2011-04-21 19:32:21-04:00,0.9220965201202921
2011-04-21 19:32:24-04:00,0.9225261348990406
2011-04-21 19:32:27-04:00,0.9229557496777889
2011-04-21 19:32:30-04:00,0.9233853644565373
2011-04-21 19:32:33-04:00,0.9238149792352857
2011-04-21 19:32:36-04:00,0.924244594014034
2011-04-21 19:32:39-04:00,0.9246742087927825
2011-04-21 19:32:42-04:00,0.9251038235715309
2011-04-21 19:32:45-04:00,0.9255334383502792
2011-04-21 19:32:48-04:00,0.9259630531290276
2011-04-21 19:32:51-04:00,0.926392667907776
2011-04-21 19:32:54-04:00,0.9268222826865244
2011-04-21 19:32:57-04:00,0.9272518974652728
2011-04-21 19:33:00-04:00,0.9276815122440212
2011-04-21 19:33:03-04:00,0.9281111270227695
2011-04-21 19:33:06-04:00,0.928540741801518
2011-04-21 19:33:09-04:00,0.9289703565802664
2011-04-21 19:33:12-04:00,0.9293999713590148
2011-04-21 19:33:15-04:00,0.9298295861377631
2011-04-21 19:33:18-04:00,0.9302592009165115
2011-04-21 19:33:21-04:00,0.93068881569526
2011-04-21 19:33:24-04:00,0.9311184304740083
2011-04-21 19:33:27-04:00,0.9315480452527567
2011-04-21 19:33:30-04:00,0.9319776600315051
2011-04-21 19:33:33-04:00,0.9324072748102534
2011-04-21 19:33:36-04:00,0.9328368895890019
2011-04-21 19:33:39-04:00,0.9332665043677503
2011-04-21 19:33:42-04:00,0.9336961191464986
2011-04-21 19:33:45-04:00,0.934125733925247
2011-04-21 19:33:48-04:00,0.9345553487039954
2011-04-21 19:33:51-04:00,0.9349849634827438
2011-04-21 19:33:54-04:00,0.9354145782614922
2011-04-21 19:33:57-04:00,0.9358441930402406
2011-04-21 19:34:00-04:00,0.936273807818989
2011-04-21 19:34:03-04:00,0.9367034225977373
2011-04-21 19:34:06-04:00,0.9371330373764858
2011-04-21 19:34:09-04:00,0.9375626521552342
2011-04-21 19:34:12-04:00,0.9379922669339825
2011-04-21 19:34:15-04:00,0.9384218817127309
2011-04-21 19:34:18-04:00,0.9388514964914793
2011-04-21 19:34:21-04:00,0.9392811112702277
2011-04-21 19:34:24-04:00,0.9397107260489761
2011-04-21 19:34:27-04:00,0.9401403408277245
2011-04-21 19:34:30-04:00,0.9405699556064728
2011-04-21 19:34:33-04:00,0.9409995703852212
2011-04-21 19:34:36-04:00,0.9414291851639697
2011-04-21 19:34:39-04:00,0.941858799942718
2011-04-21 19:34:42-04:00,0.9422884147214664
2011-04-21 19:34:45-04:00,0.9427180295002148
2011-04-21 19:34:48-04:00,0.9431476442789631
2011-04-21 19:34:51-04:00,0.9435772590577116
2011-04-21 19:34:54-04:00,0.94400687383646
2011-04-21 19:34:57-04:00,0.9444364886152083
2011-04-21 19:35:00-04:00,0.9448661033939567
2011-04-21 19:35:03-04:00,0.9452957181727052
2011-04-21 19:35:06-04:00,0.9457253329514536
2011-04-21 19:35:09-04:00,0.9461549477302019
2011-04-21 19:35:12-04:00,0.9465845625089503
2011-04-21 19:35:15-04:00,0.9470141772876987
2011-04-21 19:35:18-04:00,0.9474437920664471
2011-04-21 19:35:21-04:00,0.9478734068451955
2011-04-21 19:35:24-04:00,0.9483030216239439
2011-04-21 19:35:27-04:00,0.9487326364026922
2011-04-21 19:35:30-04:00,0.9491622511814406
2011-04-21 19:35:33-04:00,0.9495918659601891
2011-04-21 19:35:36-04:00,0.9500214807389374
2011-04-21 19:35:39-04:00,0.9504510955176858
2011-04-21 19:35:42-04:00,0.9508807102964342
2011-04-21 19:35:45-04:00,0.9513103250751825
2011-04-21 19:35:48-04:00,0.951739939853931
2011-04-21 19:35:51-04:00,0.9521695546326794
2011-04-21 19:35:54-04:00,0.9525991694114277
2011-04-21 19:35:57-04:00,0.9530287841901761
2011-04-21 19:36:00-04:00,0.9534583989689245
2011-04-21 19:36:03-04:00,0.953888013747673
2011-04-21 19:36:06-04:00,0.9543176285264213
2011-04-21 19:36:09-04:00,0.9547472433051697
2011-04-21 19:36:12-04:00,0.9551768580839181
2011-04-21 19:36:15-04:00,0.9556064728626664
2011-04-21 19:36:18-04:00,0.9560360876414149
2011-04-21 19:36:21-04:00,0.9564657024201633
2011-04-21 19:36:24-04:00,0.9568953171989116
2011-04-21 19:36:27-04:00,0.95732493197766
2011-04-21 19:36:30-04:00,0.9577545467564084
2011-04-21 19:36:33-04:00,0.9581841615351568
2011-04-21 19:36:36-04:00,0.9586137763139052
2011-04-21 19:36:39-04:00,0.9590433910926536
2011-04-21 19:36:42-04:00,0.9594730058714019
2011-04-21 19:36:45-04:00,0.9599026206501503
2011-04-21 19:36:48-04:00,0.9603322354288988
2011-04-21 19:36:51-04:00,0.9607618502076472
2011-04-21 19:36:54-04:00,0.9611914649863955
2011-04-21 19:36:57-04:00,0.9616210797651439
2011-04-21 19:37:00-04:00,0.9620506945438924
2011-04-21 19:37:03-04:00,0.9624803093226407
2011-04-21 19:37:06-04:00,0.9629099241013891
2011-04-21 19:37:09-04:00,0.9633395388801375
2011-04-21 19:37:12-04:00,0.9637691536588858
2011-04-21 19:37:15-04:00,0.9641987684376343
2011-04-21 19:37:18-04:00,0.9646283832163827
2011-04-21 19:37:21-04:00,0.965057997995131
2011-04-21 19:37:24-04:00,0.9654876127738794
2011-04-21 19:37:27-04:00,0.9659172275526278
2011-04-21 19:37:30-04:00,0.9663468423313762
2011-04-21 19:37:33-04:00,0.9667764571101246
2011-04-21 19:37:36-04:00,0.967206071888873
2011-04-21 19:37:39-04:00,0.9676356866676213
2011-04-21 19:37:42-04:00,0.9680653014463697
2011-04-21 19:37:45-04:00,0.9684949162251182
2011-04-21 19:37:48-04:00,0.9689245310038666
2011-04-21 19:37:51-04:00,0.9693541457826149
2011-04-21 19:37:54-04:00,0.9697837605613633
2011-04-21 19:37:57-04:00,0.9702133753401117
2011-04-21 19:38:00-04:00,0.9706429901188601
2011-04-21 19:38:03-04:00,0.9710726048976085
2011-04-21 19:38:06-04:00,0.9715022196763569
2011-04-21 19:38:09-04:00,0.9719318344551052
2011-04-21 19:38:12-04:00,0.9723614492338536
2011-04-21 19:38:15-04:00,0.9727910640126021
2011-04-21 19:38:18-04:00,0.9732206787913504
2011-04-21 19:38:21-04:00,0.9736502935700988
2011-04-21 19:38:24-04:00,0.9740799083488472
2011-04-21 19:38:27-04:00,0.9745095231275955
2011-04-21 19:38:30-04:00,0.974939137906344
2011-04-21 19:38:33-04:00,0.9753687526850924
2011-04-21 19:38:36-04:00,0.9757983674638407
2011-04-21 19:38:39-04:00,0.9762279822425891
2011-04-21 19:38:42-04:00,0.9766575970213375
2011-04-21 19:38:45-04:00,0.977087211800086
2011-04-21 19:38:48-04:00,0.9775168265788343
2011-04-21 19:38:51-04:00,0.9779464413575827
2011-04-21 19:38:54-04:00,0.978376056136331
2011-04-21 19:38:57-04:00,0.9788056709150795
2011-04-21 19:39:00-04:00,0.9792352856938279
2011-04-21 19:39:03-04:00,0.9796649004725763
2011-04-21 19:39:06-04:00,0.9800945152513246
2011-04-21 19:39:09-04:00,0.980524130030073
2011-04-21 19:39:12-04:00,0.9809537448088215
2011-04-21 19:39:15-04:00,0.9813833595875698
2011-04-21 19:39:18-04:00,0.9818129743663182
2011-04-21 19:39:21-04:00,0.9822425891450666
2011-04-21 19:39:24-04:00,0.9826722039238149
2011-04-21 19:39:27-04:00,0.9831018187025634
2011-04-21 19:39:30-04:00,0.9835314334813118
2011-04-21 19:39:33-04:00,0.9839610482600601
2011-04-21 19:39:36-04:00,0.9843906630388085
2011-04-21 19:39:39-04:00,0.9848202778175569
2011-04-21 19:39:42-04:00,0.9852498925963054
2011-04-21 19:39:45-04:00,0.9856795073750537
2011-04-21 19:39:48-04:00,0.9861091221538021
2011-04-21 19:39:51-04:00,0.9865387369325505
2011-04-21 19:39:54-04:00,0.9869683517112988
2011-04-21 19:39:57-04:00,0.9873979664900473
2011-04-21 19:40:00-04:00,0.9878275812687957
2011-04-21 19:40:03-04:00,0.988257196047544
2011-04-21 19:40:06-04:00,0.9886868108262924
2011-04-21 19:40:09-04:00,0.9891164256050408
2011-04-21 19:40:12-04:00,0.9895460403837892
2011-04-21 19:40:15-04:00,0.9899756551625376
2011-04-21 19:40:18-04:00,0.990405269941286
2011-04-21 19:40:21-04:00,0.9908348847200343
2011-04-21 19:40:24-04:00,0.9912644994987827
2011-04-21 19:40:27-04:00,0.9916941142775312
2011-04-21 19:40:30-04:00,0.9921237290562795
2011-04-21 19:40:33-04:00,0.9925533438350279
2011-04-21 19:40:36-04:00,0.9929829586137763
2011-04-21 19:40:39-04:00,0.9934125733925246
2011-04-21 19:40:42-04:00,0.9938421881712731
2011-04-21 19:40:45-04:00,0.9942718029500215
2011-04-21 19:40:48-04:00,0.9947014177287699
2011-04-21 19:40:51-04:00,0.9951310325075182
2011-04-21 19:40:54-04:00,0.9955606472862667
2011-04-21 19:40:57-04:00,0.9959902620650151
2011-04-21 19:41:00-04:00,0.9964198768437634
2011-04-21 19:41:03-04:00,0.9968494916225118
2011-04-21 19:41:06-04:00,0.9972791064012602
2011-04-21 19:41:09-04:00,0.9977087211800086
2011-04-21 19:41:12-04:00,0.998138335958757
2011-04-21 19:41:15-04:00,0.9985679507375054
2011-04-21 19:41:18-04:00,0.9989975655162537
2011-04-21 19:41:21-04:00,0.9994271802950021
2011-04-21 19:41:24-04:00,0.9998567950737506
2011-04-21 19:41:27-04:00,1.0
2011-04-21 19:41:30-04:00,1.0
2011-04-21 19:41:33-04:00,1.0
2011-04-21 19:41:36-04:00,1.0
2011-04-21 19:41:39-04:00,1.0
2011-04-21 19:41:42-04:00,1.0
2011-04-21 19:41:45-04:00,1.0
2011-04-21 19:41:48-04:00,1.0
2011-04-21 19:41:51-04:00,1.0
2011-04-21 19:41:54-04:00,1.0
2011-04-21 19:41:57-04:00,1.0
2011-04-21 19:42:00-04:00,1.0
2011-04-21 19:42:03-04:00,1.0
2011-04-21 19:42:06-04:00,1.0
2011-04-21 19:42:09-04:00,1.0
2011-04-21 19:42:12-04:00,1.0
2011-04-21 19:42:15-04:00,1.0
2011-04-21 19:42:18-04:00,1.0
2011-04-21 19:42:21-04:00,1.0
2011-04-21 19:42:24-04:00,1.0
2011-04-21 19:42:27-04:00,1.0
2011-04-21 19:42:30-04:00,1.0
2011-04-21 19:42:33-04:00,1.0
2011-04-21 19:42:36-04:00,1.0
2011-04-21 19:42:39-04:00,0.5
2011-04-21 19:42:42-04:00,0.0
2011-04-21 19:42:45-04:00,0.0
2011-04-21 19:42:48-04:00,0.0
2011-04-21 19:42:51-04:00,0.0
2011-04-21 19:42:54-04:00,0.0
2011-04-21 19:42:57-04:00,0.0
2011-04-21 19:43:00-04:00,0.0
2011-04-21 19:43:03-04:00,0.0
2011-04-21 19:43:06-04:00,0.0
2011-04-21 19:43:09-04:00,0.0
2011-04-21 19:43:12-04:00,0.0
2011-04-21 19:43:15-04:00,0.0
2011-04-21 19:43:18-04:00,0.0
2011-04-21 19:43:21-04:00,0.0
2011-04-21 19:43:24-04:00,0.0
2011-04-21 19:43:27-04:00,0.0
2011-04-21 19:43:30-04:00,0.0
2011-04-21 19:43:33-04:00,0.0
2011-04-21 19:43:36-04:00,0.0
2011-04-21 19:43:39-04:00,0.0
2011-04-21 19:43:42-04:00,0.0
2011-04-21 19:43:45-04:00,0.0
2011-04-21 19:43:48-04:00,0.0
2011-04-21 19:43:51-04:00,0.0
2011-04-21 19:43:54-04:00,0.0
2011-04-21 19:43:57-04:00,0.0
2011-04-21 19:44:00-04:00,0.0
2011-04-21 19:44:03-04:00,0.0
2011-04-21 19:44:06-04:00,0.0
2011-04-21 19:44:09-04:00,0.0
2011-04-21 19:44:12-04:00,0.0
2011-04-21 19:44:15-04:00,0.0
2011-04-21 19:44:18-04:00,0.0
2011-04-21 19:44:21-04:00,0.0
2011-04-21 19:44:24-04:00,0.0
2011-04-21 19:44:27-04:00,0.0
2011-04-21 19:44:30-04:00,0.0
2011-04-21 19:44:33-04:00,0.0
2011-04-21 19:44:36-04:00,0.0
2011-04-21 19:44:39-04:00,0.0
2011-04-21 19:44:42-04:00,0.0
2011-04-21 19:44:45-04:00,0.0
2011-04-21 19:44:48-04:00,0.0
2011-04-21 19:44:51-04:00,0.0
2011-04-21 19:44:54-04:00,0.0
2011-04-21 19:44:57-04:00,0.0
2011-04-21 19:45:00-04:00,0.0
2011-04-21 19:45:03-04:00,0.0
2011-04-21 19:45:06-04:00,0.0
2011-04-21 19:45:09-04:00,0.0
2011-04-21 19:45:12-04:00,0.0
2011-04-21 19:45:15-04:00,0.0
2011-04-21 19:45:18-04:00,0.0
2011-04-21 19:45:21-04:00,0.0
2011-04-21 19:45:24-04:00,0.0
2011-04-21 19:45:27-04:00,0.0
2011-04-21 19:45:30-04:00,0.0
2011-04-21 19:45:33-04:00,0.0
2011-04-21 19:45:36-04:00,0.0
2011-04-21 19:45:39-04:00,0.0
2011-04-21 19:45:42-04:00,0.0
2011-04-21 19:45:45-04:00,0.0
2011-04-21 19:45:48-04:00,0.0
2011-04-21 19:45:51-04:00,0.0
2011-04-21 19:45:54-04:00,0.0
2011-04-21 19:45:57-04:00,0.0
2011-04-21 19:46:00-04:00,0.0
2011-04-21 19:46:03-04:00,0.0
2011-04-21 19:46:06-04:00,0.0
2011-04-21 19:46:09-04:00,0.0
2011-04-21 19:46:12-04:00,0.0
2011-04-21 19:46:15-04:00,0.0
2011-04-21 19:46:18-04:00,0.0
2011-04-21 19:46:21-04:00,0.0
2011-04-21 19:46:24-04:00,0.0
2011-04-21 19:46:27-04:00,0.0
2011-04-21 19:46:30-04:00,0.0
2011-04-21 19:46:33-04:00,0.0
2011-04-21 19:46:36-04:00,0.0
2011-04-21 19:46:39-04:00,0.0
2011-04-21 19:46:42-04:00,0.0
2011-04-21 19:46:45-04:00,0.0
2011-04-21 19:46:48-04:00,0.0
2011-04-21 19:46:51-04:00,0.0
2011-04-21 19:46:54-04:00,0.0
2011-04-21 19:46:57-04:00,0.0
2011-04-21 19:47:00-04:00,0.0
2011-04-21 19:47:03-04:00,0.0
2011-04-21 19:47:06-04:00,0.0
2011-04-21 19:47:09-04:00,0.0
2011-04-21 19:47:12-04:00,0.0
2011-04-21 19:47:15-04:00,0.0
2011-04-21 19:47:18-04:00,0.0
2011-04-21 19:47:21-04:00,0.0
2011-04-21 19:47:24-04:00,0.0
2011-04-21 19:47:27-04:00,0.0
2011-04-21 19:47:30-04:00,0.0
2011-04-21 19:47:33-04:00,0.0
2011-04-21 19:47:36-04:00,0.0
2011-04-21 19:47:39-04:00,0.0
2011-04-21 19:47:42-04:00,0.0
2011-04-21 19:47:45-04:00,0.0
2011-04-21 19:47:48-04:00,0.0
2011-04-21 19:47:51-04:00,0.0
2011-04-21 19:47:54-04:00,0.0
2011-04-21 19:47:57-04:00,0.0
2011-04-21 19:48:00-04:00,0.0
2011-04-21 19:48:03-04:00,0.0
2011-04-21 19:48:06-04:00,0.0
2011-04-21 19:48:09-04:00,0.0
2011-04-21 19:48:12-04:00,0.0
2011-04-21 19:48:15-04:00,0.0
2011-04-21 19:48:18-04:00,0.0
2011-04-21 19:48:21-04:00,0.0
2011-04-21 19:48:24-04:00,0.0
2011-04-21 19:48:27-04:00,0.0
2011-04-21 19:48:30-04:00,0.0
2011-04-21 19:48:33-04:00,0.0
2011-04-21 19:48:36-04:00,0.0
2011-04-21 19:48:39-04:00,0.0
2011-04-21 19:48:42-04:00,0.0
2011-04-21 19:48:45-04:00,0.0
2011-04-21 19:48:48-04:00,0.0
2011-04-21 19:48:51-04:00,0.0
2011-04-21 19:48:54-04:00,0.0
2011-04-21 19:48:57-04:00,0.3333333333333333
2011-04-21 19:49:00-04:00,1.0
2011-04-21 19:49:03-04:00,1.0
2011-04-21 19:49:06-04:00,1.0
2011-04-21 19:49:09-04:00,1.0
2011-04-21 19:49:12-04:00,1.0
2011-04-21 19:49:15-04:00,1.0
2011-04-21 19:49:18-04:00,1.0
2011-04-21 19:49:21-04:00,1.0
2011-04-21 19:49:24-04:00,1.0
2011-04-21 19:49:27-04:00,1.0
2011-04-21 19:49:30-04:00,1.0
2011-04-21 19:49:33-04:00,1.0
2011-04-21 19:49:36-04:00,1.0
2011-04-21 19:49:39-04:00,1.0
2011-04-21 19:49:42-04:00,1.0
2011-04-21 19:49:45-04:00,1.0
2011-04-21 19:49:48-04:00,1.0
2011-04-21 19:49:51-04:00,1.0
2011-04-21 19:49:54-04:00,1.0
2011-04-21 19:49:57-04:00,1.0
2011-04-21 19:50:00-04:00,0.0
2011-04-21 19:50:03-04:00,0.0
2011-04-21 19:50:06-04:00,0.0
2011-04-21 19:50:09-04:00,0.0
2011-04-21 19:50:12-04:00,0.0
2011-04-21 19:50:15-04:00,0.0
2011-04-21 19:50:18-04:00,0.0
2011-04-21 19:50:21-04:00,0.0
2011-04-21 19:50:24-04:00,0.0
2011-04-21 19:50:27-04:00,0.0
2011-04-21 19:50:30-04:00,0.0
2011-04-21 19:50:33-04:00,0.0
2011-04-21 19:50:36-04:00,0.0
2011-04-21 19:50:39-04:00,0.0
2011-04-21 19:50:42-04:00,0.0
2011-04-21 19:50:45-04:00,0.0
2011-04-21 19:50:48-04:00,0.0
2011-04-21 19:50:51-04:00,0.0
2011-04-21 19:50:54-04:00,0.0
2011-04-21 19:50:57-04:00,0.0
2011-04-21 19:51:00-04:00,0.0
2011-04-21 19:51:03-04:00,0.0
2011-04-21 19:51:06-04:00,0.0
2011-04-21 19:51:09-04:00,0.0
2011-04-21 19:51:12-04:00,0.0
2011-04-21 19:51:15-04:00,0.0
2011-04-21 19:51:18-04:00,0.0
2011-04-21 19:51:21-04:00,0.0
2011-04-21 19:51:24-04:00,0.0
2011-04-21 19:51:27-04:00,0.0
2011-04-21 19:51:30-04:00,0.0
2011-04-21 19:51:33-04:00,0.0
2011-04-21 19:51:36-04:00,0.0
2011-04-21 19:51:39-04:00,0.0
2011-04-21 19:51:42-04:00,0.0
2011-04-21 19:51:45-04:00,0.0
2011-04-21 19:51:48-04:00,0.0
2011-04-21 19:51:51-04:00,0.0
2011-04-21 19:51:54-04:00,0.0
2011-04-21 19:51:57-04:00,0.0
2011-04-21 19:52:00-04:00,0.0
2011-04-21 19:52:03-04:00,0.0
2011-04-21 19:52:06-04:00,0.0
2011-04-21 19:52:09-04:00,0.0
2011-04-21 19:52:12-04:00,0.0
2011-04-21 19:52:15-04:00,0.0
2011-04-21 19:52:18-04:00,0.0
2011-04-21 19:52:21-04:00,0.0
2011-04-21 19:52:24-04:00,0.0
2011-04-21 19:52:27-04:00,0.0
2011-04-21 19:52:30-04:00,0.0
2011-04-21 19:52:33-04:00,0.0
2011-04-21 19:52:36-04:00,0.0
2011-04-21 19:52:39-04:00,0.0
2011-04-21 19:52:42-04:00,0.0
2011-04-21 19:52:45-04:00,0.0
2011-04-21 19:52:48-04:00,0.0
2011-04-21 19:52:51-04:00,0.0
2011-04-21 19:52:54-04:00,0.0
2011-04-21 19:52:57-04:00,0.0
2011-04-21 19:53:00-04:00,0.0
2011-04-21 19:53:03-04:00,0.0
2011-04-21 19:53:06-04:00,0.0
2011-04-21 19:53:09-04:00,0.0
2011-04-21 19:53:12-04:00,0.0
2011-04-21 19:53:15-04:00,0.0
2011-04-21 19:53:18-04:00,0.0
2011-04-21 19:53:21-04:00,0.0
2011-04-21 19:53:24-04:00,0.0
2011-04-21 19:53:27-04:00,0.0
2011-04-21 19:53:30-04:00,0.0
2011-04-21 19:53:33-04:00,0.0
2011-04-21 19:53:36-04:00,0.0
2011-04-21 19:53:39-04:00,0.0
2011-04-21 19:53:42-04:00,0.0
2011-04-21 19:53:45-04:00,0.0
2011-04-21 19:53:48-04:00,0.0
2011-04-21 19:53:51-04:00,0.0
2011-04-21 19:53:54-04:00,0.0
2011-04-21 19:53:57-04:00,0.0
2011-04-21 19:54:00-04:00,0.0
2011-04-21 19:54:03-04:00,0.0
2011-04-21 19:54:06-04:00,0.0
2011-04-21 19:54:09-04:00,0.0
2011-04-21 19:54:12-04:00,0.0
2011-04-21 19:54:15-04:00,0.0
2011-04-21 19:54:18-04:00,0.0
2011-04-21 19:54:21-04:00,0.0
2011-04-21 19:54:24-04:00,0.0
2011-04-21 19:54:27-04:00,0.0
2011-04-21 19:54:30-04:00,0.0
2011-04-21 19:54:33-04:00,0.0
2011-04-21 19:54:36-04:00,0.0
2011-04-21 19:54:39-04:00,0.0
2011-04-21 19:54:42-04:00,0.0
2011-04-21 19:54:45-04:00,0.0
2011-04-21 19:54:48-04:00,0.0
2011-04-21 19:54:51-04:00,0.0
2011-04-21 19:54:54-04:00,0.0
2011-04-21 19:54:57-04:00,0.0
2011-04-21 19:55:00-04:00,0.0
2011-04-21 19:55:03-04:00,0.0
2011-04-21 19:55:06-04:00,0.0
2011-04-21 19:55:09-04:00,0.0
2011-04-21 19:55:12-04:00,0.0
2011-04-21 19:55:15-04:00,0.0
2011-04-21 19:55:18-04:00,0.0
2011-04-21 19:55:21-04:00,0.0
2011-04-21 19:55:24-04:00,0.0
2011-04-21 19:55:27-04:00,0.0
2011-04-21 19:55:30-04:00,0.0
2011-04-21 19:55:33-04:00,0.0
2011-04-21 19:55:36-04:00,0.0
2011-04-21 19:55:39-04:00,0.0
2011-04-21 19:55:42-04:00,0.0
2011-04-21 19:55:45-04:00,0.0
2011-04-21 19:55:48-04:00,0.0
2011-04-21 19:55:51-04:00,0.0
2011-04-21 19:55:54-04:00,0.0
2011-04-21 19:55:57-04:00,0.0
2011-04-21 19:56:00-04:00,0.0
2011-04-21 19:56:03-04:00,0.0
2011-04-21 19:56:06-04:00,0.0
2011-04-21 19:56:09-04:00,0.0
2011-04-21 19:56:12-04:00,0.0
2011-04-21 19:56:15-04:00,0.0
2011-04-21 19:56:18-04:00,0.0
2011-04-21 19:56:21-04:00,0.0
2011-04-21 19:56:24-04:00,0.0
2011-04-21 19:56:27-04:00,0.0
2011-04-21 19:56:30-04:00,0.0
2011-04-21 19:56:33-04:00,0.0
2011-04-21 19:56:36-04:00,0.0
2011-04-21 19:56:39-04:00,0.0
2011-04-21 19:56:42-04:00,0.0
2011-04-21 19:56:45-04:00,0.0
2011-04-21 19:56:48-04:00,0.0
2011-04-21 19:56:51-04:00,0.0
2011-04-21 19:56:54-04:00,0.0
2011-04-21 19:56:57-04:00,0.0
2011-04-21 19:57:00-04:00,0.0
2011-04-21 19:57:03-04:00,0.0
2011-04-21 19:57:06-04:00,0.0
2011-04-21 19:57:09-04:00,0.0
2011-04-21 19:57:12-04:00,0.0
2011-04-21 19:57:15-04:00,0.0
2011-04-21 19:57:18-04:00,0.0
2011-04-21 19:57:21-04:00,0.0
2011-04-21 19:57:24-04:00,0.0
2011-04-21 19:57:27-04:00,0.0
2011-04-21 19:57:30-04:00,0.0
2011-04-21 19:57:33-04:00,0.0
2011-04-21 19:57:36-04:00,0.0
2011-04-21 19:57:39-04:00,0.0
2011-04-21 19:57:42-04:00,0.0
2011-04-21 19:57:45-04:00,0.0
2011-04-21 19:57:48-04:00,0.0
2011-04-21 19:57:51-04:00,0.0
2011-04-21 19:57:54-04:00,0.0
2011-04-21 19:57:57-04:00,0.0
2011-04-21 19:58:00-04:00,0.0
2011-04-21 19:58:03-04:00,0.0
2011-04-21 19:58:06-04:00,0.0
2011-04-21 19:58:09-04:00,0.0
2011-04-21 19:58:12-04:00,0.0
2011-04-21 19:58:15-04:00,0.0
2011-04-21 19:58:18-04:00,0.0
2011-04-21 19:58:21-04:00,0.0
2011-04-21 19:58:24-04:00,0.0
2011-04-21 19:58:27-04:00,0.0
2011-04-21 19:58:30-04:00,0.0
2011-04-21 19:58:33-04:00,0.0
2011-04-21 19:58:36-04:00,0.0
2011-04-21 19:58:39-04:00,0.0
2011-04-21 19:58:42-04:00,0.0
2011-04-21 19:58:45-04:00,0.0
2011-04-21 19:58:48-04:00,0.0
2011-04-21 19:58:51-04:00,0.0
2011-04-21 19:58:54-04:00,0.0
2011-04-21 19:58:57-04:00,0.0
2011-04-21 19:59:00-04:00,0.0
2011-04-21 19:59:03-04:00,0.0
2011-04-21 19:59:06-04:00,0.0
2011-04-21 19:59:09-04:00,0.0
2011-04-21 19:59:12-04:00,0.0
2011-04-21 19:59:15-04:00,0.0
2011-04-21 19:59:18-04:00,0.0
2011-04-21 19:59:21-04:00,0.0
2011-04-21 19:59:24-04:00,0.0
2011-04-21 19:59:27-04:00,0.0
2011-04-21 19:59:30-04:00,0.0
2011-04-21 19:59:33-04:00,0.0
2011-04-21 19:59:36-04:00,0.0
2011-04-21 19:59:39-04:00,0.0
2011-04-21 19:59:42-04:00,0.0
2011-04-21 19:59:45-04:00,0.0
2011-04-21 19:59:48-04:00,0.0
2011-04-21 19:59:51-04:00,0.0
2011-04-21 19:59:54-04:00,0.0
2011-04-21 19:59:57-04:00,0.0
2011-04-21 20:00:00-04:00,0.0
2011-04-21 20:00:03-04:00,0.0
2011-04-21 20:00:06-04:00,0.0
2011-04-21 20:00:09-04:00,0.0
2011-04-21 20:00:12-04:00,0.0
2011-04-21 20:00:15-04:00,0.0
2011-04-21 20:00:18-04:00,0.0
2011-04-21 20:00:21-04:00,0.0
2011-04-21 20:00:24-04:00,0.0
2011-04-21 20:00:27-04:00,0.0
2011-04-21 20:00:30-04:00,0.0
2011-04-21 20:00:33-04:00,0.0
2011-04-21 20:00:36-04:00,0.0
2011-04-21 20:00:39-04:00,0.0
2011-04-21 20:00:42-04:00,0.0
2011-04-21 20:00:45-04:00,0.0
2011-04-21 20:00:48-04:00,0.0
2011-04-21 20:00:51-04:00,0.0
2011-04-21 20:00:54-04:00,0.0
2011-04-21 20:00:57-04:00,0.0
2011-04-21 20:01:00-04:00,0.0
2011-04-21 20:01:03-04:00,0.0
2011-04-21 20:01:06-04:00,0.0
2011-04-21 20:01:09-04:00,0.0
2011-04-21 20:01:12-04:00,0.0
2011-04-21 20:01:15-04:00,0.0
2011-04-21 20:01:18-04:00,0.0
2011-04-21 20:01:21-04:00,0.0
2011-04-21 20:01:24-04:00,0.0
2011-04-21 20:01:27-04:00,0.0
2011-04-21 20:01:30-04:00,0.0
2011-04-21 20:01:33-04:00,0.0
2011-04-21 20:01:36-04:00,0.0
2011-04-21 20:01:39-04:00,0.0
2011-04-21 20:01:42-04:00,0.0
2011-04-21 20:01:45-04:00,0.0
2011-04-21 20:01:48-04:00,0.0
2011-04-21 20:01:51-04:00,0.0
2011-04-21 20:01:54-04:00,0.0
2011-04-21 20:01:57-04:00,0.0
2011-04-21 20:02:00-04:00,0.0
2011-04-21 20:02:03-04:00,0.0
2011-04-21 20:02:06-04:00,0.0
2011-04-21 20:02:09-04:00,0.0
2011-04-21 20:02:12-04:00,0.0
2011-04-21 20:02:15-04:00,0.0
2011-04-21 20:02:18-04:00,0.0
2011-04-21 20:02:21-04:00,0.0
2011-04-21 20:02:24-04:00,0.0
2011-04-21 20:02:27-04:00,0.0
2011-04-21 20:02:30-04:00,0.0
2011-04-21 20:02:33-04:00,0.0
2011-04-21 20:02:36-04:00,0.0
2011-04-21 20:02:39-04:00,0.0
2011-04-21 20:02:42-04:00,0.0
2011-04-21 20:02:45-04:00,0.0
2011-04-21 20:02:48-04:00,0.0
2011-04-21 20:02:51-04:00,0.0
2011-04-21 20:02:54-04:00,0.0
2011-04-21 20:02:57-04:00,0.0
2011-04-21 20:03:00-04:00,0.0
2011-04-21 20:03:03-04:00,0.0
2011-04-21 20:03:06-04:00,0.0
2011-04-21 20:03:09-04:00,0.0
2011-04-21 20:03:12-04:00,0.0
2011-04-21 20:03:15-04:00,0.0
2011-04-21 20:03:18-04:00,0.0
2011-04-21 20:03:21-04:00,0.0
2011-04-21 20:03:24-04:00,0.0
2011-04-21 20:03:27-04:00,0.0
2011-04-21 20:03:30-04:00,0.0
2011-04-21 20:03:33-04:00,0.0
2011-04-21 20:03:36-04:00,0.0
2011-04-21 20:03:39-04:00,0.0
2011-04-21 20:03:42-04:00,0.0
2011-04-21 20:03:45-04:00,0.0
2011-04-21 20:03:48-04:00,0.0
2011-04-21 20:03:51-04:00,0.0
2011-04-21 20:03:54-04:00,0.0
2011-04-21 20:03:57-04:00,0.0
2011-04-21 20:04:00-04:00,0.0
2011-04-21 20:04:03-04:00,0.0
2011-04-21 20:04:06-04:00,0.0
2011-04-21 20:04:09-04:00,0.0
2011-04-21 20:04:12-04:00,0.0
2011-04-21 20:04:15-04:00,0.0
2011-04-21 20:04:18-04:00,0.0
2011-04-21 20:04:21-04:00,0.0
2011-04-21 20:04:24-04:00,0.0
2011-04-21 20:04:27-04:00,0.0
2011-04-21 20:04:30-04:00,0.0
2011-04-21 20:04:33-04:00,0.0
2011-04-21 20:04:36-04:00,0.0
2011-04-21 20:04:39-04:00,0.0
2011-04-21 20:04:42-04:00,0.0
2011-04-21 20:04:45-04:00,0.0
2011-04-21 20:04:48-04:00,0.0
2011-04-21 20:04:51-04:00,0.0
2011-04-21 20:04:54-04:00,0.0
2011-04-21 20:04:57-04:00,0.0
2011-04-21 20:05:00-04:00,0.0
2011-04-21 20:05:03-04:00,0.0
2011-04-21 20:05:06-04:00,0.0
2011-04-21 20:05:09-04:00,0.0
2011-04-21 20:05:12-04:00,0.0
2011-04-21 20:05:15-04:00,0.0
2011-04-21 20:05:18-04:00,0.0
2011-04-21 20:05:21-04:00,0.0
2011-04-21 20:05:24-04:00,0.0
2011-04-21 20:05:27-04:00,0.0
2011-04-21 20:05:30-04:00,0.0
2011-04-21 20:05:33-04:00,0.0
2011-04-21 20:05:36-04:00,0.0
2011-04-21 20:05:39-04:00,0.0
2011-04-21 20:05:42-04:00,0.0
2011-04-21 20:05:45-04:00,0.0
2011-04-21 20:05:48-04:00,0.0
2011-04-21 20:05:51-04:00,0.0
2011-04-21 20:05:54-04:00,0.0
2011-04-21 20:05:57-04:00,0.0
2011-04-21 20:06:00-04:00,0.0
2011-04-21 20:06:03-04:00,0.0
2011-04-21 20:06:06-04:00,0.0
2011-04-21 20:06:09-04:00,0.0
2011-04-21 20:06:12-04:00,0.0
2011-04-21 20:06:15-04:00,0.0
2011-04-21 20:06:18-04:00,0.0
2011-04-21 20:06:21-04:00,0.0
2011-04-21 20:06:24-04:00,0.0
2011-04-21 20:06:27-04:00,0.0
2011-04-21 20:06:30-04:00,0.0
2011-04-21 20:06:33-04:00,0.0
2011-04-21 20:06:36-04:00,0.0
2011-04-21 20:06:39-04:00,0.0
2011-04-21 20:06:42-04:00,0.0
2011-04-21 20:06:45-04:00,0.0
2011-04-21 20:06:48-04:00,0.0
2011-04-21 20:06:51-04:00,0.0
2011-04-21 20:06:54-04:00,0.0
2011-04-21 20:06:57-04:00,0.0
2011-04-21 20:07:00-04:00,0.0
2011-04-21 20:07:03-04:00,0.0
2011-04-21 20:07:06-04:00,0.0
2011-04-21 20:07:09-04:00,0.0
2011-04-21 20:07:12-04:00,0.0
2011-04-21 20:07:15-04:00,0.0
2011-04-21 20:07:18-04:00,0.0
2011-04-21 20:07:21-04:00,0.0
2011-04-21 20:07:24-04:00,0.0
2011-04-21 20:07:27-04:00,0.0
2011-04-21 20:07:30-04:00,0.0
2011-04-21 20:07:33-04:00,0.0
2011-04-21 20:07:36-04:00,0.0
2011-04-21 20:07:39-04:00,0.0
2011-04-21 20:07:42-04:00,0.0
2011-04-21 20:07:45-04:00,0.0
2011-04-21 20:07:48-04:00,0.0
2011-04-21 20:07:51-04:00,0.0
2011-04-21 20:07:54-04:00,0.0
2011-04-21 20:07:57-04:00,0.0
2011-04-21 20:08:00-04:00,0.0
2011-04-21 20:08:03-04:00,0.0
2011-04-21 20:08:06-04:00,0.0
2011-04-21 20:08:09-04:00,0.0
2011-04-21 20:08:12-04:00,0.0
2011-04-21 20:08:15-04:00,0.0
2011-04-21 20:08:18-04:00,0.0
2011-04-21 20:08:21-04:00,0.0
2011-04-21 20:08:24-04:00,0.0
2011-04-21 20:08:27-04:00,0.0
2011-04-21 20:08:30-04:00,0.0
2011-04-21 20:08:33-04:00,0.0
2011-04-21 20:08:36-04:00,0.0
2011-04-21 20:08:39-04:00,0.0
2011-04-21 20:08:42-04:00,0.0
2011-04-21 20:08:45-04:00,0.0
2011-04-21 20:08:48-04:00,0.0
2011-04-21 20:08:51-04:00,0.0
2011-04-21 20:08:54-04:00,0.0
2011-04-21 20:08:57-04:00,0.0
2011-04-21 20:09:00-04:00,0.0
2011-04-21 20:09:03-04:00,0.0
2011-04-21 20:09:06-04:00,0.0
2011-04-21 20:09:09-04:00,0.0
2011-04-21 20:09:12-04:00,0.0
2011-04-21 20:09:15-04:00,0.0
2011-04-21 20:09:18-04:00,0.0
2011-04-21 20:09:21-04:00,0.0
2011-04-21 20:09:24-04:00,0.0
2011-04-21 20:09:27-04:00,0.0
2011-04-21 20:09:30-04:00,0.0
2011-04-21 20:09:33-04:00,0.0
2011-04-21 20:09:36-04:00,0.0
2011-04-21 20:09:39-04:00,0.0
2011-04-21 20:09:42-04:00,0.0
2011-04-21 20:09:45-04:00,0.0
2011-04-21 20:09:48-04:00,0.0
2011-04-21 20:09:51-04:00,0.0
2011-04-21 20:09:54-04:00,0.0
2011-04-21 20:09:57-04:00,0.0
2011-04-21 20:10:00-04:00,0.0
2011-04-21 20:10:03-04:00,0.0
2011-04-21 20:10:06-04:00,0.0
2011-04-21 20:10:09-04:00,0.0
2011-04-21 20:10:12-04:00,0.0
2011-04-21 20:10:15-04:00,0.0
2011-04-21 20:10:18-04:00,0.0
2011-04-21 20:10:21-04:00,0.0
2011-04-21 20:10:24-04:00,0.0
2011-04-21 20:10:27-04:00,0.0
2011-04-21 20:10:30-04:00,0.0
2011-04-21 20:10:33-04:00,0.0
2011-04-21 20:10:36-04:00,0.0
2011-04-21 20:10:39-04:00,0.0
2011-04-21 20:10:42-04:00,0.0
2011-04-21 20:10:45-04:00,0.0
2011-04-21 20:10:48-04:00,0.0
2011-04-21 20:10:51-04:00,0.0
2011-04-21 20:10:54-04:00,0.0
2011-04-21 20:10:57-04:00,0.0
2011-04-21 20:11:00-04:00,0.0
2011-04-21 20:11:03-04:00,0.0
2011-04-21 20:11:06-04:00,0.0
2011-04-21 20:11:09-04:00,0.0
2011-04-21 20:11:12-04:00,0.0
2011-04-21 20:11:15-04:00,0.0
2011-04-21 20:11:18-04:00,0.0
2011-04-21 20:11:21-04:00,0.0
2011-04-21 20:11:24-04:00,0.0
2011-04-21 20:11:27-04:00,0.0
2011-04-21 20:11:30-04:00,0.0
2011-04-21 20:11:33-04:00,0.0
2011-04-21 20:11:36-04:00,0.0
2011-04-21 20:11:39-04:00,0.0
2011-04-21 20:11:42-04:00,0.0
2011-04-21 20:11:45-04:00,0.0
2011-04-21 20:11:48-04:00,0.0
2011-04-21 20:11:51-04:00,0.0
2011-04-21 20:11:54-04:00,0.0
2011-04-21 20:11:57-04:00,0.0
2011-04-21 20:12:00-04:00,0.0
2011-04-21 20:12:03-04:00,0.0
2011-04-21 20:12:06-04:00,0.0
2011-04-21 20:12:09-04:00,0.0
2011-04-21 20:12:12-04:00,0.0
2011-04-21 20:12:15-04:00,0.0
2011-04-21 20:12:18-04:00,0.0
2011-04-21 20:12:21-04:00,0.0
2011-04-21 20:12:24-04:00,0.0
2011-04-21 20:12:27-04:00,0.0
2011-04-21 20:12:30-04:00,0.0
2011-04-21 20:12:33-04:00,0.0
2011-04-21 20:12:36-04:00,0.0
2011-04-21 20:12:39-04:00,0.0
2011-04-21 20:12:42-04:00,0.0
2011-04-21 20:12:45-04:00,0.0
2011-04-21 20:12:48-04:00,0.0
2011-04-21 20:12:51-04:00,0.0
2011-04-21 20:12:54-04:00,0.0
2011-04-21 20:12:57-04:00,0.0
2011-04-21 20:13:00-04:00,0.0
2011-04-21 20:13:03-04:00,0.0
2011-04-21 20:13:06-04:00,0.0
2011-04-21 20:13:09-04:00,0.0
2011-04-21 20:13:12-04:00,0.0
2011-04-21 20:13:15-04:00,0.0
2011-04-21 20:13:18-04:00,0.0
2011-04-21 20:13:21-04:00,0.0
2011-04-21 20:13:24-04:00,0.0
2011-04-21 20:13:27-04:00,0.0
2011-04-21 20:13:30-04:00,0.0
2011-04-21 20:13:33-04:00,0.0
2011-04-21 20:13:36-04:00,0.0
2011-04-21 20:13:39-04:00,0.0
2011-04-21 20:13:42-04:00,0.0
2011-04-21 20:13:45-04:00,0.0
2011-04-21 20:13:48-04:00,0.0
2011-04-21 20:13:51-04:00,0.0
2011-04-21 20:13:54-04:00,0.0
2011-04-21 20:13:57-04:00,0.0
2011-04-21 20:14:00-04:00,0.0
2011-04-21 20:14:03-04:00,0.0
2011-04-21 20:14:06-04:00,0.0
2011-04-21 20:14:09-04:00,0.0
2011-04-21 20:14:12-04:00,0.0
2011-04-21 20:14:15-04:00,0.0
2011-04-21 20:14:18-04:00,0.0
2011-04-21 20:14:21-04:00,0.0
2011-04-21 20:14:24-04:00,0.0
2011-04-21 20:14:27-04:00,0.0
2011-04-21 20:14:30-04:00,0.0
2011-04-21 20:14:33-04:00,0.0
2011-04-21 20:14:36-04:00,0.0
2011-04-21 20:14:39-04:00,0.0
2011-04-21 20:14:42-04:00,0.0
2011-04-21 20:14:45-04:00,0.0
2011-04-21 20:14:48-04:00,0.0
2011-04-21 20:14:51-04:00,0.0
2011-04-21 20:14:54-04:00,0.0
2011-04-21 20:14:57-04:00,0.0
2011-04-21 20:15:00-04:00,0.0
2011-04-21 20:15:03-04:00,0.0
2011-04-21 20:15:06-04:00,0.0
2011-04-21 20:15:09-04:00,0.0
2011-04-21 20:15:12-04:00,0.0
2011-04-21 20:15:15-04:00,0.0
2011-04-21 20:15:18-04:00,0.0
2011-04-21 20:15:21-04:00,0.0
2011-04-21 20:15:24-04:00,0.0
2011-04-21 20:15:27-04:00,0.0
2011-04-21 20:15:30-04:00,0.0
2011-04-21 20:15:33-04:00,0.0
2011-04-21 20:15:36-04:00,0.0
2011-04-21 20:15:39-04:00,0.0
2011-04-21 20:15:42-04:00,0.0
2011-04-21 20:15:45-04:00,0.0
2011-04-21 20:15:48-04:00,0.0
2011-04-21 20:15:51-04:00,0.0
2011-04-21 20:15:54-04:00,0.0
2011-04-21 20:15:57-04:00,0.0
2011-04-21 20:16:00-04:00,0.0
2011-04-21 20:16:03-04:00,0.0
2011-04-21 20:16:06-04:00,0.0
2011-04-21 20:16:09-04:00,0.0
2011-04-21 20:16:12-04:00,0.0
2011-04-21 20:16:15-04:00,0.0
2011-04-21 20:16:18-04:00,0.0
2011-04-21 20:16:21-04:00,0.0
2011-04-21 20:16:24-04:00,0.0
2011-04-21 20:16:27-04:00,0.0
2011-04-21 20:16:30-04:00,0.0
2011-04-21 20:16:33-04:00,0.0
2011-04-21 20:16:36-04:00,0.0
2011-04-21 20:16:39-04:00,0.0
2011-04-21 20:16:42-04:00,0.0
2011-04-21 20:16:45-04:00,0.0
2011-04-21 20:16:48-04:00,0.0
2011-04-21 20:16:51-04:00,0.0
2011-04-21 20:16:54-04:00,0.0
2011-04-21 20:16:57-04:00,0.0
2011-04-21 20:17:00-04:00,0.0
2011-04-21 20:17:03-04:00,0.0
2011-04-21 20:17:06-04:00,0.0
2011-04-21 20:17:09-04:00,0.0
2011-04-21 20:17:12-04:00,0.0
2011-04-21 20:17:15-04:00,0.0
2011-04-21 20:17:18-04:00,0.0
2011-04-21 20:17:21-04:00,0.0
2011-04-21 20:17:24-04:00,0.0
2011-04-21 20:17:27-04:00,0.0
2011-04-21 20:17:30-04:00,0.0
2011-04-21 20:17:33-04:00,0.0
2011-04-21 20:17:36-04:00,0.0
2011-04-21 20:17:39-04:00,0.0
2011-04-21 20:17:42-04:00,0.0
2011-04-21 20:17:45-04:00,0.0
2011-04-21 20:17:48-04:00,0.0
2011-04-21 20:17:51-04:00,0.0
2011-04-21 20:17:54-04:00,0.0
2011-04-21 20:17:57-04:00,0.0
2011-04-21 20:18:00-04:00,0.0
2011-04-21 20:18:03-04:00,0.0
2011-04-21 20:18:06-04:00,0.0
2011-04-21 20:18:09-04:00,0.0
2011-04-21 20:18:12-04:00,0.0
2011-04-21 20:18:15-04:00,0.0
2011-04-21 20:18:18-04:00,0.0
2011-04-21 20:18:21-04:00,0.0
2011-04-21 20:18:24-04:00,0.0
2011-04-21 20:18:27-04:00,0.0
2011-04-21 20:18:30-04:00,0.0
2011-04-21 20:18:33-04:00,0.0
2011-04-21 20:18:36-04:00,0.0
2011-04-21 20:18:39-04:00,0.0
2011-04-21 20:18:42-04:00,0.0
2011-04-21 20:18:45-04:00,0.0
2011-04-21 20:18:48-04:00,0.0
2011-04-21 20:18:51-04:00,0.0
2011-04-21 20:18:54-04:00,0.0
2011-04-21 20:18:57-04:00,0.0
2011-04-21 20:19:00-04:00,0.0
2011-04-21 20:19:03-04:00,0.0
2011-04-21 20:19:06-04:00,0.0
2011-04-21 20:19:09-04:00,0.0
2011-04-21 20:19:12-04:00,0.0
2011-04-21 20:19:15-04:00,0.0
2011-04-21 20:19:18-04:00,0.0
2011-04-21 20:19:21-04:00,0.0
2011-04-21 20:19:24-04:00,0.0
2011-04-21 20:19:27-04:00,0.0
2011-04-21 20:19:30-04:00,0.0
2011-04-21 20:19:33-04:00,0.0
2011-04-21 20:19:36-04:00,0.0
2011-04-21 20:19:39-04:00,0.0
2011-04-21 20:19:42-04:00,0.0
2011-04-21 20:19:45-04:00,0.0
2011-04-21 20:19:48-04:00,0.0
2011-04-21 20:19:51-04:00,0.0
2011-04-21 20:19:54-04:00,0.0
2011-04-21 20:19:57-04:00,0.0
2011-04-21 20:20:00-04:00,0.0
2011-04-21 20:20:03-04:00,0.0
2011-04-21 20:20:06-04:00,0.6666666666666666
2011-04-21 20:20:09-04:00,0.5
2011-04-21 20:20:12-04:00,0.0
2011-04-21 20:20:15-04:00,0.0
2011-04-21 20:20:18-04:00,0.0
2011-04-21 20:20:21-04:00,0.0
2011-04-21 20:20:24-04:00,0.0
2011-04-21 20:20:27-04:00,0.0
2011-04-21 20:20:30-04:00,0.0
2011-04-21 20:20:33-04:00,0.0
2011-04-21 20:20:36-04:00,0.0
2011-04-21 20:20:39-04:00,0.0
2011-04-21 20:20:42-04:00,0.0
2011-04-21 20:20:45-04:00,0.0
2011-04-21 20:20:48-04:00,0.0
2011-04-21 20:20:51-04:00,0.0
2011-04-21 20:20:54-04:00,0.0
2011-04-21 20:20:57-04:00,0.0
2011-04-21 20:21:00-04:00,0.0
2011-04-21 20:21:03-04:00,0.0
2011-04-21 20:21:06-04:00,0.0
2011-04-21 20:21:09-04:00,0.0
2011-04-21 20:21:12-04:00,0.0
2011-04-21 20:21:15-04:00,0.0
2011-04-21 20:21:18-04:00,0.0
2011-04-21 20:21:21-04:00,0.0
2011-04-21 20:21:24-04:00,0.0
2011-04-21 20:21:27-04:00,0.0
2011-04-21 20:21:30-04:00,0.0
2011-04-21 20:21:33-04:00,0.0
2011-04-21 20:21:36-04:00,0.0
2011-04-21 20:21:39-04:00,0.0
2011-04-21 20:21:42-04:00,0.0
2011-04-21 20:21:45-04:00,0.0
2011-04-21 20:21:48-04:00,0.0
2011-04-21 20:21:51-04:00,0.0
2011-04-21 20:21:54-04:00,0.0
2011-04-21 20:21:57-04:00,0.0
2011-04-21 20:22:00-04:00,0.0
2011-04-21 20:22:03-04:00,0.0
2011-04-21 20:22:06-04:00,0.0
2011-04-21 20:22:09-04:00,0.0
2011-04-21 20:22:12-04:00,0.0
2011-04-21 20:22:15-04:00,0.0
2011-04-21 20:22:18-04:00,0.0
2011-04-21 20:22:21-04:00,0.0
2011-04-21 20:22:24-04:00,0.0
2011-04-21 20:22:27-04:00,0.0
2011-04-21 20:22:30-04:00,0.0
2011-04-21 20:22:33-04:00,0.0
2011-04-21 20:22:36-04:00,0.0
2011-04-21 20:22:39-04:00,0.0
2011-04-21 20:22:42-04:00,0.0
2011-04-21 20:22:45-04:00,0.0
2011-04-21 20:22:48-04:00,0.0
2011-04-21 20:22:51-04:00,0.0
2011-04-21 20:22:54-04:00,0.0
2011-04-21 20:22:57-04:00,0.0
2011-04-21 20:23:00-04:00,0.0
2011-04-21 20:23:03-04:00,0.0
2011-04-21 20:23:06-04:00,0.0
2011-04-21 20:23:09-04:00,0.0
2011-04-21 20:23:12-04:00,0.0
2011-04-21 20:23:15-04:00,0.0
2011-04-21 20:23:18-04:00,0.0
2011-04-21 20:23:21-04:00,0.0
2011-04-21 20:23:24-04:00,0.0
2011-04-21 20:23:27-04:00,0.0
2011-04-21 20:23:30-04:00,0.0
2011-04-21 20:23:33-04:00,0.0
2011-04-21 20:23:36-04:00,0.0
2011-04-21 20:23:39-04:00,0.0
2011-04-21 20:23:42-04:00,0.0
2011-04-21 20:23:45-04:00,0.0
2011-04-21 20:23:48-04:00,0.0
2011-04-21 20:23:51-04:00,0.0
2011-04-21 20:23:54-04:00,0.0
2011-04-21 20:23:57-04:00,0.0
2011-04-21 20:24:00-04:00,0.0
2011-04-21 20:24:03-04:00,0.0
2011-04-21 20:24:06-04:00,0.0
2011-04-21 20:24:09-04:00,0.0
2011-04-21 20:24:12-04:00,0.0
2011-04-21 20:24:15-04:00,0.0
2011-04-21 20:24:18-04:00,0.0
2011-04-21 20:24:21-04:00,0.0
2011-04-21 20:24:24-04:00,0.0
2011-04-21 20:24:27-04:00,0.0
2011-04-21 20:24:30-04:00,0.0
2011-04-21 20:24:33-04:00,0.0
2011-04-21 20:24:36-04:00,0.0
2011-04-21 20:24:39-04:00,0.0
2011-04-21 20:24:42-04:00,0.0
2011-04-21 20:24:45-04:00,0.0
2011-04-21 20:24:48-04:00,0.0
2011-04-21 20:24:51-04:00,0.0
2011-04-21 20:24:54-04:00,0.0
2011-04-21 20:24:57-04:00,0.0
2011-04-21 20:25:00-04:00,0.0
2011-04-21 20:25:03-04:00,0.0
2011-04-21 20:25:06-04:00,0.0
2011-04-21 20:25:09-04:00,0.0
2011-04-21 20:25:12-04:00,0.0
2011-04-21 20:25:15-04:00,0.0
2011-04-21 20:25:18-04:00,0.0
2011-04-21 20:25:21-04:00,0.0
2011-04-21 20:25:24-04:00,0.0
2011-04-21 20:25:27-04:00,0.0
2011-04-21 20:25:30-04:00,0.0
2011-04-21 20:25:33-04:00,0.0
2011-04-21 20:25:36-04:00,0.0
2011-04-21 20:25:39-04:00,0.75
2011-04-21 20:25:42-04:00,0.33333333333333337
2011-04-21 20:25:45-04:00,0.0
2011-04-21 20:25:48-04:00,0.0
2011-04-21 20:25:51-04:00,0.0
2011-04-21 20:25:54-04:00,0.0
2011-04-21 20:25:57-04:00,0.0
2011-04-21 20:26:00-04:00,0.0
2011-04-21 20:26:03-04:00,0.0
2011-04-21 20:26:06-04:00,0.0
2011-04-21 20:26:09-04:00,0.0
2011-04-21 20:26:12-04:00,0.0
2011-04-21 20:26:15-04:00,0.0
2011-04-21 20:26:18-04:00,0.0
2011-04-21 20:26:21-04:00,0.0
2011-04-21 20:26:24-04:00,0.0
2011-04-21 20:26:27-04:00,0.0
2011-04-21 20:26:30-04:00,0.0
2011-04-21 20:26:33-04:00,0.0
2011-04-21 20:26:36-04:00,0.0
2011-04-21 20:26:39-04:00,0.0
2011-04-21 20:26:42-04:00,0.0
2011-04-21 20:26:45-04:00,0.0
2011-04-21 20:26:48-04:00,0.0
2011-04-21 20:26:51-04:00,0.0
2011-04-21 20:26:54-04:00,0.0
2011-04-21 20:26:57-04:00,0.0
2011-04-21 20:27:00-04:00,0.0
2011-04-21 20:27:03-04:00,0.0
2011-04-21 20:27:06-04:00,0.0
2011-04-21 20:27:09-04:00,0.0
2011-04-21 20:27:12-04:00,0.0
2011-04-21 20:27:15-04:00,0.0
2011-04-21 20:27:18-04:00,0.0
2011-04-21 20:27:21-04:00,0.0
2011-04-21 20:27:24-04:00,0.0
2011-04-21 20:27:27-04:00,0.0
2011-04-21 20:27:30-04:00,0.0
2011-04-21 20:27:33-04:00,0.0
2011-04-21 20:27:36-04:00,0.0
2011-04-21 20:27:39-04:00,0.0
2011-04-21 20:27:42-04:00,0.0
2011-04-21 20:27:45-04:00,0.0
2011-04-21 20:27:48-04:00,0.0
2011-04-21 20:27:51-04:00,0.0
2011-04-21 20:27:54-04:00,0.0
2011-04-21 20:27:57-04:00,0.0
2011-04-21 20:28:00-04:00,0.0
2011-04-21 20:28:03-04:00,0.0
2011-04-21 20:28:06-04:00,0.0
2011-04-21 20:28:09-04:00,0.0
2011-04-21 20:28:12-04:00,0.0
2011-04-21 20:28:15-04:00,0.0
2011-04-21 20:28:18-04:00,0.0
2011-04-21 20:28:21-04:00,0.0
2011-04-21 20:28:24-04:00,0.0
2011-04-21 20:28:27-04:00,0.0
2011-04-21 20:28:30-04:00,0.0
2011-04-21 20:28:33-04:00,0.0
2011-04-21 20:28:36-04:00,0.0
2011-04-21 20:28:39-04:00,0.0
2011-04-21 20:28:42-04:00,0.0
2011-04-21 20:28:45-04:00,0.0
2011-04-21 20:28:48-04:00,0.0
2011-04-21 20:28:51-04:00,0.0
2011-04-21 20:28:54-04:00,0.0
2011-04-21 20:28:57-04:00,0.0
2011-04-21 20:29:00-04:00,0.0
2011-04-21 20:29:03-04:00,0.0
2011-04-21 20:29:06-04:00,0.0
2011-04-21 20:29:09-04:00,0.0
2011-04-21 20:29:12-04:00,0.0
2011-04-21 20:29:15-04:00,0.0
2011-04-21 20:29:18-04:00,0.0
2011-04-21 20:29:21-04:00,0.0
2011-04-21 20:29:24-04:00,0.0
2011-04-21 20:29:27-04:00,0.0
2011-04-21 20:29:30-04:00,0.0
2011-04-21 20:29:33-04:00,0.0
2011-04-21 20:29:36-04:00,0.0
2011-04-21 20:29:39-04:00,0.0
2011-04-21 20:29:42-04:00,0.0
2011-04-21 20:29:45-04:00,0.0
2011-04-21 20:29:48-04:00,0.0
2011-04-21 20:29:51-04:00,0.0
2011-04-21 20:29:54-04:00,0.0
2011-04-21 20:29:57-04:00,0.0
2011-04-21 20:30:00-04:00,0.0
2011-04-21 20:30:03-04:00,0.0
2011-04-21 20:30:06-04:00,0.0
2011-04-21 20:30:09-04:00,0.0
2011-04-21 20:30:12-04:00,0.0
2011-04-21 20:30:15-04:00,0.0
2011-04-21 20:30:18-04:00,0.0
2011-04-21 20:30:21-04:00,0.0
2011-04-21 20:30:24-04:00,0.0
2011-04-21 20:30:27-04:00,0.0
2011-04-21 20:30:30-04:00,0.0
2011-04-21 20:30:33-04:00,0.0
2011-04-21 20:30:36-04:00,0.0
2011-04-21 20:30:39-04:00,0.0
2011-04-21 20:30:42-04:00,0.0
2011-04-21 20:30:45-04:00,0.0
2011-04-21 20:30:48-04:00,0.0
2011-04-21 20:30:51-04:00,0.0
2011-04-21 20:30:54-04:00,0.0
2011-04-21 20:30:57-04:00,0.0
2011-04-21 20:31:00-04:00,0.0
2011-04-21 20:31:03-04:00,0.0
2011-04-21 20:31:06-04:00,0.0
2011-04-21 20:31:09-04:00,0.0
2011-04-21 20:31:12-04:00,0.0
2011-04-21 20:31:15-04:00,0.0
2011-04-21 20:31:18-04:00,0.0
2011-04-21 20:31:21-04:00,0.0
2011-04-21 20:31:24-04:00,0.0
2011-04-21 20:31:27-04:00,0.0
2011-04-21 20:31:30-04:00,0.0
2011-04-21 20:31:33-04:00,0.0
2011-04-21 20:31:36-04:00,0.0
2011-04-21 20:31:39-04:00,0.0
2011-04-21 20:31:42-04:00,0.0
2011-04-21 20:31:45-04:00,0.0
2011-04-21 20:31:48-04:00,0.0
2011-04-21 20:31:51-04:00,0.0
2011-04-21 20:31:54-04:00,0.0
2011-04-21 20:31:57-04:00,0.0
2011-04-21 20:32:00-04:00,0.0
2011-04-21 20:32:03-04:00,0.0
2011-04-21 20:32:06-04:00,0.0
2011-04-21 20:32:09-04:00,0.0
2011-04-21 20:32:12-04:00,0.0
2011-04-21 20:32:15-04:00,0.0
2011-04-21 20:32:18-04:00,0.0
2011-04-21 20:32:21-04:00,0.0
2011-04-21 20:32:24-04:00,0.0
2011-04-21 20:32:27-04:00,0.0
2011-04-21 20:32:30-04:00,0.0
2011-04-21 20:32:33-04:00,0.0
2011-04-21 20:32:36-04:00,0.0
2011-04-21 20:32:39-04:00,1.0
2011-04-21 20:32:42-04:00,1.0
2011-04-21 20:32:45-04:00,1.0
2011-04-21 20:32:48-04:00,1.0
2011-04-21 20:32:51-04:00,1.0
2011-04-21 20:32:54-04:00,1.0
2011-04-21 20:32:57-04:00,1.0
2011-04-21 20:33:00-04:00,1.0
2011-04-21 20:33:03-04:00,1.0
2011-04-21 20:33:06-04:00,1.0
2011-04-21 20:33:09-04:00,1.0
2011-04-21 20:33:12-04:00,1.0
2011-04-21 20:33:15-04:00,1.0
2011-04-21 20:33:18-04:00,1.0
2011-04-21 20:33:21-04:00,1.0
2011-04-21 20:33:24-04:00,1.0
2011-04-21 20:33:27-04:00,1.0
2011-04-21 20:33:30-04:00,1.0
2011-04-21 20:33:33-04:00,1.0
2011-04-21 20:33:36-04:00,1.0
2011-04-21 20:33:39-04:00,1.0
2011-04-21 20:33:42-04:00,1.0
2011-04-21 20:33:45-04:00,1.0
2011-04-21 20:33:48-04:00,1.0
2011-04-21 20:33:51-04:00,1.0
2011-04-21 20:33:54-04:00,1.0
2011-04-21 20:33:57-04:00,1.0
2011-04-21 20:34:00-04:00,1.0
2011-04-21 20:34:03-04:00,1.0
2011-04-21 20:34:06-04:00,1.0
2011-04-21 20:34:09-04:00,1.0
2011-04-21 20:34:12-04:00,1.0
2011-04-21 20:34:15-04:00,1.0
2011-04-21 20:34:18-04:00,1.0
2011-04-21 20:34:21-04:00,1.0
2011-04-21 20:34:24-04:00,1.0
2011-04-21 20:34:27-04:00,1.0
2011-04-21 20:34:30-04:00,0.6666666666666667
2011-04-21 20:34:33-04:00,0.33333333333333337
2011-04-21 20:34:36-04:00,0.0
2011-04-21 20:34:39-04:00,0.0
2011-04-21 20:34:42-04:00,0.0
2011-04-21 20:34:45-04:00,0.0
2011-04-21 20:34:48-04:00,0.0
2011-04-21 20:34:51-04:00,0.0
2011-04-21 20:34:54-04:00,0.0
2011-04-21 20:34:57-04:00,0.0
2011-04-21 20:35:00-04:00,0.0
2011-04-21 20:35:03-04:00,0.0
2011-04-21 20:35:06-04:00,0.0
2011-04-21 20:35:09-04:00,0.0
2011-04-21 20:35:12-04:00,0.0
2011-04-21 20:35:15-04:00,0.0
2011-04-21 20:35:18-04:00,0.0
2011-04-21 20:35:21-04:00,0.0
2011-04-21 20:35:24-04:00,0.0
2011-04-21 20:35:27-04:00,0.0
2011-04-21 20:35:30-04:00,0.2222222222222222
2011-04-21 20:35:33-04:00,0.5555555555555556
2011-04-21 20:35:36-04:00,0.8888888888888888
2011-04-21 20:35:39-04:00,1.0
2011-04-21 20:35:42-04:00,1.0
2011-04-21 20:35:45-04:00,1.0
2011-04-21 20:35:48-04:00,1.0
2011-04-21 20:35:51-04:00,1.0
2011-04-21 20:35:54-04:00,1.0
2011-04-21 20:35:57-04:00,1.0
2011-04-21 20:36:00-04:00,1.0
2011-04-21 20:36:03-04:00,1.0
2011-04-21 20:36:06-04:00,1.0
2011-04-21 20:36:09-04:00,1.0
2011-04-21 20:36:12-04:00,1.0
2011-04-21 20:36:15-04:00,1.0
2011-04-21 20:36:18-04:00,1.0
2011-04-21 20:36:21-04:00,1.0
2011-04-21 20:36:24-04:00,1.0
2011-04-21 20:36:27-04:00,1.0
2011-04-21 20:36:30-04:00,1.0
2011-04-21 20:36:33-04:00,1.0
2011-04-21 20:36:36-04:00,1.0
2011-04-21 20:36:39-04:00,1.0
2011-04-21 20:36:42-04:00,1.0
2011-04-21 20:36:45-04:00,1.0
2011-04-21 20:36:48-04:00,1.0
2011-04-21 20:36:51-04:00,1.0
2011-04-21 20:36:54-04:00,1.0
2011-04-21 20:36:57-04:00,1.0
2011-04-21 20:37:00-04:00,1.0
2011-04-21 20:37:03-04:00,1.0
2011-04-21 20:37:06-04:00,1.0
2011-04-21 20:37:09-04:00,1.0
2011-04-21 20:37:12-04:00,1.0
2011-04-21 20:37:15-04:00,1.0
2011-04-21 20:37:18-04:00,1.0
2011-04-21 20:37:21-04:00,1.0
2011-04-21 20:37:24-04:00,1.0
2011-04-21 20:37:27-04:00,0.7777777777777778
2011-04-21 20:37:30-04:00,0.4444444444444444
2011-04-21 20:37:33-04:00,0.11111111111111116
2011-04-21 20:37:36-04:00,0.0
2011-04-21 20:37:39-04:00,0.0
2011-04-21 20:37:42-04:00,0.0
2011-04-21 20:37:45-04:00,0.0
2011-04-21 20:37:48-04:00,0.0
2011-04-21 20:37:51-04:00,0.0
2011-04-21 20:37:54-04:00,0.0
2011-04-21 20:37:57-04:00,0.0
2011-04-21 20:38:00-04:00,0.0
2011-04-21 20:38:03-04:00,0.0
2011-04-21 20:38:06-04:00,0.0
2011-04-21 20:38:09-04:00,0.0
2011-04-21 20:38:12-04:00,0.0
2011-04-21 20:38:15-04:00,0.0
2011-04-21 20:38:18-04:00,0.0
2011-04-21 20:38:21-04:00,0.0
2011-04-21 20:38:24-04:00,0.0
2011-04-21 20:38:27-04:00,0.2222222222222222
2011-04-21 20:38:30-04:00,0.5555555555555556
2011-04-21 20:38:33-04:00,0.8888888888888888
2011-04-21 20:38:36-04:00,1.0
2011-04-21 20:38:39-04:00,1.0
2011-04-21 20:38:42-04:00,1.0
2011-04-21 20:38:45-04:00,1.0
2011-04-21 20:38:48-04:00,1.0
2011-04-21 20:38:51-04:00,1.0
2011-04-21 20:38:54-04:00,1.0
2011-04-21 20:38:57-04:00,1.0
2011-04-21 20:39:00-04:00,1.0
2011-04-21 20:39:03-04:00,1.0
2011-04-21 20:39:06-04:00,1.0
2011-04-21 20:39:09-04:00,1.0
2011-04-21 20:39:12-04:00,1.0
2011-04-21 20:39:15-04:00,1.0
2011-04-21 20:39:18-04:00,1.0
2011-04-21 20:39:21-04:00,1.0
2011-04-21 20:39:24-04:00,1.0
2011-04-21 20:39:27-04:00,1.0
2011-04-21 20:39:30-04:00,1.0
2011-04-21 20:39:33-04:00,1.0
2011-04-21 20:39:36-04:00,1.0
2011-04-21 20:39:39-04:00,1.0
2011-04-21 20:39:42-04:00,1.0
2011-04-21 20:39:45-04:00,1.0
2011-04-21 20:39:48-04:00,1.0
2011-04-21 20:39:51-04:00,1.0
2011-04-21 20:39:54-04:00,1.0
2011-04-21 20:39:57-04:00,1.0
2011-04-21 20:40:00-04:00,1.0
2011-04-21 20:40:03-04:00,1.0
2011-04-21 20:40:06-04:00,1.0
2011-04-21 20:40:09-04:00,1.0
2011-04-21 20:40:12-04:00,1.0
2011-04-21 20:40:15-04:00,1.0
2011-04-21 20:40:18-04:00,1.0
2011-04-21 20:40:21-04:00,1.0
2011-04-21 20:40:24-04:00,1.0
2011-04-21 20:40:27-04:00,0.875
2011-04-21 20:40:30-04:00,0.5
2011-04-21 20:40:33-04:00,0.125
2011-04-21 20:40:36-04:00,0.0
2011-04-21 20:40:39-04:00,0.0
2011-04-21 20:40:42-04:00,0.0
2011-04-21 20:40:45-04:00,0.0
2011-04-21 20:40:48-04:00,0.0
2011-04-21 20:40:51-04:00,0.0
2011-04-21 20:40:54-04:00,0.0
2011-04-21 20:40:57-04:00,0.0
2011-04-21 20:41:00-04:00,0.0
2011-04-21 20:41:03-04:00,0.0
2011-04-21 20:41:06-04:00,0.0
2011-04-21 20:41:09-04:00,0.0
2011-04-21 20:41:12-04:00,0.0
2011-04-21 20:41:15-04:00,0.0
2011-04-21 20:41:18-04:00,0.0
2011-04-21 20:41:21-04:00,0.0
2011-04-21 20:41:24-04:00,0.0
2011-04-21 20:41:27-04:00,0.0
2011-04-21 20:41:30-04:00,0.0
2011-04-21 20:41:33-04:00,0.0
2011-04-21 20:41:36-04:00,0.25
2011-04-21 20:41:39-04:00,1.0
2011-04-21 20:41:42-04:00,1.0
2011-04-21 20:41:45-04:00,1.0
2011-04-21 20:41:48-04:00,1.0
2011-04-21 20:41:51-04:00,1.0
2011-04-21 20:41:54-04:00,1.0
2011-04-21 20:41:57-04:00,1.0
2011-04-21 20:42:00-04:00,1.0
2011-04-21 20:42:03-04:00,1.0
2011-04-21 20:42:06-04:00,1.0
2011-04-21 20:42:09-04:00,1.0
2011-04-21 20:42:12-04:00,1.0
2011-04-21 20:42:15-04:00,1.0
2011-04-21 20:42:18-04:00,1.0
2011-04-21 20:42:21-04:00,1.0
2011-04-21 20:42:24-04:00,1.0
2011-04-21 20:42:27-04:00,1.0
2011-04-21 20:42:30-04:00,1.0
2011-04-21 20:42:33-04:00,1.0
2011-04-21 20:42:36-04:00,1.0
2011-04-21 20:42:39-04:00,1.0
2011-04-21 20:42:42-04:00,1.0
2011-04-21 20:42:45-04:00,1.0
2011-04-21 20:42:48-04:00,1.0
2011-04-21 20:42:51-04:00,1.0
2011-04-21 20:42:54-04:00,1.0
2011-04-21 20:42:57-04:00,1.0
2011-04-21 20:43:00-04:00,1.0
2011-04-21 20:43:03-04:00,1.0
2011-04-21 20:43:06-04:00,1.0
2011-04-21 20:43:09-04:00,1.0
2011-04-21 20:43:12-04:00,1.0
2011-04-21 20:43:15-04:00,1.0
2011-04-21 20:43:18-04:00,1.0
2011-04-21 20:43:21-04:00,1.0
2011-04-21 20:43:24-04:00,1.0
2011-04-21 20:43:27-04:00,1.0
2011-04-21 20:43:30-04:00,1.0
2011-04-21 20:43:33-04:00,1.0
2011-04-21 20:43:36-04:00,1.0
2011-04-21 20:43:39-04:00,1.0
2011-04-21 20:43:42-04:00,1.0
2011-04-21 20:43:45-04:00,0.25
2011-04-21 20:43:48-04:00,0.0
2011-04-21 20:43:51-04:00,0.0
2011-04-21 20:43:54-04:00,0.0
2011-04-21 20:43:57-04:00,0.0
2011-04-21 20:44:00-04:00,0.0
2011-04-21 20:44:03-04:00,0.0
2011-04-21 20:44:06-04:00,0.0
2011-04-21 20:44:09-04:00,0.0
2011-04-21 20:44:12-04:00,0.0
2011-04-21 20:44:15-04:00,0.0
2011-04-21 20:44:18-04:00,0.0
2011-04-21 20:44:21-04:00,0.0
2011-04-21 20:44:24-04:00,0.0
2011-04-21 20:44:27-04:00,0.0
2011-04-21 20:44:30-04:00,0.0
2011-04-21 20:44:33-04:00,0.0
2011-04-21 20:44:36-04:00,0.0
2011-04-21 20:44:39-04:00,0.0
2011-04-21 20:44:42-04:00,0.0
2011-04-21 20:44:45-04:00,0.0
2011-04-21 20:44:48-04:00,0.5
2011-04-21 20:44:51-04:00,1.0
2011-04-21 20:44:54-04:00,1.0
2011-04-21 20:44:57-04:00,1.0
2011-04-21 20:45:00-04:00,1.0
2011-04-21 20:45:03-04:00,1.0
2011-04-21 20:45:06-04:00,1.0
2011-04-21 20:45:09-04:00,1.0
2011-04-21 20:45:12-04:00,1.0
2011-04-21 20:45:15-04:00,1.0
2011-04-21 20:45:18-04:00,1.0
2011-04-21 20:45:21-04:00,1.0
2011-04-21 20:45:24-04:00,1.0
2011-04-21 20:45:27-04:00,1.0
2011-04-21 20:45:30-04:00,1.0
2011-04-21 20:45:33-04:00,1.0
2011-04-21 20:45:36-04:00,1.0
2011-04-21 20:45:39-04:00,1.0
2011-04-21 20:45:42-04:00,1.0
2011-04-21 20:45:45-04:00,1.0
2011-04-21 20:45:48-04:00,1.0
2011-04-21 20:45:51-04:00,1.0
2011-04-21 20:45:54-04:00,1.0
2011-04-21 20:45:57-04:00,1.0
2011-04-21 20:46:00-04:00,1.0
2011-04-21 20:46:03-04:00,1.0
2011-04-21 20:46:06-04:00,1.0
2011-04-21 20:46:09-04:00,1.0
2011-04-21 20:46:12-04:00,1.0
2011-04-21 20:46:15-04:00,1.0
2011-04-21 20:46:18-04:00,1.0
2011-04-21 20:46:21-04:00,1.0
2011-04-21 20:46:24-04:00,1.0
2011-04-21 20:46:27-04:00,1.0
2011-04-21 20:46:30-04:00,1.0
2011-04-21 20:46:33-04:00,1.0
2011-04-21 20:46:36-04:00,1.0
2011-04-21 20:46:39-04:00,1.0
2011-04-21 20:46:42-04:00,1.0
2011-04-21 20:46:45-04:00,1.0
2011-04-21 20:46:48-04:00,1.0
2011-04-21 20:46:51-04:00,1.0
2011-04-21 20:46:54-04:00,1.0
2011-04-21 20:46:57-04:00,1.0
2011-04-21 20:47:00-04:00,0.0
2011-04-21 20:47:03-04:00,0.0
2011-04-21 20:47:06-04:00,0.0
2011-04-21 20:47:09-04:00,0.0
2011-04-21 20:47:12-04:00,0.0
2011-04-21 20:47:15-04:00,0.0
2011-04-21 20:47:18-04:00,0.0
2011-04-21 20:47:21-04:00,0.0
2011-04-21 20:47:24-04:00,0.0
2011-04-21 20:47:27-04:00,0.0
2011-04-21 20:47:30-04:00,0.0
2011-04-21 20:47:33-04:00,0.0
2011-04-21 20:47:36-04:00,0.0
2011-04-21 20:47:39-04:00,0.0
2011-04-21 20:47:42-04:00,0.0
2011-04-21 20:47:45-04:00,0.0
2011-04-21 20:47:48-04:00,0.0
2011-04-21 20:47:51-04:00,0.0
2011-04-21 20:47:54-04:00,0.0
2011-04-21 20:47:57-04:00,0.0
2011-04-21 20:48:00-04:00,0.75
2011-04-21 20:48:03-04:00,1.0
2011-04-21 20:48:06-04:00,1.0
2011-04-21 20:48:09-04:00,1.0
2011-04-21 20:48:12-04:00,1.0
2011-04-21 20:48:15-04:00,1.0
2011-04-21 20:48:18-04:00,1.0
2011-04-21 20:48:21-04:00,1.0
2011-04-21 20:48:24-04:00,1.0
2011-04-21 20:48:27-04:00,1.0
2011-04-21 20:48:30-04:00,1.0
2011-04-21 20:48:33-04:00,1.0
2011-04-21 20:48:36-04:00,1.0
2011-04-21 20:48:39-04:00,1.0
2011-04-21 20:48:42-04:00,1.0
2011-04-21 20:48:45-04:00,1.0
2011-04-21 20:48:48-04:00,1.0
2011-04-21 20:48:51-04:00,1.0
2011-04-21 20:48:54-04:00,1.0
2011-04-21 20:48:57-04:00,1.0
2011-04-21 20:49:00-04:00,1.0
2011-04-21 20:49:03-04:00,1.0
2011-04-21 20:49:06-04:00,1.0
2011-04-21 20:49:09-04:00,1.0
2011-04-21 20:49:12-04:00,1.0
2011-04-21 20:49:15-04:00,1.0
2011-04-21 20:49:18-04:00,1.0
2011-04-21 20:49:21-04:00,1.0
2011-04-21 20:49:24-04:00,1.0
2011-04-21 20:49:27-04:00,1.0
2011-04-21 20:49:30-04:00,1.0
2011-04-21 20:49:33-04:00,1.0
2011-04-21 20:49:36-04:00,1.0
2011-04-21 20:49:39-04:00,1.0
2011-04-21 20:49:42-04:00,1.0
2011-04-21 20:49:45-04:00,1.0
2011-04-21 20:49:48-04:00,1.0
2011-04-21 20:49:51-04:00,1.0
2011-04-21 20:49:54-04:00,1.0
2011-04-21 20:49:57-04:00,1.0
2011-04-21 20:50:00-04:00,1.0
2011-04-21 20:50:03-04:00,1.0
2011-04-21 20:50:06-04:00,1.0
2011-04-21 20:50:09-04:00,1.0
2011-04-21 20:50:12-04:00,0.6666666666666667
2011-04-21 20:50:15-04:00,0.0
2011-04-21 20:50:18-04:00,0.0
2011-04-21 20:50:21-04:00,0.0
2011-04-21 20:50:24-04:00,0.0
2011-04-21 20:50:27-04:00,0.0
2011-04-21 20:50:30-04:00,0.0
2011-04-21 20:50:33-04:00,0.0
2011-04-21 20:50:36-04:00,0.0
2011-04-21 20:50:39-04:00,0.0
2011-04-21 20:50:42-04:00,0.0
2011-04-21 20:50:45-04:00,0.0
2011-04-21 20:50:48-04:00,0.0
2011-04-21 20:50:51-04:00,0.0
2011-04-21 20:50:54-04:00,0.0
2011-04-21 20:50:57-04:00,0.0
2011-04-21 20:51:00-04:00,0.0
2011-04-21 20:51:03-04:00,0.0
2011-04-21 20:51:06-04:00,0.0
2011-04-21 20:51:09-04:00,0.0
2011-04-21 20:51:12-04:00,0.0
2011-04-21 20:51:15-04:00,0.0
2011-04-21 20:51:18-04:00,1.0
2011-04-21 20:51:21-04:00,1.0
2011-04-21 20:51:24-04:00,1.0
2011-04-21 20:51:27-04:00,1.0
2011-04-21 20:51:30-04:00,1.0
2011-04-21 20:51:33-04:00,1.0
2011-04-21 20:51:36-04:00,1.0
2011-04-21 20:51:39-04:00,1.0
2011-04-21 20:51:42-04:00,1.0
2011-04-21 20:51:45-04:00,1.0
2011-04-21 20:51:48-04:00,1.0
2011-04-21 20:51:51-04:00,1.0
2011-04-21 20:51:54-04:00,1.0
2011-04-21 20:51:57-04:00,1.0
2011-04-21 20:52:00-04:00,1.0
2011-04-21 20:52:03-04:00,1.0
2011-04-21 20:52:06-04:00,1.0
2011-04-21 20:52:09-04:00,1.0
2011-04-21 20:52:12-04:00,1.0
2011-04-21 20:52:15-04:00,1.0
2011-04-21 20:52:18-04:00,1.0
2011-04-21 20:52:21-04:00,1.0
2011-04-21 20:52:24-04:00,1.0
2011-04-21 20:52:27-04:00,1.0
2011-04-21 20:52:30-04:00,1.0
2011-04-21 20:52:33-04:00,1.0
2011-04-21 20:52:36-04:00,1.0
2011-04-21 20:52:39-04:00,1.0
2011-04-21 20:52:42-04:00,1.0
2011-04-21 20:52:45-04:00,1.25
2011-04-21 20:52:48-04:00,2.0
2011-04-21 20:52:51-04:00,2.0
2011-04-21 20:52:54-04:00,2.0
2011-04-21 20:52:57-04:00,2.0
2011-04-21 20:53:00-04:00,2.0
2011-04-21 20:53:03-04:00,2.0
2011-04-21 20:53:06-04:00,2.0
2011-04-21 20:53:09-04:00,2.0
2011-04-21 20:53:12-04:00,2.0
2011-04-21 20:53:15-04:00,2.0
2011-04-21 20:53:18-04:00,2.0
2011-04-21 20:53:21-04:00,2.0
2011-04-21 20:53:24-04:00,2.0
2011-04-21 20:53:27-04:00,2.0
2011-04-21 20:53:30-04:00,2.0
2011-04-21 20:53:33-04:00,2.0
2011-04-21 20:53:36-04:00,2.0
2011-04-21 20:53:39-04:00,2.0
2011-04-21 20:53:42-04:00,2.0
2011-04-21 20:53:45-04:00,2.0
2011-04-21 20:53:48-04:00,2.0
2011-04-21 20:53:51-04:00,2.0
2011-04-21 20:53:54-04:00,2.0
2011-04-21 20:53:57-04:00,2.0
2011-04-21 20:54:00-04:00,1.5
2011-04-21 20:54:03-04:00,1.3333333333333333
2011-04-21 20:54:06-04:00,2.0
2011-04-21 20:54:09-04:00,2.0
2011-04-21 20:54:12-04:00,1.0
2011-04-21 20:54:15-04:00,2.0
2011-04-21 20:54:18-04:00,2.0
2011-04-21 20:54:21-04:00,2.0
2011-04-21 20:54:24-04:00,2.0
2011-04-21 20:54:27-04:00,2.0
2011-04-21 20:54:30-04:00,2.0
2011-04-21 20:54:33-04:00,2.0
2011-04-21 20:54:36-04:00,1.75
2011-04-21 20:54:39-04:00,1.0
2011-04-21 20:54:42-04:00,2.0
2011-04-21 20:54:45-04:00,2.0
2011-04-21 20:54:48-04:00,1.3333333333333335
2011-04-21 20:54:51-04:00,1.6666666666666665
2011-04-21 20:54:54-04:00,2.0
2011-04-21 20:54:57-04:00,2.0
2011-04-21 20:55:00-04:00,2.0
2011-04-21 20:55:03-04:00,2.0
2011-04-21 20:55:06-04:00,2.0
2011-04-21 20:55:09-04:00,2.0
2011-04-21 20:55:12-04:00,2.0
2011-04-21 20:55:15-04:00,2.0
2011-04-21 20:55:18-04:00,2.0
2011-04-21 20:55:21-04:00,2.0
2011-04-21 20:55:24-04:00,2.0
2011-04-21 20:55:27-04:00,2.0
2011-04-21 20:55:30-04:00,2.0
2011-04-21 20:55:33-04:00,2.0
2011-04-21 20:55:36-04:00,2.0
2011-04-21 20:55:39-04:00,2.0
2011-04-21 20:55:42-04:00,2.0
2011-04-21 20:55:45-04:00,2.0
2011-04-21 20:55:48-04:00,2.0
2011-04-21 20:55:51-04:00,2.0
2011-04-21 20:55:54-04:00,2.0
2011-04-21 20:55:57-04:00,2.0
2011-04-21 20:56:00-04:00,2.0
2011-04-21 20:56:03-04:00,2.0
2011-04-21 20:56:06-04:00,2.0
2011-04-21 20:56:09-04:00,2.0
2011-04-21 20:56:12-04:00,2.0
2011-04-21 20:56:15-04:00,2.0
2011-04-21 20:56:18-04:00,2.0
2011-04-21 20:56:21-04:00,2.0
2011-04-21 20:56:24-04:00,2.0
2011-04-21 20:56:27-04:00,2.0
2011-04-21 20:56:30-04:00,2.0
2011-04-21 20:56:33-04:00,2.0
2011-04-21 20:56:36-04:00,2.0
2011-04-21 20:56:39-04:00,2.0
2011-04-21 20:56:42-04:00,2.0
2011-04-21 20:56:45-04:00,2.0
2011-04-21 20:56:48-04:00,2.0
2011-04-21 20:56:51-04:00,2.0
2011-04-21 20:56:54-04:00,2.0
2011-04-21 20:56:57-04:00,2.0
2011-04-21 20:57:00-04:00,2.0
2011-04-21 20:57:03-04:00,2.0
2011-04-21 20:57:06-04:00,2.0
2011-04-21 20:57:09-04:00,2.0
2011-04-21 20:57:12-04:00,2.0
2011-04-21 20:57:15-04:00,2.0
2011-04-21 20:57:18-04:00,2.0
2011-04-21 20:57:21-04:00,2.0
2011-04-21 20:57:24-04:00,2.0
2011-04-21 20:57:27-04:00,2.0
2011-04-21 20:57:30-04:00,2.0
2011-04-21 20:57:33-04:00,2.0
2011-04-21 20:57:36-04:00,2.0
2011-04-21 20:57:39-04:00,2.0
2011-04-21 20:57:42-04:00,2.0
2011-04-21 20:57:45-04:00,2.0
2011-04-21 20:57:48-04:00,2.0
2011-04-21 20:57:51-04:00,2.0
2011-04-21 20:57:54-04:00,2.0
2011-04-21 20:57:57-04:00,2.0
2011-04-21 20:58:00-04:00,2.0
2011-04-21 20:58:03-04:00,2.0
2011-04-21 20:58:06-04:00,2.0
2011-04-21 20:58:09-04:00,2.0
2011-04-21 20:58:12-04:00,2.0
2011-04-21 20:58:15-04:00,2.0
2011-04-21 20:58:18-04:00,2.0
2011-04-21 20:58:21-04:00,2.0
2011-04-21 20:58:24-04:00,2.0
2011-04-21 20:58:27-04:00,2.0
2011-04-21 20:58:30-04:00,2.0
2011-04-21 20:58:33-04:00,2.0
2011-04-21 20:58:36-04:00,2.0
2011-04-21 20:58:39-04:00,2.0
2011-04-21 20:58:42-04:00,2.0
2011-04-21 20:58:45-04:00,2.0
2011-04-21 20:58:48-04:00,2.0
2011-04-21 20:58:51-04:00,2.0
2011-04-21 20:58:54-04:00,2.0
2011-04-21 20:58:57-04:00,2.0
2011-04-21 20:59:00-04:00,2.0
2011-04-21 20:59:03-04:00,2.0
2011-04-21 20:59:06-04:00,2.0
2011-04-21 20:59:09-04:00,2.0
2011-04-21 20:59:12-04:00,2.0
2011-04-21 20:59:15-04:00,2.0
2011-04-21 20:59:18-04:00,2.0
2011-04-21 20:59:21-04:00,2.0
2011-04-21 20:59:24-04:00,2.0
2011-04-21 20:59:27-04:00,2.0
2011-04-21 20:59:30-04:00,2.0
2011-04-21 20:59:33-04:00,2.0
2011-04-21 20:59:36-04:00,2.0
2011-04-21 20:59:39-04:00,2.0
2011-04-21 20:59:42-04:00,2.0
2011-04-21 20:59:45-04:00,2.0
2011-04-21 20:59:48-04:00,2.0
2011-04-21 20:59:51-04:00,2.0
2011-04-21 20:59:54-04:00,2.0
2011-04-21 20:59:57-04:00,2.0
2011-04-21 21:00:00-04:00,2.0
2011-04-21 21:00:03-04:00,2.0
2011-04-21 21:00:06-04:00,2.0
2011-04-21 21:00:09-04:00,2.0
2011-04-21 21:00:12-04:00,2.0
2011-04-21 21:00:15-04:00,2.0
2011-04-21 21:00:18-04:00,2.0
2011-04-21 21:00:21-04:00,2.0
2011-04-21 21:00:24-04:00,2.0
2011-04-21 21:00:27-04:00,2.0
2011-04-21 21:00:30-04:00,2.0
2011-04-21 21:00:33-04:00,2.0
2011-04-21 21:00:36-04:00,2.0
2011-04-21 21:00:39-04:00,2.0
2011-04-21 21:00:42-04:00,2.0
2011-04-21 21:00:45-04:00,2.0
2011-04-21 21:00:48-04:00,2.0
2011-04-21 21:00:51-04:00,2.0
2011-04-21 21:00:54-04:00,2.0
2011-04-21 21:00:57-04:00,2.0
2011-04-21 21:01:00-04:00,2.0
2011-04-21 21:01:03-04:00,2.0
2011-04-21 21:01:06-04:00,2.0
2011-04-21 21:01:09-04:00,2.0
2011-04-21 21:01:12-04:00,2.0
2011-04-21 21:01:15-04:00,2.0
2011-04-21 21:01:18-04:00,2.0
2011-04-21 21:01:21-04:00,2.0
2011-04-21 21:01:24-04:00,2.0
2011-04-21 21:01:27-04:00,2.0
2011-04-21 21:01:30-04:00,2.0
2011-04-21 21:01:33-04:00,2.0
2011-04-21 21:01:36-04:00,2.0
2011-04-21 21:01:39-04:00,2.0
2011-04-21 21:01:42-04:00,2.0
2011-04-21 21:01:45-04:00,2.0
2011-04-21 21:01:48-04:00,2.0
2011-04-21 21:01:51-04:00,2.0
2011-04-21 21:01:54-04:00,2.0
2011-04-21 21:01:57-04:00,2.0
2011-04-21 21:02:00-04:00,2.0
2011-04-21 21:02:03-04:00,2.0
2011-04-21 21:02:06-04:00,2.0
2011-04-21 21:02:09-04:00,2.0
2011-04-21 21:02:12-04:00,2.0
2011-04-21 21:02:15-04:00,2.0
2011-04-21 21:02:18-04:00,2.0
2011-04-21 21:02:21-04:00,2.0
2011-04-21 21:02:24-04:00,2.0
2011-04-21 21:02:27-04:00,2.0
2011-04-21 21:02:30-04:00,2.0
2011-04-21 21:02:33-04:00,2.0
2011-04-21 21:02:36-04:00,2.0
2011-04-21 21:02:39-04:00,2.0
2011-04-21 21:02:42-04:00,2.0
2011-04-21 21:02:45-04:00,2.0
2011-04-21 21:02:48-04:00,2.0
2011-04-21 21:02:51-04:00,2.0
2011-04-21 21:02:54-04:00,2.0
2011-04-21 21:02:57-04:00,2.0
2011-04-21 21:03:00-04:00,2.0
2011-04-21 21:03:03-04:00,2.0
2011-04-21 21:03:06-04:00,2.0
2011-04-21 21:03:09-04:00,2.0
2011-04-21 21:03:12-04:00,2.0
2011-04-21 21:03:15-04:00,2.0
2011-04-21 21:03:18-04:00,2.0
2011-04-21 21:03:21-04:00,2.0
2011-04-21 21:03:24-04:00,2.0
2011-04-21 21:03:27-04:00,2.0
2011-04-21 21:03:30-04:00,2.0
2011-04-21 21:03:33-04:00,2.0
2011-04-21 21:03:36-04:00,2.0
2011-04-21 21:03:39-04:00,2.0
2011-04-21 21:03:42-04:00,2.0
2011-04-21 21:03:45-04:00,2.0
2011-04-21 21:03:48-04:00,2.0
2011-04-21 21:03:51-04:00,2.0
2011-04-21 21:03:54-04:00,2.0
2011-04-21 21:03:57-04:00,2.0
2011-04-21 21:04:00-04:00,2.0
2011-04-21 21:04:03-04:00,2.0
2011-04-21 21:04:06-04:00,2.0
2011-04-21 21:04:09-04:00,2.0
2011-04-21 21:04:12-04:00,2.0
2011-04-21 21:04:15-04:00,2.0
2011-04-21 21:04:18-04:00,2.0
2011-04-21 21:04:21-04:00,2.0
2011-04-21 21:04:24-04:00,2.0
2011-04-21 21:04:27-04:00,2.0
2011-04-21 21:04:30-04:00,2.0
2011-04-21 21:04:33-04:00,2.0
2011-04-21 21:04:36-04:00,2.0
2011-04-21 21:04:39-04:00,2.0
2011-04-21 21:04:42-04:00,2.0
2011-04-21 21:04:45-04:00,2.0
2011-04-21 21:04:48-04:00,2.0
2011-04-21 21:04:51-04:00,2.0
2011-04-21 21:04:54-04:00,2.0
2011-04-21 21:04:57-04:00,2.0
2011-04-21 21:05:00-04:00,2.0
2011-04-21 21:05:03-04:00,2.0
2011-04-21 21:05:06-04:00,2.0
2011-04-21 21:05:09-04:00,2.0
2011-04-21 21:05:12-04:00,2.0
2011-04-21 21:05:15-04:00,2.0
2011-04-21 21:05:18-04:00,2.0
2011-04-21 21:05:21-04:00,2.0
2011-04-21 21:05:24-04:00,2.0
2011-04-21 21:05:27-04:00,2.0
2011-04-21 21:05:30-04:00,2.0
2011-04-21 21:05:33-04:00,2.0
2011-04-21 21:05:36-04:00,2.0
2011-04-21 21:05:39-04:00,2.0
2011-04-21 21:05:42-04:00,2.0
2011-04-21 21:05:45-04:00,2.0
2011-04-21 21:05:48-04:00,2.0
2011-04-21 21:05:51-04:00,2.0
2011-04-21 21:05:54-04:00,2.0
2011-04-21 21:05:57-04:00,2.0
2011-04-21 21:06:00-04:00,2.0
2011-04-21 21:06:03-04:00,2.0
2011-04-21 21:06:06-04:00,2.0
2011-04-21 21:06:09-04:00,2.0
2011-04-21 21:06:12-04:00,2.0
2011-04-21 21:06:15-04:00,2.0
2011-04-21 21:06:18-04:00,2.0
2011-04-21 21:06:21-04:00,2.0
2011-04-21 21:06:24-04:00,2.0
2011-04-21 21:06:27-04:00,2.0
2011-04-21 21:06:30-04:00,2.0
2011-04-21 21:06:33-04:00,2.0
2011-04-21 21:06:36-04:00,2.0
2011-04-21 21:06:39-04:00,2.0
2011-04-21 21:06:42-04:00,2.0
2011-04-21 21:06:45-04:00,2.0
2011-04-21 21:06:48-04:00,2.0
2011-04-21 21:06:51-04:00,2.0
2011-04-21 21:06:54-04:00,2.0
2011-04-21 21:06:57-04:00,2.0
2011-04-21 21:07:00-04:00,2.0
2011-04-21 21:07:03-04:00,2.0
2011-04-21 21:07:06-04:00,2.0
2011-04-21 21:07:09-04:00,2.0
2011-04-21 21:07:12-04:00,2.0
2011-04-21 21:07:15-04:00,2.0
2011-04-21 21:07:18-04:00,2.0
2011-04-21 21:07:21-04:00,2.0
2011-04-21 21:07:24-04:00,2.0
2011-04-21 21:07:27-04:00,2.0
2011-04-21 21:07:30-04:00,2.0
2011-04-21 21:07:33-04:00,2.0
2011-04-21 21:07:36-04:00,2.0
2011-04-21 21:07:39-04:00,2.0
2011-04-21 21:07:42-04:00,2.0
2011-04-21 21:07:45-04:00,2.0
2011-04-21 21:07:48-04:00,2.0
2011-04-21 21:07:51-04:00,2.0
2011-04-21 21:07:54-04:00,2.0
2011-04-21 21:07:57-04:00,2.0
2011-04-21 21:08:00-04:00,2.0
2011-04-21 21:08:03-04:00,2.0
2011-04-21 21:08:06-04:00,2.0
2011-04-21 21:08:09-04:00,2.0
2011-04-21 21:08:12-04:00,2.0
2011-04-21 21:08:15-04:00,2.0
2011-04-21 21:08:18-04:00,2.0
2011-04-21 21:08:21-04:00,2.0
2011-04-21 21:08:24-04:00,2.0
2011-04-21 21:08:27-04:00,2.0
2011-04-21 21:08:30-04:00,2.0
2011-04-21 21:08:33-04:00,2.0
2011-04-21 21:08:36-04:00,2.0
2011-04-21 21:08:39-04:00,2.0
2011-04-21 21:08:42-04:00,2.0
2011-04-21 21:08:45-04:00,2.0
2011-04-21 21:08:48-04:00,2.0
2011-04-21 21:08:51-04:00,2.0
2011-04-21 21:08:54-04:00,2.0
2011-04-21 21:08:57-04:00,2.0
2011-04-21 21:09:00-04:00,2.0
2011-04-21 21:09:03-04:00,2.0
2011-04-21 21:09:06-04:00,2.0
2011-04-21 21:09:09-04:00,2.0
2011-04-21 21:09:12-04:00,2.0
2011-04-21 21:09:15-04:00,2.0
2011-04-21 21:09:18-04:00,2.0
2011-04-21 21:09:21-04:00,2.0
2011-04-21 21:09:24-04:00,2.0
2011-04-21 21:09:27-04:00,2.0
2011-04-21 21:09:30-04:00,2.0
2011-04-21 21:09:33-04:00,2.0
2011-04-21 21:09:36-04:00,2.0
2011-04-21 21:09:39-04:00,2.0
2011-04-21 21:09:42-04:00,2.0
2011-04-21 21:09:45-04:00,2.0
2011-04-21 21:09:48-04:00,2.0
2011-04-21 21:09:51-04:00,2.0
2011-04-21 21:09:54-04:00,2.0
2011-04-21 21:09:57-04:00,2.0
2011-04-21 21:10:00-04:00,2.0
2011-04-21 21:10:03-04:00,2.0
2011-04-21 21:10:06-04:00,2.0
2011-04-21 21:10:09-04:00,2.0
2011-04-21 21:10:12-04:00,2.0
2011-04-21 21:10:15-04:00,2.0
2011-04-21 21:10:18-04:00,2.0
2011-04-21 21:10:21-04:00,2.0
2011-04-21 21:10:24-04:00,2.0
2011-04-21 21:10:27-04:00,2.0
2011-04-21 21:10:30-04:00,2.0
2011-04-21 21:10:33-04:00,2.0
2011-04-21 21:10:36-04:00,2.0
2011-04-21 21:10:39-04:00,2.0
2011-04-21 21:10:42-04:00,2.0
2011-04-21 21:10:45-04:00,2.0
2011-04-21 21:10:48-04:00,2.0
2011-04-21 21:10:51-04:00,2.0
2011-04-21 21:10:54-04:00,2.0
2011-04-21 21:10:57-04:00,2.0
2011-04-21 21:11:00-04:00,2.0
2011-04-21 21:11:03-04:00,2.0
2011-04-21 21:11:06-04:00,2.0
2011-04-21 21:11:09-04:00,2.0
2011-04-21 21:11:12-04:00,2.0
2011-04-21 21:11:15-04:00,2.0
2011-04-21 21:11:18-04:00,2.0
2011-04-21 21:11:21-04:00,2.0
2011-04-21 21:11:24-04:00,2.0
2011-04-21 21:11:27-04:00,2.0
2011-04-21 21:11:30-04:00,2.0
2011-04-21 21:11:33-04:00,2.0
2011-04-21 21:11:36-04:00,2.0
2011-04-21 21:11:39-04:00,2.0
2011-04-21 21:11:42-04:00,2.0
2011-04-21 21:11:45-04:00,2.0
2011-04-21 21:11:48-04:00,2.0
2011-04-21 21:11:51-04:00,2.0
2011-04-21 21:11:54-04:00,2.0
2011-04-21 21:11:57-04:00,2.0
2011-04-21 21:12:00-04:00,2.0
2011-04-21 21:12:03-04:00,2.0
2011-04-21 21:12:06-04:00,2.0
2011-04-21 21:12:09-04:00,2.0
2011-04-21 21:12:12-04:00,2.0
2011-04-21 21:12:15-04:00,2.0
2011-04-21 21:12:18-04:00,2.0
2011-04-21 21:12:21-04:00,2.0
2011-04-21 21:12:24-04:00,2.0
2011-04-21 21:12:27-04:00,2.0
2011-04-21 21:12:30-04:00,2.0
2011-04-21 21:12:33-04:00,2.0
2011-04-21 21:12:36-04:00,2.0
2011-04-21 21:12:39-04:00,2.0
2011-04-21 21:12:42-04:00,2.0
2011-04-21 21:12:45-04:00,2.0
2011-04-21 21:12:48-04:00,2.0
2011-04-21 21:12:51-04:00,2.0
2011-04-21 21:12:54-04:00,2.0
2011-04-21 21:12:57-04:00,2.0
2011-04-21 21:13:00-04:00,2.0
2011-04-21 21:13:03-04:00,2.0
2011-04-21 21:13:06-04:00,2.0
2011-04-21 21:13:09-04:00,2.0
2011-04-21 21:13:12-04:00,2.0
2011-04-21 21:13:15-04:00,2.0
2011-04-21 21:13:18-04:00,2.0
2011-04-21 21:13:21-04:00,2.0
2011-04-21 21:13:24-04:00,2.0
2011-04-21 21:13:27-04:00,2.0
2011-04-21 21:13:30-04:00,2.0
2011-04-21 21:13:33-04:00,2.0
2011-04-21 21:13:36-04:00,2.0
2011-04-21 21:13:39-04:00,2.0
2011-04-21 21:13:42-04:00,2.0
2011-04-21 21:13:45-04:00,2.0
2011-04-21 21:13:48-04:00,2.0
2011-04-21 21:13:51-04:00,2.0
2011-04-21 21:13:54-04:00,2.0
2011-04-21 21:13:57-04:00,2.0
2011-04-21 21:14:00-04:00,2.0
2011-04-21 21:14:03-04:00,2.0
2011-04-21 21:14:06-04:00,2.0
2011-04-21 21:14:09-04:00,2.0
2011-04-21 21:14:12-04:00,2.0
2011-04-21 21:14:15-04:00,2.0
2011-04-21 21:14:18-04:00,2.0
2011-04-21 21:14:21-04:00,2.0
2011-04-21 21:14:24-04:00,2.0
2011-04-21 21:14:27-04:00,2.0
2011-04-21 21:14:30-04:00,1.6666666666666667
2011-04-21 21:14:33-04:00,1.3333333333333335
2011-04-21 21:14:36-04:00,1.0
2011-04-21 21:14:39-04:00,1.0
2011-04-21 21:14:42-04:00,1.0
2011-04-21 21:14:45-04:00,1.0
2011-04-21 21:14:48-04:00,1.0
2011-04-21 21:14:51-04:00,1.0
2011-04-21 21:14:54-04:00,1.0
2011-04-21 21:14:57-04:00,1.0
2011-04-21 21:15:00-04:00,1.0
2011-04-21 21:15:03-04:00,1.0
2011-04-21 21:15:06-04:00,1.0
2011-04-21 21:15:09-04:00,1.0
2011-04-21 21:15:12-04:00,1.0
2011-04-21 21:15:15-04:00,1.0
2011-04-21 21:15:18-04:00,1.0
2011-04-21 21:15:21-04:00,1.0
2011-04-21 21:15:24-04:00,1.0
2011-04-21 21:15:27-04:00,1.0
2011-04-21 21:15:30-04:00,1.0
2011-04-21 21:15:33-04:00,1.0
2011-04-21 21:15:36-04:00,1.0
2011-04-21 21:15:39-04:00,1.0
2011-04-21 21:15:42-04:00,1.0
2011-04-21 21:15:45-04:00,1.0
2011-04-21 21:15:48-04:00,1.0
2011-04-21 21:15:51-04:00,1.0
2011-04-21 21:15:54-04:00,1.0
2011-04-21 21:15:57-04:00,1.0
2011-04-21 21:16:00-04:00,1.0
2011-04-21 21:16:03-04:00,1.0
2011-04-21 21:16:06-04:00,1.0
2011-04-21 21:16:09-04:00,1.0
2011-04-21 21:16:12-04:00,1.0
2011-04-21 21:16:15-04:00,1.0
2011-04-21 21:16:18-04:00,1.0
2011-04-21 21:16:21-04:00,1.0
2011-04-21 21:16:24-04:00,1.0
2011-04-21 21:16:27-04:00,1.0
2011-04-21 21:16:30-04:00,1.0
2011-04-21 21:16:33-04:00,1.0
2011-04-21 21:16:36-04:00,1.0
2011-04-21 21:16:39-04:00,1.0
2011-04-21 21:16:42-04:00,1.0
2011-04-21 21:16:45-04:00,1.0
2011-04-21 21:16:48-04:00,1.0
2011-04-21 21:16:51-04:00,1.0
2011-04-21 21:16:54-04:00,1.0
2011-04-21 21:16:57-04:00,1.0
2011-04-21 21:17:00-04:00,1.0
2011-04-21 21:17:03-04:00,1.0
2011-04-21 21:17:06-04:00,1.0
2011-04-21 21:17:09-04:00,1.0
2011-04-21 21:17:12-04:00,1.0
2011-04-21 21:17:15-04:00,1.0
2011-04-21 21:17:18-04:00,1.0
2011-04-21 21:17:21-04:00,1.0
2011-04-21 21:17:24-04:00,1.0
2011-04-21 21:17:27-04:00,1.0
2011-04-21 21:17:30-04:00,1.0
2011-04-21 21:17:33-04:00,1.0
2011-04-21 21:17:36-04:00,1.0
2011-04-21 21:17:39-04:00,1.0
2011-04-21 21:17:42-04:00,1.0
2011-04-21 21:17:45-04:00,1.0
2011-04-21 21:17:48-04:00,1.0
2011-04-21 21:17:51-04:00,1.0
2011-04-21 21:17:54-04:00,1.0
2011-04-21 21:17:57-04:00,1.0
2011-04-21 21:18:00-04:00,1.0
2011-04-21 21:18:03-04:00,1.0
2011-04-21 21:18:06-04:00,1.0
2011-04-21 21:18:09-04:00,1.0
2011-04-21 21:18:12-04:00,1.0
2011-04-21 21:18:15-04:00,1.0
2011-04-21 21:18:18-04:00,1.0
2011-04-21 21:18:21-04:00,1.0
2011-04-21 21:18:24-04:00,1.0
2011-04-21 21:18:27-04:00,1.0
2011-04-21 21:18:30-04:00,1.0
2011-04-21 21:18:33-04:00,1.0
2011-04-21 21:18:36-04:00,1.0
2011-04-21 21:18:39-04:00,1.0
2011-04-21 21:18:42-04:00,1.0
2011-04-21 21:18:45-04:00,1.0
2011-04-21 21:18:48-04:00,0.6666666666666667
2011-04-21 21:18:51-04:00,0.0
2011-04-21 21:18:54-04:00,0.0
2011-04-21 21:18:57-04:00,0.0
2011-04-21 21:19:00-04:00,0.0
2011-04-21 21:19:03-04:00,0.0
2011-04-21 21:19:06-04:00,0.0
2011-04-21 21:19:09-04:00,0.0
2011-04-21 21:19:12-04:00,0.0
2011-04-21 21:19:15-04:00,0.0
2011-04-21 21:19:18-04:00,0.0
2011-04-21 21:19:21-04:00,0.0
2011-04-21 21:19:24-04:00,0.0
2011-04-21 21:19:27-04:00,0.0
2011-04-21 21:19:30-04:00,0.0
2011-04-21 21:19:33-04:00,0.0
2011-04-21 21:19:36-04:00,0.0
2011-04-21 21:19:39-04:00,0.0
2011-04-21 21:19:42-04:00,0.0
2011-04-21 21:19:45-04:00,0.0
2011-04-21 21:19:48-04:00,0.0
2011-04-21 21:19:51-04:00,0.0
2011-04-21 21:19:54-04:00,0.0
2011-04-21 21:19:57-04:00,0.0
2011-04-21 21:20:00-04:00,0.0
2011-04-21 21:20:03-04:00,0.0
2011-04-21 21:20:06-04:00,0.0
2011-04-21 21:20:09-04:00,0.0
2011-04-21 21:20:12-04:00,0.0
2011-04-21 21:20:15-04:00,0.0
2011-04-21 21:20:18-04:00,0.0
2011-04-21 21:20:21-04:00,0.0
2011-04-21 21:20:24-04:00,0.0
2011-04-21 21:20:27-04:00,0.0
2011-04-21 21:20:30-04:00,0.0
2011-04-21 21:20:33-04:00,0.0
2011-04-21 21:20:36-04:00,0.0
2011-04-21 21:20:39-04:00,0.0
2011-04-21 21:20:42-04:00,0.0
2011-04-21 21:20:45-04:00,0.0
2011-04-21 21:20:48-04:00,0.0
2011-04-21 21:20:51-04:00,0.0
2011-04-21 21:20:54-04:00,0.0
2011-04-21 21:20:57-04:00,0.0
2011-04-21 21:21:00-04:00,0.0
2011-04-21 21:21:03-04:00,0.0
2011-04-21 21:21:06-04:00,0.0
2011-04-21 21:21:09-04:00,0.0
2011-04-21 21:21:12-04:00,0.0
2011-04-21 21:21:15-04:00,0.0
2011-04-21 21:21:18-04:00,0.0
2011-04-21 21:21:21-04:00,0.0
2011-04-21 21:21:24-04:00,0.0
2011-04-21 21:21:27-04:00,0.0
2011-04-21 21:21:30-04:00,0.0
2011-04-21 21:21:33-04:00,0.0
2011-04-21 21:21:36-04:00,0.0
2011-04-21 21:21:39-04:00,0.0
2011-04-21 21:21:42-04:00,0.0
2011-04-21 21:21:45-04:00,0.0
2011-04-21 21:21:48-04:00,0.0
2011-04-21 21:21:51-04:00,0.0
2011-04-21 21:21:54-04:00,0.0
2011-04-21 21:21:57-04:00,0.0
2011-04-21 21:22:00-04:00,0.0
2011-04-21 21:22:03-04:00,0.0
2011-04-21 21:22:06-04:00,0.0
2011-04-21 21:22:09-04:00,0.0
2011-04-21 21:22:12-04:00,0.0
2011-04-21 21:22:15-04:00,0.0
2011-04-21 21:22:18-04:00,0.0
2011-04-21 21:22:21-04:00,0.0
2011-04-21 21:22:24-04:00,0.0
2011-04-21 21:22:27-04:00,0.0
2011-04-21 21:22:30-04:00,0.0
2011-04-21 21:22:33-04:00,0.0
2011-04-21 21:22:36-04:00,0.0
2011-04-21 21:22:39-04:00,0.0
2011-04-21 21:22:42-04:00,0.0
2011-04-21 21:22:45-04:00,0.0
2011-04-21 21:22:48-04:00,0.0
2011-04-21 21:22:51-04:00,0.0
2011-04-21 21:22:54-04:00,0.0
2011-04-21 21:22:57-04:00,0.0
2011-04-21 21:23:00-04:00,0.0
2011-04-21 21:23:03-04:00,0.0
2011-04-21 21:23:06-04:00,0.0
2011-04-21 21:23:09-04:00,0.0
2011-04-21 21:23:12-04:00,0.0
2011-04-21 21:23:15-04:00,0.0
2011-04-21 21:23:18-04:00,0.0
2011-04-21 21:23:21-04:00,0.0
2011-04-21 21:23:24-04:00,0.0
2011-04-21 21:23:27-04:00,0.0
2011-04-21 21:23:30-04:00,0.0
2011-04-21 21:23:33-04:00,0.0
2011-04-21 21:23:36-04:00,0.0
2011-04-21 21:23:39-04:00,0.0
2011-04-21 21:23:42-04:00,0.0
2011-04-21 21:23:45-04:00,0.0
2011-04-21 21:23:48-04:00,0.0
2011-04-21 21:23:51-04:00,0.0
2011-04-21 21:23:54-04:00,0.0
2011-04-21 21:23:57-04:00,0.0
2011-04-21 21:24:00-04:00,0.0
2011-04-21 21:24:03-04:00,0.0
2011-04-21 21:24:06-04:00,0.0
2011-04-21 21:24:09-04:00,0.0
2011-04-21 21:24:12-04:00,0.0
2011-04-21 21:24:15-04:00,0.0
2011-04-21 21:24:18-04:00,0.0
2011-04-21 21:24:21-04:00,0.0
2011-04-21 21:24:24-04:00,0.0
2011-04-21 21:24:27-04:00,0.0
2011-04-21 21:24:30-04:00,0.0
2011-04-21 21:24:33-04:00,0.0
2011-04-21 21:24:36-04:00,0.0
2011-04-21 21:24:39-04:00,0.0
2011-04-21 21:24:42-04:00,0.0
2011-04-21 21:24:45-04:00,0.0
2011-04-21 21:24:48-04:00,0.0
2011-04-21 21:24:51-04:00,0.0
2011-04-21 21:24:54-04:00,0.0
2011-04-21 21:24:57-04:00,0.0
2011-04-21 21:25:00-04:00,0.0
2011-04-21 21:25:03-04:00,0.0
2011-04-21 21:25:06-04:00,0.0
2011-04-21 21:25:09-04:00,0.0
2011-04-21 21:25:12-04:00,0.0
2011-04-21 21:25:15-04:00,0.0
2011-04-21 21:25:18-04:00,0.0
2011-04-21 21:25:21-04:00,0.0
2011-04-21 21:25:24-04:00,0.0
2011-04-21 21:25:27-04:00,0.0
2011-04-21 21:25:30-04:00,0.0
2011-04-21 21:25:33-04:00,0.0
2011-04-21 21:25:36-04:00,0.0
2011-04-21 21:25:39-04:00,0.0
2011-04-21 21:25:42-04:00,0.0
2011-04-21 21:25:45-04:00,0.0
2011-04-21 21:25:48-04:00,0.0
2011-04-21 21:25:51-04:00,0.0
2011-04-21 21:25:54-04:00,0.0
2011-04-21 21:25:57-04:00,0.0
2011-04-21 21:26:00-04:00,0.0
2011-04-21 21:26:03-04:00,0.0
2011-04-21 21:26:06-04:00,0.0
2011-04-21 21:26:09-04:00,0.0
2011-04-21 21:26:12-04:00,0.0
2011-04-21 21:26:15-04:00,0.0
2011-04-21 21:26:18-04:00,0.0
2011-04-21 21:26:21-04:00,0.0
2011-04-21 21:26:24-04:00,0.0
2011-04-21 21:26:27-04:00,0.0
2011-04-21 21:26:30-04:00,0.0
2011-04-21 21:26:33-04:00,0.0
2011-04-21 21:26:36-04:00,0.0
2011-04-21 21:26:39-04:00,0.0
2011-04-21 21:26:42-04:00,0.0
2011-04-21 21:26:45-04:00,0.0
2011-04-21 21:26:48-04:00,0.0
2011-04-21 21:26:51-04:00,0.0
2011-04-21 21:26:54-04:00,0.0
2011-04-21 21:26:57-04:00,0.0
2011-04-21 21:27:00-04:00,0.0
2011-04-21 21:27:03-04:00,0.0
2011-04-21 21:27:06-04:00,0.0
2011-04-21 21:27:09-04:00,0.0
2011-04-21 21:27:12-04:00,0.0
2011-04-21 21:27:15-04:00,0.0
2011-04-21 21:27:18-04:00,0.0
2011-04-21 21:27:21-04:00,0.0
2011-04-21 21:27:24-04:00,0.0
2011-04-21 21:27:27-04:00,0.0
2011-04-21 21:27:30-04:00,0.0
2011-04-21 21:27:33-04:00,0.0
2011-04-21 21:27:36-04:00,0.0
2011-04-21 21:27:39-04:00,0.0
2011-04-21 21:27:42-04:00,0.0
2011-04-21 21:27:45-04:00,0.0
2011-04-21 21:27:48-04:00,0.0
2011-04-21 21:27:51-04:00,0.0
2011-04-21 21:27:54-04:00,0.0
2011-04-21 21:27:57-04:00,0.0
2011-04-21 21:28:00-04:00,0.0
2011-04-21 21:28:03-04:00,0.0
2011-04-21 21:28:06-04:00,0.0
2011-04-21 21:28:09-04:00,0.0
2011-04-21 21:28:12-04:00,0.0
2011-04-21 21:28:15-04:00,0.0
2011-04-21 21:28:18-04:00,0.0
2011-04-21 21:28:21-04:00,0.0
2011-04-21 21:28:24-04:00,0.0
2011-04-21 21:28:27-04:00,0.0
2011-04-21 21:28:30-04:00,0.0
2011-04-21 21:28:33-04:00,0.0
2011-04-21 21:28:36-04:00,0.0
2011-04-21 21:28:39-04:00,0.0
2011-04-21 21:28:42-04:00,0.0
2011-04-21 21:28:45-04:00,0.0
2011-04-21 21:28:48-04:00,0.0
2011-04-21 21:28:51-04:00,0.0
2011-04-21 21:28:54-04:00,0.0
2011-04-21 21:28:57-04:00,0.0
2011-04-21 21:29:00-04:00,0.0
2011-04-21 21:29:03-04:00,0.0
2011-04-21 21:29:06-04:00,0.0
2011-04-21 21:29:09-04:00,0.0
2011-04-21 21:29:12-04:00,0.0
2011-04-21 21:29:15-04:00,0.0
2011-04-21 21:29:18-04:00,0.0
2011-04-21 21:29:21-04:00,0.0
2011-04-21 21:29:24-04:00,0.0
2011-04-21 21:29:27-04:00,0.0
2011-04-21 21:29:30-04:00,0.0
2011-04-21 21:29:33-04:00,0.0
2011-04-21 21:29:36-04:00,0.0
2011-04-21 21:29:39-04:00,0.0
2011-04-21 21:29:42-04:00,0.0
2011-04-21 21:29:45-04:00,0.0
2011-04-21 21:29:48-04:00,0.0
2011-04-21 21:29:51-04:00,0.0
2011-04-21 21:29:54-04:00,0.0
2011-04-21 21:29:57-04:00,0.0
2011-04-21 21:30:00-04:00,0.0
2011-04-21 21:30:03-04:00,0.0
2011-04-21 21:30:06-04:00,0.0
2011-04-21 21:30:09-04:00,0.0
2011-04-21 21:30:12-04:00,0.0
2011-04-21 21:30:15-04:00,0.0
2011-04-21 21:30:18-04:00,0.0
2011-04-21 21:30:21-04:00,0.0
2011-04-21 21:30:24-04:00,0.0
2011-04-21 21:30:27-04:00,0.0
2011-04-21 21:30:30-04:00,0.0
2011-04-21 21:30:33-04:00,0.0
2011-04-21 21:30:36-04:00,0.0
2011-04-21 21:30:39-04:00,0.0
2011-04-21 21:30:42-04:00,0.0
2011-04-21 21:30:45-04:00,0.0
2011-04-21 21:30:48-04:00,0.0
2011-04-21 21:30:51-04:00,0.0
2011-04-21 21:30:54-04:00,0.0
2011-04-21 21:30:57-04:00,0.0
2011-04-21 21:31:00-04:00,0.0
2011-04-21 21:31:03-04:00,0.0
2011-04-21 21:31:06-04:00,0.0
2011-04-21 21:31:09-04:00,0.0
2011-04-21 21:31:12-04:00,0.0
2011-04-21 21:31:15-04:00,0.0
2011-04-21 21:31:18-04:00,0.0
2011-04-21 21:31:21-04:00,0.0
2011-04-21 21:31:24-04:00,0.0
2011-04-21 21:31:27-04:00,0.0
2011-04-21 21:31:30-04:00,0.0
2011-04-21 21:31:33-04:00,0.0
2011-04-21 21:31:36-04:00,0.0
2011-04-21 21:31:39-04:00,0.0
2011-04-21 21:31:42-04:00,0.0
2011-04-21 21:31:45-04:00,0.0
2011-04-21 21:31:48-04:00,0.0
2011-04-21 21:31:51-04:00,0.0
2011-04-21 21:31:54-04:00,0.0
2011-04-21 21:31:57-04:00,0.0
2011-04-21 21:32:00-04:00,0.0
2011-04-21 21:32:03-04:00,0.0
2011-04-21 21:32:06-04:00,0.0
2011-04-21 21:32:09-04:00,0.0
2011-04-21 21:32:12-04:00,0.0
2011-04-21 21:32:15-04:00,0.0
2011-04-21 21:32:18-04:00,0.0
2011-04-21 21:32:21-04:00,0.0
2011-04-21 21:32:24-04:00,0.0
2011-04-21 21:32:27-04:00,0.0
2011-04-21 21:32:30-04:00,0.0
2011-04-21 21:32:33-04:00,0.0
2011-04-21 21:32:36-04:00,0.0
2011-04-21 21:32:39-04:00,0.0
2011-04-21 21:32:42-04:00,0.0
2011-04-21 21:32:45-04:00,0.0
2011-04-21 21:32:48-04:00,0.0
2011-04-21 21:32:51-04:00,0.3333333333333333
2011-04-21 21:32:54-04:00,0.75
2011-04-21 21:32:57-04:00,0.0
2011-04-21 21:33:00-04:00,1.0
2011-04-21 21:33:03-04:00,0.25
2011-04-21 21:33:06-04:00,0.0
2011-04-21 21:33:09-04:00,0.0
2011-04-21 21:33:12-04:00,0.0
2011-04-21 21:33:15-04:00,0.0
2011-04-21 21:33:18-04:00,0.0
2011-04-21 21:33:21-04:00,0.0
2011-04-21 21:33:24-04:00,0.0
2011-04-21 21:33:27-04:00,0.0
2011-04-21 21:33:30-04:00,0.0
2011-04-21 21:33:33-04:00,0.0
2011-04-21 21:33:36-04:00,0.0
2011-04-21 21:33:39-04:00,0.0
2011-04-21 21:33:42-04:00,0.0
2011-04-21 21:33:45-04:00,0.0
2011-04-21 21:33:48-04:00,0.25
2011-04-21 21:33:51-04:00,1.0
2011-04-21 21:33:54-04:00,0.0
2011-04-21 21:33:57-04:00,0.0
2011-04-21 21:34:00-04:00,0.0
2011-04-21 21:34:03-04:00,0.0
2011-04-21 21:34:06-04:00,0.5
2011-04-21 21:34:09-04:00,0.6666666666666667
2011-04-21 21:34:12-04:00,0.0
2011-04-21 21:34:15-04:00,0.0
2011-04-21 21:34:18-04:00,0.0
2011-04-21 21:34:21-04:00,0.0
2011-04-21 21:34:24-04:00,0.6666666666666666
2011-04-21 21:34:27-04:00,0.7777777777777778
2011-04-21 21:34:30-04:00,0.4444444444444444
2011-04-21 21:34:33-04:00,0.11111111111111116
2011-04-21 21:34:36-04:00,0.0
2011-04-21 21:34:39-04:00,0.0
2011-04-21 21:34:42-04:00,0.0
2011-04-21 21:34:45-04:00,0.25
2011-04-21 21:34:48-04:00,1.0
2011-04-21 21:34:51-04:00,0.0
2011-04-21 21:34:54-04:00,0.0
2011-04-21 21:34:57-04:00,0.0
2011-04-21 21:35:00-04:00,0.0
2011-04-21 21:35:03-04:00,0.0
2011-04-21 21:35:06-04:00,0.0
2011-04-21 21:35:09-04:00,0.0
2011-04-21 21:35:12-04:00,0.0
2011-04-21 21:35:15-04:00,0.0
2011-04-21 21:35:18-04:00,0.0
2011-04-21 21:35:21-04:00,0.0
2011-04-21 21:35:24-04:00,0.5
2011-04-21 21:35:27-04:00,0.875
2011-04-21 21:35:30-04:00,0.5
2011-04-21 21:35:33-04:00,0.125
2011-04-21 21:35:36-04:00,0.5
2011-04-21 21:35:39-04:00,0.6666666666666667
2011-04-21 21:35:42-04:00,0.0
2011-04-21 21:35:45-04:00,0.0
2011-04-21 21:35:48-04:00,0.0
2011-04-21 21:35:51-04:00,0.0
2011-04-21 21:35:54-04:00,0.0
2011-04-21 21:35:57-04:00,0.0
2011-04-21 21:36:00-04:00,0.0
2011-04-21 21:36:03-04:00,0.0
2011-04-21 21:36:06-04:00,0.0
2011-04-21 21:36:09-04:00,0.0
2011-04-21 21:36:12-04:00,0.0
2011-04-21 21:36:15-04:00,0.0
2011-04-21 21:36:18-04:00,0.0
2011-04-21 21:36:21-04:00,0.0
2011-04-21 21:36:24-04:00,0.0
2011-04-21 21:36:27-04:00,0.0
2011-04-21 21:36:30-04:00,0.0
2011-04-21 21:36:33-04:00,0.0
2011-04-21 21:36:36-04:00,0.0
2011-04-21 21:36:39-04:00,0.0
2011-04-21 21:36:42-04:00,0.0
2011-04-21 21:36:45-04:00,0.0
2011-04-21 21:36:48-04:00,0.0
2011-04-21 21:36:51-04:00,0.0
2011-04-21 21:36:54-04:00,0.0
2011-04-21 21:36:57-04:00,0.0
2011-04-21 21:37:00-04:00,0.0
2011-04-21 21:37:03-04:00,0.0
2011-04-21 21:37:06-04:00,0.0
2011-04-21 21:37:09-04:00,0.0
2011-04-21 21:37:12-04:00,0.0
2011-04-21 21:37:15-04:00,0.0
2011-04-21 21:37:18-04:00,0.0
2011-04-21 21:37:21-04:00,0.0
2011-04-21 21:37:24-04:00,0.0
2011-04-21 21:37:27-04:00,0.0
2011-04-21 21:37:30-04:00,0.0
2011-04-21 21:37:33-04:00,0.0
2011-04-21 21:37:36-04:00,0.0
2011-04-21 21:37:39-04:00,0.0
2011-04-21 21:37:42-04:00,0.0
2011-04-21 21:37:45-04:00,0.6666666666666666
2011-04-21 21:37:48-04:00,0.33333333333333337
2011-04-21 21:37:51-04:00,0.0
2011-04-21 21:37:54-04:00,0.0
2011-04-21 21:37:57-04:00,0.0
2011-04-21 21:38:00-04:00,0.0
2011-04-21 21:38:03-04:00,0.0
2011-04-21 21:38:06-04:00,0.0
2011-04-21 21:38:09-04:00,0.0
2011-04-21 21:38:12-04:00,0.0
2011-04-21 21:38:15-04:00,0.0
2011-04-21 21:38:18-04:00,0.0
2011-04-21 21:38:21-04:00,0.0
2011-04-21 21:38:24-04:00,0.0
2011-04-21 21:38:27-04:00,0.0
2011-04-21 21:38:30-04:00,0.0
2011-04-21 21:38:33-04:00,0.0
2011-04-21 21:38:36-04:00,0.0
2011-04-21 21:38:39-04:00,0.0
2011-04-21 21:38:42-04:00,0.0
2011-04-21 21:38:45-04:00,0.0
2011-04-21 21:38:48-04:00,0.0
2011-04-21 21:38:51-04:00,0.0
2011-04-21 21:38:54-04:00,0.0
2011-04-21 21:38:57-04:00,0.0
2011-04-21 21:39:00-04:00,0.0
2011-04-21 21:39:03-04:00,0.0
2011-04-21 21:39:06-04:00,0.0
2011-04-21 21:39:09-04:00,0.0
2011-04-21 21:39:12-04:00,0.0
2011-04-21 21:39:15-04:00,0.0
2011-04-21 21:39:18-04:00,0.0
2011-04-21 21:39:21-04:00,0.0
2011-04-21 21:39:24-04:00,0.0
2011-04-21 21:39:27-04:00,0.0
2011-04-21 21:39:30-04:00,0.0
2011-04-21 21:39:33-04:00,0.0
2011-04-21 21:39:36-04:00,0.0
2011-04-21 21:39:39-04:00,0.0
2011-04-21 21:39:42-04:00,0.0
2011-04-21 21:39:45-04:00,0.0
2011-04-21 21:39:48-04:00,0.0
2011-04-21 21:39:51-04:00,0.0
2011-04-21 21:39:54-04:00,0.0
2011-04-21 21:39:57-04:00,0.0
2011-04-21 21:40:00-04:00,0.0
2011-04-21 21:40:03-04:00,0.0
2011-04-21 21:40:06-04:00,0.0
2011-04-21 21:40:09-04:00,0.0
2011-04-21 21:40:12-04:00,0.0
2011-04-21 21:40:15-04:00,0.0
2011-04-21 21:40:18-04:00,0.0
2011-04-21 21:40:21-04:00,0.0
2011-04-21 21:40:24-04:00,0.0
2011-04-21 21:40:27-04:00,0.0
2011-04-21 21:40:30-04:00,0.0
2011-04-21 21:40:33-04:00,0.0
2011-04-21 21:40:36-04:00,0.0
2011-04-21 21:40:39-04:00,0.0
2011-04-21 21:40:42-04:00,0.0
2011-04-21 21:40:45-04:00,0.0
2011-04-21 21:40:48-04:00,0.0
2011-04-21 21:40:51-04:00,0.0
2011-04-21 21:40:54-04:00,0.0
2011-04-21 21:40:57-04:00,0.0
2011-04-21 21:41:00-04:00,0.0
2011-04-21 21:41:03-04:00,0.0
2011-04-21 21:41:06-04:00,0.0
2011-04-21 21:41:09-04:00,0.0
2011-04-21 21:41:12-04:00,0.0
2011-04-21 21:41:15-04:00,0.0
2011-04-21 21:41:18-04:00,0.0
2011-04-21 21:41:21-04:00,0.0
2011-04-21 21:41:24-04:00,0.0
2011-04-21 21:41:27-04:00,0.0
2011-04-21 21:41:30-04:00,0.0
2011-04-21 21:41:33-04:00,0.0
2011-04-21 21:41:36-04:00,0.0
2011-04-21 21:41:39-04:00,0.0
2011-04-21 21:41:42-04:00,0.0
2011-04-21 21:41:45-04:00,0.0
2011-04-21 21:41:48-04:00,0.0
2011-04-21 21:41:51-04:00,0.0
2011-04-21 21:41:54-04:00,0.0
2011-04-21 21:41:57-04:00,0.0
2011-04-21 21:42:00-04:00,0.0
2011-04-21 21:42:03-04:00,0.0
2011-04-21 21:42:06-04:00,0.0
2011-04-21 21:42:09-04:00,0.0
2011-04-21 21:42:12-04:00,0.0
2011-04-21 21:42:15-04:00,0.0
2011-04-21 21:42:18-04:00,0.0
2011-04-21 21:42:21-04:00,0.0
2011-04-21 21:42:24-04:00,0.0
2011-04-21 21:42:27-04:00,0.0
2011-04-21 21:42:30-04:00,0.0
2011-04-21 21:42:33-04:00,0.0
2011-04-21 21:42:36-04:00,0.0
2011-04-21 21:42:39-04:00,0.0
2011-04-21 21:42:42-04:00,0.0
2011-04-21 21:42:45-04:00,0.0
2011-04-21 21:42:48-04:00,0.0
2011-04-21 21:42:51-04:00,0.0
2011-04-21 21:42:54-04:00,0.0
2011-04-21 21:42:57-04:00,0.0
2011-04-21 21:43:00-04:00,0.0
2011-04-21 21:43:03-04:00,0.0
2011-04-21 21:43:06-04:00,0.0
2011-04-21 21:43:09-04:00,0.0
2011-04-21 21:43:12-04:00,0.0
2011-04-21 21:43:15-04:00,0.0
2011-04-21 21:43:18-04:00,0.0
2011-04-21 21:43:21-04:00,0.0
2011-04-21 21:43:24-04:00,0.0
2011-04-21 21:43:27-04:00,0.0
2011-04-21 21:43:30-04:00,0.0
2011-04-21 21:43:33-04:00,0.0
2011-04-21 21:43:36-04:00,0.0
2011-04-21 21:43:39-04:00,0.0
2011-04-21 21:43:42-04:00,0.0
2011-04-21 21:43:45-04:00,0.0
2011-04-21 21:43:48-04:00,0.0
2011-04-21 21:43:51-04:00,0.0
2011-04-21 21:43:54-04:00,0.0
2011-04-21 21:43:57-04:00,0.0
2011-04-21 21:44:00-04:00,0.0
2011-04-21 21:44:03-04:00,0.0
2011-04-21 21:44:06-04:00,0.0
2011-04-21 21:44:09-04:00,0.0
2011-04-21 21:44:12-04:00,0.0
2011-04-21 21:44:15-04:00,0.0
2011-04-21 21:44:18-04:00,0.0
2011-04-21 21:44:21-04:00,0.0
2011-04-21 21:44:24-04:00,0.0
2011-04-21 21:44:27-04:00,0.0
2011-04-21 21:44:30-04:00,0.0
2011-04-21 21:44:33-04:00,0.0
2011-04-21 21:44:36-04:00,0.0
2011-04-21 21:44:39-04:00,0.0
2011-04-21 21:44:42-04:00,0.0
2011-04-21 21:44:45-04:00,0.0
2011-04-21 21:44:48-04:00,0.0
2011-04-21 21:44:51-04:00,0.0
2011-04-21 21:44:54-04:00,0.0
2011-04-21 21:44:57-04:00,0.0
2011-04-21 21:45:00-04:00,0.0
2011-04-21 21:45:03-04:00,0.0
2011-04-21 21:45:06-04:00,0.0
2011-04-21 21:45:09-04:00,0.0
2011-04-21 21:45:12-04:00,0.0
2011-04-21 21:45:15-04:00,0.0
2011-04-21 21:45:18-04:00,0.0
2011-04-21 21:45:21-04:00,0.0
2011-04-21 21:45:24-04:00,0.0
2011-04-21 21:45:27-04:00,0.0
2011-04-21 21:45:30-04:00,0.0
2011-04-21 21:45:33-04:00,0.0
2011-04-21 21:45:36-04:00,0.0
2011-04-21 21:45:39-04:00,0.0
2011-04-21 21:45:42-04:00,0.0
2011-04-21 21:45:45-04:00,0.0
2011-04-21 21:45:48-04:00,0.0
2011-04-21 21:45:51-04:00,0.0
2011-04-21 21:45:54-04:00,0.0
2011-04-21 21:45:57-04:00,0.0
2011-04-21 21:46:00-04:00,0.0
2011-04-21 21:46:03-04:00,0.0
2011-04-21 21:46:06-04:00,0.0
2011-04-21 21:46:09-04:00,0.0
2011-04-21 21:46:12-04:00,0.0
2011-04-21 21:46:15-04:00,0.0
2011-04-21 21:46:18-04:00,0.0
2011-04-21 21:46:21-04:00,0.0
2011-04-21 21:46:24-04:00,0.0
2011-04-21 21:46:27-04:00,0.0
2011-04-21 21:46:30-04:00,0.0
2011-04-21 21:46:33-04:00,0.0
2011-04-21 21:46:36-04:00,0.0
2011-04-21 21:46:39-04:00,0.0
2011-04-21 21:46:42-04:00,0.0
2011-04-21 21:46:45-04:00,0.0
2011-04-21 21:46:48-04:00,0.0
2011-04-21 21:46:51-04:00,0.0
2011-04-21 21:46:54-04:00,0.0
2011-04-21 21:46:57-04:00,0.0
2011-04-21 21:47:00-04:00,0.0
2011-04-21 21:47:03-04:00,0.0
2011-04-21 21:47:06-04:00,0.0
2011-04-21 21:47:09-04:00,0.0
2011-04-21 21:47:12-04:00,0.0
2011-04-21 21:47:15-04:00,0.0
2011-04-21 21:47:18-04:00,0.0
2011-04-21 21:47:21-04:00,0.0
2011-04-21 21:47:24-04:00,0.0
2011-04-21 21:47:27-04:00,0.0
2011-04-21 21:47:30-04:00,0.0
2011-04-21 21:47:33-04:00,0.0
2011-04-21 21:47:36-04:00,0.0
2011-04-21 21:47:39-04:00,0.0
2011-04-21 21:47:42-04:00,0.0
2011-04-21 21:47:45-04:00,0.0
2011-04-21 21:47:48-04:00,0.0
2011-04-21 21:47:51-04:00,0.0
2011-04-21 21:47:54-04:00,0.0
2011-04-21 21:47:57-04:00,0.0
2011-04-21 21:48:00-04:00,0.0
2011-04-21 21:48:03-04:00,0.0
2011-04-21 21:48:06-04:00,0.0
2011-04-21 21:48:09-04:00,0.0
2011-04-21 21:48:12-04:00,0.0
2011-04-21 21:48:15-04:00,0.0
2011-04-21 21:48:18-04:00,0.0
2011-04-21 21:48:21-04:00,0.0
2011-04-21 21:48:24-04:00,0.0
2011-04-21 21:48:27-04:00,0.0
2011-04-21 21:48:30-04:00,0.0
2011-04-21 21:48:33-04:00,0.0
2011-04-21 21:48:36-04:00,0.0
2011-04-21 21:48:39-04:00,0.0
2011-04-21 21:48:42-04:00,0.0
2011-04-21 21:48:45-04:00,0.0
2011-04-21 21:48:48-04:00,0.0
2011-04-21 21:48:51-04:00,0.0
2011-04-21 21:48:54-04:00,0.0
2011-04-21 21:48:57-04:00,0.0
2011-04-21 21:49:00-04:00,0.0
2011-04-21 21:49:03-04:00,0.0
2011-04-21 21:49:06-04:00,0.0
2011-04-21 21:49:09-04:00,0.0
2011-04-21 21:49:12-04:00,0.0
2011-04-21 21:49:15-04:00,0.0
2011-04-21 21:49:18-04:00,0.0
2011-04-21 21:49:21-04:00,0.0
2011-04-21 21:49:24-04:00,0.0
2011-04-21 21:49:27-04:00,0.0
2011-04-21 21:49:30-04:00,0.0
2011-04-21 21:49:33-04:00,0.0
2011-04-21 21:49:36-04:00,0.0
2011-04-21 21:49:39-04:00,0.0
2011-04-21 21:49:42-04:00,0.0
2011-04-21 21:49:45-04:00,0.0
2011-04-21 21:49:48-04:00,0.0
2011-04-21 21:49:51-04:00,0.0
2011-04-21 21:49:54-04:00,0.0
2011-04-21 21:49:57-04:00,0.0
2011-04-21 21:50:00-04:00,0.0
2011-04-21 21:50:03-04:00,0.0
2011-04-21 21:50:06-04:00,0.0
2011-04-21 21:50:09-04:00,0.0
2011-04-21 21:50:12-04:00,0.0
2011-04-21 21:50:15-04:00,0.0
2011-04-21 21:50:18-04:00,0.0
2011-04-21 21:50:21-04:00,0.0
2011-04-21 21:50:24-04:00,0.0
2011-04-21 21:50:27-04:00,0.0
2011-04-21 21:50:30-04:00,0.0
2011-04-21 21:50:33-04:00,0.0
2011-04-21 21:50:36-04:00,0.0
2011-04-21 21:50:39-04:00,0.0
2011-04-21 21:50:42-04:00,0.0
2011-04-21 21:50:45-04:00,0.0
2011-04-21 21:50:48-04:00,0.0
2011-04-21 21:50:51-04:00,0.0
2011-04-21 21:50:54-04:00,0.0
2011-04-21 21:50:57-04:00,0.0
2011-04-21 21:51:00-04:00,0.0
2011-04-21 21:51:03-04:00,0.0
2011-04-21 21:51:06-04:00,0.0
2011-04-21 21:51:09-04:00,0.0
2011-04-21 21:51:12-04:00,0.0
2011-04-21 21:51:15-04:00,0.0
2011-04-21 21:51:18-04:00,0.0
2011-04-21 21:51:21-04:00,0.0
2011-04-21 21:51:24-04:00,0.0
2011-04-21 21:51:27-04:00,0.0
2011-04-21 21:51:30-04:00,0.0
2011-04-21 21:51:33-04:00,0.0
2011-04-21 21:51:36-04:00,0.0
2011-04-21 21:51:39-04:00,0.0
2011-04-21 21:51:42-04:00,0.0
2011-04-21 21:51:45-04:00,0.0
2011-04-21 21:51:48-04:00,0.0
2011-04-21 21:51:51-04:00,0.0
2011-04-21 21:51:54-04:00,0.0
2011-04-21 21:51:57-04:00,0.0
2011-04-21 21:52:00-04:00,0.0
2011-04-21 21:52:03-04:00,0.0
2011-04-21 21:52:06-04:00,0.0
2011-04-21 21:52:09-04:00,0.0
2011-04-21 21:52:12-04:00,0.0
2011-04-21 21:52:15-04:00,0.0
2011-04-21 21:52:18-04:00,0.0
2011-04-21 21:52:21-04:00,0.0
2011-04-21 21:52:24-04:00,0.0
2011-04-21 21:52:27-04:00,0.0
2011-04-21 21:52:30-04:00,0.0
2011-04-21 21:52:33-04:00,0.0
2011-04-21 21:52:36-04:00,0.0
2011-04-21 21:52:39-04:00,0.0
2011-04-21 21:52:42-04:00,0.0
2011-04-21 21:52:45-04:00,0.0
2011-04-21 21:52:48-04:00,0.0
2011-04-21 21:52:51-04:00,0.0
2011-04-21 21:52:54-04:00,0.0
2011-04-21 21:52:57-04:00,0.0
2011-04-21 21:53:00-04:00,0.0
2011-04-21 21:53:03-04:00,0.0
2011-04-21 21:53:06-04:00,0.0
2011-04-21 21:53:09-04:00,0.0
2011-04-21 21:53:12-04:00,0.0
2011-04-21 21:53:15-04:00,0.0
2011-04-21 21:53:18-04:00,0.0
2011-04-21 21:53:21-04:00,0.0
2011-04-21 21:53:24-04:00,0.0
2011-04-21 21:53:27-04:00,0.0
2011-04-21 21:53:30-04:00,0.0
2011-04-21 21:53:33-04:00,0.0
2011-04-21 21:53:36-04:00,0.0
2011-04-21 21:53:39-04:00,0.0
2011-04-21 21:53:42-04:00,0.0
2011-04-21 21:53:45-04:00,0.0
2011-04-21 21:53:48-04:00,0.0
2011-04-21 21:53:51-04:00,0.0
2011-04-21 21:53:54-04:00,0.0
2011-04-21 21:53:57-04:00,0.0
2011-04-21 21:54:00-04:00,0.0
2011-04-21 21:54:03-04:00,0.0
2011-04-21 21:54:06-04:00,0.0
2011-04-21 21:54:09-04:00,0.0
2011-04-21 21:54:12-04:00,0.0
2011-04-21 21:54:15-04:00,0.0
2011-04-21 21:54:18-04:00,0.0
2011-04-21 21:54:21-04:00,0.0
2011-04-21 21:54:24-04:00,0.0
2011-04-21 21:54:27-04:00,0.0
2011-04-21 21:54:30-04:00,0.0
2011-04-21 21:54:33-04:00,0.0
2011-04-21 21:54:36-04:00,0.0
2011-04-21 21:54:39-04:00,0.0
2011-04-21 21:54:42-04:00,0.0
2011-04-21 21:54:45-04:00,0.0
2011-04-21 21:54:48-04:00,0.0
2011-04-21 21:54:51-04:00,0.0
2011-04-21 21:54:54-04:00,0.0
2011-04-21 21:54:57-04:00,0.0
2011-04-21 21:55:00-04:00,0.0
2011-04-21 21:55:03-04:00,0.0
2011-04-21 21:55:06-04:00,0.0
2011-04-21 21:55:09-04:00,0.0
2011-04-21 21:55:12-04:00,0.0
2011-04-21 21:55:15-04:00,0.0
2011-04-21 21:55:18-04:00,0.0
2011-04-21 21:55:21-04:00,0.0
2011-04-21 21:55:24-04:00,0.0
2011-04-21 21:55:27-04:00,0.0
2011-04-21 21:55:30-04:00,0.0
2011-04-21 21:55:33-04:00,0.0
2011-04-21 21:55:36-04:00,0.0
2011-04-21 21:55:39-04:00,0.0
2011-04-21 21:55:42-04:00,0.0
2011-04-21 21:55:45-04:00,0.0
2011-04-21 21:55:48-04:00,0.0
2011-04-21 21:55:51-04:00,0.0
2011-04-21 21:55:54-04:00,0.0
2011-04-21 21:55:57-04:00,0.0
2011-04-21 21:56:00-04:00,0.0
2011-04-21 21:56:03-04:00,0.0
2011-04-21 21:56:06-04:00,0.0
2011-04-21 21:56:09-04:00,0.0
2011-04-21 21:56:12-04:00,0.0
2011-04-21 21:56:15-04:00,0.0
2011-04-21 21:56:18-04:00,0.0
2011-04-21 21:56:21-04:00,0.0
2011-04-21 21:56:24-04:00,0.0
2011-04-21 21:56:27-04:00,0.0
2011-04-21 21:56:30-04:00,0.0
2011-04-21 21:56:33-04:00,0.0
2011-04-21 21:56:36-04:00,0.0
2011-04-21 21:56:39-04:00,0.0
2011-04-21 21:56:42-04:00,0.0
2011-04-21 21:56:45-04:00,0.0
2011-04-21 21:56:48-04:00,0.0
2011-04-21 21:56:51-04:00,0.0
2011-04-21 21:56:54-04:00,0.0
2011-04-21 21:56:57-04:00,0.0
2011-04-21 21:57:00-04:00,0.0
2011-04-21 21:57:03-04:00,0.0
2011-04-21 21:57:06-04:00,0.0
2011-04-21 21:57:09-04:00,0.0
2011-04-21 21:57:12-04:00,0.0
2011-04-21 21:57:15-04:00,0.0
2011-04-21 21:57:18-04:00,0.0
2011-04-21 21:57:21-04:00,0.0
2011-04-21 21:57:24-04:00,0.0
2011-04-21 21:57:27-04:00,0.0
2011-04-21 21:57:30-04:00,0.0
2011-04-21 21:57:33-04:00,0.0
2011-04-21 21:57:36-04:00,0.0
2011-04-21 21:57:39-04:00,0.0
2011-04-21 21:57:42-04:00,0.0
2011-04-21 21:57:45-04:00,0.0
2011-04-21 21:57:48-04:00,0.0
2011-04-21 21:57:51-04:00,0.0
2011-04-21 21:57:54-04:00,0.0
2011-04-21 21:57:57-04:00,0.0
2011-04-21 21:58:00-04:00,0.0
2011-04-21 21:58:03-04:00,0.0
2011-04-21 21:58:06-04:00,0.0
2011-04-21 21:58:09-04:00,0.0
2011-04-21 21:58:12-04:00,0.0
2011-04-21 21:58:15-04:00,0.0
2011-04-21 21:58:18-04:00,0.0
2011-04-21 21:58:21-04:00,0.0
2011-04-21 21:58:24-04:00,0.0
2011-04-21 21:58:27-04:00,0.0
2011-04-21 21:58:30-04:00,0.0
2011-04-21 21:58:33-04:00,0.0
2011-04-21 21:58:36-04:00,0.0
2011-04-21 21:58:39-04:00,0.0
2011-04-21 21:58:42-04:00,0.0
2011-04-21 21:58:45-04:00,0.0
2011-04-21 21:58:48-04:00,0.0
2011-04-21 21:58:51-04:00,0.0
2011-04-21 21:58:54-04:00,0.0
2011-04-21 21:58:57-04:00,0.0
2011-04-21 21:59:00-04:00,0.0
2011-04-21 21:59:03-04:00,0.0
2011-04-21 21:59:06-04:00,0.0
2011-04-21 21:59:09-04:00,0.0
2011-04-21 21:59:12-04:00,0.0
2011-04-21 21:59:15-04:00,0.0
2011-04-21 21:59:18-04:00,0.0
2011-04-21 21:59:21-04:00,0.0
2011-04-21 21:59:24-04:00,0.0
2011-04-21 21:59:27-04:00,0.0
2011-04-21 21:59:30-04:00,0.0
2011-04-21 21:59:33-04:00,0.0
2011-04-21 21:59:36-04:00,0.0
2011-04-21 21:59:39-04:00,0.0
2011-04-21 21:59:42-04:00,0.0
2011-04-21 21:59:45-04:00,0.0
2011-04-21 21:59:48-04:00,0.0
2011-04-21 21:59:51-04:00,0.0
2011-04-21 21:59:54-04:00,0.0
2011-04-21 21:59:57-04:00,0.0
2011-04-21 22:00:00-04:00,0.0
2011-04-21 22:00:03-04:00,0.0
2011-04-21 22:00:06-04:00,0.0
2011-04-21 22:00:09-04:00,0.0
2011-04-21 22:00:12-04:00,0.0
2011-04-21 22:00:15-04:00,0.0
2011-04-21 22:00:18-04:00,0.0
2011-04-21 22:00:21-04:00,0.0
2011-04-21 22:00:24-04:00,0.0
2011-04-21 22:00:27-04:00,0.0
2011-04-21 22:00:30-04:00,0.0
2011-04-21 22:00:33-04:00,0.0
2011-04-21 22:00:36-04:00,0.0
2011-04-21 22:00:39-04:00,0.0
2011-04-21 22:00:42-04:00,0.0
2011-04-21 22:00:45-04:00,0.0
2011-04-21 22:00:48-04:00,0.0
2011-04-21 22:00:51-04:00,0.0
2011-04-21 22:00:54-04:00,0.0
2011-04-21 22:00:57-04:00,0.0
2011-04-21 22:01:00-04:00,0.0
2011-04-21 22:01:03-04:00,0.0
2011-04-21 22:01:06-04:00,0.0
2011-04-21 22:01:09-04:00,0.0
2011-04-21 22:01:12-04:00,0.0
2011-04-21 22:01:15-04:00,0.0
2011-04-21 22:01:18-04:00,0.0
2011-04-21 22:01:21-04:00,0.0
2011-04-21 22:01:24-04:00,0.0
2011-04-21 22:01:27-04:00,0.0
2011-04-21 22:01:30-04:00,0.0
2011-04-21 22:01:33-04:00,0.0
2011-04-21 22:01:36-04:00,0.0
2011-04-21 22:01:39-04:00,0.0
2011-04-21 22:01:42-04:00,0.0
2011-04-21 22:01:45-04:00,0.0
2011-04-21 22:01:48-04:00,0.0
2011-04-21 22:01:51-04:00,0.0
2011-04-21 22:01:54-04:00,0.0
2011-04-21 22:01:57-04:00,0.0
2011-04-21 22:02:00-04:00,0.0
2011-04-21 22:02:03-04:00,0.0
2011-04-21 22:02:06-04:00,0.0
2011-04-21 22:02:09-04:00,0.0
2011-04-21 22:02:12-04:00,0.0
2011-04-21 22:02:15-04:00,0.0
2011-04-21 22:02:18-04:00,0.0
2011-04-21 22:02:21-04:00,0.0
2011-04-21 22:02:24-04:00,0.0
2011-04-21 22:02:27-04:00,0.0
2011-04-21 22:02:30-04:00,0.0
2011-04-21 22:02:33-04:00,0.0
2011-04-21 22:02:36-04:00,0.0
2011-04-21 22:02:39-04:00,0.0
2011-04-21 22:02:42-04:00,0.0
2011-04-21 22:02:45-04:00,0.0
2011-04-21 22:02:48-04:00,0.0
2011-04-21 22:02:51-04:00,0.0
2011-04-21 22:02:54-04:00,0.0
2011-04-21 22:02:57-04:00,0.0
2011-04-21 22:03:00-04:00,0.0
2011-04-21 22:03:03-04:00,0.0
2011-04-21 22:03:06-04:00,0.0
2011-04-21 22:03:09-04:00,0.0
2011-04-21 22:03:12-04:00,0.0
2011-04-21 22:03:15-04:00,0.0
2011-04-21 22:03:18-04:00,0.0
2011-04-21 22:03:21-04:00,0.0
2011-04-21 22:03:24-04:00,0.0
2011-04-21 22:03:27-04:00,0.0
2011-04-21 22:03:30-04:00,0.0
2011-04-21 22:03:33-04:00,0.0
2011-04-21 22:03:36-04:00,0.0
2011-04-21 22:03:39-04:00,0.0
2011-04-21 22:03:42-04:00,0.0
2011-04-21 22:03:45-04:00,0.0
2011-04-21 22:03:48-04:00,0.0
2011-04-21 22:03:51-04:00,0.0
2011-04-21 22:03:54-04:00,0.0
2011-04-21 22:03:57-04:00,0.0
2011-04-21 22:04:00-04:00,0.0
2011-04-21 22:04:03-04:00,0.0
2011-04-21 22:04:06-04:00,0.0
2011-04-21 22:04:09-04:00,0.0
2011-04-21 22:04:12-04:00,0.0
2011-04-21 22:04:15-04:00,0.0
2011-04-21 22:04:18-04:00,0.0
2011-04-21 22:04:21-04:00,0.0
2011-04-21 22:04:24-04:00,0.0
2011-04-21 22:04:27-04:00,0.0
2011-04-21 22:04:30-04:00,0.0
2011-04-21 22:04:33-04:00,0.0
2011-04-21 22:04:36-04:00,0.0
2011-04-21 22:04:39-04:00,0.0
2011-04-21 22:04:42-04:00,0.0
2011-04-21 22:04:45-04:00,0.0
2011-04-21 22:04:48-04:00,0.0
2011-04-21 22:04:51-04:00,0.0
2011-04-21 22:04:54-04:00,0.0
2011-04-21 22:04:57-04:00,0.0
2011-04-21 22:05:00-04:00,0.0
2011-04-21 22:05:03-04:00,0.0
2011-04-21 22:05:06-04:00,0.0
2011-04-21 22:05:09-04:00,0.0
2011-04-21 22:05:12-04:00,0.0
2011-04-21 22:05:15-04:00,0.0
2011-04-21 22:05:18-04:00,0.0
2011-04-21 22:05:21-04:00,0.0
2011-04-21 22:05:24-04:00,0.0
2011-04-21 22:05:27-04:00,0.0
2011-04-21 22:05:30-04:00,0.0
2011-04-21 22:05:33-04:00,0.0
2011-04-21 22:05:36-04:00,0.0
2011-04-21 22:05:39-04:00,0.0
2011-04-21 22:05:42-04:00,0.0
2011-04-21 22:05:45-04:00,0.0
2011-04-21 22:05:48-04:00,0.0
2011-04-21 22:05:51-04:00,0.0
2011-04-21 22:05:54-04:00,0.0
2011-04-21 22:05:57-04:00,0.0
2011-04-21 22:06:00-04:00,0.0
2011-04-21 22:06:03-04:00,0.0
2011-04-21 22:06:06-04:00,0.0
2011-04-21 22:06:09-04:00,0.0
2011-04-21 22:06:12-04:00,0.0
2011-04-21 22:06:15-04:00,0.0
2011-04-21 22:06:18-04:00,0.0
2011-04-21 22:06:21-04:00,0.0
2011-04-21 22:06:24-04:00,0.0
2011-04-21 22:06:27-04:00,0.0
2011-04-21 22:06:30-04:00,0.0
2011-04-21 22:06:33-04:00,0.0
2011-04-21 22:06:36-04:00,0.0
2011-04-21 22:06:39-04:00,0.0
2011-04-21 22:06:42-04:00,0.0
2011-04-21 22:06:45-04:00,0.0
2011-04-21 22:06:48-04:00,0.0
2011-04-21 22:06:51-04:00,0.0
2011-04-21 22:06:54-04:00,0.0
2011-04-21 22:06:57-04:00,0.0
2011-04-21 22:07:00-04:00,0.0
2011-04-21 22:07:03-04:00,0.0
2011-04-21 22:07:06-04:00,0.0
2011-04-21 22:07:09-04:00,0.0
2011-04-21 22:07:12-04:00,0.0
2011-04-21 22:07:15-04:00,0.0
2011-04-21 22:07:18-04:00,0.0
2011-04-21 22:07:21-04:00,0.0
2011-04-21 22:07:24-04:00,0.0
2011-04-21 22:07:27-04:00,0.0
2011-04-21 22:07:30-04:00,0.0
2011-04-21 22:07:33-04:00,0.0
2011-04-21 22:07:36-04:00,0.0
2011-04-21 22:07:39-04:00,0.0
2011-04-21 22:07:42-04:00,0.0
2011-04-21 22:07:45-04:00,0.0
2011-04-21 22:07:48-04:00,0.0
2011-04-21 22:07:51-04:00,0.0
2011-04-21 22:07:54-04:00,0.0
2011-04-21 22:07:57-04:00,0.0
2011-04-21 22:08:00-04:00,0.0
2011-04-21 22:08:03-04:00,0.0
2011-04-21 22:08:06-04:00,0.0
2011-04-21 22:08:09-04:00,0.0
2011-04-21 22:08:12-04:00,0.0
2011-04-21 22:08:15-04:00,0.0
2011-04-21 22:08:18-04:00,0.0
2011-04-21 22:08:21-04:00,0.0
2011-04-21 22:08:24-04:00,0.0
2011-04-21 22:08:27-04:00,0.0
2011-04-21 22:08:30-04:00,0.0
2011-04-21 22:08:33-04:00,0.0
2011-04-21 22:08:36-04:00,0.0
2011-04-21 22:08:39-04:00,0.0
2011-04-21 22:08:42-04:00,0.0
2011-04-21 22:08:45-04:00,0.0
2011-04-21 22:08:48-04:00,0.0
2011-04-21 22:08:51-04:00,0.0
2011-04-21 22:08:54-04:00,0.0
2011-04-21 22:08:57-04:00,0.0
2011-04-21 22:09:00-04:00,0.0
2011-04-21 22:09:03-04:00,0.0
2011-04-21 22:09:06-04:00,0.0
2011-04-21 22:09:09-04:00,0.0
2011-04-21 22:09:12-04:00,0.0
2011-04-21 22:09:15-04:00,0.0
2011-04-21 22:09:18-04:00,0.0
2011-04-21 22:09:21-04:00,0.0
2011-04-21 22:09:24-04:00,0.0
2011-04-21 22:09:27-04:00,0.0
2011-04-21 22:09:30-04:00,0.0
2011-04-21 22:09:33-04:00,0.0
2011-04-21 22:09:36-04:00,0.0
2011-04-21 22:09:39-04:00,0.0
2011-04-21 22:09:42-04:00,0.0
2011-04-21 22:09:45-04:00,0.0
2011-04-21 22:09:48-04:00,0.0
2011-04-21 22:09:51-04:00,0.0
2011-04-21 22:09:54-04:00,0.0
2011-04-21 22:09:57-04:00,0.0
2011-04-21 22:10:00-04:00,0.0
2011-04-21 22:10:03-04:00,0.0
2011-04-21 22:10:06-04:00,0.0
2011-04-21 22:10:09-04:00,0.0
2011-04-21 22:10:12-04:00,0.0
2011-04-21 22:10:15-04:00,0.0
2011-04-21 22:10:18-04:00,0.0
2011-04-21 22:10:21-04:00,0.0
2011-04-21 22:10:24-04:00,0.0
2011-04-21 22:10:27-04:00,0.0
2011-04-21 22:10:30-04:00,0.0
2011-04-21 22:10:33-04:00,0.0
2011-04-21 22:10:36-04:00,0.0
2011-04-21 22:10:39-04:00,0.0
2011-04-21 22:10:42-04:00,0.0
2011-04-21 22:10:45-04:00,0.0
2011-04-21 22:10:48-04:00,0.0
2011-04-21 22:10:51-04:00,0.0
2011-04-21 22:10:54-04:00,0.0
2011-04-21 22:10:57-04:00,0.0
2011-04-21 22:11:00-04:00,0.0
2011-04-21 22:11:03-04:00,0.0
2011-04-21 22:11:06-04:00,0.0
2011-04-21 22:11:09-04:00,0.0
2011-04-21 22:11:12-04:00,0.0
2011-04-21 22:11:15-04:00,0.0
2011-04-21 22:11:18-04:00,0.0
2011-04-21 22:11:21-04:00,0.0
2011-04-21 22:11:24-04:00,0.0
2011-04-21 22:11:27-04:00,0.0
2011-04-21 22:11:30-04:00,0.0
2011-04-21 22:11:33-04:00,0.0
2011-04-21 22:11:36-04:00,0.0
2011-04-21 22:11:39-04:00,0.0
2011-04-21 22:11:42-04:00,0.0
2011-04-21 22:11:45-04:00,0.0
2011-04-21 22:11:48-04:00,0.0
2011-04-21 22:11:51-04:00,0.0
2011-04-21 22:11:54-04:00,0.0
2011-04-21 22:11:57-04:00,0.0
2011-04-21 22:12:00-04:00,0.0
2011-04-21 22:12:03-04:00,0.0
2011-04-21 22:12:06-04:00,0.0
2011-04-21 22:12:09-04:00,0.0
2011-04-21 22:12:12-04:00,0.0
2011-04-21 22:12:15-04:00,0.0
2011-04-21 22:12:18-04:00,0.0
2011-04-21 22:12:21-04:00,0.0
2011-04-21 22:12:24-04:00,0.0
2011-04-21 22:12:27-04:00,0.0
2011-04-21 22:12:30-04:00,0.0
2011-04-21 22:12:33-04:00,0.0
2011-04-21 22:12:36-04:00,0.0
2011-04-21 22:12:39-04:00,0.0
2011-04-21 22:12:42-04:00,0.0
2011-04-21 22:12:45-04:00,0.0
2011-04-21 22:12:48-04:00,0.0
2011-04-21 22:12:51-04:00,0.0
2011-04-21 22:12:54-04:00,0.0
2011-04-21 22:12:57-04:00,0.0
2011-04-21 22:13:00-04:00,0.0
2011-04-21 22:13:03-04:00,0.0
2011-04-21 22:13:06-04:00,0.0
2011-04-21 22:13:09-04:00,0.0
2011-04-21 22:13:12-04:00,0.0
2011-04-21 22:13:15-04:00,0.0
2011-04-21 22:13:18-04:00,0.0
2011-04-21 22:13:21-04:00,0.0
2011-04-21 22:13:24-04:00,0.0
2011-04-21 22:13:27-04:00,0.0
2011-04-21 22:13:30-04:00,0.0
2011-04-21 22:13:33-04:00,0.0
2011-04-21 22:13:36-04:00,0.0
2011-04-21 22:13:39-04:00,0.0
2011-04-21 22:13:42-04:00,0.0
2011-04-21 22:13:45-04:00,0.0
2011-04-21 22:13:48-04:00,0.0
2011-04-21 22:13:51-04:00,0.0
2011-04-21 22:13:54-04:00,0.0
2011-04-21 22:13:57-04:00,0.0
2011-04-21 22:14:00-04:00,0.0
2011-04-21 22:14:03-04:00,0.0
2011-04-21 22:14:06-04:00,0.0
2011-04-21 22:14:09-04:00,0.0
2011-04-21 22:14:12-04:00,0.0
2011-04-21 22:14:15-04:00,0.0
2011-04-21 22:14:18-04:00,0.0
2011-04-21 22:14:21-04:00,0.0
2011-04-21 22:14:24-04:00,0.0
2011-04-21 22:14:27-04:00,0.0
2011-04-21 22:14:30-04:00,0.0
2011-04-21 22:14:33-04:00,0.0
2011-04-21 22:14:36-04:00,0.0
2011-04-21 22:14:39-04:00,0.0
2011-04-21 22:14:42-04:00,0.0
2011-04-21 22:14:45-04:00,0.0
2011-04-21 22:14:48-04:00,0.0
2011-04-21 22:14:51-04:00,0.0
2011-04-21 22:14:54-04:00,0.0
2011-04-21 22:14:57-04:00,0.0
2011-04-21 22:15:00-04:00,0.0
2011-04-21 22:15:03-04:00,0.0
2011-04-21 22:15:06-04:00,0.0
2011-04-21 22:15:09-04:00,0.0
2011-04-21 22:15:12-04:00,0.0
2011-04-21 22:15:15-04:00,0.0
2011-04-21 22:15:18-04:00,0.0
2011-04-21 22:15:21-04:00,0.0
2011-04-21 22:15:24-04:00,0.0
2011-04-21 22:15:27-04:00,0.0
2011-04-21 22:15:30-04:00,0.0
2011-04-21 22:15:33-04:00,0.0
2011-04-21 22:15:36-04:00,0.0
2011-04-21 22:15:39-04:00,0.0
2011-04-21 22:15:42-04:00,0.0
2011-04-21 22:15:45-04:00,0.0
2011-04-21 22:15:48-04:00,0.0
2011-04-21 22:15:51-04:00,0.0
2011-04-21 22:15:54-04:00,0.0
2011-04-21 22:15:57-04:00,0.0
2011-04-21 22:16:00-04:00,0.0
2011-04-21 22:16:03-04:00,0.0
2011-04-21 22:16:06-04:00,0.0
2011-04-21 22:16:09-04:00,0.0
2011-04-21 22:16:12-04:00,0.0
2011-04-21 22:16:15-04:00,0.0
2011-04-21 22:16:18-04:00,0.0
2011-04-21 22:16:21-04:00,0.0
2011-04-21 22:16:24-04:00,0.0
2011-04-21 22:16:27-04:00,0.0
2011-04-21 22:16:30-04:00,0.0
2011-04-21 22:16:33-04:00,0.0
2011-04-21 22:16:36-04:00,0.0
2011-04-21 22:16:39-04:00,0.0
2011-04-21 22:16:42-04:00,0.0
2011-04-21 22:16:45-04:00,0.0
2011-04-21 22:16:48-04:00,0.0
2011-04-21 22:16:51-04:00,0.0
2011-04-21 22:16:54-04:00,0.0
2011-04-21 22:16:57-04:00,0.0
2011-04-21 22:17:00-04:00,0.0
2011-04-21 22:17:03-04:00,0.0
2011-04-21 22:17:06-04:00,0.0
2011-04-21 22:17:09-04:00,0.0
2011-04-21 22:17:12-04:00,0.0
2011-04-21 22:17:15-04:00,0.0
2011-04-21 22:17:18-04:00,0.0
2011-04-21 22:17:21-04:00,0.0
2011-04-21 22:17:24-04:00,0.0
2011-04-21 22:17:27-04:00,0.0
2011-04-21 22:17:30-04:00,0.0
2011-04-21 22:17:33-04:00,0.0
2011-04-21 22:17:36-04:00,0.0
2011-04-21 22:17:39-04:00,0.0
2011-04-21 22:17:42-04:00,0.0
2011-04-21 22:17:45-04:00,0.0
2011-04-21 22:17:48-04:00,0.0
2011-04-21 22:17:51-04:00,0.0
2011-04-21 22:17:54-04:00,0.0
2011-04-21 22:17:57-04:00,0.0
2011-04-21 22:18:00-04:00,0.0
2011-04-21 22:18:03-04:00,0.0
2011-04-21 22:18:06-04:00,0.0
2011-04-21 22:18:09-04:00,0.0
2011-04-21 22:18:12-04:00,0.0
2011-04-21 22:18:15-04:00,0.0
2011-04-21 22:18:18-04:00,0.0
2011-04-21 22:18:21-04:00,0.0
2011-04-21 22:18:24-04:00,0.0
2011-04-21 22:18:27-04:00,0.0
2011-04-21 22:18:30-04:00,0.0
2011-04-21 22:18:33-04:00,0.0
2011-04-21 22:18:36-04:00,0.0
2011-04-21 22:18:39-04:00,0.0
2011-04-21 22:18:42-04:00,0.0
2011-04-21 22:18:45-04:00,0.0
2011-04-21 22:18:48-04:00,0.0
2011-04-21 22:18:51-04:00,0.0
2011-04-21 22:18:54-04:00,0.0
2011-04-21 22:18:57-04:00,0.0
2011-04-21 22:19:00-04:00,0.0
2011-04-21 22:19:03-04:00,0.0
2011-04-21 22:19:06-04:00,0.0
2011-04-21 22:19:09-04:00,0.0
2011-04-21 22:19:12-04:00,0.0
2011-04-21 22:19:15-04:00,0.0
2011-04-21 22:19:18-04:00,0.0
2011-04-21 22:19:21-04:00,0.0
2011-04-21 22:19:24-04:00,0.0
2011-04-21 22:19:27-04:00,0.0
2011-04-21 22:19:30-04:00,0.0
2011-04-21 22:19:33-04:00,0.0
2011-04-21 22:19:36-04:00,0.0
2011-04-21 22:19:39-04:00,0.0
2011-04-21 22:19:42-04:00,0.0
2011-04-21 22:19:45-04:00,0.0
2011-04-21 22:19:48-04:00,0.0
2011-04-21 22:19:51-04:00,0.0
2011-04-21 22:19:54-04:00,0.0
2011-04-21 22:19:57-04:00,0.0
2011-04-21 22:20:00-04:00,0.0
2011-04-21 22:20:03-04:00,0.0
2011-04-21 22:20:06-04:00,0.0
2011-04-21 22:20:09-04:00,0.0
2011-04-21 22:20:12-04:00,0.0
2011-04-21 22:20:15-04:00,0.0
2011-04-21 22:20:18-04:00,0.0
2011-04-21 22:20:21-04:00,0.0
2011-04-21 22:20:24-04:00,0.0
2011-04-21 22:20:27-04:00,0.0
2011-04-21 22:20:30-04:00,0.0
2011-04-21 22:20:33-04:00,0.0
2011-04-21 22:20:36-04:00,0.0
2011-04-21 22:20:39-04:00,0.0
2011-04-21 22:20:42-04:00,0.0
2011-04-21 22:20:45-04:00,0.0
2011-04-21 22:20:48-04:00,0.0
2011-04-21 22:20:51-04:00,0.0
2011-04-21 22:20:54-04:00,0.0
2011-04-21 22:20:57-04:00,0.0
2011-04-21 22:21:00-04:00,0.0
2011-04-21 22:21:03-04:00,0.0
2011-04-21 22:21:06-04:00,0.0
2011-04-21 22:21:09-04:00,0.0
2011-04-21 22:21:12-04:00,0.0
2011-04-21 22:21:15-04:00,0.0
2011-04-21 22:21:18-04:00,0.5
2011-04-21 22:21:21-04:00,0.6666666666666667
2011-04-21 22:21:24-04:00,0.0
2011-04-21 22:21:27-04:00,0.0
2011-04-21 22:21:30-04:00,0.0
2011-04-21 22:21:33-04:00,0.0
2011-04-21 22:21:36-04:00,0.0
2011-04-21 22:21:39-04:00,0.0
2011-04-21 22:21:42-04:00,0.0
2011-04-21 22:21:45-04:00,0.0
2011-04-21 22:21:48-04:00,0.0
2011-04-21 22:21:51-04:00,0.0
2011-04-21 22:21:54-04:00,0.0
2011-04-21 22:21:57-04:00,0.0
2011-04-21 22:22:00-04:00,0.0
2011-04-21 22:22:03-04:00,0.0
2011-04-21 22:22:06-04:00,0.0
2011-04-21 22:22:09-04:00,0.0
2011-04-21 22:22:12-04:00,0.0
2011-04-21 22:22:15-04:00,0.0
2011-04-21 22:22:18-04:00,0.0
2011-04-21 22:22:21-04:00,0.0
2011-04-21 22:22:24-04:00,0.0
2011-04-21 22:22:27-04:00,0.0
2011-04-21 22:22:30-04:00,0.0
2011-04-21 22:22:33-04:00,0.0
2011-04-21 22:22:36-04:00,0.0
2011-04-21 22:22:39-04:00,0.0
2011-04-21 22:22:42-04:00,0.0
2011-04-21 22:22:45-04:00,0.0
2011-04-21 22:22:48-04:00,0.0
2011-04-21 22:22:51-04:00,0.0
2011-04-21 22:22:54-04:00,0.0
2011-04-21 22:22:57-04:00,0.0
2011-04-21 22:23:00-04:00,1.0
2011-04-21 22:23:03-04:00,1.0
2011-04-21 22:23:06-04:00,0.5
2011-04-21 22:23:09-04:00,0.0
2011-04-21 22:23:12-04:00,0.0
2011-04-21 22:23:15-04:00,0.0
2011-04-21 22:23:18-04:00,0.0
2011-04-21 22:23:21-04:00,0.0
2011-04-21 22:23:24-04:00,0.0
2011-04-21 22:23:27-04:00,0.0
2011-04-21 22:23:30-04:00,0.0
2011-04-21 22:23:33-04:00,0.0
2011-04-21 22:23:36-04:00,0.25
2011-04-21 22:23:39-04:00,1.0
2011-04-21 22:23:42-04:00,0.0
2011-04-21 22:23:45-04:00,0.0
2011-04-21 22:23:48-04:00,0.0
2011-04-21 22:23:51-04:00,0.0
2011-04-21 22:23:54-04:00,0.0
2011-04-21 22:23:57-04:00,0.0
2011-04-21 22:24:00-04:00,0.0
2011-04-21 22:24:03-04:00,0.0
2011-04-21 22:24:06-04:00,0.0
2011-04-21 22:24:09-04:00,0.0
2011-04-21 22:24:12-04:00,0.0
2011-04-21 22:24:15-04:00,0.0
2011-04-21 22:24:18-04:00,0.0
2011-04-21 22:24:21-04:00,0.0
2011-04-21 22:24:24-04:00,0.0
2011-04-21 22:24:27-04:00,0.0
2011-04-21 22:24:30-04:00,0.0
2011-04-21 22:24:33-04:00,0.0
2011-04-21 22:24:36-04:00,0.0
2011-04-21 22:24:39-04:00,0.0
2011-04-21 22:24:42-04:00,0.0
2011-04-21 22:24:45-04:00,0.0
2011-04-21 22:24:48-04:00,0.0
2011-04-21 22:24:51-04:00,0.0
2011-04-21 22:24:54-04:00,0.0
2011-04-21 22:24:57-04:00,0.0
2011-04-21 22:25:00-04:00,0.25
2011-04-21 22:25:03-04:00,1.0
2011-04-21 22:25:06-04:00,0.25
2011-04-21 22:25:09-04:00,0.0
2011-04-21 22:25:12-04:00,0.5
2011-04-21 22:25:15-04:00,0.75
2011-04-21 22:25:18-04:00,0.0
2011-04-21 22:25:21-04:00,0.0
2011-04-21 22:25:24-04:00,0.0
2011-04-21 22:25:27-04:00,0.2222222222222222
2011-04-21 22:25:30-04:00,0.5555555555555556
2011-04-21 22:25:33-04:00,0.8888888888888888
2011-04-21 22:25:36-04:00,0.5
2011-04-21 22:25:39-04:00,0.3333333333333333
2011-04-21 22:25:42-04:00,0.6666666666666667
2011-04-21 22:25:45-04:00,0.25
2011-04-21 22:25:48-04:00,1.0
2011-04-21 22:25:51-04:00,0.0
2011-04-21 22:25:54-04:00,0.75
2011-04-21 22:25:57-04:00,1.0
2011-04-21 22:26:00-04:00,1.3333333333333333
2011-04-21 22:26:03-04:00,2.0
2011-04-21 22:26:06-04:00,2.0
2011-04-21 22:26:09-04:00,2.0
2011-04-21 22:26:12-04:00,2.5
2011-04-21 22:26:15-04:00,3.0
2011-04-21 22:26:18-04:00,3.0
2011-04-21 22:26:21-04:00,3.0
2011-04-21 22:26:24-04:00,3.0
2011-04-21 22:26:27-04:00,2.7777777777777777
2011-04-21 22:26:30-04:00,2.4444444444444446
2011-04-21 22:26:33-04:00,2.111111111111111
2011-04-21 22:26:36-04:00,2.0
2011-04-21 22:26:39-04:00,2.0
2011-04-21 22:26:42-04:00,2.0
2011-04-21 22:26:45-04:00,2.0
2011-04-21 22:26:48-04:00,2.0
2011-04-21 22:26:51-04:00,2.0
2011-04-21 22:26:54-04:00,2.0
2011-04-21 22:26:57-04:00,2.0
2011-04-21 22:27:00-04:00,2.0
2011-04-21 22:27:03-04:00,2.0
2011-04-21 22:27:06-04:00,2.0
2011-04-21 22:27:09-04:00,2.0
2011-04-21 22:27:12-04:00,2.0
2011-04-21 22:27:15-04:00,2.0
2011-04-21 22:27:18-04:00,2.0
2011-04-21 22:27:21-04:00,2.0
2011-04-21 22:27:24-04:00,2.0
2011-04-21 22:27:27-04:00,2.0
2011-04-21 22:27:30-04:00,2.0
2011-04-21 22:27:33-04:00,2.0
2011-04-21 22:27:36-04:00,2.0
2011-04-21 22:27:39-04:00,2.0
2011-04-21 22:27:42-04:00,2.0
2011-04-21 22:27:45-04:00,2.5
2011-04-21 22:27:48-04:00,3.0
2011-04-21 22:27:51-04:00,3.0
2011-04-21 22:27:54-04:00,3.0
2011-04-21 22:27:57-04:00,2.25
2011-04-21 22:28:00-04:00,2.0
2011-04-21 22:28:03-04:00,2.0
2011-04-21 22:28:06-04:00,2.0
2011-04-21 22:28:09-04:00,2.0
2011-04-21 22:28:12-04:00,2.0
2011-04-21 22:28:15-04:00,2.6666666666666665
2011-04-21 22:28:18-04:00,2.5
2011-04-21 22:28:21-04:00,2.0
2011-04-21 22:28:24-04:00,2.0
2011-04-21 22:28:27-04:00,2.0
2011-04-21 22:28:30-04:00,2.0
2011-04-21 22:28:33-04:00,2.0
2011-04-21 22:28:36-04:00,2.0
2011-04-21 22:28:39-04:00,2.0
2011-04-21 22:28:42-04:00,2.0
2011-04-21 22:28:45-04:00,1.3333333333333335
2011-04-21 22:28:48-04:00,1.5
2011-04-21 22:28:51-04:00,1.6666666666666667
2011-04-21 22:28:54-04:00,1.25
2011-04-21 22:28:57-04:00,2.0
2011-04-21 22:29:00-04:00,1.0
2011-04-21 22:29:03-04:00,1.0
2011-04-21 22:29:06-04:00,1.0
2011-04-21 22:29:09-04:00,1.0
2011-04-21 22:29:12-04:00,1.0
2011-04-21 22:29:15-04:00,1.0
2011-04-21 22:29:18-04:00,1.0
2011-04-21 22:29:21-04:00,1.0
2011-04-21 22:29:24-04:00,1.0
2011-04-21 22:29:27-04:00,1.0
2011-04-21 22:29:30-04:00,1.3333333333333333
2011-04-21 22:29:33-04:00,1.6666666666666665
2011-04-21 22:29:36-04:00,2.0
2011-04-21 22:29:39-04:00,1.25
2011-04-21 22:29:42-04:00,1.0
2011-04-21 22:29:45-04:00,1.0
2011-04-21 22:29:48-04:00,1.0
2011-04-21 22:29:51-04:00,1.0
2011-04-21 22:29:54-04:00,1.0
2011-04-21 22:29:57-04:00,1.0
2011-04-21 22:30:00-04:00,1.0
2011-04-21 22:30:03-04:00,1.0
2011-04-21 22:30:06-04:00,1.0
2011-04-21 22:30:09-04:00,1.25
2011-04-21 22:30:12-04:00,2.0
2011-04-21 22:30:15-04:00,1.0
2011-04-21 22:30:18-04:00,1.0
2011-04-21 22:30:21-04:00,1.0
2011-04-21 22:30:24-04:00,1.0
2011-04-21 22:30:27-04:00,1.0
2011-04-21 22:30:30-04:00,1.0
2011-04-21 22:30:33-04:00,1.0
2011-04-21 22:30:36-04:00,1.0
2011-04-21 22:30:39-04:00,1.0
2011-04-21 22:30:42-04:00,1.0
2011-04-21 22:30:45-04:00,1.0
2011-04-21 22:30:48-04:00,1.0
2011-04-21 22:30:51-04:00,1.0
2011-04-21 22:30:54-04:00,1.0
2011-04-21 22:30:57-04:00,1.0
2011-04-21 22:31:00-04:00,1.0
2011-04-21 22:31:03-04:00,1.0
2011-04-21 22:31:06-04:00,1.0
2011-04-21 22:31:09-04:00,1.0
2011-04-21 22:31:12-04:00,1.0
2011-04-21 22:31:15-04:00,1.0
2011-04-21 22:31:18-04:00,1.0
2011-04-21 22:31:21-04:00,1.0
2011-04-21 22:31:24-04:00,1.0
2011-04-21 22:31:27-04:00,1.0
2011-04-21 22:31:30-04:00,1.0
2011-04-21 22:31:33-04:00,1.0
2011-04-21 22:31:36-04:00,1.0
2011-04-21 22:31:39-04:00,1.0
2011-04-21 22:31:42-04:00,1.0
2011-04-21 22:31:45-04:00,1.0
2011-04-21 22:31:48-04:00,1.0
2011-04-21 22:31:51-04:00,1.0
2011-04-21 22:31:54-04:00,1.0
2011-04-21 22:31:57-04:00,1.0
2011-04-21 22:32:00-04:00,1.0
2011-04-21 22:32:03-04:00,1.0
2011-04-21 22:32:06-04:00,1.0
2011-04-21 22:32:09-04:00,1.0
2011-04-21 22:32:12-04:00,1.0
2011-04-21 22:32:15-04:00,1.0
2011-04-21 22:32:18-04:00,1.0
2011-04-21 22:32:21-04:00,1.0
2011-04-21 22:32:24-04:00,1.0
2011-04-21 22:32:27-04:00,1.0
2011-04-21 22:32:30-04:00,1.0
2011-04-21 22:32:33-04:00,1.0
2011-04-21 22:32:36-04:00,1.0
2011-04-21 22:32:39-04:00,1.0
2011-04-21 22:32:42-04:00,1.0
2011-04-21 22:32:45-04:00,1.0
2011-04-21 22:32:48-04:00,1.0
2011-04-21 22:32:51-04:00,1.0
2011-04-21 22:32:54-04:00,1.0
2011-04-21 22:32:57-04:00,1.0
2011-04-21 22:33:00-04:00,1.0
2011-04-21 22:33:03-04:00,1.0
2011-04-21 22:33:06-04:00,1.0
2011-04-21 22:33:09-04:00,1.0
2011-04-21 22:33:12-04:00,1.0
2011-04-21 22:33:15-04:00,1.0
2011-04-21 22:33:18-04:00,1.0
2011-04-21 22:33:21-04:00,1.0
2011-04-21 22:33:24-04:00,1.0
2011-04-21 22:33:27-04:00,1.0
2011-04-21 22:33:30-04:00,1.0
2011-04-21 22:33:33-04:00,1.0
2011-04-21 22:33:36-04:00,1.0
2011-04-21 22:33:39-04:00,1.0
2011-04-21 22:33:42-04:00,1.0
2011-04-21 22:33:45-04:00,1.0
2011-04-21 22:33:48-04:00,1.0
2011-04-21 22:33:51-04:00,1.0
2011-04-21 22:33:54-04:00,1.0
2011-04-21 22:33:57-04:00,1.0
2011-04-21 22:34:00-04:00,1.0
2011-04-21 22:34:03-04:00,1.0
2011-04-21 22:34:06-04:00,1.0
2011-04-21 22:34:09-04:00,1.0
2011-04-21 22:34:12-04:00,1.0
2011-04-21 22:34:15-04:00,1.0
2011-04-21 22:34:18-04:00,1.0
2011-04-21 22:34:21-04:00,1.0
2011-04-21 22:34:24-04:00,1.0
2011-04-21 22:34:27-04:00,1.0
2011-04-21 22:34:30-04:00,1.0
2011-04-21 22:34:33-04:00,1.0
2011-04-21 22:34:36-04:00,1.0
2011-04-21 22:34:39-04:00,1.0
2011-04-21 22:34:42-04:00,1.0
2011-04-21 22:34:45-04:00,1.0
2011-04-21 22:34:48-04:00,1.0
2011-04-21 22:34:51-04:00,1.0
2011-04-21 22:34:54-04:00,1.0
2011-04-21 22:34:57-04:00,1.0
2011-04-21 22:35:00-04:00,1.0
2011-04-21 22:35:03-04:00,1.0
2011-04-21 22:35:06-04:00,1.0
2011-04-21 22:35:09-04:00,1.0
2011-04-21 22:35:12-04:00,1.0
2011-04-21 22:35:15-04:00,1.0
2011-04-21 22:35:18-04:00,1.0
2011-04-21 22:35:21-04:00,1.0
2011-04-21 22:35:24-04:00,1.0
2011-04-21 22:35:27-04:00,1.0
2011-04-21 22:35:30-04:00,1.0
2011-04-21 22:35:33-04:00,1.0
2011-04-21 22:35:36-04:00,1.0
2011-04-21 22:35:39-04:00,1.0
2011-04-21 22:35:42-04:00,1.0
2011-04-21 22:35:45-04:00,1.0
2011-04-21 22:35:48-04:00,1.0
2011-04-21 22:35:51-04:00,1.0
2011-04-21 22:35:54-04:00,1.0
2011-04-21 22:35:57-04:00,1.0
2011-04-21 22:36:00-04:00,1.0
2011-04-21 22:36:03-04:00,1.0
2011-04-21 22:36:06-04:00,1.0
2011-04-21 22:36:09-04:00,1.0
2011-04-21 22:36:12-04:00,1.0
2011-04-21 22:36:15-04:00,1.0
2011-04-21 22:36:18-04:00,1.0
2011-04-21 22:36:21-04:00,1.0
2011-04-21 22:36:24-04:00,1.0
2011-04-21 22:36:27-04:00,1.0
2011-04-21 22:36:30-04:00,1.0
2011-04-21 22:36:33-04:00,1.0
2011-04-21 22:36:36-04:00,1.0
2011-04-21 22:36:39-04:00,1.0
2011-04-21 22:36:42-04:00,1.0
2011-04-21 22:36:45-04:00,1.0
2011-04-21 22:36:48-04:00,1.0
2011-04-21 22:36:51-04:00,1.0
2011-04-21 22:36:54-04:00,1.0
2011-04-21 22:36:57-04:00,1.0
2011-04-21 22:37:00-04:00,1.0
2011-04-21 22:37:03-04:00,1.0
2011-04-21 22:37:06-04:00,1.0
2011-04-21 22:37:09-04:00,1.0
2011-04-21 22:37:12-04:00,1.0
2011-04-21 22:37:15-04:00,1.0
2011-04-21 22:37:18-04:00,1.0
2011-04-21 22:37:21-04:00,1.0
2011-04-21 22:37:24-04:00,1.0
2011-04-21 22:37:27-04:00,1.0
2011-04-21 22:37:30-04:00,1.0
2011-04-21 22:37:33-04:00,1.0
2011-04-21 22:37:36-04:00,1.0
2011-04-21 22:37:39-04:00,1.0
2011-04-21 22:37:42-04:00,1.0
2011-04-21 22:37:45-04:00,1.0
2011-04-21 22:37:48-04:00,1.0
2011-04-21 22:37:51-04:00,1.0
2011-04-21 22:37:54-04:00,1.0
2011-04-21 22:37:57-04:00,1.0
2011-04-21 22:38:00-04:00,1.0
2011-04-21 22:38:03-04:00,1.0
2011-04-21 22:38:06-04:00,1.0
2011-04-21 22:38:09-04:00,1.0
2011-04-21 22:38:12-04:00,1.0
2011-04-21 22:38:15-04:00,1.0
2011-04-21 22:38:18-04:00,1.0
2011-04-21 22:38:21-04:00,1.0
2011-04-21 22:38:24-04:00,1.0
2011-04-21 22:38:27-04:00,1.0
2011-04-21 22:38:30-04:00,1.0
2011-04-21 22:38:33-04:00,1.0
2011-04-21 22:38:36-04:00,1.0
2011-04-21 22:38:39-04:00,1.0
2011-04-21 22:38:42-04:00,1.0
2011-04-21 22:38:45-04:00,1.0
2011-04-21 22:38:48-04:00,1.0
2011-04-21 22:38:51-04:00,1.0
2011-04-21 22:38:54-04:00,1.0
2011-04-21 22:38:57-04:00,1.0
2011-04-21 22:39:00-04:00,1.0
2011-04-21 22:39:03-04:00,1.0
2011-04-21 22:39:06-04:00,1.0
2011-04-21 22:39:09-04:00,1.0
2011-04-21 22:39:12-04:00,1.0
2011-04-21 22:39:15-04:00,1.0
2011-04-21 22:39:18-04:00,1.0
2011-04-21 22:39:21-04:00,1.0
2011-04-21 22:39:24-04:00,1.0
2011-04-21 22:39:27-04:00,1.0
2011-04-21 22:39:30-04:00,1.0
2011-04-21 22:39:33-04:00,1.0
2011-04-21 22:39:36-04:00,1.0
2011-04-21 22:39:39-04:00,1.0
2011-04-21 22:39:42-04:00,1.0
2011-04-21 22:39:45-04:00,1.0
2011-04-21 22:39:48-04:00,1.0
2011-04-21 22:39:51-04:00,1.0
2011-04-21 22:39:54-04:00,1.0
2011-04-21 22:39:57-04:00,1.0
2011-04-21 22:40:00-04:00,1.0
2011-04-21 22:40:03-04:00,1.0
2011-04-21 22:40:06-04:00,1.0
2011-04-21 22:40:09-04:00,1.0
2011-04-21 22:40:12-04:00,1.0
2011-04-21 22:40:15-04:00,1.0
2011-04-21 22:40:18-04:00,1.0
2011-04-21 22:40:21-04:00,1.0
2011-04-21 22:40:24-04:00,1.0
2011-04-21 22:40:27-04:00,1.0
2011-04-21 22:40:30-04:00,1.0
2011-04-21 22:40:33-04:00,1.0
2011-04-21 22:40:36-04:00,1.0
2011-04-21 22:40:39-04:00,1.0
2011-04-21 22:40:42-04:00,1.0
2011-04-21 22:40:45-04:00,1.0
2011-04-21 22:40:48-04:00,1.0
2011-04-21 22:40:51-04:00,1.0
2011-04-21 22:40:54-04:00,1.0
2011-04-21 22:40:57-04:00,1.0
2011-04-21 22:41:00-04:00,1.0
2011-04-21 22:41:03-04:00,1.0
2011-04-21 22:41:06-04:00,1.0
2011-04-21 22:41:09-04:00,1.0
2011-04-21 22:41:12-04:00,1.0
2011-04-21 22:41:15-04:00,1.0
2011-04-21 22:41:18-04:00,1.0
2011-04-21 22:41:21-04:00,1.0
2011-04-21 22:41:24-04:00,1.0
2011-04-21 22:41:27-04:00,1.0
2011-04-21 22:41:30-04:00,1.0
2011-04-21 22:41:33-04:00,1.0
2011-04-21 22:41:36-04:00,1.0
2011-04-21 22:41:39-04:00,1.0
2011-04-21 22:41:42-04:00,1.0
2011-04-21 22:41:45-04:00,1.0
2011-04-21 22:41:48-04:00,1.0
2011-04-21 22:41:51-04:00,1.0
2011-04-21 22:41:54-04:00,1.0
2011-04-21 22:41:57-04:00,1.0
2011-04-21 22:42:00-04:00,0.0
2011-04-21 22:42:03-04:00,0.0
2011-04-21 22:42:06-04:00,0.0
2011-04-21 22:42:09-04:00,0.0
2011-04-21 22:42:12-04:00,0.0
2011-04-21 22:42:15-04:00,0.0
2011-04-21 22:42:18-04:00,0.0
2011-04-21 22:42:21-04:00,0.0
2011-04-21 22:42:24-04:00,0.0
2011-04-21 22:42:27-04:00,0.0
2011-04-21 22:42:30-04:00,0.0
2011-04-21 22:42:33-04:00,0.0
2011-04-21 22:42:36-04:00,0.0
2011-04-21 22:42:39-04:00,0.0
2011-04-21 22:42:42-04:00,0.0
2011-04-21 22:42:45-04:00,0.0
2011-04-21 22:42:48-04:00,0.0
2011-04-21 22:42:51-04:00,0.0
2011-04-21 22:42:54-04:00,0.0
2011-04-21 22:42:57-04:00,0.0
2011-04-21 22:43:00-04:00,0.0
2011-04-21 22:43:03-04:00,0.0
2011-04-21 22:43:06-04:00,0.0
2011-04-21 22:43:09-04:00,0.0
2011-04-21 22:43:12-04:00,0.0
2011-04-21 22:43:15-04:00,0.0
2011-04-21 22:43:18-04:00,0.0
2011-04-21 22:43:21-04:00,0.0
2011-04-21 22:43:24-04:00,0.0
2011-04-21 22:43:27-04:00,0.0
2011-04-21 22:43:30-04:00,0.0
2011-04-21 22:43:33-04:00,0.0
2011-04-21 22:43:36-04:00,0.0
2011-04-21 22:43:39-04:00,0.0
2011-04-21 22:43:42-04:00,0.0
2011-04-21 22:43:45-04:00,0.0
2011-04-21 22:43:48-04:00,0.0
2011-04-21 22:43:51-04:00,0.0
2011-04-21 22:43:54-04:00,0.0
2011-04-21 22:43:57-04:00,0.0
2011-04-21 22:44:00-04:00,0.0
2011-04-21 22:44:03-04:00,0.0
2011-04-21 22:44:06-04:00,0.0
2011-04-21 22:44:09-04:00,0.0
2011-04-21 22:44:12-04:00,0.0
2011-04-21 22:44:15-04:00,0.0
2011-04-21 22:44:18-04:00,0.0
2011-04-21 22:44:21-04:00,0.0
2011-04-21 22:44:24-04:00,0.0
2011-04-21 22:44:27-04:00,0.0
2011-04-21 22:44:30-04:00,0.0
2011-04-21 22:44:33-04:00,0.0
2011-04-21 22:44:36-04:00,0.0
2011-04-21 22:44:39-04:00,0.0
2011-04-21 22:44:42-04:00,0.0
2011-04-21 22:44:45-04:00,0.0
2011-04-21 22:44:48-04:00,0.0
2011-04-21 22:44:51-04:00,0.0
2011-04-21 22:44:54-04:00,0.0
2011-04-21 22:44:57-04:00,0.0
2011-04-21 22:45:00-04:00,0.0
2011-04-21 22:45:03-04:00,0.0
2011-04-21 22:45:06-04:00,0.0
2011-04-21 22:45:09-04:00,0.0
2011-04-21 22:45:12-04:00,0.0
2011-04-21 22:45:15-04:00,0.0
2011-04-21 22:45:18-04:00,0.0
2011-04-21 22:45:21-04:00,0.0
2011-04-21 22:45:24-04:00,0.0
2011-04-21 22:45:27-04:00,0.0
2011-04-21 22:45:30-04:00,0.0
2011-04-21 22:45:33-04:00,0.0
2011-04-21 22:45:36-04:00,0.0
2011-04-21 22:45:39-04:00,0.0
2011-04-21 22:45:42-04:00,0.0
2011-04-21 22:45:45-04:00,0.0
2011-04-21 22:45:48-04:00,0.0
2011-04-21 22:45:51-04:00,0.0
2011-04-21 22:45:54-04:00,0.0
2011-04-21 22:45:57-04:00,0.0
2011-04-21 22:46:00-04:00,0.0
2011-04-21 22:46:03-04:00,0.0
2011-04-21 22:46:06-04:00,0.0
2011-04-21 22:46:09-04:00,0.0
2011-04-21 22:46:12-04:00,0.0
2011-04-21 22:46:15-04:00,0.0
2011-04-21 22:46:18-04:00,0.0
2011-04-21 22:46:21-04:00,0.0
2011-04-21 22:46:24-04:00,0.0
2011-04-21 22:46:27-04:00,0.0
2011-04-21 22:46:30-04:00,0.0
2011-04-21 22:46:33-04:00,0.0
2011-04-21 22:46:36-04:00,0.0
2011-04-21 22:46:39-04:00,0.0
2011-04-21 22:46:42-04:00,0.0
2011-04-21 22:46:45-04:00,0.0
2011-04-21 22:46:48-04:00,0.0
2011-04-21 22:46:51-04:00,0.0
2011-04-21 22:46:54-04:00,0.0
2011-04-21 22:46:57-04:00,0.0
2011-04-21 22:47:00-04:00,0.0
2011-04-21 22:47:03-04:00,0.0
2011-04-21 22:47:06-04:00,0.0
2011-04-21 22:47:09-04:00,0.0
2011-04-21 22:47:12-04:00,0.0
2011-04-21 22:47:15-04:00,0.0
2011-04-21 22:47:18-04:00,0.0
2011-04-21 22:47:21-04:00,0.0
2011-04-21 22:47:24-04:00,0.0
2011-04-21 22:47:27-04:00,0.0
2011-04-21 22:47:30-04:00,0.0
2011-04-21 22:47:33-04:00,0.0
2011-04-21 22:47:36-04:00,0.0
2011-04-21 22:47:39-04:00,0.0
2011-04-21 22:47:42-04:00,0.0
2011-04-21 22:47:45-04:00,0.0
2011-04-21 22:47:48-04:00,0.0
2011-04-21 22:47:51-04:00,0.0
2011-04-21 22:47:54-04:00,0.0
2011-04-21 22:47:57-04:00,0.0
2011-04-21 22:48:00-04:00,0.0
2011-04-21 22:48:03-04:00,0.0
2011-04-21 22:48:06-04:00,0.0
2011-04-21 22:48:09-04:00,0.0
2011-04-21 22:48:12-04:00,0.0
2011-04-21 22:48:15-04:00,0.0
2011-04-21 22:48:18-04:00,0.0
2011-04-21 22:48:21-04:00,0.0
2011-04-21 22:48:24-04:00,0.0
2011-04-21 22:48:27-04:00,0.0
2011-04-21 22:48:30-04:00,0.0
2011-04-21 22:48:33-04:00,0.0
2011-04-21 22:48:36-04:00,0.0
2011-04-21 22:48:39-04:00,0.0
2011-04-21 22:48:42-04:00,0.0
2011-04-21 22:48:45-04:00,0.0
2011-04-21 22:48:48-04:00,0.0
2011-04-21 22:48:51-04:00,0.0
2011-04-21 22:48:54-04:00,0.0
2011-04-21 22:48:57-04:00,0.0
2011-04-21 22:49:00-04:00,0.0
2011-04-21 22:49:03-04:00,0.0
2011-04-21 22:49:06-04:00,0.0
2011-04-21 22:49:09-04:00,0.0
2011-04-21 22:49:12-04:00,0.0
2011-04-21 22:49:15-04:00,0.0
2011-04-21 22:49:18-04:00,0.0
2011-04-21 22:49:21-04:00,0.0
2011-04-21 22:49:24-04:00,0.0
2011-04-21 22:49:27-04:00,0.0
2011-04-21 22:49:30-04:00,0.0
2011-04-21 22:49:33-04:00,0.0
2011-04-21 22:49:36-04:00,0.0
2011-04-21 22:49:39-04:00,0.0
2011-04-21 22:49:42-04:00,0.0
2011-04-21 22:49:45-04:00,0.0
2011-04-21 22:49:48-04:00,0.0
2011-04-21 22:49:51-04:00,0.0
2011-04-21 22:49:54-04:00,0.0
2011-04-21 22:49:57-04:00,0.0
2011-04-21 22:50:00-04:00,0.0
2011-04-21 22:50:03-04:00,0.0
2011-04-21 22:50:06-04:00,0.0
2011-04-21 22:50:09-04:00,0.0
2011-04-21 22:50:12-04:00,0.0
2011-04-21 22:50:15-04:00,0.0
2011-04-21 22:50:18-04:00,0.0
2011-04-21 22:50:21-04:00,0.0
2011-04-21 22:50:24-04:00,0.0
2011-04-21 22:50:27-04:00,0.0
2011-04-21 22:50:30-04:00,0.0
2011-04-21 22:50:33-04:00,0.0
2011-04-21 22:50:36-04:00,0.0
2011-04-21 22:50:39-04:00,0.0
2011-04-21 22:50:42-04:00,0.0
2011-04-21 22:50:45-04:00,0.0
2011-04-21 22:50:48-04:00,0.0
2011-04-21 22:50:51-04:00,0.0
2011-04-21 22:50:54-04:00,0.0
2011-04-21 22:50:57-04:00,0.0
2011-04-21 22:51:00-04:00,0.0
2011-04-21 22:51:03-04:00,0.0
2011-04-21 22:51:06-04:00,0.0
2011-04-21 22:51:09-04:00,0.0
2011-04-21 22:51:12-04:00,0.0
2011-04-21 22:51:15-04:00,0.0
2011-04-21 22:51:18-04:00,0.0
2011-04-21 22:51:21-04:00,0.0
2011-04-21 22:51:24-04:00,0.0
2011-04-21 22:51:27-04:00,0.0
2011-04-21 22:51:30-04:00,0.0
2011-04-21 22:51:33-04:00,0.0
2011-04-21 22:51:36-04:00,0.0
2011-04-21 22:51:39-04:00,0.0
2011-04-21 22:51:42-04:00,0.0
2011-04-21 22:51:45-04:00,0.0
2011-04-21 22:51:48-04:00,0.0
2011-04-21 22:51:51-04:00,0.0
2011-04-21 22:51:54-04:00,0.0
2011-04-21 22:51:57-04:00,0.0
2011-04-21 22:52:00-04:00,0.0
2011-04-21 22:52:03-04:00,0.0
2011-04-21 22:52:06-04:00,0.0
2011-04-21 22:52:09-04:00,0.0
2011-04-21 22:52:12-04:00,0.0
2011-04-21 22:52:15-04:00,0.0
2011-04-21 22:52:18-04:00,0.0
2011-04-21 22:52:21-04:00,0.0
2011-04-21 22:52:24-04:00,0.0
2011-04-21 22:52:27-04:00,1.0
2011-04-21 22:52:30-04:00,1.0
2011-04-21 22:52:33-04:00,1.0
2011-04-21 22:52:36-04:00,1.0
2011-04-21 22:52:39-04:00,1.0
2011-04-21 22:52:42-04:00,1.0
2011-04-21 22:52:45-04:00,1.0
2011-04-21 22:52:48-04:00,1.0
2011-04-21 22:52:51-04:00,1.0
2011-04-21 22:52:54-04:00,1.0
2011-04-21 22:52:57-04:00,1.0
2011-04-21 22:53:00-04:00,1.0
2011-04-21 22:53:03-04:00,1.0
2011-04-21 22:53:06-04:00,1.0
2011-04-21 22:53:09-04:00,1.0
2011-04-21 22:53:12-04:00,1.0
2011-04-21 22:53:15-04:00,1.0
2011-04-21 22:53:18-04:00,1.0
2011-04-21 22:53:21-04:00,1.0
2011-04-21 22:53:24-04:00,1.0
2011-04-21 22:53:27-04:00,1.0
2011-04-21 22:53:30-04:00,1.0
2011-04-21 22:53:33-04:00,1.0
2011-04-21 22:53:36-04:00,1.0
2011-04-21 22:53:39-04:00,1.0
2011-04-21 22:53:42-04:00,1.0
2011-04-21 22:53:45-04:00,1.0
2011-04-21 22:53:48-04:00,1.0
2011-04-21 22:53:51-04:00,1.0
2011-04-21 22:53:54-04:00,1.0
2011-04-21 22:53:57-04:00,1.0
2011-04-21 22:54:00-04:00,1.0
2011-04-21 22:54:03-04:00,1.0
2011-04-21 22:54:06-04:00,0.0
2011-04-21 22:54:09-04:00,0.0
2011-04-21 22:54:12-04:00,0.0
2011-04-21 22:54:15-04:00,0.0
2011-04-21 22:54:18-04:00,0.0
2011-04-21 22:54:21-04:00,0.0
2011-04-21 22:54:24-04:00,0.0
2011-04-21 22:54:27-04:00,1.0
2011-04-21 22:54:30-04:00,1.0
2011-04-21 22:54:33-04:00,1.0
2011-04-21 22:54:36-04:00,1.0
2011-04-21 22:54:39-04:00,1.0
2011-04-21 22:54:42-04:00,1.0
2011-04-21 22:54:45-04:00,1.0
2011-04-21 22:54:48-04:00,1.0
2011-04-21 22:54:51-04:00,0.6666666666666667
2011-04-21 22:54:54-04:00,0.0
2011-04-21 22:54:57-04:00,0.0
2011-04-21 22:55:00-04:00,0.0
2011-04-21 22:55:03-04:00,0.0
2011-04-21 22:55:06-04:00,0.0
2011-04-21 22:55:09-04:00,0.0
2011-04-21 22:55:12-04:00,0.0
2011-04-21 22:55:15-04:00,0.0
2011-04-21 22:55:18-04:00,0.0
2011-04-21 22:55:21-04:00,0.0
2011-04-21 22:55:24-04:00,0.0
2011-04-21 22:55:27-04:00,0.0
2011-04-21 22:55:30-04:00,0.0
2011-04-21 22:55:33-04:00,0.0
2011-04-21 22:55:36-04:00,0.0
2011-04-21 22:55:39-04:00,0.0
2011-04-21 22:55:42-04:00,0.0
2011-04-21 22:55:45-04:00,0.0
2011-04-21 22:55:48-04:00,0.3333333333333333
2011-04-21 22:55:51-04:00,1.0
2011-04-21 22:55:54-04:00,1.0
2011-04-21 22:55:57-04:00,1.0
2011-04-21 22:56:00-04:00,1.0
2011-04-21 22:56:03-04:00,1.0
2011-04-21 22:56:06-04:00,1.0
2011-04-21 22:56:09-04:00,1.0
2011-04-21 22:56:12-04:00,1.0
2011-04-21 22:56:15-04:00,1.0
2011-04-21 22:56:18-04:00,1.0
2011-04-21 22:56:21-04:00,0.0
2011-04-21 22:56:24-04:00,0.0
2011-04-21 22:56:27-04:00,0.2222222222222222
2011-04-21 22:56:30-04:00,0.5555555555555556
2011-04-21 22:56:33-04:00,0.8888888888888888
2011-04-21 22:56:36-04:00,1.0
2011-04-21 22:56:39-04:00,0.33333333333333337
2011-04-21 22:56:42-04:00,0.0
2011-04-21 22:56:45-04:00,0.0
2011-04-21 22:56:48-04:00,0.25
2011-04-21 22:56:51-04:00,1.0
2011-04-21 22:56:54-04:00,1.0
2011-04-21 22:56:57-04:00,0.0
2011-04-21 22:57:00-04:00,0.75
2011-04-21 22:57:03-04:00,0.33333333333333337
2011-04-21 22:57:06-04:00,0.0
2011-04-21 22:57:09-04:00,0.0
2011-04-21 22:57:12-04:00,0.0
2011-04-21 22:57:15-04:00,0.0
2011-04-21 22:57:18-04:00,0.0
2011-04-21 22:57:21-04:00,0.0
2011-04-21 22:57:24-04:00,0.0
2011-04-21 22:57:27-04:00,0.0
2011-04-21 22:57:30-04:00,0.25
2011-04-21 22:57:33-04:00,0.625
2011-04-21 22:57:36-04:00,1.0
2011-04-21 22:57:39-04:00,0.25
2011-04-21 22:57:42-04:00,0.0
2011-04-21 22:57:45-04:00,0.5
2011-04-21 22:57:48-04:00,0.6666666666666667
2011-04-21 22:57:51-04:00,0.0
2011-04-21 22:57:54-04:00,0.0
2011-04-21 22:57:57-04:00,0.75
2011-04-21 22:58:00-04:00,0.33333333333333337
2011-04-21 22:58:03-04:00,0.0
2011-04-21 22:58:06-04:00,0.0
2011-04-21 22:58:09-04:00,0.3333333333333333
2011-04-21 22:58:12-04:00,0.75
2011-04-21 22:58:15-04:00,0.0
2011-04-21 22:58:18-04:00,0.0
2011-04-21 22:58:21-04:00,0.0
2011-04-21 22:58:24-04:00,0.0
2011-04-21 22:58:27-04:00,0.0
2011-04-21 22:58:30-04:00,0.0
2011-04-21 22:58:33-04:00,0.0
2011-04-21 22:58:36-04:00,0.6666666666666666
2011-04-21 22:58:39-04:00,1.0
2011-04-21 22:58:42-04:00,1.0
2011-04-21 22:58:45-04:00,1.0
2011-04-21 22:58:48-04:00,1.0
2011-04-21 22:58:51-04:00,0.0
2011-04-21 22:58:54-04:00,0.0
2011-04-21 22:58:57-04:00,0.0
2011-04-21 22:59:00-04:00,0.0
2011-04-21 22:59:03-04:00,0.0
2011-04-21 22:59:06-04:00,0.0
2011-04-21 22:59:09-04:00,0.0
2011-04-21 22:59:12-04:00,0.25
2011-04-21 22:59:15-04:00,1.0
2011-04-21 22:59:18-04:00,0.0
2011-04-21 22:59:21-04:00,0.0
2011-04-21 22:59:24-04:00,0.6666666666666666
2011-04-21 22:59:27-04:00,1.0
2011-04-21 22:59:30-04:00,1.0
2011-04-21 22:59:33-04:00,1.0
2011-04-21 22:59:36-04:00,0.33333333333333337
2011-04-21 22:59:39-04:00,0.0
2011-04-21 22:59:42-04:00,0.0
2011-04-21 22:59:45-04:00,0.25
2011-04-21 22:59:48-04:00,1.0
2011-04-21 22:59:51-04:00,1.0
2011-04-21 22:59:54-04:00,1.0
2011-04-21 22:59:57-04:00,0.33333333333333337
2011-04-21 23:00:00-04:00,0.5
2011-04-21 23:00:03-04:00,0.6666666666666667
2011-04-21 23:00:06-04:00,0.0
2011-04-21 23:00:09-04:00,0.0
2011-04-21 23:00:12-04:00,0.0
2011-04-21 23:00:15-04:00,1.0
2011-04-21 23:00:18-04:00,1.0
2011-04-21 23:00:21-04:00,0.5
2011-04-21 23:00:24-04:00,0.0
2011-04-21 23:00:27-04:00,0.0
2011-04-21 23:00:30-04:00,0.0
2011-04-21 23:00:33-04:00,0.0
2011-04-21 23:00:36-04:00,0.0
2011-04-21 23:00:39-04:00,0.0
2011-04-21 23:00:42-04:00,0.0
2011-04-21 23:00:45-04:00,0.0
2011-04-21 23:00:48-04:00,0.75
2011-04-21 23:00:51-04:00,1.0
2011-04-21 23:00:54-04:00,1.0
2011-04-21 23:00:57-04:00,1.0
2011-04-21 23:01:00-04:00,1.0
2011-04-21 23:01:03-04:00,0.0
2011-04-21 23:01:06-04:00,0.75
2011-04-21 23:01:09-04:00,0.33333333333333337
2011-04-21 23:01:12-04:00,0.0
2011-04-21 23:01:15-04:00,0.3333333333333333
2011-04-21 23:01:18-04:00,0.75
2011-04-21 23:01:21-04:00,0.0
2011-04-21 23:01:24-04:00,1.0
2011-04-21 23:01:27-04:00,0.25
2011-04-21 23:01:30-04:00,0.0
2011-04-21 23:01:33-04:00,0.0
2011-04-21 23:01:36-04:00,0.0
2011-04-21 23:01:39-04:00,0.0
2011-04-21 23:01:42-04:00,0.0
2011-04-21 23:01:45-04:00,0.0
2011-04-21 23:01:48-04:00,0.3333333333333333
2011-04-21 23:01:51-04:00,1.0
2011-04-21 23:01:54-04:00,1.0
2011-04-21 23:01:57-04:00,0.0
2011-04-21 23:02:00-04:00,0.0
2011-04-21 23:02:03-04:00,0.6666666666666666
2011-04-21 23:02:06-04:00,1.0
2011-04-21 23:02:09-04:00,0.5
2011-04-21 23:02:12-04:00,0.0
2011-04-21 23:02:15-04:00,0.25
2011-04-21 23:02:18-04:00,1.0
2011-04-21 23:02:21-04:00,0.0
2011-04-21 23:02:24-04:00,0.75
2011-04-21 23:02:27-04:00,1.0
2011-04-21 23:02:30-04:00,1.0
2011-04-21 23:02:33-04:00,1.0
2011-04-21 23:02:36-04:00,0.33333333333333337
2011-04-21 23:02:39-04:00,0.0
2011-04-21 23:02:42-04:00,0.0
2011-04-21 23:02:45-04:00,0.0
2011-04-21 23:02:48-04:00,0.0
2011-04-21 23:02:51-04:00,0.0
2011-04-21 23:02:54-04:00,0.0
2011-04-21 23:02:57-04:00,0.0
2011-04-21 23:03:00-04:00,0.5
2011-04-21 23:03:03-04:00,1.0
2011-04-21 23:03:06-04:00,0.6666666666666667
2011-04-21 23:03:09-04:00,0.25
2011-04-21 23:03:12-04:00,1.0
2011-04-21 23:03:15-04:00,0.0
2011-04-21 23:03:18-04:00,0.0
2011-04-21 23:03:21-04:00,0.0
2011-04-21 23:03:24-04:00,0.6666666666666666
2011-04-21 23:03:27-04:00,1.0
2011-04-21 23:03:30-04:00,1.0
2011-04-21 23:03:33-04:00,1.0
2011-04-21 23:03:36-04:00,0.5
2011-04-21 23:03:39-04:00,0.0
2011-04-21 23:03:42-04:00,0.0
2011-04-21 23:03:45-04:00,0.0
2011-04-21 23:03:48-04:00,0.0
2011-04-21 23:03:51-04:00,1.0
2011-04-21 23:03:54-04:00,0.25
2011-04-21 23:03:57-04:00,0.0
2011-04-21 23:04:00-04:00,0.0
2011-04-21 23:04:03-04:00,0.0
2011-04-21 23:04:06-04:00,0.0
2011-04-21 23:04:09-04:00,0.0
2011-04-21 23:04:12-04:00,0.0
2011-04-21 23:04:15-04:00,0.0
2011-04-21 23:04:18-04:00,0.0
2011-04-21 23:04:21-04:00,0.6666666666666666
2011-04-21 23:04:24-04:00,1.0
2011-04-21 23:04:27-04:00,1.0
2011-04-21 23:04:30-04:00,1.0
2011-04-21 23:04:33-04:00,1.0
2011-04-21 23:04:36-04:00,1.0
2011-04-21 23:04:39-04:00,1.0
2011-04-21 23:04:42-04:00,0.75
2011-04-21 23:04:45-04:00,0.0
2011-04-21 23:04:48-04:00,1.0
2011-04-21 23:04:51-04:00,0.25
2011-04-21 23:04:54-04:00,0.0
2011-04-21 23:04:57-04:00,0.6666666666666666
2011-04-21 23:05:00-04:00,1.0
2011-04-21 23:05:03-04:00,1.0
2011-04-21 23:05:06-04:00,1.0
2011-04-21 23:05:09-04:00,1.0
2011-04-21 23:05:12-04:00,1.0
2011-04-21 23:05:15-04:00,1.0
2011-04-21 23:05:18-04:00,1.0
2011-04-21 23:05:21-04:00,1.0
2011-04-21 23:05:24-04:00,1.0
2011-04-21 23:05:27-04:00,1.0
2011-04-21 23:05:30-04:00,1.0
2011-04-21 23:05:33-04:00,1.0
2011-04-21 23:05:36-04:00,1.0
2011-04-21 23:05:39-04:00,1.0
2011-04-21 23:05:42-04:00,1.0
2011-04-21 23:05:45-04:00,1.0
2011-04-21 23:05:48-04:00,0.5
2011-04-21 23:05:51-04:00,0.3333333333333333
2011-04-21 23:05:54-04:00,1.0
2011-04-21 23:05:57-04:00,1.0
2011-04-21 23:06:00-04:00,0.0
2011-04-21 23:06:03-04:00,0.75
2011-04-21 23:06:06-04:00,1.0
2011-04-21 23:06:09-04:00,0.5
2011-04-21 23:06:12-04:00,0.3333333333333333
2011-04-21 23:06:15-04:00,1.0
2011-04-21 23:06:18-04:00,1.0
2011-04-21 23:06:21-04:00,1.0
2011-04-21 23:06:24-04:00,0.0
2011-04-21 23:06:27-04:00,0.75
2011-04-21 23:06:30-04:00,1.0
2011-04-21 23:06:33-04:00,1.0
2011-04-21 23:06:36-04:00,1.0
2011-04-21 23:06:39-04:00,1.0
2011-04-21 23:06:42-04:00,1.0
2011-04-21 23:06:45-04:00,1.0
2011-04-21 23:06:48-04:00,1.0
2011-04-21 23:06:51-04:00,1.0
2011-04-21 23:06:54-04:00,1.0
2011-04-21 23:06:57-04:00,1.0
2011-04-21 23:07:00-04:00,0.0
2011-04-21 23:07:03-04:00,0.75
2011-04-21 23:07:06-04:00,1.0
2011-04-21 23:07:09-04:00,1.0
2011-04-21 23:07:12-04:00,1.0
2011-04-21 23:07:15-04:00,1.0
2011-04-21 23:07:18-04:00,1.0
2011-04-21 23:07:21-04:00,1.0
2011-04-21 23:07:24-04:00,1.0
2011-04-21 23:07:27-04:00,1.0
2011-04-21 23:07:30-04:00,1.0
2011-04-21 23:07:33-04:00,1.0
2011-04-21 23:07:36-04:00,1.0
2011-04-21 23:07:39-04:00,1.0
2011-04-21 23:07:42-04:00,0.33333333333333337
2011-04-21 23:07:45-04:00,0.5
2011-04-21 23:07:48-04:00,0.6666666666666667
2011-04-21 23:07:51-04:00,0.0
2011-04-21 23:07:54-04:00,0.0
2011-04-21 23:07:57-04:00,0.0
2011-04-21 23:08:00-04:00,1.0
2011-04-21 23:08:03-04:00,1.0
2011-04-21 23:08:06-04:00,1.0
2011-04-21 23:08:09-04:00,0.33333333333333337
2011-04-21 23:08:12-04:00,0.5
2011-04-21 23:08:15-04:00,1.0
2011-04-21 23:08:18-04:00,0.75
2011-04-21 23:08:21-04:00,0.0
2011-04-21 23:08:24-04:00,1.0
2011-04-21 23:08:27-04:00,1.0
2011-04-21 23:08:30-04:00,1.0
2011-04-21 23:08:33-04:00,1.0
2011-04-21 23:08:36-04:00,1.0
2011-04-21 23:08:39-04:00,1.0
2011-04-21 23:08:42-04:00,0.33333333333333337
2011-04-21 23:08:45-04:00,0.0
2011-04-21 23:08:48-04:00,0.3333333333333333
2011-04-21 23:08:51-04:00,1.0
2011-04-21 23:08:54-04:00,1.0
2011-04-21 23:08:57-04:00,0.0
2011-04-21 23:09:00-04:00,0.75
2011-04-21 23:09:03-04:00,0.33333333333333337
2011-04-21 23:09:06-04:00,0.6666666666666666
2011-04-21 23:09:09-04:00,1.0
2011-04-21 23:09:12-04:00,1.0
2011-04-21 23:09:15-04:00,1.0
2011-04-21 23:09:18-04:00,1.0
2011-04-21 23:09:21-04:00,0.0
2011-04-21 23:09:24-04:00,0.75
2011-04-21 23:09:27-04:00,1.0
2011-04-21 23:09:30-04:00,1.0
2011-04-21 23:09:33-04:00,1.0
2011-04-21 23:09:36-04:00,1.0
2011-04-21 23:09:39-04:00,1.0
2011-04-21 23:09:42-04:00,1.0
2011-04-21 23:09:45-04:00,1.0
2011-04-21 23:09:48-04:00,1.0
2011-04-21 23:09:51-04:00,0.25
2011-04-21 23:09:54-04:00,0.6666666666666666
2011-04-21 23:09:57-04:00,0.5
2011-04-21 23:10:00-04:00,0.0
2011-04-21 23:10:03-04:00,0.0
2011-04-21 23:10:06-04:00,0.75
2011-04-21 23:10:09-04:00,1.0
2011-04-21 23:10:12-04:00,1.0
2011-04-21 23:10:15-04:00,0.6666666666666667
2011-04-21 23:10:18-04:00,0.25
2011-04-21 23:10:21-04:00,1.0
2011-04-21 23:10:24-04:00,0.0
2011-04-21 23:10:27-04:00,0.75
2011-04-21 23:10:30-04:00,0.7777777777777778
2011-04-21 23:10:33-04:00,0.4444444444444444
2011-04-21 23:10:36-04:00,0.11111111111111116
2011-04-21 23:10:39-04:00,0.6666666666666666
2011-04-21 23:10:42-04:00,1.0
2011-04-21 23:10:45-04:00,1.0
2011-04-21 23:10:48-04:00,1.0
2011-04-21 23:10:51-04:00,1.0
2011-04-21 23:10:54-04:00,1.0
2011-04-21 23:10:57-04:00,0.25
2011-04-21 23:11:00-04:00,0.0
2011-04-21 23:11:03-04:00,0.6666666666666666
2011-04-21 23:11:06-04:00,1.0
2011-04-21 23:11:09-04:00,1.0
2011-04-21 23:11:12-04:00,1.0
2011-04-21 23:11:15-04:00,1.0
2011-04-21 23:11:18-04:00,1.0
2011-04-21 23:11:21-04:00,1.0
2011-04-21 23:11:24-04:00,1.0
2011-04-21 23:11:27-04:00,1.0
2011-04-21 23:11:30-04:00,1.0
2011-04-21 23:11:33-04:00,1.0
2011-04-21 23:11:36-04:00,1.0
2011-04-21 23:11:39-04:00,1.0
2011-04-21 23:11:42-04:00,1.0
2011-04-21 23:11:45-04:00,1.0
2011-04-21 23:11:48-04:00,1.0
2011-04-21 23:11:51-04:00,1.0
2011-04-21 23:11:54-04:00,1.0
2011-04-21 23:11:57-04:00,1.0
2011-04-21 23:12:00-04:00,1.0
2011-04-21 23:12:03-04:00,1.0
2011-04-21 23:12:06-04:00,1.0
2011-04-21 23:12:09-04:00,1.0
2011-04-21 23:12:12-04:00,1.0
2011-04-21 23:12:15-04:00,1.0
2011-04-21 23:12:18-04:00,1.0
2011-04-21 23:12:21-04:00,0.25
2011-04-21 23:12:24-04:00,0.6666666666666666
2011-04-21 23:12:27-04:00,1.0
2011-04-21 23:12:30-04:00,1.0
2011-04-21 23:12:33-04:00,1.0
2011-04-21 23:12:36-04:00,1.0
2011-04-21 23:12:39-04:00,1.0
2011-04-21 23:12:42-04:00,1.0
2011-04-21 23:12:45-04:00,1.0
2011-04-21 23:12:48-04:00,0.75
2011-04-21 23:12:51-04:00,0.0
2011-04-21 23:12:54-04:00,1.0
2011-04-21 23:12:57-04:00,1.0
2011-04-21 23:13:00-04:00,1.0
2011-04-21 23:13:03-04:00,1.0
2011-04-21 23:13:06-04:00,1.0
2011-04-21 23:13:09-04:00,1.0
2011-04-21 23:13:12-04:00,1.0
2011-04-21 23:13:15-04:00,1.0
2011-04-21 23:13:18-04:00,1.0
2011-04-21 23:13:21-04:00,0.25
2011-04-21 23:13:24-04:00,0.6666666666666666
2011-04-21 23:13:27-04:00,1.0
2011-04-21 23:13:30-04:00,1.0
2011-04-21 23:13:33-04:00,1.0
2011-04-21 23:13:36-04:00,1.0
2011-04-21 23:13:39-04:00,0.5
2011-04-21 23:13:42-04:00,0.3333333333333333
2011-04-21 23:13:45-04:00,1.0
2011-04-21 23:13:48-04:00,1.0
2011-04-21 23:13:51-04:00,1.0
2011-04-21 23:13:54-04:00,1.0
2011-04-21 23:13:57-04:00,1.0
2011-04-21 23:14:00-04:00,1.0
2011-04-21 23:14:03-04:00,1.0
2011-04-21 23:14:06-04:00,1.0
2011-04-21 23:14:09-04:00,1.0
2011-04-21 23:14:12-04:00,1.0
2011-04-21 23:14:15-04:00,1.0
2011-04-21 23:14:18-04:00,1.0
2011-04-21 23:14:21-04:00,1.0
2011-04-21 23:14:24-04:00,1.0
2011-04-21 23:14:27-04:00,1.0
2011-04-21 23:14:30-04:00,1.0
2011-04-21 23:14:33-04:00,1.0
2011-04-21 23:14:36-04:00,1.0
2011-04-21 23:14:39-04:00,1.0
2011-04-21 23:14:42-04:00,1.0
2011-04-21 23:14:45-04:00,0.75
2011-04-21 23:14:48-04:00,0.0
2011-04-21 23:14:51-04:00,1.0
2011-04-21 23:14:54-04:00,1.0
2011-04-21 23:14:57-04:00,1.0
2011-04-21 23:15:00-04:00,1.0
2011-04-21 23:15:03-04:00,1.0
2011-04-21 23:15:06-04:00,1.0
2011-04-21 23:15:09-04:00,1.0
2011-04-21 23:15:12-04:00,1.0
2011-04-21 23:15:15-04:00,1.0
2011-04-21 23:15:18-04:00,1.0
2011-04-21 23:15:21-04:00,1.0
2011-04-21 23:15:24-04:00,1.0
2011-04-21 23:15:27-04:00,1.0
2011-04-21 23:15:30-04:00,1.0
2011-04-21 23:15:33-04:00,1.0
2011-04-21 23:15:36-04:00,1.0
2011-04-21 23:15:39-04:00,1.0
2011-04-21 23:15:42-04:00,1.0
2011-04-21 23:15:45-04:00,1.0
2011-04-21 23:15:48-04:00,1.0
2011-04-21 23:15:51-04:00,1.0
2011-04-21 23:15:54-04:00,1.0
2011-04-21 23:15:57-04:00,1.0
2011-04-21 23:16:00-04:00,1.0
2011-04-21 23:16:03-04:00,1.0
2011-04-21 23:16:06-04:00,1.0
2011-04-21 23:16:09-04:00,1.0
2011-04-21 23:16:12-04:00,1.0
2011-04-21 23:16:15-04:00,1.0
2011-04-21 23:16:18-04:00,1.0
2011-04-21 23:16:21-04:00,1.0
2011-04-21 23:16:24-04:00,1.0
2011-04-21 23:16:27-04:00,1.0
2011-04-21 23:16:30-04:00,1.0
2011-04-21 23:16:33-04:00,1.0
2011-04-21 23:16:36-04:00,1.0
2011-04-21 23:16:39-04:00,1.0
2011-04-21 23:16:42-04:00,1.0
2011-04-21 23:16:45-04:00,1.0
2011-04-21 23:16:48-04:00,1.0
2011-04-21 23:16:51-04:00,1.0
2011-04-21 23:16:54-04:00,1.0
2011-04-21 23:16:57-04:00,1.0
2011-04-21 23:17:00-04:00,1.0
2011-04-21 23:17:03-04:00,1.0
2011-04-21 23:17:06-04:00,1.0
2011-04-21 23:17:09-04:00,1.0
2011-04-21 23:17:12-04:00,1.0
2011-04-21 23:17:15-04:00,1.0
2011-04-21 23:17:18-04:00,1.0
2011-04-21 23:17:21-04:00,1.0
2011-04-21 23:17:24-04:00,1.0
2011-04-21 23:17:27-04:00,1.0
2011-04-21 23:17:30-04:00,1.0
2011-04-21 23:17:33-04:00,1.0
2011-04-21 23:17:36-04:00,1.0
2011-04-21 23:17:39-04:00,1.0
2011-04-21 23:17:42-04:00,1.0
2011-04-21 23:17:45-04:00,1.0
2011-04-21 23:17:48-04:00,1.0
2011-04-21 23:17:51-04:00,1.0
2011-04-21 23:17:54-04:00,1.0
2011-04-21 23:17:57-04:00,1.0
2011-04-21 23:18:00-04:00,1.0
2011-04-21 23:18:03-04:00,1.0
2011-04-21 23:18:06-04:00,1.0
2011-04-21 23:18:09-04:00,1.0
2011-04-21 23:18:12-04:00,1.0
2011-04-21 23:18:15-04:00,1.0
2011-04-21 23:18:18-04:00,1.0
2011-04-21 23:18:21-04:00,1.0
2011-04-21 23:18:24-04:00,1.0
2011-04-21 23:18:27-04:00,1.0
2011-04-21 23:18:30-04:00,1.0
2011-04-21 23:18:33-04:00,1.0
2011-04-21 23:18:36-04:00,1.0
2011-04-21 23:18:39-04:00,1.0
2011-04-21 23:18:42-04:00,1.0
2011-04-21 23:18:45-04:00,1.0
2011-04-21 23:18:48-04:00,1.0
2011-04-21 23:18:51-04:00,1.0
2011-04-21 23:18:54-04:00,1.0
2011-04-21 23:18:57-04:00,1.0
2011-04-21 23:19:00-04:00,1.0
2011-04-21 23:19:03-04:00,1.0
2011-04-21 23:19:06-04:00,1.0
2011-04-21 23:19:09-04:00,1.0
2011-04-21 23:19:12-04:00,1.0
2011-04-21 23:19:15-04:00,1.0
2011-04-21 23:19:18-04:00,1.0
2011-04-21 23:19:21-04:00,1.0
2011-04-21 23:19:24-04:00,1.0
2011-04-21 23:19:27-04:00,1.0
2011-04-21 23:19:30-04:00,1.0
2011-04-21 23:19:33-04:00,1.0
2011-04-21 23:19:36-04:00,1.0
2011-04-21 23:19:39-04:00,1.0
2011-04-21 23:19:42-04:00,1.0
2011-04-21 23:19:45-04:00,1.0
2011-04-21 23:19:48-04:00,1.0
2011-04-21 23:19:51-04:00,1.0
2011-04-21 23:19:54-04:00,1.0
2011-04-21 23:19:57-04:00,1.0
2011-04-21 23:20:00-04:00,1.0
2011-04-21 23:20:03-04:00,1.0
2011-04-21 23:20:06-04:00,1.0
2011-04-21 23:20:09-04:00,1.0
2011-04-21 23:20:12-04:00,1.0
2011-04-21 23:20:15-04:00,1.0
2011-04-21 23:20:18-04:00,1.0
2011-04-21 23:20:21-04:00,1.0
2011-04-21 23:20:24-04:00,1.0
2011-04-21 23:20:27-04:00,1.0
2011-04-21 23:20:30-04:00,1.0
2011-04-21 23:20:33-04:00,1.0
2011-04-21 23:20:36-04:00,1.0
2011-04-21 23:20:39-04:00,1.0
2011-04-21 23:20:42-04:00,1.0
2011-04-21 23:20:45-04:00,1.0
2011-04-21 23:20:48-04:00,1.0
2011-04-21 23:20:51-04:00,1.0
2011-04-21 23:20:54-04:00,0.6666666666666667
2011-04-21 23:20:57-04:00,0.25
2011-04-21 23:21:00-04:00,1.0
2011-04-21 23:21:03-04:00,1.0
2011-04-21 23:21:06-04:00,1.0
2011-04-21 23:21:09-04:00,1.0
2011-04-21 23:21:12-04:00,1.0
2011-04-21 23:21:15-04:00,1.0
2011-04-21 23:21:18-04:00,1.0
2011-04-21 23:21:21-04:00,1.0
2011-04-21 23:21:24-04:00,1.0
2011-04-21 23:21:27-04:00,1.0
2011-04-21 23:21:30-04:00,1.0
2011-04-21 23:21:33-04:00,1.0
2011-04-21 23:21:36-04:00,1.0
2011-04-21 23:21:39-04:00,1.0
2011-04-21 23:21:42-04:00,1.0
2011-04-21 23:21:45-04:00,1.0
2011-04-21 23:21:48-04:00,1.0
2011-04-21 23:21:51-04:00,1.0
2011-04-21 23:21:54-04:00,1.0
2011-04-21 23:21:57-04:00,1.0
2011-04-21 23:22:00-04:00,1.0
2011-04-21 23:22:03-04:00,1.0
2011-04-21 23:22:06-04:00,1.0
2011-04-21 23:22:09-04:00,1.0
2011-04-21 23:22:12-04:00,1.0
2011-04-21 23:22:15-04:00,1.0
2011-04-21 23:22:18-04:00,1.0
2011-04-21 23:22:21-04:00,1.0
2011-04-21 23:22:24-04:00,1.0
2011-04-21 23:22:27-04:00,1.0
2011-04-21 23:22:30-04:00,1.0
2011-04-21 23:22:33-04:00,1.0
2011-04-21 23:22:36-04:00,1.0
2011-04-21 23:22:39-04:00,1.0
2011-04-21 23:22:42-04:00,1.0
2011-04-21 23:22:45-04:00,1.0
2011-04-21 23:22:48-04:00,1.0
2011-04-21 23:22:51-04:00,1.0
2011-04-21 23:22:54-04:00,1.0
2011-04-21 23:22:57-04:00,1.0
2011-04-21 23:23:00-04:00,1.0
2011-04-21 23:23:03-04:00,1.0
2011-04-21 23:23:06-04:00,1.0
2011-04-21 23:23:09-04:00,1.0
2011-04-21 23:23:12-04:00,0.5
2011-04-21 23:23:15-04:00,0.3333333333333333
2011-04-21 23:23:18-04:00,1.0
2011-04-21 23:23:21-04:00,1.0
2011-04-21 23:23:24-04:00,1.0
2011-04-21 23:23:27-04:00,1.0
2011-04-21 23:23:30-04:00,1.0
2011-04-21 23:23:33-04:00,1.0
2011-04-21 23:23:36-04:00,1.0
2011-04-21 23:23:39-04:00,1.0
2011-04-21 23:23:42-04:00,1.0
2011-04-21 23:23:45-04:00,1.0
2011-04-21 23:23:48-04:00,1.0
2011-04-21 23:23:51-04:00,1.0
2011-04-21 23:23:54-04:00,1.0
2011-04-21 23:23:57-04:00,1.0
2011-04-21 23:24:00-04:00,1.0
2011-04-21 23:24:03-04:00,1.0
2011-04-21 23:24:06-04:00,1.0
2011-04-21 23:24:09-04:00,1.0
2011-04-21 23:24:12-04:00,1.0
2011-04-21 23:24:15-04:00,1.0
2011-04-21 23:24:18-04:00,1.0
2011-04-21 23:24:21-04:00,1.0
2011-04-21 23:24:24-04:00,1.0
2011-04-21 23:24:27-04:00,1.0
2011-04-21 23:24:30-04:00,1.0
2011-04-21 23:24:33-04:00,1.0
2011-04-21 23:24:36-04:00,1.0
2011-04-21 23:24:39-04:00,1.0
2011-04-21 23:24:42-04:00,1.0
2011-04-21 23:24:45-04:00,1.0
2011-04-21 23:24:48-04:00,1.0
2011-04-21 23:24:51-04:00,1.0
2011-04-21 23:24:54-04:00,1.0
2011-04-21 23:24:57-04:00,1.0
2011-04-21 23:25:00-04:00,1.0
2011-04-21 23:25:03-04:00,1.0
2011-04-21 23:25:06-04:00,1.0
2011-04-21 23:25:09-04:00,1.0
2011-04-21 23:25:12-04:00,1.0
2011-04-21 23:25:15-04:00,1.0
2011-04-21 23:25:18-04:00,1.0
2011-04-21 23:25:21-04:00,1.0
2011-04-21 23:25:24-04:00,1.0
2011-04-21 23:25:27-04:00,1.0
2011-04-21 23:25:30-04:00,1.0
2011-04-21 23:25:33-04:00,1.0
2011-04-21 23:25:36-04:00,1.0
2011-04-21 23:25:39-04:00,1.0
2011-04-21 23:25:42-04:00,1.0
2011-04-21 23:25:45-04:00,1.0
2011-04-21 23:25:48-04:00,1.0
2011-04-21 23:25:51-04:00,1.0
2011-04-21 23:25:54-04:00,1.0
2011-04-21 23:25:57-04:00,1.0
2011-04-21 23:26:00-04:00,1.0
2011-04-21 23:26:03-04:00,0.33333333333333337
2011-04-21 23:26:06-04:00,0.5
2011-04-21 23:26:09-04:00,1.0
2011-04-21 23:26:12-04:00,1.0
2011-04-21 23:26:15-04:00,1.0
2011-04-21 23:26:18-04:00,1.0
2011-04-21 23:26:21-04:00,1.0
2011-04-21 23:26:24-04:00,1.0
2011-04-21 23:26:27-04:00,1.0
2011-04-21 23:26:30-04:00,1.0
2011-04-21 23:26:33-04:00,1.0
2011-04-21 23:26:36-04:00,1.0
2011-04-21 23:26:39-04:00,1.0
2011-04-21 23:26:42-04:00,1.0
2011-04-21 23:26:45-04:00,1.0
2011-04-21 23:26:48-04:00,1.0
2011-04-21 23:26:51-04:00,1.0
2011-04-21 23:26:54-04:00,1.0
2011-04-21 23:26:57-04:00,1.0
2011-04-21 23:27:00-04:00,1.0
2011-04-21 23:27:03-04:00,1.0
2011-04-21 23:27:06-04:00,1.0
2011-04-21 23:27:09-04:00,1.0
2011-04-21 23:27:12-04:00,1.0
2011-04-21 23:27:15-04:00,1.0
2011-04-21 23:27:18-04:00,1.0
2011-04-21 23:27:21-04:00,1.0
2011-04-21 23:27:24-04:00,1.0
2011-04-21 23:27:27-04:00,1.0
2011-04-21 23:27:30-04:00,1.0
2011-04-21 23:27:33-04:00,1.0
2011-04-21 23:27:36-04:00,1.0
2011-04-21 23:27:39-04:00,1.0
2011-04-21 23:27:42-04:00,1.0
2011-04-21 23:27:45-04:00,1.0
2011-04-21 23:27:48-04:00,1.0
2011-04-21 23:27:51-04:00,1.0
2011-04-21 23:27:54-04:00,1.0
2011-04-21 23:27:57-04:00,1.0
2011-04-21 23:28:00-04:00,1.0
2011-04-21 23:28:03-04:00,1.0
2011-04-21 23:28:06-04:00,1.0
2011-04-21 23:28:09-04:00,1.0
2011-04-21 23:28:12-04:00,1.0
2011-04-21 23:28:15-04:00,1.0
2011-04-21 23:28:18-04:00,1.0
2011-04-21 23:28:21-04:00,1.0
2011-04-21 23:28:24-04:00,1.0
2011-04-21 23:28:27-04:00,1.0
2011-04-21 23:28:30-04:00,1.0
2011-04-21 23:28:33-04:00,1.0
2011-04-21 23:28:36-04:00,1.0
2011-04-21 23:28:39-04:00,1.0
2011-04-21 23:28:42-04:00,1.0
2011-04-21 23:28:45-04:00,1.0
2011-04-21 23:28:48-04:00,1.0
2011-04-21 23:28:51-04:00,0.0
2011-04-21 23:28:54-04:00,0.75
2011-04-21 23:28:57-04:00,1.0
2011-04-21 23:29:00-04:00,1.0
2011-04-21 23:29:03-04:00,1.0
2011-04-21 23:29:06-04:00,1.0
2011-04-21 23:29:09-04:00,1.0
2011-04-21 23:29:12-04:00,1.0
2011-04-21 23:29:15-04:00,1.0
2011-04-21 23:29:18-04:00,1.0
2011-04-21 23:29:21-04:00,1.0
2011-04-21 23:29:24-04:00,1.0
2011-04-21 23:29:27-04:00,1.0
2011-04-21 23:29:30-04:00,1.0
2011-04-21 23:29:33-04:00,1.0
2011-04-21 23:29:36-04:00,1.0
2011-04-21 23:29:39-04:00,1.0
2011-04-21 23:29:42-04:00,1.0
2011-04-21 23:29:45-04:00,1.0
2011-04-21 23:29:48-04:00,1.0
2011-04-21 23:29:51-04:00,1.0
2011-04-21 23:29:54-04:00,1.0
2011-04-21 23:29:57-04:00,1.0
2011-04-21 23:30:00-04:00,1.0
2011-04-21 23:30:03-04:00,1.0
2011-04-21 23:30:06-04:00,1.0
2011-04-21 23:30:09-04:00,1.0
2011-04-21 23:30:12-04:00,1.0
2011-04-21 23:30:15-04:00,1.0
2011-04-21 23:30:18-04:00,1.0
2011-04-21 23:30:21-04:00,1.0
2011-04-21 23:30:24-04:00,1.0
2011-04-21 23:30:27-04:00,1.0
2011-04-21 23:30:30-04:00,1.0
2011-04-21 23:30:33-04:00,1.0
2011-04-21 23:30:36-04:00,1.0
2011-04-21 23:30:39-04:00,1.0
2011-04-21 23:30:42-04:00,1.0
2011-04-21 23:30:45-04:00,1.0
2011-04-21 23:30:48-04:00,1.0
2011-04-21 23:30:51-04:00,1.0
2011-04-21 23:30:54-04:00,1.0
2011-04-21 23:30:57-04:00,1.0
2011-04-21 23:31:00-04:00,1.0
2011-04-21 23:31:03-04:00,1.0
2011-04-21 23:31:06-04:00,1.0
2011-04-21 23:31:09-04:00,1.0
2011-04-21 23:31:12-04:00,1.0
2011-04-21 23:31:15-04:00,1.0
2011-04-21 23:31:18-04:00,1.0
2011-04-21 23:31:21-04:00,0.6666666666666667
2011-04-21 23:31:24-04:00,0.25
2011-04-21 23:31:27-04:00,1.0
2011-04-21 23:31:30-04:00,1.0
2011-04-21 23:31:33-04:00,1.0
2011-04-21 23:31:36-04:00,1.0
2011-04-21 23:31:39-04:00,1.0
2011-04-21 23:31:42-04:00,1.0
2011-04-21 23:31:45-04:00,1.0
2011-04-21 23:31:48-04:00,1.0
2011-04-21 23:31:51-04:00,1.0
2011-04-21 23:31:54-04:00,1.0
2011-04-21 23:31:57-04:00,1.0
2011-04-21 23:32:00-04:00,1.0
2011-04-21 23:32:03-04:00,1.0
2011-04-21 23:32:06-04:00,1.0
2011-04-21 23:32:09-04:00,1.0
2011-04-21 23:32:12-04:00,1.0
2011-04-21 23:32:15-04:00,1.0
2011-04-21 23:32:18-04:00,1.0
2011-04-21 23:32:21-04:00,1.0
2011-04-21 23:32:24-04:00,1.0
2011-04-21 23:32:27-04:00,1.0
2011-04-21 23:32:30-04:00,1.0
2011-04-21 23:32:33-04:00,1.0
2011-04-21 23:32:36-04:00,1.0
2011-04-21 23:32:39-04:00,1.0
2011-04-21 23:32:42-04:00,1.0
2011-04-21 23:32:45-04:00,1.0
2011-04-21 23:32:48-04:00,1.0
2011-04-21 23:32:51-04:00,1.0
2011-04-21 23:32:54-04:00,1.0
2011-04-21 23:32:57-04:00,1.0
2011-04-21 23:33:00-04:00,1.0
2011-04-21 23:33:03-04:00,1.0
2011-04-21 23:33:06-04:00,1.0
2011-04-21 23:33:09-04:00,1.0
2011-04-21 23:33:12-04:00,1.0
2011-04-21 23:33:15-04:00,1.0
2011-04-21 23:33:18-04:00,1.0
2011-04-21 23:33:21-04:00,1.0
2011-04-21 23:33:24-04:00,1.0
2011-04-21 23:33:27-04:00,1.0
2011-04-21 23:33:30-04:00,1.0
2011-04-21 23:33:33-04:00,1.0
2011-04-21 23:33:36-04:00,1.0
2011-04-21 23:33:39-04:00,1.0
2011-04-21 23:33:42-04:00,1.0
2011-04-21 23:33:45-04:00,1.0
2011-04-21 23:33:48-04:00,1.0
2011-04-21 23:33:51-04:00,1.0
2011-04-21 23:33:54-04:00,1.0
2011-04-21 23:33:57-04:00,1.0
2011-04-21 23:34:00-04:00,1.0
2011-04-21 23:34:03-04:00,1.0
2011-04-21 23:34:06-04:00,1.0
2011-04-21 23:34:09-04:00,1.0
2011-04-21 23:34:12-04:00,1.0
2011-04-21 23:34:15-04:00,1.0
2011-04-21 23:34:18-04:00,1.0
2011-04-21 23:34:21-04:00,1.0
2011-04-21 23:34:24-04:00,1.0
2011-04-21 23:34:27-04:00,1.0
2011-04-21 23:34:30-04:00,1.0
2011-04-21 23:34:33-04:00,1.0
2011-04-21 23:34:36-04:00,1.0
2011-04-21 23:34:39-04:00,1.0
2011-04-21 23:34:42-04:00,1.0
2011-04-21 23:34:45-04:00,1.0
2011-04-21 23:34:48-04:00,1.0
2011-04-21 23:34:51-04:00,1.0
2011-04-21 23:34:54-04:00,1.0
2011-04-21 23:34:57-04:00,1.0
2011-04-21 23:35:00-04:00,1.0
2011-04-21 23:35:03-04:00,1.0
2011-04-21 23:35:06-04:00,0.75
2011-04-21 23:35:09-04:00,0.0
2011-04-21 23:35:12-04:00,1.0
2011-04-21 23:35:15-04:00,1.0
2011-04-21 23:35:18-04:00,1.0
2011-04-21 23:35:21-04:00,0.33333333333333337
2011-04-21 23:35:24-04:00,0.5
2011-04-21 23:35:27-04:00,1.0
2011-04-21 23:35:30-04:00,1.0
2011-04-21 23:35:33-04:00,1.0
2011-04-21 23:35:36-04:00,0.6666666666666667
2011-04-21 23:35:39-04:00,0.25
2011-04-21 23:35:42-04:00,1.0
2011-04-21 23:35:45-04:00,1.0
2011-04-21 23:35:48-04:00,1.0
2011-04-21 23:35:51-04:00,0.25
2011-04-21 23:35:54-04:00,0.6666666666666666
2011-04-21 23:35:57-04:00,1.0
2011-04-21 23:36:00-04:00,0.6666666666666667
2011-04-21 23:36:03-04:00,0.25
2011-04-21 23:36:06-04:00,1.0
2011-04-21 23:36:09-04:00,1.0
2011-04-21 23:36:12-04:00,1.0
2011-04-21 23:36:15-04:00,1.0
2011-04-21 23:36:18-04:00,0.33333333333333337
2011-04-21 23:36:21-04:00,0.0
2011-04-21 23:36:24-04:00,0.3333333333333333
2011-04-21 23:36:27-04:00,1.0
2011-04-21 23:36:30-04:00,1.0
2011-04-21 23:36:33-04:00,1.0
2011-04-21 23:36:36-04:00,1.0
2011-04-21 23:36:39-04:00,1.0
2011-04-21 23:36:42-04:00,1.0
2011-04-21 23:36:45-04:00,1.0
2011-04-21 23:36:48-04:00,1.0
2011-04-21 23:36:51-04:00,1.0
2011-04-21 23:36:54-04:00,0.6666666666666667
2011-04-21 23:36:57-04:00,0.0
2011-04-21 23:37:00-04:00,0.0
2011-04-21 23:37:03-04:00,1.0
2011-04-21 23:37:06-04:00,1.0
2011-04-21 23:37:09-04:00,1.0
2011-04-21 23:37:12-04:00,1.0
2011-04-21 23:37:15-04:00,1.0
2011-04-21 23:37:18-04:00,1.0
2011-04-21 23:37:21-04:00,1.0
2011-04-21 23:37:24-04:00,1.0
2011-04-21 23:37:27-04:00,0.0
2011-04-21 23:37:30-04:00,0.3333333333333333
2011-04-21 23:37:33-04:00,0.6666666666666666
2011-04-21 23:37:36-04:00,1.0
2011-04-21 23:37:39-04:00,1.0
2011-04-21 23:37:42-04:00,1.0
2011-04-21 23:37:45-04:00,1.0
2011-04-21 23:37:48-04:00,1.0
2011-04-21 23:37:51-04:00,1.0
2011-04-21 23:37:54-04:00,1.0
2011-04-21 23:37:57-04:00,1.0
2011-04-21 23:38:00-04:00,1.0
2011-04-21 23:38:03-04:00,1.0
2011-04-21 23:38:06-04:00,1.0
2011-04-21 23:38:09-04:00,1.0
2011-04-21 23:38:12-04:00,1.0
2011-04-21 23:38:15-04:00,1.0
2011-04-21 23:38:18-04:00,1.0
2011-04-21 23:38:21-04:00,1.0
2011-04-21 23:38:24-04:00,1.0
2011-04-21 23:38:27-04:00,0.75
2011-04-21 23:38:30-04:00,0.375
2011-04-21 23:38:33-04:00,0.0
2011-04-21 23:38:36-04:00,0.75
2011-04-21 23:38:39-04:00,1.0
2011-04-21 23:38:42-04:00,1.0
2011-04-21 23:38:45-04:00,1.0
2011-04-21 23:38:48-04:00,1.0
2011-04-21 23:38:51-04:00,1.0
2011-04-21 23:38:54-04:00,1.0
2011-04-21 23:38:57-04:00,1.0
2011-04-21 23:39:00-04:00,1.0
2011-04-21 23:39:03-04:00,1.0
2011-04-21 23:39:06-04:00,0.75
2011-04-21 23:39:09-04:00,0.0
2011-04-21 23:39:12-04:00,1.0
2011-04-21 23:39:15-04:00,1.0
2011-04-21 23:39:18-04:00,1.0
2011-04-21 23:39:21-04:00,1.0
2011-04-21 23:39:24-04:00,1.0
2011-04-21 23:39:27-04:00,1.0
2011-04-21 23:39:30-04:00,1.0
2011-04-21 23:39:33-04:00,1.0
2011-04-21 23:39:36-04:00,1.0
2011-04-21 23:39:39-04:00,1.0
2011-04-21 23:39:42-04:00,1.0
2011-04-21 23:39:45-04:00,1.0
2011-04-21 23:39:48-04:00,1.0
2011-04-21 23:39:51-04:00,1.0
2011-04-21 23:39:54-04:00,1.0
2011-04-21 23:39:57-04:00,1.0
2011-04-21 23:40:00-04:00,1.0
2011-04-21 23:40:03-04:00,1.0
2011-04-21 23:40:06-04:00,1.0
2011-04-21 23:40:09-04:00,1.0
2011-04-21 23:40:12-04:00,1.0
2011-04-21 23:40:15-04:00,1.0
2011-04-21 23:40:18-04:00,1.0
2011-04-21 23:40:21-04:00,1.0
2011-04-21 23:40:24-04:00,1.0
2011-04-21 23:40:27-04:00,1.0
2011-04-21 23:40:30-04:00,1.0
2011-04-21 23:40:33-04:00,1.0
2011-04-21 23:40:36-04:00,1.0
2011-04-21 23:40:39-04:00,1.0
2011-04-21 23:40:42-04:00,1.0
2011-04-21 23:40:45-04:00,1.0
2011-04-21 23:40:48-04:00,1.0
2011-04-21 23:40:51-04:00,1.0
2011-04-21 23:40:54-04:00,0.6666666666666667
2011-04-21 23:40:57-04:00,0.3333333333333333
2011-04-21 23:41:00-04:00,1.0
2011-04-21 23:41:03-04:00,1.0
2011-04-21 23:41:06-04:00,1.0
2011-04-21 23:41:09-04:00,1.0
2011-04-21 23:41:12-04:00,1.0
2011-04-21 23:41:15-04:00,1.0
2011-04-21 23:41:18-04:00,1.0
2011-04-21 23:41:21-04:00,1.0
2011-04-21 23:41:24-04:00,1.0
2011-04-21 23:41:27-04:00,1.0
2011-04-21 23:41:30-04:00,1.0
2011-04-21 23:41:33-04:00,1.0
2011-04-21 23:41:36-04:00,1.0
2011-04-21 23:41:39-04:00,1.0
2011-04-21 23:41:42-04:00,1.0
2011-04-21 23:41:45-04:00,1.0
2011-04-21 23:41:48-04:00,1.0
2011-04-21 23:41:51-04:00,1.0
2011-04-21 23:41:54-04:00,1.0
2011-04-21 23:41:57-04:00,1.0
2011-04-21 23:42:00-04:00,1.0
2011-04-21 23:42:03-04:00,1.0
2011-04-21 23:42:06-04:00,1.0
2011-04-21 23:42:09-04:00,1.0
2011-04-21 23:42:12-04:00,1.0
2011-04-21 23:42:15-04:00,1.0
2011-04-21 23:42:18-04:00,1.0
2011-04-21 23:42:21-04:00,1.0
2011-04-21 23:42:24-04:00,1.0
2011-04-21 23:42:27-04:00,1.0
2011-04-21 23:42:30-04:00,1.0
2011-04-21 23:42:33-04:00,1.0
2011-04-21 23:42:36-04:00,1.0
2011-04-21 23:42:39-04:00,1.0
2011-04-21 23:42:42-04:00,1.0
2011-04-21 23:42:45-04:00,1.0
2011-04-21 23:42:48-04:00,1.0
2011-04-21 23:42:51-04:00,0.75
2011-04-21 23:42:54-04:00,0.0
2011-04-21 23:42:57-04:00,1.0
2011-04-21 23:43:00-04:00,1.0
2011-04-21 23:43:03-04:00,1.0
2011-04-21 23:43:06-04:00,1.0
2011-04-21 23:43:09-04:00,1.0
2011-04-21 23:43:12-04:00,1.0
2011-04-21 23:43:15-04:00,1.0
2011-04-21 23:43:18-04:00,1.0
2011-04-21 23:43:21-04:00,1.0
2011-04-21 23:43:24-04:00,1.0
2011-04-21 23:43:27-04:00,1.0
2011-04-21 23:43:30-04:00,1.0
2011-04-21 23:43:33-04:00,1.0
2011-04-21 23:43:36-04:00,1.0
2011-04-21 23:43:39-04:00,1.0
2011-04-21 23:43:42-04:00,1.0
2011-04-21 23:43:45-04:00,1.0
2011-04-21 23:43:48-04:00,1.0
2011-04-21 23:43:51-04:00,1.0
2011-04-21 23:43:54-04:00,1.0
2011-04-21 23:43:57-04:00,0.0
2011-04-21 23:44:00-04:00,0.75
2011-04-21 23:44:03-04:00,1.0
2011-04-21 23:44:06-04:00,1.0
2011-04-21 23:44:09-04:00,1.0
2011-04-21 23:44:12-04:00,1.0
2011-04-21 23:44:15-04:00,1.0
2011-04-21 23:44:18-04:00,1.0
2011-04-21 23:44:21-04:00,1.0
2011-04-21 23:44:24-04:00,1.0
2011-04-21 23:44:27-04:00,1.0
2011-04-21 23:44:30-04:00,1.0
2011-04-21 23:44:33-04:00,1.0
2011-04-21 23:44:36-04:00,1.0
2011-04-21 23:44:39-04:00,1.0
2011-04-21 23:44:42-04:00,1.0
2011-04-21 23:44:45-04:00,1.0
2011-04-21 23:44:48-04:00,1.0
2011-04-21 23:44:51-04:00,1.0
2011-04-21 23:44:54-04:00,1.0
2011-04-21 23:44:57-04:00,1.0
2011-04-21 23:45:00-04:00,1.0
2011-04-21 23:45:03-04:00,1.0
2011-04-21 23:45:06-04:00,1.0
2011-04-21 23:45:09-04:00,1.0
2011-04-21 23:45:12-04:00,1.0
2011-04-21 23:45:15-04:00,1.0
2011-04-21 23:45:18-04:00,1.0
2011-04-21 23:45:21-04:00,0.33333333333333337
2011-04-21 23:45:24-04:00,0.5
2011-04-21 23:45:27-04:00,1.0
2011-04-21 23:45:30-04:00,1.0
2011-04-21 23:45:33-04:00,1.0
2011-04-21 23:45:36-04:00,1.0
2011-04-21 23:45:39-04:00,1.0
2011-04-21 23:45:42-04:00,1.0
2011-04-21 23:45:45-04:00,1.0
2011-04-21 23:45:48-04:00,1.0
2011-04-21 23:45:51-04:00,1.0
2011-04-21 23:45:54-04:00,1.0
2011-04-21 23:45:57-04:00,1.0
2011-04-21 23:46:00-04:00,1.0
2011-04-21 23:46:03-04:00,1.0
2011-04-21 23:46:06-04:00,1.0
2011-04-21 23:46:09-04:00,1.0
2011-04-21 23:46:12-04:00,1.0
2011-04-21 23:46:15-04:00,1.0
2011-04-21 23:46:18-04:00,1.0
2011-04-21 23:46:21-04:00,1.0
2011-04-21 23:46:24-04:00,1.0
2011-04-21 23:46:27-04:00,1.0
2011-04-21 23:46:30-04:00,1.0
2011-04-21 23:46:33-04:00,1.0
2011-04-21 23:46:36-04:00,1.0
2011-04-21 23:46:39-04:00,1.0
2011-04-21 23:46:42-04:00,1.0
2011-04-21 23:46:45-04:00,1.0
2011-04-21 23:46:48-04:00,1.0
2011-04-21 23:46:51-04:00,1.0
2011-04-21 23:46:54-04:00,1.0
2011-04-21 23:46:57-04:00,1.0
2011-04-21 23:47:00-04:00,1.0
2011-04-21 23:47:03-04:00,1.0
2011-04-21 23:47:06-04:00,0.75
2011-04-21 23:47:09-04:00,0.0
2011-04-21 23:47:12-04:00,1.0
2011-04-21 23:47:15-04:00,1.0
2011-04-21 23:47:18-04:00,1.0
2011-04-21 23:47:21-04:00,1.0
2011-04-21 23:47:24-04:00,1.0
2011-04-21 23:47:27-04:00,1.0
2011-04-21 23:47:30-04:00,1.0
2011-04-21 23:47:33-04:00,1.0
2011-04-21 23:47:36-04:00,1.0
2011-04-21 23:47:39-04:00,1.0
2011-04-21 23:47:42-04:00,1.0
2011-04-21 23:47:45-04:00,1.0
2011-04-21 23:47:48-04:00,1.0
2011-04-21 23:47:51-04:00,1.0
2011-04-21 23:47:54-04:00,1.0
2011-04-21 23:47:57-04:00,1.0
2011-04-21 23:48:00-04:00,1.0
2011-04-21 23:48:03-04:00,1.0
2011-04-21 23:48:06-04:00,1.0
2011-04-21 23:48:09-04:00,1.0
2011-04-21 23:48:12-04:00,1.0
2011-04-21 23:48:15-04:00,1.0
2011-04-21 23:48:18-04:00,1.0
2011-04-21 23:48:21-04:00,1.0
2011-04-21 23:48:24-04:00,1.0
2011-04-21 23:48:27-04:00,1.0
2011-04-21 23:48:30-04:00,1.0
2011-04-21 23:48:33-04:00,1.0
2011-04-21 23:48:36-04:00,1.0
2011-04-21 23:48:39-04:00,1.0
2011-04-21 23:48:42-04:00,1.0
2011-04-21 23:48:45-04:00,1.0
2011-04-21 23:48:48-04:00,1.0
2011-04-21 23:48:51-04:00,1.0
2011-04-21 23:48:54-04:00,1.0
2011-04-21 23:48:57-04:00,1.0
2011-04-21 23:49:00-04:00,1.0
2011-04-21 23:49:03-04:00,1.0
2011-04-21 23:49:06-04:00,1.0
2011-04-21 23:49:09-04:00,1.0
2011-04-21 23:49:12-04:00,1.0
2011-04-21 23:49:15-04:00,1.0
2011-04-21 23:49:18-04:00,1.0
2011-04-21 23:49:21-04:00,1.0
2011-04-21 23:49:24-04:00,0.6666666666666667
2011-04-21 23:49:27-04:00,0.1111111111111111
2011-04-21 23:49:30-04:00,0.4444444444444444
2011-04-21 23:49:33-04:00,0.7777777777777778
2011-04-21 23:49:36-04:00,1.0
2011-04-21 23:49:39-04:00,1.0
2011-04-21 23:49:42-04:00,1.0
2011-04-21 23:49:45-04:00,1.0
2011-04-21 23:49:48-04:00,1.0
2011-04-21 23:49:51-04:00,1.0
2011-04-21 23:49:54-04:00,1.0
2011-04-21 23:49:57-04:00,1.0
2011-04-21 23:50:00-04:00,1.0
2011-04-21 23:50:03-04:00,1.0
2011-04-21 23:50:06-04:00,1.0
2011-04-21 23:50:09-04:00,1.0
2011-04-21 23:50:12-04:00,1.0
2011-04-21 23:50:15-04:00,1.0
2011-04-21 23:50:18-04:00,1.0
2011-04-21 23:50:21-04:00,1.0
2011-04-21 23:50:24-04:00,1.0
2011-04-21 23:50:27-04:00,1.0
2011-04-21 23:50:30-04:00,1.0
2011-04-21 23:50:33-04:00,1.0
2011-04-21 23:50:36-04:00,1.0
2011-04-21 23:50:39-04:00,1.0
2011-04-21 23:50:42-04:00,1.0
2011-04-21 23:50:45-04:00,1.0
2011-04-21 23:50:48-04:00,1.0
2011-04-21 23:50:51-04:00,1.0
2011-04-21 23:50:54-04:00,1.0
2011-04-21 23:50:57-04:00,1.0
2011-04-21 23:51:00-04:00,1.0
2011-04-21 23:51:03-04:00,1.0
2011-04-21 23:51:06-04:00,1.0
2011-04-21 23:51:09-04:00,1.0
2011-04-21 23:51:12-04:00,1.0
2011-04-21 23:51:15-04:00,1.0
2011-04-21 23:51:18-04:00,1.0
2011-04-21 23:51:21-04:00,1.0
2011-04-21 23:51:24-04:00,1.0
2011-04-21 23:51:27-04:00,1.0
2011-04-21 23:51:30-04:00,1.0
2011-04-21 23:51:33-04:00,1.0
2011-04-21 23:51:36-04:00,1.0
2011-04-21 23:51:39-04:00,1.0
2011-04-21 23:51:42-04:00,1.0
2011-04-21 23:51:45-04:00,1.0
2011-04-21 23:51:48-04:00,1.0
2011-04-21 23:51:51-04:00,1.0
2011-04-21 23:51:54-04:00,1.0
2011-04-21 23:51:57-04:00,1.0
2011-04-21 23:52:00-04:00,1.0
2011-04-21 23:52:03-04:00,1.0
2011-04-21 23:52:06-04:00,1.0
2011-04-21 23:52:09-04:00,1.0
2011-04-21 23:52:12-04:00,1.0
2011-04-21 23:52:15-04:00,1.0
2011-04-21 23:52:18-04:00,1.0
2011-04-21 23:52:21-04:00,1.0
2011-04-21 23:52:24-04:00,1.0
2011-04-21 23:52:27-04:00,1.0
2011-04-21 23:52:30-04:00,1.0
2011-04-21 23:52:33-04:00,1.0
2011-04-21 23:52:36-04:00,1.0
2011-04-21 23:52:39-04:00,1.0
2011-04-21 23:52:42-04:00,1.0
2011-04-21 23:52:45-04:00,1.0
2011-04-21 23:52:48-04:00,1.0
2011-04-21 23:52:51-04:00,1.0
2011-04-21 23:52:54-04:00,1.0
2011-04-21 23:52:57-04:00,1.0
2011-04-21 23:53:00-04:00,1.0
2011-04-21 23:53:03-04:00,1.0
2011-04-21 23:53:06-04:00,1.0
2011-04-21 23:53:09-04:00,1.0
2011-04-21 23:53:12-04:00,1.0
2011-04-21 23:53:15-04:00,1.0
2011-04-21 23:53:18-04:00,1.0
2011-04-21 23:53:21-04:00,1.0
2011-04-21 23:53:24-04:00,1.0
2011-04-21 23:53:27-04:00,1.0
2011-04-21 23:53:30-04:00,1.0
2011-04-21 23:53:33-04:00,1.0
2011-04-21 23:53:36-04:00,1.0
2011-04-21 23:53:39-04:00,1.0
2011-04-21 23:53:42-04:00,1.0
2011-04-21 23:53:45-04:00,1.0
2011-04-21 23:53:48-04:00,1.0
2011-04-21 23:53:51-04:00,1.0
2011-04-21 23:53:54-04:00,1.0
2011-04-21 23:53:57-04:00,1.0
2011-04-21 23:54:00-04:00,1.0
2011-04-21 23:54:03-04:00,1.0
2011-04-21 23:54:06-04:00,1.0
2011-04-21 23:54:09-04:00,1.0
2011-04-21 23:54:12-04:00,1.0
2011-04-21 23:54:15-04:00,1.0
2011-04-21 23:54:18-04:00,1.0
2011-04-21 23:54:21-04:00,1.0
2011-04-21 23:54:24-04:00,1.0
2011-04-21 23:54:27-04:00,1.0
2011-04-21 23:54:30-04:00,1.0
2011-04-21 23:54:33-04:00,1.0
2011-04-21 23:54:36-04:00,1.0
2011-04-21 23:54:39-04:00,1.0
2011-04-21 23:54:42-04:00,1.0
2011-04-21 23:54:45-04:00,1.0
2011-04-21 23:54:48-04:00,1.0
2011-04-21 23:54:51-04:00,1.0
2011-04-21 23:54:54-04:00,1.0
2011-04-21 23:54:57-04:00,1.0
2011-04-21 23:55:00-04:00,1.0
2011-04-21 23:55:03-04:00,1.0
2011-04-21 23:55:06-04:00,1.0
2011-04-21 23:55:09-04:00,1.0
2011-04-21 23:55:12-04:00,1.0
2011-04-21 23:55:15-04:00,1.0
2011-04-21 23:55:18-04:00,1.0
2011-04-21 23:55:21-04:00,0.0
2011-04-21 23:55:24-04:00,0.75
2011-04-21 23:55:27-04:00,1.0
2011-04-21 23:55:30-04:00,1.0
2011-04-21 23:55:33-04:00,1.0
2011-04-21 23:55:36-04:00,1.0
2011-04-21 23:55:39-04:00,1.0
2011-04-21 23:55:42-04:00,1.0
2011-04-21 23:55:45-04:00,1.0
2011-04-21 23:55:48-04:00,1.0
2011-04-21 23:55:51-04:00,1.0
2011-04-21 23:55:54-04:00,1.0
2011-04-21 23:55:57-04:00,1.0
2011-04-21 23:56:00-04:00,1.0
2011-04-21 23:56:03-04:00,1.0
2011-04-21 23:56:06-04:00,1.0
2011-04-21 23:56:09-04:00,1.0
2011-04-21 23:56:12-04:00,1.0
2011-04-21 23:56:15-04:00,1.0
2011-04-21 23:56:18-04:00,1.0
2011-04-21 23:56:21-04:00,1.0
2011-04-21 23:56:24-04:00,1.0
2011-04-21 23:56:27-04:00,1.0
2011-04-21 23:56:30-04:00,1.0
2011-04-21 23:56:33-04:00,1.0
2011-04-21 23:56:36-04:00,1.0
2011-04-21 23:56:39-04:00,1.0
2011-04-21 23:56:42-04:00,1.0
2011-04-21 23:56:45-04:00,1.0
2011-04-21 23:56:48-04:00,1.0
2011-04-21 23:56:51-04:00,1.0
2011-04-21 23:56:54-04:00,1.0
2011-04-21 23:56:57-04:00,1.0
2011-04-21 23:57:00-04:00,1.0
2011-04-21 23:57:03-04:00,1.0
2011-04-21 23:57:06-04:00,1.0
2011-04-21 23:57:09-04:00,1.0
2011-04-21 23:57:12-04:00,1.0
2011-04-21 23:57:15-04:00,1.0
2011-04-21 23:57:18-04:00,1.0
2011-04-21 23:57:21-04:00,1.0
2011-04-21 23:57:24-04:00,1.0
2011-04-21 23:57:27-04:00,1.0
2011-04-21 23:57:30-04:00,1.0
2011-04-21 23:57:33-04:00,1.0
2011-04-21 23:57:36-04:00,1.0
2011-04-21 23:57:39-04:00,1.0
2011-04-21 23:57:42-04:00,1.0
2011-04-21 23:57:45-04:00,1.0
2011-04-21 23:57:48-04:00,1.0
2011-04-21 23:57:51-04:00,1.0
2011-04-21 23:57:54-04:00,1.0
2011-04-21 23:57:57-04:00,1.0
2011-04-21 23:58:00-04:00,1.0
2011-04-21 23:58:03-04:00,1.0
2011-04-21 23:58:06-04:00,1.0
2011-04-21 23:58:09-04:00,1.0
2011-04-21 23:58:12-04:00,1.0
2011-04-21 23:58:15-04:00,1.0
2011-04-21 23:58:18-04:00,1.0
2011-04-21 23:58:21-04:00,1.0
2011-04-21 23:58:24-04:00,1.0
2011-04-21 23:58:27-04:00,1.0
2011-04-21 23:58:30-04:00,1.0
2011-04-21 23:58:33-04:00,1.0
2011-04-21 23:58:36-04:00,1.0
2011-04-21 23:58:39-04:00,1.0
2011-04-21 23:58:42-04:00,1.0
2011-04-21 23:58:45-04:00,1.0
2011-04-21 23:58:48-04:00,1.0
2011-04-21 23:58:51-04:00,1.0
2011-04-21 23:58:54-04:00,1.0
2011-04-21 23:58:57-04:00,1.0
2011-04-21 23:59:00-04:00,1.0
2011-04-21 23:59:03-04:00,1.0
2011-04-21 23:59:06-04:00,1.0
2011-04-21 23:59:09-04:00,1.0
2011-04-21 23:59:12-04:00,1.0
2011-04-21 23:59:15-04:00,1.0
2011-04-21 23:59:18-04:00,1.0
2011-04-21 23:59:21-04:00,1.0
2011-04-21 23:59:24-04:00,1.0
2011-04-21 23:59:27-04:00,1.0
2011-04-21 23:59:30-04:00,1.0
2011-04-21 23:59:33-04:00,1.0
2011-04-21 23:59:36-04:00,1.0
2011-04-21 23:59:39-04:00,1.0
2011-04-21 23:59:42-04:00,1.0
2011-04-21 23:59:45-04:00,0.0
2011-04-21 23:59:48-04:00,1.0
2011-04-21 23:59:51-04:00,1.0
2011-04-21 23:59:54-04:00,1.0
2011-04-21 23:59:57-04:00,1.0
2011-04-22 00:00:00-04:00,1.0
2011-04-22 00:00:03-04:00,1.0
2011-04-22 00:00:06-04:00,1.0
2011-04-22 00:00:09-04:00,1.0
2011-04-22 00:00:12-04:00,1.0
2011-04-22 00:00:15-04:00,1.0
2011-04-22 00:00:18-04:00,0.5
2011-04-22 00:00:21-04:00,0.3333333333333333
2011-04-22 00:00:24-04:00,1.0
2011-04-22 00:00:27-04:00,1.0
2011-04-22 00:00:30-04:00,1.0
2011-04-22 00:00:33-04:00,1.0
2011-04-22 00:00:36-04:00,1.0
2011-04-22 00:00:39-04:00,1.0
2011-04-22 00:00:42-04:00,1.0
2011-04-22 00:00:45-04:00,1.0
2011-04-22 00:00:48-04:00,1.0
2011-04-22 00:00:51-04:00,1.0
2011-04-22 00:00:54-04:00,1.0
2011-04-22 00:00:57-04:00,1.0
2011-04-22 00:01:00-04:00,1.0
2011-04-22 00:01:03-04:00,1.0
2011-04-22 00:01:06-04:00,1.0
2011-04-22 00:01:09-04:00,1.0
2011-04-22 00:01:12-04:00,1.0
2011-04-22 00:01:15-04:00,1.0
2011-04-22 00:01:18-04:00,1.0
2011-04-22 00:01:21-04:00,1.0
2011-04-22 00:01:24-04:00,1.0
2011-04-22 00:01:27-04:00,1.0
2011-04-22 00:01:30-04:00,1.0
2011-04-22 00:01:33-04:00,1.0
2011-04-22 00:01:36-04:00,1.0
2011-04-22 00:01:39-04:00,1.0
2011-04-22 00:01:42-04:00,1.0
2011-04-22 00:01:45-04:00,1.0
2011-04-22 00:01:48-04:00,1.0
2011-04-22 00:01:51-04:00,1.0
2011-04-22 00:01:54-04:00,1.0
2011-04-22 00:01:57-04:00,1.0
2011-04-22 00:02:00-04:00,1.0
2011-04-22 00:02:03-04:00,1.0
2011-04-22 00:02:06-04:00,1.0
2011-04-22 00:02:09-04:00,1.0
2011-04-22 00:02:12-04:00,1.0
2011-04-22 00:02:15-04:00,1.0
2011-04-22 00:02:18-04:00,1.0
2011-04-22 00:02:21-04:00,1.0
2011-04-22 00:02:24-04:00,1.0
2011-04-22 00:02:27-04:00,1.0
2011-04-22 00:02:30-04:00,1.0
2011-04-22 00:02:33-04:00,1.0
2011-04-22 00:02:36-04:00,1.0
2011-04-22 00:02:39-04:00,1.0
2011-04-22 00:02:42-04:00,1.0
2011-04-22 00:02:45-04:00,1.0
2011-04-22 00:02:48-04:00,1.0
2011-04-22 00:02:51-04:00,1.0
2011-04-22 00:02:54-04:00,1.0
2011-04-22 00:02:57-04:00,0.6666666666666667
2011-04-22 00:03:00-04:00,0.3333333333333333
2011-04-22 00:03:03-04:00,1.0
2011-04-22 00:03:06-04:00,1.0
2011-04-22 00:03:09-04:00,1.0
2011-04-22 00:03:12-04:00,1.0
2011-04-22 00:03:15-04:00,1.0
2011-04-22 00:03:18-04:00,1.0
2011-04-22 00:03:21-04:00,1.0
2011-04-22 00:03:24-04:00,1.0
2011-04-22 00:03:27-04:00,1.0
2011-04-22 00:03:30-04:00,1.0
2011-04-22 00:03:33-04:00,1.0
2011-04-22 00:03:36-04:00,1.0
2011-04-22 00:03:39-04:00,1.0
2011-04-22 00:03:42-04:00,1.0
2011-04-22 00:03:45-04:00,1.0
2011-04-22 00:03:48-04:00,1.0
2011-04-22 00:03:51-04:00,1.0
2011-04-22 00:03:54-04:00,1.0
2011-04-22 00:03:57-04:00,1.0
2011-04-22 00:04:00-04:00,1.0
2011-04-22 00:04:03-04:00,1.0
2011-04-22 00:04:06-04:00,1.0
2011-04-22 00:04:09-04:00,1.0
2011-04-22 00:04:12-04:00,1.0
2011-04-22 00:04:15-04:00,1.0
2011-04-22 00:04:18-04:00,1.0
2011-04-22 00:04:21-04:00,1.0
2011-04-22 00:04:24-04:00,1.0
2011-04-22 00:04:27-04:00,1.0
2011-04-22 00:04:30-04:00,1.0
2011-04-22 00:04:33-04:00,1.0
2011-04-22 00:04:36-04:00,1.0
2011-04-22 00:04:39-04:00,1.0
2011-04-22 00:04:42-04:00,1.0
2011-04-22 00:04:45-04:00,1.0
2011-04-22 00:04:48-04:00,1.0
2011-04-22 00:04:51-04:00,1.0
2011-04-22 00:04:54-04:00,1.0
2011-04-22 00:04:57-04:00,1.0
2011-04-22 00:05:00-04:00,1.0
2011-04-22 00:05:03-04:00,1.0
2011-04-22 00:05:06-04:00,1.0
2011-04-22 00:05:09-04:00,1.0
2011-04-22 00:05:12-04:00,1.0
2011-04-22 00:05:15-04:00,1.0
2011-04-22 00:05:18-04:00,1.0
2011-04-22 00:05:21-04:00,1.0
2011-04-22 00:05:24-04:00,1.0
2011-04-22 00:05:27-04:00,1.0
2011-04-22 00:05:30-04:00,1.0
2011-04-22 00:05:33-04:00,1.0
2011-04-22 00:05:36-04:00,1.0
2011-04-22 00:05:39-04:00,1.0
2011-04-22 00:05:42-04:00,1.0
2011-04-22 00:05:45-04:00,1.0
2011-04-22 00:05:48-04:00,1.0
2011-04-22 00:05:51-04:00,1.0
2011-04-22 00:05:54-04:00,1.0
2011-04-22 00:05:57-04:00,1.0
2011-04-22 00:06:00-04:00,1.0
2011-04-22 00:06:03-04:00,1.0
2011-04-22 00:06:06-04:00,1.0
2011-04-22 00:06:09-04:00,1.0
2011-04-22 00:06:12-04:00,1.0
2011-04-22 00:06:15-04:00,1.0
2011-04-22 00:06:18-04:00,1.0
2011-04-22 00:06:21-04:00,1.0
2011-04-22 00:06:24-04:00,1.0
2011-04-22 00:06:27-04:00,1.0
2011-04-22 00:06:30-04:00,1.0
2011-04-22 00:06:33-04:00,1.0
2011-04-22 00:06:36-04:00,1.0
2011-04-22 00:06:39-04:00,1.0
2011-04-22 00:06:42-04:00,1.0
2011-04-22 00:06:45-04:00,1.0
2011-04-22 00:06:48-04:00,1.0
2011-04-22 00:06:51-04:00,1.0
2011-04-22 00:06:54-04:00,1.0
2011-04-22 00:06:57-04:00,1.0
2011-04-22 00:07:00-04:00,1.0
2011-04-22 00:07:03-04:00,1.0
2011-04-22 00:07:06-04:00,1.0
2011-04-22 00:07:09-04:00,1.0
2011-04-22 00:07:12-04:00,0.5
2011-04-22 00:07:15-04:00,0.0
2011-04-22 00:07:18-04:00,0.25
2011-04-22 00:07:21-04:00,1.0
2011-04-22 00:07:24-04:00,1.0
2011-04-22 00:07:27-04:00,1.0
2011-04-22 00:07:30-04:00,1.0
2011-04-22 00:07:33-04:00,1.0
2011-04-22 00:07:36-04:00,1.0
2011-04-22 00:07:39-04:00,1.0
2011-04-22 00:07:42-04:00,1.0
2011-04-22 00:07:45-04:00,1.0
2011-04-22 00:07:48-04:00,1.0
2011-04-22 00:07:51-04:00,1.0
2011-04-22 00:07:54-04:00,1.0
2011-04-22 00:07:57-04:00,1.0
2011-04-22 00:08:00-04:00,1.0
2011-04-22 00:08:03-04:00,1.0
2011-04-22 00:08:06-04:00,1.0
2011-04-22 00:08:09-04:00,1.0
2011-04-22 00:08:12-04:00,1.0
2011-04-22 00:08:15-04:00,1.0
2011-04-22 00:08:18-04:00,1.0
2011-04-22 00:08:21-04:00,1.0
2011-04-22 00:08:24-04:00,1.0
2011-04-22 00:08:27-04:00,1.0
2011-04-22 00:08:30-04:00,1.0
2011-04-22 00:08:33-04:00,1.0
2011-04-22 00:08:36-04:00,1.0
2011-04-22 00:08:39-04:00,1.0
2011-04-22 00:08:42-04:00,1.0
2011-04-22 00:08:45-04:00,1.0
2011-04-22 00:08:48-04:00,1.0
2011-04-22 00:08:51-04:00,1.0
2011-04-22 00:08:54-04:00,1.0
2011-04-22 00:08:57-04:00,1.0
2011-04-22 00:09:00-04:00,1.0
2011-04-22 00:09:03-04:00,1.0
2011-04-22 00:09:06-04:00,1.0
2011-04-22 00:09:09-04:00,1.0
2011-04-22 00:09:12-04:00,1.0
2011-04-22 00:09:15-04:00,1.0
2011-04-22 00:09:18-04:00,1.0
2011-04-22 00:09:21-04:00,1.0
2011-04-22 00:09:24-04:00,1.0
2011-04-22 00:09:27-04:00,1.0
2011-04-22 00:09:30-04:00,1.0
2011-04-22 00:09:33-04:00,1.0
2011-04-22 00:09:36-04:00,1.0
2011-04-22 00:09:39-04:00,1.0
2011-04-22 00:09:42-04:00,1.0
2011-04-22 00:09:45-04:00,1.0
2011-04-22 00:09:48-04:00,1.0
2011-04-22 00:09:51-04:00,1.0
2011-04-22 00:09:54-04:00,1.0
2011-04-22 00:09:57-04:00,1.0
2011-04-22 00:10:00-04:00,1.0
2011-04-22 00:10:03-04:00,1.0
2011-04-22 00:10:06-04:00,1.0
2011-04-22 00:10:09-04:00,1.0
2011-04-22 00:10:12-04:00,1.0
2011-04-22 00:10:15-04:00,1.0
2011-04-22 00:10:18-04:00,1.0
2011-04-22 00:10:21-04:00,1.0
2011-04-22 00:10:24-04:00,1.0
2011-04-22 00:10:27-04:00,1.0
2011-04-22 00:10:30-04:00,1.0
2011-04-22 00:10:33-04:00,1.0
2011-04-22 00:10:36-04:00,1.0
2011-04-22 00:10:39-04:00,1.0
2011-04-22 00:10:42-04:00,1.0
2011-04-22 00:10:45-04:00,1.0
2011-04-22 00:10:48-04:00,1.0
2011-04-22 00:10:51-04:00,1.0
2011-04-22 00:10:54-04:00,1.0
2011-04-22 00:10:57-04:00,1.0
2011-04-22 00:11:00-04:00,1.0
2011-04-22 00:11:03-04:00,0.0
2011-04-22 00:11:06-04:00,1.0
2011-04-22 00:11:09-04:00,1.0
2011-04-22 00:11:12-04:00,1.0
2011-04-22 00:11:15-04:00,1.0
2011-04-22 00:11:18-04:00,1.0
2011-04-22 00:11:21-04:00,1.0
2011-04-22 00:11:24-04:00,1.0
2011-04-22 00:11:27-04:00,1.0
2011-04-22 00:11:30-04:00,1.0
2011-04-22 00:11:33-04:00,1.0
2011-04-22 00:11:36-04:00,1.0
2011-04-22 00:11:39-04:00,1.0
2011-04-22 00:11:42-04:00,1.0
2011-04-22 00:11:45-04:00,1.0
2011-04-22 00:11:48-04:00,1.0
2011-04-22 00:11:51-04:00,1.0
2011-04-22 00:11:54-04:00,1.0
2011-04-22 00:11:57-04:00,1.0
2011-04-22 00:12:00-04:00,1.0
2011-04-22 00:12:03-04:00,1.0
2011-04-22 00:12:06-04:00,1.0
2011-04-22 00:12:09-04:00,1.0
2011-04-22 00:12:12-04:00,1.0
2011-04-22 00:12:15-04:00,1.0
2011-04-22 00:12:18-04:00,1.0
2011-04-22 00:12:21-04:00,1.0
2011-04-22 00:12:24-04:00,1.0
2011-04-22 00:12:27-04:00,1.0
2011-04-22 00:12:30-04:00,1.0
2011-04-22 00:12:33-04:00,1.0
2011-04-22 00:12:36-04:00,1.0
2011-04-22 00:12:39-04:00,1.0
2011-04-22 00:12:42-04:00,1.0
2011-04-22 00:12:45-04:00,1.0
2011-04-22 00:12:48-04:00,1.0
2011-04-22 00:12:51-04:00,1.0
2011-04-22 00:12:54-04:00,1.0
2011-04-22 00:12:57-04:00,1.0
2011-04-22 00:13:00-04:00,1.0
2011-04-22 00:13:03-04:00,1.0
2011-04-22 00:13:06-04:00,1.0
2011-04-22 00:13:09-04:00,1.0
2011-04-22 00:13:12-04:00,1.0
2011-04-22 00:13:15-04:00,1.0
2011-04-22 00:13:18-04:00,1.0
2011-04-22 00:13:21-04:00,1.0
2011-04-22 00:13:24-04:00,1.0
2011-04-22 00:13:27-04:00,1.0
2011-04-22 00:13:30-04:00,1.0
2011-04-22 00:13:33-04:00,1.0
2011-04-22 00:13:36-04:00,1.0
2011-04-22 00:13:39-04:00,1.0
2011-04-22 00:13:42-04:00,1.0
2011-04-22 00:13:45-04:00,1.0
2011-04-22 00:13:48-04:00,1.0
2011-04-22 00:13:51-04:00,1.0
2011-04-22 00:13:54-04:00,1.0
2011-04-22 00:13:57-04:00,1.0
2011-04-22 00:14:00-04:00,1.0
2011-04-22 00:14:03-04:00,1.0
2011-04-22 00:14:06-04:00,1.0
2011-04-22 00:14:09-04:00,1.0
2011-04-22 00:14:12-04:00,1.0
2011-04-22 00:14:15-04:00,1.0
2011-04-22 00:14:18-04:00,0.25
2011-04-22 00:14:21-04:00,0.6666666666666666
2011-04-22 00:14:24-04:00,1.0
2011-04-22 00:14:27-04:00,1.0
2011-04-22 00:14:30-04:00,1.0
2011-04-22 00:14:33-04:00,1.0
2011-04-22 00:14:36-04:00,1.0
2011-04-22 00:14:39-04:00,1.0
2011-04-22 00:14:42-04:00,1.0
2011-04-22 00:14:45-04:00,1.0
2011-04-22 00:14:48-04:00,1.0
2011-04-22 00:14:51-04:00,1.0
2011-04-22 00:14:54-04:00,1.0
2011-04-22 00:14:57-04:00,1.0
2011-04-22 00:15:00-04:00,1.0
2011-04-22 00:15:03-04:00,1.0
2011-04-22 00:15:06-04:00,1.0
2011-04-22 00:15:09-04:00,1.0
2011-04-22 00:15:12-04:00,1.0
2011-04-22 00:15:15-04:00,1.0
2011-04-22 00:15:18-04:00,0.6666666666666667
2011-04-22 00:15:21-04:00,0.3333333333333333
2011-04-22 00:15:24-04:00,1.0
2011-04-22 00:15:27-04:00,1.0
2011-04-22 00:15:30-04:00,1.0
2011-04-22 00:15:33-04:00,1.0
2011-04-22 00:15:36-04:00,1.0
2011-04-22 00:15:39-04:00,1.0
2011-04-22 00:15:42-04:00,1.0
2011-04-22 00:15:45-04:00,1.0
2011-04-22 00:15:48-04:00,1.0
2011-04-22 00:15:51-04:00,1.0
2011-04-22 00:15:54-04:00,1.0
2011-04-22 00:15:57-04:00,1.0
2011-04-22 00:16:00-04:00,1.0
2011-04-22 00:16:03-04:00,1.0
2011-04-22 00:16:06-04:00,1.0
2011-04-22 00:16:09-04:00,1.0
2011-04-22 00:16:12-04:00,1.0
2011-04-22 00:16:15-04:00,1.0
2011-04-22 00:16:18-04:00,1.0
2011-04-22 00:16:21-04:00,1.0
2011-04-22 00:16:24-04:00,1.0
2011-04-22 00:16:27-04:00,1.0
2011-04-22 00:16:30-04:00,1.0
2011-04-22 00:16:33-04:00,1.0
2011-04-22 00:16:36-04:00,1.0
2011-04-22 00:16:39-04:00,1.0
2011-04-22 00:16:42-04:00,1.0
2011-04-22 00:16:45-04:00,1.0
2011-04-22 00:16:48-04:00,1.0
2011-04-22 00:16:51-04:00,1.0
2011-04-22 00:16:54-04:00,1.0
2011-04-22 00:16:57-04:00,1.0
2011-04-22 00:17:00-04:00,1.0
2011-04-22 00:17:03-04:00,1.0
2011-04-22 00:17:06-04:00,1.0
2011-04-22 00:17:09-04:00,1.0
2011-04-22 00:17:12-04:00,1.0
2011-04-22 00:17:15-04:00,1.0
2011-04-22 00:17:18-04:00,1.0
2011-04-22 00:17:21-04:00,1.0
2011-04-22 00:17:24-04:00,1.0
2011-04-22 00:17:27-04:00,1.0
2011-04-22 00:17:30-04:00,1.0
2011-04-22 00:17:33-04:00,1.0
2011-04-22 00:17:36-04:00,1.0
2011-04-22 00:17:39-04:00,1.0
2011-04-22 00:17:42-04:00,1.0
2011-04-22 00:17:45-04:00,1.0
2011-04-22 00:17:48-04:00,1.0
2011-04-22 00:17:51-04:00,1.0
2011-04-22 00:17:54-04:00,1.0
2011-04-22 00:17:57-04:00,1.0
2011-04-22 00:18:00-04:00,1.0
2011-04-22 00:18:03-04:00,1.0
2011-04-22 00:18:06-04:00,1.0
2011-04-22 00:18:09-04:00,1.0
2011-04-22 00:18:12-04:00,1.0
2011-04-22 00:18:15-04:00,1.0
2011-04-22 00:18:18-04:00,1.0
2011-04-22 00:18:21-04:00,1.0
2011-04-22 00:18:24-04:00,1.0
2011-04-22 00:18:27-04:00,1.0
2011-04-22 00:18:30-04:00,1.0
2011-04-22 00:18:33-04:00,1.0
2011-04-22 00:18:36-04:00,1.0
2011-04-22 00:18:39-04:00,1.0
2011-04-22 00:18:42-04:00,1.0
2011-04-22 00:18:45-04:00,1.0
2011-04-22 00:18:48-04:00,1.0
2011-04-22 00:18:51-04:00,1.0
2011-04-22 00:18:54-04:00,1.0
2011-04-22 00:18:57-04:00,1.0
2011-04-22 00:19:00-04:00,1.0
2011-04-22 00:19:03-04:00,1.0
2011-04-22 00:19:06-04:00,1.0
2011-04-22 00:19:09-04:00,1.0
2011-04-22 00:19:12-04:00,1.0
2011-04-22 00:19:15-04:00,1.0
2011-04-22 00:19:18-04:00,1.0
2011-04-22 00:19:21-04:00,1.0
2011-04-22 00:19:24-04:00,1.0
2011-04-22 00:19:27-04:00,1.0
2011-04-22 00:19:30-04:00,1.0
2011-04-22 00:19:33-04:00,1.0
2011-04-22 00:19:36-04:00,1.0
2011-04-22 00:19:39-04:00,1.0
2011-04-22 00:19:42-04:00,1.0
2011-04-22 00:19:45-04:00,1.0
2011-04-22 00:19:48-04:00,1.0
2011-04-22 00:19:51-04:00,1.0
2011-04-22 00:19:54-04:00,1.0
2011-04-22 00:19:57-04:00,1.0
2011-04-22 00:20:00-04:00,1.0
2011-04-22 00:20:03-04:00,1.0
2011-04-22 00:20:06-04:00,1.0
2011-04-22 00:20:09-04:00,1.0
2011-04-22 00:20:12-04:00,1.0
2011-04-22 00:20:15-04:00,1.0
2011-04-22 00:20:18-04:00,1.0
2011-04-22 00:20:21-04:00,1.0
2011-04-22 00:20:24-04:00,1.0
2011-04-22 00:20:27-04:00,1.0
2011-04-22 00:20:30-04:00,1.0
2011-04-22 00:20:33-04:00,1.0
2011-04-22 00:20:36-04:00,1.0
2011-04-22 00:20:39-04:00,1.0
2011-04-22 00:20:42-04:00,1.0
2011-04-22 00:20:45-04:00,1.0
2011-04-22 00:20:48-04:00,1.0
2011-04-22 00:20:51-04:00,1.0
2011-04-22 00:20:54-04:00,1.0
2011-04-22 00:20:57-04:00,1.0
2011-04-22 00:21:00-04:00,1.0
2011-04-22 00:21:03-04:00,1.0
2011-04-22 00:21:06-04:00,1.0
2011-04-22 00:21:09-04:00,1.0
2011-04-22 00:21:12-04:00,1.0
2011-04-22 00:21:15-04:00,1.0
2011-04-22 00:21:18-04:00,1.0
2011-04-22 00:21:21-04:00,1.0
2011-04-22 00:21:24-04:00,1.0
2011-04-22 00:21:27-04:00,1.0
2011-04-22 00:21:30-04:00,1.0
2011-04-22 00:21:33-04:00,1.0
2011-04-22 00:21:36-04:00,1.0
2011-04-22 00:21:39-04:00,1.0
2011-04-22 00:21:42-04:00,1.0
2011-04-22 00:21:45-04:00,1.0
2011-04-22 00:21:48-04:00,1.0
2011-04-22 00:21:51-04:00,1.0
2011-04-22 00:21:54-04:00,1.0
2011-04-22 00:21:57-04:00,1.0
2011-04-22 00:22:00-04:00,1.0
2011-04-22 00:22:03-04:00,1.0
2011-04-22 00:22:06-04:00,1.0
2011-04-22 00:22:09-04:00,1.0
2011-04-22 00:22:12-04:00,1.0
2011-04-22 00:22:15-04:00,1.0
2011-04-22 00:22:18-04:00,1.0
2011-04-22 00:22:21-04:00,1.0
2011-04-22 00:22:24-04:00,1.0
2011-04-22 00:22:27-04:00,1.0
2011-04-22 00:22:30-04:00,1.0
2011-04-22 00:22:33-04:00,1.0
2011-04-22 00:22:36-04:00,1.0
2011-04-22 00:22:39-04:00,1.0
2011-04-22 00:22:42-04:00,1.0
2011-04-22 00:22:45-04:00,1.0
2011-04-22 00:22:48-04:00,1.0
2011-04-22 00:22:51-04:00,1.0
2011-04-22 00:22:54-04:00,1.0
2011-04-22 00:22:57-04:00,1.0
2011-04-22 00:23:00-04:00,1.0
2011-04-22 00:23:03-04:00,1.0
2011-04-22 00:23:06-04:00,1.0
2011-04-22 00:23:09-04:00,1.0
2011-04-22 00:23:12-04:00,1.0
2011-04-22 00:23:15-04:00,1.0
2011-04-22 00:23:18-04:00,1.0
2011-04-22 00:23:21-04:00,1.0
2011-04-22 00:23:24-04:00,1.0
2011-04-22 00:23:27-04:00,1.0
2011-04-22 00:23:30-04:00,1.0
2011-04-22 00:23:33-04:00,1.0
2011-04-22 00:23:36-04:00,1.0
2011-04-22 00:23:39-04:00,1.0
2011-04-22 00:23:42-04:00,1.0
2011-04-22 00:23:45-04:00,1.0
2011-04-22 00:23:48-04:00,1.0
2011-04-22 00:23:51-04:00,1.0
2011-04-22 00:23:54-04:00,1.0
2011-04-22 00:23:57-04:00,1.0
2011-04-22 00:24:00-04:00,1.0
2011-04-22 00:24:03-04:00,1.0
2011-04-22 00:24:06-04:00,1.0
2011-04-22 00:24:09-04:00,1.0
2011-04-22 00:24:12-04:00,1.0
2011-04-22 00:24:15-04:00,1.0
2011-04-22 00:24:18-04:00,1.0
2011-04-22 00:24:21-04:00,1.0
2011-04-22 00:24:24-04:00,1.0
2011-04-22 00:24:27-04:00,1.0
2011-04-22 00:24:30-04:00,1.0
2011-04-22 00:24:33-04:00,1.0
2011-04-22 00:24:36-04:00,1.0
2011-04-22 00:24:39-04:00,1.0
2011-04-22 00:24:42-04:00,1.0
2011-04-22 00:24:45-04:00,1.0
2011-04-22 00:24:48-04:00,1.0
2011-04-22 00:24:51-04:00,1.0
2011-04-22 00:24:54-04:00,1.0
2011-04-22 00:24:57-04:00,1.0
2011-04-22 00:25:00-04:00,1.0
2011-04-22 00:25:03-04:00,1.0
2011-04-22 00:25:06-04:00,1.0
2011-04-22 00:25:09-04:00,1.0
2011-04-22 00:25:12-04:00,1.0
2011-04-22 00:25:15-04:00,1.0
2011-04-22 00:25:18-04:00,1.0
2011-04-22 00:25:21-04:00,1.0
2011-04-22 00:25:24-04:00,1.0
2011-04-22 00:25:27-04:00,1.0
2011-04-22 00:25:30-04:00,1.0
2011-04-22 00:25:33-04:00,1.0
2011-04-22 00:25:36-04:00,1.0
2011-04-22 00:25:39-04:00,1.0
2011-04-22 00:25:42-04:00,1.0
2011-04-22 00:25:45-04:00,1.0
2011-04-22 00:25:48-04:00,1.0
2011-04-22 00:25:51-04:00,1.0
2011-04-22 00:25:54-04:00,1.0
2011-04-22 00:25:57-04:00,1.0
2011-04-22 00:26:00-04:00,1.0
2011-04-22 00:26:03-04:00,1.0
2011-04-22 00:26:06-04:00,1.0
2011-04-22 00:26:09-04:00,1.0
2011-04-22 00:26:12-04:00,1.0
2011-04-22 00:26:15-04:00,1.0
2011-04-22 00:26:18-04:00,1.0
2011-04-22 00:26:21-04:00,1.0
2011-04-22 00:26:24-04:00,1.0
2011-04-22 00:26:27-04:00,1.0
2011-04-22 00:26:30-04:00,1.0
2011-04-22 00:26:33-04:00,1.0
2011-04-22 00:26:36-04:00,1.0
2011-04-22 00:26:39-04:00,1.0
2011-04-22 00:26:42-04:00,1.0
2011-04-22 00:26:45-04:00,1.0
2011-04-22 00:26:48-04:00,1.0
2011-04-22 00:26:51-04:00,1.0
2011-04-22 00:26:54-04:00,1.0
2011-04-22 00:26:57-04:00,1.0
2011-04-22 00:27:00-04:00,1.0
2011-04-22 00:27:03-04:00,0.33333333333333337
2011-04-22 00:27:06-04:00,0.5
2011-04-22 00:27:09-04:00,1.0
2011-04-22 00:27:12-04:00,1.0
2011-04-22 00:27:15-04:00,1.0
2011-04-22 00:27:18-04:00,1.0
2011-04-22 00:27:21-04:00,1.0
2011-04-22 00:27:24-04:00,1.0
2011-04-22 00:27:27-04:00,1.0
2011-04-22 00:27:30-04:00,1.0
2011-04-22 00:27:33-04:00,1.0
2011-04-22 00:27:36-04:00,1.0
2011-04-22 00:27:39-04:00,1.0
2011-04-22 00:27:42-04:00,1.0
2011-04-22 00:27:45-04:00,1.0
2011-04-22 00:27:48-04:00,1.0
2011-04-22 00:27:51-04:00,1.0
2011-04-22 00:27:54-04:00,1.0
2011-04-22 00:27:57-04:00,1.0
2011-04-22 00:28:00-04:00,1.0
2011-04-22 00:28:03-04:00,1.0
2011-04-22 00:28:06-04:00,1.0
2011-04-22 00:28:09-04:00,1.0
2011-04-22 00:28:12-04:00,1.0
2011-04-22 00:28:15-04:00,1.0
2011-04-22 00:28:18-04:00,1.0
2011-04-22 00:28:21-04:00,1.0
2011-04-22 00:28:24-04:00,1.0
2011-04-22 00:28:27-04:00,1.0
2011-04-22 00:28:30-04:00,1.0
2011-04-22 00:28:33-04:00,1.0
2011-04-22 00:28:36-04:00,1.0
2011-04-22 00:28:39-04:00,1.0
2011-04-22 00:28:42-04:00,1.0
2011-04-22 00:28:45-04:00,1.0
2011-04-22 00:28:48-04:00,1.0
2011-04-22 00:28:51-04:00,1.0
2011-04-22 00:28:54-04:00,1.0
2011-04-22 00:28:57-04:00,1.0
2011-04-22 00:29:00-04:00,1.0
2011-04-22 00:29:03-04:00,1.0
2011-04-22 00:29:06-04:00,1.0
2011-04-22 00:29:09-04:00,1.0
2011-04-22 00:29:12-04:00,1.0
2011-04-22 00:29:15-04:00,1.0
2011-04-22 00:29:18-04:00,1.0
2011-04-22 00:29:21-04:00,1.0
2011-04-22 00:29:24-04:00,1.0
2011-04-22 00:29:27-04:00,1.0
2011-04-22 00:29:30-04:00,1.0
2011-04-22 00:29:33-04:00,1.0
2011-04-22 00:29:36-04:00,0.5
2011-04-22 00:29:39-04:00,0.3333333333333333
2011-04-22 00:29:42-04:00,1.0
2011-04-22 00:29:45-04:00,1.0
2011-04-22 00:29:48-04:00,1.0
2011-04-22 00:29:51-04:00,1.0
2011-04-22 00:29:54-04:00,1.0
2011-04-22 00:29:57-04:00,1.0
2011-04-22 00:30:00-04:00,1.0
2011-04-22 00:30:03-04:00,1.0
2011-04-22 00:30:06-04:00,1.0
2011-04-22 00:30:09-04:00,1.0
2011-04-22 00:30:12-04:00,1.0
2011-04-22 00:30:15-04:00,1.0
2011-04-22 00:30:18-04:00,1.0
2011-04-22 00:30:21-04:00,1.0
2011-04-22 00:30:24-04:00,1.0
2011-04-22 00:30:27-04:00,1.0
2011-04-22 00:30:30-04:00,1.0
2011-04-22 00:30:33-04:00,1.0
2011-04-22 00:30:36-04:00,1.0
2011-04-22 00:30:39-04:00,1.0
2011-04-22 00:30:42-04:00,1.0
2011-04-22 00:30:45-04:00,1.0
2011-04-22 00:30:48-04:00,1.0
2011-04-22 00:30:51-04:00,1.0
2011-04-22 00:30:54-04:00,1.0
2011-04-22 00:30:57-04:00,1.0
2011-04-22 00:31:00-04:00,1.0
2011-04-22 00:31:03-04:00,1.0
2011-04-22 00:31:06-04:00,1.0
2011-04-22 00:31:09-04:00,1.0
2011-04-22 00:31:12-04:00,1.0
2011-04-22 00:31:15-04:00,1.0
2011-04-22 00:31:18-04:00,1.0
2011-04-22 00:31:21-04:00,1.0
2011-04-22 00:31:24-04:00,1.0
2011-04-22 00:31:27-04:00,1.0
2011-04-22 00:31:30-04:00,1.0
2011-04-22 00:31:33-04:00,1.0
2011-04-22 00:31:36-04:00,1.0
2011-04-22 00:31:39-04:00,1.0
2011-04-22 00:31:42-04:00,1.0
2011-04-22 00:31:45-04:00,1.0
2011-04-22 00:31:48-04:00,1.0
2011-04-22 00:31:51-04:00,1.0
2011-04-22 00:31:54-04:00,1.0
2011-04-22 00:31:57-04:00,1.0
2011-04-22 00:32:00-04:00,1.0
2011-04-22 00:32:03-04:00,1.0
2011-04-22 00:32:06-04:00,1.0
2011-04-22 00:32:09-04:00,1.0
2011-04-22 00:32:12-04:00,1.0
2011-04-22 00:32:15-04:00,1.0
2011-04-22 00:32:18-04:00,1.0
2011-04-22 00:32:21-04:00,1.0
2011-04-22 00:32:24-04:00,1.0
2011-04-22 00:32:27-04:00,1.0
2011-04-22 00:32:30-04:00,1.0
2011-04-22 00:32:33-04:00,1.0
2011-04-22 00:32:36-04:00,1.0
2011-04-22 00:32:39-04:00,1.0
2011-04-22 00:32:42-04:00,1.0
2011-04-22 00:32:45-04:00,1.0
2011-04-22 00:32:48-04:00,1.0
2011-04-22 00:32:51-04:00,1.0
2011-04-22 00:32:54-04:00,1.0
2011-04-22 00:32:57-04:00,1.0
2011-04-22 00:33:00-04:00,1.0
2011-04-22 00:33:03-04:00,1.0
2011-04-22 00:33:06-04:00,1.0
2011-04-22 00:33:09-04:00,1.0
2011-04-22 00:33:12-04:00,1.0
2011-04-22 00:33:15-04:00,1.0
2011-04-22 00:33:18-04:00,1.0
2011-04-22 00:33:21-04:00,1.0
2011-04-22 00:33:24-04:00,1.0
2011-04-22 00:33:27-04:00,1.0
2011-04-22 00:33:30-04:00,1.0
2011-04-22 00:33:33-04:00,1.0
2011-04-22 00:33:36-04:00,1.0
2011-04-22 00:33:39-04:00,1.0
2011-04-22 00:33:42-04:00,1.0
2011-04-22 00:33:45-04:00,1.0
2011-04-22 00:33:48-04:00,1.0
2011-04-22 00:33:51-04:00,1.0
2011-04-22 00:33:54-04:00,1.0
2011-04-22 00:33:57-04:00,1.0
2011-04-22 00:34:00-04:00,1.0
2011-04-22 00:34:03-04:00,1.0
2011-04-22 00:34:06-04:00,1.0
2011-04-22 00:34:09-04:00,1.0
2011-04-22 00:34:12-04:00,1.0
2011-04-22 00:34:15-04:00,1.0
2011-04-22 00:34:18-04:00,1.0
2011-04-22 00:34:21-04:00,0.6666666666666667
2011-04-22 00:34:24-04:00,0.25
2011-04-22 00:34:27-04:00,1.0
2011-04-22 00:34:30-04:00,1.0
2011-04-22 00:34:33-04:00,1.0
2011-04-22 00:34:36-04:00,1.0
2011-04-22 00:34:39-04:00,1.0
2011-04-22 00:34:42-04:00,1.0
2011-04-22 00:34:45-04:00,1.0
2011-04-22 00:34:48-04:00,1.0
2011-04-22 00:34:51-04:00,1.0
2011-04-22 00:34:54-04:00,1.0
2011-04-22 00:34:57-04:00,1.0
2011-04-22 00:35:00-04:00,1.0
2011-04-22 00:35:03-04:00,1.0
2011-04-22 00:35:06-04:00,1.0
2011-04-22 00:35:09-04:00,1.0
2011-04-22 00:35:12-04:00,1.0
2011-04-22 00:35:15-04:00,1.0
2011-04-22 00:35:18-04:00,1.0
2011-04-22 00:35:21-04:00,1.0
2011-04-22 00:35:24-04:00,1.0
2011-04-22 00:35:27-04:00,1.0
2011-04-22 00:35:30-04:00,1.0
2011-04-22 00:35:33-04:00,1.0
2011-04-22 00:35:36-04:00,1.0
2011-04-22 00:35:39-04:00,1.0
2011-04-22 00:35:42-04:00,1.0
2011-04-22 00:35:45-04:00,1.0
2011-04-22 00:35:48-04:00,1.0
2011-04-22 00:35:51-04:00,1.0
2011-04-22 00:35:54-04:00,1.0
2011-04-22 00:35:57-04:00,1.0
2011-04-22 00:36:00-04:00,1.0
2011-04-22 00:36:03-04:00,1.0
2011-04-22 00:36:06-04:00,1.0
2011-04-22 00:36:09-04:00,1.0
2011-04-22 00:36:12-04:00,1.0
2011-04-22 00:36:15-04:00,1.0
2011-04-22 00:36:18-04:00,1.0
2011-04-22 00:36:21-04:00,1.0
2011-04-22 00:36:24-04:00,1.0
2011-04-22 00:36:27-04:00,1.0
2011-04-22 00:36:30-04:00,1.0
2011-04-22 00:36:33-04:00,1.0
2011-04-22 00:36:36-04:00,1.0
2011-04-22 00:36:39-04:00,1.0
2011-04-22 00:36:42-04:00,1.0
2011-04-22 00:36:45-04:00,1.0
2011-04-22 00:36:48-04:00,1.0
2011-04-22 00:36:51-04:00,1.0
2011-04-22 00:36:54-04:00,1.0
2011-04-22 00:36:57-04:00,1.0
2011-04-22 00:37:00-04:00,1.0
2011-04-22 00:37:03-04:00,1.0
2011-04-22 00:37:06-04:00,1.0
2011-04-22 00:37:09-04:00,1.0
2011-04-22 00:37:12-04:00,1.0
2011-04-22 00:37:15-04:00,1.0
2011-04-22 00:37:18-04:00,1.0
2011-04-22 00:37:21-04:00,1.0
2011-04-22 00:37:24-04:00,1.0
2011-04-22 00:37:27-04:00,1.0
2011-04-22 00:37:30-04:00,1.0
2011-04-22 00:37:33-04:00,1.0
2011-04-22 00:37:36-04:00,1.0
2011-04-22 00:37:39-04:00,1.0
2011-04-22 00:37:42-04:00,1.0
2011-04-22 00:37:45-04:00,1.0
2011-04-22 00:37:48-04:00,1.0
2011-04-22 00:37:51-04:00,1.0
2011-04-22 00:37:54-04:00,1.0
2011-04-22 00:37:57-04:00,1.0
2011-04-22 00:38:00-04:00,1.0
2011-04-22 00:38:03-04:00,1.0
2011-04-22 00:38:06-04:00,1.0
2011-04-22 00:38:09-04:00,1.0
2011-04-22 00:38:12-04:00,1.0
2011-04-22 00:38:15-04:00,1.0
2011-04-22 00:38:18-04:00,1.0
2011-04-22 00:38:21-04:00,1.0
2011-04-22 00:38:24-04:00,1.0
2011-04-22 00:38:27-04:00,1.0
2011-04-22 00:38:30-04:00,1.0
2011-04-22 00:38:33-04:00,1.0
2011-04-22 00:38:36-04:00,1.0
2011-04-22 00:38:39-04:00,1.0
2011-04-22 00:38:42-04:00,1.0
2011-04-22 00:38:45-04:00,1.0
2011-04-22 00:38:48-04:00,1.0
2011-04-22 00:38:51-04:00,1.0
2011-04-22 00:38:54-04:00,1.0
2011-04-22 00:38:57-04:00,1.0
2011-04-22 00:39:00-04:00,1.0
2011-04-22 00:39:03-04:00,1.0
2011-04-22 00:39:06-04:00,1.0
2011-04-22 00:39:09-04:00,1.0
2011-04-22 00:39:12-04:00,1.0
2011-04-22 00:39:15-04:00,1.0
2011-04-22 00:39:18-04:00,1.0
2011-04-22 00:39:21-04:00,1.0
2011-04-22 00:39:24-04:00,1.0
2011-04-22 00:39:27-04:00,1.0
2011-04-22 00:39:30-04:00,1.0
2011-04-22 00:39:33-04:00,1.0
2011-04-22 00:39:36-04:00,1.0
2011-04-22 00:39:39-04:00,1.0
2011-04-22 00:39:42-04:00,1.0
2011-04-22 00:39:45-04:00,1.0
2011-04-22 00:39:48-04:00,1.0
2011-04-22 00:39:51-04:00,1.0
2011-04-22 00:39:54-04:00,1.0
2011-04-22 00:39:57-04:00,1.0
2011-04-22 00:40:00-04:00,1.0
2011-04-22 00:40:03-04:00,1.0
2011-04-22 00:40:06-04:00,1.0
2011-04-22 00:40:09-04:00,1.0
2011-04-22 00:40:12-04:00,1.0
2011-04-22 00:40:15-04:00,1.0
2011-04-22 00:40:18-04:00,1.0
2011-04-22 00:40:21-04:00,1.0
2011-04-22 00:40:24-04:00,1.0
2011-04-22 00:40:27-04:00,1.0
2011-04-22 00:40:30-04:00,1.0
2011-04-22 00:40:33-04:00,1.0
2011-04-22 00:40:36-04:00,1.0
2011-04-22 00:40:39-04:00,1.0
2011-04-22 00:40:42-04:00,1.0
2011-04-22 00:40:45-04:00,1.0
2011-04-22 00:40:48-04:00,1.0
2011-04-22 00:40:51-04:00,1.0
2011-04-22 00:40:54-04:00,1.0
2011-04-22 00:40:57-04:00,1.0
2011-04-22 00:41:00-04:00,1.0
2011-04-22 00:41:03-04:00,1.0
2011-04-22 00:41:06-04:00,1.0
2011-04-22 00:41:09-04:00,1.0
2011-04-22 00:41:12-04:00,1.0
2011-04-22 00:41:15-04:00,1.0
2011-04-22 00:41:18-04:00,1.0
2011-04-22 00:41:21-04:00,1.0
2011-04-22 00:41:24-04:00,1.0
2011-04-22 00:41:27-04:00,1.0
2011-04-22 00:41:30-04:00,1.0
2011-04-22 00:41:33-04:00,1.0
2011-04-22 00:41:36-04:00,1.0
2011-04-22 00:41:39-04:00,1.0
2011-04-22 00:41:42-04:00,1.0
2011-04-22 00:41:45-04:00,1.0
2011-04-22 00:41:48-04:00,1.0
2011-04-22 00:41:51-04:00,1.0
2011-04-22 00:41:54-04:00,1.0
2011-04-22 00:41:57-04:00,1.0
2011-04-22 00:42:00-04:00,1.0
2011-04-22 00:42:03-04:00,1.0
2011-04-22 00:42:06-04:00,1.0
2011-04-22 00:42:09-04:00,1.0
2011-04-22 00:42:12-04:00,1.0
2011-04-22 00:42:15-04:00,1.0
2011-04-22 00:42:18-04:00,1.0
2011-04-22 00:42:21-04:00,1.0
2011-04-22 00:42:24-04:00,1.0
2011-04-22 00:42:27-04:00,1.0
2011-04-22 00:42:30-04:00,1.0
2011-04-22 00:42:33-04:00,1.0
2011-04-22 00:42:36-04:00,1.0
2011-04-22 00:42:39-04:00,1.0
2011-04-22 00:42:42-04:00,1.0
2011-04-22 00:42:45-04:00,1.0
2011-04-22 00:42:48-04:00,1.0
2011-04-22 00:42:51-04:00,1.0
2011-04-22 00:42:54-04:00,1.0
2011-04-22 00:42:57-04:00,1.0
2011-04-22 00:43:00-04:00,1.0
2011-04-22 00:43:03-04:00,1.0
2011-04-22 00:43:06-04:00,1.0
2011-04-22 00:43:09-04:00,1.0
2011-04-22 00:43:12-04:00,1.0
2011-04-22 00:43:15-04:00,1.0
2011-04-22 00:43:18-04:00,1.0
2011-04-22 00:43:21-04:00,1.0
2011-04-22 00:43:24-04:00,1.0
2011-04-22 00:43:27-04:00,1.0
2011-04-22 00:43:30-04:00,1.0
2011-04-22 00:43:33-04:00,1.0
2011-04-22 00:43:36-04:00,1.0
2011-04-22 00:43:39-04:00,1.0
2011-04-22 00:43:42-04:00,1.0
2011-04-22 00:43:45-04:00,1.0
2011-04-22 00:43:48-04:00,1.0
2011-04-22 00:43:51-04:00,1.0
2011-04-22 00:43:54-04:00,1.0
2011-04-22 00:43:57-04:00,1.0
2011-04-22 00:44:00-04:00,1.0
2011-04-22 00:44:03-04:00,1.0
2011-04-22 00:44:06-04:00,1.0
2011-04-22 00:44:09-04:00,1.0
2011-04-22 00:44:12-04:00,1.0
2011-04-22 00:44:15-04:00,1.0
2011-04-22 00:44:18-04:00,1.0
2011-04-22 00:44:21-04:00,1.0
2011-04-22 00:44:24-04:00,0.0
2011-04-22 00:44:27-04:00,0.75
2011-04-22 00:44:30-04:00,1.0
2011-04-22 00:44:33-04:00,1.0
2011-04-22 00:44:36-04:00,1.0
2011-04-22 00:44:39-04:00,1.0
2011-04-22 00:44:42-04:00,1.0
2011-04-22 00:44:45-04:00,1.0
2011-04-22 00:44:48-04:00,1.0
2011-04-22 00:44:51-04:00,1.0
2011-04-22 00:44:54-04:00,1.0
2011-04-22 00:44:57-04:00,1.0
2011-04-22 00:45:00-04:00,1.0
2011-04-22 00:45:03-04:00,1.0
2011-04-22 00:45:06-04:00,0.33333333333333337
2011-04-22 00:45:09-04:00,0.5
2011-04-22 00:45:12-04:00,1.0
2011-04-22 00:45:15-04:00,1.0
2011-04-22 00:45:18-04:00,1.0
2011-04-22 00:45:21-04:00,1.0
2011-04-22 00:45:24-04:00,1.0
2011-04-22 00:45:27-04:00,1.0
2011-04-22 00:45:30-04:00,1.0
2011-04-22 00:45:33-04:00,1.0
2011-04-22 00:45:36-04:00,1.0
2011-04-22 00:45:39-04:00,1.0
2011-04-22 00:45:42-04:00,1.0
2011-04-22 00:45:45-04:00,1.0
2011-04-22 00:45:48-04:00,1.0
2011-04-22 00:45:51-04:00,1.0
2011-04-22 00:45:54-04:00,1.0
2011-04-22 00:45:57-04:00,1.0
2011-04-22 00:46:00-04:00,1.0
2011-04-22 00:46:03-04:00,1.0
2011-04-22 00:46:06-04:00,1.0
2011-04-22 00:46:09-04:00,1.0
2011-04-22 00:46:12-04:00,1.0
2011-04-22 00:46:15-04:00,1.0
2011-04-22 00:46:18-04:00,1.0
2011-04-22 00:46:21-04:00,1.0
2011-04-22 00:46:24-04:00,1.0
2011-04-22 00:46:27-04:00,1.0
2011-04-22 00:46:30-04:00,1.0
2011-04-22 00:46:33-04:00,1.0
2011-04-22 00:46:36-04:00,1.0
2011-04-22 00:46:39-04:00,1.0
2011-04-22 00:46:42-04:00,1.0
2011-04-22 00:46:45-04:00,1.0
2011-04-22 00:46:48-04:00,1.0
2011-04-22 00:46:51-04:00,1.0
2011-04-22 00:46:54-04:00,1.0
2011-04-22 00:46:57-04:00,1.0
2011-04-22 00:47:00-04:00,1.0
2011-04-22 00:47:03-04:00,0.5
2011-04-22 00:47:06-04:00,0.0
2011-04-22 00:47:09-04:00,0.0
2011-04-22 00:47:12-04:00,1.0
2011-04-22 00:47:15-04:00,1.0
2011-04-22 00:47:18-04:00,1.0
2011-04-22 00:47:21-04:00,1.0
2011-04-22 00:47:24-04:00,1.0
2011-04-22 00:47:27-04:00,1.0
2011-04-22 00:47:30-04:00,1.0
2011-04-22 00:47:33-04:00,1.0
2011-04-22 00:47:36-04:00,1.0
2011-04-22 00:47:39-04:00,1.0
2011-04-22 00:47:42-04:00,1.0
2011-04-22 00:47:45-04:00,1.0
2011-04-22 00:47:48-04:00,1.0
2011-04-22 00:47:51-04:00,1.0
2011-04-22 00:47:54-04:00,1.0
2011-04-22 00:47:57-04:00,1.0
2011-04-22 00:48:00-04:00,1.0
2011-04-22 00:48:03-04:00,1.0
2011-04-22 00:48:06-04:00,1.0
2011-04-22 00:48:09-04:00,1.0
2011-04-22 00:48:12-04:00,1.0
2011-04-22 00:48:15-04:00,1.0
2011-04-22 00:48:18-04:00,1.0
2011-04-22 00:48:21-04:00,1.0
2011-04-22 00:48:24-04:00,1.0
2011-04-22 00:48:27-04:00,1.0
2011-04-22 00:48:30-04:00,1.0
2011-04-22 00:48:33-04:00,1.0
2011-04-22 00:48:36-04:00,1.0
2011-04-22 00:48:39-04:00,1.0
2011-04-22 00:48:42-04:00,1.0
2011-04-22 00:48:45-04:00,1.0
2011-04-22 00:48:48-04:00,1.0
2011-04-22 00:48:51-04:00,1.0
2011-04-22 00:48:54-04:00,1.0
2011-04-22 00:48:57-04:00,1.0
2011-04-22 00:49:00-04:00,1.0
2011-04-22 00:49:03-04:00,1.0
2011-04-22 00:49:06-04:00,1.0
2011-04-22 00:49:09-04:00,1.0
2011-04-22 00:49:12-04:00,1.0
2011-04-22 00:49:15-04:00,1.0
2011-04-22 00:49:18-04:00,1.0
2011-04-22 00:49:21-04:00,1.0
2011-04-22 00:49:24-04:00,1.0
2011-04-22 00:49:27-04:00,1.0
2011-04-22 00:49:30-04:00,1.0
2011-04-22 00:49:33-04:00,1.0
2011-04-22 00:49:36-04:00,1.0
2011-04-22 00:49:39-04:00,1.0
2011-04-22 00:49:42-04:00,1.0
2011-04-22 00:49:45-04:00,1.0
2011-04-22 00:49:48-04:00,1.0
2011-04-22 00:49:51-04:00,0.33333333333333337
2011-04-22 00:49:54-04:00,0.5
2011-04-22 00:49:57-04:00,1.0
2011-04-22 00:50:00-04:00,1.0
2011-04-22 00:50:03-04:00,1.0
2011-04-22 00:50:06-04:00,1.0
2011-04-22 00:50:09-04:00,1.0
2011-04-22 00:50:12-04:00,1.0
2011-04-22 00:50:15-04:00,0.33333333333333337
2011-04-22 00:50:18-04:00,0.5
2011-04-22 00:50:21-04:00,1.0
2011-04-22 00:50:24-04:00,0.75
2011-04-22 00:50:27-04:00,0.0
2011-04-22 00:50:30-04:00,0.0
2011-04-22 00:50:33-04:00,0.0
2011-04-22 00:50:36-04:00,0.25
2011-04-22 00:50:39-04:00,1.0
2011-04-22 00:50:42-04:00,1.0
2011-04-22 00:50:45-04:00,1.0
2011-04-22 00:50:48-04:00,1.0
2011-04-22 00:50:51-04:00,1.0
2011-04-22 00:50:54-04:00,1.0
2011-04-22 00:50:57-04:00,1.0
2011-04-22 00:51:00-04:00,1.0
2011-04-22 00:51:03-04:00,1.0
2011-04-22 00:51:06-04:00,1.0
2011-04-22 00:51:09-04:00,1.0
2011-04-22 00:51:12-04:00,1.0
2011-04-22 00:51:15-04:00,1.0
2011-04-22 00:51:18-04:00,1.0
2011-04-22 00:51:21-04:00,1.0
2011-04-22 00:51:24-04:00,1.0
2011-04-22 00:51:27-04:00,1.0
2011-04-22 00:51:30-04:00,1.0
2011-04-22 00:51:33-04:00,1.0
2011-04-22 00:51:36-04:00,1.0
2011-04-22 00:51:39-04:00,1.0
2011-04-22 00:51:42-04:00,1.0
2011-04-22 00:51:45-04:00,0.33333333333333337
2011-04-22 00:51:48-04:00,0.0
2011-04-22 00:51:51-04:00,0.5
2011-04-22 00:51:54-04:00,1.0
2011-04-22 00:51:57-04:00,1.0
2011-04-22 00:52:00-04:00,1.0
2011-04-22 00:52:03-04:00,1.0
2011-04-22 00:52:06-04:00,1.0
2011-04-22 00:52:09-04:00,1.0
2011-04-22 00:52:12-04:00,1.0
2011-04-22 00:52:15-04:00,1.0
2011-04-22 00:52:18-04:00,1.0
2011-04-22 00:52:21-04:00,1.0
2011-04-22 00:52:24-04:00,1.0
2011-04-22 00:52:27-04:00,1.0
2011-04-22 00:52:30-04:00,1.0
2011-04-22 00:52:33-04:00,1.0
2011-04-22 00:52:36-04:00,1.0
2011-04-22 00:52:39-04:00,1.0
2011-04-22 00:52:42-04:00,1.0
2011-04-22 00:52:45-04:00,1.0
2011-04-22 00:52:48-04:00,1.0
2011-04-22 00:52:51-04:00,1.0
2011-04-22 00:52:54-04:00,0.75
2011-04-22 00:52:57-04:00,0.0
2011-04-22 00:53:00-04:00,1.0
2011-04-22 00:53:03-04:00,1.0
2011-04-22 00:53:06-04:00,1.0
2011-04-22 00:53:09-04:00,1.0
2011-04-22 00:53:12-04:00,1.0
2011-04-22 00:53:15-04:00,1.0
2011-04-22 00:53:18-04:00,1.0
2011-04-22 00:53:21-04:00,1.0
2011-04-22 00:53:24-04:00,1.0
2011-04-22 00:53:27-04:00,1.0
2011-04-22 00:53:30-04:00,1.0
2011-04-22 00:53:33-04:00,1.0
2011-04-22 00:53:36-04:00,1.0
2011-04-22 00:53:39-04:00,1.0
2011-04-22 00:53:42-04:00,1.0
2011-04-22 00:53:45-04:00,1.0
2011-04-22 00:53:48-04:00,0.6666666666666667
2011-04-22 00:53:51-04:00,0.25
2011-04-22 00:53:54-04:00,1.0
2011-04-22 00:53:57-04:00,1.0
2011-04-22 00:54:00-04:00,1.0
2011-04-22 00:54:03-04:00,1.0
2011-04-22 00:54:06-04:00,1.0
2011-04-22 00:54:09-04:00,1.0
2011-04-22 00:54:12-04:00,1.0
2011-04-22 00:54:15-04:00,1.0
2011-04-22 00:54:18-04:00,1.0
2011-04-22 00:54:21-04:00,1.0
2011-04-22 00:54:24-04:00,1.0
2011-04-22 00:54:27-04:00,1.0
2011-04-22 00:54:30-04:00,1.0
2011-04-22 00:54:33-04:00,1.0
2011-04-22 00:54:36-04:00,1.0
2011-04-22 00:54:39-04:00,0.6666666666666667
2011-04-22 00:54:42-04:00,0.3333333333333333
2011-04-22 00:54:45-04:00,1.0
2011-04-22 00:54:48-04:00,1.0
2011-04-22 00:54:51-04:00,1.0
2011-04-22 00:54:54-04:00,1.0
2011-04-22 00:54:57-04:00,1.0
2011-04-22 00:55:00-04:00,0.5
2011-04-22 00:55:03-04:00,0.3333333333333333
2011-04-22 00:55:06-04:00,1.0
2011-04-22 00:55:09-04:00,1.0
2011-04-22 00:55:12-04:00,1.0
2011-04-22 00:55:15-04:00,1.0
2011-04-22 00:55:18-04:00,1.0
2011-04-22 00:55:21-04:00,1.0
2011-04-22 00:55:24-04:00,1.0
2011-04-22 00:55:27-04:00,1.0
2011-04-22 00:55:30-04:00,1.0
2011-04-22 00:55:33-04:00,1.0
2011-04-22 00:55:36-04:00,1.0
2011-04-22 00:55:39-04:00,1.0
2011-04-22 00:55:42-04:00,1.0
2011-04-22 00:55:45-04:00,1.0
2011-04-22 00:55:48-04:00,1.0
2011-04-22 00:55:51-04:00,1.0
2011-04-22 00:55:54-04:00,1.0
2011-04-22 00:55:57-04:00,1.0
2011-04-22 00:56:00-04:00,1.0
2011-04-22 00:56:03-04:00,1.0
2011-04-22 00:56:06-04:00,1.0
2011-04-22 00:56:09-04:00,0.0
2011-04-22 00:56:12-04:00,1.0
2011-04-22 00:56:15-04:00,1.0
2011-04-22 00:56:18-04:00,1.0
2011-04-22 00:56:21-04:00,1.0
2011-04-22 00:56:24-04:00,1.0
2011-04-22 00:56:27-04:00,1.0
2011-04-22 00:56:30-04:00,1.0
2011-04-22 00:56:33-04:00,1.0
2011-04-22 00:56:36-04:00,1.0
2011-04-22 00:56:39-04:00,1.0
2011-04-22 00:56:42-04:00,1.0
2011-04-22 00:56:45-04:00,1.0
2011-04-22 00:56:48-04:00,1.0
2011-04-22 00:56:51-04:00,1.0
2011-04-22 00:56:54-04:00,1.0
2011-04-22 00:56:57-04:00,1.0
2011-04-22 00:57:00-04:00,1.0
2011-04-22 00:57:03-04:00,1.0
2011-04-22 00:57:06-04:00,1.0
2011-04-22 00:57:09-04:00,1.0
2011-04-22 00:57:12-04:00,1.0
2011-04-22 00:57:15-04:00,1.0
2011-04-22 00:57:18-04:00,1.0
2011-04-22 00:57:21-04:00,0.6666666666666667
2011-04-22 00:57:24-04:00,0.25
2011-04-22 00:57:27-04:00,1.0
2011-04-22 00:57:30-04:00,1.0
2011-04-22 00:57:33-04:00,1.0
2011-04-22 00:57:36-04:00,1.0
2011-04-22 00:57:39-04:00,1.0
2011-04-22 00:57:42-04:00,1.0
2011-04-22 00:57:45-04:00,1.0
2011-04-22 00:57:48-04:00,1.0
2011-04-22 00:57:51-04:00,1.0
2011-04-22 00:57:54-04:00,1.0
2011-04-22 00:57:57-04:00,1.0
2011-04-22 00:58:00-04:00,1.0
2011-04-22 00:58:03-04:00,1.0
2011-04-22 00:58:06-04:00,1.0
2011-04-22 00:58:09-04:00,1.0
2011-04-22 00:58:12-04:00,1.0
2011-04-22 00:58:15-04:00,1.0
2011-04-22 00:58:18-04:00,1.0
2011-04-22 00:58:21-04:00,1.0
2011-04-22 00:58:24-04:00,1.0
2011-04-22 00:58:27-04:00,1.0
2011-04-22 00:58:30-04:00,1.0
2011-04-22 00:58:33-04:00,1.0
2011-04-22 00:58:36-04:00,1.0
2011-04-22 00:58:39-04:00,1.0
2011-04-22 00:58:42-04:00,1.0
2011-04-22 00:58:45-04:00,0.33333333333333337
2011-04-22 00:58:48-04:00,0.6666666666666666
2011-04-22 00:58:51-04:00,1.0
2011-04-22 00:58:54-04:00,0.75
2011-04-22 00:58:57-04:00,0.0
2011-04-22 00:59:00-04:00,1.0
2011-04-22 00:59:03-04:00,1.0
2011-04-22 00:59:06-04:00,1.0
2011-04-22 00:59:09-04:00,1.0
2011-04-22 00:59:12-04:00,1.0
2011-04-22 00:59:15-04:00,1.0
2011-04-22 00:59:18-04:00,1.0
2011-04-22 00:59:21-04:00,1.0
2011-04-22 00:59:24-04:00,1.0
2011-04-22 00:59:27-04:00,1.0
2011-04-22 00:59:30-04:00,1.0
2011-04-22 00:59:33-04:00,1.0
2011-04-22 00:59:36-04:00,1.0
2011-04-22 00:59:39-04:00,1.0
2011-04-22 00:59:42-04:00,1.0
2011-04-22 00:59:45-04:00,1.0
2011-04-22 00:59:48-04:00,1.0
2011-04-22 00:59:51-04:00,1.0
2011-04-22 00:59:54-04:00,1.0
2011-04-22 00:59:57-04:00,1.0
2011-04-22 01:00:00-04:00,1.0
2011-04-22 01:00:03-04:00,1.0
2011-04-22 01:00:06-04:00,0.5
2011-04-22 01:00:09-04:00,0.3333333333333333
2011-04-22 01:00:12-04:00,1.0
2011-04-22 01:00:15-04:00,1.0
2011-04-22 01:00:18-04:00,1.0
2011-04-22 01:00:21-04:00,0.25
2011-04-22 01:00:24-04:00,0.0
2011-04-22 01:00:27-04:00,0.2222222222222222
2011-04-22 01:00:30-04:00,0.5555555555555556
2011-04-22 01:00:33-04:00,0.8888888888888888
2011-04-22 01:00:36-04:00,1.0
2011-04-22 01:00:39-04:00,1.0
2011-04-22 01:00:42-04:00,1.0
2011-04-22 01:00:45-04:00,1.0
2011-04-22 01:00:48-04:00,1.0
2011-04-22 01:00:51-04:00,1.0
2011-04-22 01:00:54-04:00,1.0
2011-04-22 01:00:57-04:00,1.0
2011-04-22 01:01:00-04:00,1.0
2011-04-22 01:01:03-04:00,1.0
2011-04-22 01:01:06-04:00,1.0
2011-04-22 01:01:09-04:00,1.0
2011-04-22 01:01:12-04:00,0.0
2011-04-22 01:01:15-04:00,0.75
2011-04-22 01:01:18-04:00,0.33333333333333337
2011-04-22 01:01:21-04:00,0.6666666666666666
2011-04-22 01:01:24-04:00,1.0
2011-04-22 01:01:27-04:00,1.0
2011-04-22 01:01:30-04:00,1.0
2011-04-22 01:01:33-04:00,1.0
2011-04-22 01:01:36-04:00,1.0
2011-04-22 01:01:39-04:00,0.6666666666666667
2011-04-22 01:01:42-04:00,0.25
2011-04-22 01:01:45-04:00,1.0
2011-04-22 01:01:48-04:00,0.0
2011-04-22 01:01:51-04:00,1.0
2011-04-22 01:01:54-04:00,1.0
2011-04-22 01:01:57-04:00,0.33333333333333337
2011-04-22 01:02:00-04:00,0.5
2011-04-22 01:02:03-04:00,1.0
2011-04-22 01:02:06-04:00,1.0
2011-04-22 01:02:09-04:00,1.0
2011-04-22 01:02:12-04:00,1.0
2011-04-22 01:02:15-04:00,1.0
2011-04-22 01:02:18-04:00,1.0
2011-04-22 01:02:21-04:00,1.0
2011-04-22 01:02:24-04:00,0.5
2011-04-22 01:02:27-04:00,0.1111111111111111
2011-04-22 01:02:30-04:00,0.4444444444444444
2011-04-22 01:02:33-04:00,0.7777777777777778
2011-04-22 01:02:36-04:00,1.0
2011-04-22 01:02:39-04:00,1.0
2011-04-22 01:02:42-04:00,1.0
2011-04-22 01:02:45-04:00,1.0
2011-04-22 01:02:48-04:00,1.0
2011-04-22 01:02:51-04:00,1.0
2011-04-22 01:02:54-04:00,1.0
2011-04-22 01:02:57-04:00,1.0
2011-04-22 01:03:00-04:00,1.0
2011-04-22 01:03:03-04:00,1.0
2011-04-22 01:03:06-04:00,1.0
2011-04-22 01:03:09-04:00,1.0
2011-04-22 01:03:12-04:00,1.0
2011-04-22 01:03:15-04:00,1.0
2011-04-22 01:03:18-04:00,1.0
2011-04-22 01:03:21-04:00,1.0
2011-04-22 01:03:24-04:00,1.0
2011-04-22 01:03:27-04:00,1.0
2011-04-22 01:03:30-04:00,1.0
2011-04-22 01:03:33-04:00,1.0
2011-04-22 01:03:36-04:00,1.0
2011-04-22 01:03:39-04:00,1.0
2011-04-22 01:03:42-04:00,1.0
2011-04-22 01:03:45-04:00,1.0
2011-04-22 01:03:48-04:00,1.0
2011-04-22 01:03:51-04:00,0.5
2011-04-22 01:03:54-04:00,0.3333333333333333
2011-04-22 01:03:57-04:00,1.0
2011-04-22 01:04:00-04:00,1.0
2011-04-22 01:04:03-04:00,1.0
2011-04-22 01:04:06-04:00,1.0
2011-04-22 01:04:09-04:00,1.0
2011-04-22 01:04:12-04:00,1.0
2011-04-22 01:04:15-04:00,1.0
2011-04-22 01:04:18-04:00,1.0
2011-04-22 01:04:21-04:00,1.0
2011-04-22 01:04:24-04:00,1.0
2011-04-22 01:04:27-04:00,1.0
2011-04-22 01:04:30-04:00,0.6666666666666667
2011-04-22 01:04:33-04:00,0.33333333333333337
2011-04-22 01:04:36-04:00,0.0
2011-04-22 01:04:39-04:00,1.0
2011-04-22 01:04:42-04:00,1.0
2011-04-22 01:04:45-04:00,1.0
2011-04-22 01:04:48-04:00,1.0
2011-04-22 01:04:51-04:00,1.0
2011-04-22 01:04:54-04:00,1.0
2011-04-22 01:04:57-04:00,1.0
2011-04-22 01:05:00-04:00,1.0
2011-04-22 01:05:03-04:00,0.25
2011-04-22 01:05:06-04:00,0.0
2011-04-22 01:05:09-04:00,0.6666666666666666
2011-04-22 01:05:12-04:00,1.0
2011-04-22 01:05:15-04:00,1.0
2011-04-22 01:05:18-04:00,1.0
2011-04-22 01:05:21-04:00,1.0
2011-04-22 01:05:24-04:00,1.0
2011-04-22 01:05:27-04:00,1.0
2011-04-22 01:05:30-04:00,1.0
2011-04-22 01:05:33-04:00,1.0
2011-04-22 01:05:36-04:00,1.0
2011-04-22 01:05:39-04:00,1.0
2011-04-22 01:05:42-04:00,0.33333333333333337
2011-04-22 01:05:45-04:00,0.6666666666666666
2011-04-22 01:05:48-04:00,1.0
2011-04-22 01:05:51-04:00,1.0
2011-04-22 01:05:54-04:00,1.0
2011-04-22 01:05:57-04:00,1.0
2011-04-22 01:06:00-04:00,1.0
2011-04-22 01:06:03-04:00,1.0
2011-04-22 01:06:06-04:00,1.0
2011-04-22 01:06:09-04:00,1.0
2011-04-22 01:06:12-04:00,1.0
2011-04-22 01:06:15-04:00,1.0
2011-04-22 01:06:18-04:00,1.0
2011-04-22 01:06:21-04:00,1.0
2011-04-22 01:06:24-04:00,1.0
2011-04-22 01:06:27-04:00,1.0
2011-04-22 01:06:30-04:00,1.0
2011-04-22 01:06:33-04:00,1.0
2011-04-22 01:06:36-04:00,1.0
2011-04-22 01:06:39-04:00,1.0
2011-04-22 01:06:42-04:00,1.0
2011-04-22 01:06:45-04:00,0.5
2011-04-22 01:06:48-04:00,0.3333333333333333
2011-04-22 01:06:51-04:00,1.0
2011-04-22 01:06:54-04:00,1.0
2011-04-22 01:06:57-04:00,1.0
2011-04-22 01:07:00-04:00,1.0
2011-04-22 01:07:03-04:00,1.0
2011-04-22 01:07:06-04:00,1.0
2011-04-22 01:07:09-04:00,1.0
2011-04-22 01:07:12-04:00,1.0
2011-04-22 01:07:15-04:00,1.0
2011-04-22 01:07:18-04:00,1.0
2011-04-22 01:07:21-04:00,1.0
2011-04-22 01:07:24-04:00,1.0
2011-04-22 01:07:27-04:00,1.0
2011-04-22 01:07:30-04:00,1.0
2011-04-22 01:07:33-04:00,1.0
2011-04-22 01:07:36-04:00,1.0
2011-04-22 01:07:39-04:00,1.0
2011-04-22 01:07:42-04:00,1.0
2011-04-22 01:07:45-04:00,1.0
2011-04-22 01:07:48-04:00,1.0
2011-04-22 01:07:51-04:00,1.0
2011-04-22 01:07:54-04:00,1.0
2011-04-22 01:07:57-04:00,1.0
2011-04-22 01:08:00-04:00,1.0
2011-04-22 01:08:03-04:00,1.0
2011-04-22 01:08:06-04:00,1.0
2011-04-22 01:08:09-04:00,1.0
2011-04-22 01:08:12-04:00,1.0
2011-04-22 01:08:15-04:00,1.0
2011-04-22 01:08:18-04:00,1.0
2011-04-22 01:08:21-04:00,1.0
2011-04-22 01:08:24-04:00,1.0
2011-04-22 01:08:27-04:00,1.0
2011-04-22 01:08:30-04:00,1.0
2011-04-22 01:08:33-04:00,1.0
2011-04-22 01:08:36-04:00,1.0
2011-04-22 01:08:39-04:00,1.0
2011-04-22 01:08:42-04:00,1.0
2011-04-22 01:08:45-04:00,1.0
2011-04-22 01:08:48-04:00,1.0
2011-04-22 01:08:51-04:00,1.0
2011-04-22 01:08:54-04:00,1.0
2011-04-22 01:08:57-04:00,1.0
2011-04-22 01:09:00-04:00,1.0
2011-04-22 01:09:03-04:00,1.0
2011-04-22 01:09:06-04:00,0.6666666666666667
2011-04-22 01:09:09-04:00,0.25
2011-04-22 01:09:12-04:00,1.0
2011-04-22 01:09:15-04:00,1.0
2011-04-22 01:09:18-04:00,1.0
2011-04-22 01:09:21-04:00,1.0
2011-04-22 01:09:24-04:00,1.0
2011-04-22 01:09:27-04:00,1.0
2011-04-22 01:09:30-04:00,1.0
2011-04-22 01:09:33-04:00,1.0
2011-04-22 01:09:36-04:00,1.0
2011-04-22 01:09:39-04:00,1.0
2011-04-22 01:09:42-04:00,1.0
2011-04-22 01:09:45-04:00,1.0
2011-04-22 01:09:48-04:00,1.0
2011-04-22 01:09:51-04:00,1.0
2011-04-22 01:09:54-04:00,1.0
2011-04-22 01:09:57-04:00,1.0
2011-04-22 01:10:00-04:00,1.0
2011-04-22 01:10:03-04:00,1.0
2011-04-22 01:10:06-04:00,1.0
2011-04-22 01:10:09-04:00,1.0
2011-04-22 01:10:12-04:00,1.0
2011-04-22 01:10:15-04:00,1.0
2011-04-22 01:10:18-04:00,1.0
2011-04-22 01:10:21-04:00,1.0
2011-04-22 01:10:24-04:00,1.0
2011-04-22 01:10:27-04:00,1.0
2011-04-22 01:10:30-04:00,1.0
2011-04-22 01:10:33-04:00,1.0
2011-04-22 01:10:36-04:00,1.0
2011-04-22 01:10:39-04:00,1.0
2011-04-22 01:10:42-04:00,1.0
2011-04-22 01:10:45-04:00,1.0
2011-04-22 01:10:48-04:00,1.0
2011-04-22 01:10:51-04:00,1.0
2011-04-22 01:10:54-04:00,1.0
2011-04-22 01:10:57-04:00,1.0
2011-04-22 01:11:00-04:00,1.0
2011-04-22 01:11:03-04:00,1.0
2011-04-22 01:11:06-04:00,1.0
2011-04-22 01:11:09-04:00,1.0
2011-04-22 01:11:12-04:00,1.0
2011-04-22 01:11:15-04:00,1.0
2011-04-22 01:11:18-04:00,1.0
2011-04-22 01:11:21-04:00,1.0
2011-04-22 01:11:24-04:00,1.0
2011-04-22 01:11:27-04:00,1.0
2011-04-22 01:11:30-04:00,1.0
2011-04-22 01:11:33-04:00,1.0
2011-04-22 01:11:36-04:00,1.0
2011-04-22 01:11:39-04:00,1.0
2011-04-22 01:11:42-04:00,1.0
2011-04-22 01:11:45-04:00,1.0
2011-04-22 01:11:48-04:00,1.0
2011-04-22 01:11:51-04:00,1.0
2011-04-22 01:11:54-04:00,1.0
2011-04-22 01:11:57-04:00,1.0
2011-04-22 01:12:00-04:00,1.0
2011-04-22 01:12:03-04:00,1.0
2011-04-22 01:12:06-04:00,1.0
2011-04-22 01:12:09-04:00,1.0
2011-04-22 01:12:12-04:00,1.0
2011-04-22 01:12:15-04:00,1.0
2011-04-22 01:12:18-04:00,1.0
2011-04-22 01:12:21-04:00,1.0
2011-04-22 01:12:24-04:00,1.0
2011-04-22 01:12:27-04:00,1.0
2011-04-22 01:12:30-04:00,1.0
2011-04-22 01:12:33-04:00,1.0
2011-04-22 01:12:36-04:00,1.0
2011-04-22 01:12:39-04:00,1.0
2011-04-22 01:12:42-04:00,1.0
2011-04-22 01:12:45-04:00,1.0
2011-04-22 01:12:48-04:00,1.0
2011-04-22 01:12:51-04:00,1.0
2011-04-22 01:12:54-04:00,1.0
2011-04-22 01:12:57-04:00,1.0
2011-04-22 01:13:00-04:00,1.0
2011-04-22 01:13:03-04:00,1.0
2011-04-22 01:13:06-04:00,1.0
2011-04-22 01:13:09-04:00,1.0
2011-04-22 01:13:12-04:00,1.0
2011-04-22 01:13:15-04:00,1.0
2011-04-22 01:13:18-04:00,1.0
2011-04-22 01:13:21-04:00,1.0
2011-04-22 01:13:24-04:00,0.6666666666666667
2011-04-22 01:13:27-04:00,0.1111111111111111
2011-04-22 01:13:30-04:00,0.4444444444444444
2011-04-22 01:13:33-04:00,0.7777777777777778
2011-04-22 01:13:36-04:00,0.75
2011-04-22 01:13:39-04:00,0.0
2011-04-22 01:13:42-04:00,1.0
2011-04-22 01:13:45-04:00,1.0
2011-04-22 01:13:48-04:00,1.0
2011-04-22 01:13:51-04:00,1.0
2011-04-22 01:13:54-04:00,1.0
2011-04-22 01:13:57-04:00,1.0
2011-04-22 01:14:00-04:00,1.0
2011-04-22 01:14:03-04:00,1.0
2011-04-22 01:14:06-04:00,1.0
2011-04-22 01:14:09-04:00,1.0
2011-04-22 01:14:12-04:00,1.0
2011-04-22 01:14:15-04:00,1.0
2011-04-22 01:14:18-04:00,1.0
2011-04-22 01:14:21-04:00,1.0
2011-04-22 01:14:24-04:00,1.0
2011-04-22 01:14:27-04:00,1.0
2011-04-22 01:14:30-04:00,1.0
2011-04-22 01:14:33-04:00,1.0
2011-04-22 01:14:36-04:00,1.0
2011-04-22 01:14:39-04:00,1.0
2011-04-22 01:14:42-04:00,1.0
2011-04-22 01:14:45-04:00,1.0
2011-04-22 01:14:48-04:00,1.0
2011-04-22 01:14:51-04:00,1.0
2011-04-22 01:14:54-04:00,1.0
2011-04-22 01:14:57-04:00,1.0
2011-04-22 01:15:00-04:00,1.0
2011-04-22 01:15:03-04:00,1.0
2011-04-22 01:15:06-04:00,1.0
2011-04-22 01:15:09-04:00,1.0
2011-04-22 01:15:12-04:00,1.0
2011-04-22 01:15:15-04:00,1.0
2011-04-22 01:15:18-04:00,1.0
2011-04-22 01:15:21-04:00,1.0
2011-04-22 01:15:24-04:00,1.0
2011-04-22 01:15:27-04:00,1.0
2011-04-22 01:15:30-04:00,1.0
2011-04-22 01:15:33-04:00,1.0
2011-04-22 01:15:36-04:00,1.0
2011-04-22 01:15:39-04:00,1.0
2011-04-22 01:15:42-04:00,1.0
2011-04-22 01:15:45-04:00,1.0
2011-04-22 01:15:48-04:00,1.0
2011-04-22 01:15:51-04:00,1.0
2011-04-22 01:15:54-04:00,1.0
2011-04-22 01:15:57-04:00,1.0
2011-04-22 01:16:00-04:00,1.0
2011-04-22 01:16:03-04:00,1.0
2011-04-22 01:16:06-04:00,1.0
2011-04-22 01:16:09-04:00,1.0
2011-04-22 01:16:12-04:00,1.0
2011-04-22 01:16:15-04:00,1.0
2011-04-22 01:16:18-04:00,1.0
2011-04-22 01:16:21-04:00,1.0
2011-04-22 01:16:24-04:00,1.0
2011-04-22 01:16:27-04:00,1.0
2011-04-22 01:16:30-04:00,1.0
2011-04-22 01:16:33-04:00,1.0
2011-04-22 01:16:36-04:00,1.0
2011-04-22 01:16:39-04:00,1.0
2011-04-22 01:16:42-04:00,1.0
2011-04-22 01:16:45-04:00,1.0
2011-04-22 01:16:48-04:00,1.0
2011-04-22 01:16:51-04:00,1.0
2011-04-22 01:16:54-04:00,1.0
2011-04-22 01:16:57-04:00,1.0
2011-04-22 01:17:00-04:00,1.0
2011-04-22 01:17:03-04:00,1.0
2011-04-22 01:17:06-04:00,1.0
2011-04-22 01:17:09-04:00,1.0
2011-04-22 01:17:12-04:00,0.5
2011-04-22 01:17:15-04:00,0.3333333333333333
2011-04-22 01:17:18-04:00,1.0
2011-04-22 01:17:21-04:00,1.0
2011-04-22 01:17:24-04:00,1.0
2011-04-22 01:17:27-04:00,1.0
2011-04-22 01:17:30-04:00,1.0
2011-04-22 01:17:33-04:00,1.0
2011-04-22 01:17:36-04:00,1.0
2011-04-22 01:17:39-04:00,1.0
2011-04-22 01:17:42-04:00,1.0
2011-04-22 01:17:45-04:00,0.5
2011-04-22 01:17:48-04:00,0.3333333333333333
2011-04-22 01:17:51-04:00,1.0
2011-04-22 01:17:54-04:00,1.0
2011-04-22 01:17:57-04:00,1.0
2011-04-22 01:18:00-04:00,1.0
2011-04-22 01:18:03-04:00,1.0
2011-04-22 01:18:06-04:00,1.0
2011-04-22 01:18:09-04:00,1.0
2011-04-22 01:18:12-04:00,1.0
2011-04-22 01:18:15-04:00,1.0
2011-04-22 01:18:18-04:00,1.0
2011-04-22 01:18:21-04:00,1.0
2011-04-22 01:18:24-04:00,1.0
2011-04-22 01:18:27-04:00,1.0
2011-04-22 01:18:30-04:00,1.0
2011-04-22 01:18:33-04:00,1.0
2011-04-22 01:18:36-04:00,1.0
2011-04-22 01:18:39-04:00,1.0
2011-04-22 01:18:42-04:00,1.0
2011-04-22 01:18:45-04:00,1.0
2011-04-22 01:18:48-04:00,1.0
2011-04-22 01:18:51-04:00,1.0
2011-04-22 01:18:54-04:00,1.0
2011-04-22 01:18:57-04:00,1.0
2011-04-22 01:19:00-04:00,1.0
2011-04-22 01:19:03-04:00,1.0
2011-04-22 01:19:06-04:00,1.0
2011-04-22 01:19:09-04:00,1.0
2011-04-22 01:19:12-04:00,1.0
2011-04-22 01:19:15-04:00,1.0
2011-04-22 01:19:18-04:00,1.0
2011-04-22 01:19:21-04:00,1.0
2011-04-22 01:19:24-04:00,1.0
2011-04-22 01:19:27-04:00,1.0
2011-04-22 01:19:30-04:00,1.0
2011-04-22 01:19:33-04:00,1.0
2011-04-22 01:19:36-04:00,1.0
2011-04-22 01:19:39-04:00,1.0
2011-04-22 01:19:42-04:00,1.0
2011-04-22 01:19:45-04:00,1.0
2011-04-22 01:19:48-04:00,1.0
2011-04-22 01:19:51-04:00,1.0
2011-04-22 01:19:54-04:00,1.0
2011-04-22 01:19:57-04:00,1.0
2011-04-22 01:20:00-04:00,1.0
2011-04-22 01:20:03-04:00,1.0
2011-04-22 01:20:06-04:00,1.0
2011-04-22 01:20:09-04:00,1.0
2011-04-22 01:20:12-04:00,1.0
2011-04-22 01:20:15-04:00,1.0
2011-04-22 01:20:18-04:00,1.0
2011-04-22 01:20:21-04:00,1.0
2011-04-22 01:20:24-04:00,1.0
2011-04-22 01:20:27-04:00,1.0
2011-04-22 01:20:30-04:00,1.0
2011-04-22 01:20:33-04:00,1.0
2011-04-22 01:20:36-04:00,1.0
2011-04-22 01:20:39-04:00,1.0
2011-04-22 01:20:42-04:00,1.0
2011-04-22 01:20:45-04:00,1.0
2011-04-22 01:20:48-04:00,1.0
2011-04-22 01:20:51-04:00,1.0
2011-04-22 01:20:54-04:00,1.0
2011-04-22 01:20:57-04:00,1.0
2011-04-22 01:21:00-04:00,1.0
2011-04-22 01:21:03-04:00,1.0
2011-04-22 01:21:06-04:00,1.0
2011-04-22 01:21:09-04:00,1.0
2011-04-22 01:21:12-04:00,1.0
2011-04-22 01:21:15-04:00,1.0
2011-04-22 01:21:18-04:00,1.0
2011-04-22 01:21:21-04:00,1.0
2011-04-22 01:21:24-04:00,1.0
2011-04-22 01:21:27-04:00,1.0
2011-04-22 01:21:30-04:00,1.0
2011-04-22 01:21:33-04:00,1.0
2011-04-22 01:21:36-04:00,1.0
2011-04-22 01:21:39-04:00,1.0
2011-04-22 01:21:42-04:00,1.0
2011-04-22 01:21:45-04:00,1.0
2011-04-22 01:21:48-04:00,1.0
2011-04-22 01:21:51-04:00,1.0
2011-04-22 01:21:54-04:00,1.0
2011-04-22 01:21:57-04:00,1.0
2011-04-22 01:22:00-04:00,1.0
2011-04-22 01:22:03-04:00,1.0
2011-04-22 01:22:06-04:00,1.0
2011-04-22 01:22:09-04:00,1.0
2011-04-22 01:22:12-04:00,1.0
2011-04-22 01:22:15-04:00,1.0
2011-04-22 01:22:18-04:00,1.0
2011-04-22 01:22:21-04:00,1.0
2011-04-22 01:22:24-04:00,1.0
2011-04-22 01:22:27-04:00,1.0
2011-04-22 01:22:30-04:00,1.0
2011-04-22 01:22:33-04:00,1.0
2011-04-22 01:22:36-04:00,1.0
2011-04-22 01:22:39-04:00,1.0
2011-04-22 01:22:42-04:00,1.0
2011-04-22 01:22:45-04:00,1.0
2011-04-22 01:22:48-04:00,1.0
2011-04-22 01:22:51-04:00,1.0
2011-04-22 01:22:54-04:00,1.0
2011-04-22 01:22:57-04:00,1.0
2011-04-22 01:23:00-04:00,1.0
2011-04-22 01:23:03-04:00,1.0
2011-04-22 01:23:06-04:00,1.0
2011-04-22 01:23:09-04:00,1.0
2011-04-22 01:23:12-04:00,1.0
2011-04-22 01:23:15-04:00,1.0
2011-04-22 01:23:18-04:00,1.0
2011-04-22 01:23:21-04:00,1.0
2011-04-22 01:23:24-04:00,1.0
2011-04-22 01:23:27-04:00,1.0
2011-04-22 01:23:30-04:00,1.0
2011-04-22 01:23:33-04:00,1.0
2011-04-22 01:23:36-04:00,1.0
2011-04-22 01:23:39-04:00,0.75
2011-04-22 01:23:42-04:00,0.0
2011-04-22 01:23:45-04:00,1.0
2011-04-22 01:23:48-04:00,1.0
2011-04-22 01:23:51-04:00,1.0
2011-04-22 01:23:54-04:00,1.0
2011-04-22 01:23:57-04:00,1.0
2011-04-22 01:24:00-04:00,1.0
2011-04-22 01:24:03-04:00,1.0
2011-04-22 01:24:06-04:00,1.0
2011-04-22 01:24:09-04:00,1.0
2011-04-22 01:24:12-04:00,1.0
2011-04-22 01:24:15-04:00,1.0
2011-04-22 01:24:18-04:00,1.0
2011-04-22 01:24:21-04:00,1.0
2011-04-22 01:24:24-04:00,1.0
2011-04-22 01:24:27-04:00,1.0
2011-04-22 01:24:30-04:00,1.0
2011-04-22 01:24:33-04:00,1.0
2011-04-22 01:24:36-04:00,1.0
2011-04-22 01:24:39-04:00,1.0
2011-04-22 01:24:42-04:00,1.0
2011-04-22 01:24:45-04:00,1.0
2011-04-22 01:24:48-04:00,1.0
2011-04-22 01:24:51-04:00,1.0
2011-04-22 01:24:54-04:00,1.0
2011-04-22 01:24:57-04:00,1.0
2011-04-22 01:25:00-04:00,1.0
2011-04-22 01:25:03-04:00,1.0
2011-04-22 01:25:06-04:00,1.0
2011-04-22 01:25:09-04:00,1.0
2011-04-22 01:25:12-04:00,1.0
2011-04-22 01:25:15-04:00,1.0
2011-04-22 01:25:18-04:00,1.0
2011-04-22 01:25:21-04:00,1.0
2011-04-22 01:25:24-04:00,1.0
2011-04-22 01:25:27-04:00,1.0
2011-04-22 01:25:30-04:00,1.0
2011-04-22 01:25:33-04:00,1.0
2011-04-22 01:25:36-04:00,1.0
2011-04-22 01:25:39-04:00,1.0
2011-04-22 01:25:42-04:00,1.0
2011-04-22 01:25:45-04:00,1.0
2011-04-22 01:25:48-04:00,1.0
2011-04-22 01:25:51-04:00,1.0
2011-04-22 01:25:54-04:00,1.0
2011-04-22 01:25:57-04:00,1.0
2011-04-22 01:26:00-04:00,1.0
2011-04-22 01:26:03-04:00,1.0
2011-04-22 01:26:06-04:00,1.0
2011-04-22 01:26:09-04:00,1.0
2011-04-22 01:26:12-04:00,1.0
2011-04-22 01:26:15-04:00,1.0
2011-04-22 01:26:18-04:00,1.0
2011-04-22 01:26:21-04:00,1.0
2011-04-22 01:26:24-04:00,1.0
2011-04-22 01:26:27-04:00,1.0
2011-04-22 01:26:30-04:00,1.0
2011-04-22 01:26:33-04:00,1.0
2011-04-22 01:26:36-04:00,1.0
2011-04-22 01:26:39-04:00,1.0
2011-04-22 01:26:42-04:00,1.0
2011-04-22 01:26:45-04:00,1.0
2011-04-22 01:26:48-04:00,1.0
2011-04-22 01:26:51-04:00,1.0
2011-04-22 01:26:54-04:00,1.0
2011-04-22 01:26:57-04:00,1.0
2011-04-22 01:27:00-04:00,1.0
2011-04-22 01:27:03-04:00,1.0
2011-04-22 01:27:06-04:00,1.0
2011-04-22 01:27:09-04:00,1.0
2011-04-22 01:27:12-04:00,1.0
2011-04-22 01:27:15-04:00,1.0
2011-04-22 01:27:18-04:00,1.0
2011-04-22 01:27:21-04:00,1.0
2011-04-22 01:27:24-04:00,1.0
2011-04-22 01:27:27-04:00,1.0
2011-04-22 01:27:30-04:00,1.0
2011-04-22 01:27:33-04:00,1.0
2011-04-22 01:27:36-04:00,1.0
2011-04-22 01:27:39-04:00,1.0
2011-04-22 01:27:42-04:00,1.0
2011-04-22 01:27:45-04:00,1.0
2011-04-22 01:27:48-04:00,1.0
2011-04-22 01:27:51-04:00,1.0
2011-04-22 01:27:54-04:00,1.0
2011-04-22 01:27:57-04:00,1.0
2011-04-22 01:28:00-04:00,1.0
2011-04-22 01:28:03-04:00,0.33333333333333337
2011-04-22 01:28:06-04:00,0.5
2011-04-22 01:28:09-04:00,1.0
2011-04-22 01:28:12-04:00,1.0
2011-04-22 01:28:15-04:00,1.0
2011-04-22 01:28:18-04:00,1.0
2011-04-22 01:28:21-04:00,1.0
2011-04-22 01:28:24-04:00,1.0
2011-04-22 01:28:27-04:00,1.0
2011-04-22 01:28:30-04:00,1.0
2011-04-22 01:28:33-04:00,1.0
2011-04-22 01:28:36-04:00,1.0
2011-04-22 01:28:39-04:00,1.0
2011-04-22 01:28:42-04:00,1.0
2011-04-22 01:28:45-04:00,1.0
2011-04-22 01:28:48-04:00,1.0
2011-04-22 01:28:51-04:00,1.0
2011-04-22 01:28:54-04:00,1.0
2011-04-22 01:28:57-04:00,1.0
2011-04-22 01:29:00-04:00,1.0
2011-04-22 01:29:03-04:00,1.0
2011-04-22 01:29:06-04:00,1.0
2011-04-22 01:29:09-04:00,1.0
2011-04-22 01:29:12-04:00,1.0
2011-04-22 01:29:15-04:00,1.0
2011-04-22 01:29:18-04:00,1.0
2011-04-22 01:29:21-04:00,1.0
2011-04-22 01:29:24-04:00,1.0
2011-04-22 01:29:27-04:00,1.0
2011-04-22 01:29:30-04:00,1.0
2011-04-22 01:29:33-04:00,1.0
2011-04-22 01:29:36-04:00,1.0
2011-04-22 01:29:39-04:00,1.0
2011-04-22 01:29:42-04:00,1.0
2011-04-22 01:29:45-04:00,1.0
2011-04-22 01:29:48-04:00,1.0
2011-04-22 01:29:51-04:00,1.0
2011-04-22 01:29:54-04:00,1.0
2011-04-22 01:29:57-04:00,1.0
2011-04-22 01:30:00-04:00,1.0
2011-04-22 01:30:03-04:00,1.0
2011-04-22 01:30:06-04:00,1.0
2011-04-22 01:30:09-04:00,1.0
2011-04-22 01:30:12-04:00,1.0
2011-04-22 01:30:15-04:00,1.0
2011-04-22 01:30:18-04:00,1.0
2011-04-22 01:30:21-04:00,0.6666666666666667
2011-04-22 01:30:24-04:00,0.3333333333333333
2011-04-22 01:30:27-04:00,1.0
2011-04-22 01:30:30-04:00,1.0
2011-04-22 01:30:33-04:00,1.0
2011-04-22 01:30:36-04:00,1.0
2011-04-22 01:30:39-04:00,1.0
2011-04-22 01:30:42-04:00,1.0
2011-04-22 01:30:45-04:00,1.0
2011-04-22 01:30:48-04:00,1.0
2011-04-22 01:30:51-04:00,1.0
2011-04-22 01:30:54-04:00,1.0
2011-04-22 01:30:57-04:00,1.0
2011-04-22 01:31:00-04:00,1.0
2011-04-22 01:31:03-04:00,1.0
2011-04-22 01:31:06-04:00,1.0
2011-04-22 01:31:09-04:00,1.0
2011-04-22 01:31:12-04:00,1.0
2011-04-22 01:31:15-04:00,0.33333333333333337
2011-04-22 01:31:18-04:00,0.5
2011-04-22 01:31:21-04:00,1.0
2011-04-22 01:31:24-04:00,1.0
2011-04-22 01:31:27-04:00,1.0
2011-04-22 01:31:30-04:00,1.0
2011-04-22 01:31:33-04:00,1.0
2011-04-22 01:31:36-04:00,1.0
2011-04-22 01:31:39-04:00,1.0
2011-04-22 01:31:42-04:00,1.0
2011-04-22 01:31:45-04:00,1.0
2011-04-22 01:31:48-04:00,1.0
2011-04-22 01:31:51-04:00,1.0
2011-04-22 01:31:54-04:00,1.0
2011-04-22 01:31:57-04:00,1.0
2011-04-22 01:32:00-04:00,1.0
2011-04-22 01:32:03-04:00,1.0
2011-04-22 01:32:06-04:00,1.0
2011-04-22 01:32:09-04:00,1.0
2011-04-22 01:32:12-04:00,1.0
2011-04-22 01:32:15-04:00,1.0
2011-04-22 01:32:18-04:00,1.0
2011-04-22 01:32:21-04:00,1.0
2011-04-22 01:32:24-04:00,1.0
2011-04-22 01:32:27-04:00,1.0
2011-04-22 01:32:30-04:00,1.0
2011-04-22 01:32:33-04:00,1.0
2011-04-22 01:32:36-04:00,1.0
2011-04-22 01:32:39-04:00,1.0
2011-04-22 01:32:42-04:00,1.0
2011-04-22 01:32:45-04:00,1.0
2011-04-22 01:32:48-04:00,1.0
2011-04-22 01:32:51-04:00,1.0
2011-04-22 01:32:54-04:00,1.0
2011-04-22 01:32:57-04:00,1.0
2011-04-22 01:33:00-04:00,1.0
2011-04-22 01:33:03-04:00,1.0
2011-04-22 01:33:06-04:00,1.0
2011-04-22 01:33:09-04:00,1.0
2011-04-22 01:33:12-04:00,1.0
2011-04-22 01:33:15-04:00,1.0
2011-04-22 01:33:18-04:00,1.0
2011-04-22 01:33:21-04:00,1.0
2011-04-22 01:33:24-04:00,0.0
2011-04-22 01:33:27-04:00,0.75
2011-04-22 01:33:30-04:00,1.0
2011-04-22 01:33:33-04:00,1.0
2011-04-22 01:33:36-04:00,1.0
2011-04-22 01:33:39-04:00,1.0
2011-04-22 01:33:42-04:00,1.0
2011-04-22 01:33:45-04:00,1.0
2011-04-22 01:33:48-04:00,1.0
2011-04-22 01:33:51-04:00,1.0
2011-04-22 01:33:54-04:00,1.0
2011-04-22 01:33:57-04:00,1.0
2011-04-22 01:34:00-04:00,1.0
2011-04-22 01:34:03-04:00,1.0
2011-04-22 01:34:06-04:00,1.0
2011-04-22 01:34:09-04:00,1.0
2011-04-22 01:34:12-04:00,1.0
2011-04-22 01:34:15-04:00,1.0
2011-04-22 01:34:18-04:00,1.0
2011-04-22 01:34:21-04:00,1.0
2011-04-22 01:34:24-04:00,1.0
2011-04-22 01:34:27-04:00,1.0
2011-04-22 01:34:30-04:00,1.0
2011-04-22 01:34:33-04:00,1.0
2011-04-22 01:34:36-04:00,1.0
2011-04-22 01:34:39-04:00,0.25
2011-04-22 01:34:42-04:00,0.6666666666666666
2011-04-22 01:34:45-04:00,1.0
2011-04-22 01:34:48-04:00,1.0
2011-04-22 01:34:51-04:00,1.0
2011-04-22 01:34:54-04:00,1.0
2011-04-22 01:34:57-04:00,1.0
2011-04-22 01:35:00-04:00,1.0
2011-04-22 01:35:03-04:00,1.0
2011-04-22 01:35:06-04:00,1.0
2011-04-22 01:35:09-04:00,1.0
2011-04-22 01:35:12-04:00,1.0
2011-04-22 01:35:15-04:00,1.0
2011-04-22 01:35:18-04:00,1.0
2011-04-22 01:35:21-04:00,1.0
2011-04-22 01:35:24-04:00,1.0
2011-04-22 01:35:27-04:00,0.25
2011-04-22 01:35:30-04:00,0.2222222222222222
2011-04-22 01:35:33-04:00,0.5555555555555556
2011-04-22 01:35:36-04:00,0.8888888888888888
2011-04-22 01:35:39-04:00,1.0
2011-04-22 01:35:42-04:00,1.0
2011-04-22 01:35:45-04:00,1.0
2011-04-22 01:35:48-04:00,1.0
2011-04-22 01:35:51-04:00,1.0
2011-04-22 01:35:54-04:00,1.0
2011-04-22 01:35:57-04:00,1.0
2011-04-22 01:36:00-04:00,1.0
2011-04-22 01:36:03-04:00,1.0
2011-04-22 01:36:06-04:00,1.0
2011-04-22 01:36:09-04:00,1.0
2011-04-22 01:36:12-04:00,1.0
2011-04-22 01:36:15-04:00,1.0
2011-04-22 01:36:18-04:00,1.0
2011-04-22 01:36:21-04:00,1.0
2011-04-22 01:36:24-04:00,1.0
2011-04-22 01:36:27-04:00,1.0
2011-04-22 01:36:30-04:00,1.0
2011-04-22 01:36:33-04:00,1.0
2011-04-22 01:36:36-04:00,1.0
2011-04-22 01:36:39-04:00,1.0
2011-04-22 01:36:42-04:00,1.0
2011-04-22 01:36:45-04:00,1.0
2011-04-22 01:36:48-04:00,1.0
2011-04-22 01:36:51-04:00,1.0
2011-04-22 01:36:54-04:00,1.0
2011-04-22 01:36:57-04:00,0.25
2011-04-22 01:37:00-04:00,0.6666666666666666
2011-04-22 01:37:03-04:00,1.0
2011-04-22 01:37:06-04:00,1.0
2011-04-22 01:37:09-04:00,1.0
2011-04-22 01:37:12-04:00,1.0
2011-04-22 01:37:15-04:00,1.0
2011-04-22 01:37:18-04:00,1.0
2011-04-22 01:37:21-04:00,0.33333333333333337
2011-04-22 01:37:24-04:00,0.5
2011-04-22 01:37:27-04:00,1.0
2011-04-22 01:37:30-04:00,1.0
2011-04-22 01:37:33-04:00,1.0
2011-04-22 01:37:36-04:00,1.0
2011-04-22 01:37:39-04:00,1.0
2011-04-22 01:37:42-04:00,1.0
2011-04-22 01:37:45-04:00,1.0
2011-04-22 01:37:48-04:00,1.0
2011-04-22 01:37:51-04:00,1.0
2011-04-22 01:37:54-04:00,0.5
2011-04-22 01:37:57-04:00,0.3333333333333333
2011-04-22 01:38:00-04:00,1.0
2011-04-22 01:38:03-04:00,1.0
2011-04-22 01:38:06-04:00,1.0
2011-04-22 01:38:09-04:00,1.0
2011-04-22 01:38:12-04:00,1.0
2011-04-22 01:38:15-04:00,1.0
2011-04-22 01:38:18-04:00,1.0
2011-04-22 01:38:21-04:00,1.0
2011-04-22 01:38:24-04:00,1.0
2011-04-22 01:38:27-04:00,1.0
2011-04-22 01:38:30-04:00,1.0
2011-04-22 01:38:33-04:00,1.0
2011-04-22 01:38:36-04:00,1.0
2011-04-22 01:38:39-04:00,1.0
2011-04-22 01:38:42-04:00,1.0
2011-04-22 01:38:45-04:00,1.0
2011-04-22 01:38:48-04:00,1.0
2011-04-22 01:38:51-04:00,1.0
2011-04-22 01:38:54-04:00,1.0
2011-04-22 01:38:57-04:00,1.0
2011-04-22 01:39:00-04:00,1.0
2011-04-22 01:39:03-04:00,1.0
2011-04-22 01:39:06-04:00,1.0
2011-04-22 01:39:09-04:00,1.0
2011-04-22 01:39:12-04:00,1.0
2011-04-22 01:39:15-04:00,1.0
2011-04-22 01:39:18-04:00,1.0
2011-04-22 01:39:21-04:00,1.0
2011-04-22 01:39:24-04:00,1.0
2011-04-22 01:39:27-04:00,1.0
2011-04-22 01:39:30-04:00,1.0
2011-04-22 01:39:33-04:00,1.0
2011-04-22 01:39:36-04:00,1.0
2011-04-22 01:39:39-04:00,1.0
2011-04-22 01:39:42-04:00,1.0
2011-04-22 01:39:45-04:00,1.0
2011-04-22 01:39:48-04:00,1.0
2011-04-22 01:39:51-04:00,1.0
2011-04-22 01:39:54-04:00,1.0
2011-04-22 01:39:57-04:00,1.0
2011-04-22 01:40:00-04:00,1.0
2011-04-22 01:40:03-04:00,1.0
2011-04-22 01:40:06-04:00,1.0
2011-04-22 01:40:09-04:00,1.0
2011-04-22 01:40:12-04:00,1.0
2011-04-22 01:40:15-04:00,1.0
2011-04-22 01:40:18-04:00,1.0
2011-04-22 01:40:21-04:00,1.0
2011-04-22 01:40:24-04:00,1.0
2011-04-22 01:40:27-04:00,1.0
2011-04-22 01:40:30-04:00,1.0
2011-04-22 01:40:33-04:00,1.0
2011-04-22 01:40:36-04:00,1.0
2011-04-22 01:40:39-04:00,1.0
2011-04-22 01:40:42-04:00,1.0
2011-04-22 01:40:45-04:00,1.0
2011-04-22 01:40:48-04:00,1.0
2011-04-22 01:40:51-04:00,1.0
2011-04-22 01:40:54-04:00,1.0
2011-04-22 01:40:57-04:00,1.0
2011-04-22 01:41:00-04:00,1.0
2011-04-22 01:41:03-04:00,1.0
2011-04-22 01:41:06-04:00,1.0
2011-04-22 01:41:09-04:00,1.0
2011-04-22 01:41:12-04:00,1.0
2011-04-22 01:41:15-04:00,1.0
2011-04-22 01:41:18-04:00,1.0
2011-04-22 01:41:21-04:00,1.0
2011-04-22 01:41:24-04:00,1.0
2011-04-22 01:41:27-04:00,1.0
2011-04-22 01:41:30-04:00,1.0
2011-04-22 01:41:33-04:00,1.0
2011-04-22 01:41:36-04:00,1.0
2011-04-22 01:41:39-04:00,1.0
2011-04-22 01:41:42-04:00,1.0
2011-04-22 01:41:45-04:00,1.0
2011-04-22 01:41:48-04:00,1.0
2011-04-22 01:41:51-04:00,1.0
2011-04-22 01:41:54-04:00,1.0
2011-04-22 01:41:57-04:00,1.0
2011-04-22 01:42:00-04:00,1.0
2011-04-22 01:42:03-04:00,1.0
2011-04-22 01:42:06-04:00,1.0
2011-04-22 01:42:09-04:00,1.0
2011-04-22 01:42:12-04:00,1.0
2011-04-22 01:42:15-04:00,1.0
2011-04-22 01:42:18-04:00,1.0
2011-04-22 01:42:21-04:00,1.0
2011-04-22 01:42:24-04:00,1.0
2011-04-22 01:42:27-04:00,1.0
2011-04-22 01:42:30-04:00,1.0
2011-04-22 01:42:33-04:00,1.0
2011-04-22 01:42:36-04:00,1.0
2011-04-22 01:42:39-04:00,1.0
2011-04-22 01:42:42-04:00,1.0
2011-04-22 01:42:45-04:00,1.0
2011-04-22 01:42:48-04:00,1.0
2011-04-22 01:42:51-04:00,1.0
2011-04-22 01:42:54-04:00,1.0
2011-04-22 01:42:57-04:00,1.0
2011-04-22 01:43:00-04:00,1.0
2011-04-22 01:43:03-04:00,1.0
2011-04-22 01:43:06-04:00,1.0
2011-04-22 01:43:09-04:00,1.0
2011-04-22 01:43:12-04:00,1.0
2011-04-22 01:43:15-04:00,1.0
2011-04-22 01:43:18-04:00,1.0
2011-04-22 01:43:21-04:00,1.0
2011-04-22 01:43:24-04:00,1.0
2011-04-22 01:43:27-04:00,1.0
2011-04-22 01:43:30-04:00,1.0
2011-04-22 01:43:33-04:00,1.0
2011-04-22 01:43:36-04:00,1.0
2011-04-22 01:43:39-04:00,1.0
2011-04-22 01:43:42-04:00,1.0
2011-04-22 01:43:45-04:00,1.0
2011-04-22 01:43:48-04:00,1.0
2011-04-22 01:43:51-04:00,1.0
2011-04-22 01:43:54-04:00,1.0
2011-04-22 01:43:57-04:00,1.0
2011-04-22 01:44:00-04:00,1.0
2011-04-22 01:44:03-04:00,1.0
2011-04-22 01:44:06-04:00,1.0
2011-04-22 01:44:09-04:00,1.0
2011-04-22 01:44:12-04:00,1.0
2011-04-22 01:44:15-04:00,1.0
2011-04-22 01:44:18-04:00,1.0
2011-04-22 01:44:21-04:00,1.0
2011-04-22 01:44:24-04:00,1.0
2011-04-22 01:44:27-04:00,1.0
2011-04-22 01:44:30-04:00,1.0
2011-04-22 01:44:33-04:00,1.0
2011-04-22 01:44:36-04:00,1.0
2011-04-22 01:44:39-04:00,1.0
2011-04-22 01:44:42-04:00,1.0
2011-04-22 01:44:45-04:00,1.0
2011-04-22 01:44:48-04:00,1.0
2011-04-22 01:44:51-04:00,1.0
2011-04-22 01:44:54-04:00,1.0
2011-04-22 01:44:57-04:00,1.0
2011-04-22 01:45:00-04:00,1.0
2011-04-22 01:45:03-04:00,1.0
2011-04-22 01:45:06-04:00,1.0
2011-04-22 01:45:09-04:00,1.0
2011-04-22 01:45:12-04:00,1.0
2011-04-22 01:45:15-04:00,1.0
2011-04-22 01:45:18-04:00,1.0
2011-04-22 01:45:21-04:00,1.0
2011-04-22 01:45:24-04:00,1.0
2011-04-22 01:45:27-04:00,1.0
2011-04-22 01:45:30-04:00,1.0
2011-04-22 01:45:33-04:00,1.0
2011-04-22 01:45:36-04:00,1.0
2011-04-22 01:45:39-04:00,1.0
2011-04-22 01:45:42-04:00,1.0
2011-04-22 01:45:45-04:00,1.0
2011-04-22 01:45:48-04:00,1.0
2011-04-22 01:45:51-04:00,1.0
2011-04-22 01:45:54-04:00,1.0
2011-04-22 01:45:57-04:00,1.0
2011-04-22 01:46:00-04:00,1.0
2011-04-22 01:46:03-04:00,1.0
2011-04-22 01:46:06-04:00,1.0
2011-04-22 01:46:09-04:00,0.25
2011-04-22 01:46:12-04:00,0.6666666666666666
2011-04-22 01:46:15-04:00,1.0
2011-04-22 01:46:18-04:00,1.0
2011-04-22 01:46:21-04:00,1.0
2011-04-22 01:46:24-04:00,1.0
2011-04-22 01:46:27-04:00,1.0
2011-04-22 01:46:30-04:00,1.0
2011-04-22 01:46:33-04:00,1.0
2011-04-22 01:46:36-04:00,1.0
2011-04-22 01:46:39-04:00,1.0
2011-04-22 01:46:42-04:00,1.0
2011-04-22 01:46:45-04:00,1.0
2011-04-22 01:46:48-04:00,1.0
2011-04-22 01:46:51-04:00,1.0
2011-04-22 01:46:54-04:00,1.0
2011-04-22 01:46:57-04:00,1.0
2011-04-22 01:47:00-04:00,1.0
2011-04-22 01:47:03-04:00,1.0
2011-04-22 01:47:06-04:00,1.0
2011-04-22 01:47:09-04:00,1.0
2011-04-22 01:47:12-04:00,1.0
2011-04-22 01:47:15-04:00,1.0
2011-04-22 01:47:18-04:00,1.0
2011-04-22 01:47:21-04:00,1.0
2011-04-22 01:47:24-04:00,1.0
2011-04-22 01:47:27-04:00,1.0
2011-04-22 01:47:30-04:00,1.0
2011-04-22 01:47:33-04:00,1.0
2011-04-22 01:47:36-04:00,1.0
2011-04-22 01:47:39-04:00,1.0
2011-04-22 01:47:42-04:00,1.0
2011-04-22 01:47:45-04:00,1.0
2011-04-22 01:47:48-04:00,1.0
2011-04-22 01:47:51-04:00,1.0
2011-04-22 01:47:54-04:00,1.0
2011-04-22 01:47:57-04:00,1.0
2011-04-22 01:48:00-04:00,1.0
2011-04-22 01:48:03-04:00,1.0
2011-04-22 01:48:06-04:00,1.0
2011-04-22 01:48:09-04:00,1.0
2011-04-22 01:48:12-04:00,1.0
2011-04-22 01:48:15-04:00,1.0
2011-04-22 01:48:18-04:00,1.0
2011-04-22 01:48:21-04:00,1.0
2011-04-22 01:48:24-04:00,1.0
2011-04-22 01:48:27-04:00,1.0
2011-04-22 01:48:30-04:00,1.0
2011-04-22 01:48:33-04:00,1.0
2011-04-22 01:48:36-04:00,1.0
2011-04-22 01:48:39-04:00,1.0
2011-04-22 01:48:42-04:00,1.0
2011-04-22 01:48:45-04:00,1.0
2011-04-22 01:48:48-04:00,1.0
2011-04-22 01:48:51-04:00,1.0
2011-04-22 01:48:54-04:00,1.0
2011-04-22 01:48:57-04:00,1.0
2011-04-22 01:49:00-04:00,1.0
2011-04-22 01:49:03-04:00,1.0
2011-04-22 01:49:06-04:00,1.0
2011-04-22 01:49:09-04:00,1.0
2011-04-22 01:49:12-04:00,1.0
2011-04-22 01:49:15-04:00,1.0
2011-04-22 01:49:18-04:00,1.0
2011-04-22 01:49:21-04:00,1.0
2011-04-22 01:49:24-04:00,1.0
2011-04-22 01:49:27-04:00,1.0
2011-04-22 01:49:30-04:00,1.0
2011-04-22 01:49:33-04:00,1.0
2011-04-22 01:49:36-04:00,1.0
2011-04-22 01:49:39-04:00,1.0
2011-04-22 01:49:42-04:00,1.0
2011-04-22 01:49:45-04:00,1.0
2011-04-22 01:49:48-04:00,1.0
2011-04-22 01:49:51-04:00,1.0
2011-04-22 01:49:54-04:00,1.0
2011-04-22 01:49:57-04:00,1.0
2011-04-22 01:50:00-04:00,1.0
2011-04-22 01:50:03-04:00,1.0
2011-04-22 01:50:06-04:00,1.0
2011-04-22 01:50:09-04:00,1.0
2011-04-22 01:50:12-04:00,1.0
2011-04-22 01:50:15-04:00,1.0
2011-04-22 01:50:18-04:00,1.0
2011-04-22 01:50:21-04:00,1.0
2011-04-22 01:50:24-04:00,1.0
2011-04-22 01:50:27-04:00,1.0
2011-04-22 01:50:30-04:00,1.0
2011-04-22 01:50:33-04:00,1.0
2011-04-22 01:50:36-04:00,1.0
2011-04-22 01:50:39-04:00,1.0
2011-04-22 01:50:42-04:00,1.0
2011-04-22 01:50:45-04:00,1.0
2011-04-22 01:50:48-04:00,1.0
2011-04-22 01:50:51-04:00,1.0
2011-04-22 01:50:54-04:00,1.0
2011-04-22 01:50:57-04:00,1.0
2011-04-22 01:51:00-04:00,1.0
2011-04-22 01:51:03-04:00,1.0
2011-04-22 01:51:06-04:00,1.0
2011-04-22 01:51:09-04:00,1.0
2011-04-22 01:51:12-04:00,1.0
2011-04-22 01:51:15-04:00,1.0
2011-04-22 01:51:18-04:00,1.0
2011-04-22 01:51:21-04:00,1.0
2011-04-22 01:51:24-04:00,1.0
2011-04-22 01:51:27-04:00,1.0
2011-04-22 01:51:30-04:00,1.0
2011-04-22 01:51:33-04:00,1.0
2011-04-22 01:51:36-04:00,1.0
2011-04-22 01:51:39-04:00,1.0
2011-04-22 01:51:42-04:00,1.0
2011-04-22 01:51:45-04:00,1.0
2011-04-22 01:51:48-04:00,1.0
2011-04-22 01:51:51-04:00,1.0
2011-04-22 01:51:54-04:00,1.0
2011-04-22 01:51:57-04:00,1.0
2011-04-22 01:52:00-04:00,1.0
2011-04-22 01:52:03-04:00,1.0
2011-04-22 01:52:06-04:00,1.0
2011-04-22 01:52:09-04:00,1.0
2011-04-22 01:52:12-04:00,1.0
2011-04-22 01:52:15-04:00,1.0
2011-04-22 01:52:18-04:00,1.0
2011-04-22 01:52:21-04:00,1.0
2011-04-22 01:52:24-04:00,1.0
2011-04-22 01:52:27-04:00,1.0
2011-04-22 01:52:30-04:00,1.0
2011-04-22 01:52:33-04:00,1.0
2011-04-22 01:52:36-04:00,1.0
2011-04-22 01:52:39-04:00,1.0
2011-04-22 01:52:42-04:00,1.0
2011-04-22 01:52:45-04:00,1.0
2011-04-22 01:52:48-04:00,1.0
2011-04-22 01:52:51-04:00,1.0
2011-04-22 01:52:54-04:00,1.0
2011-04-22 01:52:57-04:00,1.0
2011-04-22 01:53:00-04:00,1.0
2011-04-22 01:53:03-04:00,1.0
2011-04-22 01:53:06-04:00,1.0
2011-04-22 01:53:09-04:00,1.0
2011-04-22 01:53:12-04:00,1.0
2011-04-22 01:53:15-04:00,1.0
2011-04-22 01:53:18-04:00,1.0
2011-04-22 01:53:21-04:00,1.0
2011-04-22 01:53:24-04:00,1.0
2011-04-22 01:53:27-04:00,1.0
2011-04-22 01:53:30-04:00,1.0
2011-04-22 01:53:33-04:00,1.0
2011-04-22 01:53:36-04:00,1.0
2011-04-22 01:53:39-04:00,1.0
2011-04-22 01:53:42-04:00,0.75
2011-04-22 01:53:45-04:00,0.0
2011-04-22 01:53:48-04:00,1.0
2011-04-22 01:53:51-04:00,1.0
2011-04-22 01:53:54-04:00,1.0
2011-04-22 01:53:57-04:00,1.0
2011-04-22 01:54:00-04:00,1.0
2011-04-22 01:54:03-04:00,1.0
2011-04-22 01:54:06-04:00,1.0
2011-04-22 01:54:09-04:00,1.0
2011-04-22 01:54:12-04:00,1.0
2011-04-22 01:54:15-04:00,1.0
2011-04-22 01:54:18-04:00,1.0
2011-04-22 01:54:21-04:00,1.0
2011-04-22 01:54:24-04:00,1.0
2011-04-22 01:54:27-04:00,1.0
2011-04-22 01:54:30-04:00,1.0
2011-04-22 01:54:33-04:00,1.0
2011-04-22 01:54:36-04:00,1.0
2011-04-22 01:54:39-04:00,1.0
2011-04-22 01:54:42-04:00,1.0
2011-04-22 01:54:45-04:00,1.0
2011-04-22 01:54:48-04:00,1.0
2011-04-22 01:54:51-04:00,1.0
2011-04-22 01:54:54-04:00,1.0
2011-04-22 01:54:57-04:00,1.0
2011-04-22 01:55:00-04:00,1.0
2011-04-22 01:55:03-04:00,1.0
2011-04-22 01:55:06-04:00,1.0
2011-04-22 01:55:09-04:00,1.0
2011-04-22 01:55:12-04:00,1.0
2011-04-22 01:55:15-04:00,1.0
2011-04-22 01:55:18-04:00,1.0
2011-04-22 01:55:21-04:00,1.0
2011-04-22 01:55:24-04:00,1.0
2011-04-22 01:55:27-04:00,1.0
2011-04-22 01:55:30-04:00,1.0
2011-04-22 01:55:33-04:00,1.0
2011-04-22 01:55:36-04:00,1.0
2011-04-22 01:55:39-04:00,1.0
2011-04-22 01:55:42-04:00,1.0
2011-04-22 01:55:45-04:00,1.0
2011-04-22 01:55:48-04:00,1.0
2011-04-22 01:55:51-04:00,1.0
2011-04-22 01:55:54-04:00,1.0
2011-04-22 01:55:57-04:00,1.0
2011-04-22 01:56:00-04:00,1.0
2011-04-22 01:56:03-04:00,1.0
2011-04-22 01:56:06-04:00,1.0
2011-04-22 01:56:09-04:00,1.0
2011-04-22 01:56:12-04:00,1.0
2011-04-22 01:56:15-04:00,1.0
2011-04-22 01:56:18-04:00,1.0
2011-04-22 01:56:21-04:00,1.0
2011-04-22 01:56:24-04:00,1.0
2011-04-22 01:56:27-04:00,1.0
2011-04-22 01:56:30-04:00,1.0
2011-04-22 01:56:33-04:00,1.0
2011-04-22 01:56:36-04:00,1.0
2011-04-22 01:56:39-04:00,1.0
2011-04-22 01:56:42-04:00,1.0
2011-04-22 01:56:45-04:00,1.0
2011-04-22 01:56:48-04:00,1.0
2011-04-22 01:56:51-04:00,1.0
2011-04-22 01:56:54-04:00,1.0
2011-04-22 01:56:57-04:00,1.0
2011-04-22 01:57:00-04:00,1.0
2011-04-22 01:57:03-04:00,1.0
2011-04-22 01:57:06-04:00,1.0
2011-04-22 01:57:09-04:00,1.0
2011-04-22 01:57:12-04:00,1.0
2011-04-22 01:57:15-04:00,1.0
2011-04-22 01:57:18-04:00,1.0
2011-04-22 01:57:21-04:00,1.0
2011-04-22 01:57:24-04:00,1.0
2011-04-22 01:57:27-04:00,1.0
2011-04-22 01:57:30-04:00,1.0
2011-04-22 01:57:33-04:00,1.0
2011-04-22 01:57:36-04:00,1.0
2011-04-22 01:57:39-04:00,1.0
2011-04-22 01:57:42-04:00,1.0
2011-04-22 01:57:45-04:00,1.0
2011-04-22 01:57:48-04:00,1.0
2011-04-22 01:57:51-04:00,1.0
2011-04-22 01:57:54-04:00,1.0
2011-04-22 01:57:57-04:00,1.0
2011-04-22 01:58:00-04:00,1.0
2011-04-22 01:58:03-04:00,1.0
2011-04-22 01:58:06-04:00,1.0
2011-04-22 01:58:09-04:00,1.0
2011-04-22 01:58:12-04:00,1.0
2011-04-22 01:58:15-04:00,1.0
2011-04-22 01:58:18-04:00,1.0
2011-04-22 01:58:21-04:00,1.0
2011-04-22 01:58:24-04:00,1.0
2011-04-22 01:58:27-04:00,1.0
2011-04-22 01:58:30-04:00,1.0
2011-04-22 01:58:33-04:00,1.0
2011-04-22 01:58:36-04:00,1.0
2011-04-22 01:58:39-04:00,1.0
2011-04-22 01:58:42-04:00,1.0
2011-04-22 01:58:45-04:00,1.0
2011-04-22 01:58:48-04:00,1.0
2011-04-22 01:58:51-04:00,1.0
2011-04-22 01:58:54-04:00,1.0
2011-04-22 01:58:57-04:00,1.0
2011-04-22 01:59:00-04:00,1.0
2011-04-22 01:59:03-04:00,1.0
2011-04-22 01:59:06-04:00,1.0
2011-04-22 01:59:09-04:00,1.0
2011-04-22 01:59:12-04:00,1.0
2011-04-22 01:59:15-04:00,1.0
2011-04-22 01:59:18-04:00,1.0
2011-04-22 01:59:21-04:00,1.0
2011-04-22 01:59:24-04:00,1.0
2011-04-22 01:59:27-04:00,1.0
2011-04-22 01:59:30-04:00,1.0
2011-04-22 01:59:33-04:00,1.0
2011-04-22 01:59:36-04:00,1.0
2011-04-22 01:59:39-04:00,1.0
2011-04-22 01:59:42-04:00,1.0
2011-04-22 01:59:45-04:00,1.0
2011-04-22 01:59:48-04:00,1.0
2011-04-22 01:59:51-04:00,1.0
2011-04-22 01:59:54-04:00,1.0
2011-04-22 01:59:57-04:00,1.0
2011-04-22 02:00:00-04:00,1.0
2011-04-22 02:00:03-04:00,1.0
2011-04-22 02:00:06-04:00,1.0
2011-04-22 02:00:09-04:00,1.0
2011-04-22 02:00:12-04:00,1.0
2011-04-22 02:00:15-04:00,1.0
2011-04-22 02:00:18-04:00,1.0
2011-04-22 02:00:21-04:00,1.0
2011-04-22 02:00:24-04:00,1.0
2011-04-22 02:00:27-04:00,1.0
2011-04-22 02:00:30-04:00,1.0
2011-04-22 02:00:33-04:00,1.0
2011-04-22 02:00:36-04:00,1.0
2011-04-22 02:00:39-04:00,1.0
2011-04-22 02:00:42-04:00,1.0
2011-04-22 02:00:45-04:00,1.0
2011-04-22 02:00:48-04:00,1.0
2011-04-22 02:00:51-04:00,1.0
2011-04-22 02:00:54-04:00,1.0
2011-04-22 02:00:57-04:00,1.0
2011-04-22 02:01:00-04:00,1.0
2011-04-22 02:01:03-04:00,1.0
2011-04-22 02:01:06-04:00,1.0
2011-04-22 02:01:09-04:00,1.0
2011-04-22 02:01:12-04:00,1.0
2011-04-22 02:01:15-04:00,1.0
2011-04-22 02:01:18-04:00,1.0
2011-04-22 02:01:21-04:00,1.0
2011-04-22 02:01:24-04:00,1.0
2011-04-22 02:01:27-04:00,1.0
2011-04-22 02:01:30-04:00,1.0
2011-04-22 02:01:33-04:00,1.0
2011-04-22 02:01:36-04:00,1.0
2011-04-22 02:01:39-04:00,1.0
2011-04-22 02:01:42-04:00,1.0
2011-04-22 02:01:45-04:00,1.0
2011-04-22 02:01:48-04:00,1.0
2011-04-22 02:01:51-04:00,1.0
2011-04-22 02:01:54-04:00,1.0
2011-04-22 02:01:57-04:00,1.0
2011-04-22 02:02:00-04:00,1.0
2011-04-22 02:02:03-04:00,1.0
2011-04-22 02:02:06-04:00,1.0
2011-04-22 02:02:09-04:00,1.0
2011-04-22 02:02:12-04:00,1.0
2011-04-22 02:02:15-04:00,1.0
2011-04-22 02:02:18-04:00,1.0
2011-04-22 02:02:21-04:00,1.0
2011-04-22 02:02:24-04:00,1.0
2011-04-22 02:02:27-04:00,1.0
2011-04-22 02:02:30-04:00,1.0
2011-04-22 02:02:33-04:00,1.0
2011-04-22 02:02:36-04:00,1.0
2011-04-22 02:02:39-04:00,0.75
2011-04-22 02:02:42-04:00,0.0
2011-04-22 02:02:45-04:00,1.0
2011-04-22 02:02:48-04:00,1.0
2011-04-22 02:02:51-04:00,1.0
2011-04-22 02:02:54-04:00,1.0
2011-04-22 02:02:57-04:00,1.0
2011-04-22 02:03:00-04:00,0.5
2011-04-22 02:03:03-04:00,0.3333333333333333
2011-04-22 02:03:06-04:00,1.0
2011-04-22 02:03:09-04:00,1.0
2011-04-22 02:03:12-04:00,1.0
2011-04-22 02:03:15-04:00,1.0
2011-04-22 02:03:18-04:00,1.0
2011-04-22 02:03:21-04:00,1.0
2011-04-22 02:03:24-04:00,1.0
2011-04-22 02:03:27-04:00,1.0
2011-04-22 02:03:30-04:00,1.0
2011-04-22 02:03:33-04:00,1.0
2011-04-22 02:03:36-04:00,1.0
2011-04-22 02:03:39-04:00,1.0
2011-04-22 02:03:42-04:00,1.0
2011-04-22 02:03:45-04:00,1.0
2011-04-22 02:03:48-04:00,1.0
2011-04-22 02:03:51-04:00,1.0
2011-04-22 02:03:54-04:00,1.0
2011-04-22 02:03:57-04:00,1.0
2011-04-22 02:04:00-04:00,1.0
2011-04-22 02:04:03-04:00,1.0
2011-04-22 02:04:06-04:00,1.0
2011-04-22 02:04:09-04:00,1.0
2011-04-22 02:04:12-04:00,1.0
2011-04-22 02:04:15-04:00,0.25
2011-04-22 02:04:18-04:00,0.6666666666666666
2011-04-22 02:04:21-04:00,1.0
2011-04-22 02:04:24-04:00,1.0
2011-04-22 02:04:27-04:00,1.0
2011-04-22 02:04:30-04:00,1.0
2011-04-22 02:04:33-04:00,1.0
2011-04-22 02:04:36-04:00,1.0
2011-04-22 02:04:39-04:00,1.0
2011-04-22 02:04:42-04:00,1.0
2011-04-22 02:04:45-04:00,1.0
2011-04-22 02:04:48-04:00,1.0
2011-04-22 02:04:51-04:00,1.0
2011-04-22 02:04:54-04:00,1.0
2011-04-22 02:04:57-04:00,1.0
2011-04-22 02:05:00-04:00,1.0
2011-04-22 02:05:03-04:00,1.0
2011-04-22 02:05:06-04:00,1.0
2011-04-22 02:05:09-04:00,1.0
2011-04-22 02:05:12-04:00,1.0
2011-04-22 02:05:15-04:00,1.0
2011-04-22 02:05:18-04:00,1.0
2011-04-22 02:05:21-04:00,1.0
2011-04-22 02:05:24-04:00,1.0
2011-04-22 02:05:27-04:00,1.0
2011-04-22 02:05:30-04:00,1.0
2011-04-22 02:05:33-04:00,1.0
2011-04-22 02:05:36-04:00,1.0
2011-04-22 02:05:39-04:00,1.0
2011-04-22 02:05:42-04:00,1.0
2011-04-22 02:05:45-04:00,1.0
2011-04-22 02:05:48-04:00,1.0
2011-04-22 02:05:51-04:00,1.0
2011-04-22 02:05:54-04:00,1.0
2011-04-22 02:05:57-04:00,1.0
2011-04-22 02:06:00-04:00,1.0
2011-04-22 02:06:03-04:00,1.0
2011-04-22 02:06:06-04:00,1.0
2011-04-22 02:06:09-04:00,1.0
2011-04-22 02:06:12-04:00,1.0
2011-04-22 02:06:15-04:00,1.0
2011-04-22 02:06:18-04:00,1.0
2011-04-22 02:06:21-04:00,1.0
2011-04-22 02:06:24-04:00,1.0
2011-04-22 02:06:27-04:00,1.0
2011-04-22 02:06:30-04:00,1.0
2011-04-22 02:06:33-04:00,1.0
2011-04-22 02:06:36-04:00,1.0
2011-04-22 02:06:39-04:00,1.0
2011-04-22 02:06:42-04:00,1.0
2011-04-22 02:06:45-04:00,1.0
2011-04-22 02:06:48-04:00,1.0
2011-04-22 02:06:51-04:00,1.0
2011-04-22 02:06:54-04:00,1.0
2011-04-22 02:06:57-04:00,1.0
2011-04-22 02:07:00-04:00,1.0
2011-04-22 02:07:03-04:00,1.0
2011-04-22 02:07:06-04:00,1.0
2011-04-22 02:07:09-04:00,1.0
2011-04-22 02:07:12-04:00,1.0
2011-04-22 02:07:15-04:00,1.0
2011-04-22 02:07:18-04:00,1.0
2011-04-22 02:07:21-04:00,1.0
2011-04-22 02:07:24-04:00,1.0
2011-04-22 02:07:27-04:00,1.0
2011-04-22 02:07:30-04:00,1.0
2011-04-22 02:07:33-04:00,1.0
2011-04-22 02:07:36-04:00,1.0
2011-04-22 02:07:39-04:00,1.0
2011-04-22 02:07:42-04:00,1.0
2011-04-22 02:07:45-04:00,1.0
2011-04-22 02:07:48-04:00,1.0
2011-04-22 02:07:51-04:00,1.0
2011-04-22 02:07:54-04:00,1.0
2011-04-22 02:07:57-04:00,1.0
2011-04-22 02:08:00-04:00,1.0
2011-04-22 02:08:03-04:00,1.0
2011-04-22 02:08:06-04:00,1.0
2011-04-22 02:08:09-04:00,1.0
2011-04-22 02:08:12-04:00,1.0
2011-04-22 02:08:15-04:00,1.0
2011-04-22 02:08:18-04:00,1.0
2011-04-22 02:08:21-04:00,1.0
2011-04-22 02:08:24-04:00,1.0
2011-04-22 02:08:27-04:00,1.0
2011-04-22 02:08:30-04:00,1.0
2011-04-22 02:08:33-04:00,1.0
2011-04-22 02:08:36-04:00,1.0
2011-04-22 02:08:39-04:00,1.0
2011-04-22 02:08:42-04:00,1.0
2011-04-22 02:08:45-04:00,1.0
2011-04-22 02:08:48-04:00,1.0
2011-04-22 02:08:51-04:00,1.0
2011-04-22 02:08:54-04:00,1.0
2011-04-22 02:08:57-04:00,1.0
2011-04-22 02:09:00-04:00,1.0
2011-04-22 02:09:03-04:00,1.0
2011-04-22 02:09:06-04:00,1.0
2011-04-22 02:09:09-04:00,1.0
2011-04-22 02:09:12-04:00,1.0
2011-04-22 02:09:15-04:00,1.0
2011-04-22 02:09:18-04:00,1.0
2011-04-22 02:09:21-04:00,1.0
2011-04-22 02:09:24-04:00,1.0
2011-04-22 02:09:27-04:00,1.0
2011-04-22 02:09:30-04:00,1.0
2011-04-22 02:09:33-04:00,1.0
2011-04-22 02:09:36-04:00,1.0
2011-04-22 02:09:39-04:00,1.0
2011-04-22 02:09:42-04:00,1.0
2011-04-22 02:09:45-04:00,1.0
2011-04-22 02:09:48-04:00,1.0
2011-04-22 02:09:51-04:00,1.0
2011-04-22 02:09:54-04:00,1.0
2011-04-22 02:09:57-04:00,1.0
2011-04-22 02:10:00-04:00,1.0
2011-04-22 02:10:03-04:00,1.0
2011-04-22 02:10:06-04:00,1.0
2011-04-22 02:10:09-04:00,1.0
2011-04-22 02:10:12-04:00,1.0
2011-04-22 02:10:15-04:00,1.0
2011-04-22 02:10:18-04:00,1.0
2011-04-22 02:10:21-04:00,1.0
2011-04-22 02:10:24-04:00,1.0
2011-04-22 02:10:27-04:00,1.0
2011-04-22 02:10:30-04:00,1.0
2011-04-22 02:10:33-04:00,1.0
2011-04-22 02:10:36-04:00,1.0
2011-04-22 02:10:39-04:00,1.0
2011-04-22 02:10:42-04:00,1.0
2011-04-22 02:10:45-04:00,1.0
2011-04-22 02:10:48-04:00,1.0
2011-04-22 02:10:51-04:00,1.0
2011-04-22 02:10:54-04:00,1.0
2011-04-22 02:10:57-04:00,1.0
2011-04-22 02:11:00-04:00,1.0
2011-04-22 02:11:03-04:00,1.0
2011-04-22 02:11:06-04:00,1.0
2011-04-22 02:11:09-04:00,1.0
2011-04-22 02:11:12-04:00,1.0
2011-04-22 02:11:15-04:00,1.0
2011-04-22 02:11:18-04:00,1.0
2011-04-22 02:11:21-04:00,1.0
2011-04-22 02:11:24-04:00,1.0
2011-04-22 02:11:27-04:00,1.0
2011-04-22 02:11:30-04:00,1.0
2011-04-22 02:11:33-04:00,1.0
2011-04-22 02:11:36-04:00,1.0
2011-04-22 02:11:39-04:00,1.0
2011-04-22 02:11:42-04:00,1.0
2011-04-22 02:11:45-04:00,1.0
2011-04-22 02:11:48-04:00,1.0
2011-04-22 02:11:51-04:00,1.0
2011-04-22 02:11:54-04:00,1.0
2011-04-22 02:11:57-04:00,1.0
2011-04-22 02:12:00-04:00,1.0
2011-04-22 02:12:03-04:00,1.0
2011-04-22 02:12:06-04:00,1.0
2011-04-22 02:12:09-04:00,1.0
2011-04-22 02:12:12-04:00,1.0
2011-04-22 02:12:15-04:00,1.0
2011-04-22 02:12:18-04:00,1.0
2011-04-22 02:12:21-04:00,1.0
2011-04-22 02:12:24-04:00,1.0
2011-04-22 02:12:27-04:00,1.0
2011-04-22 02:12:30-04:00,1.0
2011-04-22 02:12:33-04:00,1.0
2011-04-22 02:12:36-04:00,1.0
2011-04-22 02:12:39-04:00,1.0
2011-04-22 02:12:42-04:00,1.0
2011-04-22 02:12:45-04:00,1.0
2011-04-22 02:12:48-04:00,1.0
2011-04-22 02:12:51-04:00,1.0
2011-04-22 02:12:54-04:00,1.0
2011-04-22 02:12:57-04:00,1.0
2011-04-22 02:13:00-04:00,1.0
2011-04-22 02:13:03-04:00,1.0
2011-04-22 02:13:06-04:00,1.0
2011-04-22 02:13:09-04:00,1.0
2011-04-22 02:13:12-04:00,1.0
2011-04-22 02:13:15-04:00,1.0
2011-04-22 02:13:18-04:00,1.0
2011-04-22 02:13:21-04:00,1.0
2011-04-22 02:13:24-04:00,1.0
2011-04-22 02:13:27-04:00,1.0
2011-04-22 02:13:30-04:00,1.0
2011-04-22 02:13:33-04:00,1.0
2011-04-22 02:13:36-04:00,1.0
2011-04-22 02:13:39-04:00,1.0
2011-04-22 02:13:42-04:00,1.0
2011-04-22 02:13:45-04:00,1.0
2011-04-22 02:13:48-04:00,1.0
2011-04-22 02:13:51-04:00,1.0
2011-04-22 02:13:54-04:00,1.0
2011-04-22 02:13:57-04:00,1.0
2011-04-22 02:14:00-04:00,1.0
2011-04-22 02:14:03-04:00,1.0
2011-04-22 02:14:06-04:00,1.0
2011-04-22 02:14:09-04:00,1.0
2011-04-22 02:14:12-04:00,1.0
2011-04-22 02:14:15-04:00,1.0
2011-04-22 02:14:18-04:00,1.0
2011-04-22 02:14:21-04:00,1.0
2011-04-22 02:14:24-04:00,1.0
2011-04-22 02:14:27-04:00,1.0
2011-04-22 02:14:30-04:00,1.0
2011-04-22 02:14:33-04:00,1.0
2011-04-22 02:14:36-04:00,1.0
2011-04-22 02:14:39-04:00,1.0
2011-04-22 02:14:42-04:00,1.0
2011-04-22 02:14:45-04:00,1.0
2011-04-22 02:14:48-04:00,1.0
2011-04-22 02:14:51-04:00,1.0
2011-04-22 02:14:54-04:00,1.0
2011-04-22 02:14:57-04:00,1.0
2011-04-22 02:15:00-04:00,1.0
2011-04-22 02:15:03-04:00,1.0
2011-04-22 02:15:06-04:00,1.0
2011-04-22 02:15:09-04:00,1.0
2011-04-22 02:15:12-04:00,1.0
2011-04-22 02:15:15-04:00,1.0
2011-04-22 02:15:18-04:00,1.0
2011-04-22 02:15:21-04:00,1.0
2011-04-22 02:15:24-04:00,1.0
2011-04-22 02:15:27-04:00,1.0
2011-04-22 02:15:30-04:00,1.0
2011-04-22 02:15:33-04:00,1.0
2011-04-22 02:15:36-04:00,1.0
2011-04-22 02:15:39-04:00,1.0
2011-04-22 02:15:42-04:00,1.0
2011-04-22 02:15:45-04:00,1.0
2011-04-22 02:15:48-04:00,1.0
2011-04-22 02:15:51-04:00,1.0
2011-04-22 02:15:54-04:00,1.0
2011-04-22 02:15:57-04:00,1.0
2011-04-22 02:16:00-04:00,1.0
2011-04-22 02:16:03-04:00,1.0
2011-04-22 02:16:06-04:00,1.0
2011-04-22 02:16:09-04:00,1.0
2011-04-22 02:16:12-04:00,1.0
2011-04-22 02:16:15-04:00,1.0
2011-04-22 02:16:18-04:00,1.0
2011-04-22 02:16:21-04:00,1.0
2011-04-22 02:16:24-04:00,1.0
2011-04-22 02:16:27-04:00,1.0
2011-04-22 02:16:30-04:00,1.0
2011-04-22 02:16:33-04:00,1.0
2011-04-22 02:16:36-04:00,1.0
2011-04-22 02:16:39-04:00,1.0
2011-04-22 02:16:42-04:00,1.0
2011-04-22 02:16:45-04:00,1.0
2011-04-22 02:16:48-04:00,1.0
2011-04-22 02:16:51-04:00,0.0
2011-04-22 02:16:54-04:00,0.75
2011-04-22 02:16:57-04:00,1.0
2011-04-22 02:17:00-04:00,1.0
2011-04-22 02:17:03-04:00,1.0
2011-04-22 02:17:06-04:00,1.0
2011-04-22 02:17:09-04:00,1.0
2011-04-22 02:17:12-04:00,1.0
2011-04-22 02:17:15-04:00,1.0
2011-04-22 02:17:18-04:00,1.0
2011-04-22 02:17:21-04:00,1.0
2011-04-22 02:17:24-04:00,1.0
2011-04-22 02:17:27-04:00,1.0
2011-04-22 02:17:30-04:00,1.0
2011-04-22 02:17:33-04:00,1.0
2011-04-22 02:17:36-04:00,1.0
2011-04-22 02:17:39-04:00,1.0
2011-04-22 02:17:42-04:00,1.0
2011-04-22 02:17:45-04:00,1.0
2011-04-22 02:17:48-04:00,1.0
2011-04-22 02:17:51-04:00,1.0
2011-04-22 02:17:54-04:00,1.0
2011-04-22 02:17:57-04:00,1.0
2011-04-22 02:18:00-04:00,1.0
2011-04-22 02:18:03-04:00,1.0
2011-04-22 02:18:06-04:00,1.0
2011-04-22 02:18:09-04:00,1.0
2011-04-22 02:18:12-04:00,1.0
2011-04-22 02:18:15-04:00,1.0
2011-04-22 02:18:18-04:00,1.0
2011-04-22 02:18:21-04:00,1.0
2011-04-22 02:18:24-04:00,1.0
2011-04-22 02:18:27-04:00,1.0
2011-04-22 02:18:30-04:00,1.0
2011-04-22 02:18:33-04:00,1.0
2011-04-22 02:18:36-04:00,1.0
2011-04-22 02:18:39-04:00,1.0
2011-04-22 02:18:42-04:00,1.0
2011-04-22 02:18:45-04:00,1.0
2011-04-22 02:18:48-04:00,1.0
2011-04-22 02:18:51-04:00,1.0
2011-04-22 02:18:54-04:00,1.0
2011-04-22 02:18:57-04:00,1.0
2011-04-22 02:19:00-04:00,1.0
2011-04-22 02:19:03-04:00,1.0
2011-04-22 02:19:06-04:00,1.0
2011-04-22 02:19:09-04:00,1.0
2011-04-22 02:19:12-04:00,1.0
2011-04-22 02:19:15-04:00,1.0
2011-04-22 02:19:18-04:00,1.0
2011-04-22 02:19:21-04:00,1.0
2011-04-22 02:19:24-04:00,1.0
2011-04-22 02:19:27-04:00,1.0
2011-04-22 02:19:30-04:00,1.0
2011-04-22 02:19:33-04:00,1.0
2011-04-22 02:19:36-04:00,1.0
2011-04-22 02:19:39-04:00,1.0
2011-04-22 02:19:42-04:00,1.0
2011-04-22 02:19:45-04:00,1.0
2011-04-22 02:19:48-04:00,1.0
2011-04-22 02:19:51-04:00,1.0
2011-04-22 02:19:54-04:00,1.0
2011-04-22 02:19:57-04:00,1.0
2011-04-22 02:20:00-04:00,1.0
2011-04-22 02:20:03-04:00,1.0
2011-04-22 02:20:06-04:00,1.0
2011-04-22 02:20:09-04:00,1.0
2011-04-22 02:20:12-04:00,1.0
2011-04-22 02:20:15-04:00,1.0
2011-04-22 02:20:18-04:00,1.0
2011-04-22 02:20:21-04:00,1.0
2011-04-22 02:20:24-04:00,1.0
2011-04-22 02:20:27-04:00,1.0
2011-04-22 02:20:30-04:00,1.0
2011-04-22 02:20:33-04:00,1.0
2011-04-22 02:20:36-04:00,1.0
2011-04-22 02:20:39-04:00,1.0
2011-04-22 02:20:42-04:00,1.0
2011-04-22 02:20:45-04:00,1.0
2011-04-22 02:20:48-04:00,1.0
2011-04-22 02:20:51-04:00,1.0
2011-04-22 02:20:54-04:00,1.0
2011-04-22 02:20:57-04:00,1.0
2011-04-22 02:21:00-04:00,1.0
2011-04-22 02:21:03-04:00,1.0
2011-04-22 02:21:06-04:00,1.0
2011-04-22 02:21:09-04:00,1.0
2011-04-22 02:21:12-04:00,1.0
2011-04-22 02:21:15-04:00,1.0
2011-04-22 02:21:18-04:00,1.0
2011-04-22 02:21:21-04:00,1.0
2011-04-22 02:21:24-04:00,1.0
2011-04-22 02:21:27-04:00,1.0
2011-04-22 02:21:30-04:00,1.0
2011-04-22 02:21:33-04:00,1.0
2011-04-22 02:21:36-04:00,1.0
2011-04-22 02:21:39-04:00,1.0
2011-04-22 02:21:42-04:00,1.0
2011-04-22 02:21:45-04:00,1.0
2011-04-22 02:21:48-04:00,1.0
2011-04-22 02:21:51-04:00,1.0
2011-04-22 02:21:54-04:00,1.0
2011-04-22 02:21:57-04:00,1.0
2011-04-22 02:22:00-04:00,1.0
2011-04-22 02:22:03-04:00,1.0
2011-04-22 02:22:06-04:00,1.0
2011-04-22 02:22:09-04:00,1.0
2011-04-22 02:22:12-04:00,1.0
2011-04-22 02:22:15-04:00,1.0
2011-04-22 02:22:18-04:00,1.0
2011-04-22 02:22:21-04:00,1.0
2011-04-22 02:22:24-04:00,1.0
2011-04-22 02:22:27-04:00,1.0
2011-04-22 02:22:30-04:00,1.0
2011-04-22 02:22:33-04:00,1.0
2011-04-22 02:22:36-04:00,1.0
2011-04-22 02:22:39-04:00,1.0
2011-04-22 02:22:42-04:00,1.0
2011-04-22 02:22:45-04:00,1.0
2011-04-22 02:22:48-04:00,1.0
2011-04-22 02:22:51-04:00,1.0
2011-04-22 02:22:54-04:00,1.0
2011-04-22 02:22:57-04:00,1.0
2011-04-22 02:23:00-04:00,1.0
2011-04-22 02:23:03-04:00,1.0
2011-04-22 02:23:06-04:00,1.0
2011-04-22 02:23:09-04:00,1.0
2011-04-22 02:23:12-04:00,1.0
2011-04-22 02:23:15-04:00,0.6666666666666667
2011-04-22 02:23:18-04:00,0.25
2011-04-22 02:23:21-04:00,1.0
2011-04-22 02:23:24-04:00,1.0
2011-04-22 02:23:27-04:00,1.0
2011-04-22 02:23:30-04:00,1.0
2011-04-22 02:23:33-04:00,1.0
2011-04-22 02:23:36-04:00,1.0
2011-04-22 02:23:39-04:00,1.0
2011-04-22 02:23:42-04:00,1.0
2011-04-22 02:23:45-04:00,1.0
2011-04-22 02:23:48-04:00,1.0
2011-04-22 02:23:51-04:00,1.0
2011-04-22 02:23:54-04:00,1.0
2011-04-22 02:23:57-04:00,1.0
2011-04-22 02:24:00-04:00,1.0
2011-04-22 02:24:03-04:00,1.0
2011-04-22 02:24:06-04:00,1.0
2011-04-22 02:24:09-04:00,1.0
2011-04-22 02:24:12-04:00,1.0
2011-04-22 02:24:15-04:00,1.0
2011-04-22 02:24:18-04:00,1.0
2011-04-22 02:24:21-04:00,1.0
2011-04-22 02:24:24-04:00,1.0
2011-04-22 02:24:27-04:00,1.0
2011-04-22 02:24:30-04:00,1.0
2011-04-22 02:24:33-04:00,1.0
2011-04-22 02:24:36-04:00,1.0
2011-04-22 02:24:39-04:00,1.0
2011-04-22 02:24:42-04:00,1.0
2011-04-22 02:24:45-04:00,1.0
2011-04-22 02:24:48-04:00,1.0
2011-04-22 02:24:51-04:00,1.0
2011-04-22 02:24:54-04:00,1.0
2011-04-22 02:24:57-04:00,1.0
2011-04-22 02:25:00-04:00,1.0
2011-04-22 02:25:03-04:00,1.0
2011-04-22 02:25:06-04:00,1.0
2011-04-22 02:25:09-04:00,1.0
2011-04-22 02:25:12-04:00,1.0
2011-04-22 02:25:15-04:00,1.0
2011-04-22 02:25:18-04:00,1.0
2011-04-22 02:25:21-04:00,1.0
2011-04-22 02:25:24-04:00,1.0
2011-04-22 02:25:27-04:00,1.0
2011-04-22 02:25:30-04:00,1.0
2011-04-22 02:25:33-04:00,1.0
2011-04-22 02:25:36-04:00,1.0
2011-04-22 02:25:39-04:00,1.0
2011-04-22 02:25:42-04:00,1.0
2011-04-22 02:25:45-04:00,1.0
2011-04-22 02:25:48-04:00,1.0
2011-04-22 02:25:51-04:00,1.0
2011-04-22 02:25:54-04:00,1.0
2011-04-22 02:25:57-04:00,1.0
2011-04-22 02:26:00-04:00,1.0
2011-04-22 02:26:03-04:00,1.0
2011-04-22 02:26:06-04:00,1.0
2011-04-22 02:26:09-04:00,1.0
2011-04-22 02:26:12-04:00,1.0
2011-04-22 02:26:15-04:00,1.0
2011-04-22 02:26:18-04:00,1.0
2011-04-22 02:26:21-04:00,1.0
2011-04-22 02:26:24-04:00,1.0
2011-04-22 02:26:27-04:00,1.0
2011-04-22 02:26:30-04:00,1.0
2011-04-22 02:26:33-04:00,1.0
2011-04-22 02:26:36-04:00,1.0
2011-04-22 02:26:39-04:00,1.0
2011-04-22 02:26:42-04:00,1.0
2011-04-22 02:26:45-04:00,1.0
2011-04-22 02:26:48-04:00,1.0
2011-04-22 02:26:51-04:00,1.0
2011-04-22 02:26:54-04:00,1.0
2011-04-22 02:26:57-04:00,1.0
2011-04-22 02:27:00-04:00,1.0
2011-04-22 02:27:03-04:00,1.0
2011-04-22 02:27:06-04:00,1.0
2011-04-22 02:27:09-04:00,1.0
2011-04-22 02:27:12-04:00,1.0
2011-04-22 02:27:15-04:00,1.0
2011-04-22 02:27:18-04:00,1.0
2011-04-22 02:27:21-04:00,1.0
2011-04-22 02:27:24-04:00,1.0
2011-04-22 02:27:27-04:00,1.0
2011-04-22 02:27:30-04:00,1.0
2011-04-22 02:27:33-04:00,1.0
2011-04-22 02:27:36-04:00,1.0
2011-04-22 02:27:39-04:00,1.0
2011-04-22 02:27:42-04:00,1.0
2011-04-22 02:27:45-04:00,1.0
2011-04-22 02:27:48-04:00,1.0
2011-04-22 02:27:51-04:00,1.0
2011-04-22 02:27:54-04:00,1.0
2011-04-22 02:27:57-04:00,1.0
2011-04-22 02:28:00-04:00,1.0
2011-04-22 02:28:03-04:00,1.0
2011-04-22 02:28:06-04:00,1.0
2011-04-22 02:28:09-04:00,1.0
2011-04-22 02:28:12-04:00,1.0
2011-04-22 02:28:15-04:00,1.0
2011-04-22 02:28:18-04:00,1.0
2011-04-22 02:28:21-04:00,1.0
2011-04-22 02:28:24-04:00,1.0
2011-04-22 02:28:27-04:00,1.0
2011-04-22 02:28:30-04:00,1.0
2011-04-22 02:28:33-04:00,1.0
2011-04-22 02:28:36-04:00,1.0
2011-04-22 02:28:39-04:00,1.0
2011-04-22 02:28:42-04:00,1.0
2011-04-22 02:28:45-04:00,1.0
2011-04-22 02:28:48-04:00,1.0
2011-04-22 02:28:51-04:00,1.0
2011-04-22 02:28:54-04:00,1.0
2011-04-22 02:28:57-04:00,1.0
2011-04-22 02:29:00-04:00,1.0
2011-04-22 02:29:03-04:00,1.0
2011-04-22 02:29:06-04:00,1.0
2011-04-22 02:29:09-04:00,1.0
2011-04-22 02:29:12-04:00,1.0
2011-04-22 02:29:15-04:00,1.0
2011-04-22 02:29:18-04:00,1.0
2011-04-22 02:29:21-04:00,1.0
2011-04-22 02:29:24-04:00,1.0
2011-04-22 02:29:27-04:00,1.0
2011-04-22 02:29:30-04:00,1.0
2011-04-22 02:29:33-04:00,1.0
2011-04-22 02:29:36-04:00,1.0
2011-04-22 02:29:39-04:00,1.0
2011-04-22 02:29:42-04:00,1.0
2011-04-22 02:29:45-04:00,1.0
2011-04-22 02:29:48-04:00,1.0
2011-04-22 02:29:51-04:00,1.0
2011-04-22 02:29:54-04:00,1.0
2011-04-22 02:29:57-04:00,1.0
2011-04-22 02:30:00-04:00,0.75
2011-04-22 02:30:03-04:00,0.0
2011-04-22 02:30:06-04:00,1.0
2011-04-22 02:30:09-04:00,1.0
2011-04-22 02:30:12-04:00,0.33333333333333337
2011-04-22 02:30:15-04:00,0.6666666666666666
2011-04-22 02:30:18-04:00,1.0
2011-04-22 02:30:21-04:00,1.0
2011-04-22 02:30:24-04:00,1.0
2011-04-22 02:30:27-04:00,1.0
2011-04-22 02:30:30-04:00,1.0
2011-04-22 02:30:33-04:00,1.0
2011-04-22 02:30:36-04:00,1.0
2011-04-22 02:30:39-04:00,1.0
2011-04-22 02:30:42-04:00,1.0
2011-04-22 02:30:45-04:00,1.0
2011-04-22 02:30:48-04:00,1.0
2011-04-22 02:30:51-04:00,1.0
2011-04-22 02:30:54-04:00,1.0
2011-04-22 02:30:57-04:00,1.0
2011-04-22 02:31:00-04:00,1.0
2011-04-22 02:31:03-04:00,1.0
2011-04-22 02:31:06-04:00,1.0
2011-04-22 02:31:09-04:00,1.0
2011-04-22 02:31:12-04:00,1.0
2011-04-22 02:31:15-04:00,1.0
2011-04-22 02:31:18-04:00,1.0
2011-04-22 02:31:21-04:00,1.0
2011-04-22 02:31:24-04:00,1.0
2011-04-22 02:31:27-04:00,1.0
2011-04-22 02:31:30-04:00,1.0
2011-04-22 02:31:33-04:00,1.0
2011-04-22 02:31:36-04:00,1.0
2011-04-22 02:31:39-04:00,1.0
2011-04-22 02:31:42-04:00,1.0
2011-04-22 02:31:45-04:00,1.0
2011-04-22 02:31:48-04:00,1.0
2011-04-22 02:31:51-04:00,1.0
2011-04-22 02:31:54-04:00,1.0
2011-04-22 02:31:57-04:00,1.0
2011-04-22 02:32:00-04:00,1.0
2011-04-22 02:32:03-04:00,1.0
2011-04-22 02:32:06-04:00,1.0
2011-04-22 02:32:09-04:00,1.0
2011-04-22 02:32:12-04:00,1.0
2011-04-22 02:32:15-04:00,1.0
2011-04-22 02:32:18-04:00,1.0
2011-04-22 02:32:21-04:00,1.0
2011-04-22 02:32:24-04:00,1.0
2011-04-22 02:32:27-04:00,1.0
2011-04-22 02:32:30-04:00,1.0
2011-04-22 02:32:33-04:00,1.0
2011-04-22 02:32:36-04:00,1.0
2011-04-22 02:32:39-04:00,1.0
2011-04-22 02:32:42-04:00,1.0
2011-04-22 02:32:45-04:00,1.0
2011-04-22 02:32:48-04:00,1.0
2011-04-22 02:32:51-04:00,1.0
2011-04-22 02:32:54-04:00,1.0
2011-04-22 02:32:57-04:00,1.0
2011-04-22 02:33:00-04:00,1.0
2011-04-22 02:33:03-04:00,1.0
2011-04-22 02:33:06-04:00,1.0
2011-04-22 02:33:09-04:00,1.0
2011-04-22 02:33:12-04:00,1.0
2011-04-22 02:33:15-04:00,1.0
2011-04-22 02:33:18-04:00,1.0
2011-04-22 02:33:21-04:00,1.0
2011-04-22 02:33:24-04:00,1.0
2011-04-22 02:33:27-04:00,1.0
2011-04-22 02:33:30-04:00,1.0
2011-04-22 02:33:33-04:00,1.0
2011-04-22 02:33:36-04:00,1.0
2011-04-22 02:33:39-04:00,1.0
2011-04-22 02:33:42-04:00,1.0
2011-04-22 02:33:45-04:00,1.0
2011-04-22 02:33:48-04:00,1.0
2011-04-22 02:33:51-04:00,1.0
2011-04-22 02:33:54-04:00,1.0
2011-04-22 02:33:57-04:00,1.0
2011-04-22 02:34:00-04:00,1.0
2011-04-22 02:34:03-04:00,1.0
2011-04-22 02:34:06-04:00,1.0
2011-04-22 02:34:09-04:00,1.0
2011-04-22 02:34:12-04:00,1.0
2011-04-22 02:34:15-04:00,1.0
2011-04-22 02:34:18-04:00,1.0
2011-04-22 02:34:21-04:00,1.0
2011-04-22 02:34:24-04:00,1.0
2011-04-22 02:34:27-04:00,1.0
2011-04-22 02:34:30-04:00,1.0
2011-04-22 02:34:33-04:00,1.0
2011-04-22 02:34:36-04:00,1.0
2011-04-22 02:34:39-04:00,1.0
2011-04-22 02:34:42-04:00,1.0
2011-04-22 02:34:45-04:00,1.0
2011-04-22 02:34:48-04:00,1.0
2011-04-22 02:34:51-04:00,1.0
2011-04-22 02:34:54-04:00,1.0
2011-04-22 02:34:57-04:00,1.0
2011-04-22 02:35:00-04:00,1.0
2011-04-22 02:35:03-04:00,1.0
2011-04-22 02:35:06-04:00,1.0
2011-04-22 02:35:09-04:00,1.0
2011-04-22 02:35:12-04:00,1.0
2011-04-22 02:35:15-04:00,1.0
2011-04-22 02:35:18-04:00,1.0
2011-04-22 02:35:21-04:00,1.0
2011-04-22 02:35:24-04:00,1.0
2011-04-22 02:35:27-04:00,1.0
2011-04-22 02:35:30-04:00,0.7777777777777778
2011-04-22 02:35:33-04:00,0.4444444444444444
2011-04-22 02:35:36-04:00,0.11111111111111116
2011-04-22 02:35:39-04:00,0.0
2011-04-22 02:35:42-04:00,0.5
2011-04-22 02:35:45-04:00,1.0
2011-04-22 02:35:48-04:00,1.0
2011-04-22 02:35:51-04:00,1.0
2011-04-22 02:35:54-04:00,1.0
2011-04-22 02:35:57-04:00,1.0
2011-04-22 02:36:00-04:00,1.0
2011-04-22 02:36:03-04:00,1.0
2011-04-22 02:36:06-04:00,1.0
2011-04-22 02:36:09-04:00,1.0
2011-04-22 02:36:12-04:00,1.0
2011-04-22 02:36:15-04:00,1.0
2011-04-22 02:36:18-04:00,1.0
2011-04-22 02:36:21-04:00,1.0
2011-04-22 02:36:24-04:00,1.0
2011-04-22 02:36:27-04:00,1.0
2011-04-22 02:36:30-04:00,1.0
2011-04-22 02:36:33-04:00,1.0
2011-04-22 02:36:36-04:00,1.0
2011-04-22 02:36:39-04:00,1.0
2011-04-22 02:36:42-04:00,1.0
2011-04-22 02:36:45-04:00,1.0
2011-04-22 02:36:48-04:00,1.0
2011-04-22 02:36:51-04:00,1.0
2011-04-22 02:36:54-04:00,1.0
2011-04-22 02:36:57-04:00,1.0
2011-04-22 02:37:00-04:00,1.0
2011-04-22 02:37:03-04:00,1.0
2011-04-22 02:37:06-04:00,1.0
2011-04-22 02:37:09-04:00,1.0
2011-04-22 02:37:12-04:00,1.0
2011-04-22 02:37:15-04:00,1.0
2011-04-22 02:37:18-04:00,1.0
2011-04-22 02:37:21-04:00,1.0
2011-04-22 02:37:24-04:00,1.0
2011-04-22 02:37:27-04:00,1.0
2011-04-22 02:37:30-04:00,1.0
2011-04-22 02:37:33-04:00,1.0
2011-04-22 02:37:36-04:00,1.0
2011-04-22 02:37:39-04:00,1.0
2011-04-22 02:37:42-04:00,1.0
2011-04-22 02:37:45-04:00,1.0
2011-04-22 02:37:48-04:00,1.0
2011-04-22 02:37:51-04:00,1.0
2011-04-22 02:37:54-04:00,1.0
2011-04-22 02:37:57-04:00,1.0
2011-04-22 02:38:00-04:00,1.0
2011-04-22 02:38:03-04:00,1.0
2011-04-22 02:38:06-04:00,1.0
2011-04-22 02:38:09-04:00,1.0
2011-04-22 02:38:12-04:00,1.0
2011-04-22 02:38:15-04:00,1.0
2011-04-22 02:38:18-04:00,1.0
2011-04-22 02:38:21-04:00,1.0
2011-04-22 02:38:24-04:00,1.0
2011-04-22 02:38:27-04:00,1.0
2011-04-22 02:38:30-04:00,1.0
2011-04-22 02:38:33-04:00,1.0
2011-04-22 02:38:36-04:00,1.0
2011-04-22 02:38:39-04:00,1.0
2011-04-22 02:38:42-04:00,1.0
2011-04-22 02:38:45-04:00,1.0
2011-04-22 02:38:48-04:00,1.0
2011-04-22 02:38:51-04:00,1.0
2011-04-22 02:38:54-04:00,1.0
2011-04-22 02:38:57-04:00,0.33333333333333337
2011-04-22 02:39:00-04:00,0.5
2011-04-22 02:39:03-04:00,1.0
2011-04-22 02:39:06-04:00,1.0
2011-04-22 02:39:09-04:00,1.0
2011-04-22 02:39:12-04:00,1.0
2011-04-22 02:39:15-04:00,1.0
2011-04-22 02:39:18-04:00,1.0
2011-04-22 02:39:21-04:00,1.0
2011-04-22 02:39:24-04:00,1.0
2011-04-22 02:39:27-04:00,1.0
2011-04-22 02:39:30-04:00,1.0
2011-04-22 02:39:33-04:00,1.0
2011-04-22 02:39:36-04:00,1.0
2011-04-22 02:39:39-04:00,1.0
2011-04-22 02:39:42-04:00,1.0
2011-04-22 02:39:45-04:00,1.0
2011-04-22 02:39:48-04:00,1.0
2011-04-22 02:39:51-04:00,1.0
2011-04-22 02:39:54-04:00,1.0
2011-04-22 02:39:57-04:00,1.0
2011-04-22 02:40:00-04:00,1.0
2011-04-22 02:40:03-04:00,1.0
2011-04-22 02:40:06-04:00,1.0
2011-04-22 02:40:09-04:00,1.0
2011-04-22 02:40:12-04:00,1.0
2011-04-22 02:40:15-04:00,1.0
2011-04-22 02:40:18-04:00,1.0
2011-04-22 02:40:21-04:00,1.0
2011-04-22 02:40:24-04:00,1.0
2011-04-22 02:40:27-04:00,1.0
2011-04-22 02:40:30-04:00,1.0
2011-04-22 02:40:33-04:00,1.0
2011-04-22 02:40:36-04:00,1.0
2011-04-22 02:40:39-04:00,1.0
2011-04-22 02:40:42-04:00,1.0
2011-04-22 02:40:45-04:00,1.0
2011-04-22 02:40:48-04:00,1.0
2011-04-22 02:40:51-04:00,1.0
2011-04-22 02:40:54-04:00,1.0
2011-04-22 02:40:57-04:00,1.0
2011-04-22 02:41:00-04:00,1.0
2011-04-22 02:41:03-04:00,1.0
2011-04-22 02:41:06-04:00,1.0
2011-04-22 02:41:09-04:00,1.0
2011-04-22 02:41:12-04:00,1.0
2011-04-22 02:41:15-04:00,1.0
2011-04-22 02:41:18-04:00,1.0
2011-04-22 02:41:21-04:00,1.0
2011-04-22 02:41:24-04:00,1.0
2011-04-22 02:41:27-04:00,1.0
2011-04-22 02:41:30-04:00,1.0
2011-04-22 02:41:33-04:00,1.0
2011-04-22 02:41:36-04:00,1.0
2011-04-22 02:41:39-04:00,1.0
2011-04-22 02:41:42-04:00,1.0
2011-04-22 02:41:45-04:00,1.0
2011-04-22 02:41:48-04:00,1.0
2011-04-22 02:41:51-04:00,1.0
2011-04-22 02:41:54-04:00,1.0
2011-04-22 02:41:57-04:00,1.0
2011-04-22 02:42:00-04:00,1.0
2011-04-22 02:42:03-04:00,1.0
2011-04-22 02:42:06-04:00,1.0
2011-04-22 02:42:09-04:00,1.0
2011-04-22 02:42:12-04:00,1.0
2011-04-22 02:42:15-04:00,1.0
2011-04-22 02:42:18-04:00,1.0
2011-04-22 02:42:21-04:00,1.0
2011-04-22 02:42:24-04:00,1.0
2011-04-22 02:42:27-04:00,1.0
2011-04-22 02:42:30-04:00,1.0
2011-04-22 02:42:33-04:00,1.0
2011-04-22 02:42:36-04:00,1.0
2011-04-22 02:42:39-04:00,1.0
2011-04-22 02:42:42-04:00,1.0
2011-04-22 02:42:45-04:00,1.0
2011-04-22 02:42:48-04:00,1.0
2011-04-22 02:42:51-04:00,1.0
2011-04-22 02:42:54-04:00,1.0
2011-04-22 02:42:57-04:00,1.0
2011-04-22 02:43:00-04:00,1.0
2011-04-22 02:43:03-04:00,1.0
2011-04-22 02:43:06-04:00,1.0
2011-04-22 02:43:09-04:00,1.0
2011-04-22 02:43:12-04:00,1.0
2011-04-22 02:43:15-04:00,1.0
2011-04-22 02:43:18-04:00,1.0
2011-04-22 02:43:21-04:00,1.0
2011-04-22 02:43:24-04:00,1.0
2011-04-22 02:43:27-04:00,1.0
2011-04-22 02:43:30-04:00,1.0
2011-04-22 02:43:33-04:00,1.0
2011-04-22 02:43:36-04:00,1.0
2011-04-22 02:43:39-04:00,1.0
2011-04-22 02:43:42-04:00,1.0
2011-04-22 02:43:45-04:00,1.0
2011-04-22 02:43:48-04:00,1.0
2011-04-22 02:43:51-04:00,1.0
2011-04-22 02:43:54-04:00,1.0
2011-04-22 02:43:57-04:00,1.0
2011-04-22 02:44:00-04:00,1.0
2011-04-22 02:44:03-04:00,1.0
2011-04-22 02:44:06-04:00,1.0
2011-04-22 02:44:09-04:00,1.0
2011-04-22 02:44:12-04:00,1.0
2011-04-22 02:44:15-04:00,1.0
2011-04-22 02:44:18-04:00,1.0
2011-04-22 02:44:21-04:00,1.0
2011-04-22 02:44:24-04:00,1.0
2011-04-22 02:44:27-04:00,1.0
2011-04-22 02:44:30-04:00,1.0
2011-04-22 02:44:33-04:00,1.0
2011-04-22 02:44:36-04:00,1.0
2011-04-22 02:44:39-04:00,1.0
2011-04-22 02:44:42-04:00,1.0
2011-04-22 02:44:45-04:00,1.0
2011-04-22 02:44:48-04:00,1.0
2011-04-22 02:44:51-04:00,1.0
2011-04-22 02:44:54-04:00,1.0
2011-04-22 02:44:57-04:00,1.0
2011-04-22 02:45:00-04:00,1.0
2011-04-22 02:45:03-04:00,1.0
2011-04-22 02:45:06-04:00,1.0
2011-04-22 02:45:09-04:00,1.0
2011-04-22 02:45:12-04:00,1.0
2011-04-22 02:45:15-04:00,1.0
2011-04-22 02:45:18-04:00,1.0
2011-04-22 02:45:21-04:00,1.0
2011-04-22 02:45:24-04:00,1.0
2011-04-22 02:45:27-04:00,1.0
2011-04-22 02:45:30-04:00,1.0
2011-04-22 02:45:33-04:00,1.0
2011-04-22 02:45:36-04:00,1.0
2011-04-22 02:45:39-04:00,1.0
2011-04-22 02:45:42-04:00,1.0
2011-04-22 02:45:45-04:00,1.0
2011-04-22 02:45:48-04:00,1.0
2011-04-22 02:45:51-04:00,1.0
2011-04-22 02:45:54-04:00,1.0
2011-04-22 02:45:57-04:00,1.0
2011-04-22 02:46:00-04:00,1.0
2011-04-22 02:46:03-04:00,1.0
2011-04-22 02:46:06-04:00,1.0
2011-04-22 02:46:09-04:00,1.0
2011-04-22 02:46:12-04:00,1.0
2011-04-22 02:46:15-04:00,1.0
2011-04-22 02:46:18-04:00,1.0
2011-04-22 02:46:21-04:00,1.0
2011-04-22 02:46:24-04:00,1.0
2011-04-22 02:46:27-04:00,1.0
2011-04-22 02:46:30-04:00,1.0
2011-04-22 02:46:33-04:00,1.0
2011-04-22 02:46:36-04:00,1.0
2011-04-22 02:46:39-04:00,1.0
2011-04-22 02:46:42-04:00,1.0
2011-04-22 02:46:45-04:00,1.0
2011-04-22 02:46:48-04:00,1.0
2011-04-22 02:46:51-04:00,1.0
2011-04-22 02:46:54-04:00,1.0
2011-04-22 02:46:57-04:00,1.0
2011-04-22 02:47:00-04:00,1.0
2011-04-22 02:47:03-04:00,1.0
2011-04-22 02:47:06-04:00,1.0
2011-04-22 02:47:09-04:00,1.0
2011-04-22 02:47:12-04:00,1.0
2011-04-22 02:47:15-04:00,1.0
2011-04-22 02:47:18-04:00,1.0
2011-04-22 02:47:21-04:00,1.0
2011-04-22 02:47:24-04:00,1.0
2011-04-22 02:47:27-04:00,1.0
2011-04-22 02:47:30-04:00,1.0
2011-04-22 02:47:33-04:00,1.0
2011-04-22 02:47:36-04:00,1.0
2011-04-22 02:47:39-04:00,1.0
2011-04-22 02:47:42-04:00,1.0
2011-04-22 02:47:45-04:00,1.0
2011-04-22 02:47:48-04:00,1.0
2011-04-22 02:47:51-04:00,1.0
2011-04-22 02:47:54-04:00,1.0
2011-04-22 02:47:57-04:00,1.0
2011-04-22 02:48:00-04:00,1.0
2011-04-22 02:48:03-04:00,1.0
2011-04-22 02:48:06-04:00,1.0
2011-04-22 02:48:09-04:00,1.0
2011-04-22 02:48:12-04:00,1.0
2011-04-22 02:48:15-04:00,1.0
2011-04-22 02:48:18-04:00,1.0
2011-04-22 02:48:21-04:00,1.0
2011-04-22 02:48:24-04:00,1.0
2011-04-22 02:48:27-04:00,1.0
2011-04-22 02:48:30-04:00,1.0
2011-04-22 02:48:33-04:00,1.0
2011-04-22 02:48:36-04:00,1.0
2011-04-22 02:48:39-04:00,1.0
2011-04-22 02:48:42-04:00,1.0
2011-04-22 02:48:45-04:00,1.0
2011-04-22 02:48:48-04:00,1.0
2011-04-22 02:48:51-04:00,1.0
2011-04-22 02:48:54-04:00,1.0
2011-04-22 02:48:57-04:00,1.0
2011-04-22 02:49:00-04:00,1.0
2011-04-22 02:49:03-04:00,1.0
2011-04-22 02:49:06-04:00,1.0
2011-04-22 02:49:09-04:00,1.0
2011-04-22 02:49:12-04:00,0.6666666666666667
2011-04-22 02:49:15-04:00,0.25
2011-04-22 02:49:18-04:00,1.0
2011-04-22 02:49:21-04:00,1.0
2011-04-22 02:49:24-04:00,1.0
2011-04-22 02:49:27-04:00,1.0
2011-04-22 02:49:30-04:00,1.0
2011-04-22 02:49:33-04:00,1.0
2011-04-22 02:49:36-04:00,1.0
2011-04-22 02:49:39-04:00,1.0
2011-04-22 02:49:42-04:00,1.0
2011-04-22 02:49:45-04:00,1.0
2011-04-22 02:49:48-04:00,1.0
2011-04-22 02:49:51-04:00,1.0
2011-04-22 02:49:54-04:00,1.0
2011-04-22 02:49:57-04:00,1.0
2011-04-22 02:50:00-04:00,1.0
2011-04-22 02:50:03-04:00,1.0
2011-04-22 02:50:06-04:00,1.0
2011-04-22 02:50:09-04:00,1.0
2011-04-22 02:50:12-04:00,1.0
2011-04-22 02:50:15-04:00,1.0
2011-04-22 02:50:18-04:00,1.0
2011-04-22 02:50:21-04:00,1.0
2011-04-22 02:50:24-04:00,1.0
2011-04-22 02:50:27-04:00,1.0
2011-04-22 02:50:30-04:00,1.0
2011-04-22 02:50:33-04:00,1.0
2011-04-22 02:50:36-04:00,1.0
2011-04-22 02:50:39-04:00,1.0
2011-04-22 02:50:42-04:00,1.0
2011-04-22 02:50:45-04:00,1.0
2011-04-22 02:50:48-04:00,1.0
2011-04-22 02:50:51-04:00,1.0
2011-04-22 02:50:54-04:00,1.0
2011-04-22 02:50:57-04:00,1.0
2011-04-22 02:51:00-04:00,1.0
2011-04-22 02:51:03-04:00,1.0
2011-04-22 02:51:06-04:00,1.0
2011-04-22 02:51:09-04:00,1.0
2011-04-22 02:51:12-04:00,1.0
2011-04-22 02:51:15-04:00,1.0
2011-04-22 02:51:18-04:00,1.0
2011-04-22 02:51:21-04:00,1.0
2011-04-22 02:51:24-04:00,1.0
2011-04-22 02:51:27-04:00,1.0
2011-04-22 02:51:30-04:00,1.0
2011-04-22 02:51:33-04:00,1.0
2011-04-22 02:51:36-04:00,1.0
2011-04-22 02:51:39-04:00,1.0
2011-04-22 02:51:42-04:00,1.0
2011-04-22 02:51:45-04:00,1.0
2011-04-22 02:51:48-04:00,1.0
2011-04-22 02:51:51-04:00,1.0
2011-04-22 02:51:54-04:00,1.0
2011-04-22 02:51:57-04:00,1.0
2011-04-22 02:52:00-04:00,1.0
2011-04-22 02:52:03-04:00,1.0
2011-04-22 02:52:06-04:00,1.0
2011-04-22 02:52:09-04:00,1.0
2011-04-22 02:52:12-04:00,1.0
2011-04-22 02:52:15-04:00,1.0
2011-04-22 02:52:18-04:00,1.0
2011-04-22 02:52:21-04:00,1.0
2011-04-22 02:52:24-04:00,1.0
2011-04-22 02:52:27-04:00,1.0
2011-04-22 02:52:30-04:00,1.0
2011-04-22 02:52:33-04:00,1.0
2011-04-22 02:52:36-04:00,1.0
2011-04-22 02:52:39-04:00,1.0
2011-04-22 02:52:42-04:00,1.0
2011-04-22 02:52:45-04:00,1.0
2011-04-22 02:52:48-04:00,1.0
2011-04-22 02:52:51-04:00,1.0
2011-04-22 02:52:54-04:00,1.0
2011-04-22 02:52:57-04:00,1.0
2011-04-22 02:53:00-04:00,1.0
2011-04-22 02:53:03-04:00,1.0
2011-04-22 02:53:06-04:00,1.0
2011-04-22 02:53:09-04:00,1.0
2011-04-22 02:53:12-04:00,1.0
2011-04-22 02:53:15-04:00,1.0
2011-04-22 02:53:18-04:00,1.0
2011-04-22 02:53:21-04:00,1.0
2011-04-22 02:53:24-04:00,1.0
2011-04-22 02:53:27-04:00,1.0
2011-04-22 02:53:30-04:00,1.0
2011-04-22 02:53:33-04:00,1.0
2011-04-22 02:53:36-04:00,1.0
2011-04-22 02:53:39-04:00,1.0
2011-04-22 02:53:42-04:00,1.0
2011-04-22 02:53:45-04:00,1.0
2011-04-22 02:53:48-04:00,1.0
2011-04-22 02:53:51-04:00,1.0
2011-04-22 02:53:54-04:00,1.0
2011-04-22 02:53:57-04:00,1.0
2011-04-22 02:54:00-04:00,1.0
2011-04-22 02:54:03-04:00,0.6666666666666667
2011-04-22 02:54:06-04:00,0.25
2011-04-22 02:54:09-04:00,1.0
2011-04-22 02:54:12-04:00,1.0
2011-04-22 02:54:15-04:00,1.0
2011-04-22 02:54:18-04:00,1.0
2011-04-22 02:54:21-04:00,1.0
2011-04-22 02:54:24-04:00,1.0
2011-04-22 02:54:27-04:00,1.0
2011-04-22 02:54:30-04:00,1.0
2011-04-22 02:54:33-04:00,1.0
2011-04-22 02:54:36-04:00,1.0
2011-04-22 02:54:39-04:00,1.0
2011-04-22 02:54:42-04:00,1.0
2011-04-22 02:54:45-04:00,1.0
2011-04-22 02:54:48-04:00,1.0
2011-04-22 02:54:51-04:00,1.0
2011-04-22 02:54:54-04:00,1.0
2011-04-22 02:54:57-04:00,1.0
2011-04-22 02:55:00-04:00,1.0
2011-04-22 02:55:03-04:00,1.0
2011-04-22 02:55:06-04:00,1.0
2011-04-22 02:55:09-04:00,1.0
2011-04-22 02:55:12-04:00,1.0
2011-04-22 02:55:15-04:00,1.0
2011-04-22 02:55:18-04:00,1.0
2011-04-22 02:55:21-04:00,1.0
2011-04-22 02:55:24-04:00,1.0
2011-04-22 02:55:27-04:00,1.0
2011-04-22 02:55:30-04:00,1.0
2011-04-22 02:55:33-04:00,1.0
2011-04-22 02:55:36-04:00,1.0
2011-04-22 02:55:39-04:00,1.0
2011-04-22 02:55:42-04:00,1.0
2011-04-22 02:55:45-04:00,1.0
2011-04-22 02:55:48-04:00,1.0
2011-04-22 02:55:51-04:00,1.0
2011-04-22 02:55:54-04:00,1.0
2011-04-22 02:55:57-04:00,1.0
2011-04-22 02:56:00-04:00,1.0
2011-04-22 02:56:03-04:00,1.0
2011-04-22 02:56:06-04:00,1.0
2011-04-22 02:56:09-04:00,1.0
2011-04-22 02:56:12-04:00,1.0
2011-04-22 02:56:15-04:00,1.0
2011-04-22 02:56:18-04:00,1.0
2011-04-22 02:56:21-04:00,0.6666666666666667
2011-04-22 02:56:24-04:00,0.25
2011-04-22 02:56:27-04:00,1.0
2011-04-22 02:56:30-04:00,1.0
2011-04-22 02:56:33-04:00,1.0
2011-04-22 02:56:36-04:00,1.0
2011-04-22 02:56:39-04:00,1.0
2011-04-22 02:56:42-04:00,1.0
2011-04-22 02:56:45-04:00,1.0
2011-04-22 02:56:48-04:00,1.0
2011-04-22 02:56:51-04:00,1.0
2011-04-22 02:56:54-04:00,1.0
2011-04-22 02:56:57-04:00,1.0
2011-04-22 02:57:00-04:00,1.0
2011-04-22 02:57:03-04:00,1.0
2011-04-22 02:57:06-04:00,1.0
2011-04-22 02:57:09-04:00,1.0
2011-04-22 02:57:12-04:00,1.0
2011-04-22 02:57:15-04:00,1.0
2011-04-22 02:57:18-04:00,1.0
2011-04-22 02:57:21-04:00,1.0
2011-04-22 02:57:24-04:00,1.0
2011-04-22 02:57:27-04:00,1.0
2011-04-22 02:57:30-04:00,1.0
2011-04-22 02:57:33-04:00,1.0
2011-04-22 02:57:36-04:00,1.0
2011-04-22 02:57:39-04:00,1.0
2011-04-22 02:57:42-04:00,1.0
2011-04-22 02:57:45-04:00,1.0
2011-04-22 02:57:48-04:00,1.0
2011-04-22 02:57:51-04:00,1.0
2011-04-22 02:57:54-04:00,1.0
2011-04-22 02:57:57-04:00,1.0
2011-04-22 02:58:00-04:00,1.0
2011-04-22 02:58:03-04:00,1.0
2011-04-22 02:58:06-04:00,1.0
2011-04-22 02:58:09-04:00,1.0
2011-04-22 02:58:12-04:00,1.0
2011-04-22 02:58:15-04:00,1.0
2011-04-22 02:58:18-04:00,1.0
2011-04-22 02:58:21-04:00,1.0
2011-04-22 02:58:24-04:00,1.0
2011-04-22 02:58:27-04:00,1.0
2011-04-22 02:58:30-04:00,1.0
2011-04-22 02:58:33-04:00,1.0
2011-04-22 02:58:36-04:00,1.0
2011-04-22 02:58:39-04:00,1.0
2011-04-22 02:58:42-04:00,1.0
2011-04-22 02:58:45-04:00,1.0
2011-04-22 02:58:48-04:00,1.0
2011-04-22 02:58:51-04:00,1.0
2011-04-22 02:58:54-04:00,1.0
2011-04-22 02:58:57-04:00,1.0
2011-04-22 02:59:00-04:00,1.0
2011-04-22 02:59:03-04:00,1.0
2011-04-22 02:59:06-04:00,1.0
2011-04-22 02:59:09-04:00,1.0
2011-04-22 02:59:12-04:00,1.0
2011-04-22 02:59:15-04:00,1.0
2011-04-22 02:59:18-04:00,1.0
2011-04-22 02:59:21-04:00,1.0
2011-04-22 02:59:24-04:00,1.0
2011-04-22 02:59:27-04:00,1.0
2011-04-22 02:59:30-04:00,1.0
2011-04-22 02:59:33-04:00,1.0
2011-04-22 02:59:36-04:00,1.0
2011-04-22 02:59:39-04:00,1.0
2011-04-22 02:59:42-04:00,1.0
2011-04-22 02:59:45-04:00,1.0
2011-04-22 02:59:48-04:00,1.0
2011-04-22 02:59:51-04:00,1.0
2011-04-22 02:59:54-04:00,1.0
2011-04-22 02:59:57-04:00,1.0
2011-04-22 03:00:00-04:00,1.0
2011-04-22 03:00:03-04:00,1.0
2011-04-22 03:00:06-04:00,1.0
2011-04-22 03:00:09-04:00,1.0
2011-04-22 03:00:12-04:00,0.33333333333333337
2011-04-22 03:00:15-04:00,0.5
2011-04-22 03:00:18-04:00,1.0
2011-04-22 03:00:21-04:00,1.0
2011-04-22 03:00:24-04:00,1.0
2011-04-22 03:00:27-04:00,1.0
2011-04-22 03:00:30-04:00,1.0
2011-04-22 03:00:33-04:00,1.0
2011-04-22 03:00:36-04:00,1.0
2011-04-22 03:00:39-04:00,1.0
2011-04-22 03:00:42-04:00,1.0
2011-04-22 03:00:45-04:00,1.0
2011-04-22 03:00:48-04:00,1.0
2011-04-22 03:00:51-04:00,1.0
2011-04-22 03:00:54-04:00,1.0
2011-04-22 03:00:57-04:00,1.0
2011-04-22 03:01:00-04:00,1.0
2011-04-22 03:01:03-04:00,1.0
2011-04-22 03:01:06-04:00,1.0
2011-04-22 03:01:09-04:00,1.0
2011-04-22 03:01:12-04:00,1.0
2011-04-22 03:01:15-04:00,1.0
2011-04-22 03:01:18-04:00,1.0
2011-04-22 03:01:21-04:00,1.0
2011-04-22 03:01:24-04:00,1.0
2011-04-22 03:01:27-04:00,0.0
2011-04-22 03:01:30-04:00,0.3333333333333333
2011-04-22 03:01:33-04:00,0.6666666666666666
2011-04-22 03:01:36-04:00,1.0
2011-04-22 03:01:39-04:00,1.0
2011-04-22 03:01:42-04:00,1.0
2011-04-22 03:01:45-04:00,1.0
2011-04-22 03:01:48-04:00,1.0
2011-04-22 03:01:51-04:00,1.0
2011-04-22 03:01:54-04:00,1.0
2011-04-22 03:01:57-04:00,1.0
2011-04-22 03:02:00-04:00,0.0
2011-04-22 03:02:03-04:00,0.75
2011-04-22 03:02:06-04:00,1.0
2011-04-22 03:02:09-04:00,1.0
2011-04-22 03:02:12-04:00,1.0
2011-04-22 03:02:15-04:00,1.0
2011-04-22 03:02:18-04:00,1.0
2011-04-22 03:02:21-04:00,1.0
2011-04-22 03:02:24-04:00,1.0
2011-04-22 03:02:27-04:00,1.0
2011-04-22 03:02:30-04:00,1.0
2011-04-22 03:02:33-04:00,1.0
2011-04-22 03:02:36-04:00,1.0
2011-04-22 03:02:39-04:00,1.0
2011-04-22 03:02:42-04:00,1.0
2011-04-22 03:02:45-04:00,1.0
2011-04-22 03:02:48-04:00,1.0
2011-04-22 03:02:51-04:00,1.0
2011-04-22 03:02:54-04:00,1.0
2011-04-22 03:02:57-04:00,1.0
2011-04-22 03:03:00-04:00,1.0
2011-04-22 03:03:03-04:00,1.0
2011-04-22 03:03:06-04:00,1.0
2011-04-22 03:03:09-04:00,1.0
2011-04-22 03:03:12-04:00,1.0
2011-04-22 03:03:15-04:00,1.0
2011-04-22 03:03:18-04:00,1.0
2011-04-22 03:03:21-04:00,1.0
2011-04-22 03:03:24-04:00,1.0
2011-04-22 03:03:27-04:00,1.0
2011-04-22 03:03:30-04:00,1.0
2011-04-22 03:03:33-04:00,1.0
2011-04-22 03:03:36-04:00,1.0
2011-04-22 03:03:39-04:00,1.0
2011-04-22 03:03:42-04:00,1.0
2011-04-22 03:03:45-04:00,1.0
2011-04-22 03:03:48-04:00,1.0
2011-04-22 03:03:51-04:00,1.0
2011-04-22 03:03:54-04:00,1.0
2011-04-22 03:03:57-04:00,1.0
2011-04-22 03:04:00-04:00,1.0
2011-04-22 03:04:03-04:00,1.0
2011-04-22 03:04:06-04:00,1.0
2011-04-22 03:04:09-04:00,1.0
2011-04-22 03:04:12-04:00,1.0
2011-04-22 03:04:15-04:00,0.25
2011-04-22 03:04:18-04:00,0.6666666666666666
2011-04-22 03:04:21-04:00,1.0
2011-04-22 03:04:24-04:00,1.0
2011-04-22 03:04:27-04:00,1.0
2011-04-22 03:04:30-04:00,1.0
2011-04-22 03:04:33-04:00,1.0
2011-04-22 03:04:36-04:00,1.0
2011-04-22 03:04:39-04:00,1.0
2011-04-22 03:04:42-04:00,1.0
2011-04-22 03:04:45-04:00,1.0
2011-04-22 03:04:48-04:00,1.0
2011-04-22 03:04:51-04:00,1.0
2011-04-22 03:04:54-04:00,1.0
2011-04-22 03:04:57-04:00,1.0
2011-04-22 03:05:00-04:00,1.0
2011-04-22 03:05:03-04:00,1.0
2011-04-22 03:05:06-04:00,1.0
2011-04-22 03:05:09-04:00,1.0
2011-04-22 03:05:12-04:00,1.0
2011-04-22 03:05:15-04:00,1.0
2011-04-22 03:05:18-04:00,1.0
2011-04-22 03:05:21-04:00,1.0
2011-04-22 03:05:24-04:00,1.0
2011-04-22 03:05:27-04:00,1.0
2011-04-22 03:05:30-04:00,1.0
2011-04-22 03:05:33-04:00,1.0
2011-04-22 03:05:36-04:00,1.0
2011-04-22 03:05:39-04:00,1.0
2011-04-22 03:05:42-04:00,1.0
2011-04-22 03:05:45-04:00,1.0
2011-04-22 03:05:48-04:00,1.0
2011-04-22 03:05:51-04:00,1.0
2011-04-22 03:05:54-04:00,1.0
2011-04-22 03:05:57-04:00,1.0
2011-04-22 03:06:00-04:00,1.0
2011-04-22 03:06:03-04:00,1.0
2011-04-22 03:06:06-04:00,1.0
2011-04-22 03:06:09-04:00,1.0
2011-04-22 03:06:12-04:00,1.0
2011-04-22 03:06:15-04:00,1.0
2011-04-22 03:06:18-04:00,1.0
2011-04-22 03:06:21-04:00,1.0
2011-04-22 03:06:24-04:00,1.0
2011-04-22 03:06:27-04:00,1.0
2011-04-22 03:06:30-04:00,1.0
2011-04-22 03:06:33-04:00,1.0
2011-04-22 03:06:36-04:00,1.0
2011-04-22 03:06:39-04:00,1.0
2011-04-22 03:06:42-04:00,1.0
2011-04-22 03:06:45-04:00,1.0
2011-04-22 03:06:48-04:00,1.0
2011-04-22 03:06:51-04:00,1.0
2011-04-22 03:06:54-04:00,1.0
2011-04-22 03:06:57-04:00,1.0
2011-04-22 03:07:00-04:00,1.0
2011-04-22 03:07:03-04:00,1.0
2011-04-22 03:07:06-04:00,1.0
2011-04-22 03:07:09-04:00,1.0
2011-04-22 03:07:12-04:00,1.0
2011-04-22 03:07:15-04:00,1.0
2011-04-22 03:07:18-04:00,1.0
2011-04-22 03:07:21-04:00,1.0
2011-04-22 03:07:24-04:00,1.0
2011-04-22 03:07:27-04:00,1.0
2011-04-22 03:07:30-04:00,1.0
2011-04-22 03:07:33-04:00,1.0
2011-04-22 03:07:36-04:00,1.0
2011-04-22 03:07:39-04:00,1.0
2011-04-22 03:07:42-04:00,1.0
2011-04-22 03:07:45-04:00,1.0
2011-04-22 03:07:48-04:00,1.0
2011-04-22 03:07:51-04:00,1.0
2011-04-22 03:07:54-04:00,1.0
2011-04-22 03:07:57-04:00,1.0
2011-04-22 03:08:00-04:00,1.0
2011-04-22 03:08:03-04:00,1.0
2011-04-22 03:08:06-04:00,1.0
2011-04-22 03:08:09-04:00,1.0
2011-04-22 03:08:12-04:00,1.0
2011-04-22 03:08:15-04:00,1.0
2011-04-22 03:08:18-04:00,1.0
2011-04-22 03:08:21-04:00,1.0
2011-04-22 03:08:24-04:00,1.0
2011-04-22 03:08:27-04:00,1.0
2011-04-22 03:08:30-04:00,1.0
2011-04-22 03:08:33-04:00,1.0
2011-04-22 03:08:36-04:00,1.0
2011-04-22 03:08:39-04:00,1.0
2011-04-22 03:08:42-04:00,1.0
2011-04-22 03:08:45-04:00,1.0
2011-04-22 03:08:48-04:00,1.0
2011-04-22 03:08:51-04:00,1.0
2011-04-22 03:08:54-04:00,1.0
2011-04-22 03:08:57-04:00,1.0
2011-04-22 03:09:00-04:00,1.0
2011-04-22 03:09:03-04:00,1.0
2011-04-22 03:09:06-04:00,1.0
2011-04-22 03:09:09-04:00,1.0
2011-04-22 03:09:12-04:00,1.0
2011-04-22 03:09:15-04:00,1.0
2011-04-22 03:09:18-04:00,1.0
2011-04-22 03:09:21-04:00,1.0
2011-04-22 03:09:24-04:00,1.0
2011-04-22 03:09:27-04:00,1.0
2011-04-22 03:09:30-04:00,1.0
2011-04-22 03:09:33-04:00,1.0
2011-04-22 03:09:36-04:00,1.0
2011-04-22 03:09:39-04:00,1.0
2011-04-22 03:09:42-04:00,1.0
2011-04-22 03:09:45-04:00,1.0
2011-04-22 03:09:48-04:00,1.0
2011-04-22 03:09:51-04:00,1.0
2011-04-22 03:09:54-04:00,1.0
2011-04-22 03:09:57-04:00,1.0
2011-04-22 03:10:00-04:00,1.0
2011-04-22 03:10:03-04:00,1.0
2011-04-22 03:10:06-04:00,1.0
2011-04-22 03:10:09-04:00,1.0
2011-04-22 03:10:12-04:00,1.0
2011-04-22 03:10:15-04:00,1.0
2011-04-22 03:10:18-04:00,1.0
2011-04-22 03:10:21-04:00,1.0
2011-04-22 03:10:24-04:00,1.0
2011-04-22 03:10:27-04:00,1.0
2011-04-22 03:10:30-04:00,1.0
2011-04-22 03:10:33-04:00,1.0
2011-04-22 03:10:36-04:00,1.0
2011-04-22 03:10:39-04:00,1.0
2011-04-22 03:10:42-04:00,1.0
2011-04-22 03:10:45-04:00,1.0
2011-04-22 03:10:48-04:00,1.0
2011-04-22 03:10:51-04:00,1.0
2011-04-22 03:10:54-04:00,1.0
2011-04-22 03:10:57-04:00,1.0
2011-04-22 03:11:00-04:00,1.0
2011-04-22 03:11:03-04:00,1.0
2011-04-22 03:11:06-04:00,1.0
2011-04-22 03:11:09-04:00,1.0
2011-04-22 03:11:12-04:00,1.0
2011-04-22 03:11:15-04:00,1.0
2011-04-22 03:11:18-04:00,1.0
2011-04-22 03:11:21-04:00,1.0
2011-04-22 03:11:24-04:00,1.0
2011-04-22 03:11:27-04:00,1.0
2011-04-22 03:11:30-04:00,1.0
2011-04-22 03:11:33-04:00,1.0
2011-04-22 03:11:36-04:00,1.0
2011-04-22 03:11:39-04:00,1.0
2011-04-22 03:11:42-04:00,1.0
2011-04-22 03:11:45-04:00,1.0
2011-04-22 03:11:48-04:00,1.0
2011-04-22 03:11:51-04:00,1.0
2011-04-22 03:11:54-04:00,1.0
2011-04-22 03:11:57-04:00,1.0
2011-04-22 03:12:00-04:00,1.0
2011-04-22 03:12:03-04:00,1.0
2011-04-22 03:12:06-04:00,1.0
2011-04-22 03:12:09-04:00,1.0
2011-04-22 03:12:12-04:00,1.0
2011-04-22 03:12:15-04:00,1.0
2011-04-22 03:12:18-04:00,1.0
2011-04-22 03:12:21-04:00,1.0
2011-04-22 03:12:24-04:00,1.0
2011-04-22 03:12:27-04:00,1.0
2011-04-22 03:12:30-04:00,0.7777777777777778
2011-04-22 03:12:33-04:00,0.4444444444444444
2011-04-22 03:12:36-04:00,0.11111111111111116
2011-04-22 03:12:39-04:00,0.6666666666666666
2011-04-22 03:12:42-04:00,1.0
2011-04-22 03:12:45-04:00,1.0
2011-04-22 03:12:48-04:00,0.6666666666666667
2011-04-22 03:12:51-04:00,0.25
2011-04-22 03:12:54-04:00,1.0
2011-04-22 03:12:57-04:00,1.0
2011-04-22 03:13:00-04:00,1.0
2011-04-22 03:13:03-04:00,1.0
2011-04-22 03:13:06-04:00,1.0
2011-04-22 03:13:09-04:00,1.0
2011-04-22 03:13:12-04:00,1.0
2011-04-22 03:13:15-04:00,1.0
2011-04-22 03:13:18-04:00,1.0
2011-04-22 03:13:21-04:00,1.0
2011-04-22 03:13:24-04:00,1.0
2011-04-22 03:13:27-04:00,1.0
2011-04-22 03:13:30-04:00,1.0
2011-04-22 03:13:33-04:00,1.0
2011-04-22 03:13:36-04:00,1.0
2011-04-22 03:13:39-04:00,1.0
2011-04-22 03:13:42-04:00,1.0
2011-04-22 03:13:45-04:00,1.0
2011-04-22 03:13:48-04:00,1.0
2011-04-22 03:13:51-04:00,1.0
2011-04-22 03:13:54-04:00,1.0
2011-04-22 03:13:57-04:00,1.0
2011-04-22 03:14:00-04:00,1.0
2011-04-22 03:14:03-04:00,1.0
2011-04-22 03:14:06-04:00,1.0
2011-04-22 03:14:09-04:00,1.0
2011-04-22 03:14:12-04:00,1.0
2011-04-22 03:14:15-04:00,1.0
2011-04-22 03:14:18-04:00,1.0
2011-04-22 03:14:21-04:00,1.0
2011-04-22 03:14:24-04:00,1.0
2011-04-22 03:14:27-04:00,1.0
2011-04-22 03:14:30-04:00,1.0
2011-04-22 03:14:33-04:00,1.0
2011-04-22 03:14:36-04:00,1.0
2011-04-22 03:14:39-04:00,1.0
2011-04-22 03:14:42-04:00,1.0
2011-04-22 03:14:45-04:00,1.0
2011-04-22 03:14:48-04:00,1.0
2011-04-22 03:14:51-04:00,1.0
2011-04-22 03:14:54-04:00,1.0
2011-04-22 03:14:57-04:00,1.0
2011-04-22 03:15:00-04:00,1.0
2011-04-22 03:15:03-04:00,1.0
2011-04-22 03:15:06-04:00,1.0
2011-04-22 03:15:09-04:00,1.0
2011-04-22 03:15:12-04:00,1.0
2011-04-22 03:15:15-04:00,1.0
2011-04-22 03:15:18-04:00,1.0
2011-04-22 03:15:21-04:00,1.0
2011-04-22 03:15:24-04:00,1.0
2011-04-22 03:15:27-04:00,1.0
2011-04-22 03:15:30-04:00,1.0
2011-04-22 03:15:33-04:00,1.0
2011-04-22 03:15:36-04:00,1.0
2011-04-22 03:15:39-04:00,1.0
2011-04-22 03:15:42-04:00,1.0
2011-04-22 03:15:45-04:00,1.0
2011-04-22 03:15:48-04:00,1.0
2011-04-22 03:15:51-04:00,1.0
2011-04-22 03:15:54-04:00,1.0
2011-04-22 03:15:57-04:00,1.0
2011-04-22 03:16:00-04:00,1.0
2011-04-22 03:16:03-04:00,1.0
2011-04-22 03:16:06-04:00,1.0
2011-04-22 03:16:09-04:00,1.0
2011-04-22 03:16:12-04:00,1.0
2011-04-22 03:16:15-04:00,1.0
2011-04-22 03:16:18-04:00,1.0
2011-04-22 03:16:21-04:00,1.0
2011-04-22 03:16:24-04:00,1.0
2011-04-22 03:16:27-04:00,1.0
2011-04-22 03:16:30-04:00,1.0
2011-04-22 03:16:33-04:00,1.0
2011-04-22 03:16:36-04:00,1.0
2011-04-22 03:16:39-04:00,1.0
2011-04-22 03:16:42-04:00,1.0
2011-04-22 03:16:45-04:00,1.0
2011-04-22 03:16:48-04:00,1.0
2011-04-22 03:16:51-04:00,1.0
2011-04-22 03:16:54-04:00,1.0
2011-04-22 03:16:57-04:00,1.0
2011-04-22 03:17:00-04:00,1.0
2011-04-22 03:17:03-04:00,1.0
2011-04-22 03:17:06-04:00,1.0
2011-04-22 03:17:09-04:00,1.0
2011-04-22 03:17:12-04:00,1.0
2011-04-22 03:17:15-04:00,1.0
2011-04-22 03:17:18-04:00,1.0
2011-04-22 03:17:21-04:00,1.0
2011-04-22 03:17:24-04:00,1.0
2011-04-22 03:17:27-04:00,1.0
2011-04-22 03:17:30-04:00,1.0
2011-04-22 03:17:33-04:00,1.0
2011-04-22 03:17:36-04:00,1.0
2011-04-22 03:17:39-04:00,1.0
2011-04-22 03:17:42-04:00,1.0
2011-04-22 03:17:45-04:00,1.0
2011-04-22 03:17:48-04:00,1.0
2011-04-22 03:17:51-04:00,1.0
2011-04-22 03:17:54-04:00,1.0
2011-04-22 03:17:57-04:00,1.0
2011-04-22 03:18:00-04:00,1.0
2011-04-22 03:18:03-04:00,1.0
2011-04-22 03:18:06-04:00,1.0
2011-04-22 03:18:09-04:00,1.0
2011-04-22 03:18:12-04:00,1.0
2011-04-22 03:18:15-04:00,1.0
2011-04-22 03:18:18-04:00,1.0
2011-04-22 03:18:21-04:00,1.0
2011-04-22 03:18:24-04:00,1.0
2011-04-22 03:18:27-04:00,1.0
2011-04-22 03:18:30-04:00,1.0
2011-04-22 03:18:33-04:00,1.0
2011-04-22 03:18:36-04:00,1.0
2011-04-22 03:18:39-04:00,1.0
2011-04-22 03:18:42-04:00,1.0
2011-04-22 03:18:45-04:00,1.0
2011-04-22 03:18:48-04:00,1.0
2011-04-22 03:18:51-04:00,1.0
2011-04-22 03:18:54-04:00,1.0
2011-04-22 03:18:57-04:00,1.0
2011-04-22 03:19:00-04:00,1.0
2011-04-22 03:19:03-04:00,1.0
2011-04-22 03:19:06-04:00,1.0
2011-04-22 03:19:09-04:00,1.0
2011-04-22 03:19:12-04:00,1.0
2011-04-22 03:19:15-04:00,1.0
2011-04-22 03:19:18-04:00,1.0
2011-04-22 03:19:21-04:00,1.0
2011-04-22 03:19:24-04:00,1.0
2011-04-22 03:19:27-04:00,1.0
2011-04-22 03:19:30-04:00,1.0
2011-04-22 03:19:33-04:00,1.0
2011-04-22 03:19:36-04:00,1.0
2011-04-22 03:19:39-04:00,1.0
2011-04-22 03:19:42-04:00,1.0
2011-04-22 03:19:45-04:00,1.0
2011-04-22 03:19:48-04:00,1.0
2011-04-22 03:19:51-04:00,1.0
2011-04-22 03:19:54-04:00,1.0
2011-04-22 03:19:57-04:00,1.0
2011-04-22 03:20:00-04:00,1.0
2011-04-22 03:20:03-04:00,1.0
2011-04-22 03:20:06-04:00,1.0
2011-04-22 03:20:09-04:00,1.0
2011-04-22 03:20:12-04:00,1.0
2011-04-22 03:20:15-04:00,1.0
2011-04-22 03:20:18-04:00,1.0
2011-04-22 03:20:21-04:00,1.0
2011-04-22 03:20:24-04:00,1.0
2011-04-22 03:20:27-04:00,1.0
2011-04-22 03:20:30-04:00,1.0
2011-04-22 03:20:33-04:00,1.0
2011-04-22 03:20:36-04:00,1.0
2011-04-22 03:20:39-04:00,1.0
2011-04-22 03:20:42-04:00,1.0
2011-04-22 03:20:45-04:00,1.0
2011-04-22 03:20:48-04:00,1.0
2011-04-22 03:20:51-04:00,1.0
2011-04-22 03:20:54-04:00,1.0
2011-04-22 03:20:57-04:00,1.0
2011-04-22 03:21:00-04:00,1.0
2011-04-22 03:21:03-04:00,1.0
2011-04-22 03:21:06-04:00,1.0
2011-04-22 03:21:09-04:00,1.0
2011-04-22 03:21:12-04:00,1.0
2011-04-22 03:21:15-04:00,1.0
2011-04-22 03:21:18-04:00,1.0
2011-04-22 03:21:21-04:00,1.0
2011-04-22 03:21:24-04:00,1.0
2011-04-22 03:21:27-04:00,1.0
2011-04-22 03:21:30-04:00,1.0
2011-04-22 03:21:33-04:00,1.0
2011-04-22 03:21:36-04:00,1.0
2011-04-22 03:21:39-04:00,1.0
2011-04-22 03:21:42-04:00,1.0
2011-04-22 03:21:45-04:00,1.0
2011-04-22 03:21:48-04:00,1.0
2011-04-22 03:21:51-04:00,1.0
2011-04-22 03:21:54-04:00,1.0
2011-04-22 03:21:57-04:00,1.0
2011-04-22 03:22:00-04:00,1.0
2011-04-22 03:22:03-04:00,1.0
2011-04-22 03:22:06-04:00,1.0
2011-04-22 03:22:09-04:00,1.0
2011-04-22 03:22:12-04:00,1.0
2011-04-22 03:22:15-04:00,1.0
2011-04-22 03:22:18-04:00,1.0
2011-04-22 03:22:21-04:00,1.0
2011-04-22 03:22:24-04:00,1.0
2011-04-22 03:22:27-04:00,1.0
2011-04-22 03:22:30-04:00,1.0
2011-04-22 03:22:33-04:00,1.0
2011-04-22 03:22:36-04:00,1.0
2011-04-22 03:22:39-04:00,1.0
2011-04-22 03:22:42-04:00,1.0
2011-04-22 03:22:45-04:00,1.0
2011-04-22 03:22:48-04:00,1.0
2011-04-22 03:22:51-04:00,1.0
2011-04-22 03:22:54-04:00,1.0
2011-04-22 03:22:57-04:00,1.0
2011-04-22 03:23:00-04:00,1.0
2011-04-22 03:23:03-04:00,1.0
2011-04-22 03:23:06-04:00,1.0
2011-04-22 03:23:09-04:00,1.0
2011-04-22 03:23:12-04:00,1.0
2011-04-22 03:23:15-04:00,1.0
2011-04-22 03:23:18-04:00,1.0
2011-04-22 03:23:21-04:00,1.0
2011-04-22 03:23:24-04:00,1.0
2011-04-22 03:23:27-04:00,1.0
2011-04-22 03:23:30-04:00,1.0
2011-04-22 03:23:33-04:00,1.0
2011-04-22 03:23:36-04:00,1.0
2011-04-22 03:23:39-04:00,1.0
2011-04-22 03:23:42-04:00,1.0
2011-04-22 03:23:45-04:00,1.0
2011-04-22 03:23:48-04:00,1.0
2011-04-22 03:23:51-04:00,1.0
2011-04-22 03:23:54-04:00,1.0
2011-04-22 03:23:57-04:00,1.0
2011-04-22 03:24:00-04:00,1.0
2011-04-22 03:24:03-04:00,1.0
2011-04-22 03:24:06-04:00,1.0
2011-04-22 03:24:09-04:00,1.0
2011-04-22 03:24:12-04:00,1.0
2011-04-22 03:24:15-04:00,1.0
2011-04-22 03:24:18-04:00,1.0
2011-04-22 03:24:21-04:00,1.0
2011-04-22 03:24:24-04:00,1.0
2011-04-22 03:24:27-04:00,1.0
2011-04-22 03:24:30-04:00,1.0
2011-04-22 03:24:33-04:00,1.0
2011-04-22 03:24:36-04:00,1.0
2011-04-22 03:24:39-04:00,1.0
2011-04-22 03:24:42-04:00,1.0
2011-04-22 03:24:45-04:00,1.0
2011-04-22 03:24:48-04:00,1.0
2011-04-22 03:24:51-04:00,1.0
2011-04-22 03:24:54-04:00,1.0
2011-04-22 03:24:57-04:00,1.0
2011-04-22 03:25:00-04:00,1.0
2011-04-22 03:25:03-04:00,1.0
2011-04-22 03:25:06-04:00,1.0
2011-04-22 03:25:09-04:00,1.0
2011-04-22 03:25:12-04:00,1.0
2011-04-22 03:25:15-04:00,1.0
2011-04-22 03:25:18-04:00,1.0
2011-04-22 03:25:21-04:00,1.0
2011-04-22 03:25:24-04:00,1.0
2011-04-22 03:25:27-04:00,1.0
2011-04-22 03:25:30-04:00,1.0
2011-04-22 03:25:33-04:00,1.0
2011-04-22 03:25:36-04:00,1.0
2011-04-22 03:25:39-04:00,1.0
2011-04-22 03:25:42-04:00,1.0
2011-04-22 03:25:45-04:00,1.0
2011-04-22 03:25:48-04:00,1.0
2011-04-22 03:25:51-04:00,1.0
2011-04-22 03:25:54-04:00,1.0
2011-04-22 03:25:57-04:00,1.0
2011-04-22 03:26:00-04:00,1.0
2011-04-22 03:26:03-04:00,1.0
2011-04-22 03:26:06-04:00,1.0
2011-04-22 03:26:09-04:00,1.0
2011-04-22 03:26:12-04:00,1.0
2011-04-22 03:26:15-04:00,1.0
2011-04-22 03:26:18-04:00,1.0
2011-04-22 03:26:21-04:00,1.0
2011-04-22 03:26:24-04:00,1.0
2011-04-22 03:26:27-04:00,1.0
2011-04-22 03:26:30-04:00,1.0
2011-04-22 03:26:33-04:00,1.0
2011-04-22 03:26:36-04:00,1.0
2011-04-22 03:26:39-04:00,1.0
2011-04-22 03:26:42-04:00,1.0
2011-04-22 03:26:45-04:00,1.0
2011-04-22 03:26:48-04:00,1.0
2011-04-22 03:26:51-04:00,1.0
2011-04-22 03:26:54-04:00,1.0
2011-04-22 03:26:57-04:00,1.0
2011-04-22 03:27:00-04:00,1.0
2011-04-22 03:27:03-04:00,1.0
2011-04-22 03:27:06-04:00,1.0
2011-04-22 03:27:09-04:00,1.0
2011-04-22 03:27:12-04:00,1.0
2011-04-22 03:27:15-04:00,1.0
2011-04-22 03:27:18-04:00,1.0
2011-04-22 03:27:21-04:00,1.0
2011-04-22 03:27:24-04:00,1.0
2011-04-22 03:27:27-04:00,1.0
2011-04-22 03:27:30-04:00,1.0
2011-04-22 03:27:33-04:00,1.0
2011-04-22 03:27:36-04:00,1.0
2011-04-22 03:27:39-04:00,1.0
2011-04-22 03:27:42-04:00,1.0
2011-04-22 03:27:45-04:00,1.0
2011-04-22 03:27:48-04:00,1.0
2011-04-22 03:27:51-04:00,1.0
2011-04-22 03:27:54-04:00,1.0
2011-04-22 03:27:57-04:00,1.0
2011-04-22 03:28:00-04:00,1.0
2011-04-22 03:28:03-04:00,1.0
2011-04-22 03:28:06-04:00,1.0
2011-04-22 03:28:09-04:00,1.0
2011-04-22 03:28:12-04:00,1.0
2011-04-22 03:28:15-04:00,1.0
2011-04-22 03:28:18-04:00,1.0
2011-04-22 03:28:21-04:00,1.0
2011-04-22 03:28:24-04:00,1.0
2011-04-22 03:28:27-04:00,1.0
2011-04-22 03:28:30-04:00,1.0
2011-04-22 03:28:33-04:00,1.0
2011-04-22 03:28:36-04:00,1.0
2011-04-22 03:28:39-04:00,1.0
2011-04-22 03:28:42-04:00,1.0
2011-04-22 03:28:45-04:00,1.0
2011-04-22 03:28:48-04:00,1.0
2011-04-22 03:28:51-04:00,1.0
2011-04-22 03:28:54-04:00,1.0
2011-04-22 03:28:57-04:00,1.0
2011-04-22 03:29:00-04:00,1.0
2011-04-22 03:29:03-04:00,1.0
2011-04-22 03:29:06-04:00,1.0
2011-04-22 03:29:09-04:00,1.0
2011-04-22 03:29:12-04:00,1.0
2011-04-22 03:29:15-04:00,1.0
2011-04-22 03:29:18-04:00,0.75
2011-04-22 03:29:21-04:00,0.0
2011-04-22 03:29:24-04:00,1.0
2011-04-22 03:29:27-04:00,1.0
2011-04-22 03:29:30-04:00,1.0
2011-04-22 03:29:33-04:00,1.0
2011-04-22 03:29:36-04:00,1.0
2011-04-22 03:29:39-04:00,1.0
2011-04-22 03:29:42-04:00,1.0
2011-04-22 03:29:45-04:00,1.0
2011-04-22 03:29:48-04:00,1.0
2011-04-22 03:29:51-04:00,1.0
2011-04-22 03:29:54-04:00,1.0
2011-04-22 03:29:57-04:00,1.0
2011-04-22 03:30:00-04:00,1.0
2011-04-22 03:30:03-04:00,1.0
2011-04-22 03:30:06-04:00,1.0
2011-04-22 03:30:09-04:00,1.0
2011-04-22 03:30:12-04:00,1.0
2011-04-22 03:30:15-04:00,1.0
2011-04-22 03:30:18-04:00,1.0
2011-04-22 03:30:21-04:00,1.0
2011-04-22 03:30:24-04:00,1.0
2011-04-22 03:30:27-04:00,1.0
2011-04-22 03:30:30-04:00,1.0
2011-04-22 03:30:33-04:00,1.0
2011-04-22 03:30:36-04:00,1.0
2011-04-22 03:30:39-04:00,1.0
2011-04-22 03:30:42-04:00,1.0
2011-04-22 03:30:45-04:00,1.0
2011-04-22 03:30:48-04:00,1.0
2011-04-22 03:30:51-04:00,1.0
2011-04-22 03:30:54-04:00,1.0
2011-04-22 03:30:57-04:00,1.0
2011-04-22 03:31:00-04:00,1.0
2011-04-22 03:31:03-04:00,1.0
2011-04-22 03:31:06-04:00,1.0
2011-04-22 03:31:09-04:00,1.0
2011-04-22 03:31:12-04:00,1.0
2011-04-22 03:31:15-04:00,1.0
2011-04-22 03:31:18-04:00,1.0
2011-04-22 03:31:21-04:00,1.0
2011-04-22 03:31:24-04:00,1.0
2011-04-22 03:31:27-04:00,1.0
2011-04-22 03:31:30-04:00,1.0
2011-04-22 03:31:33-04:00,1.0
2011-04-22 03:31:36-04:00,1.0
2011-04-22 03:31:39-04:00,1.0
2011-04-22 03:31:42-04:00,1.0
2011-04-22 03:31:45-04:00,1.0
2011-04-22 03:31:48-04:00,1.0
2011-04-22 03:31:51-04:00,1.0
2011-04-22 03:31:54-04:00,1.0
2011-04-22 03:31:57-04:00,1.0
2011-04-22 03:32:00-04:00,1.0
2011-04-22 03:32:03-04:00,1.0
2011-04-22 03:32:06-04:00,1.0
2011-04-22 03:32:09-04:00,1.0
2011-04-22 03:32:12-04:00,1.0
2011-04-22 03:32:15-04:00,1.0
2011-04-22 03:32:18-04:00,1.0
2011-04-22 03:32:21-04:00,1.0
2011-04-22 03:32:24-04:00,1.0
2011-04-22 03:32:27-04:00,1.0
2011-04-22 03:32:30-04:00,1.0
2011-04-22 03:32:33-04:00,1.0
2011-04-22 03:32:36-04:00,1.0
2011-04-22 03:32:39-04:00,1.0
2011-04-22 03:32:42-04:00,1.0
2011-04-22 03:32:45-04:00,1.0
2011-04-22 03:32:48-04:00,1.0
2011-04-22 03:32:51-04:00,1.0
2011-04-22 03:32:54-04:00,1.0
2011-04-22 03:32:57-04:00,1.0
2011-04-22 03:33:00-04:00,1.0
2011-04-22 03:33:03-04:00,1.0
2011-04-22 03:33:06-04:00,1.0
2011-04-22 03:33:09-04:00,1.0
2011-04-22 03:33:12-04:00,1.0
2011-04-22 03:33:15-04:00,1.0
2011-04-22 03:33:18-04:00,1.0
2011-04-22 03:33:21-04:00,1.0
2011-04-22 03:33:24-04:00,1.0
2011-04-22 03:33:27-04:00,1.0
2011-04-22 03:33:30-04:00,1.0
2011-04-22 03:33:33-04:00,1.0
2011-04-22 03:33:36-04:00,1.0
2011-04-22 03:33:39-04:00,1.0
2011-04-22 03:33:42-04:00,1.0
2011-04-22 03:33:45-04:00,1.0
2011-04-22 03:33:48-04:00,1.0
2011-04-22 03:33:51-04:00,1.0
2011-04-22 03:33:54-04:00,1.0
2011-04-22 03:33:57-04:00,1.0
2011-04-22 03:34:00-04:00,1.0
2011-04-22 03:34:03-04:00,1.0
2011-04-22 03:34:06-04:00,1.0
2011-04-22 03:34:09-04:00,1.0
2011-04-22 03:34:12-04:00,1.0
2011-04-22 03:34:15-04:00,1.0
2011-04-22 03:34:18-04:00,1.0
2011-04-22 03:34:21-04:00,1.0
2011-04-22 03:34:24-04:00,1.0
2011-04-22 03:34:27-04:00,1.0
2011-04-22 03:34:30-04:00,1.0
2011-04-22 03:34:33-04:00,1.0
2011-04-22 03:34:36-04:00,1.0
2011-04-22 03:34:39-04:00,1.0
2011-04-22 03:34:42-04:00,1.0
2011-04-22 03:34:45-04:00,1.0
2011-04-22 03:34:48-04:00,1.0
2011-04-22 03:34:51-04:00,1.0
2011-04-22 03:34:54-04:00,1.0
2011-04-22 03:34:57-04:00,1.0
2011-04-22 03:35:00-04:00,1.0
2011-04-22 03:35:03-04:00,1.0
2011-04-22 03:35:06-04:00,1.0
2011-04-22 03:35:09-04:00,1.0
2011-04-22 03:35:12-04:00,1.0
2011-04-22 03:35:15-04:00,1.0
2011-04-22 03:35:18-04:00,1.0
2011-04-22 03:35:21-04:00,1.0
2011-04-22 03:35:24-04:00,1.0
2011-04-22 03:35:27-04:00,1.0
2011-04-22 03:35:30-04:00,1.0
2011-04-22 03:35:33-04:00,1.0
2011-04-22 03:35:36-04:00,1.0
2011-04-22 03:35:39-04:00,1.0
2011-04-22 03:35:42-04:00,1.0
2011-04-22 03:35:45-04:00,1.0
2011-04-22 03:35:48-04:00,1.0
2011-04-22 03:35:51-04:00,1.0
2011-04-22 03:35:54-04:00,0.6666666666666667
2011-04-22 03:35:57-04:00,0.25
2011-04-22 03:36:00-04:00,1.0
2011-04-22 03:36:03-04:00,1.0
2011-04-22 03:36:06-04:00,1.0
2011-04-22 03:36:09-04:00,1.0
2011-04-22 03:36:12-04:00,1.0
2011-04-22 03:36:15-04:00,1.0
2011-04-22 03:36:18-04:00,1.0
2011-04-22 03:36:21-04:00,1.0
2011-04-22 03:36:24-04:00,1.0
2011-04-22 03:36:27-04:00,1.0
2011-04-22 03:36:30-04:00,1.0
2011-04-22 03:36:33-04:00,1.0
2011-04-22 03:36:36-04:00,1.0
2011-04-22 03:36:39-04:00,1.0
2011-04-22 03:36:42-04:00,1.0
2011-04-22 03:36:45-04:00,1.0
2011-04-22 03:36:48-04:00,1.0
2011-04-22 03:36:51-04:00,1.0
2011-04-22 03:36:54-04:00,1.0
2011-04-22 03:36:57-04:00,1.0
2011-04-22 03:37:00-04:00,1.0
2011-04-22 03:37:03-04:00,1.0
2011-04-22 03:37:06-04:00,1.0
2011-04-22 03:37:09-04:00,1.0
2011-04-22 03:37:12-04:00,1.0
2011-04-22 03:37:15-04:00,1.0
2011-04-22 03:37:18-04:00,1.0
2011-04-22 03:37:21-04:00,1.0
2011-04-22 03:37:24-04:00,1.0
2011-04-22 03:37:27-04:00,1.0
2011-04-22 03:37:30-04:00,1.0
2011-04-22 03:37:33-04:00,1.0
2011-04-22 03:37:36-04:00,1.0
2011-04-22 03:37:39-04:00,1.0
2011-04-22 03:37:42-04:00,1.0
2011-04-22 03:37:45-04:00,1.0
2011-04-22 03:37:48-04:00,1.0
2011-04-22 03:37:51-04:00,1.0
2011-04-22 03:37:54-04:00,1.0
2011-04-22 03:37:57-04:00,1.0
2011-04-22 03:38:00-04:00,1.0
2011-04-22 03:38:03-04:00,1.0
2011-04-22 03:38:06-04:00,1.0
2011-04-22 03:38:09-04:00,1.0
2011-04-22 03:38:12-04:00,1.0
2011-04-22 03:38:15-04:00,1.0
2011-04-22 03:38:18-04:00,1.0
2011-04-22 03:38:21-04:00,1.0
2011-04-22 03:38:24-04:00,1.0
2011-04-22 03:38:27-04:00,1.0
2011-04-22 03:38:30-04:00,1.0
2011-04-22 03:38:33-04:00,1.0
2011-04-22 03:38:36-04:00,1.0
2011-04-22 03:38:39-04:00,1.0
2011-04-22 03:38:42-04:00,1.0
2011-04-22 03:38:45-04:00,1.0
2011-04-22 03:38:48-04:00,1.0
2011-04-22 03:38:51-04:00,1.0
2011-04-22 03:38:54-04:00,1.0
2011-04-22 03:38:57-04:00,1.0
2011-04-22 03:39:00-04:00,1.0
2011-04-22 03:39:03-04:00,1.0
2011-04-22 03:39:06-04:00,1.0
2011-04-22 03:39:09-04:00,1.0
2011-04-22 03:39:12-04:00,1.0
2011-04-22 03:39:15-04:00,1.0
2011-04-22 03:39:18-04:00,1.0
2011-04-22 03:39:21-04:00,1.0
2011-04-22 03:39:24-04:00,1.0
2011-04-22 03:39:27-04:00,1.0
2011-04-22 03:39:30-04:00,1.0
2011-04-22 03:39:33-04:00,1.0
2011-04-22 03:39:36-04:00,1.0
2011-04-22 03:39:39-04:00,1.0
2011-04-22 03:39:42-04:00,1.0
2011-04-22 03:39:45-04:00,1.0
2011-04-22 03:39:48-04:00,1.0
2011-04-22 03:39:51-04:00,1.0
2011-04-22 03:39:54-04:00,1.0
2011-04-22 03:39:57-04:00,1.0
2011-04-22 03:40:00-04:00,1.0
2011-04-22 03:40:03-04:00,1.0
2011-04-22 03:40:06-04:00,1.0
2011-04-22 03:40:09-04:00,1.0
2011-04-22 03:40:12-04:00,1.0
2011-04-22 03:40:15-04:00,1.0
2011-04-22 03:40:18-04:00,1.0
2011-04-22 03:40:21-04:00,1.0
2011-04-22 03:40:24-04:00,1.0
2011-04-22 03:40:27-04:00,1.0
2011-04-22 03:40:30-04:00,1.0
2011-04-22 03:40:33-04:00,1.0
2011-04-22 03:40:36-04:00,1.0
2011-04-22 03:40:39-04:00,1.0
2011-04-22 03:40:42-04:00,1.0
2011-04-22 03:40:45-04:00,1.0
2011-04-22 03:40:48-04:00,1.0
2011-04-22 03:40:51-04:00,1.0
2011-04-22 03:40:54-04:00,1.0
2011-04-22 03:40:57-04:00,1.0
2011-04-22 03:41:00-04:00,1.0
2011-04-22 03:41:03-04:00,1.0
2011-04-22 03:41:06-04:00,1.0
2011-04-22 03:41:09-04:00,1.0
2011-04-22 03:41:12-04:00,1.0
2011-04-22 03:41:15-04:00,1.0
2011-04-22 03:41:18-04:00,1.0
2011-04-22 03:41:21-04:00,1.0
2011-04-22 03:41:24-04:00,1.0
2011-04-22 03:41:27-04:00,1.0
2011-04-22 03:41:30-04:00,1.0
2011-04-22 03:41:33-04:00,1.0
2011-04-22 03:41:36-04:00,1.0
2011-04-22 03:41:39-04:00,1.0
2011-04-22 03:41:42-04:00,1.0
2011-04-22 03:41:45-04:00,1.0
2011-04-22 03:41:48-04:00,1.0
2011-04-22 03:41:51-04:00,1.0
2011-04-22 03:41:54-04:00,1.0
2011-04-22 03:41:57-04:00,1.0
2011-04-22 03:42:00-04:00,1.0
2011-04-22 03:42:03-04:00,1.0
2011-04-22 03:42:06-04:00,0.6666666666666667
2011-04-22 03:42:09-04:00,0.25
2011-04-22 03:42:12-04:00,1.0
2011-04-22 03:42:15-04:00,1.0
2011-04-22 03:42:18-04:00,1.0
2011-04-22 03:42:21-04:00,1.0
2011-04-22 03:42:24-04:00,1.0
2011-04-22 03:42:27-04:00,1.0
2011-04-22 03:42:30-04:00,1.0
2011-04-22 03:42:33-04:00,1.0
2011-04-22 03:42:36-04:00,1.0
2011-04-22 03:42:39-04:00,1.0
2011-04-22 03:42:42-04:00,1.0
2011-04-22 03:42:45-04:00,1.0
2011-04-22 03:42:48-04:00,1.0
2011-04-22 03:42:51-04:00,1.0
2011-04-22 03:42:54-04:00,1.0
2011-04-22 03:42:57-04:00,1.0
2011-04-22 03:43:00-04:00,1.0
2011-04-22 03:43:03-04:00,1.0
2011-04-22 03:43:06-04:00,1.0
2011-04-22 03:43:09-04:00,1.0
2011-04-22 03:43:12-04:00,1.0
2011-04-22 03:43:15-04:00,1.0
2011-04-22 03:43:18-04:00,1.0
2011-04-22 03:43:21-04:00,1.0
2011-04-22 03:43:24-04:00,1.0
2011-04-22 03:43:27-04:00,1.0
2011-04-22 03:43:30-04:00,1.0
2011-04-22 03:43:33-04:00,1.0
2011-04-22 03:43:36-04:00,1.0
2011-04-22 03:43:39-04:00,0.6666666666666667
2011-04-22 03:43:42-04:00,0.25
2011-04-22 03:43:45-04:00,1.0
2011-04-22 03:43:48-04:00,1.0
2011-04-22 03:43:51-04:00,1.0
2011-04-22 03:43:54-04:00,1.0
2011-04-22 03:43:57-04:00,1.0
2011-04-22 03:44:00-04:00,1.0
2011-04-22 03:44:03-04:00,1.0
2011-04-22 03:44:06-04:00,1.0
2011-04-22 03:44:09-04:00,1.0
2011-04-22 03:44:12-04:00,1.0
2011-04-22 03:44:15-04:00,1.0
2011-04-22 03:44:18-04:00,1.0
2011-04-22 03:44:21-04:00,1.0
2011-04-22 03:44:24-04:00,1.0
2011-04-22 03:44:27-04:00,1.0
2011-04-22 03:44:30-04:00,1.0
2011-04-22 03:44:33-04:00,1.0
2011-04-22 03:44:36-04:00,1.0
2011-04-22 03:44:39-04:00,1.0
2011-04-22 03:44:42-04:00,1.0
2011-04-22 03:44:45-04:00,1.0
2011-04-22 03:44:48-04:00,1.0
2011-04-22 03:44:51-04:00,1.0
2011-04-22 03:44:54-04:00,1.0
2011-04-22 03:44:57-04:00,1.0
2011-04-22 03:45:00-04:00,1.0
2011-04-22 03:45:03-04:00,1.0
2011-04-22 03:45:06-04:00,1.0
2011-04-22 03:45:09-04:00,0.0
2011-04-22 03:45:12-04:00,0.75
2011-04-22 03:45:15-04:00,1.0
2011-04-22 03:45:18-04:00,1.0
2011-04-22 03:45:21-04:00,1.0
2011-04-22 03:45:24-04:00,1.0
2011-04-22 03:45:27-04:00,1.0
2011-04-22 03:45:30-04:00,1.0
2011-04-22 03:45:33-04:00,1.0
2011-04-22 03:45:36-04:00,1.0
2011-04-22 03:45:39-04:00,1.0
2011-04-22 03:45:42-04:00,1.0
2011-04-22 03:45:45-04:00,1.0
2011-04-22 03:45:48-04:00,1.0
2011-04-22 03:45:51-04:00,1.0
2011-04-22 03:45:54-04:00,1.0
2011-04-22 03:45:57-04:00,1.0
2011-04-22 03:46:00-04:00,1.0
2011-04-22 03:46:03-04:00,1.0
2011-04-22 03:46:06-04:00,1.0
2011-04-22 03:46:09-04:00,1.0
2011-04-22 03:46:12-04:00,1.0
2011-04-22 03:46:15-04:00,1.0
2011-04-22 03:46:18-04:00,1.0
2011-04-22 03:46:21-04:00,1.0
2011-04-22 03:46:24-04:00,1.0
2011-04-22 03:46:27-04:00,1.0
2011-04-22 03:46:30-04:00,1.0
2011-04-22 03:46:33-04:00,1.0
2011-04-22 03:46:36-04:00,1.0
2011-04-22 03:46:39-04:00,1.0
2011-04-22 03:46:42-04:00,1.0
2011-04-22 03:46:45-04:00,1.0
2011-04-22 03:46:48-04:00,1.0
2011-04-22 03:46:51-04:00,1.0
2011-04-22 03:46:54-04:00,1.0
2011-04-22 03:46:57-04:00,1.0
2011-04-22 03:47:00-04:00,1.0
2011-04-22 03:47:03-04:00,1.0
2011-04-22 03:47:06-04:00,1.0
2011-04-22 03:47:09-04:00,0.75
2011-04-22 03:47:12-04:00,0.0
2011-04-22 03:47:15-04:00,0.0
2011-04-22 03:47:18-04:00,0.75
2011-04-22 03:47:21-04:00,0.33333333333333337
2011-04-22 03:47:24-04:00,0.5
2011-04-22 03:47:27-04:00,1.0
2011-04-22 03:47:30-04:00,1.0
2011-04-22 03:47:33-04:00,1.0
2011-04-22 03:47:36-04:00,1.0
2011-04-22 03:47:39-04:00,1.0
2011-04-22 03:47:42-04:00,1.0
2011-04-22 03:47:45-04:00,1.0
2011-04-22 03:47:48-04:00,1.0
2011-04-22 03:47:51-04:00,1.0
2011-04-22 03:47:54-04:00,1.0
2011-04-22 03:47:57-04:00,1.0
2011-04-22 03:48:00-04:00,1.0
2011-04-22 03:48:03-04:00,1.0
2011-04-22 03:48:06-04:00,1.0
2011-04-22 03:48:09-04:00,1.0
2011-04-22 03:48:12-04:00,1.0
2011-04-22 03:48:15-04:00,1.0
2011-04-22 03:48:18-04:00,1.0
2011-04-22 03:48:21-04:00,1.0
2011-04-22 03:48:24-04:00,1.0
2011-04-22 03:48:27-04:00,1.0
2011-04-22 03:48:30-04:00,1.0
2011-04-22 03:48:33-04:00,1.0
2011-04-22 03:48:36-04:00,1.0
2011-04-22 03:48:39-04:00,1.0
2011-04-22 03:48:42-04:00,1.0
2011-04-22 03:48:45-04:00,1.0
2011-04-22 03:48:48-04:00,1.0
2011-04-22 03:48:51-04:00,1.0
2011-04-22 03:48:54-04:00,1.0
2011-04-22 03:48:57-04:00,1.0
2011-04-22 03:49:00-04:00,1.0
2011-04-22 03:49:03-04:00,1.0
2011-04-22 03:49:06-04:00,1.0
2011-04-22 03:49:09-04:00,1.0
2011-04-22 03:49:12-04:00,1.0
2011-04-22 03:49:15-04:00,1.0
2011-04-22 03:49:18-04:00,1.0
2011-04-22 03:49:21-04:00,1.0
2011-04-22 03:49:24-04:00,1.0
2011-04-22 03:49:27-04:00,1.0
2011-04-22 03:49:30-04:00,1.0
2011-04-22 03:49:33-04:00,1.0
2011-04-22 03:49:36-04:00,1.0
2011-04-22 03:49:39-04:00,1.0
2011-04-22 03:49:42-04:00,1.0
2011-04-22 03:49:45-04:00,1.0
2011-04-22 03:49:48-04:00,1.0
2011-04-22 03:49:51-04:00,1.0
2011-04-22 03:49:54-04:00,1.0
2011-04-22 03:49:57-04:00,1.0
2011-04-22 03:50:00-04:00,1.0
2011-04-22 03:50:03-04:00,1.0
2011-04-22 03:50:06-04:00,1.0
2011-04-22 03:50:09-04:00,1.0
2011-04-22 03:50:12-04:00,1.0
2011-04-22 03:50:15-04:00,1.0
2011-04-22 03:50:18-04:00,1.0
2011-04-22 03:50:21-04:00,1.0
2011-04-22 03:50:24-04:00,1.0
2011-04-22 03:50:27-04:00,1.0
2011-04-22 03:50:30-04:00,1.0
2011-04-22 03:50:33-04:00,1.0
2011-04-22 03:50:36-04:00,1.0
2011-04-22 03:50:39-04:00,1.0
2011-04-22 03:50:42-04:00,1.0
2011-04-22 03:50:45-04:00,1.0
2011-04-22 03:50:48-04:00,1.0
2011-04-22 03:50:51-04:00,1.0
2011-04-22 03:50:54-04:00,1.0
2011-04-22 03:50:57-04:00,1.0
2011-04-22 03:51:00-04:00,1.0
2011-04-22 03:51:03-04:00,1.0
2011-04-22 03:51:06-04:00,1.0
2011-04-22 03:51:09-04:00,1.0
2011-04-22 03:51:12-04:00,1.0
2011-04-22 03:51:15-04:00,1.0
2011-04-22 03:51:18-04:00,1.0
2011-04-22 03:51:21-04:00,1.0
2011-04-22 03:51:24-04:00,1.0
2011-04-22 03:51:27-04:00,1.0
2011-04-22 03:51:30-04:00,1.0
2011-04-22 03:51:33-04:00,1.0
2011-04-22 03:51:36-04:00,1.0
2011-04-22 03:51:39-04:00,1.0
2011-04-22 03:51:42-04:00,1.0
2011-04-22 03:51:45-04:00,1.0
2011-04-22 03:51:48-04:00,1.0
2011-04-22 03:51:51-04:00,1.0
2011-04-22 03:51:54-04:00,1.0
2011-04-22 03:51:57-04:00,1.0
2011-04-22 03:52:00-04:00,1.0
2011-04-22 03:52:03-04:00,1.0
2011-04-22 03:52:06-04:00,1.0
2011-04-22 03:52:09-04:00,1.0
2011-04-22 03:52:12-04:00,1.0
2011-04-22 03:52:15-04:00,1.0
2011-04-22 03:52:18-04:00,1.0
2011-04-22 03:52:21-04:00,1.0
2011-04-22 03:52:24-04:00,1.0
2011-04-22 03:52:27-04:00,1.0
2011-04-22 03:52:30-04:00,1.0
2011-04-22 03:52:33-04:00,1.0
2011-04-22 03:52:36-04:00,1.0
2011-04-22 03:52:39-04:00,1.0
2011-04-22 03:52:42-04:00,0.6666666666666667
2011-04-22 03:52:45-04:00,0.25
2011-04-22 03:52:48-04:00,1.0
2011-04-22 03:52:51-04:00,1.0
2011-04-22 03:52:54-04:00,1.0
2011-04-22 03:52:57-04:00,1.0
2011-04-22 03:53:00-04:00,1.0
2011-04-22 03:53:03-04:00,1.0
2011-04-22 03:53:06-04:00,1.0
2011-04-22 03:53:09-04:00,1.0
2011-04-22 03:53:12-04:00,1.0
2011-04-22 03:53:15-04:00,1.0
2011-04-22 03:53:18-04:00,1.0
2011-04-22 03:53:21-04:00,1.0
2011-04-22 03:53:24-04:00,1.0
2011-04-22 03:53:27-04:00,1.0
2011-04-22 03:53:30-04:00,1.0
2011-04-22 03:53:33-04:00,1.0
2011-04-22 03:53:36-04:00,1.0
2011-04-22 03:53:39-04:00,1.0
2011-04-22 03:53:42-04:00,1.0
2011-04-22 03:53:45-04:00,1.0
2011-04-22 03:53:48-04:00,1.0
2011-04-22 03:53:51-04:00,1.0
2011-04-22 03:53:54-04:00,1.0
2011-04-22 03:53:57-04:00,1.0
2011-04-22 03:54:00-04:00,1.0
2011-04-22 03:54:03-04:00,1.0
2011-04-22 03:54:06-04:00,1.0
2011-04-22 03:54:09-04:00,1.0
2011-04-22 03:54:12-04:00,1.0
2011-04-22 03:54:15-04:00,1.0
2011-04-22 03:54:18-04:00,1.0
2011-04-22 03:54:21-04:00,1.0
2011-04-22 03:54:24-04:00,0.5
2011-04-22 03:54:27-04:00,0.125
2011-04-22 03:54:30-04:00,0.5
2011-04-22 03:54:33-04:00,0.875
2011-04-22 03:54:36-04:00,1.0
2011-04-22 03:54:39-04:00,1.0
2011-04-22 03:54:42-04:00,1.0
2011-04-22 03:54:45-04:00,1.0
2011-04-22 03:54:48-04:00,1.0
2011-04-22 03:54:51-04:00,1.0
2011-04-22 03:54:54-04:00,1.0
2011-04-22 03:54:57-04:00,1.0
2011-04-22 03:55:00-04:00,1.0
2011-04-22 03:55:03-04:00,1.0
2011-04-22 03:55:06-04:00,1.0
2011-04-22 03:55:09-04:00,1.0
2011-04-22 03:55:12-04:00,1.0
2011-04-22 03:55:15-04:00,0.25
2011-04-22 03:55:18-04:00,0.6666666666666666
2011-04-22 03:55:21-04:00,1.0
2011-04-22 03:55:24-04:00,1.0
2011-04-22 03:55:27-04:00,1.0
2011-04-22 03:55:30-04:00,1.0
2011-04-22 03:55:33-04:00,1.0
2011-04-22 03:55:36-04:00,1.0
2011-04-22 03:55:39-04:00,1.0
2011-04-22 03:55:42-04:00,1.0
2011-04-22 03:55:45-04:00,1.0
2011-04-22 03:55:48-04:00,1.0
2011-04-22 03:55:51-04:00,1.0
2011-04-22 03:55:54-04:00,1.0
2011-04-22 03:55:57-04:00,1.0
2011-04-22 03:56:00-04:00,1.0
2011-04-22 03:56:03-04:00,1.0
2011-04-22 03:56:06-04:00,1.0
2011-04-22 03:56:09-04:00,1.0
2011-04-22 03:56:12-04:00,1.0
2011-04-22 03:56:15-04:00,1.0
2011-04-22 03:56:18-04:00,1.0
2011-04-22 03:56:21-04:00,1.0
2011-04-22 03:56:24-04:00,1.0
2011-04-22 03:56:27-04:00,1.0
2011-04-22 03:56:30-04:00,1.0
2011-04-22 03:56:33-04:00,1.0
2011-04-22 03:56:36-04:00,1.0
2011-04-22 03:56:39-04:00,1.0
2011-04-22 03:56:42-04:00,1.0
2011-04-22 03:56:45-04:00,1.0
2011-04-22 03:56:48-04:00,1.0
2011-04-22 03:56:51-04:00,1.0
2011-04-22 03:56:54-04:00,1.0
2011-04-22 03:56:57-04:00,1.0
2011-04-22 03:57:00-04:00,1.0
2011-04-22 03:57:03-04:00,1.0
2011-04-22 03:57:06-04:00,1.0
2011-04-22 03:57:09-04:00,1.0
2011-04-22 03:57:12-04:00,1.0
2011-04-22 03:57:15-04:00,1.0
2011-04-22 03:57:18-04:00,1.0
2011-04-22 03:57:21-04:00,1.0
2011-04-22 03:57:24-04:00,1.0
2011-04-22 03:57:27-04:00,1.0
2011-04-22 03:57:30-04:00,1.0
2011-04-22 03:57:33-04:00,1.0
2011-04-22 03:57:36-04:00,1.0
2011-04-22 03:57:39-04:00,1.0
2011-04-22 03:57:42-04:00,1.0
2011-04-22 03:57:45-04:00,1.0
2011-04-22 03:57:48-04:00,1.0
2011-04-22 03:57:51-04:00,1.0
2011-04-22 03:57:54-04:00,1.0
2011-04-22 03:57:57-04:00,1.0
2011-04-22 03:58:00-04:00,1.0
2011-04-22 03:58:03-04:00,1.0
2011-04-22 03:58:06-04:00,1.0
2011-04-22 03:58:09-04:00,1.0
2011-04-22 03:58:12-04:00,1.0
2011-04-22 03:58:15-04:00,1.0
2011-04-22 03:58:18-04:00,1.0
2011-04-22 03:58:21-04:00,1.0
2011-04-22 03:58:24-04:00,1.0
2011-04-22 03:58:27-04:00,1.0
2011-04-22 03:58:30-04:00,1.0
2011-04-22 03:58:33-04:00,1.0
2011-04-22 03:58:36-04:00,1.0
2011-04-22 03:58:39-04:00,1.0
2011-04-22 03:58:42-04:00,1.0
2011-04-22 03:58:45-04:00,1.0
2011-04-22 03:58:48-04:00,1.0
2011-04-22 03:58:51-04:00,1.0
2011-04-22 03:58:54-04:00,1.0
2011-04-22 03:58:57-04:00,1.0
2011-04-22 03:59:00-04:00,1.0
2011-04-22 03:59:03-04:00,0.0
2011-04-22 03:59:06-04:00,0.75
2011-04-22 03:59:09-04:00,1.0
2011-04-22 03:59:12-04:00,1.0
2011-04-22 03:59:15-04:00,1.0
2011-04-22 03:59:18-04:00,1.0
2011-04-22 03:59:21-04:00,1.0
2011-04-22 03:59:24-04:00,1.0
2011-04-22 03:59:27-04:00,1.0
2011-04-22 03:59:30-04:00,1.0
2011-04-22 03:59:33-04:00,1.0
2011-04-22 03:59:36-04:00,1.0
2011-04-22 03:59:39-04:00,1.0
2011-04-22 03:59:42-04:00,1.0
2011-04-22 03:59:45-04:00,1.0
2011-04-22 03:59:48-04:00,1.0
2011-04-22 03:59:51-04:00,1.0
2011-04-22 03:59:54-04:00,1.0
2011-04-22 03:59:57-04:00,1.0
2011-04-22 04:00:00-04:00,1.0
2011-04-22 04:00:03-04:00,1.0
2011-04-22 04:00:06-04:00,1.0
2011-04-22 04:00:09-04:00,1.0
2011-04-22 04:00:12-04:00,1.0
2011-04-22 04:00:15-04:00,1.0
2011-04-22 04:00:18-04:00,1.0
2011-04-22 04:00:21-04:00,1.0
2011-04-22 04:00:24-04:00,1.0
2011-04-22 04:00:27-04:00,1.0
2011-04-22 04:00:30-04:00,1.0
2011-04-22 04:00:33-04:00,1.0
2011-04-22 04:00:36-04:00,1.0
2011-04-22 04:00:39-04:00,1.0
2011-04-22 04:00:42-04:00,1.0
2011-04-22 04:00:45-04:00,1.0
2011-04-22 04:00:48-04:00,1.0
2011-04-22 04:00:51-04:00,1.0
2011-04-22 04:00:54-04:00,1.0
2011-04-22 04:00:57-04:00,1.0
2011-04-22 04:01:00-04:00,1.0
2011-04-22 04:01:03-04:00,1.0
2011-04-22 04:01:06-04:00,1.0
2011-04-22 04:01:09-04:00,1.0
2011-04-22 04:01:12-04:00,1.0
2011-04-22 04:01:15-04:00,1.0
2011-04-22 04:01:18-04:00,1.0
2011-04-22 04:01:21-04:00,1.0
2011-04-22 04:01:24-04:00,1.0
2011-04-22 04:01:27-04:00,1.0
2011-04-22 04:01:30-04:00,1.0
2011-04-22 04:01:33-04:00,1.0
2011-04-22 04:01:36-04:00,1.0
2011-04-22 04:01:39-04:00,1.0
2011-04-22 04:01:42-04:00,1.0
2011-04-22 04:01:45-04:00,1.0
2011-04-22 04:01:48-04:00,1.0
2011-04-22 04:01:51-04:00,1.0
2011-04-22 04:01:54-04:00,1.0
2011-04-22 04:01:57-04:00,1.0
2011-04-22 04:02:00-04:00,1.0
2011-04-22 04:02:03-04:00,1.0
2011-04-22 04:02:06-04:00,1.0
2011-04-22 04:02:09-04:00,1.0
2011-04-22 04:02:12-04:00,1.0
2011-04-22 04:02:15-04:00,1.0
2011-04-22 04:02:18-04:00,1.0
2011-04-22 04:02:21-04:00,1.0
2011-04-22 04:02:24-04:00,1.0
2011-04-22 04:02:27-04:00,1.0
2011-04-22 04:02:30-04:00,1.0
2011-04-22 04:02:33-04:00,1.0
2011-04-22 04:02:36-04:00,1.0
2011-04-22 04:02:39-04:00,1.0
2011-04-22 04:02:42-04:00,1.0
2011-04-22 04:02:45-04:00,1.0
2011-04-22 04:02:48-04:00,1.0
2011-04-22 04:02:51-04:00,1.0
2011-04-22 04:02:54-04:00,1.0
2011-04-22 04:02:57-04:00,1.0
2011-04-22 04:03:00-04:00,1.0
2011-04-22 04:03:03-04:00,1.0
2011-04-22 04:03:06-04:00,1.0
2011-04-22 04:03:09-04:00,1.0
2011-04-22 04:03:12-04:00,1.0
2011-04-22 04:03:15-04:00,1.0
2011-04-22 04:03:18-04:00,1.0
2011-04-22 04:03:21-04:00,1.0
2011-04-22 04:03:24-04:00,1.0
2011-04-22 04:03:27-04:00,1.0
2011-04-22 04:03:30-04:00,1.0
2011-04-22 04:03:33-04:00,1.0
2011-04-22 04:03:36-04:00,1.0
2011-04-22 04:03:39-04:00,1.0
2011-04-22 04:03:42-04:00,1.0
2011-04-22 04:03:45-04:00,1.0
2011-04-22 04:03:48-04:00,1.0
2011-04-22 04:03:51-04:00,1.0
2011-04-22 04:03:54-04:00,1.0
2011-04-22 04:03:57-04:00,1.0
2011-04-22 04:04:00-04:00,1.0
2011-04-22 04:04:03-04:00,1.0
2011-04-22 04:04:06-04:00,1.0
2011-04-22 04:04:09-04:00,1.0
2011-04-22 04:04:12-04:00,1.0
2011-04-22 04:04:15-04:00,1.0
2011-04-22 04:04:18-04:00,1.0
2011-04-22 04:04:21-04:00,1.0
2011-04-22 04:04:24-04:00,1.0
2011-04-22 04:04:27-04:00,1.0
2011-04-22 04:04:30-04:00,1.0
2011-04-22 04:04:33-04:00,1.0
2011-04-22 04:04:36-04:00,1.0
2011-04-22 04:04:39-04:00,0.33333333333333337
2011-04-22 04:04:42-04:00,0.5
2011-04-22 04:04:45-04:00,1.0
2011-04-22 04:04:48-04:00,1.0
2011-04-22 04:04:51-04:00,1.0
2011-04-22 04:04:54-04:00,1.0
2011-04-22 04:04:57-04:00,1.0
2011-04-22 04:05:00-04:00,1.0
2011-04-22 04:05:03-04:00,1.0
2011-04-22 04:05:06-04:00,1.0
2011-04-22 04:05:09-04:00,1.0
2011-04-22 04:05:12-04:00,1.0
2011-04-22 04:05:15-04:00,1.0
2011-04-22 04:05:18-04:00,1.0
2011-04-22 04:05:21-04:00,1.0
2011-04-22 04:05:24-04:00,1.0
2011-04-22 04:05:27-04:00,1.0
2011-04-22 04:05:30-04:00,1.0
2011-04-22 04:05:33-04:00,1.0
2011-04-22 04:05:36-04:00,1.0
2011-04-22 04:05:39-04:00,1.0
2011-04-22 04:05:42-04:00,1.0
2011-04-22 04:05:45-04:00,1.0
2011-04-22 04:05:48-04:00,1.0
2011-04-22 04:05:51-04:00,1.0
2011-04-22 04:05:54-04:00,1.0
2011-04-22 04:05:57-04:00,1.0
2011-04-22 04:06:00-04:00,1.0
2011-04-22 04:06:03-04:00,1.0
2011-04-22 04:06:06-04:00,1.0
2011-04-22 04:06:09-04:00,1.0
2011-04-22 04:06:12-04:00,1.0
2011-04-22 04:06:15-04:00,1.0
2011-04-22 04:06:18-04:00,1.0
2011-04-22 04:06:21-04:00,1.0
2011-04-22 04:06:24-04:00,1.0
2011-04-22 04:06:27-04:00,1.0
2011-04-22 04:06:30-04:00,1.0
2011-04-22 04:06:33-04:00,1.0
2011-04-22 04:06:36-04:00,1.0
2011-04-22 04:06:39-04:00,1.0
2011-04-22 04:06:42-04:00,1.0
2011-04-22 04:06:45-04:00,1.0
2011-04-22 04:06:48-04:00,1.0
2011-04-22 04:06:51-04:00,1.0
2011-04-22 04:06:54-04:00,1.0
2011-04-22 04:06:57-04:00,1.0
2011-04-22 04:07:00-04:00,1.0
2011-04-22 04:07:03-04:00,1.0
2011-04-22 04:07:06-04:00,1.0
2011-04-22 04:07:09-04:00,1.0
2011-04-22 04:07:12-04:00,1.0
2011-04-22 04:07:15-04:00,1.0
2011-04-22 04:07:18-04:00,1.0
2011-04-22 04:07:21-04:00,1.0
2011-04-22 04:07:24-04:00,1.0
2011-04-22 04:07:27-04:00,1.0
2011-04-22 04:07:30-04:00,1.0
2011-04-22 04:07:33-04:00,1.0
2011-04-22 04:07:36-04:00,1.0
2011-04-22 04:07:39-04:00,1.0
2011-04-22 04:07:42-04:00,1.0
2011-04-22 04:07:45-04:00,1.0
2011-04-22 04:07:48-04:00,1.0
2011-04-22 04:07:51-04:00,1.0
2011-04-22 04:07:54-04:00,1.0
2011-04-22 04:07:57-04:00,1.0
2011-04-22 04:08:00-04:00,1.0
2011-04-22 04:08:03-04:00,1.0
2011-04-22 04:08:06-04:00,1.0
2011-04-22 04:08:09-04:00,1.0
2011-04-22 04:08:12-04:00,1.0
2011-04-22 04:08:15-04:00,1.0
2011-04-22 04:08:18-04:00,1.0
2011-04-22 04:08:21-04:00,1.0
2011-04-22 04:08:24-04:00,1.0
2011-04-22 04:08:27-04:00,1.0
2011-04-22 04:08:30-04:00,1.0
2011-04-22 04:08:33-04:00,1.0
2011-04-22 04:08:36-04:00,1.0
2011-04-22 04:08:39-04:00,1.0
2011-04-22 04:08:42-04:00,1.0
2011-04-22 04:08:45-04:00,1.0
2011-04-22 04:08:48-04:00,1.0
2011-04-22 04:08:51-04:00,1.0
2011-04-22 04:08:54-04:00,1.0
2011-04-22 04:08:57-04:00,1.0
2011-04-22 04:09:00-04:00,1.0
2011-04-22 04:09:03-04:00,1.0
2011-04-22 04:09:06-04:00,1.0
2011-04-22 04:09:09-04:00,1.0
2011-04-22 04:09:12-04:00,1.0
2011-04-22 04:09:15-04:00,1.0
2011-04-22 04:09:18-04:00,1.0
2011-04-22 04:09:21-04:00,1.0
2011-04-22 04:09:24-04:00,1.0
2011-04-22 04:09:27-04:00,1.0
2011-04-22 04:09:30-04:00,1.0
2011-04-22 04:09:33-04:00,1.0
2011-04-22 04:09:36-04:00,1.0
2011-04-22 04:09:39-04:00,1.0
2011-04-22 04:09:42-04:00,1.0
2011-04-22 04:09:45-04:00,1.0
2011-04-22 04:09:48-04:00,1.0
2011-04-22 04:09:51-04:00,1.0
2011-04-22 04:09:54-04:00,1.0
2011-04-22 04:09:57-04:00,1.0
2011-04-22 04:10:00-04:00,1.0
2011-04-22 04:10:03-04:00,1.0
2011-04-22 04:10:06-04:00,1.0
2011-04-22 04:10:09-04:00,1.0
2011-04-22 04:10:12-04:00,1.0
2011-04-22 04:10:15-04:00,1.0
2011-04-22 04:10:18-04:00,1.0
2011-04-22 04:10:21-04:00,1.0
2011-04-22 04:10:24-04:00,1.0
2011-04-22 04:10:27-04:00,1.0
2011-04-22 04:10:30-04:00,1.0
2011-04-22 04:10:33-04:00,1.0
2011-04-22 04:10:36-04:00,1.0
2011-04-22 04:10:39-04:00,1.0
2011-04-22 04:10:42-04:00,1.0
2011-04-22 04:10:45-04:00,1.0
2011-04-22 04:10:48-04:00,1.0
2011-04-22 04:10:51-04:00,1.0
2011-04-22 04:10:54-04:00,1.0
2011-04-22 04:10:57-04:00,1.0
2011-04-22 04:11:00-04:00,1.0
2011-04-22 04:11:03-04:00,1.0
2011-04-22 04:11:06-04:00,1.0
2011-04-22 04:11:09-04:00,1.0
2011-04-22 04:11:12-04:00,1.0
2011-04-22 04:11:15-04:00,1.0
2011-04-22 04:11:18-04:00,1.0
2011-04-22 04:11:21-04:00,1.0
2011-04-22 04:11:24-04:00,1.0
2011-04-22 04:11:27-04:00,1.0
2011-04-22 04:11:30-04:00,1.0
2011-04-22 04:11:33-04:00,1.0
2011-04-22 04:11:36-04:00,1.0
2011-04-22 04:11:39-04:00,1.0
2011-04-22 04:11:42-04:00,1.0
2011-04-22 04:11:45-04:00,1.0
2011-04-22 04:11:48-04:00,1.0
2011-04-22 04:11:51-04:00,1.0
2011-04-22 04:11:54-04:00,1.0
2011-04-22 04:11:57-04:00,1.0
2011-04-22 04:12:00-04:00,1.0
2011-04-22 04:12:03-04:00,1.0
2011-04-22 04:12:06-04:00,1.0
2011-04-22 04:12:09-04:00,1.0
2011-04-22 04:12:12-04:00,1.0
2011-04-22 04:12:15-04:00,0.6666666666666667
2011-04-22 04:12:18-04:00,0.3333333333333333
2011-04-22 04:12:21-04:00,0.75
2011-04-22 04:12:24-04:00,0.0
2011-04-22 04:12:27-04:00,1.0
2011-04-22 04:12:30-04:00,1.0
2011-04-22 04:12:33-04:00,1.0
2011-04-22 04:12:36-04:00,1.0
2011-04-22 04:12:39-04:00,1.0
2011-04-22 04:12:42-04:00,1.0
2011-04-22 04:12:45-04:00,1.0
2011-04-22 04:12:48-04:00,1.0
2011-04-22 04:12:51-04:00,1.0
2011-04-22 04:12:54-04:00,1.0
2011-04-22 04:12:57-04:00,1.0
2011-04-22 04:13:00-04:00,1.0
2011-04-22 04:13:03-04:00,1.0
2011-04-22 04:13:06-04:00,1.0
2011-04-22 04:13:09-04:00,1.0
2011-04-22 04:13:12-04:00,1.0
2011-04-22 04:13:15-04:00,1.0
2011-04-22 04:13:18-04:00,1.0
2011-04-22 04:13:21-04:00,1.0
2011-04-22 04:13:24-04:00,1.0
2011-04-22 04:13:27-04:00,1.0
2011-04-22 04:13:30-04:00,1.0
2011-04-22 04:13:33-04:00,1.0
2011-04-22 04:13:36-04:00,1.0
2011-04-22 04:13:39-04:00,1.0
2011-04-22 04:13:42-04:00,1.0
2011-04-22 04:13:45-04:00,1.0
2011-04-22 04:13:48-04:00,1.0
2011-04-22 04:13:51-04:00,1.0
2011-04-22 04:13:54-04:00,1.0
2011-04-22 04:13:57-04:00,1.0
2011-04-22 04:14:00-04:00,1.0
2011-04-22 04:14:03-04:00,1.0
2011-04-22 04:14:06-04:00,1.0
2011-04-22 04:14:09-04:00,1.0
2011-04-22 04:14:12-04:00,1.0
2011-04-22 04:14:15-04:00,1.0
2011-04-22 04:14:18-04:00,1.0
2011-04-22 04:14:21-04:00,1.0
2011-04-22 04:14:24-04:00,1.0
2011-04-22 04:14:27-04:00,1.0
2011-04-22 04:14:30-04:00,1.0
2011-04-22 04:14:33-04:00,1.0
2011-04-22 04:14:36-04:00,1.0
2011-04-22 04:14:39-04:00,0.25
2011-04-22 04:14:42-04:00,0.6666666666666666
2011-04-22 04:14:45-04:00,1.0
2011-04-22 04:14:48-04:00,1.0
2011-04-22 04:14:51-04:00,1.0
2011-04-22 04:14:54-04:00,1.0
2011-04-22 04:14:57-04:00,1.0
2011-04-22 04:15:00-04:00,1.0
2011-04-22 04:15:03-04:00,1.0
2011-04-22 04:15:06-04:00,1.0
2011-04-22 04:15:09-04:00,1.0
2011-04-22 04:15:12-04:00,1.0
2011-04-22 04:15:15-04:00,1.0
2011-04-22 04:15:18-04:00,1.0
2011-04-22 04:15:21-04:00,1.0
2011-04-22 04:15:24-04:00,1.0
2011-04-22 04:15:27-04:00,1.0
2011-04-22 04:15:30-04:00,1.0
2011-04-22 04:15:33-04:00,1.0
2011-04-22 04:15:36-04:00,1.0
2011-04-22 04:15:39-04:00,1.0
2011-04-22 04:15:42-04:00,1.0
2011-04-22 04:15:45-04:00,1.0
2011-04-22 04:15:48-04:00,1.0
2011-04-22 04:15:51-04:00,1.0
2011-04-22 04:15:54-04:00,1.0
2011-04-22 04:15:57-04:00,1.0
2011-04-22 04:16:00-04:00,1.0
2011-04-22 04:16:03-04:00,1.0
2011-04-22 04:16:06-04:00,1.0
2011-04-22 04:16:09-04:00,1.0
2011-04-22 04:16:12-04:00,1.0
2011-04-22 04:16:15-04:00,1.0
2011-04-22 04:16:18-04:00,1.0
2011-04-22 04:16:21-04:00,1.0
2011-04-22 04:16:24-04:00,1.0
2011-04-22 04:16:27-04:00,1.0
2011-04-22 04:16:30-04:00,1.0
2011-04-22 04:16:33-04:00,1.0
2011-04-22 04:16:36-04:00,1.0
2011-04-22 04:16:39-04:00,1.0
2011-04-22 04:16:42-04:00,1.0
2011-04-22 04:16:45-04:00,1.0
2011-04-22 04:16:48-04:00,1.0
2011-04-22 04:16:51-04:00,1.0
2011-04-22 04:16:54-04:00,1.0
2011-04-22 04:16:57-04:00,1.0
2011-04-22 04:17:00-04:00,1.0
2011-04-22 04:17:03-04:00,1.0
2011-04-22 04:17:06-04:00,1.0
2011-04-22 04:17:09-04:00,1.0
2011-04-22 04:17:12-04:00,1.0
2011-04-22 04:17:15-04:00,1.0
2011-04-22 04:17:18-04:00,1.0
2011-04-22 04:17:21-04:00,1.0
2011-04-22 04:17:24-04:00,1.0
2011-04-22 04:17:27-04:00,1.0
2011-04-22 04:17:30-04:00,1.0
2011-04-22 04:17:33-04:00,1.0
2011-04-22 04:17:36-04:00,1.0
2011-04-22 04:17:39-04:00,1.0
2011-04-22 04:17:42-04:00,1.0
2011-04-22 04:17:45-04:00,1.0
2011-04-22 04:17:48-04:00,1.0
2011-04-22 04:17:51-04:00,1.0
2011-04-22 04:17:54-04:00,1.0
2011-04-22 04:17:57-04:00,1.0
2011-04-22 04:18:00-04:00,1.0
2011-04-22 04:18:03-04:00,1.0
2011-04-22 04:18:06-04:00,1.0
2011-04-22 04:18:09-04:00,1.0
2011-04-22 04:18:12-04:00,1.0
2011-04-22 04:18:15-04:00,1.0
2011-04-22 04:18:18-04:00,1.0
2011-04-22 04:18:21-04:00,1.0
2011-04-22 04:18:24-04:00,1.0
2011-04-22 04:18:27-04:00,1.0
2011-04-22 04:18:30-04:00,1.0
2011-04-22 04:18:33-04:00,1.0
2011-04-22 04:18:36-04:00,1.0
2011-04-22 04:18:39-04:00,1.0
2011-04-22 04:18:42-04:00,1.0
2011-04-22 04:18:45-04:00,1.0
2011-04-22 04:18:48-04:00,1.0
2011-04-22 04:18:51-04:00,1.0
2011-04-22 04:18:54-04:00,1.0
2011-04-22 04:18:57-04:00,1.0
2011-04-22 04:19:00-04:00,1.0
2011-04-22 04:19:03-04:00,1.0
2011-04-22 04:19:06-04:00,1.0
2011-04-22 04:19:09-04:00,1.0
2011-04-22 04:19:12-04:00,1.0
2011-04-22 04:19:15-04:00,1.0
2011-04-22 04:19:18-04:00,1.0
2011-04-22 04:19:21-04:00,1.0
2011-04-22 04:19:24-04:00,1.0
2011-04-22 04:19:27-04:00,1.0
2011-04-22 04:19:30-04:00,1.0
2011-04-22 04:19:33-04:00,1.0
2011-04-22 04:19:36-04:00,1.0
2011-04-22 04:19:39-04:00,1.0
2011-04-22 04:19:42-04:00,1.0
2011-04-22 04:19:45-04:00,1.0
2011-04-22 04:19:48-04:00,1.0
2011-04-22 04:19:51-04:00,1.0
2011-04-22 04:19:54-04:00,1.0
2011-04-22 04:19:57-04:00,0.6666666666666667
2011-04-22 04:20:00-04:00,0.0
2011-04-22 04:20:03-04:00,0.0
2011-04-22 04:20:06-04:00,1.0
2011-04-22 04:20:09-04:00,1.0
2011-04-22 04:20:12-04:00,1.0
2011-04-22 04:20:15-04:00,1.0
2011-04-22 04:20:18-04:00,1.0
2011-04-22 04:20:21-04:00,1.0
2011-04-22 04:20:24-04:00,1.0
2011-04-22 04:20:27-04:00,1.0
2011-04-22 04:20:30-04:00,1.0
2011-04-22 04:20:33-04:00,1.0
2011-04-22 04:20:36-04:00,1.0
2011-04-22 04:20:39-04:00,1.0
2011-04-22 04:20:42-04:00,1.0
2011-04-22 04:20:45-04:00,0.25
2011-04-22 04:20:48-04:00,0.6666666666666666
2011-04-22 04:20:51-04:00,1.0
2011-04-22 04:20:54-04:00,1.0
2011-04-22 04:20:57-04:00,1.0
2011-04-22 04:21:00-04:00,1.0
2011-04-22 04:21:03-04:00,1.0
2011-04-22 04:21:06-04:00,1.0
2011-04-22 04:21:09-04:00,1.0
2011-04-22 04:21:12-04:00,1.0
2011-04-22 04:21:15-04:00,1.0
2011-04-22 04:21:18-04:00,1.0
2011-04-22 04:21:21-04:00,1.0
2011-04-22 04:21:24-04:00,1.0
2011-04-22 04:21:27-04:00,1.0
2011-04-22 04:21:30-04:00,1.0
2011-04-22 04:21:33-04:00,1.0
2011-04-22 04:21:36-04:00,1.0
2011-04-22 04:21:39-04:00,1.0
2011-04-22 04:21:42-04:00,1.0
2011-04-22 04:21:45-04:00,1.0
2011-04-22 04:21:48-04:00,1.0
2011-04-22 04:21:51-04:00,1.0
2011-04-22 04:21:54-04:00,1.0
2011-04-22 04:21:57-04:00,1.0
2011-04-22 04:22:00-04:00,1.0
2011-04-22 04:22:03-04:00,1.0
2011-04-22 04:22:06-04:00,1.0
2011-04-22 04:22:09-04:00,1.0
2011-04-22 04:22:12-04:00,1.0
2011-04-22 04:22:15-04:00,1.0
2011-04-22 04:22:18-04:00,1.0
2011-04-22 04:22:21-04:00,1.0
2011-04-22 04:22:24-04:00,1.0
2011-04-22 04:22:27-04:00,1.0
2011-04-22 04:22:30-04:00,1.0
2011-04-22 04:22:33-04:00,1.0
2011-04-22 04:22:36-04:00,1.0
2011-04-22 04:22:39-04:00,1.0
2011-04-22 04:22:42-04:00,1.0
2011-04-22 04:22:45-04:00,1.0
2011-04-22 04:22:48-04:00,1.0
2011-04-22 04:22:51-04:00,1.0
2011-04-22 04:22:54-04:00,1.0
2011-04-22 04:22:57-04:00,1.0
2011-04-22 04:23:00-04:00,1.0
2011-04-22 04:23:03-04:00,1.0
2011-04-22 04:23:06-04:00,1.0
2011-04-22 04:23:09-04:00,1.0
2011-04-22 04:23:12-04:00,1.0
2011-04-22 04:23:15-04:00,1.0
2011-04-22 04:23:18-04:00,1.0
2011-04-22 04:23:21-04:00,1.0
2011-04-22 04:23:24-04:00,1.0
2011-04-22 04:23:27-04:00,1.0
2011-04-22 04:23:30-04:00,1.0
2011-04-22 04:23:33-04:00,1.0
2011-04-22 04:23:36-04:00,1.0
2011-04-22 04:23:39-04:00,1.0
2011-04-22 04:23:42-04:00,1.0
2011-04-22 04:23:45-04:00,1.0
2011-04-22 04:23:48-04:00,1.0
2011-04-22 04:23:51-04:00,1.0
2011-04-22 04:23:54-04:00,1.0
2011-04-22 04:23:57-04:00,1.0
2011-04-22 04:24:00-04:00,1.0
2011-04-22 04:24:03-04:00,1.0
2011-04-22 04:24:06-04:00,1.0
2011-04-22 04:24:09-04:00,1.0
2011-04-22 04:24:12-04:00,1.0
2011-04-22 04:24:15-04:00,1.0
2011-04-22 04:24:18-04:00,1.0
2011-04-22 04:24:21-04:00,1.0
2011-04-22 04:24:24-04:00,1.0
2011-04-22 04:24:27-04:00,1.0
2011-04-22 04:24:30-04:00,1.0
2011-04-22 04:24:33-04:00,1.0
2011-04-22 04:24:36-04:00,1.0
2011-04-22 04:24:39-04:00,1.0
2011-04-22 04:24:42-04:00,1.0
2011-04-22 04:24:45-04:00,1.0
2011-04-22 04:24:48-04:00,1.0
2011-04-22 04:24:51-04:00,1.0
2011-04-22 04:24:54-04:00,1.0
2011-04-22 04:24:57-04:00,1.0
2011-04-22 04:25:00-04:00,1.0
2011-04-22 04:25:03-04:00,1.0
2011-04-22 04:25:06-04:00,1.0
2011-04-22 04:25:09-04:00,1.0
2011-04-22 04:25:12-04:00,1.0
2011-04-22 04:25:15-04:00,1.0
2011-04-22 04:25:18-04:00,1.0
2011-04-22 04:25:21-04:00,1.0
2011-04-22 04:25:24-04:00,1.0
2011-04-22 04:25:27-04:00,1.0
2011-04-22 04:25:30-04:00,1.0
2011-04-22 04:25:33-04:00,1.0
2011-04-22 04:25:36-04:00,1.0
2011-04-22 04:25:39-04:00,1.0
2011-04-22 04:25:42-04:00,1.0
2011-04-22 04:25:45-04:00,1.0
2011-04-22 04:25:48-04:00,1.0
2011-04-22 04:25:51-04:00,1.0
2011-04-22 04:25:54-04:00,1.0
2011-04-22 04:25:57-04:00,1.0
2011-04-22 04:26:00-04:00,1.0
2011-04-22 04:26:03-04:00,1.0
2011-04-22 04:26:06-04:00,1.0
2011-04-22 04:26:09-04:00,1.0
2011-04-22 04:26:12-04:00,1.0
2011-04-22 04:26:15-04:00,1.0
2011-04-22 04:26:18-04:00,1.0
2011-04-22 04:26:21-04:00,1.0
2011-04-22 04:26:24-04:00,1.0
2011-04-22 04:26:27-04:00,1.0
2011-04-22 04:26:30-04:00,1.0
2011-04-22 04:26:33-04:00,1.0
2011-04-22 04:26:36-04:00,1.0
2011-04-22 04:26:39-04:00,1.0
2011-04-22 04:26:42-04:00,1.0
2011-04-22 04:26:45-04:00,1.0
2011-04-22 04:26:48-04:00,1.0
2011-04-22 04:26:51-04:00,1.0
2011-04-22 04:26:54-04:00,1.0
2011-04-22 04:26:57-04:00,1.0
2011-04-22 04:27:00-04:00,1.0
2011-04-22 04:27:03-04:00,1.0
2011-04-22 04:27:06-04:00,1.0
2011-04-22 04:27:09-04:00,0.0
2011-04-22 04:27:12-04:00,0.75
2011-04-22 04:27:15-04:00,1.0
2011-04-22 04:27:18-04:00,1.0
2011-04-22 04:27:21-04:00,1.0
2011-04-22 04:27:24-04:00,1.0
2011-04-22 04:27:27-04:00,1.0
2011-04-22 04:27:30-04:00,1.0
2011-04-22 04:27:33-04:00,1.0
2011-04-22 04:27:36-04:00,1.0
2011-04-22 04:27:39-04:00,1.0
2011-04-22 04:27:42-04:00,1.0
2011-04-22 04:27:45-04:00,1.0
2011-04-22 04:27:48-04:00,1.0
2011-04-22 04:27:51-04:00,1.0
2011-04-22 04:27:54-04:00,1.0
2011-04-22 04:27:57-04:00,1.0
2011-04-22 04:28:00-04:00,1.0
2011-04-22 04:28:03-04:00,1.0
2011-04-22 04:28:06-04:00,1.0
2011-04-22 04:28:09-04:00,1.0
2011-04-22 04:28:12-04:00,1.0
2011-04-22 04:28:15-04:00,1.0
2011-04-22 04:28:18-04:00,1.0
2011-04-22 04:28:21-04:00,1.0
2011-04-22 04:28:24-04:00,1.0
2011-04-22 04:28:27-04:00,1.0
2011-04-22 04:28:30-04:00,1.0
2011-04-22 04:28:33-04:00,1.0
2011-04-22 04:28:36-04:00,1.0
2011-04-22 04:28:39-04:00,1.0
2011-04-22 04:28:42-04:00,1.0
2011-04-22 04:28:45-04:00,1.0
2011-04-22 04:28:48-04:00,1.0
2011-04-22 04:28:51-04:00,1.0
2011-04-22 04:28:54-04:00,1.0
2011-04-22 04:28:57-04:00,1.0
2011-04-22 04:29:00-04:00,1.0
2011-04-22 04:29:03-04:00,1.0
2011-04-22 04:29:06-04:00,1.0
2011-04-22 04:29:09-04:00,0.5
2011-04-22 04:29:12-04:00,0.25
2011-04-22 04:29:15-04:00,1.0
2011-04-22 04:29:18-04:00,1.0
2011-04-22 04:29:21-04:00,1.0
2011-04-22 04:29:24-04:00,1.0
2011-04-22 04:29:27-04:00,1.0
2011-04-22 04:29:30-04:00,1.0
2011-04-22 04:29:33-04:00,1.0
2011-04-22 04:29:36-04:00,1.0
2011-04-22 04:29:39-04:00,1.0
2011-04-22 04:29:42-04:00,1.0
2011-04-22 04:29:45-04:00,1.0
2011-04-22 04:29:48-04:00,1.0
2011-04-22 04:29:51-04:00,1.0
2011-04-22 04:29:54-04:00,1.0
2011-04-22 04:29:57-04:00,0.5
2011-04-22 04:30:00-04:00,0.3333333333333333
2011-04-22 04:30:03-04:00,1.0
2011-04-22 04:30:06-04:00,1.0
2011-04-22 04:30:09-04:00,1.0
2011-04-22 04:30:12-04:00,1.0
2011-04-22 04:30:15-04:00,1.0
2011-04-22 04:30:18-04:00,1.0
2011-04-22 04:30:21-04:00,1.0
2011-04-22 04:30:24-04:00,1.0
2011-04-22 04:30:27-04:00,1.0
2011-04-22 04:30:30-04:00,1.0
2011-04-22 04:30:33-04:00,1.0
2011-04-22 04:30:36-04:00,0.75
2011-04-22 04:30:39-04:00,0.0
2011-04-22 04:30:42-04:00,1.0
2011-04-22 04:30:45-04:00,1.0
2011-04-22 04:30:48-04:00,1.0
2011-04-22 04:30:51-04:00,1.0
2011-04-22 04:30:54-04:00,1.0
2011-04-22 04:30:57-04:00,1.0
2011-04-22 04:31:00-04:00,1.0
2011-04-22 04:31:03-04:00,1.0
2011-04-22 04:31:06-04:00,1.0
2011-04-22 04:31:09-04:00,1.0
2011-04-22 04:31:12-04:00,1.0
2011-04-22 04:31:15-04:00,1.0
2011-04-22 04:31:18-04:00,0.6666666666666667
2011-04-22 04:31:21-04:00,0.25
2011-04-22 04:31:24-04:00,1.0
2011-04-22 04:31:27-04:00,1.0
2011-04-22 04:31:30-04:00,1.0
2011-04-22 04:31:33-04:00,1.0
2011-04-22 04:31:36-04:00,1.0
2011-04-22 04:31:39-04:00,1.0
2011-04-22 04:31:42-04:00,1.0
2011-04-22 04:31:45-04:00,1.0
2011-04-22 04:31:48-04:00,1.0
2011-04-22 04:31:51-04:00,1.0
2011-04-22 04:31:54-04:00,1.0
2011-04-22 04:31:57-04:00,1.0
2011-04-22 04:32:00-04:00,1.0
2011-04-22 04:32:03-04:00,1.0
2011-04-22 04:32:06-04:00,1.0
2011-04-22 04:32:09-04:00,1.0
2011-04-22 04:32:12-04:00,1.0
2011-04-22 04:32:15-04:00,1.0
2011-04-22 04:32:18-04:00,1.0
2011-04-22 04:32:21-04:00,1.0
2011-04-22 04:32:24-04:00,1.0
2011-04-22 04:32:27-04:00,1.0
2011-04-22 04:32:30-04:00,1.0
2011-04-22 04:32:33-04:00,1.0
2011-04-22 04:32:36-04:00,1.0
2011-04-22 04:32:39-04:00,1.0
2011-04-22 04:32:42-04:00,1.0
2011-04-22 04:32:45-04:00,1.0
2011-04-22 04:32:48-04:00,1.0
2011-04-22 04:32:51-04:00,1.0
2011-04-22 04:32:54-04:00,1.0
2011-04-22 04:32:57-04:00,1.0
2011-04-22 04:33:00-04:00,1.0
2011-04-22 04:33:03-04:00,1.0
2011-04-22 04:33:06-04:00,1.0
2011-04-22 04:33:09-04:00,1.0
2011-04-22 04:33:12-04:00,1.0
2011-04-22 04:33:15-04:00,1.0
2011-04-22 04:33:18-04:00,1.0
2011-04-22 04:33:21-04:00,1.0
2011-04-22 04:33:24-04:00,1.0
2011-04-22 04:33:27-04:00,1.0
2011-04-22 04:33:30-04:00,1.0
2011-04-22 04:33:33-04:00,1.0
2011-04-22 04:33:36-04:00,1.0
2011-04-22 04:33:39-04:00,1.0
2011-04-22 04:33:42-04:00,1.0
2011-04-22 04:33:45-04:00,1.0
2011-04-22 04:33:48-04:00,1.0
2011-04-22 04:33:51-04:00,1.0
2011-04-22 04:33:54-04:00,1.0
2011-04-22 04:33:57-04:00,1.0
2011-04-22 04:34:00-04:00,1.0
2011-04-22 04:34:03-04:00,1.0
2011-04-22 04:34:06-04:00,1.0
2011-04-22 04:34:09-04:00,1.0
2011-04-22 04:34:12-04:00,1.0
2011-04-22 04:34:15-04:00,1.0
2011-04-22 04:34:18-04:00,1.0
2011-04-22 04:34:21-04:00,1.0
2011-04-22 04:34:24-04:00,1.0
2011-04-22 04:34:27-04:00,1.0
2011-04-22 04:34:30-04:00,1.0
2011-04-22 04:34:33-04:00,1.0
2011-04-22 04:34:36-04:00,1.0
2011-04-22 04:34:39-04:00,1.0
2011-04-22 04:34:42-04:00,1.0
2011-04-22 04:34:45-04:00,1.0
2011-04-22 04:34:48-04:00,1.0
2011-04-22 04:34:51-04:00,1.0
2011-04-22 04:34:54-04:00,1.0
2011-04-22 04:34:57-04:00,1.0
2011-04-22 04:35:00-04:00,1.0
2011-04-22 04:35:03-04:00,1.0
2011-04-22 04:35:06-04:00,1.0
2011-04-22 04:35:09-04:00,1.0
2011-04-22 04:35:12-04:00,1.0
2011-04-22 04:35:15-04:00,1.0
2011-04-22 04:35:18-04:00,1.0
2011-04-22 04:35:21-04:00,1.0
2011-04-22 04:35:24-04:00,1.0
2011-04-22 04:35:27-04:00,0.0
2011-04-22 04:35:30-04:00,0.3333333333333333
2011-04-22 04:35:33-04:00,0.6666666666666666
2011-04-22 04:35:36-04:00,1.0
2011-04-22 04:35:39-04:00,1.0
2011-04-22 04:35:42-04:00,1.0
2011-04-22 04:35:45-04:00,1.0
2011-04-22 04:35:48-04:00,1.0
2011-04-22 04:35:51-04:00,1.0
2011-04-22 04:35:54-04:00,1.0
2011-04-22 04:35:57-04:00,1.0
2011-04-22 04:36:00-04:00,1.0
2011-04-22 04:36:03-04:00,1.0
2011-04-22 04:36:06-04:00,1.0
2011-04-22 04:36:09-04:00,1.0
2011-04-22 04:36:12-04:00,1.0
2011-04-22 04:36:15-04:00,1.0
2011-04-22 04:36:18-04:00,1.0
2011-04-22 04:36:21-04:00,1.0
2011-04-22 04:36:24-04:00,1.0
2011-04-22 04:36:27-04:00,1.0
2011-04-22 04:36:30-04:00,1.0
2011-04-22 04:36:33-04:00,1.0
2011-04-22 04:36:36-04:00,1.0
2011-04-22 04:36:39-04:00,1.0
2011-04-22 04:36:42-04:00,1.0
2011-04-22 04:36:45-04:00,1.0
2011-04-22 04:36:48-04:00,1.0
2011-04-22 04:36:51-04:00,1.0
2011-04-22 04:36:54-04:00,1.0
2011-04-22 04:36:57-04:00,0.75
2011-04-22 04:37:00-04:00,0.0
2011-04-22 04:37:03-04:00,1.0
2011-04-22 04:37:06-04:00,1.0
2011-04-22 04:37:09-04:00,1.0
2011-04-22 04:37:12-04:00,1.0
2011-04-22 04:37:15-04:00,1.0
2011-04-22 04:37:18-04:00,1.0
2011-04-22 04:37:21-04:00,1.0
2011-04-22 04:37:24-04:00,1.0
2011-04-22 04:37:27-04:00,1.0
2011-04-22 04:37:30-04:00,1.0
2011-04-22 04:37:33-04:00,1.0
2011-04-22 04:37:36-04:00,1.0
2011-04-22 04:37:39-04:00,1.0
2011-04-22 04:37:42-04:00,1.0
2011-04-22 04:37:45-04:00,1.0
2011-04-22 04:37:48-04:00,1.0
2011-04-22 04:37:51-04:00,1.0
2011-04-22 04:37:54-04:00,1.0
2011-04-22 04:37:57-04:00,1.0
2011-04-22 04:38:00-04:00,1.0
2011-04-22 04:38:03-04:00,1.0
2011-04-22 04:38:06-04:00,1.0
2011-04-22 04:38:09-04:00,1.0
2011-04-22 04:38:12-04:00,1.0
2011-04-22 04:38:15-04:00,1.0
2011-04-22 04:38:18-04:00,1.0
2011-04-22 04:38:21-04:00,1.0
2011-04-22 04:38:24-04:00,1.0
2011-04-22 04:38:27-04:00,1.0
2011-04-22 04:38:30-04:00,1.0
2011-04-22 04:38:33-04:00,1.0
2011-04-22 04:38:36-04:00,1.0
2011-04-22 04:38:39-04:00,1.0
2011-04-22 04:38:42-04:00,1.0
2011-04-22 04:38:45-04:00,1.0
2011-04-22 04:38:48-04:00,1.0
2011-04-22 04:38:51-04:00,1.0
2011-04-22 04:38:54-04:00,1.0
2011-04-22 04:38:57-04:00,1.0
2011-04-22 04:39:00-04:00,1.0
2011-04-22 04:39:03-04:00,1.0
2011-04-22 04:39:06-04:00,1.0
2011-04-22 04:39:09-04:00,1.0
2011-04-22 04:39:12-04:00,1.0
2011-04-22 04:39:15-04:00,1.0
2011-04-22 04:39:18-04:00,1.0
2011-04-22 04:39:21-04:00,1.0
2011-04-22 04:39:24-04:00,1.0
2011-04-22 04:39:27-04:00,1.0
2011-04-22 04:39:30-04:00,1.0
2011-04-22 04:39:33-04:00,1.0
2011-04-22 04:39:36-04:00,1.0
2011-04-22 04:39:39-04:00,1.0
2011-04-22 04:39:42-04:00,1.0
2011-04-22 04:39:45-04:00,1.0
2011-04-22 04:39:48-04:00,1.0
2011-04-22 04:39:51-04:00,1.0
2011-04-22 04:39:54-04:00,1.0
2011-04-22 04:39:57-04:00,1.0
2011-04-22 04:40:00-04:00,1.0
2011-04-22 04:40:03-04:00,1.0
2011-04-22 04:40:06-04:00,1.0
2011-04-22 04:40:09-04:00,1.0
2011-04-22 04:40:12-04:00,1.0
2011-04-22 04:40:15-04:00,1.0
2011-04-22 04:40:18-04:00,1.0
2011-04-22 04:40:21-04:00,1.0
2011-04-22 04:40:24-04:00,1.0
2011-04-22 04:40:27-04:00,1.0
2011-04-22 04:40:30-04:00,1.0
2011-04-22 04:40:33-04:00,1.0
2011-04-22 04:40:36-04:00,1.0
2011-04-22 04:40:39-04:00,1.0
2011-04-22 04:40:42-04:00,1.0
2011-04-22 04:40:45-04:00,1.0
2011-04-22 04:40:48-04:00,1.0
2011-04-22 04:40:51-04:00,1.0
2011-04-22 04:40:54-04:00,1.0
2011-04-22 04:40:57-04:00,1.0
2011-04-22 04:41:00-04:00,1.0
2011-04-22 04:41:03-04:00,1.0
2011-04-22 04:41:06-04:00,1.0
2011-04-22 04:41:09-04:00,1.0
2011-04-22 04:41:12-04:00,1.0
2011-04-22 04:41:15-04:00,1.0
2011-04-22 04:41:18-04:00,1.0
2011-04-22 04:41:21-04:00,1.0
2011-04-22 04:41:24-04:00,1.0
2011-04-22 04:41:27-04:00,1.0
2011-04-22 04:41:30-04:00,1.0
2011-04-22 04:41:33-04:00,1.0
2011-04-22 04:41:36-04:00,1.0
2011-04-22 04:41:39-04:00,1.0
2011-04-22 04:41:42-04:00,1.0
2011-04-22 04:41:45-04:00,1.0
2011-04-22 04:41:48-04:00,1.0
2011-04-22 04:41:51-04:00,1.0
2011-04-22 04:41:54-04:00,1.0
2011-04-22 04:41:57-04:00,1.0
2011-04-22 04:42:00-04:00,1.0
2011-04-22 04:42:03-04:00,1.0
2011-04-22 04:42:06-04:00,1.0
2011-04-22 04:42:09-04:00,1.0
2011-04-22 04:42:12-04:00,1.0
2011-04-22 04:42:15-04:00,1.0
2011-04-22 04:42:18-04:00,1.0
2011-04-22 04:42:21-04:00,1.0
2011-04-22 04:42:24-04:00,1.0
2011-04-22 04:42:27-04:00,1.0
2011-04-22 04:42:30-04:00,1.0
2011-04-22 04:42:33-04:00,1.0
2011-04-22 04:42:36-04:00,1.0
2011-04-22 04:42:39-04:00,1.0
2011-04-22 04:42:42-04:00,1.0
2011-04-22 04:42:45-04:00,1.0
2011-04-22 04:42:48-04:00,1.0
2011-04-22 04:42:51-04:00,1.0
2011-04-22 04:42:54-04:00,1.0
2011-04-22 04:42:57-04:00,1.0
2011-04-22 04:43:00-04:00,1.0
2011-04-22 04:43:03-04:00,1.0
2011-04-22 04:43:06-04:00,1.0
2011-04-22 04:43:09-04:00,1.0
2011-04-22 04:43:12-04:00,1.0
2011-04-22 04:43:15-04:00,1.0
2011-04-22 04:43:18-04:00,1.0
2011-04-22 04:43:21-04:00,1.0
2011-04-22 04:43:24-04:00,1.0
2011-04-22 04:43:27-04:00,1.0
2011-04-22 04:43:30-04:00,1.0
2011-04-22 04:43:33-04:00,1.0
2011-04-22 04:43:36-04:00,1.0
2011-04-22 04:43:39-04:00,1.0
2011-04-22 04:43:42-04:00,1.0
2011-04-22 04:43:45-04:00,1.0
2011-04-22 04:43:48-04:00,1.0
2011-04-22 04:43:51-04:00,1.0
2011-04-22 04:43:54-04:00,1.0
2011-04-22 04:43:57-04:00,1.0
2011-04-22 04:44:00-04:00,1.0
2011-04-22 04:44:03-04:00,1.0
2011-04-22 04:44:06-04:00,1.0
2011-04-22 04:44:09-04:00,1.0
2011-04-22 04:44:12-04:00,1.0
2011-04-22 04:44:15-04:00,1.0
2011-04-22 04:44:18-04:00,1.0
2011-04-22 04:44:21-04:00,1.0
2011-04-22 04:44:24-04:00,1.0
2011-04-22 04:44:27-04:00,1.0
2011-04-22 04:44:30-04:00,0.7777777777777778
2011-04-22 04:44:33-04:00,0.4444444444444444
2011-04-22 04:44:36-04:00,0.11111111111111116
2011-04-22 04:44:39-04:00,0.6666666666666666
2011-04-22 04:44:42-04:00,1.0
2011-04-22 04:44:45-04:00,1.0
2011-04-22 04:44:48-04:00,1.0
2011-04-22 04:44:51-04:00,1.0
2011-04-22 04:44:54-04:00,1.0
2011-04-22 04:44:57-04:00,1.0
2011-04-22 04:45:00-04:00,1.0
2011-04-22 04:45:03-04:00,1.0
2011-04-22 04:45:06-04:00,1.0
2011-04-22 04:45:09-04:00,1.0
2011-04-22 04:45:12-04:00,1.0
2011-04-22 04:45:15-04:00,1.0
2011-04-22 04:45:18-04:00,1.0
2011-04-22 04:45:21-04:00,1.0
2011-04-22 04:45:24-04:00,1.0
2011-04-22 04:45:27-04:00,1.0
2011-04-22 04:45:30-04:00,1.0
2011-04-22 04:45:33-04:00,1.0
2011-04-22 04:45:36-04:00,1.0
2011-04-22 04:45:39-04:00,1.0
2011-04-22 04:45:42-04:00,1.0
2011-04-22 04:45:45-04:00,1.0
2011-04-22 04:45:48-04:00,1.0
2011-04-22 04:45:51-04:00,1.0
2011-04-22 04:45:54-04:00,1.0
2011-04-22 04:45:57-04:00,1.0
2011-04-22 04:46:00-04:00,1.0
2011-04-22 04:46:03-04:00,1.0
2011-04-22 04:46:06-04:00,1.0
2011-04-22 04:46:09-04:00,1.0
2011-04-22 04:46:12-04:00,1.0
2011-04-22 04:46:15-04:00,1.0
2011-04-22 04:46:18-04:00,1.0
2011-04-22 04:46:21-04:00,1.0
2011-04-22 04:46:24-04:00,1.0
2011-04-22 04:46:27-04:00,1.0
2011-04-22 04:46:30-04:00,1.0
2011-04-22 04:46:33-04:00,1.0
2011-04-22 04:46:36-04:00,1.0
2011-04-22 04:46:39-04:00,1.0
2011-04-22 04:46:42-04:00,1.0
2011-04-22 04:46:45-04:00,1.0
2011-04-22 04:46:48-04:00,1.0
2011-04-22 04:46:51-04:00,1.0
2011-04-22 04:46:54-04:00,1.0
2011-04-22 04:46:57-04:00,1.0
2011-04-22 04:47:00-04:00,1.0
2011-04-22 04:47:03-04:00,1.0
2011-04-22 04:47:06-04:00,1.0
2011-04-22 04:47:09-04:00,1.0
2011-04-22 04:47:12-04:00,1.0
2011-04-22 04:47:15-04:00,1.0
2011-04-22 04:47:18-04:00,1.0
2011-04-22 04:47:21-04:00,1.0
2011-04-22 04:47:24-04:00,1.0
2011-04-22 04:47:27-04:00,1.0
2011-04-22 04:47:30-04:00,1.0
2011-04-22 04:47:33-04:00,1.0
2011-04-22 04:47:36-04:00,1.0
2011-04-22 04:47:39-04:00,1.0
2011-04-22 04:47:42-04:00,1.0
2011-04-22 04:47:45-04:00,1.0
2011-04-22 04:47:48-04:00,1.0
2011-04-22 04:47:51-04:00,1.0
2011-04-22 04:47:54-04:00,1.0
2011-04-22 04:47:57-04:00,1.0
2011-04-22 04:48:00-04:00,1.0
2011-04-22 04:48:03-04:00,1.0
2011-04-22 04:48:06-04:00,1.0
2011-04-22 04:48:09-04:00,1.0
2011-04-22 04:48:12-04:00,1.0
2011-04-22 04:48:15-04:00,1.0
2011-04-22 04:48:18-04:00,1.0
2011-04-22 04:48:21-04:00,1.0
2011-04-22 04:48:24-04:00,1.0
2011-04-22 04:48:27-04:00,1.0
2011-04-22 04:48:30-04:00,1.0
2011-04-22 04:48:33-04:00,1.0
2011-04-22 04:48:36-04:00,1.0
2011-04-22 04:48:39-04:00,1.0
2011-04-22 04:48:42-04:00,1.0
2011-04-22 04:48:45-04:00,1.0
2011-04-22 04:48:48-04:00,1.0
2011-04-22 04:48:51-04:00,1.0
2011-04-22 04:48:54-04:00,1.0
2011-04-22 04:48:57-04:00,1.0
2011-04-22 04:49:00-04:00,1.0
2011-04-22 04:49:03-04:00,1.0
2011-04-22 04:49:06-04:00,1.0
2011-04-22 04:49:09-04:00,1.0
2011-04-22 04:49:12-04:00,1.0
2011-04-22 04:49:15-04:00,1.0
2011-04-22 04:49:18-04:00,1.0
2011-04-22 04:49:21-04:00,1.0
2011-04-22 04:49:24-04:00,1.0
2011-04-22 04:49:27-04:00,1.0
2011-04-22 04:49:30-04:00,1.0
2011-04-22 04:49:33-04:00,1.0
2011-04-22 04:49:36-04:00,1.0
2011-04-22 04:49:39-04:00,1.0
2011-04-22 04:49:42-04:00,1.0
2011-04-22 04:49:45-04:00,1.0
2011-04-22 04:49:48-04:00,1.0
2011-04-22 04:49:51-04:00,1.0
2011-04-22 04:49:54-04:00,1.0
2011-04-22 04:49:57-04:00,1.0
2011-04-22 04:50:00-04:00,1.0
2011-04-22 04:50:03-04:00,1.0
2011-04-22 04:50:06-04:00,1.0
2011-04-22 04:50:09-04:00,1.0
2011-04-22 04:50:12-04:00,1.0
2011-04-22 04:50:15-04:00,1.0
2011-04-22 04:50:18-04:00,1.0
2011-04-22 04:50:21-04:00,1.0
2011-04-22 04:50:24-04:00,1.0
2011-04-22 04:50:27-04:00,1.0
2011-04-22 04:50:30-04:00,1.0
2011-04-22 04:50:33-04:00,1.0
2011-04-22 04:50:36-04:00,1.0
2011-04-22 04:50:39-04:00,1.0
2011-04-22 04:50:42-04:00,1.0
2011-04-22 04:50:45-04:00,1.0
2011-04-22 04:50:48-04:00,1.0
2011-04-22 04:50:51-04:00,1.0
2011-04-22 04:50:54-04:00,1.0
2011-04-22 04:50:57-04:00,1.0
2011-04-22 04:51:00-04:00,0.75
2011-04-22 04:51:03-04:00,0.0
2011-04-22 04:51:06-04:00,1.0
2011-04-22 04:51:09-04:00,1.0
2011-04-22 04:51:12-04:00,1.0
2011-04-22 04:51:15-04:00,1.0
2011-04-22 04:51:18-04:00,1.0
2011-04-22 04:51:21-04:00,1.0
2011-04-22 04:51:24-04:00,1.0
2011-04-22 04:51:27-04:00,1.0
2011-04-22 04:51:30-04:00,1.0
2011-04-22 04:51:33-04:00,1.0
2011-04-22 04:51:36-04:00,1.0
2011-04-22 04:51:39-04:00,1.0
2011-04-22 04:51:42-04:00,1.0
2011-04-22 04:51:45-04:00,1.0
2011-04-22 04:51:48-04:00,1.0
2011-04-22 04:51:51-04:00,1.0
2011-04-22 04:51:54-04:00,1.0
2011-04-22 04:51:57-04:00,1.0
2011-04-22 04:52:00-04:00,1.0
2011-04-22 04:52:03-04:00,1.0
2011-04-22 04:52:06-04:00,1.0
2011-04-22 04:52:09-04:00,1.0
2011-04-22 04:52:12-04:00,1.0
2011-04-22 04:52:15-04:00,1.0
2011-04-22 04:52:18-04:00,1.0
2011-04-22 04:52:21-04:00,1.0
2011-04-22 04:52:24-04:00,1.0
2011-04-22 04:52:27-04:00,1.0
2011-04-22 04:52:30-04:00,1.0
2011-04-22 04:52:33-04:00,1.0
2011-04-22 04:52:36-04:00,1.0
2011-04-22 04:52:39-04:00,1.0
2011-04-22 04:52:42-04:00,1.0
2011-04-22 04:52:45-04:00,1.0
2011-04-22 04:52:48-04:00,1.0
2011-04-22 04:52:51-04:00,1.0
2011-04-22 04:52:54-04:00,1.0
2011-04-22 04:52:57-04:00,1.0
2011-04-22 04:53:00-04:00,1.0
2011-04-22 04:53:03-04:00,1.0
2011-04-22 04:53:06-04:00,1.0
2011-04-22 04:53:09-04:00,1.0
2011-04-22 04:53:12-04:00,1.0
2011-04-22 04:53:15-04:00,1.0
2011-04-22 04:53:18-04:00,1.0
2011-04-22 04:53:21-04:00,1.0
2011-04-22 04:53:24-04:00,1.0
2011-04-22 04:53:27-04:00,1.0
2011-04-22 04:53:30-04:00,1.0
2011-04-22 04:53:33-04:00,1.0
2011-04-22 04:53:36-04:00,1.0
2011-04-22 04:53:39-04:00,1.0
2011-04-22 04:53:42-04:00,1.0
2011-04-22 04:53:45-04:00,1.0
2011-04-22 04:53:48-04:00,1.0
2011-04-22 04:53:51-04:00,0.6666666666666667
2011-04-22 04:53:54-04:00,0.0
2011-04-22 04:53:57-04:00,0.0
2011-04-22 04:54:00-04:00,1.0
2011-04-22 04:54:03-04:00,1.0
2011-04-22 04:54:06-04:00,1.0
2011-04-22 04:54:09-04:00,1.0
2011-04-22 04:54:12-04:00,1.0
2011-04-22 04:54:15-04:00,1.0
2011-04-22 04:54:18-04:00,1.0
2011-04-22 04:54:21-04:00,1.0
2011-04-22 04:54:24-04:00,0.0
2011-04-22 04:54:27-04:00,0.0
2011-04-22 04:54:30-04:00,0.25
2011-04-22 04:54:33-04:00,0.625
2011-04-22 04:54:36-04:00,1.0
2011-04-22 04:54:39-04:00,1.0
2011-04-22 04:54:42-04:00,1.0
2011-04-22 04:54:45-04:00,1.0
2011-04-22 04:54:48-04:00,1.0
2011-04-22 04:54:51-04:00,1.0
2011-04-22 04:54:54-04:00,1.0
2011-04-22 04:54:57-04:00,1.0
2011-04-22 04:55:00-04:00,1.0
2011-04-22 04:55:03-04:00,1.0
2011-04-22 04:55:06-04:00,0.33333333333333337
2011-04-22 04:55:09-04:00,0.5
2011-04-22 04:55:12-04:00,1.0
2011-04-22 04:55:15-04:00,1.0
2011-04-22 04:55:18-04:00,1.0
2011-04-22 04:55:21-04:00,1.0
2011-04-22 04:55:24-04:00,1.0
2011-04-22 04:55:27-04:00,1.0
2011-04-22 04:55:30-04:00,1.0
2011-04-22 04:55:33-04:00,1.0
2011-04-22 04:55:36-04:00,1.0
2011-04-22 04:55:39-04:00,1.0
2011-04-22 04:55:42-04:00,1.0
2011-04-22 04:55:45-04:00,1.0
2011-04-22 04:55:48-04:00,1.0
2011-04-22 04:55:51-04:00,1.0
2011-04-22 04:55:54-04:00,0.75
2011-04-22 04:55:57-04:00,0.0
2011-04-22 04:56:00-04:00,1.0
2011-04-22 04:56:03-04:00,1.0
2011-04-22 04:56:06-04:00,1.0
2011-04-22 04:56:09-04:00,1.0
2011-04-22 04:56:12-04:00,1.0
2011-04-22 04:56:15-04:00,1.0
2011-04-22 04:56:18-04:00,1.0
2011-04-22 04:56:21-04:00,1.0
2011-04-22 04:56:24-04:00,1.0
2011-04-22 04:56:27-04:00,1.0
2011-04-22 04:56:30-04:00,1.0
2011-04-22 04:56:33-04:00,1.0
2011-04-22 04:56:36-04:00,1.0
2011-04-22 04:56:39-04:00,1.0
2011-04-22 04:56:42-04:00,1.0
2011-04-22 04:56:45-04:00,1.0
2011-04-22 04:56:48-04:00,1.0
2011-04-22 04:56:51-04:00,0.6666666666666667
2011-04-22 04:56:54-04:00,0.25
2011-04-22 04:56:57-04:00,1.0
2011-04-22 04:57:00-04:00,1.0
2011-04-22 04:57:03-04:00,1.0
2011-04-22 04:57:06-04:00,1.0
2011-04-22 04:57:09-04:00,1.0
2011-04-22 04:57:12-04:00,1.0
2011-04-22 04:57:15-04:00,1.0
2011-04-22 04:57:18-04:00,1.0
2011-04-22 04:57:21-04:00,1.0
2011-04-22 04:57:24-04:00,1.0
2011-04-22 04:57:27-04:00,1.0
2011-04-22 04:57:30-04:00,1.0
2011-04-22 04:57:33-04:00,1.0
2011-04-22 04:57:36-04:00,1.0
2011-04-22 04:57:39-04:00,1.0
2011-04-22 04:57:42-04:00,1.0
2011-04-22 04:57:45-04:00,1.0
2011-04-22 04:57:48-04:00,1.0
2011-04-22 04:57:51-04:00,1.0
2011-04-22 04:57:54-04:00,0.25
2011-04-22 04:57:57-04:00,0.6666666666666666
2011-04-22 04:58:00-04:00,1.0
2011-04-22 04:58:03-04:00,1.0
2011-04-22 04:58:06-04:00,1.0
2011-04-22 04:58:09-04:00,1.0
2011-04-22 04:58:12-04:00,1.0
2011-04-22 04:58:15-04:00,1.0
2011-04-22 04:58:18-04:00,1.0
2011-04-22 04:58:21-04:00,1.0
2011-04-22 04:58:24-04:00,1.0
2011-04-22 04:58:27-04:00,1.0
2011-04-22 04:58:30-04:00,1.0
2011-04-22 04:58:33-04:00,1.0
2011-04-22 04:58:36-04:00,1.0
2011-04-22 04:58:39-04:00,1.0
2011-04-22 04:58:42-04:00,1.0
2011-04-22 04:58:45-04:00,1.0
2011-04-22 04:58:48-04:00,1.0
2011-04-22 04:58:51-04:00,0.25
2011-04-22 04:58:54-04:00,0.6666666666666666
2011-04-22 04:58:57-04:00,1.0
2011-04-22 04:59:00-04:00,1.0
2011-04-22 04:59:03-04:00,1.0
2011-04-22 04:59:06-04:00,1.0
2011-04-22 04:59:09-04:00,1.0
2011-04-22 04:59:12-04:00,1.0
2011-04-22 04:59:15-04:00,0.25
2011-04-22 04:59:18-04:00,0.6666666666666666
2011-04-22 04:59:21-04:00,1.0
2011-04-22 04:59:24-04:00,1.0
2011-04-22 04:59:27-04:00,1.0
2011-04-22 04:59:30-04:00,1.0
2011-04-22 04:59:33-04:00,1.0
2011-04-22 04:59:36-04:00,1.0
2011-04-22 04:59:39-04:00,1.0
2011-04-22 04:59:42-04:00,1.0
2011-04-22 04:59:45-04:00,1.0
2011-04-22 04:59:48-04:00,1.0
2011-04-22 04:59:51-04:00,1.0
2011-04-22 04:59:54-04:00,1.0
2011-04-22 04:59:57-04:00,1.0
2011-04-22 05:00:00-04:00,1.0
2011-04-22 05:00:03-04:00,1.0
2011-04-22 05:00:06-04:00,1.0
2011-04-22 05:00:09-04:00,1.0
2011-04-22 05:00:12-04:00,1.0
2011-04-22 05:00:15-04:00,1.0
2011-04-22 05:00:18-04:00,1.0
2011-04-22 05:00:21-04:00,1.0
2011-04-22 05:00:24-04:00,1.0
2011-04-22 05:00:27-04:00,1.0
2011-04-22 05:00:30-04:00,1.0
2011-04-22 05:00:33-04:00,1.0
2011-04-22 05:00:36-04:00,1.0
2011-04-22 05:00:39-04:00,1.0
2011-04-22 05:00:42-04:00,1.0
2011-04-22 05:00:45-04:00,1.0
2011-04-22 05:00:48-04:00,0.33333333333333337
2011-04-22 05:00:51-04:00,0.5
2011-04-22 05:00:54-04:00,1.0
2011-04-22 05:00:57-04:00,1.0
2011-04-22 05:01:00-04:00,1.0
2011-04-22 05:01:03-04:00,1.0
2011-04-22 05:01:06-04:00,1.0
2011-04-22 05:01:09-04:00,0.25
2011-04-22 05:01:12-04:00,0.6666666666666666
2011-04-22 05:01:15-04:00,1.0
2011-04-22 05:01:18-04:00,1.0
2011-04-22 05:01:21-04:00,1.0
2011-04-22 05:01:24-04:00,1.0
2011-04-22 05:01:27-04:00,1.0
2011-04-22 05:01:30-04:00,1.0
2011-04-22 05:01:33-04:00,1.0
2011-04-22 05:01:36-04:00,1.0
2011-04-22 05:01:39-04:00,1.0
2011-04-22 05:01:42-04:00,1.0
2011-04-22 05:01:45-04:00,1.0
2011-04-22 05:01:48-04:00,1.0
2011-04-22 05:01:51-04:00,1.0
2011-04-22 05:01:54-04:00,1.0
2011-04-22 05:01:57-04:00,1.0
2011-04-22 05:02:00-04:00,1.0
2011-04-22 05:02:03-04:00,1.0
2011-04-22 05:02:06-04:00,1.0
2011-04-22 05:02:09-04:00,1.0
2011-04-22 05:02:12-04:00,1.0
2011-04-22 05:02:15-04:00,1.0
2011-04-22 05:02:18-04:00,1.0
2011-04-22 05:02:21-04:00,1.0
2011-04-22 05:02:24-04:00,1.0
2011-04-22 05:02:27-04:00,1.0
2011-04-22 05:02:30-04:00,1.0
2011-04-22 05:02:33-04:00,1.0
2011-04-22 05:02:36-04:00,1.0
2011-04-22 05:02:39-04:00,1.0
2011-04-22 05:02:42-04:00,1.0
2011-04-22 05:02:45-04:00,1.0
2011-04-22 05:02:48-04:00,1.0
2011-04-22 05:02:51-04:00,1.0
2011-04-22 05:02:54-04:00,1.0
2011-04-22 05:02:57-04:00,1.0
2011-04-22 05:03:00-04:00,1.0
2011-04-22 05:03:03-04:00,1.0
2011-04-22 05:03:06-04:00,1.0
2011-04-22 05:03:09-04:00,1.0
2011-04-22 05:03:12-04:00,1.0
2011-04-22 05:03:15-04:00,1.0
2011-04-22 05:03:18-04:00,1.0
2011-04-22 05:03:21-04:00,1.0
2011-04-22 05:03:24-04:00,1.0
2011-04-22 05:03:27-04:00,1.0
2011-04-22 05:03:30-04:00,1.0
2011-04-22 05:03:33-04:00,1.0
2011-04-22 05:03:36-04:00,1.0
2011-04-22 05:03:39-04:00,1.0
2011-04-22 05:03:42-04:00,1.0
2011-04-22 05:03:45-04:00,1.0
2011-04-22 05:03:48-04:00,1.0
2011-04-22 05:03:51-04:00,1.0
2011-04-22 05:03:54-04:00,1.0
2011-04-22 05:03:57-04:00,1.0
2011-04-22 05:04:00-04:00,1.0
2011-04-22 05:04:03-04:00,1.0
2011-04-22 05:04:06-04:00,1.0
2011-04-22 05:04:09-04:00,1.0
2011-04-22 05:04:12-04:00,1.0
2011-04-22 05:04:15-04:00,1.0
2011-04-22 05:04:18-04:00,1.0
2011-04-22 05:04:21-04:00,1.0
2011-04-22 05:04:24-04:00,1.0
2011-04-22 05:04:27-04:00,1.0
2011-04-22 05:04:30-04:00,1.0
2011-04-22 05:04:33-04:00,1.0
2011-04-22 05:04:36-04:00,1.0
2011-04-22 05:04:39-04:00,1.0
2011-04-22 05:04:42-04:00,0.33333333333333337
2011-04-22 05:04:45-04:00,0.5
2011-04-22 05:04:48-04:00,1.0
2011-04-22 05:04:51-04:00,1.0
2011-04-22 05:04:54-04:00,1.0
2011-04-22 05:04:57-04:00,1.0
2011-04-22 05:05:00-04:00,1.0
2011-04-22 05:05:03-04:00,1.0
2011-04-22 05:05:06-04:00,1.0
2011-04-22 05:05:09-04:00,1.0
2011-04-22 05:05:12-04:00,0.6666666666666667
2011-04-22 05:05:15-04:00,0.25
2011-04-22 05:05:18-04:00,1.0
2011-04-22 05:05:21-04:00,1.0
2011-04-22 05:05:24-04:00,1.0
2011-04-22 05:05:27-04:00,1.0
2011-04-22 05:05:30-04:00,1.0
2011-04-22 05:05:33-04:00,1.0
2011-04-22 05:05:36-04:00,1.0
2011-04-22 05:05:39-04:00,1.0
2011-04-22 05:05:42-04:00,1.0
2011-04-22 05:05:45-04:00,1.0
2011-04-22 05:05:48-04:00,1.0
2011-04-22 05:05:51-04:00,1.0
2011-04-22 05:05:54-04:00,1.0
2011-04-22 05:05:57-04:00,1.0
2011-04-22 05:06:00-04:00,1.0
2011-04-22 05:06:03-04:00,1.0
2011-04-22 05:06:06-04:00,0.6666666666666667
2011-04-22 05:06:09-04:00,0.3333333333333333
2011-04-22 05:06:12-04:00,1.0
2011-04-22 05:06:15-04:00,1.0
2011-04-22 05:06:18-04:00,1.0
2011-04-22 05:06:21-04:00,1.0
2011-04-22 05:06:24-04:00,1.0
2011-04-22 05:06:27-04:00,1.0
2011-04-22 05:06:30-04:00,1.0
2011-04-22 05:06:33-04:00,1.0
2011-04-22 05:06:36-04:00,1.0
2011-04-22 05:06:39-04:00,1.0
2011-04-22 05:06:42-04:00,1.0
2011-04-22 05:06:45-04:00,1.0
2011-04-22 05:06:48-04:00,1.0
2011-04-22 05:06:51-04:00,1.0
2011-04-22 05:06:54-04:00,1.0
2011-04-22 05:06:57-04:00,1.0
2011-04-22 05:07:00-04:00,1.0
2011-04-22 05:07:03-04:00,1.0
2011-04-22 05:07:06-04:00,1.0
2011-04-22 05:07:09-04:00,1.0
2011-04-22 05:07:12-04:00,1.0
2011-04-22 05:07:15-04:00,1.0
2011-04-22 05:07:18-04:00,1.0
2011-04-22 05:07:21-04:00,1.0
2011-04-22 05:07:24-04:00,1.0
2011-04-22 05:07:27-04:00,1.0
2011-04-22 05:07:30-04:00,1.0
2011-04-22 05:07:33-04:00,1.0
2011-04-22 05:07:36-04:00,1.0
2011-04-22 05:07:39-04:00,1.0
2011-04-22 05:07:42-04:00,1.0
2011-04-22 05:07:45-04:00,1.0
2011-04-22 05:07:48-04:00,1.0
2011-04-22 05:07:51-04:00,1.0
2011-04-22 05:07:54-04:00,1.0
2011-04-22 05:07:57-04:00,1.0
2011-04-22 05:08:00-04:00,1.0
2011-04-22 05:08:03-04:00,1.0
2011-04-22 05:08:06-04:00,1.0
2011-04-22 05:08:09-04:00,1.0
2011-04-22 05:08:12-04:00,1.0
2011-04-22 05:08:15-04:00,1.0
2011-04-22 05:08:18-04:00,1.0
2011-04-22 05:08:21-04:00,1.0
2011-04-22 05:08:24-04:00,1.0
2011-04-22 05:08:27-04:00,1.0
2011-04-22 05:08:30-04:00,1.0
2011-04-22 05:08:33-04:00,1.0
2011-04-22 05:08:36-04:00,1.0
2011-04-22 05:08:39-04:00,1.0
2011-04-22 05:08:42-04:00,1.0
2011-04-22 05:08:45-04:00,1.0
2011-04-22 05:08:48-04:00,1.0
2011-04-22 05:08:51-04:00,1.0
2011-04-22 05:08:54-04:00,1.0
2011-04-22 05:08:57-04:00,1.0
2011-04-22 05:09:00-04:00,1.0
2011-04-22 05:09:03-04:00,1.0
2011-04-22 05:09:06-04:00,1.0
2011-04-22 05:09:09-04:00,1.0
2011-04-22 05:09:12-04:00,1.0
2011-04-22 05:09:15-04:00,1.0
2011-04-22 05:09:18-04:00,1.0
2011-04-22 05:09:21-04:00,1.0
2011-04-22 05:09:24-04:00,1.0
2011-04-22 05:09:27-04:00,1.0
2011-04-22 05:09:30-04:00,1.0
2011-04-22 05:09:33-04:00,1.0
2011-04-22 05:09:36-04:00,1.0
2011-04-22 05:09:39-04:00,1.0
2011-04-22 05:09:42-04:00,1.0
2011-04-22 05:09:45-04:00,1.0
2011-04-22 05:09:48-04:00,1.0
2011-04-22 05:09:51-04:00,1.0
2011-04-22 05:09:54-04:00,1.0
2011-04-22 05:09:57-04:00,1.0
2011-04-22 05:10:00-04:00,1.0
2011-04-22 05:10:03-04:00,1.0
2011-04-22 05:10:06-04:00,1.0
2011-04-22 05:10:09-04:00,1.0
2011-04-22 05:10:12-04:00,1.0
2011-04-22 05:10:15-04:00,1.0
2011-04-22 05:10:18-04:00,1.0
2011-04-22 05:10:21-04:00,1.0
2011-04-22 05:10:24-04:00,1.0
2011-04-22 05:10:27-04:00,1.0
2011-04-22 05:10:30-04:00,1.0
2011-04-22 05:10:33-04:00,1.0
2011-04-22 05:10:36-04:00,1.0
2011-04-22 05:10:39-04:00,1.0
2011-04-22 05:10:42-04:00,1.0
2011-04-22 05:10:45-04:00,1.0
2011-04-22 05:10:48-04:00,1.0
2011-04-22 05:10:51-04:00,1.0
2011-04-22 05:10:54-04:00,1.0
2011-04-22 05:10:57-04:00,1.0
2011-04-22 05:11:00-04:00,1.0
2011-04-22 05:11:03-04:00,1.0
2011-04-22 05:11:06-04:00,1.0
2011-04-22 05:11:09-04:00,1.0
2011-04-22 05:11:12-04:00,1.0
2011-04-22 05:11:15-04:00,1.0
2011-04-22 05:11:18-04:00,1.0
2011-04-22 05:11:21-04:00,1.0
2011-04-22 05:11:24-04:00,1.0
2011-04-22 05:11:27-04:00,1.0
2011-04-22 05:11:30-04:00,1.0
2011-04-22 05:11:33-04:00,1.0
2011-04-22 05:11:36-04:00,1.0
2011-04-22 05:11:39-04:00,1.0
2011-04-22 05:11:42-04:00,1.0
2011-04-22 05:11:45-04:00,1.0
2011-04-22 05:11:48-04:00,1.0
2011-04-22 05:11:51-04:00,1.0
2011-04-22 05:11:54-04:00,1.0
2011-04-22 05:11:57-04:00,1.0
2011-04-22 05:12:00-04:00,1.0
2011-04-22 05:12:03-04:00,1.0
2011-04-22 05:12:06-04:00,1.0
2011-04-22 05:12:09-04:00,1.0
2011-04-22 05:12:12-04:00,1.0
2011-04-22 05:12:15-04:00,1.0
2011-04-22 05:12:18-04:00,1.0
2011-04-22 05:12:21-04:00,1.0
2011-04-22 05:12:24-04:00,1.0
2011-04-22 05:12:27-04:00,1.0
2011-04-22 05:12:30-04:00,1.0
2011-04-22 05:12:33-04:00,1.0
2011-04-22 05:12:36-04:00,1.0
2011-04-22 05:12:39-04:00,1.0
2011-04-22 05:12:42-04:00,1.0
2011-04-22 05:12:45-04:00,1.0
2011-04-22 05:12:48-04:00,1.0
2011-04-22 05:12:51-04:00,1.0
2011-04-22 05:12:54-04:00,0.6666666666666667
2011-04-22 05:12:57-04:00,0.0
2011-04-22 05:13:00-04:00,0.25
2011-04-22 05:13:03-04:00,1.0
2011-04-22 05:13:06-04:00,0.0
2011-04-22 05:13:09-04:00,0.75
2011-04-22 05:13:12-04:00,1.0
2011-04-22 05:13:15-04:00,1.0
2011-04-22 05:13:18-04:00,1.0
2011-04-22 05:13:21-04:00,1.0
2011-04-22 05:13:24-04:00,1.0
2011-04-22 05:13:27-04:00,1.0
2011-04-22 05:13:30-04:00,1.0
2011-04-22 05:13:33-04:00,1.0
2011-04-22 05:13:36-04:00,1.0
2011-04-22 05:13:39-04:00,1.0
2011-04-22 05:13:42-04:00,1.0
2011-04-22 05:13:45-04:00,1.0
2011-04-22 05:13:48-04:00,1.0
2011-04-22 05:13:51-04:00,1.0
2011-04-22 05:13:54-04:00,1.0
2011-04-22 05:13:57-04:00,1.0
2011-04-22 05:14:00-04:00,1.0
2011-04-22 05:14:03-04:00,1.0
2011-04-22 05:14:06-04:00,1.0
2011-04-22 05:14:09-04:00,1.0
2011-04-22 05:14:12-04:00,1.0
2011-04-22 05:14:15-04:00,1.0
2011-04-22 05:14:18-04:00,1.0
2011-04-22 05:14:21-04:00,1.0
2011-04-22 05:14:24-04:00,1.0
2011-04-22 05:14:27-04:00,1.0
2011-04-22 05:14:30-04:00,1.0
2011-04-22 05:14:33-04:00,1.0
2011-04-22 05:14:36-04:00,1.0
2011-04-22 05:14:39-04:00,1.0
2011-04-22 05:14:42-04:00,1.0
2011-04-22 05:14:45-04:00,1.0
2011-04-22 05:14:48-04:00,1.0
2011-04-22 05:14:51-04:00,1.0
2011-04-22 05:14:54-04:00,1.0
2011-04-22 05:14:57-04:00,1.0
2011-04-22 05:15:00-04:00,1.0
2011-04-22 05:15:03-04:00,1.0
2011-04-22 05:15:06-04:00,1.0
2011-04-22 05:15:09-04:00,1.0
2011-04-22 05:15:12-04:00,1.0
2011-04-22 05:15:15-04:00,1.0
2011-04-22 05:15:18-04:00,1.0
2011-04-22 05:15:21-04:00,1.0
2011-04-22 05:15:24-04:00,1.0
2011-04-22 05:15:27-04:00,1.0
2011-04-22 05:15:30-04:00,1.0
2011-04-22 05:15:33-04:00,1.0
2011-04-22 05:15:36-04:00,1.0
2011-04-22 05:15:39-04:00,1.0
2011-04-22 05:15:42-04:00,0.0
2011-04-22 05:15:45-04:00,0.75
2011-04-22 05:15:48-04:00,1.0
2011-04-22 05:15:51-04:00,0.33333333333333337
2011-04-22 05:15:54-04:00,0.5
2011-04-22 05:15:57-04:00,1.0
2011-04-22 05:16:00-04:00,1.0
2011-04-22 05:16:03-04:00,1.0
2011-04-22 05:16:06-04:00,1.0
2011-04-22 05:16:09-04:00,1.0
2011-04-22 05:16:12-04:00,1.0
2011-04-22 05:16:15-04:00,1.0
2011-04-22 05:16:18-04:00,1.0
2011-04-22 05:16:21-04:00,1.0
2011-04-22 05:16:24-04:00,1.0
2011-04-22 05:16:27-04:00,1.0
2011-04-22 05:16:30-04:00,1.0
2011-04-22 05:16:33-04:00,1.0
2011-04-22 05:16:36-04:00,1.0
2011-04-22 05:16:39-04:00,1.0
2011-04-22 05:16:42-04:00,1.0
2011-04-22 05:16:45-04:00,1.0
2011-04-22 05:16:48-04:00,1.0
2011-04-22 05:16:51-04:00,1.0
2011-04-22 05:16:54-04:00,1.0
2011-04-22 05:16:57-04:00,1.0
2011-04-22 05:17:00-04:00,1.0
2011-04-22 05:17:03-04:00,1.0
2011-04-22 05:17:06-04:00,1.0
2011-04-22 05:17:09-04:00,1.0
2011-04-22 05:17:12-04:00,1.0
2011-04-22 05:17:15-04:00,1.0
2011-04-22 05:17:18-04:00,1.0
2011-04-22 05:17:21-04:00,1.0
2011-04-22 05:17:24-04:00,1.0
2011-04-22 05:17:27-04:00,1.0
2011-04-22 05:17:30-04:00,1.0
2011-04-22 05:17:33-04:00,1.0
2011-04-22 05:17:36-04:00,1.0
2011-04-22 05:17:39-04:00,1.0
2011-04-22 05:17:42-04:00,1.0
2011-04-22 05:17:45-04:00,1.0
2011-04-22 05:17:48-04:00,1.0
2011-04-22 05:17:51-04:00,1.0
2011-04-22 05:17:54-04:00,1.0
2011-04-22 05:17:57-04:00,1.0
2011-04-22 05:18:00-04:00,1.0
2011-04-22 05:18:03-04:00,1.0
2011-04-22 05:18:06-04:00,1.0
2011-04-22 05:18:09-04:00,1.0
2011-04-22 05:18:12-04:00,1.0
2011-04-22 05:18:15-04:00,1.0
2011-04-22 05:18:18-04:00,1.0
2011-04-22 05:18:21-04:00,1.0
2011-04-22 05:18:24-04:00,1.0
2011-04-22 05:18:27-04:00,1.0
2011-04-22 05:18:30-04:00,1.0
2011-04-22 05:18:33-04:00,1.0
2011-04-22 05:18:36-04:00,1.0
2011-04-22 05:18:39-04:00,1.0
2011-04-22 05:18:42-04:00,1.0
2011-04-22 05:18:45-04:00,1.0
2011-04-22 05:18:48-04:00,1.0
2011-04-22 05:18:51-04:00,1.0
2011-04-22 05:18:54-04:00,1.0
2011-04-22 05:18:57-04:00,1.0
2011-04-22 05:19:00-04:00,1.0
2011-04-22 05:19:03-04:00,1.0
2011-04-22 05:19:06-04:00,1.0
2011-04-22 05:19:09-04:00,1.0
2011-04-22 05:19:12-04:00,1.0
2011-04-22 05:19:15-04:00,1.0
2011-04-22 05:19:18-04:00,1.0
2011-04-22 05:19:21-04:00,1.0
2011-04-22 05:19:24-04:00,1.0
2011-04-22 05:19:27-04:00,1.0
2011-04-22 05:19:30-04:00,1.0
2011-04-22 05:19:33-04:00,1.0
2011-04-22 05:19:36-04:00,0.6666666666666667
2011-04-22 05:19:39-04:00,0.25
2011-04-22 05:19:42-04:00,1.0
2011-04-22 05:19:45-04:00,1.0
2011-04-22 05:19:48-04:00,1.0
2011-04-22 05:19:51-04:00,1.0
2011-04-22 05:19:54-04:00,1.0
2011-04-22 05:19:57-04:00,1.0
2011-04-22 05:20:00-04:00,1.0
2011-04-22 05:20:03-04:00,1.0
2011-04-22 05:20:06-04:00,1.0
2011-04-22 05:20:09-04:00,1.0
2011-04-22 05:20:12-04:00,1.0
2011-04-22 05:20:15-04:00,1.0
2011-04-22 05:20:18-04:00,1.0
2011-04-22 05:20:21-04:00,1.0
2011-04-22 05:20:24-04:00,1.0
2011-04-22 05:20:27-04:00,1.0
2011-04-22 05:20:30-04:00,1.0
2011-04-22 05:20:33-04:00,1.0
2011-04-22 05:20:36-04:00,1.0
2011-04-22 05:20:39-04:00,1.0
2011-04-22 05:20:42-04:00,1.0
2011-04-22 05:20:45-04:00,1.0
2011-04-22 05:20:48-04:00,1.0
2011-04-22 05:20:51-04:00,1.0
2011-04-22 05:20:54-04:00,0.6666666666666667
2011-04-22 05:20:57-04:00,0.25
2011-04-22 05:21:00-04:00,1.0
2011-04-22 05:21:03-04:00,1.0
2011-04-22 05:21:06-04:00,1.0
2011-04-22 05:21:09-04:00,1.0
2011-04-22 05:21:12-04:00,1.0
2011-04-22 05:21:15-04:00,1.0
2011-04-22 05:21:18-04:00,1.0
2011-04-22 05:21:21-04:00,1.0
2011-04-22 05:21:24-04:00,1.0
2011-04-22 05:21:27-04:00,1.0
2011-04-22 05:21:30-04:00,0.6666666666666667
2011-04-22 05:21:33-04:00,0.33333333333333337
2011-04-22 05:21:36-04:00,0.0
2011-04-22 05:21:39-04:00,0.0
2011-04-22 05:21:42-04:00,0.75
2011-04-22 05:21:45-04:00,1.0
2011-04-22 05:21:48-04:00,1.0
2011-04-22 05:21:51-04:00,1.0
2011-04-22 05:21:54-04:00,1.0
2011-04-22 05:21:57-04:00,1.0
2011-04-22 05:22:00-04:00,1.0
2011-04-22 05:22:03-04:00,1.0
2011-04-22 05:22:06-04:00,1.0
2011-04-22 05:22:09-04:00,1.0
2011-04-22 05:22:12-04:00,1.0
2011-04-22 05:22:15-04:00,1.0
2011-04-22 05:22:18-04:00,1.0
2011-04-22 05:22:21-04:00,1.0
2011-04-22 05:22:24-04:00,1.0
2011-04-22 05:22:27-04:00,1.0
2011-04-22 05:22:30-04:00,1.0
2011-04-22 05:22:33-04:00,1.0
2011-04-22 05:22:36-04:00,1.0
2011-04-22 05:22:39-04:00,1.0
2011-04-22 05:22:42-04:00,1.0
2011-04-22 05:22:45-04:00,0.75
2011-04-22 05:22:48-04:00,0.0
2011-04-22 05:22:51-04:00,1.0
2011-04-22 05:22:54-04:00,1.0
2011-04-22 05:22:57-04:00,1.0
2011-04-22 05:23:00-04:00,1.0
2011-04-22 05:23:03-04:00,0.6666666666666667
2011-04-22 05:23:06-04:00,0.3333333333333333
2011-04-22 05:23:09-04:00,1.0
2011-04-22 05:23:12-04:00,1.0
2011-04-22 05:23:15-04:00,1.0
2011-04-22 05:23:18-04:00,0.25
2011-04-22 05:23:21-04:00,0.6666666666666666
2011-04-22 05:23:24-04:00,1.0
2011-04-22 05:23:27-04:00,1.0
2011-04-22 05:23:30-04:00,1.0
2011-04-22 05:23:33-04:00,1.0
2011-04-22 05:23:36-04:00,1.0
2011-04-22 05:23:39-04:00,1.0
2011-04-22 05:23:42-04:00,1.0
2011-04-22 05:23:45-04:00,1.0
2011-04-22 05:23:48-04:00,1.0
2011-04-22 05:23:51-04:00,1.0
2011-04-22 05:23:54-04:00,1.0
2011-04-22 05:23:57-04:00,1.0
2011-04-22 05:24:00-04:00,0.6666666666666667
2011-04-22 05:24:03-04:00,0.25
2011-04-22 05:24:06-04:00,1.0
2011-04-22 05:24:09-04:00,1.0
2011-04-22 05:24:12-04:00,1.0
2011-04-22 05:24:15-04:00,1.0
2011-04-22 05:24:18-04:00,0.33333333333333337
2011-04-22 05:24:21-04:00,0.5
2011-04-22 05:24:24-04:00,1.0
2011-04-22 05:24:27-04:00,1.0
2011-04-22 05:24:30-04:00,1.0
2011-04-22 05:24:33-04:00,1.0
2011-04-22 05:24:36-04:00,1.0
2011-04-22 05:24:39-04:00,1.0
2011-04-22 05:24:42-04:00,1.0
2011-04-22 05:24:45-04:00,1.0
2011-04-22 05:24:48-04:00,1.0
2011-04-22 05:24:51-04:00,0.5
2011-04-22 05:24:54-04:00,0.3333333333333333
2011-04-22 05:24:57-04:00,1.0
2011-04-22 05:25:00-04:00,1.0
2011-04-22 05:25:03-04:00,1.0
2011-04-22 05:25:06-04:00,1.0
2011-04-22 05:25:09-04:00,1.0
2011-04-22 05:25:12-04:00,1.0
2011-04-22 05:25:15-04:00,1.0
2011-04-22 05:25:18-04:00,1.0
2011-04-22 05:25:21-04:00,1.0
2011-04-22 05:25:24-04:00,1.0
2011-04-22 05:25:27-04:00,1.0
2011-04-22 05:25:30-04:00,1.0
2011-04-22 05:25:33-04:00,1.0
2011-04-22 05:25:36-04:00,1.0
2011-04-22 05:25:39-04:00,1.0
2011-04-22 05:25:42-04:00,1.0
2011-04-22 05:25:45-04:00,1.0
2011-04-22 05:25:48-04:00,1.0
2011-04-22 05:25:51-04:00,1.0
2011-04-22 05:25:54-04:00,0.6666666666666667
2011-04-22 05:25:57-04:00,0.25
2011-04-22 05:26:00-04:00,1.0
2011-04-22 05:26:03-04:00,1.0
2011-04-22 05:26:06-04:00,1.0
2011-04-22 05:26:09-04:00,1.0
2011-04-22 05:26:12-04:00,1.0
2011-04-22 05:26:15-04:00,1.0
2011-04-22 05:26:18-04:00,1.0
2011-04-22 05:26:21-04:00,1.0
2011-04-22 05:26:24-04:00,1.0
2011-04-22 05:26:27-04:00,1.0
2011-04-22 05:26:30-04:00,1.0
2011-04-22 05:26:33-04:00,1.0
2011-04-22 05:26:36-04:00,1.0
2011-04-22 05:26:39-04:00,1.0
2011-04-22 05:26:42-04:00,1.0
2011-04-22 05:26:45-04:00,1.0
2011-04-22 05:26:48-04:00,1.0
2011-04-22 05:26:51-04:00,1.0
2011-04-22 05:26:54-04:00,1.0
2011-04-22 05:26:57-04:00,1.0
2011-04-22 05:27:00-04:00,1.0
2011-04-22 05:27:03-04:00,1.0
2011-04-22 05:27:06-04:00,1.0
2011-04-22 05:27:09-04:00,1.0
2011-04-22 05:27:12-04:00,1.0
2011-04-22 05:27:15-04:00,1.0
2011-04-22 05:27:18-04:00,1.0
2011-04-22 05:27:21-04:00,1.0
2011-04-22 05:27:24-04:00,1.0
2011-04-22 05:27:27-04:00,1.0
2011-04-22 05:27:30-04:00,1.0
2011-04-22 05:27:33-04:00,1.0
2011-04-22 05:27:36-04:00,1.0
2011-04-22 05:27:39-04:00,1.0
2011-04-22 05:27:42-04:00,1.0
2011-04-22 05:27:45-04:00,1.0
2011-04-22 05:27:48-04:00,1.0
2011-04-22 05:27:51-04:00,1.0
2011-04-22 05:27:54-04:00,1.0
2011-04-22 05:27:57-04:00,1.0
2011-04-22 05:28:00-04:00,1.0
2011-04-22 05:28:03-04:00,1.0
2011-04-22 05:28:06-04:00,1.0
2011-04-22 05:28:09-04:00,1.0
2011-04-22 05:28:12-04:00,1.0
2011-04-22 05:28:15-04:00,1.0
2011-04-22 05:28:18-04:00,1.0
2011-04-22 05:28:21-04:00,1.0
2011-04-22 05:28:24-04:00,1.0
2011-04-22 05:28:27-04:00,1.0
2011-04-22 05:28:30-04:00,1.0
2011-04-22 05:28:33-04:00,1.0
2011-04-22 05:28:36-04:00,1.0
2011-04-22 05:28:39-04:00,1.0
2011-04-22 05:28:42-04:00,1.0
2011-04-22 05:28:45-04:00,0.6666666666666667
2011-04-22 05:28:48-04:00,0.0
2011-04-22 05:28:51-04:00,0.0
2011-04-22 05:28:54-04:00,1.0
2011-04-22 05:28:57-04:00,0.25
2011-04-22 05:29:00-04:00,0.6666666666666666
2011-04-22 05:29:03-04:00,0.33333333333333337
2011-04-22 05:29:06-04:00,0.5
2011-04-22 05:29:09-04:00,1.0
2011-04-22 05:29:12-04:00,1.0
2011-04-22 05:29:15-04:00,1.0
2011-04-22 05:29:18-04:00,1.0
2011-04-22 05:29:21-04:00,1.0
2011-04-22 05:29:24-04:00,1.0
2011-04-22 05:29:27-04:00,1.0
2011-04-22 05:29:30-04:00,1.0
2011-04-22 05:29:33-04:00,1.0
2011-04-22 05:29:36-04:00,1.0
2011-04-22 05:29:39-04:00,1.0
2011-04-22 05:29:42-04:00,1.0
2011-04-22 05:29:45-04:00,1.0
2011-04-22 05:29:48-04:00,1.0
2011-04-22 05:29:51-04:00,1.0
2011-04-22 05:29:54-04:00,1.0
2011-04-22 05:29:57-04:00,1.0
2011-04-22 05:30:00-04:00,1.0
2011-04-22 05:30:03-04:00,1.0
2011-04-22 05:30:06-04:00,1.0
2011-04-22 05:30:09-04:00,1.0
2011-04-22 05:30:12-04:00,1.0
2011-04-22 05:30:15-04:00,1.0
2011-04-22 05:30:18-04:00,1.0
2011-04-22 05:30:21-04:00,1.0
2011-04-22 05:30:24-04:00,1.0
2011-04-22 05:30:27-04:00,1.0
2011-04-22 05:30:30-04:00,1.0
2011-04-22 05:30:33-04:00,1.0
2011-04-22 05:30:36-04:00,1.0
2011-04-22 05:30:39-04:00,1.0
2011-04-22 05:30:42-04:00,1.0
2011-04-22 05:30:45-04:00,1.0
2011-04-22 05:30:48-04:00,1.0
2011-04-22 05:30:51-04:00,1.0
2011-04-22 05:30:54-04:00,1.0
2011-04-22 05:30:57-04:00,1.0
2011-04-22 05:31:00-04:00,1.0
2011-04-22 05:31:03-04:00,1.0
2011-04-22 05:31:06-04:00,1.0
2011-04-22 05:31:09-04:00,1.0
2011-04-22 05:31:12-04:00,1.0
2011-04-22 05:31:15-04:00,1.0
2011-04-22 05:31:18-04:00,1.0
2011-04-22 05:31:21-04:00,1.0
2011-04-22 05:31:24-04:00,1.0
2011-04-22 05:31:27-04:00,1.0
2011-04-22 05:31:30-04:00,1.0
2011-04-22 05:31:33-04:00,1.0
2011-04-22 05:31:36-04:00,1.0
2011-04-22 05:31:39-04:00,1.0
2011-04-22 05:31:42-04:00,1.0
2011-04-22 05:31:45-04:00,1.0
2011-04-22 05:31:48-04:00,1.0
2011-04-22 05:31:51-04:00,1.0
2011-04-22 05:31:54-04:00,1.0
2011-04-22 05:31:57-04:00,1.0
2011-04-22 05:32:00-04:00,1.0
2011-04-22 05:32:03-04:00,1.0
2011-04-22 05:32:06-04:00,1.0
2011-04-22 05:32:09-04:00,1.0
2011-04-22 05:32:12-04:00,1.0
2011-04-22 05:32:15-04:00,1.0
2011-04-22 05:32:18-04:00,1.0
2011-04-22 05:32:21-04:00,1.0
2011-04-22 05:32:24-04:00,1.0
2011-04-22 05:32:27-04:00,1.0
2011-04-22 05:32:30-04:00,1.0
2011-04-22 05:32:33-04:00,1.0
2011-04-22 05:32:36-04:00,1.0
2011-04-22 05:32:39-04:00,1.0
2011-04-22 05:32:42-04:00,1.0
2011-04-22 05:32:45-04:00,1.0
2011-04-22 05:32:48-04:00,1.0
2011-04-22 05:32:51-04:00,1.0
2011-04-22 05:32:54-04:00,1.0
2011-04-22 05:32:57-04:00,1.0
2011-04-22 05:33:00-04:00,1.0
2011-04-22 05:33:03-04:00,1.0
2011-04-22 05:33:06-04:00,1.0
2011-04-22 05:33:09-04:00,1.0
2011-04-22 05:33:12-04:00,1.0
2011-04-22 05:33:15-04:00,0.5
2011-04-22 05:33:18-04:00,0.3333333333333333
2011-04-22 05:33:21-04:00,1.0
2011-04-22 05:33:24-04:00,1.0
2011-04-22 05:33:27-04:00,1.0
2011-04-22 05:33:30-04:00,1.0
2011-04-22 05:33:33-04:00,1.0
2011-04-22 05:33:36-04:00,1.0
2011-04-22 05:33:39-04:00,1.0
2011-04-22 05:33:42-04:00,1.0
2011-04-22 05:33:45-04:00,1.0
2011-04-22 05:33:48-04:00,1.0
2011-04-22 05:33:51-04:00,1.0
2011-04-22 05:33:54-04:00,1.0
2011-04-22 05:33:57-04:00,1.0
2011-04-22 05:34:00-04:00,1.0
2011-04-22 05:34:03-04:00,1.0
2011-04-22 05:34:06-04:00,1.0
2011-04-22 05:34:09-04:00,1.0
2011-04-22 05:34:12-04:00,1.0
2011-04-22 05:34:15-04:00,1.0
2011-04-22 05:34:18-04:00,1.0
2011-04-22 05:34:21-04:00,1.0
2011-04-22 05:34:24-04:00,1.0
2011-04-22 05:34:27-04:00,1.0
2011-04-22 05:34:30-04:00,1.0
2011-04-22 05:34:33-04:00,1.0
2011-04-22 05:34:36-04:00,1.0
2011-04-22 05:34:39-04:00,1.0
2011-04-22 05:34:42-04:00,0.25
2011-04-22 05:34:45-04:00,0.6666666666666666
2011-04-22 05:34:48-04:00,1.0
2011-04-22 05:34:51-04:00,1.0
2011-04-22 05:34:54-04:00,1.0
2011-04-22 05:34:57-04:00,1.0
2011-04-22 05:35:00-04:00,1.0
2011-04-22 05:35:03-04:00,1.0
2011-04-22 05:35:06-04:00,1.0
2011-04-22 05:35:09-04:00,1.0
2011-04-22 05:35:12-04:00,1.0
2011-04-22 05:35:15-04:00,1.0
2011-04-22 05:35:18-04:00,1.0
2011-04-22 05:35:21-04:00,1.0
2011-04-22 05:35:24-04:00,0.0
2011-04-22 05:35:27-04:00,1.0
2011-04-22 05:35:30-04:00,1.0
2011-04-22 05:35:33-04:00,1.0
2011-04-22 05:35:36-04:00,1.0
2011-04-22 05:35:39-04:00,1.0
2011-04-22 05:35:42-04:00,1.0
2011-04-22 05:35:45-04:00,1.0
2011-04-22 05:35:48-04:00,1.0
2011-04-22 05:35:51-04:00,1.0
2011-04-22 05:35:54-04:00,1.0
2011-04-22 05:35:57-04:00,1.0
2011-04-22 05:36:00-04:00,1.0
2011-04-22 05:36:03-04:00,1.0
2011-04-22 05:36:06-04:00,1.0
2011-04-22 05:36:09-04:00,1.0
2011-04-22 05:36:12-04:00,1.0
2011-04-22 05:36:15-04:00,1.0
2011-04-22 05:36:18-04:00,1.0
2011-04-22 05:36:21-04:00,1.0
2011-04-22 05:36:24-04:00,1.0
2011-04-22 05:36:27-04:00,1.0
2011-04-22 05:36:30-04:00,1.0
2011-04-22 05:36:33-04:00,1.0
2011-04-22 05:36:36-04:00,1.0
2011-04-22 05:36:39-04:00,1.0
2011-04-22 05:36:42-04:00,1.0
2011-04-22 05:36:45-04:00,1.0
2011-04-22 05:36:48-04:00,1.0
2011-04-22 05:36:51-04:00,1.0
2011-04-22 05:36:54-04:00,1.0
2011-04-22 05:36:57-04:00,1.0
2011-04-22 05:37:00-04:00,1.0
2011-04-22 05:37:03-04:00,1.0
2011-04-22 05:37:06-04:00,1.0
2011-04-22 05:37:09-04:00,1.0
2011-04-22 05:37:12-04:00,1.0
2011-04-22 05:37:15-04:00,1.0
2011-04-22 05:37:18-04:00,1.0
2011-04-22 05:37:21-04:00,1.0
2011-04-22 05:37:24-04:00,1.0
2011-04-22 05:37:27-04:00,1.0
2011-04-22 05:37:30-04:00,1.0
2011-04-22 05:37:33-04:00,1.0
2011-04-22 05:37:36-04:00,1.0
2011-04-22 05:37:39-04:00,1.0
2011-04-22 05:37:42-04:00,1.0
2011-04-22 05:37:45-04:00,1.0
2011-04-22 05:37:48-04:00,1.0
2011-04-22 05:37:51-04:00,1.0
2011-04-22 05:37:54-04:00,1.0
2011-04-22 05:37:57-04:00,1.0
2011-04-22 05:38:00-04:00,1.0
2011-04-22 05:38:03-04:00,1.0
2011-04-22 05:38:06-04:00,1.0
2011-04-22 05:38:09-04:00,1.0
2011-04-22 05:38:12-04:00,1.0
2011-04-22 05:38:15-04:00,1.0
2011-04-22 05:38:18-04:00,1.0
2011-04-22 05:38:21-04:00,1.0
2011-04-22 05:38:24-04:00,1.0
2011-04-22 05:38:27-04:00,1.0
2011-04-22 05:38:30-04:00,1.0
2011-04-22 05:38:33-04:00,1.0
2011-04-22 05:38:36-04:00,1.0
2011-04-22 05:38:39-04:00,1.0
2011-04-22 05:38:42-04:00,1.0
2011-04-22 05:38:45-04:00,1.0
2011-04-22 05:38:48-04:00,1.0
2011-04-22 05:38:51-04:00,1.0
2011-04-22 05:38:54-04:00,1.0
2011-04-22 05:38:57-04:00,1.0
2011-04-22 05:39:00-04:00,1.0
2011-04-22 05:39:03-04:00,1.0
2011-04-22 05:39:06-04:00,1.0
2011-04-22 05:39:09-04:00,1.0
2011-04-22 05:39:12-04:00,1.0
2011-04-22 05:39:15-04:00,1.0
2011-04-22 05:39:18-04:00,1.0
2011-04-22 05:39:21-04:00,1.0
2011-04-22 05:39:24-04:00,1.0
2011-04-22 05:39:27-04:00,1.0
2011-04-22 05:39:30-04:00,1.0
2011-04-22 05:39:33-04:00,1.0
2011-04-22 05:39:36-04:00,1.0
2011-04-22 05:39:39-04:00,1.0
2011-04-22 05:39:42-04:00,1.0
2011-04-22 05:39:45-04:00,1.0
2011-04-22 05:39:48-04:00,1.0
2011-04-22 05:39:51-04:00,1.0
2011-04-22 05:39:54-04:00,1.0
2011-04-22 05:39:57-04:00,1.0
2011-04-22 05:40:00-04:00,1.0
2011-04-22 05:40:03-04:00,1.0
2011-04-22 05:40:06-04:00,1.0
2011-04-22 05:40:09-04:00,1.0
2011-04-22 05:40:12-04:00,1.0
2011-04-22 05:40:15-04:00,1.0
2011-04-22 05:40:18-04:00,1.0
2011-04-22 05:40:21-04:00,1.0
2011-04-22 05:40:24-04:00,1.0
2011-04-22 05:40:27-04:00,1.0
2011-04-22 05:40:30-04:00,1.0
2011-04-22 05:40:33-04:00,1.0
2011-04-22 05:40:36-04:00,1.0
2011-04-22 05:40:39-04:00,1.0
2011-04-22 05:40:42-04:00,1.0
2011-04-22 05:40:45-04:00,1.0
2011-04-22 05:40:48-04:00,1.0
2011-04-22 05:40:51-04:00,1.0
2011-04-22 05:40:54-04:00,1.0
2011-04-22 05:40:57-04:00,1.0
2011-04-22 05:41:00-04:00,1.0
2011-04-22 05:41:03-04:00,1.0
2011-04-22 05:41:06-04:00,1.0
2011-04-22 05:41:09-04:00,1.0
2011-04-22 05:41:12-04:00,1.0
2011-04-22 05:41:15-04:00,1.0
2011-04-22 05:41:18-04:00,1.0
2011-04-22 05:41:21-04:00,1.0
2011-04-22 05:41:24-04:00,0.33333333333333337
2011-04-22 05:41:27-04:00,0.2222222222222222
2011-04-22 05:41:30-04:00,0.5555555555555556
2011-04-22 05:41:33-04:00,0.8888888888888888
2011-04-22 05:41:36-04:00,1.0
2011-04-22 05:41:39-04:00,1.0
2011-04-22 05:41:42-04:00,1.0
2011-04-22 05:41:45-04:00,1.0
2011-04-22 05:41:48-04:00,1.0
2011-04-22 05:41:51-04:00,1.0
2011-04-22 05:41:54-04:00,1.0
2011-04-22 05:41:57-04:00,1.0
2011-04-22 05:42:00-04:00,1.0
2011-04-22 05:42:03-04:00,1.0
2011-04-22 05:42:06-04:00,1.0
2011-04-22 05:42:09-04:00,1.0
2011-04-22 05:42:12-04:00,1.0
2011-04-22 05:42:15-04:00,0.0
2011-04-22 05:42:18-04:00,0.0
2011-04-22 05:42:21-04:00,0.6666666666666666
2011-04-22 05:42:24-04:00,1.0
2011-04-22 05:42:27-04:00,1.0
2011-04-22 05:42:30-04:00,1.0
2011-04-22 05:42:33-04:00,1.0
2011-04-22 05:42:36-04:00,1.0
2011-04-22 05:42:39-04:00,1.0
2011-04-22 05:42:42-04:00,1.0
2011-04-22 05:42:45-04:00,1.0
2011-04-22 05:42:48-04:00,1.0
2011-04-22 05:42:51-04:00,1.0
2011-04-22 05:42:54-04:00,1.0
2011-04-22 05:42:57-04:00,1.0
2011-04-22 05:43:00-04:00,1.0
2011-04-22 05:43:03-04:00,1.0
2011-04-22 05:43:06-04:00,1.0
2011-04-22 05:43:09-04:00,1.0
2011-04-22 05:43:12-04:00,1.0
2011-04-22 05:43:15-04:00,1.0
2011-04-22 05:43:18-04:00,1.0
2011-04-22 05:43:21-04:00,1.0
2011-04-22 05:43:24-04:00,1.0
2011-04-22 05:43:27-04:00,1.0
2011-04-22 05:43:30-04:00,1.0
2011-04-22 05:43:33-04:00,1.0
2011-04-22 05:43:36-04:00,1.0
2011-04-22 05:43:39-04:00,1.0
2011-04-22 05:43:42-04:00,1.0
2011-04-22 05:43:45-04:00,1.0
2011-04-22 05:43:48-04:00,1.0
2011-04-22 05:43:51-04:00,1.0
2011-04-22 05:43:54-04:00,1.0
2011-04-22 05:43:57-04:00,1.0
2011-04-22 05:44:00-04:00,1.0
2011-04-22 05:44:03-04:00,1.0
2011-04-22 05:44:06-04:00,1.0
2011-04-22 05:44:09-04:00,1.0
2011-04-22 05:44:12-04:00,1.0
2011-04-22 05:44:15-04:00,1.0
2011-04-22 05:44:18-04:00,1.0
2011-04-22 05:44:21-04:00,1.0
2011-04-22 05:44:24-04:00,1.0
2011-04-22 05:44:27-04:00,1.0
2011-04-22 05:44:30-04:00,1.0
2011-04-22 05:44:33-04:00,1.0
2011-04-22 05:44:36-04:00,1.0
2011-04-22 05:44:39-04:00,1.0
2011-04-22 05:44:42-04:00,1.0
2011-04-22 05:44:45-04:00,1.0
2011-04-22 05:44:48-04:00,1.0
2011-04-22 05:44:51-04:00,1.0
2011-04-22 05:44:54-04:00,1.0
2011-04-22 05:44:57-04:00,1.0
2011-04-22 05:45:00-04:00,1.0
2011-04-22 05:45:03-04:00,1.0
2011-04-22 05:45:06-04:00,1.0
2011-04-22 05:45:09-04:00,1.0
2011-04-22 05:45:12-04:00,1.0
2011-04-22 05:45:15-04:00,1.0
2011-04-22 05:45:18-04:00,1.0
2011-04-22 05:45:21-04:00,1.0
2011-04-22 05:45:24-04:00,1.0
2011-04-22 05:45:27-04:00,1.0
2011-04-22 05:45:30-04:00,1.0
2011-04-22 05:45:33-04:00,1.0
2011-04-22 05:45:36-04:00,1.0
2011-04-22 05:45:39-04:00,1.0
2011-04-22 05:45:42-04:00,1.0
2011-04-22 05:45:45-04:00,1.0
2011-04-22 05:45:48-04:00,1.0
2011-04-22 05:45:51-04:00,1.0
2011-04-22 05:45:54-04:00,1.0
2011-04-22 05:45:57-04:00,1.0
2011-04-22 05:46:00-04:00,1.0
2011-04-22 05:46:03-04:00,1.0
2011-04-22 05:46:06-04:00,1.0
2011-04-22 05:46:09-04:00,1.0
2011-04-22 05:46:12-04:00,1.0
2011-04-22 05:46:15-04:00,1.0
2011-04-22 05:46:18-04:00,1.0
2011-04-22 05:46:21-04:00,1.0
2011-04-22 05:46:24-04:00,1.0
2011-04-22 05:46:27-04:00,1.0
2011-04-22 05:46:30-04:00,0.7777777777777778
2011-04-22 05:46:33-04:00,0.4444444444444444
2011-04-22 05:46:36-04:00,0.11111111111111116
2011-04-22 05:46:39-04:00,0.0
2011-04-22 05:46:42-04:00,0.5
2011-04-22 05:46:45-04:00,1.0
2011-04-22 05:46:48-04:00,1.0
2011-04-22 05:46:51-04:00,1.0
2011-04-22 05:46:54-04:00,1.0
2011-04-22 05:46:57-04:00,1.0
2011-04-22 05:47:00-04:00,1.0
2011-04-22 05:47:03-04:00,1.0
2011-04-22 05:47:06-04:00,1.0
2011-04-22 05:47:09-04:00,1.0
2011-04-22 05:47:12-04:00,1.0
2011-04-22 05:47:15-04:00,1.0
2011-04-22 05:47:18-04:00,1.0
2011-04-22 05:47:21-04:00,1.0
2011-04-22 05:47:24-04:00,1.0
2011-04-22 05:47:27-04:00,1.0
2011-04-22 05:47:30-04:00,1.0
2011-04-22 05:47:33-04:00,1.0
2011-04-22 05:47:36-04:00,1.0
2011-04-22 05:47:39-04:00,1.0
2011-04-22 05:47:42-04:00,1.0
2011-04-22 05:47:45-04:00,1.0
2011-04-22 05:47:48-04:00,1.0
2011-04-22 05:47:51-04:00,1.0
2011-04-22 05:47:54-04:00,1.0
2011-04-22 05:47:57-04:00,1.0
2011-04-22 05:48:00-04:00,1.0
2011-04-22 05:48:03-04:00,1.0
2011-04-22 05:48:06-04:00,1.0
2011-04-22 05:48:09-04:00,1.0
2011-04-22 05:48:12-04:00,1.0
2011-04-22 05:48:15-04:00,1.0
2011-04-22 05:48:18-04:00,1.0
2011-04-22 05:48:21-04:00,1.0
2011-04-22 05:48:24-04:00,1.0
2011-04-22 05:48:27-04:00,1.0
2011-04-22 05:48:30-04:00,1.0
2011-04-22 05:48:33-04:00,1.0
2011-04-22 05:48:36-04:00,1.0
2011-04-22 05:48:39-04:00,0.6666666666666667
2011-04-22 05:48:42-04:00,0.25
2011-04-22 05:48:45-04:00,1.0
2011-04-22 05:48:48-04:00,1.0
2011-04-22 05:48:51-04:00,1.0
2011-04-22 05:48:54-04:00,1.0
2011-04-22 05:48:57-04:00,1.0
2011-04-22 05:49:00-04:00,1.0
2011-04-22 05:49:03-04:00,1.0
2011-04-22 05:49:06-04:00,1.0
2011-04-22 05:49:09-04:00,1.0
2011-04-22 05:49:12-04:00,1.0
2011-04-22 05:49:15-04:00,1.0
2011-04-22 05:49:18-04:00,1.0
2011-04-22 05:49:21-04:00,1.0
2011-04-22 05:49:24-04:00,1.0
2011-04-22 05:49:27-04:00,1.0
2011-04-22 05:49:30-04:00,1.0
2011-04-22 05:49:33-04:00,1.0
2011-04-22 05:49:36-04:00,1.0
2011-04-22 05:49:39-04:00,1.0
2011-04-22 05:49:42-04:00,1.0
2011-04-22 05:49:45-04:00,1.0
2011-04-22 05:49:48-04:00,1.0
2011-04-22 05:49:51-04:00,1.0
2011-04-22 05:49:54-04:00,1.0
2011-04-22 05:49:57-04:00,1.0
2011-04-22 05:50:00-04:00,1.0
2011-04-22 05:50:03-04:00,1.0
2011-04-22 05:50:06-04:00,1.0
2011-04-22 05:50:09-04:00,1.0
2011-04-22 05:50:12-04:00,1.0
2011-04-22 05:50:15-04:00,1.0
2011-04-22 05:50:18-04:00,1.0
2011-04-22 05:50:21-04:00,1.0
2011-04-22 05:50:24-04:00,1.0
2011-04-22 05:50:27-04:00,1.0
2011-04-22 05:50:30-04:00,1.0
2011-04-22 05:50:33-04:00,1.0
2011-04-22 05:50:36-04:00,1.0
2011-04-22 05:50:39-04:00,1.0
2011-04-22 05:50:42-04:00,1.0
2011-04-22 05:50:45-04:00,1.0
2011-04-22 05:50:48-04:00,1.0
2011-04-22 05:50:51-04:00,1.0
2011-04-22 05:50:54-04:00,1.0
2011-04-22 05:50:57-04:00,1.0
2011-04-22 05:51:00-04:00,1.0
2011-04-22 05:51:03-04:00,1.0
2011-04-22 05:51:06-04:00,1.0
2011-04-22 05:51:09-04:00,1.0
2011-04-22 05:51:12-04:00,1.0
2011-04-22 05:51:15-04:00,1.0
2011-04-22 05:51:18-04:00,1.0
2011-04-22 05:51:21-04:00,1.0
2011-04-22 05:51:24-04:00,1.0
2011-04-22 05:51:27-04:00,1.0
2011-04-22 05:51:30-04:00,1.0
2011-04-22 05:51:33-04:00,1.0
2011-04-22 05:51:36-04:00,1.0
2011-04-22 05:51:39-04:00,1.0
2011-04-22 05:51:42-04:00,1.0
2011-04-22 05:51:45-04:00,1.0
2011-04-22 05:51:48-04:00,1.0
2011-04-22 05:51:51-04:00,1.0
2011-04-22 05:51:54-04:00,1.0
2011-04-22 05:51:57-04:00,1.0
2011-04-22 05:52:00-04:00,1.0
2011-04-22 05:52:03-04:00,1.0
2011-04-22 05:52:06-04:00,1.0
2011-04-22 05:52:09-04:00,1.0
2011-04-22 05:52:12-04:00,1.0
2011-04-22 05:52:15-04:00,1.0
2011-04-22 05:52:18-04:00,1.0
2011-04-22 05:52:21-04:00,1.0
2011-04-22 05:52:24-04:00,1.0
2011-04-22 05:52:27-04:00,1.0
2011-04-22 05:52:30-04:00,1.0
2011-04-22 05:52:33-04:00,1.0
2011-04-22 05:52:36-04:00,1.0
2011-04-22 05:52:39-04:00,1.0
2011-04-22 05:52:42-04:00,1.0
2011-04-22 05:52:45-04:00,1.0
2011-04-22 05:52:48-04:00,1.0
2011-04-22 05:52:51-04:00,1.0
2011-04-22 05:52:54-04:00,1.0
2011-04-22 05:52:57-04:00,1.0
2011-04-22 05:53:00-04:00,1.0
2011-04-22 05:53:03-04:00,1.0
2011-04-22 05:53:06-04:00,1.0
2011-04-22 05:53:09-04:00,1.0
2011-04-22 05:53:12-04:00,1.0
2011-04-22 05:53:15-04:00,1.0
2011-04-22 05:53:18-04:00,1.0
2011-04-22 05:53:21-04:00,1.0
2011-04-22 05:53:24-04:00,1.0
2011-04-22 05:53:27-04:00,1.0
2011-04-22 05:53:30-04:00,1.0
2011-04-22 05:53:33-04:00,1.0
2011-04-22 05:53:36-04:00,1.0
2011-04-22 05:53:39-04:00,1.0
2011-04-22 05:53:42-04:00,1.0
2011-04-22 05:53:45-04:00,1.0
2011-04-22 05:53:48-04:00,1.0
2011-04-22 05:53:51-04:00,1.0
2011-04-22 05:53:54-04:00,1.0
2011-04-22 05:53:57-04:00,1.0
2011-04-22 05:54:00-04:00,1.0
2011-04-22 05:54:03-04:00,1.0
2011-04-22 05:54:06-04:00,1.0
2011-04-22 05:54:09-04:00,1.0
2011-04-22 05:54:12-04:00,1.0
2011-04-22 05:54:15-04:00,1.0
2011-04-22 05:54:18-04:00,1.0
2011-04-22 05:54:21-04:00,1.0
2011-04-22 05:54:24-04:00,1.0
2011-04-22 05:54:27-04:00,1.0
2011-04-22 05:54:30-04:00,1.0
2011-04-22 05:54:33-04:00,1.0
2011-04-22 05:54:36-04:00,1.0
2011-04-22 05:54:39-04:00,1.0
2011-04-22 05:54:42-04:00,1.0
2011-04-22 05:54:45-04:00,1.0
2011-04-22 05:54:48-04:00,1.0
2011-04-22 05:54:51-04:00,1.0
2011-04-22 05:54:54-04:00,1.0
2011-04-22 05:54:57-04:00,1.0
2011-04-22 05:55:00-04:00,1.0
2011-04-22 05:55:03-04:00,1.0
2011-04-22 05:55:06-04:00,1.0
2011-04-22 05:55:09-04:00,1.0
2011-04-22 05:55:12-04:00,1.0
2011-04-22 05:55:15-04:00,1.0
2011-04-22 05:55:18-04:00,1.0
2011-04-22 05:55:21-04:00,1.0
2011-04-22 05:55:24-04:00,1.0
2011-04-22 05:55:27-04:00,1.0
2011-04-22 05:55:30-04:00,1.0
2011-04-22 05:55:33-04:00,1.0
2011-04-22 05:55:36-04:00,1.0
2011-04-22 05:55:39-04:00,1.0
2011-04-22 05:55:42-04:00,1.0
2011-04-22 05:55:45-04:00,1.0
2011-04-22 05:55:48-04:00,1.0
2011-04-22 05:55:51-04:00,1.0
2011-04-22 05:55:54-04:00,1.0
2011-04-22 05:55:57-04:00,1.0
2011-04-22 05:56:00-04:00,1.0
2011-04-22 05:56:03-04:00,1.0
2011-04-22 05:56:06-04:00,1.0
2011-04-22 05:56:09-04:00,1.0
2011-04-22 05:56:12-04:00,1.0
2011-04-22 05:56:15-04:00,1.0
2011-04-22 05:56:18-04:00,1.0
2011-04-22 05:56:21-04:00,1.0
2011-04-22 05:56:24-04:00,1.0
2011-04-22 05:56:27-04:00,1.0
2011-04-22 05:56:30-04:00,1.0
2011-04-22 05:56:33-04:00,1.0
2011-04-22 05:56:36-04:00,1.0
2011-04-22 05:56:39-04:00,1.0
2011-04-22 05:56:42-04:00,1.0
2011-04-22 05:56:45-04:00,1.0
2011-04-22 05:56:48-04:00,1.0
2011-04-22 05:56:51-04:00,1.0
2011-04-22 05:56:54-04:00,1.0
2011-04-22 05:56:57-04:00,1.0
2011-04-22 05:57:00-04:00,1.0
2011-04-22 05:57:03-04:00,1.0
2011-04-22 05:57:06-04:00,1.0
2011-04-22 05:57:09-04:00,1.0
2011-04-22 05:57:12-04:00,1.0
2011-04-22 05:57:15-04:00,1.0
2011-04-22 05:57:18-04:00,1.0
2011-04-22 05:57:21-04:00,1.0
2011-04-22 05:57:24-04:00,1.0
2011-04-22 05:57:27-04:00,1.0
2011-04-22 05:57:30-04:00,1.0
2011-04-22 05:57:33-04:00,1.0
2011-04-22 05:57:36-04:00,0.5
2011-04-22 05:57:39-04:00,0.25
2011-04-22 05:57:42-04:00,1.0
2011-04-22 05:57:45-04:00,1.0
2011-04-22 05:57:48-04:00,1.0
2011-04-22 05:57:51-04:00,0.5
2011-04-22 05:57:54-04:00,0.25
2011-04-22 05:57:57-04:00,1.0
2011-04-22 05:58:00-04:00,1.0
2011-04-22 05:58:03-04:00,1.0
2011-04-22 05:58:06-04:00,1.0
2011-04-22 05:58:09-04:00,1.0
2011-04-22 05:58:12-04:00,1.0
2011-04-22 05:58:15-04:00,1.0
2011-04-22 05:58:18-04:00,0.0
2011-04-22 05:58:21-04:00,0.75
2011-04-22 05:58:24-04:00,1.0
2011-04-22 05:58:27-04:00,1.0
2011-04-22 05:58:30-04:00,1.0
2011-04-22 05:58:33-04:00,1.0
2011-04-22 05:58:36-04:00,0.5
2011-04-22 05:58:39-04:00,0.0
2011-04-22 05:58:42-04:00,0.25
2011-04-22 05:58:45-04:00,1.0
2011-04-22 05:58:48-04:00,1.0
2011-04-22 05:58:51-04:00,1.0
2011-04-22 05:58:54-04:00,1.0
2011-04-22 05:58:57-04:00,1.0
2011-04-22 05:59:00-04:00,1.0
2011-04-22 05:59:03-04:00,1.0
2011-04-22 05:59:06-04:00,1.0
2011-04-22 05:59:09-04:00,1.0
2011-04-22 05:59:12-04:00,1.0
2011-04-22 05:59:15-04:00,0.25
2011-04-22 05:59:18-04:00,0.6666666666666666
2011-04-22 05:59:21-04:00,1.0
2011-04-22 05:59:24-04:00,1.0
2011-04-22 05:59:27-04:00,0.875
2011-04-22 05:59:30-04:00,0.5
2011-04-22 05:59:33-04:00,0.125
2011-04-22 05:59:36-04:00,0.5
2011-04-22 05:59:39-04:00,1.0
2011-04-22 05:59:42-04:00,1.0
2011-04-22 05:59:45-04:00,1.0
2011-04-22 05:59:48-04:00,1.0
2011-04-22 05:59:51-04:00,1.0
2011-04-22 05:59:54-04:00,1.0
2011-04-22 05:59:57-04:00,1.0
2011-04-22 06:00:00-04:00,1.0
2011-04-22 06:00:03-04:00,1.0
2011-04-22 06:00:06-04:00,1.0
2011-04-22 06:00:09-04:00,1.0
2011-04-22 06:00:12-04:00,1.0
2011-04-22 06:00:15-04:00,1.0
2011-04-22 06:00:18-04:00,1.0
2011-04-22 06:00:21-04:00,1.0
2011-04-22 06:00:24-04:00,1.0
2011-04-22 06:00:27-04:00,1.0
2011-04-22 06:00:30-04:00,1.0
2011-04-22 06:00:33-04:00,1.0
2011-04-22 06:00:36-04:00,1.0
2011-04-22 06:00:39-04:00,1.0
2011-04-22 06:00:42-04:00,1.0
2011-04-22 06:00:45-04:00,1.0
2011-04-22 06:00:48-04:00,1.0
2011-04-22 06:00:51-04:00,1.0
2011-04-22 06:00:54-04:00,1.0
2011-04-22 06:00:57-04:00,1.0
2011-04-22 06:01:00-04:00,1.0
2011-04-22 06:01:03-04:00,1.0
2011-04-22 06:01:06-04:00,1.0
2011-04-22 06:01:09-04:00,1.0
2011-04-22 06:01:12-04:00,1.0
2011-04-22 06:01:15-04:00,1.0
2011-04-22 06:01:18-04:00,1.0
2011-04-22 06:01:21-04:00,1.0
2011-04-22 06:01:24-04:00,1.0
2011-04-22 06:01:27-04:00,1.0
2011-04-22 06:01:30-04:00,1.0
2011-04-22 06:01:33-04:00,1.0
2011-04-22 06:01:36-04:00,0.5
2011-04-22 06:01:39-04:00,0.3333333333333333
2011-04-22 06:01:42-04:00,1.0
2011-04-22 06:01:45-04:00,1.0
2011-04-22 06:01:48-04:00,1.0
2011-04-22 06:01:51-04:00,1.0
2011-04-22 06:01:54-04:00,1.0
2011-04-22 06:01:57-04:00,1.0
2011-04-22 06:02:00-04:00,1.0
2011-04-22 06:02:03-04:00,1.0
2011-04-22 06:02:06-04:00,1.0
2011-04-22 06:02:09-04:00,0.75
2011-04-22 06:02:12-04:00,0.0
2011-04-22 06:02:15-04:00,1.0
2011-04-22 06:02:18-04:00,1.0
2011-04-22 06:02:21-04:00,1.0
2011-04-22 06:02:24-04:00,1.0
2011-04-22 06:02:27-04:00,0.8888888888888888
2011-04-22 06:02:30-04:00,0.5555555555555556
2011-04-22 06:02:33-04:00,0.2222222222222222
2011-04-22 06:02:36-04:00,0.3333333333333333
2011-04-22 06:02:39-04:00,1.0
2011-04-22 06:02:42-04:00,1.0
2011-04-22 06:02:45-04:00,1.0
2011-04-22 06:02:48-04:00,1.0
2011-04-22 06:02:51-04:00,1.0
2011-04-22 06:02:54-04:00,1.0
2011-04-22 06:02:57-04:00,1.0
2011-04-22 06:03:00-04:00,1.0
2011-04-22 06:03:03-04:00,1.0
2011-04-22 06:03:06-04:00,1.0
2011-04-22 06:03:09-04:00,1.0
2011-04-22 06:03:12-04:00,1.0
2011-04-22 06:03:15-04:00,1.0
2011-04-22 06:03:18-04:00,1.0
2011-04-22 06:03:21-04:00,1.0
2011-04-22 06:03:24-04:00,1.0
2011-04-22 06:03:27-04:00,1.0
2011-04-22 06:03:30-04:00,1.0
2011-04-22 06:03:33-04:00,1.0
2011-04-22 06:03:36-04:00,1.0
2011-04-22 06:03:39-04:00,1.0
2011-04-22 06:03:42-04:00,1.0
2011-04-22 06:03:45-04:00,1.0
2011-04-22 06:03:48-04:00,1.0
2011-04-22 06:03:51-04:00,1.0
2011-04-22 06:03:54-04:00,1.0
2011-04-22 06:03:57-04:00,1.0
2011-04-22 06:04:00-04:00,1.0
2011-04-22 06:04:03-04:00,1.0
2011-04-22 06:04:06-04:00,1.0
2011-04-22 06:04:09-04:00,1.0
2011-04-22 06:04:12-04:00,1.0
2011-04-22 06:04:15-04:00,1.0
2011-04-22 06:04:18-04:00,1.0
2011-04-22 06:04:21-04:00,1.0
2011-04-22 06:04:24-04:00,1.0
2011-04-22 06:04:27-04:00,1.0
2011-04-22 06:04:30-04:00,1.0
2011-04-22 06:04:33-04:00,1.0
2011-04-22 06:04:36-04:00,1.0
2011-04-22 06:04:39-04:00,1.0
2011-04-22 06:04:42-04:00,1.0
2011-04-22 06:04:45-04:00,1.0
2011-04-22 06:04:48-04:00,1.0
2011-04-22 06:04:51-04:00,1.0
2011-04-22 06:04:54-04:00,1.0
2011-04-22 06:04:57-04:00,1.0
2011-04-22 06:05:00-04:00,1.0
2011-04-22 06:05:03-04:00,1.0
2011-04-22 06:05:06-04:00,1.0
2011-04-22 06:05:09-04:00,1.0
2011-04-22 06:05:12-04:00,1.0
2011-04-22 06:05:15-04:00,1.0
2011-04-22 06:05:18-04:00,0.5
2011-04-22 06:05:21-04:00,0.3333333333333333
2011-04-22 06:05:24-04:00,1.0
2011-04-22 06:05:27-04:00,1.0
2011-04-22 06:05:30-04:00,1.0
2011-04-22 06:05:33-04:00,1.0
2011-04-22 06:05:36-04:00,1.0
2011-04-22 06:05:39-04:00,1.0
2011-04-22 06:05:42-04:00,1.0
2011-04-22 06:05:45-04:00,0.0
2011-04-22 06:05:48-04:00,0.75
2011-04-22 06:05:51-04:00,1.0
2011-04-22 06:05:54-04:00,1.0
2011-04-22 06:05:57-04:00,1.0
2011-04-22 06:06:00-04:00,1.0
2011-04-22 06:06:03-04:00,1.0
2011-04-22 06:06:06-04:00,1.0
2011-04-22 06:06:09-04:00,1.0
2011-04-22 06:06:12-04:00,1.0
2011-04-22 06:06:15-04:00,1.0
2011-04-22 06:06:18-04:00,1.0
2011-04-22 06:06:21-04:00,1.0
2011-04-22 06:06:24-04:00,1.0
2011-04-22 06:06:27-04:00,1.0
2011-04-22 06:06:30-04:00,1.0
2011-04-22 06:06:33-04:00,1.0
2011-04-22 06:06:36-04:00,1.0
2011-04-22 06:06:39-04:00,1.0
2011-04-22 06:06:42-04:00,1.0
2011-04-22 06:06:45-04:00,0.33333333333333337
2011-04-22 06:06:48-04:00,0.5
2011-04-22 06:06:51-04:00,1.0
2011-04-22 06:06:54-04:00,1.0
2011-04-22 06:06:57-04:00,1.0
2011-04-22 06:07:00-04:00,1.0
2011-04-22 06:07:03-04:00,1.0
2011-04-22 06:07:06-04:00,1.0
2011-04-22 06:07:09-04:00,1.0
2011-04-22 06:07:12-04:00,1.0
2011-04-22 06:07:15-04:00,1.0
2011-04-22 06:07:18-04:00,1.0
2011-04-22 06:07:21-04:00,1.0
2011-04-22 06:07:24-04:00,1.0
2011-04-22 06:07:27-04:00,1.0
2011-04-22 06:07:30-04:00,1.0
2011-04-22 06:07:33-04:00,1.0
2011-04-22 06:07:36-04:00,1.0
2011-04-22 06:07:39-04:00,1.0
2011-04-22 06:07:42-04:00,1.0
2011-04-22 06:07:45-04:00,1.0
2011-04-22 06:07:48-04:00,1.0
2011-04-22 06:07:51-04:00,1.0
2011-04-22 06:07:54-04:00,1.0
2011-04-22 06:07:57-04:00,1.0
2011-04-22 06:08:00-04:00,1.0
2011-04-22 06:08:03-04:00,1.0
2011-04-22 06:08:06-04:00,1.0
2011-04-22 06:08:09-04:00,1.0
2011-04-22 06:08:12-04:00,1.0
2011-04-22 06:08:15-04:00,1.0
2011-04-22 06:08:18-04:00,1.0
2011-04-22 06:08:21-04:00,1.0
2011-04-22 06:08:24-04:00,1.0
2011-04-22 06:08:27-04:00,1.0
2011-04-22 06:08:30-04:00,1.0
2011-04-22 06:08:33-04:00,1.0
2011-04-22 06:08:36-04:00,1.0
2011-04-22 06:08:39-04:00,1.0
2011-04-22 06:08:42-04:00,1.0
2011-04-22 06:08:45-04:00,1.0
2011-04-22 06:08:48-04:00,1.0
2011-04-22 06:08:51-04:00,1.0
2011-04-22 06:08:54-04:00,1.0
2011-04-22 06:08:57-04:00,1.0
2011-04-22 06:09:00-04:00,1.0
2011-04-22 06:09:03-04:00,1.0
2011-04-22 06:09:06-04:00,1.0
2011-04-22 06:09:09-04:00,1.0
2011-04-22 06:09:12-04:00,1.0
2011-04-22 06:09:15-04:00,1.0
2011-04-22 06:09:18-04:00,1.0
2011-04-22 06:09:21-04:00,1.0
2011-04-22 06:09:24-04:00,1.0
2011-04-22 06:09:27-04:00,1.0
2011-04-22 06:09:30-04:00,1.0
2011-04-22 06:09:33-04:00,1.0
2011-04-22 06:09:36-04:00,1.0
2011-04-22 06:09:39-04:00,1.0
2011-04-22 06:09:42-04:00,1.0
2011-04-22 06:09:45-04:00,1.0
2011-04-22 06:09:48-04:00,1.0
2011-04-22 06:09:51-04:00,1.0
2011-04-22 06:09:54-04:00,1.0
2011-04-22 06:09:57-04:00,1.0
2011-04-22 06:10:00-04:00,1.0
2011-04-22 06:10:03-04:00,1.0
2011-04-22 06:10:06-04:00,1.0
2011-04-22 06:10:09-04:00,1.0
2011-04-22 06:10:12-04:00,1.0
2011-04-22 06:10:15-04:00,1.0
2011-04-22 06:10:18-04:00,1.0
2011-04-22 06:10:21-04:00,1.0
2011-04-22 06:10:24-04:00,1.0
2011-04-22 06:10:27-04:00,1.0
2011-04-22 06:10:30-04:00,1.0
2011-04-22 06:10:33-04:00,1.0
2011-04-22 06:10:36-04:00,1.0
2011-04-22 06:10:39-04:00,1.0
2011-04-22 06:10:42-04:00,0.75
2011-04-22 06:10:45-04:00,0.0
2011-04-22 06:10:48-04:00,1.0
2011-04-22 06:10:51-04:00,1.0
2011-04-22 06:10:54-04:00,1.0
2011-04-22 06:10:57-04:00,1.0
2011-04-22 06:11:00-04:00,1.0
2011-04-22 06:11:03-04:00,1.0
2011-04-22 06:11:06-04:00,1.0
2011-04-22 06:11:09-04:00,1.0
2011-04-22 06:11:12-04:00,1.0
2011-04-22 06:11:15-04:00,1.0
2011-04-22 06:11:18-04:00,1.0
2011-04-22 06:11:21-04:00,1.0
2011-04-22 06:11:24-04:00,1.0
2011-04-22 06:11:27-04:00,1.0
2011-04-22 06:11:30-04:00,1.0
2011-04-22 06:11:33-04:00,1.0
2011-04-22 06:11:36-04:00,1.0
2011-04-22 06:11:39-04:00,1.0
2011-04-22 06:11:42-04:00,1.0
2011-04-22 06:11:45-04:00,1.0
2011-04-22 06:11:48-04:00,1.0
2011-04-22 06:11:51-04:00,1.0
2011-04-22 06:11:54-04:00,1.0
2011-04-22 06:11:57-04:00,1.0
2011-04-22 06:12:00-04:00,1.0
2011-04-22 06:12:03-04:00,1.0
2011-04-22 06:12:06-04:00,1.0
2011-04-22 06:12:09-04:00,1.0
2011-04-22 06:12:12-04:00,1.0
2011-04-22 06:12:15-04:00,1.0
2011-04-22 06:12:18-04:00,1.0
2011-04-22 06:12:21-04:00,1.0
2011-04-22 06:12:24-04:00,1.0
2011-04-22 06:12:27-04:00,1.0
2011-04-22 06:12:30-04:00,1.0
2011-04-22 06:12:33-04:00,1.0
2011-04-22 06:12:36-04:00,1.0
2011-04-22 06:12:39-04:00,1.0
2011-04-22 06:12:42-04:00,1.0
2011-04-22 06:12:45-04:00,1.0
2011-04-22 06:12:48-04:00,1.0
2011-04-22 06:12:51-04:00,1.0
2011-04-22 06:12:54-04:00,1.0
2011-04-22 06:12:57-04:00,1.0
2011-04-22 06:13:00-04:00,1.0
2011-04-22 06:13:03-04:00,1.0
2011-04-22 06:13:06-04:00,1.0
2011-04-22 06:13:09-04:00,0.25
2011-04-22 06:13:12-04:00,0.6666666666666666
2011-04-22 06:13:15-04:00,1.0
2011-04-22 06:13:18-04:00,1.0
2011-04-22 06:13:21-04:00,1.0
2011-04-22 06:13:24-04:00,1.0
2011-04-22 06:13:27-04:00,1.0
2011-04-22 06:13:30-04:00,1.0
2011-04-22 06:13:33-04:00,1.0
2011-04-22 06:13:36-04:00,1.0
2011-04-22 06:13:39-04:00,0.25
2011-04-22 06:13:42-04:00,0.0
2011-04-22 06:13:45-04:00,0.0
2011-04-22 06:13:48-04:00,0.0
2011-04-22 06:13:51-04:00,0.0
2011-04-22 06:13:54-04:00,0.0
2011-04-22 06:13:57-04:00,0.0
2011-04-22 06:14:00-04:00,0.0
2011-04-22 06:14:03-04:00,0.75
2011-04-22 06:14:06-04:00,0.33333333333333337
2011-04-22 06:14:09-04:00,0.0
2011-04-22 06:14:12-04:00,0.0
2011-04-22 06:14:15-04:00,0.0
2011-04-22 06:14:18-04:00,0.0
2011-04-22 06:14:21-04:00,0.0
2011-04-22 06:14:24-04:00,0.0
2011-04-22 06:14:27-04:00,0.6666666666666666
2011-04-22 06:14:30-04:00,1.0
2011-04-22 06:14:33-04:00,1.0
2011-04-22 06:14:36-04:00,1.0
2011-04-22 06:14:39-04:00,0.33333333333333337
2011-04-22 06:14:42-04:00,0.0
2011-04-22 06:14:45-04:00,0.0
2011-04-22 06:14:48-04:00,0.0
2011-04-22 06:14:51-04:00,0.0
2011-04-22 06:14:54-04:00,0.0
2011-04-22 06:14:57-04:00,0.0
2011-04-22 06:15:00-04:00,0.0
2011-04-22 06:15:03-04:00,0.0
2011-04-22 06:15:06-04:00,0.0
2011-04-22 06:15:09-04:00,0.25
2011-04-22 06:15:12-04:00,1.0
2011-04-22 06:15:15-04:00,0.0
2011-04-22 06:15:18-04:00,0.75
2011-04-22 06:15:21-04:00,0.33333333333333337
2011-04-22 06:15:24-04:00,0.6666666666666666
2011-04-22 06:15:27-04:00,0.7777777777777778
2011-04-22 06:15:30-04:00,0.4444444444444444
2011-04-22 06:15:33-04:00,0.11111111111111116
2011-04-22 06:15:36-04:00,0.0
2011-04-22 06:15:39-04:00,0.0
2011-04-22 06:15:42-04:00,0.0
2011-04-22 06:15:45-04:00,0.0
2011-04-22 06:15:48-04:00,0.0
2011-04-22 06:15:51-04:00,0.0
2011-04-22 06:15:54-04:00,0.0
2011-04-22 06:15:57-04:00,0.75
2011-04-22 06:16:00-04:00,0.33333333333333337
2011-04-22 06:16:03-04:00,0.5
2011-04-22 06:16:06-04:00,0.6666666666666667
2011-04-22 06:16:09-04:00,0.0
2011-04-22 06:16:12-04:00,0.0
2011-04-22 06:16:15-04:00,0.0
2011-04-22 06:16:18-04:00,0.0
2011-04-22 06:16:21-04:00,0.0
2011-04-22 06:16:24-04:00,0.0
2011-04-22 06:16:27-04:00,0.6666666666666666
2011-04-22 06:16:30-04:00,1.0
2011-04-22 06:16:33-04:00,1.0
2011-04-22 06:16:36-04:00,1.0
2011-04-22 06:16:39-04:00,0.6666666666666667
2011-04-22 06:16:42-04:00,0.0
2011-04-22 06:16:45-04:00,0.0
2011-04-22 06:16:48-04:00,0.0
2011-04-22 06:16:51-04:00,0.0
2011-04-22 06:16:54-04:00,0.0
2011-04-22 06:16:57-04:00,0.0
2011-04-22 06:17:00-04:00,0.0
2011-04-22 06:17:03-04:00,0.0
2011-04-22 06:17:06-04:00,0.0
2011-04-22 06:17:09-04:00,0.0
2011-04-22 06:17:12-04:00,0.0
2011-04-22 06:17:15-04:00,0.0
2011-04-22 06:17:18-04:00,0.0
2011-04-22 06:17:21-04:00,0.0
2011-04-22 06:17:24-04:00,0.0
2011-04-22 06:17:27-04:00,0.1111111111111111
2011-04-22 06:17:30-04:00,0.4444444444444444
2011-04-22 06:17:33-04:00,0.7777777777777778
2011-04-22 06:17:36-04:00,0.6666666666666667
2011-04-22 06:17:39-04:00,0.0
2011-04-22 06:17:42-04:00,0.0
2011-04-22 06:17:45-04:00,0.0
2011-04-22 06:17:48-04:00,0.0
2011-04-22 06:17:51-04:00,0.0
2011-04-22 06:17:54-04:00,0.0
2011-04-22 06:17:57-04:00,0.0
2011-04-22 06:18:00-04:00,0.0
2011-04-22 06:18:03-04:00,0.0
2011-04-22 06:18:06-04:00,0.0
2011-04-22 06:18:09-04:00,0.0
2011-04-22 06:18:12-04:00,0.0
2011-04-22 06:18:15-04:00,0.6666666666666666
2011-04-22 06:18:18-04:00,0.33333333333333337
2011-04-22 06:18:21-04:00,0.0
2011-04-22 06:18:24-04:00,0.0
2011-04-22 06:18:27-04:00,0.0
2011-04-22 06:18:30-04:00,0.0
2011-04-22 06:18:33-04:00,0.0
2011-04-22 06:18:36-04:00,0.0
2011-04-22 06:18:39-04:00,0.0
2011-04-22 06:18:42-04:00,0.0
2011-04-22 06:18:45-04:00,0.75
2011-04-22 06:18:48-04:00,1.0
2011-04-22 06:18:51-04:00,1.0
2011-04-22 06:18:54-04:00,0.6666666666666667
2011-04-22 06:18:57-04:00,0.0
2011-04-22 06:19:00-04:00,0.0
2011-04-22 06:19:03-04:00,0.0
2011-04-22 06:19:06-04:00,1.0
2011-04-22 06:19:09-04:00,0.25
2011-04-22 06:19:12-04:00,0.0
2011-04-22 06:19:15-04:00,0.0
2011-04-22 06:19:18-04:00,0.0
2011-04-22 06:19:21-04:00,0.0
2011-04-22 06:19:24-04:00,0.0
2011-04-22 06:19:27-04:00,0.0
2011-04-22 06:19:30-04:00,0.0
2011-04-22 06:19:33-04:00,0.0
2011-04-22 06:19:36-04:00,0.0
2011-04-22 06:19:39-04:00,0.0
2011-04-22 06:19:42-04:00,0.0
2011-04-22 06:19:45-04:00,0.0
2011-04-22 06:19:48-04:00,0.0
2011-04-22 06:19:51-04:00,0.5
2011-04-22 06:19:54-04:00,0.6666666666666667
2011-04-22 06:19:57-04:00,0.0
2011-04-22 06:20:00-04:00,0.0
2011-04-22 06:20:03-04:00,1.0
2011-04-22 06:20:06-04:00,0.25
2011-04-22 06:20:09-04:00,0.0
2011-04-22 06:20:12-04:00,0.0
2011-04-22 06:20:15-04:00,0.0
2011-04-22 06:20:18-04:00,0.0
2011-04-22 06:20:21-04:00,0.0
2011-04-22 06:20:24-04:00,0.0
2011-04-22 06:20:27-04:00,1.0
2011-04-22 06:20:30-04:00,1.0
2011-04-22 06:20:33-04:00,1.0
2011-04-22 06:20:36-04:00,1.0
2011-04-22 06:20:39-04:00,0.25
2011-04-22 06:20:42-04:00,0.0
2011-04-22 06:20:45-04:00,0.0
2011-04-22 06:20:48-04:00,0.0
2011-04-22 06:20:51-04:00,0.0
2011-04-22 06:20:54-04:00,0.0
2011-04-22 06:20:57-04:00,0.0
2011-04-22 06:21:00-04:00,0.0
2011-04-22 06:21:03-04:00,0.0
2011-04-22 06:21:06-04:00,0.0
2011-04-22 06:21:09-04:00,0.0
2011-04-22 06:21:12-04:00,0.3333333333333333
2011-04-22 06:21:15-04:00,0.75
2011-04-22 06:21:18-04:00,0.0
2011-04-22 06:21:21-04:00,1.0
2011-04-22 06:21:24-04:00,0.25
2011-04-22 06:21:27-04:00,0.0
2011-04-22 06:21:30-04:00,0.0
2011-04-22 06:21:33-04:00,0.0
2011-04-22 06:21:36-04:00,0.0
2011-04-22 06:21:39-04:00,0.0
2011-04-22 06:21:42-04:00,0.0
2011-04-22 06:21:45-04:00,0.3333333333333333
2011-04-22 06:21:48-04:00,0.75
2011-04-22 06:21:51-04:00,0.0
2011-04-22 06:21:54-04:00,0.0
2011-04-22 06:21:57-04:00,0.0
2011-04-22 06:22:00-04:00,0.0
2011-04-22 06:22:03-04:00,0.0
2011-04-22 06:22:06-04:00,0.0
2011-04-22 06:22:09-04:00,0.0
2011-04-22 06:22:12-04:00,0.0
2011-04-22 06:22:15-04:00,1.0
2011-04-22 06:22:18-04:00,0.0
2011-04-22 06:22:21-04:00,0.0
2011-04-22 06:22:24-04:00,0.0
2011-04-22 06:22:27-04:00,0.2222222222222222
2011-04-22 06:22:30-04:00,0.5555555555555556
2011-04-22 06:22:33-04:00,0.8888888888888888
2011-04-22 06:22:36-04:00,0.5
2011-04-22 06:22:39-04:00,0.3333333333333333
2011-04-22 06:22:42-04:00,0.6666666666666667
2011-04-22 06:22:45-04:00,0.0
2011-04-22 06:22:48-04:00,0.0
2011-04-22 06:22:51-04:00,0.0
2011-04-22 06:22:54-04:00,0.0
2011-04-22 06:22:57-04:00,0.0
2011-04-22 06:23:00-04:00,0.0
2011-04-22 06:23:03-04:00,0.0
2011-04-22 06:23:06-04:00,0.0
2011-04-22 06:23:09-04:00,0.0
2011-04-22 06:23:12-04:00,0.0
2011-04-22 06:23:15-04:00,0.0
2011-04-22 06:23:18-04:00,0.0
2011-04-22 06:23:21-04:00,0.0
2011-04-22 06:23:24-04:00,0.5
2011-04-22 06:23:27-04:00,0.875
2011-04-22 06:23:30-04:00,0.5
2011-04-22 06:23:33-04:00,0.125
2011-04-22 06:23:36-04:00,0.0
2011-04-22 06:23:39-04:00,0.3333333333333333
2011-04-22 06:23:42-04:00,0.75
2011-04-22 06:23:45-04:00,0.0
2011-04-22 06:23:48-04:00,1.0
2011-04-22 06:23:51-04:00,1.0
2011-04-22 06:23:54-04:00,0.33333333333333337
2011-04-22 06:23:57-04:00,0.0
2011-04-22 06:24:00-04:00,0.5
2011-04-22 06:24:03-04:00,0.6666666666666667
2011-04-22 06:24:06-04:00,0.0
2011-04-22 06:24:09-04:00,0.0
2011-04-22 06:24:12-04:00,1.0
2011-04-22 06:24:15-04:00,0.25
2011-04-22 06:24:18-04:00,0.6666666666666666
2011-04-22 06:24:21-04:00,1.0
2011-04-22 06:24:24-04:00,1.0
2011-04-22 06:24:27-04:00,0.8888888888888888
2011-04-22 06:24:30-04:00,0.5555555555555556
2011-04-22 06:24:33-04:00,0.2222222222222222
2011-04-22 06:24:36-04:00,0.0
2011-04-22 06:24:39-04:00,0.0
2011-04-22 06:24:42-04:00,0.0
2011-04-22 06:24:45-04:00,0.0
2011-04-22 06:24:48-04:00,0.0
2011-04-22 06:24:51-04:00,0.5
2011-04-22 06:24:54-04:00,1.0
2011-04-22 06:24:57-04:00,0.75
2011-04-22 06:25:00-04:00,0.0
2011-04-22 06:25:03-04:00,0.0
2011-04-22 06:25:06-04:00,0.0
2011-04-22 06:25:09-04:00,0.0
2011-04-22 06:25:12-04:00,0.0
2011-04-22 06:25:15-04:00,0.0
2011-04-22 06:25:18-04:00,0.0
2011-04-22 06:25:21-04:00,0.0
2011-04-22 06:25:24-04:00,0.0
2011-04-22 06:25:27-04:00,0.0
2011-04-22 06:25:30-04:00,0.0
2011-04-22 06:25:33-04:00,0.0
2011-04-22 06:25:36-04:00,0.0
2011-04-22 06:25:39-04:00,0.0
2011-04-22 06:25:42-04:00,0.0
2011-04-22 06:25:45-04:00,0.75
2011-04-22 06:25:48-04:00,0.33333333333333337
2011-04-22 06:25:51-04:00,0.0
2011-04-22 06:25:54-04:00,0.0
2011-04-22 06:25:57-04:00,0.0
2011-04-22 06:26:00-04:00,0.0
2011-04-22 06:26:03-04:00,1.0
2011-04-22 06:26:06-04:00,0.25
2011-04-22 06:26:09-04:00,0.0
2011-04-22 06:26:12-04:00,0.0
2011-04-22 06:26:15-04:00,0.0
2011-04-22 06:26:18-04:00,0.0
2011-04-22 06:26:21-04:00,0.0
2011-04-22 06:26:24-04:00,0.0
2011-04-22 06:26:27-04:00,0.0
2011-04-22 06:26:30-04:00,0.0
2011-04-22 06:26:33-04:00,0.0
2011-04-22 06:26:36-04:00,0.0
2011-04-22 06:26:39-04:00,0.0
2011-04-22 06:26:42-04:00,0.0
2011-04-22 06:26:45-04:00,0.0
2011-04-22 06:26:48-04:00,0.0
2011-04-22 06:26:51-04:00,0.0
2011-04-22 06:26:54-04:00,0.0
2011-04-22 06:26:57-04:00,0.0
2011-04-22 06:27:00-04:00,0.0
2011-04-22 06:27:03-04:00,0.0
2011-04-22 06:27:06-04:00,0.0
2011-04-22 06:27:09-04:00,0.0
2011-04-22 06:27:12-04:00,0.0
2011-04-22 06:27:15-04:00,0.0
2011-04-22 06:27:18-04:00,0.0
2011-04-22 06:27:21-04:00,0.0
2011-04-22 06:27:24-04:00,0.0
2011-04-22 06:27:27-04:00,0.0
2011-04-22 06:27:30-04:00,0.0
2011-04-22 06:27:33-04:00,0.0
2011-04-22 06:27:36-04:00,0.0
2011-04-22 06:27:39-04:00,0.0
2011-04-22 06:27:42-04:00,0.0
2011-04-22 06:27:45-04:00,0.0
2011-04-22 06:27:48-04:00,0.0
2011-04-22 06:27:51-04:00,0.0
2011-04-22 06:27:54-04:00,0.0
2011-04-22 06:27:57-04:00,0.0
2011-04-22 06:28:00-04:00,0.0
2011-04-22 06:28:03-04:00,0.0
2011-04-22 06:28:06-04:00,0.0
2011-04-22 06:28:09-04:00,0.0
2011-04-22 06:28:12-04:00,0.0
2011-04-22 06:28:15-04:00,0.0
2011-04-22 06:28:18-04:00,0.0
2011-04-22 06:28:21-04:00,0.0
2011-04-22 06:28:24-04:00,0.0
2011-04-22 06:28:27-04:00,0.0
2011-04-22 06:28:30-04:00,0.0
2011-04-22 06:28:33-04:00,0.0
2011-04-22 06:28:36-04:00,0.0
2011-04-22 06:28:39-04:00,0.0
2011-04-22 06:28:42-04:00,0.0
2011-04-22 06:28:45-04:00,0.0
2011-04-22 06:28:48-04:00,0.0
2011-04-22 06:28:51-04:00,0.0
2011-04-22 06:28:54-04:00,0.0
2011-04-22 06:28:57-04:00,0.0
2011-04-22 06:29:00-04:00,0.0
2011-04-22 06:29:03-04:00,0.0
2011-04-22 06:29:06-04:00,0.0
2011-04-22 06:29:09-04:00,0.0
2011-04-22 06:29:12-04:00,0.0
2011-04-22 06:29:15-04:00,0.0
2011-04-22 06:29:18-04:00,0.0
2011-04-22 06:29:21-04:00,0.0
2011-04-22 06:29:24-04:00,0.0
2011-04-22 06:29:27-04:00,0.0
2011-04-22 06:29:30-04:00,0.4444444444444444
2011-04-22 06:29:33-04:00,1.1111111111111112
2011-04-22 06:29:36-04:00,1.7777777777777777
2011-04-22 06:29:39-04:00,2.0
2011-04-22 06:29:42-04:00,2.0
2011-04-22 06:29:45-04:00,2.0
2011-04-22 06:29:48-04:00,2.0
2011-04-22 06:29:51-04:00,2.0
2011-04-22 06:29:54-04:00,2.0
2011-04-22 06:29:57-04:00,2.0
2011-04-22 06:30:00-04:00,2.0
2011-04-22 06:30:03-04:00,2.0
2011-04-22 06:30:06-04:00,2.0
2011-04-22 06:30:09-04:00,2.0
2011-04-22 06:30:12-04:00,2.0
2011-04-22 06:30:15-04:00,2.0
2011-04-22 06:30:18-04:00,2.0
2011-04-22 06:30:21-04:00,2.0
2011-04-22 06:30:24-04:00,2.0
2011-04-22 06:30:27-04:00,2.0
2011-04-22 06:30:30-04:00,1.5555555555555556
2011-04-22 06:30:33-04:00,0.8888888888888888
2011-04-22 06:30:36-04:00,0.22222222222222232
2011-04-22 06:30:39-04:00,0.0
2011-04-22 06:30:42-04:00,0.0
2011-04-22 06:30:45-04:00,0.0
2011-04-22 06:30:48-04:00,0.0
2011-04-22 06:30:51-04:00,0.0
2011-04-22 06:30:54-04:00,0.0
2011-04-22 06:30:57-04:00,0.0
2011-04-22 06:31:00-04:00,0.0
2011-04-22 06:31:03-04:00,0.0
2011-04-22 06:31:06-04:00,0.0
2011-04-22 06:31:09-04:00,0.0
2011-04-22 06:31:12-04:00,0.0
2011-04-22 06:31:15-04:00,0.0
2011-04-22 06:31:18-04:00,0.0
2011-04-22 06:31:21-04:00,0.0
2011-04-22 06:31:24-04:00,0.0
2011-04-22 06:31:27-04:00,0.0
2011-04-22 06:31:30-04:00,0.0
2011-04-22 06:31:33-04:00,0.0
2011-04-22 06:31:36-04:00,0.0
2011-04-22 06:31:39-04:00,0.0
2011-04-22 06:31:42-04:00,0.0
2011-04-22 06:31:45-04:00,0.0
2011-04-22 06:31:48-04:00,0.0
2011-04-22 06:31:51-04:00,0.0
2011-04-22 06:31:54-04:00,0.0
2011-04-22 06:31:57-04:00,0.0
2011-04-22 06:32:00-04:00,0.0
2011-04-22 06:32:03-04:00,0.0
2011-04-22 06:32:06-04:00,0.25
2011-04-22 06:32:09-04:00,1.0
2011-04-22 06:32:12-04:00,1.0
2011-04-22 06:32:15-04:00,1.0
2011-04-22 06:32:18-04:00,1.0
2011-04-22 06:32:21-04:00,1.0
2011-04-22 06:32:24-04:00,1.0
2011-04-22 06:32:27-04:00,1.0
2011-04-22 06:32:30-04:00,1.0
2011-04-22 06:32:33-04:00,1.0
2011-04-22 06:32:36-04:00,1.0
2011-04-22 06:32:39-04:00,1.0
2011-04-22 06:32:42-04:00,1.0
2011-04-22 06:32:45-04:00,1.0
2011-04-22 06:32:48-04:00,1.0
2011-04-22 06:32:51-04:00,0.25
2011-04-22 06:32:54-04:00,0.6666666666666666
2011-04-22 06:32:57-04:00,1.0
2011-04-22 06:33:00-04:00,1.0
2011-04-22 06:33:03-04:00,1.0
2011-04-22 06:33:06-04:00,1.0
2011-04-22 06:33:09-04:00,1.0
2011-04-22 06:33:12-04:00,1.0
2011-04-22 06:33:15-04:00,1.0
2011-04-22 06:33:18-04:00,1.0
2011-04-22 06:33:21-04:00,1.0
2011-04-22 06:33:24-04:00,1.0
2011-04-22 06:33:27-04:00,1.0
2011-04-22 06:33:30-04:00,1.0
2011-04-22 06:33:33-04:00,1.0
2011-04-22 06:33:36-04:00,1.0
2011-04-22 06:33:39-04:00,1.0
2011-04-22 06:33:42-04:00,1.0
2011-04-22 06:33:45-04:00,1.0
2011-04-22 06:33:48-04:00,1.0
2011-04-22 06:33:51-04:00,1.0
2011-04-22 06:33:54-04:00,1.0
2011-04-22 06:33:57-04:00,1.0
2011-04-22 06:34:00-04:00,1.0
2011-04-22 06:34:03-04:00,1.0
2011-04-22 06:34:06-04:00,1.0
2011-04-22 06:34:09-04:00,1.0
2011-04-22 06:34:12-04:00,1.0
2011-04-22 06:34:15-04:00,1.0
2011-04-22 06:34:18-04:00,1.0
2011-04-22 06:34:21-04:00,1.0
2011-04-22 06:34:24-04:00,1.0
2011-04-22 06:34:27-04:00,1.0
2011-04-22 06:34:30-04:00,1.0
2011-04-22 06:34:33-04:00,1.0
2011-04-22 06:34:36-04:00,1.0
2011-04-22 06:34:39-04:00,1.0
2011-04-22 06:34:42-04:00,1.0
2011-04-22 06:34:45-04:00,1.0
2011-04-22 06:34:48-04:00,1.0
2011-04-22 06:34:51-04:00,1.0
2011-04-22 06:34:54-04:00,1.0
2011-04-22 06:34:57-04:00,1.0
2011-04-22 06:35:00-04:00,1.0
2011-04-22 06:35:03-04:00,1.0
2011-04-22 06:35:06-04:00,1.0
2011-04-22 06:35:09-04:00,1.0
2011-04-22 06:35:12-04:00,1.0
2011-04-22 06:35:15-04:00,1.0
2011-04-22 06:35:18-04:00,1.0
2011-04-22 06:35:21-04:00,1.0
2011-04-22 06:35:24-04:00,1.0
2011-04-22 06:35:27-04:00,1.0
2011-04-22 06:35:30-04:00,1.0
2011-04-22 06:35:33-04:00,1.0
2011-04-22 06:35:36-04:00,1.0
2011-04-22 06:35:39-04:00,1.0
2011-04-22 06:35:42-04:00,1.0
2011-04-22 06:35:45-04:00,1.0
2011-04-22 06:35:48-04:00,1.0
2011-04-22 06:35:51-04:00,1.0
2011-04-22 06:35:54-04:00,1.0
2011-04-22 06:35:57-04:00,1.0
2011-04-22 06:36:00-04:00,1.0
2011-04-22 06:36:03-04:00,1.0
2011-04-22 06:36:06-04:00,1.0
2011-04-22 06:36:09-04:00,1.0
2011-04-22 06:36:12-04:00,1.0
2011-04-22 06:36:15-04:00,1.0
2011-04-22 06:36:18-04:00,1.0
2011-04-22 06:36:21-04:00,1.0
2011-04-22 06:36:24-04:00,1.0
2011-04-22 06:36:27-04:00,1.0
2011-04-22 06:36:30-04:00,1.0
2011-04-22 06:36:33-04:00,1.0
2011-04-22 06:36:36-04:00,1.0
2011-04-22 06:36:39-04:00,1.0
2011-04-22 06:36:42-04:00,1.0
2011-04-22 06:36:45-04:00,1.0
2011-04-22 06:36:48-04:00,1.0
2011-04-22 06:36:51-04:00,1.0
2011-04-22 06:36:54-04:00,1.0
2011-04-22 06:36:57-04:00,1.0
2011-04-22 06:37:00-04:00,1.0
2011-04-22 06:37:03-04:00,1.0
2011-04-22 06:37:06-04:00,1.0
2011-04-22 06:37:09-04:00,1.0
2011-04-22 06:37:12-04:00,1.0
2011-04-22 06:37:15-04:00,1.0
2011-04-22 06:37:18-04:00,1.0
2011-04-22 06:37:21-04:00,1.0
2011-04-22 06:37:24-04:00,1.0
2011-04-22 06:37:27-04:00,1.0
2011-04-22 06:37:30-04:00,1.0
2011-04-22 06:37:33-04:00,1.0
2011-04-22 06:37:36-04:00,1.0
2011-04-22 06:37:39-04:00,0.33333333333333337
2011-04-22 06:37:42-04:00,0.5
2011-04-22 06:37:45-04:00,1.0
2011-04-22 06:37:48-04:00,1.0
2011-04-22 06:37:51-04:00,1.0
2011-04-22 06:37:54-04:00,0.0
2011-04-22 06:37:57-04:00,1.5
2011-04-22 06:38:00-04:00,2.0
2011-04-22 06:38:03-04:00,2.0
2011-04-22 06:38:06-04:00,2.0
2011-04-22 06:38:09-04:00,2.0
2011-04-22 06:38:12-04:00,2.0
2011-04-22 06:38:15-04:00,2.0
2011-04-22 06:38:18-04:00,2.0
2011-04-22 06:38:21-04:00,2.0
2011-04-22 06:38:24-04:00,2.0
2011-04-22 06:38:27-04:00,2.0
2011-04-22 06:38:30-04:00,2.0
2011-04-22 06:38:33-04:00,2.0
2011-04-22 06:38:36-04:00,2.0
2011-04-22 06:38:39-04:00,2.0
2011-04-22 06:38:42-04:00,2.0
2011-04-22 06:38:45-04:00,2.0
2011-04-22 06:38:48-04:00,2.0
2011-04-22 06:38:51-04:00,2.0
2011-04-22 06:38:54-04:00,2.0
2011-04-22 06:38:57-04:00,2.0
2011-04-22 06:39:00-04:00,2.0
2011-04-22 06:39:03-04:00,2.0
2011-04-22 06:39:06-04:00,2.0
2011-04-22 06:39:09-04:00,2.0
2011-04-22 06:39:12-04:00,2.0
2011-04-22 06:39:15-04:00,2.0
2011-04-22 06:39:18-04:00,2.0
2011-04-22 06:39:21-04:00,2.0
2011-04-22 06:39:24-04:00,2.0
2011-04-22 06:39:27-04:00,2.0
2011-04-22 06:39:30-04:00,2.0
2011-04-22 06:39:33-04:00,2.0
2011-04-22 06:39:36-04:00,2.0
2011-04-22 06:39:39-04:00,2.0
2011-04-22 06:39:42-04:00,1.3333333333333335
2011-04-22 06:39:45-04:00,1.5
2011-04-22 06:39:48-04:00,2.0
2011-04-22 06:39:51-04:00,2.0
2011-04-22 06:39:54-04:00,2.0
2011-04-22 06:39:57-04:00,2.0
2011-04-22 06:40:00-04:00,2.0
2011-04-22 06:40:03-04:00,2.0
2011-04-22 06:40:06-04:00,2.0
2011-04-22 06:40:09-04:00,2.0
2011-04-22 06:40:12-04:00,2.0
2011-04-22 06:40:15-04:00,1.75
2011-04-22 06:40:18-04:00,1.0
2011-04-22 06:40:21-04:00,2.0
2011-04-22 06:40:24-04:00,2.0
2011-04-22 06:40:27-04:00,2.0
2011-04-22 06:40:30-04:00,2.0
2011-04-22 06:40:33-04:00,2.0
2011-04-22 06:40:36-04:00,2.0
2011-04-22 06:40:39-04:00,2.0
2011-04-22 06:40:42-04:00,2.0
2011-04-22 06:40:45-04:00,2.0
2011-04-22 06:40:48-04:00,2.0
2011-04-22 06:40:51-04:00,2.0
2011-04-22 06:40:54-04:00,2.0
2011-04-22 06:40:57-04:00,2.0
2011-04-22 06:41:00-04:00,2.0
2011-04-22 06:41:03-04:00,2.0
2011-04-22 06:41:06-04:00,2.0
2011-04-22 06:41:09-04:00,2.0
2011-04-22 06:41:12-04:00,2.0
2011-04-22 06:41:15-04:00,2.0
2011-04-22 06:41:18-04:00,2.0
2011-04-22 06:41:21-04:00,2.0
2011-04-22 06:41:24-04:00,2.0
2011-04-22 06:41:27-04:00,1.25
2011-04-22 06:41:30-04:00,1.2222222222222223
2011-04-22 06:41:33-04:00,1.5555555555555556
2011-04-22 06:41:36-04:00,1.8888888888888888
2011-04-22 06:41:39-04:00,2.0
2011-04-22 06:41:42-04:00,2.0
2011-04-22 06:41:45-04:00,1.6666666666666667
2011-04-22 06:41:48-04:00,1.3333333333333333
2011-04-22 06:41:51-04:00,2.0
2011-04-22 06:41:54-04:00,2.0
2011-04-22 06:41:57-04:00,2.0
2011-04-22 06:42:00-04:00,2.0
2011-04-22 06:42:03-04:00,2.0
2011-04-22 06:42:06-04:00,2.0
2011-04-22 06:42:09-04:00,2.0
2011-04-22 06:42:12-04:00,2.0
2011-04-22 06:42:15-04:00,2.0
2011-04-22 06:42:18-04:00,2.0
2011-04-22 06:42:21-04:00,2.0
2011-04-22 06:42:24-04:00,2.0
2011-04-22 06:42:27-04:00,2.0
2011-04-22 06:42:30-04:00,2.0
2011-04-22 06:42:33-04:00,2.0
2011-04-22 06:42:36-04:00,2.0
2011-04-22 06:42:39-04:00,2.0
2011-04-22 06:42:42-04:00,2.0
2011-04-22 06:42:45-04:00,2.0
2011-04-22 06:42:48-04:00,2.0
2011-04-22 06:42:51-04:00,2.0
2011-04-22 06:42:54-04:00,2.0
2011-04-22 06:42:57-04:00,2.0
2011-04-22 06:43:00-04:00,1.3333333333333335
2011-04-22 06:43:03-04:00,1.0
2011-04-22 06:43:06-04:00,1.3333333333333333
2011-04-22 06:43:09-04:00,2.0
2011-04-22 06:43:12-04:00,2.0
2011-04-22 06:43:15-04:00,2.0
2011-04-22 06:43:18-04:00,2.0
2011-04-22 06:43:21-04:00,2.0
2011-04-22 06:43:24-04:00,2.0
2011-04-22 06:43:27-04:00,2.0
2011-04-22 06:43:30-04:00,2.0
2011-04-22 06:43:33-04:00,2.0
2011-04-22 06:43:36-04:00,2.0
2011-04-22 06:43:39-04:00,2.0
2011-04-22 06:43:42-04:00,2.0
2011-04-22 06:43:45-04:00,2.0
2011-04-22 06:43:48-04:00,2.0
2011-04-22 06:43:51-04:00,2.0
2011-04-22 06:43:54-04:00,2.0
2011-04-22 06:43:57-04:00,2.0
2011-04-22 06:44:00-04:00,2.0
2011-04-22 06:44:03-04:00,2.0
2011-04-22 06:44:06-04:00,2.0
2011-04-22 06:44:09-04:00,2.0
2011-04-22 06:44:12-04:00,2.0
2011-04-22 06:44:15-04:00,2.0
2011-04-22 06:44:18-04:00,2.0
2011-04-22 06:44:21-04:00,2.0
2011-04-22 06:44:24-04:00,1.25
2011-04-22 06:44:27-04:00,1.0
2011-04-22 06:44:30-04:00,1.2222222222222223
2011-04-22 06:44:33-04:00,1.5555555555555556
2011-04-22 06:44:36-04:00,1.8888888888888888
2011-04-22 06:44:39-04:00,2.0
2011-04-22 06:44:42-04:00,2.0
2011-04-22 06:44:45-04:00,2.0
2011-04-22 06:44:48-04:00,2.0
2011-04-22 06:44:51-04:00,2.0
2011-04-22 06:44:54-04:00,2.0
2011-04-22 06:44:57-04:00,2.0
2011-04-22 06:45:00-04:00,2.0
2011-04-22 06:45:03-04:00,2.0
2011-04-22 06:45:06-04:00,1.5
2011-04-22 06:45:09-04:00,1.3333333333333333
2011-04-22 06:45:12-04:00,2.0
2011-04-22 06:45:15-04:00,2.0
2011-04-22 06:45:18-04:00,2.0
2011-04-22 06:45:21-04:00,1.0
2011-04-22 06:45:24-04:00,1.75
2011-04-22 06:45:27-04:00,2.0
2011-04-22 06:45:30-04:00,2.0
2011-04-22 06:45:33-04:00,2.0
2011-04-22 06:45:36-04:00,2.0
2011-04-22 06:45:39-04:00,2.0
2011-04-22 06:45:42-04:00,1.3333333333333335
2011-04-22 06:45:45-04:00,1.5
2011-04-22 06:45:48-04:00,2.0
2011-04-22 06:45:51-04:00,2.0
2011-04-22 06:45:54-04:00,2.0
2011-04-22 06:45:57-04:00,2.0
2011-04-22 06:46:00-04:00,2.0
2011-04-22 06:46:03-04:00,2.0
2011-04-22 06:46:06-04:00,2.0
2011-04-22 06:46:09-04:00,1.6666666666666667
2011-04-22 06:46:12-04:00,1.25
2011-04-22 06:46:15-04:00,2.0
2011-04-22 06:46:18-04:00,2.0
2011-04-22 06:46:21-04:00,2.0
2011-04-22 06:46:24-04:00,2.0
2011-04-22 06:46:27-04:00,2.0
2011-04-22 06:46:30-04:00,2.0
2011-04-22 06:46:33-04:00,2.0
2011-04-22 06:46:36-04:00,2.0
2011-04-22 06:46:39-04:00,2.0
2011-04-22 06:46:42-04:00,2.0
2011-04-22 06:46:45-04:00,2.0
2011-04-22 06:46:48-04:00,2.0
2011-04-22 06:46:51-04:00,2.0
2011-04-22 06:46:54-04:00,2.0
2011-04-22 06:46:57-04:00,1.0
2011-04-22 06:47:00-04:00,1.75
2011-04-22 06:47:03-04:00,2.0
2011-04-22 06:47:06-04:00,2.0
2011-04-22 06:47:09-04:00,2.0
2011-04-22 06:47:12-04:00,2.0
2011-04-22 06:47:15-04:00,2.0
2011-04-22 06:47:18-04:00,2.0
2011-04-22 06:47:21-04:00,2.0
2011-04-22 06:47:24-04:00,2.0
2011-04-22 06:47:27-04:00,2.0
2011-04-22 06:47:30-04:00,2.0
2011-04-22 06:47:33-04:00,2.0
2011-04-22 06:47:36-04:00,1.3333333333333335
2011-04-22 06:47:39-04:00,1.5
2011-04-22 06:47:42-04:00,2.0
2011-04-22 06:47:45-04:00,1.6666666666666667
2011-04-22 06:47:48-04:00,1.25
2011-04-22 06:47:51-04:00,2.0
2011-04-22 06:47:54-04:00,2.0
2011-04-22 06:47:57-04:00,2.0
2011-04-22 06:48:00-04:00,2.0
2011-04-22 06:48:03-04:00,2.0
2011-04-22 06:48:06-04:00,2.0
2011-04-22 06:48:09-04:00,1.6666666666666667
2011-04-22 06:48:12-04:00,1.25
2011-04-22 06:48:15-04:00,2.0
2011-04-22 06:48:18-04:00,2.0
2011-04-22 06:48:21-04:00,2.0
2011-04-22 06:48:24-04:00,2.0
2011-04-22 06:48:27-04:00,2.0
2011-04-22 06:48:30-04:00,2.0
2011-04-22 06:48:33-04:00,2.0
2011-04-22 06:48:36-04:00,2.0
2011-04-22 06:48:39-04:00,2.0
2011-04-22 06:48:42-04:00,2.0
2011-04-22 06:48:45-04:00,2.0
2011-04-22 06:48:48-04:00,2.0
2011-04-22 06:48:51-04:00,2.0
2011-04-22 06:48:54-04:00,2.0
2011-04-22 06:48:57-04:00,2.0
2011-04-22 06:49:00-04:00,2.0
2011-04-22 06:49:03-04:00,2.0
2011-04-22 06:49:06-04:00,2.0
2011-04-22 06:49:09-04:00,2.0
2011-04-22 06:49:12-04:00,2.0
2011-04-22 06:49:15-04:00,2.0
2011-04-22 06:49:18-04:00,2.0
2011-04-22 06:49:21-04:00,2.0
2011-04-22 06:49:24-04:00,2.0
2011-04-22 06:49:27-04:00,2.0
2011-04-22 06:49:30-04:00,2.0
2011-04-22 06:49:33-04:00,2.0
2011-04-22 06:49:36-04:00,2.0
2011-04-22 06:49:39-04:00,2.0
2011-04-22 06:49:42-04:00,2.0
2011-04-22 06:49:45-04:00,2.0
2011-04-22 06:49:48-04:00,2.0
2011-04-22 06:49:51-04:00,2.0
2011-04-22 06:49:54-04:00,1.75
2011-04-22 06:49:57-04:00,1.0
2011-04-22 06:50:00-04:00,2.0
2011-04-22 06:50:03-04:00,1.25
2011-04-22 06:50:06-04:00,1.5
2011-04-22 06:50:09-04:00,2.0
2011-04-22 06:50:12-04:00,2.0
2011-04-22 06:50:15-04:00,2.0
2011-04-22 06:50:18-04:00,2.0
2011-04-22 06:50:21-04:00,2.0
2011-04-22 06:50:24-04:00,2.0
2011-04-22 06:50:27-04:00,2.0
2011-04-22 06:50:30-04:00,2.0
2011-04-22 06:50:33-04:00,2.0
2011-04-22 06:50:36-04:00,2.0
2011-04-22 06:50:39-04:00,2.0
2011-04-22 06:50:42-04:00,2.0
2011-04-22 06:50:45-04:00,2.0
2011-04-22 06:50:48-04:00,2.0
2011-04-22 06:50:51-04:00,2.0
2011-04-22 06:50:54-04:00,2.0
2011-04-22 06:50:57-04:00,2.0
2011-04-22 06:51:00-04:00,2.0
2011-04-22 06:51:03-04:00,2.0
2011-04-22 06:51:06-04:00,2.0
2011-04-22 06:51:09-04:00,2.0
2011-04-22 06:51:12-04:00,2.0
2011-04-22 06:51:15-04:00,2.0
2011-04-22 06:51:18-04:00,2.0
2011-04-22 06:51:21-04:00,2.0
2011-04-22 06:51:24-04:00,2.0
2011-04-22 06:51:27-04:00,2.0
2011-04-22 06:51:30-04:00,2.0
2011-04-22 06:51:33-04:00,2.0
2011-04-22 06:51:36-04:00,2.0
2011-04-22 06:51:39-04:00,2.0
2011-04-22 06:51:42-04:00,2.0
2011-04-22 06:51:45-04:00,2.0
2011-04-22 06:51:48-04:00,2.0
2011-04-22 06:51:51-04:00,2.0
2011-04-22 06:51:54-04:00,2.0
2011-04-22 06:51:57-04:00,2.0
2011-04-22 06:52:00-04:00,2.0
2011-04-22 06:52:03-04:00,2.0
2011-04-22 06:52:06-04:00,2.0
2011-04-22 06:52:09-04:00,2.0
2011-04-22 06:52:12-04:00,2.0
2011-04-22 06:52:15-04:00,2.0
2011-04-22 06:52:18-04:00,2.0
2011-04-22 06:52:21-04:00,2.0
2011-04-22 06:52:24-04:00,2.0
2011-04-22 06:52:27-04:00,2.0
2011-04-22 06:52:30-04:00,2.0
2011-04-22 06:52:33-04:00,2.0
2011-04-22 06:52:36-04:00,2.0
2011-04-22 06:52:39-04:00,2.0
2011-04-22 06:52:42-04:00,2.0
2011-04-22 06:52:45-04:00,2.0
2011-04-22 06:52:48-04:00,2.0
2011-04-22 06:52:51-04:00,2.0
2011-04-22 06:52:54-04:00,2.0
2011-04-22 06:52:57-04:00,2.0
2011-04-22 06:53:00-04:00,2.0
2011-04-22 06:53:03-04:00,2.0
2011-04-22 06:53:06-04:00,2.0
2011-04-22 06:53:09-04:00,2.0
2011-04-22 06:53:12-04:00,2.0
2011-04-22 06:53:15-04:00,2.0
2011-04-22 06:53:18-04:00,2.0
2011-04-22 06:53:21-04:00,2.0
2011-04-22 06:53:24-04:00,2.0
2011-04-22 06:53:27-04:00,2.0
2011-04-22 06:53:30-04:00,2.0
2011-04-22 06:53:33-04:00,2.0
2011-04-22 06:53:36-04:00,2.0
2011-04-22 06:53:39-04:00,2.0
2011-04-22 06:53:42-04:00,2.0
2011-04-22 06:53:45-04:00,2.0
2011-04-22 06:53:48-04:00,2.0
2011-04-22 06:53:51-04:00,2.0
2011-04-22 06:53:54-04:00,2.0
2011-04-22 06:53:57-04:00,2.0
2011-04-22 06:54:00-04:00,2.0
2011-04-22 06:54:03-04:00,1.75
2011-04-22 06:54:06-04:00,1.0
2011-04-22 06:54:09-04:00,1.0
2011-04-22 06:54:12-04:00,1.0
2011-04-22 06:54:15-04:00,1.0
2011-04-22 06:54:18-04:00,1.0
2011-04-22 06:54:21-04:00,1.0
2011-04-22 06:54:24-04:00,1.0
2011-04-22 06:54:27-04:00,1.0
2011-04-22 06:54:30-04:00,1.0
2011-04-22 06:54:33-04:00,1.0
2011-04-22 06:54:36-04:00,1.0
2011-04-22 06:54:39-04:00,1.0
2011-04-22 06:54:42-04:00,1.0
2011-04-22 06:54:45-04:00,1.0
2011-04-22 06:54:48-04:00,1.0
2011-04-22 06:54:51-04:00,1.0
2011-04-22 06:54:54-04:00,1.0
2011-04-22 06:54:57-04:00,1.0
2011-04-22 06:55:00-04:00,1.0
2011-04-22 06:55:03-04:00,1.0
2011-04-22 06:55:06-04:00,1.0
2011-04-22 06:55:09-04:00,1.0
2011-04-22 06:55:12-04:00,1.0
2011-04-22 06:55:15-04:00,1.0
2011-04-22 06:55:18-04:00,1.0
2011-04-22 06:55:21-04:00,1.0
2011-04-22 06:55:24-04:00,1.0
2011-04-22 06:55:27-04:00,1.0
2011-04-22 06:55:30-04:00,1.0
2011-04-22 06:55:33-04:00,1.0
2011-04-22 06:55:36-04:00,1.0
2011-04-22 06:55:39-04:00,1.0
2011-04-22 06:55:42-04:00,1.0
2011-04-22 06:55:45-04:00,1.0
2011-04-22 06:55:48-04:00,1.0
2011-04-22 06:55:51-04:00,1.0
2011-04-22 06:55:54-04:00,1.0
2011-04-22 06:55:57-04:00,1.0
2011-04-22 06:56:00-04:00,1.0
2011-04-22 06:56:03-04:00,1.0
2011-04-22 06:56:06-04:00,1.0
2011-04-22 06:56:09-04:00,1.0
2011-04-22 06:56:12-04:00,1.0
2011-04-22 06:56:15-04:00,1.0
2011-04-22 06:56:18-04:00,1.0
2011-04-22 06:56:21-04:00,1.0
2011-04-22 06:56:24-04:00,1.0
2011-04-22 06:56:27-04:00,1.0
2011-04-22 06:56:30-04:00,1.3333333333333333
2011-04-22 06:56:33-04:00,1.6666666666666665
2011-04-22 06:56:36-04:00,2.0
2011-04-22 06:56:39-04:00,1.0
2011-04-22 06:56:42-04:00,1.0
2011-04-22 06:56:45-04:00,1.0
2011-04-22 06:56:48-04:00,1.0
2011-04-22 06:56:51-04:00,1.0
2011-04-22 06:56:54-04:00,1.0
2011-04-22 06:56:57-04:00,1.0
2011-04-22 06:57:00-04:00,1.0
2011-04-22 06:57:03-04:00,1.0
2011-04-22 06:57:06-04:00,1.0
2011-04-22 06:57:09-04:00,1.0
2011-04-22 06:57:12-04:00,1.0
2011-04-22 06:57:15-04:00,1.0
2011-04-22 06:57:18-04:00,1.0
2011-04-22 06:57:21-04:00,1.5
2011-04-22 06:57:24-04:00,1.6666666666666667
2011-04-22 06:57:27-04:00,1.0
2011-04-22 06:57:30-04:00,1.0
2011-04-22 06:57:33-04:00,1.0
2011-04-22 06:57:36-04:00,1.0
2011-04-22 06:57:39-04:00,1.0
2011-04-22 06:57:42-04:00,1.0
2011-04-22 06:57:45-04:00,1.0
2011-04-22 06:57:48-04:00,1.0
2011-04-22 06:57:51-04:00,1.0
2011-04-22 06:57:54-04:00,1.0
2011-04-22 06:57:57-04:00,1.0
2011-04-22 06:58:00-04:00,1.0
2011-04-22 06:58:03-04:00,1.0
2011-04-22 06:58:06-04:00,1.0
2011-04-22 06:58:09-04:00,1.0
2011-04-22 06:58:12-04:00,1.0
2011-04-22 06:58:15-04:00,1.0
2011-04-22 06:58:18-04:00,1.0
2011-04-22 06:58:21-04:00,1.0
2011-04-22 06:58:24-04:00,1.0
2011-04-22 06:58:27-04:00,1.0
2011-04-22 06:58:30-04:00,1.0
2011-04-22 06:58:33-04:00,1.0
2011-04-22 06:58:36-04:00,1.0
2011-04-22 06:58:39-04:00,1.0
2011-04-22 06:58:42-04:00,1.0
2011-04-22 06:58:45-04:00,1.0
2011-04-22 06:58:48-04:00,1.0
2011-04-22 06:58:51-04:00,1.0
2011-04-22 06:58:54-04:00,1.0
2011-04-22 06:58:57-04:00,1.0
2011-04-22 06:59:00-04:00,1.25
2011-04-22 06:59:03-04:00,2.0
2011-04-22 06:59:06-04:00,2.0
2011-04-22 06:59:09-04:00,1.5
2011-04-22 06:59:12-04:00,1.0
2011-04-22 06:59:15-04:00,1.0
2011-04-22 06:59:18-04:00,1.0
2011-04-22 06:59:21-04:00,1.0
2011-04-22 06:59:24-04:00,1.0
2011-04-22 06:59:27-04:00,1.0
2011-04-22 06:59:30-04:00,1.0
2011-04-22 06:59:33-04:00,1.0
2011-04-22 06:59:36-04:00,1.0
2011-04-22 06:59:39-04:00,1.0
2011-04-22 06:59:42-04:00,1.0
2011-04-22 06:59:45-04:00,1.0
2011-04-22 06:59:48-04:00,1.0
2011-04-22 06:59:51-04:00,1.0
2011-04-22 06:59:54-04:00,1.0
2011-04-22 06:59:57-04:00,1.0
2011-04-22 07:00:00-04:00,1.0
2011-04-22 07:00:03-04:00,1.0
2011-04-22 07:00:06-04:00,1.0
2011-04-22 07:00:09-04:00,1.0
2011-04-22 07:00:12-04:00,1.0
2011-04-22 07:00:15-04:00,1.0
2011-04-22 07:00:18-04:00,1.0
2011-04-22 07:00:21-04:00,1.0
2011-04-22 07:00:24-04:00,1.0
2011-04-22 07:00:27-04:00,1.0
2011-04-22 07:00:30-04:00,1.0
2011-04-22 07:00:33-04:00,1.0
2011-04-22 07:00:36-04:00,1.0
2011-04-22 07:00:39-04:00,1.0
2011-04-22 07:00:42-04:00,1.0
2011-04-22 07:00:45-04:00,1.0
2011-04-22 07:00:48-04:00,1.0
2011-04-22 07:00:51-04:00,1.0
2011-04-22 07:00:54-04:00,1.0
2011-04-22 07:00:57-04:00,1.75
2011-04-22 07:01:00-04:00,2.0
2011-04-22 07:01:03-04:00,1.5
2011-04-22 07:01:06-04:00,1.0
2011-04-22 07:01:09-04:00,1.0
2011-04-22 07:01:12-04:00,1.0
2011-04-22 07:01:15-04:00,1.0
2011-04-22 07:01:18-04:00,1.0
2011-04-22 07:01:21-04:00,1.0
2011-04-22 07:01:24-04:00,1.0
2011-04-22 07:01:27-04:00,1.0
2011-04-22 07:01:30-04:00,1.0
2011-04-22 07:01:33-04:00,1.0
2011-04-22 07:01:36-04:00,1.0
2011-04-22 07:01:39-04:00,1.0
2011-04-22 07:01:42-04:00,1.0
2011-04-22 07:01:45-04:00,1.0
2011-04-22 07:01:48-04:00,1.0
2011-04-22 07:01:51-04:00,1.0
2011-04-22 07:01:54-04:00,1.0
2011-04-22 07:01:57-04:00,1.0
2011-04-22 07:02:00-04:00,1.0
2011-04-22 07:02:03-04:00,1.0
2011-04-22 07:02:06-04:00,1.0
2011-04-22 07:02:09-04:00,1.0
2011-04-22 07:02:12-04:00,1.0
2011-04-22 07:02:15-04:00,1.0
2011-04-22 07:02:18-04:00,1.0
2011-04-22 07:02:21-04:00,1.0
2011-04-22 07:02:24-04:00,1.0
2011-04-22 07:02:27-04:00,1.0
2011-04-22 07:02:30-04:00,1.0
2011-04-22 07:02:33-04:00,1.0
2011-04-22 07:02:36-04:00,1.0
2011-04-22 07:02:39-04:00,1.0
2011-04-22 07:02:42-04:00,1.0
2011-04-22 07:02:45-04:00,1.0
2011-04-22 07:02:48-04:00,1.0
2011-04-22 07:02:51-04:00,1.0
2011-04-22 07:02:54-04:00,1.0
2011-04-22 07:02:57-04:00,1.5
2011-04-22 07:03:00-04:00,1.6666666666666667
2011-04-22 07:03:03-04:00,1.0
2011-04-22 07:03:06-04:00,1.0
2011-04-22 07:03:09-04:00,1.0
2011-04-22 07:03:12-04:00,1.0
2011-04-22 07:03:15-04:00,1.0
2011-04-22 07:03:18-04:00,1.0
2011-04-22 07:03:21-04:00,1.0
2011-04-22 07:03:24-04:00,1.0
2011-04-22 07:03:27-04:00,1.0
2011-04-22 07:03:30-04:00,1.0
2011-04-22 07:03:33-04:00,1.0
2011-04-22 07:03:36-04:00,1.0
2011-04-22 07:03:39-04:00,1.0
2011-04-22 07:03:42-04:00,1.0
2011-04-22 07:03:45-04:00,2.0
2011-04-22 07:03:48-04:00,2.0
2011-04-22 07:03:51-04:00,2.0
2011-04-22 07:03:54-04:00,1.5
2011-04-22 07:03:57-04:00,1.0
2011-04-22 07:04:00-04:00,1.0
2011-04-22 07:04:03-04:00,1.0
2011-04-22 07:04:06-04:00,1.0
2011-04-22 07:04:09-04:00,1.0
2011-04-22 07:04:12-04:00,1.0
2011-04-22 07:04:15-04:00,1.0
2011-04-22 07:04:18-04:00,1.0
2011-04-22 07:04:21-04:00,1.0
2011-04-22 07:04:24-04:00,1.3333333333333333
2011-04-22 07:04:27-04:00,1.8888888888888888
2011-04-22 07:04:30-04:00,1.5555555555555556
2011-04-22 07:04:33-04:00,1.2222222222222223
2011-04-22 07:04:36-04:00,1.0
2011-04-22 07:04:39-04:00,1.0
2011-04-22 07:04:42-04:00,1.0
2011-04-22 07:04:45-04:00,1.0
2011-04-22 07:04:48-04:00,1.75
2011-04-22 07:04:51-04:00,1.3333333333333335
2011-04-22 07:04:54-04:00,1.0
2011-04-22 07:04:57-04:00,1.0
2011-04-22 07:05:00-04:00,1.0
2011-04-22 07:05:03-04:00,1.0
2011-04-22 07:05:06-04:00,1.0
2011-04-22 07:05:09-04:00,1.0
2011-04-22 07:05:12-04:00,1.0
2011-04-22 07:05:15-04:00,1.0
2011-04-22 07:05:18-04:00,1.0
2011-04-22 07:05:21-04:00,1.0
2011-04-22 07:05:24-04:00,1.0
2011-04-22 07:05:27-04:00,2.0
2011-04-22 07:05:30-04:00,1.6666666666666667
2011-04-22 07:05:33-04:00,1.3333333333333335
2011-04-22 07:05:36-04:00,1.0
2011-04-22 07:05:39-04:00,1.0
2011-04-22 07:05:42-04:00,1.75
2011-04-22 07:05:45-04:00,1.3333333333333335
2011-04-22 07:05:48-04:00,1.0
2011-04-22 07:05:51-04:00,1.0
2011-04-22 07:05:54-04:00,1.0
2011-04-22 07:05:57-04:00,1.25
2011-04-22 07:06:00-04:00,2.0
2011-04-22 07:06:03-04:00,1.0
2011-04-22 07:06:06-04:00,1.0
2011-04-22 07:06:09-04:00,1.0
2011-04-22 07:06:12-04:00,1.0
2011-04-22 07:06:15-04:00,1.0
2011-04-22 07:06:18-04:00,1.25
2011-04-22 07:06:21-04:00,2.0
2011-04-22 07:06:24-04:00,1.0
2011-04-22 07:06:27-04:00,1.0
2011-04-22 07:06:30-04:00,1.0
2011-04-22 07:06:33-04:00,1.0
2011-04-22 07:06:36-04:00,1.0
2011-04-22 07:06:39-04:00,1.0
2011-04-22 07:06:42-04:00,1.0
2011-04-22 07:06:45-04:00,1.0
2011-04-22 07:06:48-04:00,1.3333333333333333
2011-04-22 07:06:51-04:00,2.0
2011-04-22 07:06:54-04:00,2.0
2011-04-22 07:06:57-04:00,1.0
2011-04-22 07:07:00-04:00,1.0
2011-04-22 07:07:03-04:00,1.0
2011-04-22 07:07:06-04:00,1.5
2011-04-22 07:07:09-04:00,1.6666666666666667
2011-04-22 07:07:12-04:00,1.0
2011-04-22 07:07:15-04:00,1.0
2011-04-22 07:07:18-04:00,1.0
2011-04-22 07:07:21-04:00,1.0
2011-04-22 07:07:24-04:00,1.0
2011-04-22 07:07:27-04:00,1.0
2011-04-22 07:07:30-04:00,1.0
2011-04-22 07:07:33-04:00,1.0
2011-04-22 07:07:36-04:00,1.0
2011-04-22 07:07:39-04:00,1.0
2011-04-22 07:07:42-04:00,1.0
2011-04-22 07:07:45-04:00,1.0
2011-04-22 07:07:48-04:00,1.0
2011-04-22 07:07:51-04:00,1.0
2011-04-22 07:07:54-04:00,1.0
2011-04-22 07:07:57-04:00,1.0
2011-04-22 07:08:00-04:00,1.0
2011-04-22 07:08:03-04:00,1.0
2011-04-22 07:08:06-04:00,1.0
2011-04-22 07:08:09-04:00,1.0
2011-04-22 07:08:12-04:00,1.0
2011-04-22 07:08:15-04:00,1.0
2011-04-22 07:08:18-04:00,2.0
2011-04-22 07:08:21-04:00,1.0
2011-04-22 07:08:24-04:00,1.75
2011-04-22 07:08:27-04:00,2.0
2011-04-22 07:08:30-04:00,1.5555555555555556
2011-04-22 07:08:33-04:00,0.8888888888888888
2011-04-22 07:08:36-04:00,0.22222222222222232
2011-04-22 07:08:39-04:00,0.0
2011-04-22 07:08:42-04:00,0.0
2011-04-22 07:08:45-04:00,0.0
2011-04-22 07:08:48-04:00,0.0
2011-04-22 07:08:51-04:00,0.0
2011-04-22 07:08:54-04:00,0.0
2011-04-22 07:08:57-04:00,0.0
2011-04-22 07:09:00-04:00,0.0
2011-04-22 07:09:03-04:00,0.0
2011-04-22 07:09:06-04:00,0.0
2011-04-22 07:09:09-04:00,0.0
2011-04-22 07:09:12-04:00,0.0
2011-04-22 07:09:15-04:00,0.0
2011-04-22 07:09:18-04:00,0.0
2011-04-22 07:09:21-04:00,0.0
2011-04-22 07:09:24-04:00,0.0
2011-04-22 07:09:27-04:00,0.0
2011-04-22 07:09:30-04:00,0.0
2011-04-22 07:09:33-04:00,0.0
2011-04-22 07:09:36-04:00,0.0
2011-04-22 07:09:39-04:00,0.0
2011-04-22 07:09:42-04:00,0.0
2011-04-22 07:09:45-04:00,0.0
2011-04-22 07:09:48-04:00,0.0
2011-04-22 07:09:51-04:00,0.0
2011-04-22 07:09:54-04:00,0.0
2011-04-22 07:09:57-04:00,0.0
2011-04-22 07:10:00-04:00,0.0
2011-04-22 07:10:03-04:00,0.0
2011-04-22 07:10:06-04:00,0.0
2011-04-22 07:10:09-04:00,0.0
2011-04-22 07:10:12-04:00,0.0
2011-04-22 07:10:15-04:00,0.0
2011-04-22 07:10:18-04:00,0.0
2011-04-22 07:10:21-04:00,0.0
2011-04-22 07:10:24-04:00,0.0
2011-04-22 07:10:27-04:00,0.0
2011-04-22 07:10:30-04:00,0.0
2011-04-22 07:10:33-04:00,0.0
2011-04-22 07:10:36-04:00,0.0
2011-04-22 07:10:39-04:00,0.0
2011-04-22 07:10:42-04:00,0.0
2011-04-22 07:10:45-04:00,0.0
2011-04-22 07:10:48-04:00,0.0
2011-04-22 07:10:51-04:00,0.0
2011-04-22 07:10:54-04:00,0.0
2011-04-22 07:10:57-04:00,0.0
2011-04-22 07:11:00-04:00,0.0
2011-04-22 07:11:03-04:00,0.0
2011-04-22 07:11:06-04:00,0.0
2011-04-22 07:11:09-04:00,0.0
2011-04-22 07:11:12-04:00,0.0
2011-04-22 07:11:15-04:00,0.0
2011-04-22 07:11:18-04:00,0.0
2011-04-22 07:11:21-04:00,0.0
2011-04-22 07:11:24-04:00,0.0
2011-04-22 07:11:27-04:00,0.0
2011-04-22 07:11:30-04:00,0.0
2011-04-22 07:11:33-04:00,0.0
2011-04-22 07:11:36-04:00,0.0
2011-04-22 07:11:39-04:00,0.0
2011-04-22 07:11:42-04:00,0.0
2011-04-22 07:11:45-04:00,0.0
2011-04-22 07:11:48-04:00,0.0
2011-04-22 07:11:51-04:00,0.0
2011-04-22 07:11:54-04:00,0.0
2011-04-22 07:11:57-04:00,0.0
2011-04-22 07:12:00-04:00,0.0
2011-04-22 07:12:03-04:00,0.0
2011-04-22 07:12:06-04:00,0.0
2011-04-22 07:12:09-04:00,0.0
2011-04-22 07:12:12-04:00,0.0
2011-04-22 07:12:15-04:00,0.0
2011-04-22 07:12:18-04:00,0.0
2011-04-22 07:12:21-04:00,0.0
2011-04-22 07:12:24-04:00,0.0
2011-04-22 07:12:27-04:00,0.0
2011-04-22 07:12:30-04:00,0.0
2011-04-22 07:12:33-04:00,0.0
2011-04-22 07:12:36-04:00,0.0
2011-04-22 07:12:39-04:00,0.0
2011-04-22 07:12:42-04:00,0.0
2011-04-22 07:12:45-04:00,0.0
2011-04-22 07:12:48-04:00,0.0
2011-04-22 07:12:51-04:00,0.0
2011-04-22 07:12:54-04:00,0.0
2011-04-22 07:12:57-04:00,0.0
2011-04-22 07:13:00-04:00,0.0
2011-04-22 07:13:03-04:00,0.0
2011-04-22 07:13:06-04:00,0.0
2011-04-22 07:13:09-04:00,0.0
2011-04-22 07:13:12-04:00,0.0
2011-04-22 07:13:15-04:00,0.0
2011-04-22 07:13:18-04:00,0.0
2011-04-22 07:13:21-04:00,0.0
2011-04-22 07:13:24-04:00,0.0
2011-04-22 07:13:27-04:00,0.0
2011-04-22 07:13:30-04:00,0.0
2011-04-22 07:13:33-04:00,0.0
2011-04-22 07:13:36-04:00,0.0
2011-04-22 07:13:39-04:00,0.0
2011-04-22 07:13:42-04:00,0.0
2011-04-22 07:13:45-04:00,0.0
2011-04-22 07:13:48-04:00,0.0
2011-04-22 07:13:51-04:00,0.0
2011-04-22 07:13:54-04:00,0.0
2011-04-22 07:13:57-04:00,0.0
2011-04-22 07:14:00-04:00,0.0
2011-04-22 07:14:03-04:00,0.0
2011-04-22 07:14:06-04:00,0.0
2011-04-22 07:14:09-04:00,0.0
2011-04-22 07:14:12-04:00,0.0
2011-04-22 07:14:15-04:00,0.0
2011-04-22 07:14:18-04:00,0.0
2011-04-22 07:14:21-04:00,0.0
2011-04-22 07:14:24-04:00,0.0
2011-04-22 07:14:27-04:00,0.0
2011-04-22 07:14:30-04:00,0.0
2011-04-22 07:14:33-04:00,0.0
2011-04-22 07:14:36-04:00,0.0
2011-04-22 07:14:39-04:00,0.0
2011-04-22 07:14:42-04:00,0.0
2011-04-22 07:14:45-04:00,0.0
2011-04-22 07:14:48-04:00,0.0
2011-04-22 07:14:51-04:00,0.0
2011-04-22 07:14:54-04:00,0.0
2011-04-22 07:14:57-04:00,0.0
2011-04-22 07:15:00-04:00,0.0
2011-04-22 07:15:03-04:00,0.0
2011-04-22 07:15:06-04:00,0.0
2011-04-22 07:15:09-04:00,0.0
2011-04-22 07:15:12-04:00,0.0
2011-04-22 07:15:15-04:00,0.0
2011-04-22 07:15:18-04:00,0.0
2011-04-22 07:15:21-04:00,0.0
2011-04-22 07:15:24-04:00,0.0
2011-04-22 07:15:27-04:00,0.0
2011-04-22 07:15:30-04:00,0.2222222222222222
2011-04-22 07:15:33-04:00,0.5555555555555556
2011-04-22 07:15:36-04:00,0.8888888888888888
2011-04-22 07:15:39-04:00,1.0
2011-04-22 07:15:42-04:00,1.0
2011-04-22 07:15:45-04:00,1.0
2011-04-22 07:15:48-04:00,1.0
2011-04-22 07:15:51-04:00,1.0
2011-04-22 07:15:54-04:00,1.0
2011-04-22 07:15:57-04:00,1.0
2011-04-22 07:16:00-04:00,1.0
2011-04-22 07:16:03-04:00,1.0
2011-04-22 07:16:06-04:00,1.0
2011-04-22 07:16:09-04:00,1.0
2011-04-22 07:16:12-04:00,1.0
2011-04-22 07:16:15-04:00,1.0
2011-04-22 07:16:18-04:00,1.0
2011-04-22 07:16:21-04:00,1.0
2011-04-22 07:16:24-04:00,1.0
2011-04-22 07:16:27-04:00,1.0
2011-04-22 07:16:30-04:00,1.0
2011-04-22 07:16:33-04:00,1.0
2011-04-22 07:16:36-04:00,1.0
2011-04-22 07:16:39-04:00,1.0
2011-04-22 07:16:42-04:00,1.0
2011-04-22 07:16:45-04:00,1.0
2011-04-22 07:16:48-04:00,1.0
2011-04-22 07:16:51-04:00,1.0
2011-04-22 07:16:54-04:00,1.0
2011-04-22 07:16:57-04:00,1.0
2011-04-22 07:17:00-04:00,1.0
2011-04-22 07:17:03-04:00,1.0
2011-04-22 07:17:06-04:00,1.0
2011-04-22 07:17:09-04:00,1.0
2011-04-22 07:17:12-04:00,1.0
2011-04-22 07:17:15-04:00,1.0
2011-04-22 07:17:18-04:00,1.0
2011-04-22 07:17:21-04:00,1.0
2011-04-22 07:17:24-04:00,1.0
2011-04-22 07:17:27-04:00,1.0
2011-04-22 07:17:30-04:00,1.0
2011-04-22 07:17:33-04:00,1.0
2011-04-22 07:17:36-04:00,1.0
2011-04-22 07:17:39-04:00,1.0
2011-04-22 07:17:42-04:00,1.0
2011-04-22 07:17:45-04:00,1.0
2011-04-22 07:17:48-04:00,1.0
2011-04-22 07:17:51-04:00,1.0
2011-04-22 07:17:54-04:00,1.0
2011-04-22 07:17:57-04:00,1.0
2011-04-22 07:18:00-04:00,1.0
2011-04-22 07:18:03-04:00,1.0
2011-04-22 07:18:06-04:00,1.0
2011-04-22 07:18:09-04:00,1.0
2011-04-22 07:18:12-04:00,1.0
2011-04-22 07:18:15-04:00,1.0
2011-04-22 07:18:18-04:00,1.0
2011-04-22 07:18:21-04:00,1.0
2011-04-22 07:18:24-04:00,0.25
2011-04-22 07:18:27-04:00,0.0
2011-04-22 07:18:30-04:00,0.0
2011-04-22 07:18:33-04:00,0.0
2011-04-22 07:18:36-04:00,0.0
2011-04-22 07:18:39-04:00,0.0
2011-04-22 07:18:42-04:00,0.0
2011-04-22 07:18:45-04:00,0.0
2011-04-22 07:18:48-04:00,0.0
2011-04-22 07:18:51-04:00,0.0
2011-04-22 07:18:54-04:00,0.0
2011-04-22 07:18:57-04:00,0.0
2011-04-22 07:19:00-04:00,0.0
2011-04-22 07:19:03-04:00,0.0
2011-04-22 07:19:06-04:00,0.0
2011-04-22 07:19:09-04:00,0.0
2011-04-22 07:19:12-04:00,0.0
2011-04-22 07:19:15-04:00,0.0
2011-04-22 07:19:18-04:00,0.0
2011-04-22 07:19:21-04:00,0.0
2011-04-22 07:19:24-04:00,0.0
2011-04-22 07:19:27-04:00,0.0
2011-04-22 07:19:30-04:00,0.0
2011-04-22 07:19:33-04:00,0.0
2011-04-22 07:19:36-04:00,0.0
2011-04-22 07:19:39-04:00,0.0
2011-04-22 07:19:42-04:00,0.0
2011-04-22 07:19:45-04:00,0.0
2011-04-22 07:19:48-04:00,0.0
2011-04-22 07:19:51-04:00,0.0
2011-04-22 07:19:54-04:00,0.0
2011-04-22 07:19:57-04:00,0.0
2011-04-22 07:20:00-04:00,0.0
2011-04-22 07:20:03-04:00,0.0
2011-04-22 07:20:06-04:00,0.0
2011-04-22 07:20:09-04:00,0.0
2011-04-22 07:20:12-04:00,0.0
2011-04-22 07:20:15-04:00,0.0
2011-04-22 07:20:18-04:00,0.0
2011-04-22 07:20:21-04:00,0.0
2011-04-22 07:20:24-04:00,0.0
2011-04-22 07:20:27-04:00,0.0
2011-04-22 07:20:30-04:00,0.0
2011-04-22 07:20:33-04:00,0.0
2011-04-22 07:20:36-04:00,0.0
2011-04-22 07:20:39-04:00,0.0
2011-04-22 07:20:42-04:00,0.0
2011-04-22 07:20:45-04:00,0.0
2011-04-22 07:20:48-04:00,0.0
2011-04-22 07:20:51-04:00,0.0
2011-04-22 07:20:54-04:00,0.0
2011-04-22 07:20:57-04:00,0.0
2011-04-22 07:21:00-04:00,0.0
2011-04-22 07:21:03-04:00,0.0
2011-04-22 07:21:06-04:00,0.0
2011-04-22 07:21:09-04:00,0.0
2011-04-22 07:21:12-04:00,0.0
2011-04-22 07:21:15-04:00,0.0
2011-04-22 07:21:18-04:00,0.0
2011-04-22 07:21:21-04:00,0.0
2011-04-22 07:21:24-04:00,0.0
2011-04-22 07:21:27-04:00,0.0
2011-04-22 07:21:30-04:00,0.0
2011-04-22 07:21:33-04:00,0.0
2011-04-22 07:21:36-04:00,0.0
2011-04-22 07:21:39-04:00,0.0
2011-04-22 07:21:42-04:00,0.0
2011-04-22 07:21:45-04:00,0.0
2011-04-22 07:21:48-04:00,0.0
2011-04-22 07:21:51-04:00,0.0
2011-04-22 07:21:54-04:00,0.0
2011-04-22 07:21:57-04:00,0.0
2011-04-22 07:22:00-04:00,0.0
2011-04-22 07:22:03-04:00,0.0
2011-04-22 07:22:06-04:00,0.0
2011-04-22 07:22:09-04:00,0.0
2011-04-22 07:22:12-04:00,0.0
2011-04-22 07:22:15-04:00,0.0
2011-04-22 07:22:18-04:00,0.0
2011-04-22 07:22:21-04:00,0.0
2011-04-22 07:22:24-04:00,0.0
2011-04-22 07:22:27-04:00,0.0
2011-04-22 07:22:30-04:00,0.0
2011-04-22 07:22:33-04:00,0.0
2011-04-22 07:22:36-04:00,0.0
2011-04-22 07:22:39-04:00,0.0
2011-04-22 07:22:42-04:00,0.0
2011-04-22 07:22:45-04:00,0.0
2011-04-22 07:22:48-04:00,0.0
2011-04-22 07:22:51-04:00,0.0
2011-04-22 07:22:54-04:00,0.0
2011-04-22 07:22:57-04:00,0.0
2011-04-22 07:23:00-04:00,0.0
2011-04-22 07:23:03-04:00,0.0
2011-04-22 07:23:06-04:00,0.0
2011-04-22 07:23:09-04:00,0.0
2011-04-22 07:23:12-04:00,0.0
2011-04-22 07:23:15-04:00,0.0
2011-04-22 07:23:18-04:00,0.0
2011-04-22 07:23:21-04:00,0.0
2011-04-22 07:23:24-04:00,0.0
2011-04-22 07:23:27-04:00,0.0
2011-04-22 07:23:30-04:00,0.0
2011-04-22 07:23:33-04:00,0.0
2011-04-22 07:23:36-04:00,0.0
2011-04-22 07:23:39-04:00,0.0
2011-04-22 07:23:42-04:00,0.0
2011-04-22 07:23:45-04:00,0.0
2011-04-22 07:23:48-04:00,0.0
2011-04-22 07:23:51-04:00,0.0
2011-04-22 07:23:54-04:00,1.0
2011-04-22 07:23:57-04:00,1.0
2011-04-22 07:24:00-04:00,1.0
2011-04-22 07:24:03-04:00,1.0
2011-04-22 07:24:06-04:00,1.0
2011-04-22 07:24:09-04:00,1.0
2011-04-22 07:24:12-04:00,1.0
2011-04-22 07:24:15-04:00,1.0
2011-04-22 07:24:18-04:00,1.0
2011-04-22 07:24:21-04:00,1.0
2011-04-22 07:24:24-04:00,1.0
2011-04-22 07:24:27-04:00,1.0
2011-04-22 07:24:30-04:00,1.0
2011-04-22 07:24:33-04:00,1.0
2011-04-22 07:24:36-04:00,1.0
2011-04-22 07:24:39-04:00,1.0
2011-04-22 07:24:42-04:00,1.0
2011-04-22 07:24:45-04:00,1.0
2011-04-22 07:24:48-04:00,1.0
2011-04-22 07:24:51-04:00,1.0
2011-04-22 07:24:54-04:00,1.0
2011-04-22 07:24:57-04:00,1.0
2011-04-22 07:25:00-04:00,1.0
2011-04-22 07:25:03-04:00,1.0
2011-04-22 07:25:06-04:00,1.0
2011-04-22 07:25:09-04:00,1.0
2011-04-22 07:25:12-04:00,1.0
2011-04-22 07:25:15-04:00,1.0
2011-04-22 07:25:18-04:00,1.0
2011-04-22 07:25:21-04:00,1.0
2011-04-22 07:25:24-04:00,0.5
2011-04-22 07:25:27-04:00,0.0
2011-04-22 07:25:30-04:00,0.0
2011-04-22 07:25:33-04:00,0.0
2011-04-22 07:25:36-04:00,0.0
2011-04-22 07:25:39-04:00,0.0
2011-04-22 07:25:42-04:00,0.0
2011-04-22 07:25:45-04:00,0.0
2011-04-22 07:25:48-04:00,0.0
2011-04-22 07:25:51-04:00,0.0
2011-04-22 07:25:54-04:00,0.0
2011-04-22 07:25:57-04:00,0.0
2011-04-22 07:26:00-04:00,0.0
2011-04-22 07:26:03-04:00,0.0
2011-04-22 07:26:06-04:00,0.0
2011-04-22 07:26:09-04:00,0.0
2011-04-22 07:26:12-04:00,0.0
2011-04-22 07:26:15-04:00,0.0
2011-04-22 07:26:18-04:00,0.0
2011-04-22 07:26:21-04:00,0.0
2011-04-22 07:26:24-04:00,0.0
2011-04-22 07:26:27-04:00,0.0
2011-04-22 07:26:30-04:00,0.0
2011-04-22 07:26:33-04:00,0.0
2011-04-22 07:26:36-04:00,0.0
2011-04-22 07:26:39-04:00,0.0
2011-04-22 07:26:42-04:00,0.0
2011-04-22 07:26:45-04:00,0.0
2011-04-22 07:26:48-04:00,0.0
2011-04-22 07:26:51-04:00,0.0
2011-04-22 07:26:54-04:00,0.0
2011-04-22 07:26:57-04:00,0.0
2011-04-22 07:27:00-04:00,0.0
2011-04-22 07:27:03-04:00,0.0
2011-04-22 07:27:06-04:00,0.0
2011-04-22 07:27:09-04:00,0.0
2011-04-22 07:27:12-04:00,0.0
2011-04-22 07:27:15-04:00,0.0
2011-04-22 07:27:18-04:00,2.25
2011-04-22 07:27:21-04:00,6.5
2011-04-22 07:27:24-04:00,10.0
2011-04-22 07:27:27-04:00,10.0
2011-04-22 07:27:30-04:00,10.0
2011-04-22 07:27:33-04:00,10.0
2011-04-22 07:27:36-04:00,10.0
2011-04-22 07:27:39-04:00,10.0
2011-04-22 07:27:42-04:00,10.0
2011-04-22 07:27:45-04:00,10.0
2011-04-22 07:27:48-04:00,10.0
2011-04-22 07:27:51-04:00,10.0
2011-04-22 07:27:54-04:00,10.0
2011-04-22 07:27:57-04:00,10.0
2011-04-22 07:28:00-04:00,10.0
2011-04-22 07:28:03-04:00,10.0
2011-04-22 07:28:06-04:00,10.0
2011-04-22 07:28:09-04:00,10.0
2011-04-22 07:28:12-04:00,10.0
2011-04-22 07:28:15-04:00,10.0
2011-04-22 07:28:18-04:00,10.0
2011-04-22 07:28:21-04:00,10.0
2011-04-22 07:28:24-04:00,10.0
2011-04-22 07:28:27-04:00,10.0
2011-04-22 07:28:30-04:00,10.0
2011-04-22 07:28:33-04:00,10.0
2011-04-22 07:28:36-04:00,10.0
2011-04-22 07:28:39-04:00,10.0
2011-04-22 07:28:42-04:00,10.0
2011-04-22 07:28:45-04:00,10.0
2011-04-22 07:28:48-04:00,10.0
2011-04-22 07:28:51-04:00,10.0
2011-04-22 07:28:54-04:00,10.0
2011-04-22 07:28:57-04:00,10.0
2011-04-22 07:29:00-04:00,10.0
2011-04-22 07:29:03-04:00,10.0
2011-04-22 07:29:06-04:00,10.0
2011-04-22 07:29:09-04:00,10.0
2011-04-22 07:29:12-04:00,10.0
2011-04-22 07:29:15-04:00,10.0
2011-04-22 07:29:18-04:00,10.0
2011-04-22 07:29:21-04:00,10.0
2011-04-22 07:29:24-04:00,10.0
2011-04-22 07:29:27-04:00,10.0
2011-04-22 07:29:30-04:00,10.0
2011-04-22 07:29:33-04:00,10.0
2011-04-22 07:29:36-04:00,10.0
2011-04-22 07:29:39-04:00,10.0
2011-04-22 07:29:42-04:00,10.0
2011-04-22 07:29:45-04:00,10.0
2011-04-22 07:29:48-04:00,10.0
2011-04-22 07:29:51-04:00,10.0
2011-04-22 07:29:54-04:00,10.0
2011-04-22 07:29:57-04:00,10.0
2011-04-22 07:30:00-04:00,10.0
2011-04-22 07:30:03-04:00,10.0
2011-04-22 07:30:06-04:00,10.0
2011-04-22 07:30:09-04:00,10.0
2011-04-22 07:30:12-04:00,10.0
2011-04-22 07:30:15-04:00,10.0
2011-04-22 07:30:18-04:00,7.5
2011-04-22 07:30:21-04:00,0.0
2011-04-22 07:30:24-04:00,0.0
2011-04-22 07:30:27-04:00,0.0
2011-04-22 07:30:30-04:00,0.0
2011-04-22 07:30:33-04:00,0.0
2011-04-22 07:30:36-04:00,0.0
2011-04-22 07:30:39-04:00,0.0
2011-04-22 07:30:42-04:00,0.3333333333333333
2011-04-22 07:30:45-04:00,1.0
2011-04-22 07:30:48-04:00,1.0
2011-04-22 07:30:51-04:00,1.0
2011-04-22 07:30:54-04:00,1.0
2011-04-22 07:30:57-04:00,1.0
2011-04-22 07:31:00-04:00,1.0
2011-04-22 07:31:03-04:00,1.0
2011-04-22 07:31:06-04:00,1.0
2011-04-22 07:31:09-04:00,1.0
2011-04-22 07:31:12-04:00,1.0
2011-04-22 07:31:15-04:00,1.0
2011-04-22 07:31:18-04:00,1.0
2011-04-22 07:31:21-04:00,1.0
2011-04-22 07:31:24-04:00,1.0
2011-04-22 07:31:27-04:00,1.0
2011-04-22 07:31:30-04:00,1.0
2011-04-22 07:31:33-04:00,1.0
2011-04-22 07:31:36-04:00,1.0
2011-04-22 07:31:39-04:00,1.0
2011-04-22 07:31:42-04:00,0.75
2011-04-22 07:31:45-04:00,0.0
2011-04-22 07:31:48-04:00,0.0
2011-04-22 07:31:51-04:00,0.0
2011-04-22 07:31:54-04:00,0.0
2011-04-22 07:31:57-04:00,0.0
2011-04-22 07:32:00-04:00,0.0
2011-04-22 07:32:03-04:00,0.0
2011-04-22 07:32:06-04:00,0.0
2011-04-22 07:32:09-04:00,0.0
2011-04-22 07:32:12-04:00,0.0
2011-04-22 07:32:15-04:00,0.0
2011-04-22 07:32:18-04:00,0.0
2011-04-22 07:32:21-04:00,0.0
2011-04-22 07:32:24-04:00,0.0
2011-04-22 07:32:27-04:00,0.0
2011-04-22 07:32:30-04:00,0.0
2011-04-22 07:32:33-04:00,0.0
2011-04-22 07:32:36-04:00,0.0
2011-04-22 07:32:39-04:00,0.0
2011-04-22 07:32:42-04:00,0.0
2011-04-22 07:32:45-04:00,0.0
2011-04-22 07:32:48-04:00,0.0
2011-04-22 07:32:51-04:00,0.0
2011-04-22 07:32:54-04:00,0.0
2011-04-22 07:32:57-04:00,0.0
2011-04-22 07:33:00-04:00,0.0
2011-04-22 07:33:03-04:00,0.0
2011-04-22 07:33:06-04:00,0.0
2011-04-22 07:33:09-04:00,0.0
2011-04-22 07:33:12-04:00,0.0
2011-04-22 07:33:15-04:00,0.0
2011-04-22 07:33:18-04:00,0.0
2011-04-22 07:33:21-04:00,0.0
2011-04-22 07:33:24-04:00,0.0
2011-04-22 07:33:27-04:00,0.0
2011-04-22 07:33:30-04:00,0.0
2011-04-22 07:33:33-04:00,0.0
2011-04-22 07:33:36-04:00,0.0
2011-04-22 07:33:39-04:00,0.0
2011-04-22 07:33:42-04:00,0.0
2011-04-22 07:33:45-04:00,0.0
2011-04-22 07:33:48-04:00,0.0
2011-04-22 07:33:51-04:00,0.0
2011-04-22 07:33:54-04:00,0.0
2011-04-22 07:33:57-04:00,0.0
2011-04-22 07:34:00-04:00,0.0
2011-04-22 07:34:03-04:00,0.0
2011-04-22 07:34:06-04:00,0.0
2011-04-22 07:34:09-04:00,0.0
2011-04-22 07:34:12-04:00,0.0
2011-04-22 07:34:15-04:00,0.0
2011-04-22 07:34:18-04:00,0.0
2011-04-22 07:34:21-04:00,0.0
2011-04-22 07:34:24-04:00,0.0
2011-04-22 07:34:27-04:00,0.0
2011-04-22 07:34:30-04:00,0.0
2011-04-22 07:34:33-04:00,0.0
2011-04-22 07:34:36-04:00,0.0
2011-04-22 07:34:39-04:00,0.0
2011-04-22 07:34:42-04:00,0.0
2011-04-22 07:34:45-04:00,0.0
2011-04-22 07:34:48-04:00,0.0
2011-04-22 07:34:51-04:00,0.0
2011-04-22 07:34:54-04:00,0.0
2011-04-22 07:34:57-04:00,0.0
2011-04-22 07:35:00-04:00,0.0
2011-04-22 07:35:03-04:00,0.0
2011-04-22 07:35:06-04:00,0.5
2011-04-22 07:35:09-04:00,1.0
2011-04-22 07:35:12-04:00,1.0
2011-04-22 07:35:15-04:00,1.0
2011-04-22 07:35:18-04:00,1.0
2011-04-22 07:35:21-04:00,1.0
2011-04-22 07:35:24-04:00,1.0
2011-04-22 07:35:27-04:00,0.7777777777777778
2011-04-22 07:35:30-04:00,0.4444444444444444
2011-04-22 07:35:33-04:00,0.11111111111111116
2011-04-22 07:35:36-04:00,0.0
2011-04-22 07:35:39-04:00,0.0
2011-04-22 07:35:42-04:00,0.0
2011-04-22 07:35:45-04:00,0.0
2011-04-22 07:35:48-04:00,0.0
2011-04-22 07:35:51-04:00,0.0
2011-04-22 07:35:54-04:00,0.0
2011-04-22 07:35:57-04:00,0.0
2011-04-22 07:36:00-04:00,0.0
2011-04-22 07:36:03-04:00,0.0
2011-04-22 07:36:06-04:00,0.0
2011-04-22 07:36:09-04:00,0.0
2011-04-22 07:36:12-04:00,0.0
2011-04-22 07:36:15-04:00,0.0
2011-04-22 07:36:18-04:00,0.0
2011-04-22 07:36:21-04:00,0.0
2011-04-22 07:36:24-04:00,0.0
2011-04-22 07:36:27-04:00,0.0
2011-04-22 07:36:30-04:00,0.0
2011-04-22 07:36:33-04:00,0.0
2011-04-22 07:36:36-04:00,0.0
2011-04-22 07:36:39-04:00,0.0
2011-04-22 07:36:42-04:00,0.0
2011-04-22 07:36:45-04:00,0.0
2011-04-22 07:36:48-04:00,0.0
2011-04-22 07:36:51-04:00,0.0
2011-04-22 07:36:54-04:00,0.0
2011-04-22 07:36:57-04:00,0.0
2011-04-22 07:37:00-04:00,0.0
2011-04-22 07:37:03-04:00,0.0
2011-04-22 07:37:06-04:00,0.0
2011-04-22 07:37:09-04:00,0.0
2011-04-22 07:37:12-04:00,0.0
2011-04-22 07:37:15-04:00,0.0
2011-04-22 07:37:18-04:00,0.0
2011-04-22 07:37:21-04:00,0.0
2011-04-22 07:37:24-04:00,0.0
2011-04-22 07:37:27-04:00,0.0
2011-04-22 07:37:30-04:00,0.0
2011-04-22 07:37:33-04:00,0.0
2011-04-22 07:37:36-04:00,0.0
2011-04-22 07:37:39-04:00,0.0
2011-04-22 07:37:42-04:00,0.0
2011-04-22 07:37:45-04:00,0.0
2011-04-22 07:37:48-04:00,0.0
2011-04-22 07:37:51-04:00,0.0
2011-04-22 07:37:54-04:00,0.0
2011-04-22 07:37:57-04:00,0.0
2011-04-22 07:38:00-04:00,0.0
2011-04-22 07:38:03-04:00,0.0
2011-04-22 07:38:06-04:00,0.0
2011-04-22 07:38:09-04:00,0.0
2011-04-22 07:38:12-04:00,0.0
2011-04-22 07:38:15-04:00,0.0
2011-04-22 07:38:18-04:00,0.0
2011-04-22 07:38:21-04:00,0.0
2011-04-22 07:38:24-04:00,0.0
2011-04-22 07:38:27-04:00,0.0
2011-04-22 07:38:30-04:00,0.0
2011-04-22 07:38:33-04:00,0.0
2011-04-22 07:38:36-04:00,0.0
2011-04-22 07:38:39-04:00,0.0
2011-04-22 07:38:42-04:00,0.0
2011-04-22 07:38:45-04:00,0.0
2011-04-22 07:38:48-04:00,0.0
2011-04-22 07:38:51-04:00,0.0
2011-04-22 07:38:54-04:00,0.0
2011-04-22 07:38:57-04:00,0.0
2011-04-22 07:39:00-04:00,0.0
2011-04-22 07:39:03-04:00,0.0
2011-04-22 07:39:06-04:00,0.0
2011-04-22 07:39:09-04:00,0.0
2011-04-22 07:39:12-04:00,0.0
2011-04-22 07:39:15-04:00,0.0
2011-04-22 07:39:18-04:00,0.0
2011-04-22 07:39:21-04:00,0.0
2011-04-22 07:39:24-04:00,0.0
2011-04-22 07:39:27-04:00,0.0
2011-04-22 07:39:30-04:00,0.0
2011-04-22 07:39:33-04:00,0.0
2011-04-22 07:39:36-04:00,0.0
2011-04-22 07:39:39-04:00,0.0
2011-04-22 07:39:42-04:00,0.0
2011-04-22 07:39:45-04:00,0.0
2011-04-22 07:39:48-04:00,0.0
2011-04-22 07:39:51-04:00,0.0
2011-04-22 07:39:54-04:00,0.0
2011-04-22 07:39:57-04:00,0.0
2011-04-22 07:40:00-04:00,0.0
2011-04-22 07:40:03-04:00,0.0
2011-04-22 07:40:06-04:00,0.0
2011-04-22 07:40:09-04:00,0.0
2011-04-22 07:40:12-04:00,0.0
2011-04-22 07:40:15-04:00,0.0
2011-04-22 07:40:18-04:00,0.0
2011-04-22 07:40:21-04:00,0.0
2011-04-22 07:40:24-04:00,0.0
2011-04-22 07:40:27-04:00,0.0
2011-04-22 07:40:30-04:00,0.0
2011-04-22 07:40:33-04:00,0.0
2011-04-22 07:40:36-04:00,0.0
2011-04-22 07:40:39-04:00,0.0
2011-04-22 07:40:42-04:00,0.0
2011-04-22 07:40:45-04:00,0.0
2011-04-22 07:40:48-04:00,0.0
2011-04-22 07:40:51-04:00,0.0
2011-04-22 07:40:54-04:00,0.0
2011-04-22 07:40:57-04:00,0.0
2011-04-22 07:41:00-04:00,0.0
2011-04-22 07:41:03-04:00,0.0
2011-04-22 07:41:06-04:00,0.0
2011-04-22 07:41:09-04:00,0.0
2011-04-22 07:41:12-04:00,0.0
2011-04-22 07:41:15-04:00,0.0
2011-04-22 07:41:18-04:00,0.0
2011-04-22 07:41:21-04:00,0.0
2011-04-22 07:41:24-04:00,0.0
2011-04-22 07:41:27-04:00,0.0
2011-04-22 07:41:30-04:00,0.0
2011-04-22 07:41:33-04:00,0.0
2011-04-22 07:41:36-04:00,0.0
2011-04-22 07:41:39-04:00,0.0
2011-04-22 07:41:42-04:00,0.0
2011-04-22 07:41:45-04:00,0.0
2011-04-22 07:41:48-04:00,0.0
2011-04-22 07:41:51-04:00,0.0
2011-04-22 07:41:54-04:00,0.0
2011-04-22 07:41:57-04:00,0.0
2011-04-22 07:42:00-04:00,0.0
2011-04-22 07:42:03-04:00,0.75
2011-04-22 07:42:06-04:00,1.0
2011-04-22 07:42:09-04:00,1.0
2011-04-22 07:42:12-04:00,1.0
2011-04-22 07:42:15-04:00,1.0
2011-04-22 07:42:18-04:00,1.0
2011-04-22 07:42:21-04:00,1.0
2011-04-22 07:42:24-04:00,1.0
2011-04-22 07:42:27-04:00,1.0
2011-04-22 07:42:30-04:00,1.0
2011-04-22 07:42:33-04:00,1.0
2011-04-22 07:42:36-04:00,1.0
2011-04-22 07:42:39-04:00,1.0
2011-04-22 07:42:42-04:00,1.0
2011-04-22 07:42:45-04:00,1.0
2011-04-22 07:42:48-04:00,1.0
2011-04-22 07:42:51-04:00,1.0
2011-04-22 07:42:54-04:00,1.0
2011-04-22 07:42:57-04:00,1.0
2011-04-22 07:43:00-04:00,1.0
2011-04-22 07:43:03-04:00,1.0
2011-04-22 07:43:06-04:00,1.0
2011-04-22 07:43:09-04:00,1.0
2011-04-22 07:43:12-04:00,1.0
2011-04-22 07:43:15-04:00,1.0
2011-04-22 07:43:18-04:00,1.0
2011-04-22 07:43:21-04:00,1.0
2011-04-22 07:43:24-04:00,1.0
2011-04-22 07:43:27-04:00,1.0
2011-04-22 07:43:30-04:00,1.0
2011-04-22 07:43:33-04:00,1.0
2011-04-22 07:43:36-04:00,1.0
2011-04-22 07:43:39-04:00,1.0
2011-04-22 07:43:42-04:00,1.0
2011-04-22 07:43:45-04:00,1.0
2011-04-22 07:43:48-04:00,1.0
2011-04-22 07:43:51-04:00,1.0
2011-04-22 07:43:54-04:00,1.0
2011-04-22 07:43:57-04:00,1.0
2011-04-22 07:44:00-04:00,0.25
2011-04-22 07:44:03-04:00,0.6666666666666666
2011-04-22 07:44:06-04:00,1.0
2011-04-22 07:44:09-04:00,1.0
2011-04-22 07:44:12-04:00,1.0
2011-04-22 07:44:15-04:00,1.0
2011-04-22 07:44:18-04:00,1.0
2011-04-22 07:44:21-04:00,1.0
2011-04-22 07:44:24-04:00,1.0
2011-04-22 07:44:27-04:00,1.0
2011-04-22 07:44:30-04:00,1.0
2011-04-22 07:44:33-04:00,1.0
2011-04-22 07:44:36-04:00,1.0
2011-04-22 07:44:39-04:00,1.0
2011-04-22 07:44:42-04:00,1.0
2011-04-22 07:44:45-04:00,1.0
2011-04-22 07:44:48-04:00,1.0
2011-04-22 07:44:51-04:00,1.0
2011-04-22 07:44:54-04:00,1.0
2011-04-22 07:44:57-04:00,0.0
2011-04-22 07:45:00-04:00,0.75
2011-04-22 07:45:03-04:00,0.33333333333333337
2011-04-22 07:45:06-04:00,0.5
2011-04-22 07:45:09-04:00,1.0
2011-04-22 07:45:12-04:00,1.0
2011-04-22 07:45:15-04:00,1.0
2011-04-22 07:45:18-04:00,1.0
2011-04-22 07:45:21-04:00,1.0
2011-04-22 07:45:24-04:00,1.0
2011-04-22 07:45:27-04:00,1.0
2011-04-22 07:45:30-04:00,1.0
2011-04-22 07:45:33-04:00,1.0
2011-04-22 07:45:36-04:00,1.0
2011-04-22 07:45:39-04:00,1.0
2011-04-22 07:45:42-04:00,1.0
2011-04-22 07:45:45-04:00,1.0
2011-04-22 07:45:48-04:00,1.0
2011-04-22 07:45:51-04:00,1.0
2011-04-22 07:45:54-04:00,1.0
2011-04-22 07:45:57-04:00,1.0
2011-04-22 07:46:00-04:00,1.0
2011-04-22 07:46:03-04:00,1.0
2011-04-22 07:46:06-04:00,1.0
2011-04-22 07:46:09-04:00,1.0
2011-04-22 07:46:12-04:00,1.0
2011-04-22 07:46:15-04:00,1.0
2011-04-22 07:46:18-04:00,1.0
2011-04-22 07:46:21-04:00,1.0
2011-04-22 07:46:24-04:00,1.0
2011-04-22 07:46:27-04:00,1.0
2011-04-22 07:46:30-04:00,1.0
2011-04-22 07:46:33-04:00,1.0
2011-04-22 07:46:36-04:00,1.0
2011-04-22 07:46:39-04:00,1.0
2011-04-22 07:46:42-04:00,1.0
2011-04-22 07:46:45-04:00,1.0
2011-04-22 07:46:48-04:00,1.0
2011-04-22 07:46:51-04:00,1.0
2011-04-22 07:46:54-04:00,1.0
2011-04-22 07:46:57-04:00,1.0
2011-04-22 07:47:00-04:00,1.0
2011-04-22 07:47:03-04:00,1.0
2011-04-22 07:47:06-04:00,0.5
2011-04-22 07:47:09-04:00,0.0
2011-04-22 07:47:12-04:00,0.3333333333333333
2011-04-22 07:47:15-04:00,1.0
2011-04-22 07:47:18-04:00,1.0
2011-04-22 07:47:21-04:00,1.0
2011-04-22 07:47:24-04:00,1.0
2011-04-22 07:47:27-04:00,1.0
2011-04-22 07:47:30-04:00,1.0
2011-04-22 07:47:33-04:00,1.0
2011-04-22 07:47:36-04:00,1.0
2011-04-22 07:47:39-04:00,1.0
2011-04-22 07:47:42-04:00,1.0
2011-04-22 07:47:45-04:00,1.0
2011-04-22 07:47:48-04:00,1.0
2011-04-22 07:47:51-04:00,1.0
2011-04-22 07:47:54-04:00,1.0
2011-04-22 07:47:57-04:00,1.0
2011-04-22 07:48:00-04:00,1.0
2011-04-22 07:48:03-04:00,1.0
2011-04-22 07:48:06-04:00,1.0
2011-04-22 07:48:09-04:00,1.0
2011-04-22 07:48:12-04:00,1.0
2011-04-22 07:48:15-04:00,1.0
2011-04-22 07:48:18-04:00,1.0
2011-04-22 07:48:21-04:00,1.0
2011-04-22 07:48:24-04:00,1.0
2011-04-22 07:48:27-04:00,1.0
2011-04-22 07:48:30-04:00,1.0
2011-04-22 07:48:33-04:00,1.0
2011-04-22 07:48:36-04:00,1.0
2011-04-22 07:48:39-04:00,1.0
2011-04-22 07:48:42-04:00,1.0
2011-04-22 07:48:45-04:00,1.0
2011-04-22 07:48:48-04:00,1.0
2011-04-22 07:48:51-04:00,1.0
2011-04-22 07:48:54-04:00,1.0
2011-04-22 07:48:57-04:00,1.0
2011-04-22 07:49:00-04:00,1.0
2011-04-22 07:49:03-04:00,1.0
2011-04-22 07:49:06-04:00,1.0
2011-04-22 07:49:09-04:00,1.0
2011-04-22 07:49:12-04:00,1.0
2011-04-22 07:49:15-04:00,1.0
2011-04-22 07:49:18-04:00,1.0
2011-04-22 07:49:21-04:00,1.0
2011-04-22 07:49:24-04:00,1.0
2011-04-22 07:49:27-04:00,1.0
2011-04-22 07:49:30-04:00,1.0
2011-04-22 07:49:33-04:00,1.0
2011-04-22 07:49:36-04:00,1.0
2011-04-22 07:49:39-04:00,1.0
2011-04-22 07:49:42-04:00,1.0
2011-04-22 07:49:45-04:00,1.0
2011-04-22 07:49:48-04:00,1.0
2011-04-22 07:49:51-04:00,1.0
2011-04-22 07:49:54-04:00,1.0
2011-04-22 07:49:57-04:00,1.0
2011-04-22 07:50:00-04:00,1.0
2011-04-22 07:50:03-04:00,1.0
2011-04-22 07:50:06-04:00,1.0
2011-04-22 07:50:09-04:00,1.0
2011-04-22 07:50:12-04:00,1.0
2011-04-22 07:50:15-04:00,1.0
2011-04-22 07:50:18-04:00,1.0
2011-04-22 07:50:21-04:00,1.0
2011-04-22 07:50:24-04:00,1.0
2011-04-22 07:50:27-04:00,0.7777777777777778
2011-04-22 07:50:30-04:00,0.4444444444444444
2011-04-22 07:50:33-04:00,0.11111111111111116
2011-04-22 07:50:36-04:00,0.5
2011-04-22 07:50:39-04:00,1.0
2011-04-22 07:50:42-04:00,1.0
2011-04-22 07:50:45-04:00,1.0
2011-04-22 07:50:48-04:00,1.0
2011-04-22 07:50:51-04:00,1.0
2011-04-22 07:50:54-04:00,1.0
2011-04-22 07:50:57-04:00,1.0
2011-04-22 07:51:00-04:00,1.0
2011-04-22 07:51:03-04:00,1.0
2011-04-22 07:51:06-04:00,1.0
2011-04-22 07:51:09-04:00,1.0
2011-04-22 07:51:12-04:00,1.0
2011-04-22 07:51:15-04:00,1.0
2011-04-22 07:51:18-04:00,1.0
2011-04-22 07:51:21-04:00,0.33333333333333337
2011-04-22 07:51:24-04:00,0.6666666666666666
2011-04-22 07:51:27-04:00,1.0
2011-04-22 07:51:30-04:00,1.0
2011-04-22 07:51:33-04:00,1.0
2011-04-22 07:51:36-04:00,1.0
2011-04-22 07:51:39-04:00,1.0
2011-04-22 07:51:42-04:00,1.0
2011-04-22 07:51:45-04:00,1.0
2011-04-22 07:51:48-04:00,1.0
2011-04-22 07:51:51-04:00,1.0
2011-04-22 07:51:54-04:00,1.0
2011-04-22 07:51:57-04:00,1.0
2011-04-22 07:52:00-04:00,1.0
2011-04-22 07:52:03-04:00,1.0
2011-04-22 07:52:06-04:00,1.0
2011-04-22 07:52:09-04:00,1.0
2011-04-22 07:52:12-04:00,1.0
2011-04-22 07:52:15-04:00,1.0
2011-04-22 07:52:18-04:00,1.0
2011-04-22 07:52:21-04:00,1.0
2011-04-22 07:52:24-04:00,1.0
2011-04-22 07:52:27-04:00,1.0
2011-04-22 07:52:30-04:00,1.0
2011-04-22 07:52:33-04:00,1.0
2011-04-22 07:52:36-04:00,0.5
2011-04-22 07:52:39-04:00,0.3333333333333333
2011-04-22 07:52:42-04:00,1.0
2011-04-22 07:52:45-04:00,1.0
2011-04-22 07:52:48-04:00,1.0
2011-04-22 07:52:51-04:00,1.0
2011-04-22 07:52:54-04:00,1.0
2011-04-22 07:52:57-04:00,1.0
2011-04-22 07:53:00-04:00,1.0
2011-04-22 07:53:03-04:00,1.0
2011-04-22 07:53:06-04:00,1.0
2011-04-22 07:53:09-04:00,1.0
2011-04-22 07:53:12-04:00,1.0
2011-04-22 07:53:15-04:00,1.0
2011-04-22 07:53:18-04:00,1.0
2011-04-22 07:53:21-04:00,1.0
2011-04-22 07:53:24-04:00,1.0
2011-04-22 07:53:27-04:00,0.875
2011-04-22 07:53:30-04:00,0.5
2011-04-22 07:53:33-04:00,0.125
2011-04-22 07:53:36-04:00,0.5
2011-04-22 07:53:39-04:00,1.0
2011-04-22 07:53:42-04:00,1.0
2011-04-22 07:53:45-04:00,1.0
2011-04-22 07:53:48-04:00,1.0
2011-04-22 07:53:51-04:00,1.0
2011-04-22 07:53:54-04:00,1.0
2011-04-22 07:53:57-04:00,0.33333333333333337
2011-04-22 07:54:00-04:00,0.0
2011-04-22 07:54:03-04:00,0.0
2011-04-22 07:54:06-04:00,0.3333333333333333
2011-04-22 07:54:09-04:00,1.0
2011-04-22 07:54:12-04:00,1.0
2011-04-22 07:54:15-04:00,0.0
2011-04-22 07:54:18-04:00,0.75
2011-04-22 07:54:21-04:00,1.0
2011-04-22 07:54:24-04:00,1.0
2011-04-22 07:54:27-04:00,1.0
2011-04-22 07:54:30-04:00,1.0
2011-04-22 07:54:33-04:00,1.0
2011-04-22 07:54:36-04:00,1.0
2011-04-22 07:54:39-04:00,1.0
2011-04-22 07:54:42-04:00,1.0
2011-04-22 07:54:45-04:00,1.0
2011-04-22 07:54:48-04:00,1.0
2011-04-22 07:54:51-04:00,1.0
2011-04-22 07:54:54-04:00,1.0
2011-04-22 07:54:57-04:00,1.0
2011-04-22 07:55:00-04:00,1.0
2011-04-22 07:55:03-04:00,0.75
2011-04-22 07:55:06-04:00,0.0
2011-04-22 07:55:09-04:00,1.0
2011-04-22 07:55:12-04:00,1.0
2011-04-22 07:55:15-04:00,1.0
2011-04-22 07:55:18-04:00,1.0
2011-04-22 07:55:21-04:00,1.0
2011-04-22 07:55:24-04:00,0.6666666666666667
2011-04-22 07:55:27-04:00,0.1
2011-04-22 07:55:30-04:00,0.4
2011-04-22 07:55:33-04:00,0.7000000000000001
2011-04-22 07:55:36-04:00,1.0
2011-04-22 07:55:39-04:00,1.0
2011-04-22 07:55:42-04:00,1.0
2011-04-22 07:55:45-04:00,1.0
2011-04-22 07:55:48-04:00,1.0
2011-04-22 07:55:51-04:00,0.5
2011-04-22 07:55:54-04:00,0.3333333333333333
2011-04-22 07:55:57-04:00,1.0
2011-04-22 07:56:00-04:00,1.0
2011-04-22 07:56:03-04:00,1.0
2011-04-22 07:56:06-04:00,1.0
2011-04-22 07:56:09-04:00,1.0
2011-04-22 07:56:12-04:00,1.0
2011-04-22 07:56:15-04:00,1.0
2011-04-22 07:56:18-04:00,1.0
2011-04-22 07:56:21-04:00,1.0
2011-04-22 07:56:24-04:00,1.0
2011-04-22 07:56:27-04:00,1.0
2011-04-22 07:56:30-04:00,1.0
2011-04-22 07:56:33-04:00,1.0
2011-04-22 07:56:36-04:00,1.0
2011-04-22 07:56:39-04:00,1.0
2011-04-22 07:56:42-04:00,0.25
2011-04-22 07:56:45-04:00,0.0
2011-04-22 07:56:48-04:00,0.0
2011-04-22 07:56:51-04:00,0.0
2011-04-22 07:56:54-04:00,0.0
2011-04-22 07:56:57-04:00,0.0
2011-04-22 07:57:00-04:00,0.0
2011-04-22 07:57:03-04:00,1.0
2011-04-22 07:57:06-04:00,1.0
2011-04-22 07:57:09-04:00,1.0
2011-04-22 07:57:12-04:00,1.0
2011-04-22 07:57:15-04:00,1.0
2011-04-22 07:57:18-04:00,1.0
2011-04-22 07:57:21-04:00,0.75
2011-04-22 07:57:24-04:00,0.0
2011-04-22 07:57:27-04:00,1.0
2011-04-22 07:57:30-04:00,1.0
2011-04-22 07:57:33-04:00,1.0
2011-04-22 07:57:36-04:00,1.0
2011-04-22 07:57:39-04:00,1.0
2011-04-22 07:57:42-04:00,1.0
2011-04-22 07:57:45-04:00,0.33333333333333337
2011-04-22 07:57:48-04:00,0.5
2011-04-22 07:57:51-04:00,1.0
2011-04-22 07:57:54-04:00,1.0
2011-04-22 07:57:57-04:00,1.0
2011-04-22 07:58:00-04:00,1.0
2011-04-22 07:58:03-04:00,1.0
2011-04-22 07:58:06-04:00,1.0
2011-04-22 07:58:09-04:00,0.33333333333333337
2011-04-22 07:58:12-04:00,0.5
2011-04-22 07:58:15-04:00,0.6666666666666667
2011-04-22 07:58:18-04:00,0.25
2011-04-22 07:58:21-04:00,1.0
2011-04-22 07:58:24-04:00,1.0
2011-04-22 07:58:27-04:00,0.25
2011-04-22 07:58:30-04:00,0.25
2011-04-22 07:58:33-04:00,0.625
2011-04-22 07:58:36-04:00,1.0
2011-04-22 07:58:39-04:00,1.0
2011-04-22 07:58:42-04:00,1.0
2011-04-22 07:58:45-04:00,1.0
2011-04-22 07:58:48-04:00,1.0
2011-04-22 07:58:51-04:00,1.0
2011-04-22 07:58:54-04:00,1.0
2011-04-22 07:58:57-04:00,1.0
2011-04-22 07:59:00-04:00,1.0
2011-04-22 07:59:03-04:00,1.0
2011-04-22 07:59:06-04:00,1.0
2011-04-22 07:59:09-04:00,0.6666666666666667
2011-04-22 07:59:12-04:00,0.3333333333333333
2011-04-22 07:59:15-04:00,1.0
2011-04-22 07:59:18-04:00,1.0
2011-04-22 07:59:21-04:00,1.0
2011-04-22 07:59:24-04:00,1.0
2011-04-22 07:59:27-04:00,0.33333333333333337
2011-04-22 07:59:30-04:00,0.0
2011-04-22 07:59:33-04:00,0.0
2011-04-22 07:59:36-04:00,0.0
2011-04-22 07:59:39-04:00,0.6666666666666666
2011-04-22 07:59:42-04:00,1.0
2011-04-22 07:59:45-04:00,1.0
2011-04-22 07:59:48-04:00,1.0
2011-04-22 07:59:51-04:00,1.0
2011-04-22 07:59:54-04:00,1.0
2011-04-22 07:59:57-04:00,1.0
2011-04-22 08:00:00-04:00,1.0
2011-04-22 08:00:03-04:00,1.0
2011-04-22 08:00:06-04:00,1.0
2011-04-22 08:00:09-04:00,1.0
2011-04-22 08:00:12-04:00,1.0
2011-04-22 08:00:15-04:00,1.0
2011-04-22 08:00:18-04:00,1.0
2011-04-22 08:00:21-04:00,1.0
2011-04-22 08:00:24-04:00,1.0
2011-04-22 08:00:27-04:00,1.0
2011-04-22 08:00:30-04:00,1.0
2011-04-22 08:00:33-04:00,1.0
2011-04-22 08:00:36-04:00,1.0
2011-04-22 08:00:39-04:00,1.0
2011-04-22 08:00:42-04:00,1.0
2011-04-22 08:00:45-04:00,1.0
2011-04-22 08:00:48-04:00,1.0
2011-04-22 08:00:51-04:00,1.0
2011-04-22 08:00:54-04:00,1.0
2011-04-22 08:00:57-04:00,1.0
2011-04-22 08:01:00-04:00,1.0
2011-04-22 08:01:03-04:00,1.0
2011-04-22 08:01:06-04:00,1.0
2011-04-22 08:01:09-04:00,1.0
2011-04-22 08:01:12-04:00,1.0
2011-04-22 08:01:15-04:00,1.0
2011-04-22 08:01:18-04:00,1.0
2011-04-22 08:01:21-04:00,1.0
2011-04-22 08:01:24-04:00,1.0
2011-04-22 08:01:27-04:00,1.0
2011-04-22 08:01:30-04:00,1.0
2011-04-22 08:01:33-04:00,1.0
2011-04-22 08:01:36-04:00,1.0
2011-04-22 08:01:39-04:00,1.0
2011-04-22 08:01:42-04:00,1.0
2011-04-22 08:01:45-04:00,1.0
2011-04-22 08:01:48-04:00,1.0
2011-04-22 08:01:51-04:00,1.0
2011-04-22 08:01:54-04:00,1.0
2011-04-22 08:01:57-04:00,1.0
2011-04-22 08:02:00-04:00,1.0
2011-04-22 08:02:03-04:00,1.0
2011-04-22 08:02:06-04:00,1.0
2011-04-22 08:02:09-04:00,1.0
2011-04-22 08:02:12-04:00,1.0
2011-04-22 08:02:15-04:00,1.0
2011-04-22 08:02:18-04:00,1.0
2011-04-22 08:02:21-04:00,1.0
2011-04-22 08:02:24-04:00,1.0
2011-04-22 08:02:27-04:00,1.0
2011-04-22 08:02:30-04:00,1.0
2011-04-22 08:02:33-04:00,1.0
2011-04-22 08:02:36-04:00,1.0
2011-04-22 08:02:39-04:00,1.0
2011-04-22 08:02:42-04:00,1.0
2011-04-22 08:02:45-04:00,1.0
2011-04-22 08:02:48-04:00,1.0
2011-04-22 08:02:51-04:00,1.0
2011-04-22 08:02:54-04:00,1.0
2011-04-22 08:02:57-04:00,1.0
2011-04-22 08:03:00-04:00,1.0
2011-04-22 08:03:03-04:00,1.0
2011-04-22 08:03:06-04:00,1.0
2011-04-22 08:03:09-04:00,1.0
2011-04-22 08:03:12-04:00,1.0
2011-04-22 08:03:15-04:00,1.0
2011-04-22 08:03:18-04:00,1.0
2011-04-22 08:03:21-04:00,1.0
2011-04-22 08:03:24-04:00,1.0
2011-04-22 08:03:27-04:00,1.0
2011-04-22 08:03:30-04:00,1.0
2011-04-22 08:03:33-04:00,1.0
2011-04-22 08:03:36-04:00,1.0
2011-04-22 08:03:39-04:00,1.0
2011-04-22 08:03:42-04:00,1.0
2011-04-22 08:03:45-04:00,1.0
2011-04-22 08:03:48-04:00,1.0
2011-04-22 08:03:51-04:00,1.0
2011-04-22 08:03:54-04:00,1.0
2011-04-22 08:03:57-04:00,1.0
2011-04-22 08:04:00-04:00,1.0
2011-04-22 08:04:03-04:00,1.0
2011-04-22 08:04:06-04:00,1.0
2011-04-22 08:04:09-04:00,0.75
2011-04-22 08:04:12-04:00,0.0
2011-04-22 08:04:15-04:00,0.0
2011-04-22 08:04:18-04:00,0.75
2011-04-22 08:04:21-04:00,1.0
2011-04-22 08:04:24-04:00,1.0
2011-04-22 08:04:27-04:00,1.0
2011-04-22 08:04:30-04:00,1.0
2011-04-22 08:04:33-04:00,1.0
2011-04-22 08:04:36-04:00,1.0
2011-04-22 08:04:39-04:00,1.0
2011-04-22 08:04:42-04:00,1.0
2011-04-22 08:04:45-04:00,1.0
2011-04-22 08:04:48-04:00,1.0
2011-04-22 08:04:51-04:00,1.0
2011-04-22 08:04:54-04:00,1.0
2011-04-22 08:04:57-04:00,1.0
2011-04-22 08:05:00-04:00,1.0
2011-04-22 08:05:03-04:00,1.0
2011-04-22 08:05:06-04:00,1.0
2011-04-22 08:05:09-04:00,1.0
2011-04-22 08:05:12-04:00,1.0
2011-04-22 08:05:15-04:00,0.33333333333333337
2011-04-22 08:05:18-04:00,0.6666666666666666
2011-04-22 08:05:21-04:00,1.0
2011-04-22 08:05:24-04:00,1.0
2011-04-22 08:05:27-04:00,0.8888888888888888
2011-04-22 08:05:30-04:00,0.5555555555555556
2011-04-22 08:05:33-04:00,0.2222222222222222
2011-04-22 08:05:36-04:00,0.3333333333333333
2011-04-22 08:05:39-04:00,1.0
2011-04-22 08:05:42-04:00,1.0
2011-04-22 08:05:45-04:00,1.0
2011-04-22 08:05:48-04:00,0.0
2011-04-22 08:05:51-04:00,0.75
2011-04-22 08:05:54-04:00,1.0
2011-04-22 08:05:57-04:00,1.0
2011-04-22 08:06:00-04:00,1.0
2011-04-22 08:06:03-04:00,1.0
2011-04-22 08:06:06-04:00,1.0
2011-04-22 08:06:09-04:00,0.0
2011-04-22 08:06:12-04:00,0.75
2011-04-22 08:06:15-04:00,1.0
2011-04-22 08:06:18-04:00,1.0
2011-04-22 08:06:21-04:00,1.0
2011-04-22 08:06:24-04:00,1.0
2011-04-22 08:06:27-04:00,0.8888888888888888
2011-04-22 08:06:30-04:00,0.5555555555555556
2011-04-22 08:06:33-04:00,0.2222222222222222
2011-04-22 08:06:36-04:00,0.0
2011-04-22 08:06:39-04:00,0.0
2011-04-22 08:06:42-04:00,1.0
2011-04-22 08:06:45-04:00,0.25
2011-04-22 08:06:48-04:00,0.6666666666666666
2011-04-22 08:06:51-04:00,1.0
2011-04-22 08:06:54-04:00,1.0
2011-04-22 08:06:57-04:00,1.0
2011-04-22 08:07:00-04:00,1.0
2011-04-22 08:07:03-04:00,1.0
2011-04-22 08:07:06-04:00,1.0
2011-04-22 08:07:09-04:00,1.0
2011-04-22 08:07:12-04:00,1.0
2011-04-22 08:07:15-04:00,1.0
2011-04-22 08:07:18-04:00,1.0
2011-04-22 08:07:21-04:00,1.0
2011-04-22 08:07:24-04:00,1.0
2011-04-22 08:07:27-04:00,1.0
2011-04-22 08:07:30-04:00,1.0
2011-04-22 08:07:33-04:00,1.0
2011-04-22 08:07:36-04:00,1.0
2011-04-22 08:07:39-04:00,1.0
2011-04-22 08:07:42-04:00,1.0
2011-04-22 08:07:45-04:00,1.0
2011-04-22 08:07:48-04:00,1.0
2011-04-22 08:07:51-04:00,1.0
2011-04-22 08:07:54-04:00,1.0
2011-04-22 08:07:57-04:00,1.0
2011-04-22 08:08:00-04:00,1.0
2011-04-22 08:08:03-04:00,1.0
2011-04-22 08:08:06-04:00,1.0
2011-04-22 08:08:09-04:00,1.0
2011-04-22 08:08:12-04:00,1.0
2011-04-22 08:08:15-04:00,1.0
2011-04-22 08:08:18-04:00,1.0
2011-04-22 08:08:21-04:00,1.0
2011-04-22 08:08:24-04:00,1.0
2011-04-22 08:08:27-04:00,1.0
2011-04-22 08:08:30-04:00,1.0
2011-04-22 08:08:33-04:00,1.0
2011-04-22 08:08:36-04:00,0.75
2011-04-22 08:08:39-04:00,0.0
2011-04-22 08:08:42-04:00,1.0
2011-04-22 08:08:45-04:00,1.0
2011-04-22 08:08:48-04:00,1.0
2011-04-22 08:08:51-04:00,1.0
2011-04-22 08:08:54-04:00,1.0
2011-04-22 08:08:57-04:00,0.75
2011-04-22 08:09:00-04:00,0.0
2011-04-22 08:09:03-04:00,1.0
2011-04-22 08:09:06-04:00,0.25
2011-04-22 08:09:09-04:00,0.6666666666666666
2011-04-22 08:09:12-04:00,1.0
2011-04-22 08:09:15-04:00,1.0
2011-04-22 08:09:18-04:00,1.0
2011-04-22 08:09:21-04:00,1.0
2011-04-22 08:09:24-04:00,1.0
2011-04-22 08:09:27-04:00,1.0
2011-04-22 08:09:30-04:00,1.0
2011-04-22 08:09:33-04:00,1.0
2011-04-22 08:09:36-04:00,1.0
2011-04-22 08:09:39-04:00,1.0
2011-04-22 08:09:42-04:00,1.0
2011-04-22 08:09:45-04:00,1.0
2011-04-22 08:09:48-04:00,1.0
2011-04-22 08:09:51-04:00,1.0
2011-04-22 08:09:54-04:00,1.0
2011-04-22 08:09:57-04:00,1.0
2011-04-22 08:10:00-04:00,1.0
2011-04-22 08:10:03-04:00,1.0
2011-04-22 08:10:06-04:00,1.0
2011-04-22 08:10:09-04:00,1.0
2011-04-22 08:10:12-04:00,1.0
2011-04-22 08:10:15-04:00,1.0
2011-04-22 08:10:18-04:00,1.0
2011-04-22 08:10:21-04:00,1.0
2011-04-22 08:10:24-04:00,0.0
2011-04-22 08:10:27-04:00,1.0
2011-04-22 08:10:30-04:00,1.0
2011-04-22 08:10:33-04:00,1.0
2011-04-22 08:10:36-04:00,1.0
2011-04-22 08:10:39-04:00,1.0
2011-04-22 08:10:42-04:00,1.0
2011-04-22 08:10:45-04:00,1.0
2011-04-22 08:10:48-04:00,1.0
2011-04-22 08:10:51-04:00,1.0
2011-04-22 08:10:54-04:00,1.0
2011-04-22 08:10:57-04:00,1.0
2011-04-22 08:11:00-04:00,1.0
2011-04-22 08:11:03-04:00,1.0
2011-04-22 08:11:06-04:00,1.0
2011-04-22 08:11:09-04:00,1.0
2011-04-22 08:11:12-04:00,1.0
2011-04-22 08:11:15-04:00,1.0
2011-04-22 08:11:18-04:00,1.0
2011-04-22 08:11:21-04:00,1.0
2011-04-22 08:11:24-04:00,1.0
2011-04-22 08:11:27-04:00,1.0
2011-04-22 08:11:30-04:00,0.7777777777777778
2011-04-22 08:11:33-04:00,0.4444444444444444
2011-04-22 08:11:36-04:00,0.11111111111111116
2011-04-22 08:11:39-04:00,0.6666666666666666
2011-04-22 08:11:42-04:00,1.0
2011-04-22 08:11:45-04:00,1.0
2011-04-22 08:11:48-04:00,0.75
2011-04-22 08:11:51-04:00,0.0
2011-04-22 08:11:54-04:00,1.0
2011-04-22 08:11:57-04:00,1.0
2011-04-22 08:12:00-04:00,1.0
2011-04-22 08:12:03-04:00,1.0
2011-04-22 08:12:06-04:00,1.0
2011-04-22 08:12:09-04:00,1.0
2011-04-22 08:12:12-04:00,1.0
2011-04-22 08:12:15-04:00,0.75
2011-04-22 08:12:18-04:00,0.0
2011-04-22 08:12:21-04:00,1.0
2011-04-22 08:12:24-04:00,0.25
2011-04-22 08:12:27-04:00,0.6666666666666666
2011-04-22 08:12:30-04:00,1.0
2011-04-22 08:12:33-04:00,1.0
2011-04-22 08:12:36-04:00,1.0
2011-04-22 08:12:39-04:00,0.5
2011-04-22 08:12:42-04:00,0.3333333333333333
2011-04-22 08:12:45-04:00,0.75
2011-04-22 08:12:48-04:00,0.0
2011-04-22 08:12:51-04:00,0.0
2011-04-22 08:12:54-04:00,0.0
2011-04-22 08:12:57-04:00,0.0
2011-04-22 08:13:00-04:00,0.5
2011-04-22 08:13:03-04:00,1.0
2011-04-22 08:13:06-04:00,1.0
2011-04-22 08:13:09-04:00,1.0
2011-04-22 08:13:12-04:00,1.0
2011-04-22 08:13:15-04:00,1.0
2011-04-22 08:13:18-04:00,1.0
2011-04-22 08:13:21-04:00,1.0
2011-04-22 08:13:24-04:00,0.33333333333333337
2011-04-22 08:13:27-04:00,0.0
2011-04-22 08:13:30-04:00,0.0
2011-04-22 08:13:33-04:00,0.0
2011-04-22 08:13:36-04:00,0.6666666666666666
2011-04-22 08:13:39-04:00,1.0
2011-04-22 08:13:42-04:00,1.0
2011-04-22 08:13:45-04:00,0.75
2011-04-22 08:13:48-04:00,0.0
2011-04-22 08:13:51-04:00,0.0
2011-04-22 08:13:54-04:00,0.0
2011-04-22 08:13:57-04:00,0.6666666666666666
2011-04-22 08:14:00-04:00,0.5
2011-04-22 08:14:03-04:00,0.0
2011-04-22 08:14:06-04:00,0.25
2011-04-22 08:14:09-04:00,1.0
2011-04-22 08:14:12-04:00,1.0
2011-04-22 08:14:15-04:00,0.25
2011-04-22 08:14:18-04:00,0.6666666666666666
2011-04-22 08:14:21-04:00,1.0
2011-04-22 08:14:24-04:00,1.0
2011-04-22 08:14:27-04:00,1.0
2011-04-22 08:14:30-04:00,1.0
2011-04-22 08:14:33-04:00,1.0
2011-04-22 08:14:36-04:00,0.5
2011-04-22 08:14:39-04:00,0.0
2011-04-22 08:14:42-04:00,0.0
2011-04-22 08:14:45-04:00,0.0
2011-04-22 08:14:48-04:00,0.0
2011-04-22 08:14:51-04:00,0.0
2011-04-22 08:14:54-04:00,0.0
2011-04-22 08:14:57-04:00,0.0
2011-04-22 08:15:00-04:00,0.0
2011-04-22 08:15:03-04:00,0.0
2011-04-22 08:15:06-04:00,0.0
2011-04-22 08:15:09-04:00,0.0
2011-04-22 08:15:12-04:00,0.0
2011-04-22 08:15:15-04:00,0.6666666666666666
2011-04-22 08:15:18-04:00,1.0
2011-04-22 08:15:21-04:00,1.0
2011-04-22 08:15:24-04:00,0.75
2011-04-22 08:15:27-04:00,0.0
2011-04-22 08:15:30-04:00,0.3333333333333333
2011-04-22 08:15:33-04:00,0.6666666666666666
2011-04-22 08:15:36-04:00,1.0
2011-04-22 08:15:39-04:00,0.0
2011-04-22 08:15:42-04:00,0.0
2011-04-22 08:15:45-04:00,0.0
2011-04-22 08:15:48-04:00,0.6666666666666666
2011-04-22 08:15:51-04:00,0.5
2011-04-22 08:15:54-04:00,0.3333333333333333
2011-04-22 08:15:57-04:00,1.0
2011-04-22 08:16:00-04:00,1.0
2011-04-22 08:16:03-04:00,0.0
2011-04-22 08:16:06-04:00,0.0
2011-04-22 08:16:09-04:00,0.0
2011-04-22 08:16:12-04:00,0.0
2011-04-22 08:16:15-04:00,0.0
2011-04-22 08:16:18-04:00,0.0
2011-04-22 08:16:21-04:00,0.0
2011-04-22 08:16:24-04:00,0.0
2011-04-22 08:16:27-04:00,0.0
2011-04-22 08:16:30-04:00,0.0
2011-04-22 08:16:33-04:00,0.0
2011-04-22 08:16:36-04:00,0.0
2011-04-22 08:16:39-04:00,0.0
2011-04-22 08:16:42-04:00,0.6666666666666666
2011-04-22 08:16:45-04:00,1.0
2011-04-22 08:16:48-04:00,0.6666666666666667
2011-04-22 08:16:51-04:00,0.0
2011-04-22 08:16:54-04:00,0.0
2011-04-22 08:16:57-04:00,0.0
2011-04-22 08:17:00-04:00,0.0
2011-04-22 08:17:03-04:00,0.0
2011-04-22 08:17:06-04:00,0.0
2011-04-22 08:17:09-04:00,0.0
2011-04-22 08:17:12-04:00,0.0
2011-04-22 08:17:15-04:00,0.0
2011-04-22 08:17:18-04:00,0.0
2011-04-22 08:17:21-04:00,0.0
2011-04-22 08:17:24-04:00,0.0
2011-04-22 08:17:27-04:00,0.0
2011-04-22 08:17:30-04:00,0.2222222222222222
2011-04-22 08:17:33-04:00,0.5555555555555556
2011-04-22 08:17:36-04:00,0.8888888888888888
2011-04-22 08:17:39-04:00,0.5
2011-04-22 08:17:42-04:00,0.0
2011-04-22 08:17:45-04:00,0.0
2011-04-22 08:17:48-04:00,0.0
2011-04-22 08:17:51-04:00,0.0
2011-04-22 08:17:54-04:00,0.0
2011-04-22 08:17:57-04:00,0.0
2011-04-22 08:18:00-04:00,0.0
2011-04-22 08:18:03-04:00,0.0
2011-04-22 08:18:06-04:00,0.3333333333333333
2011-04-22 08:18:09-04:00,1.0
2011-04-22 08:18:12-04:00,1.0
2011-04-22 08:18:15-04:00,0.0
2011-04-22 08:18:18-04:00,0.0
2011-04-22 08:18:21-04:00,0.0
2011-04-22 08:18:24-04:00,0.0
2011-04-22 08:18:27-04:00,0.0
2011-04-22 08:18:30-04:00,0.0
2011-04-22 08:18:33-04:00,0.0
2011-04-22 08:18:36-04:00,0.0
2011-04-22 08:18:39-04:00,0.3333333333333333
2011-04-22 08:18:42-04:00,1.0
2011-04-22 08:18:45-04:00,1.0
2011-04-22 08:18:48-04:00,1.0
2011-04-22 08:18:51-04:00,1.0
2011-04-22 08:18:54-04:00,1.0
2011-04-22 08:18:57-04:00,0.5
2011-04-22 08:19:00-04:00,0.3333333333333333
2011-04-22 08:19:03-04:00,1.0
2011-04-22 08:19:06-04:00,1.0
2011-04-22 08:19:09-04:00,1.0
2011-04-22 08:19:12-04:00,1.0
2011-04-22 08:19:15-04:00,0.33333333333333337
2011-04-22 08:19:18-04:00,0.6666666666666666
2011-04-22 08:19:21-04:00,1.0
2011-04-22 08:19:24-04:00,1.0
2011-04-22 08:19:27-04:00,1.0
2011-04-22 08:19:30-04:00,1.0
2011-04-22 08:19:33-04:00,1.0
2011-04-22 08:19:36-04:00,1.0
2011-04-22 08:19:39-04:00,1.0
2011-04-22 08:19:42-04:00,0.0
2011-04-22 08:19:45-04:00,0.75
2011-04-22 08:19:48-04:00,0.33333333333333337
2011-04-22 08:19:51-04:00,0.5
2011-04-22 08:19:54-04:00,0.6666666666666667
2011-04-22 08:19:57-04:00,0.25
2011-04-22 08:20:00-04:00,1.0
2011-04-22 08:20:03-04:00,1.0
2011-04-22 08:20:06-04:00,0.25
2011-04-22 08:20:09-04:00,0.0
2011-04-22 08:20:12-04:00,0.6666666666666666
2011-04-22 08:20:15-04:00,1.0
2011-04-22 08:20:18-04:00,1.0
2011-04-22 08:20:21-04:00,1.0
2011-04-22 08:20:24-04:00,1.0
2011-04-22 08:20:27-04:00,1.0
2011-04-22 08:20:30-04:00,1.0
2011-04-22 08:20:33-04:00,1.0
2011-04-22 08:20:36-04:00,1.0
2011-04-22 08:20:39-04:00,1.0
2011-04-22 08:20:42-04:00,1.0
2011-04-22 08:20:45-04:00,1.0
2011-04-22 08:20:48-04:00,1.0
2011-04-22 08:20:51-04:00,1.0
2011-04-22 08:20:54-04:00,1.0
2011-04-22 08:20:57-04:00,1.0
2011-04-22 08:21:00-04:00,1.0
2011-04-22 08:21:03-04:00,1.0
2011-04-22 08:21:06-04:00,1.0
2011-04-22 08:21:09-04:00,1.0
2011-04-22 08:21:12-04:00,1.0
2011-04-22 08:21:15-04:00,1.0
2011-04-22 08:21:18-04:00,1.0
2011-04-22 08:21:21-04:00,0.0
2011-04-22 08:21:24-04:00,0.75
2011-04-22 08:21:27-04:00,1.0
2011-04-22 08:21:30-04:00,1.0
2011-04-22 08:21:33-04:00,1.0
2011-04-22 08:21:36-04:00,1.0
2011-04-22 08:21:39-04:00,0.33333333333333337
2011-04-22 08:21:42-04:00,0.6666666666666666
2011-04-22 08:21:45-04:00,1.0
2011-04-22 08:21:48-04:00,1.0
2011-04-22 08:21:51-04:00,1.0
2011-04-22 08:21:54-04:00,1.0
2011-04-22 08:21:57-04:00,1.0
2011-04-22 08:22:00-04:00,1.0
2011-04-22 08:22:03-04:00,1.0
2011-04-22 08:22:06-04:00,1.0
2011-04-22 08:22:09-04:00,1.0
2011-04-22 08:22:12-04:00,1.0
2011-04-22 08:22:15-04:00,1.0
2011-04-22 08:22:18-04:00,1.0
2011-04-22 08:22:21-04:00,1.0
2011-04-22 08:22:24-04:00,1.0
2011-04-22 08:22:27-04:00,1.0
2011-04-22 08:22:30-04:00,0.7777777777777778
2011-04-22 08:22:33-04:00,0.4444444444444444
2011-04-22 08:22:36-04:00,0.11111111111111116
2011-04-22 08:22:39-04:00,0.0
2011-04-22 08:22:42-04:00,0.6666666666666666
2011-04-22 08:22:45-04:00,0.5
2011-04-22 08:22:48-04:00,0.3333333333333333
2011-04-22 08:22:51-04:00,0.75
2011-04-22 08:22:54-04:00,0.0
2011-04-22 08:22:57-04:00,0.0
2011-04-22 08:23:00-04:00,0.75
2011-04-22 08:23:03-04:00,1.0
2011-04-22 08:23:06-04:00,1.0
2011-04-22 08:23:09-04:00,1.0
2011-04-22 08:23:12-04:00,1.0
2011-04-22 08:23:15-04:00,1.0
2011-04-22 08:23:18-04:00,1.0
2011-04-22 08:23:21-04:00,1.0
2011-04-22 08:23:24-04:00,1.0
2011-04-22 08:23:27-04:00,1.0
2011-04-22 08:23:30-04:00,1.0
2011-04-22 08:23:33-04:00,1.0
2011-04-22 08:23:36-04:00,1.0
2011-04-22 08:23:39-04:00,1.0
2011-04-22 08:23:42-04:00,1.0
2011-04-22 08:23:45-04:00,1.0
2011-04-22 08:23:48-04:00,1.0
2011-04-22 08:23:51-04:00,1.0
2011-04-22 08:23:54-04:00,1.0
2011-04-22 08:23:57-04:00,1.0
2011-04-22 08:24:00-04:00,1.0
2011-04-22 08:24:03-04:00,1.0
2011-04-22 08:24:06-04:00,1.0
2011-04-22 08:24:09-04:00,1.0
2011-04-22 08:24:12-04:00,1.0
2011-04-22 08:24:15-04:00,1.0
2011-04-22 08:24:18-04:00,1.0
2011-04-22 08:24:21-04:00,1.0
2011-04-22 08:24:24-04:00,0.33333333333333337
2011-04-22 08:24:27-04:00,0.5
2011-04-22 08:24:30-04:00,1.0
2011-04-22 08:24:33-04:00,1.0
2011-04-22 08:24:36-04:00,1.0
2011-04-22 08:24:39-04:00,1.0
2011-04-22 08:24:42-04:00,0.6666666666666667
2011-04-22 08:24:45-04:00,0.25
2011-04-22 08:24:48-04:00,1.0
2011-04-22 08:24:51-04:00,1.0
2011-04-22 08:24:54-04:00,1.0
2011-04-22 08:24:57-04:00,1.0
2011-04-22 08:25:00-04:00,1.0
2011-04-22 08:25:03-04:00,1.0
2011-04-22 08:25:06-04:00,1.0
2011-04-22 08:25:09-04:00,1.0
2011-04-22 08:25:12-04:00,1.0
2011-04-22 08:25:15-04:00,1.0
2011-04-22 08:25:18-04:00,1.0
2011-04-22 08:25:21-04:00,1.0
2011-04-22 08:25:24-04:00,1.0
2011-04-22 08:25:27-04:00,1.0
2011-04-22 08:25:30-04:00,1.0
2011-04-22 08:25:33-04:00,1.0
2011-04-22 08:25:36-04:00,1.0
2011-04-22 08:25:39-04:00,1.0
2011-04-22 08:25:42-04:00,1.0
2011-04-22 08:25:45-04:00,1.0
2011-04-22 08:25:48-04:00,1.0
2011-04-22 08:25:51-04:00,1.0
2011-04-22 08:25:54-04:00,1.0
2011-04-22 08:25:57-04:00,1.0
2011-04-22 08:26:00-04:00,1.0
2011-04-22 08:26:03-04:00,1.0
2011-04-22 08:26:06-04:00,1.0
2011-04-22 08:26:09-04:00,1.0
2011-04-22 08:26:12-04:00,1.0
2011-04-22 08:26:15-04:00,1.0
2011-04-22 08:26:18-04:00,1.0
2011-04-22 08:26:21-04:00,1.0
2011-04-22 08:26:24-04:00,1.0
2011-04-22 08:26:27-04:00,1.0
2011-04-22 08:26:30-04:00,1.0
2011-04-22 08:26:33-04:00,1.0
2011-04-22 08:26:36-04:00,1.0
2011-04-22 08:26:39-04:00,1.0
2011-04-22 08:26:42-04:00,1.0
2011-04-22 08:26:45-04:00,1.0
2011-04-22 08:26:48-04:00,1.0
2011-04-22 08:26:51-04:00,1.0
2011-04-22 08:26:54-04:00,1.0
2011-04-22 08:26:57-04:00,0.75
2011-04-22 08:27:00-04:00,0.0
2011-04-22 08:27:03-04:00,1.0
2011-04-22 08:27:06-04:00,1.0
2011-04-22 08:27:09-04:00,1.0
2011-04-22 08:27:12-04:00,0.5
2011-04-22 08:27:15-04:00,0.0
2011-04-22 08:27:18-04:00,0.0
2011-04-22 08:27:21-04:00,0.0
2011-04-22 08:27:24-04:00,1.0
2011-04-22 08:27:27-04:00,1.0
2011-04-22 08:27:30-04:00,0.6666666666666667
2011-04-22 08:27:33-04:00,0.33333333333333337
2011-04-22 08:27:36-04:00,0.0
2011-04-22 08:27:39-04:00,0.75
2011-04-22 08:27:42-04:00,1.0
2011-04-22 08:27:45-04:00,1.0
2011-04-22 08:27:48-04:00,1.0
2011-04-22 08:27:51-04:00,1.0
2011-04-22 08:27:54-04:00,1.0
2011-04-22 08:27:57-04:00,1.0
2011-04-22 08:28:00-04:00,1.0
2011-04-22 08:28:03-04:00,1.0
2011-04-22 08:28:06-04:00,1.0
2011-04-22 08:28:09-04:00,1.0
2011-04-22 08:28:12-04:00,1.0
2011-04-22 08:28:15-04:00,1.0
2011-04-22 08:28:18-04:00,1.0
2011-04-22 08:28:21-04:00,1.0
2011-04-22 08:28:24-04:00,0.25
2011-04-22 08:28:27-04:00,0.6666666666666666
2011-04-22 08:28:30-04:00,1.0
2011-04-22 08:28:33-04:00,1.0
2011-04-22 08:28:36-04:00,1.0
2011-04-22 08:28:39-04:00,0.33333333333333337
2011-04-22 08:28:42-04:00,0.5
2011-04-22 08:28:45-04:00,1.0
2011-04-22 08:28:48-04:00,1.0
2011-04-22 08:28:51-04:00,1.0
2011-04-22 08:28:54-04:00,1.0
2011-04-22 08:28:57-04:00,1.0
2011-04-22 08:29:00-04:00,1.0
2011-04-22 08:29:03-04:00,1.0
2011-04-22 08:29:06-04:00,1.0
2011-04-22 08:29:09-04:00,1.0
2011-04-22 08:29:12-04:00,1.0
2011-04-22 08:29:15-04:00,1.0
2011-04-22 08:29:18-04:00,1.0
2011-04-22 08:29:21-04:00,1.0
2011-04-22 08:29:24-04:00,1.0
2011-04-22 08:29:27-04:00,1.0
2011-04-22 08:29:30-04:00,1.0
2011-04-22 08:29:33-04:00,1.0
2011-04-22 08:29:36-04:00,1.0
2011-04-22 08:29:39-04:00,1.0
2011-04-22 08:29:42-04:00,0.6666666666666667
2011-04-22 08:29:45-04:00,0.25
2011-04-22 08:29:48-04:00,1.0
2011-04-22 08:29:51-04:00,0.0
2011-04-22 08:29:54-04:00,0.0
2011-04-22 08:29:57-04:00,0.0
2011-04-22 08:30:00-04:00,0.0
2011-04-22 08:30:03-04:00,0.5
2011-04-22 08:30:06-04:00,0.6666666666666667
2011-04-22 08:30:09-04:00,0.0
2011-04-22 08:30:12-04:00,0.0
2011-04-22 08:30:15-04:00,1.0
2011-04-22 08:30:18-04:00,1.0
2011-04-22 08:30:21-04:00,1.0
2011-04-22 08:30:24-04:00,0.33333333333333337
2011-04-22 08:30:27-04:00,0.6666666666666666
2011-04-22 08:30:30-04:00,1.0
2011-04-22 08:30:33-04:00,1.0
2011-04-22 08:30:36-04:00,1.0
2011-04-22 08:30:39-04:00,1.0
2011-04-22 08:30:42-04:00,0.5
2011-04-22 08:30:45-04:00,0.0
2011-04-22 08:30:48-04:00,0.25
2011-04-22 08:30:51-04:00,1.0
2011-04-22 08:30:54-04:00,1.0
2011-04-22 08:30:57-04:00,1.0
2011-04-22 08:31:00-04:00,1.0
2011-04-22 08:31:03-04:00,1.0
2011-04-22 08:31:06-04:00,1.0
2011-04-22 08:31:09-04:00,1.0
2011-04-22 08:31:12-04:00,1.0
2011-04-22 08:31:15-04:00,1.0
2011-04-22 08:31:18-04:00,1.0
2011-04-22 08:31:21-04:00,0.25
2011-04-22 08:31:24-04:00,0.6666666666666666
2011-04-22 08:31:27-04:00,1.0
2011-04-22 08:31:30-04:00,1.0
2011-04-22 08:31:33-04:00,1.0
2011-04-22 08:31:36-04:00,1.0
2011-04-22 08:31:39-04:00,1.0
2011-04-22 08:31:42-04:00,0.6666666666666667
2011-04-22 08:31:45-04:00,0.0
2011-04-22 08:31:48-04:00,0.0
2011-04-22 08:31:51-04:00,0.0
2011-04-22 08:31:54-04:00,1.0
2011-04-22 08:31:57-04:00,0.0
2011-04-22 08:32:00-04:00,0.75
2011-04-22 08:32:03-04:00,1.0
2011-04-22 08:32:06-04:00,1.0
2011-04-22 08:32:09-04:00,0.6666666666666667
2011-04-22 08:32:12-04:00,0.25
2011-04-22 08:32:15-04:00,1.0
2011-04-22 08:32:18-04:00,1.0
2011-04-22 08:32:21-04:00,1.0
2011-04-22 08:32:24-04:00,1.0
2011-04-22 08:32:27-04:00,1.0
2011-04-22 08:32:30-04:00,0.875
2011-04-22 08:32:33-04:00,0.5
2011-04-22 08:32:36-04:00,0.125
2011-04-22 08:32:39-04:00,0.5
2011-04-22 08:32:42-04:00,1.0
2011-04-22 08:32:45-04:00,0.75
2011-04-22 08:32:48-04:00,0.0
2011-04-22 08:32:51-04:00,0.0
2011-04-22 08:32:54-04:00,0.75
2011-04-22 08:32:57-04:00,1.0
2011-04-22 08:33:00-04:00,1.0
2011-04-22 08:33:03-04:00,1.0
2011-04-22 08:33:06-04:00,1.0
2011-04-22 08:33:09-04:00,1.0
2011-04-22 08:33:12-04:00,1.0
2011-04-22 08:33:15-04:00,1.0
2011-04-22 08:33:18-04:00,1.0
2011-04-22 08:33:21-04:00,1.0
2011-04-22 08:33:24-04:00,1.0
2011-04-22 08:33:27-04:00,1.0
2011-04-22 08:33:30-04:00,1.0
2011-04-22 08:33:33-04:00,1.0
2011-04-22 08:33:36-04:00,1.0
2011-04-22 08:33:39-04:00,1.0
2011-04-22 08:33:42-04:00,1.0
2011-04-22 08:33:45-04:00,1.0
2011-04-22 08:33:48-04:00,1.0
2011-04-22 08:33:51-04:00,0.25
2011-04-22 08:33:54-04:00,0.6666666666666666
2011-04-22 08:33:57-04:00,1.0
2011-04-22 08:34:00-04:00,1.0
2011-04-22 08:34:03-04:00,1.0
2011-04-22 08:34:06-04:00,1.0
2011-04-22 08:34:09-04:00,1.0
2011-04-22 08:34:12-04:00,1.0
2011-04-22 08:34:15-04:00,1.0
2011-04-22 08:34:18-04:00,1.0
2011-04-22 08:34:21-04:00,1.0
2011-04-22 08:34:24-04:00,0.6666666666666667
2011-04-22 08:34:27-04:00,0.1111111111111111
2011-04-22 08:34:30-04:00,0.4444444444444444
2011-04-22 08:34:33-04:00,0.7777777777777778
2011-04-22 08:34:36-04:00,1.0
2011-04-22 08:34:39-04:00,1.0
2011-04-22 08:34:42-04:00,1.0
2011-04-22 08:34:45-04:00,1.0
2011-04-22 08:34:48-04:00,1.0
2011-04-22 08:34:51-04:00,1.0
2011-04-22 08:34:54-04:00,1.0
2011-04-22 08:34:57-04:00,1.0
2011-04-22 08:35:00-04:00,1.0
2011-04-22 08:35:03-04:00,1.0
2011-04-22 08:35:06-04:00,0.0
2011-04-22 08:35:09-04:00,0.75
2011-04-22 08:35:12-04:00,1.0
2011-04-22 08:35:15-04:00,1.0
2011-04-22 08:35:18-04:00,0.6666666666666667
2011-04-22 08:35:21-04:00,0.3333333333333333
2011-04-22 08:35:24-04:00,1.0
2011-04-22 08:35:27-04:00,1.0
2011-04-22 08:35:30-04:00,0.6666666666666667
2011-04-22 08:35:33-04:00,0.33333333333333337
2011-04-22 08:35:36-04:00,0.0
2011-04-22 08:35:39-04:00,1.0
2011-04-22 08:35:42-04:00,1.0
2011-04-22 08:35:45-04:00,1.0
2011-04-22 08:35:48-04:00,1.0
2011-04-22 08:35:51-04:00,1.0
2011-04-22 08:35:54-04:00,1.0
2011-04-22 08:35:57-04:00,1.0
2011-04-22 08:36:00-04:00,1.0
2011-04-22 08:36:03-04:00,1.0
2011-04-22 08:36:06-04:00,1.0
2011-04-22 08:36:09-04:00,1.0
2011-04-22 08:36:12-04:00,1.0
2011-04-22 08:36:15-04:00,1.0
2011-04-22 08:36:18-04:00,1.0
2011-04-22 08:36:21-04:00,1.0
2011-04-22 08:36:24-04:00,1.0
2011-04-22 08:36:27-04:00,1.0
2011-04-22 08:36:30-04:00,1.0
2011-04-22 08:36:33-04:00,1.0
2011-04-22 08:36:36-04:00,1.0
2011-04-22 08:36:39-04:00,1.0
2011-04-22 08:36:42-04:00,1.0
2011-04-22 08:36:45-04:00,1.0
2011-04-22 08:36:48-04:00,1.0
2011-04-22 08:36:51-04:00,1.0
2011-04-22 08:36:54-04:00,1.0
2011-04-22 08:36:57-04:00,1.0
2011-04-22 08:37:00-04:00,1.0
2011-04-22 08:37:03-04:00,1.0
2011-04-22 08:37:06-04:00,1.0
2011-04-22 08:37:09-04:00,1.0
2011-04-22 08:37:12-04:00,1.0
2011-04-22 08:37:15-04:00,1.0
2011-04-22 08:37:18-04:00,1.0
2011-04-22 08:37:21-04:00,1.0
2011-04-22 08:37:24-04:00,1.0
2011-04-22 08:37:27-04:00,1.0
2011-04-22 08:37:30-04:00,1.0
2011-04-22 08:37:33-04:00,1.0
2011-04-22 08:37:36-04:00,1.0
2011-04-22 08:37:39-04:00,1.0
2011-04-22 08:37:42-04:00,1.0
2011-04-22 08:37:45-04:00,1.0
2011-04-22 08:37:48-04:00,1.0
2011-04-22 08:37:51-04:00,0.75
2011-04-22 08:37:54-04:00,0.0
2011-04-22 08:37:57-04:00,1.0
2011-04-22 08:38:00-04:00,1.0
2011-04-22 08:38:03-04:00,1.0
2011-04-22 08:38:06-04:00,1.0
2011-04-22 08:38:09-04:00,1.0
2011-04-22 08:38:12-04:00,1.0
2011-04-22 08:38:15-04:00,1.0
2011-04-22 08:38:18-04:00,1.0
2011-04-22 08:38:21-04:00,1.0
2011-04-22 08:38:24-04:00,1.0
2011-04-22 08:38:27-04:00,1.0
2011-04-22 08:38:30-04:00,1.0
2011-04-22 08:38:33-04:00,1.0
2011-04-22 08:38:36-04:00,1.0
2011-04-22 08:38:39-04:00,1.0
2011-04-22 08:38:42-04:00,0.5
2011-04-22 08:38:45-04:00,0.3333333333333333
2011-04-22 08:38:48-04:00,1.0
2011-04-22 08:38:51-04:00,1.0
2011-04-22 08:38:54-04:00,1.0
2011-04-22 08:38:57-04:00,1.0
2011-04-22 08:39:00-04:00,0.25
2011-04-22 08:39:03-04:00,0.6666666666666666
2011-04-22 08:39:06-04:00,1.0
2011-04-22 08:39:09-04:00,1.0
2011-04-22 08:39:12-04:00,1.0
2011-04-22 08:39:15-04:00,1.0
2011-04-22 08:39:18-04:00,0.0
2011-04-22 08:39:21-04:00,1.0
2011-04-22 08:39:24-04:00,1.0
2011-04-22 08:39:27-04:00,1.0
2011-04-22 08:39:30-04:00,1.0
2011-04-22 08:39:33-04:00,1.0
2011-04-22 08:39:36-04:00,1.0
2011-04-22 08:39:39-04:00,1.0
2011-04-22 08:39:42-04:00,1.0
2011-04-22 08:39:45-04:00,1.0
2011-04-22 08:39:48-04:00,1.0
2011-04-22 08:39:51-04:00,1.0
2011-04-22 08:39:54-04:00,1.0
2011-04-22 08:39:57-04:00,1.0
2011-04-22 08:40:00-04:00,1.0
2011-04-22 08:40:03-04:00,1.0
2011-04-22 08:40:06-04:00,0.33333333333333337
2011-04-22 08:40:09-04:00,0.5
2011-04-22 08:40:12-04:00,1.0
2011-04-22 08:40:15-04:00,1.0
2011-04-22 08:40:18-04:00,1.0
2011-04-22 08:40:21-04:00,1.0
2011-04-22 08:40:24-04:00,1.0
2011-04-22 08:40:27-04:00,1.0
2011-04-22 08:40:30-04:00,1.0
2011-04-22 08:40:33-04:00,1.0
2011-04-22 08:40:36-04:00,1.0
2011-04-22 08:40:39-04:00,1.0
2011-04-22 08:40:42-04:00,1.0
2011-04-22 08:40:45-04:00,1.0
2011-04-22 08:40:48-04:00,1.0
2011-04-22 08:40:51-04:00,1.0
2011-04-22 08:40:54-04:00,1.0
2011-04-22 08:40:57-04:00,1.0
2011-04-22 08:41:00-04:00,1.0
2011-04-22 08:41:03-04:00,1.0
2011-04-22 08:41:06-04:00,1.0
2011-04-22 08:41:09-04:00,1.0
2011-04-22 08:41:12-04:00,1.0
2011-04-22 08:41:15-04:00,1.0
2011-04-22 08:41:18-04:00,1.0
2011-04-22 08:41:21-04:00,0.33333333333333337
2011-04-22 08:41:24-04:00,0.5
2011-04-22 08:41:27-04:00,1.0
2011-04-22 08:41:30-04:00,1.0
2011-04-22 08:41:33-04:00,1.0
2011-04-22 08:41:36-04:00,1.0
2011-04-22 08:41:39-04:00,1.0
2011-04-22 08:41:42-04:00,1.0
2011-04-22 08:41:45-04:00,1.0
2011-04-22 08:41:48-04:00,1.0
2011-04-22 08:41:51-04:00,1.0
2011-04-22 08:41:54-04:00,1.0
2011-04-22 08:41:57-04:00,1.0
2011-04-22 08:42:00-04:00,1.0
2011-04-22 08:42:03-04:00,1.0
2011-04-22 08:42:06-04:00,1.0
2011-04-22 08:42:09-04:00,1.0
2011-04-22 08:42:12-04:00,1.0
2011-04-22 08:42:15-04:00,1.0
2011-04-22 08:42:18-04:00,1.0
2011-04-22 08:42:21-04:00,1.0
2011-04-22 08:42:24-04:00,0.6666666666666667
2011-04-22 08:42:27-04:00,0.1111111111111111
2011-04-22 08:42:30-04:00,0.4444444444444444
2011-04-22 08:42:33-04:00,0.7777777777777778
2011-04-22 08:42:36-04:00,1.0
2011-04-22 08:42:39-04:00,1.0
2011-04-22 08:42:42-04:00,1.0
2011-04-22 08:42:45-04:00,1.0
2011-04-22 08:42:48-04:00,1.0
2011-04-22 08:42:51-04:00,1.0
2011-04-22 08:42:54-04:00,1.0
2011-04-22 08:42:57-04:00,1.0
2011-04-22 08:43:00-04:00,1.0
2011-04-22 08:43:03-04:00,1.0
2011-04-22 08:43:06-04:00,1.0
2011-04-22 08:43:09-04:00,1.0
2011-04-22 08:43:12-04:00,1.0
2011-04-22 08:43:15-04:00,1.0
2011-04-22 08:43:18-04:00,1.0
2011-04-22 08:43:21-04:00,1.0
2011-04-22 08:43:24-04:00,1.0
2011-04-22 08:43:27-04:00,1.0
2011-04-22 08:43:30-04:00,1.0
2011-04-22 08:43:33-04:00,1.0
2011-04-22 08:43:36-04:00,1.0
2011-04-22 08:43:39-04:00,1.0
2011-04-22 08:43:42-04:00,1.0
2011-04-22 08:43:45-04:00,1.0
2011-04-22 08:43:48-04:00,1.0
2011-04-22 08:43:51-04:00,1.0
2011-04-22 08:43:54-04:00,1.0
2011-04-22 08:43:57-04:00,1.0
2011-04-22 08:44:00-04:00,1.0
2011-04-22 08:44:03-04:00,1.0
2011-04-22 08:44:06-04:00,1.0
2011-04-22 08:44:09-04:00,1.0
2011-04-22 08:44:12-04:00,1.0
2011-04-22 08:44:15-04:00,1.0
2011-04-22 08:44:18-04:00,0.6666666666666667
2011-04-22 08:44:21-04:00,0.25
2011-04-22 08:44:24-04:00,1.0
2011-04-22 08:44:27-04:00,1.0
2011-04-22 08:44:30-04:00,1.0
2011-04-22 08:44:33-04:00,1.0
2011-04-22 08:44:36-04:00,1.0
2011-04-22 08:44:39-04:00,1.0
2011-04-22 08:44:42-04:00,1.0
2011-04-22 08:44:45-04:00,1.0
2011-04-22 08:44:48-04:00,1.0
2011-04-22 08:44:51-04:00,1.0
2011-04-22 08:44:54-04:00,1.0
2011-04-22 08:44:57-04:00,1.0
2011-04-22 08:45:00-04:00,1.0
2011-04-22 08:45:03-04:00,1.0
2011-04-22 08:45:06-04:00,1.0
2011-04-22 08:45:09-04:00,1.0
2011-04-22 08:45:12-04:00,1.0
2011-04-22 08:45:15-04:00,1.0
2011-04-22 08:45:18-04:00,1.0
2011-04-22 08:45:21-04:00,1.0
2011-04-22 08:45:24-04:00,1.0
2011-04-22 08:45:27-04:00,1.0
2011-04-22 08:45:30-04:00,1.0
2011-04-22 08:45:33-04:00,1.0
2011-04-22 08:45:36-04:00,1.0
2011-04-22 08:45:39-04:00,1.0
2011-04-22 08:45:42-04:00,1.0
2011-04-22 08:45:45-04:00,1.0
2011-04-22 08:45:48-04:00,1.0
2011-04-22 08:45:51-04:00,1.0
2011-04-22 08:45:54-04:00,1.0
2011-04-22 08:45:57-04:00,1.0
2011-04-22 08:46:00-04:00,1.0
2011-04-22 08:46:03-04:00,1.0
2011-04-22 08:46:06-04:00,1.0
2011-04-22 08:46:09-04:00,1.0
2011-04-22 08:46:12-04:00,1.0
2011-04-22 08:46:15-04:00,1.0
2011-04-22 08:46:18-04:00,1.0
2011-04-22 08:46:21-04:00,1.0
2011-04-22 08:46:24-04:00,1.0
2011-04-22 08:46:27-04:00,1.0
2011-04-22 08:46:30-04:00,1.0
2011-04-22 08:46:33-04:00,1.0
2011-04-22 08:46:36-04:00,1.0
2011-04-22 08:46:39-04:00,1.0
2011-04-22 08:46:42-04:00,1.0
2011-04-22 08:46:45-04:00,1.0
2011-04-22 08:46:48-04:00,1.0
2011-04-22 08:46:51-04:00,1.0
2011-04-22 08:46:54-04:00,1.0
2011-04-22 08:46:57-04:00,1.0
2011-04-22 08:47:00-04:00,1.0
2011-04-22 08:47:03-04:00,1.0
2011-04-22 08:47:06-04:00,1.0
2011-04-22 08:47:09-04:00,1.0
2011-04-22 08:47:12-04:00,1.0
2011-04-22 08:47:15-04:00,1.0
2011-04-22 08:47:18-04:00,1.0
2011-04-22 08:47:21-04:00,1.0
2011-04-22 08:47:24-04:00,1.0
2011-04-22 08:47:27-04:00,1.0
2011-04-22 08:47:30-04:00,1.0
2011-04-22 08:47:33-04:00,1.0
2011-04-22 08:47:36-04:00,1.0
2011-04-22 08:47:39-04:00,1.0
2011-04-22 08:47:42-04:00,1.0
2011-04-22 08:47:45-04:00,1.0
2011-04-22 08:47:48-04:00,1.0
2011-04-22 08:47:51-04:00,1.0
2011-04-22 08:47:54-04:00,1.0
2011-04-22 08:47:57-04:00,0.0
2011-04-22 08:48:00-04:00,0.75
2011-04-22 08:48:03-04:00,1.0
2011-04-22 08:48:06-04:00,1.0
2011-04-22 08:48:09-04:00,1.0
2011-04-22 08:48:12-04:00,1.0
2011-04-22 08:48:15-04:00,1.0
2011-04-22 08:48:18-04:00,1.0
2011-04-22 08:48:21-04:00,1.0
2011-04-22 08:48:24-04:00,1.0
2011-04-22 08:48:27-04:00,1.0
2011-04-22 08:48:30-04:00,1.0
2011-04-22 08:48:33-04:00,1.0
2011-04-22 08:48:36-04:00,1.0
2011-04-22 08:48:39-04:00,1.0
2011-04-22 08:48:42-04:00,0.6666666666666667
2011-04-22 08:48:45-04:00,0.25
2011-04-22 08:48:48-04:00,1.0
2011-04-22 08:48:51-04:00,1.0
2011-04-22 08:48:54-04:00,1.0
2011-04-22 08:48:57-04:00,1.0
2011-04-22 08:49:00-04:00,1.0
2011-04-22 08:49:03-04:00,1.0
2011-04-22 08:49:06-04:00,1.0
2011-04-22 08:49:09-04:00,0.75
2011-04-22 08:49:12-04:00,0.0
2011-04-22 08:49:15-04:00,0.0
2011-04-22 08:49:18-04:00,0.75
2011-04-22 08:49:21-04:00,0.33333333333333337
2011-04-22 08:49:24-04:00,0.5
2011-04-22 08:49:27-04:00,1.0
2011-04-22 08:49:30-04:00,1.0
2011-04-22 08:49:33-04:00,1.0
2011-04-22 08:49:36-04:00,1.0
2011-04-22 08:49:39-04:00,1.0
2011-04-22 08:49:42-04:00,1.0
2011-04-22 08:49:45-04:00,1.0
2011-04-22 08:49:48-04:00,1.0
2011-04-22 08:49:51-04:00,1.0
2011-04-22 08:49:54-04:00,1.0
2011-04-22 08:49:57-04:00,1.0
2011-04-22 08:50:00-04:00,1.0
2011-04-22 08:50:03-04:00,1.0
2011-04-22 08:50:06-04:00,1.0
2011-04-22 08:50:09-04:00,1.0
2011-04-22 08:50:12-04:00,0.0
2011-04-22 08:50:15-04:00,0.75
2011-04-22 08:50:18-04:00,1.0
2011-04-22 08:50:21-04:00,0.33333333333333337
2011-04-22 08:50:24-04:00,0.5
2011-04-22 08:50:27-04:00,1.0
2011-04-22 08:50:30-04:00,1.0
2011-04-22 08:50:33-04:00,1.0
2011-04-22 08:50:36-04:00,1.0
2011-04-22 08:50:39-04:00,1.0
2011-04-22 08:50:42-04:00,1.0
2011-04-22 08:50:45-04:00,1.0
2011-04-22 08:50:48-04:00,0.0
2011-04-22 08:50:51-04:00,1.0
2011-04-22 08:50:54-04:00,1.0
2011-04-22 08:50:57-04:00,1.0
2011-04-22 08:51:00-04:00,1.0
2011-04-22 08:51:03-04:00,1.0
2011-04-22 08:51:06-04:00,1.0
2011-04-22 08:51:09-04:00,1.0
2011-04-22 08:51:12-04:00,1.0
2011-04-22 08:51:15-04:00,1.0
2011-04-22 08:51:18-04:00,1.0
2011-04-22 08:51:21-04:00,1.0
2011-04-22 08:51:24-04:00,1.0
2011-04-22 08:51:27-04:00,1.0
2011-04-22 08:51:30-04:00,1.0
2011-04-22 08:51:33-04:00,1.0
2011-04-22 08:51:36-04:00,1.0
2011-04-22 08:51:39-04:00,1.0
2011-04-22 08:51:42-04:00,0.6666666666666667
2011-04-22 08:51:45-04:00,0.25
2011-04-22 08:51:48-04:00,1.0
2011-04-22 08:51:51-04:00,1.0
2011-04-22 08:51:54-04:00,1.0
2011-04-22 08:51:57-04:00,1.0
2011-04-22 08:52:00-04:00,1.0
2011-04-22 08:52:03-04:00,1.0
2011-04-22 08:52:06-04:00,1.0
2011-04-22 08:52:09-04:00,1.0
2011-04-22 08:52:12-04:00,1.0
2011-04-22 08:52:15-04:00,1.0
2011-04-22 08:52:18-04:00,1.0
2011-04-22 08:52:21-04:00,1.0
2011-04-22 08:52:24-04:00,1.0
2011-04-22 08:52:27-04:00,1.0
2011-04-22 08:52:30-04:00,1.0
2011-04-22 08:52:33-04:00,1.0
2011-04-22 08:52:36-04:00,1.0
2011-04-22 08:52:39-04:00,1.0
2011-04-22 08:52:42-04:00,1.0
2011-04-22 08:52:45-04:00,1.0
2011-04-22 08:52:48-04:00,1.0
2011-04-22 08:52:51-04:00,1.0
2011-04-22 08:52:54-04:00,1.0
2011-04-22 08:52:57-04:00,1.0
2011-04-22 08:53:00-04:00,1.0
2011-04-22 08:53:03-04:00,1.0
2011-04-22 08:53:06-04:00,1.0
2011-04-22 08:53:09-04:00,0.75
2011-04-22 08:53:12-04:00,0.0
2011-04-22 08:53:15-04:00,1.0
2011-04-22 08:53:18-04:00,1.0
2011-04-22 08:53:21-04:00,1.0
2011-04-22 08:53:24-04:00,1.0
2011-04-22 08:53:27-04:00,1.0
2011-04-22 08:53:30-04:00,1.0
2011-04-22 08:53:33-04:00,1.0
2011-04-22 08:53:36-04:00,0.6666666666666667
2011-04-22 08:53:39-04:00,0.0
2011-04-22 08:53:42-04:00,0.0
2011-04-22 08:53:45-04:00,0.0
2011-04-22 08:53:48-04:00,0.0
2011-04-22 08:53:51-04:00,0.6666666666666666
2011-04-22 08:53:54-04:00,1.0
2011-04-22 08:53:57-04:00,1.0
2011-04-22 08:54:00-04:00,1.0
2011-04-22 08:54:03-04:00,1.0
2011-04-22 08:54:06-04:00,1.0
2011-04-22 08:54:09-04:00,1.0
2011-04-22 08:54:12-04:00,1.0
2011-04-22 08:54:15-04:00,1.0
2011-04-22 08:54:18-04:00,0.5
2011-04-22 08:54:21-04:00,0.3333333333333333
2011-04-22 08:54:24-04:00,0.75
2011-04-22 08:54:27-04:00,0.0
2011-04-22 08:54:30-04:00,0.375
2011-04-22 08:54:33-04:00,0.75
2011-04-22 08:54:36-04:00,1.0
2011-04-22 08:54:39-04:00,1.0
2011-04-22 08:54:42-04:00,0.25
2011-04-22 08:54:45-04:00,0.0
2011-04-22 08:54:48-04:00,0.0
2011-04-22 08:54:51-04:00,0.25
2011-04-22 08:54:54-04:00,1.0
2011-04-22 08:54:57-04:00,0.0
2011-04-22 08:55:00-04:00,1.0
2011-04-22 08:55:03-04:00,0.25
2011-04-22 08:55:06-04:00,0.6666666666666666
2011-04-22 08:55:09-04:00,0.5
2011-04-22 08:55:12-04:00,0.3333333333333333
2011-04-22 08:55:15-04:00,1.0
2011-04-22 08:55:18-04:00,1.0
2011-04-22 08:55:21-04:00,0.0
2011-04-22 08:55:24-04:00,0.0
2011-04-22 08:55:27-04:00,0.6666666666666666
2011-04-22 08:55:30-04:00,1.0
2011-04-22 08:55:33-04:00,1.0
2011-04-22 08:55:36-04:00,1.0
2011-04-22 08:55:39-04:00,0.5
2011-04-22 08:55:42-04:00,0.0
2011-04-22 08:55:45-04:00,0.3333333333333333
2011-04-22 08:55:48-04:00,1.0
2011-04-22 08:55:51-04:00,1.0
2011-04-22 08:55:54-04:00,0.0
2011-04-22 08:55:57-04:00,0.0
2011-04-22 08:56:00-04:00,0.6666666666666666
2011-04-22 08:56:03-04:00,1.0
2011-04-22 08:56:06-04:00,1.0
2011-04-22 08:56:09-04:00,0.6666666666666667
2011-04-22 08:56:12-04:00,0.0
2011-04-22 08:56:15-04:00,0.0
2011-04-22 08:56:18-04:00,1.0
2011-04-22 08:56:21-04:00,0.25
2011-04-22 08:56:24-04:00,0.6666666666666666
2011-04-22 08:56:27-04:00,1.0
2011-04-22 08:56:30-04:00,0.875
2011-04-22 08:56:33-04:00,0.5
2011-04-22 08:56:36-04:00,0.125
2011-04-22 08:56:39-04:00,0.0
2011-04-22 08:56:42-04:00,0.0
2011-04-22 08:56:45-04:00,0.0
2011-04-22 08:56:48-04:00,0.0
2011-04-22 08:56:51-04:00,1.0
2011-04-22 08:56:54-04:00,0.25
2011-04-22 08:56:57-04:00,0.6666666666666666
2011-04-22 08:57:00-04:00,1.0
2011-04-22 08:57:03-04:00,0.6666666666666667
2011-04-22 08:57:06-04:00,0.25
2011-04-22 08:57:09-04:00,1.0
2011-04-22 08:57:12-04:00,0.0
2011-04-22 08:57:15-04:00,0.0
2011-04-22 08:57:18-04:00,0.75
2011-04-22 08:57:21-04:00,1.0
2011-04-22 08:57:24-04:00,0.5
2011-04-22 08:57:27-04:00,0.0
2011-04-22 08:57:30-04:00,0.0
2011-04-22 08:57:33-04:00,0.0
2011-04-22 08:57:36-04:00,0.3333333333333333
2011-04-22 08:57:39-04:00,1.0
2011-04-22 08:57:42-04:00,1.0
2011-04-22 08:57:45-04:00,1.0
2011-04-22 08:57:48-04:00,1.0
2011-04-22 08:57:51-04:00,0.25
2011-04-22 08:57:54-04:00,0.6666666666666666
2011-04-22 08:57:57-04:00,1.0
2011-04-22 08:58:00-04:00,1.0
2011-04-22 08:58:03-04:00,1.0
2011-04-22 08:58:06-04:00,1.0
2011-04-22 08:58:09-04:00,1.0
2011-04-22 08:58:12-04:00,1.0
2011-04-22 08:58:15-04:00,1.0
2011-04-22 08:58:18-04:00,1.0
2011-04-22 08:58:21-04:00,1.0
2011-04-22 08:58:24-04:00,1.0
2011-04-22 08:58:27-04:00,1.0
2011-04-22 08:58:30-04:00,1.0
2011-04-22 08:58:33-04:00,1.0
2011-04-22 08:58:36-04:00,1.0
2011-04-22 08:58:39-04:00,1.0
2011-04-22 08:58:42-04:00,1.0
2011-04-22 08:58:45-04:00,1.0
2011-04-22 08:58:48-04:00,1.0
2011-04-22 08:58:51-04:00,1.0
2011-04-22 08:58:54-04:00,1.0
2011-04-22 08:58:57-04:00,1.0
2011-04-22 08:59:00-04:00,0.75
2011-04-22 08:59:03-04:00,0.0
2011-04-22 08:59:06-04:00,0.75
2011-04-22 08:59:09-04:00,1.0
2011-04-22 08:59:12-04:00,1.0
2011-04-22 08:59:15-04:00,1.0
2011-04-22 08:59:18-04:00,1.0
2011-04-22 08:59:21-04:00,1.0
2011-04-22 08:59:24-04:00,1.0
2011-04-22 08:59:27-04:00,1.0
2011-04-22 08:59:30-04:00,1.0
2011-04-22 08:59:33-04:00,1.0
2011-04-22 08:59:36-04:00,1.0
2011-04-22 08:59:39-04:00,1.0
2011-04-22 08:59:42-04:00,1.0
2011-04-22 08:59:45-04:00,1.0
2011-04-22 08:59:48-04:00,1.0
2011-04-22 08:59:51-04:00,1.0
2011-04-22 08:59:54-04:00,0.75
2011-04-22 08:59:57-04:00,0.0
2011-04-22 09:00:00-04:00,1.0
2011-04-22 09:00:03-04:00,1.0
2011-04-22 09:00:06-04:00,1.0
2011-04-22 09:00:09-04:00,1.0
2011-04-22 09:00:12-04:00,0.5
2011-04-22 09:00:15-04:00,0.3333333333333333
2011-04-22 09:00:18-04:00,1.0
2011-04-22 09:00:21-04:00,1.0
2011-04-22 09:00:24-04:00,0.0
2011-04-22 09:00:27-04:00,0.75
2011-04-22 09:00:30-04:00,1.0
2011-04-22 09:00:33-04:00,1.0
2011-04-22 09:00:36-04:00,1.0
2011-04-22 09:00:39-04:00,1.0
2011-04-22 09:00:42-04:00,1.0
2011-04-22 09:00:45-04:00,1.0
2011-04-22 09:00:48-04:00,1.0
2011-04-22 09:00:51-04:00,1.0
2011-04-22 09:00:54-04:00,1.0
2011-04-22 09:00:57-04:00,1.0
2011-04-22 09:01:00-04:00,1.0
2011-04-22 09:01:03-04:00,1.0
2011-04-22 09:01:06-04:00,1.0
2011-04-22 09:01:09-04:00,1.0
2011-04-22 09:01:12-04:00,1.0
2011-04-22 09:01:15-04:00,1.0
2011-04-22 09:01:18-04:00,1.0
2011-04-22 09:01:21-04:00,1.0
2011-04-22 09:01:24-04:00,1.0
2011-04-22 09:01:27-04:00,1.0
2011-04-22 09:01:30-04:00,1.0
2011-04-22 09:01:33-04:00,1.0
2011-04-22 09:01:36-04:00,1.0
2011-04-22 09:01:39-04:00,1.0
2011-04-22 09:01:42-04:00,1.0
2011-04-22 09:01:45-04:00,0.6666666666666667
2011-04-22 09:01:48-04:00,0.3333333333333333
2011-04-22 09:01:51-04:00,1.0
2011-04-22 09:01:54-04:00,1.0
2011-04-22 09:01:57-04:00,1.0
2011-04-22 09:02:00-04:00,1.0
2011-04-22 09:02:03-04:00,1.0
2011-04-22 09:02:06-04:00,1.0
2011-04-22 09:02:09-04:00,0.6666666666666667
2011-04-22 09:02:12-04:00,0.25
2011-04-22 09:02:15-04:00,1.0
2011-04-22 09:02:18-04:00,1.0
2011-04-22 09:02:21-04:00,1.0
2011-04-22 09:02:24-04:00,1.0
2011-04-22 09:02:27-04:00,1.0
2011-04-22 09:02:30-04:00,1.0
2011-04-22 09:02:33-04:00,1.0
2011-04-22 09:02:36-04:00,1.0
2011-04-22 09:02:39-04:00,1.0
2011-04-22 09:02:42-04:00,1.0
2011-04-22 09:02:45-04:00,1.0
2011-04-22 09:02:48-04:00,1.0
2011-04-22 09:02:51-04:00,1.0
2011-04-22 09:02:54-04:00,1.0
2011-04-22 09:02:57-04:00,0.25
2011-04-22 09:03:00-04:00,0.6666666666666666
2011-04-22 09:03:03-04:00,1.0
2011-04-22 09:03:06-04:00,1.0
2011-04-22 09:03:09-04:00,1.0
2011-04-22 09:03:12-04:00,1.0
2011-04-22 09:03:15-04:00,1.0
2011-04-22 09:03:18-04:00,1.0
2011-04-22 09:03:21-04:00,0.5
2011-04-22 09:03:24-04:00,0.0
2011-04-22 09:03:27-04:00,0.0
2011-04-22 09:03:30-04:00,0.3333333333333333
2011-04-22 09:03:33-04:00,0.6666666666666666
2011-04-22 09:03:36-04:00,1.0
2011-04-22 09:03:39-04:00,1.0
2011-04-22 09:03:42-04:00,0.25
2011-04-22 09:03:45-04:00,0.0
2011-04-22 09:03:48-04:00,0.6666666666666666
2011-04-22 09:03:51-04:00,1.0
2011-04-22 09:03:54-04:00,1.0
2011-04-22 09:03:57-04:00,1.0
2011-04-22 09:04:00-04:00,1.0
2011-04-22 09:04:03-04:00,0.0
2011-04-22 09:04:06-04:00,0.0
2011-04-22 09:04:09-04:00,0.6666666666666666
2011-04-22 09:04:12-04:00,1.0
2011-04-22 09:04:15-04:00,0.6666666666666667
2011-04-22 09:04:18-04:00,0.25
2011-04-22 09:04:21-04:00,1.0
2011-04-22 09:04:24-04:00,1.0
2011-04-22 09:04:27-04:00,1.0
2011-04-22 09:04:30-04:00,0.6666666666666667
2011-04-22 09:04:33-04:00,0.33333333333333337
2011-04-22 09:04:36-04:00,0.0
2011-04-22 09:04:39-04:00,0.75
2011-04-22 09:04:42-04:00,1.0
2011-04-22 09:04:45-04:00,1.0
2011-04-22 09:04:48-04:00,1.0
2011-04-22 09:04:51-04:00,0.75
2011-04-22 09:04:54-04:00,0.0
2011-04-22 09:04:57-04:00,1.0
2011-04-22 09:05:00-04:00,0.0
2011-04-22 09:05:03-04:00,0.75
2011-04-22 09:05:06-04:00,1.0
2011-04-22 09:05:09-04:00,1.0
2011-04-22 09:05:12-04:00,1.0
2011-04-22 09:05:15-04:00,1.0
2011-04-22 09:05:18-04:00,1.0
2011-04-22 09:05:21-04:00,1.0
2011-04-22 09:05:24-04:00,1.0
2011-04-22 09:05:27-04:00,1.0
2011-04-22 09:05:30-04:00,0.7777777777777778
2011-04-22 09:05:33-04:00,0.4444444444444444
2011-04-22 09:05:36-04:00,0.11111111111111116
2011-04-22 09:05:39-04:00,0.6666666666666666
2011-04-22 09:05:42-04:00,0.5
2011-04-22 09:05:45-04:00,0.3333333333333333
2011-04-22 09:05:48-04:00,1.0
2011-04-22 09:05:51-04:00,1.0
2011-04-22 09:05:54-04:00,0.0
2011-04-22 09:05:57-04:00,0.0
2011-04-22 09:06:00-04:00,0.6666666666666666
2011-04-22 09:06:03-04:00,1.0
2011-04-22 09:06:06-04:00,1.0
2011-04-22 09:06:09-04:00,1.0
2011-04-22 09:06:12-04:00,1.0
2011-04-22 09:06:15-04:00,1.0
2011-04-22 09:06:18-04:00,1.0
2011-04-22 09:06:21-04:00,0.0
2011-04-22 09:06:24-04:00,0.75
2011-04-22 09:06:27-04:00,1.0
2011-04-22 09:06:30-04:00,1.0
2011-04-22 09:06:33-04:00,1.0
2011-04-22 09:06:36-04:00,1.0
2011-04-22 09:06:39-04:00,1.0
2011-04-22 09:06:42-04:00,1.0
2011-04-22 09:06:45-04:00,1.0
2011-04-22 09:06:48-04:00,1.0
2011-04-22 09:06:51-04:00,1.0
2011-04-22 09:06:54-04:00,1.0
2011-04-22 09:06:57-04:00,0.25
2011-04-22 09:07:00-04:00,0.6666666666666666
2011-04-22 09:07:03-04:00,0.5
2011-04-22 09:07:06-04:00,0.0
2011-04-22 09:07:09-04:00,0.0
2011-04-22 09:07:12-04:00,0.0
2011-04-22 09:07:15-04:00,0.0
2011-04-22 09:07:18-04:00,0.75
2011-04-22 09:07:21-04:00,0.33333333333333337
2011-04-22 09:07:24-04:00,0.6666666666666666
2011-04-22 09:07:27-04:00,1.0
2011-04-22 09:07:30-04:00,1.0
2011-04-22 09:07:33-04:00,1.0
2011-04-22 09:07:36-04:00,1.0
2011-04-22 09:07:39-04:00,1.0
2011-04-22 09:07:42-04:00,0.6666666666666667
2011-04-22 09:07:45-04:00,0.3333333333333333
2011-04-22 09:07:48-04:00,1.0
2011-04-22 09:07:51-04:00,1.0
2011-04-22 09:07:54-04:00,1.0
2011-04-22 09:07:57-04:00,0.25
2011-04-22 09:08:00-04:00,0.6666666666666666
2011-04-22 09:08:03-04:00,1.0
2011-04-22 09:08:06-04:00,1.0
2011-04-22 09:08:09-04:00,1.0
2011-04-22 09:08:12-04:00,1.0
2011-04-22 09:08:15-04:00,1.0
2011-04-22 09:08:18-04:00,1.0
2011-04-22 09:08:21-04:00,0.33333333333333337
2011-04-22 09:08:24-04:00,0.5
2011-04-22 09:08:27-04:00,1.0
2011-04-22 09:08:30-04:00,1.0
2011-04-22 09:08:33-04:00,1.0
2011-04-22 09:08:36-04:00,1.0
2011-04-22 09:08:39-04:00,1.0
2011-04-22 09:08:42-04:00,1.0
2011-04-22 09:08:45-04:00,1.0
2011-04-22 09:08:48-04:00,1.0
2011-04-22 09:08:51-04:00,1.0
2011-04-22 09:08:54-04:00,1.0
2011-04-22 09:08:57-04:00,0.33333333333333337
2011-04-22 09:09:00-04:00,0.6666666666666666
2011-04-22 09:09:03-04:00,1.0
2011-04-22 09:09:06-04:00,1.0
2011-04-22 09:09:09-04:00,1.0
2011-04-22 09:09:12-04:00,1.0
2011-04-22 09:09:15-04:00,1.0
2011-04-22 09:09:18-04:00,1.0
2011-04-22 09:09:21-04:00,1.0
2011-04-22 09:09:24-04:00,0.5
2011-04-22 09:09:27-04:00,0.125
2011-04-22 09:09:30-04:00,0.5
2011-04-22 09:09:33-04:00,0.875
2011-04-22 09:09:36-04:00,1.0
2011-04-22 09:09:39-04:00,0.6666666666666667
2011-04-22 09:09:42-04:00,0.25
2011-04-22 09:09:45-04:00,1.0
2011-04-22 09:09:48-04:00,1.0
2011-04-22 09:09:51-04:00,1.0
2011-04-22 09:09:54-04:00,0.33333333333333337
2011-04-22 09:09:57-04:00,0.5
2011-04-22 09:10:00-04:00,0.6666666666666667
2011-04-22 09:10:03-04:00,0.0
2011-04-22 09:10:06-04:00,0.0
2011-04-22 09:10:09-04:00,0.0
2011-04-22 09:10:12-04:00,1.0
2011-04-22 09:10:15-04:00,0.25
2011-04-22 09:10:18-04:00,0.6666666666666666
2011-04-22 09:10:21-04:00,0.5
2011-04-22 09:10:24-04:00,0.3333333333333333
2011-04-22 09:10:27-04:00,1.0
2011-04-22 09:10:30-04:00,1.0
2011-04-22 09:10:33-04:00,1.0
2011-04-22 09:10:36-04:00,1.0
2011-04-22 09:10:39-04:00,1.0
2011-04-22 09:10:42-04:00,0.0
2011-04-22 09:10:45-04:00,1.0
2011-04-22 09:10:48-04:00,0.25
2011-04-22 09:10:51-04:00,0.6666666666666666
2011-04-22 09:10:54-04:00,1.0
2011-04-22 09:10:57-04:00,1.0
2011-04-22 09:11:00-04:00,1.0
2011-04-22 09:11:03-04:00,1.0
2011-04-22 09:11:06-04:00,1.0
2011-04-22 09:11:09-04:00,1.0
2011-04-22 09:11:12-04:00,1.0
2011-04-22 09:11:15-04:00,1.0
2011-04-22 09:11:18-04:00,1.0
2011-04-22 09:11:21-04:00,0.75
2011-04-22 09:11:24-04:00,0.0
2011-04-22 09:11:27-04:00,1.0
2011-04-22 09:11:30-04:00,1.0
2011-04-22 09:11:33-04:00,1.0
2011-04-22 09:11:36-04:00,1.0
2011-04-22 09:11:39-04:00,0.0
2011-04-22 09:11:42-04:00,0.0
2011-04-22 09:11:45-04:00,0.6666666666666666
2011-04-22 09:11:48-04:00,0.33333333333333337
2011-04-22 09:11:51-04:00,0.0
2011-04-22 09:11:54-04:00,0.3333333333333333
2011-04-22 09:11:57-04:00,1.0
2011-04-22 09:12:00-04:00,1.0
2011-04-22 09:12:03-04:00,1.0
2011-04-22 09:12:06-04:00,1.0
2011-04-22 09:12:09-04:00,1.0
2011-04-22 09:12:12-04:00,0.5
2011-04-22 09:12:15-04:00,0.0
2011-04-22 09:12:18-04:00,0.3333333333333333
2011-04-22 09:12:21-04:00,1.0
2011-04-22 09:12:24-04:00,1.0
2011-04-22 09:12:27-04:00,1.0
2011-04-22 09:12:30-04:00,1.0
2011-04-22 09:12:33-04:00,1.0
2011-04-22 09:12:36-04:00,1.0
2011-04-22 09:12:39-04:00,1.0
2011-04-22 09:12:42-04:00,1.0
2011-04-22 09:12:45-04:00,1.0
2011-04-22 09:12:48-04:00,1.0
2011-04-22 09:12:51-04:00,1.0
2011-04-22 09:12:54-04:00,1.0
2011-04-22 09:12:57-04:00,1.0
2011-04-22 09:13:00-04:00,1.0
2011-04-22 09:13:03-04:00,1.0
2011-04-22 09:13:06-04:00,1.0
2011-04-22 09:13:09-04:00,1.0
2011-04-22 09:13:12-04:00,1.0
2011-04-22 09:13:15-04:00,1.0
2011-04-22 09:13:18-04:00,1.0
2011-04-22 09:13:21-04:00,1.0
2011-04-22 09:13:24-04:00,1.0
2011-04-22 09:13:27-04:00,1.0
2011-04-22 09:13:30-04:00,1.0
2011-04-22 09:13:33-04:00,1.0
2011-04-22 09:13:36-04:00,1.0
2011-04-22 09:13:39-04:00,1.0
2011-04-22 09:13:42-04:00,1.0
2011-04-22 09:13:45-04:00,1.0
2011-04-22 09:13:48-04:00,0.75
2011-04-22 09:13:51-04:00,0.0
2011-04-22 09:13:54-04:00,1.0
2011-04-22 09:13:57-04:00,1.0
2011-04-22 09:14:00-04:00,1.0
2011-04-22 09:14:03-04:00,0.33333333333333337
2011-04-22 09:14:06-04:00,0.5
2011-04-22 09:14:09-04:00,1.0
2011-04-22 09:14:12-04:00,1.0
2011-04-22 09:14:15-04:00,1.0
2011-04-22 09:14:18-04:00,1.0
2011-04-22 09:14:21-04:00,1.0
2011-04-22 09:14:24-04:00,1.0
2011-04-22 09:14:27-04:00,0.25
2011-04-22 09:14:30-04:00,0.2222222222222222
2011-04-22 09:14:33-04:00,0.5555555555555556
2011-04-22 09:14:36-04:00,0.8888888888888888
2011-04-22 09:14:39-04:00,1.0
2011-04-22 09:14:42-04:00,1.0
2011-04-22 09:14:45-04:00,1.0
2011-04-22 09:14:48-04:00,1.0
2011-04-22 09:14:51-04:00,0.75
2011-04-22 09:14:54-04:00,0.0
2011-04-22 09:14:57-04:00,1.0
2011-04-22 09:15:00-04:00,1.0
2011-04-22 09:15:03-04:00,0.33333333333333337
2011-04-22 09:15:06-04:00,0.0
2011-04-22 09:15:09-04:00,0.3333333333333333
2011-04-22 09:15:12-04:00,1.0
2011-04-22 09:15:15-04:00,1.0
2011-04-22 09:15:18-04:00,1.0
2011-04-22 09:15:21-04:00,1.0
2011-04-22 09:15:24-04:00,1.0
2011-04-22 09:15:27-04:00,1.0
2011-04-22 09:15:30-04:00,1.0
2011-04-22 09:15:33-04:00,1.0
2011-04-22 09:15:36-04:00,1.0
2011-04-22 09:15:39-04:00,1.0
2011-04-22 09:15:42-04:00,1.0
2011-04-22 09:15:45-04:00,1.0
2011-04-22 09:15:48-04:00,1.0
2011-04-22 09:15:51-04:00,1.0
2011-04-22 09:15:54-04:00,1.0
2011-04-22 09:15:57-04:00,1.0
2011-04-22 09:16:00-04:00,1.0
2011-04-22 09:16:03-04:00,1.0
2011-04-22 09:16:06-04:00,1.0
2011-04-22 09:16:09-04:00,1.0
2011-04-22 09:16:12-04:00,1.0
2011-04-22 09:16:15-04:00,1.0
2011-04-22 09:16:18-04:00,1.0
2011-04-22 09:16:21-04:00,1.0
2011-04-22 09:16:24-04:00,1.0
2011-04-22 09:16:27-04:00,1.0
2011-04-22 09:16:30-04:00,1.0
2011-04-22 09:16:33-04:00,1.0
2011-04-22 09:16:36-04:00,1.0
2011-04-22 09:16:39-04:00,1.0
2011-04-22 09:16:42-04:00,1.0
2011-04-22 09:16:45-04:00,1.0
2011-04-22 09:16:48-04:00,0.5
2011-04-22 09:16:51-04:00,0.3333333333333333
2011-04-22 09:16:54-04:00,0.75
2011-04-22 09:16:57-04:00,0.0
2011-04-22 09:17:00-04:00,1.0
2011-04-22 09:17:03-04:00,1.0
2011-04-22 09:17:06-04:00,1.0
2011-04-22 09:17:09-04:00,1.0
2011-04-22 09:17:12-04:00,0.5
2011-04-22 09:17:15-04:00,0.0
2011-04-22 09:17:18-04:00,0.25
2011-04-22 09:17:21-04:00,1.0
2011-04-22 09:17:24-04:00,1.0
2011-04-22 09:17:27-04:00,1.0
2011-04-22 09:17:30-04:00,0.6666666666666667
2011-04-22 09:17:33-04:00,0.33333333333333337
2011-04-22 09:17:36-04:00,0.0
2011-04-22 09:17:39-04:00,0.75
2011-04-22 09:17:42-04:00,1.0
2011-04-22 09:17:45-04:00,1.0
2011-04-22 09:17:48-04:00,1.0
2011-04-22 09:17:51-04:00,1.0
2011-04-22 09:17:54-04:00,1.0
2011-04-22 09:17:57-04:00,1.0
2011-04-22 09:18:00-04:00,1.0
2011-04-22 09:18:03-04:00,1.0
2011-04-22 09:18:06-04:00,0.25
2011-04-22 09:18:09-04:00,0.6666666666666666
2011-04-22 09:18:12-04:00,1.0
2011-04-22 09:18:15-04:00,1.0
2011-04-22 09:18:18-04:00,1.0
2011-04-22 09:18:21-04:00,1.0
2011-04-22 09:18:24-04:00,1.0
2011-04-22 09:18:27-04:00,1.0
2011-04-22 09:18:30-04:00,1.0
2011-04-22 09:18:33-04:00,1.0
2011-04-22 09:18:36-04:00,1.0
2011-04-22 09:18:39-04:00,1.0
2011-04-22 09:18:42-04:00,0.25
2011-04-22 09:18:45-04:00,0.6666666666666666
2011-04-22 09:18:48-04:00,1.0
2011-04-22 09:18:51-04:00,1.0
2011-04-22 09:18:54-04:00,1.0
2011-04-22 09:18:57-04:00,1.0
2011-04-22 09:19:00-04:00,1.0
2011-04-22 09:19:03-04:00,1.0
2011-04-22 09:19:06-04:00,1.0
2011-04-22 09:19:09-04:00,1.0
2011-04-22 09:19:12-04:00,0.33333333333333337
2011-04-22 09:19:15-04:00,0.5
2011-04-22 09:19:18-04:00,1.0
2011-04-22 09:19:21-04:00,1.0
2011-04-22 09:19:24-04:00,1.0
2011-04-22 09:19:27-04:00,0.0
2011-04-22 09:19:30-04:00,0.0
2011-04-22 09:19:33-04:00,0.0
2011-04-22 09:19:36-04:00,0.0
2011-04-22 09:19:39-04:00,0.0
2011-04-22 09:19:42-04:00,0.75
2011-04-22 09:19:45-04:00,0.33333333333333337
2011-04-22 09:19:48-04:00,0.5
2011-04-22 09:19:51-04:00,1.0
2011-04-22 09:19:54-04:00,1.0
2011-04-22 09:19:57-04:00,1.0
2011-04-22 09:20:00-04:00,1.0
2011-04-22 09:20:03-04:00,1.0
2011-04-22 09:20:06-04:00,1.0
2011-04-22 09:20:09-04:00,1.0
2011-04-22 09:20:12-04:00,1.0
2011-04-22 09:20:15-04:00,1.0
2011-04-22 09:20:18-04:00,1.0
2011-04-22 09:20:21-04:00,1.0
2011-04-22 09:20:24-04:00,1.0
2011-04-22 09:20:27-04:00,1.0
2011-04-22 09:20:30-04:00,1.0
2011-04-22 09:20:33-04:00,1.0
2011-04-22 09:20:36-04:00,1.0
2011-04-22 09:20:39-04:00,1.0
2011-04-22 09:20:42-04:00,1.0
2011-04-22 09:20:45-04:00,1.0
2011-04-22 09:20:48-04:00,1.0
2011-04-22 09:20:51-04:00,0.75
2011-04-22 09:20:54-04:00,0.0
2011-04-22 09:20:57-04:00,1.0
2011-04-22 09:21:00-04:00,1.0
2011-04-22 09:21:03-04:00,1.0
2011-04-22 09:21:06-04:00,1.0
2011-04-22 09:21:09-04:00,1.0
2011-04-22 09:21:12-04:00,1.0
2011-04-22 09:21:15-04:00,1.0
2011-04-22 09:21:18-04:00,1.0
2011-04-22 09:21:21-04:00,1.0
2011-04-22 09:21:24-04:00,1.0
2011-04-22 09:21:27-04:00,1.0
2011-04-22 09:21:30-04:00,1.0
2011-04-22 09:21:33-04:00,1.0
2011-04-22 09:21:36-04:00,1.0
2011-04-22 09:21:39-04:00,0.25
2011-04-22 09:21:42-04:00,0.0
2011-04-22 09:21:45-04:00,0.5
2011-04-22 09:21:48-04:00,1.0
2011-04-22 09:21:51-04:00,1.0
2011-04-22 09:21:54-04:00,1.0
2011-04-22 09:21:57-04:00,1.0
2011-04-22 09:22:00-04:00,0.25
2011-04-22 09:22:03-04:00,0.6666666666666666
2011-04-22 09:22:06-04:00,1.0
2011-04-22 09:22:09-04:00,1.0
2011-04-22 09:22:12-04:00,1.0
2011-04-22 09:22:15-04:00,1.0
2011-04-22 09:22:18-04:00,1.0
2011-04-22 09:22:21-04:00,1.0
2011-04-22 09:22:24-04:00,1.0
2011-04-22 09:22:27-04:00,1.0
2011-04-22 09:22:30-04:00,1.0
2011-04-22 09:22:33-04:00,1.0
2011-04-22 09:22:36-04:00,1.0
2011-04-22 09:22:39-04:00,1.0
2011-04-22 09:22:42-04:00,1.0
2011-04-22 09:22:45-04:00,1.0
2011-04-22 09:22:48-04:00,1.0
2011-04-22 09:22:51-04:00,1.0
2011-04-22 09:22:54-04:00,1.0
2011-04-22 09:22:57-04:00,1.0
2011-04-22 09:23:00-04:00,1.0
2011-04-22 09:23:03-04:00,1.0
2011-04-22 09:23:06-04:00,1.0
2011-04-22 09:23:09-04:00,0.5
2011-04-22 09:23:12-04:00,0.0
2011-04-22 09:23:15-04:00,0.3333333333333333
2011-04-22 09:23:18-04:00,1.0
2011-04-22 09:23:21-04:00,1.0
2011-04-22 09:23:24-04:00,1.0
2011-04-22 09:23:27-04:00,1.0
2011-04-22 09:23:30-04:00,1.0
2011-04-22 09:23:33-04:00,1.0
2011-04-22 09:23:36-04:00,1.0
2011-04-22 09:23:39-04:00,1.0
2011-04-22 09:23:42-04:00,1.0
2011-04-22 09:23:45-04:00,1.0
2011-04-22 09:23:48-04:00,0.5
2011-04-22 09:23:51-04:00,0.3333333333333333
2011-04-22 09:23:54-04:00,1.0
2011-04-22 09:23:57-04:00,1.0
2011-04-22 09:24:00-04:00,1.0
2011-04-22 09:24:03-04:00,1.0
2011-04-22 09:24:06-04:00,0.33333333333333337
2011-04-22 09:24:09-04:00,0.0
2011-04-22 09:24:12-04:00,0.3333333333333333
2011-04-22 09:24:15-04:00,1.0
2011-04-22 09:24:18-04:00,1.0
2011-04-22 09:24:21-04:00,1.0
2011-04-22 09:24:24-04:00,1.0
2011-04-22 09:24:27-04:00,1.0
2011-04-22 09:24:30-04:00,0.7777777777777778
2011-04-22 09:24:33-04:00,0.4444444444444444
2011-04-22 09:24:36-04:00,0.11111111111111116
2011-04-22 09:24:39-04:00,0.6666666666666666
2011-04-22 09:24:42-04:00,1.0
2011-04-22 09:24:45-04:00,1.0
2011-04-22 09:24:48-04:00,1.0
2011-04-22 09:24:51-04:00,1.0
2011-04-22 09:24:54-04:00,1.0
2011-04-22 09:24:57-04:00,1.0
2011-04-22 09:25:00-04:00,0.0
2011-04-22 09:25:03-04:00,0.75
2011-04-22 09:25:06-04:00,1.0
2011-04-22 09:25:09-04:00,1.0
2011-04-22 09:25:12-04:00,1.0
2011-04-22 09:25:15-04:00,1.0
2011-04-22 09:25:18-04:00,1.0
2011-04-22 09:25:21-04:00,1.0
2011-04-22 09:25:24-04:00,1.0
2011-04-22 09:25:27-04:00,1.0
2011-04-22 09:25:30-04:00,1.0
2011-04-22 09:25:33-04:00,1.0
2011-04-22 09:25:36-04:00,1.0
2011-04-22 09:25:39-04:00,1.0
2011-04-22 09:25:42-04:00,1.0
2011-04-22 09:25:45-04:00,1.0
2011-04-22 09:25:48-04:00,1.0
2011-04-22 09:25:51-04:00,1.0
2011-04-22 09:25:54-04:00,1.0
2011-04-22 09:25:57-04:00,1.0
2011-04-22 09:26:00-04:00,1.0
2011-04-22 09:26:03-04:00,0.5
2011-04-22 09:26:06-04:00,0.3333333333333333
2011-04-22 09:26:09-04:00,1.0
2011-04-22 09:26:12-04:00,1.0
2011-04-22 09:26:15-04:00,1.0
2011-04-22 09:26:18-04:00,1.0
2011-04-22 09:26:21-04:00,1.0
2011-04-22 09:26:24-04:00,1.0
2011-04-22 09:26:27-04:00,1.0
2011-04-22 09:26:30-04:00,1.0
2011-04-22 09:26:33-04:00,1.0
2011-04-22 09:26:36-04:00,1.0
2011-04-22 09:26:39-04:00,1.0
2011-04-22 09:26:42-04:00,1.0
2011-04-22 09:26:45-04:00,1.0
2011-04-22 09:26:48-04:00,1.0
2011-04-22 09:26:51-04:00,1.0
2011-04-22 09:26:54-04:00,1.0
2011-04-22 09:26:57-04:00,1.0
2011-04-22 09:27:00-04:00,1.0
2011-04-22 09:27:03-04:00,1.0
2011-04-22 09:27:06-04:00,1.0
2011-04-22 09:27:09-04:00,1.0
2011-04-22 09:27:12-04:00,1.0
2011-04-22 09:27:15-04:00,1.0
2011-04-22 09:27:18-04:00,1.0
2011-04-22 09:27:21-04:00,0.25
2011-04-22 09:27:24-04:00,0.6666666666666666
2011-04-22 09:27:27-04:00,0.7777777777777778
2011-04-22 09:27:30-04:00,0.4444444444444444
2011-04-22 09:27:33-04:00,0.11111111111111116
2011-04-22 09:27:36-04:00,0.5
2011-04-22 09:27:39-04:00,1.0
2011-04-22 09:27:42-04:00,1.0
2011-04-22 09:27:45-04:00,1.0
2011-04-22 09:27:48-04:00,1.0
2011-04-22 09:27:51-04:00,1.0
2011-04-22 09:27:54-04:00,1.0
2011-04-22 09:27:57-04:00,1.0
2011-04-22 09:28:00-04:00,1.0
2011-04-22 09:28:03-04:00,1.0
2011-04-22 09:28:06-04:00,1.0
2011-04-22 09:28:09-04:00,1.0
2011-04-22 09:28:12-04:00,1.0
2011-04-22 09:28:15-04:00,1.0
2011-04-22 09:28:18-04:00,1.0
2011-04-22 09:28:21-04:00,0.33333333333333337
2011-04-22 09:28:24-04:00,0.5
2011-04-22 09:28:27-04:00,1.0
2011-04-22 09:28:30-04:00,1.0
2011-04-22 09:28:33-04:00,1.0
2011-04-22 09:28:36-04:00,1.0
2011-04-22 09:28:39-04:00,1.0
2011-04-22 09:28:42-04:00,1.0
2011-04-22 09:28:45-04:00,1.0
2011-04-22 09:28:48-04:00,0.0
2011-04-22 09:28:51-04:00,1.0
2011-04-22 09:28:54-04:00,1.0
2011-04-22 09:28:57-04:00,1.0
2011-04-22 09:29:00-04:00,1.0
2011-04-22 09:29:03-04:00,1.0
2011-04-22 09:29:06-04:00,1.0
2011-04-22 09:29:09-04:00,1.0
2011-04-22 09:29:12-04:00,1.0
2011-04-22 09:29:15-04:00,1.0
2011-04-22 09:29:18-04:00,1.0
2011-04-22 09:29:21-04:00,1.0
2011-04-22 09:29:24-04:00,1.0
2011-04-22 09:29:27-04:00,1.0
2011-04-22 09:29:30-04:00,1.0
2011-04-22 09:29:33-04:00,1.0
2011-04-22 09:29:36-04:00,1.0
2011-04-22 09:29:39-04:00,1.0
2011-04-22 09:29:42-04:00,1.0
2011-04-22 09:29:45-04:00,1.0
2011-04-22 09:29:48-04:00,1.0
2011-04-22 09:29:51-04:00,1.0
2011-04-22 09:29:54-04:00,1.0
2011-04-22 09:29:57-04:00,1.0
2011-04-22 09:30:00-04:00,1.0
2011-04-22 09:30:03-04:00,1.0
2011-04-22 09:30:06-04:00,1.0
2011-04-22 09:30:09-04:00,1.0
2011-04-22 09:30:12-04:00,1.0
2011-04-22 09:30:15-04:00,1.0
2011-04-22 09:30:18-04:00,1.0
2011-04-22 09:30:21-04:00,1.0
2011-04-22 09:30:24-04:00,1.0
2011-04-22 09:30:27-04:00,0.8888888888888888
2011-04-22 09:30:30-04:00,0.5555555555555556
2011-04-22 09:30:33-04:00,0.2222222222222222
2011-04-22 09:30:36-04:00,0.0
2011-04-22 09:30:39-04:00,0.0
2011-04-22 09:30:42-04:00,0.0
2011-04-22 09:30:45-04:00,1.0
2011-04-22 09:30:48-04:00,1.0
2011-04-22 09:30:51-04:00,1.0
2011-04-22 09:30:54-04:00,1.0
2011-04-22 09:30:57-04:00,1.0
2011-04-22 09:31:00-04:00,0.6666666666666667
2011-04-22 09:31:03-04:00,0.0
2011-04-22 09:31:06-04:00,0.0
2011-04-22 09:31:09-04:00,1.0
2011-04-22 09:31:12-04:00,0.0
2011-04-22 09:31:15-04:00,0.75
2011-04-22 09:31:18-04:00,1.0
2011-04-22 09:31:21-04:00,0.5
2011-04-22 09:31:24-04:00,0.0
2011-04-22 09:31:27-04:00,0.0
2011-04-22 09:31:30-04:00,0.0
2011-04-22 09:31:33-04:00,0.0
2011-04-22 09:31:36-04:00,0.0
2011-04-22 09:31:39-04:00,0.0
2011-04-22 09:31:42-04:00,1.0
2011-04-22 09:31:45-04:00,1.0
2011-04-22 09:31:48-04:00,1.0
2011-04-22 09:31:51-04:00,0.5
2011-04-22 09:31:54-04:00,0.0
2011-04-22 09:31:57-04:00,0.25
2011-04-22 09:32:00-04:00,1.0
2011-04-22 09:32:03-04:00,1.0
2011-04-22 09:32:06-04:00,0.25
2011-04-22 09:32:09-04:00,0.0
2011-04-22 09:32:12-04:00,0.5
2011-04-22 09:32:15-04:00,1.0
2011-04-22 09:32:18-04:00,1.0
2011-04-22 09:32:21-04:00,0.75
2011-04-22 09:32:24-04:00,0.0
2011-04-22 09:32:27-04:00,0.0
2011-04-22 09:32:30-04:00,0.0
2011-04-22 09:32:33-04:00,0.0
2011-04-22 09:32:36-04:00,0.0
2011-04-22 09:32:39-04:00,0.0
2011-04-22 09:32:42-04:00,0.0
2011-04-22 09:32:45-04:00,0.0
2011-04-22 09:32:48-04:00,0.0
2011-04-22 09:32:51-04:00,0.0
2011-04-22 09:32:54-04:00,0.3333333333333333
2011-04-22 09:32:57-04:00,1.0
2011-04-22 09:33:00-04:00,1.0
2011-04-22 09:33:03-04:00,1.0
2011-04-22 09:33:06-04:00,1.0
2011-04-22 09:33:09-04:00,1.0
2011-04-22 09:33:12-04:00,1.0
2011-04-22 09:33:15-04:00,1.0
2011-04-22 09:33:18-04:00,0.6666666666666667
2011-04-22 09:33:21-04:00,0.25
2011-04-22 09:33:24-04:00,1.0
2011-04-22 09:33:27-04:00,0.0
2011-04-22 09:33:30-04:00,0.3333333333333333
2011-04-22 09:33:33-04:00,0.6666666666666666
2011-04-22 09:33:36-04:00,1.0
2011-04-22 09:33:39-04:00,1.0
2011-04-22 09:33:42-04:00,1.0
2011-04-22 09:33:45-04:00,1.0
2011-04-22 09:33:48-04:00,1.0
2011-04-22 09:33:51-04:00,0.5
2011-04-22 09:33:54-04:00,0.3333333333333333
2011-04-22 09:33:57-04:00,1.0
2011-04-22 09:34:00-04:00,1.0
2011-04-22 09:34:03-04:00,1.0
2011-04-22 09:34:06-04:00,1.0
2011-04-22 09:34:09-04:00,1.0
2011-04-22 09:34:12-04:00,1.0
2011-04-22 09:34:15-04:00,1.0
2011-04-22 09:34:18-04:00,1.0
2011-04-22 09:34:21-04:00,1.0
2011-04-22 09:34:24-04:00,1.0
2011-04-22 09:34:27-04:00,1.0
2011-04-22 09:34:30-04:00,0.6666666666666667
2011-04-22 09:34:33-04:00,0.33333333333333337
2011-04-22 09:34:36-04:00,0.0
2011-04-22 09:34:39-04:00,0.75
2011-04-22 09:34:42-04:00,1.0
2011-04-22 09:34:45-04:00,1.0
2011-04-22 09:34:48-04:00,0.6666666666666667
2011-04-22 09:34:51-04:00,0.0
2011-04-22 09:34:54-04:00,0.0
2011-04-22 09:34:57-04:00,1.0
2011-04-22 09:35:00-04:00,1.0
2011-04-22 09:35:03-04:00,1.0
2011-04-22 09:35:06-04:00,1.0
2011-04-22 09:35:09-04:00,1.0
2011-04-22 09:35:12-04:00,0.6666666666666667
2011-04-22 09:35:15-04:00,0.25
2011-04-22 09:35:18-04:00,1.0
2011-04-22 09:35:21-04:00,0.0
2011-04-22 09:35:24-04:00,0.75
2011-04-22 09:35:27-04:00,1.0
2011-04-22 09:35:30-04:00,1.0
2011-04-22 09:35:33-04:00,1.0
2011-04-22 09:35:36-04:00,1.0
2011-04-22 09:35:39-04:00,1.0
2011-04-22 09:35:42-04:00,0.5
2011-04-22 09:35:45-04:00,0.3333333333333333
2011-04-22 09:35:48-04:00,1.0
2011-04-22 09:35:51-04:00,1.0
2011-04-22 09:35:54-04:00,1.0
2011-04-22 09:35:57-04:00,0.25
2011-04-22 09:36:00-04:00,0.0
2011-04-22 09:36:03-04:00,0.0
2011-04-22 09:36:06-04:00,0.3333333333333333
2011-04-22 09:36:09-04:00,1.0
2011-04-22 09:36:12-04:00,1.0
2011-04-22 09:36:15-04:00,1.0
2011-04-22 09:36:18-04:00,1.0
2011-04-22 09:36:21-04:00,1.0
2011-04-22 09:36:24-04:00,1.0
2011-04-22 09:36:27-04:00,1.0
2011-04-22 09:36:30-04:00,1.0
2011-04-22 09:36:33-04:00,1.0
2011-04-22 09:36:36-04:00,1.0
2011-04-22 09:36:39-04:00,1.0
2011-04-22 09:36:42-04:00,1.0
2011-04-22 09:36:45-04:00,1.0
2011-04-22 09:36:48-04:00,1.0
2011-04-22 09:36:51-04:00,1.0
2011-04-22 09:36:54-04:00,1.0
2011-04-22 09:36:57-04:00,1.0
2011-04-22 09:37:00-04:00,0.33333333333333337
2011-04-22 09:37:03-04:00,0.6666666666666666
2011-04-22 09:37:06-04:00,1.0
2011-04-22 09:37:09-04:00,0.6666666666666667
2011-04-22 09:37:12-04:00,0.25
2011-04-22 09:37:15-04:00,1.0
2011-04-22 09:37:18-04:00,0.0
2011-04-22 09:37:21-04:00,0.0
2011-04-22 09:37:24-04:00,0.6666666666666666
2011-04-22 09:37:27-04:00,0.33333333333333337
2011-04-22 09:37:30-04:00,0.0
2011-04-22 09:37:33-04:00,0.0
2011-04-22 09:37:36-04:00,0.0
2011-04-22 09:37:39-04:00,0.0
2011-04-22 09:37:42-04:00,0.0
2011-04-22 09:37:45-04:00,0.3333333333333333
2011-04-22 09:37:48-04:00,0.75
2011-04-22 09:37:51-04:00,0.0
2011-04-22 09:37:54-04:00,0.0
2011-04-22 09:37:57-04:00,0.6666666666666666
2011-04-22 09:38:00-04:00,0.5
2011-04-22 09:38:03-04:00,0.0
2011-04-22 09:38:06-04:00,0.0
2011-04-22 09:38:09-04:00,0.0
2011-04-22 09:38:12-04:00,0.0
2011-04-22 09:38:15-04:00,0.0
2011-04-22 09:38:18-04:00,0.0
2011-04-22 09:38:21-04:00,0.0
2011-04-22 09:38:24-04:00,0.5
2011-04-22 09:38:27-04:00,1.0
2011-04-22 09:38:30-04:00,1.0
2011-04-22 09:38:33-04:00,1.0
2011-04-22 09:38:36-04:00,1.0
2011-04-22 09:38:39-04:00,1.0
2011-04-22 09:38:42-04:00,0.75
2011-04-22 09:38:45-04:00,0.0
2011-04-22 09:38:48-04:00,0.0
2011-04-22 09:38:51-04:00,0.0
2011-04-22 09:38:54-04:00,0.0
2011-04-22 09:38:57-04:00,0.5
2011-04-22 09:39:00-04:00,0.6666666666666667
2011-04-22 09:39:03-04:00,0.0
2011-04-22 09:39:06-04:00,0.0
2011-04-22 09:39:09-04:00,0.0
2011-04-22 09:39:12-04:00,0.75
2011-04-22 09:39:15-04:00,0.33333333333333337
2011-04-22 09:39:18-04:00,0.5
2011-04-22 09:39:21-04:00,0.6666666666666667
2011-04-22 09:39:24-04:00,0.0
2011-04-22 09:39:27-04:00,0.0
2011-04-22 09:39:30-04:00,0.3333333333333333
2011-04-22 09:39:33-04:00,0.6666666666666666
2011-04-22 09:39:36-04:00,1.0
2011-04-22 09:39:39-04:00,0.0
2011-04-22 09:39:42-04:00,0.0
2011-04-22 09:39:45-04:00,0.75
2011-04-22 09:39:48-04:00,0.5
2011-04-22 09:39:51-04:00,0.3333333333333333
2011-04-22 09:39:54-04:00,1.0
2011-04-22 09:39:57-04:00,1.0
2011-04-22 09:40:00-04:00,0.0
2011-04-22 09:40:03-04:00,0.75
2011-04-22 09:40:06-04:00,0.33333333333333337
2011-04-22 09:40:09-04:00,0.0
2011-04-22 09:40:12-04:00,0.3333333333333333
2011-04-22 09:40:15-04:00,1.0
2011-04-22 09:40:18-04:00,1.0
2011-04-22 09:40:21-04:00,1.0
2011-04-22 09:40:24-04:00,0.0
2011-04-22 09:40:27-04:00,0.0
2011-04-22 09:40:30-04:00,0.0
2011-04-22 09:40:33-04:00,0.0
2011-04-22 09:40:36-04:00,0.0
2011-04-22 09:40:39-04:00,0.6666666666666666
2011-04-22 09:40:42-04:00,1.0
2011-04-22 09:40:45-04:00,1.0
2011-04-22 09:40:48-04:00,1.0
2011-04-22 09:40:51-04:00,1.0
2011-04-22 09:40:54-04:00,1.0
2011-04-22 09:40:57-04:00,0.25
2011-04-22 09:41:00-04:00,0.6666666666666666
2011-04-22 09:41:03-04:00,1.0
2011-04-22 09:41:06-04:00,1.0
2011-04-22 09:41:09-04:00,1.0
2011-04-22 09:41:12-04:00,1.0
2011-04-22 09:41:15-04:00,1.0
2011-04-22 09:41:18-04:00,0.0
2011-04-22 09:41:21-04:00,0.75
2011-04-22 09:41:24-04:00,1.0
2011-04-22 09:41:27-04:00,0.5
2011-04-22 09:41:30-04:00,0.1111111111111111
2011-04-22 09:41:33-04:00,0.4444444444444444
2011-04-22 09:41:36-04:00,0.7777777777777778
2011-04-22 09:41:39-04:00,1.0
2011-04-22 09:41:42-04:00,1.0
2011-04-22 09:41:45-04:00,1.0
2011-04-22 09:41:48-04:00,0.0
2011-04-22 09:41:51-04:00,0.75
2011-04-22 09:41:54-04:00,1.0
2011-04-22 09:41:57-04:00,0.33333333333333337
2011-04-22 09:42:00-04:00,0.0
2011-04-22 09:42:03-04:00,0.3333333333333333
2011-04-22 09:42:06-04:00,0.75
2011-04-22 09:42:09-04:00,0.0
2011-04-22 09:42:12-04:00,1.0
2011-04-22 09:42:15-04:00,1.0
2011-04-22 09:42:18-04:00,0.33333333333333337
2011-04-22 09:42:21-04:00,0.0
2011-04-22 09:42:24-04:00,0.5
2011-04-22 09:42:27-04:00,1.0
2011-04-22 09:42:30-04:00,1.0
2011-04-22 09:42:33-04:00,1.0
2011-04-22 09:42:36-04:00,1.0
2011-04-22 09:42:39-04:00,1.0
2011-04-22 09:42:42-04:00,1.0
2011-04-22 09:42:45-04:00,1.0
2011-04-22 09:42:48-04:00,1.0
2011-04-22 09:42:51-04:00,1.0
2011-04-22 09:42:54-04:00,0.5
2011-04-22 09:42:57-04:00,0.0
2011-04-22 09:43:00-04:00,0.0
2011-04-22 09:43:03-04:00,0.0
2011-04-22 09:43:06-04:00,1.0
2011-04-22 09:43:09-04:00,1.0
2011-04-22 09:43:12-04:00,1.0
2011-04-22 09:43:15-04:00,0.6666666666666667
2011-04-22 09:43:18-04:00,0.3333333333333333
2011-04-22 09:43:21-04:00,0.75
2011-04-22 09:43:24-04:00,0.0
2011-04-22 09:43:27-04:00,0.0
2011-04-22 09:43:30-04:00,0.3333333333333333
2011-04-22 09:43:33-04:00,0.6666666666666666
2011-04-22 09:43:36-04:00,1.0
2011-04-22 09:43:39-04:00,1.0
2011-04-22 09:43:42-04:00,0.33333333333333337
2011-04-22 09:43:45-04:00,0.0
2011-04-22 09:43:48-04:00,0.0
2011-04-22 09:43:51-04:00,0.3333333333333333
2011-04-22 09:43:54-04:00,1.0
2011-04-22 09:43:57-04:00,1.0
2011-04-22 09:44:00-04:00,0.0
2011-04-22 09:44:03-04:00,0.75
2011-04-22 09:44:06-04:00,1.0
2011-04-22 09:44:09-04:00,1.0
2011-04-22 09:44:12-04:00,0.5
2011-04-22 09:44:15-04:00,0.3333333333333333
2011-04-22 09:44:18-04:00,1.0
2011-04-22 09:44:21-04:00,1.0
2011-04-22 09:44:24-04:00,1.0
2011-04-22 09:44:27-04:00,0.25
2011-04-22 09:44:30-04:00,0.25
2011-04-22 09:44:33-04:00,0.625
2011-04-22 09:44:36-04:00,1.0
2011-04-22 09:44:39-04:00,1.0
2011-04-22 09:44:42-04:00,1.0
2011-04-22 09:44:45-04:00,1.0
2011-04-22 09:44:48-04:00,0.6666666666666667
2011-04-22 09:44:51-04:00,0.0
2011-04-22 09:44:54-04:00,0.0
2011-04-22 09:44:57-04:00,1.0
2011-04-22 09:45:00-04:00,0.25
2011-04-22 09:45:03-04:00,0.0
2011-04-22 09:45:06-04:00,0.0
2011-04-22 09:45:09-04:00,0.3333333333333333
2011-04-22 09:45:12-04:00,0.6666666666666667
2011-04-22 09:45:15-04:00,0.25
2011-04-22 09:45:18-04:00,1.0
2011-04-22 09:45:21-04:00,1.0
2011-04-22 09:45:24-04:00,0.25
2011-04-22 09:45:27-04:00,0.6666666666666666
2011-04-22 09:45:30-04:00,0.7777777777777778
2011-04-22 09:45:33-04:00,0.4444444444444444
2011-04-22 09:45:36-04:00,0.11111111111111116
2011-04-22 09:45:39-04:00,0.0
2011-04-22 09:45:42-04:00,0.0
2011-04-22 09:45:45-04:00,0.0
2011-04-22 09:45:48-04:00,0.3333333333333333
2011-04-22 09:45:51-04:00,1.0
2011-04-22 09:45:54-04:00,1.0
2011-04-22 09:45:57-04:00,1.0
2011-04-22 09:46:00-04:00,1.0
2011-04-22 09:46:03-04:00,1.0
2011-04-22 09:46:06-04:00,1.0
2011-04-22 09:46:09-04:00,1.0
2011-04-22 09:46:12-04:00,1.0
2011-04-22 09:46:15-04:00,1.0
2011-04-22 09:46:18-04:00,1.0
2011-04-22 09:46:21-04:00,1.0
2011-04-22 09:46:24-04:00,1.0
2011-04-22 09:46:27-04:00,1.0
2011-04-22 09:46:30-04:00,0.7777777777777778
2011-04-22 09:46:33-04:00,0.4444444444444444
2011-04-22 09:46:36-04:00,0.11111111111111116
2011-04-22 09:46:39-04:00,0.0
2011-04-22 09:46:42-04:00,0.0
2011-04-22 09:46:45-04:00,0.3333333333333333
2011-04-22 09:46:48-04:00,1.0
2011-04-22 09:46:51-04:00,1.0
2011-04-22 09:46:54-04:00,1.0
2011-04-22 09:46:57-04:00,1.0
2011-04-22 09:47:00-04:00,0.25
2011-04-22 09:47:03-04:00,0.6666666666666666
2011-04-22 09:47:06-04:00,0.5
2011-04-22 09:47:09-04:00,0.3333333333333333
2011-04-22 09:47:12-04:00,1.0
2011-04-22 09:47:15-04:00,1.0
2011-04-22 09:47:18-04:00,0.0
2011-04-22 09:47:21-04:00,0.0
2011-04-22 09:47:24-04:00,0.0
2011-04-22 09:47:27-04:00,0.6666666666666666
2011-04-22 09:47:30-04:00,1.0
2011-04-22 09:47:33-04:00,1.0
2011-04-22 09:47:36-04:00,1.0
2011-04-22 09:47:39-04:00,1.0
2011-04-22 09:47:42-04:00,1.0
2011-04-22 09:47:45-04:00,0.6666666666666667
2011-04-22 09:47:48-04:00,0.0
2011-04-22 09:47:51-04:00,0.0
2011-04-22 09:47:54-04:00,1.0
2011-04-22 09:47:57-04:00,1.0
2011-04-22 09:48:00-04:00,1.0
2011-04-22 09:48:03-04:00,1.0
2011-04-22 09:48:06-04:00,1.0
2011-04-22 09:48:09-04:00,1.0
2011-04-22 09:48:12-04:00,1.0
2011-04-22 09:48:15-04:00,1.0
2011-04-22 09:48:18-04:00,1.0
2011-04-22 09:48:21-04:00,1.0
2011-04-22 09:48:24-04:00,1.0
2011-04-22 09:48:27-04:00,1.0
2011-04-22 09:48:30-04:00,1.0
2011-04-22 09:48:33-04:00,1.0
2011-04-22 09:48:36-04:00,1.0
2011-04-22 09:48:39-04:00,1.0
2011-04-22 09:48:42-04:00,1.0
2011-04-22 09:48:45-04:00,1.0
2011-04-22 09:48:48-04:00,1.0
2011-04-22 09:48:51-04:00,1.0
2011-04-22 09:48:54-04:00,1.0
2011-04-22 09:48:57-04:00,1.0
2011-04-22 09:49:00-04:00,0.5
2011-04-22 09:49:03-04:00,0.3333333333333333
2011-04-22 09:49:06-04:00,1.0
2011-04-22 09:49:09-04:00,1.0
2011-04-22 09:49:12-04:00,0.0
2011-04-22 09:49:15-04:00,1.0
2011-04-22 09:49:18-04:00,0.25
2011-04-22 09:49:21-04:00,0.6666666666666666
2011-04-22 09:49:24-04:00,1.0
2011-04-22 09:49:27-04:00,0.875
2011-04-22 09:49:30-04:00,0.5
2011-04-22 09:49:33-04:00,0.125
2011-04-22 09:49:36-04:00,0.5
2011-04-22 09:49:39-04:00,1.0
2011-04-22 09:49:42-04:00,0.75
2011-04-22 09:49:45-04:00,0.0
2011-04-22 09:49:48-04:00,0.0
2011-04-22 09:49:51-04:00,0.75
2011-04-22 09:49:54-04:00,1.0
2011-04-22 09:49:57-04:00,1.0
2011-04-22 09:50:00-04:00,1.0
2011-04-22 09:50:03-04:00,1.0
2011-04-22 09:50:06-04:00,1.0
2011-04-22 09:50:09-04:00,1.0
2011-04-22 09:50:12-04:00,1.0
2011-04-22 09:50:15-04:00,1.0
2011-04-22 09:50:18-04:00,1.0
2011-04-22 09:50:21-04:00,1.0
2011-04-22 09:50:24-04:00,1.0
2011-04-22 09:50:27-04:00,1.0
2011-04-22 09:50:30-04:00,1.0
2011-04-22 09:50:33-04:00,1.0
2011-04-22 09:50:36-04:00,1.0
2011-04-22 09:50:39-04:00,1.0
2011-04-22 09:50:42-04:00,1.0
2011-04-22 09:50:45-04:00,1.0
2011-04-22 09:50:48-04:00,1.0
2011-04-22 09:50:51-04:00,1.0
2011-04-22 09:50:54-04:00,1.0
2011-04-22 09:50:57-04:00,1.0
2011-04-22 09:51:00-04:00,1.0
2011-04-22 09:51:03-04:00,1.0
2011-04-22 09:51:06-04:00,1.0
2011-04-22 09:51:09-04:00,1.0
2011-04-22 09:51:12-04:00,1.0
2011-04-22 09:51:15-04:00,1.0
2011-04-22 09:51:18-04:00,1.0
2011-04-22 09:51:21-04:00,1.0
2011-04-22 09:51:24-04:00,1.0
2011-04-22 09:51:27-04:00,1.0
2011-04-22 09:51:30-04:00,1.0
2011-04-22 09:51:33-04:00,1.0
2011-04-22 09:51:36-04:00,1.0
2011-04-22 09:51:39-04:00,1.0
2011-04-22 09:51:42-04:00,1.0
2011-04-22 09:51:45-04:00,1.0
2011-04-22 09:51:48-04:00,1.0
2011-04-22 09:51:51-04:00,1.0
2011-04-22 09:51:54-04:00,1.0
2011-04-22 09:51:57-04:00,1.0
2011-04-22 09:52:00-04:00,1.0
2011-04-22 09:52:03-04:00,1.0
2011-04-22 09:52:06-04:00,1.0
2011-04-22 09:52:09-04:00,1.0
2011-04-22 09:52:12-04:00,1.0
2011-04-22 09:52:15-04:00,1.0
2011-04-22 09:52:18-04:00,1.0
2011-04-22 09:52:21-04:00,1.0
2011-04-22 09:52:24-04:00,1.0
2011-04-22 09:52:27-04:00,1.0
2011-04-22 09:52:30-04:00,1.0
2011-04-22 09:52:33-04:00,1.0
2011-04-22 09:52:36-04:00,1.0
2011-04-22 09:52:39-04:00,1.0
2011-04-22 09:52:42-04:00,1.0
2011-04-22 09:52:45-04:00,1.0
2011-04-22 09:52:48-04:00,1.0
2011-04-22 09:52:51-04:00,1.0
2011-04-22 09:52:54-04:00,1.0
2011-04-22 09:52:57-04:00,1.0
2011-04-22 09:53:00-04:00,1.0
2011-04-22 09:53:03-04:00,1.0
2011-04-22 09:53:06-04:00,1.0
2011-04-22 09:53:09-04:00,1.0
2011-04-22 09:53:12-04:00,1.0
2011-04-22 09:53:15-04:00,1.0
2011-04-22 09:53:18-04:00,1.0
2011-04-22 09:53:21-04:00,1.0
2011-04-22 09:53:24-04:00,1.0
2011-04-22 09:53:27-04:00,1.0
2011-04-22 09:53:30-04:00,1.0
2011-04-22 09:53:33-04:00,1.0
2011-04-22 09:53:36-04:00,1.0
2011-04-22 09:53:39-04:00,1.0
2011-04-22 09:53:42-04:00,1.0
2011-04-22 09:53:45-04:00,1.0
2011-04-22 09:53:48-04:00,1.0
2011-04-22 09:53:51-04:00,1.0
2011-04-22 09:53:54-04:00,1.0
2011-04-22 09:53:57-04:00,1.0
2011-04-22 09:54:00-04:00,1.0
2011-04-22 09:54:03-04:00,1.0
2011-04-22 09:54:06-04:00,1.0
2011-04-22 09:54:09-04:00,1.0
2011-04-22 09:54:12-04:00,1.0
2011-04-22 09:54:15-04:00,1.0
2011-04-22 09:54:18-04:00,0.6666666666666667
2011-04-22 09:54:21-04:00,0.25
2011-04-22 09:54:24-04:00,1.0
2011-04-22 09:54:27-04:00,1.0
2011-04-22 09:54:30-04:00,1.0
2011-04-22 09:54:33-04:00,1.0
2011-04-22 09:54:36-04:00,1.0
2011-04-22 09:54:39-04:00,1.0
2011-04-22 09:54:42-04:00,1.0
2011-04-22 09:54:45-04:00,1.0
2011-04-22 09:54:48-04:00,1.0
2011-04-22 09:54:51-04:00,1.0
2011-04-22 09:54:54-04:00,1.0
2011-04-22 09:54:57-04:00,1.0
2011-04-22 09:55:00-04:00,1.0
2011-04-22 09:55:03-04:00,1.0
2011-04-22 09:55:06-04:00,1.0
2011-04-22 09:55:09-04:00,1.0
2011-04-22 09:55:12-04:00,1.0
2011-04-22 09:55:15-04:00,1.0
2011-04-22 09:55:18-04:00,0.75
2011-04-22 09:55:21-04:00,0.0
2011-04-22 09:55:24-04:00,1.0
2011-04-22 09:55:27-04:00,1.0
2011-04-22 09:55:30-04:00,1.0
2011-04-22 09:55:33-04:00,1.0
2011-04-22 09:55:36-04:00,1.0
2011-04-22 09:55:39-04:00,1.0
2011-04-22 09:55:42-04:00,1.0
2011-04-22 09:55:45-04:00,1.0
2011-04-22 09:55:48-04:00,1.0
2011-04-22 09:55:51-04:00,0.6666666666666667
2011-04-22 09:55:54-04:00,0.25
2011-04-22 09:55:57-04:00,1.0
2011-04-22 09:56:00-04:00,1.0
2011-04-22 09:56:03-04:00,1.0
2011-04-22 09:56:06-04:00,1.0
2011-04-22 09:56:09-04:00,1.0
2011-04-22 09:56:12-04:00,0.6666666666666667
2011-04-22 09:56:15-04:00,0.3333333333333333
2011-04-22 09:56:18-04:00,1.0
2011-04-22 09:56:21-04:00,1.0
2011-04-22 09:56:24-04:00,1.0
2011-04-22 09:56:27-04:00,1.0
2011-04-22 09:56:30-04:00,1.0
2011-04-22 09:56:33-04:00,1.0
2011-04-22 09:56:36-04:00,1.0
2011-04-22 09:56:39-04:00,1.0
2011-04-22 09:56:42-04:00,1.0
2011-04-22 09:56:45-04:00,1.0
2011-04-22 09:56:48-04:00,1.0
2011-04-22 09:56:51-04:00,1.0
2011-04-22 09:56:54-04:00,1.0
2011-04-22 09:56:57-04:00,0.0
2011-04-22 09:57:00-04:00,0.75
2011-04-22 09:57:03-04:00,0.33333333333333337
2011-04-22 09:57:06-04:00,0.6666666666666666
2011-04-22 09:57:09-04:00,1.0
2011-04-22 09:57:12-04:00,1.0
2011-04-22 09:57:15-04:00,0.75
2011-04-22 09:57:18-04:00,0.0
2011-04-22 09:57:21-04:00,1.0
2011-04-22 09:57:24-04:00,1.0
2011-04-22 09:57:27-04:00,1.0
2011-04-22 09:57:30-04:00,1.0
2011-04-22 09:57:33-04:00,1.0
2011-04-22 09:57:36-04:00,1.0
2011-04-22 09:57:39-04:00,1.0
2011-04-22 09:57:42-04:00,0.6666666666666667
2011-04-22 09:57:45-04:00,0.3333333333333333
2011-04-22 09:57:48-04:00,1.0
2011-04-22 09:57:51-04:00,1.0
2011-04-22 09:57:54-04:00,0.0
2011-04-22 09:57:57-04:00,0.75
2011-04-22 09:58:00-04:00,1.0
2011-04-22 09:58:03-04:00,1.0
2011-04-22 09:58:06-04:00,1.0
2011-04-22 09:58:09-04:00,1.0
2011-04-22 09:58:12-04:00,1.0
2011-04-22 09:58:15-04:00,1.0
2011-04-22 09:58:18-04:00,1.0
2011-04-22 09:58:21-04:00,1.0
2011-04-22 09:58:24-04:00,0.33333333333333337
2011-04-22 09:58:27-04:00,0.5
2011-04-22 09:58:30-04:00,1.0
2011-04-22 09:58:33-04:00,1.0
2011-04-22 09:58:36-04:00,1.0
2011-04-22 09:58:39-04:00,1.0
2011-04-22 09:58:42-04:00,1.0
2011-04-22 09:58:45-04:00,1.0
2011-04-22 09:58:48-04:00,1.0
2011-04-22 09:58:51-04:00,1.0
2011-04-22 09:58:54-04:00,0.0
2011-04-22 09:58:57-04:00,0.0
2011-04-22 09:59:00-04:00,0.6666666666666666
2011-04-22 09:59:03-04:00,0.5
2011-04-22 09:59:06-04:00,0.3333333333333333
2011-04-22 09:59:09-04:00,1.0
2011-04-22 09:59:12-04:00,1.0
2011-04-22 09:59:15-04:00,1.0
2011-04-22 09:59:18-04:00,1.0
2011-04-22 09:59:21-04:00,1.0
2011-04-22 09:59:24-04:00,1.0
2011-04-22 09:59:27-04:00,1.0
2011-04-22 09:59:30-04:00,1.0
2011-04-22 09:59:33-04:00,1.0
2011-04-22 09:59:36-04:00,1.0
2011-04-22 09:59:39-04:00,0.5
2011-04-22 09:59:42-04:00,0.3333333333333333
2011-04-22 09:59:45-04:00,1.0
2011-04-22 09:59:48-04:00,1.0
2011-04-22 09:59:51-04:00,1.0
2011-04-22 09:59:54-04:00,1.0
2011-04-22 09:59:57-04:00,1.0
2011-04-22 10:00:00-04:00,1.0
2011-04-22 10:00:03-04:00,1.0
2011-04-22 10:00:06-04:00,0.6666666666666667
2011-04-22 10:00:09-04:00,0.25
2011-04-22 10:00:12-04:00,1.0
2011-04-22 10:00:15-04:00,1.0
2011-04-22 10:00:18-04:00,1.0
2011-04-22 10:00:21-04:00,1.0
2011-04-22 10:00:24-04:00,1.0
2011-04-22 10:00:27-04:00,1.0
2011-04-22 10:00:30-04:00,1.0
2011-04-22 10:00:33-04:00,1.0
2011-04-22 10:00:36-04:00,0.5
2011-04-22 10:00:39-04:00,0.3333333333333333
2011-04-22 10:00:42-04:00,1.0
2011-04-22 10:00:45-04:00,1.0
2011-04-22 10:00:48-04:00,1.0
2011-04-22 10:00:51-04:00,1.0
2011-04-22 10:00:54-04:00,1.0
2011-04-22 10:00:57-04:00,0.33333333333333337
2011-04-22 10:01:00-04:00,0.0
2011-04-22 10:01:03-04:00,0.5
2011-04-22 10:01:06-04:00,1.0
2011-04-22 10:01:09-04:00,0.75
2011-04-22 10:01:12-04:00,0.0
2011-04-22 10:01:15-04:00,1.0
2011-04-22 10:01:18-04:00,1.0
2011-04-22 10:01:21-04:00,0.33333333333333337
2011-04-22 10:01:24-04:00,0.5
2011-04-22 10:01:27-04:00,0.875
2011-04-22 10:01:30-04:00,0.5
2011-04-22 10:01:33-04:00,0.125
2011-04-22 10:01:36-04:00,0.5
2011-04-22 10:01:39-04:00,1.0
2011-04-22 10:01:42-04:00,1.0
2011-04-22 10:01:45-04:00,1.0
2011-04-22 10:01:48-04:00,0.25
2011-04-22 10:01:51-04:00,0.0
2011-04-22 10:01:54-04:00,0.6666666666666666
2011-04-22 10:01:57-04:00,1.0
2011-04-22 10:02:00-04:00,0.6666666666666667
2011-04-22 10:02:03-04:00,0.25
2011-04-22 10:02:06-04:00,1.0
2011-04-22 10:02:09-04:00,1.0
2011-04-22 10:02:12-04:00,1.0
2011-04-22 10:02:15-04:00,0.25
2011-04-22 10:02:18-04:00,0.0
2011-04-22 10:02:21-04:00,0.0
2011-04-22 10:02:24-04:00,0.3333333333333333
2011-04-22 10:02:27-04:00,0.8888888888888888
2011-04-22 10:02:30-04:00,0.5555555555555556
2011-04-22 10:02:33-04:00,0.2222222222222222
2011-04-22 10:02:36-04:00,0.3333333333333333
2011-04-22 10:02:39-04:00,1.0
2011-04-22 10:02:42-04:00,1.0
2011-04-22 10:02:45-04:00,0.0
2011-04-22 10:02:48-04:00,0.75
2011-04-22 10:02:51-04:00,1.0
2011-04-22 10:02:54-04:00,1.0
2011-04-22 10:02:57-04:00,1.0
2011-04-22 10:03:00-04:00,1.0
2011-04-22 10:03:03-04:00,1.0
2011-04-22 10:03:06-04:00,1.0
2011-04-22 10:03:09-04:00,0.25
2011-04-22 10:03:12-04:00,0.6666666666666666
2011-04-22 10:03:15-04:00,1.0
2011-04-22 10:03:18-04:00,0.5
2011-04-22 10:03:21-04:00,0.3333333333333333
2011-04-22 10:03:24-04:00,1.0
2011-04-22 10:03:27-04:00,1.0
2011-04-22 10:03:30-04:00,1.0
2011-04-22 10:03:33-04:00,1.0
2011-04-22 10:03:36-04:00,1.0
2011-04-22 10:03:39-04:00,1.0
2011-04-22 10:03:42-04:00,1.0
2011-04-22 10:03:45-04:00,1.0
2011-04-22 10:03:48-04:00,1.0
2011-04-22 10:03:51-04:00,1.0
2011-04-22 10:03:54-04:00,1.0
2011-04-22 10:03:57-04:00,0.75
2011-04-22 10:04:00-04:00,0.0
2011-04-22 10:04:03-04:00,1.0
2011-04-22 10:04:06-04:00,1.0
2011-04-22 10:04:09-04:00,1.0
2011-04-22 10:04:12-04:00,1.0
2011-04-22 10:04:15-04:00,1.0
2011-04-22 10:04:18-04:00,1.0
2011-04-22 10:04:21-04:00,1.0
2011-04-22 10:04:24-04:00,1.0
2011-04-22 10:04:27-04:00,1.0
2011-04-22 10:04:30-04:00,1.0
2011-04-22 10:04:33-04:00,1.0
2011-04-22 10:04:36-04:00,1.0
2011-04-22 10:04:39-04:00,1.0
2011-04-22 10:04:42-04:00,1.0
2011-04-22 10:04:45-04:00,1.0
2011-04-22 10:04:48-04:00,1.0
2011-04-22 10:04:51-04:00,1.0
2011-04-22 10:04:54-04:00,1.0
2011-04-22 10:04:57-04:00,0.75
2011-04-22 10:05:00-04:00,0.0
2011-04-22 10:05:03-04:00,0.0
2011-04-22 10:05:06-04:00,0.75
2011-04-22 10:05:09-04:00,1.0
2011-04-22 10:05:12-04:00,1.0
2011-04-22 10:05:15-04:00,0.6666666666666667
2011-04-22 10:05:18-04:00,0.0
2011-04-22 10:05:21-04:00,0.0
2011-04-22 10:05:24-04:00,0.0
2011-04-22 10:05:27-04:00,0.0
2011-04-22 10:05:30-04:00,0.25
2011-04-22 10:05:33-04:00,0.625
2011-04-22 10:05:36-04:00,1.0
2011-04-22 10:05:39-04:00,1.0
2011-04-22 10:05:42-04:00,1.0
2011-04-22 10:05:45-04:00,1.0
2011-04-22 10:05:48-04:00,0.6666666666666667
2011-04-22 10:05:51-04:00,0.25
2011-04-22 10:05:54-04:00,1.0
2011-04-22 10:05:57-04:00,1.0
2011-04-22 10:06:00-04:00,1.0
2011-04-22 10:06:03-04:00,1.0
2011-04-22 10:06:06-04:00,1.0
2011-04-22 10:06:09-04:00,1.0
2011-04-22 10:06:12-04:00,0.6666666666666667
2011-04-22 10:06:15-04:00,0.0
2011-04-22 10:06:18-04:00,0.0
2011-04-22 10:06:21-04:00,1.0
2011-04-22 10:06:24-04:00,0.25
2011-04-22 10:06:27-04:00,0.6666666666666666
2011-04-22 10:06:30-04:00,1.0
2011-04-22 10:06:33-04:00,1.0
2011-04-22 10:06:36-04:00,1.0
2011-04-22 10:06:39-04:00,1.0
2011-04-22 10:06:42-04:00,1.0
2011-04-22 10:06:45-04:00,0.6666666666666667
2011-04-22 10:06:48-04:00,0.0
2011-04-22 10:06:51-04:00,0.0
2011-04-22 10:06:54-04:00,0.0
2011-04-22 10:06:57-04:00,1.0
2011-04-22 10:07:00-04:00,0.25
2011-04-22 10:07:03-04:00,0.0
2011-04-22 10:07:06-04:00,0.5
2011-04-22 10:07:09-04:00,1.0
2011-04-22 10:07:12-04:00,1.0
2011-04-22 10:07:15-04:00,1.0
2011-04-22 10:07:18-04:00,1.0
2011-04-22 10:07:21-04:00,1.0
2011-04-22 10:07:24-04:00,0.25
2011-04-22 10:07:27-04:00,0.0
2011-04-22 10:07:30-04:00,0.2222222222222222
2011-04-22 10:07:33-04:00,0.5555555555555556
2011-04-22 10:07:36-04:00,0.8888888888888888
2011-04-22 10:07:39-04:00,1.0
2011-04-22 10:07:42-04:00,1.0
2011-04-22 10:07:45-04:00,1.0
2011-04-22 10:07:48-04:00,1.0
2011-04-22 10:07:51-04:00,1.0
2011-04-22 10:07:54-04:00,1.0
2011-04-22 10:07:57-04:00,1.0
2011-04-22 10:08:00-04:00,0.33333333333333337
2011-04-22 10:08:03-04:00,0.5
2011-04-22 10:08:06-04:00,0.6666666666666667
2011-04-22 10:08:09-04:00,0.3333333333333333
2011-04-22 10:08:12-04:00,1.0
2011-04-22 10:08:15-04:00,1.0
2011-04-22 10:08:18-04:00,1.0
2011-04-22 10:08:21-04:00,1.0
2011-04-22 10:08:24-04:00,0.33333333333333337
2011-04-22 10:08:27-04:00,0.0
2011-04-22 10:08:30-04:00,0.0
2011-04-22 10:08:33-04:00,0.0
2011-04-22 10:08:36-04:00,0.0
2011-04-22 10:08:39-04:00,0.5
2011-04-22 10:08:42-04:00,1.0
2011-04-22 10:08:45-04:00,1.0
2011-04-22 10:08:48-04:00,1.0
2011-04-22 10:08:51-04:00,1.0
2011-04-22 10:08:54-04:00,1.0
2011-04-22 10:08:57-04:00,0.0
2011-04-22 10:09:00-04:00,0.0
2011-04-22 10:09:03-04:00,0.6666666666666666
2011-04-22 10:09:06-04:00,1.0
2011-04-22 10:09:09-04:00,0.6666666666666667
2011-04-22 10:09:12-04:00,0.25
2011-04-22 10:09:15-04:00,1.0
2011-04-22 10:09:18-04:00,1.0
2011-04-22 10:09:21-04:00,1.0
2011-04-22 10:09:24-04:00,1.0
2011-04-22 10:09:27-04:00,1.0
2011-04-22 10:09:30-04:00,1.0
2011-04-22 10:09:33-04:00,1.0
2011-04-22 10:09:36-04:00,1.0
2011-04-22 10:09:39-04:00,1.0
2011-04-22 10:09:42-04:00,1.0
2011-04-22 10:09:45-04:00,1.0
2011-04-22 10:09:48-04:00,1.0
2011-04-22 10:09:51-04:00,1.0
2011-04-22 10:09:54-04:00,1.0
2011-04-22 10:09:57-04:00,1.0
2011-04-22 10:10:00-04:00,1.0
2011-04-22 10:10:03-04:00,1.0
2011-04-22 10:10:06-04:00,0.6666666666666667
2011-04-22 10:10:09-04:00,0.25
2011-04-22 10:10:12-04:00,1.0
2011-04-22 10:10:15-04:00,1.0
2011-04-22 10:10:18-04:00,0.25
2011-04-22 10:10:21-04:00,0.6666666666666666
2011-04-22 10:10:24-04:00,1.0
2011-04-22 10:10:27-04:00,0.8888888888888888
2011-04-22 10:10:30-04:00,0.5555555555555556
2011-04-22 10:10:33-04:00,0.2222222222222222
2011-04-22 10:10:36-04:00,0.3333333333333333
2011-04-22 10:10:39-04:00,1.0
2011-04-22 10:10:42-04:00,1.0
2011-04-22 10:10:45-04:00,0.0
2011-04-22 10:10:48-04:00,1.0
2011-04-22 10:10:51-04:00,1.0
2011-04-22 10:10:54-04:00,1.0
2011-04-22 10:10:57-04:00,1.0
2011-04-22 10:11:00-04:00,1.0
2011-04-22 10:11:03-04:00,1.0
2011-04-22 10:11:06-04:00,1.0
2011-04-22 10:11:09-04:00,1.0
2011-04-22 10:11:12-04:00,0.25
2011-04-22 10:11:15-04:00,0.6666666666666666
2011-04-22 10:11:18-04:00,1.0
2011-04-22 10:11:21-04:00,1.0
2011-04-22 10:11:24-04:00,0.6666666666666667
2011-04-22 10:11:27-04:00,0.1111111111111111
2011-04-22 10:11:30-04:00,0.4444444444444444
2011-04-22 10:11:33-04:00,0.7777777777777778
2011-04-22 10:11:36-04:00,0.75
2011-04-22 10:11:39-04:00,0.0
2011-04-22 10:11:42-04:00,1.0
2011-04-22 10:11:45-04:00,0.0
2011-04-22 10:11:48-04:00,0.75
2011-04-22 10:11:51-04:00,1.0
2011-04-22 10:11:54-04:00,1.0
2011-04-22 10:11:57-04:00,1.0
2011-04-22 10:12:00-04:00,0.75
2011-04-22 10:12:03-04:00,0.0
2011-04-22 10:12:06-04:00,1.0
2011-04-22 10:12:09-04:00,1.0
2011-04-22 10:12:12-04:00,1.0
2011-04-22 10:12:15-04:00,1.0
2011-04-22 10:12:18-04:00,1.0
2011-04-22 10:12:21-04:00,1.0
2011-04-22 10:12:24-04:00,1.0
2011-04-22 10:12:27-04:00,1.0
2011-04-22 10:12:30-04:00,1.0
2011-04-22 10:12:33-04:00,1.0
2011-04-22 10:12:36-04:00,1.0
2011-04-22 10:12:39-04:00,1.0
2011-04-22 10:12:42-04:00,1.0
2011-04-22 10:12:45-04:00,1.0
2011-04-22 10:12:48-04:00,1.0
2011-04-22 10:12:51-04:00,1.0
2011-04-22 10:12:54-04:00,1.0
2011-04-22 10:12:57-04:00,1.0
2011-04-22 10:13:00-04:00,1.0
2011-04-22 10:13:03-04:00,1.0
2011-04-22 10:13:06-04:00,1.0
2011-04-22 10:13:09-04:00,0.33333333333333337
2011-04-22 10:13:12-04:00,0.6666666666666666
2011-04-22 10:13:15-04:00,1.0
2011-04-22 10:13:18-04:00,1.0
2011-04-22 10:13:21-04:00,1.0
2011-04-22 10:13:24-04:00,1.0
2011-04-22 10:13:27-04:00,1.0
2011-04-22 10:13:30-04:00,1.0
2011-04-22 10:13:33-04:00,1.0
2011-04-22 10:13:36-04:00,1.0
2011-04-22 10:13:39-04:00,1.0
2011-04-22 10:13:42-04:00,1.0
2011-04-22 10:13:45-04:00,1.0
2011-04-22 10:13:48-04:00,1.0
2011-04-22 10:13:51-04:00,0.75
2011-04-22 10:13:54-04:00,0.0
2011-04-22 10:13:57-04:00,0.0
2011-04-22 10:14:00-04:00,0.75
2011-04-22 10:14:03-04:00,1.0
2011-04-22 10:14:06-04:00,0.33333333333333337
2011-04-22 10:14:09-04:00,0.5
2011-04-22 10:14:12-04:00,1.0
2011-04-22 10:14:15-04:00,1.0
2011-04-22 10:14:18-04:00,0.75
2011-04-22 10:14:21-04:00,0.0
2011-04-22 10:14:24-04:00,0.75
2011-04-22 10:14:27-04:00,1.0
2011-04-22 10:14:30-04:00,1.0
2011-04-22 10:14:33-04:00,1.0
2011-04-22 10:14:36-04:00,1.0
2011-04-22 10:14:39-04:00,1.0
2011-04-22 10:14:42-04:00,0.33333333333333337
2011-04-22 10:14:45-04:00,0.0
2011-04-22 10:14:48-04:00,0.3333333333333333
2011-04-22 10:14:51-04:00,0.75
2011-04-22 10:14:54-04:00,0.0
2011-04-22 10:14:57-04:00,1.0
2011-04-22 10:15:00-04:00,1.0
2011-04-22 10:15:03-04:00,1.0
2011-04-22 10:15:06-04:00,0.5
2011-04-22 10:15:09-04:00,0.3333333333333333
2011-04-22 10:15:12-04:00,1.0
2011-04-22 10:15:15-04:00,1.0
2011-04-22 10:15:18-04:00,1.0
2011-04-22 10:15:21-04:00,0.0
2011-04-22 10:15:24-04:00,1.0
2011-04-22 10:15:27-04:00,1.0
2011-04-22 10:15:30-04:00,0.75
2011-04-22 10:15:33-04:00,0.375
2011-04-22 10:15:36-04:00,0.0
2011-04-22 10:15:39-04:00,0.0
2011-04-22 10:15:42-04:00,0.6666666666666666
2011-04-22 10:15:45-04:00,1.0
2011-04-22 10:15:48-04:00,1.0
2011-04-22 10:15:51-04:00,1.0
2011-04-22 10:15:54-04:00,1.0
2011-04-22 10:15:57-04:00,0.0
2011-04-22 10:16:00-04:00,0.0
2011-04-22 10:16:03-04:00,0.0
2011-04-22 10:16:06-04:00,0.0
2011-04-22 10:16:09-04:00,0.0
2011-04-22 10:16:12-04:00,0.0
2011-04-22 10:16:15-04:00,0.0
2011-04-22 10:16:18-04:00,1.0
2011-04-22 10:16:21-04:00,0.0
2011-04-22 10:16:24-04:00,0.0
2011-04-22 10:16:27-04:00,0.6666666666666666
2011-04-22 10:16:30-04:00,1.0
2011-04-22 10:16:33-04:00,1.0
2011-04-22 10:16:36-04:00,1.0
2011-04-22 10:16:39-04:00,1.0
2011-04-22 10:16:42-04:00,1.0
2011-04-22 10:16:45-04:00,1.0
2011-04-22 10:16:48-04:00,1.0
2011-04-22 10:16:51-04:00,1.0
2011-04-22 10:16:54-04:00,1.0
2011-04-22 10:16:57-04:00,1.0
2011-04-22 10:17:00-04:00,1.0
2011-04-22 10:17:03-04:00,1.0
2011-04-22 10:17:06-04:00,1.0
2011-04-22 10:17:09-04:00,1.0
2011-04-22 10:17:12-04:00,1.0
2011-04-22 10:17:15-04:00,1.0
2011-04-22 10:17:18-04:00,1.0
2011-04-22 10:17:21-04:00,1.0
2011-04-22 10:17:24-04:00,1.0
2011-04-22 10:17:27-04:00,0.5
2011-04-22 10:17:30-04:00,0.0
2011-04-22 10:17:33-04:00,0.0
2011-04-22 10:17:36-04:00,0.0
2011-04-22 10:17:39-04:00,0.5
2011-04-22 10:17:42-04:00,1.0
2011-04-22 10:17:45-04:00,1.0
2011-04-22 10:17:48-04:00,1.0
2011-04-22 10:17:51-04:00,1.0
2011-04-22 10:17:54-04:00,1.0
2011-04-22 10:17:57-04:00,1.0
2011-04-22 10:18:00-04:00,0.5
2011-04-22 10:18:03-04:00,0.3333333333333333
2011-04-22 10:18:06-04:00,0.75
2011-04-22 10:18:09-04:00,0.0
2011-04-22 10:18:12-04:00,1.0
2011-04-22 10:18:15-04:00,1.0
2011-04-22 10:18:18-04:00,1.0
2011-04-22 10:18:21-04:00,1.0
2011-04-22 10:18:24-04:00,0.5
2011-04-22 10:18:27-04:00,0.125
2011-04-22 10:18:30-04:00,0.5
2011-04-22 10:18:33-04:00,0.875
2011-04-22 10:18:36-04:00,1.0
2011-04-22 10:18:39-04:00,1.0
2011-04-22 10:18:42-04:00,1.0
2011-04-22 10:18:45-04:00,1.0
2011-04-22 10:18:48-04:00,1.0
2011-04-22 10:18:51-04:00,0.25
2011-04-22 10:18:54-04:00,0.0
2011-04-22 10:18:57-04:00,0.5
2011-04-22 10:19:00-04:00,0.6666666666666667
2011-04-22 10:19:03-04:00,0.25
2011-04-22 10:19:06-04:00,1.0
2011-04-22 10:19:09-04:00,0.0
2011-04-22 10:19:12-04:00,1.0
2011-04-22 10:19:15-04:00,1.0
2011-04-22 10:19:18-04:00,0.33333333333333337
2011-04-22 10:19:21-04:00,0.0
2011-04-22 10:19:24-04:00,0.5
2011-04-22 10:19:27-04:00,1.0
2011-04-22 10:19:30-04:00,1.0
2011-04-22 10:19:33-04:00,1.0
2011-04-22 10:19:36-04:00,1.0
2011-04-22 10:19:39-04:00,0.75
2011-04-22 10:19:42-04:00,0.0
2011-04-22 10:19:45-04:00,1.0
2011-04-22 10:19:48-04:00,1.0
2011-04-22 10:19:51-04:00,1.0
2011-04-22 10:19:54-04:00,1.0
2011-04-22 10:19:57-04:00,1.0
2011-04-22 10:20:00-04:00,1.0
2011-04-22 10:20:03-04:00,1.0
2011-04-22 10:20:06-04:00,1.0
2011-04-22 10:20:09-04:00,1.0
2011-04-22 10:20:12-04:00,1.0
2011-04-22 10:20:15-04:00,1.0
2011-04-22 10:20:18-04:00,0.5
2011-04-22 10:20:21-04:00,0.3333333333333333
2011-04-22 10:20:24-04:00,1.0
2011-04-22 10:20:27-04:00,1.0
2011-04-22 10:20:30-04:00,1.0
2011-04-22 10:20:33-04:00,1.0
2011-04-22 10:20:36-04:00,0.75
2011-04-22 10:20:39-04:00,0.0
2011-04-22 10:20:42-04:00,1.0
2011-04-22 10:20:45-04:00,0.0
2011-04-22 10:20:48-04:00,0.75
2011-04-22 10:20:51-04:00,1.0
2011-04-22 10:20:54-04:00,1.0
2011-04-22 10:20:57-04:00,1.0
2011-04-22 10:21:00-04:00,1.0
2011-04-22 10:21:03-04:00,0.75
2011-04-22 10:21:06-04:00,0.0
2011-04-22 10:21:09-04:00,0.0
2011-04-22 10:21:12-04:00,0.75
2011-04-22 10:21:15-04:00,1.0
2011-04-22 10:21:18-04:00,1.0
2011-04-22 10:21:21-04:00,1.0
2011-04-22 10:21:24-04:00,0.75
2011-04-22 10:21:27-04:00,0.0
2011-04-22 10:21:30-04:00,0.375
2011-04-22 10:21:33-04:00,0.75
2011-04-22 10:21:36-04:00,0.75
2011-04-22 10:21:39-04:00,0.0
2011-04-22 10:21:42-04:00,0.0
2011-04-22 10:21:45-04:00,0.75
2011-04-22 10:21:48-04:00,1.0
2011-04-22 10:21:51-04:00,1.0
2011-04-22 10:21:54-04:00,1.0
2011-04-22 10:21:57-04:00,1.0
2011-04-22 10:22:00-04:00,1.0
2011-04-22 10:22:03-04:00,1.0
2011-04-22 10:22:06-04:00,1.0
2011-04-22 10:22:09-04:00,1.0
2011-04-22 10:22:12-04:00,1.0
2011-04-22 10:22:15-04:00,1.0
2011-04-22 10:22:18-04:00,1.0
2011-04-22 10:22:21-04:00,0.75
2011-04-22 10:22:24-04:00,0.0
2011-04-22 10:22:27-04:00,0.0
2011-04-22 10:22:30-04:00,0.0
2011-04-22 10:22:33-04:00,0.0
2011-04-22 10:22:36-04:00,0.0
2011-04-22 10:22:39-04:00,0.0
2011-04-22 10:22:42-04:00,0.0
2011-04-22 10:22:45-04:00,0.5
2011-04-22 10:22:48-04:00,1.0
2011-04-22 10:22:51-04:00,1.0
2011-04-22 10:22:54-04:00,1.0
2011-04-22 10:22:57-04:00,1.0
2011-04-22 10:23:00-04:00,0.25
2011-04-22 10:23:03-04:00,0.6666666666666666
2011-04-22 10:23:06-04:00,1.0
2011-04-22 10:23:09-04:00,1.0
2011-04-22 10:23:12-04:00,1.0
2011-04-22 10:23:15-04:00,1.0
2011-04-22 10:23:18-04:00,0.0
2011-04-22 10:23:21-04:00,0.0
2011-04-22 10:23:24-04:00,0.75
2011-04-22 10:23:27-04:00,1.0
2011-04-22 10:23:30-04:00,0.7777777777777778
2011-04-22 10:23:33-04:00,0.4444444444444444
2011-04-22 10:23:36-04:00,0.11111111111111116
2011-04-22 10:23:39-04:00,0.0
2011-04-22 10:23:42-04:00,0.0
2011-04-22 10:23:45-04:00,0.0
2011-04-22 10:23:48-04:00,0.3333333333333333
2011-04-22 10:23:51-04:00,0.75
2011-04-22 10:23:54-04:00,0.0
2011-04-22 10:23:57-04:00,1.0
2011-04-22 10:24:00-04:00,0.25
2011-04-22 10:24:03-04:00,0.0
2011-04-22 10:24:06-04:00,0.5
2011-04-22 10:24:09-04:00,1.0
2011-04-22 10:24:12-04:00,0.75
2011-04-22 10:24:15-04:00,0.0
2011-04-22 10:24:18-04:00,1.0
2011-04-22 10:24:21-04:00,1.0
2011-04-22 10:24:24-04:00,0.25
2011-04-22 10:24:27-04:00,0.0
2011-04-22 10:24:30-04:00,0.0
2011-04-22 10:24:33-04:00,0.0
2011-04-22 10:24:36-04:00,0.0
2011-04-22 10:24:39-04:00,0.0
2011-04-22 10:24:42-04:00,0.0
2011-04-22 10:24:45-04:00,0.25
2011-04-22 10:24:48-04:00,1.0
2011-04-22 10:24:51-04:00,1.0
2011-04-22 10:24:54-04:00,1.0
2011-04-22 10:24:57-04:00,1.0
2011-04-22 10:25:00-04:00,0.33333333333333337
2011-04-22 10:25:03-04:00,0.6666666666666666
2011-04-22 10:25:06-04:00,1.0
2011-04-22 10:25:09-04:00,1.0
2011-04-22 10:25:12-04:00,1.0
2011-04-22 10:25:15-04:00,1.0
2011-04-22 10:25:18-04:00,0.0
2011-04-22 10:25:21-04:00,0.75
2011-04-22 10:25:24-04:00,0.33333333333333337
2011-04-22 10:25:27-04:00,0.0
2011-04-22 10:25:30-04:00,0.0
2011-04-22 10:25:33-04:00,0.0
2011-04-22 10:25:36-04:00,0.0
2011-04-22 10:25:39-04:00,0.0
2011-04-22 10:25:42-04:00,0.0
2011-04-22 10:25:45-04:00,0.0
2011-04-22 10:25:48-04:00,0.75
2011-04-22 10:25:51-04:00,1.0
2011-04-22 10:25:54-04:00,1.0
2011-04-22 10:25:57-04:00,1.0
2011-04-22 10:26:00-04:00,1.0
2011-04-22 10:26:03-04:00,0.25
2011-04-22 10:26:06-04:00,0.6666666666666666
2011-04-22 10:26:09-04:00,1.0
2011-04-22 10:26:12-04:00,0.6666666666666667
2011-04-22 10:26:15-04:00,0.0
2011-04-22 10:26:18-04:00,0.25
2011-04-22 10:26:21-04:00,1.0
2011-04-22 10:26:24-04:00,1.0
2011-04-22 10:26:27-04:00,0.25
2011-04-22 10:26:30-04:00,0.2222222222222222
2011-04-22 10:26:33-04:00,0.5555555555555556
2011-04-22 10:26:36-04:00,0.8888888888888888
2011-04-22 10:26:39-04:00,1.0
2011-04-22 10:26:42-04:00,0.33333333333333337
2011-04-22 10:26:45-04:00,0.5
2011-04-22 10:26:48-04:00,1.0
2011-04-22 10:26:51-04:00,1.0
2011-04-22 10:26:54-04:00,1.0
2011-04-22 10:26:57-04:00,0.0
2011-04-22 10:27:00-04:00,0.0
2011-04-22 10:27:03-04:00,0.0
2011-04-22 10:27:06-04:00,0.0
2011-04-22 10:27:09-04:00,0.5
2011-04-22 10:27:12-04:00,1.0
2011-04-22 10:27:15-04:00,1.0
2011-04-22 10:27:18-04:00,1.0
2011-04-22 10:27:21-04:00,1.0
2011-04-22 10:27:24-04:00,1.0
2011-04-22 10:27:27-04:00,1.0
2011-04-22 10:27:30-04:00,1.0
2011-04-22 10:27:33-04:00,1.0
2011-04-22 10:27:36-04:00,0.5
2011-04-22 10:27:39-04:00,0.3333333333333333
2011-04-22 10:27:42-04:00,0.75
2011-04-22 10:27:45-04:00,0.0
2011-04-22 10:27:48-04:00,1.0
2011-04-22 10:27:51-04:00,1.0
2011-04-22 10:27:54-04:00,1.0
2011-04-22 10:27:57-04:00,1.0
2011-04-22 10:28:00-04:00,1.0
2011-04-22 10:28:03-04:00,0.75
2011-04-22 10:28:06-04:00,0.0
2011-04-22 10:28:09-04:00,1.0
2011-04-22 10:28:12-04:00,0.25
2011-04-22 10:28:15-04:00,0.6666666666666666
2011-04-22 10:28:18-04:00,1.0
2011-04-22 10:28:21-04:00,1.0
2011-04-22 10:28:24-04:00,1.0
2011-04-22 10:28:27-04:00,0.8888888888888888
2011-04-22 10:28:30-04:00,0.5555555555555556
2011-04-22 10:28:33-04:00,0.2222222222222222
2011-04-22 10:28:36-04:00,0.25
2011-04-22 10:28:39-04:00,1.0
2011-04-22 10:28:42-04:00,0.0
2011-04-22 10:28:45-04:00,0.75
2011-04-22 10:28:48-04:00,1.0
2011-04-22 10:28:51-04:00,1.0
2011-04-22 10:28:54-04:00,1.0
2011-04-22 10:28:57-04:00,1.0
2011-04-22 10:29:00-04:00,0.6666666666666667
2011-04-22 10:29:03-04:00,0.25
2011-04-22 10:29:06-04:00,1.0
2011-04-22 10:29:09-04:00,1.0
2011-04-22 10:29:12-04:00,1.0
2011-04-22 10:29:15-04:00,0.33333333333333337
2011-04-22 10:29:18-04:00,0.0
2011-04-22 10:29:21-04:00,0.3333333333333333
2011-04-22 10:29:24-04:00,0.75
2011-04-22 10:29:27-04:00,0.0
2011-04-22 10:29:30-04:00,0.3333333333333333
2011-04-22 10:29:33-04:00,0.6666666666666666
2011-04-22 10:29:36-04:00,1.0
2011-04-22 10:29:39-04:00,1.0
2011-04-22 10:29:42-04:00,0.25
2011-04-22 10:29:45-04:00,0.0
2011-04-22 10:29:48-04:00,0.0
2011-04-22 10:29:51-04:00,0.0
2011-04-22 10:29:54-04:00,0.3333333333333333
2011-04-22 10:29:57-04:00,1.0
2011-04-22 10:30:00-04:00,1.0
2011-04-22 10:30:03-04:00,0.0
2011-04-22 10:30:06-04:00,0.75
2011-04-22 10:30:09-04:00,1.0
2011-04-22 10:30:12-04:00,1.0
2011-04-22 10:30:15-04:00,1.0
2011-04-22 10:30:18-04:00,0.75
2011-04-22 10:30:21-04:00,0.0
2011-04-22 10:30:24-04:00,1.0
2011-04-22 10:30:27-04:00,0.25
2011-04-22 10:30:30-04:00,0.2222222222222222
2011-04-22 10:30:33-04:00,0.5555555555555556
2011-04-22 10:30:36-04:00,0.8888888888888888
2011-04-22 10:30:39-04:00,1.0
2011-04-22 10:30:42-04:00,0.33333333333333337
2011-04-22 10:30:45-04:00,0.0
2011-04-22 10:30:48-04:00,0.0
2011-04-22 10:30:51-04:00,0.25
2011-04-22 10:30:54-04:00,1.0
2011-04-22 10:30:57-04:00,1.0
2011-04-22 10:31:00-04:00,1.0
2011-04-22 10:31:03-04:00,1.0
2011-04-22 10:31:06-04:00,1.0
2011-04-22 10:31:09-04:00,1.0
2011-04-22 10:31:12-04:00,1.0
2011-04-22 10:31:15-04:00,1.0
2011-04-22 10:31:18-04:00,1.0
2011-04-22 10:31:21-04:00,1.0
2011-04-22 10:31:24-04:00,1.0
2011-04-22 10:31:27-04:00,0.33333333333333337
2011-04-22 10:31:30-04:00,0.0
2011-04-22 10:31:33-04:00,0.0
2011-04-22 10:31:36-04:00,0.0
2011-04-22 10:31:39-04:00,0.6666666666666666
2011-04-22 10:31:42-04:00,0.5
2011-04-22 10:31:45-04:00,0.3333333333333333
2011-04-22 10:31:48-04:00,1.0
2011-04-22 10:31:51-04:00,1.0
2011-04-22 10:31:54-04:00,1.0
2011-04-22 10:31:57-04:00,0.0
2011-04-22 10:32:00-04:00,0.0
2011-04-22 10:32:03-04:00,0.0
2011-04-22 10:32:06-04:00,0.5
2011-04-22 10:32:09-04:00,0.6666666666666667
2011-04-22 10:32:12-04:00,0.0
2011-04-22 10:32:15-04:00,0.25
2011-04-22 10:32:18-04:00,1.0
2011-04-22 10:32:21-04:00,0.0
2011-04-22 10:32:24-04:00,0.0
2011-04-22 10:32:27-04:00,0.0
2011-04-22 10:32:30-04:00,0.0
2011-04-22 10:32:33-04:00,0.0
2011-04-22 10:32:36-04:00,0.0
2011-04-22 10:32:39-04:00,0.0
2011-04-22 10:32:42-04:00,0.5
2011-04-22 10:32:45-04:00,1.0
2011-04-22 10:32:48-04:00,1.0
2011-04-22 10:32:51-04:00,1.0
2011-04-22 10:32:54-04:00,1.0
2011-04-22 10:32:57-04:00,1.0
2011-04-22 10:33:00-04:00,0.25
2011-04-22 10:33:03-04:00,0.6666666666666666
2011-04-22 10:33:06-04:00,1.0
2011-04-22 10:33:09-04:00,1.0
2011-04-22 10:33:12-04:00,1.0
2011-04-22 10:33:15-04:00,1.0
2011-04-22 10:33:18-04:00,1.0
2011-04-22 10:33:21-04:00,0.33333333333333337
2011-04-22 10:33:24-04:00,0.0
2011-04-22 10:33:27-04:00,0.0
2011-04-22 10:33:30-04:00,0.0
2011-04-22 10:33:33-04:00,0.0
2011-04-22 10:33:36-04:00,0.3333333333333333
2011-04-22 10:33:39-04:00,0.75
2011-04-22 10:33:42-04:00,0.0
2011-04-22 10:33:45-04:00,0.0
2011-04-22 10:33:48-04:00,0.75
2011-04-22 10:33:51-04:00,1.0
2011-04-22 10:33:54-04:00,1.0
2011-04-22 10:33:57-04:00,0.6666666666666667
2011-04-22 10:34:00-04:00,0.3333333333333333
2011-04-22 10:34:03-04:00,1.0
2011-04-22 10:34:06-04:00,1.0
2011-04-22 10:34:09-04:00,1.0
2011-04-22 10:34:12-04:00,1.0
2011-04-22 10:34:15-04:00,0.33333333333333337
2011-04-22 10:34:18-04:00,0.0
2011-04-22 10:34:21-04:00,0.0
2011-04-22 10:34:24-04:00,0.3333333333333333
2011-04-22 10:34:27-04:00,1.0
2011-04-22 10:34:30-04:00,1.0
2011-04-22 10:34:33-04:00,1.0
2011-04-22 10:34:36-04:00,1.0
2011-04-22 10:34:39-04:00,1.0
2011-04-22 10:34:42-04:00,1.0
2011-04-22 10:34:45-04:00,1.0
2011-04-22 10:34:48-04:00,1.0
2011-04-22 10:34:51-04:00,1.0
2011-04-22 10:34:54-04:00,1.0
2011-04-22 10:34:57-04:00,1.0
2011-04-22 10:35:00-04:00,1.0
2011-04-22 10:35:03-04:00,1.0
2011-04-22 10:35:06-04:00,1.0
2011-04-22 10:35:09-04:00,1.0
2011-04-22 10:35:12-04:00,1.0
2011-04-22 10:35:15-04:00,1.0
2011-04-22 10:35:18-04:00,0.5
2011-04-22 10:35:21-04:00,0.3333333333333333
2011-04-22 10:35:24-04:00,1.0
2011-04-22 10:35:27-04:00,1.0
2011-04-22 10:35:30-04:00,1.0
2011-04-22 10:35:33-04:00,1.0
2011-04-22 10:35:36-04:00,1.0
2011-04-22 10:35:39-04:00,1.0
2011-04-22 10:35:42-04:00,1.0
2011-04-22 10:35:45-04:00,1.0
2011-04-22 10:35:48-04:00,1.0
2011-04-22 10:35:51-04:00,1.0
2011-04-22 10:35:54-04:00,0.6666666666666667
2011-04-22 10:35:57-04:00,0.3333333333333333
2011-04-22 10:36:00-04:00,1.0
2011-04-22 10:36:03-04:00,1.0
2011-04-22 10:36:06-04:00,1.0
2011-04-22 10:36:09-04:00,1.0
2011-04-22 10:36:12-04:00,1.0
2011-04-22 10:36:15-04:00,1.0
2011-04-22 10:36:18-04:00,1.0
2011-04-22 10:36:21-04:00,1.0
2011-04-22 10:36:24-04:00,1.0
2011-04-22 10:36:27-04:00,1.0
2011-04-22 10:36:30-04:00,1.0
2011-04-22 10:36:33-04:00,1.0
2011-04-22 10:36:36-04:00,1.0
2011-04-22 10:36:39-04:00,1.0
2011-04-22 10:36:42-04:00,0.25
2011-04-22 10:36:45-04:00,0.6666666666666666
2011-04-22 10:36:48-04:00,1.0
2011-04-22 10:36:51-04:00,1.0
2011-04-22 10:36:54-04:00,1.0
2011-04-22 10:36:57-04:00,1.0
2011-04-22 10:37:00-04:00,0.0
2011-04-22 10:37:03-04:00,1.0
2011-04-22 10:37:06-04:00,1.0
2011-04-22 10:37:09-04:00,1.0
2011-04-22 10:37:12-04:00,0.33333333333333337
2011-04-22 10:37:15-04:00,0.5
2011-04-22 10:37:18-04:00,0.6666666666666667
2011-04-22 10:37:21-04:00,0.0
2011-04-22 10:37:24-04:00,0.0
2011-04-22 10:37:27-04:00,0.75
2011-04-22 10:37:30-04:00,1.0
2011-04-22 10:37:33-04:00,1.0
2011-04-22 10:37:36-04:00,1.0
2011-04-22 10:37:39-04:00,0.25
2011-04-22 10:37:42-04:00,0.6666666666666666
2011-04-22 10:37:45-04:00,1.0
2011-04-22 10:37:48-04:00,0.5
2011-04-22 10:37:51-04:00,0.3333333333333333
2011-04-22 10:37:54-04:00,1.0
2011-04-22 10:37:57-04:00,1.0
2011-04-22 10:38:00-04:00,0.0
2011-04-22 10:38:03-04:00,0.0
2011-04-22 10:38:06-04:00,0.6666666666666666
2011-04-22 10:38:09-04:00,1.0
2011-04-22 10:38:12-04:00,1.0
2011-04-22 10:38:15-04:00,1.0
2011-04-22 10:38:18-04:00,1.0
2011-04-22 10:38:21-04:00,1.0
2011-04-22 10:38:24-04:00,1.0
2011-04-22 10:38:27-04:00,1.0
2011-04-22 10:38:30-04:00,1.0
2011-04-22 10:38:33-04:00,1.0
2011-04-22 10:38:36-04:00,1.0
2011-04-22 10:38:39-04:00,1.0
2011-04-22 10:38:42-04:00,1.0
2011-04-22 10:38:45-04:00,1.0
2011-04-22 10:38:48-04:00,1.0
2011-04-22 10:38:51-04:00,1.0
2011-04-22 10:38:54-04:00,1.0
2011-04-22 10:38:57-04:00,1.0
2011-04-22 10:39:00-04:00,1.0
2011-04-22 10:39:03-04:00,1.0
2011-04-22 10:39:06-04:00,1.0
2011-04-22 10:39:09-04:00,1.0
2011-04-22 10:39:12-04:00,1.0
2011-04-22 10:39:15-04:00,1.0
2011-04-22 10:39:18-04:00,1.0
2011-04-22 10:39:21-04:00,1.0
2011-04-22 10:39:24-04:00,1.0
2011-04-22 10:39:27-04:00,1.0
2011-04-22 10:39:30-04:00,1.0
2011-04-22 10:39:33-04:00,1.0
2011-04-22 10:39:36-04:00,1.0
2011-04-22 10:39:39-04:00,1.0
2011-04-22 10:39:42-04:00,1.0
2011-04-22 10:39:45-04:00,1.0
2011-04-22 10:39:48-04:00,1.0
2011-04-22 10:39:51-04:00,1.0
2011-04-22 10:39:54-04:00,0.75
2011-04-22 10:39:57-04:00,0.0
2011-04-22 10:40:00-04:00,1.0
2011-04-22 10:40:03-04:00,1.0
2011-04-22 10:40:06-04:00,0.33333333333333337
2011-04-22 10:40:09-04:00,0.5
2011-04-22 10:40:12-04:00,1.0
2011-04-22 10:40:15-04:00,1.0
2011-04-22 10:40:18-04:00,1.0
2011-04-22 10:40:21-04:00,1.0
2011-04-22 10:40:24-04:00,1.0
2011-04-22 10:40:27-04:00,1.0
2011-04-22 10:40:30-04:00,1.0
2011-04-22 10:40:33-04:00,1.0
2011-04-22 10:40:36-04:00,1.0
2011-04-22 10:40:39-04:00,1.0
2011-04-22 10:40:42-04:00,1.0
2011-04-22 10:40:45-04:00,1.0
2011-04-22 10:40:48-04:00,1.0
2011-04-22 10:40:51-04:00,1.0
2011-04-22 10:40:54-04:00,1.0
2011-04-22 10:40:57-04:00,1.0
2011-04-22 10:41:00-04:00,0.5
2011-04-22 10:41:03-04:00,0.0
2011-04-22 10:41:06-04:00,0.25
2011-04-22 10:41:09-04:00,1.0
2011-04-22 10:41:12-04:00,1.0
2011-04-22 10:41:15-04:00,1.0
2011-04-22 10:41:18-04:00,1.0
2011-04-22 10:41:21-04:00,1.0
2011-04-22 10:41:24-04:00,0.5
2011-04-22 10:41:27-04:00,0.125
2011-04-22 10:41:30-04:00,0.5
2011-04-22 10:41:33-04:00,0.875
2011-04-22 10:41:36-04:00,0.5
2011-04-22 10:41:39-04:00,0.3333333333333333
2011-04-22 10:41:42-04:00,1.0
2011-04-22 10:41:45-04:00,1.0
2011-04-22 10:41:48-04:00,1.0
2011-04-22 10:41:51-04:00,0.25
2011-04-22 10:41:54-04:00,0.0
2011-04-22 10:41:57-04:00,0.5
2011-04-22 10:42:00-04:00,1.0
2011-04-22 10:42:03-04:00,1.0
2011-04-22 10:42:06-04:00,1.0
2011-04-22 10:42:09-04:00,1.0
2011-04-22 10:42:12-04:00,1.0
2011-04-22 10:42:15-04:00,1.0
2011-04-22 10:42:18-04:00,0.33333333333333337
2011-04-22 10:42:21-04:00,0.5
2011-04-22 10:42:24-04:00,1.0
2011-04-22 10:42:27-04:00,1.0
2011-04-22 10:42:30-04:00,1.0
2011-04-22 10:42:33-04:00,1.0
2011-04-22 10:42:36-04:00,1.0
2011-04-22 10:42:39-04:00,0.75
2011-04-22 10:42:42-04:00,0.0
2011-04-22 10:42:45-04:00,1.0
2011-04-22 10:42:48-04:00,1.0
2011-04-22 10:42:51-04:00,1.0
2011-04-22 10:42:54-04:00,1.0
2011-04-22 10:42:57-04:00,1.0
2011-04-22 10:43:00-04:00,1.0
2011-04-22 10:43:03-04:00,1.0
2011-04-22 10:43:06-04:00,1.0
2011-04-22 10:43:09-04:00,1.0
2011-04-22 10:43:12-04:00,1.0
2011-04-22 10:43:15-04:00,1.0
2011-04-22 10:43:18-04:00,1.0
2011-04-22 10:43:21-04:00,1.0
2011-04-22 10:43:24-04:00,1.0
2011-04-22 10:43:27-04:00,1.0
2011-04-22 10:43:30-04:00,1.0
2011-04-22 10:43:33-04:00,1.0
2011-04-22 10:43:36-04:00,1.0
2011-04-22 10:43:39-04:00,1.0
2011-04-22 10:43:42-04:00,1.0
2011-04-22 10:43:45-04:00,1.0
2011-04-22 10:43:48-04:00,1.0
2011-04-22 10:43:51-04:00,1.0
2011-04-22 10:43:54-04:00,1.0
2011-04-22 10:43:57-04:00,1.0
2011-04-22 10:44:00-04:00,1.0
2011-04-22 10:44:03-04:00,0.75
2011-04-22 10:44:06-04:00,0.0
2011-04-22 10:44:09-04:00,1.0
2011-04-22 10:44:12-04:00,1.0
2011-04-22 10:44:15-04:00,0.33333333333333337
2011-04-22 10:44:18-04:00,0.6666666666666666
2011-04-22 10:44:21-04:00,1.0
2011-04-22 10:44:24-04:00,1.0
2011-04-22 10:44:27-04:00,0.8888888888888888
2011-04-22 10:44:30-04:00,0.5555555555555556
2011-04-22 10:44:33-04:00,0.2222222222222222
2011-04-22 10:44:36-04:00,0.25
2011-04-22 10:44:39-04:00,1.0
2011-04-22 10:44:42-04:00,1.0
2011-04-22 10:44:45-04:00,1.0
2011-04-22 10:44:48-04:00,1.0
2011-04-22 10:44:51-04:00,1.0
2011-04-22 10:44:54-04:00,1.0
2011-04-22 10:44:57-04:00,1.0
2011-04-22 10:45:00-04:00,1.0
2011-04-22 10:45:03-04:00,1.0
2011-04-22 10:45:06-04:00,1.0
2011-04-22 10:45:09-04:00,1.0
2011-04-22 10:45:12-04:00,1.0
2011-04-22 10:45:15-04:00,1.0
2011-04-22 10:45:18-04:00,1.0
2011-04-22 10:45:21-04:00,1.0
2011-04-22 10:45:24-04:00,1.0
2011-04-22 10:45:27-04:00,1.0
2011-04-22 10:45:30-04:00,1.0
2011-04-22 10:45:33-04:00,1.0
2011-04-22 10:45:36-04:00,1.0
2011-04-22 10:45:39-04:00,1.0
2011-04-22 10:45:42-04:00,1.0
2011-04-22 10:45:45-04:00,1.0
2011-04-22 10:45:48-04:00,1.0
2011-04-22 10:45:51-04:00,1.0
2011-04-22 10:45:54-04:00,1.0
2011-04-22 10:45:57-04:00,1.0
2011-04-22 10:46:00-04:00,1.0
2011-04-22 10:46:03-04:00,1.0
2011-04-22 10:46:06-04:00,1.0
2011-04-22 10:46:09-04:00,1.0
2011-04-22 10:46:12-04:00,1.0
2011-04-22 10:46:15-04:00,1.0
2011-04-22 10:46:18-04:00,1.0
2011-04-22 10:46:21-04:00,1.0
2011-04-22 10:46:24-04:00,1.0
2011-04-22 10:46:27-04:00,1.0
2011-04-22 10:46:30-04:00,1.0
2011-04-22 10:46:33-04:00,1.0
2011-04-22 10:46:36-04:00,1.0
2011-04-22 10:46:39-04:00,1.0
2011-04-22 10:46:42-04:00,1.0
2011-04-22 10:46:45-04:00,1.0
2011-04-22 10:46:48-04:00,1.0
2011-04-22 10:46:51-04:00,1.0
2011-04-22 10:46:54-04:00,1.0
2011-04-22 10:46:57-04:00,1.0
2011-04-22 10:47:00-04:00,1.0
2011-04-22 10:47:03-04:00,1.0
2011-04-22 10:47:06-04:00,1.0
2011-04-22 10:47:09-04:00,1.0
2011-04-22 10:47:12-04:00,1.0
2011-04-22 10:47:15-04:00,0.6666666666666667
2011-04-22 10:47:18-04:00,0.25
2011-04-22 10:47:21-04:00,1.0
2011-04-22 10:47:24-04:00,1.0
2011-04-22 10:47:27-04:00,1.0
2011-04-22 10:47:30-04:00,1.0
2011-04-22 10:47:33-04:00,1.0
2011-04-22 10:47:36-04:00,1.0
2011-04-22 10:47:39-04:00,1.0
2011-04-22 10:47:42-04:00,1.0
2011-04-22 10:47:45-04:00,1.0
2011-04-22 10:47:48-04:00,1.0
2011-04-22 10:47:51-04:00,0.5
2011-04-22 10:47:54-04:00,0.3333333333333333
2011-04-22 10:47:57-04:00,1.0
2011-04-22 10:48:00-04:00,1.0
2011-04-22 10:48:03-04:00,1.0
2011-04-22 10:48:06-04:00,1.0
2011-04-22 10:48:09-04:00,1.0
2011-04-22 10:48:12-04:00,1.0
2011-04-22 10:48:15-04:00,1.0
2011-04-22 10:48:18-04:00,1.0
2011-04-22 10:48:21-04:00,1.0
2011-04-22 10:48:24-04:00,1.0
2011-04-22 10:48:27-04:00,1.0
2011-04-22 10:48:30-04:00,1.0
2011-04-22 10:48:33-04:00,1.0
2011-04-22 10:48:36-04:00,1.0
2011-04-22 10:48:39-04:00,1.0
2011-04-22 10:48:42-04:00,1.0
2011-04-22 10:48:45-04:00,1.0
2011-04-22 10:48:48-04:00,1.0
2011-04-22 10:48:51-04:00,1.0
2011-04-22 10:48:54-04:00,1.0
2011-04-22 10:48:57-04:00,1.0
2011-04-22 10:49:00-04:00,1.0
2011-04-22 10:49:03-04:00,1.0
2011-04-22 10:49:06-04:00,0.33333333333333337
2011-04-22 10:49:09-04:00,0.5
2011-04-22 10:49:12-04:00,1.0
2011-04-22 10:49:15-04:00,1.0
2011-04-22 10:49:18-04:00,1.0
2011-04-22 10:49:21-04:00,1.0
2011-04-22 10:49:24-04:00,1.0
2011-04-22 10:49:27-04:00,1.0
2011-04-22 10:49:30-04:00,1.0
2011-04-22 10:49:33-04:00,1.0
2011-04-22 10:49:36-04:00,1.0
2011-04-22 10:49:39-04:00,0.5
2011-04-22 10:49:42-04:00,0.3333333333333333
2011-04-22 10:49:45-04:00,0.75
2011-04-22 10:49:48-04:00,0.0
2011-04-22 10:49:51-04:00,0.0
2011-04-22 10:49:54-04:00,0.75
2011-04-22 10:49:57-04:00,1.0
2011-04-22 10:50:00-04:00,1.0
2011-04-22 10:50:03-04:00,0.6666666666666667
2011-04-22 10:50:06-04:00,0.25
2011-04-22 10:50:09-04:00,1.0
2011-04-22 10:50:12-04:00,1.0
2011-04-22 10:50:15-04:00,1.0
2011-04-22 10:50:18-04:00,1.0
2011-04-22 10:50:21-04:00,1.0
2011-04-22 10:50:24-04:00,1.0
2011-04-22 10:50:27-04:00,1.0
2011-04-22 10:50:30-04:00,1.0
2011-04-22 10:50:33-04:00,1.0
2011-04-22 10:50:36-04:00,1.0
2011-04-22 10:50:39-04:00,1.0
2011-04-22 10:50:42-04:00,0.5
2011-04-22 10:50:45-04:00,0.3333333333333333
2011-04-22 10:50:48-04:00,1.0
2011-04-22 10:50:51-04:00,1.0
2011-04-22 10:50:54-04:00,1.0
2011-04-22 10:50:57-04:00,1.0
2011-04-22 10:51:00-04:00,0.33333333333333337
2011-04-22 10:51:03-04:00,0.5
2011-04-22 10:51:06-04:00,1.0
2011-04-22 10:51:09-04:00,0.75
2011-04-22 10:51:12-04:00,0.0
2011-04-22 10:51:15-04:00,1.0
2011-04-22 10:51:18-04:00,1.0
2011-04-22 10:51:21-04:00,1.0
2011-04-22 10:51:24-04:00,1.0
2011-04-22 10:51:27-04:00,1.0
2011-04-22 10:51:30-04:00,1.0
2011-04-22 10:51:33-04:00,1.0
2011-04-22 10:51:36-04:00,1.0
2011-04-22 10:51:39-04:00,1.0
2011-04-22 10:51:42-04:00,1.0
2011-04-22 10:51:45-04:00,1.0
2011-04-22 10:51:48-04:00,1.0
2011-04-22 10:51:51-04:00,1.0
2011-04-22 10:51:54-04:00,1.0
2011-04-22 10:51:57-04:00,1.0
2011-04-22 10:52:00-04:00,1.0
2011-04-22 10:52:03-04:00,1.0
2011-04-22 10:52:06-04:00,1.0
2011-04-22 10:52:09-04:00,1.0
2011-04-22 10:52:12-04:00,1.0
2011-04-22 10:52:15-04:00,1.0
2011-04-22 10:52:18-04:00,1.0
2011-04-22 10:52:21-04:00,1.0
2011-04-22 10:52:24-04:00,1.0
2011-04-22 10:52:27-04:00,1.0
2011-04-22 10:52:30-04:00,1.0
2011-04-22 10:52:33-04:00,1.0
2011-04-22 10:52:36-04:00,1.0
2011-04-22 10:52:39-04:00,1.0
2011-04-22 10:52:42-04:00,1.0
2011-04-22 10:52:45-04:00,1.0
2011-04-22 10:52:48-04:00,1.0
2011-04-22 10:52:51-04:00,1.0
2011-04-22 10:52:54-04:00,1.0
2011-04-22 10:52:57-04:00,1.0
2011-04-22 10:53:00-04:00,1.0
2011-04-22 10:53:03-04:00,1.0
2011-04-22 10:53:06-04:00,1.0
2011-04-22 10:53:09-04:00,1.0
2011-04-22 10:53:12-04:00,1.0
2011-04-22 10:53:15-04:00,0.0
2011-04-22 10:53:18-04:00,0.0
2011-04-22 10:53:21-04:00,0.6666666666666666
2011-04-22 10:53:24-04:00,0.5
2011-04-22 10:53:27-04:00,0.125
2011-04-22 10:53:30-04:00,0.5
2011-04-22 10:53:33-04:00,0.875
2011-04-22 10:53:36-04:00,1.0
2011-04-22 10:53:39-04:00,1.0
2011-04-22 10:53:42-04:00,1.0
2011-04-22 10:53:45-04:00,1.0
2011-04-22 10:53:48-04:00,1.0
2011-04-22 10:53:51-04:00,0.25
2011-04-22 10:53:54-04:00,0.0
2011-04-22 10:53:57-04:00,0.5
2011-04-22 10:54:00-04:00,1.0
2011-04-22 10:54:03-04:00,1.0
2011-04-22 10:54:06-04:00,1.0
2011-04-22 10:54:09-04:00,1.0
2011-04-22 10:54:12-04:00,0.0
2011-04-22 10:54:15-04:00,0.75
2011-04-22 10:54:18-04:00,1.0
2011-04-22 10:54:21-04:00,1.0
2011-04-22 10:54:24-04:00,0.6666666666666667
2011-04-22 10:54:27-04:00,0.1111111111111111
2011-04-22 10:54:30-04:00,0.4444444444444444
2011-04-22 10:54:33-04:00,0.7777777777777778
2011-04-22 10:54:36-04:00,1.0
2011-04-22 10:54:39-04:00,1.0
2011-04-22 10:54:42-04:00,1.0
2011-04-22 10:54:45-04:00,1.0
2011-04-22 10:54:48-04:00,1.0
2011-04-22 10:54:51-04:00,1.0
2011-04-22 10:54:54-04:00,1.0
2011-04-22 10:54:57-04:00,1.0
2011-04-22 10:55:00-04:00,1.0
2011-04-22 10:55:03-04:00,1.0
2011-04-22 10:55:06-04:00,1.0
2011-04-22 10:55:09-04:00,1.0
2011-04-22 10:55:12-04:00,0.33333333333333337
2011-04-22 10:55:15-04:00,0.5
2011-04-22 10:55:18-04:00,1.0
2011-04-22 10:55:21-04:00,1.0
2011-04-22 10:55:24-04:00,1.0
2011-04-22 10:55:27-04:00,1.0
2011-04-22 10:55:30-04:00,1.0
2011-04-22 10:55:33-04:00,1.0
2011-04-22 10:55:36-04:00,1.0
2011-04-22 10:55:39-04:00,1.0
2011-04-22 10:55:42-04:00,1.0
2011-04-22 10:55:45-04:00,1.0
2011-04-22 10:55:48-04:00,1.0
2011-04-22 10:55:51-04:00,1.0
2011-04-22 10:55:54-04:00,1.0
2011-04-22 10:55:57-04:00,1.0
2011-04-22 10:56:00-04:00,1.0
2011-04-22 10:56:03-04:00,1.0
2011-04-22 10:56:06-04:00,1.0
2011-04-22 10:56:09-04:00,1.0
2011-04-22 10:56:12-04:00,1.0
2011-04-22 10:56:15-04:00,1.0
2011-04-22 10:56:18-04:00,1.0
2011-04-22 10:56:21-04:00,1.0
2011-04-22 10:56:24-04:00,1.0
2011-04-22 10:56:27-04:00,1.0
2011-04-22 10:56:30-04:00,0.6666666666666667
2011-04-22 10:56:33-04:00,0.33333333333333337
2011-04-22 10:56:36-04:00,0.0
2011-04-22 10:56:39-04:00,0.75
2011-04-22 10:56:42-04:00,1.0
2011-04-22 10:56:45-04:00,1.0
2011-04-22 10:56:48-04:00,1.0
2011-04-22 10:56:51-04:00,1.0
2011-04-22 10:56:54-04:00,1.0
2011-04-22 10:56:57-04:00,1.0
2011-04-22 10:57:00-04:00,1.0
2011-04-22 10:57:03-04:00,1.0
2011-04-22 10:57:06-04:00,1.0
2011-04-22 10:57:09-04:00,1.0
2011-04-22 10:57:12-04:00,1.0
2011-04-22 10:57:15-04:00,1.0
2011-04-22 10:57:18-04:00,1.0
2011-04-22 10:57:21-04:00,1.0
2011-04-22 10:57:24-04:00,1.0
2011-04-22 10:57:27-04:00,1.0
2011-04-22 10:57:30-04:00,1.0
2011-04-22 10:57:33-04:00,1.0
2011-04-22 10:57:36-04:00,1.0
2011-04-22 10:57:39-04:00,1.0
2011-04-22 10:57:42-04:00,1.0
2011-04-22 10:57:45-04:00,1.0
2011-04-22 10:57:48-04:00,1.0
2011-04-22 10:57:51-04:00,1.0
2011-04-22 10:57:54-04:00,0.0
2011-04-22 10:57:57-04:00,0.0
2011-04-22 10:58:00-04:00,0.6666666666666666
2011-04-22 10:58:03-04:00,1.0
2011-04-22 10:58:06-04:00,1.0
2011-04-22 10:58:09-04:00,1.0
2011-04-22 10:58:12-04:00,1.0
2011-04-22 10:58:15-04:00,1.0
2011-04-22 10:58:18-04:00,1.0
2011-04-22 10:58:21-04:00,1.0
2011-04-22 10:58:24-04:00,1.0
2011-04-22 10:58:27-04:00,1.0
2011-04-22 10:58:30-04:00,1.0
2011-04-22 10:58:33-04:00,1.0
2011-04-22 10:58:36-04:00,1.0
2011-04-22 10:58:39-04:00,1.0
2011-04-22 10:58:42-04:00,1.0
2011-04-22 10:58:45-04:00,0.6666666666666667
2011-04-22 10:58:48-04:00,0.3333333333333333
2011-04-22 10:58:51-04:00,0.75
2011-04-22 10:58:54-04:00,0.0
2011-04-22 10:58:57-04:00,0.0
2011-04-22 10:59:00-04:00,0.75
2011-04-22 10:59:03-04:00,1.0
2011-04-22 10:59:06-04:00,1.0
2011-04-22 10:59:09-04:00,0.6666666666666667
2011-04-22 10:59:12-04:00,0.25
2011-04-22 10:59:15-04:00,1.0
2011-04-22 10:59:18-04:00,1.0
2011-04-22 10:59:21-04:00,1.0
2011-04-22 10:59:24-04:00,1.0
2011-04-22 10:59:27-04:00,1.0
2011-04-22 10:59:30-04:00,1.0
2011-04-22 10:59:33-04:00,1.0
2011-04-22 10:59:36-04:00,1.0
2011-04-22 10:59:39-04:00,1.0
2011-04-22 10:59:42-04:00,1.0
2011-04-22 10:59:45-04:00,1.0
2011-04-22 10:59:48-04:00,0.75
2011-04-22 10:59:51-04:00,0.0
2011-04-22 10:59:54-04:00,1.0
2011-04-22 10:59:57-04:00,1.0
2011-04-22 11:00:00-04:00,1.0
2011-04-22 11:00:03-04:00,1.0
2011-04-22 11:00:06-04:00,1.0
2011-04-22 11:00:09-04:00,1.0
2011-04-22 11:00:12-04:00,1.0
2011-04-22 11:00:15-04:00,1.0
2011-04-22 11:00:18-04:00,1.0
2011-04-22 11:00:21-04:00,1.0
2011-04-22 11:00:24-04:00,0.25
2011-04-22 11:00:27-04:00,0.0
2011-04-22 11:00:30-04:00,0.0
2011-04-22 11:00:33-04:00,0.0
2011-04-22 11:00:36-04:00,0.0
2011-04-22 11:00:39-04:00,0.6666666666666666
2011-04-22 11:00:42-04:00,1.0
2011-04-22 11:00:45-04:00,1.0
2011-04-22 11:00:48-04:00,1.0
2011-04-22 11:00:51-04:00,1.0
2011-04-22 11:00:54-04:00,1.0
2011-04-22 11:00:57-04:00,1.0
2011-04-22 11:01:00-04:00,1.0
2011-04-22 11:01:03-04:00,1.0
2011-04-22 11:01:06-04:00,0.5
2011-04-22 11:01:09-04:00,0.3333333333333333
2011-04-22 11:01:12-04:00,1.0
2011-04-22 11:01:15-04:00,1.0
2011-04-22 11:01:18-04:00,1.0
2011-04-22 11:01:21-04:00,1.0
2011-04-22 11:01:24-04:00,1.0
2011-04-22 11:01:27-04:00,1.0
2011-04-22 11:01:30-04:00,1.0
2011-04-22 11:01:33-04:00,1.0
2011-04-22 11:01:36-04:00,1.0
2011-04-22 11:01:39-04:00,1.0
2011-04-22 11:01:42-04:00,1.0
2011-04-22 11:01:45-04:00,1.0
2011-04-22 11:01:48-04:00,1.0
2011-04-22 11:01:51-04:00,1.0
2011-04-22 11:01:54-04:00,1.0
2011-04-22 11:01:57-04:00,1.0
2011-04-22 11:02:00-04:00,0.33333333333333337
2011-04-22 11:02:03-04:00,0.5
2011-04-22 11:02:06-04:00,1.0
2011-04-22 11:02:09-04:00,1.0
2011-04-22 11:02:12-04:00,1.0
2011-04-22 11:02:15-04:00,1.0
2011-04-22 11:02:18-04:00,1.0
2011-04-22 11:02:21-04:00,1.0
2011-04-22 11:02:24-04:00,1.0
2011-04-22 11:02:27-04:00,1.0
2011-04-22 11:02:30-04:00,1.0
2011-04-22 11:02:33-04:00,1.0
2011-04-22 11:02:36-04:00,1.0
2011-04-22 11:02:39-04:00,1.0
2011-04-22 11:02:42-04:00,1.0
2011-04-22 11:02:45-04:00,1.0
2011-04-22 11:02:48-04:00,1.0
2011-04-22 11:02:51-04:00,1.0
2011-04-22 11:02:54-04:00,1.0
2011-04-22 11:02:57-04:00,1.0
2011-04-22 11:03:00-04:00,1.0
2011-04-22 11:03:03-04:00,1.0
2011-04-22 11:03:06-04:00,1.0
2011-04-22 11:03:09-04:00,1.0
2011-04-22 11:03:12-04:00,1.0
2011-04-22 11:03:15-04:00,1.0
2011-04-22 11:03:18-04:00,1.0
2011-04-22 11:03:21-04:00,1.0
2011-04-22 11:03:24-04:00,1.0
2011-04-22 11:03:27-04:00,1.0
2011-04-22 11:03:30-04:00,1.0
2011-04-22 11:03:33-04:00,1.0
2011-04-22 11:03:36-04:00,1.0
2011-04-22 11:03:39-04:00,0.6666666666666667
2011-04-22 11:03:42-04:00,0.25
2011-04-22 11:03:45-04:00,1.0
2011-04-22 11:03:48-04:00,1.0
2011-04-22 11:03:51-04:00,1.0
2011-04-22 11:03:54-04:00,1.0
2011-04-22 11:03:57-04:00,1.0
2011-04-22 11:04:00-04:00,1.0
2011-04-22 11:04:03-04:00,1.0
2011-04-22 11:04:06-04:00,1.0
2011-04-22 11:04:09-04:00,1.0
2011-04-22 11:04:12-04:00,1.0
2011-04-22 11:04:15-04:00,1.0
2011-04-22 11:04:18-04:00,1.0
2011-04-22 11:04:21-04:00,1.0
2011-04-22 11:04:24-04:00,1.0
2011-04-22 11:04:27-04:00,1.0
2011-04-22 11:04:30-04:00,1.0
2011-04-22 11:04:33-04:00,1.0
2011-04-22 11:04:36-04:00,1.0
2011-04-22 11:04:39-04:00,1.0
2011-04-22 11:04:42-04:00,1.0
2011-04-22 11:04:45-04:00,1.0
2011-04-22 11:04:48-04:00,1.0
2011-04-22 11:04:51-04:00,1.0
2011-04-22 11:04:54-04:00,1.0
2011-04-22 11:04:57-04:00,1.0
2011-04-22 11:05:00-04:00,1.0
2011-04-22 11:05:03-04:00,1.0
2011-04-22 11:05:06-04:00,1.0
2011-04-22 11:05:09-04:00,1.0
2011-04-22 11:05:12-04:00,1.0
2011-04-22 11:05:15-04:00,1.0
2011-04-22 11:05:18-04:00,1.0
2011-04-22 11:05:21-04:00,1.0
2011-04-22 11:05:24-04:00,1.0
2011-04-22 11:05:27-04:00,1.0
2011-04-22 11:05:30-04:00,1.0
2011-04-22 11:05:33-04:00,1.0
2011-04-22 11:05:36-04:00,1.0
2011-04-22 11:05:39-04:00,1.0
2011-04-22 11:05:42-04:00,1.0
2011-04-22 11:05:45-04:00,1.0
2011-04-22 11:05:48-04:00,1.0
2011-04-22 11:05:51-04:00,1.0
2011-04-22 11:05:54-04:00,1.0
2011-04-22 11:05:57-04:00,1.0
2011-04-22 11:06:00-04:00,1.0
2011-04-22 11:06:03-04:00,1.0
2011-04-22 11:06:06-04:00,1.0
2011-04-22 11:06:09-04:00,1.0
2011-04-22 11:06:12-04:00,1.0
2011-04-22 11:06:15-04:00,1.0
2011-04-22 11:06:18-04:00,1.0
2011-04-22 11:06:21-04:00,1.0
2011-04-22 11:06:24-04:00,1.0
2011-04-22 11:06:27-04:00,1.0
2011-04-22 11:06:30-04:00,1.0
2011-04-22 11:06:33-04:00,1.0
2011-04-22 11:06:36-04:00,1.0
2011-04-22 11:06:39-04:00,1.0
2011-04-22 11:06:42-04:00,1.0
2011-04-22 11:06:45-04:00,1.0
2011-04-22 11:06:48-04:00,1.0
2011-04-22 11:06:51-04:00,0.6666666666666667
2011-04-22 11:06:54-04:00,0.0
2011-04-22 11:06:57-04:00,0.0
2011-04-22 11:07:00-04:00,1.0
2011-04-22 11:07:03-04:00,1.0
2011-04-22 11:07:06-04:00,1.0
2011-04-22 11:07:09-04:00,1.0
2011-04-22 11:07:12-04:00,1.0
2011-04-22 11:07:15-04:00,1.0
2011-04-22 11:07:18-04:00,1.0
2011-04-22 11:07:21-04:00,1.0
2011-04-22 11:07:24-04:00,1.0
2011-04-22 11:07:27-04:00,1.0
2011-04-22 11:07:30-04:00,1.0
2011-04-22 11:07:33-04:00,1.0
2011-04-22 11:07:36-04:00,1.0
2011-04-22 11:07:39-04:00,1.0
2011-04-22 11:07:42-04:00,1.0
2011-04-22 11:07:45-04:00,1.0
2011-04-22 11:07:48-04:00,1.0
2011-04-22 11:07:51-04:00,1.0
2011-04-22 11:07:54-04:00,0.0
2011-04-22 11:07:57-04:00,0.75
2011-04-22 11:08:00-04:00,1.0
2011-04-22 11:08:03-04:00,1.0
2011-04-22 11:08:06-04:00,1.0
2011-04-22 11:08:09-04:00,1.0
2011-04-22 11:08:12-04:00,1.0
2011-04-22 11:08:15-04:00,1.0
2011-04-22 11:08:18-04:00,1.0
2011-04-22 11:08:21-04:00,1.0
2011-04-22 11:08:24-04:00,1.0
2011-04-22 11:08:27-04:00,1.0
2011-04-22 11:08:30-04:00,1.0
2011-04-22 11:08:33-04:00,1.0
2011-04-22 11:08:36-04:00,1.0
2011-04-22 11:08:39-04:00,1.0
2011-04-22 11:08:42-04:00,1.0
2011-04-22 11:08:45-04:00,1.0
2011-04-22 11:08:48-04:00,1.0
2011-04-22 11:08:51-04:00,1.0
2011-04-22 11:08:54-04:00,1.0
2011-04-22 11:08:57-04:00,1.0
2011-04-22 11:09:00-04:00,1.0
2011-04-22 11:09:03-04:00,1.0
2011-04-22 11:09:06-04:00,1.0
2011-04-22 11:09:09-04:00,1.0
2011-04-22 11:09:12-04:00,1.0
2011-04-22 11:09:15-04:00,1.0
2011-04-22 11:09:18-04:00,1.0
2011-04-22 11:09:21-04:00,1.0
2011-04-22 11:09:24-04:00,1.0
2011-04-22 11:09:27-04:00,1.0
2011-04-22 11:09:30-04:00,1.0
2011-04-22 11:09:33-04:00,1.0
2011-04-22 11:09:36-04:00,1.0
2011-04-22 11:09:39-04:00,1.0
2011-04-22 11:09:42-04:00,1.0
2011-04-22 11:09:45-04:00,1.0
2011-04-22 11:09:48-04:00,1.0
2011-04-22 11:09:51-04:00,1.0
2011-04-22 11:09:54-04:00,1.0
2011-04-22 11:09:57-04:00,1.0
2011-04-22 11:10:00-04:00,1.0
2011-04-22 11:10:03-04:00,1.0
2011-04-22 11:10:06-04:00,1.0
2011-04-22 11:10:09-04:00,1.0
2011-04-22 11:10:12-04:00,1.0
2011-04-22 11:10:15-04:00,0.6666666666666667
2011-04-22 11:10:18-04:00,0.3333333333333333
2011-04-22 11:10:21-04:00,1.0
2011-04-22 11:10:24-04:00,1.0
2011-04-22 11:10:27-04:00,0.0
2011-04-22 11:10:30-04:00,0.3333333333333333
2011-04-22 11:10:33-04:00,0.6666666666666666
2011-04-22 11:10:36-04:00,1.0
2011-04-22 11:10:39-04:00,1.0
2011-04-22 11:10:42-04:00,0.33333333333333337
2011-04-22 11:10:45-04:00,0.5
2011-04-22 11:10:48-04:00,1.0
2011-04-22 11:10:51-04:00,0.75
2011-04-22 11:10:54-04:00,0.0
2011-04-22 11:10:57-04:00,1.0
2011-04-22 11:11:00-04:00,1.0
2011-04-22 11:11:03-04:00,1.0
2011-04-22 11:11:06-04:00,1.0
2011-04-22 11:11:09-04:00,1.0
2011-04-22 11:11:12-04:00,1.0
2011-04-22 11:11:15-04:00,1.0
2011-04-22 11:11:18-04:00,0.25
2011-04-22 11:11:21-04:00,0.6666666666666666
2011-04-22 11:11:24-04:00,0.5
2011-04-22 11:11:27-04:00,0.125
2011-04-22 11:11:30-04:00,0.5
2011-04-22 11:11:33-04:00,0.875
2011-04-22 11:11:36-04:00,0.5
2011-04-22 11:11:39-04:00,0.3333333333333333
2011-04-22 11:11:42-04:00,1.0
2011-04-22 11:11:45-04:00,1.0
2011-04-22 11:11:48-04:00,1.0
2011-04-22 11:11:51-04:00,1.0
2011-04-22 11:11:54-04:00,1.0
2011-04-22 11:11:57-04:00,1.0
2011-04-22 11:12:00-04:00,1.0
2011-04-22 11:12:03-04:00,1.0
2011-04-22 11:12:06-04:00,1.0
2011-04-22 11:12:09-04:00,1.0
2011-04-22 11:12:12-04:00,1.0
2011-04-22 11:12:15-04:00,1.0
2011-04-22 11:12:18-04:00,1.0
2011-04-22 11:12:21-04:00,1.0
2011-04-22 11:12:24-04:00,1.0
2011-04-22 11:12:27-04:00,1.0
2011-04-22 11:12:30-04:00,1.0
2011-04-22 11:12:33-04:00,1.0
2011-04-22 11:12:36-04:00,1.0
2011-04-22 11:12:39-04:00,1.0
2011-04-22 11:12:42-04:00,1.0
2011-04-22 11:12:45-04:00,1.0
2011-04-22 11:12:48-04:00,1.0
2011-04-22 11:12:51-04:00,1.0
2011-04-22 11:12:54-04:00,1.0
2011-04-22 11:12:57-04:00,1.0
2011-04-22 11:13:00-04:00,1.0
2011-04-22 11:13:03-04:00,1.0
2011-04-22 11:13:06-04:00,1.0
2011-04-22 11:13:09-04:00,1.0
2011-04-22 11:13:12-04:00,1.0
2011-04-22 11:13:15-04:00,1.0
2011-04-22 11:13:18-04:00,1.0
2011-04-22 11:13:21-04:00,0.6666666666666667
2011-04-22 11:13:24-04:00,0.3333333333333333
2011-04-22 11:13:27-04:00,1.0
2011-04-22 11:13:30-04:00,1.0
2011-04-22 11:13:33-04:00,1.0
2011-04-22 11:13:36-04:00,1.0
2011-04-22 11:13:39-04:00,1.0
2011-04-22 11:13:42-04:00,1.0
2011-04-22 11:13:45-04:00,1.0
2011-04-22 11:13:48-04:00,1.0
2011-04-22 11:13:51-04:00,1.0
2011-04-22 11:13:54-04:00,1.0
2011-04-22 11:13:57-04:00,1.0
2011-04-22 11:14:00-04:00,1.0
2011-04-22 11:14:03-04:00,1.0
2011-04-22 11:14:06-04:00,1.0
2011-04-22 11:14:09-04:00,1.0
2011-04-22 11:14:12-04:00,1.0
2011-04-22 11:14:15-04:00,0.33333333333333337
2011-04-22 11:14:18-04:00,0.5
2011-04-22 11:14:21-04:00,1.0
2011-04-22 11:14:24-04:00,0.75
2011-04-22 11:14:27-04:00,0.0
2011-04-22 11:14:30-04:00,0.375
2011-04-22 11:14:33-04:00,0.75
2011-04-22 11:14:36-04:00,1.0
2011-04-22 11:14:39-04:00,1.0
2011-04-22 11:14:42-04:00,1.0
2011-04-22 11:14:45-04:00,0.33333333333333337
2011-04-22 11:14:48-04:00,0.6666666666666666
2011-04-22 11:14:51-04:00,1.0
2011-04-22 11:14:54-04:00,0.6666666666666667
2011-04-22 11:14:57-04:00,0.0
2011-04-22 11:15:00-04:00,0.0
2011-04-22 11:15:03-04:00,1.0
2011-04-22 11:15:06-04:00,1.0
2011-04-22 11:15:09-04:00,0.33333333333333337
2011-04-22 11:15:12-04:00,0.6666666666666666
2011-04-22 11:15:15-04:00,1.0
2011-04-22 11:15:18-04:00,1.0
2011-04-22 11:15:21-04:00,1.0
2011-04-22 11:15:24-04:00,1.0
2011-04-22 11:15:27-04:00,1.0
2011-04-22 11:15:30-04:00,1.0
2011-04-22 11:15:33-04:00,1.0
2011-04-22 11:15:36-04:00,1.0
2011-04-22 11:15:39-04:00,1.0
2011-04-22 11:15:42-04:00,1.0
2011-04-22 11:15:45-04:00,1.0
2011-04-22 11:15:48-04:00,1.0
2011-04-22 11:15:51-04:00,1.0
2011-04-22 11:15:54-04:00,0.75
2011-04-22 11:15:57-04:00,0.0
2011-04-22 11:16:00-04:00,1.0
2011-04-22 11:16:03-04:00,1.0
2011-04-22 11:16:06-04:00,1.0
2011-04-22 11:16:09-04:00,1.0
2011-04-22 11:16:12-04:00,1.0
2011-04-22 11:16:15-04:00,1.0
2011-04-22 11:16:18-04:00,1.0
2011-04-22 11:16:21-04:00,1.0
2011-04-22 11:16:24-04:00,1.0
2011-04-22 11:16:27-04:00,1.0
2011-04-22 11:16:30-04:00,1.0
2011-04-22 11:16:33-04:00,1.0
2011-04-22 11:16:36-04:00,1.0
2011-04-22 11:16:39-04:00,1.0
2011-04-22 11:16:42-04:00,1.0
2011-04-22 11:16:45-04:00,1.0
2011-04-22 11:16:48-04:00,1.0
2011-04-22 11:16:51-04:00,1.0
2011-04-22 11:16:54-04:00,1.0
2011-04-22 11:16:57-04:00,1.0
2011-04-22 11:17:00-04:00,1.0
2011-04-22 11:17:03-04:00,1.0
2011-04-22 11:17:06-04:00,1.0
2011-04-22 11:17:09-04:00,1.0
2011-04-22 11:17:12-04:00,0.75
2011-04-22 11:17:15-04:00,0.0
2011-04-22 11:17:18-04:00,0.0
2011-04-22 11:17:21-04:00,0.75
2011-04-22 11:17:24-04:00,1.0
2011-04-22 11:17:27-04:00,1.0
2011-04-22 11:17:30-04:00,0.875
2011-04-22 11:17:33-04:00,0.5
2011-04-22 11:17:36-04:00,0.125
2011-04-22 11:17:39-04:00,0.0
2011-04-22 11:17:42-04:00,0.25
2011-04-22 11:17:45-04:00,1.0
2011-04-22 11:17:48-04:00,1.0
2011-04-22 11:17:51-04:00,1.0
2011-04-22 11:17:54-04:00,1.0
2011-04-22 11:17:57-04:00,0.33333333333333337
2011-04-22 11:18:00-04:00,0.5
2011-04-22 11:18:03-04:00,1.0
2011-04-22 11:18:06-04:00,1.0
2011-04-22 11:18:09-04:00,1.0
2011-04-22 11:18:12-04:00,1.0
2011-04-22 11:18:15-04:00,1.0
2011-04-22 11:18:18-04:00,1.0
2011-04-22 11:18:21-04:00,1.0
2011-04-22 11:18:24-04:00,1.0
2011-04-22 11:18:27-04:00,1.0
2011-04-22 11:18:30-04:00,1.0
2011-04-22 11:18:33-04:00,1.0
2011-04-22 11:18:36-04:00,1.0
2011-04-22 11:18:39-04:00,1.0
2011-04-22 11:18:42-04:00,1.0
2011-04-22 11:18:45-04:00,0.0
2011-04-22 11:18:48-04:00,0.0
2011-04-22 11:18:51-04:00,0.6666666666666666
2011-04-22 11:18:54-04:00,1.0
2011-04-22 11:18:57-04:00,1.0
2011-04-22 11:19:00-04:00,1.0
2011-04-22 11:19:03-04:00,1.0
2011-04-22 11:19:06-04:00,1.0
2011-04-22 11:19:09-04:00,1.0
2011-04-22 11:19:12-04:00,1.0
2011-04-22 11:19:15-04:00,1.0
2011-04-22 11:19:18-04:00,1.0
2011-04-22 11:19:21-04:00,1.0
2011-04-22 11:19:24-04:00,1.0
2011-04-22 11:19:27-04:00,1.0
2011-04-22 11:19:30-04:00,1.0
2011-04-22 11:19:33-04:00,1.0
2011-04-22 11:19:36-04:00,1.0
2011-04-22 11:19:39-04:00,1.0
2011-04-22 11:19:42-04:00,1.0
2011-04-22 11:19:45-04:00,1.0
2011-04-22 11:19:48-04:00,1.0
2011-04-22 11:19:51-04:00,1.0
2011-04-22 11:19:54-04:00,1.0
2011-04-22 11:19:57-04:00,1.0
2011-04-22 11:20:00-04:00,1.0
2011-04-22 11:20:03-04:00,0.75
2011-04-22 11:20:06-04:00,0.0
2011-04-22 11:20:09-04:00,1.0
2011-04-22 11:20:12-04:00,1.0
2011-04-22 11:20:15-04:00,1.0
2011-04-22 11:20:18-04:00,1.0
2011-04-22 11:20:21-04:00,1.0
2011-04-22 11:20:24-04:00,1.0
2011-04-22 11:20:27-04:00,1.0
2011-04-22 11:20:30-04:00,1.0
2011-04-22 11:20:33-04:00,1.0
2011-04-22 11:20:36-04:00,1.0
2011-04-22 11:20:39-04:00,1.0
2011-04-22 11:20:42-04:00,0.0
2011-04-22 11:20:45-04:00,0.0
2011-04-22 11:20:48-04:00,0.6666666666666666
2011-04-22 11:20:51-04:00,1.0
2011-04-22 11:20:54-04:00,1.0
2011-04-22 11:20:57-04:00,1.0
2011-04-22 11:21:00-04:00,1.0
2011-04-22 11:21:03-04:00,1.0
2011-04-22 11:21:06-04:00,1.0
2011-04-22 11:21:09-04:00,1.0
2011-04-22 11:21:12-04:00,1.0
2011-04-22 11:21:15-04:00,1.0
2011-04-22 11:21:18-04:00,1.0
2011-04-22 11:21:21-04:00,1.0
2011-04-22 11:21:24-04:00,1.0
2011-04-22 11:21:27-04:00,1.0
2011-04-22 11:21:30-04:00,1.0
2011-04-22 11:21:33-04:00,1.0
2011-04-22 11:21:36-04:00,1.0
2011-04-22 11:21:39-04:00,1.0
2011-04-22 11:21:42-04:00,1.0
2011-04-22 11:21:45-04:00,1.0
2011-04-22 11:21:48-04:00,1.0
2011-04-22 11:21:51-04:00,1.0
2011-04-22 11:21:54-04:00,1.0
2011-04-22 11:21:57-04:00,1.0
2011-04-22 11:22:00-04:00,1.0
2011-04-22 11:22:03-04:00,1.0
2011-04-22 11:22:06-04:00,1.0
2011-04-22 11:22:09-04:00,1.0
2011-04-22 11:22:12-04:00,1.0
2011-04-22 11:22:15-04:00,1.0
2011-04-22 11:22:18-04:00,1.0
2011-04-22 11:22:21-04:00,1.0
2011-04-22 11:22:24-04:00,1.0
2011-04-22 11:22:27-04:00,1.0
2011-04-22 11:22:30-04:00,1.0
2011-04-22 11:22:33-04:00,1.0
2011-04-22 11:22:36-04:00,1.0
2011-04-22 11:22:39-04:00,1.0
2011-04-22 11:22:42-04:00,1.0
2011-04-22 11:22:45-04:00,1.0
2011-04-22 11:22:48-04:00,1.0
2011-04-22 11:22:51-04:00,1.0
2011-04-22 11:22:54-04:00,1.0
2011-04-22 11:22:57-04:00,1.0
2011-04-22 11:23:00-04:00,1.0
2011-04-22 11:23:03-04:00,1.0
2011-04-22 11:23:06-04:00,0.0
2011-04-22 11:23:09-04:00,0.75
2011-04-22 11:23:12-04:00,1.0
2011-04-22 11:23:15-04:00,1.0
2011-04-22 11:23:18-04:00,1.0
2011-04-22 11:23:21-04:00,1.0
2011-04-22 11:23:24-04:00,1.0
2011-04-22 11:23:27-04:00,1.0
2011-04-22 11:23:30-04:00,1.0
2011-04-22 11:23:33-04:00,1.0
2011-04-22 11:23:36-04:00,1.0
2011-04-22 11:23:39-04:00,1.0
2011-04-22 11:23:42-04:00,1.0
2011-04-22 11:23:45-04:00,1.0
2011-04-22 11:23:48-04:00,1.0
2011-04-22 11:23:51-04:00,1.0
2011-04-22 11:23:54-04:00,1.0
2011-04-22 11:23:57-04:00,1.0
2011-04-22 11:24:00-04:00,1.0
2011-04-22 11:24:03-04:00,1.0
2011-04-22 11:24:06-04:00,1.0
2011-04-22 11:24:09-04:00,1.0
2011-04-22 11:24:12-04:00,1.0
2011-04-22 11:24:15-04:00,1.0
2011-04-22 11:24:18-04:00,1.0
2011-04-22 11:24:21-04:00,1.0
2011-04-22 11:24:24-04:00,1.0
2011-04-22 11:24:27-04:00,1.0
2011-04-22 11:24:30-04:00,1.0
2011-04-22 11:24:33-04:00,1.0
2011-04-22 11:24:36-04:00,1.0
2011-04-22 11:24:39-04:00,1.0
2011-04-22 11:24:42-04:00,1.0
2011-04-22 11:24:45-04:00,0.33333333333333337
2011-04-22 11:24:48-04:00,0.6666666666666666
2011-04-22 11:24:51-04:00,1.0
2011-04-22 11:24:54-04:00,1.0
2011-04-22 11:24:57-04:00,0.75
2011-04-22 11:25:00-04:00,0.0
2011-04-22 11:25:03-04:00,1.0
2011-04-22 11:25:06-04:00,1.0
2011-04-22 11:25:09-04:00,1.0
2011-04-22 11:25:12-04:00,1.0
2011-04-22 11:25:15-04:00,1.0
2011-04-22 11:25:18-04:00,1.0
2011-04-22 11:25:21-04:00,1.0
2011-04-22 11:25:24-04:00,1.0
2011-04-22 11:25:27-04:00,1.0
2011-04-22 11:25:30-04:00,1.0
2011-04-22 11:25:33-04:00,1.0
2011-04-22 11:25:36-04:00,1.0
2011-04-22 11:25:39-04:00,1.0
2011-04-22 11:25:42-04:00,1.0
2011-04-22 11:25:45-04:00,1.0
2011-04-22 11:25:48-04:00,1.0
2011-04-22 11:25:51-04:00,1.0
2011-04-22 11:25:54-04:00,1.0
2011-04-22 11:25:57-04:00,1.0
2011-04-22 11:26:00-04:00,1.0
2011-04-22 11:26:03-04:00,1.0
2011-04-22 11:26:06-04:00,1.0
2011-04-22 11:26:09-04:00,1.0
2011-04-22 11:26:12-04:00,1.0
2011-04-22 11:26:15-04:00,1.0
2011-04-22 11:26:18-04:00,1.0
2011-04-22 11:26:21-04:00,1.0
2011-04-22 11:26:24-04:00,1.0
2011-04-22 11:26:27-04:00,1.0
2011-04-22 11:26:30-04:00,1.0
2011-04-22 11:26:33-04:00,1.0
2011-04-22 11:26:36-04:00,1.0
2011-04-22 11:26:39-04:00,1.0
2011-04-22 11:26:42-04:00,1.0
2011-04-22 11:26:45-04:00,1.0
2011-04-22 11:26:48-04:00,1.0
2011-04-22 11:26:51-04:00,1.0
2011-04-22 11:26:54-04:00,0.75
2011-04-22 11:26:57-04:00,0.0
2011-04-22 11:27:00-04:00,1.0
2011-04-22 11:27:03-04:00,1.0
2011-04-22 11:27:06-04:00,0.25
2011-04-22 11:27:09-04:00,0.6666666666666666
2011-04-22 11:27:12-04:00,1.0
2011-04-22 11:27:15-04:00,1.0
2011-04-22 11:27:18-04:00,1.0
2011-04-22 11:27:21-04:00,1.0
2011-04-22 11:27:24-04:00,1.0
2011-04-22 11:27:27-04:00,1.0
2011-04-22 11:27:30-04:00,1.0
2011-04-22 11:27:33-04:00,1.0
2011-04-22 11:27:36-04:00,1.0
2011-04-22 11:27:39-04:00,0.33333333333333337
2011-04-22 11:27:42-04:00,0.6666666666666666
2011-04-22 11:27:45-04:00,1.0
2011-04-22 11:27:48-04:00,1.0
2011-04-22 11:27:51-04:00,1.0
2011-04-22 11:27:54-04:00,1.0
2011-04-22 11:27:57-04:00,1.0
2011-04-22 11:28:00-04:00,1.0
2011-04-22 11:28:03-04:00,1.0
2011-04-22 11:28:06-04:00,1.0
2011-04-22 11:28:09-04:00,1.0
2011-04-22 11:28:12-04:00,1.0
2011-04-22 11:28:15-04:00,1.0
2011-04-22 11:28:18-04:00,1.0
2011-04-22 11:28:21-04:00,1.0
2011-04-22 11:28:24-04:00,1.0
2011-04-22 11:28:27-04:00,1.0
2011-04-22 11:28:30-04:00,1.0
2011-04-22 11:28:33-04:00,1.0
2011-04-22 11:28:36-04:00,1.0
2011-04-22 11:28:39-04:00,1.0
2011-04-22 11:28:42-04:00,1.0
2011-04-22 11:28:45-04:00,1.0
2011-04-22 11:28:48-04:00,1.0
2011-04-22 11:28:51-04:00,1.0
2011-04-22 11:28:54-04:00,1.0
2011-04-22 11:28:57-04:00,1.0
2011-04-22 11:29:00-04:00,1.0
2011-04-22 11:29:03-04:00,1.0
2011-04-22 11:29:06-04:00,1.0
2011-04-22 11:29:09-04:00,1.0
2011-04-22 11:29:12-04:00,1.0
2011-04-22 11:29:15-04:00,1.0
2011-04-22 11:29:18-04:00,1.0
2011-04-22 11:29:21-04:00,1.0
2011-04-22 11:29:24-04:00,1.0
2011-04-22 11:29:27-04:00,1.0
2011-04-22 11:29:30-04:00,1.0
2011-04-22 11:29:33-04:00,1.0
2011-04-22 11:29:36-04:00,1.0
2011-04-22 11:29:39-04:00,1.0
2011-04-22 11:29:42-04:00,1.0
2011-04-22 11:29:45-04:00,1.0
2011-04-22 11:29:48-04:00,1.0
2011-04-22 11:29:51-04:00,1.0
2011-04-22 11:29:54-04:00,1.0
2011-04-22 11:29:57-04:00,1.0
2011-04-22 11:30:00-04:00,1.0
2011-04-22 11:30:03-04:00,1.0
2011-04-22 11:30:06-04:00,1.0
2011-04-22 11:30:09-04:00,1.0
2011-04-22 11:30:12-04:00,1.0
2011-04-22 11:30:15-04:00,1.0
2011-04-22 11:30:18-04:00,1.0
2011-04-22 11:30:21-04:00,1.0
2011-04-22 11:30:24-04:00,1.0
2011-04-22 11:30:27-04:00,1.0
2011-04-22 11:30:30-04:00,1.0
2011-04-22 11:30:33-04:00,1.0
2011-04-22 11:30:36-04:00,1.0
2011-04-22 11:30:39-04:00,1.0
2011-04-22 11:30:42-04:00,1.0
2011-04-22 11:30:45-04:00,1.0
2011-04-22 11:30:48-04:00,1.0
2011-04-22 11:30:51-04:00,1.0
2011-04-22 11:30:54-04:00,0.0
2011-04-22 11:30:57-04:00,0.0
2011-04-22 11:31:00-04:00,0.75
2011-04-22 11:31:03-04:00,1.0
2011-04-22 11:31:06-04:00,1.0
2011-04-22 11:31:09-04:00,1.0
2011-04-22 11:31:12-04:00,1.0
2011-04-22 11:31:15-04:00,1.0
2011-04-22 11:31:18-04:00,1.0
2011-04-22 11:31:21-04:00,1.0
2011-04-22 11:31:24-04:00,1.0
2011-04-22 11:31:27-04:00,1.0
2011-04-22 11:31:30-04:00,1.0
2011-04-22 11:31:33-04:00,1.0
2011-04-22 11:31:36-04:00,1.0
2011-04-22 11:31:39-04:00,1.0
2011-04-22 11:31:42-04:00,1.0
2011-04-22 11:31:45-04:00,1.0
2011-04-22 11:31:48-04:00,1.0
2011-04-22 11:31:51-04:00,1.0
2011-04-22 11:31:54-04:00,1.0
2011-04-22 11:31:57-04:00,1.0
2011-04-22 11:32:00-04:00,0.33333333333333337
2011-04-22 11:32:03-04:00,0.5
2011-04-22 11:32:06-04:00,1.0
2011-04-22 11:32:09-04:00,1.0
2011-04-22 11:32:12-04:00,1.0
2011-04-22 11:32:15-04:00,1.0
2011-04-22 11:32:18-04:00,1.0
2011-04-22 11:32:21-04:00,1.0
2011-04-22 11:32:24-04:00,1.0
2011-04-22 11:32:27-04:00,1.0
2011-04-22 11:32:30-04:00,1.0
2011-04-22 11:32:33-04:00,1.0
2011-04-22 11:32:36-04:00,1.0
2011-04-22 11:32:39-04:00,1.0
2011-04-22 11:32:42-04:00,1.0
2011-04-22 11:32:45-04:00,1.0
2011-04-22 11:32:48-04:00,1.0
2011-04-22 11:32:51-04:00,0.0
2011-04-22 11:32:54-04:00,0.75
2011-04-22 11:32:57-04:00,1.0
2011-04-22 11:33:00-04:00,0.5
2011-04-22 11:33:03-04:00,0.3333333333333333
2011-04-22 11:33:06-04:00,0.6666666666666667
2011-04-22 11:33:09-04:00,0.25
2011-04-22 11:33:12-04:00,1.0
2011-04-22 11:33:15-04:00,1.0
2011-04-22 11:33:18-04:00,1.0
2011-04-22 11:33:21-04:00,1.0
2011-04-22 11:33:24-04:00,1.0
2011-04-22 11:33:27-04:00,1.0
2011-04-22 11:33:30-04:00,1.0
2011-04-22 11:33:33-04:00,1.0
2011-04-22 11:33:36-04:00,1.0
2011-04-22 11:33:39-04:00,1.0
2011-04-22 11:33:42-04:00,1.0
2011-04-22 11:33:45-04:00,1.0
2011-04-22 11:33:48-04:00,1.0
2011-04-22 11:33:51-04:00,1.0
2011-04-22 11:33:54-04:00,1.0
2011-04-22 11:33:57-04:00,1.0
2011-04-22 11:34:00-04:00,1.0
2011-04-22 11:34:03-04:00,1.0
2011-04-22 11:34:06-04:00,1.0
2011-04-22 11:34:09-04:00,1.0
2011-04-22 11:34:12-04:00,1.0
2011-04-22 11:34:15-04:00,1.0
2011-04-22 11:34:18-04:00,1.0
2011-04-22 11:34:21-04:00,1.0
2011-04-22 11:34:24-04:00,1.0
2011-04-22 11:34:27-04:00,1.0
2011-04-22 11:34:30-04:00,1.0
2011-04-22 11:34:33-04:00,1.0
2011-04-22 11:34:36-04:00,1.0
2011-04-22 11:34:39-04:00,0.75
2011-04-22 11:34:42-04:00,0.0
2011-04-22 11:34:45-04:00,1.0
2011-04-22 11:34:48-04:00,1.0
2011-04-22 11:34:51-04:00,1.0
2011-04-22 11:34:54-04:00,1.0
2011-04-22 11:34:57-04:00,1.0
2011-04-22 11:35:00-04:00,1.0
2011-04-22 11:35:03-04:00,1.0
2011-04-22 11:35:06-04:00,1.0
2011-04-22 11:35:09-04:00,1.0
2011-04-22 11:35:12-04:00,1.0
2011-04-22 11:35:15-04:00,1.0
2011-04-22 11:35:18-04:00,1.0
2011-04-22 11:35:21-04:00,1.0
2011-04-22 11:35:24-04:00,1.0
2011-04-22 11:35:27-04:00,1.0
2011-04-22 11:35:30-04:00,1.0
2011-04-22 11:35:33-04:00,1.0
2011-04-22 11:35:36-04:00,1.0
2011-04-22 11:35:39-04:00,1.0
2011-04-22 11:35:42-04:00,1.0
2011-04-22 11:35:45-04:00,1.0
2011-04-22 11:35:48-04:00,1.0
2011-04-22 11:35:51-04:00,1.0
2011-04-22 11:35:54-04:00,1.0
2011-04-22 11:35:57-04:00,1.0
2011-04-22 11:36:00-04:00,1.0
2011-04-22 11:36:03-04:00,1.0
2011-04-22 11:36:06-04:00,1.0
2011-04-22 11:36:09-04:00,1.0
2011-04-22 11:36:12-04:00,1.0
2011-04-22 11:36:15-04:00,1.0
2011-04-22 11:36:18-04:00,1.0
2011-04-22 11:36:21-04:00,1.0
2011-04-22 11:36:24-04:00,1.0
2011-04-22 11:36:27-04:00,1.0
2011-04-22 11:36:30-04:00,1.0
2011-04-22 11:36:33-04:00,1.0
2011-04-22 11:36:36-04:00,1.0
2011-04-22 11:36:39-04:00,1.0
2011-04-22 11:36:42-04:00,1.0
2011-04-22 11:36:45-04:00,1.0
2011-04-22 11:36:48-04:00,1.0
2011-04-22 11:36:51-04:00,1.0
2011-04-22 11:36:54-04:00,1.0
2011-04-22 11:36:57-04:00,1.0
2011-04-22 11:37:00-04:00,1.0
2011-04-22 11:37:03-04:00,1.0
2011-04-22 11:37:06-04:00,1.0
2011-04-22 11:37:09-04:00,1.0
2011-04-22 11:37:12-04:00,1.0
2011-04-22 11:37:15-04:00,1.0
2011-04-22 11:37:18-04:00,1.0
2011-04-22 11:37:21-04:00,1.0
2011-04-22 11:37:24-04:00,1.0
2011-04-22 11:37:27-04:00,1.0
2011-04-22 11:37:30-04:00,1.0
2011-04-22 11:37:33-04:00,1.0
2011-04-22 11:37:36-04:00,1.0
2011-04-22 11:37:39-04:00,1.0
2011-04-22 11:37:42-04:00,1.0
2011-04-22 11:37:45-04:00,1.0
2011-04-22 11:37:48-04:00,1.0
2011-04-22 11:37:51-04:00,1.0
2011-04-22 11:37:54-04:00,1.0
2011-04-22 11:37:57-04:00,1.0
2011-04-22 11:38:00-04:00,1.0
2011-04-22 11:38:03-04:00,1.0
2011-04-22 11:38:06-04:00,1.0
2011-04-22 11:38:09-04:00,1.0
2011-04-22 11:38:12-04:00,1.0
2011-04-22 11:38:15-04:00,1.0
2011-04-22 11:38:18-04:00,1.0
2011-04-22 11:38:21-04:00,1.0
2011-04-22 11:38:24-04:00,1.0
2011-04-22 11:38:27-04:00,1.0
2011-04-22 11:38:30-04:00,1.0
2011-04-22 11:38:33-04:00,1.0
2011-04-22 11:38:36-04:00,1.0
2011-04-22 11:38:39-04:00,1.0
2011-04-22 11:38:42-04:00,1.0
2011-04-22 11:38:45-04:00,1.0
2011-04-22 11:38:48-04:00,1.0
2011-04-22 11:38:51-04:00,1.0
2011-04-22 11:38:54-04:00,1.0
2011-04-22 11:38:57-04:00,1.0
2011-04-22 11:39:00-04:00,1.0
2011-04-22 11:39:03-04:00,1.0
2011-04-22 11:39:06-04:00,1.0
2011-04-22 11:39:09-04:00,1.0
2011-04-22 11:39:12-04:00,1.0
2011-04-22 11:39:15-04:00,1.0
2011-04-22 11:39:18-04:00,1.0
2011-04-22 11:39:21-04:00,1.0
2011-04-22 11:39:24-04:00,1.0
2011-04-22 11:39:27-04:00,1.0
2011-04-22 11:39:30-04:00,1.0
2011-04-22 11:39:33-04:00,1.0
2011-04-22 11:39:36-04:00,1.0
2011-04-22 11:39:39-04:00,1.0
2011-04-22 11:39:42-04:00,1.0
2011-04-22 11:39:45-04:00,1.0
2011-04-22 11:39:48-04:00,1.0
2011-04-22 11:39:51-04:00,1.0
2011-04-22 11:39:54-04:00,1.0
2011-04-22 11:39:57-04:00,1.0
2011-04-22 11:40:00-04:00,1.0
2011-04-22 11:40:03-04:00,0.25
2011-04-22 11:40:06-04:00,0.6666666666666666
2011-04-22 11:40:09-04:00,1.0
2011-04-22 11:40:12-04:00,0.6666666666666667
2011-04-22 11:40:15-04:00,0.25
2011-04-22 11:40:18-04:00,1.0
2011-04-22 11:40:21-04:00,1.0
2011-04-22 11:40:24-04:00,1.0
2011-04-22 11:40:27-04:00,1.0
2011-04-22 11:40:30-04:00,1.0
2011-04-22 11:40:33-04:00,1.0
2011-04-22 11:40:36-04:00,1.0
2011-04-22 11:40:39-04:00,1.0
2011-04-22 11:40:42-04:00,1.0
2011-04-22 11:40:45-04:00,1.0
2011-04-22 11:40:48-04:00,1.0
2011-04-22 11:40:51-04:00,1.0
2011-04-22 11:40:54-04:00,1.0
2011-04-22 11:40:57-04:00,1.0
2011-04-22 11:41:00-04:00,1.0
2011-04-22 11:41:03-04:00,1.0
2011-04-22 11:41:06-04:00,1.0
2011-04-22 11:41:09-04:00,1.0
2011-04-22 11:41:12-04:00,1.0
2011-04-22 11:41:15-04:00,1.0
2011-04-22 11:41:18-04:00,1.0
2011-04-22 11:41:21-04:00,1.0
2011-04-22 11:41:24-04:00,1.0
2011-04-22 11:41:27-04:00,1.0
2011-04-22 11:41:30-04:00,1.0
2011-04-22 11:41:33-04:00,1.0
2011-04-22 11:41:36-04:00,1.0
2011-04-22 11:41:39-04:00,1.0
2011-04-22 11:41:42-04:00,1.0
2011-04-22 11:41:45-04:00,1.0
2011-04-22 11:41:48-04:00,1.0
2011-04-22 11:41:51-04:00,1.0
2011-04-22 11:41:54-04:00,1.0
2011-04-22 11:41:57-04:00,1.0
2011-04-22 11:42:00-04:00,1.0
2011-04-22 11:42:03-04:00,1.0
2011-04-22 11:42:06-04:00,1.0
2011-04-22 11:42:09-04:00,1.0
2011-04-22 11:42:12-04:00,1.0
2011-04-22 11:42:15-04:00,1.0
2011-04-22 11:42:18-04:00,1.0
2011-04-22 11:42:21-04:00,1.0
2011-04-22 11:42:24-04:00,1.0
2011-04-22 11:42:27-04:00,1.0
2011-04-22 11:42:30-04:00,1.0
2011-04-22 11:42:33-04:00,1.0
2011-04-22 11:42:36-04:00,1.0
2011-04-22 11:42:39-04:00,1.0
2011-04-22 11:42:42-04:00,1.0
2011-04-22 11:42:45-04:00,1.0
2011-04-22 11:42:48-04:00,1.0
2011-04-22 11:42:51-04:00,1.0
2011-04-22 11:42:54-04:00,1.0
2011-04-22 11:42:57-04:00,1.0
2011-04-22 11:43:00-04:00,1.0
2011-04-22 11:43:03-04:00,1.0
2011-04-22 11:43:06-04:00,1.0
2011-04-22 11:43:09-04:00,1.0
2011-04-22 11:43:12-04:00,1.0
2011-04-22 11:43:15-04:00,1.0
2011-04-22 11:43:18-04:00,1.0
2011-04-22 11:43:21-04:00,1.0
2011-04-22 11:43:24-04:00,1.0
2011-04-22 11:43:27-04:00,1.0
2011-04-22 11:43:30-04:00,1.0
2011-04-22 11:43:33-04:00,1.0
2011-04-22 11:43:36-04:00,1.0
2011-04-22 11:43:39-04:00,1.0
2011-04-22 11:43:42-04:00,1.0
2011-04-22 11:43:45-04:00,1.0
2011-04-22 11:43:48-04:00,1.0
2011-04-22 11:43:51-04:00,1.0
2011-04-22 11:43:54-04:00,1.0
2011-04-22 11:43:57-04:00,1.0
2011-04-22 11:44:00-04:00,1.0
2011-04-22 11:44:03-04:00,1.0
2011-04-22 11:44:06-04:00,1.0
2011-04-22 11:44:09-04:00,1.0
2011-04-22 11:44:12-04:00,1.0
2011-04-22 11:44:15-04:00,1.0
2011-04-22 11:44:18-04:00,1.0
2011-04-22 11:44:21-04:00,1.0
2011-04-22 11:44:24-04:00,1.0
2011-04-22 11:44:27-04:00,1.0
2011-04-22 11:44:30-04:00,1.0
2011-04-22 11:44:33-04:00,1.0
2011-04-22 11:44:36-04:00,1.0
2011-04-22 11:44:39-04:00,1.0
2011-04-22 11:44:42-04:00,1.0
2011-04-22 11:44:45-04:00,1.0
2011-04-22 11:44:48-04:00,1.0
2011-04-22 11:44:51-04:00,1.0
2011-04-22 11:44:54-04:00,1.0
2011-04-22 11:44:57-04:00,1.0
2011-04-22 11:45:00-04:00,1.0
2011-04-22 11:45:03-04:00,1.0
2011-04-22 11:45:06-04:00,1.0
2011-04-22 11:45:09-04:00,1.0
2011-04-22 11:45:12-04:00,1.0
2011-04-22 11:45:15-04:00,1.0
2011-04-22 11:45:18-04:00,1.0
2011-04-22 11:45:21-04:00,1.0
2011-04-22 11:45:24-04:00,1.0
2011-04-22 11:45:27-04:00,1.0
2011-04-22 11:45:30-04:00,1.0
2011-04-22 11:45:33-04:00,1.0
2011-04-22 11:45:36-04:00,1.0
2011-04-22 11:45:39-04:00,1.0
2011-04-22 11:45:42-04:00,1.0
2011-04-22 11:45:45-04:00,1.0
2011-04-22 11:45:48-04:00,1.0
2011-04-22 11:45:51-04:00,1.0
2011-04-22 11:45:54-04:00,1.0
2011-04-22 11:45:57-04:00,1.0
2011-04-22 11:46:00-04:00,1.0
2011-04-22 11:46:03-04:00,1.0
2011-04-22 11:46:06-04:00,1.0
2011-04-22 11:46:09-04:00,1.0
2011-04-22 11:46:12-04:00,1.0
2011-04-22 11:46:15-04:00,1.0
2011-04-22 11:46:18-04:00,1.0
2011-04-22 11:46:21-04:00,1.0
2011-04-22 11:46:24-04:00,1.0
2011-04-22 11:46:27-04:00,1.0
2011-04-22 11:46:30-04:00,1.0
2011-04-22 11:46:33-04:00,1.0
2011-04-22 11:46:36-04:00,1.0
2011-04-22 11:46:39-04:00,1.0
2011-04-22 11:46:42-04:00,1.0
2011-04-22 11:46:45-04:00,1.0
2011-04-22 11:46:48-04:00,1.0
2011-04-22 11:46:51-04:00,1.0
2011-04-22 11:46:54-04:00,1.0
2011-04-22 11:46:57-04:00,1.0
2011-04-22 11:47:00-04:00,1.0
2011-04-22 11:47:03-04:00,1.0
2011-04-22 11:47:06-04:00,1.0
2011-04-22 11:47:09-04:00,1.0
2011-04-22 11:47:12-04:00,1.0
2011-04-22 11:47:15-04:00,1.0
2011-04-22 11:47:18-04:00,1.0
2011-04-22 11:47:21-04:00,1.0
2011-04-22 11:47:24-04:00,1.0
2011-04-22 11:47:27-04:00,1.0
2011-04-22 11:47:30-04:00,1.0
2011-04-22 11:47:33-04:00,1.0
2011-04-22 11:47:36-04:00,1.0
2011-04-22 11:47:39-04:00,1.0
2011-04-22 11:47:42-04:00,1.0
2011-04-22 11:47:45-04:00,1.0
2011-04-22 11:47:48-04:00,1.0
2011-04-22 11:47:51-04:00,0.0
2011-04-22 11:47:54-04:00,0.75
2011-04-22 11:47:57-04:00,1.0
2011-04-22 11:48:00-04:00,0.33333333333333337
2011-04-22 11:48:03-04:00,0.0
2011-04-22 11:48:06-04:00,0.3333333333333333
2011-04-22 11:48:09-04:00,1.0
2011-04-22 11:48:12-04:00,1.0
2011-04-22 11:48:15-04:00,1.0
2011-04-22 11:48:18-04:00,1.0
2011-04-22 11:48:21-04:00,1.0
2011-04-22 11:48:24-04:00,1.0
2011-04-22 11:48:27-04:00,1.0
2011-04-22 11:48:30-04:00,1.0
2011-04-22 11:48:33-04:00,1.0
2011-04-22 11:48:36-04:00,1.0
2011-04-22 11:48:39-04:00,0.6666666666666667
2011-04-22 11:48:42-04:00,0.25
2011-04-22 11:48:45-04:00,1.0
2011-04-22 11:48:48-04:00,1.0
2011-04-22 11:48:51-04:00,1.0
2011-04-22 11:48:54-04:00,1.0
2011-04-22 11:48:57-04:00,1.0
2011-04-22 11:49:00-04:00,1.0
2011-04-22 11:49:03-04:00,1.0
2011-04-22 11:49:06-04:00,1.0
2011-04-22 11:49:09-04:00,1.0
2011-04-22 11:49:12-04:00,0.75
2011-04-22 11:49:15-04:00,0.0
2011-04-22 11:49:18-04:00,1.0
2011-04-22 11:49:21-04:00,1.0
2011-04-22 11:49:24-04:00,1.0
2011-04-22 11:49:27-04:00,1.0
2011-04-22 11:49:30-04:00,1.0
2011-04-22 11:49:33-04:00,1.0
2011-04-22 11:49:36-04:00,0.6666666666666667
2011-04-22 11:49:39-04:00,0.25
2011-04-22 11:49:42-04:00,1.0
2011-04-22 11:49:45-04:00,1.0
2011-04-22 11:49:48-04:00,1.0
2011-04-22 11:49:51-04:00,1.0
2011-04-22 11:49:54-04:00,1.0
2011-04-22 11:49:57-04:00,1.0
2011-04-22 11:50:00-04:00,1.0
2011-04-22 11:50:03-04:00,1.0
2011-04-22 11:50:06-04:00,1.0
2011-04-22 11:50:09-04:00,1.0
2011-04-22 11:50:12-04:00,1.0
2011-04-22 11:50:15-04:00,1.0
2011-04-22 11:50:18-04:00,1.0
2011-04-22 11:50:21-04:00,1.0
2011-04-22 11:50:24-04:00,1.0
2011-04-22 11:50:27-04:00,0.7777777777777778
2011-04-22 11:50:30-04:00,0.4444444444444444
2011-04-22 11:50:33-04:00,0.11111111111111116
2011-04-22 11:50:36-04:00,0.5
2011-04-22 11:50:39-04:00,1.0
2011-04-22 11:50:42-04:00,0.6666666666666667
2011-04-22 11:50:45-04:00,0.25
2011-04-22 11:50:48-04:00,1.0
2011-04-22 11:50:51-04:00,1.0
2011-04-22 11:50:54-04:00,1.0
2011-04-22 11:50:57-04:00,1.0
2011-04-22 11:51:00-04:00,1.0
2011-04-22 11:51:03-04:00,1.0
2011-04-22 11:51:06-04:00,1.0
2011-04-22 11:51:09-04:00,1.0
2011-04-22 11:51:12-04:00,1.0
2011-04-22 11:51:15-04:00,1.0
2011-04-22 11:51:18-04:00,1.0
2011-04-22 11:51:21-04:00,1.0
2011-04-22 11:51:24-04:00,1.0
2011-04-22 11:51:27-04:00,1.0
2011-04-22 11:51:30-04:00,1.0
2011-04-22 11:51:33-04:00,1.0
2011-04-22 11:51:36-04:00,1.0
2011-04-22 11:51:39-04:00,1.0
2011-04-22 11:51:42-04:00,0.6666666666666667
2011-04-22 11:51:45-04:00,0.0
2011-04-22 11:51:48-04:00,0.25
2011-04-22 11:51:51-04:00,1.0
2011-04-22 11:51:54-04:00,0.25
2011-04-22 11:51:57-04:00,0.5
2011-04-22 11:52:00-04:00,1.0
2011-04-22 11:52:03-04:00,0.75
2011-04-22 11:52:06-04:00,0.0
2011-04-22 11:52:09-04:00,1.0
2011-04-22 11:52:12-04:00,1.0
2011-04-22 11:52:15-04:00,1.0
2011-04-22 11:52:18-04:00,1.0
2011-04-22 11:52:21-04:00,1.0
2011-04-22 11:52:24-04:00,1.0
2011-04-22 11:52:27-04:00,0.8888888888888888
2011-04-22 11:52:30-04:00,0.5555555555555556
2011-04-22 11:52:33-04:00,0.2222222222222222
2011-04-22 11:52:36-04:00,0.25
2011-04-22 11:52:39-04:00,1.0
2011-04-22 11:52:42-04:00,1.0
2011-04-22 11:52:45-04:00,1.0
2011-04-22 11:52:48-04:00,1.0
2011-04-22 11:52:51-04:00,1.0
2011-04-22 11:52:54-04:00,1.0
2011-04-22 11:52:57-04:00,0.6666666666666667
2011-04-22 11:53:00-04:00,0.25
2011-04-22 11:53:03-04:00,1.0
2011-04-22 11:53:06-04:00,1.0
2011-04-22 11:53:09-04:00,1.0
2011-04-22 11:53:12-04:00,1.0
2011-04-22 11:53:15-04:00,1.0
2011-04-22 11:53:18-04:00,1.0
2011-04-22 11:53:21-04:00,1.0
2011-04-22 11:53:24-04:00,1.0
2011-04-22 11:53:27-04:00,1.0
2011-04-22 11:53:30-04:00,1.0
2011-04-22 11:53:33-04:00,1.0
2011-04-22 11:53:36-04:00,0.75
2011-04-22 11:53:39-04:00,0.0
2011-04-22 11:53:42-04:00,1.0
2011-04-22 11:53:45-04:00,1.0
2011-04-22 11:53:48-04:00,1.0
2011-04-22 11:53:51-04:00,1.0
2011-04-22 11:53:54-04:00,0.6666666666666667
2011-04-22 11:53:57-04:00,0.25
2011-04-22 11:54:00-04:00,1.0
2011-04-22 11:54:03-04:00,1.0
2011-04-22 11:54:06-04:00,1.0
2011-04-22 11:54:09-04:00,1.0
2011-04-22 11:54:12-04:00,1.0
2011-04-22 11:54:15-04:00,1.0
2011-04-22 11:54:18-04:00,1.0
2011-04-22 11:54:21-04:00,1.0
2011-04-22 11:54:24-04:00,0.75
2011-04-22 11:54:27-04:00,0.0
2011-04-22 11:54:30-04:00,0.3333333333333333
2011-04-22 11:54:33-04:00,0.6666666666666666
2011-04-22 11:54:36-04:00,1.0
2011-04-22 11:54:39-04:00,1.0
2011-04-22 11:54:42-04:00,1.0
2011-04-22 11:54:45-04:00,1.0
2011-04-22 11:54:48-04:00,1.0
2011-04-22 11:54:51-04:00,1.0
2011-04-22 11:54:54-04:00,0.6666666666666667
2011-04-22 11:54:57-04:00,0.25
2011-04-22 11:55:00-04:00,1.0
2011-04-22 11:55:03-04:00,1.0
2011-04-22 11:55:06-04:00,0.25
2011-04-22 11:55:09-04:00,0.6666666666666666
2011-04-22 11:55:12-04:00,1.0
2011-04-22 11:55:15-04:00,1.0
2011-04-22 11:55:18-04:00,1.0
2011-04-22 11:55:21-04:00,1.0
2011-04-22 11:55:24-04:00,0.0
2011-04-22 11:55:27-04:00,1.0
2011-04-22 11:55:30-04:00,1.0
2011-04-22 11:55:33-04:00,1.0
2011-04-22 11:55:36-04:00,1.0
2011-04-22 11:55:39-04:00,1.0
2011-04-22 11:55:42-04:00,1.0
2011-04-22 11:55:45-04:00,1.0
2011-04-22 11:55:48-04:00,1.0
2011-04-22 11:55:51-04:00,1.0
2011-04-22 11:55:54-04:00,1.0
2011-04-22 11:55:57-04:00,0.0
2011-04-22 11:56:00-04:00,1.0
2011-04-22 11:56:03-04:00,1.0
2011-04-22 11:56:06-04:00,1.0
2011-04-22 11:56:09-04:00,1.0
2011-04-22 11:56:12-04:00,0.75
2011-04-22 11:56:15-04:00,0.0
2011-04-22 11:56:18-04:00,1.0
2011-04-22 11:56:21-04:00,0.25
2011-04-22 11:56:24-04:00,0.6666666666666666
2011-04-22 11:56:27-04:00,1.0
2011-04-22 11:56:30-04:00,1.0
2011-04-22 11:56:33-04:00,1.0
2011-04-22 11:56:36-04:00,1.0
2011-04-22 11:56:39-04:00,1.0
2011-04-22 11:56:42-04:00,1.0
2011-04-22 11:56:45-04:00,1.0
2011-04-22 11:56:48-04:00,0.0
2011-04-22 11:56:51-04:00,0.75
2011-04-22 11:56:54-04:00,1.0
2011-04-22 11:56:57-04:00,1.0
2011-04-22 11:57:00-04:00,1.0
2011-04-22 11:57:03-04:00,0.6666666666666667
2011-04-22 11:57:06-04:00,0.25
2011-04-22 11:57:09-04:00,1.0
2011-04-22 11:57:12-04:00,0.0
2011-04-22 11:57:15-04:00,0.75
2011-04-22 11:57:18-04:00,1.0
2011-04-22 11:57:21-04:00,1.0
2011-04-22 11:57:24-04:00,0.5
2011-04-22 11:57:27-04:00,0.1111111111111111
2011-04-22 11:57:30-04:00,0.4444444444444444
2011-04-22 11:57:33-04:00,0.7777777777777778
2011-04-22 11:57:36-04:00,1.0
2011-04-22 11:57:39-04:00,1.0
2011-04-22 11:57:42-04:00,1.0
2011-04-22 11:57:45-04:00,1.0
2011-04-22 11:57:48-04:00,0.0
2011-04-22 11:57:51-04:00,0.75
2011-04-22 11:57:54-04:00,1.0
2011-04-22 11:57:57-04:00,1.0
2011-04-22 11:58:00-04:00,1.0
2011-04-22 11:58:03-04:00,1.0
2011-04-22 11:58:06-04:00,1.0
2011-04-22 11:58:09-04:00,1.0
2011-04-22 11:58:12-04:00,0.0
2011-04-22 11:58:15-04:00,0.75
2011-04-22 11:58:18-04:00,1.0
2011-04-22 11:58:21-04:00,1.0
2011-04-22 11:58:24-04:00,0.6666666666666667
2011-04-22 11:58:27-04:00,0.1111111111111111
2011-04-22 11:58:30-04:00,0.4444444444444444
2011-04-22 11:58:33-04:00,0.7777777777777778
2011-04-22 11:58:36-04:00,1.0
2011-04-22 11:58:39-04:00,0.75
2011-04-22 11:58:42-04:00,0.0
2011-04-22 11:58:45-04:00,1.0
2011-04-22 11:58:48-04:00,1.0
2011-04-22 11:58:51-04:00,1.0
2011-04-22 11:58:54-04:00,1.0
2011-04-22 11:58:57-04:00,1.0
2011-04-22 11:59:00-04:00,1.0
2011-04-22 11:59:03-04:00,1.0
2011-04-22 11:59:06-04:00,1.0
2011-04-22 11:59:09-04:00,1.0
2011-04-22 11:59:12-04:00,1.0
2011-04-22 11:59:15-04:00,1.0
2011-04-22 11:59:18-04:00,1.0
2011-04-22 11:59:21-04:00,1.0
2011-04-22 11:59:24-04:00,1.0
2011-04-22 11:59:27-04:00,1.0
2011-04-22 11:59:30-04:00,1.0
2011-04-22 11:59:33-04:00,1.0
2011-04-22 11:59:36-04:00,1.0
2011-04-22 11:59:39-04:00,1.0
2011-04-22 11:59:42-04:00,1.0
2011-04-22 11:59:45-04:00,1.0
2011-04-22 11:59:48-04:00,1.0
2011-04-22 11:59:51-04:00,1.0
2011-04-22 11:59:54-04:00,1.0
2011-04-22 11:59:57-04:00,1.0
2011-04-22 12:00:00-04:00,1.0
2011-04-22 12:00:03-04:00,1.0
2011-04-22 12:00:06-04:00,1.0
2011-04-22 12:00:09-04:00,1.0
2011-04-22 12:00:12-04:00,1.0
2011-04-22 12:00:15-04:00,0.5
2011-04-22 12:00:18-04:00,0.3333333333333333
2011-04-22 12:00:21-04:00,1.0
2011-04-22 12:00:24-04:00,1.0
2011-04-22 12:00:27-04:00,0.0
2011-04-22 12:00:30-04:00,0.3333333333333333
2011-04-22 12:00:33-04:00,0.6666666666666666
2011-04-22 12:00:36-04:00,1.0
2011-04-22 12:00:39-04:00,1.0
2011-04-22 12:00:42-04:00,1.0
2011-04-22 12:00:45-04:00,0.33333333333333337
2011-04-22 12:00:48-04:00,0.5
2011-04-22 12:00:51-04:00,1.0
2011-04-22 12:00:54-04:00,1.0
2011-04-22 12:00:57-04:00,1.0
2011-04-22 12:01:00-04:00,1.0
2011-04-22 12:01:03-04:00,1.0
2011-04-22 12:01:06-04:00,1.0
2011-04-22 12:01:09-04:00,1.0
2011-04-22 12:01:12-04:00,1.0
2011-04-22 12:01:15-04:00,1.0
2011-04-22 12:01:18-04:00,1.0
2011-04-22 12:01:21-04:00,0.0
2011-04-22 12:01:24-04:00,0.75
2011-04-22 12:01:27-04:00,0.33333333333333337
2011-04-22 12:01:30-04:00,0.2222222222222222
2011-04-22 12:01:33-04:00,0.5555555555555556
2011-04-22 12:01:36-04:00,0.8888888888888888
2011-04-22 12:01:39-04:00,1.0
2011-04-22 12:01:42-04:00,1.0
2011-04-22 12:01:45-04:00,1.0
2011-04-22 12:01:48-04:00,0.75
2011-04-22 12:01:51-04:00,0.0
2011-04-22 12:01:54-04:00,0.0
2011-04-22 12:01:57-04:00,1.0
2011-04-22 12:02:00-04:00,1.0
2011-04-22 12:02:03-04:00,1.0
2011-04-22 12:02:06-04:00,0.5
2011-04-22 12:02:09-04:00,0.3333333333333333
2011-04-22 12:02:12-04:00,1.0
2011-04-22 12:02:15-04:00,1.0
2011-04-22 12:02:18-04:00,0.0
2011-04-22 12:02:21-04:00,0.75
2011-04-22 12:02:24-04:00,1.0
2011-04-22 12:02:27-04:00,1.0
2011-04-22 12:02:30-04:00,1.0
2011-04-22 12:02:33-04:00,1.0
2011-04-22 12:02:36-04:00,1.0
2011-04-22 12:02:39-04:00,1.0
2011-04-22 12:02:42-04:00,1.0
2011-04-22 12:02:45-04:00,1.0
2011-04-22 12:02:48-04:00,1.0
2011-04-22 12:02:51-04:00,1.0
2011-04-22 12:02:54-04:00,1.0
2011-04-22 12:02:57-04:00,1.0
2011-04-22 12:03:00-04:00,1.0
2011-04-22 12:03:03-04:00,1.0
2011-04-22 12:03:06-04:00,1.0
2011-04-22 12:03:09-04:00,1.0
2011-04-22 12:03:12-04:00,1.0
2011-04-22 12:03:15-04:00,1.0
2011-04-22 12:03:18-04:00,1.0
2011-04-22 12:03:21-04:00,1.0
2011-04-22 12:03:24-04:00,1.0
2011-04-22 12:03:27-04:00,1.0
2011-04-22 12:03:30-04:00,1.0
2011-04-22 12:03:33-04:00,1.0
2011-04-22 12:03:36-04:00,1.0
2011-04-22 12:03:39-04:00,1.0
2011-04-22 12:03:42-04:00,1.0
2011-04-22 12:03:45-04:00,1.0
2011-04-22 12:03:48-04:00,1.0
2011-04-22 12:03:51-04:00,1.0
2011-04-22 12:03:54-04:00,1.0
2011-04-22 12:03:57-04:00,1.0
2011-04-22 12:04:00-04:00,1.0
2011-04-22 12:04:03-04:00,1.0
2011-04-22 12:04:06-04:00,1.0
2011-04-22 12:04:09-04:00,1.0
2011-04-22 12:04:12-04:00,1.0
2011-04-22 12:04:15-04:00,1.0
2011-04-22 12:04:18-04:00,1.0
2011-04-22 12:04:21-04:00,1.0
2011-04-22 12:04:24-04:00,1.0
2011-04-22 12:04:27-04:00,1.0
2011-04-22 12:04:30-04:00,1.0
2011-04-22 12:04:33-04:00,1.0
2011-04-22 12:04:36-04:00,1.0
2011-04-22 12:04:39-04:00,1.0
2011-04-22 12:04:42-04:00,1.0
2011-04-22 12:04:45-04:00,1.0
2011-04-22 12:04:48-04:00,1.0
2011-04-22 12:04:51-04:00,1.0
2011-04-22 12:04:54-04:00,1.0
2011-04-22 12:04:57-04:00,1.0
2011-04-22 12:05:00-04:00,1.0
2011-04-22 12:05:03-04:00,1.0
2011-04-22 12:05:06-04:00,1.0
2011-04-22 12:05:09-04:00,1.0
2011-04-22 12:05:12-04:00,1.0
2011-04-22 12:05:15-04:00,1.0
2011-04-22 12:05:18-04:00,1.0
2011-04-22 12:05:21-04:00,1.0
2011-04-22 12:05:24-04:00,1.0
2011-04-22 12:05:27-04:00,1.0
2011-04-22 12:05:30-04:00,1.0
2011-04-22 12:05:33-04:00,1.0
2011-04-22 12:05:36-04:00,1.0
2011-04-22 12:05:39-04:00,1.0
2011-04-22 12:05:42-04:00,1.0
2011-04-22 12:05:45-04:00,1.0
2011-04-22 12:05:48-04:00,1.0
2011-04-22 12:05:51-04:00,1.0
2011-04-22 12:05:54-04:00,1.0
2011-04-22 12:05:57-04:00,1.0
2011-04-22 12:06:00-04:00,1.0
2011-04-22 12:06:03-04:00,1.0
2011-04-22 12:06:06-04:00,1.0
2011-04-22 12:06:09-04:00,1.0
2011-04-22 12:06:12-04:00,1.0
2011-04-22 12:06:15-04:00,1.0
2011-04-22 12:06:18-04:00,1.0
2011-04-22 12:06:21-04:00,1.0
2011-04-22 12:06:24-04:00,1.0
2011-04-22 12:06:27-04:00,1.0
2011-04-22 12:06:30-04:00,1.0
2011-04-22 12:06:33-04:00,1.0
2011-04-22 12:06:36-04:00,1.0
2011-04-22 12:06:39-04:00,1.0
2011-04-22 12:06:42-04:00,1.0
2011-04-22 12:06:45-04:00,1.0
2011-04-22 12:06:48-04:00,1.0
2011-04-22 12:06:51-04:00,1.0
2011-04-22 12:06:54-04:00,1.0
2011-04-22 12:06:57-04:00,1.0
2011-04-22 12:07:00-04:00,0.5
2011-04-22 12:07:03-04:00,0.3333333333333333
2011-04-22 12:07:06-04:00,0.75
2011-04-22 12:07:09-04:00,0.0
2011-04-22 12:07:12-04:00,1.0
2011-04-22 12:07:15-04:00,1.0
2011-04-22 12:07:18-04:00,1.0
2011-04-22 12:07:21-04:00,1.0
2011-04-22 12:07:24-04:00,1.0
2011-04-22 12:07:27-04:00,1.0
2011-04-22 12:07:30-04:00,1.0
2011-04-22 12:07:33-04:00,1.0
2011-04-22 12:07:36-04:00,1.0
2011-04-22 12:07:39-04:00,1.0
2011-04-22 12:07:42-04:00,1.0
2011-04-22 12:07:45-04:00,1.0
2011-04-22 12:07:48-04:00,1.0
2011-04-22 12:07:51-04:00,1.0
2011-04-22 12:07:54-04:00,1.0
2011-04-22 12:07:57-04:00,1.0
2011-04-22 12:08:00-04:00,1.0
2011-04-22 12:08:03-04:00,1.0
2011-04-22 12:08:06-04:00,1.0
2011-04-22 12:08:09-04:00,1.0
2011-04-22 12:08:12-04:00,1.0
2011-04-22 12:08:15-04:00,1.0
2011-04-22 12:08:18-04:00,1.0
2011-04-22 12:08:21-04:00,1.0
2011-04-22 12:08:24-04:00,1.0
2011-04-22 12:08:27-04:00,1.0
2011-04-22 12:08:30-04:00,1.0
2011-04-22 12:08:33-04:00,1.0
2011-04-22 12:08:36-04:00,1.0
2011-04-22 12:08:39-04:00,1.0
2011-04-22 12:08:42-04:00,1.0
2011-04-22 12:08:45-04:00,1.0
2011-04-22 12:08:48-04:00,1.0
2011-04-22 12:08:51-04:00,1.0
2011-04-22 12:08:54-04:00,1.0
2011-04-22 12:08:57-04:00,1.0
2011-04-22 12:09:00-04:00,1.0
2011-04-22 12:09:03-04:00,1.0
2011-04-22 12:09:06-04:00,1.0
2011-04-22 12:09:09-04:00,1.0
2011-04-22 12:09:12-04:00,1.0
2011-04-22 12:09:15-04:00,1.0
2011-04-22 12:09:18-04:00,1.0
2011-04-22 12:09:21-04:00,1.0
2011-04-22 12:09:24-04:00,1.0
2011-04-22 12:09:27-04:00,1.0
2011-04-22 12:09:30-04:00,1.0
2011-04-22 12:09:33-04:00,1.0
2011-04-22 12:09:36-04:00,1.0
2011-04-22 12:09:39-04:00,1.0
2011-04-22 12:09:42-04:00,1.0
2011-04-22 12:09:45-04:00,1.0
2011-04-22 12:09:48-04:00,1.0
2011-04-22 12:09:51-04:00,1.0
2011-04-22 12:09:54-04:00,1.0
2011-04-22 12:09:57-04:00,1.0
2011-04-22 12:10:00-04:00,1.0
2011-04-22 12:10:03-04:00,1.0
2011-04-22 12:10:06-04:00,1.0
2011-04-22 12:10:09-04:00,1.0
2011-04-22 12:10:12-04:00,1.0
2011-04-22 12:10:15-04:00,1.0
2011-04-22 12:10:18-04:00,1.0
2011-04-22 12:10:21-04:00,1.0
2011-04-22 12:10:24-04:00,1.0
2011-04-22 12:10:27-04:00,1.0
2011-04-22 12:10:30-04:00,1.0
2011-04-22 12:10:33-04:00,1.0
2011-04-22 12:10:36-04:00,1.0
2011-04-22 12:10:39-04:00,1.0
2011-04-22 12:10:42-04:00,1.0
2011-04-22 12:10:45-04:00,1.0
2011-04-22 12:10:48-04:00,1.0
2011-04-22 12:10:51-04:00,1.0
2011-04-22 12:10:54-04:00,1.0
2011-04-22 12:10:57-04:00,1.0
2011-04-22 12:11:00-04:00,1.0
2011-04-22 12:11:03-04:00,1.0
2011-04-22 12:11:06-04:00,1.0
2011-04-22 12:11:09-04:00,1.0
2011-04-22 12:11:12-04:00,1.0
2011-04-22 12:11:15-04:00,1.0
2011-04-22 12:11:18-04:00,1.0
2011-04-22 12:11:21-04:00,1.0
2011-04-22 12:11:24-04:00,1.0
2011-04-22 12:11:27-04:00,1.0
2011-04-22 12:11:30-04:00,1.0
2011-04-22 12:11:33-04:00,1.0
2011-04-22 12:11:36-04:00,1.0
2011-04-22 12:11:39-04:00,1.0
2011-04-22 12:11:42-04:00,1.0
2011-04-22 12:11:45-04:00,1.0
2011-04-22 12:11:48-04:00,1.0
2011-04-22 12:11:51-04:00,1.0
2011-04-22 12:11:54-04:00,1.0
2011-04-22 12:11:57-04:00,1.0
2011-04-22 12:12:00-04:00,1.0
2011-04-22 12:12:03-04:00,1.0
2011-04-22 12:12:06-04:00,1.0
2011-04-22 12:12:09-04:00,1.0
2011-04-22 12:12:12-04:00,1.0
2011-04-22 12:12:15-04:00,1.0
2011-04-22 12:12:18-04:00,1.0
2011-04-22 12:12:21-04:00,1.0
2011-04-22 12:12:24-04:00,1.0
2011-04-22 12:12:27-04:00,1.0
2011-04-22 12:12:30-04:00,1.0
2011-04-22 12:12:33-04:00,1.0
2011-04-22 12:12:36-04:00,1.0
2011-04-22 12:12:39-04:00,1.0
2011-04-22 12:12:42-04:00,1.0
2011-04-22 12:12:45-04:00,1.0
2011-04-22 12:12:48-04:00,1.0
2011-04-22 12:12:51-04:00,1.0
2011-04-22 12:12:54-04:00,1.0
2011-04-22 12:12:57-04:00,1.0
2011-04-22 12:13:00-04:00,1.0
2011-04-22 12:13:03-04:00,1.0
2011-04-22 12:13:06-04:00,1.0
2011-04-22 12:13:09-04:00,1.0
2011-04-22 12:13:12-04:00,1.0
2011-04-22 12:13:15-04:00,1.0
2011-04-22 12:13:18-04:00,1.0
2011-04-22 12:13:21-04:00,1.0
2011-04-22 12:13:24-04:00,1.0
2011-04-22 12:13:27-04:00,1.0
2011-04-22 12:13:30-04:00,1.0
2011-04-22 12:13:33-04:00,1.0
2011-04-22 12:13:36-04:00,1.0
2011-04-22 12:13:39-04:00,1.0
2011-04-22 12:13:42-04:00,1.0
2011-04-22 12:13:45-04:00,1.0
2011-04-22 12:13:48-04:00,1.0
2011-04-22 12:13:51-04:00,1.0
2011-04-22 12:13:54-04:00,1.0
2011-04-22 12:13:57-04:00,1.0
2011-04-22 12:14:00-04:00,1.0
2011-04-22 12:14:03-04:00,1.0
2011-04-22 12:14:06-04:00,1.0
2011-04-22 12:14:09-04:00,1.0
2011-04-22 12:14:12-04:00,1.0
2011-04-22 12:14:15-04:00,1.0
2011-04-22 12:14:18-04:00,1.0
2011-04-22 12:14:21-04:00,1.0
2011-04-22 12:14:24-04:00,1.0
2011-04-22 12:14:27-04:00,1.0
2011-04-22 12:14:30-04:00,1.0
2011-04-22 12:14:33-04:00,1.0
2011-04-22 12:14:36-04:00,1.0
2011-04-22 12:14:39-04:00,1.0
2011-04-22 12:14:42-04:00,1.0
2011-04-22 12:14:45-04:00,1.0
2011-04-22 12:14:48-04:00,1.0
2011-04-22 12:14:51-04:00,1.0
2011-04-22 12:14:54-04:00,1.0
2011-04-22 12:14:57-04:00,1.0
2011-04-22 12:15:00-04:00,1.0
2011-04-22 12:15:03-04:00,1.0
2011-04-22 12:15:06-04:00,1.0
2011-04-22 12:15:09-04:00,1.0
2011-04-22 12:15:12-04:00,1.0
2011-04-22 12:15:15-04:00,1.0
2011-04-22 12:15:18-04:00,1.0
2011-04-22 12:15:21-04:00,1.0
2011-04-22 12:15:24-04:00,1.0
2011-04-22 12:15:27-04:00,1.0
2011-04-22 12:15:30-04:00,1.0
2011-04-22 12:15:33-04:00,1.0
2011-04-22 12:15:36-04:00,1.0
2011-04-22 12:15:39-04:00,1.0
2011-04-22 12:15:42-04:00,1.0
2011-04-22 12:15:45-04:00,1.0
2011-04-22 12:15:48-04:00,1.0
2011-04-22 12:15:51-04:00,1.0
2011-04-22 12:15:54-04:00,1.0
2011-04-22 12:15:57-04:00,1.0
2011-04-22 12:16:00-04:00,1.0
2011-04-22 12:16:03-04:00,1.0
2011-04-22 12:16:06-04:00,1.0
2011-04-22 12:16:09-04:00,1.0
2011-04-22 12:16:12-04:00,1.0
2011-04-22 12:16:15-04:00,1.0
2011-04-22 12:16:18-04:00,1.0
2011-04-22 12:16:21-04:00,1.0
2011-04-22 12:16:24-04:00,1.0
2011-04-22 12:16:27-04:00,1.0
2011-04-22 12:16:30-04:00,1.0
2011-04-22 12:16:33-04:00,1.0
2011-04-22 12:16:36-04:00,1.0
2011-04-22 12:16:39-04:00,1.0
2011-04-22 12:16:42-04:00,1.0
2011-04-22 12:16:45-04:00,1.0
2011-04-22 12:16:48-04:00,1.0
2011-04-22 12:16:51-04:00,1.0
2011-04-22 12:16:54-04:00,1.0
2011-04-22 12:16:57-04:00,1.0
2011-04-22 12:17:00-04:00,1.0
2011-04-22 12:17:03-04:00,1.0
2011-04-22 12:17:06-04:00,1.0
2011-04-22 12:17:09-04:00,1.0
2011-04-22 12:17:12-04:00,1.0
2011-04-22 12:17:15-04:00,1.0
2011-04-22 12:17:18-04:00,1.0
2011-04-22 12:17:21-04:00,1.0
2011-04-22 12:17:24-04:00,1.0
2011-04-22 12:17:27-04:00,1.0
2011-04-22 12:17:30-04:00,1.0
2011-04-22 12:17:33-04:00,1.0
2011-04-22 12:17:36-04:00,1.0
2011-04-22 12:17:39-04:00,1.0
2011-04-22 12:17:42-04:00,1.0
2011-04-22 12:17:45-04:00,1.0
2011-04-22 12:17:48-04:00,1.0
2011-04-22 12:17:51-04:00,1.0
2011-04-22 12:17:54-04:00,1.0
2011-04-22 12:17:57-04:00,1.0
2011-04-22 12:18:00-04:00,1.0
2011-04-22 12:18:03-04:00,1.0
2011-04-22 12:18:06-04:00,1.0
2011-04-22 12:18:09-04:00,1.0
2011-04-22 12:18:12-04:00,1.0
2011-04-22 12:18:15-04:00,1.0
2011-04-22 12:18:18-04:00,1.0
2011-04-22 12:18:21-04:00,1.0
2011-04-22 12:18:24-04:00,1.0
2011-04-22 12:18:27-04:00,1.0
2011-04-22 12:18:30-04:00,1.0
2011-04-22 12:18:33-04:00,1.0
2011-04-22 12:18:36-04:00,1.0
2011-04-22 12:18:39-04:00,1.0
2011-04-22 12:18:42-04:00,1.0
2011-04-22 12:18:45-04:00,1.0
2011-04-22 12:18:48-04:00,1.0
2011-04-22 12:18:51-04:00,1.0
2011-04-22 12:18:54-04:00,1.0
2011-04-22 12:18:57-04:00,1.0
2011-04-22 12:19:00-04:00,1.0
2011-04-22 12:19:03-04:00,1.0
2011-04-22 12:19:06-04:00,1.0
2011-04-22 12:19:09-04:00,1.0
2011-04-22 12:19:12-04:00,1.0
2011-04-22 12:19:15-04:00,1.0
2011-04-22 12:19:18-04:00,1.0
2011-04-22 12:19:21-04:00,1.0
2011-04-22 12:19:24-04:00,1.0
2011-04-22 12:19:27-04:00,1.0
2011-04-22 12:19:30-04:00,1.0
2011-04-22 12:19:33-04:00,1.0
2011-04-22 12:19:36-04:00,1.0
2011-04-22 12:19:39-04:00,1.0
2011-04-22 12:19:42-04:00,1.0
2011-04-22 12:19:45-04:00,1.0
2011-04-22 12:19:48-04:00,1.0
2011-04-22 12:19:51-04:00,1.0
2011-04-22 12:19:54-04:00,1.0
2011-04-22 12:19:57-04:00,1.0
2011-04-22 12:20:00-04:00,1.0
2011-04-22 12:20:03-04:00,1.0
2011-04-22 12:20:06-04:00,1.0
2011-04-22 12:20:09-04:00,1.0
2011-04-22 12:20:12-04:00,1.0
2011-04-22 12:20:15-04:00,1.0
2011-04-22 12:20:18-04:00,1.0
2011-04-22 12:20:21-04:00,1.0
2011-04-22 12:20:24-04:00,1.0
2011-04-22 12:20:27-04:00,1.0
2011-04-22 12:20:30-04:00,1.0
2011-04-22 12:20:33-04:00,1.0
2011-04-22 12:20:36-04:00,1.0
2011-04-22 12:20:39-04:00,1.0
2011-04-22 12:20:42-04:00,1.0
2011-04-22 12:20:45-04:00,1.0
2011-04-22 12:20:48-04:00,1.0
2011-04-22 12:20:51-04:00,1.0
2011-04-22 12:20:54-04:00,1.0
2011-04-22 12:20:57-04:00,1.0
2011-04-22 12:21:00-04:00,1.0
2011-04-22 12:21:03-04:00,1.0
2011-04-22 12:21:06-04:00,1.0
2011-04-22 12:21:09-04:00,1.0
2011-04-22 12:21:12-04:00,1.0
2011-04-22 12:21:15-04:00,1.0
2011-04-22 12:21:18-04:00,1.0
2011-04-22 12:21:21-04:00,1.0
2011-04-22 12:21:24-04:00,1.0
2011-04-22 12:21:27-04:00,1.0
2011-04-22 12:21:30-04:00,1.0
2011-04-22 12:21:33-04:00,1.0
2011-04-22 12:21:36-04:00,1.0
2011-04-22 12:21:39-04:00,1.0
2011-04-22 12:21:42-04:00,1.0
2011-04-22 12:21:45-04:00,1.0
2011-04-22 12:21:48-04:00,1.0
2011-04-22 12:21:51-04:00,1.0
2011-04-22 12:21:54-04:00,1.0
2011-04-22 12:21:57-04:00,1.0
2011-04-22 12:22:00-04:00,1.0
2011-04-22 12:22:03-04:00,1.0
2011-04-22 12:22:06-04:00,1.0
2011-04-22 12:22:09-04:00,1.0
2011-04-22 12:22:12-04:00,1.0
2011-04-22 12:22:15-04:00,1.0
2011-04-22 12:22:18-04:00,1.0
2011-04-22 12:22:21-04:00,1.0
2011-04-22 12:22:24-04:00,1.0
2011-04-22 12:22:27-04:00,1.0
2011-04-22 12:22:30-04:00,1.0
2011-04-22 12:22:33-04:00,1.0
2011-04-22 12:22:36-04:00,1.0
2011-04-22 12:22:39-04:00,1.0
2011-04-22 12:22:42-04:00,1.0
2011-04-22 12:22:45-04:00,1.0
2011-04-22 12:22:48-04:00,1.0
2011-04-22 12:22:51-04:00,1.0
2011-04-22 12:22:54-04:00,1.0
2011-04-22 12:22:57-04:00,1.0
2011-04-22 12:23:00-04:00,1.0
2011-04-22 12:23:03-04:00,1.0
2011-04-22 12:23:06-04:00,1.0
2011-04-22 12:23:09-04:00,1.0
2011-04-22 12:23:12-04:00,1.0
2011-04-22 12:23:15-04:00,1.0
2011-04-22 12:23:18-04:00,1.0
2011-04-22 12:23:21-04:00,1.0
2011-04-22 12:23:24-04:00,1.0
2011-04-22 12:23:27-04:00,1.0
2011-04-22 12:23:30-04:00,1.0
2011-04-22 12:23:33-04:00,1.0
2011-04-22 12:23:36-04:00,1.0
2011-04-22 12:23:39-04:00,1.0
2011-04-22 12:23:42-04:00,1.0
2011-04-22 12:23:45-04:00,1.0
2011-04-22 12:23:48-04:00,1.0
2011-04-22 12:23:51-04:00,1.0
2011-04-22 12:23:54-04:00,1.0
2011-04-22 12:23:57-04:00,1.0
2011-04-22 12:24:00-04:00,1.0
2011-04-22 12:24:03-04:00,1.0
2011-04-22 12:24:06-04:00,1.0
2011-04-22 12:24:09-04:00,1.0
2011-04-22 12:24:12-04:00,1.0
2011-04-22 12:24:15-04:00,1.0
2011-04-22 12:24:18-04:00,1.0
2011-04-22 12:24:21-04:00,1.0
2011-04-22 12:24:24-04:00,1.0
2011-04-22 12:24:27-04:00,1.0
2011-04-22 12:24:30-04:00,1.0
2011-04-22 12:24:33-04:00,1.0
2011-04-22 12:24:36-04:00,1.0
2011-04-22 12:24:39-04:00,1.0
2011-04-22 12:24:42-04:00,1.0
2011-04-22 12:24:45-04:00,1.0
2011-04-22 12:24:48-04:00,1.0
2011-04-22 12:24:51-04:00,1.0
2011-04-22 12:24:54-04:00,1.0
2011-04-22 12:24:57-04:00,1.0
2011-04-22 12:25:00-04:00,1.0
2011-04-22 12:25:03-04:00,1.0
2011-04-22 12:25:06-04:00,1.0
2011-04-22 12:25:09-04:00,1.0
2011-04-22 12:25:12-04:00,1.0
2011-04-22 12:25:15-04:00,1.0
2011-04-22 12:25:18-04:00,1.0
2011-04-22 12:25:21-04:00,1.0
2011-04-22 12:25:24-04:00,1.0
2011-04-22 12:25:27-04:00,1.0
2011-04-22 12:25:30-04:00,1.0
2011-04-22 12:25:33-04:00,1.0
2011-04-22 12:25:36-04:00,1.0
2011-04-22 12:25:39-04:00,1.0
2011-04-22 12:25:42-04:00,1.0
2011-04-22 12:25:45-04:00,1.0
2011-04-22 12:25:48-04:00,1.0
2011-04-22 12:25:51-04:00,1.0
2011-04-22 12:25:54-04:00,1.0
2011-04-22 12:25:57-04:00,1.0
2011-04-22 12:26:00-04:00,1.0
2011-04-22 12:26:03-04:00,1.0
2011-04-22 12:26:06-04:00,1.0
2011-04-22 12:26:09-04:00,1.0
2011-04-22 12:26:12-04:00,1.0
2011-04-22 12:26:15-04:00,1.0
2011-04-22 12:26:18-04:00,1.0
2011-04-22 12:26:21-04:00,1.0
2011-04-22 12:26:24-04:00,1.0
2011-04-22 12:26:27-04:00,1.0
2011-04-22 12:26:30-04:00,1.0
2011-04-22 12:26:33-04:00,1.0
2011-04-22 12:26:36-04:00,1.0
2011-04-22 12:26:39-04:00,1.0
2011-04-22 12:26:42-04:00,1.0
2011-04-22 12:26:45-04:00,0.33333333333333337
2011-04-22 12:26:48-04:00,0.6666666666666666
2011-04-22 12:26:51-04:00,1.0
2011-04-22 12:26:54-04:00,1.0
2011-04-22 12:26:57-04:00,1.0
2011-04-22 12:27:00-04:00,1.0
2011-04-22 12:27:03-04:00,1.0
2011-04-22 12:27:06-04:00,1.0
2011-04-22 12:27:09-04:00,1.0
2011-04-22 12:27:12-04:00,1.0
2011-04-22 12:27:15-04:00,1.0
2011-04-22 12:27:18-04:00,1.0
2011-04-22 12:27:21-04:00,1.0
2011-04-22 12:27:24-04:00,1.0
2011-04-22 12:27:27-04:00,1.0
2011-04-22 12:27:30-04:00,1.0
2011-04-22 12:27:33-04:00,1.0
2011-04-22 12:27:36-04:00,1.0
2011-04-22 12:27:39-04:00,1.0
2011-04-22 12:27:42-04:00,1.0
2011-04-22 12:27:45-04:00,1.0
2011-04-22 12:27:48-04:00,1.0
2011-04-22 12:27:51-04:00,1.0
2011-04-22 12:27:54-04:00,1.0
2011-04-22 12:27:57-04:00,1.0
2011-04-22 12:28:00-04:00,1.0
2011-04-22 12:28:03-04:00,1.0
2011-04-22 12:28:06-04:00,1.0
2011-04-22 12:28:09-04:00,1.0
2011-04-22 12:28:12-04:00,1.0
2011-04-22 12:28:15-04:00,1.0
2011-04-22 12:28:18-04:00,1.0
2011-04-22 12:28:21-04:00,1.0
2011-04-22 12:28:24-04:00,1.0
2011-04-22 12:28:27-04:00,1.0
2011-04-22 12:28:30-04:00,1.0
2011-04-22 12:28:33-04:00,1.0
2011-04-22 12:28:36-04:00,1.0
2011-04-22 12:28:39-04:00,1.0
2011-04-22 12:28:42-04:00,1.0
2011-04-22 12:28:45-04:00,1.0
2011-04-22 12:28:48-04:00,1.0
2011-04-22 12:28:51-04:00,1.0
2011-04-22 12:28:54-04:00,1.0
2011-04-22 12:28:57-04:00,1.0
2011-04-22 12:29:00-04:00,1.0
2011-04-22 12:29:03-04:00,1.0
2011-04-22 12:29:06-04:00,1.0
2011-04-22 12:29:09-04:00,1.0
2011-04-22 12:29:12-04:00,1.0
2011-04-22 12:29:15-04:00,1.0
2011-04-22 12:29:18-04:00,1.0
2011-04-22 12:29:21-04:00,1.0
2011-04-22 12:29:24-04:00,1.0
2011-04-22 12:29:27-04:00,1.0
2011-04-22 12:29:30-04:00,1.0
2011-04-22 12:29:33-04:00,1.0
2011-04-22 12:29:36-04:00,1.0
2011-04-22 12:29:39-04:00,1.0
2011-04-22 12:29:42-04:00,1.0
2011-04-22 12:29:45-04:00,1.0
2011-04-22 12:29:48-04:00,1.0
2011-04-22 12:29:51-04:00,0.6666666666666667
2011-04-22 12:29:54-04:00,0.25
2011-04-22 12:29:57-04:00,1.0
2011-04-22 12:30:00-04:00,1.0
2011-04-22 12:30:03-04:00,1.0
2011-04-22 12:30:06-04:00,1.0
2011-04-22 12:30:09-04:00,1.0
2011-04-22 12:30:12-04:00,1.0
2011-04-22 12:30:15-04:00,1.0
2011-04-22 12:30:18-04:00,1.0
2011-04-22 12:30:21-04:00,1.0
2011-04-22 12:30:24-04:00,1.0
2011-04-22 12:30:27-04:00,1.0
2011-04-22 12:30:30-04:00,1.0
2011-04-22 12:30:33-04:00,1.0
2011-04-22 12:30:36-04:00,1.0
2011-04-22 12:30:39-04:00,1.0
2011-04-22 12:30:42-04:00,1.0
2011-04-22 12:30:45-04:00,1.0
2011-04-22 12:30:48-04:00,1.0
2011-04-22 12:30:51-04:00,1.0
2011-04-22 12:30:54-04:00,1.0
2011-04-22 12:30:57-04:00,1.0
2011-04-22 12:31:00-04:00,1.0
2011-04-22 12:31:03-04:00,1.0
2011-04-22 12:31:06-04:00,1.0
2011-04-22 12:31:09-04:00,1.0
2011-04-22 12:31:12-04:00,1.0
2011-04-22 12:31:15-04:00,1.0
2011-04-22 12:31:18-04:00,1.0
2011-04-22 12:31:21-04:00,1.0
2011-04-22 12:31:24-04:00,1.0
2011-04-22 12:31:27-04:00,1.0
2011-04-22 12:31:30-04:00,1.0
2011-04-22 12:31:33-04:00,1.0
2011-04-22 12:31:36-04:00,1.0
2011-04-22 12:31:39-04:00,1.0
2011-04-22 12:31:42-04:00,1.0
2011-04-22 12:31:45-04:00,1.0
2011-04-22 12:31:48-04:00,1.0
2011-04-22 12:31:51-04:00,1.0
2011-04-22 12:31:54-04:00,1.0
2011-04-22 12:31:57-04:00,1.0
2011-04-22 12:32:00-04:00,1.0
2011-04-22 12:32:03-04:00,1.0
2011-04-22 12:32:06-04:00,1.0
2011-04-22 12:32:09-04:00,1.0
2011-04-22 12:32:12-04:00,1.0
2011-04-22 12:32:15-04:00,1.0
2011-04-22 12:32:18-04:00,1.0
2011-04-22 12:32:21-04:00,1.0
2011-04-22 12:32:24-04:00,1.0
2011-04-22 12:32:27-04:00,1.0
2011-04-22 12:32:30-04:00,1.0
2011-04-22 12:32:33-04:00,1.0
2011-04-22 12:32:36-04:00,1.0
2011-04-22 12:32:39-04:00,1.0
2011-04-22 12:32:42-04:00,1.0
2011-04-22 12:32:45-04:00,1.0
2011-04-22 12:32:48-04:00,1.0
2011-04-22 12:32:51-04:00,1.0
2011-04-22 12:32:54-04:00,1.0
2011-04-22 12:32:57-04:00,0.0
2011-04-22 12:33:00-04:00,1.0
2011-04-22 12:33:03-04:00,1.0
2011-04-22 12:33:06-04:00,1.0
2011-04-22 12:33:09-04:00,1.0
2011-04-22 12:33:12-04:00,0.6666666666666667
2011-04-22 12:33:15-04:00,0.0
2011-04-22 12:33:18-04:00,0.0
2011-04-22 12:33:21-04:00,1.0
2011-04-22 12:33:24-04:00,1.0
2011-04-22 12:33:27-04:00,1.0
2011-04-22 12:33:30-04:00,1.0
2011-04-22 12:33:33-04:00,1.0
2011-04-22 12:33:36-04:00,1.0
2011-04-22 12:33:39-04:00,1.0
2011-04-22 12:33:42-04:00,0.5
2011-04-22 12:33:45-04:00,0.3333333333333333
2011-04-22 12:33:48-04:00,1.0
2011-04-22 12:33:51-04:00,1.0
2011-04-22 12:33:54-04:00,1.0
2011-04-22 12:33:57-04:00,1.0
2011-04-22 12:34:00-04:00,1.0
2011-04-22 12:34:03-04:00,1.0
2011-04-22 12:34:06-04:00,1.0
2011-04-22 12:34:09-04:00,1.0
2011-04-22 12:34:12-04:00,1.0
2011-04-22 12:34:15-04:00,1.0
2011-04-22 12:34:18-04:00,1.0
2011-04-22 12:34:21-04:00,1.0
2011-04-22 12:34:24-04:00,1.0
2011-04-22 12:34:27-04:00,1.0
2011-04-22 12:34:30-04:00,1.0
2011-04-22 12:34:33-04:00,1.0
2011-04-22 12:34:36-04:00,1.0
2011-04-22 12:34:39-04:00,1.0
2011-04-22 12:34:42-04:00,1.0
2011-04-22 12:34:45-04:00,1.0
2011-04-22 12:34:48-04:00,1.0
2011-04-22 12:34:51-04:00,1.0
2011-04-22 12:34:54-04:00,1.0
2011-04-22 12:34:57-04:00,1.0
2011-04-22 12:35:00-04:00,1.0
2011-04-22 12:35:03-04:00,1.0
2011-04-22 12:35:06-04:00,1.0
2011-04-22 12:35:09-04:00,1.0
2011-04-22 12:35:12-04:00,1.0
2011-04-22 12:35:15-04:00,1.0
2011-04-22 12:35:18-04:00,1.0
2011-04-22 12:35:21-04:00,1.0
2011-04-22 12:35:24-04:00,1.0
2011-04-22 12:35:27-04:00,1.0
2011-04-22 12:35:30-04:00,1.0
2011-04-22 12:35:33-04:00,1.0
2011-04-22 12:35:36-04:00,1.0
2011-04-22 12:35:39-04:00,1.0
2011-04-22 12:35:42-04:00,1.0
2011-04-22 12:35:45-04:00,0.75
2011-04-22 12:35:48-04:00,0.0
2011-04-22 12:35:51-04:00,0.0
2011-04-22 12:35:54-04:00,0.75
2011-04-22 12:35:57-04:00,1.0
2011-04-22 12:36:00-04:00,0.5
2011-04-22 12:36:03-04:00,0.3333333333333333
2011-04-22 12:36:06-04:00,0.6666666666666667
2011-04-22 12:36:09-04:00,0.0
2011-04-22 12:36:12-04:00,0.0
2011-04-22 12:36:15-04:00,1.0
2011-04-22 12:36:18-04:00,1.0
2011-04-22 12:36:21-04:00,1.0
2011-04-22 12:36:24-04:00,1.0
2011-04-22 12:36:27-04:00,0.6666666666666667
2011-04-22 12:36:30-04:00,0.1111111111111111
2011-04-22 12:36:33-04:00,0.4444444444444444
2011-04-22 12:36:36-04:00,0.7777777777777778
2011-04-22 12:36:39-04:00,1.0
2011-04-22 12:36:42-04:00,1.0
2011-04-22 12:36:45-04:00,1.0
2011-04-22 12:36:48-04:00,1.0
2011-04-22 12:36:51-04:00,1.0
2011-04-22 12:36:54-04:00,1.0
2011-04-22 12:36:57-04:00,0.33333333333333337
2011-04-22 12:37:00-04:00,0.0
2011-04-22 12:37:03-04:00,0.0
2011-04-22 12:37:06-04:00,0.25
2011-04-22 12:37:09-04:00,1.0
2011-04-22 12:37:12-04:00,1.0
2011-04-22 12:37:15-04:00,0.25
2011-04-22 12:37:18-04:00,0.6666666666666666
2011-04-22 12:37:21-04:00,0.5
2011-04-22 12:37:24-04:00,0.3333333333333333
2011-04-22 12:37:27-04:00,1.0
2011-04-22 12:37:30-04:00,1.0
2011-04-22 12:37:33-04:00,1.0
2011-04-22 12:37:36-04:00,1.0
2011-04-22 12:37:39-04:00,1.0
2011-04-22 12:37:42-04:00,1.0
2011-04-22 12:37:45-04:00,0.25
2011-04-22 12:37:48-04:00,0.0
2011-04-22 12:37:51-04:00,0.6666666666666666
2011-04-22 12:37:54-04:00,1.0
2011-04-22 12:37:57-04:00,1.0
2011-04-22 12:38:00-04:00,0.75
2011-04-22 12:38:03-04:00,0.0
2011-04-22 12:38:06-04:00,1.0
2011-04-22 12:38:09-04:00,1.0
2011-04-22 12:38:12-04:00,13.75
2011-04-22 12:38:15-04:00,12.666666666666668
2011-04-22 12:38:18-04:00,10.0
2011-04-22 12:38:21-04:00,10.0
2011-04-22 12:38:24-04:00,10.0
2011-04-22 12:38:27-04:00,0.0
2011-04-22 12:38:30-04:00,0.0
2011-04-22 12:38:33-04:00,0.0
2011-04-22 12:38:36-04:00,0.0
2011-04-22 12:38:39-04:00,0.0
2011-04-22 12:38:42-04:00,2.0
2011-04-22 12:38:45-04:00,6.5
2011-04-22 12:38:48-04:00,10.0
2011-04-22 12:38:51-04:00,10.0
2011-04-22 12:38:54-04:00,10.0
2011-04-22 12:38:57-04:00,0.0
2011-04-22 12:39:00-04:00,0.0
2011-04-22 12:39:03-04:00,0.0
2011-04-22 12:39:06-04:00,0.0
2011-04-22 12:39:09-04:00,2.5
2011-04-22 12:39:12-04:00,10.0
2011-04-22 12:39:15-04:00,10.0
2011-04-22 12:39:18-04:00,10.0
2011-04-22 12:39:21-04:00,10.0
2011-04-22 12:39:24-04:00,7.5
2011-04-22 12:39:27-04:00,0.0
2011-04-22 12:39:30-04:00,0.0
2011-04-22 12:39:33-04:00,0.0
2011-04-22 12:39:36-04:00,0.0
2011-04-22 12:39:39-04:00,0.0
2011-04-22 12:39:42-04:00,1.5
2011-04-22 12:39:45-04:00,7.333333333333333
2011-04-22 12:39:48-04:00,10.0
2011-04-22 12:39:51-04:00,10.0
2011-04-22 12:39:54-04:00,7.5
2011-04-22 12:39:57-04:00,0.0
2011-04-22 12:40:00-04:00,0.0
2011-04-22 12:40:03-04:00,0.0
2011-04-22 12:40:06-04:00,0.0
2011-04-22 12:40:09-04:00,0.0
2011-04-22 12:40:12-04:00,0.0
2011-04-22 12:40:15-04:00,1.0
2011-04-22 12:40:18-04:00,0.25
2011-04-22 12:40:21-04:00,0.5
2011-04-22 12:40:24-04:00,1.0
2011-04-22 12:40:27-04:00,1.0
2011-04-22 12:40:30-04:00,1.0
2011-04-22 12:40:33-04:00,1.0
2011-04-22 12:40:36-04:00,1.0
2011-04-22 12:40:39-04:00,1.0
2011-04-22 12:40:42-04:00,0.0
2011-04-22 12:40:45-04:00,0.0
2011-04-22 12:40:48-04:00,6.666666666666667
2011-04-22 12:40:51-04:00,10.0
2011-04-22 12:40:54-04:00,10.0
2011-04-22 12:40:57-04:00,10.0
2011-04-22 12:41:00-04:00,10.0
2011-04-22 12:41:03-04:00,10.0
2011-04-22 12:41:06-04:00,10.0
2011-04-22 12:41:09-04:00,10.0
2011-04-22 12:41:12-04:00,10.0
2011-04-22 12:41:15-04:00,10.0
2011-04-22 12:41:18-04:00,10.0
2011-04-22 12:41:21-04:00,10.0
2011-04-22 12:41:24-04:00,10.0
2011-04-22 12:41:27-04:00,9.88888888888889
2011-04-22 12:41:30-04:00,9.555555555555555
2011-04-22 12:41:33-04:00,9.222222222222221
2011-04-22 12:41:36-04:00,9.333333333333334
2011-04-22 12:41:39-04:00,7.75
2011-04-22 12:41:42-04:00,1.0
2011-04-22 12:41:45-04:00,1.0
2011-04-22 12:41:48-04:00,10.0
2011-04-22 12:41:51-04:00,10.0
2011-04-22 12:41:54-04:00,10.0
2011-04-22 12:41:57-04:00,10.0
2011-04-22 12:42:00-04:00,10.0
2011-04-22 12:42:03-04:00,10.0
2011-04-22 12:42:06-04:00,10.0
2011-04-22 12:42:09-04:00,10.0
2011-04-22 12:42:12-04:00,10.0
2011-04-22 12:42:15-04:00,9.666666666666666
2011-04-22 12:42:18-04:00,9.25
2011-04-22 12:42:21-04:00,10.0
2011-04-22 12:42:24-04:00,9.0
2011-04-22 12:42:27-04:00,9.75
2011-04-22 12:42:30-04:00,9.777777777777779
2011-04-22 12:42:33-04:00,9.444444444444445
2011-04-22 12:42:36-04:00,9.11111111111111
2011-04-22 12:42:39-04:00,9.0
2011-04-22 12:42:42-04:00,9.5
2011-04-22 12:42:45-04:00,10.0
2011-04-22 12:42:48-04:00,10.0
2011-04-22 12:42:51-04:00,10.0
2011-04-22 12:42:54-04:00,9.333333333333334
2011-04-22 12:42:57-04:00,9.5
2011-04-22 12:43:00-04:00,9.75
2011-04-22 12:43:03-04:00,9.0
2011-04-22 12:43:06-04:00,9.0
2011-04-22 12:43:09-04:00,9.75
2011-04-22 12:43:12-04:00,10.0
2011-04-22 12:43:15-04:00,7.5
2011-04-22 12:43:18-04:00,0.0
2011-04-22 12:43:21-04:00,1.0
2011-04-22 12:43:24-04:00,1.0
2011-04-22 12:43:27-04:00,1.0
2011-04-22 12:43:30-04:00,1.0
2011-04-22 12:43:33-04:00,1.0
2011-04-22 12:43:36-04:00,1.0
2011-04-22 12:43:39-04:00,1.0
2011-04-22 12:43:42-04:00,1.0
2011-04-22 12:43:45-04:00,0.6666666666666667
2011-04-22 12:43:48-04:00,0.25
2011-04-22 12:43:51-04:00,1.0
2011-04-22 12:43:54-04:00,1.0
2011-04-22 12:43:57-04:00,1.0
2011-04-22 12:44:00-04:00,1.0
2011-04-22 12:44:03-04:00,1.0
2011-04-22 12:44:06-04:00,1.0
2011-04-22 12:44:09-04:00,1.0
2011-04-22 12:44:12-04:00,1.0
2011-04-22 12:44:15-04:00,1.0
2011-04-22 12:44:18-04:00,1.0
2011-04-22 12:44:21-04:00,1.0
2011-04-22 12:44:24-04:00,1.0
2011-04-22 12:44:27-04:00,1.0
2011-04-22 12:44:30-04:00,1.0
2011-04-22 12:44:33-04:00,1.0
2011-04-22 12:44:36-04:00,1.0
2011-04-22 12:44:39-04:00,1.0
2011-04-22 12:44:42-04:00,1.0
2011-04-22 12:44:45-04:00,1.0
2011-04-22 12:44:48-04:00,0.5
2011-04-22 12:44:51-04:00,0.3333333333333333
2011-04-22 12:44:54-04:00,0.6666666666666667
2011-04-22 12:44:57-04:00,0.0
2011-04-22 12:45:00-04:00,0.0
2011-04-22 12:45:03-04:00,1.0
2011-04-22 12:45:06-04:00,1.0
2011-04-22 12:45:09-04:00,1.0
2011-04-22 12:45:12-04:00,1.0
2011-04-22 12:45:15-04:00,1.0
2011-04-22 12:45:18-04:00,0.6666666666666667
2011-04-22 12:45:21-04:00,0.25
2011-04-22 12:45:24-04:00,1.0
2011-04-22 12:45:27-04:00,1.0
2011-04-22 12:45:30-04:00,1.0
2011-04-22 12:45:33-04:00,1.0
2011-04-22 12:45:36-04:00,1.0
2011-04-22 12:45:39-04:00,1.0
2011-04-22 12:45:42-04:00,1.0
2011-04-22 12:45:45-04:00,1.0
2011-04-22 12:45:48-04:00,1.0
2011-04-22 12:45:51-04:00,1.0
2011-04-22 12:45:54-04:00,1.0
2011-04-22 12:45:57-04:00,1.0
2011-04-22 12:46:00-04:00,1.0
2011-04-22 12:46:03-04:00,1.0
2011-04-22 12:46:06-04:00,1.0
2011-04-22 12:46:09-04:00,1.0
2011-04-22 12:46:12-04:00,1.0
2011-04-22 12:46:15-04:00,0.6666666666666667
2011-04-22 12:46:18-04:00,0.25
2011-04-22 12:46:21-04:00,1.0
2011-04-22 12:46:24-04:00,1.0
2011-04-22 12:46:27-04:00,1.0
2011-04-22 12:46:30-04:00,0.6666666666666667
2011-04-22 12:46:33-04:00,0.33333333333333337
2011-04-22 12:46:36-04:00,0.0
2011-04-22 12:46:39-04:00,1.0
2011-04-22 12:46:42-04:00,1.0
2011-04-22 12:46:45-04:00,1.0
2011-04-22 12:46:48-04:00,1.0
2011-04-22 12:46:51-04:00,1.0
2011-04-22 12:46:54-04:00,1.0
2011-04-22 12:46:57-04:00,1.0
2011-04-22 12:47:00-04:00,1.0
2011-04-22 12:47:03-04:00,1.0
2011-04-22 12:47:06-04:00,1.0
2011-04-22 12:47:09-04:00,1.0
2011-04-22 12:47:12-04:00,1.0
2011-04-22 12:47:15-04:00,1.0
2011-04-22 12:47:18-04:00,1.0
2011-04-22 12:47:21-04:00,1.0
2011-04-22 12:47:24-04:00,1.0
2011-04-22 12:47:27-04:00,1.0
2011-04-22 12:47:30-04:00,1.0
2011-04-22 12:47:33-04:00,1.0
2011-04-22 12:47:36-04:00,1.0
2011-04-22 12:47:39-04:00,1.0
2011-04-22 12:47:42-04:00,1.0
2011-04-22 12:47:45-04:00,1.0
2011-04-22 12:47:48-04:00,0.6666666666666667
2011-04-22 12:47:51-04:00,0.25
2011-04-22 12:47:54-04:00,1.0
2011-04-22 12:47:57-04:00,0.0
2011-04-22 12:48:00-04:00,1.0
2011-04-22 12:48:03-04:00,1.0
2011-04-22 12:48:06-04:00,1.0
2011-04-22 12:48:09-04:00,0.5
2011-04-22 12:48:12-04:00,0.0
2011-04-22 12:48:15-04:00,0.25
2011-04-22 12:48:18-04:00,1.0
2011-04-22 12:48:21-04:00,0.0
2011-04-22 12:48:24-04:00,0.75
2011-04-22 12:48:27-04:00,1.0
2011-04-22 12:48:30-04:00,1.0
2011-04-22 12:48:33-04:00,1.0
2011-04-22 12:48:36-04:00,1.0
2011-04-22 12:48:39-04:00,1.0
2011-04-22 12:48:42-04:00,1.0
2011-04-22 12:48:45-04:00,0.6666666666666667
2011-04-22 12:48:48-04:00,0.0
2011-04-22 12:48:51-04:00,0.0
2011-04-22 12:48:54-04:00,0.0
2011-04-22 12:48:57-04:00,0.75
2011-04-22 12:49:00-04:00,1.0
2011-04-22 12:49:03-04:00,0.33333333333333337
2011-04-22 12:49:06-04:00,0.5
2011-04-22 12:49:09-04:00,0.6666666666666667
2011-04-22 12:49:12-04:00,0.3333333333333333
2011-04-22 12:49:15-04:00,1.0
2011-04-22 12:49:18-04:00,1.0
2011-04-22 12:49:21-04:00,0.0
2011-04-22 12:49:24-04:00,0.75
2011-04-22 12:49:27-04:00,0.33333333333333337
2011-04-22 12:49:30-04:00,0.0
2011-04-22 12:49:33-04:00,0.0
2011-04-22 12:49:36-04:00,0.0
2011-04-22 12:49:39-04:00,0.0
2011-04-22 12:49:42-04:00,0.5
2011-04-22 12:49:45-04:00,0.6666666666666667
2011-04-22 12:49:48-04:00,0.25
2011-04-22 12:49:51-04:00,1.0
2011-04-22 12:49:54-04:00,0.0
2011-04-22 12:49:57-04:00,0.0
2011-04-22 12:50:00-04:00,0.75
2011-04-22 12:50:03-04:00,0.33333333333333337
2011-04-22 12:50:06-04:00,0.5
2011-04-22 12:50:09-04:00,0.6666666666666667
2011-04-22 12:50:12-04:00,0.0
2011-04-22 12:50:15-04:00,0.0
2011-04-22 12:50:18-04:00,0.0
2011-04-22 12:50:21-04:00,0.0
2011-04-22 12:50:24-04:00,0.0
2011-04-22 12:50:27-04:00,0.0
2011-04-22 12:50:30-04:00,0.0
2011-04-22 12:50:33-04:00,0.0
2011-04-22 12:50:36-04:00,0.0
2011-04-22 12:50:39-04:00,0.0
2011-04-22 12:50:42-04:00,0.0
2011-04-22 12:50:45-04:00,0.3333333333333333
2011-04-22 12:50:48-04:00,0.75
2011-04-22 12:50:51-04:00,0.0
2011-04-22 12:50:54-04:00,1.0
2011-04-22 12:50:57-04:00,0.25
2011-04-22 12:51:00-04:00,0.6666666666666666
2011-04-22 12:51:03-04:00,1.0
2011-04-22 12:51:06-04:00,1.0
2011-04-22 12:51:09-04:00,1.0
2011-04-22 12:51:12-04:00,1.0
2011-04-22 12:51:15-04:00,1.0
2011-04-22 12:51:18-04:00,0.0
2011-04-22 12:51:21-04:00,1.0
2011-04-22 12:51:24-04:00,1.0
2011-04-22 12:51:27-04:00,0.33333333333333337
2011-04-22 12:51:30-04:00,0.2222222222222222
2011-04-22 12:51:33-04:00,0.5555555555555556
2011-04-22 12:51:36-04:00,0.8888888888888888
2011-04-22 12:51:39-04:00,0.33333333333333337
2011-04-22 12:51:42-04:00,0.0
2011-04-22 12:51:45-04:00,0.0
2011-04-22 12:51:48-04:00,0.0
2011-04-22 12:51:51-04:00,0.0
2011-04-22 12:51:54-04:00,0.0
2011-04-22 12:51:57-04:00,0.75
2011-04-22 12:52:00-04:00,1.0
2011-04-22 12:52:03-04:00,1.0
2011-04-22 12:52:06-04:00,0.6666666666666667
2011-04-22 12:52:09-04:00,0.3333333333333333
2011-04-22 12:52:12-04:00,0.75
2011-04-22 12:52:15-04:00,0.0
2011-04-22 12:52:18-04:00,0.0
2011-04-22 12:52:21-04:00,0.75
2011-04-22 12:52:24-04:00,0.33333333333333337
2011-04-22 12:52:27-04:00,0.6666666666666666
2011-04-22 12:52:30-04:00,1.0
2011-04-22 12:52:33-04:00,1.0
2011-04-22 12:52:36-04:00,1.0
2011-04-22 12:52:39-04:00,0.5
2011-04-22 12:52:42-04:00,0.3333333333333333
2011-04-22 12:52:45-04:00,1.0
2011-04-22 12:52:48-04:00,0.75
2011-04-22 12:52:51-04:00,0.0
2011-04-22 12:52:54-04:00,1.0
2011-04-22 12:52:57-04:00,0.0
2011-04-22 12:53:00-04:00,0.75
2011-04-22 12:53:03-04:00,1.0
2011-04-22 12:53:06-04:00,1.0
2011-04-22 12:53:09-04:00,1.0
2011-04-22 12:53:12-04:00,0.75
2011-04-22 12:53:15-04:00,0.0
2011-04-22 12:53:18-04:00,1.0
2011-04-22 12:53:21-04:00,1.0
2011-04-22 12:53:24-04:00,0.33333333333333337
2011-04-22 12:53:27-04:00,0.0
2011-04-22 12:53:30-04:00,0.0
2011-04-22 12:53:33-04:00,0.0
2011-04-22 12:53:36-04:00,0.0
2011-04-22 12:53:39-04:00,0.0
2011-04-22 12:53:42-04:00,0.5
2011-04-22 12:53:45-04:00,0.6666666666666667
2011-04-22 12:53:48-04:00,0.0
2011-04-22 12:53:51-04:00,0.0
2011-04-22 12:53:54-04:00,1.0
2011-04-22 12:53:57-04:00,1.0
2011-04-22 12:54:00-04:00,0.25
2011-04-22 12:54:03-04:00,0.6666666666666666
2011-04-22 12:54:06-04:00,1.0
2011-04-22 12:54:09-04:00,1.0
2011-04-22 12:54:12-04:00,0.75
2011-04-22 12:54:15-04:00,0.0
2011-04-22 12:54:18-04:00,0.0
2011-04-22 12:54:21-04:00,0.0
2011-04-22 12:54:24-04:00,0.0
2011-04-22 12:54:27-04:00,0.6666666666666666
2011-04-22 12:54:30-04:00,0.7777777777777778
2011-04-22 12:54:33-04:00,0.4444444444444444
2011-04-22 12:54:36-04:00,0.11111111111111116
2011-04-22 12:54:39-04:00,0.0
2011-04-22 12:54:42-04:00,0.0
2011-04-22 12:54:45-04:00,0.0
2011-04-22 12:54:48-04:00,0.0
2011-04-22 12:54:51-04:00,0.0
2011-04-22 12:54:54-04:00,0.75
2011-04-22 12:54:57-04:00,0.33333333333333337
2011-04-22 12:55:00-04:00,0.0
2011-04-22 12:55:03-04:00,0.5
2011-04-22 12:55:06-04:00,0.6666666666666667
2011-04-22 12:55:09-04:00,0.0
2011-04-22 12:55:12-04:00,0.0
2011-04-22 12:55:15-04:00,0.0
2011-04-22 12:55:18-04:00,0.0
2011-04-22 12:55:21-04:00,0.0
2011-04-22 12:55:24-04:00,0.0
2011-04-22 12:55:27-04:00,0.0
2011-04-22 12:55:30-04:00,0.0
2011-04-22 12:55:33-04:00,0.0
2011-04-22 12:55:36-04:00,0.0
2011-04-22 12:55:39-04:00,0.5
2011-04-22 12:55:42-04:00,0.6666666666666667
2011-04-22 12:55:45-04:00,0.0
2011-04-22 12:55:48-04:00,0.0
2011-04-22 12:55:51-04:00,1.0
2011-04-22 12:55:54-04:00,0.0
2011-04-22 12:55:57-04:00,0.75
2011-04-22 12:56:00-04:00,0.33333333333333337
2011-04-22 12:56:03-04:00,0.0
2011-04-22 12:56:06-04:00,0.0
2011-04-22 12:56:09-04:00,0.0
2011-04-22 12:56:12-04:00,0.0
2011-04-22 12:56:15-04:00,1.0
2011-04-22 12:56:18-04:00,0.0
2011-04-22 12:56:21-04:00,0.0
2011-04-22 12:56:24-04:00,0.0
2011-04-22 12:56:27-04:00,0.0
2011-04-22 12:56:30-04:00,0.125
2011-04-22 12:56:33-04:00,0.5
2011-04-22 12:56:36-04:00,0.875
2011-04-22 12:56:39-04:00,0.5
2011-04-22 12:56:42-04:00,0.3333333333333333
2011-04-22 12:56:45-04:00,0.75
2011-04-22 12:56:48-04:00,0.0
2011-04-22 12:56:51-04:00,1.0
2011-04-22 12:56:54-04:00,0.25
2011-04-22 12:56:57-04:00,0.6666666666666666
2011-04-22 12:57:00-04:00,1.0
2011-04-22 12:57:03-04:00,0.5
2011-04-22 12:57:06-04:00,0.0
2011-04-22 12:57:09-04:00,0.25
2011-04-22 12:57:12-04:00,1.0
2011-04-22 12:57:15-04:00,1.0
2011-04-22 12:57:18-04:00,0.0
2011-04-22 12:57:21-04:00,0.0
2011-04-22 12:57:24-04:00,0.0
2011-04-22 12:57:27-04:00,0.5
2011-04-22 12:57:30-04:00,1.0
2011-04-22 12:57:33-04:00,1.0
2011-04-22 12:57:36-04:00,1.0
2011-04-22 12:57:39-04:00,0.33333333333333337
2011-04-22 12:57:42-04:00,0.0
2011-04-22 12:57:45-04:00,0.3333333333333333
2011-04-22 12:57:48-04:00,0.75
2011-04-22 12:57:51-04:00,0.0
2011-04-22 12:57:54-04:00,0.0
2011-04-22 12:57:57-04:00,1.0
2011-04-22 12:58:00-04:00,1.0
2011-04-22 12:58:03-04:00,0.33333333333333337
2011-04-22 12:58:06-04:00,0.5
2011-04-22 12:58:09-04:00,1.0
2011-04-22 12:58:12-04:00,0.75
2011-04-22 12:58:15-04:00,0.0
2011-04-22 12:58:18-04:00,1.0
2011-04-22 12:58:21-04:00,0.0
2011-04-22 12:58:24-04:00,0.75
2011-04-22 12:58:27-04:00,1.0
2011-04-22 12:58:30-04:00,1.0
2011-04-22 12:58:33-04:00,1.0
2011-04-22 12:58:36-04:00,1.0
2011-04-22 12:58:39-04:00,1.0
2011-04-22 12:58:42-04:00,0.5
2011-04-22 12:58:45-04:00,0.0
2011-04-22 12:58:48-04:00,0.0
2011-04-22 12:58:51-04:00,0.0
2011-04-22 12:58:54-04:00,0.0
2011-04-22 12:58:57-04:00,0.0
2011-04-22 12:59:00-04:00,0.0
2011-04-22 12:59:03-04:00,0.6666666666666666
2011-04-22 12:59:06-04:00,1.0
2011-04-22 12:59:09-04:00,1.0
2011-04-22 12:59:12-04:00,0.6666666666666667
2011-04-22 12:59:15-04:00,0.0
2011-04-22 12:59:18-04:00,0.0
2011-04-22 12:59:21-04:00,0.0
2011-04-22 12:59:24-04:00,1.0
2011-04-22 12:59:27-04:00,0.25
2011-04-22 12:59:30-04:00,0.0
2011-04-22 12:59:33-04:00,0.0
2011-04-22 12:59:36-04:00,0.0
2011-04-22 12:59:39-04:00,0.0
2011-04-22 12:59:42-04:00,0.5
2011-04-22 12:59:45-04:00,0.6666666666666667
2011-04-22 12:59:48-04:00,0.0
2011-04-22 12:59:51-04:00,0.0
2011-04-22 12:59:54-04:00,0.0
2011-04-22 12:59:57-04:00,0.0
2011-04-22 13:00:00-04:00,0.75
2011-04-22 13:00:03-04:00,1.0
2011-04-22 13:00:06-04:00,0.33333333333333337
2011-04-22 13:00:09-04:00,0.5
2011-04-22 13:00:12-04:00,1.0
2011-04-22 13:00:15-04:00,0.75
2011-04-22 13:00:18-04:00,0.0
2011-04-22 13:00:21-04:00,1.0
2011-04-22 13:00:24-04:00,1.0
2011-04-22 13:00:27-04:00,0.25
2011-04-22 13:00:30-04:00,0.25
2011-04-22 13:00:33-04:00,0.625
2011-04-22 13:00:36-04:00,1.0
2011-04-22 13:00:39-04:00,1.0
2011-04-22 13:00:42-04:00,0.33333333333333337
2011-04-22 13:00:45-04:00,0.0
2011-04-22 13:00:48-04:00,0.3333333333333333
2011-04-22 13:00:51-04:00,0.6666666666666667
2011-04-22 13:00:54-04:00,0.25
2011-04-22 13:00:57-04:00,1.0
2011-04-22 13:01:00-04:00,0.0
2011-04-22 13:01:03-04:00,0.0
2011-04-22 13:01:06-04:00,0.6666666666666666
2011-04-22 13:01:09-04:00,1.0
2011-04-22 13:01:12-04:00,0.6666666666666667
2011-04-22 13:01:15-04:00,0.0
2011-04-22 13:01:18-04:00,0.0
2011-04-22 13:01:21-04:00,1.0
2011-04-22 13:01:24-04:00,0.25
2011-04-22 13:01:27-04:00,0.6666666666666666
2011-04-22 13:01:30-04:00,1.0
2011-04-22 13:01:33-04:00,1.0
2011-04-22 13:01:36-04:00,1.0
2011-04-22 13:01:39-04:00,0.33333333333333337
2011-04-22 13:01:42-04:00,0.0
2011-04-22 13:01:45-04:00,0.0
2011-04-22 13:01:48-04:00,0.3333333333333333
2011-04-22 13:01:51-04:00,1.0
2011-04-22 13:01:54-04:00,1.0
2011-04-22 13:01:57-04:00,1.0
2011-04-22 13:02:00-04:00,0.25
2011-04-22 13:02:03-04:00,0.6666666666666666
2011-04-22 13:02:06-04:00,1.0
2011-04-22 13:02:09-04:00,1.0
2011-04-22 13:02:12-04:00,1.0
2011-04-22 13:02:15-04:00,0.0
2011-04-22 13:02:18-04:00,0.75
2011-04-22 13:02:21-04:00,1.0
2011-04-22 13:02:24-04:00,1.0
2011-04-22 13:02:27-04:00,1.0
2011-04-22 13:02:30-04:00,1.0
2011-04-22 13:02:33-04:00,1.0
2011-04-22 13:02:36-04:00,1.0
2011-04-22 13:02:39-04:00,1.0
2011-04-22 13:02:42-04:00,1.0
2011-04-22 13:02:45-04:00,1.0
2011-04-22 13:02:48-04:00,1.0
2011-04-22 13:02:51-04:00,1.0
2011-04-22 13:02:54-04:00,1.0
2011-04-22 13:02:57-04:00,1.0
2011-04-22 13:03:00-04:00,1.0
2011-04-22 13:03:03-04:00,1.0
2011-04-22 13:03:06-04:00,1.0
2011-04-22 13:03:09-04:00,1.0
2011-04-22 13:03:12-04:00,1.0
2011-04-22 13:03:15-04:00,1.0
2011-04-22 13:03:18-04:00,1.0
2011-04-22 13:03:21-04:00,1.0
2011-04-22 13:03:24-04:00,0.5
2011-04-22 13:03:27-04:00,0.1111111111111111
2011-04-22 13:03:30-04:00,0.4444444444444444
2011-04-22 13:03:33-04:00,0.7777777777777778
2011-04-22 13:03:36-04:00,1.0
2011-04-22 13:03:39-04:00,1.0
2011-04-22 13:03:42-04:00,1.0
2011-04-22 13:03:45-04:00,1.0
2011-04-22 13:03:48-04:00,1.0
2011-04-22 13:03:51-04:00,1.0
2011-04-22 13:03:54-04:00,1.0
2011-04-22 13:03:57-04:00,1.0
2011-04-22 13:04:00-04:00,1.0
2011-04-22 13:04:03-04:00,1.0
2011-04-22 13:04:06-04:00,1.0
2011-04-22 13:04:09-04:00,1.0
2011-04-22 13:04:12-04:00,0.25
2011-04-22 13:04:15-04:00,0.6666666666666666
2011-04-22 13:04:18-04:00,0.5
2011-04-22 13:04:21-04:00,0.3333333333333333
2011-04-22 13:04:24-04:00,0.75
2011-04-22 13:04:27-04:00,0.0
2011-04-22 13:04:30-04:00,0.375
2011-04-22 13:04:33-04:00,0.75
2011-04-22 13:04:36-04:00,1.0
2011-04-22 13:04:39-04:00,1.0
2011-04-22 13:04:42-04:00,1.0
2011-04-22 13:04:45-04:00,1.0
2011-04-22 13:04:48-04:00,1.0
2011-04-22 13:04:51-04:00,1.0
2011-04-22 13:04:54-04:00,1.0
2011-04-22 13:04:57-04:00,1.0
2011-04-22 13:05:00-04:00,1.0
2011-04-22 13:05:03-04:00,1.0
2011-04-22 13:05:06-04:00,1.0
2011-04-22 13:05:09-04:00,1.0
2011-04-22 13:05:12-04:00,1.0
2011-04-22 13:05:15-04:00,1.0
2011-04-22 13:05:18-04:00,1.0
2011-04-22 13:05:21-04:00,1.0
2011-04-22 13:05:24-04:00,1.0
2011-04-22 13:05:27-04:00,0.0
2011-04-22 13:05:30-04:00,0.3333333333333333
2011-04-22 13:05:33-04:00,0.6666666666666666
2011-04-22 13:05:36-04:00,1.0
2011-04-22 13:05:39-04:00,1.0
2011-04-22 13:05:42-04:00,1.0
2011-04-22 13:05:45-04:00,1.0
2011-04-22 13:05:48-04:00,1.0
2011-04-22 13:05:51-04:00,1.0
2011-04-22 13:05:54-04:00,1.0
2011-04-22 13:05:57-04:00,1.0
2011-04-22 13:06:00-04:00,1.0
2011-04-22 13:06:03-04:00,0.0
2011-04-22 13:06:06-04:00,0.75
2011-04-22 13:06:09-04:00,0.33333333333333337
2011-04-22 13:06:12-04:00,0.5
2011-04-22 13:06:15-04:00,1.0
2011-04-22 13:06:18-04:00,1.0
2011-04-22 13:06:21-04:00,1.0
2011-04-22 13:06:24-04:00,1.0
2011-04-22 13:06:27-04:00,1.0
2011-04-22 13:06:30-04:00,0.7777777777777778
2011-04-22 13:06:33-04:00,0.4444444444444444
2011-04-22 13:06:36-04:00,0.11111111111111116
2011-04-22 13:06:39-04:00,0.6666666666666666
2011-04-22 13:06:42-04:00,1.0
2011-04-22 13:06:45-04:00,1.0
2011-04-22 13:06:48-04:00,1.0
2011-04-22 13:06:51-04:00,1.0
2011-04-22 13:06:54-04:00,1.0
2011-04-22 13:06:57-04:00,1.0
2011-04-22 13:07:00-04:00,1.0
2011-04-22 13:07:03-04:00,1.0
2011-04-22 13:07:06-04:00,1.0
2011-04-22 13:07:09-04:00,1.0
2011-04-22 13:07:12-04:00,1.0
2011-04-22 13:07:15-04:00,1.0
2011-04-22 13:07:18-04:00,1.0
2011-04-22 13:07:21-04:00,1.0
2011-04-22 13:07:24-04:00,1.0
2011-04-22 13:07:27-04:00,0.5
2011-04-22 13:07:30-04:00,0.0
2011-04-22 13:07:33-04:00,0.0
2011-04-22 13:07:36-04:00,0.0
2011-04-22 13:07:39-04:00,0.3333333333333333
2011-04-22 13:07:42-04:00,1.0
2011-04-22 13:07:45-04:00,1.0
2011-04-22 13:07:48-04:00,1.0
2011-04-22 13:07:51-04:00,1.0
2011-04-22 13:07:54-04:00,1.0
2011-04-22 13:07:57-04:00,0.33333333333333337
2011-04-22 13:08:00-04:00,0.0
2011-04-22 13:08:03-04:00,0.5
2011-04-22 13:08:06-04:00,0.75
2011-04-22 13:08:09-04:00,0.0
2011-04-22 13:08:12-04:00,1.0
2011-04-22 13:08:15-04:00,1.0
2011-04-22 13:08:18-04:00,1.0
2011-04-22 13:08:21-04:00,1.0
2011-04-22 13:08:24-04:00,1.0
2011-04-22 13:08:27-04:00,1.0
2011-04-22 13:08:30-04:00,1.0
2011-04-22 13:08:33-04:00,1.0
2011-04-22 13:08:36-04:00,1.0
2011-04-22 13:08:39-04:00,1.0
2011-04-22 13:08:42-04:00,0.0
2011-04-22 13:08:45-04:00,0.75
2011-04-22 13:08:48-04:00,0.33333333333333337
2011-04-22 13:08:51-04:00,0.5
2011-04-22 13:08:54-04:00,0.6666666666666667
2011-04-22 13:08:57-04:00,0.3333333333333333
2011-04-22 13:09:00-04:00,1.0
2011-04-22 13:09:03-04:00,1.0
2011-04-22 13:09:06-04:00,1.0
2011-04-22 13:09:09-04:00,1.0
2011-04-22 13:09:12-04:00,1.0
2011-04-22 13:09:15-04:00,1.0
2011-04-22 13:09:18-04:00,1.0
2011-04-22 13:09:21-04:00,0.6666666666666667
2011-04-22 13:09:24-04:00,0.25
2011-04-22 13:09:27-04:00,1.0
2011-04-22 13:09:30-04:00,1.0
2011-04-22 13:09:33-04:00,1.0
2011-04-22 13:09:36-04:00,1.0
2011-04-22 13:09:39-04:00,0.0
2011-04-22 13:09:42-04:00,0.75
2011-04-22 13:09:45-04:00,1.0
2011-04-22 13:09:48-04:00,1.0
2011-04-22 13:09:51-04:00,1.0
2011-04-22 13:09:54-04:00,0.75
2011-04-22 13:09:57-04:00,0.0
2011-04-22 13:10:00-04:00,1.0
2011-04-22 13:10:03-04:00,0.25
2011-04-22 13:10:06-04:00,0.5
2011-04-22 13:10:09-04:00,1.0
2011-04-22 13:10:12-04:00,1.0
2011-04-22 13:10:15-04:00,1.0
2011-04-22 13:10:18-04:00,1.0
2011-04-22 13:10:21-04:00,1.0
2011-04-22 13:10:24-04:00,1.0
2011-04-22 13:10:27-04:00,1.0
2011-04-22 13:10:30-04:00,1.0
2011-04-22 13:10:33-04:00,1.0
2011-04-22 13:10:36-04:00,1.0
2011-04-22 13:10:39-04:00,1.0
2011-04-22 13:10:42-04:00,1.0
2011-04-22 13:10:45-04:00,1.0
2011-04-22 13:10:48-04:00,1.0
2011-04-22 13:10:51-04:00,1.0
2011-04-22 13:10:54-04:00,1.0
2011-04-22 13:10:57-04:00,1.0
2011-04-22 13:11:00-04:00,1.0
2011-04-22 13:11:03-04:00,1.0
2011-04-22 13:11:06-04:00,1.0
2011-04-22 13:11:09-04:00,1.0
2011-04-22 13:11:12-04:00,1.0
2011-04-22 13:11:15-04:00,1.0
2011-04-22 13:11:18-04:00,1.0
2011-04-22 13:11:21-04:00,1.0
2011-04-22 13:11:24-04:00,1.0
2011-04-22 13:11:27-04:00,1.0
2011-04-22 13:11:30-04:00,1.0
2011-04-22 13:11:33-04:00,1.0
2011-04-22 13:11:36-04:00,1.0
2011-04-22 13:11:39-04:00,1.0
2011-04-22 13:11:42-04:00,1.0
2011-04-22 13:11:45-04:00,1.0
2011-04-22 13:11:48-04:00,0.0
2011-04-22 13:11:51-04:00,0.75
2011-04-22 13:11:54-04:00,1.0
2011-04-22 13:11:57-04:00,1.0
2011-04-22 13:12:00-04:00,1.0
2011-04-22 13:12:03-04:00,1.0
2011-04-22 13:12:06-04:00,1.0
2011-04-22 13:12:09-04:00,1.0
2011-04-22 13:12:12-04:00,1.0
2011-04-22 13:12:15-04:00,1.0
2011-04-22 13:12:18-04:00,1.0
2011-04-22 13:12:21-04:00,1.0
2011-04-22 13:12:24-04:00,1.0
2011-04-22 13:12:27-04:00,1.0
2011-04-22 13:12:30-04:00,1.0
2011-04-22 13:12:33-04:00,1.0
2011-04-22 13:12:36-04:00,0.75
2011-04-22 13:12:39-04:00,0.0
2011-04-22 13:12:42-04:00,1.0
2011-04-22 13:12:45-04:00,1.0
2011-04-22 13:12:48-04:00,1.0
2011-04-22 13:12:51-04:00,1.0
2011-04-22 13:12:54-04:00,1.0
2011-04-22 13:12:57-04:00,0.6666666666666667
2011-04-22 13:13:00-04:00,0.25
2011-04-22 13:13:03-04:00,1.0
2011-04-22 13:13:06-04:00,1.0
2011-04-22 13:13:09-04:00,1.0
2011-04-22 13:13:12-04:00,1.0
2011-04-22 13:13:15-04:00,1.0
2011-04-22 13:13:18-04:00,1.0
2011-04-22 13:13:21-04:00,1.0
2011-04-22 13:13:24-04:00,1.0
2011-04-22 13:13:27-04:00,1.0
2011-04-22 13:13:30-04:00,0.7777777777777778
2011-04-22 13:13:33-04:00,0.4444444444444444
2011-04-22 13:13:36-04:00,0.11111111111111116
2011-04-22 13:13:39-04:00,0.0
2011-04-22 13:13:42-04:00,0.5
2011-04-22 13:13:45-04:00,1.0
2011-04-22 13:13:48-04:00,1.0
2011-04-22 13:13:51-04:00,1.0
2011-04-22 13:13:54-04:00,1.0
2011-04-22 13:13:57-04:00,1.0
2011-04-22 13:14:00-04:00,1.0
2011-04-22 13:14:03-04:00,1.0
2011-04-22 13:14:06-04:00,1.0
2011-04-22 13:14:09-04:00,1.0
2011-04-22 13:14:12-04:00,1.0
2011-04-22 13:14:15-04:00,1.0
2011-04-22 13:14:18-04:00,1.0
2011-04-22 13:14:21-04:00,1.0
2011-04-22 13:14:24-04:00,1.0
2011-04-22 13:14:27-04:00,1.0
2011-04-22 13:14:30-04:00,1.0
2011-04-22 13:14:33-04:00,1.0
2011-04-22 13:14:36-04:00,1.0
2011-04-22 13:14:39-04:00,1.0
2011-04-22 13:14:42-04:00,0.33333333333333337
2011-04-22 13:14:45-04:00,0.0
2011-04-22 13:14:48-04:00,0.0
2011-04-22 13:14:51-04:00,0.0
2011-04-22 13:14:54-04:00,0.25
2011-04-22 13:14:57-04:00,1.0
2011-04-22 13:15:00-04:00,0.0
2011-04-22 13:15:03-04:00,0.0
2011-04-22 13:15:06-04:00,0.6666666666666666
2011-04-22 13:15:09-04:00,0.5
2011-04-22 13:15:12-04:00,0.0
2011-04-22 13:15:15-04:00,0.0
2011-04-22 13:15:18-04:00,0.25
2011-04-22 13:15:21-04:00,1.0
2011-04-22 13:15:24-04:00,0.0
2011-04-22 13:15:27-04:00,0.0
2011-04-22 13:15:30-04:00,0.0
2011-04-22 13:15:33-04:00,0.0
2011-04-22 13:15:36-04:00,0.0
2011-04-22 13:15:39-04:00,0.0
2011-04-22 13:15:42-04:00,0.0
2011-04-22 13:15:45-04:00,0.0
2011-04-22 13:15:48-04:00,0.0
2011-04-22 13:15:51-04:00,0.3333333333333333
2011-04-22 13:15:54-04:00,1.0
2011-04-22 13:15:57-04:00,1.0
2011-04-22 13:16:00-04:00,1.0
2011-04-22 13:16:03-04:00,0.25
2011-04-22 13:16:06-04:00,0.0
2011-04-22 13:16:09-04:00,0.5
2011-04-22 13:16:12-04:00,0.6666666666666667
2011-04-22 13:16:15-04:00,0.25
2011-04-22 13:16:18-04:00,1.0
2011-04-22 13:16:21-04:00,0.0
2011-04-22 13:16:24-04:00,1.0
2011-04-22 13:16:27-04:00,0.25
2011-04-22 13:16:30-04:00,0.25
2011-04-22 13:16:33-04:00,0.625
2011-04-22 13:16:36-04:00,1.0
2011-04-22 13:16:39-04:00,1.0
2011-04-22 13:16:42-04:00,1.0
2011-04-22 13:16:45-04:00,1.0
2011-04-22 13:16:48-04:00,0.33333333333333337
2011-04-22 13:16:51-04:00,0.5
2011-04-22 13:16:54-04:00,1.0
2011-04-22 13:16:57-04:00,1.0
2011-04-22 13:17:00-04:00,1.0
2011-04-22 13:17:03-04:00,0.0
2011-04-22 13:17:06-04:00,0.75
2011-04-22 13:17:09-04:00,0.33333333333333337
2011-04-22 13:17:12-04:00,0.0
2011-04-22 13:17:15-04:00,0.0
2011-04-22 13:17:18-04:00,0.25
2011-04-22 13:17:21-04:00,1.0
2011-04-22 13:17:24-04:00,1.0
2011-04-22 13:17:27-04:00,0.25
2011-04-22 13:17:30-04:00,0.0
2011-04-22 13:17:33-04:00,0.0
2011-04-22 13:17:36-04:00,0.0
2011-04-22 13:17:39-04:00,0.75
2011-04-22 13:17:42-04:00,0.33333333333333337
2011-04-22 13:17:45-04:00,0.5
2011-04-22 13:17:48-04:00,1.0
2011-04-22 13:17:51-04:00,1.0
2011-04-22 13:17:54-04:00,1.0
2011-04-22 13:17:57-04:00,0.0
2011-04-22 13:18:00-04:00,1.0
2011-04-22 13:18:03-04:00,0.25
2011-04-22 13:18:06-04:00,0.0
2011-04-22 13:18:09-04:00,0.0
2011-04-22 13:18:12-04:00,0.3333333333333333
2011-04-22 13:18:15-04:00,1.0
2011-04-22 13:18:18-04:00,1.0
2011-04-22 13:18:21-04:00,0.0
2011-04-22 13:18:24-04:00,0.0
2011-04-22 13:18:27-04:00,0.0
2011-04-22 13:18:30-04:00,0.2222222222222222
2011-04-22 13:18:33-04:00,0.5555555555555556
2011-04-22 13:18:36-04:00,0.8888888888888888
2011-04-22 13:18:39-04:00,0.33333333333333337
2011-04-22 13:18:42-04:00,0.5
2011-04-22 13:18:45-04:00,1.0
2011-04-22 13:18:48-04:00,0.6666666666666667
2011-04-22 13:18:51-04:00,0.0
2011-04-22 13:18:54-04:00,0.0
2011-04-22 13:18:57-04:00,0.0
2011-04-22 13:19:00-04:00,0.0
2011-04-22 13:19:03-04:00,0.6666666666666666
2011-04-22 13:19:06-04:00,1.0
2011-04-22 13:19:09-04:00,1.0
2011-04-22 13:19:12-04:00,1.0
2011-04-22 13:19:15-04:00,0.75
2011-04-22 13:19:18-04:00,0.0
2011-04-22 13:19:21-04:00,1.0
2011-04-22 13:19:24-04:00,0.25
2011-04-22 13:19:27-04:00,0.6666666666666666
2011-04-22 13:19:30-04:00,1.0
2011-04-22 13:19:33-04:00,1.0
2011-04-22 13:19:36-04:00,1.0
2011-04-22 13:19:39-04:00,0.33333333333333337
2011-04-22 13:19:42-04:00,0.6666666666666666
2011-04-22 13:19:45-04:00,0.5
2011-04-22 13:19:48-04:00,0.3333333333333333
2011-04-22 13:19:51-04:00,0.75
2011-04-22 13:19:54-04:00,0.0
2011-04-22 13:19:57-04:00,0.0
2011-04-22 13:20:00-04:00,0.0
2011-04-22 13:20:03-04:00,0.6666666666666666
2011-04-22 13:20:06-04:00,0.33333333333333337
2011-04-22 13:20:09-04:00,0.0
2011-04-22 13:20:12-04:00,0.3333333333333333
2011-04-22 13:20:15-04:00,1.0
2011-04-22 13:20:18-04:00,0.75
2011-04-22 13:20:21-04:00,0.0
2011-04-22 13:20:24-04:00,1.0
2011-04-22 13:20:27-04:00,1.0
2011-04-22 13:20:30-04:00,0.7777777777777778
2011-04-22 13:20:33-04:00,0.4444444444444444
2011-04-22 13:20:36-04:00,0.11111111111111116
2011-04-22 13:20:39-04:00,0.6666666666666666
2011-04-22 13:20:42-04:00,0.5
2011-04-22 13:20:45-04:00,0.0
2011-04-22 13:20:48-04:00,0.3333333333333333
2011-04-22 13:20:51-04:00,1.0
2011-04-22 13:20:54-04:00,1.0
2011-04-22 13:20:57-04:00,1.0
2011-04-22 13:21:00-04:00,0.25
2011-04-22 13:21:03-04:00,0.6666666666666666
2011-04-22 13:21:06-04:00,1.0
2011-04-22 13:21:09-04:00,0.6666666666666667
2011-04-22 13:21:12-04:00,0.3333333333333333
2011-04-22 13:21:15-04:00,0.75
2011-04-22 13:21:18-04:00,0.0
2011-04-22 13:21:21-04:00,1.0
2011-04-22 13:21:24-04:00,1.0
2011-04-22 13:21:27-04:00,1.0
2011-04-22 13:21:30-04:00,0.7777777777777778
2011-04-22 13:21:33-04:00,0.4444444444444444
2011-04-22 13:21:36-04:00,0.11111111111111116
2011-04-22 13:21:39-04:00,0.0
2011-04-22 13:21:42-04:00,0.6666666666666666
2011-04-22 13:21:45-04:00,1.0
2011-04-22 13:21:48-04:00,0.6666666666666667
2011-04-22 13:21:51-04:00,0.0
2011-04-22 13:21:54-04:00,0.0
2011-04-22 13:21:57-04:00,0.0
2011-04-22 13:22:00-04:00,0.75
2011-04-22 13:22:03-04:00,0.33333333333333337
2011-04-22 13:22:06-04:00,0.5
2011-04-22 13:22:09-04:00,1.0
2011-04-22 13:22:12-04:00,1.0
2011-04-22 13:22:15-04:00,1.0
2011-04-22 13:22:18-04:00,1.0
2011-04-22 13:22:21-04:00,1.0
2011-04-22 13:22:24-04:00,0.25
2011-04-22 13:22:27-04:00,0.6666666666666666
2011-04-22 13:22:30-04:00,1.0
2011-04-22 13:22:33-04:00,1.0
2011-04-22 13:22:36-04:00,1.0
2011-04-22 13:22:39-04:00,1.0
2011-04-22 13:22:42-04:00,1.0
2011-04-22 13:22:45-04:00,1.0
2011-04-22 13:22:48-04:00,1.0
2011-04-22 13:22:51-04:00,1.0
2011-04-22 13:22:54-04:00,1.0
2011-04-22 13:22:57-04:00,1.0
2011-04-22 13:23:00-04:00,1.0
2011-04-22 13:23:03-04:00,0.33333333333333337
2011-04-22 13:23:06-04:00,0.5
2011-04-22 13:23:09-04:00,1.0
2011-04-22 13:23:12-04:00,1.0
2011-04-22 13:23:15-04:00,1.0
2011-04-22 13:23:18-04:00,1.0
2011-04-22 13:23:21-04:00,1.0
2011-04-22 13:23:24-04:00,0.25
2011-04-22 13:23:27-04:00,0.0
2011-04-22 13:23:30-04:00,0.0
2011-04-22 13:23:33-04:00,0.0
2011-04-22 13:23:36-04:00,0.0
2011-04-22 13:23:39-04:00,0.6666666666666666
2011-04-22 13:23:42-04:00,1.0
2011-04-22 13:23:45-04:00,1.0
2011-04-22 13:23:48-04:00,1.0
2011-04-22 13:23:51-04:00,1.0
2011-04-22 13:23:54-04:00,1.0
2011-04-22 13:23:57-04:00,0.0
2011-04-22 13:24:00-04:00,0.0
2011-04-22 13:24:03-04:00,0.6666666666666666
2011-04-22 13:24:06-04:00,0.5
2011-04-22 13:24:09-04:00,0.0
2011-04-22 13:24:12-04:00,0.25
2011-04-22 13:24:15-04:00,1.0
2011-04-22 13:24:18-04:00,1.0
2011-04-22 13:24:21-04:00,1.0
2011-04-22 13:24:24-04:00,0.33333333333333337
2011-04-22 13:24:27-04:00,0.5
2011-04-22 13:24:30-04:00,1.0
2011-04-22 13:24:33-04:00,1.0
2011-04-22 13:24:36-04:00,1.0
2011-04-22 13:24:39-04:00,1.0
2011-04-22 13:24:42-04:00,0.6666666666666667
2011-04-22 13:24:45-04:00,0.25
2011-04-22 13:24:48-04:00,1.0
2011-04-22 13:24:51-04:00,1.0
2011-04-22 13:24:54-04:00,1.0
2011-04-22 13:24:57-04:00,1.0
2011-04-22 13:25:00-04:00,0.33333333333333337
2011-04-22 13:25:03-04:00,0.0
2011-04-22 13:25:06-04:00,0.3333333333333333
2011-04-22 13:25:09-04:00,1.0
2011-04-22 13:25:12-04:00,1.0
2011-04-22 13:25:15-04:00,1.0
2011-04-22 13:25:18-04:00,1.0
2011-04-22 13:25:21-04:00,0.5
2011-04-22 13:25:24-04:00,0.3333333333333333
2011-04-22 13:25:27-04:00,1.0
2011-04-22 13:25:30-04:00,1.0
2011-04-22 13:25:33-04:00,1.0
2011-04-22 13:25:36-04:00,1.0
2011-04-22 13:25:39-04:00,0.0
2011-04-22 13:25:42-04:00,1.0
2011-04-22 13:25:45-04:00,1.0
2011-04-22 13:25:48-04:00,1.0
2011-04-22 13:25:51-04:00,1.0
2011-04-22 13:25:54-04:00,1.0
2011-04-22 13:25:57-04:00,0.75
2011-04-22 13:26:00-04:00,0.0
2011-04-22 13:26:03-04:00,0.0
2011-04-22 13:26:06-04:00,0.0
2011-04-22 13:26:09-04:00,0.6666666666666666
2011-04-22 13:26:12-04:00,1.0
2011-04-22 13:26:15-04:00,1.0
2011-04-22 13:26:18-04:00,1.0
2011-04-22 13:26:21-04:00,1.0
2011-04-22 13:26:24-04:00,0.0
2011-04-22 13:26:27-04:00,0.75
2011-04-22 13:26:30-04:00,0.75
2011-04-22 13:26:33-04:00,0.375
2011-04-22 13:26:36-04:00,0.0
2011-04-22 13:26:39-04:00,0.75
2011-04-22 13:26:42-04:00,1.0
2011-04-22 13:26:45-04:00,0.5
2011-04-22 13:26:48-04:00,0.3333333333333333
2011-04-22 13:26:51-04:00,1.0
2011-04-22 13:26:54-04:00,1.0
2011-04-22 13:26:57-04:00,1.0
2011-04-22 13:27:00-04:00,1.0
2011-04-22 13:27:03-04:00,1.0
2011-04-22 13:27:06-04:00,1.0
2011-04-22 13:27:09-04:00,1.0
2011-04-22 13:27:12-04:00,0.6666666666666667
2011-04-22 13:27:15-04:00,0.25
2011-04-22 13:27:18-04:00,1.0
2011-04-22 13:27:21-04:00,1.0
2011-04-22 13:27:24-04:00,1.0
2011-04-22 13:27:27-04:00,0.33333333333333337
2011-04-22 13:27:30-04:00,0.2222222222222222
2011-04-22 13:27:33-04:00,0.5555555555555556
2011-04-22 13:27:36-04:00,0.8888888888888888
2011-04-22 13:27:39-04:00,0.33333333333333337
2011-04-22 13:27:42-04:00,0.5
2011-04-22 13:27:45-04:00,1.0
2011-04-22 13:27:48-04:00,1.0
2011-04-22 13:27:51-04:00,1.0
2011-04-22 13:27:54-04:00,1.0
2011-04-22 13:27:57-04:00,1.0
2011-04-22 13:28:00-04:00,1.0
2011-04-22 13:28:03-04:00,1.0
2011-04-22 13:28:06-04:00,1.0
2011-04-22 13:28:09-04:00,0.75
2011-04-22 13:28:12-04:00,0.0
2011-04-22 13:28:15-04:00,1.0
2011-04-22 13:28:18-04:00,1.0
2011-04-22 13:28:21-04:00,1.0
2011-04-22 13:28:24-04:00,1.0
2011-04-22 13:28:27-04:00,1.0
2011-04-22 13:28:30-04:00,1.0
2011-04-22 13:28:33-04:00,1.0
2011-04-22 13:28:36-04:00,1.0
2011-04-22 13:28:39-04:00,1.0
2011-04-22 13:28:42-04:00,1.0
2011-04-22 13:28:45-04:00,1.0
2011-04-22 13:28:48-04:00,0.75
2011-04-22 13:28:51-04:00,0.0
2011-04-22 13:28:54-04:00,1.0
2011-04-22 13:28:57-04:00,1.0
2011-04-22 13:29:00-04:00,1.0
2011-04-22 13:29:03-04:00,0.5
2011-04-22 13:29:06-04:00,0.3333333333333333
2011-04-22 13:29:09-04:00,1.0
2011-04-22 13:29:12-04:00,1.0
2011-04-22 13:29:15-04:00,1.0
2011-04-22 13:29:18-04:00,1.0
2011-04-22 13:29:21-04:00,1.0
2011-04-22 13:29:24-04:00,1.0
2011-04-22 13:29:27-04:00,1.0
2011-04-22 13:29:30-04:00,0.8888888888888888
2011-04-22 13:29:33-04:00,0.5555555555555556
2011-04-22 13:29:36-04:00,0.2222222222222222
2011-04-22 13:29:39-04:00,0.3333333333333333
2011-04-22 13:29:42-04:00,1.0
2011-04-22 13:29:45-04:00,1.0
2011-04-22 13:29:48-04:00,1.0
2011-04-22 13:29:51-04:00,1.0
2011-04-22 13:29:54-04:00,1.0
2011-04-22 13:29:57-04:00,1.0
2011-04-22 13:30:00-04:00,1.0
2011-04-22 13:30:03-04:00,1.0
2011-04-22 13:30:06-04:00,1.0
2011-04-22 13:30:09-04:00,1.0
2011-04-22 13:30:12-04:00,1.0
2011-04-22 13:30:15-04:00,1.0
2011-04-22 13:30:18-04:00,1.0
2011-04-22 13:30:21-04:00,1.0
2011-04-22 13:30:24-04:00,0.75
2011-04-22 13:30:27-04:00,0.0
2011-04-22 13:30:30-04:00,0.375
2011-04-22 13:30:33-04:00,0.75
2011-04-22 13:30:36-04:00,1.0
2011-04-22 13:30:39-04:00,1.0
2011-04-22 13:30:42-04:00,0.0
2011-04-22 13:30:45-04:00,0.75
2011-04-22 13:30:48-04:00,0.33333333333333337
2011-04-22 13:30:51-04:00,0.5
2011-04-22 13:30:54-04:00,1.0
2011-04-22 13:30:57-04:00,0.75
2011-04-22 13:31:00-04:00,0.0
2011-04-22 13:31:03-04:00,1.0
2011-04-22 13:31:06-04:00,1.0
2011-04-22 13:31:09-04:00,1.0
2011-04-22 13:31:12-04:00,1.0
2011-04-22 13:31:15-04:00,1.0
2011-04-22 13:31:18-04:00,1.0
2011-04-22 13:31:21-04:00,1.0
2011-04-22 13:31:24-04:00,1.0
2011-04-22 13:31:27-04:00,1.0
2011-04-22 13:31:30-04:00,1.0
2011-04-22 13:31:33-04:00,1.0
2011-04-22 13:31:36-04:00,1.0
2011-04-22 13:31:39-04:00,1.0
2011-04-22 13:31:42-04:00,0.25
2011-04-22 13:31:45-04:00,0.6666666666666666
2011-04-22 13:31:48-04:00,1.0
2011-04-22 13:31:51-04:00,1.0
2011-04-22 13:31:54-04:00,1.0
2011-04-22 13:31:57-04:00,1.0
2011-04-22 13:32:00-04:00,1.0
2011-04-22 13:32:03-04:00,1.0
2011-04-22 13:32:06-04:00,1.0
2011-04-22 13:32:09-04:00,1.0
2011-04-22 13:32:12-04:00,1.0
2011-04-22 13:32:15-04:00,1.0
2011-04-22 13:32:18-04:00,0.0
2011-04-22 13:32:21-04:00,0.75
2011-04-22 13:32:24-04:00,1.0
2011-04-22 13:32:27-04:00,0.5
2011-04-22 13:32:30-04:00,0.125
2011-04-22 13:32:33-04:00,0.5
2011-04-22 13:32:36-04:00,0.875
2011-04-22 13:32:39-04:00,0.5
2011-04-22 13:32:42-04:00,0.3333333333333333
2011-04-22 13:32:45-04:00,0.75
2011-04-22 13:32:48-04:00,0.0
2011-04-22 13:32:51-04:00,1.0
2011-04-22 13:32:54-04:00,1.0
2011-04-22 13:32:57-04:00,1.0
2011-04-22 13:33:00-04:00,1.0
2011-04-22 13:33:03-04:00,1.0
2011-04-22 13:33:06-04:00,0.6666666666666667
2011-04-22 13:33:09-04:00,0.25
2011-04-22 13:33:12-04:00,1.0
2011-04-22 13:33:15-04:00,1.0
2011-04-22 13:33:18-04:00,1.0
2011-04-22 13:33:21-04:00,1.0
2011-04-22 13:33:24-04:00,1.0
2011-04-22 13:33:27-04:00,1.0
2011-04-22 13:33:30-04:00,1.0
2011-04-22 13:33:33-04:00,1.0
2011-04-22 13:33:36-04:00,1.0
2011-04-22 13:33:39-04:00,0.6666666666666667
2011-04-22 13:33:42-04:00,0.25
2011-04-22 13:33:45-04:00,1.0
2011-04-22 13:33:48-04:00,1.0
2011-04-22 13:33:51-04:00,0.25
2011-04-22 13:33:54-04:00,0.5
2011-04-22 13:33:57-04:00,1.0
2011-04-22 13:34:00-04:00,1.0
2011-04-22 13:34:03-04:00,1.0
2011-04-22 13:34:06-04:00,1.0
2011-04-22 13:34:09-04:00,1.0
2011-04-22 13:34:12-04:00,0.33333333333333337
2011-04-22 13:34:15-04:00,0.6666666666666666
2011-04-22 13:34:18-04:00,0.5
2011-04-22 13:34:21-04:00,0.0
2011-04-22 13:34:24-04:00,0.0
2011-04-22 13:34:27-04:00,0.0
2011-04-22 13:34:30-04:00,0.0
2011-04-22 13:34:33-04:00,0.0
2011-04-22 13:34:36-04:00,0.0
2011-04-22 13:34:39-04:00,0.0
2011-04-22 13:34:42-04:00,1.0
2011-04-22 13:34:45-04:00,0.25
2011-04-22 13:34:48-04:00,0.0
2011-04-22 13:34:51-04:00,0.5
2011-04-22 13:34:54-04:00,1.0
2011-04-22 13:34:57-04:00,0.75
2011-04-22 13:35:00-04:00,0.0
2011-04-22 13:35:03-04:00,1.0
2011-04-22 13:35:06-04:00,1.0
2011-04-22 13:35:09-04:00,1.0
2011-04-22 13:35:12-04:00,1.0
2011-04-22 13:35:15-04:00,1.0
2011-04-22 13:35:18-04:00,1.0
2011-04-22 13:35:21-04:00,1.0
2011-04-22 13:35:24-04:00,1.0
2011-04-22 13:35:27-04:00,0.0
2011-04-22 13:35:30-04:00,0.3333333333333333
2011-04-22 13:35:33-04:00,0.6666666666666666
2011-04-22 13:35:36-04:00,1.0
2011-04-22 13:35:39-04:00,0.25
2011-04-22 13:35:42-04:00,0.6666666666666666
2011-04-22 13:35:45-04:00,1.0
2011-04-22 13:35:48-04:00,1.0
2011-04-22 13:35:51-04:00,1.0
2011-04-22 13:35:54-04:00,1.0
2011-04-22 13:35:57-04:00,1.0
2011-04-22 13:36:00-04:00,0.0
2011-04-22 13:36:03-04:00,0.0
2011-04-22 13:36:06-04:00,0.75
2011-04-22 13:36:09-04:00,0.33333333333333337
2011-04-22 13:36:12-04:00,0.6666666666666666
2011-04-22 13:36:15-04:00,1.0
2011-04-22 13:36:18-04:00,1.0
2011-04-22 13:36:21-04:00,1.0
2011-04-22 13:36:24-04:00,1.0
2011-04-22 13:36:27-04:00,1.0
2011-04-22 13:36:30-04:00,1.0
2011-04-22 13:36:33-04:00,1.0
2011-04-22 13:36:36-04:00,1.0
2011-04-22 13:36:39-04:00,0.33333333333333337
2011-04-22 13:36:42-04:00,0.6666666666666666
2011-04-22 13:36:45-04:00,1.0
2011-04-22 13:36:48-04:00,1.0
2011-04-22 13:36:51-04:00,1.0
2011-04-22 13:36:54-04:00,1.0
2011-04-22 13:36:57-04:00,0.0
2011-04-22 13:37:00-04:00,1.0
2011-04-22 13:37:03-04:00,1.0
2011-04-22 13:37:06-04:00,1.0
2011-04-22 13:37:09-04:00,1.0
2011-04-22 13:37:12-04:00,0.6666666666666667
2011-04-22 13:37:15-04:00,0.25
2011-04-22 13:37:18-04:00,1.0
2011-04-22 13:37:21-04:00,1.0
2011-04-22 13:37:24-04:00,1.0
2011-04-22 13:37:27-04:00,1.0
2011-04-22 13:37:30-04:00,1.0
2011-04-22 13:37:33-04:00,1.0
2011-04-22 13:37:36-04:00,1.0
2011-04-22 13:37:39-04:00,1.0
2011-04-22 13:37:42-04:00,1.0
2011-04-22 13:37:45-04:00,1.0
2011-04-22 13:37:48-04:00,1.0
2011-04-22 13:37:51-04:00,0.75
2011-04-22 13:37:54-04:00,0.0
2011-04-22 13:37:57-04:00,1.0
2011-04-22 13:38:00-04:00,1.0
2011-04-22 13:38:03-04:00,1.0
2011-04-22 13:38:06-04:00,1.0
2011-04-22 13:38:09-04:00,0.6666666666666667
2011-04-22 13:38:12-04:00,0.3333333333333333
2011-04-22 13:38:15-04:00,1.0
2011-04-22 13:38:18-04:00,1.0
2011-04-22 13:38:21-04:00,1.0
2011-04-22 13:38:24-04:00,1.0
2011-04-22 13:38:27-04:00,1.0
2011-04-22 13:38:30-04:00,1.0
2011-04-22 13:38:33-04:00,1.0
2011-04-22 13:38:36-04:00,1.0
2011-04-22 13:38:39-04:00,1.0
2011-04-22 13:38:42-04:00,1.0
2011-04-22 13:38:45-04:00,1.0
2011-04-22 13:38:48-04:00,1.0
2011-04-22 13:38:51-04:00,1.0
2011-04-22 13:38:54-04:00,1.0
2011-04-22 13:38:57-04:00,1.0
2011-04-22 13:39:00-04:00,1.0
2011-04-22 13:39:03-04:00,1.0
2011-04-22 13:39:06-04:00,1.0
2011-04-22 13:39:09-04:00,1.0
2011-04-22 13:39:12-04:00,0.75
2011-04-22 13:39:15-04:00,0.0
2011-04-22 13:39:18-04:00,1.0
2011-04-22 13:39:21-04:00,1.0
2011-04-22 13:39:24-04:00,1.0
2011-04-22 13:39:27-04:00,1.0
2011-04-22 13:39:30-04:00,1.0
2011-04-22 13:39:33-04:00,1.0
2011-04-22 13:39:36-04:00,1.0
2011-04-22 13:39:39-04:00,0.5
2011-04-22 13:39:42-04:00,0.3333333333333333
2011-04-22 13:39:45-04:00,1.0
2011-04-22 13:39:48-04:00,1.0
2011-04-22 13:39:51-04:00,0.0
2011-04-22 13:39:54-04:00,0.75
2011-04-22 13:39:57-04:00,1.0
2011-04-22 13:40:00-04:00,1.0
2011-04-22 13:40:03-04:00,1.0
2011-04-22 13:40:06-04:00,1.0
2011-04-22 13:40:09-04:00,0.6666666666666667
2011-04-22 13:40:12-04:00,0.25
2011-04-22 13:40:15-04:00,1.0
2011-04-22 13:40:18-04:00,1.0
2011-04-22 13:40:21-04:00,1.0
2011-04-22 13:40:24-04:00,1.0
2011-04-22 13:40:27-04:00,1.0
2011-04-22 13:40:30-04:00,1.0
2011-04-22 13:40:33-04:00,1.0
2011-04-22 13:40:36-04:00,1.0
2011-04-22 13:40:39-04:00,1.0
2011-04-22 13:40:42-04:00,1.0
2011-04-22 13:40:45-04:00,0.0
2011-04-22 13:40:48-04:00,0.75
2011-04-22 13:40:51-04:00,0.33333333333333337
2011-04-22 13:40:54-04:00,0.0
2011-04-22 13:40:57-04:00,0.3333333333333333
2011-04-22 13:41:00-04:00,1.0
2011-04-22 13:41:03-04:00,1.0
2011-04-22 13:41:06-04:00,0.0
2011-04-22 13:41:09-04:00,0.75
2011-04-22 13:41:12-04:00,1.0
2011-04-22 13:41:15-04:00,1.0
2011-04-22 13:41:18-04:00,1.0
2011-04-22 13:41:21-04:00,0.75
2011-04-22 13:41:24-04:00,0.0
2011-04-22 13:41:27-04:00,0.0
2011-04-22 13:41:30-04:00,0.3333333333333333
2011-04-22 13:41:33-04:00,0.6666666666666666
2011-04-22 13:41:36-04:00,1.0
2011-04-22 13:41:39-04:00,0.0
2011-04-22 13:41:42-04:00,0.75
2011-04-22 13:41:45-04:00,0.33333333333333337
2011-04-22 13:41:48-04:00,0.0
2011-04-22 13:41:51-04:00,0.0
2011-04-22 13:41:54-04:00,0.0
2011-04-22 13:41:57-04:00,0.0
2011-04-22 13:42:00-04:00,0.0
2011-04-22 13:42:03-04:00,0.0
2011-04-22 13:42:06-04:00,0.0
2011-04-22 13:42:09-04:00,0.0
2011-04-22 13:42:12-04:00,0.0
2011-04-22 13:42:15-04:00,0.5
2011-04-22 13:42:18-04:00,0.6666666666666667
2011-04-22 13:42:21-04:00,0.0
2011-04-22 13:42:24-04:00,0.0
2011-04-22 13:42:27-04:00,0.0
2011-04-22 13:42:30-04:00,0.3333333333333333
2011-04-22 13:42:33-04:00,0.6666666666666666
2011-04-22 13:42:36-04:00,1.0
2011-04-22 13:42:39-04:00,0.0
2011-04-22 13:42:42-04:00,0.0
2011-04-22 13:42:45-04:00,0.0
2011-04-22 13:42:48-04:00,0.0
2011-04-22 13:42:51-04:00,0.0
2011-04-22 13:42:54-04:00,0.0
2011-04-22 13:42:57-04:00,0.0
2011-04-22 13:43:00-04:00,0.0
2011-04-22 13:43:03-04:00,0.0
2011-04-22 13:43:06-04:00,0.0
2011-04-22 13:43:09-04:00,0.0
2011-04-22 13:43:12-04:00,0.0
2011-04-22 13:43:15-04:00,0.5
2011-04-22 13:43:18-04:00,0.6666666666666667
2011-04-22 13:43:21-04:00,0.0
2011-04-22 13:43:24-04:00,0.0
2011-04-22 13:43:27-04:00,0.0
2011-04-22 13:43:30-04:00,0.0
2011-04-22 13:43:33-04:00,0.0
2011-04-22 13:43:36-04:00,0.0
2011-04-22 13:43:39-04:00,1.0
2011-04-22 13:43:42-04:00,0.25
2011-04-22 13:43:45-04:00,0.6666666666666666
2011-04-22 13:43:48-04:00,0.33333333333333337
2011-04-22 13:43:51-04:00,0.0
2011-04-22 13:43:54-04:00,0.0
2011-04-22 13:43:57-04:00,0.25
2011-04-22 13:44:00-04:00,1.0
2011-04-22 13:44:03-04:00,0.0
2011-04-22 13:44:06-04:00,0.0
2011-04-22 13:44:09-04:00,0.6666666666666666
2011-04-22 13:44:12-04:00,1.0
2011-04-22 13:44:15-04:00,0.5
2011-04-22 13:44:18-04:00,0.0
2011-04-22 13:44:21-04:00,0.0
2011-04-22 13:44:24-04:00,0.0
2011-04-22 13:44:27-04:00,0.0
2011-04-22 13:44:30-04:00,0.0
2011-04-22 13:44:33-04:00,0.0
2011-04-22 13:44:36-04:00,0.0
2011-04-22 13:44:39-04:00,0.0
2011-04-22 13:44:42-04:00,0.0
2011-04-22 13:44:45-04:00,0.0
2011-04-22 13:44:48-04:00,0.0
2011-04-22 13:44:51-04:00,0.0
2011-04-22 13:44:54-04:00,0.0
2011-04-22 13:44:57-04:00,0.0
2011-04-22 13:45:00-04:00,0.0
2011-04-22 13:45:03-04:00,0.0
2011-04-22 13:45:06-04:00,0.6666666666666666
2011-04-22 13:45:09-04:00,0.33333333333333337
2011-04-22 13:45:12-04:00,0.0
2011-04-22 13:45:15-04:00,0.0
2011-04-22 13:45:18-04:00,0.0
2011-04-22 13:45:21-04:00,0.0
2011-04-22 13:45:24-04:00,0.0
2011-04-22 13:45:27-04:00,0.0
2011-04-22 13:45:30-04:00,0.0
2011-04-22 13:45:33-04:00,0.0
2011-04-22 13:45:36-04:00,0.0
2011-04-22 13:45:39-04:00,0.0
2011-04-22 13:45:42-04:00,0.0
2011-04-22 13:45:45-04:00,0.0
2011-04-22 13:45:48-04:00,0.0
2011-04-22 13:45:51-04:00,0.0
2011-04-22 13:45:54-04:00,0.0
2011-04-22 13:45:57-04:00,0.0
2011-04-22 13:46:00-04:00,0.0
2011-04-22 13:46:03-04:00,0.0
2011-04-22 13:46:06-04:00,0.0
2011-04-22 13:46:09-04:00,0.75
2011-04-22 13:46:12-04:00,0.33333333333333337
2011-04-22 13:46:15-04:00,0.0
2011-04-22 13:46:18-04:00,0.0
2011-04-22 13:46:21-04:00,0.3333333333333333
2011-04-22 13:46:24-04:00,1.0
2011-04-22 13:46:27-04:00,1.0
2011-04-22 13:46:30-04:00,1.0
2011-04-22 13:46:33-04:00,1.0
2011-04-22 13:46:36-04:00,0.75
2011-04-22 13:46:39-04:00,0.0
2011-04-22 13:46:42-04:00,0.0
2011-04-22 13:46:45-04:00,0.0
2011-04-22 13:46:48-04:00,0.0
2011-04-22 13:46:51-04:00,0.0
2011-04-22 13:46:54-04:00,0.0
2011-04-22 13:46:57-04:00,0.3333333333333333
2011-04-22 13:47:00-04:00,0.75
2011-04-22 13:47:03-04:00,0.0
2011-04-22 13:47:06-04:00,0.0
2011-04-22 13:47:09-04:00,0.0
2011-04-22 13:47:12-04:00,0.0
2011-04-22 13:47:15-04:00,0.5
2011-04-22 13:47:18-04:00,1.0
2011-04-22 13:47:21-04:00,1.0
2011-04-22 13:47:24-04:00,0.75
2011-04-22 13:47:27-04:00,0.0
2011-04-22 13:47:30-04:00,0.0
2011-04-22 13:47:33-04:00,0.0
2011-04-22 13:47:36-04:00,0.0
2011-04-22 13:47:39-04:00,0.0
2011-04-22 13:47:42-04:00,1.0
2011-04-22 13:47:45-04:00,1.0
2011-04-22 13:47:48-04:00,0.33333333333333337
2011-04-22 13:47:51-04:00,0.0
2011-04-22 13:47:54-04:00,0.5
2011-04-22 13:47:57-04:00,1.0
2011-04-22 13:48:00-04:00,0.75
2011-04-22 13:48:03-04:00,0.0
2011-04-22 13:48:06-04:00,0.0
2011-04-22 13:48:09-04:00,0.0
2011-04-22 13:48:12-04:00,0.0
2011-04-22 13:48:15-04:00,0.0
2011-04-22 13:48:18-04:00,0.3333333333333333
2011-04-22 13:48:21-04:00,0.6666666666666667
2011-04-22 13:48:24-04:00,0.0
2011-04-22 13:48:27-04:00,0.0
2011-04-22 13:48:30-04:00,0.3333333333333333
2011-04-22 13:48:33-04:00,0.6666666666666666
2011-04-22 13:48:36-04:00,1.0
2011-04-22 13:48:39-04:00,1.0
2011-04-22 13:48:42-04:00,0.25
2011-04-22 13:48:45-04:00,0.6666666666666666
2011-04-22 13:48:48-04:00,1.0
2011-04-22 13:48:51-04:00,0.6666666666666667
2011-04-22 13:48:54-04:00,0.0
2011-04-22 13:48:57-04:00,0.0
2011-04-22 13:49:00-04:00,0.0
2011-04-22 13:49:03-04:00,1.0
2011-04-22 13:49:06-04:00,0.25
2011-04-22 13:49:09-04:00,0.0
2011-04-22 13:49:12-04:00,0.0
2011-04-22 13:49:15-04:00,0.3333333333333333
2011-04-22 13:49:18-04:00,1.0
2011-04-22 13:49:21-04:00,1.0
2011-04-22 13:49:24-04:00,1.0
2011-04-22 13:49:27-04:00,0.0
2011-04-22 13:49:30-04:00,0.0
2011-04-22 13:49:33-04:00,0.0
2011-04-22 13:49:36-04:00,0.0
2011-04-22 13:49:39-04:00,0.0
2011-04-22 13:49:42-04:00,0.75
2011-04-22 13:49:45-04:00,0.33333333333333337
2011-04-22 13:49:48-04:00,0.5
2011-04-22 13:49:51-04:00,1.0
2011-04-22 13:49:54-04:00,0.6666666666666667
2011-04-22 13:49:57-04:00,0.0
2011-04-22 13:50:00-04:00,0.0
2011-04-22 13:50:03-04:00,0.0
2011-04-22 13:50:06-04:00,0.0
2011-04-22 13:50:09-04:00,0.0
2011-04-22 13:50:12-04:00,0.6666666666666666
2011-04-22 13:50:15-04:00,1.0
2011-04-22 13:50:18-04:00,0.6666666666666667
2011-04-22 13:50:21-04:00,0.25
2011-04-22 13:50:24-04:00,1.0
2011-04-22 13:50:27-04:00,0.0
2011-04-22 13:50:30-04:00,0.0
2011-04-22 13:50:33-04:00,0.0
2011-04-22 13:50:36-04:00,0.0
2011-04-22 13:50:39-04:00,0.0
2011-04-22 13:50:42-04:00,0.6666666666666666
2011-04-22 13:50:45-04:00,0.5
2011-04-22 13:50:48-04:00,0.3333333333333333
2011-04-22 13:50:51-04:00,1.0
2011-04-22 13:50:54-04:00,1.0
2011-04-22 13:50:57-04:00,0.0
2011-04-22 13:51:00-04:00,0.0
2011-04-22 13:51:03-04:00,0.0
2011-04-22 13:51:06-04:00,0.0
2011-04-22 13:51:09-04:00,0.5
2011-04-22 13:51:12-04:00,0.6666666666666667
2011-04-22 13:51:15-04:00,0.0
2011-04-22 13:51:18-04:00,0.0
2011-04-22 13:51:21-04:00,1.0
2011-04-22 13:51:24-04:00,1.0
2011-04-22 13:51:27-04:00,0.25
2011-04-22 13:51:30-04:00,0.0
2011-04-22 13:51:33-04:00,0.0
2011-04-22 13:51:36-04:00,0.0
2011-04-22 13:51:39-04:00,0.0
2011-04-22 13:51:42-04:00,0.0
2011-04-22 13:51:45-04:00,0.0
2011-04-22 13:51:48-04:00,0.0
2011-04-22 13:51:51-04:00,0.0
2011-04-22 13:51:54-04:00,0.25
2011-04-22 13:51:57-04:00,1.0
2011-04-22 13:52:00-04:00,1.0
2011-04-22 13:52:03-04:00,1.0
2011-04-22 13:52:06-04:00,1.0
2011-04-22 13:52:09-04:00,1.0
2011-04-22 13:52:12-04:00,0.6666666666666667
2011-04-22 13:52:15-04:00,0.0
2011-04-22 13:52:18-04:00,0.0
2011-04-22 13:52:21-04:00,1.0
2011-04-22 13:52:24-04:00,0.0
2011-04-22 13:52:27-04:00,0.0
2011-04-22 13:52:30-04:00,0.2222222222222222
2011-04-22 13:52:33-04:00,0.5555555555555556
2011-04-22 13:52:36-04:00,0.8888888888888888
2011-04-22 13:52:39-04:00,1.0
2011-04-22 13:52:42-04:00,0.5
2011-04-22 13:52:45-04:00,0.0
2011-04-22 13:52:48-04:00,0.0
2011-04-22 13:52:51-04:00,0.0
2011-04-22 13:52:54-04:00,0.0
2011-04-22 13:52:57-04:00,0.0
2011-04-22 13:53:00-04:00,0.0
2011-04-22 13:53:03-04:00,0.0
2011-04-22 13:53:06-04:00,0.0
2011-04-22 13:53:09-04:00,0.3333333333333333
2011-04-22 13:53:12-04:00,0.6666666666666667
2011-04-22 13:53:15-04:00,0.0
2011-04-22 13:53:18-04:00,0.0
2011-04-22 13:53:21-04:00,0.0
2011-04-22 13:53:24-04:00,0.0
2011-04-22 13:53:27-04:00,0.0
2011-04-22 13:53:30-04:00,0.0
2011-04-22 13:53:33-04:00,0.0
2011-04-22 13:53:36-04:00,0.0
2011-04-22 13:53:39-04:00,0.0
2011-04-22 13:53:42-04:00,0.0
2011-04-22 13:53:45-04:00,0.0
2011-04-22 13:53:48-04:00,0.0
2011-04-22 13:53:51-04:00,0.0
2011-04-22 13:53:54-04:00,0.0
2011-04-22 13:53:57-04:00,0.0
2011-04-22 13:54:00-04:00,0.0
2011-04-22 13:54:03-04:00,0.0
2011-04-22 13:54:06-04:00,0.6666666666666666
2011-04-22 13:54:09-04:00,1.0
2011-04-22 13:54:12-04:00,1.0
2011-04-22 13:54:15-04:00,1.0
2011-04-22 13:54:18-04:00,1.0
2011-04-22 13:54:21-04:00,1.0
2011-04-22 13:54:24-04:00,1.0
2011-04-22 13:54:27-04:00,1.0
2011-04-22 13:54:30-04:00,1.0
2011-04-22 13:54:33-04:00,1.0
2011-04-22 13:54:36-04:00,1.0
2011-04-22 13:54:39-04:00,0.25
2011-04-22 13:54:42-04:00,0.0
2011-04-22 13:54:45-04:00,0.0
2011-04-22 13:54:48-04:00,0.3333333333333333
2011-04-22 13:54:51-04:00,1.0
2011-04-22 13:54:54-04:00,1.0
2011-04-22 13:54:57-04:00,0.0
2011-04-22 13:55:00-04:00,1.0
2011-04-22 13:55:03-04:00,1.0
2011-04-22 13:55:06-04:00,0.5
2011-04-22 13:55:09-04:00,0.0
2011-04-22 13:55:12-04:00,0.0
2011-04-22 13:55:15-04:00,0.0
2011-04-22 13:55:18-04:00,0.0
2011-04-22 13:55:21-04:00,0.0
2011-04-22 13:55:24-04:00,0.75
2011-04-22 13:55:27-04:00,1.0
2011-04-22 13:55:30-04:00,1.0
2011-04-22 13:55:33-04:00,1.0
2011-04-22 13:55:36-04:00,1.0
2011-04-22 13:55:39-04:00,0.33333333333333337
2011-04-22 13:55:42-04:00,0.5
2011-04-22 13:55:45-04:00,1.0
2011-04-22 13:55:48-04:00,1.0
2011-04-22 13:55:51-04:00,1.0
2011-04-22 13:55:54-04:00,0.0
2011-04-22 13:55:57-04:00,0.75
2011-04-22 13:56:00-04:00,1.0
2011-04-22 13:56:03-04:00,1.0
2011-04-22 13:56:06-04:00,0.5
2011-04-22 13:56:09-04:00,0.3333333333333333
2011-04-22 13:56:12-04:00,1.0
2011-04-22 13:56:15-04:00,1.0
2011-04-22 13:56:18-04:00,0.0
2011-04-22 13:56:21-04:00,0.0
2011-04-22 13:56:24-04:00,0.0
2011-04-22 13:56:27-04:00,0.5
2011-04-22 13:56:30-04:00,1.0
2011-04-22 13:56:33-04:00,1.0
2011-04-22 13:56:36-04:00,1.0
2011-04-22 13:56:39-04:00,1.0
2011-04-22 13:56:42-04:00,0.6666666666666667
2011-04-22 13:56:45-04:00,0.0
2011-04-22 13:56:48-04:00,0.0
2011-04-22 13:56:51-04:00,1.0
2011-04-22 13:56:54-04:00,0.25
2011-04-22 13:56:57-04:00,0.0
2011-04-22 13:57:00-04:00,0.0
2011-04-22 13:57:03-04:00,0.0
2011-04-22 13:57:06-04:00,0.3333333333333333
2011-04-22 13:57:09-04:00,1.0
2011-04-22 13:57:12-04:00,1.0
2011-04-22 13:57:15-04:00,1.0
2011-04-22 13:57:18-04:00,0.25
2011-04-22 13:57:21-04:00,0.0
2011-04-22 13:57:24-04:00,0.0
2011-04-22 13:57:27-04:00,0.5
2011-04-22 13:57:30-04:00,1.0
2011-04-22 13:57:33-04:00,1.0
2011-04-22 13:57:36-04:00,1.0
2011-04-22 13:57:39-04:00,0.6666666666666667
2011-04-22 13:57:42-04:00,0.3333333333333333
2011-04-22 13:57:45-04:00,0.75
2011-04-22 13:57:48-04:00,0.0
2011-04-22 13:57:51-04:00,0.0
2011-04-22 13:57:54-04:00,0.75
2011-04-22 13:57:57-04:00,1.0
2011-04-22 13:58:00-04:00,1.0
2011-04-22 13:58:03-04:00,1.0
2011-04-22 13:58:06-04:00,1.0
2011-04-22 13:58:09-04:00,1.0
2011-04-22 13:58:12-04:00,1.0
2011-04-22 13:58:15-04:00,0.0
2011-04-22 13:58:18-04:00,0.75
2011-04-22 13:58:21-04:00,1.0
2011-04-22 13:58:24-04:00,1.0
2011-04-22 13:58:27-04:00,1.0
2011-04-22 13:58:30-04:00,0.8888888888888888
2011-04-22 13:58:33-04:00,0.5555555555555556
2011-04-22 13:58:36-04:00,0.2222222222222222
2011-04-22 13:58:39-04:00,0.0
2011-04-22 13:58:42-04:00,0.25
2011-04-22 13:58:45-04:00,1.0
2011-04-22 13:58:48-04:00,1.0
2011-04-22 13:58:51-04:00,0.0
2011-04-22 13:58:54-04:00,0.75
2011-04-22 13:58:57-04:00,1.0
2011-04-22 13:59:00-04:00,0.5
2011-04-22 13:59:03-04:00,0.3333333333333333
2011-04-22 13:59:06-04:00,1.0
2011-04-22 13:59:09-04:00,1.0
2011-04-22 13:59:12-04:00,0.0
2011-04-22 13:59:15-04:00,0.75
2011-04-22 13:59:18-04:00,0.33333333333333337
2011-04-22 13:59:21-04:00,0.0
2011-04-22 13:59:24-04:00,0.3333333333333333
2011-04-22 13:59:27-04:00,1.0
2011-04-22 13:59:30-04:00,1.0
2011-04-22 13:59:33-04:00,1.0
2011-04-22 13:59:36-04:00,0.6666666666666667
2011-04-22 13:59:39-04:00,0.0
2011-04-22 13:59:42-04:00,0.0
2011-04-22 13:59:45-04:00,0.0
2011-04-22 13:59:48-04:00,0.0
2011-04-22 13:59:51-04:00,0.6666666666666666
2011-04-22 13:59:54-04:00,1.0
2011-04-22 13:59:57-04:00,1.0
2011-04-22 14:00:00-04:00,0.75
2011-04-22 14:00:03-04:00,0.0
2011-04-22 14:00:06-04:00,1.0
2011-04-22 14:00:09-04:00,1.0
2011-04-22 14:00:12-04:00,1.0
2011-04-22 14:00:15-04:00,1.0
2011-04-22 14:00:18-04:00,0.5
2011-04-22 14:00:21-04:00,0.0
2011-04-22 14:00:24-04:00,0.0
2011-04-22 14:00:27-04:00,0.0
2011-04-22 14:00:30-04:00,0.3333333333333333
2011-04-22 14:00:33-04:00,0.6666666666666666
2011-04-22 14:00:36-04:00,1.0
2011-04-22 14:00:39-04:00,1.0
2011-04-22 14:00:42-04:00,1.0
2011-04-22 14:00:45-04:00,0.25
2011-04-22 14:00:48-04:00,0.0
2011-04-22 14:00:51-04:00,0.0
2011-04-22 14:00:54-04:00,0.25
2011-04-22 14:00:57-04:00,1.0
2011-04-22 14:01:00-04:00,1.0
2011-04-22 14:01:03-04:00,1.0
2011-04-22 14:01:06-04:00,0.33333333333333337
2011-04-22 14:01:09-04:00,0.0
2011-04-22 14:01:12-04:00,0.3333333333333333
2011-04-22 14:01:15-04:00,0.75
2011-04-22 14:01:18-04:00,0.0
2011-04-22 14:01:21-04:00,0.0
2011-04-22 14:01:24-04:00,0.0
2011-04-22 14:01:27-04:00,0.0
2011-04-22 14:01:30-04:00,0.0
2011-04-22 14:01:33-04:00,0.0
2011-04-22 14:01:36-04:00,0.0
2011-04-22 14:01:39-04:00,0.6666666666666666
2011-04-22 14:01:42-04:00,0.5
2011-04-22 14:01:45-04:00,0.3333333333333333
2011-04-22 14:01:48-04:00,1.0
2011-04-22 14:01:51-04:00,0.75
2011-04-22 14:01:54-04:00,0.0
2011-04-22 14:01:57-04:00,0.0
2011-04-22 14:02:00-04:00,0.0
2011-04-22 14:02:03-04:00,0.0
2011-04-22 14:02:06-04:00,0.5
2011-04-22 14:02:09-04:00,0.75
2011-04-22 14:02:12-04:00,0.0
2011-04-22 14:02:15-04:00,1.0
2011-04-22 14:02:18-04:00,1.0
2011-04-22 14:02:21-04:00,0.33333333333333337
2011-04-22 14:02:24-04:00,0.0
2011-04-22 14:02:27-04:00,0.0
2011-04-22 14:02:30-04:00,0.0
2011-04-22 14:02:33-04:00,0.0
2011-04-22 14:02:36-04:00,0.3333333333333333
2011-04-22 14:02:39-04:00,1.0
2011-04-22 14:02:42-04:00,0.75
2011-04-22 14:02:45-04:00,0.0
2011-04-22 14:02:48-04:00,0.0
2011-04-22 14:02:51-04:00,0.0
2011-04-22 14:02:54-04:00,0.0
2011-04-22 14:02:57-04:00,0.3333333333333333
2011-04-22 14:03:00-04:00,0.75
2011-04-22 14:03:03-04:00,0.0
2011-04-22 14:03:06-04:00,1.0
2011-04-22 14:03:09-04:00,0.0
2011-04-22 14:03:12-04:00,0.0
2011-04-22 14:03:15-04:00,0.0
2011-04-22 14:03:18-04:00,0.0
2011-04-22 14:03:21-04:00,0.0
2011-04-22 14:03:24-04:00,0.0
2011-04-22 14:03:27-04:00,0.0
2011-04-22 14:03:30-04:00,0.0
2011-04-22 14:03:33-04:00,0.0
2011-04-22 14:03:36-04:00,0.0
2011-04-22 14:03:39-04:00,0.0
2011-04-22 14:03:42-04:00,0.0
2011-04-22 14:03:45-04:00,0.75
2011-04-22 14:03:48-04:00,1.0
2011-04-22 14:03:51-04:00,1.0
2011-04-22 14:03:54-04:00,0.5
2011-04-22 14:03:57-04:00,0.3333333333333333
2011-04-22 14:04:00-04:00,0.75
2011-04-22 14:04:03-04:00,0.0
2011-04-22 14:04:06-04:00,0.0
2011-04-22 14:04:09-04:00,0.75
2011-04-22 14:04:12-04:00,1.0
2011-04-22 14:04:15-04:00,1.0
2011-04-22 14:04:18-04:00,1.0
2011-04-22 14:04:21-04:00,1.0
2011-04-22 14:04:24-04:00,1.0
2011-04-22 14:04:27-04:00,1.0
2011-04-22 14:04:30-04:00,0.6666666666666667
2011-04-22 14:04:33-04:00,0.33333333333333337
2011-04-22 14:04:36-04:00,0.0
2011-04-22 14:04:39-04:00,0.75
2011-04-22 14:04:42-04:00,1.0
2011-04-22 14:04:45-04:00,0.33333333333333337
2011-04-22 14:04:48-04:00,0.5
2011-04-22 14:04:51-04:00,0.6666666666666667
2011-04-22 14:04:54-04:00,0.0
2011-04-22 14:04:57-04:00,0.0
2011-04-22 14:05:00-04:00,0.0
2011-04-22 14:05:03-04:00,0.75
2011-04-22 14:05:06-04:00,1.0
2011-04-22 14:05:09-04:00,0.33333333333333337
2011-04-22 14:05:12-04:00,0.0
2011-04-22 14:05:15-04:00,0.0
2011-04-22 14:05:18-04:00,0.0
2011-04-22 14:05:21-04:00,0.0
2011-04-22 14:05:24-04:00,1.0
2011-04-22 14:05:27-04:00,0.25
2011-04-22 14:05:30-04:00,0.0
2011-04-22 14:05:33-04:00,0.0
2011-04-22 14:05:36-04:00,0.0
2011-04-22 14:05:39-04:00,0.75
2011-04-22 14:05:42-04:00,1.0
2011-04-22 14:05:45-04:00,0.5
2011-04-22 14:05:48-04:00,0.3333333333333333
2011-04-22 14:05:51-04:00,0.75
2011-04-22 14:05:54-04:00,0.0
2011-04-22 14:05:57-04:00,1.0
2011-04-22 14:06:00-04:00,1.0
2011-04-22 14:06:03-04:00,1.0
2011-04-22 14:06:06-04:00,0.5
2011-04-22 14:06:09-04:00,0.3333333333333333
2011-04-22 14:06:12-04:00,1.0
2011-04-22 14:06:15-04:00,0.75
2011-04-22 14:06:18-04:00,0.0
2011-04-22 14:06:21-04:00,1.0
2011-04-22 14:06:24-04:00,1.0
2011-04-22 14:06:27-04:00,1.0
2011-04-22 14:06:30-04:00,1.0
2011-04-22 14:06:33-04:00,1.0
2011-04-22 14:06:36-04:00,1.0
2011-04-22 14:06:39-04:00,0.5
2011-04-22 14:06:42-04:00,0.3333333333333333
2011-04-22 14:06:45-04:00,1.0
2011-04-22 14:06:48-04:00,0.75
2011-04-22 14:06:51-04:00,0.0
2011-04-22 14:06:54-04:00,1.0
2011-04-22 14:06:57-04:00,1.0
2011-04-22 14:07:00-04:00,1.0
2011-04-22 14:07:03-04:00,0.5
2011-04-22 14:07:06-04:00,0.3333333333333333
2011-04-22 14:07:09-04:00,1.0
2011-04-22 14:07:12-04:00,1.0
2011-04-22 14:07:15-04:00,1.0
2011-04-22 14:07:18-04:00,1.0
2011-04-22 14:07:21-04:00,0.33333333333333337
2011-04-22 14:07:24-04:00,0.5
2011-04-22 14:07:27-04:00,1.0
2011-04-22 14:07:30-04:00,1.0
2011-04-22 14:07:33-04:00,1.0
2011-04-22 14:07:36-04:00,1.0
2011-04-22 14:07:39-04:00,1.0
2011-04-22 14:07:42-04:00,1.0
2011-04-22 14:07:45-04:00,0.0
2011-04-22 14:07:48-04:00,0.75
2011-04-22 14:07:51-04:00,1.0
2011-04-22 14:07:54-04:00,0.5
2011-04-22 14:07:57-04:00,0.0
2011-04-22 14:08:00-04:00,0.0
2011-04-22 14:08:03-04:00,0.0
2011-04-22 14:08:06-04:00,0.0
2011-04-22 14:08:09-04:00,0.0
2011-04-22 14:08:12-04:00,1.0
2011-04-22 14:08:15-04:00,0.25
2011-04-22 14:08:18-04:00,0.0
2011-04-22 14:08:21-04:00,0.0
2011-04-22 14:08:24-04:00,0.25
2011-04-22 14:08:27-04:00,1.0
2011-04-22 14:08:30-04:00,1.0
2011-04-22 14:08:33-04:00,1.0
2011-04-22 14:08:36-04:00,1.0
2011-04-22 14:08:39-04:00,1.0
2011-04-22 14:08:42-04:00,1.0
2011-04-22 14:08:45-04:00,1.0
2011-04-22 14:08:48-04:00,0.5
2011-04-22 14:08:51-04:00,0.3333333333333333
2011-04-22 14:08:54-04:00,1.0
2011-04-22 14:08:57-04:00,1.0
2011-04-22 14:09:00-04:00,0.0
2011-04-22 14:09:03-04:00,0.0
2011-04-22 14:09:06-04:00,0.0
2011-04-22 14:09:09-04:00,0.0
2011-04-22 14:09:12-04:00,0.0
2011-04-22 14:09:15-04:00,0.0
2011-04-22 14:09:18-04:00,0.0
2011-04-22 14:09:21-04:00,0.0
2011-04-22 14:09:24-04:00,0.0
2011-04-22 14:09:27-04:00,0.75
2011-04-22 14:09:30-04:00,0.75
2011-04-22 14:09:33-04:00,0.375
2011-04-22 14:09:36-04:00,0.0
2011-04-22 14:09:39-04:00,0.0
2011-04-22 14:09:42-04:00,0.0
2011-04-22 14:09:45-04:00,0.5
2011-04-22 14:09:48-04:00,0.6666666666666667
2011-04-22 14:09:51-04:00,0.25
2011-04-22 14:09:54-04:00,1.0
2011-04-22 14:09:57-04:00,1.0
2011-04-22 14:10:00-04:00,1.0
2011-04-22 14:10:03-04:00,0.25
2011-04-22 14:10:06-04:00,0.0
2011-04-22 14:10:09-04:00,0.0
2011-04-22 14:10:12-04:00,0.3333333333333333
2011-04-22 14:10:15-04:00,0.75
2011-04-22 14:10:18-04:00,0.0
2011-04-22 14:10:21-04:00,1.0
2011-04-22 14:10:24-04:00,0.0
2011-04-22 14:10:27-04:00,0.75
2011-04-22 14:10:30-04:00,0.7777777777777778
2011-04-22 14:10:33-04:00,0.4444444444444444
2011-04-22 14:10:36-04:00,0.11111111111111116
2011-04-22 14:10:39-04:00,0.6666666666666666
2011-04-22 14:10:42-04:00,1.0
2011-04-22 14:10:45-04:00,1.0
2011-04-22 14:10:48-04:00,1.0
2011-04-22 14:10:51-04:00,1.0
2011-04-22 14:10:54-04:00,1.0
2011-04-22 14:10:57-04:00,1.0
2011-04-22 14:11:00-04:00,0.25
2011-04-22 14:11:03-04:00,0.6666666666666666
2011-04-22 14:11:06-04:00,0.5
2011-04-22 14:11:09-04:00,0.3333333333333333
2011-04-22 14:11:12-04:00,1.0
2011-04-22 14:11:15-04:00,1.0
2011-04-22 14:11:18-04:00,1.0
2011-04-22 14:11:21-04:00,1.0
2011-04-22 14:11:24-04:00,1.0
2011-04-22 14:11:27-04:00,0.33333333333333337
2011-04-22 14:11:30-04:00,0.0
2011-04-22 14:11:33-04:00,0.0
2011-04-22 14:11:36-04:00,0.0
2011-04-22 14:11:39-04:00,0.6666666666666666
2011-04-22 14:11:42-04:00,0.5
2011-04-22 14:11:45-04:00,0.0
2011-04-22 14:11:48-04:00,0.0
2011-04-22 14:11:51-04:00,0.0
2011-04-22 14:11:54-04:00,1.0
2011-04-22 14:11:57-04:00,1.0
2011-04-22 14:12:00-04:00,1.0
2011-04-22 14:12:03-04:00,1.0
2011-04-22 14:12:06-04:00,0.6666666666666667
2011-04-22 14:12:09-04:00,0.3333333333333333
2011-04-22 14:12:12-04:00,0.75
2011-04-22 14:12:15-04:00,0.0
2011-04-22 14:12:18-04:00,1.0
2011-04-22 14:12:21-04:00,0.25
2011-04-22 14:12:24-04:00,0.0
2011-04-22 14:12:27-04:00,0.6666666666666666
2011-04-22 14:12:30-04:00,1.0
2011-04-22 14:12:33-04:00,1.0
2011-04-22 14:12:36-04:00,1.0
2011-04-22 14:12:39-04:00,0.33333333333333337
2011-04-22 14:12:42-04:00,0.0
2011-04-22 14:12:45-04:00,0.3333333333333333
2011-04-22 14:12:48-04:00,1.0
2011-04-22 14:12:51-04:00,0.75
2011-04-22 14:12:54-04:00,0.0
2011-04-22 14:12:57-04:00,1.0
2011-04-22 14:13:00-04:00,1.0
2011-04-22 14:13:03-04:00,1.0
2011-04-22 14:13:06-04:00,0.5
2011-04-22 14:13:09-04:00,0.3333333333333333
2011-04-22 14:13:12-04:00,1.0
2011-04-22 14:13:15-04:00,1.0
2011-04-22 14:13:18-04:00,1.0
2011-04-22 14:13:21-04:00,0.0
2011-04-22 14:13:24-04:00,0.0
2011-04-22 14:13:27-04:00,0.0
2011-04-22 14:13:30-04:00,0.0
2011-04-22 14:13:33-04:00,0.0
2011-04-22 14:13:36-04:00,0.0
2011-04-22 14:13:39-04:00,0.0
2011-04-22 14:13:42-04:00,0.0
2011-04-22 14:13:45-04:00,0.0
2011-04-22 14:13:48-04:00,0.3333333333333333
2011-04-22 14:13:51-04:00,1.0
2011-04-22 14:13:54-04:00,1.0
2011-04-22 14:13:57-04:00,1.0
2011-04-22 14:14:00-04:00,0.25
2011-04-22 14:14:03-04:00,0.0
2011-04-22 14:14:06-04:00,0.5
2011-04-22 14:14:09-04:00,0.6666666666666667
2011-04-22 14:14:12-04:00,0.25
2011-04-22 14:14:15-04:00,1.0
2011-04-22 14:14:18-04:00,0.0
2011-04-22 14:14:21-04:00,1.0
2011-04-22 14:14:24-04:00,1.0
2011-04-22 14:14:27-04:00,1.0
2011-04-22 14:14:30-04:00,1.0
2011-04-22 14:14:33-04:00,1.0
2011-04-22 14:14:36-04:00,1.0
2011-04-22 14:14:39-04:00,1.0
2011-04-22 14:14:42-04:00,1.0
2011-04-22 14:14:45-04:00,0.6666666666666667
2011-04-22 14:14:48-04:00,0.0
2011-04-22 14:14:51-04:00,0.0
2011-04-22 14:14:54-04:00,0.0
2011-04-22 14:14:57-04:00,1.0
2011-04-22 14:15:00-04:00,1.0
2011-04-22 14:15:03-04:00,0.33333333333333337
2011-04-22 14:15:06-04:00,0.5
2011-04-22 14:15:09-04:00,0.6666666666666667
2011-04-22 14:15:12-04:00,0.25
2011-04-22 14:15:15-04:00,1.0
2011-04-22 14:15:18-04:00,1.0
2011-04-22 14:15:21-04:00,1.0
2011-04-22 14:15:24-04:00,0.33333333333333337
2011-04-22 14:15:27-04:00,0.0
2011-04-22 14:15:30-04:00,0.0
2011-04-22 14:15:33-04:00,0.0
2011-04-22 14:15:36-04:00,0.0
2011-04-22 14:15:39-04:00,0.0
2011-04-22 14:15:42-04:00,0.0
2011-04-22 14:15:45-04:00,0.0
2011-04-22 14:15:48-04:00,0.0
2011-04-22 14:15:51-04:00,1.0
2011-04-22 14:15:54-04:00,0.0
2011-04-22 14:15:57-04:00,0.0
2011-04-22 14:16:00-04:00,0.0
2011-04-22 14:16:03-04:00,0.0
2011-04-22 14:16:06-04:00,0.5
2011-04-22 14:16:09-04:00,0.6666666666666667
2011-04-22 14:16:12-04:00,0.0
2011-04-22 14:16:15-04:00,0.0
2011-04-22 14:16:18-04:00,1.0
2011-04-22 14:16:21-04:00,0.25
2011-04-22 14:16:24-04:00,0.0
2011-04-22 14:16:27-04:00,0.6666666666666666
2011-04-22 14:16:30-04:00,1.0
2011-04-22 14:16:33-04:00,1.0
2011-04-22 14:16:36-04:00,1.0
2011-04-22 14:16:39-04:00,1.0
2011-04-22 14:16:42-04:00,1.0
2011-04-22 14:16:45-04:00,1.0
2011-04-22 14:16:48-04:00,1.0
2011-04-22 14:16:51-04:00,1.0
2011-04-22 14:16:54-04:00,0.25
2011-04-22 14:16:57-04:00,0.0
2011-04-22 14:17:00-04:00,0.0
2011-04-22 14:17:03-04:00,0.0
2011-04-22 14:17:06-04:00,0.0
2011-04-22 14:17:09-04:00,0.0
2011-04-22 14:17:12-04:00,0.0
2011-04-22 14:17:15-04:00,0.0
2011-04-22 14:17:18-04:00,1.0
2011-04-22 14:17:21-04:00,0.25
2011-04-22 14:17:24-04:00,0.6666666666666666
2011-04-22 14:17:27-04:00,0.33333333333333337
2011-04-22 14:17:30-04:00,0.2222222222222222
2011-04-22 14:17:33-04:00,0.5555555555555556
2011-04-22 14:17:36-04:00,0.8888888888888888
2011-04-22 14:17:39-04:00,1.0
2011-04-22 14:17:42-04:00,0.6666666666666667
2011-04-22 14:17:45-04:00,0.25
2011-04-22 14:17:48-04:00,1.0
2011-04-22 14:17:51-04:00,0.0
2011-04-22 14:17:54-04:00,1.0
2011-04-22 14:17:57-04:00,1.0
2011-04-22 14:18:00-04:00,0.33333333333333337
2011-04-22 14:18:03-04:00,0.5
2011-04-22 14:18:06-04:00,1.0
2011-04-22 14:18:09-04:00,1.0
2011-04-22 14:18:12-04:00,1.0
2011-04-22 14:18:15-04:00,1.0
2011-04-22 14:18:18-04:00,1.0
2011-04-22 14:18:21-04:00,1.0
2011-04-22 14:18:24-04:00,1.0
2011-04-22 14:18:27-04:00,1.0
2011-04-22 14:18:30-04:00,1.0
2011-04-22 14:18:33-04:00,1.0
2011-04-22 14:18:36-04:00,1.0
2011-04-22 14:18:39-04:00,1.0
2011-04-22 14:18:42-04:00,1.0
2011-04-22 14:18:45-04:00,1.0
2011-04-22 14:18:48-04:00,0.0
2011-04-22 14:18:51-04:00,0.75
2011-04-22 14:18:54-04:00,0.5
2011-04-22 14:18:57-04:00,0.3333333333333333
2011-04-22 14:19:00-04:00,1.0
2011-04-22 14:19:03-04:00,1.0
2011-04-22 14:19:06-04:00,0.25
2011-04-22 14:19:09-04:00,0.0
2011-04-22 14:19:12-04:00,0.5
2011-04-22 14:19:15-04:00,0.6666666666666667
2011-04-22 14:19:18-04:00,0.25
2011-04-22 14:19:21-04:00,1.0
2011-04-22 14:19:24-04:00,1.0
2011-04-22 14:19:27-04:00,1.0
2011-04-22 14:19:30-04:00,0.7777777777777778
2011-04-22 14:19:33-04:00,0.4444444444444444
2011-04-22 14:19:36-04:00,0.11111111111111116
2011-04-22 14:19:39-04:00,0.6666666666666666
2011-04-22 14:19:42-04:00,0.5
2011-04-22 14:19:45-04:00,0.3333333333333333
2011-04-22 14:19:48-04:00,1.0
2011-04-22 14:19:51-04:00,1.0
2011-04-22 14:19:54-04:00,0.0
2011-04-22 14:19:57-04:00,0.0
2011-04-22 14:20:00-04:00,0.0
2011-04-22 14:20:03-04:00,0.0
2011-04-22 14:20:06-04:00,0.0
2011-04-22 14:20:09-04:00,0.25
2011-04-22 14:20:12-04:00,1.0
2011-04-22 14:20:15-04:00,1.0
2011-04-22 14:20:18-04:00,1.0
2011-04-22 14:20:21-04:00,0.33333333333333337
2011-04-22 14:20:24-04:00,0.0
2011-04-22 14:20:27-04:00,0.0
2011-04-22 14:20:30-04:00,0.0
2011-04-22 14:20:33-04:00,0.0
2011-04-22 14:20:36-04:00,0.0
2011-04-22 14:20:39-04:00,0.5
2011-04-22 14:20:42-04:00,1.0
2011-04-22 14:20:45-04:00,0.6666666666666667
2011-04-22 14:20:48-04:00,0.25
2011-04-22 14:20:51-04:00,1.0
2011-04-22 14:20:54-04:00,1.0
2011-04-22 14:20:57-04:00,0.33333333333333337
2011-04-22 14:21:00-04:00,0.5
2011-04-22 14:21:03-04:00,1.0
2011-04-22 14:21:06-04:00,1.0
2011-04-22 14:21:09-04:00,1.0
2011-04-22 14:21:12-04:00,0.0
2011-04-22 14:21:15-04:00,0.75
2011-04-22 14:21:18-04:00,0.33333333333333337
2011-04-22 14:21:21-04:00,0.5
2011-04-22 14:21:24-04:00,0.6666666666666667
2011-04-22 14:21:27-04:00,0.1111111111111111
2011-04-22 14:21:30-04:00,0.4444444444444444
2011-04-22 14:21:33-04:00,0.7777777777777778
2011-04-22 14:21:36-04:00,0.75
2011-04-22 14:21:39-04:00,0.0
2011-04-22 14:21:42-04:00,0.0
2011-04-22 14:21:45-04:00,0.0
2011-04-22 14:21:48-04:00,0.0
2011-04-22 14:21:51-04:00,0.0
2011-04-22 14:21:54-04:00,0.3333333333333333
2011-04-22 14:21:57-04:00,1.0
2011-04-22 14:22:00-04:00,1.0
2011-04-22 14:22:03-04:00,0.0
2011-04-22 14:22:06-04:00,0.0
2011-04-22 14:22:09-04:00,0.75
2011-04-22 14:22:12-04:00,1.0
2011-04-22 14:22:15-04:00,1.0
2011-04-22 14:22:18-04:00,1.0
2011-04-22 14:22:21-04:00,0.75
2011-04-22 14:22:24-04:00,0.0
2011-04-22 14:22:27-04:00,0.0
2011-04-22 14:22:30-04:00,0.0
2011-04-22 14:22:33-04:00,0.0
2011-04-22 14:22:36-04:00,0.0
2011-04-22 14:22:39-04:00,0.0
2011-04-22 14:22:42-04:00,0.0
2011-04-22 14:22:45-04:00,0.0
2011-04-22 14:22:48-04:00,0.5
2011-04-22 14:22:51-04:00,0.75
2011-04-22 14:22:54-04:00,0.0
2011-04-22 14:22:57-04:00,0.0
2011-04-22 14:23:00-04:00,0.0
2011-04-22 14:23:03-04:00,0.75
2011-04-22 14:23:06-04:00,1.0
2011-04-22 14:23:09-04:00,1.0
2011-04-22 14:23:12-04:00,1.0
2011-04-22 14:23:15-04:00,1.0
2011-04-22 14:23:18-04:00,1.0
2011-04-22 14:23:21-04:00,0.0
2011-04-22 14:23:24-04:00,0.75
2011-04-22 14:23:27-04:00,1.0
2011-04-22 14:23:30-04:00,1.0
2011-04-22 14:23:33-04:00,1.0
2011-04-22 14:23:36-04:00,1.0
2011-04-22 14:23:39-04:00,1.0
2011-04-22 14:23:42-04:00,0.5
2011-04-22 14:23:45-04:00,0.3333333333333333
2011-04-22 14:23:48-04:00,0.75
2011-04-22 14:23:51-04:00,0.0
2011-04-22 14:23:54-04:00,1.0
2011-04-22 14:23:57-04:00,0.0
2011-04-22 14:24:00-04:00,0.75
2011-04-22 14:24:03-04:00,1.0
2011-04-22 14:24:06-04:00,1.0
2011-04-22 14:24:09-04:00,0.75
2011-04-22 14:24:12-04:00,0.0
2011-04-22 14:24:15-04:00,1.0
2011-04-22 14:24:18-04:00,1.0
2011-04-22 14:24:21-04:00,1.0
2011-04-22 14:24:24-04:00,1.0
2011-04-22 14:24:27-04:00,0.6666666666666667
2011-04-22 14:24:30-04:00,0.1111111111111111
2011-04-22 14:24:33-04:00,0.4444444444444444
2011-04-22 14:24:36-04:00,0.7777777777777778
2011-04-22 14:24:39-04:00,1.0
2011-04-22 14:24:42-04:00,1.0
2011-04-22 14:24:45-04:00,1.0
2011-04-22 14:24:48-04:00,0.25
2011-04-22 14:24:51-04:00,0.0
2011-04-22 14:24:54-04:00,0.5
2011-04-22 14:24:57-04:00,1.0
2011-04-22 14:25:00-04:00,0.75
2011-04-22 14:25:03-04:00,0.0
2011-04-22 14:25:06-04:00,1.0
2011-04-22 14:25:09-04:00,1.0
2011-04-22 14:25:12-04:00,1.0
2011-04-22 14:25:15-04:00,1.0
2011-04-22 14:25:18-04:00,1.0
2011-04-22 14:25:21-04:00,1.0
2011-04-22 14:25:24-04:00,1.0
2011-04-22 14:25:27-04:00,1.0
2011-04-22 14:25:30-04:00,1.0
2011-04-22 14:25:33-04:00,1.0
2011-04-22 14:25:36-04:00,0.75
2011-04-22 14:25:39-04:00,0.0
2011-04-22 14:25:42-04:00,0.0
2011-04-22 14:25:45-04:00,0.75
2011-04-22 14:25:48-04:00,0.33333333333333337
2011-04-22 14:25:51-04:00,0.6666666666666666
2011-04-22 14:25:54-04:00,1.0
2011-04-22 14:25:57-04:00,1.0
2011-04-22 14:26:00-04:00,1.0
2011-04-22 14:26:03-04:00,0.0
2011-04-22 14:26:06-04:00,0.0
2011-04-22 14:26:09-04:00,0.75
2011-04-22 14:26:12-04:00,1.0
2011-04-22 14:26:15-04:00,1.0
2011-04-22 14:26:18-04:00,1.0
2011-04-22 14:26:21-04:00,1.0
2011-04-22 14:26:24-04:00,1.0
2011-04-22 14:26:27-04:00,1.0
2011-04-22 14:26:30-04:00,1.0
2011-04-22 14:26:33-04:00,1.0
2011-04-22 14:26:36-04:00,1.0
2011-04-22 14:26:39-04:00,0.25
2011-04-22 14:26:42-04:00,0.0
2011-04-22 14:26:45-04:00,0.6666666666666666
2011-04-22 14:26:48-04:00,0.5
2011-04-22 14:26:51-04:00,0.3333333333333333
2011-04-22 14:26:54-04:00,1.0
2011-04-22 14:26:57-04:00,1.0
2011-04-22 14:27:00-04:00,0.0
2011-04-22 14:27:03-04:00,1.0
2011-04-22 14:27:06-04:00,0.25
2011-04-22 14:27:09-04:00,0.0
2011-04-22 14:27:12-04:00,0.5
2011-04-22 14:27:15-04:00,0.75
2011-04-22 14:27:18-04:00,0.0
2011-04-22 14:27:21-04:00,0.0
2011-04-22 14:27:24-04:00,0.75
2011-04-22 14:27:27-04:00,0.33333333333333337
2011-04-22 14:27:30-04:00,0.0
2011-04-22 14:27:33-04:00,0.0
2011-04-22 14:27:36-04:00,0.0
2011-04-22 14:27:39-04:00,0.6666666666666666
2011-04-22 14:27:42-04:00,0.5
2011-04-22 14:27:45-04:00,0.25
2011-04-22 14:27:48-04:00,1.0
2011-04-22 14:27:51-04:00,1.0
2011-04-22 14:27:54-04:00,1.0
2011-04-22 14:27:57-04:00,0.33333333333333337
2011-04-22 14:28:00-04:00,0.5
2011-04-22 14:28:03-04:00,0.6666666666666667
2011-04-22 14:28:06-04:00,0.3333333333333333
2011-04-22 14:28:09-04:00,1.0
2011-04-22 14:28:12-04:00,1.0
2011-04-22 14:28:15-04:00,1.0
2011-04-22 14:28:18-04:00,1.0
2011-04-22 14:28:21-04:00,0.33333333333333337
2011-04-22 14:28:24-04:00,0.5
2011-04-22 14:28:27-04:00,1.0
2011-04-22 14:28:30-04:00,1.0
2011-04-22 14:28:33-04:00,1.0
2011-04-22 14:28:36-04:00,1.0
2011-04-22 14:28:39-04:00,1.0
2011-04-22 14:28:42-04:00,1.0
2011-04-22 14:28:45-04:00,1.0
2011-04-22 14:28:48-04:00,1.0
2011-04-22 14:28:51-04:00,1.0
2011-04-22 14:28:54-04:00,1.0
2011-04-22 14:28:57-04:00,0.25
2011-04-22 14:29:00-04:00,0.0
2011-04-22 14:29:03-04:00,0.5
2011-04-22 14:29:06-04:00,0.6666666666666667
2011-04-22 14:29:09-04:00,0.3333333333333333
2011-04-22 14:29:12-04:00,0.75
2011-04-22 14:29:15-04:00,0.0
2011-04-22 14:29:18-04:00,1.0
2011-04-22 14:29:21-04:00,1.0
2011-04-22 14:29:24-04:00,1.0
2011-04-22 14:29:27-04:00,1.0
2011-04-22 14:29:30-04:00,1.0
2011-04-22 14:29:33-04:00,1.0
2011-04-22 14:29:36-04:00,1.0
2011-04-22 14:29:39-04:00,1.0
2011-04-22 14:29:42-04:00,1.0
2011-04-22 14:29:45-04:00,1.0
2011-04-22 14:29:48-04:00,0.0
2011-04-22 14:29:51-04:00,1.0
2011-04-22 14:29:54-04:00,1.0
2011-04-22 14:29:57-04:00,1.0
2011-04-22 14:30:00-04:00,1.0
2011-04-22 14:30:03-04:00,1.0
2011-04-22 14:30:06-04:00,0.6666666666666667
2011-04-22 14:30:09-04:00,0.25
2011-04-22 14:30:12-04:00,1.0
2011-04-22 14:30:15-04:00,1.0
2011-04-22 14:30:18-04:00,1.0
2011-04-22 14:30:21-04:00,0.33333333333333337
2011-04-22 14:30:24-04:00,0.5
2011-04-22 14:30:27-04:00,1.0
2011-04-22 14:30:30-04:00,1.0
2011-04-22 14:30:33-04:00,1.0
2011-04-22 14:30:36-04:00,1.0
2011-04-22 14:30:39-04:00,1.0
2011-04-22 14:30:42-04:00,1.0
2011-04-22 14:30:45-04:00,1.0
2011-04-22 14:30:48-04:00,1.0
2011-04-22 14:30:51-04:00,0.25
2011-04-22 14:30:54-04:00,0.0
2011-04-22 14:30:57-04:00,0.5
2011-04-22 14:31:00-04:00,1.0
2011-04-22 14:31:03-04:00,1.0
2011-04-22 14:31:06-04:00,1.0
2011-04-22 14:31:09-04:00,0.0
2011-04-22 14:31:12-04:00,1.0
2011-04-22 14:31:15-04:00,1.0
2011-04-22 14:31:18-04:00,0.33333333333333337
2011-04-22 14:31:21-04:00,0.5
2011-04-22 14:31:24-04:00,1.0
2011-04-22 14:31:27-04:00,0.8888888888888888
2011-04-22 14:31:30-04:00,0.5555555555555556
2011-04-22 14:31:33-04:00,0.2222222222222222
2011-04-22 14:31:36-04:00,0.25
2011-04-22 14:31:39-04:00,1.0
2011-04-22 14:31:42-04:00,1.0
2011-04-22 14:31:45-04:00,1.0
2011-04-22 14:31:48-04:00,1.0
2011-04-22 14:31:51-04:00,1.0
2011-04-22 14:31:54-04:00,1.0
2011-04-22 14:31:57-04:00,0.6666666666666667
2011-04-22 14:32:00-04:00,0.0
2011-04-22 14:32:03-04:00,0.0
2011-04-22 14:32:06-04:00,1.0
2011-04-22 14:32:09-04:00,1.0
2011-04-22 14:32:12-04:00,0.33333333333333337
2011-04-22 14:32:15-04:00,0.0
2011-04-22 14:32:18-04:00,0.3333333333333333
2011-04-22 14:32:21-04:00,0.75
2011-04-22 14:32:24-04:00,0.0
2011-04-22 14:32:27-04:00,1.0
2011-04-22 14:32:30-04:00,1.0
2011-04-22 14:32:33-04:00,1.0
2011-04-22 14:32:36-04:00,1.0
2011-04-22 14:32:39-04:00,0.0
2011-04-22 14:32:42-04:00,0.0
2011-04-22 14:32:45-04:00,0.75
2011-04-22 14:32:48-04:00,1.0
2011-04-22 14:32:51-04:00,0.33333333333333337
2011-04-22 14:32:54-04:00,0.0
2011-04-22 14:32:57-04:00,0.3333333333333333
2011-04-22 14:33:00-04:00,1.0
2011-04-22 14:33:03-04:00,1.0
2011-04-22 14:33:06-04:00,0.0
2011-04-22 14:33:09-04:00,0.0
2011-04-22 14:33:12-04:00,0.6666666666666666
2011-04-22 14:33:15-04:00,1.0
2011-04-22 14:33:18-04:00,1.0
2011-04-22 14:33:21-04:00,1.0
2011-04-22 14:33:24-04:00,1.0
2011-04-22 14:33:27-04:00,1.0
2011-04-22 14:33:30-04:00,1.0
2011-04-22 14:33:33-04:00,1.0
2011-04-22 14:33:36-04:00,1.0
2011-04-22 14:33:39-04:00,0.0
2011-04-22 14:33:42-04:00,0.0
2011-04-22 14:33:45-04:00,0.6666666666666666
2011-04-22 14:33:48-04:00,1.0
2011-04-22 14:33:51-04:00,1.0
2011-04-22 14:33:54-04:00,0.6666666666666667
2011-04-22 14:33:57-04:00,0.3333333333333333
2011-04-22 14:34:00-04:00,1.0
2011-04-22 14:34:03-04:00,1.0
2011-04-22 14:34:06-04:00,1.0
2011-04-22 14:34:09-04:00,0.25
2011-04-22 14:34:12-04:00,0.0
2011-04-22 14:34:15-04:00,0.0
2011-04-22 14:34:18-04:00,0.3333333333333333
2011-04-22 14:34:21-04:00,1.0
2011-04-22 14:34:24-04:00,1.0
2011-04-22 14:34:27-04:00,0.0
2011-04-22 14:34:30-04:00,0.0
2011-04-22 14:34:33-04:00,0.0
2011-04-22 14:34:36-04:00,0.0
2011-04-22 14:34:39-04:00,0.75
2011-04-22 14:34:42-04:00,1.0
2011-04-22 14:34:45-04:00,1.0
2011-04-22 14:34:48-04:00,1.0
2011-04-22 14:34:51-04:00,1.0
2011-04-22 14:34:54-04:00,1.0
2011-04-22 14:34:57-04:00,1.0
2011-04-22 14:35:00-04:00,1.0
2011-04-22 14:35:03-04:00,0.33333333333333337
2011-04-22 14:35:06-04:00,0.6666666666666666
2011-04-22 14:35:09-04:00,1.0
2011-04-22 14:35:12-04:00,1.0
2011-04-22 14:35:15-04:00,0.75
2011-04-22 14:35:18-04:00,0.0
2011-04-22 14:35:21-04:00,0.0
2011-04-22 14:35:24-04:00,0.0
2011-04-22 14:35:27-04:00,0.75
2011-04-22 14:35:30-04:00,0.7777777777777778
2011-04-22 14:35:33-04:00,0.4444444444444444
2011-04-22 14:35:36-04:00,0.11111111111111116
2011-04-22 14:35:39-04:00,0.6666666666666666
2011-04-22 14:35:42-04:00,1.0
2011-04-22 14:35:45-04:00,1.0
2011-04-22 14:35:48-04:00,1.0
2011-04-22 14:35:51-04:00,0.75
2011-04-22 14:35:54-04:00,0.0
2011-04-22 14:35:57-04:00,1.0
2011-04-22 14:36:00-04:00,1.0
2011-04-22 14:36:03-04:00,1.0
2011-04-22 14:36:06-04:00,1.0
2011-04-22 14:36:09-04:00,1.0
2011-04-22 14:36:12-04:00,1.0
2011-04-22 14:36:15-04:00,1.0
2011-04-22 14:36:18-04:00,1.0
2011-04-22 14:36:21-04:00,1.0
2011-04-22 14:36:24-04:00,0.33333333333333337
2011-04-22 14:36:27-04:00,0.0
2011-04-22 14:36:30-04:00,0.0
2011-04-22 14:36:33-04:00,0.0
2011-04-22 14:36:36-04:00,0.0
2011-04-22 14:36:39-04:00,0.6666666666666666
2011-04-22 14:36:42-04:00,1.0
2011-04-22 14:36:45-04:00,1.0
2011-04-22 14:36:48-04:00,1.0
2011-04-22 14:36:51-04:00,1.0
2011-04-22 14:36:54-04:00,1.0
2011-04-22 14:36:57-04:00,1.0
2011-04-22 14:37:00-04:00,0.25
2011-04-22 14:37:03-04:00,0.6666666666666666
2011-04-22 14:37:06-04:00,0.5
2011-04-22 14:37:09-04:00,0.3333333333333333
2011-04-22 14:37:12-04:00,1.0
2011-04-22 14:37:15-04:00,1.0
2011-04-22 14:37:18-04:00,1.0
2011-04-22 14:37:21-04:00,0.25
2011-04-22 14:37:24-04:00,0.0
2011-04-22 14:37:27-04:00,0.0
2011-04-22 14:37:30-04:00,0.0
2011-04-22 14:37:33-04:00,0.0
2011-04-22 14:37:36-04:00,0.0
2011-04-22 14:37:39-04:00,0.5
2011-04-22 14:37:42-04:00,0.6666666666666667
2011-04-22 14:37:45-04:00,0.25
2011-04-22 14:37:48-04:00,1.0
2011-04-22 14:37:51-04:00,0.0
2011-04-22 14:37:54-04:00,0.0
2011-04-22 14:37:57-04:00,0.6666666666666666
2011-04-22 14:38:00-04:00,1.0
2011-04-22 14:38:03-04:00,1.0
2011-04-22 14:38:06-04:00,0.75
2011-04-22 14:38:09-04:00,0.0
2011-04-22 14:38:12-04:00,0.0
2011-04-22 14:38:15-04:00,0.0
2011-04-22 14:38:18-04:00,0.6666666666666666
2011-04-22 14:38:21-04:00,0.5
2011-04-22 14:38:24-04:00,0.0
2011-04-22 14:38:27-04:00,0.0
2011-04-22 14:38:30-04:00,0.0
2011-04-22 14:38:33-04:00,0.0
2011-04-22 14:38:36-04:00,0.3333333333333333
2011-04-22 14:38:39-04:00,1.0
2011-04-22 14:38:42-04:00,1.0
2011-04-22 14:38:45-04:00,1.0
2011-04-22 14:38:48-04:00,0.25
2011-04-22 14:38:51-04:00,0.0
2011-04-22 14:38:54-04:00,0.0
2011-04-22 14:38:57-04:00,0.0
2011-04-22 14:39:00-04:00,0.3333333333333333
2011-04-22 14:39:03-04:00,0.75
2011-04-22 14:39:06-04:00,0.0
2011-04-22 14:39:09-04:00,0.0
2011-04-22 14:39:12-04:00,0.0
2011-04-22 14:39:15-04:00,0.6666666666666666
2011-04-22 14:39:18-04:00,1.0
2011-04-22 14:39:21-04:00,1.0
2011-04-22 14:39:24-04:00,0.75
2011-04-22 14:39:27-04:00,0.0
2011-04-22 14:39:30-04:00,0.0
2011-04-22 14:39:33-04:00,0.0
2011-04-22 14:39:36-04:00,0.0
2011-04-22 14:39:39-04:00,0.0
2011-04-22 14:39:42-04:00,0.0
2011-04-22 14:39:45-04:00,0.0
2011-04-22 14:39:48-04:00,0.6666666666666666
2011-04-22 14:39:51-04:00,0.5
2011-04-22 14:39:54-04:00,0.3333333333333333
2011-04-22 14:39:57-04:00,0.75
2011-04-22 14:40:00-04:00,0.0
2011-04-22 14:40:03-04:00,0.0
2011-04-22 14:40:06-04:00,0.0
2011-04-22 14:40:09-04:00,0.3333333333333333
2011-04-22 14:40:12-04:00,0.75
2011-04-22 14:40:15-04:00,0.0
2011-04-22 14:40:18-04:00,0.0
2011-04-22 14:40:21-04:00,0.0
2011-04-22 14:40:24-04:00,0.0
2011-04-22 14:40:27-04:00,0.0
2011-04-22 14:40:30-04:00,0.0
2011-04-22 14:40:33-04:00,0.0
2011-04-22 14:40:36-04:00,0.0
2011-04-22 14:40:39-04:00,0.0
2011-04-22 14:40:42-04:00,0.0
2011-04-22 14:40:45-04:00,0.0
2011-04-22 14:40:48-04:00,1.0
2011-04-22 14:40:51-04:00,1.0
2011-04-22 14:40:54-04:00,0.5
2011-04-22 14:40:57-04:00,0.25
2011-04-22 14:41:00-04:00,1.0
2011-04-22 14:41:03-04:00,0.0
2011-04-22 14:41:06-04:00,0.75
2011-04-22 14:41:09-04:00,0.5
2011-04-22 14:41:12-04:00,0.0
2011-04-22 14:41:15-04:00,0.25
2011-04-22 14:41:18-04:00,1.0
2011-04-22 14:41:21-04:00,0.25
2011-04-22 14:41:24-04:00,0.0
2011-04-22 14:41:27-04:00,0.0
2011-04-22 14:41:30-04:00,0.0
2011-04-22 14:41:33-04:00,0.0
2011-04-22 14:41:36-04:00,0.0
2011-04-22 14:41:39-04:00,0.5
2011-04-22 14:41:42-04:00,0.6666666666666667
2011-04-22 14:41:45-04:00,0.0
2011-04-22 14:41:48-04:00,0.0
2011-04-22 14:41:51-04:00,0.0
2011-04-22 14:41:54-04:00,1.0
2011-04-22 14:41:57-04:00,0.25
2011-04-22 14:42:00-04:00,0.0
2011-04-22 14:42:03-04:00,0.0
2011-04-22 14:42:06-04:00,0.3333333333333333
2011-04-22 14:42:09-04:00,0.6666666666666667
2011-04-22 14:42:12-04:00,0.0
2011-04-22 14:42:15-04:00,0.0
2011-04-22 14:42:18-04:00,0.0
2011-04-22 14:42:21-04:00,0.0
2011-04-22 14:42:24-04:00,0.0
2011-04-22 14:42:27-04:00,0.0
2011-04-22 14:42:30-04:00,0.0
2011-04-22 14:42:33-04:00,0.0
2011-04-22 14:42:36-04:00,0.0
2011-04-22 14:42:39-04:00,0.6666666666666666
2011-04-22 14:42:42-04:00,0.5
2011-04-22 14:42:45-04:00,0.0
2011-04-22 14:42:48-04:00,0.0
2011-04-22 14:42:51-04:00,0.0
2011-04-22 14:42:54-04:00,0.0
2011-04-22 14:42:57-04:00,0.0
2011-04-22 14:43:00-04:00,0.0
2011-04-22 14:43:03-04:00,0.0
2011-04-22 14:43:06-04:00,0.0
2011-04-22 14:43:09-04:00,0.0
2011-04-22 14:43:12-04:00,0.0
2011-04-22 14:43:15-04:00,1.0
2011-04-22 14:43:18-04:00,1.0
2011-04-22 14:43:21-04:00,0.25
2011-04-22 14:43:24-04:00,0.0
2011-04-22 14:43:27-04:00,0.0
2011-04-22 14:43:30-04:00,0.0
2011-04-22 14:43:33-04:00,0.0
2011-04-22 14:43:36-04:00,0.0
2011-04-22 14:43:39-04:00,0.0
2011-04-22 14:43:42-04:00,0.0
2011-04-22 14:43:45-04:00,0.0
2011-04-22 14:43:48-04:00,0.3333333333333333
2011-04-22 14:43:51-04:00,0.75
2011-04-22 14:43:54-04:00,0.0
2011-04-22 14:43:57-04:00,1.0
2011-04-22 14:44:00-04:00,0.25
2011-04-22 14:44:03-04:00,0.0
2011-04-22 14:44:06-04:00,0.5
2011-04-22 14:44:09-04:00,0.6666666666666667
2011-04-22 14:44:12-04:00,0.0
2011-04-22 14:44:15-04:00,0.0
2011-04-22 14:44:18-04:00,1.0
2011-04-22 14:44:21-04:00,0.0
2011-04-22 14:44:24-04:00,0.0
2011-04-22 14:44:27-04:00,0.0
2011-04-22 14:44:30-04:00,0.0
2011-04-22 14:44:33-04:00,0.0
2011-04-22 14:44:36-04:00,0.0
2011-04-22 14:44:39-04:00,0.6666666666666666
2011-04-22 14:44:42-04:00,0.5
2011-04-22 14:44:45-04:00,0.0
2011-04-22 14:44:48-04:00,0.0
2011-04-22 14:44:51-04:00,0.25
2011-04-22 14:44:54-04:00,1.0
2011-04-22 14:44:57-04:00,0.0
2011-04-22 14:45:00-04:00,0.75
2011-04-22 14:45:03-04:00,0.33333333333333337
2011-04-22 14:45:06-04:00,0.5
2011-04-22 14:45:09-04:00,0.6666666666666667
2011-04-22 14:45:12-04:00,0.0
2011-04-22 14:45:15-04:00,0.0
2011-04-22 14:45:18-04:00,0.0
2011-04-22 14:45:21-04:00,0.0
2011-04-22 14:45:24-04:00,0.0
2011-04-22 14:45:27-04:00,0.0
2011-04-22 14:45:30-04:00,0.0
2011-04-22 14:45:33-04:00,0.0
2011-04-22 14:45:36-04:00,0.0
2011-04-22 14:45:39-04:00,0.0
2011-04-22 14:45:42-04:00,0.0
2011-04-22 14:45:45-04:00,0.0
2011-04-22 14:45:48-04:00,0.0
2011-04-22 14:45:51-04:00,0.0
2011-04-22 14:45:54-04:00,0.0
2011-04-22 14:45:57-04:00,0.0
2011-04-22 14:46:00-04:00,0.0
2011-04-22 14:46:03-04:00,0.0
2011-04-22 14:46:06-04:00,0.0
2011-04-22 14:46:09-04:00,0.0
2011-04-22 14:46:12-04:00,0.0
2011-04-22 14:46:15-04:00,0.0
2011-04-22 14:46:18-04:00,1.0
2011-04-22 14:46:21-04:00,1.0
2011-04-22 14:46:24-04:00,0.25
2011-04-22 14:46:27-04:00,0.0
2011-04-22 14:46:30-04:00,0.0
2011-04-22 14:46:33-04:00,0.0
2011-04-22 14:46:36-04:00,0.0
2011-04-22 14:46:39-04:00,0.0
2011-04-22 14:46:42-04:00,0.0
2011-04-22 14:46:45-04:00,0.0
2011-04-22 14:46:48-04:00,0.0
2011-04-22 14:46:51-04:00,0.0
2011-04-22 14:46:54-04:00,0.0
2011-04-22 14:46:57-04:00,0.0
2011-04-22 14:47:00-04:00,0.0
2011-04-22 14:47:03-04:00,0.5
2011-04-22 14:47:06-04:00,0.6666666666666667
2011-04-22 14:47:09-04:00,0.0
2011-04-22 14:47:12-04:00,0.0
2011-04-22 14:47:15-04:00,0.0
2011-04-22 14:47:18-04:00,0.0
2011-04-22 14:47:21-04:00,0.0
2011-04-22 14:47:24-04:00,0.0
2011-04-22 14:47:27-04:00,0.0
2011-04-22 14:47:30-04:00,0.0
2011-04-22 14:47:33-04:00,0.0
2011-04-22 14:47:36-04:00,0.25
2011-04-22 14:47:39-04:00,1.0
2011-04-22 14:47:42-04:00,0.0
2011-04-22 14:47:45-04:00,1.0
2011-04-22 14:47:48-04:00,0.25
2011-04-22 14:47:51-04:00,0.0
2011-04-22 14:47:54-04:00,0.0
2011-04-22 14:47:57-04:00,0.0
2011-04-22 14:48:00-04:00,0.0
2011-04-22 14:48:03-04:00,0.0
2011-04-22 14:48:06-04:00,0.75
2011-04-22 14:48:09-04:00,0.33333333333333337
2011-04-22 14:48:12-04:00,0.0
2011-04-22 14:48:15-04:00,0.0
2011-04-22 14:48:18-04:00,0.0
2011-04-22 14:48:21-04:00,0.0
2011-04-22 14:48:24-04:00,0.0
2011-04-22 14:48:27-04:00,1.0
2011-04-22 14:48:30-04:00,0.6666666666666667
2011-04-22 14:48:33-04:00,0.33333333333333337
2011-04-22 14:48:36-04:00,0.0
2011-04-22 14:48:39-04:00,0.0
2011-04-22 14:48:42-04:00,0.0
2011-04-22 14:48:45-04:00,0.5
2011-04-22 14:48:48-04:00,0.6666666666666667
2011-04-22 14:48:51-04:00,0.0
2011-04-22 14:48:54-04:00,0.0
2011-04-22 14:48:57-04:00,0.0
2011-04-22 14:49:00-04:00,1.0
2011-04-22 14:49:03-04:00,0.25
2011-04-22 14:49:06-04:00,0.0
2011-04-22 14:49:09-04:00,0.0
2011-04-22 14:49:12-04:00,0.0
2011-04-22 14:49:15-04:00,0.0
2011-04-22 14:49:18-04:00,0.0
2011-04-22 14:49:21-04:00,0.0
2011-04-22 14:49:24-04:00,0.0
2011-04-22 14:49:27-04:00,0.0
2011-04-22 14:49:30-04:00,0.0
2011-04-22 14:49:33-04:00,0.0
2011-04-22 14:49:36-04:00,0.0
2011-04-22 14:49:39-04:00,0.5
2011-04-22 14:49:42-04:00,1.0
2011-04-22 14:49:45-04:00,0.75
2011-04-22 14:49:48-04:00,0.0
2011-04-22 14:49:51-04:00,1.0
2011-04-22 14:49:54-04:00,1.0
2011-04-22 14:49:57-04:00,0.33333333333333337
2011-04-22 14:50:00-04:00,0.0
2011-04-22 14:50:03-04:00,0.0
2011-04-22 14:50:06-04:00,0.25
2011-04-22 14:50:09-04:00,1.0
2011-04-22 14:50:12-04:00,0.0
2011-04-22 14:50:15-04:00,0.0
2011-04-22 14:50:18-04:00,0.75
2011-04-22 14:50:21-04:00,0.33333333333333337
2011-04-22 14:50:24-04:00,0.5
2011-04-22 14:50:27-04:00,1.0
2011-04-22 14:50:30-04:00,0.8888888888888888
2011-04-22 14:50:33-04:00,0.5555555555555556
2011-04-22 14:50:36-04:00,0.2222222222222222
2011-04-22 14:50:39-04:00,0.3333333333333333
2011-04-22 14:50:42-04:00,0.75
2011-04-22 14:50:45-04:00,0.0
2011-04-22 14:50:48-04:00,0.0
2011-04-22 14:50:51-04:00,1.0
2011-04-22 14:50:54-04:00,0.25
2011-04-22 14:50:57-04:00,0.6666666666666666
2011-04-22 14:51:00-04:00,1.0
2011-04-22 14:51:03-04:00,0.75
2011-04-22 14:51:06-04:00,0.0
2011-04-22 14:51:09-04:00,0.0
2011-04-22 14:51:12-04:00,0.0
2011-04-22 14:51:15-04:00,0.6666666666666666
2011-04-22 14:51:18-04:00,0.5
2011-04-22 14:51:21-04:00,0.3333333333333333
2011-04-22 14:51:24-04:00,0.6666666666666667
2011-04-22 14:51:27-04:00,0.0
2011-04-22 14:51:30-04:00,0.0
2011-04-22 14:51:33-04:00,0.0
2011-04-22 14:51:36-04:00,0.25
2011-04-22 14:51:39-04:00,1.0
2011-04-22 14:51:42-04:00,1.0
2011-04-22 14:51:45-04:00,0.25
2011-04-22 14:51:48-04:00,0.0
2011-04-22 14:51:51-04:00,0.0
2011-04-22 14:51:54-04:00,0.5
2011-04-22 14:51:57-04:00,1.0
2011-04-22 14:52:00-04:00,0.75
2011-04-22 14:52:03-04:00,0.0
2011-04-22 14:52:06-04:00,0.0
2011-04-22 14:52:09-04:00,1.0
2011-04-22 14:52:12-04:00,1.0
2011-04-22 14:52:15-04:00,0.33333333333333337
2011-04-22 14:52:18-04:00,0.5
2011-04-22 14:52:21-04:00,0.75
2011-04-22 14:52:24-04:00,0.0
2011-04-22 14:52:27-04:00,1.0
2011-04-22 14:52:30-04:00,1.0
2011-04-22 14:52:33-04:00,1.0
2011-04-22 14:52:36-04:00,1.0
2011-04-22 14:52:39-04:00,1.0
2011-04-22 14:52:42-04:00,1.0
2011-04-22 14:52:45-04:00,0.25
2011-04-22 14:52:48-04:00,0.0
2011-04-22 14:52:51-04:00,0.0
2011-04-22 14:52:54-04:00,0.0
2011-04-22 14:52:57-04:00,0.0
2011-04-22 14:53:00-04:00,1.0
2011-04-22 14:53:03-04:00,0.25
2011-04-22 14:53:06-04:00,0.0
2011-04-22 14:53:09-04:00,0.0
2011-04-22 14:53:12-04:00,0.0
2011-04-22 14:53:15-04:00,0.0
2011-04-22 14:53:18-04:00,0.0
2011-04-22 14:53:21-04:00,0.0
2011-04-22 14:53:24-04:00,0.0
2011-04-22 14:53:27-04:00,0.0
2011-04-22 14:53:30-04:00,0.0
2011-04-22 14:53:33-04:00,0.0
2011-04-22 14:53:36-04:00,0.0
2011-04-22 14:53:39-04:00,0.0
2011-04-22 14:53:42-04:00,0.0
2011-04-22 14:53:45-04:00,0.0
2011-04-22 14:53:48-04:00,0.3333333333333333
2011-04-22 14:53:51-04:00,0.6666666666666667
2011-04-22 14:53:54-04:00,0.0
2011-04-22 14:53:57-04:00,0.0
2011-04-22 14:54:00-04:00,0.0
2011-04-22 14:54:03-04:00,0.0
2011-04-22 14:54:06-04:00,0.75
2011-04-22 14:54:09-04:00,0.33333333333333337
2011-04-22 14:54:12-04:00,0.0
2011-04-22 14:54:15-04:00,0.0
2011-04-22 14:54:18-04:00,0.25
2011-04-22 14:54:21-04:00,1.0
2011-04-22 14:54:24-04:00,0.0
2011-04-22 14:54:27-04:00,0.75
2011-04-22 14:54:30-04:00,1.0
2011-04-22 14:54:33-04:00,1.0
2011-04-22 14:54:36-04:00,1.0
2011-04-22 14:54:39-04:00,0.33333333333333337
2011-04-22 14:54:42-04:00,0.5
2011-04-22 14:54:45-04:00,1.0
2011-04-22 14:54:48-04:00,0.75
2011-04-22 14:54:51-04:00,0.0
2011-04-22 14:54:54-04:00,0.0
2011-04-22 14:54:57-04:00,1.0
2011-04-22 14:55:00-04:00,0.25
2011-04-22 14:55:03-04:00,0.0
2011-04-22 14:55:06-04:00,0.5
2011-04-22 14:55:09-04:00,1.0
2011-04-22 14:55:12-04:00,0.75
2011-04-22 14:55:15-04:00,0.0
2011-04-22 14:55:18-04:00,1.0
2011-04-22 14:55:21-04:00,1.0
2011-04-22 14:55:24-04:00,0.33333333333333337
2011-04-22 14:55:27-04:00,0.5
2011-04-22 14:55:30-04:00,1.0
2011-04-22 14:55:33-04:00,1.0
2011-04-22 14:55:36-04:00,1.0
2011-04-22 14:55:39-04:00,0.5
2011-04-22 14:55:42-04:00,0.0
2011-04-22 14:55:45-04:00,0.25
2011-04-22 14:55:48-04:00,1.0
2011-04-22 14:55:51-04:00,1.0
2011-04-22 14:55:54-04:00,1.0
2011-04-22 14:55:57-04:00,0.33333333333333337
2011-04-22 14:56:00-04:00,0.0
2011-04-22 14:56:03-04:00,0.0
2011-04-22 14:56:06-04:00,0.25
2011-04-22 14:56:09-04:00,1.0
2011-04-22 14:56:12-04:00,0.0
2011-04-22 14:56:15-04:00,0.0
2011-04-22 14:56:18-04:00,0.6666666666666666
2011-04-22 14:56:21-04:00,0.33333333333333337
2011-04-22 14:56:24-04:00,0.0
2011-04-22 14:56:27-04:00,0.3333333333333333
2011-04-22 14:56:30-04:00,1.0
2011-04-22 14:56:33-04:00,1.0
2011-04-22 14:56:36-04:00,1.0
2011-04-22 14:56:39-04:00,1.0
2011-04-22 14:56:42-04:00,0.75
2011-04-22 14:56:45-04:00,0.0
2011-04-22 14:56:48-04:00,0.0
2011-04-22 14:56:51-04:00,1.0
2011-04-22 14:56:54-04:00,0.25
2011-04-22 14:56:57-04:00,0.0
2011-04-22 14:57:00-04:00,0.0
2011-04-22 14:57:03-04:00,0.0
2011-04-22 14:57:06-04:00,0.25
2011-04-22 14:57:09-04:00,1.0
2011-04-22 14:57:12-04:00,1.0
2011-04-22 14:57:15-04:00,0.25
2011-04-22 14:57:18-04:00,0.6666666666666666
2011-04-22 14:57:21-04:00,1.0
2011-04-22 14:57:24-04:00,0.6666666666666667
2011-04-22 14:57:27-04:00,0.0
2011-04-22 14:57:30-04:00,0.0
2011-04-22 14:57:33-04:00,0.0
2011-04-22 14:57:36-04:00,0.3333333333333333
2011-04-22 14:57:39-04:00,0.6666666666666667
2011-04-22 14:57:42-04:00,0.0
2011-04-22 14:57:45-04:00,0.0
2011-04-22 14:57:48-04:00,1.0
2011-04-22 14:57:51-04:00,0.25
2011-04-22 14:57:54-04:00,0.0
2011-04-22 14:57:57-04:00,0.6666666666666666
2011-04-22 14:58:00-04:00,1.0
2011-04-22 14:58:03-04:00,0.6666666666666667
2011-04-22 14:58:06-04:00,0.25
2011-04-22 14:58:09-04:00,1.0
2011-04-22 14:58:12-04:00,1.0
2011-04-22 14:58:15-04:00,1.0
2011-04-22 14:58:18-04:00,1.0
2011-04-22 14:58:21-04:00,1.0
2011-04-22 14:58:24-04:00,0.6666666666666667
2011-04-22 14:58:27-04:00,0.1111111111111111
2011-04-22 14:58:30-04:00,0.4444444444444444
2011-04-22 14:58:33-04:00,0.7777777777777778
2011-04-22 14:58:36-04:00,1.0
2011-04-22 14:58:39-04:00,1.0
2011-04-22 14:58:42-04:00,0.0
2011-04-22 14:58:45-04:00,0.0
2011-04-22 14:58:48-04:00,0.0
2011-04-22 14:58:51-04:00,0.6666666666666666
2011-04-22 14:58:54-04:00,0.5
2011-04-22 14:58:57-04:00,0.3333333333333333
2011-04-22 14:59:00-04:00,1.0
2011-04-22 14:59:03-04:00,1.0
2011-04-22 14:59:06-04:00,0.0
2011-04-22 14:59:09-04:00,1.0
2011-04-22 14:59:12-04:00,1.0
2011-04-22 14:59:15-04:00,1.0
2011-04-22 14:59:18-04:00,0.5
2011-04-22 14:59:21-04:00,0.3333333333333333
2011-04-22 14:59:24-04:00,1.0
2011-04-22 14:59:27-04:00,1.0
2011-04-22 14:59:30-04:00,0.625
2011-04-22 14:59:33-04:00,0.25
2011-04-22 14:59:36-04:00,0.0
2011-04-22 14:59:39-04:00,0.0
2011-04-22 14:59:42-04:00,1.0
2011-04-22 14:59:45-04:00,1.0
2011-04-22 14:59:48-04:00,0.33333333333333337
2011-04-22 14:59:51-04:00,0.5
2011-04-22 14:59:54-04:00,0.6666666666666667
2011-04-22 14:59:57-04:00,0.25
2011-04-22 15:00:00-04:00,1.0
2011-04-22 15:00:03-04:00,0.25
2011-04-22 15:00:06-04:00,0.0
2011-04-22 15:00:09-04:00,0.0
2011-04-22 15:00:12-04:00,0.5
2011-04-22 15:00:15-04:00,0.6666666666666667
2011-04-22 15:00:18-04:00,0.0
2011-04-22 15:00:21-04:00,0.0
2011-04-22 15:00:24-04:00,1.0
2011-04-22 15:00:27-04:00,0.0
2011-04-22 15:00:30-04:00,0.3333333333333333
2011-04-22 15:00:33-04:00,0.6666666666666666
2011-04-22 15:00:36-04:00,1.0
2011-04-22 15:00:39-04:00,0.25
2011-04-22 15:00:42-04:00,0.0
2011-04-22 15:00:45-04:00,0.0
2011-04-22 15:00:48-04:00,0.0
2011-04-22 15:00:51-04:00,0.0
2011-04-22 15:00:54-04:00,0.0
2011-04-22 15:00:57-04:00,0.0
2011-04-22 15:01:00-04:00,0.0
2011-04-22 15:01:03-04:00,0.0
2011-04-22 15:01:06-04:00,0.6666666666666666
2011-04-22 15:01:09-04:00,0.5
2011-04-22 15:01:12-04:00,0.0
2011-04-22 15:01:15-04:00,0.3333333333333333
2011-04-22 15:01:18-04:00,0.75
2011-04-22 15:01:21-04:00,0.0
2011-04-22 15:01:24-04:00,0.0
2011-04-22 15:01:27-04:00,0.0
2011-04-22 15:01:30-04:00,0.0
2011-04-22 15:01:33-04:00,0.0
2011-04-22 15:01:36-04:00,0.0
2011-04-22 15:01:39-04:00,0.0
2011-04-22 15:01:42-04:00,0.6666666666666666
2011-04-22 15:01:45-04:00,0.5
2011-04-22 15:01:48-04:00,0.3333333333333333
2011-04-22 15:01:51-04:00,1.0
2011-04-22 15:01:54-04:00,1.0
2011-04-22 15:01:57-04:00,0.0
2011-04-22 15:02:00-04:00,1.0
2011-04-22 15:02:03-04:00,1.0
2011-04-22 15:02:06-04:00,1.0
2011-04-22 15:02:09-04:00,0.5
2011-04-22 15:02:12-04:00,2.0
2011-04-22 15:02:15-04:00,4.75
2011-04-22 15:02:18-04:00,1.0
2011-04-22 15:02:21-04:00,1.0
2011-04-22 15:02:24-04:00,1.0
2011-04-22 15:02:27-04:00,1.0
2011-04-22 15:02:30-04:00,1.0
2011-04-22 15:02:33-04:00,1.0
2011-04-22 15:02:36-04:00,1.0
2011-04-22 15:02:39-04:00,1.0
2011-04-22 15:02:42-04:00,1.0
2011-04-22 15:02:45-04:00,1.0
2011-04-22 15:02:48-04:00,1.0
2011-04-22 15:02:51-04:00,1.0
2011-04-22 15:02:54-04:00,1.0
2011-04-22 15:02:57-04:00,1.0
2011-04-22 15:03:00-04:00,1.0
2011-04-22 15:03:03-04:00,1.0
2011-04-22 15:03:06-04:00,1.0
2011-04-22 15:03:09-04:00,1.0
2011-04-22 15:03:12-04:00,1.0
2011-04-22 15:03:15-04:00,1.0
2011-04-22 15:03:18-04:00,1.0
2011-04-22 15:03:21-04:00,2.0
2011-04-22 15:03:24-04:00,1.25
2011-04-22 15:03:27-04:00,1.0
2011-04-22 15:03:30-04:00,1.0
2011-04-22 15:03:33-04:00,1.0
2011-04-22 15:03:36-04:00,1.0
2011-04-22 15:03:39-04:00,1.6666666666666665
2011-04-22 15:03:42-04:00,1.5
2011-04-22 15:03:45-04:00,1.0
2011-04-22 15:03:48-04:00,1.25
2011-04-22 15:03:51-04:00,2.0
2011-04-22 15:03:54-04:00,1.0
2011-04-22 15:03:57-04:00,1.75
2011-04-22 15:04:00-04:00,1.3333333333333335
2011-04-22 15:04:03-04:00,1.0
2011-04-22 15:04:06-04:00,1.0
2011-04-22 15:04:09-04:00,1.25
2011-04-22 15:04:12-04:00,2.0
2011-04-22 15:04:15-04:00,1.0
2011-04-22 15:04:18-04:00,2.0
2011-04-22 15:04:21-04:00,1.25
2011-04-22 15:04:24-04:00,1.6666666666666665
2011-04-22 15:04:27-04:00,2.0
2011-04-22 15:04:30-04:00,1.7777777777777777
2011-04-22 15:04:33-04:00,1.4444444444444444
2011-04-22 15:04:36-04:00,1.1111111111111112
2011-04-22 15:04:39-04:00,1.6666666666666665
2011-04-22 15:04:42-04:00,1.5
2011-04-22 15:04:45-04:00,1.3333333333333333
2011-04-22 15:04:48-04:00,2.0
2011-04-22 15:04:51-04:00,2.0
2011-04-22 15:04:54-04:00,1.0
2011-04-22 15:04:57-04:00,1.75
2011-04-22 15:05:00-04:00,2.0
2011-04-22 15:05:03-04:00,2.0
2011-04-22 15:05:06-04:00,2.0
2011-04-22 15:05:09-04:00,1.6666666666666667
2011-04-22 15:05:12-04:00,1.25
2011-04-22 15:05:15-04:00,2.0
2011-04-22 15:05:18-04:00,2.0
2011-04-22 15:05:21-04:00,1.25
2011-04-22 15:05:24-04:00,1.0
2011-04-22 15:05:27-04:00,1.0
2011-04-22 15:05:30-04:00,1.0
2011-04-22 15:05:33-04:00,1.0
2011-04-22 15:05:36-04:00,1.0
2011-04-22 15:05:39-04:00,1.5
2011-04-22 15:05:42-04:00,1.6666666666666667
2011-04-22 15:05:45-04:00,1.0
2011-04-22 15:05:48-04:00,1.0
2011-04-22 15:05:51-04:00,2.0
2011-04-22 15:05:54-04:00,1.0
2011-04-22 15:05:57-04:00,1.75
2011-04-22 15:06:00-04:00,1.3333333333333335
2011-04-22 15:06:03-04:00,1.0
2011-04-22 15:06:06-04:00,1.0
2011-04-22 15:06:09-04:00,1.0
2011-04-22 15:06:12-04:00,1.0
2011-04-22 15:06:15-04:00,1.0
2011-04-22 15:06:18-04:00,2.0
2011-04-22 15:06:21-04:00,2.0
2011-04-22 15:06:24-04:00,1.3333333333333335
2011-04-22 15:06:27-04:00,1.6666666666666665
2011-04-22 15:06:30-04:00,1.7777777777777777
2011-04-22 15:06:33-04:00,1.4444444444444444
2011-04-22 15:06:36-04:00,1.1111111111111112
2011-04-22 15:06:39-04:00,1.0
2011-04-22 15:06:42-04:00,1.0
2011-04-22 15:06:45-04:00,1.25
2011-04-22 15:06:48-04:00,2.0
2011-04-22 15:06:51-04:00,1.0
2011-04-22 15:06:54-04:00,1.0
2011-04-22 15:06:57-04:00,1.0
2011-04-22 15:07:00-04:00,1.0
2011-04-22 15:07:03-04:00,1.0
2011-04-22 15:07:06-04:00,1.5
2011-04-22 15:07:09-04:00,2.0
2011-04-22 15:07:12-04:00,2.0
2011-04-22 15:07:15-04:00,2.0
2011-04-22 15:07:18-04:00,2.0
2011-04-22 15:07:21-04:00,1.25
2011-04-22 15:07:24-04:00,1.0
2011-04-22 15:07:27-04:00,1.5
2011-04-22 15:07:30-04:00,1.875
2011-04-22 15:07:33-04:00,1.5
2011-04-22 15:07:36-04:00,1.125
2011-04-22 15:07:39-04:00,1.5
2011-04-22 15:07:42-04:00,2.0
2011-04-22 15:07:45-04:00,1.75
2011-04-22 15:07:48-04:00,1.0
2011-04-22 15:07:51-04:00,1.0
2011-04-22 15:07:54-04:00,2.0
2011-04-22 15:07:57-04:00,1.25
2011-04-22 15:08:00-04:00,1.0
2011-04-22 15:08:03-04:00,1.0
2011-04-22 15:08:06-04:00,1.3333333333333333
2011-04-22 15:08:09-04:00,2.0
2011-04-22 15:08:12-04:00,1.75
2011-04-22 15:08:15-04:00,1.0
2011-04-22 15:08:18-04:00,1.0
2011-04-22 15:08:21-04:00,1.75
2011-04-22 15:08:24-04:00,2.0
2011-04-22 15:08:27-04:00,1.5
2011-04-22 15:08:30-04:00,1.0
2011-04-22 15:08:33-04:00,1.0
2011-04-22 15:08:36-04:00,1.0
2011-04-22 15:08:39-04:00,1.0
2011-04-22 15:08:42-04:00,1.25
2011-04-22 15:08:45-04:00,2.0
2011-04-22 15:08:48-04:00,1.0
2011-04-22 15:08:51-04:00,1.0
2011-04-22 15:08:54-04:00,1.0
2011-04-22 15:08:57-04:00,1.0
2011-04-22 15:09:00-04:00,1.0
2011-04-22 15:09:03-04:00,1.0
2011-04-22 15:09:06-04:00,1.0
2011-04-22 15:09:09-04:00,1.0
2011-04-22 15:09:12-04:00,1.0
2011-04-22 15:09:15-04:00,1.0
2011-04-22 15:09:18-04:00,1.0
2011-04-22 15:09:21-04:00,1.6666666666666665
2011-04-22 15:09:24-04:00,1.5
2011-04-22 15:09:27-04:00,1.1111111111111112
2011-04-22 15:09:30-04:00,1.4444444444444444
2011-04-22 15:09:33-04:00,1.7777777777777777
2011-04-22 15:09:36-04:00,2.0
2011-04-22 15:09:39-04:00,1.6666666666666667
2011-04-22 15:09:42-04:00,1.0
2011-04-22 15:09:45-04:00,1.0
2011-04-22 15:09:48-04:00,1.0
2011-04-22 15:09:51-04:00,1.75
2011-04-22 15:09:54-04:00,1.3333333333333335
2011-04-22 15:09:57-04:00,1.5
2011-04-22 15:10:00-04:00,1.6666666666666667
2011-04-22 15:10:03-04:00,1.0
2011-04-22 15:10:06-04:00,1.0
2011-04-22 15:10:09-04:00,1.0
2011-04-22 15:10:12-04:00,1.0
2011-04-22 15:10:15-04:00,1.0
2011-04-22 15:10:18-04:00,1.0
2011-04-22 15:10:21-04:00,1.0
2011-04-22 15:10:24-04:00,1.0
2011-04-22 15:10:27-04:00,1.0
2011-04-22 15:10:30-04:00,1.0
2011-04-22 15:10:33-04:00,1.0
2011-04-22 15:10:36-04:00,1.0
2011-04-22 15:10:39-04:00,1.0
2011-04-22 15:10:42-04:00,1.0
2011-04-22 15:10:45-04:00,1.0
2011-04-22 15:10:48-04:00,1.6666666666666665
2011-04-22 15:10:51-04:00,2.0
2011-04-22 15:10:54-04:00,2.0
2011-04-22 15:10:57-04:00,1.6666666666666667
2011-04-22 15:11:00-04:00,1.25
2011-04-22 15:11:03-04:00,2.0
2011-04-22 15:11:06-04:00,2.0
2011-04-22 15:11:09-04:00,1.25
2011-04-22 15:11:12-04:00,1.0
2011-04-22 15:11:15-04:00,1.0
2011-04-22 15:11:18-04:00,1.0
2011-04-22 15:11:21-04:00,1.3333333333333333
2011-04-22 15:11:24-04:00,1.75
2011-04-22 15:11:27-04:00,1.0
2011-04-22 15:11:30-04:00,1.0
2011-04-22 15:11:33-04:00,1.0
2011-04-22 15:11:36-04:00,1.25
2011-04-22 15:11:39-04:00,2.0
2011-04-22 15:11:42-04:00,2.0
2011-04-22 15:11:45-04:00,2.0
2011-04-22 15:11:48-04:00,2.0
2011-04-22 15:11:51-04:00,1.5
2011-04-22 15:11:54-04:00,1.3333333333333333
2011-04-22 15:11:57-04:00,1.6666666666666667
2011-04-22 15:12:00-04:00,1.0
2011-04-22 15:12:03-04:00,1.0
2011-04-22 15:12:06-04:00,1.0
2011-04-22 15:12:09-04:00,1.75
2011-04-22 15:12:12-04:00,2.0
2011-04-22 15:12:15-04:00,1.75
2011-04-22 15:12:18-04:00,1.0
2011-04-22 15:12:21-04:00,2.0
2011-04-22 15:12:24-04:00,1.25
2011-04-22 15:12:27-04:00,1.0
2011-04-22 15:12:30-04:00,1.0
2011-04-22 15:12:33-04:00,1.0
2011-04-22 15:12:36-04:00,1.0
2011-04-22 15:12:39-04:00,1.5
2011-04-22 15:12:42-04:00,1.6666666666666667
2011-04-22 15:12:45-04:00,1.0
2011-04-22 15:12:48-04:00,1.25
2011-04-22 15:12:51-04:00,2.0
2011-04-22 15:12:54-04:00,2.0
2011-04-22 15:12:57-04:00,2.0
2011-04-22 15:13:00-04:00,2.0
2011-04-22 15:13:03-04:00,1.75
2011-04-22 15:13:06-04:00,1.0
2011-04-22 15:13:09-04:00,1.0
2011-04-22 15:13:12-04:00,1.6666666666666665
2011-04-22 15:13:15-04:00,2.0
2011-04-22 15:13:18-04:00,1.75
2011-04-22 15:13:21-04:00,1.0
2011-04-22 15:13:24-04:00,1.75
2011-04-22 15:13:27-04:00,2.0
2011-04-22 15:13:30-04:00,1.7777777777777777
2011-04-22 15:13:33-04:00,1.4444444444444444
2011-04-22 15:13:36-04:00,1.1111111111111112
2011-04-22 15:13:39-04:00,1.0
2011-04-22 15:13:42-04:00,1.0
2011-04-22 15:13:45-04:00,1.0
2011-04-22 15:13:48-04:00,1.0
2011-04-22 15:13:51-04:00,1.0
2011-04-22 15:13:54-04:00,2.0
2011-04-22 15:13:57-04:00,2.0
2011-04-22 15:14:00-04:00,1.25
2011-04-22 15:14:03-04:00,1.0
2011-04-22 15:14:06-04:00,1.5
2011-04-22 15:14:09-04:00,2.0
2011-04-22 15:14:12-04:00,1.75
2011-04-22 15:14:15-04:00,1.0
2011-04-22 15:14:18-04:00,2.0
2011-04-22 15:14:21-04:00,2.0
2011-04-22 15:14:24-04:00,1.25
2011-04-22 15:14:27-04:00,1.0
2011-04-22 15:14:30-04:00,1.0
2011-04-22 15:14:33-04:00,1.0
2011-04-22 15:14:36-04:00,1.0
2011-04-22 15:14:39-04:00,1.0
2011-04-22 15:14:42-04:00,1.0
2011-04-22 15:14:45-04:00,1.0
2011-04-22 15:14:48-04:00,1.0
2011-04-22 15:14:51-04:00,1.0
2011-04-22 15:14:54-04:00,1.0
2011-04-22 15:14:57-04:00,1.0
2011-04-22 15:15:00-04:00,1.0
2011-04-22 15:15:03-04:00,1.75
2011-04-22 15:15:06-04:00,1.3333333333333335
2011-04-22 15:15:09-04:00,1.0
2011-04-22 15:15:12-04:00,1.0
2011-04-22 15:15:15-04:00,1.0
2011-04-22 15:15:18-04:00,1.0
2011-04-22 15:15:21-04:00,2.0
2011-04-22 15:15:24-04:00,1.0
2011-04-22 15:15:27-04:00,1.0
2011-04-22 15:15:30-04:00,1.0
2011-04-22 15:15:33-04:00,1.0
2011-04-22 15:15:36-04:00,1.0
2011-04-22 15:15:39-04:00,1.0
2011-04-22 15:15:42-04:00,1.6666666666666665
2011-04-22 15:15:45-04:00,1.3333333333333335
2011-04-22 15:15:48-04:00,1.0
2011-04-22 15:15:51-04:00,1.0
2011-04-22 15:15:54-04:00,1.0
2011-04-22 15:15:57-04:00,1.0
2011-04-22 15:16:00-04:00,2.0
2011-04-22 15:16:03-04:00,1.25
2011-04-22 15:16:06-04:00,1.0
2011-04-22 15:16:09-04:00,1.6666666666666665
2011-04-22 15:16:12-04:00,2.0
2011-04-22 15:16:15-04:00,1.6666666666666667
2011-04-22 15:16:18-04:00,1.0
2011-04-22 15:16:21-04:00,1.0
2011-04-22 15:16:24-04:00,1.0
2011-04-22 15:16:27-04:00,1.0
2011-04-22 15:16:30-04:00,1.0
2011-04-22 15:16:33-04:00,1.0
2011-04-22 15:16:36-04:00,1.0
2011-04-22 15:16:39-04:00,1.0
2011-04-22 15:16:42-04:00,1.0
2011-04-22 15:16:45-04:00,1.0
2011-04-22 15:16:48-04:00,1.0
2011-04-22 15:16:51-04:00,1.0
2011-04-22 15:16:54-04:00,1.0
2011-04-22 15:16:57-04:00,1.0
2011-04-22 15:17:00-04:00,1.0
2011-04-22 15:17:03-04:00,1.0
2011-04-22 15:17:06-04:00,1.6666666666666665
2011-04-22 15:17:09-04:00,2.0
2011-04-22 15:17:12-04:00,1.6666666666666667
2011-04-22 15:17:15-04:00,1.3333333333333333
2011-04-22 15:17:18-04:00,1.75
2011-04-22 15:17:21-04:00,1.0
2011-04-22 15:17:24-04:00,1.0
2011-04-22 15:17:27-04:00,1.0
2011-04-22 15:17:30-04:00,1.0
2011-04-22 15:17:33-04:00,1.0
2011-04-22 15:17:36-04:00,1.0
2011-04-22 15:17:39-04:00,1.0
2011-04-22 15:17:42-04:00,1.0
2011-04-22 15:17:45-04:00,1.0
2011-04-22 15:17:48-04:00,1.0
2011-04-22 15:17:51-04:00,1.3333333333333333
2011-04-22 15:17:54-04:00,1.75
2011-04-22 15:17:57-04:00,1.0
2011-04-22 15:18:00-04:00,1.0
2011-04-22 15:18:03-04:00,1.0
2011-04-22 15:18:06-04:00,1.0
2011-04-22 15:18:09-04:00,1.0
2011-04-22 15:18:12-04:00,1.5
2011-04-22 15:18:15-04:00,2.0
2011-04-22 15:18:18-04:00,1.75
2011-04-22 15:18:21-04:00,1.0
2011-04-22 15:18:24-04:00,2.0
2011-04-22 15:18:27-04:00,1.25
2011-04-22 15:18:30-04:00,1.0
2011-04-22 15:18:33-04:00,1.0
2011-04-22 15:18:36-04:00,1.0
2011-04-22 15:18:39-04:00,1.0
2011-04-22 15:18:42-04:00,1.0
2011-04-22 15:18:45-04:00,1.0
2011-04-22 15:18:48-04:00,1.3333333333333333
2011-04-22 15:18:51-04:00,2.0
2011-04-22 15:18:54-04:00,2.0
2011-04-22 15:18:57-04:00,2.0
2011-04-22 15:19:00-04:00,1.0
2011-04-22 15:19:03-04:00,1.0
2011-04-22 15:19:06-04:00,1.0
2011-04-22 15:19:09-04:00,1.6666666666666665
2011-04-22 15:19:12-04:00,1.5
2011-04-22 15:19:15-04:00,1.3333333333333333
2011-04-22 15:19:18-04:00,1.75
2011-04-22 15:19:21-04:00,1.0
2011-04-22 15:19:24-04:00,1.0
2011-04-22 15:19:27-04:00,1.75
2011-04-22 15:19:30-04:00,1.7777777777777777
2011-04-22 15:19:33-04:00,1.4444444444444444
2011-04-22 15:19:36-04:00,1.1111111111111112
2011-04-22 15:19:39-04:00,1.0
2011-04-22 15:19:42-04:00,1.0
2011-04-22 15:19:45-04:00,1.0
2011-04-22 15:19:48-04:00,1.0
2011-04-22 15:19:51-04:00,1.0
2011-04-22 15:19:54-04:00,1.0
2011-04-22 15:19:57-04:00,1.0
2011-04-22 15:20:00-04:00,1.75
2011-04-22 15:20:03-04:00,1.3333333333333335
2011-04-22 15:20:06-04:00,1.0
2011-04-22 15:20:09-04:00,1.0
2011-04-22 15:20:12-04:00,1.0
2011-04-22 15:20:15-04:00,1.0
2011-04-22 15:20:18-04:00,1.0
2011-04-22 15:20:21-04:00,2.0
2011-04-22 15:20:24-04:00,1.25
2011-04-22 15:20:27-04:00,1.0
2011-04-22 15:20:30-04:00,1.0
2011-04-22 15:20:33-04:00,1.0
2011-04-22 15:20:36-04:00,1.0
2011-04-22 15:20:39-04:00,1.0
2011-04-22 15:20:42-04:00,1.0
2011-04-22 15:20:45-04:00,1.0
2011-04-22 15:20:48-04:00,1.0
2011-04-22 15:20:51-04:00,1.0
2011-04-22 15:20:54-04:00,1.0
2011-04-22 15:20:57-04:00,1.0
2011-04-22 15:21:00-04:00,1.0
2011-04-22 15:21:03-04:00,1.0
2011-04-22 15:21:06-04:00,1.0
2011-04-22 15:21:09-04:00,1.0
2011-04-22 15:21:12-04:00,1.0
2011-04-22 15:21:15-04:00,1.0
2011-04-22 15:21:18-04:00,1.0
2011-04-22 15:21:21-04:00,1.0
2011-04-22 15:21:24-04:00,1.0
2011-04-22 15:21:27-04:00,1.0
2011-04-22 15:21:30-04:00,1.2222222222222223
2011-04-22 15:21:33-04:00,1.5555555555555556
2011-04-22 15:21:36-04:00,1.8888888888888888
2011-04-22 15:21:39-04:00,1.3333333333333335
2011-04-22 15:21:42-04:00,1.0
2011-04-22 15:21:45-04:00,1.0
2011-04-22 15:21:48-04:00,1.0
2011-04-22 15:21:51-04:00,1.0
2011-04-22 15:21:54-04:00,1.0
2011-04-22 15:21:57-04:00,1.0
2011-04-22 15:22:00-04:00,1.0
2011-04-22 15:22:03-04:00,1.0
2011-04-22 15:22:06-04:00,1.0
2011-04-22 15:22:09-04:00,1.0
2011-04-22 15:22:12-04:00,1.0
2011-04-22 15:22:15-04:00,1.0
2011-04-22 15:22:18-04:00,1.0
2011-04-22 15:22:21-04:00,1.0
2011-04-22 15:22:24-04:00,1.0
2011-04-22 15:22:27-04:00,1.0
2011-04-22 15:22:30-04:00,1.0
2011-04-22 15:22:33-04:00,1.0
2011-04-22 15:22:36-04:00,1.0
2011-04-22 15:22:39-04:00,1.0
2011-04-22 15:22:42-04:00,1.0
2011-04-22 15:22:45-04:00,1.0
2011-04-22 15:22:48-04:00,1.0
2011-04-22 15:22:51-04:00,1.0
2011-04-22 15:22:54-04:00,1.0
2011-04-22 15:22:57-04:00,1.0
2011-04-22 15:23:00-04:00,1.75
2011-04-22 15:23:03-04:00,1.5
2011-04-22 15:23:06-04:00,1.0
2011-04-22 15:23:09-04:00,1.25
2011-04-22 15:23:12-04:00,2.0
2011-04-22 15:23:15-04:00,1.25
2011-04-22 15:23:18-04:00,1.5
2011-04-22 15:23:21-04:00,1.6666666666666667
2011-04-22 15:23:24-04:00,1.0
2011-04-22 15:23:27-04:00,1.0
2011-04-22 15:23:30-04:00,1.0
2011-04-22 15:23:33-04:00,1.0
2011-04-22 15:23:36-04:00,1.0
2011-04-22 15:23:39-04:00,2.0
2011-04-22 15:23:42-04:00,1.25
2011-04-22 15:23:45-04:00,1.0
2011-04-22 15:23:48-04:00,1.0
2011-04-22 15:23:51-04:00,1.0
2011-04-22 15:23:54-04:00,1.0
2011-04-22 15:23:57-04:00,1.0
2011-04-22 15:24:00-04:00,1.0
2011-04-22 15:24:03-04:00,1.0
2011-04-22 15:24:06-04:00,1.0
2011-04-22 15:24:09-04:00,1.0
2011-04-22 15:24:12-04:00,1.0
2011-04-22 15:24:15-04:00,1.0
2011-04-22 15:24:18-04:00,1.0
2011-04-22 15:24:21-04:00,1.5
2011-04-22 15:24:24-04:00,1.75
2011-04-22 15:24:27-04:00,1.0
2011-04-22 15:24:30-04:00,1.0
2011-04-22 15:24:33-04:00,1.0
2011-04-22 15:24:36-04:00,1.0
2011-04-22 15:24:39-04:00,2.0
2011-04-22 15:24:42-04:00,1.0
2011-04-22 15:24:45-04:00,1.0
2011-04-22 15:24:48-04:00,1.0
2011-04-22 15:24:51-04:00,1.0
2011-04-22 15:24:54-04:00,1.3333333333333333
2011-04-22 15:24:57-04:00,1.75
2011-04-22 15:25:00-04:00,1.0
2011-04-22 15:25:03-04:00,1.0
2011-04-22 15:25:06-04:00,1.6666666666666665
2011-04-22 15:25:09-04:00,2.0
2011-04-22 15:25:12-04:00,2.0
2011-04-22 15:25:15-04:00,2.0
2011-04-22 15:25:18-04:00,1.0
2011-04-22 15:25:21-04:00,1.0
2011-04-22 15:25:24-04:00,1.0
2011-04-22 15:25:27-04:00,1.0
2011-04-22 15:25:30-04:00,1.2222222222222223
2011-04-22 15:25:33-04:00,1.5555555555555556
2011-04-22 15:25:36-04:00,1.8888888888888888
2011-04-22 15:25:39-04:00,1.5
2011-04-22 15:25:42-04:00,1.3333333333333333
2011-04-22 15:25:45-04:00,2.0
2011-04-22 15:25:48-04:00,2.0
2011-04-22 15:25:51-04:00,2.0
2011-04-22 15:25:54-04:00,1.25
2011-04-22 15:25:57-04:00,1.6666666666666665
2011-04-22 15:26:00-04:00,1.5
2011-04-22 15:26:03-04:00,1.0
2011-04-22 15:26:06-04:00,1.25
2011-04-22 15:26:09-04:00,2.0
2011-04-22 15:26:12-04:00,2.0
2011-04-22 15:26:15-04:00,1.0
2011-04-22 15:26:18-04:00,1.75
2011-04-22 15:26:21-04:00,1.3333333333333335
2011-04-22 15:26:24-04:00,1.0
2011-04-22 15:26:27-04:00,1.0
2011-04-22 15:26:30-04:00,1.1111111111111112
2011-04-22 15:26:33-04:00,1.4444444444444444
2011-04-22 15:26:36-04:00,1.7777777777777777
2011-04-22 15:26:39-04:00,1.6666666666666667
2011-04-22 15:26:42-04:00,1.0
2011-04-22 15:26:45-04:00,1.0
2011-04-22 15:26:48-04:00,1.0
2011-04-22 15:26:51-04:00,1.0
2011-04-22 15:26:54-04:00,1.75
2011-04-22 15:26:57-04:00,1.3333333333333335
2011-04-22 15:27:00-04:00,1.5
2011-04-22 15:27:03-04:00,2.0
2011-04-22 15:27:06-04:00,1.75
2011-04-22 15:27:09-04:00,1.0
2011-04-22 15:27:12-04:00,1.0
2011-04-22 15:27:15-04:00,1.0
2011-04-22 15:27:18-04:00,1.6666666666666665
2011-04-22 15:27:21-04:00,2.0
2011-04-22 15:27:24-04:00,1.5
2011-04-22 15:27:27-04:00,1.3333333333333333
2011-04-22 15:27:30-04:00,1.8888888888888888
2011-04-22 15:27:33-04:00,1.5555555555555556
2011-04-22 15:27:36-04:00,1.2222222222222223
2011-04-22 15:27:39-04:00,1.3333333333333333
2011-04-22 15:27:42-04:00,2.0
2011-04-22 15:27:45-04:00,2.0
2011-04-22 15:27:48-04:00,2.0
2011-04-22 15:27:51-04:00,2.0
2011-04-22 15:27:54-04:00,1.3333333333333335
2011-04-22 15:27:57-04:00,1.0
2011-04-22 15:28:00-04:00,1.5
2011-04-22 15:28:03-04:00,2.0
2011-04-22 15:28:06-04:00,2.0
2011-04-22 15:28:09-04:00,2.0
2011-04-22 15:28:12-04:00,2.0
2011-04-22 15:28:15-04:00,2.0
2011-04-22 15:28:18-04:00,2.0
2011-04-22 15:28:21-04:00,2.0
2011-04-22 15:28:24-04:00,1.5
2011-04-22 15:28:27-04:00,1.3333333333333333
2011-04-22 15:28:30-04:00,2.0
2011-04-22 15:28:33-04:00,2.0
2011-04-22 15:28:36-04:00,2.0
2011-04-22 15:28:39-04:00,2.0
2011-04-22 15:28:42-04:00,2.0
2011-04-22 15:28:45-04:00,2.0
2011-04-22 15:28:48-04:00,2.0
2011-04-22 15:28:51-04:00,1.3333333333333335
2011-04-22 15:28:54-04:00,1.6666666666666665
2011-04-22 15:28:57-04:00,1.5
2011-04-22 15:29:00-04:00,1.0
2011-04-22 15:29:03-04:00,1.0
2011-04-22 15:29:06-04:00,1.0
2011-04-22 15:29:09-04:00,1.0
2011-04-22 15:29:12-04:00,2.0
2011-04-22 15:29:15-04:00,2.0
2011-04-22 15:29:18-04:00,2.0
2011-04-22 15:29:21-04:00,1.5
2011-04-22 15:29:24-04:00,1.0
2011-04-22 15:29:27-04:00,1.1111111111111112
2011-04-22 15:29:30-04:00,1.4444444444444444
2011-04-22 15:29:33-04:00,1.7777777777777777
2011-04-22 15:29:36-04:00,2.0
2011-04-22 15:29:39-04:00,1.75
2011-04-22 15:29:42-04:00,1.0
2011-04-22 15:29:45-04:00,1.0
2011-04-22 15:29:48-04:00,1.75
2011-04-22 15:29:51-04:00,2.0
2011-04-22 15:29:54-04:00,2.0
2011-04-22 15:29:57-04:00,1.6666666666666667
2011-04-22 15:30:00-04:00,1.3333333333333333
2011-04-22 15:30:03-04:00,2.0
2011-04-22 15:30:06-04:00,2.0
2011-04-22 15:30:09-04:00,1.0
2011-04-22 15:30:12-04:00,1.0
2011-04-22 15:30:15-04:00,1.75
2011-04-22 15:30:18-04:00,1.3333333333333335
2011-04-22 15:30:21-04:00,1.5
2011-04-22 15:30:24-04:00,2.0
2011-04-22 15:30:27-04:00,1.8888888888888888
2011-04-22 15:30:30-04:00,1.5555555555555556
2011-04-22 15:30:33-04:00,1.2222222222222223
2011-04-22 15:30:36-04:00,1.3333333333333333
2011-04-22 15:30:39-04:00,2.0
2011-04-22 15:30:42-04:00,2.0
2011-04-22 15:30:45-04:00,1.0
2011-04-22 15:30:48-04:00,1.75
2011-04-22 15:30:51-04:00,2.0
2011-04-22 15:30:54-04:00,2.0
2011-04-22 15:30:57-04:00,2.0
2011-04-22 15:31:00-04:00,2.0
2011-04-22 15:31:03-04:00,2.0
2011-04-22 15:31:06-04:00,2.0
2011-04-22 15:31:09-04:00,1.25
2011-04-22 15:31:12-04:00,1.0
2011-04-22 15:31:15-04:00,1.6666666666666665
2011-04-22 15:31:18-04:00,2.0
2011-04-22 15:31:21-04:00,2.0
2011-04-22 15:31:24-04:00,2.0
2011-04-22 15:31:27-04:00,2.0
2011-04-22 15:31:30-04:00,2.0
2011-04-22 15:31:33-04:00,2.0
2011-04-22 15:31:36-04:00,2.0
2011-04-22 15:31:39-04:00,2.0
2011-04-22 15:31:42-04:00,2.0
2011-04-22 15:31:45-04:00,1.25
2011-04-22 15:31:48-04:00,1.0
2011-04-22 15:31:51-04:00,1.5
2011-04-22 15:31:54-04:00,1.6666666666666667
2011-04-22 15:31:57-04:00,1.0
2011-04-22 15:32:00-04:00,1.0
2011-04-22 15:32:03-04:00,1.0
2011-04-22 15:32:06-04:00,1.0
2011-04-22 15:32:09-04:00,1.75
2011-04-22 15:32:12-04:00,2.0
2011-04-22 15:32:15-04:00,1.5
2011-04-22 15:32:18-04:00,1.3333333333333333
2011-04-22 15:32:21-04:00,1.75
2011-04-22 15:32:24-04:00,1.0
2011-04-22 15:32:27-04:00,2.0
2011-04-22 15:32:30-04:00,2.0
2011-04-22 15:32:33-04:00,2.0
2011-04-22 15:32:36-04:00,2.0
2011-04-22 15:32:39-04:00,2.0
2011-04-22 15:32:42-04:00,2.0
2011-04-22 15:32:45-04:00,1.5
2011-04-22 15:32:48-04:00,1.0
2011-04-22 15:32:51-04:00,1.3333333333333333
2011-04-22 15:32:54-04:00,2.0
2011-04-22 15:32:57-04:00,2.0
2011-04-22 15:33:00-04:00,2.0
2011-04-22 15:33:03-04:00,1.0
2011-04-22 15:33:06-04:00,1.0
2011-04-22 15:33:09-04:00,1.6666666666666665
2011-04-22 15:33:12-04:00,2.0
2011-04-22 15:33:15-04:00,2.0
2011-04-22 15:33:18-04:00,1.75
2011-04-22 15:33:21-04:00,1.0
2011-04-22 15:33:24-04:00,2.0
2011-04-22 15:33:27-04:00,1.25
2011-04-22 15:33:30-04:00,1.0
2011-04-22 15:33:33-04:00,1.0
2011-04-22 15:33:36-04:00,1.0
2011-04-22 15:33:39-04:00,1.0
2011-04-22 15:33:42-04:00,1.0
2011-04-22 15:33:45-04:00,1.0
2011-04-22 15:33:48-04:00,1.0
2011-04-22 15:33:51-04:00,1.0
2011-04-22 15:33:54-04:00,1.0
2011-04-22 15:33:57-04:00,1.0
2011-04-22 15:34:00-04:00,1.0
2011-04-22 15:34:03-04:00,1.0
2011-04-22 15:34:06-04:00,1.0
2011-04-22 15:34:09-04:00,1.0
2011-04-22 15:34:12-04:00,1.0
2011-04-22 15:34:15-04:00,1.0
2011-04-22 15:34:18-04:00,1.0
2011-04-22 15:34:21-04:00,1.6666666666666665
2011-04-22 15:34:24-04:00,1.3333333333333335
2011-04-22 15:34:27-04:00,1.0
2011-04-22 15:34:30-04:00,1.125
2011-04-22 15:34:33-04:00,1.5
2011-04-22 15:34:36-04:00,1.875
2011-04-22 15:34:39-04:00,1.5
2011-04-22 15:34:42-04:00,1.0
2011-04-22 15:34:45-04:00,1.0
2011-04-22 15:34:48-04:00,1.0
2011-04-22 15:34:51-04:00,2.0
2011-04-22 15:34:54-04:00,2.0
2011-04-22 15:34:57-04:00,1.3333333333333335
2011-04-22 15:35:00-04:00,1.0
2011-04-22 15:35:03-04:00,1.0
2011-04-22 15:35:06-04:00,1.3333333333333333
2011-04-22 15:35:09-04:00,1.75
2011-04-22 15:35:12-04:00,1.0
2011-04-22 15:35:15-04:00,1.0
2011-04-22 15:35:18-04:00,1.0
2011-04-22 15:35:21-04:00,1.75
2011-04-22 15:35:24-04:00,1.3333333333333335
2011-04-22 15:35:27-04:00,1.6666666666666665
2011-04-22 15:35:30-04:00,2.0
2011-04-22 15:35:33-04:00,2.0
2011-04-22 15:35:36-04:00,2.0
2011-04-22 15:35:39-04:00,1.5
2011-04-22 15:35:42-04:00,1.0
2011-04-22 15:35:45-04:00,1.3333333333333333
2011-04-22 15:35:48-04:00,1.75
2011-04-22 15:35:51-04:00,1.0
2011-04-22 15:35:54-04:00,2.0
2011-04-22 15:35:57-04:00,1.0
2011-04-22 15:36:00-04:00,1.75
2011-04-22 15:36:03-04:00,1.3333333333333335
2011-04-22 15:36:06-04:00,1.0
2011-04-22 15:36:09-04:00,1.0
2011-04-22 15:36:12-04:00,1.0
2011-04-22 15:36:15-04:00,1.0
2011-04-22 15:36:18-04:00,1.0
2011-04-22 15:36:21-04:00,1.0
2011-04-22 15:36:24-04:00,1.0
2011-04-22 15:36:27-04:00,1.0
2011-04-22 15:36:30-04:00,1.2222222222222223
2011-04-22 15:36:33-04:00,1.5555555555555556
2011-04-22 15:36:36-04:00,1.8888888888888888
2011-04-22 15:36:39-04:00,1.3333333333333335
2011-04-22 15:36:42-04:00,1.0
2011-04-22 15:36:45-04:00,1.3333333333333333
2011-04-22 15:36:48-04:00,1.6666666666666667
2011-04-22 15:36:51-04:00,1.25
2011-04-22 15:36:54-04:00,2.0
2011-04-22 15:36:57-04:00,2.0
2011-04-22 15:37:00-04:00,1.25
2011-04-22 15:37:03-04:00,1.0
2011-04-22 15:37:06-04:00,1.0
2011-04-22 15:37:09-04:00,1.0
2011-04-22 15:37:12-04:00,1.0
2011-04-22 15:37:15-04:00,1.0
2011-04-22 15:37:18-04:00,1.0
2011-04-22 15:37:21-04:00,1.0
2011-04-22 15:37:24-04:00,1.0
2011-04-22 15:37:27-04:00,1.0
2011-04-22 15:37:30-04:00,1.0
2011-04-22 15:37:33-04:00,1.0
2011-04-22 15:37:36-04:00,1.0
2011-04-22 15:37:39-04:00,1.0
2011-04-22 15:37:42-04:00,1.6666666666666665
2011-04-22 15:37:45-04:00,1.5
2011-04-22 15:37:48-04:00,1.3333333333333333
2011-04-22 15:37:51-04:00,2.0
2011-04-22 15:37:54-04:00,1.75
2011-04-22 15:37:57-04:00,1.0
2011-04-22 15:38:00-04:00,1.0
2011-04-22 15:38:03-04:00,1.75
2011-04-22 15:38:06-04:00,2.0
2011-04-22 15:38:09-04:00,2.0
2011-04-22 15:38:12-04:00,1.6666666666666667
2011-04-22 15:38:15-04:00,1.0
2011-04-22 15:38:18-04:00,1.0
2011-04-22 15:38:21-04:00,1.0
2011-04-22 15:38:24-04:00,1.0
2011-04-22 15:38:27-04:00,1.0
2011-04-22 15:38:30-04:00,1.0
2011-04-22 15:38:33-04:00,1.0
2011-04-22 15:38:36-04:00,1.0
2011-04-22 15:38:39-04:00,1.0
2011-04-22 15:38:42-04:00,1.0
2011-04-22 15:38:45-04:00,1.0
2011-04-22 15:38:48-04:00,1.0
2011-04-22 15:38:51-04:00,1.0
2011-04-22 15:38:54-04:00,1.75
2011-04-22 15:38:57-04:00,2.0
2011-04-22 15:39:00-04:00,1.3333333333333335
2011-04-22 15:39:03-04:00,1.0
2011-04-22 15:39:06-04:00,1.3333333333333333
2011-04-22 15:39:09-04:00,1.6666666666666667
2011-04-22 15:39:12-04:00,1.25
2011-04-22 15:39:15-04:00,2.0
2011-04-22 15:39:18-04:00,1.0
2011-04-22 15:39:21-04:00,1.75
2011-04-22 15:39:24-04:00,1.3333333333333335
2011-04-22 15:39:27-04:00,1.0
2011-04-22 15:39:30-04:00,1.0
2011-04-22 15:39:33-04:00,1.0
2011-04-22 15:39:36-04:00,1.0
2011-04-22 15:39:39-04:00,1.3333333333333333
2011-04-22 15:39:42-04:00,1.6666666666666667
2011-04-22 15:39:45-04:00,1.0
2011-04-22 15:39:48-04:00,1.0
2011-04-22 15:39:51-04:00,1.0
2011-04-22 15:39:54-04:00,1.0
2011-04-22 15:39:57-04:00,1.6666666666666665
2011-04-22 15:40:00-04:00,2.0
2011-04-22 15:40:03-04:00,2.0
2011-04-22 15:40:06-04:00,1.75
2011-04-22 15:40:09-04:00,1.0
2011-04-22 15:40:12-04:00,2.0
2011-04-22 15:40:15-04:00,1.0
2011-04-22 15:40:18-04:00,1.0
2011-04-22 15:40:21-04:00,1.0
2011-04-22 15:40:24-04:00,1.0
2011-04-22 15:40:27-04:00,1.0
2011-04-22 15:40:30-04:00,1.0
2011-04-22 15:40:33-04:00,1.0
2011-04-22 15:40:36-04:00,1.0
2011-04-22 15:40:39-04:00,1.3333333333333333
2011-04-22 15:40:42-04:00,2.0
2011-04-22 15:40:45-04:00,2.0
2011-04-22 15:40:48-04:00,2.0
2011-04-22 15:40:51-04:00,2.0
2011-04-22 15:40:54-04:00,1.25
2011-04-22 15:40:57-04:00,1.0
2011-04-22 15:41:00-04:00,1.0
2011-04-22 15:41:03-04:00,1.0
2011-04-22 15:41:06-04:00,1.0
2011-04-22 15:41:09-04:00,1.0
2011-04-22 15:41:12-04:00,2.0
2011-04-22 15:41:15-04:00,2.0
2011-04-22 15:41:18-04:00,2.0
2011-04-22 15:41:21-04:00,2.0
