timestamp,power
2011-04-21 15:41:24-04:00,
2011-04-21 15:41:27-04:00,22.125
2011-04-21 15:41:30-04:00,22.5
2011-04-21 15:41:33-04:00,22.875
2011-04-21 15:41:36-04:00,22.5
2011-04-21 15:41:39-04:00,22.0
2011-04-21 15:41:42-04:00,22.0
2011-04-21 15:41:45-04:00,22.0
2011-04-21 15:41:48-04:00,22.0
2011-04-21 15:41:51-04:00,22.0
2011-04-21 15:41:54-04:00,22.75
2011-04-21 15:41:57-04:00,22.333333333333332
2011-04-21 15:42:00-04:00,22.0
2011-04-21 15:42:03-04:00,22.0
2011-04-21 15:42:06-04:00,22.0
2011-04-21 15:42:09-04:00,22.0
2011-04-21 15:42:12-04:00,22.0
2011-04-21 15:42:15-04:00,22.0
2011-04-21 15:42:18-04:00,22.0
2011-04-21 15:42:21-04:00,22.0
2011-04-21 15:42:24-04:00,22.0
2011-04-21 15:42:27-04:00,22.0
2011-04-21 15:42:30-04:00,22.0
2011-04-21 15:42:33-04:00,22.0
2011-04-21 15:42:36-04:00,22.0
2011-04-21 15:42:39-04:00,22.0
2011-04-21 15:42:42-04:00,22.0
2011-04-21 15:42:45-04:00,22.0
2011-04-21 15:42:48-04:00,22.0
2011-04-21 15:42:51-04:00,22.0
2011-04-21 15:42:54-04:00,22.75
2011-04-21 15:42:57-04:00,22.333333333333332
2011-04-21 15:43:00-04:00,22.5
2011-04-21 15:43:03-04:00,22.75
2011-04-21 15:43:06-04:00,22.0
2011-04-21 15:43:09-04:00,22.0
2011-04-21 15:43:12-04:00,22.0
2011-04-21 15:43:15-04:00,22.0
2011-04-21 15:43:18-04:00,22.0
2011-04-21 15:43:21-04:00,22.0
2011-04-21 15:43:24-04:00,22.0
2011-04-21 15:43:27-04:00,22.0
2011-04-21 15:43:30-04:00,22.0
2011-04-21 15:43:33-04:00,22.0
2011-04-21 15:43:36-04:00,22.0
2011-04-21 15:43:39-04:00,22.0
2011-04-21 15:43:42-04:00,22.0
2011-04-21 15:43:45-04:00,22.0
2011-04-21 15:43:48-04:00,22.0
2011-04-21 15:43:51-04:00,22.0
2011-04-21 15:43:54-04:00,22.0
2011-04-21 15:43:57-04:00,22.0
2011-04-21 15:44:00-04:00,22.0
2011-04-21 15:44:03-04:00,22.0
2011-04-21 15:44:06-04:00,22.0
2011-04-21 15:44:09-04:00,22.0
2011-04-21 15:44:12-04:00,22.0
2011-04-21 15:44:15-04:00,22.0
2011-04-21 15:44:18-04:00,22.0
2011-04-21 15:44:21-04:00,22.0
2011-04-21 15:44:24-04:00,22.0
2011-04-21 15:44:27-04:00,22.0
2011-04-21 15:44:30-04:00,22.0
2011-04-21 15:44:33-04:00,22.0
2011-04-21 15:44:36-04:00,22.0
2011-04-21 15:44:39-04:00,22.0
2011-04-21 15:44:42-04:00,22.0
2011-04-21 15:44:45-04:00,22.0
2011-04-21 15:44:48-04:00,22.0
2011-04-21 15:44:51-04:00,22.0
2011-04-21 15:44:54-04:00,22.0
2011-04-21 15:44:57-04:00,22.0
2011-04-21 15:45:00-04:00,22.0
2011-04-21 15:45:03-04:00,22.0
2011-04-21 15:45:06-04:00,22.0
2011-04-21 15:45:09-04:00,22.0
2011-04-21 15:45:12-04:00,22.0
2011-04-21 15:45:15-04:00,22.0
2011-04-21 15:45:18-04:00,22.0
2011-04-21 15:45:21-04:00,22.0
2011-04-21 15:45:24-04:00,22.0
2011-04-21 15:45:27-04:00,22.0
2011-04-21 15:45:30-04:00,22.0
2011-04-21 15:45:33-04:00,22.0
2011-04-21 15:45:36-04:00,22.0
2011-04-21 15:45:39-04:00,22.0
2011-04-21 15:45:42-04:00,22.0
2011-04-21 15:45:45-04:00,22.0
2011-04-21 15:45:48-04:00,22.0
2011-04-21 15:45:51-04:00,22.0
2011-04-21 15:45:54-04:00,22.0
2011-04-21 15:45:57-04:00,22.0
2011-04-21 15:46:00-04:00,22.0
2011-04-21 15:46:03-04:00,22.0
2011-04-21 15:46:06-04:00,22.0
2011-04-21 15:46:09-04:00,22.0
2011-04-21 15:46:12-04:00,22.0
2011-04-21 15:46:15-04:00,22.0
2011-04-21 15:46:18-04:00,22.0
2011-04-21 15:46:21-04:00,22.0
2011-04-21 15:46:24-04:00,22.0
2011-04-21 15:46:27-04:00,22.0
2011-04-21 15:46:30-04:00,22.0
2011-04-21 15:46:33-04:00,22.0
2011-04-21 15:46:36-04:00,22.0
2011-04-21 15:46:39-04:00,22.0
2011-04-21 15:46:42-04:00,22.0
2011-04-21 15:46:45-04:00,22.0
2011-04-21 15:46:48-04:00,22.0
2011-04-21 15:46:51-04:00,22.0
2011-04-21 15:46:54-04:00,22.0
2011-04-21 15:46:57-04:00,22.0
2011-04-21 15:47:00-04:00,22.0
2011-04-21 15:47:03-04:00,22.0
2011-04-21 15:47:06-04:00,22.0
2011-04-21 15:47:09-04:00,22.0
2011-04-21 15:47:12-04:00,22.0
2011-04-21 15:47:15-04:00,22.0
2011-04-21 15:47:18-04:00,22.0
2011-04-21 15:47:21-04:00,22.0
2011-04-21 15:47:24-04:00,22.0
2011-04-21 15:47:27-04:00,22.0
2011-04-21 15:47:30-04:00,22.0
2011-04-21 15:47:33-04:00,22.0
2011-04-21 15:47:36-04:00,22.0
2011-04-21 15:47:39-04:00,22.0
2011-04-21 15:47:42-04:00,22.0
2011-04-21 15:47:45-04:00,22.0
2011-04-21 15:47:48-04:00,22.0
2011-04-21 15:47:51-04:00,22.0
2011-04-21 15:47:54-04:00,22.0
2011-04-21 15:47:57-04:00,22.0
2011-04-21 15:48:00-04:00,22.0
2011-04-21 15:48:03-04:00,22.0
2011-04-21 15:48:06-04:00,22.0
2011-04-21 15:48:09-04:00,22.0
2011-04-21 15:48:12-04:00,22.0
2011-04-21 15:48:15-04:00,22.0
2011-04-21 15:48:18-04:00,22.0
2011-04-21 15:48:21-04:00,22.0
2011-04-21 15:48:24-04:00,22.0
2011-04-21 15:48:27-04:00,22.0
2011-04-21 15:48:30-04:00,22.0
2011-04-21 15:48:33-04:00,22.0
2011-04-21 15:48:36-04:00,22.0
2011-04-21 15:48:39-04:00,22.0
2011-04-21 15:48:42-04:00,22.0
2011-04-21 15:48:45-04:00,22.0
2011-04-21 15:48:48-04:00,22.0
2011-04-21 15:48:51-04:00,22.0
2011-04-21 15:48:54-04:00,22.0
2011-04-21 15:48:57-04:00,22.0
2011-04-21 15:49:00-04:00,22.0
2011-04-21 15:49:03-04:00,22.0
2011-04-21 15:49:06-04:00,22.0
2011-04-21 15:49:09-04:00,22.0
2011-04-21 15:49:12-04:00,22.0
2011-04-21 15:49:15-04:00,22.0
2011-04-21 15:49:18-04:00,22.0
2011-04-21 15:49:21-04:00,22.0
2011-04-21 15:49:24-04:00,22.0
2011-04-21 15:49:27-04:00,22.0
2011-04-21 15:49:30-04:00,22.0
2011-04-21 15:49:33-04:00,22.0
2011-04-21 15:49:36-04:00,22.0
2011-04-21 15:49:39-04:00,22.0
2011-04-21 15:49:42-04:00,22.0
2011-04-21 15:49:45-04:00,22.0
2011-04-21 15:49:48-04:00,22.0
2011-04-21 15:49:51-04:00,22.0
2011-04-21 15:49:54-04:00,22.0
2011-04-21 15:49:57-04:00,22.0
2011-04-21 15:50:00-04:00,22.0
2011-04-21 15:50:03-04:00,22.0
2011-04-21 15:50:06-04:00,22.0
2011-04-21 15:50:09-04:00,22.0
2011-04-21 15:50:12-04:00,22.0
2011-04-21 15:50:15-04:00,22.0
2011-04-21 15:50:18-04:00,22.0
2011-04-21 15:50:21-04:00,22.0
2011-04-21 15:50:24-04:00,22.0
2011-04-21 15:50:27-04:00,22.0
2011-04-21 15:50:30-04:00,22.0
2011-04-21 15:50:33-04:00,22.0
2011-04-21 15:50:36-04:00,22.0
2011-04-21 15:50:39-04:00,22.0
2011-04-21 15:50:42-04:00,22.0
2011-04-21 15:50:45-04:00,22.0
2011-04-21 15:50:48-04:00,22.0
2011-04-21 15:50:51-04:00,22.0
2011-04-21 15:50:54-04:00,22.0
2011-04-21 15:50:57-04:00,22.0
2011-04-21 15:51:00-04:00,22.0
2011-04-21 15:51:03-04:00,22.0
2011-04-21 15:51:06-04:00,22.0
2011-04-21 15:51:09-04:00,22.0
2011-04-21 15:51:12-04:00,22.0
2011-04-21 15:51:15-04:00,22.0
2011-04-21 15:51:18-04:00,22.0
2011-04-21 15:51:21-04:00,22.0
2011-04-21 15:51:24-04:00,22.0
2011-04-21 15:51:27-04:00,22.0
2011-04-21 15:51:30-04:00,22.0
2011-04-21 15:51:33-04:00,22.0
2011-04-21 15:51:36-04:00,22.0
2011-04-21 15:51:39-04:00,22.0
2011-04-21 15:51:42-04:00,22.0
2011-04-21 15:51:45-04:00,22.0
2011-04-21 15:51:48-04:00,22.0
2011-04-21 15:51:51-04:00,22.0
2011-04-21 15:51:54-04:00,22.0
2011-04-21 15:51:57-04:00,22.0
2011-04-21 15:52:00-04:00,22.0
2011-04-21 15:52:03-04:00,22.0
2011-04-21 15:52:06-04:00,22.0
2011-04-21 15:52:09-04:00,22.0
2011-04-21 15:52:12-04:00,22.0
2011-04-21 15:52:15-04:00,22.0
2011-04-21 15:52:18-04:00,22.0
2011-04-21 15:52:21-04:00,22.0
2011-04-21 15:52:24-04:00,22.0
2011-04-21 15:52:27-04:00,22.0
2011-04-21 15:52:30-04:00,22.0
2011-04-21 15:52:33-04:00,22.0
2011-04-21 15:52:36-04:00,22.0
2011-04-21 15:52:39-04:00,22.0
2011-04-21 15:52:42-04:00,22.0
2011-04-21 15:52:45-04:00,22.0
2011-04-21 15:52:48-04:00,22.0
2011-04-21 15:52:51-04:00,22.0
2011-04-21 15:52:54-04:00,22.0
2011-04-21 15:52:57-04:00,22.0
2011-04-21 15:53:00-04:00,22.0
2011-04-21 15:53:03-04:00,22.0
2011-04-21 15:53:06-04:00,22.0
2011-04-21 15:53:09-04:00,22.0
2011-04-21 15:53:12-04:00,22.0
2011-04-21 15:53:15-04:00,22.0
2011-04-21 15:53:18-04:00,22.0
2011-04-21 15:53:21-04:00,22.0
2011-04-21 15:53:24-04:00,22.0
2011-04-21 15:53:27-04:00,22.0
2011-04-21 15:53:30-04:00,22.0
2011-04-21 15:53:33-04:00,22.0
2011-04-21 15:53:36-04:00,22.0
2011-04-21 15:53:39-04:00,22.0
2011-04-21 15:53:42-04:00,22.0
2011-04-21 15:53:45-04:00,22.0
2011-04-21 15:53:48-04:00,22.0
2011-04-21 15:53:51-04:00,22.0
2011-04-21 15:53:54-04:00,22.0
2011-04-21 15:53:57-04:00,22.0
2011-04-21 15:54:00-04:00,22.0
2011-04-21 15:54:03-04:00,22.0
2011-04-21 15:54:06-04:00,22.0
2011-04-21 15:54:09-04:00,22.0
2011-04-21 15:54:12-04:00,22.0
2011-04-21 15:54:15-04:00,22.0
2011-04-21 15:54:18-04:00,22.0
2011-04-21 15:54:21-04:00,22.0
2011-04-21 15:54:24-04:00,22.0
2011-04-21 15:54:27-04:00,22.0
2011-04-21 15:54:30-04:00,22.0
2011-04-21 15:54:33-04:00,22.0
2011-04-21 15:54:36-04:00,22.0
2011-04-21 15:54:39-04:00,22.0
2011-04-21 15:54:42-04:00,22.0
2011-04-21 15:54:45-04:00,22.0
2011-04-21 15:54:48-04:00,22.0
2011-04-21 15:54:51-04:00,22.0
2011-04-21 15:54:54-04:00,22.0
2011-04-21 15:54:57-04:00,22.0
2011-04-21 15:55:00-04:00,22.0
2011-04-21 15:55:03-04:00,22.0
2011-04-21 15:55:06-04:00,22.0
2011-04-21 15:55:09-04:00,22.0
2011-04-21 15:55:12-04:00,22.0
2011-04-21 15:55:15-04:00,22.0
2011-04-21 15:55:18-04:00,22.0
2011-04-21 15:55:21-04:00,22.0
2011-04-21 15:55:24-04:00,22.0
2011-04-21 15:55:27-04:00,22.0
2011-04-21 15:55:30-04:00,22.0
2011-04-21 15:55:33-04:00,22.0
2011-04-21 15:55:36-04:00,22.0
2011-04-21 15:55:39-04:00,22.0
2011-04-21 15:55:42-04:00,22.0
2011-04-21 15:55:45-04:00,22.0
2011-04-21 15:55:48-04:00,22.0
2011-04-21 15:55:51-04:00,22.0
2011-04-21 15:55:54-04:00,22.0
2011-04-21 15:55:57-04:00,22.0
2011-04-21 15:56:00-04:00,22.0
2011-04-21 15:56:03-04:00,22.0
2011-04-21 15:56:06-04:00,22.0
2011-04-21 15:56:09-04:00,22.0
2011-04-21 15:56:12-04:00,22.0
2011-04-21 15:56:15-04:00,22.0
2011-04-21 15:56:18-04:00,22.0
2011-04-21 15:56:21-04:00,22.0
2011-04-21 15:56:24-04:00,22.0
2011-04-21 15:56:27-04:00,22.0
2011-04-21 15:56:30-04:00,22.0
2011-04-21 15:56:33-04:00,22.0
2011-04-21 15:56:36-04:00,22.0
2011-04-21 15:56:39-04:00,22.0
2011-04-21 15:56:42-04:00,22.0
2011-04-21 15:56:45-04:00,22.0
2011-04-21 15:56:48-04:00,22.0
2011-04-21 15:56:51-04:00,22.0
2011-04-21 15:56:54-04:00,22.0
2011-04-21 15:56:57-04:00,22.0
2011-04-21 15:57:00-04:00,22.0
2011-04-21 15:57:03-04:00,22.0
2011-04-21 15:57:06-04:00,22.0
2011-04-21 15:57:09-04:00,22.0
2011-04-21 15:57:12-04:00,22.0
2011-04-21 15:57:15-04:00,22.0
2011-04-21 15:57:18-04:00,22.0
2011-04-21 15:57:21-04:00,22.0
2011-04-21 15:57:24-04:00,22.0
2011-04-21 15:57:27-04:00,22.0
2011-04-21 15:57:30-04:00,22.0
2011-04-21 15:57:33-04:00,22.0
2011-04-21 15:57:36-04:00,22.0
2011-04-21 15:57:39-04:00,22.0
2011-04-21 15:57:42-04:00,22.0
2011-04-21 15:57:45-04:00,22.0
2011-04-21 15:57:48-04:00,22.0
2011-04-21 15:57:51-04:00,22.0
2011-04-21 15:57:54-04:00,22.0
2011-04-21 15:57:57-04:00,22.0
2011-04-21 15:58:00-04:00,22.0
2011-04-21 15:58:03-04:00,22.0
2011-04-21 15:58:06-04:00,22.0
2011-04-21 15:58:09-04:00,22.0
2011-04-21 15:58:12-04:00,22.0
2011-04-21 15:58:15-04:00,22.0
2011-04-21 15:58:18-04:00,22.0
2011-04-21 15:58:21-04:00,21.5
2011-04-21 15:58:24-04:00,21.0
2011-04-21 15:58:27-04:00,21.11111111111111
2011-04-21 15:58:30-04:00,21.444444444444443
2011-04-21 15:58:33-04:00,21.77777777777778
2011-04-21 15:58:36-04:00,22.0
2011-04-21 15:58:39-04:00,22.0
2011-04-21 15:58:42-04:00,22.0
2011-04-21 15:58:45-04:00,22.0
2011-04-21 15:58:48-04:00,21.333333333333332
2011-04-21 15:58:51-04:00,21.0
2011-04-21 15:58:54-04:00,21.0
2011-04-21 15:58:57-04:00,21.0
2011-04-21 15:59:00-04:00,21.0
2011-04-21 15:59:03-04:00,21.0
2011-04-21 15:59:06-04:00,21.0
2011-04-21 15:59:09-04:00,21.0
2011-04-21 15:59:12-04:00,21.0
2011-04-21 15:59:15-04:00,21.0
2011-04-21 15:59:18-04:00,21.0
2011-04-21 15:59:21-04:00,21.0
2011-04-21 15:59:24-04:00,21.0
2011-04-21 15:59:27-04:00,21.0
2011-04-21 15:59:30-04:00,21.0
2011-04-21 15:59:33-04:00,21.0
2011-04-21 15:59:36-04:00,21.0
2011-04-21 15:59:39-04:00,22.0
2011-04-21 15:59:42-04:00,21.25
2011-04-21 15:59:45-04:00,21.666666666666668
2011-04-21 15:59:48-04:00,22.0
2011-04-21 15:59:51-04:00,22.0
2011-04-21 15:59:54-04:00,21.75
2011-04-21 15:59:57-04:00,21.0
2011-04-21 16:00:00-04:00,22.0
2011-04-21 16:00:03-04:00,22.0
2011-04-21 16:00:06-04:00,21.333333333333332
2011-04-21 16:00:09-04:00,21.0
2011-04-21 16:00:12-04:00,21.0
2011-04-21 16:00:15-04:00,21.0
2011-04-21 16:00:18-04:00,21.0
2011-04-21 16:00:21-04:00,21.0
2011-04-21 16:00:24-04:00,21.0
2011-04-21 16:00:27-04:00,21.0
2011-04-21 16:00:30-04:00,21.0
2011-04-21 16:00:33-04:00,21.0
2011-04-21 16:00:36-04:00,21.0
2011-04-21 16:00:39-04:00,21.0
2011-04-21 16:00:42-04:00,21.0
2011-04-21 16:00:45-04:00,21.0
2011-04-21 16:00:48-04:00,21.0
2011-04-21 16:00:51-04:00,21.0
2011-04-21 16:00:54-04:00,21.0
2011-04-21 16:00:57-04:00,21.0
2011-04-21 16:01:00-04:00,21.0
2011-04-21 16:01:03-04:00,21.0
2011-04-21 16:01:06-04:00,21.0
2011-04-21 16:01:09-04:00,21.0
2011-04-21 16:01:12-04:00,21.0
2011-04-21 16:01:15-04:00,21.0
2011-04-21 16:01:18-04:00,21.0
2011-04-21 16:01:21-04:00,21.0
2011-04-21 16:01:24-04:00,21.0
2011-04-21 16:01:27-04:00,21.0
2011-04-21 16:01:30-04:00,21.0
2011-04-21 16:01:33-04:00,21.0
2011-04-21 16:01:36-04:00,21.0
2011-04-21 16:01:39-04:00,21.0
2011-04-21 16:01:42-04:00,21.0
2011-04-21 16:01:45-04:00,21.0
2011-04-21 16:01:48-04:00,21.0
2011-04-21 16:01:51-04:00,21.0
2011-04-21 16:01:54-04:00,21.0
2011-04-21 16:01:57-04:00,21.0
2011-04-21 16:02:00-04:00,21.0
2011-04-21 16:02:03-04:00,21.0
2011-04-21 16:02:06-04:00,21.0
2011-04-21 16:02:09-04:00,21.0
2011-04-21 16:02:12-04:00,21.0
2011-04-21 16:02:15-04:00,21.0
2011-04-21 16:02:18-04:00,21.0
2011-04-21 16:02:21-04:00,21.0
2011-04-21 16:02:24-04:00,21.0
2011-04-21 16:02:27-04:00,21.0
2011-04-21 16:02:30-04:00,21.0
2011-04-21 16:02:33-04:00,21.0
2011-04-21 16:02:36-04:00,21.0
2011-04-21 16:02:39-04:00,21.0
2011-04-21 16:02:42-04:00,21.0
2011-04-21 16:02:45-04:00,21.0
2011-04-21 16:02:48-04:00,21.0
2011-04-21 16:02:51-04:00,21.0
2011-04-21 16:02:54-04:00,21.0
2011-04-21 16:02:57-04:00,21.0
2011-04-21 16:03:00-04:00,21.0
2011-04-21 16:03:03-04:00,21.0
2011-04-21 16:03:06-04:00,21.0
2011-04-21 16:03:09-04:00,21.0
2011-04-21 16:03:12-04:00,21.0
2011-04-21 16:03:15-04:00,21.0
2011-04-21 16:03:18-04:00,21.0
2011-04-21 16:03:21-04:00,21.0
2011-04-21 16:03:24-04:00,21.0
2011-04-21 16:03:27-04:00,21.0
2011-04-21 16:03:30-04:00,21.0
2011-04-21 16:03:33-04:00,21.0
2011-04-21 16:03:36-04:00,21.0
2011-04-21 16:03:39-04:00,21.0
2011-04-21 16:03:42-04:00,21.0
2011-04-21 16:03:45-04:00,21.0
2011-04-21 16:03:48-04:00,21.0
2011-04-21 16:03:51-04:00,21.0
2011-04-21 16:03:54-04:00,21.0
2011-04-21 16:03:57-04:00,21.0
2011-04-21 16:04:00-04:00,21.0
2011-04-21 16:04:03-04:00,21.0
2011-04-21 16:04:06-04:00,21.0
2011-04-21 16:04:09-04:00,21.0
2011-04-21 16:04:12-04:00,21.0
2011-04-21 16:04:15-04:00,21.0
2011-04-21 16:04:18-04:00,21.0
2011-04-21 16:04:21-04:00,21.0
2011-04-21 16:04:24-04:00,21.0
2011-04-21 16:04:27-04:00,21.0
2011-04-21 16:04:30-04:00,21.0
2011-04-21 16:04:33-04:00,21.0
2011-04-21 16:04:36-04:00,21.0
2011-04-21 16:04:39-04:00,21.0
2011-04-21 16:04:42-04:00,21.0
2011-04-21 16:04:45-04:00,21.0
2011-04-21 16:04:48-04:00,21.0
2011-04-21 16:04:51-04:00,21.0
2011-04-21 16:04:54-04:00,21.0
2011-04-21 16:04:57-04:00,21.0
2011-04-21 16:05:00-04:00,21.0
2011-04-21 16:05:03-04:00,21.0
2011-04-21 16:05:06-04:00,21.0
2011-04-21 16:05:09-04:00,21.0
2011-04-21 16:05:12-04:00,21.0
2011-04-21 16:05:15-04:00,21.0
2011-04-21 16:05:18-04:00,21.0
2011-04-21 16:05:21-04:00,21.0
2011-04-21 16:05:24-04:00,21.0
2011-04-21 16:05:27-04:00,21.0
2011-04-21 16:05:30-04:00,21.0
2011-04-21 16:05:33-04:00,21.0
2011-04-21 16:05:36-04:00,21.0
2011-04-21 16:05:39-04:00,21.0
2011-04-21 16:05:42-04:00,21.0
2011-04-21 16:05:45-04:00,21.0
2011-04-21 16:05:48-04:00,21.0
2011-04-21 16:05:51-04:00,21.0
2011-04-21 16:05:54-04:00,21.0
2011-04-21 16:05:57-04:00,21.0
2011-04-21 16:06:00-04:00,21.0
2011-04-21 16:06:03-04:00,21.0
2011-04-21 16:06:06-04:00,21.0
2011-04-21 16:06:09-04:00,21.0
2011-04-21 16:06:12-04:00,21.0
2011-04-21 16:06:15-04:00,21.0
2011-04-21 16:06:18-04:00,21.0
2011-04-21 16:06:21-04:00,21.0
2011-04-21 16:06:24-04:00,21.0
2011-04-21 16:06:27-04:00,21.0
2011-04-21 16:06:30-04:00,21.0
2011-04-21 16:06:33-04:00,21.0
2011-04-21 16:06:36-04:00,21.0
2011-04-21 16:06:39-04:00,21.0
2011-04-21 16:06:42-04:00,21.666666666666668
2011-04-21 16:06:45-04:00,22.0
2011-04-21 16:06:48-04:00,22.0
2011-04-21 16:06:51-04:00,22.0
2011-04-21 16:06:54-04:00,22.0
2011-04-21 16:06:57-04:00,22.0
2011-04-21 16:07:00-04:00,22.0
2011-04-21 16:07:03-04:00,22.0
2011-04-21 16:07:06-04:00,22.0
2011-04-21 16:07:09-04:00,22.0
2011-04-21 16:07:12-04:00,22.0
2011-04-21 16:07:15-04:00,22.0
2011-04-21 16:07:18-04:00,22.0
2011-04-21 16:07:21-04:00,22.0
2011-04-21 16:07:24-04:00,22.0
2011-04-21 16:07:27-04:00,22.0
2011-04-21 16:07:30-04:00,22.0
2011-04-21 16:07:33-04:00,22.0
2011-04-21 16:07:36-04:00,22.0
2011-04-21 16:07:39-04:00,22.0
2011-04-21 16:07:42-04:00,22.0
2011-04-21 16:07:45-04:00,22.0
2011-04-21 16:07:48-04:00,22.0
2011-04-21 16:07:51-04:00,22.0
2011-04-21 16:07:54-04:00,22.0
2011-04-21 16:07:57-04:00,22.0
2011-04-21 16:08:00-04:00,22.0
2011-04-21 16:08:03-04:00,22.0
2011-04-21 16:08:06-04:00,22.0
2011-04-21 16:08:09-04:00,22.0
2011-04-21 16:08:12-04:00,22.0
2011-04-21 16:08:15-04:00,22.0
2011-04-21 16:08:18-04:00,22.0
2011-04-21 16:08:21-04:00,22.0
2011-04-21 16:08:24-04:00,22.0
2011-04-21 16:08:27-04:00,22.0
2011-04-21 16:08:30-04:00,22.0
2011-04-21 16:08:33-04:00,22.0
2011-04-21 16:08:36-04:00,22.0
2011-04-21 16:08:39-04:00,22.0
2011-04-21 16:08:42-04:00,22.0
2011-04-21 16:08:45-04:00,22.0
2011-04-21 16:08:48-04:00,22.0
2011-04-21 16:08:51-04:00,22.0
2011-04-21 16:08:54-04:00,22.0
2011-04-21 16:08:57-04:00,22.0
2011-04-21 16:09:00-04:00,22.0
2011-04-21 16:09:03-04:00,22.0
2011-04-21 16:09:06-04:00,22.0
2011-04-21 16:09:09-04:00,22.0
2011-04-21 16:09:12-04:00,22.0
2011-04-21 16:09:15-04:00,22.0
2011-04-21 16:09:18-04:00,22.0
2011-04-21 16:09:21-04:00,22.0
2011-04-21 16:09:24-04:00,22.0
2011-04-21 16:09:27-04:00,22.0
2011-04-21 16:09:30-04:00,22.0
2011-04-21 16:09:33-04:00,22.0
2011-04-21 16:09:36-04:00,22.0
2011-04-21 16:09:39-04:00,22.0
2011-04-21 16:09:42-04:00,22.0
2011-04-21 16:09:45-04:00,22.0
2011-04-21 16:09:48-04:00,22.0
2011-04-21 16:09:51-04:00,22.0
2011-04-21 16:09:54-04:00,22.0
2011-04-21 16:09:57-04:00,22.0
2011-04-21 16:10:00-04:00,22.0
2011-04-21 16:10:03-04:00,22.0
2011-04-21 16:10:06-04:00,22.0
2011-04-21 16:10:09-04:00,22.0
2011-04-21 16:10:12-04:00,22.0
2011-04-21 16:10:15-04:00,22.0
2011-04-21 16:10:18-04:00,22.0
2011-04-21 16:10:21-04:00,22.0
2011-04-21 16:10:24-04:00,22.0
2011-04-21 16:10:27-04:00,22.0
2011-04-21 16:10:30-04:00,22.0
2011-04-21 16:10:33-04:00,22.0
2011-04-21 16:10:36-04:00,22.0
2011-04-21 16:10:39-04:00,22.0
2011-04-21 16:10:42-04:00,22.0
2011-04-21 16:10:45-04:00,22.0
2011-04-21 16:10:48-04:00,22.0
2011-04-21 16:10:51-04:00,22.0
2011-04-21 16:10:54-04:00,22.0
2011-04-21 16:10:57-04:00,22.0
2011-04-21 16:11:00-04:00,22.0
2011-04-21 16:11:03-04:00,22.0
2011-04-21 16:11:06-04:00,22.0
2011-04-21 16:11:09-04:00,22.0
2011-04-21 16:11:12-04:00,22.0
2011-04-21 16:11:15-04:00,22.0
2011-04-21 16:11:18-04:00,22.0
2011-04-21 16:11:21-04:00,22.0
2011-04-21 16:11:24-04:00,21.75
2011-04-21 16:11:27-04:00,21.0
2011-04-21 16:11:30-04:00,21.333333333333332
2011-04-21 16:11:33-04:00,21.666666666666668
2011-04-21 16:11:36-04:00,22.0
2011-04-21 16:11:39-04:00,22.0
2011-04-21 16:11:42-04:00,22.0
2011-04-21 16:11:45-04:00,22.0
2011-04-21 16:11:48-04:00,21.333333333333332
2011-04-21 16:11:51-04:00,21.5
2011-04-21 16:11:54-04:00,22.0
2011-04-21 16:11:57-04:00,22.0
2011-04-21 16:12:00-04:00,22.0
2011-04-21 16:12:03-04:00,22.0
2011-04-21 16:12:06-04:00,22.0
2011-04-21 16:12:09-04:00,22.0
2011-04-21 16:12:12-04:00,22.0
2011-04-21 16:12:15-04:00,21.5
2011-04-21 16:12:18-04:00,21.333333333333332
2011-04-21 16:12:21-04:00,22.0
2011-04-21 16:12:24-04:00,22.0
2011-04-21 16:12:27-04:00,22.0
2011-04-21 16:12:30-04:00,22.0
2011-04-21 16:12:33-04:00,22.0
2011-04-21 16:12:36-04:00,22.0
2011-04-21 16:12:39-04:00,22.0
2011-04-21 16:12:42-04:00,22.0
2011-04-21 16:12:45-04:00,21.333333333333332
2011-04-21 16:12:48-04:00,21.5
2011-04-21 16:12:51-04:00,22.0
2011-04-21 16:12:54-04:00,21.75
2011-04-21 16:12:57-04:00,21.0
2011-04-21 16:13:00-04:00,22.0
2011-04-21 16:13:03-04:00,22.0
2011-04-21 16:13:06-04:00,22.0
2011-04-21 16:13:09-04:00,22.0
2011-04-21 16:13:12-04:00,22.0
2011-04-21 16:13:15-04:00,22.0
2011-04-21 16:13:18-04:00,21.666666666666668
2011-04-21 16:13:21-04:00,21.25
2011-04-21 16:13:24-04:00,22.0
2011-04-21 16:13:27-04:00,22.0
2011-04-21 16:13:30-04:00,21.666666666666668
2011-04-21 16:13:33-04:00,21.333333333333332
2011-04-21 16:13:36-04:00,21.0
2011-04-21 16:13:39-04:00,21.75
2011-04-21 16:13:42-04:00,22.0
2011-04-21 16:13:45-04:00,21.5
2011-04-21 16:13:48-04:00,21.333333333333332
2011-04-21 16:13:51-04:00,22.0
2011-04-21 16:13:54-04:00,22.0
2011-04-21 16:13:57-04:00,21.0
2011-04-21 16:14:00-04:00,21.0
2011-04-21 16:14:03-04:00,21.0
2011-04-21 16:14:06-04:00,21.0
2011-04-21 16:14:09-04:00,21.333333333333332
2011-04-21 16:14:12-04:00,21.666666666666668
2011-04-21 16:14:15-04:00,21.0
2011-04-21 16:14:18-04:00,21.0
2011-04-21 16:14:21-04:00,21.0
2011-04-21 16:14:24-04:00,21.0
2011-04-21 16:14:27-04:00,21.333333333333332
2011-04-21 16:14:30-04:00,21.666666666666668
2011-04-21 16:14:33-04:00,22.0
2011-04-21 16:14:36-04:00,21.25
2011-04-21 16:14:39-04:00,21.0
2011-04-21 16:14:42-04:00,21.0
2011-04-21 16:14:45-04:00,21.5
2011-04-21 16:14:48-04:00,21.666666666666668
2011-04-21 16:14:51-04:00,21.333333333333332
2011-04-21 16:14:54-04:00,21.75
2011-04-21 16:14:57-04:00,21.0
2011-04-21 16:15:00-04:00,22.0
2011-04-21 16:15:03-04:00,21.25
2011-04-21 16:15:06-04:00,21.666666666666668
2011-04-21 16:15:09-04:00,22.0
2011-04-21 16:15:12-04:00,22.0
2011-04-21 16:15:15-04:00,21.75
2011-04-21 16:15:18-04:00,21.0
2011-04-21 16:15:21-04:00,22.0
2011-04-21 16:15:24-04:00,21.25
2011-04-21 16:15:27-04:00,21.0
2011-04-21 16:15:30-04:00,21.0
2011-04-21 16:15:33-04:00,21.0
2011-04-21 16:15:36-04:00,21.0
2011-04-21 16:15:39-04:00,21.0
2011-04-21 16:15:42-04:00,21.5
2011-04-21 16:15:45-04:00,21.666666666666668
2011-04-21 16:15:48-04:00,21.0
2011-04-21 16:15:51-04:00,21.0
2011-04-21 16:15:54-04:00,21.0
2011-04-21 16:15:57-04:00,21.0
2011-04-21 16:16:00-04:00,21.75
2011-04-21 16:16:03-04:00,21.333333333333332
2011-04-21 16:16:06-04:00,21.0
2011-04-21 16:16:09-04:00,21.0
2011-04-21 16:16:12-04:00,21.25
2011-04-21 16:16:15-04:00,22.0
2011-04-21 16:16:18-04:00,21.0
2011-04-21 16:16:21-04:00,21.75
2011-04-21 16:16:24-04:00,21.333333333333332
2011-04-21 16:16:27-04:00,21.0
2011-04-21 16:16:30-04:00,21.0
2011-04-21 16:16:33-04:00,21.0
2011-04-21 16:16:36-04:00,21.0
2011-04-21 16:16:39-04:00,21.333333333333332
2011-04-21 16:16:42-04:00,22.0
2011-04-21 16:16:45-04:00,22.0
2011-04-21 16:16:48-04:00,21.0
2011-04-21 16:16:51-04:00,21.0
2011-04-21 16:16:54-04:00,21.0
2011-04-21 16:16:57-04:00,21.0
2011-04-21 16:17:00-04:00,21.0
2011-04-21 16:17:03-04:00,21.0
2011-04-21 16:17:06-04:00,21.0
2011-04-21 16:17:09-04:00,21.0
2011-04-21 16:17:12-04:00,21.0
2011-04-21 16:17:15-04:00,21.0
2011-04-21 16:17:18-04:00,21.75
2011-04-21 16:17:21-04:00,21.333333333333332
2011-04-21 16:17:24-04:00,21.0
2011-04-21 16:17:27-04:00,21.0
2011-04-21 16:17:30-04:00,21.0
2011-04-21 16:17:33-04:00,21.0
2011-04-21 16:17:36-04:00,21.0
2011-04-21 16:17:39-04:00,21.0
2011-04-21 16:17:42-04:00,21.0
2011-04-21 16:17:45-04:00,21.0
2011-04-21 16:17:48-04:00,21.0
2011-04-21 16:17:51-04:00,21.0
2011-04-21 16:17:54-04:00,21.0
2011-04-21 16:17:57-04:00,21.0
2011-04-21 16:18:00-04:00,21.0
2011-04-21 16:18:03-04:00,21.25
2011-04-21 16:18:06-04:00,22.0
2011-04-21 16:18:09-04:00,21.0
2011-04-21 16:18:12-04:00,21.0
2011-04-21 16:18:15-04:00,21.0
2011-04-21 16:18:18-04:00,21.0
2011-04-21 16:18:21-04:00,21.0
2011-04-21 16:18:24-04:00,21.0
2011-04-21 16:18:27-04:00,21.0
2011-04-21 16:18:30-04:00,21.0
2011-04-21 16:18:33-04:00,21.0
2011-04-21 16:18:36-04:00,21.0
2011-04-21 16:18:39-04:00,21.0
2011-04-21 16:18:42-04:00,21.0
2011-04-21 16:18:45-04:00,21.0
2011-04-21 16:18:48-04:00,21.0
2011-04-21 16:18:51-04:00,21.0
2011-04-21 16:18:54-04:00,21.0
2011-04-21 16:18:57-04:00,21.0
2011-04-21 16:19:00-04:00,21.0
2011-04-21 16:19:03-04:00,21.0
2011-04-21 16:19:06-04:00,21.0
2011-04-21 16:19:09-04:00,21.0
2011-04-21 16:19:12-04:00,21.0
2011-04-21 16:19:15-04:00,21.0
2011-04-21 16:19:18-04:00,21.0
2011-04-21 16:19:21-04:00,21.0
2011-04-21 16:19:24-04:00,21.0
2011-04-21 16:19:27-04:00,21.0
2011-04-21 16:19:30-04:00,21.0
2011-04-21 16:19:33-04:00,21.0
2011-04-21 16:19:36-04:00,21.0
2011-04-21 16:19:39-04:00,21.0
2011-04-21 16:19:42-04:00,21.0
2011-04-21 16:19:45-04:00,21.0
2011-04-21 16:19:48-04:00,21.0
2011-04-21 16:19:51-04:00,21.0
2011-04-21 16:19:54-04:00,21.0
2011-04-21 16:19:57-04:00,21.0
2011-04-21 16:20:00-04:00,21.0
2011-04-21 16:20:03-04:00,21.0
2011-04-21 16:20:06-04:00,21.0
2011-04-21 16:20:09-04:00,21.0
2011-04-21 16:20:12-04:00,21.0
2011-04-21 16:20:15-04:00,21.0
2011-04-21 16:20:18-04:00,21.0
2011-04-21 16:20:21-04:00,21.0
2011-04-21 16:20:24-04:00,21.0
2011-04-21 16:20:27-04:00,21.0
2011-04-21 16:20:30-04:00,21.0
2011-04-21 16:20:33-04:00,21.0
2011-04-21 16:20:36-04:00,21.0
2011-04-21 16:20:39-04:00,21.0
2011-04-21 16:20:42-04:00,21.0
2011-04-21 16:20:45-04:00,21.0
2011-04-21 16:20:48-04:00,21.0
2011-04-21 16:20:51-04:00,21.0
2011-04-21 16:20:54-04:00,21.0
2011-04-21 16:20:57-04:00,21.0
2011-04-21 16:21:00-04:00,21.0
2011-04-21 16:21:03-04:00,21.0
2011-04-21 16:21:06-04:00,21.0
2011-04-21 16:21:09-04:00,21.0
2011-04-21 16:21:12-04:00,21.0
2011-04-21 16:21:15-04:00,21.0
2011-04-21 16:21:18-04:00,21.0
2011-04-21 16:21:21-04:00,21.0
2011-04-21 16:21:24-04:00,21.0
2011-04-21 16:21:27-04:00,21.0
2011-04-21 16:21:30-04:00,21.0
2011-04-21 16:21:33-04:00,21.0
2011-04-21 16:21:36-04:00,21.0
2011-04-21 16:21:39-04:00,21.0
2011-04-21 16:21:42-04:00,21.0
2011-04-21 16:21:45-04:00,21.0
2011-04-21 16:21:48-04:00,21.0
2011-04-21 16:21:51-04:00,21.0
2011-04-21 16:21:54-04:00,21.0
2011-04-21 16:21:57-04:00,21.0
2011-04-21 16:22:00-04:00,21.0
2011-04-21 16:22:03-04:00,21.0
2011-04-21 16:22:06-04:00,22.0
2011-04-21 16:22:09-04:00,21.0
2011-04-21 16:22:12-04:00,21.0
2011-04-21 16:22:15-04:00,21.0
2011-04-21 16:22:18-04:00,21.0
2011-04-21 16:22:21-04:00,21.0
2011-04-21 16:22:24-04:00,21.0
2011-04-21 16:22:27-04:00,21.0
2011-04-21 16:22:30-04:00,21.0
2011-04-21 16:22:33-04:00,21.0
2011-04-21 16:22:36-04:00,21.0
2011-04-21 16:22:39-04:00,21.0
2011-04-21 16:22:42-04:00,21.0
2011-04-21 16:22:45-04:00,21.0
2011-04-21 16:22:48-04:00,21.0
2011-04-21 16:22:51-04:00,21.5
2011-04-21 16:22:54-04:00,21.666666666666668
2011-04-21 16:22:57-04:00,21.0
2011-04-21 16:23:00-04:00,21.0
2011-04-21 16:23:03-04:00,21.0
2011-04-21 16:23:06-04:00,21.0
2011-04-21 16:23:09-04:00,21.0
2011-04-21 16:23:12-04:00,21.0
2011-04-21 16:23:15-04:00,21.0
2011-04-21 16:23:18-04:00,21.0
2011-04-21 16:23:21-04:00,21.0
2011-04-21 16:23:24-04:00,21.0
2011-04-21 16:23:27-04:00,21.0
2011-04-21 16:23:30-04:00,21.0
2011-04-21 16:23:33-04:00,21.0
2011-04-21 16:23:36-04:00,21.0
2011-04-21 16:23:39-04:00,21.0
2011-04-21 16:23:42-04:00,21.0
2011-04-21 16:23:45-04:00,21.0
2011-04-21 16:23:48-04:00,21.0
2011-04-21 16:23:51-04:00,21.0
2011-04-21 16:23:54-04:00,21.0
2011-04-21 16:23:57-04:00,21.0
2011-04-21 16:24:00-04:00,21.0
2011-04-21 16:24:03-04:00,21.0
2011-04-21 16:24:06-04:00,21.0
2011-04-21 16:24:09-04:00,21.0
2011-04-21 16:24:12-04:00,21.0
2011-04-21 16:24:15-04:00,21.0
2011-04-21 16:24:18-04:00,21.0
2011-04-21 16:24:21-04:00,21.0
2011-04-21 16:24:24-04:00,21.0
2011-04-21 16:24:27-04:00,21.0
2011-04-21 16:24:30-04:00,21.0
2011-04-21 16:24:33-04:00,21.0
2011-04-21 16:24:36-04:00,21.0
2011-04-21 16:24:39-04:00,21.0
2011-04-21 16:24:42-04:00,21.0
2011-04-21 16:24:45-04:00,21.0
2011-04-21 16:24:48-04:00,21.0
2011-04-21 16:24:51-04:00,21.0
2011-04-21 16:24:54-04:00,21.0
2011-04-21 16:24:57-04:00,21.0
2011-04-21 16:25:00-04:00,21.0
2011-04-21 16:25:03-04:00,21.0
2011-04-21 16:25:06-04:00,21.0
2011-04-21 16:25:09-04:00,21.0
2011-04-21 16:25:12-04:00,21.0
2011-04-21 16:25:15-04:00,21.0
2011-04-21 16:25:18-04:00,21.0
2011-04-21 16:25:21-04:00,21.0
2011-04-21 16:25:24-04:00,21.0
2011-04-21 16:25:27-04:00,21.0
2011-04-21 16:25:30-04:00,21.0
2011-04-21 16:25:33-04:00,21.0
2011-04-21 16:25:36-04:00,21.0
2011-04-21 16:25:39-04:00,21.0
2011-04-21 16:25:42-04:00,21.0
2011-04-21 16:25:45-04:00,21.0
2011-04-21 16:25:48-04:00,21.0
2011-04-21 16:25:51-04:00,21.0
2011-04-21 16:25:54-04:00,21.0
2011-04-21 16:25:57-04:00,21.0
2011-04-21 16:26:00-04:00,21.0
2011-04-21 16:26:03-04:00,21.0
2011-04-21 16:26:06-04:00,21.0
2011-04-21 16:26:09-04:00,21.0
2011-04-21 16:26:12-04:00,21.0
2011-04-21 16:26:15-04:00,21.0
2011-04-21 16:26:18-04:00,21.0
2011-04-21 16:26:21-04:00,21.0
2011-04-21 16:26:24-04:00,21.0
2011-04-21 16:26:27-04:00,21.0
2011-04-21 16:26:30-04:00,21.0
2011-04-21 16:26:33-04:00,21.0
2011-04-21 16:26:36-04:00,21.0
2011-04-21 16:26:39-04:00,21.0
2011-04-21 16:26:42-04:00,21.0
2011-04-21 16:26:45-04:00,21.0
2011-04-21 16:26:48-04:00,21.0
2011-04-21 16:26:51-04:00,21.0
2011-04-21 16:26:54-04:00,21.0
2011-04-21 16:26:57-04:00,21.0
2011-04-21 16:27:00-04:00,21.0
2011-04-21 16:27:03-04:00,21.0
2011-04-21 16:27:06-04:00,21.0
2011-04-21 16:27:09-04:00,21.0
2011-04-21 16:27:12-04:00,21.0
2011-04-21 16:27:15-04:00,21.0
2011-04-21 16:27:18-04:00,21.0
2011-04-21 16:27:21-04:00,21.0
2011-04-21 16:27:24-04:00,21.0
2011-04-21 16:27:27-04:00,21.0
2011-04-21 16:27:30-04:00,21.0
2011-04-21 16:27:33-04:00,21.0
2011-04-21 16:27:36-04:00,21.0
2011-04-21 16:27:39-04:00,21.0
2011-04-21 16:27:42-04:00,21.0
2011-04-21 16:27:45-04:00,21.0
2011-04-21 16:27:48-04:00,21.0
2011-04-21 16:27:51-04:00,21.0
2011-04-21 16:27:54-04:00,21.0
2011-04-21 16:27:57-04:00,21.0
2011-04-21 16:28:00-04:00,21.0
2011-04-21 16:28:03-04:00,21.0
2011-04-21 16:28:06-04:00,21.0
2011-04-21 16:28:09-04:00,21.0
2011-04-21 16:28:12-04:00,21.0
2011-04-21 16:28:15-04:00,21.0
2011-04-21 16:28:18-04:00,21.0
2011-04-21 16:28:21-04:00,21.0
2011-04-21 16:28:24-04:00,21.0
2011-04-21 16:28:27-04:00,21.0
2011-04-21 16:28:30-04:00,21.0
2011-04-21 16:28:33-04:00,21.0
2011-04-21 16:28:36-04:00,21.0
2011-04-21 16:28:39-04:00,21.0
2011-04-21 16:28:42-04:00,21.0
2011-04-21 16:28:45-04:00,21.0
2011-04-21 16:28:48-04:00,21.0
2011-04-21 16:28:51-04:00,21.0
2011-04-21 16:28:54-04:00,21.0
2011-04-21 16:28:57-04:00,21.0
2011-04-21 16:29:00-04:00,21.0
2011-04-21 16:29:03-04:00,21.0
2011-04-21 16:29:06-04:00,21.0
2011-04-21 16:29:09-04:00,21.0
2011-04-21 16:29:12-04:00,21.0
2011-04-21 16:29:15-04:00,21.0
2011-04-21 16:29:18-04:00,21.0
2011-04-21 16:29:21-04:00,21.0
2011-04-21 16:29:24-04:00,21.0
2011-04-21 16:29:27-04:00,21.0
2011-04-21 16:29:30-04:00,21.0
2011-04-21 16:29:33-04:00,21.0
2011-04-21 16:29:36-04:00,21.75
2011-04-21 16:29:39-04:00,21.333333333333332
2011-04-21 16:29:42-04:00,21.0
2011-04-21 16:29:45-04:00,21.0
2011-04-21 16:29:48-04:00,21.0
2011-04-21 16:29:51-04:00,21.0
2011-04-21 16:29:54-04:00,21.0
2011-04-21 16:29:57-04:00,21.0
2011-04-21 16:30:00-04:00,21.0
2011-04-21 16:30:03-04:00,21.0
2011-04-21 16:30:06-04:00,21.0
2011-04-21 16:30:09-04:00,21.0
2011-04-21 16:30:12-04:00,21.0
2011-04-21 16:30:15-04:00,21.0
2011-04-21 16:30:18-04:00,21.0
2011-04-21 16:30:21-04:00,21.0
2011-04-21 16:30:24-04:00,21.0
2011-04-21 16:30:27-04:00,21.25
2011-04-21 16:30:30-04:00,21.625
2011-04-21 16:30:33-04:00,22.0
2011-04-21 16:30:36-04:00,21.25
2011-04-21 16:30:39-04:00,21.0
2011-04-21 16:30:42-04:00,21.0
2011-04-21 16:30:45-04:00,21.0
2011-04-21 16:30:48-04:00,21.0
2011-04-21 16:30:51-04:00,21.0
2011-04-21 16:30:54-04:00,21.0
2011-04-21 16:30:57-04:00,21.0
2011-04-21 16:31:00-04:00,21.0
2011-04-21 16:31:03-04:00,21.0
2011-04-21 16:31:06-04:00,21.0
2011-04-21 16:31:09-04:00,21.333333333333332
2011-04-21 16:31:12-04:00,21.75
2011-04-21 16:31:15-04:00,21.0
2011-04-21 16:31:18-04:00,21.0
2011-04-21 16:31:21-04:00,21.0
2011-04-21 16:31:24-04:00,21.0
2011-04-21 16:31:27-04:00,21.0
2011-04-21 16:31:30-04:00,21.0
2011-04-21 16:31:33-04:00,21.0
2011-04-21 16:31:36-04:00,21.0
2011-04-21 16:31:39-04:00,21.0
2011-04-21 16:31:42-04:00,21.0
2011-04-21 16:31:45-04:00,21.0
2011-04-21 16:31:48-04:00,21.0
2011-04-21 16:31:51-04:00,21.0
2011-04-21 16:31:54-04:00,21.0
2011-04-21 16:31:57-04:00,21.0
2011-04-21 16:32:00-04:00,21.0
2011-04-21 16:32:03-04:00,21.0
2011-04-21 16:32:06-04:00,21.0
2011-04-21 16:32:09-04:00,21.0
2011-04-21 16:32:12-04:00,21.0
2011-04-21 16:32:15-04:00,21.0
2011-04-21 16:32:18-04:00,21.0
2011-04-21 16:32:21-04:00,21.0
2011-04-21 16:32:24-04:00,21.0
2011-04-21 16:32:27-04:00,21.0
2011-04-21 16:32:30-04:00,21.0
2011-04-21 16:32:33-04:00,21.0
2011-04-21 16:32:36-04:00,21.0
2011-04-21 16:32:39-04:00,21.0
2011-04-21 16:32:42-04:00,21.0
2011-04-21 16:32:45-04:00,21.0
2011-04-21 16:32:48-04:00,21.0
2011-04-21 16:32:51-04:00,21.0
2011-04-21 16:32:54-04:00,21.0
2011-04-21 16:32:57-04:00,21.0
2011-04-21 16:33:00-04:00,21.0
2011-04-21 16:33:03-04:00,21.0
2011-04-21 16:33:06-04:00,21.0
2011-04-21 16:33:09-04:00,21.0
2011-04-21 16:33:12-04:00,21.0
2011-04-21 16:33:15-04:00,21.0
2011-04-21 16:33:18-04:00,21.0
2011-04-21 16:33:21-04:00,21.0
2011-04-21 16:33:24-04:00,21.0
2011-04-21 16:33:27-04:00,21.0
2011-04-21 16:33:30-04:00,21.0
2011-04-21 16:33:33-04:00,21.0
2011-04-21 16:33:36-04:00,21.0
2011-04-21 16:33:39-04:00,21.0
2011-04-21 16:33:42-04:00,21.0
2011-04-21 16:33:45-04:00,21.0
2011-04-21 16:33:48-04:00,21.0
2011-04-21 16:33:51-04:00,21.0
2011-04-21 16:33:54-04:00,21.0
2011-04-21 16:33:57-04:00,21.0
2011-04-21 16:34:00-04:00,21.0
2011-04-21 16:34:03-04:00,21.0
2011-04-21 16:34:06-04:00,21.0
2011-04-21 16:34:09-04:00,21.0
2011-04-21 16:34:12-04:00,21.0
2011-04-21 16:34:15-04:00,21.0
2011-04-21 16:34:18-04:00,21.0
2011-04-21 16:34:21-04:00,21.0
2011-04-21 16:34:24-04:00,21.0
2011-04-21 16:34:27-04:00,21.0
2011-04-21 16:34:30-04:00,21.0
2011-04-21 16:34:33-04:00,21.0
2011-04-21 16:34:36-04:00,21.0
2011-04-21 16:34:39-04:00,21.0
2011-04-21 16:34:42-04:00,21.0
2011-04-21 16:34:45-04:00,21.0
2011-04-21 16:34:48-04:00,21.0
2011-04-21 16:34:51-04:00,21.0
2011-04-21 16:34:54-04:00,21.0
2011-04-21 16:34:57-04:00,21.0
2011-04-21 16:35:00-04:00,21.0
2011-04-21 16:35:03-04:00,21.0
2011-04-21 16:35:06-04:00,21.0
2011-04-21 16:35:09-04:00,21.0
2011-04-21 16:35:12-04:00,21.0
2011-04-21 16:35:15-04:00,21.0
2011-04-21 16:35:18-04:00,21.5
2011-04-21 16:35:21-04:00,21.666666666666668
2011-04-21 16:35:24-04:00,21.0
2011-04-21 16:35:27-04:00,21.0
2011-04-21 16:35:30-04:00,21.0
2011-04-21 16:35:33-04:00,21.0
2011-04-21 16:35:36-04:00,21.0
2011-04-21 16:35:39-04:00,21.0
2011-04-21 16:35:42-04:00,21.0
2011-04-21 16:35:45-04:00,21.0
2011-04-21 16:35:48-04:00,21.0
2011-04-21 16:35:51-04:00,21.0
2011-04-21 16:35:54-04:00,21.0
2011-04-21 16:35:57-04:00,21.0
2011-04-21 16:36:00-04:00,21.0
2011-04-21 16:36:03-04:00,21.0
2011-04-21 16:36:06-04:00,21.0
2011-04-21 16:36:09-04:00,21.0
2011-04-21 16:36:12-04:00,21.0
2011-04-21 16:36:15-04:00,21.0
2011-04-21 16:36:18-04:00,21.0
2011-04-21 16:36:21-04:00,21.0
2011-04-21 16:36:24-04:00,21.0
2011-04-21 16:36:27-04:00,21.0
2011-04-21 16:36:30-04:00,21.0
2011-04-21 16:36:33-04:00,21.0
2011-04-21 16:36:36-04:00,21.0
2011-04-21 16:36:39-04:00,21.0
2011-04-21 16:36:42-04:00,21.0
2011-04-21 16:36:45-04:00,21.0
2011-04-21 16:36:48-04:00,21.0
2011-04-21 16:36:51-04:00,21.0
2011-04-21 16:36:54-04:00,21.0
2011-04-21 16:36:57-04:00,21.0
2011-04-21 16:37:00-04:00,21.0
2011-04-21 16:37:03-04:00,21.0
2011-04-21 16:37:06-04:00,21.0
2011-04-21 16:37:09-04:00,21.0
2011-04-21 16:37:12-04:00,21.0
2011-04-21 16:37:15-04:00,21.0
2011-04-21 16:37:18-04:00,21.0
2011-04-21 16:37:21-04:00,21.0
2011-04-21 16:37:24-04:00,21.0
2011-04-21 16:37:27-04:00,21.0
2011-04-21 16:37:30-04:00,21.0
2011-04-21 16:37:33-04:00,21.0
2011-04-21 16:37:36-04:00,21.0
2011-04-21 16:37:39-04:00,21.0
2011-04-21 16:37:42-04:00,21.0
2011-04-21 16:37:45-04:00,21.0
2011-04-21 16:37:48-04:00,21.0
2011-04-21 16:37:51-04:00,21.0
2011-04-21 16:37:54-04:00,21.0
2011-04-21 16:37:57-04:00,21.0
2011-04-21 16:38:00-04:00,21.0
2011-04-21 16:38:03-04:00,21.0
2011-04-21 16:38:06-04:00,21.0
2011-04-21 16:38:09-04:00,21.0
2011-04-21 16:38:12-04:00,21.0
2011-04-21 16:38:15-04:00,21.0
2011-04-21 16:38:18-04:00,21.0
2011-04-21 16:38:21-04:00,21.0
2011-04-21 16:38:24-04:00,21.0
2011-04-21 16:38:27-04:00,21.0
2011-04-21 16:38:30-04:00,21.0
2011-04-21 16:38:33-04:00,21.0
2011-04-21 16:38:36-04:00,21.0
2011-04-21 16:38:39-04:00,21.0
2011-04-21 16:38:42-04:00,21.0
2011-04-21 16:38:45-04:00,21.0
2011-04-21 16:38:48-04:00,21.0
2011-04-21 16:38:51-04:00,21.0
2011-04-21 16:38:54-04:00,21.0
2011-04-21 16:38:57-04:00,21.0
2011-04-21 16:39:00-04:00,21.0
2011-04-21 16:39:03-04:00,21.0
2011-04-21 16:39:06-04:00,21.0
2011-04-21 16:39:09-04:00,21.0
2011-04-21 16:39:12-04:00,21.0
2011-04-21 16:39:15-04:00,21.0
2011-04-21 16:39:18-04:00,21.0
2011-04-21 16:39:21-04:00,21.0
2011-04-21 16:39:24-04:00,21.0
2011-04-21 16:39:27-04:00,21.0
2011-04-21 16:39:30-04:00,21.0
2011-04-21 16:39:33-04:00,21.0
2011-04-21 16:39:36-04:00,21.0
2011-04-21 16:39:39-04:00,21.0
2011-04-21 16:39:42-04:00,21.0
2011-04-21 16:39:45-04:00,21.0
2011-04-21 16:39:48-04:00,21.0
2011-04-21 16:39:51-04:00,21.0
2011-04-21 16:39:54-04:00,21.0
2011-04-21 16:39:57-04:00,21.0
2011-04-21 16:40:00-04:00,21.0
2011-04-21 16:40:03-04:00,21.0
2011-04-21 16:40:06-04:00,21.0
2011-04-21 16:40:09-04:00,21.0
2011-04-21 16:40:12-04:00,21.0
2011-04-21 16:40:15-04:00,21.0
2011-04-21 16:40:18-04:00,21.0
2011-04-21 16:40:21-04:00,21.0
2011-04-21 16:40:24-04:00,21.0
2011-04-21 16:40:27-04:00,21.0
2011-04-21 16:40:30-04:00,21.0
2011-04-21 16:40:33-04:00,21.0
2011-04-21 16:40:36-04:00,21.0
2011-04-21 16:40:39-04:00,21.0
2011-04-21 16:40:42-04:00,21.0
2011-04-21 16:40:45-04:00,21.0
2011-04-21 16:40:48-04:00,21.0
2011-04-21 16:40:51-04:00,21.0
2011-04-21 16:40:54-04:00,21.0
2011-04-21 16:40:57-04:00,21.0
2011-04-21 16:41:00-04:00,21.0
2011-04-21 16:41:03-04:00,21.0
2011-04-21 16:41:06-04:00,21.0
2011-04-21 16:41:09-04:00,21.0
2011-04-21 16:41:12-04:00,21.0
2011-04-21 16:41:15-04:00,21.0
2011-04-21 16:41:18-04:00,21.0
2011-04-21 16:41:21-04:00,21.0
2011-04-21 16:41:24-04:00,21.0
2011-04-21 16:41:27-04:00,21.0
2011-04-21 16:41:30-04:00,21.0
2011-04-21 16:41:33-04:00,21.0
2011-04-21 16:41:36-04:00,21.0
2011-04-21 16:41:39-04:00,21.0
2011-04-21 16:41:42-04:00,21.0
2011-04-21 16:41:45-04:00,21.0
2011-04-21 16:41:48-04:00,21.0
2011-04-21 16:41:51-04:00,21.0
2011-04-21 16:41:54-04:00,21.0
2011-04-21 16:41:57-04:00,21.0
2011-04-21 16:42:00-04:00,21.0
2011-04-21 16:42:03-04:00,21.0
2011-04-21 16:42:06-04:00,21.0
2011-04-21 16:42:09-04:00,21.0
2011-04-21 16:42:12-04:00,21.0
2011-04-21 16:42:15-04:00,21.0
2011-04-21 16:42:18-04:00,21.0
2011-04-21 16:42:21-04:00,21.0
2011-04-21 16:42:24-04:00,21.0
2011-04-21 16:42:27-04:00,21.0
2011-04-21 16:42:30-04:00,21.333333333333332
2011-04-21 16:42:33-04:00,21.666666666666668
2011-04-21 16:42:36-04:00,22.0
2011-04-21 16:42:39-04:00,21.25
2011-04-21 16:42:42-04:00,21.5
2011-04-21 16:42:45-04:00,21.666666666666668
2011-04-21 16:42:48-04:00,21.0
2011-04-21 16:42:51-04:00,21.0
2011-04-21 16:42:54-04:00,21.0
2011-04-21 16:42:57-04:00,21.0
2011-04-21 16:43:00-04:00,21.0
2011-04-21 16:43:03-04:00,21.0
2011-04-21 16:43:06-04:00,21.0
2011-04-21 16:43:09-04:00,21.0
2011-04-21 16:43:12-04:00,21.0
2011-04-21 16:43:15-04:00,21.0
2011-04-21 16:43:18-04:00,21.0
2011-04-21 16:43:21-04:00,21.0
2011-04-21 16:43:24-04:00,21.0
2011-04-21 16:43:27-04:00,21.0
2011-04-21 16:43:30-04:00,21.0
2011-04-21 16:43:33-04:00,21.0
2011-04-21 16:43:36-04:00,21.0
2011-04-21 16:43:39-04:00,21.0
2011-04-21 16:43:42-04:00,21.0
2011-04-21 16:43:45-04:00,21.0
2011-04-21 16:43:48-04:00,21.0
2011-04-21 16:43:51-04:00,21.0
2011-04-21 16:43:54-04:00,21.0
2011-04-21 16:43:57-04:00,21.0
2011-04-21 16:44:00-04:00,21.0
2011-04-21 16:44:03-04:00,21.0
2011-04-21 16:44:06-04:00,21.0
2011-04-21 16:44:09-04:00,21.0
2011-04-21 16:44:12-04:00,21.0
2011-04-21 16:44:15-04:00,21.0
2011-04-21 16:44:18-04:00,21.0
2011-04-21 16:44:21-04:00,21.0
2011-04-21 16:44:24-04:00,21.0
2011-04-21 16:44:27-04:00,21.0
2011-04-21 16:44:30-04:00,21.0
2011-04-21 16:44:33-04:00,21.0
2011-04-21 16:44:36-04:00,21.0
2011-04-21 16:44:39-04:00,21.0
2011-04-21 16:44:42-04:00,21.0
2011-04-21 16:44:45-04:00,21.0
2011-04-21 16:44:48-04:00,21.0
2011-04-21 16:44:51-04:00,21.0
2011-04-21 16:44:54-04:00,21.0
2011-04-21 16:44:57-04:00,21.0
2011-04-21 16:45:00-04:00,21.0
2011-04-21 16:45:03-04:00,21.0
2011-04-21 16:45:06-04:00,21.0
2011-04-21 16:45:09-04:00,21.0
2011-04-21 16:45:12-04:00,21.0
2011-04-21 16:45:15-04:00,21.0
2011-04-21 16:45:18-04:00,21.0
2011-04-21 16:45:21-04:00,21.0
2011-04-21 16:45:24-04:00,21.0
2011-04-21 16:45:27-04:00,21.0
2011-04-21 16:45:30-04:00,21.0
2011-04-21 16:45:33-04:00,21.0
2011-04-21 16:45:36-04:00,21.0
2011-04-21 16:45:39-04:00,21.0
2011-04-21 16:45:42-04:00,21.0
2011-04-21 16:45:45-04:00,21.0
2011-04-21 16:45:48-04:00,21.0
2011-04-21 16:45:51-04:00,21.0
2011-04-21 16:45:54-04:00,21.0
2011-04-21 16:45:57-04:00,21.0
2011-04-21 16:46:00-04:00,21.0
2011-04-21 16:46:03-04:00,21.0
2011-04-21 16:46:06-04:00,21.0
2011-04-21 16:46:09-04:00,21.0
2011-04-21 16:46:12-04:00,21.0
2011-04-21 16:46:15-04:00,21.0
2011-04-21 16:46:18-04:00,21.0
2011-04-21 16:46:21-04:00,21.0
2011-04-21 16:46:24-04:00,21.25
2011-04-21 16:46:27-04:00,22.0
2011-04-21 16:46:30-04:00,21.666666666666668
2011-04-21 16:46:33-04:00,21.333333333333332
2011-04-21 16:46:36-04:00,21.0
2011-04-21 16:46:39-04:00,21.0
2011-04-21 16:46:42-04:00,21.0
2011-04-21 16:46:45-04:00,21.0
2011-04-21 16:46:48-04:00,21.0
2011-04-21 16:46:51-04:00,21.0
2011-04-21 16:46:54-04:00,21.0
2011-04-21 16:46:57-04:00,21.0
2011-04-21 16:47:00-04:00,21.0
2011-04-21 16:47:03-04:00,21.0
2011-04-21 16:47:06-04:00,21.0
2011-04-21 16:47:09-04:00,21.0
2011-04-21 16:47:12-04:00,21.666666666666668
2011-04-21 16:47:15-04:00,21.5
2011-04-21 16:47:18-04:00,21.0
2011-04-21 16:47:21-04:00,21.0
2011-04-21 16:47:24-04:00,21.0
2011-04-21 16:47:27-04:00,21.0
2011-04-21 16:47:30-04:00,21.0
2011-04-21 16:47:33-04:00,21.0
2011-04-21 16:47:36-04:00,21.0
2011-04-21 16:47:39-04:00,21.0
2011-04-21 16:47:42-04:00,21.0
2011-04-21 16:47:45-04:00,21.0
2011-04-21 16:47:48-04:00,21.0
2011-04-21 16:47:51-04:00,21.0
2011-04-21 16:47:54-04:00,21.0
2011-04-21 16:47:57-04:00,21.0
2011-04-21 16:48:00-04:00,21.0
2011-04-21 16:48:03-04:00,21.0
2011-04-21 16:48:06-04:00,21.0
2011-04-21 16:48:09-04:00,21.0
2011-04-21 16:48:12-04:00,21.0
2011-04-21 16:48:15-04:00,21.0
2011-04-21 16:48:18-04:00,21.0
2011-04-21 16:48:21-04:00,21.0
2011-04-21 16:48:24-04:00,21.0
2011-04-21 16:48:27-04:00,21.0
2011-04-21 16:48:30-04:00,21.0
2011-04-21 16:48:33-04:00,21.0
2011-04-21 16:48:36-04:00,21.0
2011-04-21 16:48:39-04:00,21.0
2011-04-21 16:48:42-04:00,21.0
2011-04-21 16:48:45-04:00,21.0
2011-04-21 16:48:48-04:00,21.0
2011-04-21 16:48:51-04:00,21.0
2011-04-21 16:48:54-04:00,21.333333333333332
2011-04-21 16:48:57-04:00,21.75
2011-04-21 16:49:00-04:00,21.0
2011-04-21 16:49:03-04:00,21.0
2011-04-21 16:49:06-04:00,21.0
2011-04-21 16:49:09-04:00,21.0
2011-04-21 16:49:12-04:00,21.0
2011-04-21 16:49:15-04:00,21.0
2011-04-21 16:49:18-04:00,21.0
2011-04-21 16:49:21-04:00,21.0
2011-04-21 16:49:24-04:00,21.0
2011-04-21 16:49:27-04:00,21.0
2011-04-21 16:49:30-04:00,21.0
2011-04-21 16:49:33-04:00,21.0
2011-04-21 16:49:36-04:00,21.0
2011-04-21 16:49:39-04:00,21.0
2011-04-21 16:49:42-04:00,21.0
2011-04-21 16:49:45-04:00,21.0
2011-04-21 16:49:48-04:00,21.0
2011-04-21 16:49:51-04:00,21.0
2011-04-21 16:49:54-04:00,21.0
2011-04-21 16:49:57-04:00,21.0
2011-04-21 16:50:00-04:00,21.0
2011-04-21 16:50:03-04:00,21.0
2011-04-21 16:50:06-04:00,21.0
2011-04-21 16:50:09-04:00,21.0
2011-04-21 16:50:12-04:00,21.0
2011-04-21 16:50:15-04:00,21.0
2011-04-21 16:50:18-04:00,21.0
2011-04-21 16:50:21-04:00,21.0
2011-04-21 16:50:24-04:00,21.0
2011-04-21 16:50:27-04:00,21.0
2011-04-21 16:50:30-04:00,21.0
2011-04-21 16:50:33-04:00,21.0
2011-04-21 16:50:36-04:00,21.0
2011-04-21 16:50:39-04:00,21.0
2011-04-21 16:50:42-04:00,21.0
2011-04-21 16:50:45-04:00,21.0
2011-04-21 16:50:48-04:00,21.0
2011-04-21 16:50:51-04:00,21.0
2011-04-21 16:50:54-04:00,21.0
2011-04-21 16:50:57-04:00,21.0
2011-04-21 16:51:00-04:00,21.0
2011-04-21 16:51:03-04:00,21.0
2011-04-21 16:51:06-04:00,21.0
2011-04-21 16:51:09-04:00,21.0
2011-04-21 16:51:12-04:00,21.0
2011-04-21 16:51:15-04:00,21.0
2011-04-21 16:51:18-04:00,21.0
2011-04-21 16:51:21-04:00,21.0
2011-04-21 16:51:24-04:00,21.0
2011-04-21 16:51:27-04:00,21.0
2011-04-21 16:51:30-04:00,21.0
2011-04-21 16:51:33-04:00,21.0
2011-04-21 16:51:36-04:00,21.0
2011-04-21 16:51:39-04:00,21.0
2011-04-21 16:51:42-04:00,21.0
2011-04-21 16:51:45-04:00,21.0
2011-04-21 16:51:48-04:00,21.0
2011-04-21 16:51:51-04:00,21.0
2011-04-21 16:51:54-04:00,21.0
2011-04-21 16:51:57-04:00,21.0
2011-04-21 16:52:00-04:00,21.0
2011-04-21 16:52:03-04:00,21.0
2011-04-21 16:52:06-04:00,21.0
2011-04-21 16:52:09-04:00,21.0
2011-04-21 16:52:12-04:00,21.0
2011-04-21 16:52:15-04:00,21.0
2011-04-21 16:52:18-04:00,21.0
2011-04-21 16:52:21-04:00,21.0
2011-04-21 16:52:24-04:00,21.0
2011-04-21 16:52:27-04:00,21.0
2011-04-21 16:52:30-04:00,21.0
2011-04-21 16:52:33-04:00,21.0
2011-04-21 16:52:36-04:00,21.0
2011-04-21 16:52:39-04:00,21.0
2011-04-21 16:52:42-04:00,21.0
2011-04-21 16:52:45-04:00,21.0
2011-04-21 16:52:48-04:00,21.0
2011-04-21 16:52:51-04:00,21.0
2011-04-21 16:52:54-04:00,21.0
2011-04-21 16:52:57-04:00,21.0
2011-04-21 16:53:00-04:00,21.0
2011-04-21 16:53:03-04:00,21.0
2011-04-21 16:53:06-04:00,21.0
2011-04-21 16:53:09-04:00,21.0
2011-04-21 16:53:12-04:00,21.0
2011-04-21 16:53:15-04:00,21.0
2011-04-21 16:53:18-04:00,21.0
2011-04-21 16:53:21-04:00,21.0
2011-04-21 16:53:24-04:00,21.0
2011-04-21 16:53:27-04:00,21.0
2011-04-21 16:53:30-04:00,21.0
2011-04-21 16:53:33-04:00,21.0
2011-04-21 16:53:36-04:00,21.0
2011-04-21 16:53:39-04:00,21.0
2011-04-21 16:53:42-04:00,21.0
2011-04-21 16:53:45-04:00,21.0
2011-04-21 16:53:48-04:00,21.0
2011-04-21 16:53:51-04:00,21.0
2011-04-21 16:53:54-04:00,21.0
2011-04-21 16:53:57-04:00,21.0
2011-04-21 16:54:00-04:00,21.0
2011-04-21 16:54:03-04:00,21.0
2011-04-21 16:54:06-04:00,21.0
2011-04-21 16:54:09-04:00,21.0
2011-04-21 16:54:12-04:00,21.0
2011-04-21 16:54:15-04:00,21.0
2011-04-21 16:54:18-04:00,21.0
2011-04-21 16:54:21-04:00,21.0
2011-04-21 16:54:24-04:00,21.0
2011-04-21 16:54:27-04:00,21.0
2011-04-21 16:54:30-04:00,21.0
2011-04-21 16:54:33-04:00,21.0
2011-04-21 16:54:36-04:00,21.0
2011-04-21 16:54:39-04:00,21.0
2011-04-21 16:54:42-04:00,21.0
2011-04-21 16:54:45-04:00,21.0
2011-04-21 16:54:48-04:00,21.0
2011-04-21 16:54:51-04:00,21.0
2011-04-21 16:54:54-04:00,21.0
2011-04-21 16:54:57-04:00,21.0
2011-04-21 16:55:00-04:00,21.0
2011-04-21 16:55:03-04:00,21.0
2011-04-21 16:55:06-04:00,21.0
2011-04-21 16:55:09-04:00,21.0
2011-04-21 16:55:12-04:00,21.0
2011-04-21 16:55:15-04:00,21.0
2011-04-21 16:55:18-04:00,21.0
2011-04-21 16:55:21-04:00,21.0
2011-04-21 16:55:24-04:00,21.0
2011-04-21 16:55:27-04:00,21.0
2011-04-21 16:55:30-04:00,21.0
2011-04-21 16:55:33-04:00,21.0
2011-04-21 16:55:36-04:00,21.0
2011-04-21 16:55:39-04:00,21.0
2011-04-21 16:55:42-04:00,21.0
2011-04-21 16:55:45-04:00,21.0
2011-04-21 16:55:48-04:00,21.0
2011-04-21 16:55:51-04:00,21.0
2011-04-21 16:55:54-04:00,21.0
2011-04-21 16:55:57-04:00,21.0
2011-04-21 16:56:00-04:00,21.0
2011-04-21 16:56:03-04:00,21.0
2011-04-21 16:56:06-04:00,21.0
2011-04-21 16:56:09-04:00,22.0
2011-04-21 16:56:12-04:00,21.25
2011-04-21 16:56:15-04:00,21.0
2011-04-21 16:56:18-04:00,21.0
2011-04-21 16:56:21-04:00,21.0
2011-04-21 16:56:24-04:00,21.0
2011-04-21 16:56:27-04:00,21.0
2011-04-21 16:56:30-04:00,21.0
2011-04-21 16:56:33-04:00,21.0
2011-04-21 16:56:36-04:00,21.0
2011-04-21 16:56:39-04:00,21.0
2011-04-21 16:56:42-04:00,21.0
2011-04-21 16:56:45-04:00,21.0
2011-04-21 16:56:48-04:00,21.0
2011-04-21 16:56:51-04:00,21.0
2011-04-21 16:56:54-04:00,21.0
2011-04-21 16:56:57-04:00,21.0
2011-04-21 16:57:00-04:00,21.0
2011-04-21 16:57:03-04:00,21.0
2011-04-21 16:57:06-04:00,21.0
2011-04-21 16:57:09-04:00,21.0
2011-04-21 16:57:12-04:00,21.0
2011-04-21 16:57:15-04:00,21.0
2011-04-21 16:57:18-04:00,21.0
2011-04-21 16:57:21-04:00,21.0
2011-04-21 16:57:24-04:00,21.0
2011-04-21 16:57:27-04:00,21.0
2011-04-21 16:57:30-04:00,21.0
2011-04-21 16:57:33-04:00,21.0
2011-04-21 16:57:36-04:00,21.0
2011-04-21 16:57:39-04:00,21.0
2011-04-21 16:57:42-04:00,21.0
2011-04-21 16:57:45-04:00,21.0
2011-04-21 16:57:48-04:00,21.0
2011-04-21 16:57:51-04:00,21.0
2011-04-21 16:57:54-04:00,21.0
2011-04-21 16:57:57-04:00,21.0
2011-04-21 16:58:00-04:00,21.0
2011-04-21 16:58:03-04:00,21.0
2011-04-21 16:58:06-04:00,21.0
2011-04-21 16:58:09-04:00,21.0
2011-04-21 16:58:12-04:00,21.0
2011-04-21 16:58:15-04:00,21.0
2011-04-21 16:58:18-04:00,21.0
2011-04-21 16:58:21-04:00,21.0
2011-04-21 16:58:24-04:00,21.0
2011-04-21 16:58:27-04:00,21.0
2011-04-21 16:58:30-04:00,21.0
2011-04-21 16:58:33-04:00,21.0
2011-04-21 16:58:36-04:00,21.0
2011-04-21 16:58:39-04:00,21.0
2011-04-21 16:58:42-04:00,21.0
2011-04-21 16:58:45-04:00,21.0
2011-04-21 16:58:48-04:00,21.0
2011-04-21 16:58:51-04:00,21.0
2011-04-21 16:58:54-04:00,21.0
2011-04-21 16:58:57-04:00,21.0
2011-04-21 16:59:00-04:00,21.0
2011-04-21 16:59:03-04:00,21.0
2011-04-21 16:59:06-04:00,21.0
2011-04-21 16:59:09-04:00,21.0
2011-04-21 16:59:12-04:00,21.0
2011-04-21 16:59:15-04:00,21.0
2011-04-21 16:59:18-04:00,21.0
2011-04-21 16:59:21-04:00,21.0
2011-04-21 16:59:24-04:00,21.0
2011-04-21 16:59:27-04:00,21.0
2011-04-21 16:59:30-04:00,21.0
2011-04-21 16:59:33-04:00,21.0
2011-04-21 16:59:36-04:00,21.0
2011-04-21 16:59:39-04:00,21.0
2011-04-21 16:59:42-04:00,21.0
2011-04-21 16:59:45-04:00,21.0
2011-04-21 16:59:48-04:00,21.0
2011-04-21 16:59:51-04:00,21.0
2011-04-21 16:59:54-04:00,21.0
2011-04-21 16:59:57-04:00,21.0
2011-04-21 17:00:00-04:00,21.0
2011-04-21 17:00:03-04:00,21.0
2011-04-21 17:00:06-04:00,21.0
2011-04-21 17:00:09-04:00,21.0
2011-04-21 17:00:12-04:00,21.0
2011-04-21 17:00:15-04:00,21.0
2011-04-21 17:00:18-04:00,21.0
2011-04-21 17:00:21-04:00,21.0
2011-04-21 17:00:24-04:00,21.0
2011-04-21 17:00:27-04:00,21.0
2011-04-21 17:00:30-04:00,21.0
2011-04-21 17:00:33-04:00,21.0
2011-04-21 17:00:36-04:00,21.0
2011-04-21 17:00:39-04:00,21.0
2011-04-21 17:00:42-04:00,21.0
2011-04-21 17:00:45-04:00,21.0
2011-04-21 17:00:48-04:00,21.0
2011-04-21 17:00:51-04:00,21.0
2011-04-21 17:00:54-04:00,21.0
2011-04-21 17:00:57-04:00,21.0
2011-04-21 17:01:00-04:00,21.0
2011-04-21 17:01:03-04:00,21.0
2011-04-21 17:01:06-04:00,21.0
2011-04-21 17:01:09-04:00,21.0
2011-04-21 17:01:12-04:00,21.0
2011-04-21 17:01:15-04:00,21.0
2011-04-21 17:01:18-04:00,21.0
2011-04-21 17:01:21-04:00,21.0
2011-04-21 17:01:24-04:00,21.0
2011-04-21 17:01:27-04:00,21.0
2011-04-21 17:01:30-04:00,21.0
2011-04-21 17:01:33-04:00,21.0
2011-04-21 17:01:36-04:00,21.0
2011-04-21 17:01:39-04:00,21.0
2011-04-21 17:01:42-04:00,21.0
2011-04-21 17:01:45-04:00,21.0
2011-04-21 17:01:48-04:00,21.0
2011-04-21 17:01:51-04:00,21.0
2011-04-21 17:01:54-04:00,21.0
2011-04-21 17:01:57-04:00,21.0
2011-04-21 17:02:00-04:00,21.0
2011-04-21 17:02:03-04:00,21.0
2011-04-21 17:02:06-04:00,21.0
2011-04-21 17:02:09-04:00,21.0
2011-04-21 17:02:12-04:00,21.0
2011-04-21 17:02:15-04:00,21.0
2011-04-21 17:02:18-04:00,21.0
2011-04-21 17:02:21-04:00,21.0
2011-04-21 17:02:24-04:00,21.0
2011-04-21 17:02:27-04:00,21.0
2011-04-21 17:02:30-04:00,21.0
2011-04-21 17:02:33-04:00,21.0
2011-04-21 17:02:36-04:00,21.0
2011-04-21 17:02:39-04:00,21.0
2011-04-21 17:02:42-04:00,21.0
2011-04-21 17:02:45-04:00,21.0
2011-04-21 17:02:48-04:00,21.0
2011-04-21 17:02:51-04:00,21.0
2011-04-21 17:02:54-04:00,21.0
2011-04-21 17:02:57-04:00,21.0
2011-04-21 17:03:00-04:00,21.0
2011-04-21 17:03:03-04:00,21.0
2011-04-21 17:03:06-04:00,21.0
2011-04-21 17:03:09-04:00,21.0
2011-04-21 17:03:12-04:00,21.0
2011-04-21 17:03:15-04:00,21.0
2011-04-21 17:03:18-04:00,21.0
2011-04-21 17:03:21-04:00,21.0
2011-04-21 17:03:24-04:00,21.0
2011-04-21 17:03:27-04:00,21.0
2011-04-21 17:03:30-04:00,21.0
2011-04-21 17:03:33-04:00,21.0
2011-04-21 17:03:36-04:00,21.0
2011-04-21 17:03:39-04:00,21.0
2011-04-21 17:03:42-04:00,21.0
2011-04-21 17:03:45-04:00,21.0
2011-04-21 17:03:48-04:00,21.0
2011-04-21 17:03:51-04:00,21.0
2011-04-21 17:03:54-04:00,21.0
2011-04-21 17:03:57-04:00,21.0
2011-04-21 17:04:00-04:00,21.0
2011-04-21 17:04:03-04:00,21.0
2011-04-21 17:04:06-04:00,21.0
2011-04-21 17:04:09-04:00,21.0
2011-04-21 17:04:12-04:00,21.0
2011-04-21 17:04:15-04:00,21.0
2011-04-21 17:04:18-04:00,21.0
2011-04-21 17:04:21-04:00,21.0
2011-04-21 17:04:24-04:00,21.0
2011-04-21 17:04:27-04:00,21.0
2011-04-21 17:04:30-04:00,21.0
2011-04-21 17:04:33-04:00,21.0
2011-04-21 17:04:36-04:00,21.0
2011-04-21 17:04:39-04:00,21.0
2011-04-21 17:04:42-04:00,21.0
2011-04-21 17:04:45-04:00,21.0
2011-04-21 17:04:48-04:00,21.0
2011-04-21 17:04:51-04:00,21.0
2011-04-21 17:04:54-04:00,21.0
2011-04-21 17:04:57-04:00,21.0
2011-04-21 17:05:00-04:00,21.0
2011-04-21 17:05:03-04:00,21.0
2011-04-21 17:05:06-04:00,21.0
2011-04-21 17:05:09-04:00,21.0
2011-04-21 17:05:12-04:00,21.0
2011-04-21 17:05:15-04:00,21.0
2011-04-21 17:05:18-04:00,21.0
2011-04-21 17:05:21-04:00,21.0
2011-04-21 17:05:24-04:00,21.0
2011-04-21 17:05:27-04:00,21.0
2011-04-21 17:05:30-04:00,21.0
2011-04-21 17:05:33-04:00,21.0
2011-04-21 17:05:36-04:00,21.0
2011-04-21 17:05:39-04:00,21.0
2011-04-21 17:05:42-04:00,21.0
2011-04-21 17:05:45-04:00,21.0
2011-04-21 17:05:48-04:00,21.0
2011-04-21 17:05:51-04:00,21.0
2011-04-21 17:05:54-04:00,21.0
2011-04-21 17:05:57-04:00,21.0
2011-04-21 17:06:00-04:00,21.0
2011-04-21 17:06:03-04:00,21.0
2011-04-21 17:06:06-04:00,21.0
2011-04-21 17:06:09-04:00,21.0
2011-04-21 17:06:12-04:00,21.0
2011-04-21 17:06:15-04:00,21.0
2011-04-21 17:06:18-04:00,21.0
2011-04-21 17:06:21-04:00,21.0
2011-04-21 17:06:24-04:00,21.0
2011-04-21 17:06:27-04:00,21.0
2011-04-21 17:06:30-04:00,21.0
2011-04-21 17:06:33-04:00,21.0
2011-04-21 17:06:36-04:00,21.0
2011-04-21 17:06:39-04:00,21.0
2011-04-21 17:06:42-04:00,21.0
2011-04-21 17:06:45-04:00,21.0
2011-04-21 17:06:48-04:00,21.0
2011-04-21 17:06:51-04:00,21.0
2011-04-21 17:06:54-04:00,21.0
2011-04-21 17:06:57-04:00,21.0
2011-04-21 17:07:00-04:00,21.0
2011-04-21 17:07:03-04:00,21.0
2011-04-21 17:07:06-04:00,21.0
2011-04-21 17:07:09-04:00,21.0
2011-04-21 17:07:12-04:00,21.0
2011-04-21 17:07:15-04:00,21.0
2011-04-21 17:07:18-04:00,21.0
2011-04-21 17:07:21-04:00,21.0
2011-04-21 17:07:24-04:00,21.0
2011-04-21 17:07:27-04:00,21.0
2011-04-21 17:07:30-04:00,21.0
2011-04-21 17:07:33-04:00,21.0
2011-04-21 17:07:36-04:00,21.0
2011-04-21 17:07:39-04:00,21.0
2011-04-21 17:07:42-04:00,21.0
2011-04-21 17:07:45-04:00,21.0
2011-04-21 17:07:48-04:00,21.0
2011-04-21 17:07:51-04:00,21.0
2011-04-21 17:07:54-04:00,21.0
2011-04-21 17:07:57-04:00,21.0
2011-04-21 17:08:00-04:00,21.0
2011-04-21 17:08:03-04:00,21.0
2011-04-21 17:08:06-04:00,21.0
2011-04-21 17:08:09-04:00,21.0
2011-04-21 17:08:12-04:00,21.0
2011-04-21 17:08:15-04:00,21.0
2011-04-21 17:08:18-04:00,21.0
2011-04-21 17:08:21-04:00,21.0
2011-04-21 17:08:24-04:00,21.0
2011-04-21 17:08:27-04:00,21.0
2011-04-21 17:08:30-04:00,21.0
2011-04-21 17:08:33-04:00,21.0
2011-04-21 17:08:36-04:00,21.0
2011-04-21 17:08:39-04:00,21.0
2011-04-21 17:08:42-04:00,21.0
2011-04-21 17:08:45-04:00,21.0
2011-04-21 17:08:48-04:00,21.0
2011-04-21 17:08:51-04:00,21.0
2011-04-21 17:08:54-04:00,21.0
2011-04-21 17:08:57-04:00,21.0
2011-04-21 17:09:00-04:00,21.0
2011-04-21 17:09:03-04:00,21.0
2011-04-21 17:09:06-04:00,21.0
2011-04-21 17:09:09-04:00,21.0
2011-04-21 17:09:12-04:00,21.0
2011-04-21 17:09:15-04:00,21.0
2011-04-21 17:09:18-04:00,21.0
2011-04-21 17:09:21-04:00,21.0
2011-04-21 17:09:24-04:00,21.0
2011-04-21 17:09:27-04:00,21.0
2011-04-21 17:09:30-04:00,21.0
2011-04-21 17:09:33-04:00,21.0
2011-04-21 17:09:36-04:00,21.0
2011-04-21 17:09:39-04:00,21.0
2011-04-21 17:09:42-04:00,21.0
2011-04-21 17:09:45-04:00,21.0
2011-04-21 17:09:48-04:00,21.0
2011-04-21 17:09:51-04:00,21.0
2011-04-21 17:09:54-04:00,21.0
2011-04-21 17:09:57-04:00,21.0
2011-04-21 17:10:00-04:00,21.0
2011-04-21 17:10:03-04:00,21.0
2011-04-21 17:10:06-04:00,21.0
2011-04-21 17:10:09-04:00,21.0
2011-04-21 17:10:12-04:00,21.0
2011-04-21 17:10:15-04:00,21.0
2011-04-21 17:10:18-04:00,21.0
2011-04-21 17:10:21-04:00,21.0
2011-04-21 17:10:24-04:00,21.0
2011-04-21 17:10:27-04:00,21.0
2011-04-21 17:10:30-04:00,21.0
2011-04-21 17:10:33-04:00,21.0
2011-04-21 17:10:36-04:00,21.0
2011-04-21 17:10:39-04:00,21.0
2011-04-21 17:10:42-04:00,21.0
2011-04-21 17:10:45-04:00,21.0
2011-04-21 17:10:48-04:00,21.0
2011-04-21 17:10:51-04:00,21.0
2011-04-21 17:10:54-04:00,21.0
2011-04-21 17:10:57-04:00,21.0
2011-04-21 17:11:00-04:00,21.0
2011-04-21 17:11:03-04:00,21.0
2011-04-21 17:11:06-04:00,21.0
2011-04-21 17:11:09-04:00,21.0
2011-04-21 17:11:12-04:00,21.0
2011-04-21 17:11:15-04:00,21.0
2011-04-21 17:11:18-04:00,21.0
2011-04-21 17:11:21-04:00,21.0
2011-04-21 17:11:24-04:00,21.0
2011-04-21 17:11:27-04:00,21.0
2011-04-21 17:11:30-04:00,21.0
2011-04-21 17:11:33-04:00,21.0
2011-04-21 17:11:36-04:00,21.0
2011-04-21 17:11:39-04:00,21.0
2011-04-21 17:11:42-04:00,21.0
2011-04-21 17:11:45-04:00,21.0
2011-04-21 17:11:48-04:00,21.0
2011-04-21 17:11:51-04:00,21.0
2011-04-21 17:11:54-04:00,21.0
2011-04-21 17:11:57-04:00,21.0
2011-04-21 17:12:00-04:00,21.0
2011-04-21 17:12:03-04:00,21.0
2011-04-21 17:12:06-04:00,21.0
2011-04-21 17:12:09-04:00,21.0
2011-04-21 17:12:12-04:00,21.0
2011-04-21 17:12:15-04:00,21.0
2011-04-21 17:12:18-04:00,21.0
2011-04-21 17:12:21-04:00,21.0
2011-04-21 17:12:24-04:00,21.0
2011-04-21 17:12:27-04:00,21.0
2011-04-21 17:12:30-04:00,21.0
2011-04-21 17:12:33-04:00,21.0
2011-04-21 17:12:36-04:00,21.0
2011-04-21 17:12:39-04:00,21.0
2011-04-21 17:12:42-04:00,21.0
2011-04-21 17:12:45-04:00,21.0
2011-04-21 17:12:48-04:00,21.0
2011-04-21 17:12:51-04:00,21.0
2011-04-21 17:12:54-04:00,21.0
2011-04-21 17:12:57-04:00,21.0
2011-04-21 17:13:00-04:00,21.0
2011-04-21 17:13:03-04:00,21.0
2011-04-21 17:13:06-04:00,21.0
2011-04-21 17:13:09-04:00,21.0
2011-04-21 17:13:12-04:00,21.0
2011-04-21 17:13:15-04:00,21.0
2011-04-21 17:13:18-04:00,21.0
2011-04-21 17:13:21-04:00,21.0
2011-04-21 17:13:24-04:00,21.0
2011-04-21 17:13:27-04:00,21.0
2011-04-21 17:13:30-04:00,21.0
2011-04-21 17:13:33-04:00,21.0
2011-04-21 17:13:36-04:00,21.0
2011-04-21 17:13:39-04:00,0.0
2011-04-21 17:13:42-04:00,0.0
2011-04-21 17:13:45-04:00,0.0
2011-04-21 17:13:48-04:00,0.0
2011-04-21 17:13:51-04:00,0.0
2011-04-21 17:13:54-04:00,0.0
2011-04-21 17:13:57-04:00,0.0
2011-04-21 17:14:00-04:00,0.0
2011-04-21 17:14:03-04:00,0.0
2011-04-21 17:14:06-04:00,0.0
2011-04-21 17:14:09-04:00,0.0
2011-04-21 17:14:12-04:00,0.0
2011-04-21 17:14:15-04:00,0.0
2011-04-21 17:14:18-04:00,0.0
2011-04-21 17:14:21-04:00,0.0
2011-04-21 17:14:24-04:00,0.0
2011-04-21 17:14:27-04:00,0.0
2011-04-21 17:14:30-04:00,0.0
2011-04-21 17:14:33-04:00,0.0
2011-04-21 17:14:36-04:00,0.0
2011-04-21 17:14:39-04:00,0.0
2011-04-21 17:14:42-04:00,0.0
2011-04-21 17:14:45-04:00,0.0
2011-04-21 17:14:48-04:00,0.0
2011-04-21 17:14:51-04:00,0.0
2011-04-21 17:14:54-04:00,0.0
2011-04-21 17:14:57-04:00,0.0
2011-04-21 17:15:00-04:00,0.0
2011-04-21 17:15:03-04:00,0.0
2011-04-21 17:15:06-04:00,0.0
2011-04-21 17:15:09-04:00,0.0
2011-04-21 17:15:12-04:00,0.0
2011-04-21 17:15:15-04:00,0.0
2011-04-21 17:15:18-04:00,0.0
2011-04-21 17:15:21-04:00,0.0
2011-04-21 17:15:24-04:00,0.0
2011-04-21 17:15:27-04:00,0.0
2011-04-21 17:15:30-04:00,0.0
2011-04-21 17:15:33-04:00,0.0
2011-04-21 17:15:36-04:00,0.0
2011-04-21 17:15:39-04:00,0.0
2011-04-21 17:15:42-04:00,0.0
2011-04-21 17:15:45-04:00,0.0
2011-04-21 17:15:48-04:00,0.0
2011-04-21 17:15:51-04:00,0.0
2011-04-21 17:15:54-04:00,0.0
2011-04-21 17:15:57-04:00,0.0
2011-04-21 17:16:00-04:00,0.0
2011-04-21 17:16:03-04:00,0.0
2011-04-21 17:16:06-04:00,0.0
2011-04-21 17:16:09-04:00,0.0
2011-04-21 17:16:12-04:00,0.0
2011-04-21 17:16:15-04:00,0.0
2011-04-21 17:16:18-04:00,0.0
2011-04-21 17:16:21-04:00,0.0
2011-04-21 17:16:24-04:00,0.0
2011-04-21 17:16:27-04:00,0.0
2011-04-21 17:16:30-04:00,0.0
2011-04-21 17:16:33-04:00,0.0
2011-04-21 17:16:36-04:00,0.0
2011-04-21 17:16:39-04:00,0.0
2011-04-21 17:16:42-04:00,0.0
2011-04-21 17:16:45-04:00,0.0
2011-04-21 17:16:48-04:00,0.0
2011-04-21 17:16:51-04:00,0.0
2011-04-21 17:16:54-04:00,0.0
2011-04-21 17:16:57-04:00,0.0
2011-04-21 17:17:00-04:00,0.0
2011-04-21 17:17:03-04:00,0.0
2011-04-21 17:17:06-04:00,0.0
2011-04-21 17:17:09-04:00,0.0
2011-04-21 17:17:12-04:00,0.0
2011-04-21 17:17:15-04:00,0.0
2011-04-21 17:17:18-04:00,0.0
2011-04-21 17:17:21-04:00,0.0
2011-04-21 17:17:24-04:00,0.0
2011-04-21 17:17:27-04:00,22.625
2011-04-21 17:17:30-04:00,90.5
2011-04-21 17:17:33-04:00,158.375
2011-04-21 17:17:36-04:00,181.0
2011-04-21 17:17:39-04:00,181.0
2011-04-21 17:17:42-04:00,181.0
2011-04-21 17:17:45-04:00,181.25
2011-04-21 17:17:48-04:00,182.0
2011-04-21 17:17:51-04:00,181.0
2011-04-21 17:17:54-04:00,181.0
2011-04-21 17:17:57-04:00,181.0
2011-04-21 17:18:00-04:00,181.0
2011-04-21 17:18:03-04:00,181.0
2011-04-21 17:18:06-04:00,181.0
2011-04-21 17:18:09-04:00,181.0
2011-04-21 17:18:12-04:00,181.0
2011-04-21 17:18:15-04:00,181.0
2011-04-21 17:18:18-04:00,181.0
2011-04-21 17:18:21-04:00,181.0
2011-04-21 17:18:24-04:00,181.0
2011-04-21 17:18:27-04:00,181.0
2011-04-21 17:18:30-04:00,181.0
2011-04-21 17:18:33-04:00,181.0
2011-04-21 17:18:36-04:00,180.66666666666666
2011-04-21 17:18:39-04:00,180.25
2011-04-21 17:18:42-04:00,181.0
2011-04-21 17:18:45-04:00,181.0
2011-04-21 17:18:48-04:00,181.0
2011-04-21 17:18:51-04:00,181.0
2011-04-21 17:18:54-04:00,181.0
2011-04-21 17:18:57-04:00,181.0
2011-04-21 17:19:00-04:00,180.66666666666666
2011-04-21 17:19:03-04:00,180.25
2011-04-21 17:19:06-04:00,181.0
2011-04-21 17:19:09-04:00,181.0
2011-04-21 17:19:12-04:00,181.0
2011-04-21 17:19:15-04:00,181.0
2011-04-21 17:19:18-04:00,181.0
2011-04-21 17:19:21-04:00,181.0
2011-04-21 17:19:24-04:00,181.0
2011-04-21 17:19:27-04:00,181.0
2011-04-21 17:19:30-04:00,181.0
2011-04-21 17:19:33-04:00,181.0
2011-04-21 17:19:36-04:00,181.0
2011-04-21 17:19:39-04:00,181.0
2011-04-21 17:19:42-04:00,181.0
2011-04-21 17:19:45-04:00,181.0
2011-04-21 17:19:48-04:00,181.0
2011-04-21 17:19:51-04:00,181.0
2011-04-21 17:19:54-04:00,181.0
2011-04-21 17:19:57-04:00,181.0
2011-04-21 17:20:00-04:00,181.0
2011-04-21 17:20:03-04:00,181.0
2011-04-21 17:20:06-04:00,181.0
2011-04-21 17:20:09-04:00,181.0
2011-04-21 17:20:12-04:00,181.0
2011-04-21 17:20:15-04:00,181.0
2011-04-21 17:20:18-04:00,181.0
2011-04-21 17:20:21-04:00,181.0
2011-04-21 17:20:24-04:00,181.0
2011-04-21 17:20:27-04:00,181.0
2011-04-21 17:20:30-04:00,181.0
2011-04-21 17:20:33-04:00,181.0
2011-04-21 17:20:36-04:00,181.25
2011-04-21 17:20:39-04:00,182.0
2011-04-21 17:20:42-04:00,181.0
2011-04-21 17:20:45-04:00,181.0
2011-04-21 17:20:48-04:00,181.0
2011-04-21 17:20:51-04:00,181.0
2011-04-21 17:20:54-04:00,181.0
2011-04-21 17:20:57-04:00,181.0
2011-04-21 17:21:00-04:00,181.0
2011-04-21 17:21:03-04:00,181.0
2011-04-21 17:21:06-04:00,181.0
2011-04-21 17:21:09-04:00,181.0
2011-04-21 17:21:12-04:00,181.0
2011-04-21 17:21:15-04:00,181.66666666666666
2011-04-21 17:21:18-04:00,181.5
2011-04-21 17:21:21-04:00,181.0
2011-04-21 17:21:24-04:00,181.0
2011-04-21 17:21:27-04:00,181.0
2011-04-21 17:21:30-04:00,181.0
2011-04-21 17:21:33-04:00,181.0
2011-04-21 17:21:36-04:00,181.0
2011-04-21 17:21:39-04:00,181.0
2011-04-21 17:21:42-04:00,181.0
2011-04-21 17:21:45-04:00,181.0
2011-04-21 17:21:48-04:00,181.0
2011-04-21 17:21:51-04:00,181.0
2011-04-21 17:21:54-04:00,181.0
2011-04-21 17:21:57-04:00,181.0
2011-04-21 17:22:00-04:00,181.0
2011-04-21 17:22:03-04:00,181.0
2011-04-21 17:22:06-04:00,181.0
2011-04-21 17:22:09-04:00,181.0
2011-04-21 17:22:12-04:00,181.0
2011-04-21 17:22:15-04:00,181.0
2011-04-21 17:22:18-04:00,181.0
2011-04-21 17:22:21-04:00,181.0
2011-04-21 17:22:24-04:00,181.0
2011-04-21 17:22:27-04:00,181.0
2011-04-21 17:22:30-04:00,181.0
2011-04-21 17:22:33-04:00,181.0
2011-04-21 17:22:36-04:00,181.0
2011-04-21 17:22:39-04:00,181.0
2011-04-21 17:22:42-04:00,181.0
2011-04-21 17:22:45-04:00,181.0
2011-04-21 17:22:48-04:00,181.0
2011-04-21 17:22:51-04:00,180.5
2011-04-21 17:22:54-04:00,180.33333333333334
2011-04-21 17:22:57-04:00,181.0
2011-04-21 17:23:00-04:00,181.0
2011-04-21 17:23:03-04:00,181.0
2011-04-21 17:23:06-04:00,181.0
2011-04-21 17:23:09-04:00,181.0
2011-04-21 17:23:12-04:00,181.0
2011-04-21 17:23:15-04:00,181.0
2011-04-21 17:23:18-04:00,181.0
2011-04-21 17:23:21-04:00,181.0
2011-04-21 17:23:24-04:00,181.0
2011-04-21 17:23:27-04:00,181.0
2011-04-21 17:23:30-04:00,181.0
2011-04-21 17:23:33-04:00,181.0
2011-04-21 17:23:36-04:00,181.0
2011-04-21 17:23:39-04:00,181.0
2011-04-21 17:23:42-04:00,181.0
2011-04-21 17:23:45-04:00,181.0
2011-04-21 17:23:48-04:00,181.0
2011-04-21 17:23:51-04:00,181.0
2011-04-21 17:23:54-04:00,181.0
2011-04-21 17:23:57-04:00,181.0
2011-04-21 17:24:00-04:00,181.0
2011-04-21 17:24:03-04:00,181.0
2011-04-21 17:24:06-04:00,181.75
2011-04-21 17:24:09-04:00,181.33333333333334
2011-04-21 17:24:12-04:00,181.0
2011-04-21 17:24:15-04:00,181.0
2011-04-21 17:24:18-04:00,181.0
2011-04-21 17:24:21-04:00,181.0
2011-04-21 17:24:24-04:00,181.0
2011-04-21 17:24:27-04:00,181.0
2011-04-21 17:24:30-04:00,181.0
2011-04-21 17:24:33-04:00,181.0
2011-04-21 17:24:36-04:00,181.0
2011-04-21 17:24:39-04:00,181.0
2011-04-21 17:24:42-04:00,181.0
2011-04-21 17:24:45-04:00,181.0
2011-04-21 17:24:48-04:00,181.0
2011-04-21 17:24:51-04:00,181.0
2011-04-21 17:24:54-04:00,181.0
2011-04-21 17:24:57-04:00,181.0
2011-04-21 17:25:00-04:00,181.0
2011-04-21 17:25:03-04:00,181.0
2011-04-21 17:25:06-04:00,181.0
2011-04-21 17:25:09-04:00,181.0
2011-04-21 17:25:12-04:00,181.0
2011-04-21 17:25:15-04:00,181.0
2011-04-21 17:25:18-04:00,181.0
2011-04-21 17:25:21-04:00,181.0
2011-04-21 17:25:24-04:00,181.0
2011-04-21 17:25:27-04:00,181.0
2011-04-21 17:25:30-04:00,181.0
2011-04-21 17:25:33-04:00,181.0
2011-04-21 17:25:36-04:00,181.0
2011-04-21 17:25:39-04:00,181.0
2011-04-21 17:25:42-04:00,181.0
2011-04-21 17:25:45-04:00,181.0
2011-04-21 17:25:48-04:00,181.0
2011-04-21 17:25:51-04:00,181.0
2011-04-21 17:25:54-04:00,181.0
2011-04-21 17:25:57-04:00,181.0
2011-04-21 17:26:00-04:00,181.0
2011-04-21 17:26:03-04:00,181.0
2011-04-21 17:26:06-04:00,181.0
2011-04-21 17:26:09-04:00,181.0
2011-04-21 17:26:12-04:00,181.0
2011-04-21 17:26:15-04:00,181.0
2011-04-21 17:26:18-04:00,181.0
2011-04-21 17:26:21-04:00,181.0
2011-04-21 17:26:24-04:00,181.0
2011-04-21 17:26:27-04:00,181.0
2011-04-21 17:26:30-04:00,181.0
2011-04-21 17:26:33-04:00,181.0
2011-04-21 17:26:36-04:00,181.0
2011-04-21 17:26:39-04:00,181.0
2011-04-21 17:26:42-04:00,181.0
2011-04-21 17:26:45-04:00,181.0
2011-04-21 17:26:48-04:00,181.0
2011-04-21 17:26:51-04:00,181.0
2011-04-21 17:26:54-04:00,181.0
2011-04-21 17:26:57-04:00,181.0
2011-04-21 17:27:00-04:00,181.0
2011-04-21 17:27:03-04:00,181.0
2011-04-21 17:27:06-04:00,181.0
2011-04-21 17:27:09-04:00,181.0
2011-04-21 17:27:12-04:00,180.0
2011-04-21 17:27:15-04:00,179.0
2011-04-21 17:27:18-04:00,179.0
2011-04-21 17:27:21-04:00,179.0
2011-04-21 17:27:24-04:00,179.0
2011-04-21 17:27:27-04:00,179.0
2011-04-21 17:27:30-04:00,179.0
2011-04-21 17:27:33-04:00,179.0
2011-04-21 17:27:36-04:00,179.0
2011-04-21 17:27:39-04:00,179.0
2011-04-21 17:27:42-04:00,179.0
2011-04-21 17:27:45-04:00,179.0
2011-04-21 17:27:48-04:00,179.33333333333334
2011-04-21 17:27:51-04:00,180.0
2011-04-21 17:27:54-04:00,180.0
2011-04-21 17:27:57-04:00,180.0
2011-04-21 17:28:00-04:00,180.0
2011-04-21 17:28:03-04:00,180.0
2011-04-21 17:28:06-04:00,179.5
2011-04-21 17:28:09-04:00,179.33333333333334
2011-04-21 17:28:12-04:00,180.0
2011-04-21 17:28:15-04:00,180.0
2011-04-21 17:28:18-04:00,180.0
2011-04-21 17:28:21-04:00,180.0
2011-04-21 17:28:24-04:00,180.0
2011-04-21 17:28:27-04:00,180.0
2011-04-21 17:28:30-04:00,180.0
2011-04-21 17:28:33-04:00,180.0
2011-04-21 17:28:36-04:00,180.0
2011-04-21 17:28:39-04:00,180.0
2011-04-21 17:28:42-04:00,180.0
2011-04-21 17:28:45-04:00,180.0
2011-04-21 17:28:48-04:00,180.0
2011-04-21 17:28:51-04:00,180.0
2011-04-21 17:28:54-04:00,180.0
2011-04-21 17:28:57-04:00,180.0
2011-04-21 17:29:00-04:00,180.0
2011-04-21 17:29:03-04:00,180.0
2011-04-21 17:29:06-04:00,180.0
2011-04-21 17:29:09-04:00,180.0
2011-04-21 17:29:12-04:00,180.0
2011-04-21 17:29:15-04:00,180.0
2011-04-21 17:29:18-04:00,180.0
2011-04-21 17:29:21-04:00,180.0
2011-04-21 17:29:24-04:00,180.0
2011-04-21 17:29:27-04:00,180.0
2011-04-21 17:29:30-04:00,180.0
2011-04-21 17:29:33-04:00,180.0
2011-04-21 17:29:36-04:00,180.0
2011-04-21 17:29:39-04:00,180.0
2011-04-21 17:29:42-04:00,180.0
2011-04-21 17:29:45-04:00,180.0
2011-04-21 17:29:48-04:00,180.0
2011-04-21 17:29:51-04:00,180.0
2011-04-21 17:29:54-04:00,180.0
2011-04-21 17:29:57-04:00,180.0
2011-04-21 17:30:00-04:00,180.0
2011-04-21 17:30:03-04:00,180.0
2011-04-21 17:30:06-04:00,180.0
2011-04-21 17:30:09-04:00,180.0
2011-04-21 17:30:12-04:00,180.0
2011-04-21 17:30:15-04:00,180.0
2011-04-21 17:30:18-04:00,180.0
2011-04-21 17:30:21-04:00,180.0
2011-04-21 17:30:24-04:00,180.0
2011-04-21 17:30:27-04:00,180.0
2011-04-21 17:30:30-04:00,180.0
2011-04-21 17:30:33-04:00,180.0
2011-04-21 17:30:36-04:00,180.0
2011-04-21 17:30:39-04:00,180.0
2011-04-21 17:30:42-04:00,180.0
2011-04-21 17:30:45-04:00,180.0
2011-04-21 17:30:48-04:00,180.0
2011-04-21 17:30:51-04:00,179.0
2011-04-21 17:30:54-04:00,179.0
2011-04-21 17:30:57-04:00,179.0
2011-04-21 17:31:00-04:00,179.0
2011-04-21 17:31:03-04:00,179.5
2011-04-21 17:31:06-04:00,179.66666666666666
2011-04-21 17:31:09-04:00,179.0
2011-04-21 17:31:12-04:00,179.0
2011-04-21 17:31:15-04:00,180.0
2011-04-21 17:31:18-04:00,180.0
2011-04-21 17:31:21-04:00,179.33333333333334
2011-04-21 17:31:24-04:00,179.0
2011-04-21 17:31:27-04:00,179.0
2011-04-21 17:31:30-04:00,179.0
2011-04-21 17:31:33-04:00,179.0
2011-04-21 17:31:36-04:00,179.33333333333334
2011-04-21 17:31:39-04:00,179.75
2011-04-21 17:31:42-04:00,179.0
2011-04-21 17:31:45-04:00,180.0
2011-04-21 17:31:48-04:00,179.25
2011-04-21 17:31:51-04:00,179.0
2011-04-21 17:31:54-04:00,179.5
2011-04-21 17:31:57-04:00,179.66666666666666
2011-04-21 17:32:00-04:00,179.0
2011-04-21 17:32:03-04:00,179.0
2011-04-21 17:32:06-04:00,179.0
2011-04-21 17:32:09-04:00,179.0
2011-04-21 17:32:12-04:00,179.0
2011-04-21 17:32:15-04:00,179.0
2011-04-21 17:32:18-04:00,179.0
2011-04-21 17:32:21-04:00,179.0
2011-04-21 17:32:24-04:00,179.0
2011-04-21 17:32:27-04:00,179.0
2011-04-21 17:32:30-04:00,179.0
2011-04-21 17:32:33-04:00,179.0
2011-04-21 17:32:36-04:00,179.0
2011-04-21 17:32:39-04:00,179.0
2011-04-21 17:32:42-04:00,179.0
2011-04-21 17:32:45-04:00,178.0
2011-04-21 17:32:48-04:00,178.0
2011-04-21 17:32:51-04:00,178.0
2011-04-21 17:32:54-04:00,178.66666666666666
2011-04-21 17:32:57-04:00,179.0
2011-04-21 17:33:00-04:00,178.66666666666666
2011-04-21 17:33:03-04:00,178.25
2011-04-21 17:33:06-04:00,179.0
2011-04-21 17:33:09-04:00,179.0
2011-04-21 17:33:12-04:00,179.0
2011-04-21 17:33:15-04:00,179.0
2011-04-21 17:33:18-04:00,179.0
2011-04-21 17:33:21-04:00,179.0
2011-04-21 17:33:24-04:00,179.0
2011-04-21 17:33:27-04:00,179.0
2011-04-21 17:33:30-04:00,179.0
2011-04-21 17:33:33-04:00,179.0
2011-04-21 17:33:36-04:00,179.0
2011-04-21 17:33:39-04:00,179.0
2011-04-21 17:33:42-04:00,179.0
2011-04-21 17:33:45-04:00,179.0
2011-04-21 17:33:48-04:00,179.0
2011-04-21 17:33:51-04:00,179.0
2011-04-21 17:33:54-04:00,179.0
2011-04-21 17:33:57-04:00,179.0
2011-04-21 17:34:00-04:00,179.0
2011-04-21 17:34:03-04:00,179.0
2011-04-21 17:34:06-04:00,179.0
2011-04-21 17:34:09-04:00,179.0
2011-04-21 17:34:12-04:00,179.0
2011-04-21 17:34:15-04:00,179.0
2011-04-21 17:34:18-04:00,179.0
2011-04-21 17:34:21-04:00,179.0
2011-04-21 17:34:24-04:00,179.0
2011-04-21 17:34:27-04:00,179.0
2011-04-21 17:34:30-04:00,179.0
2011-04-21 17:34:33-04:00,179.0
2011-04-21 17:34:36-04:00,178.66666666666666
2011-04-21 17:34:39-04:00,178.0
2011-04-21 17:34:42-04:00,178.0
2011-04-21 17:34:45-04:00,179.0
2011-04-21 17:34:48-04:00,179.0
2011-04-21 17:34:51-04:00,179.0
2011-04-21 17:34:54-04:00,179.0
2011-04-21 17:34:57-04:00,179.0
2011-04-21 17:35:00-04:00,179.0
2011-04-21 17:35:03-04:00,179.0
2011-04-21 17:35:06-04:00,179.0
2011-04-21 17:35:09-04:00,179.0
2011-04-21 17:35:12-04:00,179.0
2011-04-21 17:35:15-04:00,179.0
2011-04-21 17:35:18-04:00,179.0
2011-04-21 17:35:21-04:00,179.0
2011-04-21 17:35:24-04:00,179.0
2011-04-21 17:35:27-04:00,179.0
2011-04-21 17:35:30-04:00,179.0
2011-04-21 17:35:33-04:00,179.0
2011-04-21 17:35:36-04:00,179.0
2011-04-21 17:35:39-04:00,179.0
2011-04-21 17:35:42-04:00,179.0
2011-04-21 17:35:45-04:00,179.0
2011-04-21 17:35:48-04:00,179.0
2011-04-21 17:35:51-04:00,179.0
2011-04-21 17:35:54-04:00,179.0
2011-04-21 17:35:57-04:00,179.0
2011-04-21 17:36:00-04:00,179.0
2011-04-21 17:36:03-04:00,179.0
2011-04-21 17:36:06-04:00,179.0
2011-04-21 17:36:09-04:00,179.0
2011-04-21 17:36:12-04:00,179.0
2011-04-21 17:36:15-04:00,179.0
2011-04-21 17:36:18-04:00,179.0
2011-04-21 17:36:21-04:00,179.0
2011-04-21 17:36:24-04:00,179.0
2011-04-21 17:36:27-04:00,179.0
2011-04-21 17:36:30-04:00,179.0
2011-04-21 17:36:33-04:00,179.0
2011-04-21 17:36:36-04:00,179.0
2011-04-21 17:36:39-04:00,179.0
2011-04-21 17:36:42-04:00,179.0
2011-04-21 17:36:45-04:00,179.0
2011-04-21 17:36:48-04:00,179.0
2011-04-21 17:36:51-04:00,179.0
2011-04-21 17:36:54-04:00,178.66666666666666
2011-04-21 17:36:57-04:00,178.0
2011-04-21 17:37:00-04:00,178.0
2011-04-21 17:37:03-04:00,179.0
2011-04-21 17:37:06-04:00,178.25
2011-04-21 17:37:09-04:00,178.0
2011-04-21 17:37:12-04:00,178.5
2011-04-21 17:37:15-04:00,179.0
2011-04-21 17:37:18-04:00,179.33333333333334
2011-04-21 17:37:21-04:00,180.0
2011-04-21 17:37:24-04:00,180.0
2011-04-21 17:37:27-04:00,180.0
2011-04-21 17:37:30-04:00,179.66666666666666
2011-04-21 17:37:33-04:00,179.33333333333334
2011-04-21 17:37:36-04:00,179.0
2011-04-21 17:37:39-04:00,180.0
2011-04-21 17:37:42-04:00,180.0
2011-04-21 17:37:45-04:00,180.0
2011-04-21 17:37:48-04:00,180.0
2011-04-21 17:37:51-04:00,180.0
2011-04-21 17:37:54-04:00,180.0
2011-04-21 17:37:57-04:00,180.0
2011-04-21 17:38:00-04:00,180.0
2011-04-21 17:38:03-04:00,180.0
2011-04-21 17:38:06-04:00,180.0
2011-04-21 17:38:09-04:00,180.0
2011-04-21 17:38:12-04:00,180.0
2011-04-21 17:38:15-04:00,179.33333333333334
2011-04-21 17:38:18-04:00,178.25
2011-04-21 17:38:21-04:00,179.0
2011-04-21 17:38:24-04:00,179.0
2011-04-21 17:38:27-04:00,179.0
2011-04-21 17:38:30-04:00,179.0
2011-04-21 17:38:33-04:00,179.0
2011-04-21 17:38:36-04:00,179.0
2011-04-21 17:38:39-04:00,179.0
2011-04-21 17:38:42-04:00,179.0
2011-04-21 17:38:45-04:00,179.0
2011-04-21 17:38:48-04:00,179.0
2011-04-21 17:38:51-04:00,179.0
2011-04-21 17:38:54-04:00,179.0
2011-04-21 17:38:57-04:00,179.0
2011-04-21 17:39:00-04:00,179.0
2011-04-21 17:39:03-04:00,179.0
2011-04-21 17:39:06-04:00,179.0
2011-04-21 17:39:09-04:00,179.0
2011-04-21 17:39:12-04:00,179.0
2011-04-21 17:39:15-04:00,179.0
2011-04-21 17:39:18-04:00,179.0
2011-04-21 17:39:21-04:00,179.0
2011-04-21 17:39:24-04:00,179.0
2011-04-21 17:39:27-04:00,179.0
2011-04-21 17:39:30-04:00,179.0
2011-04-21 17:39:33-04:00,179.0
2011-04-21 17:39:36-04:00,179.0
2011-04-21 17:39:39-04:00,179.0
2011-04-21 17:39:42-04:00,179.0
2011-04-21 17:39:45-04:00,179.0
2011-04-21 17:39:48-04:00,179.0
2011-04-21 17:39:51-04:00,179.0
2011-04-21 17:39:54-04:00,179.0
2011-04-21 17:39:57-04:00,179.0
2011-04-21 17:40:00-04:00,179.0
2011-04-21 17:40:03-04:00,179.0
2011-04-21 17:40:06-04:00,179.0
2011-04-21 17:40:09-04:00,179.0
2011-04-21 17:40:12-04:00,179.0
2011-04-21 17:40:15-04:00,179.0
2011-04-21 17:40:18-04:00,179.0
2011-04-21 17:40:21-04:00,179.0
2011-04-21 17:40:24-04:00,179.0
2011-04-21 17:40:27-04:00,180.0
2011-04-21 17:40:30-04:00,180.0
2011-04-21 17:40:33-04:00,180.0
2011-04-21 17:40:36-04:00,180.0
2011-04-21 17:40:39-04:00,180.0
2011-04-21 17:40:42-04:00,180.0
2011-04-21 17:40:45-04:00,180.0
2011-04-21 17:40:48-04:00,180.0
2011-04-21 17:40:51-04:00,180.0
2011-04-21 17:40:54-04:00,180.0
2011-04-21 17:40:57-04:00,180.0
2011-04-21 17:41:00-04:00,180.0
2011-04-21 17:41:03-04:00,180.0
2011-04-21 17:41:06-04:00,179.0
2011-04-21 17:41:09-04:00,179.75
2011-04-21 17:41:12-04:00,180.0
2011-04-21 17:41:15-04:00,180.0
2011-04-21 17:41:18-04:00,180.0
2011-04-21 17:41:21-04:00,180.0
2011-04-21 17:41:24-04:00,180.0
2011-04-21 17:41:27-04:00,180.0
2011-04-21 17:41:30-04:00,180.0
2011-04-21 17:41:33-04:00,180.0
2011-04-21 17:41:36-04:00,180.0
2011-04-21 17:41:39-04:00,180.0
2011-04-21 17:41:42-04:00,179.33333333333334
2011-04-21 17:41:45-04:00,179.5
2011-04-21 17:41:48-04:00,180.0
2011-04-21 17:41:51-04:00,180.0
2011-04-21 17:41:54-04:00,180.0
2011-04-21 17:41:57-04:00,181.0
2011-04-21 17:42:00-04:00,181.0
2011-04-21 17:42:03-04:00,181.0
2011-04-21 17:42:06-04:00,181.0
2011-04-21 17:42:09-04:00,181.0
2011-04-21 17:42:12-04:00,181.0
2011-04-21 17:42:15-04:00,181.0
2011-04-21 17:42:18-04:00,181.0
2011-04-21 17:42:21-04:00,181.0
2011-04-21 17:42:24-04:00,181.0
2011-04-21 17:42:27-04:00,181.0
2011-04-21 17:42:30-04:00,181.0
2011-04-21 17:42:33-04:00,181.0
2011-04-21 17:42:36-04:00,181.0
2011-04-21 17:42:39-04:00,181.0
2011-04-21 17:42:42-04:00,181.0
2011-04-21 17:42:45-04:00,181.0
2011-04-21 17:42:48-04:00,180.5
2011-04-21 17:42:51-04:00,179.0
2011-04-21 17:42:54-04:00,180.0
2011-04-21 17:42:57-04:00,180.0
2011-04-21 17:43:00-04:00,180.0
2011-04-21 17:43:03-04:00,179.5
2011-04-21 17:43:06-04:00,179.0
2011-04-21 17:43:09-04:00,179.33333333333334
2011-04-21 17:43:12-04:00,180.0
2011-04-21 17:43:15-04:00,180.0
2011-04-21 17:43:18-04:00,180.0
2011-04-21 17:43:21-04:00,180.0
2011-04-21 17:43:24-04:00,180.0
2011-04-21 17:43:27-04:00,180.0
2011-04-21 17:43:30-04:00,180.0
2011-04-21 17:43:33-04:00,180.0
2011-04-21 17:43:36-04:00,180.0
2011-04-21 17:43:39-04:00,179.5
2011-04-21 17:43:42-04:00,179.33333333333334
2011-04-21 17:43:45-04:00,180.0
2011-04-21 17:43:48-04:00,180.0
2011-04-21 17:43:51-04:00,180.0
2011-04-21 17:43:54-04:00,180.0
2011-04-21 17:43:57-04:00,180.0
2011-04-21 17:44:00-04:00,180.0
2011-04-21 17:44:03-04:00,180.0
2011-04-21 17:44:06-04:00,180.0
2011-04-21 17:44:09-04:00,180.0
2011-04-21 17:44:12-04:00,180.0
2011-04-21 17:44:15-04:00,180.0
2011-04-21 17:44:18-04:00,180.0
2011-04-21 17:44:21-04:00,180.0
2011-04-21 17:44:24-04:00,180.0
2011-04-21 17:44:27-04:00,180.0
2011-04-21 17:44:30-04:00,180.0
2011-04-21 17:44:33-04:00,180.0
2011-04-21 17:44:36-04:00,180.0
2011-04-21 17:44:39-04:00,180.0
2011-04-21 17:44:42-04:00,180.0
2011-04-21 17:44:45-04:00,180.0
2011-04-21 17:44:48-04:00,180.0
2011-04-21 17:44:51-04:00,180.0
2011-04-21 17:44:54-04:00,180.0
2011-04-21 17:44:57-04:00,180.0
2011-04-21 17:45:00-04:00,180.0
2011-04-21 17:45:03-04:00,180.00329371330375
2011-04-21 17:45:06-04:00,180.01317485321496
2011-04-21 17:45:09-04:00,180.02305599312615
2011-04-21 17:45:12-04:00,180.03293713303736
2011-04-21 17:45:15-04:00,180.04281827294858
2011-04-21 17:45:18-04:00,180.0526994128598
2011-04-21 17:45:21-04:00,180.062580552771
2011-04-21 17:45:24-04:00,180.07246169268223
2011-04-21 17:45:27-04:00,180.08234283259344
2011-04-21 17:45:30-04:00,180.09222397250466
2011-04-21 17:45:33-04:00,180.10210511241587
2011-04-21 17:45:36-04:00,180.11198625232709
2011-04-21 17:45:39-04:00,180.1218673922383
2011-04-21 17:45:42-04:00,180.13174853214952
2011-04-21 17:45:45-04:00,180.14162967206073
2011-04-21 17:45:48-04:00,180.15151081197195
2011-04-21 17:45:51-04:00,180.16139195188313
2011-04-21 17:45:54-04:00,180.17127309179435
2011-04-21 17:45:57-04:00,180.18115423170556
2011-04-21 17:46:00-04:00,180.19103537161678
2011-04-21 17:46:03-04:00,180.200916511528
2011-04-21 17:46:06-04:00,180.2107976514392
2011-04-21 17:46:09-04:00,180.22067879135042
2011-04-21 17:46:12-04:00,180.23055993126164
2011-04-21 17:46:15-04:00,180.24044107117285
2011-04-21 17:46:18-04:00,180.25032221108407
2011-04-21 17:46:21-04:00,180.26020335099528
2011-04-21 17:46:24-04:00,180.2700844909065
2011-04-21 17:46:27-04:00,180.2799656308177
2011-04-21 17:46:30-04:00,180.2898467707289
2011-04-21 17:46:33-04:00,180.29972791064012
2011-04-21 17:46:36-04:00,180.30960905055133
2011-04-21 17:46:39-04:00,180.31949019046255
2011-04-21 17:46:42-04:00,180.32937133037376
2011-04-21 17:46:45-04:00,180.33925247028498
2011-04-21 17:46:48-04:00,180.3491336101962
2011-04-21 17:46:51-04:00,180.3590147501074
2011-04-21 17:46:54-04:00,180.36889589001862
2011-04-21 17:46:57-04:00,180.37877702992984
2011-04-21 17:47:00-04:00,180.38865816984105
2011-04-21 17:47:03-04:00,180.39853930975227
2011-04-21 17:47:06-04:00,180.40842044966348
2011-04-21 17:47:09-04:00,180.41830158957467
2011-04-21 17:47:12-04:00,180.42818272948588
2011-04-21 17:47:15-04:00,180.4380638693971
2011-04-21 17:47:18-04:00,180.4479450093083
2011-04-21 17:47:21-04:00,180.45782614921953
2011-04-21 17:47:24-04:00,180.46770728913074
2011-04-21 17:47:27-04:00,180.47758842904196
2011-04-21 17:47:30-04:00,180.48746956895317
2011-04-21 17:47:33-04:00,180.4973507088644
2011-04-21 17:47:36-04:00,180.5072318487756
2011-04-21 17:47:39-04:00,180.51711298868682
2011-04-21 17:47:42-04:00,180.52699412859803
2011-04-21 17:47:45-04:00,180.53687526850925
2011-04-21 17:47:48-04:00,180.54675640842044
2011-04-21 17:47:51-04:00,180.55663754833165
2011-04-21 17:47:54-04:00,180.56651868824287
2011-04-21 17:47:57-04:00,180.57639982815408
2011-04-21 17:48:00-04:00,180.5862809680653
2011-04-21 17:48:03-04:00,180.5961621079765
2011-04-21 17:48:06-04:00,180.60604324788773
2011-04-21 17:48:09-04:00,180.61592438779894
2011-04-21 17:48:12-04:00,180.62580552771016
2011-04-21 17:48:15-04:00,180.63568666762137
2011-04-21 17:48:18-04:00,180.6455678075326
2011-04-21 17:48:21-04:00,180.6554489474438
2011-04-21 17:48:24-04:00,180.66533008735502
2011-04-21 17:48:27-04:00,180.67521122726623
2011-04-21 17:48:30-04:00,180.68509236717742
2011-04-21 17:48:33-04:00,180.69497350708863
2011-04-21 17:48:36-04:00,180.70485464699985
2011-04-21 17:48:39-04:00,180.71473578691106
2011-04-21 17:48:42-04:00,180.72461692682228
2011-04-21 17:48:45-04:00,180.7344980667335
2011-04-21 17:48:48-04:00,180.7443792066447
2011-04-21 17:48:51-04:00,180.75426034655592
2011-04-21 17:48:54-04:00,180.76414148646714
2011-04-21 17:48:57-04:00,180.77402262637835
2011-04-21 17:49:00-04:00,180.78390376628957
2011-04-21 17:49:03-04:00,180.79378490620078
2011-04-21 17:49:06-04:00,180.803666046112
2011-04-21 17:49:09-04:00,180.8135471860232
2011-04-21 17:49:12-04:00,180.8234283259344
2011-04-21 17:49:15-04:00,180.83330946584562
2011-04-21 17:49:18-04:00,180.84319060575683
2011-04-21 17:49:21-04:00,180.85307174566805
2011-04-21 17:49:24-04:00,180.86295288557926
2011-04-21 17:49:27-04:00,180.87283402549048
2011-04-21 17:49:30-04:00,180.8827151654017
2011-04-21 17:49:33-04:00,180.8925963053129
2011-04-21 17:49:36-04:00,180.90247744522412
2011-04-21 17:49:39-04:00,180.91235858513534
2011-04-21 17:49:42-04:00,180.92223972504655
2011-04-21 17:49:45-04:00,180.93212086495777
2011-04-21 17:49:48-04:00,180.94200200486895
2011-04-21 17:49:51-04:00,180.95188314478017
2011-04-21 17:49:54-04:00,180.96176428469138
2011-04-21 17:49:57-04:00,180.9716454246026
2011-04-21 17:50:00-04:00,180.9815265645138
2011-04-21 17:50:03-04:00,180.99140770442503
2011-04-21 17:50:06-04:00,181.00128884433624
2011-04-21 17:50:09-04:00,181.01116998424746
2011-04-21 17:50:12-04:00,181.02105112415867
2011-04-21 17:50:15-04:00,181.0309322640699
2011-04-21 17:50:18-04:00,181.0408134039811
2011-04-21 17:50:21-04:00,181.05069454389232
2011-04-21 17:50:24-04:00,181.06057568380353
2011-04-21 17:50:27-04:00,181.07045682371475
2011-04-21 17:50:30-04:00,181.08033796362594
2011-04-21 17:50:33-04:00,181.09021910353715
2011-04-21 17:50:36-04:00,181.10010024344837
2011-04-21 17:50:39-04:00,181.10998138335958
2011-04-21 17:50:42-04:00,181.1198625232708
2011-04-21 17:50:45-04:00,181.129743663182
2011-04-21 17:50:48-04:00,181.13962480309323
2011-04-21 17:50:51-04:00,181.14950594300444
2011-04-21 17:50:54-04:00,181.15938708291566
2011-04-21 17:50:57-04:00,181.16926822282687
2011-04-21 17:51:00-04:00,181.1791493627381
2011-04-21 17:51:03-04:00,181.1890305026493
2011-04-21 17:51:06-04:00,181.19891164256052
2011-04-21 17:51:09-04:00,181.2087927824717
2011-04-21 17:51:12-04:00,181.21867392238292
2011-04-21 17:51:15-04:00,181.22855506229413
2011-04-21 17:51:18-04:00,181.23843620220535
2011-04-21 17:51:21-04:00,181.24831734211656
2011-04-21 17:51:24-04:00,181.25819848202778
2011-04-21 17:51:27-04:00,181.268079621939
2011-04-21 17:51:30-04:00,181.2779607618502
2011-04-21 17:51:33-04:00,181.28784190176142
2011-04-21 17:51:36-04:00,181.29772304167264
2011-04-21 17:51:39-04:00,181.30760418158386
2011-04-21 17:51:42-04:00,181.31748532149507
2011-04-21 17:51:45-04:00,181.32736646140629
2011-04-21 17:51:48-04:00,181.33724760131747
2011-04-21 17:51:51-04:00,181.3471287412287
2011-04-21 17:51:54-04:00,181.3570098811399
2011-04-21 17:51:57-04:00,181.36689102105112
2011-04-21 17:52:00-04:00,181.37677216096233
2011-04-21 17:52:03-04:00,181.38665330087355
2011-04-21 17:52:06-04:00,181.39653444078476
2011-04-21 17:52:09-04:00,181.40641558069598
2011-04-21 17:52:12-04:00,181.4162967206072
2011-04-21 17:52:15-04:00,181.4261778605184
2011-04-21 17:52:18-04:00,181.43605900042962
2011-04-21 17:52:21-04:00,181.44594014034084
2011-04-21 17:52:24-04:00,181.45582128025205
2011-04-21 17:52:27-04:00,181.46570242016324
2011-04-21 17:52:30-04:00,181.47558356007445
2011-04-21 17:52:33-04:00,181.48546469998567
2011-04-21 17:52:36-04:00,181.49534583989688
2011-04-21 17:52:39-04:00,181.5052269798081
2011-04-21 17:52:42-04:00,181.51510811971932
2011-04-21 17:52:45-04:00,181.52498925963053
2011-04-21 17:52:48-04:00,181.53487039954175
2011-04-21 17:52:51-04:00,181.54475153945296
2011-04-21 17:52:54-04:00,181.55463267936418
2011-04-21 17:52:57-04:00,181.5645138192754
2011-04-21 17:53:00-04:00,181.5743949591866
2011-04-21 17:53:03-04:00,181.58427609909782
2011-04-21 17:53:06-04:00,181.59415723900904
2011-04-21 17:53:09-04:00,181.60403837892022
2011-04-21 17:53:12-04:00,181.61391951883144
2011-04-21 17:53:15-04:00,181.62380065874265
2011-04-21 17:53:18-04:00,181.63368179865387
2011-04-21 17:53:21-04:00,181.64356293856508
2011-04-21 17:53:24-04:00,181.6534440784763
2011-04-21 17:53:27-04:00,181.6633252183875
2011-04-21 17:53:30-04:00,181.67320635829873
2011-04-21 17:53:33-04:00,181.68308749820994
2011-04-21 17:53:36-04:00,181.69296863812116
2011-04-21 17:53:39-04:00,181.70284977803237
2011-04-21 17:53:42-04:00,181.7127309179436
2011-04-21 17:53:45-04:00,181.7226120578548
2011-04-21 17:53:48-04:00,181.732493197766
2011-04-21 17:53:51-04:00,181.7423743376772
2011-04-21 17:53:54-04:00,181.75225547758842
2011-04-21 17:53:57-04:00,181.76213661749964
2011-04-21 17:54:00-04:00,181.77201775741085
2011-04-21 17:54:03-04:00,181.78189889732207
2011-04-21 17:54:06-04:00,181.79178003723328
2011-04-21 17:54:09-04:00,181.8016611771445
2011-04-21 17:54:12-04:00,181.8115423170557
2011-04-21 17:54:15-04:00,181.82142345696693
2011-04-21 17:54:18-04:00,181.83130459687814
2011-04-21 17:54:21-04:00,181.84118573678936
2011-04-21 17:54:24-04:00,181.85106687670057
2011-04-21 17:54:27-04:00,181.86094801661176
2011-04-21 17:54:30-04:00,181.87082915652297
2011-04-21 17:54:33-04:00,181.8807102964342
2011-04-21 17:54:36-04:00,181.8905914363454
2011-04-21 17:54:39-04:00,181.90047257625662
2011-04-21 17:54:42-04:00,181.91035371616783
2011-04-21 17:54:45-04:00,181.92023485607905
2011-04-21 17:54:48-04:00,181.93011599599026
2011-04-21 17:54:51-04:00,181.93999713590148
2011-04-21 17:54:54-04:00,181.9498782758127
2011-04-21 17:54:57-04:00,181.9597594157239
2011-04-21 17:55:00-04:00,181.96964055563512
2011-04-21 17:55:03-04:00,181.97952169554634
2011-04-21 17:55:06-04:00,181.98940283545755
2011-04-21 17:55:09-04:00,181.99928397536874
2011-04-21 17:55:12-04:00,182.00916511527996
2011-04-21 17:55:15-04:00,182.01904625519117
2011-04-21 17:55:18-04:00,182.0289273951024
2011-04-21 17:55:21-04:00,182.0388085350136
2011-04-21 17:55:24-04:00,182.04868967492482
2011-04-21 17:55:27-04:00,182.05857081483603
2011-04-21 17:55:30-04:00,182.06845195474725
2011-04-21 17:55:33-04:00,182.07833309465846
2011-04-21 17:55:36-04:00,182.08821423456968
2011-04-21 17:55:39-04:00,182.0980953744809
2011-04-21 17:55:42-04:00,182.1079765143921
2011-04-21 17:55:45-04:00,182.11785765430332
2011-04-21 17:55:48-04:00,182.1277387942145
2011-04-21 17:55:51-04:00,182.13761993412572
2011-04-21 17:55:54-04:00,182.14750107403694
2011-04-21 17:55:57-04:00,182.15738221394815
2011-04-21 17:56:00-04:00,182.16726335385937
2011-04-21 17:56:03-04:00,182.17714449377058
2011-04-21 17:56:06-04:00,182.1870256336818
2011-04-21 17:56:09-04:00,182.196906773593
2011-04-21 17:56:12-04:00,182.20678791350423
2011-04-21 17:56:15-04:00,182.21666905341544
2011-04-21 17:56:18-04:00,182.22655019332666
2011-04-21 17:56:21-04:00,182.23643133323787
2011-04-21 17:56:24-04:00,182.2463124731491
2011-04-21 17:56:27-04:00,182.25619361306028
2011-04-21 17:56:30-04:00,182.2660747529715
2011-04-21 17:56:33-04:00,182.2759558928827
2011-04-21 17:56:36-04:00,182.28583703279392
2011-04-21 17:56:39-04:00,182.29571817270514
2011-04-21 17:56:42-04:00,182.30559931261635
2011-04-21 17:56:45-04:00,182.31548045252757
2011-04-21 17:56:48-04:00,182.32536159243878
2011-04-21 17:56:51-04:00,182.33524273235
2011-04-21 17:56:54-04:00,182.3451238722612
2011-04-21 17:56:57-04:00,182.35500501217243
2011-04-21 17:57:00-04:00,182.36488615208364
2011-04-21 17:57:03-04:00,182.37476729199486
2011-04-21 17:57:06-04:00,182.38464843190604
2011-04-21 17:57:09-04:00,182.39452957181726
2011-04-21 17:57:12-04:00,182.40441071172847
2011-04-21 17:57:15-04:00,182.4142918516397
2011-04-21 17:57:18-04:00,182.4241729915509
2011-04-21 17:57:21-04:00,182.43405413146212
2011-04-21 17:57:24-04:00,182.44393527137333
2011-04-21 17:57:27-04:00,182.45381641128455
2011-04-21 17:57:30-04:00,182.46369755119576
2011-04-21 17:57:33-04:00,182.47357869110698
2011-04-21 17:57:36-04:00,182.4834598310182
2011-04-21 17:57:39-04:00,182.4933409709294
2011-04-21 17:57:42-04:00,182.50322211084062
2011-04-21 17:57:45-04:00,182.51310325075184
2011-04-21 17:57:48-04:00,182.52298439066303
2011-04-21 17:57:51-04:00,182.53286553057424
2011-04-21 17:57:54-04:00,182.54274667048546
2011-04-21 17:57:57-04:00,182.55262781039667
2011-04-21 17:58:00-04:00,182.5625089503079
2011-04-21 17:58:03-04:00,182.5723900902191
2011-04-21 17:58:06-04:00,182.58227123013032
2011-04-21 17:58:09-04:00,182.59215237004153
2011-04-21 17:58:12-04:00,182.60203350995275
2011-04-21 17:58:15-04:00,182.61191464986396
2011-04-21 17:58:18-04:00,182.62179578977518
2011-04-21 17:58:21-04:00,182.6316769296864
2011-04-21 17:58:24-04:00,182.6415580695976
2011-04-21 17:58:27-04:00,182.6514392095088
2011-04-21 17:58:30-04:00,182.66132034942
2011-04-21 17:58:33-04:00,182.67120148933122
2011-04-21 17:58:36-04:00,182.68108262924244
2011-04-21 17:58:39-04:00,182.69096376915365
2011-04-21 17:58:42-04:00,182.70084490906487
2011-04-21 17:58:45-04:00,182.71072604897608
2011-04-21 17:58:48-04:00,182.7206071888873
2011-04-21 17:58:51-04:00,182.73048832879851
2011-04-21 17:58:54-04:00,182.74036946870973
2011-04-21 17:58:57-04:00,182.75025060862095
2011-04-21 17:59:00-04:00,182.76013174853216
2011-04-21 17:59:03-04:00,182.77001288844338
2011-04-21 17:59:06-04:00,182.77989402835456
2011-04-21 17:59:09-04:00,182.78977516826578
2011-04-21 17:59:12-04:00,182.799656308177
2011-04-21 17:59:15-04:00,182.8095374480882
2011-04-21 17:59:18-04:00,182.81941858799942
2011-04-21 17:59:21-04:00,182.82929972791064
2011-04-21 17:59:24-04:00,182.83918086782185
2011-04-21 17:59:27-04:00,182.84906200773307
2011-04-21 17:59:30-04:00,182.85894314764428
2011-04-21 17:59:33-04:00,182.8688242875555
2011-04-21 17:59:36-04:00,182.8787054274667
2011-04-21 17:59:39-04:00,182.88858656737793
2011-04-21 17:59:42-04:00,182.89846770728914
2011-04-21 17:59:45-04:00,182.90834884720033
2011-04-21 17:59:48-04:00,182.91822998711154
2011-04-21 17:59:51-04:00,182.92811112702276
2011-04-21 17:59:54-04:00,182.93799226693397
2011-04-21 17:59:57-04:00,182.9478734068452
2011-04-21 18:00:00-04:00,182.9577545467564
2011-04-21 18:00:03-04:00,182.96763568666762
2011-04-21 18:00:06-04:00,182.97751682657884
2011-04-21 18:00:09-04:00,182.98739796649005
2011-04-21 18:00:12-04:00,182.99727910640127
2011-04-21 18:00:15-04:00,183.00716024631248
2011-04-21 18:00:18-04:00,183.0170413862237
2011-04-21 18:00:21-04:00,183.0269225261349
2011-04-21 18:00:24-04:00,183.03680366604613
2011-04-21 18:00:27-04:00,183.0466848059573
2011-04-21 18:00:30-04:00,183.05656594586853
2011-04-21 18:00:33-04:00,183.06644708577974
2011-04-21 18:00:36-04:00,183.07632822569096
2011-04-21 18:00:39-04:00,183.08620936560217
2011-04-21 18:00:42-04:00,183.0960905055134
2011-04-21 18:00:45-04:00,183.1059716454246
2011-04-21 18:00:48-04:00,183.11585278533582
2011-04-21 18:00:51-04:00,183.12573392524703
2011-04-21 18:00:54-04:00,183.13561506515825
2011-04-21 18:00:57-04:00,183.14549620506946
2011-04-21 18:01:00-04:00,183.15537734498068
2011-04-21 18:01:03-04:00,183.1652584848919
2011-04-21 18:01:06-04:00,183.17513962480308
2011-04-21 18:01:09-04:00,183.1850207647143
2011-04-21 18:01:12-04:00,183.1949019046255
2011-04-21 18:01:15-04:00,183.20478304453673
2011-04-21 18:01:18-04:00,183.21466418444794
2011-04-21 18:01:21-04:00,183.22454532435916
2011-04-21 18:01:24-04:00,183.23442646427037
2011-04-21 18:01:27-04:00,183.24430760418159
2011-04-21 18:01:30-04:00,183.2541887440928
2011-04-21 18:01:33-04:00,183.26406988400402
2011-04-21 18:01:36-04:00,183.27395102391523
2011-04-21 18:01:39-04:00,183.28383216382645
2011-04-21 18:01:42-04:00,183.29371330373766
2011-04-21 18:01:45-04:00,183.30359444364885
2011-04-21 18:01:48-04:00,183.31347558356006
2011-04-21 18:01:51-04:00,183.32335672347128
2011-04-21 18:01:54-04:00,183.3332378633825
2011-04-21 18:01:57-04:00,183.3431190032937
2011-04-21 18:02:00-04:00,183.35300014320492
2011-04-21 18:02:03-04:00,183.36288128311614
2011-04-21 18:02:06-04:00,183.37276242302735
2011-04-21 18:02:09-04:00,183.38264356293857
2011-04-21 18:02:12-04:00,183.39252470284978
2011-04-21 18:02:15-04:00,183.402405842761
2011-04-21 18:02:18-04:00,183.4122869826722
2011-04-21 18:02:21-04:00,183.42216812258343
2011-04-21 18:02:24-04:00,183.43204926249464
2011-04-21 18:02:27-04:00,183.44193040240583
2011-04-21 18:02:30-04:00,183.45181154231705
2011-04-21 18:02:33-04:00,183.46169268222826
2011-04-21 18:02:36-04:00,183.47157382213948
2011-04-21 18:02:39-04:00,183.4814549620507
2011-04-21 18:02:42-04:00,183.4913361019619
2011-04-21 18:02:45-04:00,183.50121724187312
2011-04-21 18:02:48-04:00,183.51109838178434
2011-04-21 18:02:51-04:00,183.52097952169555
2011-04-21 18:02:54-04:00,183.53086066160677
2011-04-21 18:02:57-04:00,183.54074180151798
2011-04-21 18:03:00-04:00,183.5506229414292
2011-04-21 18:03:03-04:00,183.5605040813404
2011-04-21 18:03:06-04:00,183.5703852212516
2011-04-21 18:03:09-04:00,183.5802663611628
2011-04-21 18:03:12-04:00,183.59014750107403
2011-04-21 18:03:15-04:00,183.60002864098524
2011-04-21 18:03:18-04:00,183.60990978089646
2011-04-21 18:03:21-04:00,183.61979092080767
2011-04-21 18:03:24-04:00,183.6296720607189
2011-04-21 18:03:27-04:00,183.6395532006301
2011-04-21 18:03:30-04:00,183.64943434054132
2011-04-21 18:03:33-04:00,183.65931548045253
2011-04-21 18:03:36-04:00,183.66919662036375
2011-04-21 18:03:39-04:00,183.67907776027496
2011-04-21 18:03:42-04:00,183.68895890018618
2011-04-21 18:03:45-04:00,183.69884004009737
2011-04-21 18:03:48-04:00,183.70872118000858
2011-04-21 18:03:51-04:00,183.7186023199198
2011-04-21 18:03:54-04:00,183.728483459831
2011-04-21 18:03:57-04:00,183.73836459974223
2011-04-21 18:04:00-04:00,183.74824573965344
2011-04-21 18:04:03-04:00,183.75812687956466
2011-04-21 18:04:06-04:00,183.76800801947587
2011-04-21 18:04:09-04:00,183.7778891593871
2011-04-21 18:04:12-04:00,183.7877702992983
2011-04-21 18:04:15-04:00,183.79765143920952
2011-04-21 18:04:18-04:00,183.80753257912073
2011-04-21 18:04:21-04:00,183.81741371903195
2011-04-21 18:04:24-04:00,183.82729485894316
2011-04-21 18:04:27-04:00,183.83717599885435
2011-04-21 18:04:30-04:00,183.84705713876556
2011-04-21 18:04:33-04:00,183.85693827867678
2011-04-21 18:04:36-04:00,183.866819418588
2011-04-21 18:04:39-04:00,183.8767005584992
2011-04-21 18:04:42-04:00,183.88658169841042
2011-04-21 18:04:45-04:00,183.89646283832164
2011-04-21 18:04:48-04:00,183.90634397823285
2011-04-21 18:04:51-04:00,183.91622511814407
2011-04-21 18:04:54-04:00,183.92610625805528
2011-04-21 18:04:57-04:00,183.9359873979665
2011-04-21 18:05:00-04:00,183.94586853787771
2011-04-21 18:05:03-04:00,183.95574967778893
2011-04-21 18:05:06-04:00,183.96563081770012
2011-04-21 18:05:09-04:00,183.97551195761133
2011-04-21 18:05:12-04:00,183.98539309752255
2011-04-21 18:05:15-04:00,183.99527423743376
2011-04-21 18:05:18-04:00,184.00515537734498
2011-04-21 18:05:21-04:00,184.0150365172562
2011-04-21 18:05:24-04:00,184.0249176571674
2011-04-21 18:05:27-04:00,184.03479879707862
2011-04-21 18:05:30-04:00,184.04467993698984
2011-04-21 18:05:33-04:00,184.05456107690105
2011-04-21 18:05:36-04:00,184.06444221681227
2011-04-21 18:05:39-04:00,184.07432335672348
2011-04-21 18:05:42-04:00,184.0842044966347
2011-04-21 18:05:45-04:00,184.09408563654588
2011-04-21 18:05:48-04:00,184.1039667764571
2011-04-21 18:05:51-04:00,184.11384791636831
2011-04-21 18:05:54-04:00,184.12372905627953
2011-04-21 18:05:57-04:00,184.13361019619074
2011-04-21 18:06:00-04:00,184.14349133610196
2011-04-21 18:06:03-04:00,184.15337247601317
2011-04-21 18:06:06-04:00,184.1632536159244
2011-04-21 18:06:09-04:00,184.1731347558356
2011-04-21 18:06:12-04:00,184.18301589574682
2011-04-21 18:06:15-04:00,184.19289703565804
2011-04-21 18:06:18-04:00,184.20277817556925
2011-04-21 18:06:21-04:00,184.21265931548047
2011-04-21 18:06:24-04:00,184.22254045539165
2011-04-21 18:06:27-04:00,184.23242159530287
2011-04-21 18:06:30-04:00,184.24230273521408
2011-04-21 18:06:33-04:00,184.2521838751253
2011-04-21 18:06:36-04:00,184.2620650150365
2011-04-21 18:06:39-04:00,184.27194615494773
2011-04-21 18:06:42-04:00,184.28182729485894
2011-04-21 18:06:45-04:00,184.29170843477016
2011-04-21 18:06:48-04:00,184.30158957468137
2011-04-21 18:06:51-04:00,184.3114707145926
2011-04-21 18:06:54-04:00,184.3213518545038
2011-04-21 18:06:57-04:00,184.33123299441502
2011-04-21 18:07:00-04:00,184.34111413432623
2011-04-21 18:07:03-04:00,184.35099527423745
2011-04-21 18:07:06-04:00,184.36087641414863
2011-04-21 18:07:09-04:00,184.37075755405985
2011-04-21 18:07:12-04:00,184.38063869397106
2011-04-21 18:07:15-04:00,184.39051983388228
2011-04-21 18:07:18-04:00,184.4004009737935
2011-04-21 18:07:21-04:00,184.4102821137047
2011-04-21 18:07:24-04:00,184.42016325361593
2011-04-21 18:07:27-04:00,184.43004439352714
2011-04-21 18:07:30-04:00,184.43992553343836
2011-04-21 18:07:33-04:00,184.44980667334957
2011-04-21 18:07:36-04:00,184.45968781326079
2011-04-21 18:07:39-04:00,184.469568953172
2011-04-21 18:07:42-04:00,184.47945009308322
2011-04-21 18:07:45-04:00,184.4893312329944
2011-04-21 18:07:48-04:00,184.49921237290562
2011-04-21 18:07:51-04:00,184.50909351281683
2011-04-21 18:07:54-04:00,184.51897465272805
2011-04-21 18:07:57-04:00,184.52885579263926
2011-04-21 18:08:00-04:00,184.53873693255048
2011-04-21 18:08:03-04:00,184.5486180724617
2011-04-21 18:08:06-04:00,184.5584992123729
2011-04-21 18:08:09-04:00,184.56838035228412
2011-04-21 18:08:12-04:00,184.57826149219534
2011-04-21 18:08:15-04:00,184.58814263210655
2011-04-21 18:08:18-04:00,184.59802377201777
2011-04-21 18:08:21-04:00,184.60790491192898
2011-04-21 18:08:24-04:00,184.61778605184017
2011-04-21 18:08:27-04:00,184.62766719175139
2011-04-21 18:08:30-04:00,184.6375483316626
2011-04-21 18:08:33-04:00,184.64742947157382
2011-04-21 18:08:36-04:00,184.65731061148503
2011-04-21 18:08:39-04:00,184.66719175139625
2011-04-21 18:08:42-04:00,184.67707289130746
2011-04-21 18:08:45-04:00,184.68695403121868
2011-04-21 18:08:48-04:00,184.6968351711299
2011-04-21 18:08:51-04:00,184.7067163110411
2011-04-21 18:08:54-04:00,184.71659745095232
2011-04-21 18:08:57-04:00,184.72647859086354
2011-04-21 18:09:00-04:00,184.73635973077475
2011-04-21 18:09:03-04:00,184.74624087068594
2011-04-21 18:09:06-04:00,184.75612201059715
2011-04-21 18:09:09-04:00,184.76600315050837
2011-04-21 18:09:12-04:00,184.77588429041958
2011-04-21 18:09:15-04:00,184.7857654303308
2011-04-21 18:09:18-04:00,184.795646570242
2011-04-21 18:09:21-04:00,184.80552771015323
2011-04-21 18:09:24-04:00,184.81540885006444
2011-04-21 18:09:27-04:00,184.82528998997566
2011-04-21 18:09:30-04:00,184.83517112988687
2011-04-21 18:09:33-04:00,184.8450522697981
2011-04-21 18:09:36-04:00,184.8549334097093
2011-04-21 18:09:39-04:00,184.86481454962052
2011-04-21 18:09:42-04:00,184.87469568953173
2011-04-21 18:09:45-04:00,184.88457682944292
2011-04-21 18:09:48-04:00,184.89445796935414
2011-04-21 18:09:51-04:00,184.90433910926535
2011-04-21 18:09:54-04:00,184.91422024917657
2011-04-21 18:09:57-04:00,184.92410138908778
2011-04-21 18:10:00-04:00,184.933982528999
2011-04-21 18:10:03-04:00,184.9438636689102
2011-04-21 18:10:06-04:00,184.95374480882143
2011-04-21 18:10:09-04:00,184.96362594873264
2011-04-21 18:10:12-04:00,184.97350708864386
2011-04-21 18:10:15-04:00,184.98338822855507
2011-04-21 18:10:18-04:00,184.9932693684663
2011-04-21 18:10:21-04:00,185.0031505083775
2011-04-21 18:10:24-04:00,185.0130316482887
2011-04-21 18:10:27-04:00,185.0229127881999
2011-04-21 18:10:30-04:00,185.03279392811112
2011-04-21 18:10:33-04:00,185.04267506802233
2011-04-21 18:10:36-04:00,185.05255620793355
2011-04-21 18:10:39-04:00,185.06243734784476
2011-04-21 18:10:42-04:00,185.07231848775598
2011-04-21 18:10:45-04:00,185.0821996276672
2011-04-21 18:10:48-04:00,185.0920807675784
2011-04-21 18:10:51-04:00,185.10196190748962
2011-04-21 18:10:54-04:00,185.11184304740084
2011-04-21 18:10:57-04:00,185.12172418731205
2011-04-21 18:11:00-04:00,185.13160532722327
2011-04-21 18:11:03-04:00,185.14148646713446
2011-04-21 18:11:06-04:00,185.15136760704567
2011-04-21 18:11:09-04:00,185.1612487469569
2011-04-21 18:11:12-04:00,185.1711298868681
2011-04-21 18:11:15-04:00,185.18101102677932
2011-04-21 18:11:18-04:00,185.19089216669053
2011-04-21 18:11:21-04:00,185.20077330660175
2011-04-21 18:11:24-04:00,185.21065444651296
2011-04-21 18:11:27-04:00,185.22053558642418
2011-04-21 18:11:30-04:00,185.2304167263354
2011-04-21 18:11:33-04:00,185.2402978662466
2011-04-21 18:11:36-04:00,185.25017900615782
2011-04-21 18:11:39-04:00,185.26006014606904
2011-04-21 18:11:42-04:00,185.26994128598022
2011-04-21 18:11:45-04:00,185.27982242589144
2011-04-21 18:11:48-04:00,185.28970356580265
2011-04-21 18:11:51-04:00,185.29958470571387
2011-04-21 18:11:54-04:00,185.30946584562508
2011-04-21 18:11:57-04:00,185.3193469855363
2011-04-21 18:12:00-04:00,185.32922812544751
2011-04-21 18:12:03-04:00,185.33910926535873
2011-04-21 18:12:06-04:00,185.34899040526994
2011-04-21 18:12:09-04:00,185.35887154518116
2011-04-21 18:12:12-04:00,185.36875268509237
2011-04-21 18:12:15-04:00,185.3786338250036
2011-04-21 18:12:18-04:00,185.3885149649148
2011-04-21 18:12:21-04:00,185.39839610482602
2011-04-21 18:12:24-04:00,185.4082772447372
2011-04-21 18:12:27-04:00,185.41815838464842
2011-04-21 18:12:30-04:00,185.42803952455964
2011-04-21 18:12:33-04:00,185.43792066447085
2011-04-21 18:12:36-04:00,185.44780180438207
2011-04-21 18:12:39-04:00,185.45768294429328
2011-04-21 18:12:42-04:00,185.4675640842045
2011-04-21 18:12:45-04:00,185.4774452241157
2011-04-21 18:12:48-04:00,185.48732636402693
2011-04-21 18:12:51-04:00,185.49720750393814
2011-04-21 18:12:54-04:00,185.50708864384936
2011-04-21 18:12:57-04:00,185.51696978376057
2011-04-21 18:13:00-04:00,185.5268509236718
2011-04-21 18:13:03-04:00,185.53673206358297
2011-04-21 18:13:06-04:00,185.5466132034942
2011-04-21 18:13:09-04:00,185.5564943434054
2011-04-21 18:13:12-04:00,185.56637548331662
2011-04-21 18:13:15-04:00,185.57625662322783
2011-04-21 18:13:18-04:00,185.58613776313905
2011-04-21 18:13:21-04:00,185.59601890305026
2011-04-21 18:13:24-04:00,185.60590004296148
2011-04-21 18:13:27-04:00,185.6157811828727
2011-04-21 18:13:30-04:00,185.6256623227839
2011-04-21 18:13:33-04:00,185.63554346269513
2011-04-21 18:13:36-04:00,185.64542460260634
2011-04-21 18:13:39-04:00,185.65530574251756
2011-04-21 18:13:42-04:00,185.66518688242877
2011-04-21 18:13:45-04:00,185.67506802233996
2011-04-21 18:13:48-04:00,185.68494916225117
2011-04-21 18:13:51-04:00,185.6948303021624
2011-04-21 18:13:54-04:00,185.7047114420736
2011-04-21 18:13:57-04:00,185.71459258198482
2011-04-21 18:14:00-04:00,185.72447372189603
2011-04-21 18:14:03-04:00,185.73435486180725
2011-04-21 18:14:06-04:00,185.74423600171846
2011-04-21 18:14:09-04:00,185.75411714162968
2011-04-21 18:14:12-04:00,185.7639982815409
2011-04-21 18:14:15-04:00,185.7738794214521
2011-04-21 18:14:18-04:00,185.78376056136332
2011-04-21 18:14:21-04:00,185.7936417012745
2011-04-21 18:14:24-04:00,185.80352284118572
2011-04-21 18:14:27-04:00,185.81340398109694
2011-04-21 18:14:30-04:00,185.82328512100815
2011-04-21 18:14:33-04:00,185.83316626091937
2011-04-21 18:14:36-04:00,185.84304740083059
2011-04-21 18:14:39-04:00,185.8529285407418
2011-04-21 18:14:42-04:00,185.86280968065302
2011-04-21 18:14:45-04:00,185.87269082056423
2011-04-21 18:14:48-04:00,185.88257196047545
2011-04-21 18:14:51-04:00,185.89245310038666
2011-04-21 18:14:54-04:00,185.90233424029788
2011-04-21 18:14:57-04:00,185.9122153802091
2011-04-21 18:15:00-04:00,185.9220965201203
2011-04-21 18:15:03-04:00,185.9319776600315
2011-04-21 18:15:06-04:00,185.9418587999427
2011-04-21 18:15:09-04:00,185.95173993985392
2011-04-21 18:15:12-04:00,185.96162107976514
2011-04-21 18:15:15-04:00,185.97150221967635
2011-04-21 18:15:18-04:00,185.98138335958757
2011-04-21 18:15:21-04:00,185.99126449949878
2011-04-21 18:15:24-04:00,186.00114563941
2011-04-21 18:15:27-04:00,186.0110267793212
2011-04-21 18:15:30-04:00,186.02090791923243
2011-04-21 18:15:33-04:00,186.03078905914364
2011-04-21 18:15:36-04:00,186.04067019905486
2011-04-21 18:15:39-04:00,186.05055133896607
2011-04-21 18:15:42-04:00,186.06043247887726
2011-04-21 18:15:45-04:00,186.07031361878848
2011-04-21 18:15:48-04:00,186.0801947586997
2011-04-21 18:15:51-04:00,186.0900758986109
2011-04-21 18:15:54-04:00,186.09995703852212
2011-04-21 18:15:57-04:00,186.10983817843334
2011-04-21 18:16:00-04:00,186.11971931834455
2011-04-21 18:16:03-04:00,186.12960045825577
2011-04-21 18:16:06-04:00,186.13948159816698
2011-04-21 18:16:09-04:00,186.1493627380782
2011-04-21 18:16:12-04:00,186.1592438779894
2011-04-21 18:16:15-04:00,186.16912501790063
2011-04-21 18:16:18-04:00,186.17900615781184
2011-04-21 18:16:21-04:00,186.18888729772306
2011-04-21 18:16:24-04:00,186.19876843763424
2011-04-21 18:16:27-04:00,186.20864957754546
2011-04-21 18:16:30-04:00,186.21853071745667
2011-04-21 18:16:33-04:00,186.2284118573679
2011-04-21 18:16:36-04:00,186.2382929972791
2011-04-21 18:16:39-04:00,186.24817413719032
2011-04-21 18:16:42-04:00,186.25805527710153
2011-04-21 18:16:45-04:00,186.26793641701275
2011-04-21 18:16:48-04:00,186.27781755692396
2011-04-21 18:16:51-04:00,186.28769869683518
2011-04-21 18:16:54-04:00,186.2975798367464
2011-04-21 18:16:57-04:00,186.3074609766576
2011-04-21 18:17:00-04:00,186.31734211656882
2011-04-21 18:17:03-04:00,186.32722325648
2011-04-21 18:17:06-04:00,186.33710439639123
2011-04-21 18:17:09-04:00,186.34698553630244
2011-04-21 18:17:12-04:00,186.35686667621366
2011-04-21 18:17:15-04:00,186.36674781612487
2011-04-21 18:17:18-04:00,186.3766289560361
2011-04-21 18:17:21-04:00,186.3865100959473
2011-04-21 18:17:24-04:00,186.39639123585852
2011-04-21 18:17:27-04:00,186.40627237576973
2011-04-21 18:17:30-04:00,186.41615351568095
2011-04-21 18:17:33-04:00,186.42603465559216
2011-04-21 18:17:36-04:00,186.43591579550338
2011-04-21 18:17:39-04:00,186.4457969354146
2011-04-21 18:17:42-04:00,186.45567807532578
2011-04-21 18:17:45-04:00,186.465559215237
2011-04-21 18:17:48-04:00,186.4754403551482
2011-04-21 18:17:51-04:00,186.48532149505942
2011-04-21 18:17:54-04:00,186.49520263497064
2011-04-21 18:17:57-04:00,186.50508377488185
2011-04-21 18:18:00-04:00,186.51496491479307
2011-04-21 18:18:03-04:00,186.52484605470428
2011-04-21 18:18:06-04:00,186.5347271946155
2011-04-21 18:18:09-04:00,186.5446083345267
2011-04-21 18:18:12-04:00,186.55448947443793
2011-04-21 18:18:15-04:00,186.56437061434914
2011-04-21 18:18:18-04:00,186.57425175426036
2011-04-21 18:18:21-04:00,186.58413289417155
2011-04-21 18:18:24-04:00,186.59401403408276
2011-04-21 18:18:27-04:00,186.60389517399398
2011-04-21 18:18:30-04:00,186.6137763139052
2011-04-21 18:18:33-04:00,186.6236574538164
2011-04-21 18:18:36-04:00,186.63353859372762
2011-04-21 18:18:39-04:00,186.64341973363884
2011-04-21 18:18:42-04:00,186.65330087355005
2011-04-21 18:18:45-04:00,186.66318201346127
2011-04-21 18:18:48-04:00,186.67306315337248
2011-04-21 18:18:51-04:00,186.6829442932837
2011-04-21 18:18:54-04:00,186.6928254331949
2011-04-21 18:18:57-04:00,186.70270657310613
2011-04-21 18:19:00-04:00,186.71258771301734
2011-04-21 18:19:03-04:00,186.72246885292853
2011-04-21 18:19:06-04:00,186.73234999283974
2011-04-21 18:19:09-04:00,186.74223113275096
2011-04-21 18:19:12-04:00,186.75211227266217
2011-04-21 18:19:15-04:00,186.7619934125734
2011-04-21 18:19:18-04:00,186.7718745524846
2011-04-21 18:19:21-04:00,186.78175569239582
2011-04-21 18:19:24-04:00,186.79163683230703
2011-04-21 18:19:27-04:00,186.80151797221825
2011-04-21 18:19:30-04:00,186.81139911212946
2011-04-21 18:19:33-04:00,186.82128025204068
2011-04-21 18:19:36-04:00,186.8311613919519
2011-04-21 18:19:39-04:00,186.8410425318631
2011-04-21 18:19:42-04:00,186.8509236717743
2011-04-21 18:19:45-04:00,186.8608048116855
2011-04-21 18:19:48-04:00,186.87068595159673
2011-04-21 18:19:51-04:00,186.88056709150794
2011-04-21 18:19:54-04:00,186.89044823141916
2011-04-21 18:19:57-04:00,186.90032937133037
2011-04-21 18:20:00-04:00,186.9102105112416
2011-04-21 18:20:03-04:00,186.9200916511528
2011-04-21 18:20:06-04:00,186.92997279106402
2011-04-21 18:20:09-04:00,186.93985393097523
2011-04-21 18:20:12-04:00,186.94973507088645
2011-04-21 18:20:15-04:00,186.95961621079766
2011-04-21 18:20:18-04:00,186.96949735070888
2011-04-21 18:20:21-04:00,186.97937849062006
2011-04-21 18:20:24-04:00,186.98925963053128
2011-04-21 18:20:27-04:00,186.9991407704425
2011-04-21 18:20:30-04:00,187.0090219103537
2011-04-21 18:20:33-04:00,187.01890305026492
2011-04-21 18:20:36-04:00,187.02878419017614
2011-04-21 18:20:39-04:00,187.03866533008735
2011-04-21 18:20:42-04:00,187.04854646999857
2011-04-21 18:20:45-04:00,187.05842760990978
2011-04-21 18:20:48-04:00,187.068308749821
2011-04-21 18:20:51-04:00,187.07818988973222
2011-04-21 18:20:54-04:00,187.08807102964343
2011-04-21 18:20:57-04:00,187.09795216955465
2011-04-21 18:21:00-04:00,187.10783330946583
2011-04-21 18:21:03-04:00,187.11771444937705
2011-04-21 18:21:06-04:00,187.12759558928826
2011-04-21 18:21:09-04:00,187.13747672919948
2011-04-21 18:21:12-04:00,187.1473578691107
2011-04-21 18:21:15-04:00,187.1572390090219
2011-04-21 18:21:18-04:00,187.16712014893312
2011-04-21 18:21:21-04:00,187.17700128884434
2011-04-21 18:21:24-04:00,187.18688242875555
2011-04-21 18:21:27-04:00,187.19676356866677
2011-04-21 18:21:30-04:00,187.20664470857798
2011-04-21 18:21:33-04:00,187.2165258484892
2011-04-21 18:21:36-04:00,187.2264069884004
2011-04-21 18:21:39-04:00,187.23628812831163
2011-04-21 18:21:42-04:00,187.24616926822281
2011-04-21 18:21:45-04:00,187.25605040813403
2011-04-21 18:21:48-04:00,187.26593154804524
2011-04-21 18:21:51-04:00,187.27581268795646
2011-04-21 18:21:54-04:00,187.28569382786768
2011-04-21 18:21:57-04:00,187.2955749677789
2011-04-21 18:22:00-04:00,187.3054561076901
2011-04-21 18:22:03-04:00,187.31533724760132
2011-04-21 18:22:06-04:00,187.32521838751254
2011-04-21 18:22:09-04:00,187.33509952742375
2011-04-21 18:22:12-04:00,187.34498066733497
2011-04-21 18:22:15-04:00,187.35486180724618
2011-04-21 18:22:18-04:00,187.3647429471574
2011-04-21 18:22:21-04:00,187.37462408706858
2011-04-21 18:22:24-04:00,187.3845052269798
2011-04-21 18:22:27-04:00,187.394386366891
2011-04-21 18:22:30-04:00,187.40426750680223
2011-04-21 18:22:33-04:00,187.41414864671344
2011-04-21 18:22:36-04:00,187.42402978662466
2011-04-21 18:22:39-04:00,187.43391092653587
2011-04-21 18:22:42-04:00,187.4437920664471
2011-04-21 18:22:45-04:00,187.4536732063583
2011-04-21 18:22:48-04:00,187.46355434626952
2011-04-21 18:22:51-04:00,187.47343548618073
2011-04-21 18:22:54-04:00,187.48331662609195
2011-04-21 18:22:57-04:00,187.49319776600316
2011-04-21 18:23:00-04:00,187.50307890591435
2011-04-21 18:23:03-04:00,187.51296004582557
2011-04-21 18:23:06-04:00,187.52284118573678
2011-04-21 18:23:09-04:00,187.532722325648
2011-04-21 18:23:12-04:00,187.5426034655592
2011-04-21 18:23:15-04:00,187.55248460547043
2011-04-21 18:23:18-04:00,187.56236574538164
2011-04-21 18:23:21-04:00,187.57224688529286
2011-04-21 18:23:24-04:00,187.58212802520407
2011-04-21 18:23:27-04:00,187.5920091651153
2011-04-21 18:23:30-04:00,187.6018903050265
2011-04-21 18:23:33-04:00,187.61177144493772
2011-04-21 18:23:36-04:00,187.62165258484893
2011-04-21 18:23:39-04:00,187.63153372476012
2011-04-21 18:23:42-04:00,187.64141486467133
2011-04-21 18:23:45-04:00,187.65129600458255
2011-04-21 18:23:48-04:00,187.66117714449376
2011-04-21 18:23:51-04:00,187.67105828440498
2011-04-21 18:23:54-04:00,187.6809394243162
2011-04-21 18:23:57-04:00,187.6908205642274
2011-04-21 18:24:00-04:00,187.70070170413862
2011-04-21 18:24:03-04:00,187.71058284404984
2011-04-21 18:24:06-04:00,187.72046398396105
2011-04-21 18:24:09-04:00,187.73034512387227
2011-04-21 18:24:12-04:00,187.74022626378348
2011-04-21 18:24:15-04:00,187.7501074036947
2011-04-21 18:24:18-04:00,187.7599885436059
2011-04-21 18:24:21-04:00,187.7698696835171
2011-04-21 18:24:24-04:00,187.77975082342832
2011-04-21 18:24:27-04:00,187.78963196333953
2011-04-21 18:24:30-04:00,187.79951310325075
2011-04-21 18:24:33-04:00,187.80939424316196
2011-04-21 18:24:36-04:00,187.81927538307318
2011-04-21 18:24:39-04:00,187.8291565229844
2011-04-21 18:24:42-04:00,187.8390376628956
2011-04-21 18:24:45-04:00,187.84891880280682
2011-04-21 18:24:48-04:00,187.85879994271804
2011-04-21 18:24:51-04:00,187.86868108262925
2011-04-21 18:24:54-04:00,187.87856222254047
2011-04-21 18:24:57-04:00,187.88844336245168
2011-04-21 18:25:00-04:00,187.89832450236287
2011-04-21 18:25:03-04:00,187.90820564227408
2011-04-21 18:25:06-04:00,187.9180867821853
2011-04-21 18:25:09-04:00,187.9279679220965
2011-04-21 18:25:12-04:00,187.93784906200773
2011-04-21 18:25:15-04:00,187.94773020191894
2011-04-21 18:25:18-04:00,187.95761134183016
2011-04-21 18:25:21-04:00,187.96749248174137
2011-04-21 18:25:24-04:00,187.9773736216526
2011-04-21 18:25:27-04:00,187.9872547615638
2011-04-21 18:25:30-04:00,187.99713590147502
2011-04-21 18:25:33-04:00,188.00701704138623
2011-04-21 18:25:36-04:00,188.01689818129745
2011-04-21 18:25:39-04:00,188.02677932120866
2011-04-21 18:25:42-04:00,188.03666046111985
2011-04-21 18:25:45-04:00,188.04654160103107
2011-04-21 18:25:48-04:00,188.05642274094228
2011-04-21 18:25:51-04:00,188.0663038808535
2011-04-21 18:25:54-04:00,188.0761850207647
2011-04-21 18:25:57-04:00,188.08606616067593
2011-04-21 18:26:00-04:00,188.09594730058714
2011-04-21 18:26:03-04:00,188.10582844049836
2011-04-21 18:26:06-04:00,188.11570958040957
2011-04-21 18:26:09-04:00,188.1255907203208
2011-04-21 18:26:12-04:00,188.135471860232
2011-04-21 18:26:15-04:00,188.14535300014322
2011-04-21 18:26:18-04:00,188.1552341400544
2011-04-21 18:26:21-04:00,188.16511527996562
2011-04-21 18:26:24-04:00,188.17499641987683
2011-04-21 18:26:27-04:00,188.18487755978805
2011-04-21 18:26:30-04:00,188.19475869969926
2011-04-21 18:26:33-04:00,188.20463983961048
2011-04-21 18:26:36-04:00,188.2145209795217
2011-04-21 18:26:39-04:00,188.2244021194329
2011-04-21 18:26:42-04:00,188.23428325934412
2011-04-21 18:26:45-04:00,188.24416439925534
2011-04-21 18:26:48-04:00,188.25404553916655
2011-04-21 18:26:51-04:00,188.26392667907777
2011-04-21 18:26:54-04:00,188.27380781898898
2011-04-21 18:26:57-04:00,188.2836889589002
2011-04-21 18:27:00-04:00,188.2935700988114
2011-04-21 18:27:03-04:00,188.3034512387226
2011-04-21 18:27:06-04:00,188.31333237863382
2011-04-21 18:27:09-04:00,188.32321351854503
2011-04-21 18:27:12-04:00,188.33309465845625
2011-04-21 18:27:15-04:00,188.34297579836746
2011-04-21 18:27:18-04:00,188.35285693827868
2011-04-21 18:27:21-04:00,188.3627380781899
2011-04-21 18:27:24-04:00,188.3726192181011
2011-04-21 18:27:27-04:00,188.38250035801232
2011-04-21 18:27:30-04:00,188.39238149792354
2011-04-21 18:27:33-04:00,188.40226263783475
2011-04-21 18:27:36-04:00,188.41214377774597
2011-04-21 18:27:39-04:00,188.42202491765715
2011-04-21 18:27:42-04:00,188.43190605756837
2011-04-21 18:27:45-04:00,188.44178719747958
2011-04-21 18:27:48-04:00,188.4516683373908
2011-04-21 18:27:51-04:00,188.46154947730201
2011-04-21 18:27:54-04:00,188.47143061721323
2011-04-21 18:27:57-04:00,188.48131175712444
2011-04-21 18:28:00-04:00,188.49119289703566
2011-04-21 18:28:03-04:00,188.50107403694687
2011-04-21 18:28:06-04:00,188.5109551768581
2011-04-21 18:28:09-04:00,188.5208363167693
2011-04-21 18:28:12-04:00,188.53071745668052
2011-04-21 18:28:15-04:00,188.54059859659174
2011-04-21 18:28:18-04:00,188.55047973650295
2011-04-21 18:28:21-04:00,188.56036087641414
2011-04-21 18:28:24-04:00,188.57024201632535
2011-04-21 18:28:27-04:00,188.58012315623657
2011-04-21 18:28:30-04:00,188.59000429614778
2011-04-21 18:28:33-04:00,188.599885436059
2011-04-21 18:28:36-04:00,188.6097665759702
2011-04-21 18:28:39-04:00,188.61964771588143
2011-04-21 18:28:42-04:00,188.62952885579264
2011-04-21 18:28:45-04:00,188.63940999570386
2011-04-21 18:28:48-04:00,188.64929113561507
2011-04-21 18:28:51-04:00,188.6591722755263
2011-04-21 18:28:54-04:00,188.6690534154375
2011-04-21 18:28:57-04:00,188.6789345553487
2011-04-21 18:29:00-04:00,188.6888156952599
2011-04-21 18:29:03-04:00,188.69869683517112
2011-04-21 18:29:06-04:00,188.70857797508233
2011-04-21 18:29:09-04:00,188.71845911499355
2011-04-21 18:29:12-04:00,188.72834025490477
2011-04-21 18:29:15-04:00,188.73822139481598
2011-04-21 18:29:18-04:00,188.7481025347272
2011-04-21 18:29:21-04:00,188.7579836746384
2011-04-21 18:29:24-04:00,188.76786481454963
2011-04-21 18:29:27-04:00,188.77774595446084
2011-04-21 18:29:30-04:00,188.78762709437206
2011-04-21 18:29:33-04:00,188.79750823428327
2011-04-21 18:29:36-04:00,188.80738937419449
2011-04-21 18:29:39-04:00,188.81727051410567
2011-04-21 18:29:42-04:00,188.8271516540169
2011-04-21 18:29:45-04:00,188.8370327939281
2011-04-21 18:29:48-04:00,188.84691393383932
2011-04-21 18:29:51-04:00,188.85679507375053
2011-04-21 18:29:54-04:00,188.86667621366175
2011-04-21 18:29:57-04:00,188.87655735357296
2011-04-21 18:30:00-04:00,188.88643849348418
2011-04-21 18:30:03-04:00,188.8963196333954
2011-04-21 18:30:06-04:00,188.9062007733066
2011-04-21 18:30:09-04:00,188.91608191321782
2011-04-21 18:30:12-04:00,188.92596305312904
2011-04-21 18:30:15-04:00,188.93584419304025
2011-04-21 18:30:18-04:00,188.94572533295144
2011-04-21 18:30:21-04:00,188.95560647286266
2011-04-21 18:30:24-04:00,188.96548761277387
2011-04-21 18:30:27-04:00,188.97536875268509
2011-04-21 18:30:30-04:00,188.9852498925963
2011-04-21 18:30:33-04:00,188.99513103250752
2011-04-21 18:30:36-04:00,189.00501217241873
2011-04-21 18:30:39-04:00,189.01489331232995
2011-04-21 18:30:42-04:00,189.02477445224116
2011-04-21 18:30:45-04:00,189.03465559215238
2011-04-21 18:30:48-04:00,189.0445367320636
2011-04-21 18:30:51-04:00,189.0544178719748
2011-04-21 18:30:54-04:00,189.06429901188602
2011-04-21 18:30:57-04:00,189.07418015179724
2011-04-21 18:31:00-04:00,189.08406129170842
2011-04-21 18:31:03-04:00,189.09394243161964
2011-04-21 18:31:06-04:00,189.10382357153085
2011-04-21 18:31:09-04:00,189.11370471144207
2011-04-21 18:31:12-04:00,189.12358585135328
2011-04-21 18:31:15-04:00,189.1334669912645
2011-04-21 18:31:18-04:00,189.1433481311757
2011-04-21 18:31:21-04:00,189.15322927108693
2011-04-21 18:31:24-04:00,189.16311041099814
2011-04-21 18:31:27-04:00,189.17299155090936
2011-04-21 18:31:30-04:00,189.18287269082057
2011-04-21 18:31:33-04:00,189.1927538307318
2011-04-21 18:31:36-04:00,189.20263497064298
2011-04-21 18:31:39-04:00,189.2125161105542
2011-04-21 18:31:42-04:00,189.2223972504654
2011-04-21 18:31:45-04:00,189.23227839037662
2011-04-21 18:31:48-04:00,189.24215953028784
2011-04-21 18:31:51-04:00,189.25204067019905
2011-04-21 18:31:54-04:00,189.26192181011027
2011-04-21 18:31:57-04:00,189.27180295002148
2011-04-21 18:32:00-04:00,189.2816840899327
2011-04-21 18:32:03-04:00,189.2915652298439
2011-04-21 18:32:06-04:00,189.30144636975513
2011-04-21 18:32:09-04:00,189.31132750966634
2011-04-21 18:32:12-04:00,189.32120864957756
2011-04-21 18:32:15-04:00,189.33108978948877
2011-04-21 18:32:18-04:00,189.3409709294
2011-04-21 18:32:21-04:00,189.35085206931117
2011-04-21 18:32:24-04:00,189.3607332092224
2011-04-21 18:32:27-04:00,189.3706143491336
2011-04-21 18:32:30-04:00,189.38049548904482
2011-04-21 18:32:33-04:00,189.39037662895603
2011-04-21 18:32:36-04:00,189.40025776886725
2011-04-21 18:32:39-04:00,189.41013890877846
2011-04-21 18:32:42-04:00,189.42002004868968
2011-04-21 18:32:45-04:00,189.4299011886009
2011-04-21 18:32:48-04:00,189.4397823285121
2011-04-21 18:32:51-04:00,189.44966346842332
2011-04-21 18:32:54-04:00,189.45954460833454
2011-04-21 18:32:57-04:00,189.46942574824573
2011-04-21 18:33:00-04:00,189.47930688815694
2011-04-21 18:33:03-04:00,189.48918802806816
2011-04-21 18:33:06-04:00,189.49906916797937
2011-04-21 18:33:09-04:00,189.5089503078906
2011-04-21 18:33:12-04:00,189.5188314478018
2011-04-21 18:33:15-04:00,189.52871258771302
2011-04-21 18:33:18-04:00,189.53859372762423
2011-04-21 18:33:21-04:00,189.54847486753545
2011-04-21 18:33:24-04:00,189.55835600744666
2011-04-21 18:33:27-04:00,189.56823714735788
2011-04-21 18:33:30-04:00,189.5781182872691
2011-04-21 18:33:33-04:00,189.5879994271803
2011-04-21 18:33:36-04:00,189.59788056709152
2011-04-21 18:33:39-04:00,189.6077617070027
2011-04-21 18:33:42-04:00,189.61764284691392
2011-04-21 18:33:45-04:00,189.62752398682514
2011-04-21 18:33:48-04:00,189.63740512673635
2011-04-21 18:33:51-04:00,189.64728626664757
2011-04-21 18:33:54-04:00,189.65716740655878
2011-04-21 18:33:57-04:00,189.66704854647
2011-04-21 18:34:00-04:00,189.67692968638121
2011-04-21 18:34:03-04:00,189.68681082629243
2011-04-21 18:34:06-04:00,189.69669196620364
2011-04-21 18:34:09-04:00,189.70657310611486
2011-04-21 18:34:12-04:00,189.71645424602607
2011-04-21 18:34:15-04:00,189.7263353859373
2011-04-21 18:34:18-04:00,189.73621652584848
2011-04-21 18:34:21-04:00,189.7460976657597
2011-04-21 18:34:24-04:00,189.7559788056709
2011-04-21 18:34:27-04:00,189.76585994558212
2011-04-21 18:34:30-04:00,189.77574108549334
2011-04-21 18:34:33-04:00,189.78562222540455
2011-04-21 18:34:36-04:00,189.79550336531577
2011-04-21 18:34:39-04:00,189.80538450522698
2011-04-21 18:34:42-04:00,189.8152656451382
2011-04-21 18:34:45-04:00,189.8251467850494
2011-04-21 18:34:48-04:00,189.83502792496063
2011-04-21 18:34:51-04:00,189.84490906487184
2011-04-21 18:34:54-04:00,189.85479020478306
2011-04-21 18:34:57-04:00,189.86467134469427
2011-04-21 18:35:00-04:00,189.87455248460546
2011-04-21 18:35:03-04:00,189.88443362451667
2011-04-21 18:35:06-04:00,189.8943147644279
2011-04-21 18:35:09-04:00,189.9041959043391
2011-04-21 18:35:12-04:00,189.91407704425032
2011-04-21 18:35:15-04:00,189.92395818416153
2011-04-21 18:35:18-04:00,189.93383932407275
2011-04-21 18:35:21-04:00,189.94372046398396
2011-04-21 18:35:24-04:00,189.95360160389518
2011-04-21 18:35:27-04:00,189.9634827438064
2011-04-21 18:35:30-04:00,189.9733638837176
2011-04-21 18:35:33-04:00,189.98324502362883
2011-04-21 18:35:36-04:00,189.99312616354
2011-04-21 18:35:39-04:00,190.00300730345123
2011-04-21 18:35:42-04:00,190.01288844336244
2011-04-21 18:35:45-04:00,190.02276958327366
2011-04-21 18:35:48-04:00,190.03265072318487
2011-04-21 18:35:51-04:00,190.0425318630961
2011-04-21 18:35:54-04:00,190.0524130030073
2011-04-21 18:35:57-04:00,190.06229414291852
2011-04-21 18:36:00-04:00,190.07217528282973
2011-04-21 18:36:03-04:00,190.08205642274095
2011-04-21 18:36:06-04:00,190.09193756265216
2011-04-21 18:36:09-04:00,190.10181870256338
2011-04-21 18:36:12-04:00,190.1116998424746
2011-04-21 18:36:15-04:00,190.1215809823858
2011-04-21 18:36:18-04:00,190.131462122297
2011-04-21 18:36:21-04:00,190.1413432622082
2011-04-21 18:36:24-04:00,190.15122440211942
2011-04-21 18:36:27-04:00,190.16110554203064
2011-04-21 18:36:30-04:00,190.17098668194186
2011-04-21 18:36:33-04:00,190.18086782185307
2011-04-21 18:36:36-04:00,190.19074896176429
2011-04-21 18:36:39-04:00,190.2006301016755
2011-04-21 18:36:42-04:00,190.21051124158672
2011-04-21 18:36:45-04:00,190.22039238149793
2011-04-21 18:36:48-04:00,190.23027352140915
2011-04-21 18:36:51-04:00,190.24015466132036
2011-04-21 18:36:54-04:00,190.25003580123158
2011-04-21 18:36:57-04:00,190.25991694114276
2011-04-21 18:37:00-04:00,190.26979808105398
2011-04-21 18:37:03-04:00,190.2796792209652
2011-04-21 18:37:06-04:00,190.2895603608764
2011-04-21 18:37:09-04:00,190.29944150078762
2011-04-21 18:37:12-04:00,190.30932264069884
2011-04-21 18:37:15-04:00,190.31920378061005
2011-04-21 18:37:18-04:00,190.32908492052127
2011-04-21 18:37:21-04:00,190.33896606043248
2011-04-21 18:37:24-04:00,190.3488472003437
2011-04-21 18:37:27-04:00,190.3587283402549
2011-04-21 18:37:30-04:00,190.36860948016613
2011-04-21 18:37:33-04:00,190.37849062007734
2011-04-21 18:37:36-04:00,190.38837175998856
2011-04-21 18:37:39-04:00,190.39825289989975
2011-04-21 18:37:42-04:00,190.40813403981096
2011-04-21 18:37:45-04:00,190.41801517972218
2011-04-21 18:37:48-04:00,190.4278963196334
2011-04-21 18:37:51-04:00,190.4377774595446
2011-04-21 18:37:54-04:00,190.44765859945582
2011-04-21 18:37:57-04:00,190.45753973936704
2011-04-21 18:38:00-04:00,190.46742087927825
2011-04-21 18:38:03-04:00,190.47730201918947
2011-04-21 18:38:06-04:00,190.48718315910068
2011-04-21 18:38:09-04:00,190.4970642990119
2011-04-21 18:38:12-04:00,190.5069454389231
2011-04-21 18:38:15-04:00,190.5168265788343
2011-04-21 18:38:18-04:00,190.5267077187455
2011-04-21 18:38:21-04:00,190.53658885865673
2011-04-21 18:38:24-04:00,190.54646999856794
2011-04-21 18:38:27-04:00,190.55635113847916
2011-04-21 18:38:30-04:00,190.56623227839037
2011-04-21 18:38:33-04:00,190.5761134183016
2011-04-21 18:38:36-04:00,190.5859945582128
2011-04-21 18:38:39-04:00,190.59587569812402
2011-04-21 18:38:42-04:00,190.60575683803523
2011-04-21 18:38:45-04:00,190.61563797794645
2011-04-21 18:38:48-04:00,190.62551911785766
2011-04-21 18:38:51-04:00,190.63540025776888
2011-04-21 18:38:54-04:00,190.6452813976801
2011-04-21 18:38:57-04:00,190.65516253759128
2011-04-21 18:39:00-04:00,190.6650436775025
2011-04-21 18:39:03-04:00,190.6749248174137
2011-04-21 18:39:06-04:00,190.68480595732493
2011-04-21 18:39:09-04:00,190.69468709723614
2011-04-21 18:39:12-04:00,190.70456823714736
2011-04-21 18:39:15-04:00,190.71444937705857
2011-04-21 18:39:18-04:00,190.7243305169698
2011-04-21 18:39:21-04:00,190.734211656881
2011-04-21 18:39:24-04:00,190.74409279679222
2011-04-21 18:39:27-04:00,190.75397393670343
2011-04-21 18:39:30-04:00,190.76385507661465
2011-04-21 18:39:33-04:00,190.77373621652586
2011-04-21 18:39:36-04:00,190.78361735643705
2011-04-21 18:39:39-04:00,190.79349849634826
2011-04-21 18:39:42-04:00,190.80337963625948
2011-04-21 18:39:45-04:00,190.8132607761707
2011-04-21 18:39:48-04:00,190.8231419160819
2011-04-21 18:39:51-04:00,190.83302305599312
2011-04-21 18:39:54-04:00,190.84290419590434
2011-04-21 18:39:57-04:00,190.85278533581555
2011-04-21 18:40:00-04:00,190.86266647572677
2011-04-21 18:40:03-04:00,190.87254761563798
2011-04-21 18:40:06-04:00,190.8824287555492
2011-04-21 18:40:09-04:00,190.89230989546041
2011-04-21 18:40:12-04:00,190.90219103537163
2011-04-21 18:40:15-04:00,190.91207217528284
2011-04-21 18:40:18-04:00,190.92195331519403
2011-04-21 18:40:21-04:00,190.93183445510525
2011-04-21 18:40:24-04:00,190.94171559501646
2011-04-21 18:40:27-04:00,190.95159673492768
2011-04-21 18:40:30-04:00,190.9614778748389
2011-04-21 18:40:33-04:00,190.9713590147501
2011-04-21 18:40:36-04:00,190.98124015466132
2011-04-21 18:40:39-04:00,190.99112129457254
2011-04-21 18:40:42-04:00,191.00100243448375
2011-04-21 18:40:45-04:00,191.01088357439497
2011-04-21 18:40:48-04:00,191.02076471430618
2011-04-21 18:40:51-04:00,191.0306458542174
2011-04-21 18:40:54-04:00,191.04052699412858
2011-04-21 18:40:57-04:00,191.0504081340398
2011-04-21 18:41:00-04:00,191.060289273951
2011-04-21 18:41:03-04:00,191.07017041386223
2011-04-21 18:41:06-04:00,191.08005155377344
2011-04-21 18:41:09-04:00,191.08993269368466
2011-04-21 18:41:12-04:00,191.09981383359587
2011-04-21 18:41:15-04:00,191.1096949735071
2011-04-21 18:41:18-04:00,191.1195761134183
2011-04-21 18:41:21-04:00,191.12945725332952
2011-04-21 18:41:24-04:00,191.13933839324073
2011-04-21 18:41:27-04:00,191.14921953315195
2011-04-21 18:41:30-04:00,191.15910067306316
2011-04-21 18:41:33-04:00,191.16898181297438
2011-04-21 18:41:36-04:00,191.17886295288557
2011-04-21 18:41:39-04:00,191.18874409279678
2011-04-21 18:41:42-04:00,191.198625232708
2011-04-21 18:41:45-04:00,191.2085063726192
2011-04-21 18:41:48-04:00,191.21838751253043
2011-04-21 18:41:51-04:00,191.22826865244164
2011-04-21 18:41:54-04:00,191.23814979235286
2011-04-21 18:41:57-04:00,191.24803093226407
2011-04-21 18:42:00-04:00,191.2579120721753
2011-04-21 18:42:03-04:00,191.2677932120865
2011-04-21 18:42:06-04:00,191.27767435199772
2011-04-21 18:42:09-04:00,191.28755549190893
2011-04-21 18:42:12-04:00,191.29743663182015
2011-04-21 18:42:15-04:00,191.30731777173133
2011-04-21 18:42:18-04:00,191.31719891164255
2011-04-21 18:42:21-04:00,191.32708005155376
2011-04-21 18:42:24-04:00,191.33696119146498
2011-04-21 18:42:27-04:00,191.3468423313762
2011-04-21 18:42:30-04:00,191.3567234712874
2011-04-21 18:42:33-04:00,191.36660461119862
2011-04-21 18:42:36-04:00,191.37648575110984
2011-04-21 18:42:39-04:00,191.38636689102105
2011-04-21 18:42:42-04:00,191.39624803093227
2011-04-21 18:42:45-04:00,191.40612917084349
2011-04-21 18:42:48-04:00,191.4160103107547
2011-04-21 18:42:51-04:00,191.42589145066592
2011-04-21 18:42:54-04:00,191.43577259057713
2011-04-21 18:42:57-04:00,191.44565373048832
2011-04-21 18:43:00-04:00,191.45553487039953
2011-04-21 18:43:03-04:00,191.46541601031075
2011-04-21 18:43:06-04:00,191.47529715022196
2011-04-21 18:43:09-04:00,191.48517829013318
2011-04-21 18:43:12-04:00,191.4950594300444
2011-04-21 18:43:15-04:00,191.5049405699556
2011-04-21 18:43:18-04:00,191.51482170986682
2011-04-21 18:43:21-04:00,191.52470284977804
2011-04-21 18:43:24-04:00,191.53458398968925
2011-04-21 18:43:27-04:00,191.54446512960047
2011-04-21 18:43:30-04:00,191.55434626951168
2011-04-21 18:43:33-04:00,191.56422740942287
2011-04-21 18:43:36-04:00,191.57410854933408
2011-04-21 18:43:39-04:00,191.5839896892453
2011-04-21 18:43:42-04:00,191.59387082915651
2011-04-21 18:43:45-04:00,191.60375196906773
2011-04-21 18:43:48-04:00,191.61363310897895
2011-04-21 18:43:51-04:00,191.62351424889016
2011-04-21 18:43:54-04:00,191.63339538880138
2011-04-21 18:43:57-04:00,191.6432765287126
2011-04-21 18:44:00-04:00,191.6531576686238
2011-04-21 18:44:03-04:00,191.66303880853502
2011-04-21 18:44:06-04:00,191.67291994844624
2011-04-21 18:44:09-04:00,191.68280108835745
2011-04-21 18:44:12-04:00,191.69268222826867
2011-04-21 18:44:15-04:00,191.70256336817988
2011-04-21 18:44:18-04:00,191.71244450809107
2011-04-21 18:44:21-04:00,191.72232564800228
2011-04-21 18:44:24-04:00,191.7322067879135
2011-04-21 18:44:27-04:00,191.7420879278247
2011-04-21 18:44:30-04:00,191.75196906773593
2011-04-21 18:44:33-04:00,191.76185020764714
2011-04-21 18:44:36-04:00,191.77173134755836
2011-04-21 18:44:39-04:00,191.78161248746957
2011-04-21 18:44:42-04:00,191.7914936273808
2011-04-21 18:44:45-04:00,191.801374767292
2011-04-21 18:44:48-04:00,191.81125590720322
2011-04-21 18:44:51-04:00,191.82113704711443
2011-04-21 18:44:54-04:00,191.83101818702562
2011-04-21 18:44:57-04:00,191.84089932693684
2011-04-21 18:45:00-04:00,191.85078046684805
2011-04-21 18:45:03-04:00,191.86066160675927
2011-04-21 18:45:06-04:00,191.87054274667048
2011-04-21 18:45:09-04:00,191.8804238865817
2011-04-21 18:45:12-04:00,191.8903050264929
2011-04-21 18:45:15-04:00,191.90018616640413
2011-04-21 18:45:18-04:00,191.91006730631534
2011-04-21 18:45:21-04:00,191.91994844622656
2011-04-21 18:45:24-04:00,191.92982958613777
2011-04-21 18:45:27-04:00,191.939710726049
2011-04-21 18:45:30-04:00,191.9495918659602
2011-04-21 18:45:33-04:00,191.95947300587142
2011-04-21 18:45:36-04:00,191.9693541457826
2011-04-21 18:45:39-04:00,191.97923528569382
2011-04-21 18:45:42-04:00,191.98911642560503
2011-04-21 18:45:45-04:00,191.99899756551625
2011-04-21 18:45:48-04:00,192.00887870542746
2011-04-21 18:45:51-04:00,192.01875984533868
2011-04-21 18:45:54-04:00,192.0286409852499
2011-04-21 18:45:57-04:00,192.0385221251611
2011-04-21 18:46:00-04:00,192.04840326507232
2011-04-21 18:46:03-04:00,192.05828440498354
2011-04-21 18:46:06-04:00,192.06816554489475
2011-04-21 18:46:09-04:00,192.07804668480597
2011-04-21 18:46:12-04:00,192.08792782471718
2011-04-21 18:46:15-04:00,192.09780896462837
2011-04-21 18:46:18-04:00,192.10769010453959
2011-04-21 18:46:21-04:00,192.1175712444508
2011-04-21 18:46:24-04:00,192.12745238436202
2011-04-21 18:46:27-04:00,192.13733352427323
2011-04-21 18:46:30-04:00,192.14721466418445
2011-04-21 18:46:33-04:00,192.15709580409566
2011-04-21 18:46:36-04:00,192.16697694400688
2011-04-21 18:46:39-04:00,192.1768580839181
2011-04-21 18:46:42-04:00,192.1867392238293
2011-04-21 18:46:45-04:00,192.19662036374052
2011-04-21 18:46:48-04:00,192.20650150365174
2011-04-21 18:46:51-04:00,192.21638264356295
2011-04-21 18:46:54-04:00,192.22626378347417
2011-04-21 18:46:57-04:00,192.23614492338535
2011-04-21 18:47:00-04:00,192.24602606329657
2011-04-21 18:47:03-04:00,192.25590720320778
2011-04-21 18:47:06-04:00,192.265788343119
2011-04-21 18:47:09-04:00,192.2756694830302
2011-04-21 18:47:12-04:00,192.28555062294143
2011-04-21 18:47:15-04:00,192.29543176285264
2011-04-21 18:47:18-04:00,192.30531290276386
2011-04-21 18:47:21-04:00,192.31519404267507
2011-04-21 18:47:24-04:00,192.3250751825863
2011-04-21 18:47:27-04:00,192.3349563224975
2011-04-21 18:47:30-04:00,192.34483746240872
2011-04-21 18:47:33-04:00,192.3547186023199
2011-04-21 18:47:36-04:00,192.36459974223112
2011-04-21 18:47:39-04:00,192.37448088214234
2011-04-21 18:47:42-04:00,192.38436202205355
2011-04-21 18:47:45-04:00,192.39424316196477
2011-04-21 18:47:48-04:00,192.40412430187598
2011-04-21 18:47:51-04:00,192.4140054417872
2011-04-21 18:47:54-04:00,192.4238865816984
2011-04-21 18:47:57-04:00,192.43376772160963
2011-04-21 18:48:00-04:00,192.44364886152084
2011-04-21 18:48:03-04:00,192.45353000143206
2011-04-21 18:48:06-04:00,192.46341114134327
2011-04-21 18:48:09-04:00,192.4732922812545
2011-04-21 18:48:12-04:00,192.4831734211657
2011-04-21 18:48:15-04:00,192.4930545610769
2011-04-21 18:48:18-04:00,192.5029357009881
2011-04-21 18:48:21-04:00,192.51281684089932
2011-04-21 18:48:24-04:00,192.52269798081053
2011-04-21 18:48:27-04:00,192.53257912072175
2011-04-21 18:48:30-04:00,192.54246026063296
2011-04-21 18:48:33-04:00,192.55234140054418
2011-04-21 18:48:36-04:00,192.5622225404554
2011-04-21 18:48:39-04:00,192.5721036803666
2011-04-21 18:48:42-04:00,192.58198482027782
2011-04-21 18:48:45-04:00,192.59186596018904
2011-04-21 18:48:48-04:00,192.60174710010025
2011-04-21 18:48:51-04:00,192.61162824001147
2011-04-21 18:48:54-04:00,192.62150937992266
2011-04-21 18:48:57-04:00,192.63139051983387
2011-04-21 18:49:00-04:00,192.6412716597451
2011-04-21 18:49:03-04:00,192.6511527996563
2011-04-21 18:49:06-04:00,192.66103393956752
2011-04-21 18:49:09-04:00,192.67091507947873
2011-04-21 18:49:12-04:00,192.68079621938995
2011-04-21 18:49:15-04:00,192.69067735930116
2011-04-21 18:49:18-04:00,192.70055849921238
2011-04-21 18:49:21-04:00,192.7104396391236
2011-04-21 18:49:24-04:00,192.7203207790348
2011-04-21 18:49:27-04:00,192.73020191894602
2011-04-21 18:49:30-04:00,192.74008305885724
2011-04-21 18:49:33-04:00,192.74996419876845
2011-04-21 18:49:36-04:00,192.75984533867964
2011-04-21 18:49:39-04:00,192.76972647859085
2011-04-21 18:49:42-04:00,192.77960761850207
2011-04-21 18:49:45-04:00,192.78948875841328
2011-04-21 18:49:48-04:00,192.7993698983245
2011-04-21 18:49:51-04:00,192.80925103823571
2011-04-21 18:49:54-04:00,192.81913217814693
2011-04-21 18:49:57-04:00,192.82901331805814
2011-04-21 18:50:00-04:00,192.83889445796936
2011-04-21 18:50:03-04:00,192.84877559788058
2011-04-21 18:50:06-04:00,192.8586567377918
2011-04-21 18:50:09-04:00,192.868537877703
2011-04-21 18:50:12-04:00,192.8784190176142
2011-04-21 18:50:15-04:00,192.8883001575254
2011-04-21 18:50:18-04:00,192.89818129743662
2011-04-21 18:50:21-04:00,192.90806243734784
2011-04-21 18:50:24-04:00,192.91794357725905
2011-04-21 18:50:27-04:00,192.92782471717027
2011-04-21 18:50:30-04:00,192.93770585708148
2011-04-21 18:50:33-04:00,192.9475869969927
2011-04-21 18:50:36-04:00,192.9574681369039
2011-04-21 18:50:39-04:00,192.96734927681513
2011-04-21 18:50:42-04:00,192.97723041672634
2011-04-21 18:50:45-04:00,192.98711155663756
2011-04-21 18:50:48-04:00,192.99699269654877
2011-04-21 18:50:51-04:00,193.00687383646
2011-04-21 18:50:54-04:00,193.01675497637117
2011-04-21 18:50:57-04:00,193.0266361162824
2011-04-21 18:51:00-04:00,193.0365172561936
2011-04-21 18:51:03-04:00,193.04639839610482
2011-04-21 18:51:06-04:00,193.05627953601604
2011-04-21 18:51:09-04:00,193.06616067592725
2011-04-21 18:51:12-04:00,193.07604181583847
2011-04-21 18:51:15-04:00,193.08592295574968
2011-04-21 18:51:18-04:00,193.0958040956609
2011-04-21 18:51:21-04:00,193.1056852355721
2011-04-21 18:51:24-04:00,193.11556637548333
2011-04-21 18:51:27-04:00,193.12544751539454
2011-04-21 18:51:30-04:00,193.13532865530576
2011-04-21 18:51:33-04:00,193.14520979521694
2011-04-21 18:51:36-04:00,193.15509093512816
2011-04-21 18:51:39-04:00,193.16497207503937
2011-04-21 18:51:42-04:00,193.1748532149506
2011-04-21 18:51:45-04:00,193.1847343548618
2011-04-21 18:51:48-04:00,193.19461549477302
2011-04-21 18:51:51-04:00,193.20449663468423
2011-04-21 18:51:54-04:00,193.21437777459545
2011-04-21 18:51:57-04:00,193.22425891450666
2011-04-21 18:52:00-04:00,193.23414005441788
2011-04-21 18:52:03-04:00,193.2440211943291
2011-04-21 18:52:06-04:00,193.2539023342403
2011-04-21 18:52:09-04:00,193.26378347415152
2011-04-21 18:52:12-04:00,193.27366461406274
2011-04-21 18:52:15-04:00,193.28354575397393
2011-04-21 18:52:18-04:00,193.29342689388514
2011-04-21 18:52:21-04:00,193.30330803379636
2011-04-21 18:52:24-04:00,193.31318917370757
2011-04-21 18:52:27-04:00,193.32307031361879
2011-04-21 18:52:30-04:00,193.33295145353
2011-04-21 18:52:33-04:00,193.34283259344122
2011-04-21 18:52:36-04:00,193.35271373335243
2011-04-21 18:52:39-04:00,193.36259487326365
2011-04-21 18:52:42-04:00,193.37247601317486
2011-04-21 18:52:45-04:00,193.38235715308608
2011-04-21 18:52:48-04:00,193.3922382929973
2011-04-21 18:52:51-04:00,193.40211943290848
2011-04-21 18:52:54-04:00,193.4120005728197
2011-04-21 18:52:57-04:00,193.4218817127309
2011-04-21 18:53:00-04:00,193.43176285264212
2011-04-21 18:53:03-04:00,193.44164399255334
2011-04-21 18:53:06-04:00,193.45152513246455
2011-04-21 18:53:09-04:00,193.46140627237577
2011-04-21 18:53:12-04:00,193.47128741228698
2011-04-21 18:53:15-04:00,193.4811685521982
2011-04-21 18:53:18-04:00,193.4910496921094
2011-04-21 18:53:21-04:00,193.50093083202063
2011-04-21 18:53:24-04:00,193.51081197193184
2011-04-21 18:53:27-04:00,193.52069311184306
2011-04-21 18:53:30-04:00,193.53057425175427
2011-04-21 18:53:33-04:00,193.54045539166546
2011-04-21 18:53:36-04:00,193.55033653157668
2011-04-21 18:53:39-04:00,193.5602176714879
2011-04-21 18:53:42-04:00,193.5700988113991
2011-04-21 18:53:45-04:00,193.57997995131032
2011-04-21 18:53:48-04:00,193.58986109122154
2011-04-21 18:53:51-04:00,193.59974223113275
2011-04-21 18:53:54-04:00,193.60962337104397
2011-04-21 18:53:57-04:00,193.61950451095518
2011-04-21 18:54:00-04:00,193.6293856508664
2011-04-21 18:54:03-04:00,193.6392667907776
2011-04-21 18:54:06-04:00,193.64914793068883
2011-04-21 18:54:09-04:00,193.65902907060004
2011-04-21 18:54:12-04:00,193.66891021051123
2011-04-21 18:54:15-04:00,193.67879135042244
2011-04-21 18:54:18-04:00,193.68867249033366
2011-04-21 18:54:21-04:00,193.69855363024487
2011-04-21 18:54:24-04:00,193.7084347701561
2011-04-21 18:54:27-04:00,193.7183159100673
2011-04-21 18:54:30-04:00,193.72819704997852
2011-04-21 18:54:33-04:00,193.73807818988973
2011-04-21 18:54:36-04:00,193.74795932980095
2011-04-21 18:54:39-04:00,193.75784046971216
2011-04-21 18:54:42-04:00,193.76772160962338
2011-04-21 18:54:45-04:00,193.7776027495346
2011-04-21 18:54:48-04:00,193.7874838894458
2011-04-21 18:54:51-04:00,193.79736502935702
2011-04-21 18:54:54-04:00,193.8072461692682
2011-04-21 18:54:57-04:00,193.81712730917943
2011-04-21 18:55:00-04:00,193.82700844909064
2011-04-21 18:55:03-04:00,193.83688958900186
2011-04-21 18:55:06-04:00,193.84677072891307
2011-04-21 18:55:09-04:00,193.8566518688243
2011-04-21 18:55:12-04:00,193.8665330087355
2011-04-21 18:55:15-04:00,193.87641414864672
2011-04-21 18:55:18-04:00,193.88629528855793
2011-04-21 18:55:21-04:00,193.89617642846915
2011-04-21 18:55:24-04:00,193.90605756838036
2011-04-21 18:55:27-04:00,193.91593870829158
2011-04-21 18:55:30-04:00,193.92581984820276
2011-04-21 18:55:33-04:00,193.93570098811398
2011-04-21 18:55:36-04:00,193.9455821280252
2011-04-21 18:55:39-04:00,193.9554632679364
2011-04-21 18:55:42-04:00,193.96534440784762
2011-04-21 18:55:45-04:00,193.97522554775884
2011-04-21 18:55:48-04:00,193.98510668767005
2011-04-21 18:55:51-04:00,193.99498782758127
2011-04-21 18:55:54-04:00,194.00486896749248
2011-04-21 18:55:57-04:00,194.0147501074037
2011-04-21 18:56:00-04:00,194.02463124731491
2011-04-21 18:56:03-04:00,194.03451238722613
2011-04-21 18:56:06-04:00,194.04439352713734
2011-04-21 18:56:09-04:00,194.05427466704856
2011-04-21 18:56:12-04:00,194.06415580695977
2011-04-21 18:56:15-04:00,194.07403694687096
2011-04-21 18:56:18-04:00,194.08391808678218
2011-04-21 18:56:21-04:00,194.0937992266934
2011-04-21 18:56:24-04:00,194.1036803666046
2011-04-21 18:56:27-04:00,194.11356150651582
2011-04-21 18:56:30-04:00,194.12344264642704
2011-04-21 18:56:33-04:00,194.13332378633825
2011-04-21 18:56:36-04:00,194.14320492624947
2011-04-21 18:56:39-04:00,194.15308606616068
2011-04-21 18:56:42-04:00,194.1629672060719
2011-04-21 18:56:45-04:00,194.1728483459831
2011-04-21 18:56:48-04:00,194.18272948589433
2011-04-21 18:56:51-04:00,194.19261062580551
2011-04-21 18:56:54-04:00,194.20249176571673
2011-04-21 18:56:57-04:00,194.21237290562794
2011-04-21 18:57:00-04:00,194.22225404553916
2011-04-21 18:57:03-04:00,194.23213518545037
2011-04-21 18:57:06-04:00,194.2420163253616
2011-04-21 18:57:09-04:00,194.2518974652728
2011-04-21 18:57:12-04:00,194.26177860518402
2011-04-21 18:57:15-04:00,194.27165974509523
2011-04-21 18:57:18-04:00,194.28154088500645
2011-04-21 18:57:21-04:00,194.29142202491767
2011-04-21 18:57:24-04:00,194.30130316482888
2011-04-21 18:57:27-04:00,194.3111843047401
2011-04-21 18:57:30-04:00,194.3210654446513
2011-04-21 18:57:33-04:00,194.3309465845625
2011-04-21 18:57:36-04:00,194.3408277244737
2011-04-21 18:57:39-04:00,194.35070886438493
2011-04-21 18:57:42-04:00,194.36059000429614
2011-04-21 18:57:45-04:00,194.37047114420736
2011-04-21 18:57:48-04:00,194.38035228411857
2011-04-21 18:57:51-04:00,194.3902334240298
2011-04-21 18:57:54-04:00,194.400114563941
2011-04-21 18:57:57-04:00,194.40999570385222
2011-04-21 18:58:00-04:00,194.41987684376343
2011-04-21 18:58:03-04:00,194.42975798367465
2011-04-21 18:58:06-04:00,194.43963912358586
2011-04-21 18:58:09-04:00,194.44952026349708
2011-04-21 18:58:12-04:00,194.45940140340826
2011-04-21 18:58:15-04:00,194.46928254331948
2011-04-21 18:58:18-04:00,194.4791636832307
2011-04-21 18:58:21-04:00,194.4890448231419
2011-04-21 18:58:24-04:00,194.49892596305313
2011-04-21 18:58:27-04:00,194.50880710296434
2011-04-21 18:58:30-04:00,194.51868824287556
2011-04-21 18:58:33-04:00,194.52856938278677
2011-04-21 18:58:36-04:00,194.53845052269799
2011-04-21 18:58:39-04:00,194.5483316626092
2011-04-21 18:58:42-04:00,194.55821280252042
2011-04-21 18:58:45-04:00,194.56809394243163
2011-04-21 18:58:48-04:00,194.57797508234285
2011-04-21 18:58:51-04:00,194.58785622225406
2011-04-21 18:58:54-04:00,194.59773736216525
2011-04-21 18:58:57-04:00,194.60761850207646
2011-04-21 18:59:00-04:00,194.61749964198768
2011-04-21 18:59:03-04:00,194.6273807818989
2011-04-21 18:59:06-04:00,194.6372619218101
2011-04-21 18:59:09-04:00,194.64714306172132
2011-04-21 18:59:12-04:00,194.65702420163254
2011-04-21 18:59:15-04:00,194.66690534154375
2011-04-21 18:59:18-04:00,194.67678648145497
2011-04-21 18:59:21-04:00,194.68666762136618
2011-04-21 18:59:24-04:00,194.6965487612774
2011-04-21 18:59:27-04:00,194.7064299011886
2011-04-21 18:59:30-04:00,194.7163110410998
2011-04-21 18:59:33-04:00,194.72619218101102
2011-04-21 18:59:36-04:00,194.73607332092223
2011-04-21 18:59:39-04:00,194.74595446083345
2011-04-21 18:59:42-04:00,194.75583560074466
2011-04-21 18:59:45-04:00,194.76571674065588
2011-04-21 18:59:48-04:00,194.7755978805671
2011-04-21 18:59:51-04:00,194.7854790204783
2011-04-21 18:59:54-04:00,194.79536016038952
2011-04-21 18:59:57-04:00,194.80524130030074
2011-04-21 19:00:00-04:00,194.81512244021195
2011-04-21 19:00:03-04:00,194.82500358012317
2011-04-21 19:00:06-04:00,194.83488472003438
2011-04-21 19:00:09-04:00,194.8447658599456
2011-04-21 19:00:12-04:00,194.85464699985678
2011-04-21 19:00:15-04:00,194.864528139768
2011-04-21 19:00:18-04:00,194.8744092796792
2011-04-21 19:00:21-04:00,194.88429041959043
2011-04-21 19:00:24-04:00,194.89417155950164
2011-04-21 19:00:27-04:00,194.90405269941286
2011-04-21 19:00:30-04:00,194.91393383932407
2011-04-21 19:00:33-04:00,194.9238149792353
2011-04-21 19:00:36-04:00,194.9336961191465
2011-04-21 19:00:39-04:00,194.94357725905772
2011-04-21 19:00:42-04:00,194.95345839896893
2011-04-21 19:00:45-04:00,194.96333953888015
2011-04-21 19:00:48-04:00,194.97322067879136
2011-04-21 19:00:51-04:00,194.98310181870255
2011-04-21 19:00:54-04:00,194.99298295861377
2011-04-21 19:00:57-04:00,195.00286409852498
2011-04-21 19:01:00-04:00,195.0127452384362
2011-04-21 19:01:03-04:00,195.0226263783474
2011-04-21 19:01:06-04:00,195.03250751825863
2011-04-21 19:01:09-04:00,195.04238865816984
2011-04-21 19:01:12-04:00,195.05226979808106
2011-04-21 19:01:15-04:00,195.06215093799227
2011-04-21 19:01:18-04:00,195.0720320779035
2011-04-21 19:01:21-04:00,195.0819132178147
2011-04-21 19:01:24-04:00,195.09179435772592
2011-04-21 19:01:27-04:00,195.10167549763713
2011-04-21 19:01:30-04:00,195.11155663754835
2011-04-21 19:01:33-04:00,195.12143777745953
2011-04-21 19:01:36-04:00,195.13131891737075
2011-04-21 19:01:39-04:00,195.14120005728196
2011-04-21 19:01:42-04:00,195.15108119719318
2011-04-21 19:01:45-04:00,195.1609623371044
2011-04-21 19:01:48-04:00,195.1708434770156
2011-04-21 19:01:51-04:00,195.18072461692682
2011-04-21 19:01:54-04:00,195.19060575683804
2011-04-21 19:01:57-04:00,195.20048689674925
2011-04-21 19:02:00-04:00,195.21036803666047
2011-04-21 19:02:03-04:00,195.22024917657168
2011-04-21 19:02:06-04:00,195.2301303164829
2011-04-21 19:02:09-04:00,195.2400114563941
2011-04-21 19:02:12-04:00,195.2498925963053
2011-04-21 19:02:15-04:00,195.25977373621652
2011-04-21 19:02:18-04:00,195.26965487612773
2011-04-21 19:02:21-04:00,195.27953601603895
2011-04-21 19:02:24-04:00,195.28941715595016
2011-04-21 19:02:27-04:00,195.29929829586138
2011-04-21 19:02:30-04:00,195.3091794357726
2011-04-21 19:02:33-04:00,195.3190605756838
2011-04-21 19:02:36-04:00,195.32894171559502
2011-04-21 19:02:39-04:00,195.33882285550624
2011-04-21 19:02:42-04:00,195.34870399541745
2011-04-21 19:02:45-04:00,195.35858513532867
2011-04-21 19:02:48-04:00,195.36846627523988
2011-04-21 19:02:51-04:00,195.37834741515107
2011-04-21 19:02:54-04:00,195.38822855506228
2011-04-21 19:02:57-04:00,195.3981096949735
2011-04-21 19:03:00-04:00,195.4079908348847
2011-04-21 19:03:03-04:00,195.41787197479593
2011-04-21 19:03:06-04:00,195.42775311470714
2011-04-21 19:03:09-04:00,195.43763425461836
2011-04-21 19:03:12-04:00,195.44751539452957
2011-04-21 19:03:15-04:00,195.4573965344408
2011-04-21 19:03:18-04:00,195.467277674352
2011-04-21 19:03:21-04:00,195.47715881426322
2011-04-21 19:03:24-04:00,195.48703995417443
2011-04-21 19:03:27-04:00,195.49692109408565
2011-04-21 19:03:30-04:00,195.50680223399684
2011-04-21 19:03:33-04:00,195.51668337390805
2011-04-21 19:03:36-04:00,195.52656451381927
2011-04-21 19:03:39-04:00,195.53644565373048
2011-04-21 19:03:42-04:00,195.5463267936417
2011-04-21 19:03:45-04:00,195.5562079335529
2011-04-21 19:03:48-04:00,195.56608907346413
2011-04-21 19:03:51-04:00,195.57597021337534
2011-04-21 19:03:54-04:00,195.58585135328656
2011-04-21 19:03:57-04:00,195.59573249319777
2011-04-21 19:04:00-04:00,195.605613633109
2011-04-21 19:04:03-04:00,195.6154947730202
2011-04-21 19:04:06-04:00,195.62537591293142
2011-04-21 19:04:09-04:00,195.63525705284263
2011-04-21 19:04:12-04:00,195.64513819275382
2011-04-21 19:04:15-04:00,195.65501933266503
2011-04-21 19:04:18-04:00,195.66490047257625
2011-04-21 19:04:21-04:00,195.67478161248746
2011-04-21 19:04:24-04:00,195.68466275239868
2011-04-21 19:04:27-04:00,195.6945438923099
2011-04-21 19:04:30-04:00,195.7044250322211
2011-04-21 19:04:33-04:00,195.71430617213232
2011-04-21 19:04:36-04:00,195.72418731204354
2011-04-21 19:04:39-04:00,195.73406845195476
2011-04-21 19:04:42-04:00,195.74394959186597
2011-04-21 19:04:45-04:00,195.75383073177719
2011-04-21 19:04:48-04:00,195.76371187168837
2011-04-21 19:04:51-04:00,195.7735930115996
2011-04-21 19:04:54-04:00,195.7834741515108
2011-04-21 19:04:57-04:00,195.79335529142202
2011-04-21 19:05:00-04:00,195.80323643133323
2011-04-21 19:05:03-04:00,195.81311757124445
2011-04-21 19:05:06-04:00,195.82299871115566
2011-04-21 19:05:09-04:00,195.83287985106688
2011-04-21 19:05:12-04:00,195.8427609909781
2011-04-21 19:05:15-04:00,195.8526421308893
2011-04-21 19:05:18-04:00,195.86252327080052
2011-04-21 19:05:21-04:00,195.87240441071174
2011-04-21 19:05:24-04:00,195.88228555062295
2011-04-21 19:05:27-04:00,195.89216669053417
2011-04-21 19:05:30-04:00,195.90204783044535
2011-04-21 19:05:33-04:00,195.91192897035657
2011-04-21 19:05:36-04:00,195.92181011026778
2011-04-21 19:05:39-04:00,195.931691250179
2011-04-21 19:05:42-04:00,195.94157239009022
2011-04-21 19:05:45-04:00,195.95145353000143
2011-04-21 19:05:48-04:00,195.96133466991265
2011-04-21 19:05:51-04:00,195.97121580982386
2011-04-21 19:05:54-04:00,195.98109694973508
2011-04-21 19:05:57-04:00,195.9909780896463
2011-04-21 19:06:00-04:00,196.0008592295575
2011-04-21 19:06:03-04:00,196.01074036946872
2011-04-21 19:06:06-04:00,196.0206215093799
2011-04-21 19:06:09-04:00,196.03050264929112
2011-04-21 19:06:12-04:00,196.04038378920234
2011-04-21 19:06:15-04:00,196.05026492911355
2011-04-21 19:06:18-04:00,196.06014606902477
2011-04-21 19:06:21-04:00,196.07002720893598
2011-04-21 19:06:24-04:00,196.0799083488472
2011-04-21 19:06:27-04:00,196.0897894887584
2011-04-21 19:06:30-04:00,196.09967062866963
2011-04-21 19:06:33-04:00,196.10955176858084
2011-04-21 19:06:36-04:00,196.11943290849206
2011-04-21 19:06:39-04:00,196.12931404840327
2011-04-21 19:06:42-04:00,196.1391951883145
2011-04-21 19:06:45-04:00,196.1490763282257
2011-04-21 19:06:48-04:00,196.15895746813692
2011-04-21 19:06:51-04:00,196.1688386080481
2011-04-21 19:06:54-04:00,196.17871974795932
2011-04-21 19:06:57-04:00,196.18860088787054
2011-04-21 19:07:00-04:00,196.19848202778175
2011-04-21 19:07:03-04:00,196.20836316769297
2011-04-21 19:07:06-04:00,196.21824430760418
2011-04-21 19:07:09-04:00,196.2281254475154
2011-04-21 19:07:12-04:00,196.2380065874266
2011-04-21 19:07:15-04:00,196.24788772733783
2011-04-21 19:07:18-04:00,196.25776886724904
2011-04-21 19:07:21-04:00,196.26765000716026
2011-04-21 19:07:24-04:00,196.27753114707147
2011-04-21 19:07:27-04:00,196.28741228698266
2011-04-21 19:07:30-04:00,196.29729342689387
2011-04-21 19:07:33-04:00,196.3071745668051
2011-04-21 19:07:36-04:00,196.3170557067163
2011-04-21 19:07:39-04:00,196.32693684662752
2011-04-21 19:07:42-04:00,196.33681798653873
2011-04-21 19:07:45-04:00,196.34669912644995
2011-04-21 19:07:48-04:00,196.35658026636116
2011-04-21 19:07:51-04:00,196.36646140627238
2011-04-21 19:07:54-04:00,196.3763425461836
2011-04-21 19:07:57-04:00,196.3862236860948
2011-04-21 19:08:00-04:00,196.39610482600602
2011-04-21 19:08:03-04:00,196.40598596591724
2011-04-21 19:08:06-04:00,196.41586710582845
2011-04-21 19:08:09-04:00,196.42574824573967
2011-04-21 19:08:12-04:00,196.43562938565086
2011-04-21 19:08:15-04:00,196.44551052556207
2011-04-21 19:08:18-04:00,196.4553916654733
2011-04-21 19:08:21-04:00,196.4652728053845
2011-04-21 19:08:24-04:00,196.47515394529572
2011-04-21 19:08:27-04:00,196.48503508520693
2011-04-21 19:08:30-04:00,196.49491622511815
2011-04-21 19:08:33-04:00,196.50479736502936
2011-04-21 19:08:36-04:00,196.51467850494058
2011-04-21 19:08:39-04:00,196.5245596448518
2011-04-21 19:08:42-04:00,196.534440784763
2011-04-21 19:08:45-04:00,196.54432192467422
2011-04-21 19:08:48-04:00,196.5542030645854
2011-04-21 19:08:51-04:00,196.56408420449662
2011-04-21 19:08:54-04:00,196.57396534440784
2011-04-21 19:08:57-04:00,196.58384648431905
2011-04-21 19:09:00-04:00,196.59372762423027
2011-04-21 19:09:03-04:00,196.60360876414148
2011-04-21 19:09:06-04:00,196.6134899040527
2011-04-21 19:09:09-04:00,196.6233710439639
2011-04-21 19:09:12-04:00,196.63325218387513
2011-04-21 19:09:15-04:00,196.64313332378634
2011-04-21 19:09:18-04:00,196.65301446369756
2011-04-21 19:09:21-04:00,196.66289560360877
2011-04-21 19:09:24-04:00,196.67277674352
2011-04-21 19:09:27-04:00,196.6826578834312
2011-04-21 19:09:30-04:00,196.69253902334242
2011-04-21 19:09:33-04:00,196.7024201632536
2011-04-21 19:09:36-04:00,196.71230130316482
2011-04-21 19:09:39-04:00,196.72218244307604
2011-04-21 19:09:42-04:00,196.73206358298725
2011-04-21 19:09:45-04:00,196.74194472289847
2011-04-21 19:09:48-04:00,196.75182586280968
2011-04-21 19:09:51-04:00,196.7617070027209
2011-04-21 19:09:54-04:00,196.7715881426321
2011-04-21 19:09:57-04:00,196.78146928254333
2011-04-21 19:10:00-04:00,196.79135042245454
2011-04-21 19:10:03-04:00,196.80123156236576
2011-04-21 19:10:06-04:00,196.81111270227694
2011-04-21 19:10:09-04:00,196.82099384218816
2011-04-21 19:10:12-04:00,196.83087498209937
2011-04-21 19:10:15-04:00,196.8407561220106
2011-04-21 19:10:18-04:00,196.8506372619218
2011-04-21 19:10:21-04:00,196.86051840183302
2011-04-21 19:10:24-04:00,196.87039954174423
2011-04-21 19:10:27-04:00,196.88028068165545
2011-04-21 19:10:30-04:00,196.89016182156666
2011-04-21 19:10:33-04:00,196.90004296147788
2011-04-21 19:10:36-04:00,196.9099241013891
2011-04-21 19:10:39-04:00,196.9198052413003
2011-04-21 19:10:42-04:00,196.92968638121152
2011-04-21 19:10:45-04:00,196.93956752112274
2011-04-21 19:10:48-04:00,196.94944866103395
2011-04-21 19:10:51-04:00,196.95932980094514
2011-04-21 19:10:54-04:00,196.96921094085636
2011-04-21 19:10:57-04:00,196.97909208076757
2011-04-21 19:11:00-04:00,196.9889732206788
2011-04-21 19:11:03-04:00,196.99885436059
2011-04-21 19:11:06-04:00,197.00873550050122
2011-04-21 19:11:09-04:00,197.01861664041243
2011-04-21 19:11:12-04:00,197.02849778032365
2011-04-21 19:11:15-04:00,197.03837892023486
2011-04-21 19:11:18-04:00,197.04826006014608
2011-04-21 19:11:21-04:00,197.0581412000573
2011-04-21 19:11:24-04:00,197.0680223399685
2011-04-21 19:11:27-04:00,197.0779034798797
2011-04-21 19:11:30-04:00,197.0877846197909
2011-04-21 19:11:33-04:00,197.09766575970212
2011-04-21 19:11:36-04:00,197.10754689961334
2011-04-21 19:11:39-04:00,197.11742803952455
2011-04-21 19:11:42-04:00,197.12730917943577
2011-04-21 19:11:45-04:00,197.13719031934698
2011-04-21 19:11:48-04:00,197.1470714592582
2011-04-21 19:11:51-04:00,197.15695259916941
2011-04-21 19:11:54-04:00,197.16683373908063
2011-04-21 19:11:57-04:00,197.17671487899185
2011-04-21 19:12:00-04:00,197.18659601890306
2011-04-21 19:12:03-04:00,197.19647715881428
2011-04-21 19:12:06-04:00,197.2063582987255
2011-04-21 19:12:09-04:00,197.2162394386367
2011-04-21 19:12:12-04:00,197.2261205785479
2011-04-21 19:12:15-04:00,197.2360017184591
2011-04-21 19:12:18-04:00,197.24588285837032
2011-04-21 19:12:21-04:00,197.25576399828154
2011-04-21 19:12:24-04:00,197.26564513819275
2011-04-21 19:12:27-04:00,197.27552627810397
2011-04-21 19:12:30-04:00,197.28540741801518
2011-04-21 19:12:33-04:00,197.2952885579264
2011-04-21 19:12:36-04:00,197.3051696978376
2011-04-21 19:12:39-04:00,197.31505083774883
2011-04-21 19:12:42-04:00,197.32493197766004
2011-04-21 19:12:45-04:00,197.33481311757123
2011-04-21 19:12:48-04:00,197.34469425748244
2011-04-21 19:12:51-04:00,197.35457539739366
2011-04-21 19:12:54-04:00,197.36445653730487
2011-04-21 19:12:57-04:00,197.3743376772161
2011-04-21 19:13:00-04:00,197.3842188171273
2011-04-21 19:13:03-04:00,197.39409995703852
2011-04-21 19:13:06-04:00,197.40398109694974
2011-04-21 19:13:09-04:00,197.41386223686095
2011-04-21 19:13:12-04:00,197.42374337677217
2011-04-21 19:13:15-04:00,197.43362451668338
2011-04-21 19:13:18-04:00,197.4435056565946
2011-04-21 19:13:21-04:00,197.4533867965058
2011-04-21 19:13:24-04:00,197.46326793641703
2011-04-21 19:13:27-04:00,197.47314907632824
2011-04-21 19:13:30-04:00,197.48303021623943
2011-04-21 19:13:33-04:00,197.49291135615064
2011-04-21 19:13:36-04:00,197.50279249606186
2011-04-21 19:13:39-04:00,197.51267363597307
2011-04-21 19:13:42-04:00,197.5225547758843
2011-04-21 19:13:45-04:00,197.5324359157955
2011-04-21 19:13:48-04:00,197.54231705570672
2011-04-21 19:13:51-04:00,197.55219819561793
2011-04-21 19:13:54-04:00,197.56207933552915
2011-04-21 19:13:57-04:00,197.57196047544036
2011-04-21 19:14:00-04:00,197.58184161535158
2011-04-21 19:14:03-04:00,197.5917227552628
2011-04-21 19:14:06-04:00,197.60160389517398
2011-04-21 19:14:09-04:00,197.6114850350852
2011-04-21 19:14:12-04:00,197.6213661749964
2011-04-21 19:14:15-04:00,197.63124731490763
2011-04-21 19:14:18-04:00,197.64112845481884
2011-04-21 19:14:21-04:00,197.65100959473006
2011-04-21 19:14:24-04:00,197.66089073464127
2011-04-21 19:14:27-04:00,197.67077187455249
2011-04-21 19:14:30-04:00,197.6806530144637
2011-04-21 19:14:33-04:00,197.69053415437492
2011-04-21 19:14:36-04:00,197.70041529428613
2011-04-21 19:14:39-04:00,197.71029643419735
2011-04-21 19:14:42-04:00,197.72017757410856
2011-04-21 19:14:45-04:00,197.73005871401978
2011-04-21 19:14:48-04:00,197.739939853931
2011-04-21 19:14:51-04:00,197.74982099384218
2011-04-21 19:14:54-04:00,197.7597021337534
2011-04-21 19:14:57-04:00,197.7695832736646
2011-04-21 19:15:00-04:00,197.77946441357582
2011-04-21 19:15:03-04:00,197.78934555348704
2011-04-21 19:15:06-04:00,197.79922669339825
2011-04-21 19:15:09-04:00,197.80910783330947
2011-04-21 19:15:12-04:00,197.81898897322068
2011-04-21 19:15:15-04:00,197.8288701131319
2011-04-21 19:15:18-04:00,197.8387512530431
2011-04-21 19:15:21-04:00,197.84863239295433
2011-04-21 19:15:24-04:00,197.85851353286552
2011-04-21 19:15:27-04:00,197.86839467277673
2011-04-21 19:15:30-04:00,197.87827581268795
2011-04-21 19:15:33-04:00,197.88815695259916
2011-04-21 19:15:36-04:00,197.89803809251038
2011-04-21 19:15:39-04:00,197.9079192324216
2011-04-21 19:15:42-04:00,197.9178003723328
2011-04-21 19:15:45-04:00,197.92768151224402
2011-04-21 19:15:48-04:00,197.93756265215524
2011-04-21 19:15:51-04:00,197.94744379206645
2011-04-21 19:15:54-04:00,197.95732493197767
2011-04-21 19:15:57-04:00,197.96720607188888
2011-04-21 19:16:00-04:00,197.9770872118001
2011-04-21 19:16:03-04:00,197.9869683517113
2011-04-21 19:16:06-04:00,197.99684949162253
2011-04-21 19:16:09-04:00,198.0067306315337
2011-04-21 19:16:12-04:00,198.01661177144493
2011-04-21 19:16:15-04:00,198.02649291135614
2011-04-21 19:16:18-04:00,198.03637405126736
2011-04-21 19:16:21-04:00,198.04625519117857
2011-04-21 19:16:24-04:00,198.0561363310898
2011-04-21 19:16:27-04:00,198.066017471001
2011-04-21 19:16:30-04:00,198.07589861091222
2011-04-21 19:16:33-04:00,198.08577975082343
2011-04-21 19:16:36-04:00,198.09566089073465
2011-04-21 19:16:39-04:00,198.10554203064586
2011-04-21 19:16:42-04:00,198.11542317055708
2011-04-21 19:16:45-04:00,198.12530431046827
2011-04-21 19:16:48-04:00,198.13518545037948
2011-04-21 19:16:51-04:00,198.1450665902907
2011-04-21 19:16:54-04:00,198.1549477302019
2011-04-21 19:16:57-04:00,198.16482887011313
2011-04-21 19:17:00-04:00,198.17471001002434
2011-04-21 19:17:03-04:00,198.18459114993556
2011-04-21 19:17:06-04:00,198.19447228984677
2011-04-21 19:17:09-04:00,198.204353429758
2011-04-21 19:17:12-04:00,198.2142345696692
2011-04-21 19:17:15-04:00,198.22411570958042
2011-04-21 19:17:18-04:00,198.23399684949163
2011-04-21 19:17:21-04:00,198.24387798940285
2011-04-21 19:17:24-04:00,198.25375912931406
2011-04-21 19:17:27-04:00,198.26364026922528
2011-04-21 19:17:30-04:00,198.27352140913646
2011-04-21 19:17:33-04:00,198.28340254904768
2011-04-21 19:17:36-04:00,198.2932836889589
2011-04-21 19:17:39-04:00,198.3031648288701
2011-04-21 19:17:42-04:00,198.31304596878132
2011-04-21 19:17:45-04:00,198.32292710869254
2011-04-21 19:17:48-04:00,198.33280824860375
2011-04-21 19:17:51-04:00,198.34268938851497
2011-04-21 19:17:54-04:00,198.35257052842618
2011-04-21 19:17:57-04:00,198.3624516683374
2011-04-21 19:18:00-04:00,198.37233280824861
2011-04-21 19:18:03-04:00,198.3822139481598
2011-04-21 19:18:06-04:00,198.39209508807102
2011-04-21 19:18:09-04:00,198.40197622798223
2011-04-21 19:18:12-04:00,198.41185736789345
2011-04-21 19:18:15-04:00,198.42173850780466
2011-04-21 19:18:18-04:00,198.43161964771588
2011-04-21 19:18:21-04:00,198.4415007876271
2011-04-21 19:18:24-04:00,198.4513819275383
2011-04-21 19:18:27-04:00,198.46126306744952
2011-04-21 19:18:30-04:00,198.47114420736074
2011-04-21 19:18:33-04:00,198.48102534727195
2011-04-21 19:18:36-04:00,198.49090648718317
2011-04-21 19:18:39-04:00,198.50078762709438
2011-04-21 19:18:42-04:00,198.5106687670056
2011-04-21 19:18:45-04:00,198.5205499069168
2011-04-21 19:18:48-04:00,198.530431046828
2011-04-21 19:18:51-04:00,198.54031218673921
2011-04-21 19:18:54-04:00,198.55019332665043
2011-04-21 19:18:57-04:00,198.56007446656164
2011-04-21 19:19:00-04:00,198.56995560647286
2011-04-21 19:19:03-04:00,198.57983674638407
2011-04-21 19:19:06-04:00,198.5897178862953
2011-04-21 19:19:09-04:00,198.5995990262065
2011-04-21 19:19:12-04:00,198.60948016611772
2011-04-21 19:19:15-04:00,198.61936130602894
2011-04-21 19:19:18-04:00,198.62924244594015
2011-04-21 19:19:21-04:00,198.63912358585137
2011-04-21 19:19:24-04:00,198.64900472576255
2011-04-21 19:19:27-04:00,198.65888586567377
2011-04-21 19:19:30-04:00,198.66876700558498
2011-04-21 19:19:33-04:00,198.6786481454962
2011-04-21 19:19:36-04:00,198.6885292854074
2011-04-21 19:19:39-04:00,198.69841042531863
2011-04-21 19:19:42-04:00,198.70829156522984
2011-04-21 19:19:45-04:00,198.71817270514106
2011-04-21 19:19:48-04:00,198.72805384505227
2011-04-21 19:19:51-04:00,198.7379349849635
2011-04-21 19:19:54-04:00,198.7478161248747
2011-04-21 19:19:57-04:00,198.75769726478592
2011-04-21 19:20:00-04:00,198.76757840469713
2011-04-21 19:20:03-04:00,198.77745954460835
2011-04-21 19:20:06-04:00,198.78734068451956
2011-04-21 19:20:09-04:00,198.79722182443075
2011-04-21 19:20:12-04:00,198.80710296434196
2011-04-21 19:20:15-04:00,198.81698410425318
2011-04-21 19:20:18-04:00,198.8268652441644
2011-04-21 19:20:21-04:00,198.8367463840756
2011-04-21 19:20:24-04:00,198.84662752398683
2011-04-21 19:20:27-04:00,198.85650866389804
2011-04-21 19:20:30-04:00,198.86638980380926
2011-04-21 19:20:33-04:00,198.87627094372047
2011-04-21 19:20:36-04:00,198.88615208363169
2011-04-21 19:20:39-04:00,198.8960332235429
2011-04-21 19:20:42-04:00,198.90591436345412
2011-04-21 19:20:45-04:00,198.9157955033653
2011-04-21 19:20:48-04:00,198.92567664327652
2011-04-21 19:20:51-04:00,198.93555778318773
2011-04-21 19:20:54-04:00,198.94543892309895
2011-04-21 19:20:57-04:00,198.95532006301016
2011-04-21 19:21:00-04:00,198.96520120292138
2011-04-21 19:21:03-04:00,198.9750823428326
2011-04-21 19:21:06-04:00,198.9849634827438
2011-04-21 19:21:09-04:00,198.99484462265502
2011-04-21 19:21:12-04:00,199.00472576256624
2011-04-21 19:21:15-04:00,199.01460690247745
2011-04-21 19:21:18-04:00,199.02448804238867
2011-04-21 19:21:21-04:00,199.03436918229988
2011-04-21 19:21:24-04:00,199.0442503222111
2011-04-21 19:21:27-04:00,199.0541314621223
2011-04-21 19:21:30-04:00,199.0640126020335
2011-04-21 19:21:33-04:00,199.07389374194472
2011-04-21 19:21:36-04:00,199.08377488185593
2011-04-21 19:21:39-04:00,199.09365602176715
2011-04-21 19:21:42-04:00,199.10353716167836
2011-04-21 19:21:45-04:00,199.11341830158958
2011-04-21 19:21:48-04:00,199.1232994415008
2011-04-21 19:21:51-04:00,199.133180581412
2011-04-21 19:21:54-04:00,199.14306172132322
2011-04-21 19:21:57-04:00,199.15294286123444
2011-04-21 19:22:00-04:00,199.16282400114565
2011-04-21 19:22:03-04:00,199.17270514105684
2011-04-21 19:22:06-04:00,199.18258628096805
2011-04-21 19:22:09-04:00,199.19246742087927
2011-04-21 19:22:12-04:00,199.20234856079048
2011-04-21 19:22:15-04:00,199.2122297007017
2011-04-21 19:22:18-04:00,199.2221108406129
2011-04-21 19:22:21-04:00,199.23199198052413
2011-04-21 19:22:24-04:00,199.24187312043534
2011-04-21 19:22:27-04:00,199.25175426034656
2011-04-21 19:22:30-04:00,199.26163540025777
2011-04-21 19:22:33-04:00,199.271516540169
2011-04-21 19:22:36-04:00,199.2813976800802
2011-04-21 19:22:39-04:00,199.29127881999142
2011-04-21 19:22:42-04:00,199.30115995990263
2011-04-21 19:22:45-04:00,199.31104109981385
2011-04-21 19:22:48-04:00,199.32092223972504
2011-04-21 19:22:51-04:00,199.33080337963625
2011-04-21 19:22:54-04:00,199.34068451954747
2011-04-21 19:22:57-04:00,199.35056565945868
2011-04-21 19:23:00-04:00,199.3604467993699
2011-04-21 19:23:03-04:00,199.3703279392811
2011-04-21 19:23:06-04:00,199.38020907919233
2011-04-21 19:23:09-04:00,199.39009021910354
2011-04-21 19:23:12-04:00,199.39997135901476
2011-04-21 19:23:15-04:00,199.40985249892597
2011-04-21 19:23:18-04:00,199.4197336388372
2011-04-21 19:23:21-04:00,199.4296147787484
2011-04-21 19:23:24-04:00,199.4394959186596
2011-04-21 19:23:27-04:00,199.4493770585708
2011-04-21 19:23:30-04:00,199.45925819848202
2011-04-21 19:23:33-04:00,199.46913933839323
2011-04-21 19:23:36-04:00,199.47902047830445
2011-04-21 19:23:39-04:00,199.48890161821566
2011-04-21 19:23:42-04:00,199.49878275812688
2011-04-21 19:23:45-04:00,199.5086638980381
2011-04-21 19:23:48-04:00,199.5185450379493
2011-04-21 19:23:51-04:00,199.52842617786052
2011-04-21 19:23:54-04:00,199.53830731777174
2011-04-21 19:23:57-04:00,199.54818845768295
2011-04-21 19:24:00-04:00,199.55806959759417
2011-04-21 19:24:03-04:00,199.56795073750538
2011-04-21 19:24:06-04:00,199.5778318774166
2011-04-21 19:24:09-04:00,199.5877130173278
2011-04-21 19:24:12-04:00,199.597594157239
2011-04-21 19:24:15-04:00,199.60747529715022
2011-04-21 19:24:18-04:00,199.61735643706143
2011-04-21 19:24:21-04:00,199.62723757697265
2011-04-21 19:24:24-04:00,199.63711871688386
2011-04-21 19:24:27-04:00,199.64699985679508
2011-04-21 19:24:30-04:00,199.6568809967063
2011-04-21 19:24:33-04:00,199.6667621366175
2011-04-21 19:24:36-04:00,199.67664327652872
2011-04-21 19:24:39-04:00,199.68652441643994
2011-04-21 19:24:42-04:00,199.69640555635112
2011-04-21 19:24:45-04:00,199.70628669626234
2011-04-21 19:24:48-04:00,199.71616783617355
2011-04-21 19:24:51-04:00,199.72604897608477
2011-04-21 19:24:54-04:00,199.73593011599598
2011-04-21 19:24:57-04:00,199.7458112559072
2011-04-21 19:25:00-04:00,199.75569239581841
2011-04-21 19:25:03-04:00,199.76557353572963
2011-04-21 19:25:06-04:00,199.77545467564084
2011-04-21 19:25:09-04:00,199.78533581555206
2011-04-21 19:25:12-04:00,199.79521695546327
2011-04-21 19:25:15-04:00,199.8050980953745
2011-04-21 19:25:18-04:00,199.8149792352857
2011-04-21 19:25:21-04:00,199.82486037519692
2011-04-21 19:25:24-04:00,199.83474151510813
2011-04-21 19:25:27-04:00,199.84462265501932
2011-04-21 19:25:30-04:00,199.85450379493054
2011-04-21 19:25:33-04:00,199.86438493484175
2011-04-21 19:25:36-04:00,199.87426607475297
2011-04-21 19:25:39-04:00,199.88414721466418
2011-04-21 19:25:42-04:00,199.8940283545754
2011-04-21 19:25:45-04:00,199.9039094944866
2011-04-21 19:25:48-04:00,199.91379063439783
2011-04-21 19:25:51-04:00,199.92367177430904
2011-04-21 19:25:54-04:00,199.93355291422026
2011-04-21 19:25:57-04:00,199.94343405413147
2011-04-21 19:26:00-04:00,199.9533151940427
2011-04-21 19:26:03-04:00,199.96319633395387
2011-04-21 19:26:06-04:00,199.9730774738651
2011-04-21 19:26:09-04:00,199.9829586137763
2011-04-21 19:26:12-04:00,199.99283975368752
2011-04-21 19:26:15-04:00,200.00272089359873
2011-04-21 19:26:18-04:00,200.01260203350995
2011-04-21 19:26:21-04:00,200.02248317342116
2011-04-21 19:26:24-04:00,200.03236431333238
2011-04-21 19:26:27-04:00,200.0422454532436
2011-04-21 19:26:30-04:00,200.0521265931548
2011-04-21 19:26:33-04:00,200.06200773306603
2011-04-21 19:26:36-04:00,200.07188887297724
2011-04-21 19:26:39-04:00,200.08177001288846
2011-04-21 19:26:42-04:00,200.09165115279967
2011-04-21 19:26:45-04:00,200.10153229271089
2011-04-21 19:26:48-04:00,200.11141343262207
2011-04-21 19:26:51-04:00,200.1212945725333
2011-04-21 19:26:54-04:00,200.1311757124445
2011-04-21 19:26:57-04:00,200.14105685235572
2011-04-21 19:27:00-04:00,200.15093799226693
2011-04-21 19:27:03-04:00,200.16081913217815
2011-04-21 19:27:06-04:00,200.17070027208936
2011-04-21 19:27:09-04:00,200.18058141200058
2011-04-21 19:27:12-04:00,200.1904625519118
2011-04-21 19:27:15-04:00,200.200343691823
2011-04-21 19:27:18-04:00,200.21022483173422
2011-04-21 19:27:21-04:00,200.2201059716454
2011-04-21 19:27:24-04:00,200.22998711155662
2011-04-21 19:27:27-04:00,200.23986825146784
2011-04-21 19:27:30-04:00,200.24974939137905
2011-04-21 19:27:33-04:00,200.25963053129027
2011-04-21 19:27:36-04:00,200.26951167120149
2011-04-21 19:27:39-04:00,200.2793928111127
2011-04-21 19:27:42-04:00,200.28927395102392
2011-04-21 19:27:45-04:00,200.29915509093513
2011-04-21 19:27:48-04:00,200.30903623084635
2011-04-21 19:27:51-04:00,200.31891737075756
2011-04-21 19:27:54-04:00,200.32879851066878
2011-04-21 19:27:57-04:00,200.33867965058
2011-04-21 19:28:00-04:00,200.3485607904912
2011-04-21 19:28:03-04:00,200.35844193040242
2011-04-21 19:28:06-04:00,200.3683230703136
2011-04-21 19:28:09-04:00,200.37820421022482
2011-04-21 19:28:12-04:00,200.38808535013604
2011-04-21 19:28:15-04:00,200.39796649004725
2011-04-21 19:28:18-04:00,200.40784762995847
2011-04-21 19:28:21-04:00,200.41772876986968
2011-04-21 19:28:24-04:00,200.4276099097809
2011-04-21 19:28:27-04:00,200.4374910496921
2011-04-21 19:28:30-04:00,200.44737218960333
2011-04-21 19:28:33-04:00,200.45725332951454
2011-04-21 19:28:36-04:00,200.46713446942576
2011-04-21 19:28:39-04:00,200.47701560933697
2011-04-21 19:28:42-04:00,200.48689674924816
2011-04-21 19:28:45-04:00,200.49677788915938
2011-04-21 19:28:48-04:00,200.5066590290706
2011-04-21 19:28:51-04:00,200.5165401689818
2011-04-21 19:28:54-04:00,200.52642130889302
2011-04-21 19:28:57-04:00,200.53630244880424
2011-04-21 19:29:00-04:00,200.54618358871545
2011-04-21 19:29:03-04:00,200.55606472862667
2011-04-21 19:29:06-04:00,200.56594586853788
2011-04-21 19:29:09-04:00,200.5758270084491
2011-04-21 19:29:12-04:00,200.5857081483603
2011-04-21 19:29:15-04:00,200.59558928827153
2011-04-21 19:29:18-04:00,200.60547042818274
2011-04-21 19:29:21-04:00,200.61535156809396
2011-04-21 19:29:24-04:00,200.62523270800517
2011-04-21 19:29:27-04:00,200.63511384791636
2011-04-21 19:29:30-04:00,200.64499498782757
2011-04-21 19:29:33-04:00,200.6548761277388
2011-04-21 19:29:36-04:00,200.66475726765
2011-04-21 19:29:39-04:00,200.67463840756122
2011-04-21 19:29:42-04:00,200.68451954747243
2011-04-21 19:29:45-04:00,200.69440068738365
2011-04-21 19:29:48-04:00,200.70428182729486
2011-04-21 19:29:51-04:00,200.71416296720608
2011-04-21 19:29:54-04:00,200.7240441071173
2011-04-21 19:29:57-04:00,200.7339252470285
2011-04-21 19:30:00-04:00,200.74380638693972
2011-04-21 19:30:03-04:00,200.7536875268509
2011-04-21 19:30:06-04:00,200.76356866676213
2011-04-21 19:30:09-04:00,200.77344980667334
2011-04-21 19:30:12-04:00,200.78333094658456
2011-04-21 19:30:15-04:00,200.79321208649577
2011-04-21 19:30:18-04:00,200.803093226407
2011-04-21 19:30:21-04:00,200.8129743663182
2011-04-21 19:30:24-04:00,200.82285550622942
2011-04-21 19:30:27-04:00,200.83273664614063
2011-04-21 19:30:30-04:00,200.84261778605185
2011-04-21 19:30:33-04:00,200.85249892596306
2011-04-21 19:30:36-04:00,200.86238006587428
2011-04-21 19:30:39-04:00,200.8722612057855
2011-04-21 19:30:42-04:00,200.8821423456967
2011-04-21 19:30:45-04:00,200.8920234856079
2011-04-21 19:30:48-04:00,200.9019046255191
2011-04-21 19:30:51-04:00,200.91178576543032
2011-04-21 19:30:54-04:00,200.92166690534154
2011-04-21 19:30:57-04:00,200.93154804525275
2011-04-21 19:31:00-04:00,200.94142918516397
2011-04-21 19:31:03-04:00,200.95131032507518
2011-04-21 19:31:06-04:00,200.9611914649864
2011-04-21 19:31:09-04:00,200.9710726048976
2011-04-21 19:31:12-04:00,200.98095374480883
2011-04-21 19:31:15-04:00,200.99083488472004
2011-04-21 19:31:18-04:00,201.00071602463126
2011-04-21 19:31:21-04:00,201.01059716454245
2011-04-21 19:31:24-04:00,201.02047830445366
2011-04-21 19:31:27-04:00,201.03035944436488
2011-04-21 19:31:30-04:00,201.0402405842761
2011-04-21 19:31:33-04:00,201.0501217241873
2011-04-21 19:31:36-04:00,201.06000286409852
2011-04-21 19:31:39-04:00,201.06988400400974
2011-04-21 19:31:42-04:00,201.07976514392095
2011-04-21 19:31:45-04:00,201.08964628383217
2011-04-21 19:31:48-04:00,201.09952742374338
2011-04-21 19:31:51-04:00,201.1094085636546
2011-04-21 19:31:54-04:00,201.1192897035658
2011-04-21 19:31:57-04:00,201.12917084347703
2011-04-21 19:32:00-04:00,201.13905198338824
2011-04-21 19:32:03-04:00,201.14893312329946
2011-04-21 19:32:06-04:00,201.15881426321064
2011-04-21 19:32:09-04:00,201.16869540312186
2011-04-21 19:32:12-04:00,201.17857654303307
2011-04-21 19:32:15-04:00,201.1884576829443
2011-04-21 19:32:18-04:00,201.1983388228555
2011-04-21 19:32:21-04:00,201.20821996276672
2011-04-21 19:32:24-04:00,201.21810110267793
2011-04-21 19:32:27-04:00,201.22798224258915
2011-04-21 19:32:30-04:00,201.23786338250036
2011-04-21 19:32:33-04:00,201.24774452241158
2011-04-21 19:32:36-04:00,201.2576256623228
2011-04-21 19:32:39-04:00,201.267506802234
2011-04-21 19:32:42-04:00,201.2773879421452
2011-04-21 19:32:45-04:00,201.2872690820564
2011-04-21 19:32:48-04:00,201.29715022196763
2011-04-21 19:32:51-04:00,201.30703136187884
2011-04-21 19:32:54-04:00,201.31691250179006
2011-04-21 19:32:57-04:00,201.32679364170127
2011-04-21 19:33:00-04:00,201.3366747816125
2011-04-21 19:33:03-04:00,201.3465559215237
2011-04-21 19:33:06-04:00,201.35643706143492
2011-04-21 19:33:09-04:00,201.36631820134613
2011-04-21 19:33:12-04:00,201.37619934125735
2011-04-21 19:33:15-04:00,201.38608048116856
2011-04-21 19:33:18-04:00,201.39596162107978
2011-04-21 19:33:21-04:00,201.405842760991
2011-04-21 19:33:24-04:00,201.4157239009022
2011-04-21 19:33:27-04:00,201.4256050408134
2011-04-21 19:33:30-04:00,201.4354861807246
2011-04-21 19:33:33-04:00,201.44536732063582
2011-04-21 19:33:36-04:00,201.45524846054704
2011-04-21 19:33:39-04:00,201.46512960045825
2011-04-21 19:33:42-04:00,201.47501074036947
2011-04-21 19:33:45-04:00,201.48489188028068
2011-04-21 19:33:48-04:00,201.4947730201919
2011-04-21 19:33:51-04:00,201.50465416010312
2011-04-21 19:33:54-04:00,201.51453530001433
2011-04-21 19:33:57-04:00,201.52441643992555
2011-04-21 19:34:00-04:00,201.53429757983673
2011-04-21 19:34:03-04:00,201.54417871974795
2011-04-21 19:34:06-04:00,201.55405985965916
2011-04-21 19:34:09-04:00,201.56394099957038
2011-04-21 19:34:12-04:00,201.5738221394816
2011-04-21 19:34:15-04:00,201.5837032793928
2011-04-21 19:34:18-04:00,201.59358441930402
2011-04-21 19:34:21-04:00,201.60346555921524
2011-04-21 19:34:24-04:00,201.61334669912645
2011-04-21 19:34:27-04:00,201.62322783903767
2011-04-21 19:34:30-04:00,201.63310897894888
2011-04-21 19:34:33-04:00,201.6429901188601
2011-04-21 19:34:36-04:00,201.6528712587713
2011-04-21 19:34:39-04:00,201.66275239868253
2011-04-21 19:34:42-04:00,201.67263353859374
2011-04-21 19:34:45-04:00,201.68251467850493
2011-04-21 19:34:48-04:00,201.69239581841614
2011-04-21 19:34:51-04:00,201.70227695832736
2011-04-21 19:34:54-04:00,201.71215809823858
2011-04-21 19:34:57-04:00,201.7220392381498
2011-04-21 19:35:00-04:00,201.731920378061
2011-04-21 19:35:03-04:00,201.74180151797222
2011-04-21 19:35:06-04:00,201.75168265788344
2011-04-21 19:35:09-04:00,201.76156379779465
2011-04-21 19:35:12-04:00,201.77144493770587
2011-04-21 19:35:15-04:00,201.78132607761708
2011-04-21 19:35:18-04:00,201.7912072175283
2011-04-21 19:35:21-04:00,201.80108835743948
2011-04-21 19:35:24-04:00,201.8109694973507
2011-04-21 19:35:27-04:00,201.8208506372619
2011-04-21 19:35:30-04:00,201.83073177717313
2011-04-21 19:35:33-04:00,201.84061291708434
2011-04-21 19:35:36-04:00,201.85049405699556
2011-04-21 19:35:39-04:00,201.86037519690677
2011-04-21 19:35:42-04:00,201.870256336818
2011-04-21 19:35:45-04:00,201.8801374767292
2011-04-21 19:35:48-04:00,201.89001861664042
2011-04-21 19:35:51-04:00,201.89989975655163
2011-04-21 19:35:54-04:00,201.90978089646285
2011-04-21 19:35:57-04:00,201.91966203637406
2011-04-21 19:36:00-04:00,201.92954317628528
2011-04-21 19:36:03-04:00,201.9394243161965
2011-04-21 19:36:06-04:00,201.94930545610768
2011-04-21 19:36:09-04:00,201.9591865960189
2011-04-21 19:36:12-04:00,201.9690677359301
2011-04-21 19:36:15-04:00,201.97894887584133
2011-04-21 19:36:18-04:00,201.98883001575254
2011-04-21 19:36:21-04:00,201.99871115566376
2011-04-21 19:36:24-04:00,202.00859229557497
2011-04-21 19:36:27-04:00,202.0184734354862
2011-04-21 19:36:30-04:00,202.0283545753974
2011-04-21 19:36:33-04:00,202.03823571530862
2011-04-21 19:36:36-04:00,202.04811685521983
2011-04-21 19:36:39-04:00,202.05799799513102
2011-04-21 19:36:42-04:00,202.06787913504223
2011-04-21 19:36:45-04:00,202.07776027495345
2011-04-21 19:36:48-04:00,202.08764141486466
2011-04-21 19:36:51-04:00,202.09752255477588
2011-04-21 19:36:54-04:00,202.1074036946871
2011-04-21 19:36:57-04:00,202.1172848345983
2011-04-21 19:37:00-04:00,202.12716597450952
2011-04-21 19:37:03-04:00,202.13704711442074
2011-04-21 19:37:06-04:00,202.14692825433195
2011-04-21 19:37:09-04:00,202.15680939424317
2011-04-21 19:37:12-04:00,202.16669053415438
2011-04-21 19:37:15-04:00,202.1765716740656
2011-04-21 19:37:18-04:00,202.1864528139768
2011-04-21 19:37:21-04:00,202.19633395388803
2011-04-21 19:37:24-04:00,202.20621509379922
2011-04-21 19:37:27-04:00,202.21609623371043
2011-04-21 19:37:30-04:00,202.22597737362165
2011-04-21 19:37:33-04:00,202.23585851353286
2011-04-21 19:37:36-04:00,202.24573965344408
2011-04-21 19:37:39-04:00,202.2556207933553
2011-04-21 19:37:42-04:00,202.2655019332665
2011-04-21 19:37:45-04:00,202.27538307317772
2011-04-21 19:37:48-04:00,202.28526421308894
2011-04-21 19:37:51-04:00,202.29514535300015
2011-04-21 19:37:54-04:00,202.30502649291137
2011-04-21 19:37:57-04:00,202.31490763282258
2011-04-21 19:38:00-04:00,202.32478877273377
2011-04-21 19:38:03-04:00,202.33466991264498
2011-04-21 19:38:06-04:00,202.3445510525562
2011-04-21 19:38:09-04:00,202.3544321924674
2011-04-21 19:38:12-04:00,202.36431333237863
2011-04-21 19:38:15-04:00,202.37419447228984
2011-04-21 19:38:18-04:00,202.38407561220106
2011-04-21 19:38:21-04:00,202.39395675211227
2011-04-21 19:38:24-04:00,202.4038378920235
2011-04-21 19:38:27-04:00,202.4137190319347
2011-04-21 19:38:30-04:00,202.42360017184592
2011-04-21 19:38:33-04:00,202.43348131175713
2011-04-21 19:38:36-04:00,202.44336245166835
2011-04-21 19:38:39-04:00,202.45324359157956
2011-04-21 19:38:42-04:00,202.46312473149078
2011-04-21 19:38:45-04:00,202.47300587140197
2011-04-21 19:38:48-04:00,202.48288701131318
2011-04-21 19:38:51-04:00,202.4927681512244
2011-04-21 19:38:54-04:00,202.5026492911356
2011-04-21 19:38:57-04:00,202.51253043104683
2011-04-21 19:39:00-04:00,202.52241157095804
2011-04-21 19:39:03-04:00,202.53229271086926
2011-04-21 19:39:06-04:00,202.54217385078047
2011-04-21 19:39:09-04:00,202.5520549906917
2011-04-21 19:39:12-04:00,202.5619361306029
2011-04-21 19:39:15-04:00,202.57181727051412
2011-04-21 19:39:18-04:00,202.5816984104253
2011-04-21 19:39:21-04:00,202.59157955033652
2011-04-21 19:39:24-04:00,202.60146069024773
2011-04-21 19:39:27-04:00,202.61134183015895
2011-04-21 19:39:30-04:00,202.62122297007016
2011-04-21 19:39:33-04:00,202.63110410998138
2011-04-21 19:39:36-04:00,202.6409852498926
2011-04-21 19:39:39-04:00,202.6508663898038
2011-04-21 19:39:42-04:00,202.66074752971502
2011-04-21 19:39:45-04:00,202.67062866962624
2011-04-21 19:39:48-04:00,202.68050980953745
2011-04-21 19:39:51-04:00,202.69039094944867
2011-04-21 19:39:54-04:00,202.70027208935988
2011-04-21 19:39:57-04:00,202.7101532292711
2011-04-21 19:40:00-04:00,202.72003436918232
2011-04-21 19:40:03-04:00,202.7299155090935
2011-04-21 19:40:06-04:00,202.73979664900472
2011-04-21 19:40:09-04:00,202.74967778891593
2011-04-21 19:40:12-04:00,202.75955892882715
2011-04-21 19:40:15-04:00,202.76944006873836
2011-04-21 19:40:18-04:00,202.77932120864958
2011-04-21 19:40:21-04:00,202.7892023485608
2011-04-21 19:40:24-04:00,202.799083488472
2011-04-21 19:40:27-04:00,202.80896462838322
2011-04-21 19:40:30-04:00,202.81884576829444
2011-04-21 19:40:33-04:00,202.82872690820565
2011-04-21 19:40:36-04:00,202.83860804811687
2011-04-21 19:40:39-04:00,202.84848918802805
2011-04-21 19:40:42-04:00,202.85837032793927
2011-04-21 19:40:45-04:00,202.86825146785048
2011-04-21 19:40:48-04:00,202.8781326077617
2011-04-21 19:40:51-04:00,202.88801374767291
2011-04-21 19:40:54-04:00,202.89789488758413
2011-04-21 19:40:57-04:00,202.90777602749534
2011-04-21 19:41:00-04:00,202.91765716740656
2011-04-21 19:41:03-04:00,202.92753830731777
2011-04-21 19:41:06-04:00,202.937419447229
2011-04-21 19:41:09-04:00,202.9473005871402
2011-04-21 19:41:12-04:00,202.95718172705142
2011-04-21 19:41:15-04:00,202.96706286696264
2011-04-21 19:41:18-04:00,202.97694400687385
2011-04-21 19:41:21-04:00,202.98682514678507
2011-04-21 19:41:24-04:00,202.99670628669625
2011-04-21 19:41:27-04:00,203.0
2011-04-21 19:41:30-04:00,203.0
2011-04-21 19:41:33-04:00,203.0
2011-04-21 19:41:36-04:00,203.0
2011-04-21 19:41:39-04:00,203.0
2011-04-21 19:41:42-04:00,203.0
2011-04-21 19:41:45-04:00,203.0
2011-04-21 19:41:48-04:00,203.0
2011-04-21 19:41:51-04:00,203.0
2011-04-21 19:41:54-04:00,203.0
2011-04-21 19:41:57-04:00,203.75
2011-04-21 19:42:00-04:00,203.33333333333334
2011-04-21 19:42:03-04:00,203.5
2011-04-21 19:42:06-04:00,204.0
2011-04-21 19:42:09-04:00,203.75
2011-04-21 19:42:12-04:00,203.0
2011-04-21 19:42:15-04:00,203.0
2011-04-21 19:42:18-04:00,203.0
2011-04-21 19:42:21-04:00,203.0
2011-04-21 19:42:24-04:00,203.0
2011-04-21 19:42:27-04:00,203.0
2011-04-21 19:42:30-04:00,203.0
2011-04-21 19:42:33-04:00,203.0
2011-04-21 19:42:36-04:00,203.0
2011-04-21 19:42:39-04:00,203.0
2011-04-21 19:42:42-04:00,202.66666666666666
2011-04-21 19:42:45-04:00,201.75
2011-04-21 19:42:48-04:00,201.0
2011-04-21 19:42:51-04:00,201.0
2011-04-21 19:42:54-04:00,201.0
2011-04-21 19:42:57-04:00,201.75
2011-04-21 19:43:00-04:00,201.33333333333334
2011-04-21 19:43:03-04:00,201.0
2011-04-21 19:43:06-04:00,201.0
2011-04-21 19:43:09-04:00,201.0
2011-04-21 19:43:12-04:00,201.0
2011-04-21 19:43:15-04:00,201.0
2011-04-21 19:43:18-04:00,201.0
2011-04-21 19:43:21-04:00,201.0
2011-04-21 19:43:24-04:00,201.0
2011-04-21 19:43:27-04:00,201.0
2011-04-21 19:43:30-04:00,201.0
2011-04-21 19:43:33-04:00,201.0
2011-04-21 19:43:36-04:00,201.0
2011-04-21 19:43:39-04:00,201.0
2011-04-21 19:43:42-04:00,201.0
2011-04-21 19:43:45-04:00,201.0
2011-04-21 19:43:48-04:00,201.0
2011-04-21 19:43:51-04:00,201.0
2011-04-21 19:43:54-04:00,201.0
2011-04-21 19:43:57-04:00,201.0
2011-04-21 19:44:00-04:00,201.0
2011-04-21 19:44:03-04:00,201.0
2011-04-21 19:44:06-04:00,201.0
2011-04-21 19:44:09-04:00,201.0
2011-04-21 19:44:12-04:00,201.0
2011-04-21 19:44:15-04:00,200.0
2011-04-21 19:44:18-04:00,200.75
2011-04-21 19:44:21-04:00,201.0
2011-04-21 19:44:24-04:00,200.5
2011-04-21 19:44:27-04:00,200.0
2011-04-21 19:44:30-04:00,200.0
2011-04-21 19:44:33-04:00,200.0
2011-04-21 19:44:36-04:00,200.0
2011-04-21 19:44:39-04:00,200.25
2011-04-21 19:44:42-04:00,201.0
2011-04-21 19:44:45-04:00,201.0
2011-04-21 19:44:48-04:00,201.0
2011-04-21 19:44:51-04:00,201.0
2011-04-21 19:44:54-04:00,201.0
2011-04-21 19:44:57-04:00,200.5
2011-04-21 19:45:00-04:00,200.0
2011-04-21 19:45:03-04:00,200.25
2011-04-21 19:45:06-04:00,201.0
2011-04-21 19:45:09-04:00,201.0
2011-04-21 19:45:12-04:00,201.0
2011-04-21 19:45:15-04:00,200.25
2011-04-21 19:45:18-04:00,200.0
2011-04-21 19:45:21-04:00,200.0
2011-04-21 19:45:24-04:00,200.33333333333334
2011-04-21 19:45:27-04:00,201.0
2011-04-21 19:45:30-04:00,201.0
2011-04-21 19:45:33-04:00,201.0
2011-04-21 19:45:36-04:00,200.66666666666666
2011-04-21 19:45:39-04:00,200.0
2011-04-21 19:45:42-04:00,200.0
2011-04-21 19:45:45-04:00,200.0
2011-04-21 19:45:48-04:00,200.0
2011-04-21 19:45:51-04:00,200.0
2011-04-21 19:45:54-04:00,200.0
2011-04-21 19:45:57-04:00,200.0
2011-04-21 19:46:00-04:00,200.0
2011-04-21 19:46:03-04:00,200.0
2011-04-21 19:46:06-04:00,200.0
2011-04-21 19:46:09-04:00,200.0
2011-04-21 19:46:12-04:00,200.0
2011-04-21 19:46:15-04:00,200.0
2011-04-21 19:46:18-04:00,200.0
2011-04-21 19:46:21-04:00,200.0
2011-04-21 19:46:24-04:00,200.0
2011-04-21 19:46:27-04:00,200.0
2011-04-21 19:46:30-04:00,200.0
2011-04-21 19:46:33-04:00,200.0
2011-04-21 19:46:36-04:00,200.0
2011-04-21 19:46:39-04:00,200.0
2011-04-21 19:46:42-04:00,200.0
2011-04-21 19:46:45-04:00,200.0
2011-04-21 19:46:48-04:00,200.0
2011-04-21 19:46:51-04:00,200.0
2011-04-21 19:46:54-04:00,200.0
2011-04-21 19:46:57-04:00,200.0
2011-04-21 19:47:00-04:00,200.0
2011-04-21 19:47:03-04:00,200.0
2011-04-21 19:47:06-04:00,200.0
2011-04-21 19:47:09-04:00,200.0
2011-04-21 19:47:12-04:00,200.0
2011-04-21 19:47:15-04:00,200.0
2011-04-21 19:47:18-04:00,200.0
2011-04-21 19:47:21-04:00,200.0
2011-04-21 19:47:24-04:00,200.0
2011-04-21 19:47:27-04:00,200.0
2011-04-21 19:47:30-04:00,200.0
2011-04-21 19:47:33-04:00,200.0
2011-04-21 19:47:36-04:00,200.0
2011-04-21 19:47:39-04:00,200.0
2011-04-21 19:47:42-04:00,200.0
2011-04-21 19:47:45-04:00,200.0
2011-04-21 19:47:48-04:00,200.0
2011-04-21 19:47:51-04:00,200.0
2011-04-21 19:47:54-04:00,200.0
2011-04-21 19:47:57-04:00,200.0
2011-04-21 19:48:00-04:00,200.0
2011-04-21 19:48:03-04:00,200.0
2011-04-21 19:48:06-04:00,200.0
2011-04-21 19:48:09-04:00,200.0
2011-04-21 19:48:12-04:00,200.0
2011-04-21 19:48:15-04:00,200.0
2011-04-21 19:48:18-04:00,200.0
2011-04-21 19:48:21-04:00,200.0
2011-04-21 19:48:24-04:00,200.0
2011-04-21 19:48:27-04:00,200.0
2011-04-21 19:48:30-04:00,200.0
2011-04-21 19:48:33-04:00,200.0
2011-04-21 19:48:36-04:00,200.0
2011-04-21 19:48:39-04:00,200.0
2011-04-21 19:48:42-04:00,200.0
2011-04-21 19:48:45-04:00,200.0
2011-04-21 19:48:48-04:00,200.0
2011-04-21 19:48:51-04:00,200.0
2011-04-21 19:48:54-04:00,199.5
2011-04-21 19:48:57-04:00,199.66666666666666
2011-04-21 19:49:00-04:00,201.0
2011-04-21 19:49:03-04:00,201.0
2011-04-21 19:49:06-04:00,201.0
2011-04-21 19:49:09-04:00,201.0
2011-04-21 19:49:12-04:00,201.0
2011-04-21 19:49:15-04:00,201.0
2011-04-21 19:49:18-04:00,201.5
2011-04-21 19:49:21-04:00,202.0
2011-04-21 19:49:24-04:00,202.0
2011-04-21 19:49:27-04:00,202.0
2011-04-21 19:49:30-04:00,201.66666666666666
2011-04-21 19:49:33-04:00,201.33333333333334
2011-04-21 19:49:36-04:00,201.0
2011-04-21 19:49:39-04:00,202.0
2011-04-21 19:49:42-04:00,202.0
2011-04-21 19:49:45-04:00,202.0
2011-04-21 19:49:48-04:00,202.0
2011-04-21 19:49:51-04:00,201.66666666666666
2011-04-21 19:49:54-04:00,201.25
2011-04-21 19:49:57-04:00,202.0
2011-04-21 19:50:00-04:00,200.0
2011-04-21 19:50:03-04:00,200.0
2011-04-21 19:50:06-04:00,200.0
2011-04-21 19:50:09-04:00,200.0
2011-04-21 19:50:12-04:00,200.0
2011-04-21 19:50:15-04:00,200.0
2011-04-21 19:50:18-04:00,200.0
2011-04-21 19:50:21-04:00,200.0
2011-04-21 19:50:24-04:00,200.0
2011-04-21 19:50:27-04:00,200.0
2011-04-21 19:50:30-04:00,200.0
2011-04-21 19:50:33-04:00,200.0
2011-04-21 19:50:36-04:00,200.0
2011-04-21 19:50:39-04:00,200.0
2011-04-21 19:50:42-04:00,200.0
2011-04-21 19:50:45-04:00,200.0
2011-04-21 19:50:48-04:00,200.0
2011-04-21 19:50:51-04:00,199.66666666666666
2011-04-21 19:50:54-04:00,199.25
2011-04-21 19:50:57-04:00,200.0
2011-04-21 19:51:00-04:00,200.0
2011-04-21 19:51:03-04:00,200.0
2011-04-21 19:51:06-04:00,200.0
2011-04-21 19:51:09-04:00,200.0
2011-04-21 19:51:12-04:00,200.0
2011-04-21 19:51:15-04:00,200.0
2011-04-21 19:51:18-04:00,199.75
2011-04-21 19:51:21-04:00,199.0
2011-04-21 19:51:24-04:00,200.0
2011-04-21 19:51:27-04:00,199.0
2011-04-21 19:51:30-04:00,199.0
2011-04-21 19:51:33-04:00,199.0
2011-04-21 19:51:36-04:00,199.0
2011-04-21 19:51:39-04:00,199.75
2011-04-21 19:51:42-04:00,199.33333333333334
2011-04-21 19:51:45-04:00,199.0
2011-04-21 19:51:48-04:00,110.0
2011-04-21 19:51:51-04:00,21.0
2011-04-21 19:51:54-04:00,21.0
2011-04-21 19:51:57-04:00,21.0
2011-04-21 19:52:00-04:00,21.0
2011-04-21 19:52:03-04:00,21.0
2011-04-21 19:52:06-04:00,21.0
2011-04-21 19:52:09-04:00,21.0
2011-04-21 19:52:12-04:00,21.0
2011-04-21 19:52:15-04:00,21.0
2011-04-21 19:52:18-04:00,21.0
2011-04-21 19:52:21-04:00,21.0
2011-04-21 19:52:24-04:00,22.0
2011-04-21 19:52:27-04:00,21.25
2011-04-21 19:52:30-04:00,21.0
2011-04-21 19:52:33-04:00,21.0
2011-04-21 19:52:36-04:00,21.0
2011-04-21 19:52:39-04:00,21.0
2011-04-21 19:52:42-04:00,21.0
2011-04-21 19:52:45-04:00,21.0
2011-04-21 19:52:48-04:00,21.0
2011-04-21 19:52:51-04:00,21.0
2011-04-21 19:52:54-04:00,21.0
2011-04-21 19:52:57-04:00,21.0
2011-04-21 19:53:00-04:00,21.0
2011-04-21 19:53:03-04:00,21.0
2011-04-21 19:53:06-04:00,21.0
2011-04-21 19:53:09-04:00,21.0
2011-04-21 19:53:12-04:00,21.0
2011-04-21 19:53:15-04:00,21.0
2011-04-21 19:53:18-04:00,21.0
2011-04-21 19:53:21-04:00,21.0
2011-04-21 19:53:24-04:00,21.0
2011-04-21 19:53:27-04:00,21.0
2011-04-21 19:53:30-04:00,21.0
2011-04-21 19:53:33-04:00,21.0
2011-04-21 19:53:36-04:00,21.0
2011-04-21 19:53:39-04:00,21.0
2011-04-21 19:53:42-04:00,21.0
2011-04-21 19:53:45-04:00,21.0
2011-04-21 19:53:48-04:00,21.0
2011-04-21 19:53:51-04:00,21.0
2011-04-21 19:53:54-04:00,21.0
2011-04-21 19:53:57-04:00,21.0
2011-04-21 19:54:00-04:00,21.0
2011-04-21 19:54:03-04:00,21.0
2011-04-21 19:54:06-04:00,21.0
2011-04-21 19:54:09-04:00,21.0
2011-04-21 19:54:12-04:00,21.0
2011-04-21 19:54:15-04:00,21.0
2011-04-21 19:54:18-04:00,21.0
2011-04-21 19:54:21-04:00,21.0
2011-04-21 19:54:24-04:00,21.0
2011-04-21 19:54:27-04:00,21.0
2011-04-21 19:54:30-04:00,21.0
2011-04-21 19:54:33-04:00,21.0
2011-04-21 19:54:36-04:00,21.0
2011-04-21 19:54:39-04:00,21.0
2011-04-21 19:54:42-04:00,21.0
2011-04-21 19:54:45-04:00,21.0
2011-04-21 19:54:48-04:00,21.0
2011-04-21 19:54:51-04:00,21.0
2011-04-21 19:54:54-04:00,21.0
2011-04-21 19:54:57-04:00,21.0
2011-04-21 19:55:00-04:00,21.0
2011-04-21 19:55:03-04:00,21.0
2011-04-21 19:55:06-04:00,21.0
2011-04-21 19:55:09-04:00,21.0
2011-04-21 19:55:12-04:00,21.0
2011-04-21 19:55:15-04:00,21.0
2011-04-21 19:55:18-04:00,21.0
2011-04-21 19:55:21-04:00,21.0
2011-04-21 19:55:24-04:00,21.0
2011-04-21 19:55:27-04:00,21.0
2011-04-21 19:55:30-04:00,21.0
2011-04-21 19:55:33-04:00,21.0
2011-04-21 19:55:36-04:00,21.0
2011-04-21 19:55:39-04:00,21.0
2011-04-21 19:55:42-04:00,21.0
2011-04-21 19:55:45-04:00,21.0
2011-04-21 19:55:48-04:00,21.0
2011-04-21 19:55:51-04:00,21.0
2011-04-21 19:55:54-04:00,21.0
2011-04-21 19:55:57-04:00,21.0
2011-04-21 19:56:00-04:00,21.0
2011-04-21 19:56:03-04:00,21.0
2011-04-21 19:56:06-04:00,21.0
2011-04-21 19:56:09-04:00,21.0
2011-04-21 19:56:12-04:00,21.0
2011-04-21 19:56:15-04:00,21.0
2011-04-21 19:56:18-04:00,21.0
2011-04-21 19:56:21-04:00,21.0
2011-04-21 19:56:24-04:00,21.0
2011-04-21 19:56:27-04:00,21.0
2011-04-21 19:56:30-04:00,21.0
2011-04-21 19:56:33-04:00,21.0
2011-04-21 19:56:36-04:00,21.0
2011-04-21 19:56:39-04:00,21.0
2011-04-21 19:56:42-04:00,21.0
2011-04-21 19:56:45-04:00,21.0
2011-04-21 19:56:48-04:00,21.0
2011-04-21 19:56:51-04:00,21.0
2011-04-21 19:56:54-04:00,21.0
2011-04-21 19:56:57-04:00,21.0
2011-04-21 19:57:00-04:00,21.0
2011-04-21 19:57:03-04:00,21.0
2011-04-21 19:57:06-04:00,21.0
2011-04-21 19:57:09-04:00,21.0
2011-04-21 19:57:12-04:00,21.0
2011-04-21 19:57:15-04:00,21.0
2011-04-21 19:57:18-04:00,21.0
2011-04-21 19:57:21-04:00,21.0
2011-04-21 19:57:24-04:00,21.0
2011-04-21 19:57:27-04:00,21.0
2011-04-21 19:57:30-04:00,21.0
2011-04-21 19:57:33-04:00,21.0
2011-04-21 19:57:36-04:00,21.0
2011-04-21 19:57:39-04:00,21.0
2011-04-21 19:57:42-04:00,21.0
2011-04-21 19:57:45-04:00,21.0
2011-04-21 19:57:48-04:00,21.0
2011-04-21 19:57:51-04:00,21.0
2011-04-21 19:57:54-04:00,21.0
2011-04-21 19:57:57-04:00,21.0
2011-04-21 19:58:00-04:00,21.0
2011-04-21 19:58:03-04:00,21.0
2011-04-21 19:58:06-04:00,21.0
2011-04-21 19:58:09-04:00,21.0
2011-04-21 19:58:12-04:00,21.0
2011-04-21 19:58:15-04:00,21.0
2011-04-21 19:58:18-04:00,21.0
2011-04-21 19:58:21-04:00,21.0
2011-04-21 19:58:24-04:00,21.0
2011-04-21 19:58:27-04:00,21.0
2011-04-21 19:58:30-04:00,21.0
2011-04-21 19:58:33-04:00,21.0
2011-04-21 19:58:36-04:00,21.0
2011-04-21 19:58:39-04:00,21.0
2011-04-21 19:58:42-04:00,21.0
2011-04-21 19:58:45-04:00,21.0
2011-04-21 19:58:48-04:00,21.0
2011-04-21 19:58:51-04:00,21.0
2011-04-21 19:58:54-04:00,21.0
2011-04-21 19:58:57-04:00,21.0
2011-04-21 19:59:00-04:00,21.0
2011-04-21 19:59:03-04:00,21.0
2011-04-21 19:59:06-04:00,21.0
2011-04-21 19:59:09-04:00,21.0
2011-04-21 19:59:12-04:00,21.0
2011-04-21 19:59:15-04:00,21.0
2011-04-21 19:59:18-04:00,21.0
2011-04-21 19:59:21-04:00,21.0
2011-04-21 19:59:24-04:00,135.0
2011-04-21 19:59:27-04:00,173.0
2011-04-21 19:59:30-04:00,173.0
2011-04-21 19:59:33-04:00,173.0
2011-04-21 19:59:36-04:00,173.0
2011-04-21 19:59:39-04:00,173.0
2011-04-21 19:59:42-04:00,173.0
2011-04-21 19:59:45-04:00,173.0
2011-04-21 19:59:48-04:00,173.0
2011-04-21 19:59:51-04:00,173.0
2011-04-21 19:59:54-04:00,173.0
2011-04-21 19:59:57-04:00,173.0
2011-04-21 20:00:00-04:00,173.0
2011-04-21 20:00:03-04:00,173.0
2011-04-21 20:00:06-04:00,173.0
2011-04-21 20:00:09-04:00,173.0
2011-04-21 20:00:12-04:00,173.0
2011-04-21 20:00:15-04:00,173.0
2011-04-21 20:00:18-04:00,173.0
2011-04-21 20:00:21-04:00,173.0
2011-04-21 20:00:24-04:00,173.0
2011-04-21 20:00:27-04:00,173.0
2011-04-21 20:00:30-04:00,173.0
2011-04-21 20:00:33-04:00,173.0
2011-04-21 20:00:36-04:00,173.0
2011-04-21 20:00:39-04:00,173.0
2011-04-21 20:00:42-04:00,173.0
2011-04-21 20:00:45-04:00,173.0
2011-04-21 20:00:48-04:00,173.0
2011-04-21 20:00:51-04:00,173.0
2011-04-21 20:00:54-04:00,173.0
2011-04-21 20:00:57-04:00,173.0
2011-04-21 20:01:00-04:00,173.0
2011-04-21 20:01:03-04:00,173.0
2011-04-21 20:01:06-04:00,173.0
2011-04-21 20:01:09-04:00,173.0
2011-04-21 20:01:12-04:00,173.0
2011-04-21 20:01:15-04:00,173.0
2011-04-21 20:01:18-04:00,173.0
2011-04-21 20:01:21-04:00,173.0
2011-04-21 20:01:24-04:00,173.66666666666666
2011-04-21 20:01:27-04:00,175.0
2011-04-21 20:01:30-04:00,175.0
2011-04-21 20:01:33-04:00,175.0
2011-04-21 20:01:36-04:00,175.0
2011-04-21 20:01:39-04:00,175.0
2011-04-21 20:01:42-04:00,175.0
2011-04-21 20:01:45-04:00,175.0
2011-04-21 20:01:48-04:00,175.0
2011-04-21 20:01:51-04:00,175.0
2011-04-21 20:01:54-04:00,175.0
2011-04-21 20:01:57-04:00,175.0
2011-04-21 20:02:00-04:00,175.0
2011-04-21 20:02:03-04:00,175.0
2011-04-21 20:02:06-04:00,175.0
2011-04-21 20:02:09-04:00,175.0
2011-04-21 20:02:12-04:00,175.0
2011-04-21 20:02:15-04:00,175.0
2011-04-21 20:02:18-04:00,175.0
2011-04-21 20:02:21-04:00,175.0
2011-04-21 20:02:24-04:00,175.0
2011-04-21 20:02:27-04:00,174.77777777777777
2011-04-21 20:02:30-04:00,174.11111111111111
2011-04-21 20:02:33-04:00,173.44444444444446
2011-04-21 20:02:36-04:00,173.0
2011-04-21 20:02:39-04:00,173.0
2011-04-21 20:02:42-04:00,173.0
2011-04-21 20:02:45-04:00,174.0
2011-04-21 20:02:48-04:00,174.0
2011-04-21 20:02:51-04:00,174.0
2011-04-21 20:02:54-04:00,174.0
2011-04-21 20:02:57-04:00,174.0
2011-04-21 20:03:00-04:00,174.0
2011-04-21 20:03:03-04:00,174.0
2011-04-21 20:03:06-04:00,174.0
2011-04-21 20:03:09-04:00,174.0
2011-04-21 20:03:12-04:00,174.0
2011-04-21 20:03:15-04:00,174.0
2011-04-21 20:03:18-04:00,174.0
2011-04-21 20:03:21-04:00,174.0
2011-04-21 20:03:24-04:00,174.0
2011-04-21 20:03:27-04:00,174.0
2011-04-21 20:03:30-04:00,174.0
2011-04-21 20:03:33-04:00,174.0
2011-04-21 20:03:36-04:00,174.0
2011-04-21 20:03:39-04:00,174.0
2011-04-21 20:03:42-04:00,174.0
2011-04-21 20:03:45-04:00,174.0
2011-04-21 20:03:48-04:00,174.0
2011-04-21 20:03:51-04:00,174.0
2011-04-21 20:03:54-04:00,174.0
2011-04-21 20:03:57-04:00,174.0
2011-04-21 20:04:00-04:00,173.75
2011-04-21 20:04:03-04:00,173.0
2011-04-21 20:04:06-04:00,174.0
2011-04-21 20:04:09-04:00,174.0
2011-04-21 20:04:12-04:00,173.25
2011-04-21 20:04:15-04:00,173.0
2011-04-21 20:04:18-04:00,173.5
2011-04-21 20:04:21-04:00,174.33333333333334
2011-04-21 20:04:24-04:00,175.0
2011-04-21 20:04:27-04:00,175.0
2011-04-21 20:04:30-04:00,175.0
2011-04-21 20:04:33-04:00,175.0
2011-04-21 20:04:36-04:00,175.0
2011-04-21 20:04:39-04:00,175.0
2011-04-21 20:04:42-04:00,175.0
2011-04-21 20:04:45-04:00,175.0
2011-04-21 20:04:48-04:00,175.0
2011-04-21 20:04:51-04:00,175.0
2011-04-21 20:04:54-04:00,175.0
2011-04-21 20:04:57-04:00,175.0
2011-04-21 20:05:00-04:00,175.0
2011-04-21 20:05:03-04:00,175.0
2011-04-21 20:05:06-04:00,175.0
2011-04-21 20:05:09-04:00,175.5
2011-04-21 20:05:12-04:00,175.66666666666666
2011-04-21 20:05:15-04:00,175.0
2011-04-21 20:05:18-04:00,175.0
2011-04-21 20:05:21-04:00,175.0
2011-04-21 20:05:24-04:00,175.0
2011-04-21 20:05:27-04:00,174.25
2011-04-21 20:05:30-04:00,174.0
2011-04-21 20:05:33-04:00,174.0
2011-04-21 20:05:36-04:00,174.0
2011-04-21 20:05:39-04:00,174.0
2011-04-21 20:05:42-04:00,174.0
2011-04-21 20:05:45-04:00,174.0
2011-04-21 20:05:48-04:00,174.0
2011-04-21 20:05:51-04:00,174.0
2011-04-21 20:05:54-04:00,174.0
2011-04-21 20:05:57-04:00,174.0
2011-04-21 20:06:00-04:00,174.0
2011-04-21 20:06:03-04:00,175.0
2011-04-21 20:06:06-04:00,174.25
2011-04-21 20:06:09-04:00,174.66666666666666
2011-04-21 20:06:12-04:00,174.5
2011-04-21 20:06:15-04:00,174.33333333333334
2011-04-21 20:06:18-04:00,174.66666666666666
2011-04-21 20:06:21-04:00,174.0
2011-04-21 20:06:24-04:00,174.0
2011-04-21 20:06:27-04:00,174.0
2011-04-21 20:06:30-04:00,174.0
2011-04-21 20:06:33-04:00,174.0
2011-04-21 20:06:36-04:00,174.0
2011-04-21 20:06:39-04:00,175.0
2011-04-21 20:06:42-04:00,175.0
2011-04-21 20:06:45-04:00,175.0
2011-04-21 20:06:48-04:00,175.0
2011-04-21 20:06:51-04:00,174.66666666666666
2011-04-21 20:06:54-04:00,174.0
2011-04-21 20:06:57-04:00,174.0
2011-04-21 20:07:00-04:00,174.0
2011-04-21 20:07:03-04:00,174.0
2011-04-21 20:07:06-04:00,174.0
2011-04-21 20:07:09-04:00,174.0
2011-04-21 20:07:12-04:00,174.0
2011-04-21 20:07:15-04:00,174.0
2011-04-21 20:07:18-04:00,174.25
2011-04-21 20:07:21-04:00,175.0
2011-04-21 20:07:24-04:00,176.0
2011-04-21 20:07:27-04:00,176.0
2011-04-21 20:07:30-04:00,176.0
2011-04-21 20:07:33-04:00,176.0
2011-04-21 20:07:36-04:00,176.0
2011-04-21 20:07:39-04:00,176.0
2011-04-21 20:07:42-04:00,176.0
2011-04-21 20:07:45-04:00,176.0
2011-04-21 20:07:48-04:00,176.0
2011-04-21 20:07:51-04:00,176.0
2011-04-21 20:07:54-04:00,176.0
2011-04-21 20:07:57-04:00,176.0
2011-04-21 20:08:00-04:00,176.0
2011-04-21 20:08:03-04:00,176.0
2011-04-21 20:08:06-04:00,176.0
2011-04-21 20:08:09-04:00,176.0
2011-04-21 20:08:12-04:00,176.0
2011-04-21 20:08:15-04:00,176.0
2011-04-21 20:08:18-04:00,176.0
2011-04-21 20:08:21-04:00,176.0
2011-04-21 20:08:24-04:00,176.0
2011-04-21 20:08:27-04:00,176.0
2011-04-21 20:08:30-04:00,175.33333333333334
2011-04-21 20:08:33-04:00,174.66666666666666
2011-04-21 20:08:36-04:00,174.0
2011-04-21 20:08:39-04:00,174.0
2011-04-21 20:08:42-04:00,174.75
2011-04-21 20:08:45-04:00,174.33333333333334
2011-04-21 20:08:48-04:00,174.66666666666666
2011-04-21 20:08:51-04:00,174.5
2011-04-21 20:08:54-04:00,174.0
2011-04-21 20:08:57-04:00,174.0
2011-04-21 20:09:00-04:00,174.0
2011-04-21 20:09:03-04:00,174.0
2011-04-21 20:09:06-04:00,174.0
2011-04-21 20:09:09-04:00,174.0
2011-04-21 20:09:12-04:00,174.0
2011-04-21 20:09:15-04:00,174.0
2011-04-21 20:09:18-04:00,174.0
2011-04-21 20:09:21-04:00,174.0
2011-04-21 20:09:24-04:00,174.0
2011-04-21 20:09:27-04:00,174.0
2011-04-21 20:09:30-04:00,174.0
2011-04-21 20:09:33-04:00,174.0
2011-04-21 20:09:36-04:00,174.0
2011-04-21 20:09:39-04:00,174.0
2011-04-21 20:09:42-04:00,174.0
2011-04-21 20:09:45-04:00,174.0
2011-04-21 20:09:48-04:00,174.0
2011-04-21 20:09:51-04:00,174.0
2011-04-21 20:09:54-04:00,174.0
2011-04-21 20:09:57-04:00,174.0
2011-04-21 20:10:00-04:00,174.0
2011-04-21 20:10:03-04:00,174.0
2011-04-21 20:10:06-04:00,174.0
2011-04-21 20:10:09-04:00,174.0
2011-04-21 20:10:12-04:00,174.66666666666666
2011-04-21 20:10:15-04:00,176.0
2011-04-21 20:10:18-04:00,176.0
2011-04-21 20:10:21-04:00,175.0
2011-04-21 20:10:24-04:00,175.0
2011-04-21 20:10:27-04:00,175.66666666666666
2011-04-21 20:10:30-04:00,176.0
2011-04-21 20:10:33-04:00,176.0
2011-04-21 20:10:36-04:00,176.0
2011-04-21 20:10:39-04:00,176.0
2011-04-21 20:10:42-04:00,176.0
2011-04-21 20:10:45-04:00,176.0
2011-04-21 20:10:48-04:00,176.0
2011-04-21 20:10:51-04:00,176.0
2011-04-21 20:10:54-04:00,176.0
2011-04-21 20:10:57-04:00,176.0
2011-04-21 20:11:00-04:00,176.0
2011-04-21 20:11:03-04:00,176.0
2011-04-21 20:11:06-04:00,176.0
2011-04-21 20:11:09-04:00,176.0
2011-04-21 20:11:12-04:00,176.0
2011-04-21 20:11:15-04:00,176.0
2011-04-21 20:11:18-04:00,176.0
2011-04-21 20:11:21-04:00,176.0
2011-04-21 20:11:24-04:00,175.5
2011-04-21 20:11:27-04:00,174.0
2011-04-21 20:11:30-04:00,174.0
2011-04-21 20:11:33-04:00,174.0
2011-04-21 20:11:36-04:00,174.0
2011-04-21 20:11:39-04:00,174.0
2011-04-21 20:11:42-04:00,174.0
2011-04-21 20:11:45-04:00,175.0
2011-04-21 20:11:48-04:00,174.25
2011-04-21 20:11:51-04:00,174.66666666666666
2011-04-21 20:11:54-04:00,174.5
2011-04-21 20:11:57-04:00,174.0
2011-04-21 20:12:00-04:00,174.0
2011-04-21 20:12:03-04:00,174.0
2011-04-21 20:12:06-04:00,174.0
2011-04-21 20:12:09-04:00,174.0
2011-04-21 20:12:12-04:00,174.0
2011-04-21 20:12:15-04:00,174.0
2011-04-21 20:12:18-04:00,174.0
2011-04-21 20:12:21-04:00,174.33333333333334
2011-04-21 20:12:24-04:00,175.0
2011-04-21 20:12:27-04:00,175.0
2011-04-21 20:12:30-04:00,175.0
2011-04-21 20:12:33-04:00,175.0
2011-04-21 20:12:36-04:00,175.0
2011-04-21 20:12:39-04:00,174.0
2011-04-21 20:12:42-04:00,174.0
2011-04-21 20:12:45-04:00,174.66666666666666
2011-04-21 20:12:48-04:00,174.5
2011-04-21 20:12:51-04:00,174.33333333333334
2011-04-21 20:12:54-04:00,174.75
2011-04-21 20:12:57-04:00,174.0
2011-04-21 20:13:00-04:00,174.0
2011-04-21 20:13:03-04:00,174.75
2011-04-21 20:13:06-04:00,175.66666666666666
2011-04-21 20:13:09-04:00,176.0
2011-04-21 20:13:12-04:00,176.0
2011-04-21 20:13:15-04:00,176.0
2011-04-21 20:13:18-04:00,176.0
2011-04-21 20:13:21-04:00,176.0
2011-04-21 20:13:24-04:00,176.0
2011-04-21 20:13:27-04:00,176.0
2011-04-21 20:13:30-04:00,176.0
2011-04-21 20:13:33-04:00,176.0
2011-04-21 20:13:36-04:00,176.0
2011-04-21 20:13:39-04:00,176.0
2011-04-21 20:13:42-04:00,176.0
2011-04-21 20:13:45-04:00,176.0
2011-04-21 20:13:48-04:00,176.0
2011-04-21 20:13:51-04:00,176.0
2011-04-21 20:13:54-04:00,176.0
2011-04-21 20:13:57-04:00,176.0
2011-04-21 20:14:00-04:00,176.0
2011-04-21 20:14:03-04:00,176.0
2011-04-21 20:14:06-04:00,176.0
2011-04-21 20:14:09-04:00,176.0
2011-04-21 20:14:12-04:00,176.0
2011-04-21 20:14:15-04:00,176.0
2011-04-21 20:14:18-04:00,174.5
2011-04-21 20:14:21-04:00,174.0
2011-04-21 20:14:24-04:00,174.0
2011-04-21 20:14:27-04:00,174.125
2011-04-21 20:14:30-04:00,174.5
2011-04-21 20:14:33-04:00,174.875
2011-04-21 20:14:36-04:00,174.5
2011-04-21 20:14:39-04:00,174.33333333333334
2011-04-21 20:14:42-04:00,175.0
2011-04-21 20:14:45-04:00,175.0
2011-04-21 20:14:48-04:00,175.0
2011-04-21 20:14:51-04:00,175.0
2011-04-21 20:14:54-04:00,175.0
2011-04-21 20:14:57-04:00,175.0
2011-04-21 20:15:00-04:00,175.0
2011-04-21 20:15:03-04:00,175.0
2011-04-21 20:15:06-04:00,175.0
2011-04-21 20:15:09-04:00,175.0
2011-04-21 20:15:12-04:00,175.0
2011-04-21 20:15:15-04:00,175.0
2011-04-21 20:15:18-04:00,175.0
2011-04-21 20:15:21-04:00,175.0
2011-04-21 20:15:24-04:00,175.0
2011-04-21 20:15:27-04:00,175.0
2011-04-21 20:15:30-04:00,175.0
2011-04-21 20:15:33-04:00,175.0
2011-04-21 20:15:36-04:00,175.0
2011-04-21 20:15:39-04:00,175.0
2011-04-21 20:15:42-04:00,175.0
2011-04-21 20:15:45-04:00,175.0
2011-04-21 20:15:48-04:00,175.0
2011-04-21 20:15:51-04:00,175.0
2011-04-21 20:15:54-04:00,175.5
2011-04-21 20:15:57-04:00,176.0
2011-04-21 20:16:00-04:00,176.0
2011-04-21 20:16:03-04:00,176.0
2011-04-21 20:16:06-04:00,176.0
2011-04-21 20:16:09-04:00,177.0
2011-04-21 20:16:12-04:00,177.0
2011-04-21 20:16:15-04:00,177.0
2011-04-21 20:16:18-04:00,177.0
2011-04-21 20:16:21-04:00,176.5
2011-04-21 20:16:24-04:00,176.0
2011-04-21 20:16:27-04:00,176.0
2011-04-21 20:16:30-04:00,176.0
2011-04-21 20:16:33-04:00,176.0
2011-04-21 20:16:36-04:00,176.0
2011-04-21 20:16:39-04:00,176.0
2011-04-21 20:16:42-04:00,176.0
2011-04-21 20:16:45-04:00,176.0
2011-04-21 20:16:48-04:00,176.0
2011-04-21 20:16:51-04:00,176.0
2011-04-21 20:16:54-04:00,176.0
2011-04-21 20:16:57-04:00,176.0
2011-04-21 20:17:00-04:00,176.0
2011-04-21 20:17:03-04:00,176.0
2011-04-21 20:17:06-04:00,176.0
2011-04-21 20:17:09-04:00,176.0
2011-04-21 20:17:12-04:00,175.0
2011-04-21 20:17:15-04:00,174.33333333333334
2011-04-21 20:17:18-04:00,174.66666666666666
2011-04-21 20:17:21-04:00,174.25
2011-04-21 20:17:24-04:00,175.0
2011-04-21 20:17:27-04:00,175.0
2011-04-21 20:17:30-04:00,175.0
2011-04-21 20:17:33-04:00,175.0
2011-04-21 20:17:36-04:00,175.0
2011-04-21 20:17:39-04:00,175.0
2011-04-21 20:17:42-04:00,175.0
2011-04-21 20:17:45-04:00,175.0
2011-04-21 20:17:48-04:00,175.0
2011-04-21 20:17:51-04:00,175.0
2011-04-21 20:17:54-04:00,175.0
2011-04-21 20:17:57-04:00,175.0
2011-04-21 20:18:00-04:00,175.0
2011-04-21 20:18:03-04:00,175.0
2011-04-21 20:18:06-04:00,175.0
2011-04-21 20:18:09-04:00,175.0
2011-04-21 20:18:12-04:00,175.0
2011-04-21 20:18:15-04:00,175.0
2011-04-21 20:18:18-04:00,175.0
2011-04-21 20:18:21-04:00,175.0
2011-04-21 20:18:24-04:00,174.0
2011-04-21 20:18:27-04:00,174.75
2011-04-21 20:18:30-04:00,174.77777777777777
2011-04-21 20:18:33-04:00,174.44444444444446
2011-04-21 20:18:36-04:00,174.11111111111111
2011-04-21 20:18:39-04:00,174.0
2011-04-21 20:18:42-04:00,174.5
2011-04-21 20:18:45-04:00,175.33333333333334
2011-04-21 20:18:48-04:00,176.0
2011-04-21 20:18:51-04:00,176.0
2011-04-21 20:18:54-04:00,176.0
2011-04-21 20:18:57-04:00,176.0
2011-04-21 20:19:00-04:00,176.0
2011-04-21 20:19:03-04:00,176.0
2011-04-21 20:19:06-04:00,176.0
2011-04-21 20:19:09-04:00,176.0
2011-04-21 20:19:12-04:00,176.0
2011-04-21 20:19:15-04:00,176.0
2011-04-21 20:19:18-04:00,176.0
2011-04-21 20:19:21-04:00,176.0
2011-04-21 20:19:24-04:00,176.0
2011-04-21 20:19:27-04:00,176.0
2011-04-21 20:19:30-04:00,176.0
2011-04-21 20:19:33-04:00,176.0
2011-04-21 20:19:36-04:00,176.0
2011-04-21 20:19:39-04:00,176.0
2011-04-21 20:19:42-04:00,176.0
2011-04-21 20:19:45-04:00,176.0
2011-04-21 20:19:48-04:00,176.0
2011-04-21 20:19:51-04:00,176.0
2011-04-21 20:19:54-04:00,176.0
2011-04-21 20:19:57-04:00,176.0
2011-04-21 20:20:00-04:00,176.0
2011-04-21 20:20:03-04:00,176.0
2011-04-21 20:20:06-04:00,174.66666666666666
2011-04-21 20:20:09-04:00,174.5
2011-04-21 20:20:12-04:00,175.0
2011-04-21 20:20:15-04:00,175.0
2011-04-21 20:20:18-04:00,175.0
2011-04-21 20:20:21-04:00,175.0
2011-04-21 20:20:24-04:00,175.0
2011-04-21 20:20:27-04:00,175.0
2011-04-21 20:20:30-04:00,175.0
2011-04-21 20:20:33-04:00,175.0
2011-04-21 20:20:36-04:00,175.0
2011-04-21 20:20:39-04:00,175.0
2011-04-21 20:20:42-04:00,175.0
2011-04-21 20:20:45-04:00,175.0
2011-04-21 20:20:48-04:00,175.0
2011-04-21 20:20:51-04:00,175.0
2011-04-21 20:20:54-04:00,175.0
2011-04-21 20:20:57-04:00,175.0
2011-04-21 20:21:00-04:00,175.0
2011-04-21 20:21:03-04:00,175.0
2011-04-21 20:21:06-04:00,175.0
2011-04-21 20:21:09-04:00,175.0
2011-04-21 20:21:12-04:00,175.0
2011-04-21 20:21:15-04:00,175.0
2011-04-21 20:21:18-04:00,175.0
2011-04-21 20:21:21-04:00,175.0
2011-04-21 20:21:24-04:00,175.0
2011-04-21 20:21:27-04:00,175.0
2011-04-21 20:21:30-04:00,175.25
2011-04-21 20:21:33-04:00,175.625
2011-04-21 20:21:36-04:00,176.0
2011-04-21 20:21:39-04:00,176.0
2011-04-21 20:21:42-04:00,176.0
2011-04-21 20:21:45-04:00,176.0
2011-04-21 20:21:48-04:00,176.0
2011-04-21 20:21:51-04:00,176.0
2011-04-21 20:21:54-04:00,176.0
2011-04-21 20:21:57-04:00,176.0
2011-04-21 20:22:00-04:00,176.0
2011-04-21 20:22:03-04:00,176.0
2011-04-21 20:22:06-04:00,176.66666666666666
2011-04-21 20:22:09-04:00,177.0
2011-04-21 20:22:12-04:00,177.0
2011-04-21 20:22:15-04:00,176.66666666666666
2011-04-21 20:22:18-04:00,176.0
2011-04-21 20:22:21-04:00,176.0
2011-04-21 20:22:24-04:00,176.0
2011-04-21 20:22:27-04:00,176.0
2011-04-21 20:22:30-04:00,175.75
2011-04-21 20:22:33-04:00,175.375
2011-04-21 20:22:36-04:00,175.0
2011-04-21 20:22:39-04:00,175.75
2011-04-21 20:22:42-04:00,175.33333333333334
2011-04-21 20:22:45-04:00,175.5
2011-04-21 20:22:48-04:00,176.0
2011-04-21 20:22:51-04:00,175.33333333333334
2011-04-21 20:22:54-04:00,174.0
2011-04-21 20:22:57-04:00,174.0
2011-04-21 20:23:00-04:00,174.0
2011-04-21 20:23:03-04:00,174.0
2011-04-21 20:23:06-04:00,174.0
2011-04-21 20:23:09-04:00,174.0
2011-04-21 20:23:12-04:00,174.0
2011-04-21 20:23:15-04:00,174.0
2011-04-21 20:23:18-04:00,174.0
2011-04-21 20:23:21-04:00,174.0
2011-04-21 20:23:24-04:00,174.0
2011-04-21 20:23:27-04:00,174.0
2011-04-21 20:23:30-04:00,174.0
2011-04-21 20:23:33-04:00,174.0
2011-04-21 20:23:36-04:00,174.0
2011-04-21 20:23:39-04:00,174.0
2011-04-21 20:23:42-04:00,174.0
2011-04-21 20:23:45-04:00,174.0
2011-04-21 20:23:48-04:00,174.0
2011-04-21 20:23:51-04:00,174.0
2011-04-21 20:23:54-04:00,174.0
2011-04-21 20:23:57-04:00,174.0
2011-04-21 20:24:00-04:00,174.0
2011-04-21 20:24:03-04:00,174.0
2011-04-21 20:24:06-04:00,174.0
2011-04-21 20:24:09-04:00,174.0
2011-04-21 20:24:12-04:00,175.33333333333334
2011-04-21 20:24:15-04:00,175.5
2011-04-21 20:24:18-04:00,175.0
2011-04-21 20:24:21-04:00,175.0
2011-04-21 20:24:24-04:00,175.0
2011-04-21 20:24:27-04:00,175.0
2011-04-21 20:24:30-04:00,175.0
2011-04-21 20:24:33-04:00,175.0
2011-04-21 20:24:36-04:00,175.0
2011-04-21 20:24:39-04:00,175.0
2011-04-21 20:24:42-04:00,175.0
2011-04-21 20:24:45-04:00,174.5
2011-04-21 20:24:48-04:00,174.33333333333334
2011-04-21 20:24:51-04:00,174.75
2011-04-21 20:24:54-04:00,174.0
2011-04-21 20:24:57-04:00,174.0
2011-04-21 20:25:00-04:00,174.0
2011-04-21 20:25:03-04:00,174.0
2011-04-21 20:25:06-04:00,174.0
2011-04-21 20:25:09-04:00,174.0
2011-04-21 20:25:12-04:00,174.0
2011-04-21 20:25:15-04:00,174.33333333333334
2011-04-21 20:25:18-04:00,175.0
2011-04-21 20:25:21-04:00,175.0
2011-04-21 20:25:24-04:00,175.0
2011-04-21 20:25:27-04:00,175.0
2011-04-21 20:25:30-04:00,174.5
2011-04-21 20:25:33-04:00,173.75
2011-04-21 20:25:36-04:00,173.0
2011-04-21 20:25:39-04:00,173.0
2011-04-21 20:25:42-04:00,173.0
2011-04-21 20:25:45-04:00,173.0
2011-04-21 20:25:48-04:00,173.0
2011-04-21 20:25:51-04:00,173.0
2011-04-21 20:25:54-04:00,173.0
2011-04-21 20:25:57-04:00,174.0
2011-04-21 20:26:00-04:00,173.25
2011-04-21 20:26:03-04:00,173.0
2011-04-21 20:26:06-04:00,173.0
2011-04-21 20:26:09-04:00,173.0
2011-04-21 20:26:12-04:00,173.0
2011-04-21 20:26:15-04:00,173.0
2011-04-21 20:26:18-04:00,173.0
2011-04-21 20:26:21-04:00,173.0
2011-04-21 20:26:24-04:00,173.0
2011-04-21 20:26:27-04:00,173.0
2011-04-21 20:26:30-04:00,173.0
2011-04-21 20:26:33-04:00,173.0
2011-04-21 20:26:36-04:00,173.0
2011-04-21 20:26:39-04:00,173.0
2011-04-21 20:26:42-04:00,173.0
2011-04-21 20:26:45-04:00,173.0
2011-04-21 20:26:48-04:00,173.0
2011-04-21 20:26:51-04:00,173.0
2011-04-21 20:26:54-04:00,173.0
2011-04-21 20:26:57-04:00,173.0
2011-04-21 20:27:00-04:00,174.5
2011-04-21 20:27:03-04:00,175.0
2011-04-21 20:27:06-04:00,175.0
2011-04-21 20:27:09-04:00,175.0
2011-04-21 20:27:12-04:00,175.0
2011-04-21 20:27:15-04:00,175.0
2011-04-21 20:27:18-04:00,175.0
2011-04-21 20:27:21-04:00,175.0
2011-04-21 20:27:24-04:00,175.0
2011-04-21 20:27:27-04:00,175.0
2011-04-21 20:27:30-04:00,175.0
2011-04-21 20:27:33-04:00,175.0
2011-04-21 20:27:36-04:00,175.0
2011-04-21 20:27:39-04:00,175.0
2011-04-21 20:27:42-04:00,175.0
2011-04-21 20:27:45-04:00,175.0
2011-04-21 20:27:48-04:00,175.0
2011-04-21 20:27:51-04:00,175.0
2011-04-21 20:27:54-04:00,175.0
2011-04-21 20:27:57-04:00,175.0
2011-04-21 20:28:00-04:00,175.0
2011-04-21 20:28:03-04:00,175.0
2011-04-21 20:28:06-04:00,175.0
2011-04-21 20:28:09-04:00,175.0
2011-04-21 20:28:12-04:00,174.5
2011-04-21 20:28:15-04:00,174.33333333333334
2011-04-21 20:28:18-04:00,175.0
2011-04-21 20:28:21-04:00,175.0
2011-04-21 20:28:24-04:00,175.0
2011-04-21 20:28:27-04:00,175.0
2011-04-21 20:28:30-04:00,174.33333333333334
2011-04-21 20:28:33-04:00,173.66666666666666
2011-04-21 20:28:36-04:00,173.0
2011-04-21 20:28:39-04:00,174.0
2011-04-21 20:28:42-04:00,174.0
2011-04-21 20:28:45-04:00,174.0
2011-04-21 20:28:48-04:00,174.0
2011-04-21 20:28:51-04:00,174.0
2011-04-21 20:28:54-04:00,174.0
2011-04-21 20:28:57-04:00,174.0
2011-04-21 20:29:00-04:00,174.0
2011-04-21 20:29:03-04:00,174.0
2011-04-21 20:29:06-04:00,174.0
2011-04-21 20:29:09-04:00,174.0
2011-04-21 20:29:12-04:00,174.0
2011-04-21 20:29:15-04:00,174.0
2011-04-21 20:29:18-04:00,174.0
2011-04-21 20:29:21-04:00,174.0
2011-04-21 20:29:24-04:00,174.0
2011-04-21 20:29:27-04:00,174.0
2011-04-21 20:29:30-04:00,174.0
2011-04-21 20:29:33-04:00,174.0
2011-04-21 20:29:36-04:00,174.0
2011-04-21 20:29:39-04:00,174.0
2011-04-21 20:29:42-04:00,174.0
2011-04-21 20:29:45-04:00,174.0
2011-04-21 20:29:48-04:00,174.0
2011-04-21 20:29:51-04:00,174.5
2011-04-21 20:29:54-04:00,175.0
2011-04-21 20:29:57-04:00,175.0
2011-04-21 20:30:00-04:00,175.0
2011-04-21 20:30:03-04:00,175.0
2011-04-21 20:30:06-04:00,175.0
2011-04-21 20:30:09-04:00,175.0
2011-04-21 20:30:12-04:00,175.0
2011-04-21 20:30:15-04:00,175.0
2011-04-21 20:30:18-04:00,175.0
2011-04-21 20:30:21-04:00,175.25
2011-04-21 20:30:24-04:00,176.0
2011-04-21 20:30:27-04:00,175.0
2011-04-21 20:30:30-04:00,175.0
2011-04-21 20:30:33-04:00,175.0
2011-04-21 20:30:36-04:00,175.0
2011-04-21 20:30:39-04:00,175.0
2011-04-21 20:30:42-04:00,175.75
2011-04-21 20:30:45-04:00,175.33333333333334
2011-04-21 20:30:48-04:00,175.0
2011-04-21 20:30:51-04:00,175.5
2011-04-21 20:30:54-04:00,176.0
2011-04-21 20:30:57-04:00,176.0
2011-04-21 20:31:00-04:00,176.0
2011-04-21 20:31:03-04:00,175.0
2011-04-21 20:31:06-04:00,175.75
2011-04-21 20:31:09-04:00,175.33333333333334
2011-04-21 20:31:12-04:00,175.0
2011-04-21 20:31:15-04:00,175.0
2011-04-21 20:31:18-04:00,175.33333333333334
2011-04-21 20:31:21-04:00,176.0
2011-04-21 20:31:24-04:00,176.0
2011-04-21 20:31:27-04:00,174.0
2011-04-21 20:31:30-04:00,174.0
2011-04-21 20:31:33-04:00,174.0
2011-04-21 20:31:36-04:00,174.0
2011-04-21 20:31:39-04:00,174.0
2011-04-21 20:31:42-04:00,174.0
2011-04-21 20:31:45-04:00,174.0
2011-04-21 20:31:48-04:00,174.0
2011-04-21 20:31:51-04:00,174.0
2011-04-21 20:31:54-04:00,174.0
2011-04-21 20:31:57-04:00,174.0
2011-04-21 20:32:00-04:00,174.0
2011-04-21 20:32:03-04:00,174.0
2011-04-21 20:32:06-04:00,174.0
2011-04-21 20:32:09-04:00,174.0
2011-04-21 20:32:12-04:00,174.0
2011-04-21 20:32:15-04:00,174.0
2011-04-21 20:32:18-04:00,174.0
2011-04-21 20:32:21-04:00,174.0
2011-04-21 20:32:24-04:00,174.0
2011-04-21 20:32:27-04:00,174.0
2011-04-21 20:32:30-04:00,174.33333333333334
2011-04-21 20:32:33-04:00,174.66666666666666
2011-04-21 20:32:36-04:00,175.0
2011-04-21 20:32:39-04:00,175.0
2011-04-21 20:32:42-04:00,175.75
2011-04-21 20:32:45-04:00,176.0
2011-04-21 20:32:48-04:00,176.0
2011-04-21 20:32:51-04:00,176.0
2011-04-21 20:32:54-04:00,176.0
2011-04-21 20:32:57-04:00,176.0
2011-04-21 20:33:00-04:00,176.0
2011-04-21 20:33:03-04:00,176.0
2011-04-21 20:33:06-04:00,176.0
2011-04-21 20:33:09-04:00,176.0
2011-04-21 20:33:12-04:00,176.0
2011-04-21 20:33:15-04:00,176.0
2011-04-21 20:33:18-04:00,176.0
2011-04-21 20:33:21-04:00,176.0
2011-04-21 20:33:24-04:00,176.0
2011-04-21 20:33:27-04:00,176.0
2011-04-21 20:33:30-04:00,176.0
2011-04-21 20:33:33-04:00,176.0
2011-04-21 20:33:36-04:00,176.0
2011-04-21 20:33:39-04:00,176.0
2011-04-21 20:33:42-04:00,176.0
2011-04-21 20:33:45-04:00,176.0
2011-04-21 20:33:48-04:00,176.0
2011-04-21 20:33:51-04:00,176.0
2011-04-21 20:33:54-04:00,176.0
2011-04-21 20:33:57-04:00,176.0
2011-04-21 20:34:00-04:00,176.0
2011-04-21 20:34:03-04:00,176.0
2011-04-21 20:34:06-04:00,176.0
2011-04-21 20:34:09-04:00,176.0
2011-04-21 20:34:12-04:00,176.0
2011-04-21 20:34:15-04:00,176.0
2011-04-21 20:34:18-04:00,176.0
2011-04-21 20:34:21-04:00,176.0
2011-04-21 20:34:24-04:00,176.0
2011-04-21 20:34:27-04:00,176.0
2011-04-21 20:34:30-04:00,175.66666666666666
2011-04-21 20:34:33-04:00,175.33333333333334
2011-04-21 20:34:36-04:00,175.0
2011-04-21 20:34:39-04:00,175.0
2011-04-21 20:34:42-04:00,175.0
2011-04-21 20:34:45-04:00,174.5
2011-04-21 20:34:48-04:00,174.33333333333334
2011-04-21 20:34:51-04:00,174.75
2011-04-21 20:34:54-04:00,174.0
2011-04-21 20:34:57-04:00,175.0
2011-04-21 20:35:00-04:00,174.25
2011-04-21 20:35:03-04:00,174.0
2011-04-21 20:35:06-04:00,174.5
2011-04-21 20:35:09-04:00,175.0
2011-04-21 20:35:12-04:00,175.0
2011-04-21 20:35:15-04:00,175.0
2011-04-21 20:35:18-04:00,175.0
2011-04-21 20:35:21-04:00,175.0
2011-04-21 20:35:24-04:00,175.0
2011-04-21 20:35:27-04:00,175.0
2011-04-21 20:35:30-04:00,175.22222222222223
2011-04-21 20:35:33-04:00,175.55555555555554
2011-04-21 20:35:36-04:00,175.88888888888889
2011-04-21 20:35:39-04:00,176.0
2011-04-21 20:35:42-04:00,176.0
2011-04-21 20:35:45-04:00,176.0
2011-04-21 20:35:48-04:00,176.0
2011-04-21 20:35:51-04:00,176.0
2011-04-21 20:35:54-04:00,176.0
2011-04-21 20:35:57-04:00,176.0
2011-04-21 20:36:00-04:00,176.0
2011-04-21 20:36:03-04:00,176.0
2011-04-21 20:36:06-04:00,176.0
2011-04-21 20:36:09-04:00,176.0
2011-04-21 20:36:12-04:00,176.0
2011-04-21 20:36:15-04:00,176.0
2011-04-21 20:36:18-04:00,176.0
2011-04-21 20:36:21-04:00,176.0
2011-04-21 20:36:24-04:00,176.0
2011-04-21 20:36:27-04:00,176.0
2011-04-21 20:36:30-04:00,176.0
2011-04-21 20:36:33-04:00,176.0
2011-04-21 20:36:36-04:00,176.0
2011-04-21 20:36:39-04:00,176.0
2011-04-21 20:36:42-04:00,176.0
2011-04-21 20:36:45-04:00,176.0
2011-04-21 20:36:48-04:00,176.0
2011-04-21 20:36:51-04:00,176.0
2011-04-21 20:36:54-04:00,176.0
2011-04-21 20:36:57-04:00,176.0
2011-04-21 20:37:00-04:00,176.0
2011-04-21 20:37:03-04:00,176.0
2011-04-21 20:37:06-04:00,176.0
2011-04-21 20:37:09-04:00,176.0
2011-04-21 20:37:12-04:00,176.0
2011-04-21 20:37:15-04:00,176.0
2011-04-21 20:37:18-04:00,176.0
2011-04-21 20:37:21-04:00,176.0
2011-04-21 20:37:24-04:00,176.0
2011-04-21 20:37:27-04:00,175.77777777777777
2011-04-21 20:37:30-04:00,175.44444444444446
2011-04-21 20:37:33-04:00,175.11111111111111
2011-04-21 20:37:36-04:00,175.0
2011-04-21 20:37:39-04:00,175.0
2011-04-21 20:37:42-04:00,175.0
2011-04-21 20:37:45-04:00,175.0
2011-04-21 20:37:48-04:00,175.0
2011-04-21 20:37:51-04:00,175.0
2011-04-21 20:37:54-04:00,175.0
2011-04-21 20:37:57-04:00,175.0
2011-04-21 20:38:00-04:00,175.0
2011-04-21 20:38:03-04:00,175.0
2011-04-21 20:38:06-04:00,175.0
2011-04-21 20:38:09-04:00,175.0
2011-04-21 20:38:12-04:00,175.0
2011-04-21 20:38:15-04:00,175.0
2011-04-21 20:38:18-04:00,175.0
2011-04-21 20:38:21-04:00,175.0
2011-04-21 20:38:24-04:00,175.0
2011-04-21 20:38:27-04:00,175.22222222222223
2011-04-21 20:38:30-04:00,175.55555555555554
2011-04-21 20:38:33-04:00,175.88888888888889
2011-04-21 20:38:36-04:00,176.0
2011-04-21 20:38:39-04:00,176.0
2011-04-21 20:38:42-04:00,176.0
2011-04-21 20:38:45-04:00,176.0
2011-04-21 20:38:48-04:00,176.0
2011-04-21 20:38:51-04:00,176.0
2011-04-21 20:38:54-04:00,176.0
2011-04-21 20:38:57-04:00,176.0
2011-04-21 20:39:00-04:00,176.0
2011-04-21 20:39:03-04:00,176.0
2011-04-21 20:39:06-04:00,176.0
2011-04-21 20:39:09-04:00,176.0
2011-04-21 20:39:12-04:00,176.0
2011-04-21 20:39:15-04:00,176.0
2011-04-21 20:39:18-04:00,176.0
2011-04-21 20:39:21-04:00,176.0
2011-04-21 20:39:24-04:00,176.0
2011-04-21 20:39:27-04:00,176.0
2011-04-21 20:39:30-04:00,176.0
2011-04-21 20:39:33-04:00,176.0
2011-04-21 20:39:36-04:00,176.0
2011-04-21 20:39:39-04:00,176.0
2011-04-21 20:39:42-04:00,176.0
2011-04-21 20:39:45-04:00,176.0
2011-04-21 20:39:48-04:00,176.0
2011-04-21 20:39:51-04:00,176.0
2011-04-21 20:39:54-04:00,174.5
2011-04-21 20:39:57-04:00,174.0
2011-04-21 20:40:00-04:00,174.0
2011-04-21 20:40:03-04:00,174.0
2011-04-21 20:40:06-04:00,174.0
2011-04-21 20:40:09-04:00,174.0
2011-04-21 20:40:12-04:00,174.0
2011-04-21 20:40:15-04:00,174.75
2011-04-21 20:40:18-04:00,174.33333333333334
2011-04-21 20:40:21-04:00,174.0
2011-04-21 20:40:24-04:00,174.0
2011-04-21 20:40:27-04:00,173.75
2011-04-21 20:40:30-04:00,173.0
2011-04-21 20:40:33-04:00,172.25
2011-04-21 20:40:36-04:00,172.5
2011-04-21 20:40:39-04:00,173.0
2011-04-21 20:40:42-04:00,173.0
2011-04-21 20:40:45-04:00,173.0
2011-04-21 20:40:48-04:00,173.0
2011-04-21 20:40:51-04:00,173.0
2011-04-21 20:40:54-04:00,173.0
2011-04-21 20:40:57-04:00,173.0
2011-04-21 20:41:00-04:00,172.5
2011-04-21 20:41:03-04:00,172.0
2011-04-21 20:41:06-04:00,172.25
2011-04-21 20:41:09-04:00,173.0
2011-04-21 20:41:12-04:00,172.0
2011-04-21 20:41:15-04:00,172.75
2011-04-21 20:41:18-04:00,173.0
2011-04-21 20:41:21-04:00,173.0
2011-04-21 20:41:24-04:00,173.0
2011-04-21 20:41:27-04:00,172.88888888888889
2011-04-21 20:41:30-04:00,172.55555555555554
2011-04-21 20:41:33-04:00,172.22222222222223
2011-04-21 20:41:36-04:00,172.5
2011-04-21 20:41:39-04:00,174.0
2011-04-21 20:41:42-04:00,174.0
2011-04-21 20:41:45-04:00,174.0
2011-04-21 20:41:48-04:00,174.0
2011-04-21 20:41:51-04:00,174.0
2011-04-21 20:41:54-04:00,174.0
2011-04-21 20:41:57-04:00,174.0
2011-04-21 20:42:00-04:00,174.0
2011-04-21 20:42:03-04:00,174.0
2011-04-21 20:42:06-04:00,174.0
2011-04-21 20:42:09-04:00,174.0
2011-04-21 20:42:12-04:00,174.0
2011-04-21 20:42:15-04:00,174.0
2011-04-21 20:42:18-04:00,174.0
2011-04-21 20:42:21-04:00,174.0
2011-04-21 20:42:24-04:00,174.0
2011-04-21 20:42:27-04:00,174.0
2011-04-21 20:42:30-04:00,174.0
2011-04-21 20:42:33-04:00,174.0
2011-04-21 20:42:36-04:00,174.0
2011-04-21 20:42:39-04:00,174.0
2011-04-21 20:42:42-04:00,174.0
2011-04-21 20:42:45-04:00,174.0
2011-04-21 20:42:48-04:00,174.66666666666666
2011-04-21 20:42:51-04:00,174.5
2011-04-21 20:42:54-04:00,174.0
2011-04-21 20:42:57-04:00,174.0
2011-04-21 20:43:00-04:00,174.0
2011-04-21 20:43:03-04:00,174.0
2011-04-21 20:43:06-04:00,174.0
2011-04-21 20:43:09-04:00,174.0
2011-04-21 20:43:12-04:00,174.0
2011-04-21 20:43:15-04:00,174.0
2011-04-21 20:43:18-04:00,174.0
2011-04-21 20:43:21-04:00,174.0
2011-04-21 20:43:24-04:00,174.0
2011-04-21 20:43:27-04:00,174.0
2011-04-21 20:43:30-04:00,174.0
2011-04-21 20:43:33-04:00,174.0
2011-04-21 20:43:36-04:00,174.0
2011-04-21 20:43:39-04:00,174.0
2011-04-21 20:43:42-04:00,174.0
2011-04-21 20:43:45-04:00,173.25
2011-04-21 20:43:48-04:00,172.33333333333334
2011-04-21 20:43:51-04:00,172.0
2011-04-21 20:43:54-04:00,172.33333333333334
2011-04-21 20:43:57-04:00,173.0
2011-04-21 20:44:00-04:00,173.0
2011-04-21 20:44:03-04:00,173.0
2011-04-21 20:44:06-04:00,173.0
2011-04-21 20:44:09-04:00,172.33333333333334
2011-04-21 20:44:12-04:00,172.5
2011-04-21 20:44:15-04:00,173.0
2011-04-21 20:44:18-04:00,173.0
2011-04-21 20:44:21-04:00,173.0
2011-04-21 20:44:24-04:00,173.0
2011-04-21 20:44:27-04:00,173.0
2011-04-21 20:44:30-04:00,172.66666666666666
2011-04-21 20:44:33-04:00,172.33333333333334
2011-04-21 20:44:36-04:00,172.0
2011-04-21 20:44:39-04:00,173.0
2011-04-21 20:44:42-04:00,173.0
2011-04-21 20:44:45-04:00,173.0
2011-04-21 20:44:48-04:00,173.5
2011-04-21 20:44:51-04:00,174.0
2011-04-21 20:44:54-04:00,174.0
2011-04-21 20:44:57-04:00,174.25
2011-04-21 20:45:00-04:00,175.0
2011-04-21 20:45:03-04:00,174.0
2011-04-21 20:45:06-04:00,174.0
2011-04-21 20:45:09-04:00,174.0
2011-04-21 20:45:12-04:00,174.5
2011-04-21 20:45:15-04:00,174.66666666666666
2011-04-21 20:45:18-04:00,174.0
2011-04-21 20:45:21-04:00,174.0
2011-04-21 20:45:24-04:00,174.0
2011-04-21 20:45:27-04:00,174.0
2011-04-21 20:45:30-04:00,174.0
2011-04-21 20:45:33-04:00,174.0
2011-04-21 20:45:36-04:00,174.0
2011-04-21 20:45:39-04:00,174.0
2011-04-21 20:45:42-04:00,174.0
2011-04-21 20:45:45-04:00,174.0
2011-04-21 20:45:48-04:00,174.5
2011-04-21 20:45:51-04:00,175.0
2011-04-21 20:45:54-04:00,174.66666666666666
2011-04-21 20:45:57-04:00,174.0
2011-04-21 20:46:00-04:00,174.0
2011-04-21 20:46:03-04:00,175.0
2011-04-21 20:46:06-04:00,174.25
2011-04-21 20:46:09-04:00,174.66666666666666
2011-04-21 20:46:12-04:00,175.0
2011-04-21 20:46:15-04:00,175.0
2011-04-21 20:46:18-04:00,175.0
2011-04-21 20:46:21-04:00,175.0
2011-04-21 20:46:24-04:00,175.0
2011-04-21 20:46:27-04:00,174.0
2011-04-21 20:46:30-04:00,174.0
2011-04-21 20:46:33-04:00,174.0
2011-04-21 20:46:36-04:00,174.0
2011-04-21 20:46:39-04:00,174.0
2011-04-21 20:46:42-04:00,174.0
2011-04-21 20:46:45-04:00,174.0
2011-04-21 20:46:48-04:00,174.0
2011-04-21 20:46:51-04:00,174.0
2011-04-21 20:46:54-04:00,174.0
2011-04-21 20:46:57-04:00,174.0
2011-04-21 20:47:00-04:00,173.0
2011-04-21 20:47:03-04:00,173.0
2011-04-21 20:47:06-04:00,173.0
2011-04-21 20:47:09-04:00,173.0
2011-04-21 20:47:12-04:00,173.0
2011-04-21 20:47:15-04:00,173.0
2011-04-21 20:47:18-04:00,173.0
2011-04-21 20:47:21-04:00,173.0
2011-04-21 20:47:24-04:00,173.0
2011-04-21 20:47:27-04:00,173.75
2011-04-21 20:47:30-04:00,174.0
2011-04-21 20:47:33-04:00,174.0
2011-04-21 20:47:36-04:00,174.0
2011-04-21 20:47:39-04:00,174.0
2011-04-21 20:47:42-04:00,174.0
2011-04-21 20:47:45-04:00,174.0
2011-04-21 20:47:48-04:00,174.0
2011-04-21 20:47:51-04:00,174.0
2011-04-21 20:47:54-04:00,174.0
2011-04-21 20:47:57-04:00,174.0
2011-04-21 20:48:00-04:00,175.5
2011-04-21 20:48:03-04:00,176.0
2011-04-21 20:48:06-04:00,175.5
2011-04-21 20:48:09-04:00,175.0
2011-04-21 20:48:12-04:00,175.33333333333334
2011-04-21 20:48:15-04:00,176.0
2011-04-21 20:48:18-04:00,176.0
2011-04-21 20:48:21-04:00,176.0
2011-04-21 20:48:24-04:00,174.0
2011-04-21 20:48:27-04:00,174.33333333333334
2011-04-21 20:48:30-04:00,174.66666666666666
2011-04-21 20:48:33-04:00,175.0
2011-04-21 20:48:36-04:00,174.0
2011-04-21 20:48:39-04:00,174.0
2011-04-21 20:48:42-04:00,174.66666666666666
2011-04-21 20:48:45-04:00,174.5
2011-04-21 20:48:48-04:00,174.0
2011-04-21 20:48:51-04:00,174.0
2011-04-21 20:48:54-04:00,174.0
2011-04-21 20:48:57-04:00,174.0
2011-04-21 20:49:00-04:00,174.0
2011-04-21 20:49:03-04:00,174.0
2011-04-21 20:49:06-04:00,174.5
2011-04-21 20:49:09-04:00,174.66666666666666
2011-04-21 20:49:12-04:00,174.0
2011-04-21 20:49:15-04:00,174.0
2011-04-21 20:49:18-04:00,174.0
2011-04-21 20:49:21-04:00,174.0
2011-04-21 20:49:24-04:00,174.0
2011-04-21 20:49:27-04:00,174.0
2011-04-21 20:49:30-04:00,174.0
2011-04-21 20:49:33-04:00,174.0
2011-04-21 20:49:36-04:00,174.0
2011-04-21 20:49:39-04:00,174.0
2011-04-21 20:49:42-04:00,174.0
2011-04-21 20:49:45-04:00,174.0
2011-04-21 20:49:48-04:00,174.0
2011-04-21 20:49:51-04:00,174.0
2011-04-21 20:49:54-04:00,174.0
2011-04-21 20:49:57-04:00,174.0
2011-04-21 20:50:00-04:00,174.0
2011-04-21 20:50:03-04:00,174.0
2011-04-21 20:50:06-04:00,174.0
2011-04-21 20:50:09-04:00,174.0
2011-04-21 20:50:12-04:00,174.0
2011-04-21 20:50:15-04:00,173.75
2011-04-21 20:50:18-04:00,173.0
2011-04-21 20:50:21-04:00,173.0
2011-04-21 20:50:24-04:00,173.0
2011-04-21 20:50:27-04:00,173.0
2011-04-21 20:50:30-04:00,173.0
2011-04-21 20:50:33-04:00,173.0
2011-04-21 20:50:36-04:00,173.0
2011-04-21 20:50:39-04:00,173.0
2011-04-21 20:50:42-04:00,173.0
2011-04-21 20:50:45-04:00,173.0
2011-04-21 20:50:48-04:00,173.0
2011-04-21 20:50:51-04:00,173.0
2011-04-21 20:50:54-04:00,173.0
2011-04-21 20:50:57-04:00,173.0
2011-04-21 20:51:00-04:00,173.0
2011-04-21 20:51:03-04:00,173.0
2011-04-21 20:51:06-04:00,173.0
2011-04-21 20:51:09-04:00,173.0
2011-04-21 20:51:12-04:00,173.25
2011-04-21 20:51:15-04:00,174.0
2011-04-21 20:51:18-04:00,175.0
2011-04-21 20:51:21-04:00,175.0
2011-04-21 20:51:24-04:00,175.0
2011-04-21 20:51:27-04:00,175.22222222222223
2011-04-21 20:51:30-04:00,175.55555555555554
2011-04-21 20:51:33-04:00,175.88888888888889
2011-04-21 20:51:36-04:00,175.33333333333334
2011-04-21 20:51:39-04:00,175.0
2011-04-21 20:51:42-04:00,175.0
2011-04-21 20:51:45-04:00,175.0
2011-04-21 20:51:48-04:00,175.0
2011-04-21 20:51:51-04:00,175.0
2011-04-21 20:51:54-04:00,175.0
2011-04-21 20:51:57-04:00,175.0
2011-04-21 20:52:00-04:00,175.0
2011-04-21 20:52:03-04:00,175.0
2011-04-21 20:52:06-04:00,174.5
2011-04-21 20:52:09-04:00,174.0
2011-04-21 20:52:12-04:00,174.0
2011-04-21 20:52:15-04:00,174.0
2011-04-21 20:52:18-04:00,174.0
2011-04-21 20:52:21-04:00,174.0
2011-04-21 20:52:24-04:00,174.0
2011-04-21 20:52:27-04:00,174.0
2011-04-21 20:52:30-04:00,174.0
2011-04-21 20:52:33-04:00,174.0
2011-04-21 20:52:36-04:00,174.0
2011-04-21 20:52:39-04:00,174.0
2011-04-21 20:52:42-04:00,174.33333333333334
2011-04-21 20:52:45-04:00,175.0
2011-04-21 20:52:48-04:00,175.0
2011-04-21 20:52:51-04:00,175.0
2011-04-21 20:52:54-04:00,175.0
2011-04-21 20:52:57-04:00,175.66666666666666
2011-04-21 20:53:00-04:00,176.0
2011-04-21 20:53:03-04:00,176.0
2011-04-21 20:53:06-04:00,176.0
2011-04-21 20:53:09-04:00,176.0
2011-04-21 20:53:12-04:00,176.0
2011-04-21 20:53:15-04:00,176.0
2011-04-21 20:53:18-04:00,176.0
2011-04-21 20:53:21-04:00,176.0
2011-04-21 20:53:24-04:00,176.0
2011-04-21 20:53:27-04:00,175.77777777777777
2011-04-21 20:53:30-04:00,175.44444444444446
2011-04-21 20:53:33-04:00,175.11111111111111
2011-04-21 20:53:36-04:00,175.0
2011-04-21 20:53:39-04:00,175.0
2011-04-21 20:53:42-04:00,175.0
2011-04-21 20:53:45-04:00,175.0
2011-04-21 20:53:48-04:00,175.0
2011-04-21 20:53:51-04:00,174.0
2011-04-21 20:53:54-04:00,174.0
2011-04-21 20:53:57-04:00,174.0
2011-04-21 20:54:00-04:00,174.0
2011-04-21 20:54:03-04:00,174.0
2011-04-21 20:54:06-04:00,174.0
2011-04-21 20:54:09-04:00,174.0
2011-04-21 20:54:12-04:00,174.0
2011-04-21 20:54:15-04:00,174.0
2011-04-21 20:54:18-04:00,174.0
2011-04-21 20:54:21-04:00,174.0
2011-04-21 20:54:24-04:00,174.0
2011-04-21 20:54:27-04:00,174.0
2011-04-21 20:54:30-04:00,174.0
2011-04-21 20:54:33-04:00,174.0
2011-04-21 20:54:36-04:00,174.0
2011-04-21 20:54:39-04:00,174.0
2011-04-21 20:54:42-04:00,174.0
2011-04-21 20:54:45-04:00,174.75
2011-04-21 20:54:48-04:00,175.0
2011-04-21 20:54:51-04:00,175.66666666666666
2011-04-21 20:54:54-04:00,176.0
2011-04-21 20:54:57-04:00,176.0
2011-04-21 20:55:00-04:00,176.25
2011-04-21 20:55:03-04:00,177.0
2011-04-21 20:55:06-04:00,176.0
2011-04-21 20:55:09-04:00,176.0
2011-04-21 20:55:12-04:00,176.0
2011-04-21 20:55:15-04:00,176.66666666666666
2011-04-21 20:55:18-04:00,176.5
2011-04-21 20:55:21-04:00,176.33333333333334
2011-04-21 20:55:24-04:00,177.0
2011-04-21 20:55:27-04:00,177.0
2011-04-21 20:55:30-04:00,176.66666666666666
2011-04-21 20:55:33-04:00,176.33333333333334
2011-04-21 20:55:36-04:00,176.0
2011-04-21 20:55:39-04:00,176.0
2011-04-21 20:55:42-04:00,176.0
2011-04-21 20:55:45-04:00,175.25
2011-04-21 20:55:48-04:00,175.0
2011-04-21 20:55:51-04:00,175.0
2011-04-21 20:55:54-04:00,175.0
2011-04-21 20:55:57-04:00,175.0
2011-04-21 20:56:00-04:00,175.0
2011-04-21 20:56:03-04:00,175.0
2011-04-21 20:56:06-04:00,175.0
2011-04-21 20:56:09-04:00,175.0
2011-04-21 20:56:12-04:00,175.66666666666666
2011-04-21 20:56:15-04:00,175.33333333333334
2011-04-21 20:56:18-04:00,175.5
2011-04-21 20:56:21-04:00,175.66666666666666
2011-04-21 20:56:24-04:00,175.0
2011-04-21 20:56:27-04:00,175.0
2011-04-21 20:56:30-04:00,175.33333333333334
2011-04-21 20:56:33-04:00,175.66666666666666
2011-04-21 20:56:36-04:00,176.0
2011-04-21 20:56:39-04:00,176.0
2011-04-21 20:56:42-04:00,176.0
2011-04-21 20:56:45-04:00,175.33333333333334
2011-04-21 20:56:48-04:00,175.0
2011-04-21 20:56:51-04:00,175.0
2011-04-21 20:56:54-04:00,175.33333333333334
2011-04-21 20:56:57-04:00,175.75
2011-04-21 20:57:00-04:00,175.0
2011-04-21 20:57:03-04:00,175.0
2011-04-21 20:57:06-04:00,176.0
2011-04-21 20:57:09-04:00,175.25
2011-04-21 20:57:12-04:00,175.0
2011-04-21 20:57:15-04:00,175.0
2011-04-21 20:57:18-04:00,175.0
2011-04-21 20:57:21-04:00,175.0
2011-04-21 20:57:24-04:00,175.0
2011-04-21 20:57:27-04:00,175.0
2011-04-21 20:57:30-04:00,175.0
2011-04-21 20:57:33-04:00,175.0
2011-04-21 20:57:36-04:00,175.0
2011-04-21 20:57:39-04:00,176.0
2011-04-21 20:57:42-04:00,176.0
2011-04-21 20:57:45-04:00,175.33333333333334
2011-04-21 20:57:48-04:00,175.0
2011-04-21 20:57:51-04:00,175.33333333333334
2011-04-21 20:57:54-04:00,175.75
2011-04-21 20:57:57-04:00,175.0
2011-04-21 20:58:00-04:00,175.0
2011-04-21 20:58:03-04:00,175.0
2011-04-21 20:58:06-04:00,175.66666666666666
2011-04-21 20:58:09-04:00,176.0
2011-04-21 20:58:12-04:00,176.0
2011-04-21 20:58:15-04:00,176.33333333333334
2011-04-21 20:58:18-04:00,176.66666666666666
2011-04-21 20:58:21-04:00,176.0
2011-04-21 20:58:24-04:00,176.0
2011-04-21 20:58:27-04:00,177.0
2011-04-21 20:58:30-04:00,176.66666666666666
2011-04-21 20:58:33-04:00,176.33333333333334
2011-04-21 20:58:36-04:00,176.0
2011-04-21 20:58:39-04:00,176.0
2011-04-21 20:58:42-04:00,176.0
2011-04-21 20:58:45-04:00,176.75
2011-04-21 20:58:48-04:00,177.0
2011-04-21 20:58:51-04:00,177.0
2011-04-21 20:58:54-04:00,177.0
2011-04-21 20:58:57-04:00,177.0
2011-04-21 20:59:00-04:00,177.0
2011-04-21 20:59:03-04:00,177.0
2011-04-21 20:59:06-04:00,176.25
2011-04-21 20:59:09-04:00,176.0
2011-04-21 20:59:12-04:00,176.0
2011-04-21 20:59:15-04:00,176.0
2011-04-21 20:59:18-04:00,175.66666666666666
2011-04-21 20:59:21-04:00,175.25
2011-04-21 20:59:24-04:00,176.0
2011-04-21 20:59:27-04:00,176.0
2011-04-21 20:59:30-04:00,176.0
2011-04-21 20:59:33-04:00,176.0
2011-04-21 20:59:36-04:00,176.0
2011-04-21 20:59:39-04:00,176.0
2011-04-21 20:59:42-04:00,176.0
2011-04-21 20:59:45-04:00,176.0
2011-04-21 20:59:48-04:00,175.33333333333334
2011-04-21 20:59:51-04:00,175.5
2011-04-21 20:59:54-04:00,176.0
2011-04-21 20:59:57-04:00,176.0
2011-04-21 21:00:00-04:00,176.0
2011-04-21 21:00:03-04:00,176.0
2011-04-21 21:00:06-04:00,176.0
2011-04-21 21:00:09-04:00,176.0
2011-04-21 21:00:12-04:00,176.0
2011-04-21 21:00:15-04:00,176.0
2011-04-21 21:00:18-04:00,176.0
2011-04-21 21:00:21-04:00,176.0
2011-04-21 21:00:24-04:00,176.0
2011-04-21 21:00:27-04:00,176.0
2011-04-21 21:00:30-04:00,176.0
2011-04-21 21:00:33-04:00,176.0
2011-04-21 21:00:36-04:00,176.0
2011-04-21 21:00:39-04:00,176.0
2011-04-21 21:00:42-04:00,175.25
2011-04-21 21:00:45-04:00,175.0
2011-04-21 21:00:48-04:00,175.0
2011-04-21 21:00:51-04:00,175.0
2011-04-21 21:00:54-04:00,175.0
2011-04-21 21:00:57-04:00,175.25
2011-04-21 21:01:00-04:00,176.0
2011-04-21 21:01:03-04:00,175.0
2011-04-21 21:01:06-04:00,175.0
2011-04-21 21:01:09-04:00,175.0
2011-04-21 21:01:12-04:00,175.66666666666666
2011-04-21 21:01:15-04:00,175.5
2011-04-21 21:01:18-04:00,175.33333333333334
2011-04-21 21:01:21-04:00,176.0
2011-04-21 21:01:24-04:00,176.0
2011-04-21 21:01:27-04:00,176.0
2011-04-21 21:01:30-04:00,176.33333333333334
2011-04-21 21:01:33-04:00,176.66666666666666
2011-04-21 21:01:36-04:00,177.0
2011-04-21 21:01:39-04:00,176.0
2011-04-21 21:01:42-04:00,176.75
2011-04-21 21:01:45-04:00,177.0
2011-04-21 21:01:48-04:00,177.0
2011-04-21 21:01:51-04:00,177.0
2011-04-21 21:01:54-04:00,177.0
2011-04-21 21:01:57-04:00,177.0
2011-04-21 21:02:00-04:00,177.0
2011-04-21 21:02:03-04:00,177.0
2011-04-21 21:02:06-04:00,177.0
2011-04-21 21:02:09-04:00,177.0
2011-04-21 21:02:12-04:00,177.0
2011-04-21 21:02:15-04:00,177.0
2011-04-21 21:02:18-04:00,177.0
2011-04-21 21:02:21-04:00,176.75
2011-04-21 21:02:24-04:00,176.0
2011-04-21 21:02:27-04:00,176.0
2011-04-21 21:02:30-04:00,176.0
2011-04-21 21:02:33-04:00,176.0
2011-04-21 21:02:36-04:00,176.0
2011-04-21 21:02:39-04:00,176.0
2011-04-21 21:02:42-04:00,176.0
2011-04-21 21:02:45-04:00,176.0
2011-04-21 21:02:48-04:00,176.0
2011-04-21 21:02:51-04:00,176.0
2011-04-21 21:02:54-04:00,176.0
2011-04-21 21:02:57-04:00,176.0
2011-04-21 21:03:00-04:00,176.0
2011-04-21 21:03:03-04:00,176.0
2011-04-21 21:03:06-04:00,176.0
2011-04-21 21:03:09-04:00,176.0
2011-04-21 21:03:12-04:00,176.0
2011-04-21 21:03:15-04:00,176.0
2011-04-21 21:03:18-04:00,176.0
2011-04-21 21:03:21-04:00,176.0
2011-04-21 21:03:24-04:00,176.0
2011-04-21 21:03:27-04:00,176.0
2011-04-21 21:03:30-04:00,176.0
2011-04-21 21:03:33-04:00,176.0
2011-04-21 21:03:36-04:00,176.0
2011-04-21 21:03:39-04:00,176.0
2011-04-21 21:03:42-04:00,176.0
2011-04-21 21:03:45-04:00,176.0
2011-04-21 21:03:48-04:00,176.0
2011-04-21 21:03:51-04:00,176.0
2011-04-21 21:03:54-04:00,176.0
2011-04-21 21:03:57-04:00,176.0
2011-04-21 21:04:00-04:00,176.0
2011-04-21 21:04:03-04:00,176.0
2011-04-21 21:04:06-04:00,176.0
2011-04-21 21:04:09-04:00,176.0
2011-04-21 21:04:12-04:00,176.5
2011-04-21 21:04:15-04:00,177.0
2011-04-21 21:04:18-04:00,177.0
2011-04-21 21:04:21-04:00,177.0
2011-04-21 21:04:24-04:00,177.0
2011-04-21 21:04:27-04:00,177.0
2011-04-21 21:04:30-04:00,177.0
2011-04-21 21:04:33-04:00,177.0
2011-04-21 21:04:36-04:00,177.0
2011-04-21 21:04:39-04:00,177.0
2011-04-21 21:04:42-04:00,177.0
2011-04-21 21:04:45-04:00,177.0
2011-04-21 21:04:48-04:00,177.0
2011-04-21 21:04:51-04:00,177.0
2011-04-21 21:04:54-04:00,177.0
2011-04-21 21:04:57-04:00,177.0
2011-04-21 21:05:00-04:00,177.0
2011-04-21 21:05:03-04:00,177.0
2011-04-21 21:05:06-04:00,177.0
2011-04-21 21:05:09-04:00,177.0
2011-04-21 21:05:12-04:00,177.0
2011-04-21 21:05:15-04:00,176.66666666666666
2011-04-21 21:05:18-04:00,176.0
2011-04-21 21:05:21-04:00,176.0
2011-04-21 21:05:24-04:00,176.0
2011-04-21 21:05:27-04:00,176.0
2011-04-21 21:05:30-04:00,176.0
2011-04-21 21:05:33-04:00,176.0
2011-04-21 21:05:36-04:00,176.0
2011-04-21 21:05:39-04:00,176.0
2011-04-21 21:05:42-04:00,176.0
2011-04-21 21:05:45-04:00,176.0
2011-04-21 21:05:48-04:00,176.0
2011-04-21 21:05:51-04:00,176.0
2011-04-21 21:05:54-04:00,176.0
2011-04-21 21:05:57-04:00,176.0
2011-04-21 21:06:00-04:00,176.0
2011-04-21 21:06:03-04:00,176.0
2011-04-21 21:06:06-04:00,176.0
2011-04-21 21:06:09-04:00,176.0
2011-04-21 21:06:12-04:00,176.0
2011-04-21 21:06:15-04:00,176.0
2011-04-21 21:06:18-04:00,176.0
2011-04-21 21:06:21-04:00,176.0
2011-04-21 21:06:24-04:00,176.0
2011-04-21 21:06:27-04:00,176.0
2011-04-21 21:06:30-04:00,176.0
2011-04-21 21:06:33-04:00,176.0
2011-04-21 21:06:36-04:00,176.0
2011-04-21 21:06:39-04:00,176.0
2011-04-21 21:06:42-04:00,176.0
2011-04-21 21:06:45-04:00,176.0
2011-04-21 21:06:48-04:00,176.0
2011-04-21 21:06:51-04:00,176.0
2011-04-21 21:06:54-04:00,176.0
2011-04-21 21:06:57-04:00,176.25
2011-04-21 21:07:00-04:00,177.0
2011-04-21 21:07:03-04:00,177.0
2011-04-21 21:07:06-04:00,177.0
2011-04-21 21:07:09-04:00,177.0
2011-04-21 21:07:12-04:00,176.5
2011-04-21 21:07:15-04:00,176.33333333333334
2011-04-21 21:07:18-04:00,177.0
2011-04-21 21:07:21-04:00,177.0
2011-04-21 21:07:24-04:00,177.0
2011-04-21 21:07:27-04:00,177.0
2011-04-21 21:07:30-04:00,177.0
2011-04-21 21:07:33-04:00,177.0
2011-04-21 21:07:36-04:00,177.0
2011-04-21 21:07:39-04:00,177.0
2011-04-21 21:07:42-04:00,177.0
2011-04-21 21:07:45-04:00,177.0
2011-04-21 21:07:48-04:00,177.0
2011-04-21 21:07:51-04:00,177.0
2011-04-21 21:07:54-04:00,177.0
2011-04-21 21:07:57-04:00,177.0
2011-04-21 21:08:00-04:00,177.0
2011-04-21 21:08:03-04:00,177.0
2011-04-21 21:08:06-04:00,177.0
2011-04-21 21:08:09-04:00,176.33333333333334
2011-04-21 21:08:12-04:00,176.0
2011-04-21 21:08:15-04:00,175.66666666666666
2011-04-21 21:08:18-04:00,175.25
2011-04-21 21:08:21-04:00,176.0
2011-04-21 21:08:24-04:00,175.0
2011-04-21 21:08:27-04:00,176.0
2011-04-21 21:08:30-04:00,176.0
2011-04-21 21:08:33-04:00,176.0
2011-04-21 21:08:36-04:00,176.0
2011-04-21 21:08:39-04:00,175.25
2011-04-21 21:08:42-04:00,175.0
2011-04-21 21:08:45-04:00,175.0
2011-04-21 21:08:48-04:00,175.33333333333334
2011-04-21 21:08:51-04:00,176.0
2011-04-21 21:08:54-04:00,176.0
2011-04-21 21:08:57-04:00,176.0
2011-04-21 21:09:00-04:00,176.0
2011-04-21 21:09:03-04:00,176.0
2011-04-21 21:09:06-04:00,176.0
2011-04-21 21:09:09-04:00,176.0
2011-04-21 21:09:12-04:00,176.0
2011-04-21 21:09:15-04:00,176.0
2011-04-21 21:09:18-04:00,176.0
2011-04-21 21:09:21-04:00,176.0
2011-04-21 21:09:24-04:00,176.0
2011-04-21 21:09:27-04:00,175.66666666666666
2011-04-21 21:09:30-04:00,175.33333333333334
2011-04-21 21:09:33-04:00,175.0
2011-04-21 21:09:36-04:00,175.75
2011-04-21 21:09:39-04:00,176.0
2011-04-21 21:09:42-04:00,175.5
2011-04-21 21:09:45-04:00,175.0
2011-04-21 21:09:48-04:00,175.25
2011-04-21 21:09:51-04:00,176.0
2011-04-21 21:09:54-04:00,176.0
2011-04-21 21:09:57-04:00,176.0
2011-04-21 21:10:00-04:00,176.0
2011-04-21 21:10:03-04:00,176.0
2011-04-21 21:10:06-04:00,176.0
2011-04-21 21:10:09-04:00,176.0
2011-04-21 21:10:12-04:00,176.0
2011-04-21 21:10:15-04:00,176.0
2011-04-21 21:10:18-04:00,176.0
2011-04-21 21:10:21-04:00,176.0
2011-04-21 21:10:24-04:00,176.0
2011-04-21 21:10:27-04:00,176.22222222222223
2011-04-21 21:10:30-04:00,176.55555555555554
2011-04-21 21:10:33-04:00,176.88888888888889
2011-04-21 21:10:36-04:00,176.5
2011-04-21 21:10:39-04:00,176.0
2011-04-21 21:10:42-04:00,176.0
2011-04-21 21:10:45-04:00,176.0
2011-04-21 21:10:48-04:00,176.0
2011-04-21 21:10:51-04:00,176.0
2011-04-21 21:10:54-04:00,176.0
2011-04-21 21:10:57-04:00,176.0
2011-04-21 21:11:00-04:00,176.0
2011-04-21 21:11:03-04:00,176.0
2011-04-21 21:11:06-04:00,175.75
2011-04-21 21:11:09-04:00,175.0
2011-04-21 21:11:12-04:00,175.0
2011-04-21 21:11:15-04:00,175.0
2011-04-21 21:11:18-04:00,175.0
2011-04-21 21:11:21-04:00,175.0
2011-04-21 21:11:24-04:00,175.0
2011-04-21 21:11:27-04:00,175.0
2011-04-21 21:11:30-04:00,175.0
2011-04-21 21:11:33-04:00,175.0
2011-04-21 21:11:36-04:00,175.0
2011-04-21 21:11:39-04:00,175.0
2011-04-21 21:11:42-04:00,175.0
2011-04-21 21:11:45-04:00,175.0
2011-04-21 21:11:48-04:00,175.75
2011-04-21 21:11:51-04:00,175.33333333333334
2011-04-21 21:11:54-04:00,175.0
2011-04-21 21:11:57-04:00,175.0
2011-04-21 21:12:00-04:00,175.33333333333334
2011-04-21 21:12:03-04:00,176.0
2011-04-21 21:12:06-04:00,176.0
2011-04-21 21:12:09-04:00,176.0
2011-04-21 21:12:12-04:00,176.0
2011-04-21 21:12:15-04:00,175.5
2011-04-21 21:12:18-04:00,175.25
2011-04-21 21:12:21-04:00,176.0
2011-04-21 21:12:24-04:00,176.0
2011-04-21 21:12:27-04:00,176.0
2011-04-21 21:12:30-04:00,176.0
2011-04-21 21:12:33-04:00,176.0
2011-04-21 21:12:36-04:00,176.75
2011-04-21 21:12:39-04:00,176.33333333333334
2011-04-21 21:12:42-04:00,176.0
2011-04-21 21:12:45-04:00,176.33333333333334
2011-04-21 21:12:48-04:00,176.75
2011-04-21 21:12:51-04:00,176.0
2011-04-21 21:12:54-04:00,176.0
2011-04-21 21:12:57-04:00,176.75
2011-04-21 21:13:00-04:00,176.5
2011-04-21 21:13:03-04:00,176.33333333333334
2011-04-21 21:13:06-04:00,177.0
2011-04-21 21:13:09-04:00,177.0
2011-04-21 21:13:12-04:00,177.0
2011-04-21 21:13:15-04:00,176.5
2011-04-21 21:13:18-04:00,176.33333333333334
2011-04-21 21:13:21-04:00,176.75
2011-04-21 21:13:24-04:00,176.0
2011-04-21 21:13:27-04:00,176.0
2011-04-21 21:13:30-04:00,176.25
2011-04-21 21:13:33-04:00,176.625
2011-04-21 21:13:36-04:00,177.0
2011-04-21 21:13:39-04:00,176.25
2011-04-21 21:13:42-04:00,176.0
2011-04-21 21:13:45-04:00,176.66666666666666
2011-04-21 21:13:48-04:00,176.5
2011-04-21 21:13:51-04:00,176.0
2011-04-21 21:13:54-04:00,176.0
2011-04-21 21:13:57-04:00,175.0
2011-04-21 21:14:00-04:00,175.0
2011-04-21 21:14:03-04:00,175.0
2011-04-21 21:14:06-04:00,175.25
2011-04-21 21:14:09-04:00,176.0
2011-04-21 21:14:12-04:00,175.0
2011-04-21 21:14:15-04:00,175.75
2011-04-21 21:14:18-04:00,176.0
2011-04-21 21:14:21-04:00,175.66666666666666
2011-04-21 21:14:24-04:00,175.0
2011-04-21 21:14:27-04:00,175.0
2011-04-21 21:14:30-04:00,175.0
2011-04-21 21:14:33-04:00,175.0
2011-04-21 21:14:36-04:00,175.0
2011-04-21 21:14:39-04:00,175.0
2011-04-21 21:14:42-04:00,174.25
2011-04-21 21:14:45-04:00,174.0
2011-04-21 21:14:48-04:00,174.0
2011-04-21 21:14:51-04:00,174.0
2011-04-21 21:14:54-04:00,174.33333333333334
2011-04-21 21:14:57-04:00,174.75
2011-04-21 21:15:00-04:00,174.0
2011-04-21 21:15:03-04:00,174.0
2011-04-21 21:15:06-04:00,174.0
2011-04-21 21:15:09-04:00,174.0
2011-04-21 21:15:12-04:00,174.0
2011-04-21 21:15:15-04:00,174.0
2011-04-21 21:15:18-04:00,174.33333333333334
2011-04-21 21:15:21-04:00,175.0
2011-04-21 21:15:24-04:00,175.0
2011-04-21 21:15:27-04:00,175.0
2011-04-21 21:15:30-04:00,175.0
2011-04-21 21:15:33-04:00,175.0
2011-04-21 21:15:36-04:00,175.0
2011-04-21 21:15:39-04:00,176.0
2011-04-21 21:15:42-04:00,175.25
2011-04-21 21:15:45-04:00,175.66666666666666
2011-04-21 21:15:48-04:00,175.33333333333334
2011-04-21 21:15:51-04:00,175.0
2011-04-21 21:15:54-04:00,175.0
2011-04-21 21:15:57-04:00,175.0
2011-04-21 21:16:00-04:00,175.0
2011-04-21 21:16:03-04:00,175.0
2011-04-21 21:16:06-04:00,175.0
2011-04-21 21:16:09-04:00,175.66666666666666
2011-04-21 21:16:12-04:00,175.5
2011-04-21 21:16:15-04:00,175.33333333333334
2011-04-21 21:16:18-04:00,175.75
2011-04-21 21:16:21-04:00,175.0
2011-04-21 21:16:24-04:00,175.0
2011-04-21 21:16:27-04:00,175.0
2011-04-21 21:16:30-04:00,175.0
2011-04-21 21:16:33-04:00,175.0
2011-04-21 21:16:36-04:00,175.0
2011-04-21 21:16:39-04:00,175.0
2011-04-21 21:16:42-04:00,175.0
2011-04-21 21:16:45-04:00,175.0
2011-04-21 21:16:48-04:00,175.0
2011-04-21 21:16:51-04:00,175.0
2011-04-21 21:16:54-04:00,174.66666666666666
2011-04-21 21:16:57-04:00,174.0
2011-04-21 21:17:00-04:00,174.0
2011-04-21 21:17:03-04:00,174.0
2011-04-21 21:17:06-04:00,174.0
2011-04-21 21:17:09-04:00,174.0
2011-04-21 21:17:12-04:00,174.0
2011-04-21 21:17:15-04:00,174.0
2011-04-21 21:17:18-04:00,174.0
2011-04-21 21:17:21-04:00,174.0
2011-04-21 21:17:24-04:00,174.0
2011-04-21 21:17:27-04:00,174.0
2011-04-21 21:17:30-04:00,174.0
2011-04-21 21:17:33-04:00,174.0
2011-04-21 21:17:36-04:00,174.0
2011-04-21 21:17:39-04:00,174.0
2011-04-21 21:17:42-04:00,174.0
2011-04-21 21:17:45-04:00,174.0
2011-04-21 21:17:48-04:00,174.0
2011-04-21 21:17:51-04:00,174.0
2011-04-21 21:17:54-04:00,174.0
2011-04-21 21:17:57-04:00,175.0
2011-04-21 21:18:00-04:00,175.0
2011-04-21 21:18:03-04:00,175.0
2011-04-21 21:18:06-04:00,175.0
2011-04-21 21:18:09-04:00,175.66666666666666
2011-04-21 21:18:12-04:00,175.5
2011-04-21 21:18:15-04:00,175.0
2011-04-21 21:18:18-04:00,175.25
2011-04-21 21:18:21-04:00,176.0
2011-04-21 21:18:24-04:00,176.0
2011-04-21 21:18:27-04:00,176.0
2011-04-21 21:18:30-04:00,175.75
2011-04-21 21:18:33-04:00,175.375
2011-04-21 21:18:36-04:00,175.0
2011-04-21 21:18:39-04:00,175.0
2011-04-21 21:18:42-04:00,175.0
2011-04-21 21:18:45-04:00,175.0
2011-04-21 21:18:48-04:00,175.0
2011-04-21 21:18:51-04:00,175.0
2011-04-21 21:18:54-04:00,175.0
2011-04-21 21:18:57-04:00,175.0
2011-04-21 21:19:00-04:00,175.0
2011-04-21 21:19:03-04:00,175.0
2011-04-21 21:19:06-04:00,175.0
2011-04-21 21:19:09-04:00,175.0
2011-04-21 21:19:12-04:00,175.0
2011-04-21 21:19:15-04:00,175.0
2011-04-21 21:19:18-04:00,175.0
2011-04-21 21:19:21-04:00,175.0
2011-04-21 21:19:24-04:00,175.0
2011-04-21 21:19:27-04:00,175.0
2011-04-21 21:19:30-04:00,175.0
2011-04-21 21:19:33-04:00,175.0
2011-04-21 21:19:36-04:00,175.0
2011-04-21 21:19:39-04:00,175.0
2011-04-21 21:19:42-04:00,175.0
2011-04-21 21:19:45-04:00,174.33333333333334
2011-04-21 21:19:48-04:00,174.0
2011-04-21 21:19:51-04:00,174.0
2011-04-21 21:19:54-04:00,174.0
2011-04-21 21:19:57-04:00,174.0
2011-04-21 21:20:00-04:00,174.0
2011-04-21 21:20:03-04:00,174.0
2011-04-21 21:20:06-04:00,174.0
2011-04-21 21:20:09-04:00,174.0
2011-04-21 21:20:12-04:00,174.0
2011-04-21 21:20:15-04:00,174.0
2011-04-21 21:20:18-04:00,174.0
2011-04-21 21:20:21-04:00,174.0
2011-04-21 21:20:24-04:00,174.0
2011-04-21 21:20:27-04:00,174.0
2011-04-21 21:20:30-04:00,174.0
2011-04-21 21:20:33-04:00,174.0
2011-04-21 21:20:36-04:00,174.0
2011-04-21 21:20:39-04:00,174.0
2011-04-21 21:20:42-04:00,174.0
2011-04-21 21:20:45-04:00,174.0
2011-04-21 21:20:48-04:00,174.0
2011-04-21 21:20:51-04:00,174.0
2011-04-21 21:20:54-04:00,174.25
2011-04-21 21:20:57-04:00,175.0
2011-04-21 21:21:00-04:00,175.0
2011-04-21 21:21:03-04:00,175.0
2011-04-21 21:21:06-04:00,175.0
2011-04-21 21:21:09-04:00,175.0
2011-04-21 21:21:12-04:00,175.0
2011-04-21 21:21:15-04:00,175.0
2011-04-21 21:21:18-04:00,175.0
2011-04-21 21:21:21-04:00,175.0
2011-04-21 21:21:24-04:00,175.0
2011-04-21 21:21:27-04:00,175.0
2011-04-21 21:21:30-04:00,175.0
2011-04-21 21:21:33-04:00,175.0
2011-04-21 21:21:36-04:00,175.0
2011-04-21 21:21:39-04:00,175.0
2011-04-21 21:21:42-04:00,175.0
2011-04-21 21:21:45-04:00,175.0
2011-04-21 21:21:48-04:00,175.0
2011-04-21 21:21:51-04:00,175.0
2011-04-21 21:21:54-04:00,175.25
2011-04-21 21:21:57-04:00,176.0
2011-04-21 21:22:00-04:00,175.0
2011-04-21 21:22:03-04:00,175.0
2011-04-21 21:22:06-04:00,175.0
2011-04-21 21:22:09-04:00,175.0
2011-04-21 21:22:12-04:00,175.0
2011-04-21 21:22:15-04:00,175.0
2011-04-21 21:22:18-04:00,175.0
2011-04-21 21:22:21-04:00,175.0
2011-04-21 21:22:24-04:00,175.0
2011-04-21 21:22:27-04:00,175.0
2011-04-21 21:22:30-04:00,175.0
2011-04-21 21:22:33-04:00,175.0
2011-04-21 21:22:36-04:00,175.0
2011-04-21 21:22:39-04:00,174.33333333333334
2011-04-21 21:22:42-04:00,174.0
2011-04-21 21:22:45-04:00,174.0
2011-04-21 21:22:48-04:00,174.0
2011-04-21 21:22:51-04:00,174.0
2011-04-21 21:22:54-04:00,174.0
2011-04-21 21:22:57-04:00,174.0
2011-04-21 21:23:00-04:00,174.0
2011-04-21 21:23:03-04:00,174.0
2011-04-21 21:23:06-04:00,174.0
2011-04-21 21:23:09-04:00,174.0
2011-04-21 21:23:12-04:00,174.0
2011-04-21 21:23:15-04:00,174.0
2011-04-21 21:23:18-04:00,174.0
2011-04-21 21:23:21-04:00,174.0
2011-04-21 21:23:24-04:00,174.0
2011-04-21 21:23:27-04:00,174.0
2011-04-21 21:23:30-04:00,174.0
2011-04-21 21:23:33-04:00,174.0
2011-04-21 21:23:36-04:00,174.0
2011-04-21 21:23:39-04:00,174.0
2011-04-21 21:23:42-04:00,174.0
2011-04-21 21:23:45-04:00,174.33333333333334
2011-04-21 21:23:48-04:00,175.0
2011-04-21 21:23:51-04:00,174.75
2011-04-21 21:23:54-04:00,174.0
2011-04-21 21:23:57-04:00,174.0
2011-04-21 21:24:00-04:00,174.75
2011-04-21 21:24:03-04:00,175.0
2011-04-21 21:24:06-04:00,175.0
2011-04-21 21:24:09-04:00,174.5
2011-04-21 21:24:12-04:00,174.33333333333334
2011-04-21 21:24:15-04:00,175.0
2011-04-21 21:24:18-04:00,175.0
2011-04-21 21:24:21-04:00,175.0
2011-04-21 21:24:24-04:00,175.0
2011-04-21 21:24:27-04:00,175.0
2011-04-21 21:24:30-04:00,175.0
2011-04-21 21:24:33-04:00,175.0
2011-04-21 21:24:36-04:00,175.0
2011-04-21 21:24:39-04:00,175.0
2011-04-21 21:24:42-04:00,175.0
2011-04-21 21:24:45-04:00,174.66666666666666
2011-04-21 21:24:48-04:00,174.0
2011-04-21 21:24:51-04:00,174.0
2011-04-21 21:24:54-04:00,175.0
2011-04-21 21:24:57-04:00,174.25
2011-04-21 21:25:00-04:00,174.0
2011-04-21 21:25:03-04:00,174.0
2011-04-21 21:25:06-04:00,174.0
2011-04-21 21:25:09-04:00,174.0
2011-04-21 21:25:12-04:00,174.0
2011-04-21 21:25:15-04:00,174.0
2011-04-21 21:25:18-04:00,174.0
2011-04-21 21:25:21-04:00,174.0
2011-04-21 21:25:24-04:00,174.0
2011-04-21 21:25:27-04:00,173.77777777777777
2011-04-21 21:25:30-04:00,173.44444444444446
2011-04-21 21:25:33-04:00,173.11111111111111
2011-04-21 21:25:36-04:00,173.0
2011-04-21 21:25:39-04:00,173.0
2011-04-21 21:25:42-04:00,173.0
2011-04-21 21:25:45-04:00,173.0
2011-04-21 21:25:48-04:00,173.0
2011-04-21 21:25:51-04:00,173.0
2011-04-21 21:25:54-04:00,173.0
2011-04-21 21:25:57-04:00,173.0
2011-04-21 21:26:00-04:00,173.0
2011-04-21 21:26:03-04:00,173.0
2011-04-21 21:26:06-04:00,173.0
2011-04-21 21:26:09-04:00,173.0
2011-04-21 21:26:12-04:00,173.0
2011-04-21 21:26:15-04:00,173.0
2011-04-21 21:26:18-04:00,173.0
2011-04-21 21:26:21-04:00,173.0
2011-04-21 21:26:24-04:00,173.0
2011-04-21 21:26:27-04:00,173.0
2011-04-21 21:26:30-04:00,173.375
2011-04-21 21:26:33-04:00,173.75
2011-04-21 21:26:36-04:00,174.0
2011-04-21 21:26:39-04:00,174.0
2011-04-21 21:26:42-04:00,174.0
2011-04-21 21:26:45-04:00,174.0
2011-04-21 21:26:48-04:00,174.0
2011-04-21 21:26:51-04:00,174.0
2011-04-21 21:26:54-04:00,174.0
2011-04-21 21:26:57-04:00,174.0
2011-04-21 21:27:00-04:00,174.0
2011-04-21 21:27:03-04:00,174.0
2011-04-21 21:27:06-04:00,174.0
2011-04-21 21:27:09-04:00,174.0
2011-04-21 21:27:12-04:00,174.0
2011-04-21 21:27:15-04:00,174.0
2011-04-21 21:27:18-04:00,174.0
2011-04-21 21:27:21-04:00,174.0
2011-04-21 21:27:24-04:00,174.0
2011-04-21 21:27:27-04:00,174.0
2011-04-21 21:27:30-04:00,174.0
2011-04-21 21:27:33-04:00,174.0
2011-04-21 21:27:36-04:00,174.0
2011-04-21 21:27:39-04:00,174.0
2011-04-21 21:27:42-04:00,174.0
2011-04-21 21:27:45-04:00,174.0
2011-04-21 21:27:48-04:00,174.0
2011-04-21 21:27:51-04:00,174.0
2011-04-21 21:27:54-04:00,174.0
2011-04-21 21:27:57-04:00,174.0
2011-04-21 21:28:00-04:00,174.0
2011-04-21 21:28:03-04:00,174.0
2011-04-21 21:28:06-04:00,174.0
2011-04-21 21:28:09-04:00,174.0
2011-04-21 21:28:12-04:00,174.0
2011-04-21 21:28:15-04:00,174.0
2011-04-21 21:28:18-04:00,173.5
2011-04-21 21:28:21-04:00,173.0
2011-04-21 21:28:24-04:00,173.0
2011-04-21 21:28:27-04:00,173.0
2011-04-21 21:28:30-04:00,173.0
2011-04-21 21:28:33-04:00,173.0
2011-04-21 21:28:36-04:00,173.0
2011-04-21 21:28:39-04:00,173.0
2011-04-21 21:28:42-04:00,173.0
2011-04-21 21:28:45-04:00,173.0
2011-04-21 21:28:48-04:00,173.0
2011-04-21 21:28:51-04:00,173.0
2011-04-21 21:28:54-04:00,173.0
2011-04-21 21:28:57-04:00,173.0
2011-04-21 21:29:00-04:00,173.0
2011-04-21 21:29:03-04:00,173.66666666666666
2011-04-21 21:29:06-04:00,173.5
2011-04-21 21:29:09-04:00,173.0
2011-04-21 21:29:12-04:00,173.0
2011-04-21 21:29:15-04:00,173.0
2011-04-21 21:29:18-04:00,174.0
2011-04-21 21:29:21-04:00,173.25
2011-04-21 21:29:24-04:00,173.66666666666666
2011-04-21 21:29:27-04:00,174.0
2011-04-21 21:29:30-04:00,174.0
2011-04-21 21:29:33-04:00,174.0
2011-04-21 21:29:36-04:00,174.5
2011-04-21 21:29:39-04:00,174.66666666666666
2011-04-21 21:29:42-04:00,174.0
2011-04-21 21:29:45-04:00,174.0
2011-04-21 21:29:48-04:00,174.0
2011-04-21 21:29:51-04:00,174.75
2011-04-21 21:29:54-04:00,175.0
2011-04-21 21:29:57-04:00,175.0
2011-04-21 21:30:00-04:00,175.0
2011-04-21 21:30:03-04:00,175.0
2011-04-21 21:30:06-04:00,174.75
2011-04-21 21:30:09-04:00,174.0
2011-04-21 21:30:12-04:00,175.0
2011-04-21 21:30:15-04:00,174.25
2011-04-21 21:30:18-04:00,174.0
2011-04-21 21:30:21-04:00,174.0
2011-04-21 21:30:24-04:00,174.0
2011-04-21 21:30:27-04:00,174.0
2011-04-21 21:30:30-04:00,174.0
2011-04-21 21:30:33-04:00,174.0
2011-04-21 21:30:36-04:00,174.0
2011-04-21 21:30:39-04:00,174.0
2011-04-21 21:30:42-04:00,174.0
2011-04-21 21:30:45-04:00,175.0
2011-04-21 21:30:48-04:00,175.0
2011-04-21 21:30:51-04:00,175.0
2011-04-21 21:30:54-04:00,175.0
2011-04-21 21:30:57-04:00,174.66666666666666
2011-04-21 21:31:00-04:00,174.25
2011-04-21 21:31:03-04:00,175.0
2011-04-21 21:31:06-04:00,175.0
2011-04-21 21:31:09-04:00,175.0
2011-04-21 21:31:12-04:00,175.0
2011-04-21 21:31:15-04:00,175.0
2011-04-21 21:31:18-04:00,174.66666666666666
2011-04-21 21:31:21-04:00,174.0
2011-04-21 21:31:24-04:00,174.0
2011-04-21 21:31:27-04:00,174.0
2011-04-21 21:31:30-04:00,174.0
2011-04-21 21:31:33-04:00,174.0
2011-04-21 21:31:36-04:00,174.0
2011-04-21 21:31:39-04:00,174.0
2011-04-21 21:31:42-04:00,174.0
2011-04-21 21:31:45-04:00,174.0
2011-04-21 21:31:48-04:00,22.0
2011-04-21 21:31:51-04:00,22.0
2011-04-21 21:31:54-04:00,22.0
2011-04-21 21:31:57-04:00,22.0
2011-04-21 21:32:00-04:00,22.0
2011-04-21 21:32:03-04:00,22.0
2011-04-21 21:32:06-04:00,22.0
2011-04-21 21:32:09-04:00,22.0
2011-04-21 21:32:12-04:00,22.0
2011-04-21 21:32:15-04:00,22.0
2011-04-21 21:32:18-04:00,22.0
2011-04-21 21:32:21-04:00,22.0
2011-04-21 21:32:24-04:00,22.0
2011-04-21 21:32:27-04:00,22.0
2011-04-21 21:32:30-04:00,22.0
2011-04-21 21:32:33-04:00,22.0
2011-04-21 21:32:36-04:00,22.0
2011-04-21 21:32:39-04:00,22.0
2011-04-21 21:32:42-04:00,22.0
2011-04-21 21:32:45-04:00,22.0
2011-04-21 21:32:48-04:00,22.0
2011-04-21 21:32:51-04:00,22.0
2011-04-21 21:32:54-04:00,22.0
2011-04-21 21:32:57-04:00,22.0
2011-04-21 21:33:00-04:00,22.0
2011-04-21 21:33:03-04:00,22.0
2011-04-21 21:33:06-04:00,22.0
2011-04-21 21:33:09-04:00,22.0
2011-04-21 21:33:12-04:00,22.0
2011-04-21 21:33:15-04:00,22.0
2011-04-21 21:33:18-04:00,22.0
2011-04-21 21:33:21-04:00,22.0
2011-04-21 21:33:24-04:00,22.0
2011-04-21 21:33:27-04:00,22.0
2011-04-21 21:33:30-04:00,22.0
2011-04-21 21:33:33-04:00,22.0
2011-04-21 21:33:36-04:00,22.0
2011-04-21 21:33:39-04:00,22.0
2011-04-21 21:33:42-04:00,22.0
2011-04-21 21:33:45-04:00,22.0
2011-04-21 21:33:48-04:00,22.0
2011-04-21 21:33:51-04:00,22.0
2011-04-21 21:33:54-04:00,22.0
2011-04-21 21:33:57-04:00,22.0
2011-04-21 21:34:00-04:00,22.0
2011-04-21 21:34:03-04:00,22.0
2011-04-21 21:34:06-04:00,22.0
2011-04-21 21:34:09-04:00,22.0
2011-04-21 21:34:12-04:00,22.0
2011-04-21 21:34:15-04:00,22.0
2011-04-21 21:34:18-04:00,22.0
2011-04-21 21:34:21-04:00,22.0
2011-04-21 21:34:24-04:00,22.0
2011-04-21 21:34:27-04:00,22.0
2011-04-21 21:34:30-04:00,22.0
2011-04-21 21:34:33-04:00,22.0
2011-04-21 21:34:36-04:00,22.0
2011-04-21 21:34:39-04:00,22.0
2011-04-21 21:34:42-04:00,22.0
2011-04-21 21:34:45-04:00,22.0
2011-04-21 21:34:48-04:00,22.0
2011-04-21 21:34:51-04:00,22.0
2011-04-21 21:34:54-04:00,22.0
2011-04-21 21:34:57-04:00,22.0
2011-04-21 21:35:00-04:00,22.0
2011-04-21 21:35:03-04:00,22.0
2011-04-21 21:35:06-04:00,22.0
2011-04-21 21:35:09-04:00,22.0
2011-04-21 21:35:12-04:00,22.0
2011-04-21 21:35:15-04:00,22.0
2011-04-21 21:35:18-04:00,22.0
2011-04-21 21:35:21-04:00,21.333333333333332
2011-04-21 21:35:24-04:00,21.5
2011-04-21 21:35:27-04:00,22.0
2011-04-21 21:35:30-04:00,22.0
2011-04-21 21:35:33-04:00,22.0
2011-04-21 21:35:36-04:00,22.0
2011-04-21 21:35:39-04:00,22.0
2011-04-21 21:35:42-04:00,22.0
2011-04-21 21:35:45-04:00,22.0
2011-04-21 21:35:48-04:00,22.0
2011-04-21 21:35:51-04:00,22.0
2011-04-21 21:35:54-04:00,22.0
2011-04-21 21:35:57-04:00,22.0
2011-04-21 21:36:00-04:00,22.0
2011-04-21 21:36:03-04:00,22.0
2011-04-21 21:36:06-04:00,22.0
2011-04-21 21:36:09-04:00,22.0
2011-04-21 21:36:12-04:00,22.0
2011-04-21 21:36:15-04:00,22.0
2011-04-21 21:36:18-04:00,22.0
2011-04-21 21:36:21-04:00,22.0
2011-04-21 21:36:24-04:00,22.0
2011-04-21 21:36:27-04:00,22.0
2011-04-21 21:36:30-04:00,22.0
2011-04-21 21:36:33-04:00,22.0
2011-04-21 21:36:36-04:00,22.0
2011-04-21 21:36:39-04:00,22.0
2011-04-21 21:36:42-04:00,22.0
2011-04-21 21:36:45-04:00,22.0
2011-04-21 21:36:48-04:00,22.0
2011-04-21 21:36:51-04:00,21.5
2011-04-21 21:36:54-04:00,21.333333333333332
2011-04-21 21:36:57-04:00,22.0
2011-04-21 21:37:00-04:00,22.0
2011-04-21 21:37:03-04:00,22.0
2011-04-21 21:37:06-04:00,21.25
2011-04-21 21:37:09-04:00,21.666666666666668
2011-04-21 21:37:12-04:00,22.0
2011-04-21 21:37:15-04:00,22.0
2011-04-21 21:37:18-04:00,22.0
2011-04-21 21:37:21-04:00,22.0
2011-04-21 21:37:24-04:00,22.0
2011-04-21 21:37:27-04:00,22.0
2011-04-21 21:37:30-04:00,21.666666666666668
2011-04-21 21:37:33-04:00,21.333333333333332
2011-04-21 21:37:36-04:00,21.0
2011-04-21 21:37:39-04:00,21.0
2011-04-21 21:37:42-04:00,5.25
2011-04-21 21:37:45-04:00,0.0
2011-04-21 21:37:48-04:00,0.0
2011-04-21 21:37:51-04:00,0.0
2011-04-21 21:37:54-04:00,0.0
2011-04-21 21:37:57-04:00,0.0
2011-04-21 21:38:00-04:00,0.0
2011-04-21 21:38:03-04:00,0.0
2011-04-21 21:38:06-04:00,0.0
2011-04-21 21:38:09-04:00,0.0
2011-04-21 21:38:12-04:00,0.0
2011-04-21 21:38:15-04:00,0.0
2011-04-21 21:38:18-04:00,0.0
2011-04-21 21:38:21-04:00,0.0
2011-04-21 21:38:24-04:00,0.0
2011-04-21 21:38:27-04:00,0.0
2011-04-21 21:38:30-04:00,0.0
2011-04-21 21:38:33-04:00,0.0
2011-04-21 21:38:36-04:00,0.0
2011-04-21 21:38:39-04:00,0.0
2011-04-21 21:38:42-04:00,0.0
2011-04-21 21:38:45-04:00,0.0
2011-04-21 21:38:48-04:00,0.0
2011-04-21 21:38:51-04:00,0.0
2011-04-21 21:38:54-04:00,0.0
2011-04-21 21:38:57-04:00,0.0
2011-04-21 21:39:00-04:00,0.0
2011-04-21 21:39:03-04:00,0.0
2011-04-21 21:39:06-04:00,0.0
2011-04-21 21:39:09-04:00,0.0
2011-04-21 21:39:12-04:00,0.0
2011-04-21 21:39:15-04:00,0.0
2011-04-21 21:39:18-04:00,0.0
2011-04-21 21:39:21-04:00,0.0
2011-04-21 21:39:24-04:00,0.0
2011-04-21 21:39:27-04:00,0.0
2011-04-21 21:39:30-04:00,0.0
2011-04-21 21:39:33-04:00,0.0
2011-04-21 21:39:36-04:00,0.0
2011-04-21 21:39:39-04:00,0.0
2011-04-21 21:39:42-04:00,0.0
2011-04-21 21:39:45-04:00,0.0
2011-04-21 21:39:48-04:00,0.0
2011-04-21 21:39:51-04:00,0.0
2011-04-21 21:39:54-04:00,0.0
2011-04-21 21:39:57-04:00,0.0
2011-04-21 21:40:00-04:00,0.0
2011-04-21 21:40:03-04:00,0.0
2011-04-21 21:40:06-04:00,0.0
2011-04-21 21:40:09-04:00,0.0
2011-04-21 21:40:12-04:00,0.0
2011-04-21 21:40:15-04:00,0.0
2011-04-21 21:40:18-04:00,0.0
2011-04-21 21:40:21-04:00,0.0
2011-04-21 21:40:24-04:00,0.0
2011-04-21 21:40:27-04:00,0.0
2011-04-21 21:40:30-04:00,0.0
2011-04-21 21:40:33-04:00,0.0
2011-04-21 21:40:36-04:00,0.0
2011-04-21 21:40:39-04:00,0.0
2011-04-21 21:40:42-04:00,0.0
2011-04-21 21:40:45-04:00,0.0
2011-04-21 21:40:48-04:00,0.0
2011-04-21 21:40:51-04:00,0.0
2011-04-21 21:40:54-04:00,0.0
2011-04-21 21:40:57-04:00,0.0
2011-04-21 21:41:00-04:00,0.0
2011-04-21 21:41:03-04:00,0.0
2011-04-21 21:41:06-04:00,0.0
2011-04-21 21:41:09-04:00,0.0
2011-04-21 21:41:12-04:00,0.0
2011-04-21 21:41:15-04:00,0.0
2011-04-21 21:41:18-04:00,0.0
2011-04-21 21:41:21-04:00,0.0
2011-04-21 21:41:24-04:00,0.0
2011-04-21 21:41:27-04:00,0.0
2011-04-21 21:41:30-04:00,0.0
2011-04-21 21:41:33-04:00,0.0
2011-04-21 21:41:36-04:00,0.0
2011-04-21 21:41:39-04:00,0.0
2011-04-21 21:41:42-04:00,0.0
2011-04-21 21:41:45-04:00,0.0
2011-04-21 21:41:48-04:00,0.0
2011-04-21 21:41:51-04:00,0.0
2011-04-21 21:41:54-04:00,0.0
2011-04-21 21:41:57-04:00,0.0
2011-04-21 21:42:00-04:00,0.0
2011-04-21 21:42:03-04:00,0.0
2011-04-21 21:42:06-04:00,0.0
2011-04-21 21:42:09-04:00,0.0
2011-04-21 21:42:12-04:00,0.0
2011-04-21 21:42:15-04:00,0.0
2011-04-21 21:42:18-04:00,0.0
2011-04-21 21:42:21-04:00,0.0
2011-04-21 21:42:24-04:00,0.0
2011-04-21 21:42:27-04:00,0.0
2011-04-21 21:42:30-04:00,0.0
2011-04-21 21:42:33-04:00,0.0
2011-04-21 21:42:36-04:00,0.0
2011-04-21 21:42:39-04:00,0.0
2011-04-21 21:42:42-04:00,0.0
2011-04-21 21:42:45-04:00,0.0
2011-04-21 21:42:48-04:00,0.0
2011-04-21 21:42:51-04:00,0.0
2011-04-21 21:42:54-04:00,0.0
2011-04-21 21:42:57-04:00,0.0
2011-04-21 21:43:00-04:00,0.0
2011-04-21 21:43:03-04:00,0.0
2011-04-21 21:43:06-04:00,0.0
2011-04-21 21:43:09-04:00,0.0
2011-04-21 21:43:12-04:00,0.0
2011-04-21 21:43:15-04:00,0.0
2011-04-21 21:43:18-04:00,0.0
2011-04-21 21:43:21-04:00,0.0
2011-04-21 21:43:24-04:00,0.0
2011-04-21 21:43:27-04:00,0.0
2011-04-21 21:43:30-04:00,0.0
2011-04-21 21:43:33-04:00,0.0
2011-04-21 21:43:36-04:00,0.0
2011-04-21 21:43:39-04:00,0.0
2011-04-21 21:43:42-04:00,0.0
2011-04-21 21:43:45-04:00,0.0
2011-04-21 21:43:48-04:00,0.0
2011-04-21 21:43:51-04:00,0.0
2011-04-21 21:43:54-04:00,0.0
2011-04-21 21:43:57-04:00,0.0
2011-04-21 21:44:00-04:00,0.0
2011-04-21 21:44:03-04:00,0.0
2011-04-21 21:44:06-04:00,0.0
2011-04-21 21:44:09-04:00,0.0
2011-04-21 21:44:12-04:00,0.0
2011-04-21 21:44:15-04:00,0.0
2011-04-21 21:44:18-04:00,0.0
2011-04-21 21:44:21-04:00,0.0
2011-04-21 21:44:24-04:00,0.0
2011-04-21 21:44:27-04:00,0.0
2011-04-21 21:44:30-04:00,0.0
2011-04-21 21:44:33-04:00,0.0
2011-04-21 21:44:36-04:00,0.0
2011-04-21 21:44:39-04:00,0.0
2011-04-21 21:44:42-04:00,0.0
2011-04-21 21:44:45-04:00,0.0
2011-04-21 21:44:48-04:00,0.0
2011-04-21 21:44:51-04:00,0.0
2011-04-21 21:44:54-04:00,0.0
2011-04-21 21:44:57-04:00,0.0
2011-04-21 21:45:00-04:00,0.0
2011-04-21 21:45:03-04:00,0.0
2011-04-21 21:45:06-04:00,0.0
2011-04-21 21:45:09-04:00,0.0
2011-04-21 21:45:12-04:00,0.0
2011-04-21 21:45:15-04:00,0.0
2011-04-21 21:45:18-04:00,0.0
2011-04-21 21:45:21-04:00,0.0
2011-04-21 21:45:24-04:00,0.0
2011-04-21 21:45:27-04:00,0.0
2011-04-21 21:45:30-04:00,0.0
2011-04-21 21:45:33-04:00,0.0
2011-04-21 21:45:36-04:00,0.0
2011-04-21 21:45:39-04:00,0.0
2011-04-21 21:45:42-04:00,0.0
2011-04-21 21:45:45-04:00,0.0
2011-04-21 21:45:48-04:00,0.0
2011-04-21 21:45:51-04:00,0.0
2011-04-21 21:45:54-04:00,0.0
2011-04-21 21:45:57-04:00,0.0
2011-04-21 21:46:00-04:00,0.0
2011-04-21 21:46:03-04:00,0.0
2011-04-21 21:46:06-04:00,0.0
2011-04-21 21:46:09-04:00,0.0
2011-04-21 21:46:12-04:00,0.0
2011-04-21 21:46:15-04:00,0.0
2011-04-21 21:46:18-04:00,0.0
2011-04-21 21:46:21-04:00,0.0
2011-04-21 21:46:24-04:00,0.0
2011-04-21 21:46:27-04:00,0.0
2011-04-21 21:46:30-04:00,0.0
2011-04-21 21:46:33-04:00,0.0
2011-04-21 21:46:36-04:00,0.0
2011-04-21 21:46:39-04:00,0.0
2011-04-21 21:46:42-04:00,0.0
2011-04-21 21:46:45-04:00,0.0
2011-04-21 21:46:48-04:00,0.0
2011-04-21 21:46:51-04:00,0.0
2011-04-21 21:46:54-04:00,0.0
2011-04-21 21:46:57-04:00,0.0
2011-04-21 21:47:00-04:00,0.0
2011-04-21 21:47:03-04:00,0.0
2011-04-21 21:47:06-04:00,0.0
2011-04-21 21:47:09-04:00,0.0
2011-04-21 21:47:12-04:00,0.0
2011-04-21 21:47:15-04:00,0.0
2011-04-21 21:47:18-04:00,0.0
2011-04-21 21:47:21-04:00,0.0
2011-04-21 21:47:24-04:00,0.0
2011-04-21 21:47:27-04:00,0.0
2011-04-21 21:47:30-04:00,0.0
2011-04-21 21:47:33-04:00,0.0
2011-04-21 21:47:36-04:00,0.0
2011-04-21 21:47:39-04:00,0.0
2011-04-21 21:47:42-04:00,0.0
2011-04-21 21:47:45-04:00,0.0
2011-04-21 21:47:48-04:00,0.0
2011-04-21 21:47:51-04:00,0.0
2011-04-21 21:47:54-04:00,0.0
2011-04-21 21:47:57-04:00,0.0
2011-04-21 21:48:00-04:00,0.0
2011-04-21 21:48:03-04:00,0.0
2011-04-21 21:48:06-04:00,0.0
2011-04-21 21:48:09-04:00,0.0
2011-04-21 21:48:12-04:00,0.0
2011-04-21 21:48:15-04:00,0.0
2011-04-21 21:48:18-04:00,0.0
2011-04-21 21:48:21-04:00,0.0
2011-04-21 21:48:24-04:00,0.0
2011-04-21 21:48:27-04:00,0.0
2011-04-21 21:48:30-04:00,0.0
2011-04-21 21:48:33-04:00,0.0
2011-04-21 21:48:36-04:00,0.0
2011-04-21 21:48:39-04:00,0.0
2011-04-21 21:48:42-04:00,0.0
2011-04-21 21:48:45-04:00,0.0
2011-04-21 21:48:48-04:00,0.0
2011-04-21 21:48:51-04:00,0.0
2011-04-21 21:48:54-04:00,0.0
2011-04-21 21:48:57-04:00,0.0
2011-04-21 21:49:00-04:00,0.0
2011-04-21 21:49:03-04:00,0.0
2011-04-21 21:49:06-04:00,0.0
2011-04-21 21:49:09-04:00,0.0
2011-04-21 21:49:12-04:00,0.0
2011-04-21 21:49:15-04:00,0.0
2011-04-21 21:49:18-04:00,0.0
2011-04-21 21:49:21-04:00,0.0
2011-04-21 21:49:24-04:00,0.0
2011-04-21 21:49:27-04:00,0.0
2011-04-21 21:49:30-04:00,0.0
2011-04-21 21:49:33-04:00,0.0
2011-04-21 21:49:36-04:00,0.0
2011-04-21 21:49:39-04:00,0.0
2011-04-21 21:49:42-04:00,0.0
2011-04-21 21:49:45-04:00,0.0
2011-04-21 21:49:48-04:00,0.0
2011-04-21 21:49:51-04:00,0.0
2011-04-21 21:49:54-04:00,0.0
2011-04-21 21:49:57-04:00,0.0
2011-04-21 21:50:00-04:00,0.0
2011-04-21 21:50:03-04:00,0.0
2011-04-21 21:50:06-04:00,0.0
2011-04-21 21:50:09-04:00,0.0
2011-04-21 21:50:12-04:00,0.0
2011-04-21 21:50:15-04:00,0.0
2011-04-21 21:50:18-04:00,0.0
2011-04-21 21:50:21-04:00,0.0
2011-04-21 21:50:24-04:00,0.0
2011-04-21 21:50:27-04:00,0.0
2011-04-21 21:50:30-04:00,0.0
2011-04-21 21:50:33-04:00,0.0
2011-04-21 21:50:36-04:00,0.0
2011-04-21 21:50:39-04:00,0.0
2011-04-21 21:50:42-04:00,0.0
2011-04-21 21:50:45-04:00,0.0
2011-04-21 21:50:48-04:00,0.0
2011-04-21 21:50:51-04:00,0.0
2011-04-21 21:50:54-04:00,0.0
2011-04-21 21:50:57-04:00,0.0
2011-04-21 21:51:00-04:00,0.0
2011-04-21 21:51:03-04:00,0.0
2011-04-21 21:51:06-04:00,0.0
2011-04-21 21:51:09-04:00,0.0
2011-04-21 21:51:12-04:00,0.0
2011-04-21 21:51:15-04:00,0.0
2011-04-21 21:51:18-04:00,0.0
2011-04-21 21:51:21-04:00,0.0
2011-04-21 21:51:24-04:00,0.0
2011-04-21 21:51:27-04:00,0.0
2011-04-21 21:51:30-04:00,0.0
2011-04-21 21:51:33-04:00,0.0
2011-04-21 21:51:36-04:00,0.0
2011-04-21 21:51:39-04:00,0.0
2011-04-21 21:51:42-04:00,0.0
2011-04-21 21:51:45-04:00,0.0
2011-04-21 21:51:48-04:00,0.0
2011-04-21 21:51:51-04:00,0.0
2011-04-21 21:51:54-04:00,0.0
2011-04-21 21:51:57-04:00,0.0
2011-04-21 21:52:00-04:00,0.0
2011-04-21 21:52:03-04:00,0.0
2011-04-21 21:52:06-04:00,0.0
2011-04-21 21:52:09-04:00,0.0
2011-04-21 21:52:12-04:00,0.0
2011-04-21 21:52:15-04:00,0.0
2011-04-21 21:52:18-04:00,0.0
2011-04-21 21:52:21-04:00,0.0
2011-04-21 21:52:24-04:00,0.0
2011-04-21 21:52:27-04:00,0.0
2011-04-21 21:52:30-04:00,0.0
2011-04-21 21:52:33-04:00,0.0
2011-04-21 21:52:36-04:00,0.0
2011-04-21 21:52:39-04:00,0.0
2011-04-21 21:52:42-04:00,0.0
2011-04-21 21:52:45-04:00,0.0
2011-04-21 21:52:48-04:00,0.0
2011-04-21 21:52:51-04:00,0.0
2011-04-21 21:52:54-04:00,0.0
2011-04-21 21:52:57-04:00,0.0
2011-04-21 21:53:00-04:00,0.0
2011-04-21 21:53:03-04:00,0.0
2011-04-21 21:53:06-04:00,0.0
2011-04-21 21:53:09-04:00,0.0
2011-04-21 21:53:12-04:00,0.0
2011-04-21 21:53:15-04:00,0.0
2011-04-21 21:53:18-04:00,0.0
2011-04-21 21:53:21-04:00,0.0
2011-04-21 21:53:24-04:00,0.0
2011-04-21 21:53:27-04:00,0.0
2011-04-21 21:53:30-04:00,0.0
2011-04-21 21:53:33-04:00,0.0
2011-04-21 21:53:36-04:00,0.0
2011-04-21 21:53:39-04:00,0.0
2011-04-21 21:53:42-04:00,0.0
2011-04-21 21:53:45-04:00,0.0
2011-04-21 21:53:48-04:00,0.0
2011-04-21 21:53:51-04:00,0.0
2011-04-21 21:53:54-04:00,0.0
2011-04-21 21:53:57-04:00,0.0
2011-04-21 21:54:00-04:00,0.0
2011-04-21 21:54:03-04:00,0.0
2011-04-21 21:54:06-04:00,0.0
2011-04-21 21:54:09-04:00,0.0
2011-04-21 21:54:12-04:00,0.0
2011-04-21 21:54:15-04:00,0.0
2011-04-21 21:54:18-04:00,0.0
2011-04-21 21:54:21-04:00,0.0
2011-04-21 21:54:24-04:00,0.0
2011-04-21 21:54:27-04:00,0.0
2011-04-21 21:54:30-04:00,0.0
2011-04-21 21:54:33-04:00,0.0
2011-04-21 21:54:36-04:00,0.0
2011-04-21 21:54:39-04:00,0.0
2011-04-21 21:54:42-04:00,0.0
2011-04-21 21:54:45-04:00,0.0
2011-04-21 21:54:48-04:00,0.0
2011-04-21 21:54:51-04:00,0.0
2011-04-21 21:54:54-04:00,0.0
2011-04-21 21:54:57-04:00,0.0
2011-04-21 21:55:00-04:00,0.0
2011-04-21 21:55:03-04:00,0.0
2011-04-21 21:55:06-04:00,0.0
2011-04-21 21:55:09-04:00,0.0
2011-04-21 21:55:12-04:00,0.0
2011-04-21 21:55:15-04:00,0.0
2011-04-21 21:55:18-04:00,0.0
2011-04-21 21:55:21-04:00,0.0
2011-04-21 21:55:24-04:00,0.0
2011-04-21 21:55:27-04:00,0.0
2011-04-21 21:55:30-04:00,0.0
2011-04-21 21:55:33-04:00,0.0
2011-04-21 21:55:36-04:00,0.0
2011-04-21 21:55:39-04:00,0.0
2011-04-21 21:55:42-04:00,0.0
2011-04-21 21:55:45-04:00,0.0
2011-04-21 21:55:48-04:00,0.0
2011-04-21 21:55:51-04:00,0.0
2011-04-21 21:55:54-04:00,0.0
2011-04-21 21:55:57-04:00,0.0
2011-04-21 21:56:00-04:00,0.0
2011-04-21 21:56:03-04:00,0.0
2011-04-21 21:56:06-04:00,0.0
2011-04-21 21:56:09-04:00,0.0
2011-04-21 21:56:12-04:00,0.0
2011-04-21 21:56:15-04:00,0.0
2011-04-21 21:56:18-04:00,0.0
2011-04-21 21:56:21-04:00,0.0
2011-04-21 21:56:24-04:00,0.0
2011-04-21 21:56:27-04:00,0.0
2011-04-21 21:56:30-04:00,0.0
2011-04-21 21:56:33-04:00,0.0
2011-04-21 21:56:36-04:00,0.0
2011-04-21 21:56:39-04:00,0.0
2011-04-21 21:56:42-04:00,0.0
2011-04-21 21:56:45-04:00,0.0
2011-04-21 21:56:48-04:00,0.0
2011-04-21 21:56:51-04:00,0.0
2011-04-21 21:56:54-04:00,0.0
2011-04-21 21:56:57-04:00,0.0
2011-04-21 21:57:00-04:00,0.0
2011-04-21 21:57:03-04:00,0.0
2011-04-21 21:57:06-04:00,0.0
2011-04-21 21:57:09-04:00,0.0
2011-04-21 21:57:12-04:00,0.0
2011-04-21 21:57:15-04:00,0.0
2011-04-21 21:57:18-04:00,0.0
2011-04-21 21:57:21-04:00,0.0
2011-04-21 21:57:24-04:00,0.0
2011-04-21 21:57:27-04:00,0.0
2011-04-21 21:57:30-04:00,0.0
2011-04-21 21:57:33-04:00,0.0
2011-04-21 21:57:36-04:00,0.0
2011-04-21 21:57:39-04:00,0.0
2011-04-21 21:57:42-04:00,0.0
2011-04-21 21:57:45-04:00,0.0
2011-04-21 21:57:48-04:00,0.0
2011-04-21 21:57:51-04:00,0.0
2011-04-21 21:57:54-04:00,0.0
2011-04-21 21:57:57-04:00,0.0
2011-04-21 21:58:00-04:00,0.0
2011-04-21 21:58:03-04:00,0.0
2011-04-21 21:58:06-04:00,0.0
2011-04-21 21:58:09-04:00,0.0
2011-04-21 21:58:12-04:00,0.0
2011-04-21 21:58:15-04:00,0.0
2011-04-21 21:58:18-04:00,0.0
2011-04-21 21:58:21-04:00,0.0
2011-04-21 21:58:24-04:00,0.0
2011-04-21 21:58:27-04:00,0.0
2011-04-21 21:58:30-04:00,0.0
2011-04-21 21:58:33-04:00,0.0
2011-04-21 21:58:36-04:00,0.0
2011-04-21 21:58:39-04:00,0.0
2011-04-21 21:58:42-04:00,0.0
2011-04-21 21:58:45-04:00,0.0
2011-04-21 21:58:48-04:00,0.0
2011-04-21 21:58:51-04:00,0.0
2011-04-21 21:58:54-04:00,0.0
2011-04-21 21:58:57-04:00,0.0
2011-04-21 21:59:00-04:00,0.0
2011-04-21 21:59:03-04:00,0.0
2011-04-21 21:59:06-04:00,0.0
2011-04-21 21:59:09-04:00,0.0
2011-04-21 21:59:12-04:00,0.0
2011-04-21 21:59:15-04:00,0.0
2011-04-21 21:59:18-04:00,0.0
2011-04-21 21:59:21-04:00,0.0
2011-04-21 21:59:24-04:00,0.0
2011-04-21 21:59:27-04:00,0.0
2011-04-21 21:59:30-04:00,0.0
2011-04-21 21:59:33-04:00,0.0
2011-04-21 21:59:36-04:00,0.0
2011-04-21 21:59:39-04:00,0.0
2011-04-21 21:59:42-04:00,0.0
2011-04-21 21:59:45-04:00,0.0
2011-04-21 21:59:48-04:00,0.0
2011-04-21 21:59:51-04:00,0.0
2011-04-21 21:59:54-04:00,0.0
2011-04-21 21:59:57-04:00,0.0
2011-04-21 22:00:00-04:00,0.0
2011-04-21 22:00:03-04:00,0.0
2011-04-21 22:00:06-04:00,0.0
2011-04-21 22:00:09-04:00,0.0
2011-04-21 22:00:12-04:00,0.0
2011-04-21 22:00:15-04:00,0.0
2011-04-21 22:00:18-04:00,0.0
2011-04-21 22:00:21-04:00,0.0
2011-04-21 22:00:24-04:00,0.0
2011-04-21 22:00:27-04:00,0.0
2011-04-21 22:00:30-04:00,0.0
2011-04-21 22:00:33-04:00,0.0
2011-04-21 22:00:36-04:00,0.0
2011-04-21 22:00:39-04:00,0.0
2011-04-21 22:00:42-04:00,0.0
2011-04-21 22:00:45-04:00,0.0
2011-04-21 22:00:48-04:00,0.0
2011-04-21 22:00:51-04:00,0.0
2011-04-21 22:00:54-04:00,0.0
2011-04-21 22:00:57-04:00,0.0
2011-04-21 22:01:00-04:00,0.0
2011-04-21 22:01:03-04:00,0.0
2011-04-21 22:01:06-04:00,0.0
2011-04-21 22:01:09-04:00,0.0
2011-04-21 22:01:12-04:00,0.0
2011-04-21 22:01:15-04:00,0.0
2011-04-21 22:01:18-04:00,0.0
2011-04-21 22:01:21-04:00,0.0
2011-04-21 22:01:24-04:00,0.0
2011-04-21 22:01:27-04:00,0.0
2011-04-21 22:01:30-04:00,0.0
2011-04-21 22:01:33-04:00,0.0
2011-04-21 22:01:36-04:00,0.0
2011-04-21 22:01:39-04:00,0.0
2011-04-21 22:01:42-04:00,0.0
2011-04-21 22:01:45-04:00,0.0
2011-04-21 22:01:48-04:00,0.0
2011-04-21 22:01:51-04:00,0.0
2011-04-21 22:01:54-04:00,0.0
2011-04-21 22:01:57-04:00,0.0
2011-04-21 22:02:00-04:00,0.0
2011-04-21 22:02:03-04:00,0.0
2011-04-21 22:02:06-04:00,0.0
2011-04-21 22:02:09-04:00,0.0
2011-04-21 22:02:12-04:00,0.0
2011-04-21 22:02:15-04:00,0.0
2011-04-21 22:02:18-04:00,0.0
2011-04-21 22:02:21-04:00,0.0
2011-04-21 22:02:24-04:00,0.0
2011-04-21 22:02:27-04:00,0.0
2011-04-21 22:02:30-04:00,0.0
2011-04-21 22:02:33-04:00,0.0
2011-04-21 22:02:36-04:00,0.0
2011-04-21 22:02:39-04:00,0.0
2011-04-21 22:02:42-04:00,0.0
2011-04-21 22:02:45-04:00,0.0
2011-04-21 22:02:48-04:00,0.0
2011-04-21 22:02:51-04:00,0.0
2011-04-21 22:02:54-04:00,0.0
2011-04-21 22:02:57-04:00,0.0
2011-04-21 22:03:00-04:00,0.0
2011-04-21 22:03:03-04:00,0.0
2011-04-21 22:03:06-04:00,0.0
2011-04-21 22:03:09-04:00,0.0
2011-04-21 22:03:12-04:00,0.0
2011-04-21 22:03:15-04:00,0.0
2011-04-21 22:03:18-04:00,0.0
2011-04-21 22:03:21-04:00,0.0
2011-04-21 22:03:24-04:00,0.0
2011-04-21 22:03:27-04:00,0.0
2011-04-21 22:03:30-04:00,0.0
2011-04-21 22:03:33-04:00,0.0
2011-04-21 22:03:36-04:00,0.0
2011-04-21 22:03:39-04:00,0.0
2011-04-21 22:03:42-04:00,0.0
2011-04-21 22:03:45-04:00,0.0
2011-04-21 22:03:48-04:00,0.0
2011-04-21 22:03:51-04:00,0.0
2011-04-21 22:03:54-04:00,0.0
2011-04-21 22:03:57-04:00,0.0
2011-04-21 22:04:00-04:00,0.0
2011-04-21 22:04:03-04:00,0.0
2011-04-21 22:04:06-04:00,0.0
2011-04-21 22:04:09-04:00,0.0
2011-04-21 22:04:12-04:00,0.0
2011-04-21 22:04:15-04:00,0.0
2011-04-21 22:04:18-04:00,0.0
2011-04-21 22:04:21-04:00,0.0
2011-04-21 22:04:24-04:00,0.0
2011-04-21 22:04:27-04:00,0.0
2011-04-21 22:04:30-04:00,0.0
2011-04-21 22:04:33-04:00,0.0
2011-04-21 22:04:36-04:00,0.0
2011-04-21 22:04:39-04:00,0.0
2011-04-21 22:04:42-04:00,0.0
2011-04-21 22:04:45-04:00,0.0
2011-04-21 22:04:48-04:00,0.0
2011-04-21 22:04:51-04:00,0.0
2011-04-21 22:04:54-04:00,0.0
2011-04-21 22:04:57-04:00,0.0
2011-04-21 22:05:00-04:00,0.0
2011-04-21 22:05:03-04:00,0.0
2011-04-21 22:05:06-04:00,0.0
2011-04-21 22:05:09-04:00,0.0
2011-04-21 22:05:12-04:00,0.0
2011-04-21 22:05:15-04:00,0.0
2011-04-21 22:05:18-04:00,0.0
2011-04-21 22:05:21-04:00,0.0
2011-04-21 22:05:24-04:00,0.0
2011-04-21 22:05:27-04:00,0.0
2011-04-21 22:05:30-04:00,0.0
2011-04-21 22:05:33-04:00,0.0
2011-04-21 22:05:36-04:00,0.0
2011-04-21 22:05:39-04:00,0.0
2011-04-21 22:05:42-04:00,0.0
2011-04-21 22:05:45-04:00,0.0
2011-04-21 22:05:48-04:00,0.0
2011-04-21 22:05:51-04:00,0.0
2011-04-21 22:05:54-04:00,0.0
2011-04-21 22:05:57-04:00,0.0
2011-04-21 22:06:00-04:00,0.0
2011-04-21 22:06:03-04:00,0.0
2011-04-21 22:06:06-04:00,0.0
2011-04-21 22:06:09-04:00,0.0
2011-04-21 22:06:12-04:00,0.0
2011-04-21 22:06:15-04:00,0.0
2011-04-21 22:06:18-04:00,0.0
2011-04-21 22:06:21-04:00,0.0
2011-04-21 22:06:24-04:00,0.0
2011-04-21 22:06:27-04:00,0.0
2011-04-21 22:06:30-04:00,0.0
2011-04-21 22:06:33-04:00,0.0
2011-04-21 22:06:36-04:00,0.0
2011-04-21 22:06:39-04:00,0.0
2011-04-21 22:06:42-04:00,0.0
2011-04-21 22:06:45-04:00,0.0
2011-04-21 22:06:48-04:00,0.0
2011-04-21 22:06:51-04:00,0.0
2011-04-21 22:06:54-04:00,0.0
2011-04-21 22:06:57-04:00,0.0
2011-04-21 22:07:00-04:00,0.0
2011-04-21 22:07:03-04:00,0.0
2011-04-21 22:07:06-04:00,0.0
2011-04-21 22:07:09-04:00,0.0
2011-04-21 22:07:12-04:00,0.0
2011-04-21 22:07:15-04:00,0.0
2011-04-21 22:07:18-04:00,0.0
2011-04-21 22:07:21-04:00,0.0
2011-04-21 22:07:24-04:00,0.0
2011-04-21 22:07:27-04:00,0.0
2011-04-21 22:07:30-04:00,0.0
2011-04-21 22:07:33-04:00,0.0
2011-04-21 22:07:36-04:00,0.5
2011-04-21 22:07:39-04:00,1.0
2011-04-21 22:07:42-04:00,1.0
2011-04-21 22:07:45-04:00,1.0
2011-04-21 22:07:48-04:00,1.0
2011-04-21 22:07:51-04:00,1.0
2011-04-21 22:07:54-04:00,1.0
2011-04-21 22:07:57-04:00,1.0
2011-04-21 22:08:00-04:00,1.0
2011-04-21 22:08:03-04:00,1.0
2011-04-21 22:08:06-04:00,1.0
2011-04-21 22:08:09-04:00,1.0
2011-04-21 22:08:12-04:00,1.0
2011-04-21 22:08:15-04:00,1.6666666666666665
2011-04-21 22:08:18-04:00,2.0
2011-04-21 22:08:21-04:00,2.0
2011-04-21 22:08:24-04:00,2.0
2011-04-21 22:08:27-04:00,1.8888888888888888
2011-04-21 22:08:30-04:00,1.5555555555555556
2011-04-21 22:08:33-04:00,1.2222222222222223
2011-04-21 22:08:36-04:00,1.25
2011-04-21 22:08:39-04:00,2.0
2011-04-21 22:08:42-04:00,2.0
2011-04-21 22:08:45-04:00,2.0
2011-04-21 22:08:48-04:00,2.0
2011-04-21 22:08:51-04:00,1.3333333333333335
2011-04-21 22:08:54-04:00,1.0
2011-04-21 22:08:57-04:00,1.0
2011-04-21 22:09:00-04:00,1.0
2011-04-21 22:09:03-04:00,1.0
2011-04-21 22:09:06-04:00,1.0
2011-04-21 22:09:09-04:00,1.0
2011-04-21 22:09:12-04:00,1.0
2011-04-21 22:09:15-04:00,1.0
2011-04-21 22:09:18-04:00,1.6666666666666665
2011-04-21 22:09:21-04:00,2.75
2011-04-21 22:09:24-04:00,2.0
2011-04-21 22:09:27-04:00,2.0
2011-04-21 22:09:30-04:00,2.0
2011-04-21 22:09:33-04:00,2.0
2011-04-21 22:09:36-04:00,2.0
2011-04-21 22:09:39-04:00,2.0
2011-04-21 22:09:42-04:00,2.0
2011-04-21 22:09:45-04:00,2.0
2011-04-21 22:09:48-04:00,2.0
2011-04-21 22:09:51-04:00,2.0
2011-04-21 22:09:54-04:00,2.0
2011-04-21 22:09:57-04:00,2.0
2011-04-21 22:10:00-04:00,2.0
2011-04-21 22:10:03-04:00,2.0
2011-04-21 22:10:06-04:00,2.0
2011-04-21 22:10:09-04:00,2.0
2011-04-21 22:10:12-04:00,2.0
2011-04-21 22:10:15-04:00,2.0
2011-04-21 22:10:18-04:00,2.0
2011-04-21 22:10:21-04:00,2.0
2011-04-21 22:10:24-04:00,2.0
2011-04-21 22:10:27-04:00,2.0
2011-04-21 22:10:30-04:00,2.0
2011-04-21 22:10:33-04:00,2.0
2011-04-21 22:10:36-04:00,2.0
2011-04-21 22:10:39-04:00,2.0
2011-04-21 22:10:42-04:00,2.0
2011-04-21 22:10:45-04:00,2.0
2011-04-21 22:10:48-04:00,2.0
2011-04-21 22:10:51-04:00,2.0
2011-04-21 22:10:54-04:00,2.0
2011-04-21 22:10:57-04:00,2.0
2011-04-21 22:11:00-04:00,2.0
2011-04-21 22:11:03-04:00,2.0
2011-04-21 22:11:06-04:00,2.0
2011-04-21 22:11:09-04:00,2.0
2011-04-21 22:11:12-04:00,2.0
2011-04-21 22:11:15-04:00,2.0
2011-04-21 22:11:18-04:00,2.0
2011-04-21 22:11:21-04:00,2.0
2011-04-21 22:11:24-04:00,2.0
2011-04-21 22:11:27-04:00,2.0
2011-04-21 22:11:30-04:00,2.0
2011-04-21 22:11:33-04:00,2.0
2011-04-21 22:11:36-04:00,2.0
2011-04-21 22:11:39-04:00,2.0
2011-04-21 22:11:42-04:00,2.0
2011-04-21 22:11:45-04:00,2.0
2011-04-21 22:11:48-04:00,2.0
2011-04-21 22:11:51-04:00,2.0
2011-04-21 22:11:54-04:00,2.0
2011-04-21 22:11:57-04:00,2.0
2011-04-21 22:12:00-04:00,2.0
2011-04-21 22:12:03-04:00,2.0
2011-04-21 22:12:06-04:00,2.0
2011-04-21 22:12:09-04:00,2.0
2011-04-21 22:12:12-04:00,2.0
2011-04-21 22:12:15-04:00,2.0
2011-04-21 22:12:18-04:00,2.0
2011-04-21 22:12:21-04:00,2.0
2011-04-21 22:12:24-04:00,2.0
2011-04-21 22:12:27-04:00,2.0
2011-04-21 22:12:30-04:00,2.0
2011-04-21 22:12:33-04:00,2.0
2011-04-21 22:12:36-04:00,2.0
2011-04-21 22:12:39-04:00,2.0
2011-04-21 22:12:42-04:00,2.0
2011-04-21 22:12:45-04:00,2.0
2011-04-21 22:12:48-04:00,2.0
2011-04-21 22:12:51-04:00,2.0
2011-04-21 22:12:54-04:00,2.0
2011-04-21 22:12:57-04:00,2.0
2011-04-21 22:13:00-04:00,2.0
2011-04-21 22:13:03-04:00,2.0
2011-04-21 22:13:06-04:00,2.0
2011-04-21 22:13:09-04:00,2.0
2011-04-21 22:13:12-04:00,2.0
2011-04-21 22:13:15-04:00,2.0
2011-04-21 22:13:18-04:00,2.0
2011-04-21 22:13:21-04:00,2.0
2011-04-21 22:13:24-04:00,2.0
2011-04-21 22:13:27-04:00,2.0
2011-04-21 22:13:30-04:00,2.0
2011-04-21 22:13:33-04:00,2.0
2011-04-21 22:13:36-04:00,2.0
2011-04-21 22:13:39-04:00,2.0
2011-04-21 22:13:42-04:00,2.0
2011-04-21 22:13:45-04:00,2.0
2011-04-21 22:13:48-04:00,2.0
2011-04-21 22:13:51-04:00,2.0
2011-04-21 22:13:54-04:00,2.0
2011-04-21 22:13:57-04:00,2.0
2011-04-21 22:14:00-04:00,2.0
2011-04-21 22:14:03-04:00,2.0
2011-04-21 22:14:06-04:00,2.0
2011-04-21 22:14:09-04:00,2.0
2011-04-21 22:14:12-04:00,2.0
2011-04-21 22:14:15-04:00,2.0
2011-04-21 22:14:18-04:00,2.0
2011-04-21 22:14:21-04:00,2.0
2011-04-21 22:14:24-04:00,2.0
2011-04-21 22:14:27-04:00,2.0
2011-04-21 22:14:30-04:00,2.0
2011-04-21 22:14:33-04:00,2.0
2011-04-21 22:14:36-04:00,2.0
2011-04-21 22:14:39-04:00,2.0
2011-04-21 22:14:42-04:00,2.0
2011-04-21 22:14:45-04:00,2.0
2011-04-21 22:14:48-04:00,2.0
2011-04-21 22:14:51-04:00,2.0
2011-04-21 22:14:54-04:00,2.0
2011-04-21 22:14:57-04:00,1.5
2011-04-21 22:15:00-04:00,1.0
2011-04-21 22:15:03-04:00,1.25
2011-04-21 22:15:06-04:00,2.0
2011-04-21 22:15:09-04:00,2.0
2011-04-21 22:15:12-04:00,1.25
2011-04-21 22:15:15-04:00,1.6666666666666665
2011-04-21 22:15:18-04:00,2.0
2011-04-21 22:15:21-04:00,2.0
2011-04-21 22:15:24-04:00,2.0
2011-04-21 22:15:27-04:00,2.0
2011-04-21 22:15:30-04:00,2.0
2011-04-21 22:15:33-04:00,2.0
2011-04-21 22:15:36-04:00,2.0
2011-04-21 22:15:39-04:00,2.0
2011-04-21 22:15:42-04:00,2.0
2011-04-21 22:15:45-04:00,2.0
2011-04-21 22:15:48-04:00,2.0
2011-04-21 22:15:51-04:00,2.0
2011-04-21 22:15:54-04:00,1.6666666666666667
2011-04-21 22:15:57-04:00,1.25
2011-04-21 22:16:00-04:00,2.0
2011-04-21 22:16:03-04:00,2.0
2011-04-21 22:16:06-04:00,2.0
2011-04-21 22:16:09-04:00,1.3333333333333335
2011-04-21 22:16:12-04:00,1.5
2011-04-21 22:16:15-04:00,2.0
2011-04-21 22:16:18-04:00,2.0
2011-04-21 22:16:21-04:00,2.0
2011-04-21 22:16:24-04:00,2.0
2011-04-21 22:16:27-04:00,1.25
2011-04-21 22:16:30-04:00,1.25
2011-04-21 22:16:33-04:00,1.625
2011-04-21 22:16:36-04:00,2.0
2011-04-21 22:16:39-04:00,2.0
2011-04-21 22:16:42-04:00,2.0
2011-04-21 22:16:45-04:00,2.0
2011-04-21 22:16:48-04:00,2.0
2011-04-21 22:16:51-04:00,2.0
2011-04-21 22:16:54-04:00,2.0
2011-04-21 22:16:57-04:00,2.0
2011-04-21 22:17:00-04:00,0.0
2011-04-21 22:17:03-04:00,0.0
2011-04-21 22:17:06-04:00,0.0
2011-04-21 22:17:09-04:00,0.0
2011-04-21 22:17:12-04:00,0.0
2011-04-21 22:17:15-04:00,0.0
2011-04-21 22:17:18-04:00,0.0
2011-04-21 22:17:21-04:00,0.0
2011-04-21 22:17:24-04:00,0.0
2011-04-21 22:17:27-04:00,0.0
2011-04-21 22:17:30-04:00,0.0
2011-04-21 22:17:33-04:00,0.0
2011-04-21 22:17:36-04:00,0.0
2011-04-21 22:17:39-04:00,0.0
2011-04-21 22:17:42-04:00,0.0
2011-04-21 22:17:45-04:00,0.0
2011-04-21 22:17:48-04:00,0.0
2011-04-21 22:17:51-04:00,0.0
2011-04-21 22:17:54-04:00,0.0
2011-04-21 22:17:57-04:00,0.0
2011-04-21 22:18:00-04:00,0.0
2011-04-21 22:18:03-04:00,0.0
2011-04-21 22:18:06-04:00,0.0
2011-04-21 22:18:09-04:00,0.0
2011-04-21 22:18:12-04:00,0.0
2011-04-21 22:18:15-04:00,0.0
2011-04-21 22:18:18-04:00,0.0
2011-04-21 22:18:21-04:00,0.0
2011-04-21 22:18:24-04:00,0.0
2011-04-21 22:18:27-04:00,0.0
2011-04-21 22:18:30-04:00,0.0
2011-04-21 22:18:33-04:00,0.0
2011-04-21 22:18:36-04:00,0.0
2011-04-21 22:18:39-04:00,0.0
2011-04-21 22:18:42-04:00,0.0
2011-04-21 22:18:45-04:00,0.0
2011-04-21 22:18:48-04:00,0.0
2011-04-21 22:18:51-04:00,0.0
2011-04-21 22:18:54-04:00,0.0
2011-04-21 22:18:57-04:00,0.0
2011-04-21 22:19:00-04:00,0.0
2011-04-21 22:19:03-04:00,0.0
2011-04-21 22:19:06-04:00,0.0
2011-04-21 22:19:09-04:00,0.0
2011-04-21 22:19:12-04:00,0.0
2011-04-21 22:19:15-04:00,0.0
2011-04-21 22:19:18-04:00,0.0
2011-04-21 22:19:21-04:00,0.0
2011-04-21 22:19:24-04:00,0.0
2011-04-21 22:19:27-04:00,0.0
2011-04-21 22:19:30-04:00,0.0
2011-04-21 22:19:33-04:00,0.0
2011-04-21 22:19:36-04:00,0.0
2011-04-21 22:19:39-04:00,0.0
2011-04-21 22:19:42-04:00,0.0
2011-04-21 22:19:45-04:00,0.0
2011-04-21 22:19:48-04:00,0.0
2011-04-21 22:19:51-04:00,0.0
2011-04-21 22:19:54-04:00,0.0
2011-04-21 22:19:57-04:00,0.0
2011-04-21 22:20:00-04:00,0.0
2011-04-21 22:20:03-04:00,0.0
2011-04-21 22:20:06-04:00,0.0
2011-04-21 22:20:09-04:00,0.0
2011-04-21 22:20:12-04:00,0.0
2011-04-21 22:20:15-04:00,0.0
2011-04-21 22:20:18-04:00,0.0
2011-04-21 22:20:21-04:00,0.0
2011-04-21 22:20:24-04:00,0.0
2011-04-21 22:20:27-04:00,0.0
2011-04-21 22:20:30-04:00,0.0
2011-04-21 22:20:33-04:00,0.0
2011-04-21 22:20:36-04:00,0.0
2011-04-21 22:20:39-04:00,0.0
2011-04-21 22:20:42-04:00,0.0
2011-04-21 22:20:45-04:00,0.0
2011-04-21 22:20:48-04:00,0.0
2011-04-21 22:20:51-04:00,0.0
2011-04-21 22:20:54-04:00,0.0
2011-04-21 22:20:57-04:00,0.0
2011-04-21 22:21:00-04:00,0.0
2011-04-21 22:21:03-04:00,0.0
2011-04-21 22:21:06-04:00,0.0
2011-04-21 22:21:09-04:00,0.0
2011-04-21 22:21:12-04:00,0.0
2011-04-21 22:21:15-04:00,0.0
2011-04-21 22:21:18-04:00,0.0
2011-04-21 22:21:21-04:00,0.0
2011-04-21 22:21:24-04:00,0.0
2011-04-21 22:21:27-04:00,0.0
2011-04-21 22:21:30-04:00,0.0
2011-04-21 22:21:33-04:00,0.0
2011-04-21 22:21:36-04:00,0.0
2011-04-21 22:21:39-04:00,0.0
2011-04-21 22:21:42-04:00,0.0
2011-04-21 22:21:45-04:00,0.0
2011-04-21 22:21:48-04:00,0.0
2011-04-21 22:21:51-04:00,0.0
2011-04-21 22:21:54-04:00,0.0
2011-04-21 22:21:57-04:00,51.0
2011-04-21 22:22:00-04:00,153.0
2011-04-21 22:22:03-04:00,153.0
2011-04-21 22:22:06-04:00,0.0
2011-04-21 22:22:09-04:00,0.0
2011-04-21 22:22:12-04:00,0.0
2011-04-21 22:22:15-04:00,0.0
2011-04-21 22:22:18-04:00,0.0
2011-04-21 22:22:21-04:00,0.0
2011-04-21 22:22:24-04:00,0.0
2011-04-21 22:22:27-04:00,0.0
2011-04-21 22:22:30-04:00,0.0
2011-04-21 22:22:33-04:00,0.0
2011-04-21 22:22:36-04:00,0.0
2011-04-21 22:22:39-04:00,0.0
2011-04-21 22:22:42-04:00,0.0
2011-04-21 22:22:45-04:00,0.0
2011-04-21 22:22:48-04:00,0.0
2011-04-21 22:22:51-04:00,0.0
2011-04-21 22:22:54-04:00,0.0
2011-04-21 22:22:57-04:00,0.0
2011-04-21 22:23:00-04:00,0.0
2011-04-21 22:23:03-04:00,0.0
2011-04-21 22:23:06-04:00,0.0
2011-04-21 22:23:09-04:00,0.0
2011-04-21 22:23:12-04:00,0.0
2011-04-21 22:23:15-04:00,0.0
2011-04-21 22:23:18-04:00,0.0
2011-04-21 22:23:21-04:00,0.0
2011-04-21 22:23:24-04:00,0.0
2011-04-21 22:23:27-04:00,0.0
2011-04-21 22:23:30-04:00,0.0
2011-04-21 22:23:33-04:00,0.0
2011-04-21 22:23:36-04:00,0.0
2011-04-21 22:23:39-04:00,0.0
2011-04-21 22:23:42-04:00,0.0
2011-04-21 22:23:45-04:00,0.0
2011-04-21 22:23:48-04:00,0.0
2011-04-21 22:23:51-04:00,0.0
2011-04-21 22:23:54-04:00,0.0
2011-04-21 22:23:57-04:00,0.0
2011-04-21 22:24:00-04:00,0.0
2011-04-21 22:24:03-04:00,0.0
2011-04-21 22:24:06-04:00,0.0
2011-04-21 22:24:09-04:00,0.0
2011-04-21 22:24:12-04:00,0.0
2011-04-21 22:24:15-04:00,0.0
2011-04-21 22:24:18-04:00,0.0
2011-04-21 22:24:21-04:00,0.0
2011-04-21 22:24:24-04:00,0.0
2011-04-21 22:24:27-04:00,0.0
2011-04-21 22:24:30-04:00,0.0
2011-04-21 22:24:33-04:00,0.0
2011-04-21 22:24:36-04:00,0.0
2011-04-21 22:24:39-04:00,0.0
2011-04-21 22:24:42-04:00,0.0
2011-04-21 22:24:45-04:00,0.0
2011-04-21 22:24:48-04:00,0.0
2011-04-21 22:24:51-04:00,0.0
2011-04-21 22:24:54-04:00,0.0
2011-04-21 22:24:57-04:00,0.0
2011-04-21 22:25:00-04:00,0.0
2011-04-21 22:25:03-04:00,0.0
2011-04-21 22:25:06-04:00,0.0
2011-04-21 22:25:09-04:00,0.0
2011-04-21 22:25:12-04:00,0.0
2011-04-21 22:25:15-04:00,0.0
2011-04-21 22:25:18-04:00,0.0
2011-04-21 22:25:21-04:00,0.0
2011-04-21 22:25:24-04:00,0.0
2011-04-21 22:25:27-04:00,0.0
2011-04-21 22:25:30-04:00,0.0
2011-04-21 22:25:33-04:00,0.0
2011-04-21 22:25:36-04:00,0.0
2011-04-21 22:25:39-04:00,0.0
2011-04-21 22:25:42-04:00,0.0
2011-04-21 22:25:45-04:00,0.0
2011-04-21 22:25:48-04:00,0.0
2011-04-21 22:25:51-04:00,0.0
2011-04-21 22:25:54-04:00,0.0
2011-04-21 22:25:57-04:00,0.0
2011-04-21 22:26:00-04:00,0.0
2011-04-21 22:26:03-04:00,0.25
2011-04-21 22:26:06-04:00,1.0
2011-04-21 22:26:09-04:00,1.0
2011-04-21 22:26:12-04:00,1.0
2011-04-21 22:26:15-04:00,1.0
2011-04-21 22:26:18-04:00,1.0
2011-04-21 22:26:21-04:00,1.0
2011-04-21 22:26:24-04:00,1.0
2011-04-21 22:26:27-04:00,1.0
2011-04-21 22:26:30-04:00,1.0
2011-04-21 22:26:33-04:00,1.0
2011-04-21 22:26:36-04:00,1.0
2011-04-21 22:26:39-04:00,1.0
2011-04-21 22:26:42-04:00,1.0
2011-04-21 22:26:45-04:00,1.0
2011-04-21 22:26:48-04:00,1.0
2011-04-21 22:26:51-04:00,1.0
2011-04-21 22:26:54-04:00,1.0
2011-04-21 22:26:57-04:00,1.0
2011-04-21 22:27:00-04:00,1.0
2011-04-21 22:27:03-04:00,1.0
2011-04-21 22:27:06-04:00,1.0
2011-04-21 22:27:09-04:00,1.0
2011-04-21 22:27:12-04:00,1.0
2011-04-21 22:27:15-04:00,1.0
2011-04-21 22:27:18-04:00,1.0
2011-04-21 22:27:21-04:00,1.0
2011-04-21 22:27:24-04:00,1.0
2011-04-21 22:27:27-04:00,1.0
2011-04-21 22:27:30-04:00,0.7777777777777778
2011-04-21 22:27:33-04:00,0.4444444444444444
2011-04-21 22:27:36-04:00,0.11111111111111116
2011-04-21 22:27:39-04:00,0.6666666666666666
2011-04-21 22:27:42-04:00,1.0
2011-04-21 22:27:45-04:00,1.0
2011-04-21 22:27:48-04:00,1.0
2011-04-21 22:27:51-04:00,1.0
2011-04-21 22:27:54-04:00,1.0
2011-04-21 22:27:57-04:00,1.0
2011-04-21 22:28:00-04:00,1.0
2011-04-21 22:28:03-04:00,1.0
2011-04-21 22:28:06-04:00,1.0
2011-04-21 22:28:09-04:00,1.0
2011-04-21 22:28:12-04:00,1.0
2011-04-21 22:28:15-04:00,1.0
2011-04-21 22:28:18-04:00,1.0
2011-04-21 22:28:21-04:00,1.0
2011-04-21 22:28:24-04:00,1.0
2011-04-21 22:28:27-04:00,1.0
2011-04-21 22:28:30-04:00,1.0
2011-04-21 22:28:33-04:00,1.0
2011-04-21 22:28:36-04:00,1.0
2011-04-21 22:28:39-04:00,1.0
2011-04-21 22:28:42-04:00,1.0
2011-04-21 22:28:45-04:00,0.33333333333333337
2011-04-21 22:28:48-04:00,0.0
2011-04-21 22:28:51-04:00,0.0
2011-04-21 22:28:54-04:00,0.0
2011-04-21 22:28:57-04:00,0.0
2011-04-21 22:29:00-04:00,25.0
2011-04-21 22:29:03-04:00,25.0
2011-04-21 22:29:06-04:00,25.666666666666668
2011-04-21 22:29:09-04:00,26.0
2011-04-21 22:29:12-04:00,26.0
2011-04-21 22:29:15-04:00,26.333333333333332
2011-04-21 22:29:18-04:00,27.0
2011-04-21 22:29:21-04:00,27.0
2011-04-21 22:29:24-04:00,28.0
2011-04-21 22:29:27-04:00,28.0
2011-04-21 22:29:30-04:00,28.0
2011-04-21 22:29:33-04:00,28.0
2011-04-21 22:29:36-04:00,28.0
2011-04-21 22:29:39-04:00,28.0
2011-04-21 22:29:42-04:00,28.0
2011-04-21 22:29:45-04:00,28.0
2011-04-21 22:29:48-04:00,28.0
2011-04-21 22:29:51-04:00,28.0
2011-04-21 22:29:54-04:00,28.0
2011-04-21 22:29:57-04:00,28.0
2011-04-21 22:30:00-04:00,28.0
2011-04-21 22:30:03-04:00,28.0
2011-04-21 22:30:06-04:00,28.0
2011-04-21 22:30:09-04:00,28.0
2011-04-21 22:30:12-04:00,28.0
2011-04-21 22:30:15-04:00,28.0
2011-04-21 22:30:18-04:00,28.0
2011-04-21 22:30:21-04:00,28.0
2011-04-21 22:30:24-04:00,28.0
2011-04-21 22:30:27-04:00,28.0
2011-04-21 22:30:30-04:00,27.625
2011-04-21 22:30:33-04:00,27.25
2011-04-21 22:30:36-04:00,27.0
2011-04-21 22:30:39-04:00,27.0
2011-04-21 22:30:42-04:00,27.0
2011-04-21 22:30:45-04:00,27.0
2011-04-21 22:30:48-04:00,27.0
2011-04-21 22:30:51-04:00,27.0
2011-04-21 22:30:54-04:00,27.0
2011-04-21 22:30:57-04:00,27.0
2011-04-21 22:31:00-04:00,27.0
2011-04-21 22:31:03-04:00,27.0
2011-04-21 22:31:06-04:00,27.0
2011-04-21 22:31:09-04:00,27.0
2011-04-21 22:31:12-04:00,27.0
2011-04-21 22:31:15-04:00,27.0
2011-04-21 22:31:18-04:00,26.25
2011-04-21 22:31:21-04:00,26.0
2011-04-21 22:31:24-04:00,26.0
2011-04-21 22:31:27-04:00,26.0
2011-04-21 22:31:30-04:00,26.0
2011-04-21 22:31:33-04:00,26.0
2011-04-21 22:31:36-04:00,26.0
2011-04-21 22:31:39-04:00,26.0
2011-04-21 22:31:42-04:00,26.0
2011-04-21 22:31:45-04:00,26.0
2011-04-21 22:31:48-04:00,26.0
2011-04-21 22:31:51-04:00,26.0
2011-04-21 22:31:54-04:00,26.0
2011-04-21 22:31:57-04:00,26.0
2011-04-21 22:32:00-04:00,26.0
2011-04-21 22:32:03-04:00,26.0
2011-04-21 22:32:06-04:00,26.0
2011-04-21 22:32:09-04:00,26.0
2011-04-21 22:32:12-04:00,26.0
2011-04-21 22:32:15-04:00,26.0
2011-04-21 22:32:18-04:00,26.0
2011-04-21 22:32:21-04:00,26.0
2011-04-21 22:32:24-04:00,26.0
2011-04-21 22:32:27-04:00,26.0
2011-04-21 22:32:30-04:00,26.0
2011-04-21 22:32:33-04:00,26.0
2011-04-21 22:32:36-04:00,26.0
2011-04-21 22:32:39-04:00,26.0
2011-04-21 22:32:42-04:00,25.75
2011-04-21 22:32:45-04:00,25.0
2011-04-21 22:32:48-04:00,25.0
2011-04-21 22:32:51-04:00,25.0
2011-04-21 22:32:54-04:00,25.666666666666668
2011-04-21 22:32:57-04:00,25.5
2011-04-21 22:33:00-04:00,25.0
2011-04-21 22:33:03-04:00,25.0
2011-04-21 22:33:06-04:00,26.0
2011-04-21 22:33:09-04:00,25.25
2011-04-21 22:33:12-04:00,25.0
2011-04-21 22:33:15-04:00,25.0
2011-04-21 22:33:18-04:00,25.0
2011-04-21 22:33:21-04:00,25.0
2011-04-21 22:33:24-04:00,25.0
2011-04-21 22:33:27-04:00,25.0
2011-04-21 22:33:30-04:00,25.0
2011-04-21 22:33:33-04:00,25.0
2011-04-21 22:33:36-04:00,25.0
2011-04-21 22:33:39-04:00,25.0
2011-04-21 22:33:42-04:00,25.0
2011-04-21 22:33:45-04:00,25.0
2011-04-21 22:33:48-04:00,25.0
2011-04-21 22:33:51-04:00,25.0
2011-04-21 22:33:54-04:00,25.0
2011-04-21 22:33:57-04:00,25.0
2011-04-21 22:34:00-04:00,25.0
2011-04-21 22:34:03-04:00,25.0
2011-04-21 22:34:06-04:00,25.0
2011-04-21 22:34:09-04:00,25.0
2011-04-21 22:34:12-04:00,25.0
2011-04-21 22:34:15-04:00,25.0
2011-04-21 22:34:18-04:00,25.0
2011-04-21 22:34:21-04:00,25.0
2011-04-21 22:34:24-04:00,25.0
2011-04-21 22:34:27-04:00,25.0
2011-04-21 22:34:30-04:00,25.0
2011-04-21 22:34:33-04:00,25.0
2011-04-21 22:34:36-04:00,24.25
2011-04-21 22:34:39-04:00,24.0
2011-04-21 22:34:42-04:00,24.0
2011-04-21 22:34:45-04:00,24.0
2011-04-21 22:34:48-04:00,24.0
2011-04-21 22:34:51-04:00,24.0
2011-04-21 22:34:54-04:00,24.0
2011-04-21 22:34:57-04:00,24.0
2011-04-21 22:35:00-04:00,24.0
2011-04-21 22:35:03-04:00,24.0
2011-04-21 22:35:06-04:00,24.0
2011-04-21 22:35:09-04:00,24.0
2011-04-21 22:35:12-04:00,24.0
2011-04-21 22:35:15-04:00,24.0
2011-04-21 22:35:18-04:00,24.0
2011-04-21 22:35:21-04:00,24.0
2011-04-21 22:35:24-04:00,24.0
2011-04-21 22:35:27-04:00,24.0
2011-04-21 22:35:30-04:00,24.0
2011-04-21 22:35:33-04:00,24.0
2011-04-21 22:35:36-04:00,24.0
2011-04-21 22:35:39-04:00,24.0
2011-04-21 22:35:42-04:00,24.0
2011-04-21 22:35:45-04:00,24.0
2011-04-21 22:35:48-04:00,24.0
2011-04-21 22:35:51-04:00,24.0
2011-04-21 22:35:54-04:00,24.0
2011-04-21 22:35:57-04:00,24.0
2011-04-21 22:36:00-04:00,24.0
2011-04-21 22:36:03-04:00,24.0
2011-04-21 22:36:06-04:00,24.0
2011-04-21 22:36:09-04:00,24.0
2011-04-21 22:36:12-04:00,24.0
2011-04-21 22:36:15-04:00,24.0
2011-04-21 22:36:18-04:00,24.0
2011-04-21 22:36:21-04:00,24.0
2011-04-21 22:36:24-04:00,24.0
2011-04-21 22:36:27-04:00,24.0
2011-04-21 22:36:30-04:00,24.0
2011-04-21 22:36:33-04:00,24.0
2011-04-21 22:36:36-04:00,24.0
2011-04-21 22:36:39-04:00,24.0
2011-04-21 22:36:42-04:00,24.0
2011-04-21 22:36:45-04:00,24.0
2011-04-21 22:36:48-04:00,24.0
2011-04-21 22:36:51-04:00,24.0
2011-04-21 22:36:54-04:00,24.0
2011-04-21 22:36:57-04:00,24.0
2011-04-21 22:37:00-04:00,24.0
2011-04-21 22:37:03-04:00,24.0
2011-04-21 22:37:06-04:00,24.0
2011-04-21 22:37:09-04:00,24.0
2011-04-21 22:37:12-04:00,24.0
2011-04-21 22:37:15-04:00,24.0
2011-04-21 22:37:18-04:00,24.0
2011-04-21 22:37:21-04:00,24.0
2011-04-21 22:37:24-04:00,24.0
2011-04-21 22:37:27-04:00,24.0
2011-04-21 22:37:30-04:00,24.0
2011-04-21 22:37:33-04:00,24.0
2011-04-21 22:37:36-04:00,24.0
2011-04-21 22:37:39-04:00,24.0
2011-04-21 22:37:42-04:00,24.0
2011-04-21 22:37:45-04:00,24.0
2011-04-21 22:37:48-04:00,24.0
2011-04-21 22:37:51-04:00,24.0
2011-04-21 22:37:54-04:00,24.0
2011-04-21 22:37:57-04:00,24.0
2011-04-21 22:38:00-04:00,24.0
2011-04-21 22:38:03-04:00,24.0
2011-04-21 22:38:06-04:00,24.0
2011-04-21 22:38:09-04:00,24.0
2011-04-21 22:38:12-04:00,24.0
2011-04-21 22:38:15-04:00,24.0
2011-04-21 22:38:18-04:00,24.0
2011-04-21 22:38:21-04:00,24.0
2011-04-21 22:38:24-04:00,24.0
2011-04-21 22:38:27-04:00,24.0
2011-04-21 22:38:30-04:00,24.0
2011-04-21 22:38:33-04:00,24.0
2011-04-21 22:38:36-04:00,24.0
2011-04-21 22:38:39-04:00,24.0
2011-04-21 22:38:42-04:00,24.0
2011-04-21 22:38:45-04:00,24.0
2011-04-21 22:38:48-04:00,24.0
2011-04-21 22:38:51-04:00,24.0
2011-04-21 22:38:54-04:00,24.0
2011-04-21 22:38:57-04:00,24.0
2011-04-21 22:39:00-04:00,24.0
2011-04-21 22:39:03-04:00,24.0
2011-04-21 22:39:06-04:00,24.0
2011-04-21 22:39:09-04:00,24.0
2011-04-21 22:39:12-04:00,24.0
2011-04-21 22:39:15-04:00,24.0
2011-04-21 22:39:18-04:00,24.0
2011-04-21 22:39:21-04:00,24.0
2011-04-21 22:39:24-04:00,24.0
2011-04-21 22:39:27-04:00,24.0
2011-04-21 22:39:30-04:00,24.0
2011-04-21 22:39:33-04:00,24.0
2011-04-21 22:39:36-04:00,24.0
2011-04-21 22:39:39-04:00,24.0
2011-04-21 22:39:42-04:00,24.0
2011-04-21 22:39:45-04:00,23.333333333333332
2011-04-21 22:39:48-04:00,23.5
2011-04-21 22:39:51-04:00,24.0
2011-04-21 22:39:54-04:00,24.0
2011-04-21 22:39:57-04:00,24.0
2011-04-21 22:40:00-04:00,24.0
2011-04-21 22:40:03-04:00,24.0
2011-04-21 22:40:06-04:00,23.0
2011-04-21 22:40:09-04:00,23.75
2011-04-21 22:40:12-04:00,24.0
2011-04-21 22:40:15-04:00,24.0
2011-04-21 22:40:18-04:00,24.0
2011-04-21 22:40:21-04:00,24.0
2011-04-21 22:40:24-04:00,24.0
2011-04-21 22:40:27-04:00,24.0
2011-04-21 22:40:30-04:00,23.666666666666668
2011-04-21 22:40:33-04:00,23.333333333333332
2011-04-21 22:40:36-04:00,23.0
2011-04-21 22:40:39-04:00,24.0
2011-04-21 22:40:42-04:00,24.0
2011-04-21 22:40:45-04:00,23.333333333333332
2011-04-21 22:40:48-04:00,23.0
2011-04-21 22:40:51-04:00,23.333333333333332
2011-04-21 22:40:54-04:00,24.0
2011-04-21 22:40:57-04:00,24.0
2011-04-21 22:41:00-04:00,24.0
2011-04-21 22:41:03-04:00,23.25
2011-04-21 22:41:06-04:00,23.0
2011-04-21 22:41:09-04:00,23.5
2011-04-21 22:41:12-04:00,24.0
2011-04-21 22:41:15-04:00,24.0
2011-04-21 22:41:18-04:00,24.0
2011-04-21 22:41:21-04:00,24.0
2011-04-21 22:41:24-04:00,24.0
2011-04-21 22:41:27-04:00,23.25
2011-04-21 22:41:30-04:00,23.25
2011-04-21 22:41:33-04:00,23.625
2011-04-21 22:41:36-04:00,24.0
2011-04-21 22:41:39-04:00,23.25
2011-04-21 22:41:42-04:00,23.0
2011-04-21 22:41:45-04:00,23.0
2011-04-21 22:41:48-04:00,23.0
2011-04-21 22:41:51-04:00,23.0
2011-04-21 22:41:54-04:00,23.0
2011-04-21 22:41:57-04:00,23.0
2011-04-21 22:42:00-04:00,22.0
2011-04-21 22:42:03-04:00,22.0
2011-04-21 22:42:06-04:00,22.0
2011-04-21 22:42:09-04:00,22.0
2011-04-21 22:42:12-04:00,22.0
2011-04-21 22:42:15-04:00,22.0
2011-04-21 22:42:18-04:00,22.0
2011-04-21 22:42:21-04:00,22.0
2011-04-21 22:42:24-04:00,22.0
2011-04-21 22:42:27-04:00,22.0
2011-04-21 22:42:30-04:00,22.0
2011-04-21 22:42:33-04:00,22.0
2011-04-21 22:42:36-04:00,22.0
2011-04-21 22:42:39-04:00,22.0
2011-04-21 22:42:42-04:00,22.0
2011-04-21 22:42:45-04:00,22.0
2011-04-21 22:42:48-04:00,22.0
2011-04-21 22:42:51-04:00,22.0
2011-04-21 22:42:54-04:00,22.0
2011-04-21 22:42:57-04:00,22.0
2011-04-21 22:43:00-04:00,22.0
2011-04-21 22:43:03-04:00,22.0
2011-04-21 22:43:06-04:00,22.0
2011-04-21 22:43:09-04:00,22.0
2011-04-21 22:43:12-04:00,22.0
2011-04-21 22:43:15-04:00,22.0
2011-04-21 22:43:18-04:00,22.0
2011-04-21 22:43:21-04:00,22.0
2011-04-21 22:43:24-04:00,22.0
2011-04-21 22:43:27-04:00,22.0
2011-04-21 22:43:30-04:00,22.0
2011-04-21 22:43:33-04:00,22.0
2011-04-21 22:43:36-04:00,22.0
2011-04-21 22:43:39-04:00,22.0
2011-04-21 22:43:42-04:00,22.0
2011-04-21 22:43:45-04:00,22.0
2011-04-21 22:43:48-04:00,22.0
2011-04-21 22:43:51-04:00,22.0
2011-04-21 22:43:54-04:00,22.0
2011-04-21 22:43:57-04:00,22.0
2011-04-21 22:44:00-04:00,22.0
2011-04-21 22:44:03-04:00,22.0
2011-04-21 22:44:06-04:00,22.0
2011-04-21 22:44:09-04:00,22.0
2011-04-21 22:44:12-04:00,22.0
2011-04-21 22:44:15-04:00,22.0
2011-04-21 22:44:18-04:00,22.0
2011-04-21 22:44:21-04:00,22.0
2011-04-21 22:44:24-04:00,22.0
2011-04-21 22:44:27-04:00,22.0
2011-04-21 22:44:30-04:00,22.0
2011-04-21 22:44:33-04:00,22.0
2011-04-21 22:44:36-04:00,22.0
2011-04-21 22:44:39-04:00,22.0
2011-04-21 22:44:42-04:00,22.0
2011-04-21 22:44:45-04:00,22.0
2011-04-21 22:44:48-04:00,22.0
2011-04-21 22:44:51-04:00,22.0
2011-04-21 22:44:54-04:00,22.0
2011-04-21 22:44:57-04:00,22.0
2011-04-21 22:45:00-04:00,22.0
2011-04-21 22:45:03-04:00,22.0
2011-04-21 22:45:06-04:00,22.0
2011-04-21 22:45:09-04:00,22.0
2011-04-21 22:45:12-04:00,22.0
2011-04-21 22:45:15-04:00,22.0
2011-04-21 22:45:18-04:00,22.0
2011-04-21 22:45:21-04:00,22.0
2011-04-21 22:45:24-04:00,22.0
2011-04-21 22:45:27-04:00,22.0
2011-04-21 22:45:30-04:00,22.0
2011-04-21 22:45:33-04:00,22.0
2011-04-21 22:45:36-04:00,22.0
2011-04-21 22:45:39-04:00,22.0
2011-04-21 22:45:42-04:00,22.0
2011-04-21 22:45:45-04:00,22.0
2011-04-21 22:45:48-04:00,22.0
2011-04-21 22:45:51-04:00,22.0
2011-04-21 22:45:54-04:00,22.0
2011-04-21 22:45:57-04:00,22.0
2011-04-21 22:46:00-04:00,22.0
2011-04-21 22:46:03-04:00,22.0
2011-04-21 22:46:06-04:00,22.0
2011-04-21 22:46:09-04:00,22.0
2011-04-21 22:46:12-04:00,22.0
2011-04-21 22:46:15-04:00,22.0
2011-04-21 22:46:18-04:00,22.0
2011-04-21 22:46:21-04:00,22.0
2011-04-21 22:46:24-04:00,22.0
2011-04-21 22:46:27-04:00,22.0
2011-04-21 22:46:30-04:00,22.0
2011-04-21 22:46:33-04:00,22.0
2011-04-21 22:46:36-04:00,22.0
2011-04-21 22:46:39-04:00,22.0
2011-04-21 22:46:42-04:00,22.0
2011-04-21 22:46:45-04:00,22.0
2011-04-21 22:46:48-04:00,22.0
2011-04-21 22:46:51-04:00,22.0
2011-04-21 22:46:54-04:00,22.0
2011-04-21 22:46:57-04:00,22.0
2011-04-21 22:47:00-04:00,22.0
2011-04-21 22:47:03-04:00,22.0
2011-04-21 22:47:06-04:00,22.0
2011-04-21 22:47:09-04:00,22.0
2011-04-21 22:47:12-04:00,22.0
2011-04-21 22:47:15-04:00,22.0
2011-04-21 22:47:18-04:00,22.0
2011-04-21 22:47:21-04:00,22.0
2011-04-21 22:47:24-04:00,22.0
2011-04-21 22:47:27-04:00,22.0
2011-04-21 22:47:30-04:00,22.0
2011-04-21 22:47:33-04:00,22.0
2011-04-21 22:47:36-04:00,22.0
2011-04-21 22:47:39-04:00,22.0
2011-04-21 22:47:42-04:00,22.0
2011-04-21 22:47:45-04:00,22.0
2011-04-21 22:47:48-04:00,22.0
2011-04-21 22:47:51-04:00,22.0
2011-04-21 22:47:54-04:00,22.0
2011-04-21 22:47:57-04:00,22.0
2011-04-21 22:48:00-04:00,22.0
2011-04-21 22:48:03-04:00,22.0
2011-04-21 22:48:06-04:00,22.0
2011-04-21 22:48:09-04:00,22.0
2011-04-21 22:48:12-04:00,22.0
2011-04-21 22:48:15-04:00,22.0
2011-04-21 22:48:18-04:00,22.0
2011-04-21 22:48:21-04:00,22.0
2011-04-21 22:48:24-04:00,22.0
2011-04-21 22:48:27-04:00,22.0
2011-04-21 22:48:30-04:00,22.0
2011-04-21 22:48:33-04:00,22.0
2011-04-21 22:48:36-04:00,22.0
2011-04-21 22:48:39-04:00,22.0
2011-04-21 22:48:42-04:00,22.0
2011-04-21 22:48:45-04:00,22.0
2011-04-21 22:48:48-04:00,22.0
2011-04-21 22:48:51-04:00,22.0
2011-04-21 22:48:54-04:00,22.0
2011-04-21 22:48:57-04:00,22.0
2011-04-21 22:49:00-04:00,22.0
2011-04-21 22:49:03-04:00,22.0
2011-04-21 22:49:06-04:00,22.0
2011-04-21 22:49:09-04:00,22.0
2011-04-21 22:49:12-04:00,22.0
2011-04-21 22:49:15-04:00,22.0
2011-04-21 22:49:18-04:00,22.0
2011-04-21 22:49:21-04:00,22.0
2011-04-21 22:49:24-04:00,22.0
2011-04-21 22:49:27-04:00,22.0
2011-04-21 22:49:30-04:00,22.0
2011-04-21 22:49:33-04:00,22.0
2011-04-21 22:49:36-04:00,22.0
2011-04-21 22:49:39-04:00,22.0
2011-04-21 22:49:42-04:00,22.0
2011-04-21 22:49:45-04:00,22.0
2011-04-21 22:49:48-04:00,22.0
2011-04-21 22:49:51-04:00,22.0
2011-04-21 22:49:54-04:00,22.0
2011-04-21 22:49:57-04:00,22.0
2011-04-21 22:50:00-04:00,22.0
2011-04-21 22:50:03-04:00,22.0
2011-04-21 22:50:06-04:00,22.0
2011-04-21 22:50:09-04:00,22.0
2011-04-21 22:50:12-04:00,22.0
2011-04-21 22:50:15-04:00,22.0
2011-04-21 22:50:18-04:00,22.0
2011-04-21 22:50:21-04:00,22.0
2011-04-21 22:50:24-04:00,22.0
2011-04-21 22:50:27-04:00,22.0
2011-04-21 22:50:30-04:00,22.0
2011-04-21 22:50:33-04:00,22.0
2011-04-21 22:50:36-04:00,22.0
2011-04-21 22:50:39-04:00,22.0
2011-04-21 22:50:42-04:00,22.0
2011-04-21 22:50:45-04:00,22.0
2011-04-21 22:50:48-04:00,22.0
2011-04-21 22:50:51-04:00,22.0
2011-04-21 22:50:54-04:00,22.0
2011-04-21 22:50:57-04:00,22.0
2011-04-21 22:51:00-04:00,22.0
2011-04-21 22:51:03-04:00,22.0
2011-04-21 22:51:06-04:00,22.0
2011-04-21 22:51:09-04:00,22.0
2011-04-21 22:51:12-04:00,22.0
2011-04-21 22:51:15-04:00,22.0
2011-04-21 22:51:18-04:00,22.0
2011-04-21 22:51:21-04:00,22.0
2011-04-21 22:51:24-04:00,22.0
2011-04-21 22:51:27-04:00,22.0
2011-04-21 22:51:30-04:00,22.0
2011-04-21 22:51:33-04:00,22.0
2011-04-21 22:51:36-04:00,22.0
2011-04-21 22:51:39-04:00,22.0
2011-04-21 22:51:42-04:00,22.0
2011-04-21 22:51:45-04:00,22.0
2011-04-21 22:51:48-04:00,22.0
2011-04-21 22:51:51-04:00,22.0
2011-04-21 22:51:54-04:00,22.0
2011-04-21 22:51:57-04:00,22.0
2011-04-21 22:52:00-04:00,22.0
2011-04-21 22:52:03-04:00,22.0
2011-04-21 22:52:06-04:00,22.0
2011-04-21 22:52:09-04:00,22.0
2011-04-21 22:52:12-04:00,22.0
2011-04-21 22:52:15-04:00,22.0
2011-04-21 22:52:18-04:00,22.0
2011-04-21 22:52:21-04:00,22.0
2011-04-21 22:52:24-04:00,22.0
2011-04-21 22:52:27-04:00,22.0
2011-04-21 22:52:30-04:00,22.0
2011-04-21 22:52:33-04:00,22.0
2011-04-21 22:52:36-04:00,22.0
2011-04-21 22:52:39-04:00,22.0
2011-04-21 22:52:42-04:00,22.0
2011-04-21 22:52:45-04:00,22.0
2011-04-21 22:52:48-04:00,22.0
2011-04-21 22:52:51-04:00,22.0
2011-04-21 22:52:54-04:00,22.0
2011-04-21 22:52:57-04:00,22.0
2011-04-21 22:53:00-04:00,22.0
2011-04-21 22:53:03-04:00,22.0
2011-04-21 22:53:06-04:00,22.0
2011-04-21 22:53:09-04:00,22.0
2011-04-21 22:53:12-04:00,22.0
2011-04-21 22:53:15-04:00,22.0
2011-04-21 22:53:18-04:00,22.0
2011-04-21 22:53:21-04:00,22.0
2011-04-21 22:53:24-04:00,22.0
2011-04-21 22:53:27-04:00,22.0
2011-04-21 22:53:30-04:00,22.0
2011-04-21 22:53:33-04:00,22.0
2011-04-21 22:53:36-04:00,22.0
2011-04-21 22:53:39-04:00,22.0
2011-04-21 22:53:42-04:00,22.0
2011-04-21 22:53:45-04:00,22.0
2011-04-21 22:53:48-04:00,22.0
2011-04-21 22:53:51-04:00,22.0
2011-04-21 22:53:54-04:00,22.0
2011-04-21 22:53:57-04:00,22.0
2011-04-21 22:54:00-04:00,22.0
2011-04-21 22:54:03-04:00,22.0
2011-04-21 22:54:06-04:00,22.0
2011-04-21 22:54:09-04:00,22.0
2011-04-21 22:54:12-04:00,22.0
2011-04-21 22:54:15-04:00,22.0
2011-04-21 22:54:18-04:00,22.0
2011-04-21 22:54:21-04:00,22.0
2011-04-21 22:54:24-04:00,22.0
2011-04-21 22:54:27-04:00,21.0
2011-04-21 22:54:30-04:00,21.333333333333332
2011-04-21 22:54:33-04:00,21.666666666666668
2011-04-21 22:54:36-04:00,22.0
2011-04-21 22:54:39-04:00,22.0
2011-04-21 22:54:42-04:00,22.75
2011-04-21 22:54:45-04:00,22.333333333333332
2011-04-21 22:54:48-04:00,22.0
2011-04-21 22:54:51-04:00,22.0
2011-04-21 22:54:54-04:00,22.0
2011-04-21 22:54:57-04:00,22.0
2011-04-21 22:55:00-04:00,22.0
2011-04-21 22:55:03-04:00,206.0
2011-04-21 22:55:06-04:00,68.75
2011-04-21 22:55:09-04:00,7.666666666666664
2011-04-21 22:55:12-04:00,0.0
2011-04-21 22:55:15-04:00,0.0
2011-04-21 22:55:18-04:00,0.0
2011-04-21 22:55:21-04:00,0.0
2011-04-21 22:55:24-04:00,181.0
2011-04-21 22:55:27-04:00,181.0
2011-04-21 22:55:30-04:00,135.75
2011-04-21 22:55:33-04:00,67.875
2011-04-21 22:55:36-04:00,0.0
2011-04-21 22:55:39-04:00,0.0
2011-04-21 22:55:42-04:00,0.0
2011-04-21 22:55:45-04:00,0.0
2011-04-21 22:55:48-04:00,0.0
2011-04-21 22:55:51-04:00,0.0
2011-04-21 22:55:54-04:00,0.0
2011-04-21 22:55:57-04:00,0.0
2011-04-21 22:56:00-04:00,0.0
2011-04-21 22:56:03-04:00,0.0
2011-04-21 22:56:06-04:00,0.0
2011-04-21 22:56:09-04:00,0.0
2011-04-21 22:56:12-04:00,0.0
2011-04-21 22:56:15-04:00,0.0
2011-04-21 22:56:18-04:00,0.0
2011-04-21 22:56:21-04:00,0.0
2011-04-21 22:56:24-04:00,0.0
2011-04-21 22:56:27-04:00,0.0
2011-04-21 22:56:30-04:00,0.0
2011-04-21 22:56:33-04:00,0.0
2011-04-21 22:56:36-04:00,0.0
2011-04-21 22:56:39-04:00,0.0
2011-04-21 22:56:42-04:00,0.0
2011-04-21 22:56:45-04:00,0.0
2011-04-21 22:56:48-04:00,0.0
2011-04-21 22:56:51-04:00,0.0
2011-04-21 22:56:54-04:00,0.0
2011-04-21 22:56:57-04:00,0.0
2011-04-21 22:57:00-04:00,0.0
2011-04-21 22:57:03-04:00,0.0
2011-04-21 22:57:06-04:00,0.0
2011-04-21 22:57:09-04:00,0.0
2011-04-21 22:57:12-04:00,0.0
2011-04-21 22:57:15-04:00,0.0
2011-04-21 22:57:18-04:00,0.0
2011-04-21 22:57:21-04:00,0.0
2011-04-21 22:57:24-04:00,0.0
2011-04-21 22:57:27-04:00,0.0
2011-04-21 22:57:30-04:00,0.0
2011-04-21 22:57:33-04:00,0.0
2011-04-21 22:57:36-04:00,0.0
2011-04-21 22:57:39-04:00,0.0
2011-04-21 22:57:42-04:00,0.0
2011-04-21 22:57:45-04:00,0.0
2011-04-21 22:57:48-04:00,0.0
2011-04-21 22:57:51-04:00,0.0
2011-04-21 22:57:54-04:00,0.0
2011-04-21 22:57:57-04:00,0.0
2011-04-21 22:58:00-04:00,0.0
2011-04-21 22:58:03-04:00,0.0
2011-04-21 22:58:06-04:00,0.0
2011-04-21 22:58:09-04:00,0.0
2011-04-21 22:58:12-04:00,0.0
2011-04-21 22:58:15-04:00,0.0
2011-04-21 22:58:18-04:00,0.0
2011-04-21 22:58:21-04:00,0.0
2011-04-21 22:58:24-04:00,0.0
2011-04-21 22:58:27-04:00,0.0
2011-04-21 22:58:30-04:00,0.0
2011-04-21 22:58:33-04:00,0.0
2011-04-21 22:58:36-04:00,0.0
2011-04-21 22:58:39-04:00,0.0
2011-04-21 22:58:42-04:00,0.0
2011-04-21 22:58:45-04:00,0.0
2011-04-21 22:58:48-04:00,0.0
2011-04-21 22:58:51-04:00,0.0
2011-04-21 22:58:54-04:00,0.0
2011-04-21 22:58:57-04:00,0.0
2011-04-21 22:59:00-04:00,0.0
2011-04-21 22:59:03-04:00,0.0
2011-04-21 22:59:06-04:00,0.0
2011-04-21 22:59:09-04:00,0.0
2011-04-21 22:59:12-04:00,0.0
2011-04-21 22:59:15-04:00,0.0
2011-04-21 22:59:18-04:00,0.0
2011-04-21 22:59:21-04:00,0.0
2011-04-21 22:59:24-04:00,0.0
2011-04-21 22:59:27-04:00,0.0
2011-04-21 22:59:30-04:00,0.0
2011-04-21 22:59:33-04:00,0.0
2011-04-21 22:59:36-04:00,0.0
2011-04-21 22:59:39-04:00,0.0
2011-04-21 22:59:42-04:00,0.0
2011-04-21 22:59:45-04:00,0.0
2011-04-21 22:59:48-04:00,0.0
2011-04-21 22:59:51-04:00,0.0
2011-04-21 22:59:54-04:00,0.0
2011-04-21 22:59:57-04:00,0.0
2011-04-21 23:00:00-04:00,0.0
2011-04-21 23:00:03-04:00,0.0
2011-04-21 23:00:06-04:00,0.0
2011-04-21 23:00:09-04:00,0.0
2011-04-21 23:00:12-04:00,0.0
2011-04-21 23:00:15-04:00,0.0
2011-04-21 23:00:18-04:00,0.0
2011-04-21 23:00:21-04:00,0.0
2011-04-21 23:00:24-04:00,0.0
2011-04-21 23:00:27-04:00,0.0
2011-04-21 23:00:30-04:00,0.0
2011-04-21 23:00:33-04:00,0.0
2011-04-21 23:00:36-04:00,0.0
2011-04-21 23:00:39-04:00,0.0
2011-04-21 23:00:42-04:00,0.0
2011-04-21 23:00:45-04:00,0.0
2011-04-21 23:00:48-04:00,0.0
2011-04-21 23:00:51-04:00,0.0
2011-04-21 23:00:54-04:00,0.0
2011-04-21 23:00:57-04:00,0.0
2011-04-21 23:01:00-04:00,0.0
2011-04-21 23:01:03-04:00,0.0
2011-04-21 23:01:06-04:00,0.0
2011-04-21 23:01:09-04:00,0.0
2011-04-21 23:01:12-04:00,0.0
2011-04-21 23:01:15-04:00,0.0
2011-04-21 23:01:18-04:00,0.0
2011-04-21 23:01:21-04:00,0.0
2011-04-21 23:01:24-04:00,0.0
2011-04-21 23:01:27-04:00,0.0
2011-04-21 23:01:30-04:00,0.0
2011-04-21 23:01:33-04:00,0.0
2011-04-21 23:01:36-04:00,0.0
2011-04-21 23:01:39-04:00,0.0
2011-04-21 23:01:42-04:00,0.0
2011-04-21 23:01:45-04:00,0.0
2011-04-21 23:01:48-04:00,0.0
2011-04-21 23:01:51-04:00,0.0
2011-04-21 23:01:54-04:00,0.0
2011-04-21 23:01:57-04:00,0.0
2011-04-21 23:02:00-04:00,0.0
2011-04-21 23:02:03-04:00,0.0
2011-04-21 23:02:06-04:00,0.0
2011-04-21 23:02:09-04:00,0.0
2011-04-21 23:02:12-04:00,0.0
2011-04-21 23:02:15-04:00,0.0
2011-04-21 23:02:18-04:00,0.0
2011-04-21 23:02:21-04:00,0.0
2011-04-21 23:02:24-04:00,0.0
2011-04-21 23:02:27-04:00,0.0
2011-04-21 23:02:30-04:00,0.0
2011-04-21 23:02:33-04:00,0.0
2011-04-21 23:02:36-04:00,0.0
2011-04-21 23:02:39-04:00,0.0
2011-04-21 23:02:42-04:00,0.0
2011-04-21 23:02:45-04:00,0.0
2011-04-21 23:02:48-04:00,0.0
2011-04-21 23:02:51-04:00,0.0
2011-04-21 23:02:54-04:00,0.0
2011-04-21 23:02:57-04:00,0.0
2011-04-21 23:03:00-04:00,0.0
2011-04-21 23:03:03-04:00,0.0
2011-04-21 23:03:06-04:00,0.0
2011-04-21 23:03:09-04:00,0.0
2011-04-21 23:03:12-04:00,0.0
2011-04-21 23:03:15-04:00,0.0
2011-04-21 23:03:18-04:00,0.0
2011-04-21 23:03:21-04:00,0.0
2011-04-21 23:03:24-04:00,0.0
2011-04-21 23:03:27-04:00,0.0
2011-04-21 23:03:30-04:00,0.0
2011-04-21 23:03:33-04:00,0.0
2011-04-21 23:03:36-04:00,0.0
2011-04-21 23:03:39-04:00,0.0
2011-04-21 23:03:42-04:00,0.0
2011-04-21 23:03:45-04:00,0.0
2011-04-21 23:03:48-04:00,0.0
2011-04-21 23:03:51-04:00,0.0
2011-04-21 23:03:54-04:00,0.0
2011-04-21 23:03:57-04:00,0.0
2011-04-21 23:04:00-04:00,0.0
2011-04-21 23:04:03-04:00,0.0
2011-04-21 23:04:06-04:00,0.0
2011-04-21 23:04:09-04:00,0.0
2011-04-21 23:04:12-04:00,0.0
2011-04-21 23:04:15-04:00,0.0
2011-04-21 23:04:18-04:00,0.0
2011-04-21 23:04:21-04:00,0.0
2011-04-21 23:04:24-04:00,0.0
2011-04-21 23:04:27-04:00,0.0
2011-04-21 23:04:30-04:00,0.0
2011-04-21 23:04:33-04:00,0.0
2011-04-21 23:04:36-04:00,0.0
2011-04-21 23:04:39-04:00,0.0
2011-04-21 23:04:42-04:00,0.0
2011-04-21 23:04:45-04:00,0.0
2011-04-21 23:04:48-04:00,0.0
2011-04-21 23:04:51-04:00,0.0
2011-04-21 23:04:54-04:00,0.0
2011-04-21 23:04:57-04:00,0.0
2011-04-21 23:05:00-04:00,0.0
2011-04-21 23:05:03-04:00,0.0
2011-04-21 23:05:06-04:00,0.0
2011-04-21 23:05:09-04:00,0.0
2011-04-21 23:05:12-04:00,0.0
2011-04-21 23:05:15-04:00,0.0
2011-04-21 23:05:18-04:00,0.0
2011-04-21 23:05:21-04:00,0.0
2011-04-21 23:05:24-04:00,0.0
2011-04-21 23:05:27-04:00,0.0
2011-04-21 23:05:30-04:00,0.0
2011-04-21 23:05:33-04:00,0.0
2011-04-21 23:05:36-04:00,0.0
2011-04-21 23:05:39-04:00,0.0
2011-04-21 23:05:42-04:00,0.0
2011-04-21 23:05:45-04:00,0.0
2011-04-21 23:05:48-04:00,0.0
2011-04-21 23:05:51-04:00,0.0
2011-04-21 23:05:54-04:00,0.0
2011-04-21 23:05:57-04:00,0.0
2011-04-21 23:06:00-04:00,0.0
2011-04-21 23:06:03-04:00,0.0
2011-04-21 23:06:06-04:00,0.0
2011-04-21 23:06:09-04:00,0.0
2011-04-21 23:06:12-04:00,0.0
2011-04-21 23:06:15-04:00,0.0
2011-04-21 23:06:18-04:00,0.0
2011-04-21 23:06:21-04:00,0.0
2011-04-21 23:06:24-04:00,0.0
2011-04-21 23:06:27-04:00,0.0
2011-04-21 23:06:30-04:00,0.0
2011-04-21 23:06:33-04:00,0.0
2011-04-21 23:06:36-04:00,0.0
2011-04-21 23:06:39-04:00,0.0
2011-04-21 23:06:42-04:00,0.0
2011-04-21 23:06:45-04:00,0.0
2011-04-21 23:06:48-04:00,0.0
2011-04-21 23:06:51-04:00,0.0
2011-04-21 23:06:54-04:00,0.0
2011-04-21 23:06:57-04:00,0.0
2011-04-21 23:07:00-04:00,0.0
2011-04-21 23:07:03-04:00,0.0
2011-04-21 23:07:06-04:00,0.0
2011-04-21 23:07:09-04:00,0.0
2011-04-21 23:07:12-04:00,0.0
2011-04-21 23:07:15-04:00,0.0
2011-04-21 23:07:18-04:00,0.0
2011-04-21 23:07:21-04:00,0.0
2011-04-21 23:07:24-04:00,0.0
2011-04-21 23:07:27-04:00,0.0
2011-04-21 23:07:30-04:00,0.0
2011-04-21 23:07:33-04:00,0.0
2011-04-21 23:07:36-04:00,0.0
2011-04-21 23:07:39-04:00,0.0
2011-04-21 23:07:42-04:00,0.0
2011-04-21 23:07:45-04:00,0.0
2011-04-21 23:07:48-04:00,0.0
2011-04-21 23:07:51-04:00,0.0
2011-04-21 23:07:54-04:00,0.0
2011-04-21 23:07:57-04:00,0.0
2011-04-21 23:08:00-04:00,0.0
2011-04-21 23:08:03-04:00,0.0
2011-04-21 23:08:06-04:00,0.0
2011-04-21 23:08:09-04:00,0.0
2011-04-21 23:08:12-04:00,0.0
2011-04-21 23:08:15-04:00,0.0
2011-04-21 23:08:18-04:00,0.0
2011-04-21 23:08:21-04:00,0.0
2011-04-21 23:08:24-04:00,0.0
2011-04-21 23:08:27-04:00,0.0
2011-04-21 23:08:30-04:00,0.0
2011-04-21 23:08:33-04:00,0.0
2011-04-21 23:08:36-04:00,0.0
2011-04-21 23:08:39-04:00,0.0
2011-04-21 23:08:42-04:00,0.0
2011-04-21 23:08:45-04:00,0.0
2011-04-21 23:08:48-04:00,0.0
2011-04-21 23:08:51-04:00,0.0
2011-04-21 23:08:54-04:00,0.0
2011-04-21 23:08:57-04:00,0.0
2011-04-21 23:09:00-04:00,0.0
2011-04-21 23:09:03-04:00,0.0
2011-04-21 23:09:06-04:00,0.0
2011-04-21 23:09:09-04:00,0.0
2011-04-21 23:09:12-04:00,0.0
2011-04-21 23:09:15-04:00,0.0
2011-04-21 23:09:18-04:00,0.0
2011-04-21 23:09:21-04:00,0.0
2011-04-21 23:09:24-04:00,0.0
2011-04-21 23:09:27-04:00,0.0
2011-04-21 23:09:30-04:00,0.0
2011-04-21 23:09:33-04:00,0.0
2011-04-21 23:09:36-04:00,0.0
2011-04-21 23:09:39-04:00,0.0
2011-04-21 23:09:42-04:00,0.0
2011-04-21 23:09:45-04:00,0.0
2011-04-21 23:09:48-04:00,0.0
2011-04-21 23:09:51-04:00,0.0
2011-04-21 23:09:54-04:00,0.0
2011-04-21 23:09:57-04:00,0.0
2011-04-21 23:10:00-04:00,0.0
2011-04-21 23:10:03-04:00,0.0
2011-04-21 23:10:06-04:00,0.0
2011-04-21 23:10:09-04:00,0.0
2011-04-21 23:10:12-04:00,0.0
2011-04-21 23:10:15-04:00,0.0
2011-04-21 23:10:18-04:00,0.0
2011-04-21 23:10:21-04:00,0.0
2011-04-21 23:10:24-04:00,0.0
2011-04-21 23:10:27-04:00,0.0
2011-04-21 23:10:30-04:00,0.0
2011-04-21 23:10:33-04:00,0.0
2011-04-21 23:10:36-04:00,0.0
2011-04-21 23:10:39-04:00,0.0
2011-04-21 23:10:42-04:00,0.0
2011-04-21 23:10:45-04:00,0.0
2011-04-21 23:10:48-04:00,0.0
2011-04-21 23:10:51-04:00,0.0
2011-04-21 23:10:54-04:00,0.0
2011-04-21 23:10:57-04:00,0.0
2011-04-21 23:11:00-04:00,0.0
2011-04-21 23:11:03-04:00,0.0
2011-04-21 23:11:06-04:00,0.0
2011-04-21 23:11:09-04:00,0.0
2011-04-21 23:11:12-04:00,0.0
2011-04-21 23:11:15-04:00,0.0
2011-04-21 23:11:18-04:00,0.0
2011-04-21 23:11:21-04:00,0.0
2011-04-21 23:11:24-04:00,0.0
2011-04-21 23:11:27-04:00,0.0
2011-04-21 23:11:30-04:00,0.0
2011-04-21 23:11:33-04:00,0.0
2011-04-21 23:11:36-04:00,0.0
2011-04-21 23:11:39-04:00,0.0
2011-04-21 23:11:42-04:00,0.0
2011-04-21 23:11:45-04:00,0.0
2011-04-21 23:11:48-04:00,0.0
2011-04-21 23:11:51-04:00,0.0
2011-04-21 23:11:54-04:00,0.0
2011-04-21 23:11:57-04:00,0.0
2011-04-21 23:12:00-04:00,0.0
2011-04-21 23:12:03-04:00,0.0
2011-04-21 23:12:06-04:00,0.0
2011-04-21 23:12:09-04:00,0.0
2011-04-21 23:12:12-04:00,0.0
2011-04-21 23:12:15-04:00,0.0
2011-04-21 23:12:18-04:00,0.0
2011-04-21 23:12:21-04:00,0.0
2011-04-21 23:12:24-04:00,0.0
2011-04-21 23:12:27-04:00,0.0
2011-04-21 23:12:30-04:00,0.0
2011-04-21 23:12:33-04:00,0.0
2011-04-21 23:12:36-04:00,0.0
2011-04-21 23:12:39-04:00,0.0
2011-04-21 23:12:42-04:00,0.0
2011-04-21 23:12:45-04:00,0.0
2011-04-21 23:12:48-04:00,0.0
2011-04-21 23:12:51-04:00,0.0
2011-04-21 23:12:54-04:00,0.0
2011-04-21 23:12:57-04:00,0.0
2011-04-21 23:13:00-04:00,0.0
2011-04-21 23:13:03-04:00,0.0
2011-04-21 23:13:06-04:00,0.0
2011-04-21 23:13:09-04:00,0.0
2011-04-21 23:13:12-04:00,0.0
2011-04-21 23:13:15-04:00,0.0
2011-04-21 23:13:18-04:00,0.0
2011-04-21 23:13:21-04:00,0.0
2011-04-21 23:13:24-04:00,0.0
2011-04-21 23:13:27-04:00,0.0
2011-04-21 23:13:30-04:00,0.0
2011-04-21 23:13:33-04:00,0.0
2011-04-21 23:13:36-04:00,0.0
2011-04-21 23:13:39-04:00,0.0
2011-04-21 23:13:42-04:00,0.0
2011-04-21 23:13:45-04:00,0.0
2011-04-21 23:13:48-04:00,0.0
2011-04-21 23:13:51-04:00,0.0
2011-04-21 23:13:54-04:00,0.0
2011-04-21 23:13:57-04:00,0.0
2011-04-21 23:14:00-04:00,0.0
2011-04-21 23:14:03-04:00,0.0
2011-04-21 23:14:06-04:00,0.0
2011-04-21 23:14:09-04:00,0.0
2011-04-21 23:14:12-04:00,0.0
2011-04-21 23:14:15-04:00,0.0
2011-04-21 23:14:18-04:00,0.0
2011-04-21 23:14:21-04:00,0.0
2011-04-21 23:14:24-04:00,0.0
2011-04-21 23:14:27-04:00,0.0
2011-04-21 23:14:30-04:00,0.0
2011-04-21 23:14:33-04:00,0.0
2011-04-21 23:14:36-04:00,0.0
2011-04-21 23:14:39-04:00,0.0
2011-04-21 23:14:42-04:00,0.0
2011-04-21 23:14:45-04:00,0.0
2011-04-21 23:14:48-04:00,0.0
2011-04-21 23:14:51-04:00,0.0
2011-04-21 23:14:54-04:00,0.0
2011-04-21 23:14:57-04:00,0.0
2011-04-21 23:15:00-04:00,0.0
2011-04-21 23:15:03-04:00,0.0
2011-04-21 23:15:06-04:00,0.0
2011-04-21 23:15:09-04:00,0.0
2011-04-21 23:15:12-04:00,0.0
2011-04-21 23:15:15-04:00,0.0
2011-04-21 23:15:18-04:00,0.0
2011-04-21 23:15:21-04:00,0.0
2011-04-21 23:15:24-04:00,0.0
2011-04-21 23:15:27-04:00,0.0
2011-04-21 23:15:30-04:00,0.0
2011-04-21 23:15:33-04:00,0.0
2011-04-21 23:15:36-04:00,0.0
2011-04-21 23:15:39-04:00,0.0
2011-04-21 23:15:42-04:00,0.0
2011-04-21 23:15:45-04:00,0.0
2011-04-21 23:15:48-04:00,0.0
2011-04-21 23:15:51-04:00,0.0
2011-04-21 23:15:54-04:00,0.0
2011-04-21 23:15:57-04:00,0.0
2011-04-21 23:16:00-04:00,0.0
2011-04-21 23:16:03-04:00,0.0
2011-04-21 23:16:06-04:00,0.0
2011-04-21 23:16:09-04:00,0.0
2011-04-21 23:16:12-04:00,0.0
2011-04-21 23:16:15-04:00,0.0
2011-04-21 23:16:18-04:00,0.0
2011-04-21 23:16:21-04:00,0.0
2011-04-21 23:16:24-04:00,0.0
2011-04-21 23:16:27-04:00,0.0
2011-04-21 23:16:30-04:00,0.0
2011-04-21 23:16:33-04:00,0.0
2011-04-21 23:16:36-04:00,0.0
2011-04-21 23:16:39-04:00,0.0
2011-04-21 23:16:42-04:00,0.0
2011-04-21 23:16:45-04:00,0.0
2011-04-21 23:16:48-04:00,0.0
2011-04-21 23:16:51-04:00,0.0
2011-04-21 23:16:54-04:00,0.0
2011-04-21 23:16:57-04:00,0.0
2011-04-21 23:17:00-04:00,0.0
2011-04-21 23:17:03-04:00,0.0
2011-04-21 23:17:06-04:00,0.0
2011-04-21 23:17:09-04:00,0.0
2011-04-21 23:17:12-04:00,0.0
2011-04-21 23:17:15-04:00,0.0
2011-04-21 23:17:18-04:00,0.0
2011-04-21 23:17:21-04:00,0.0
2011-04-21 23:17:24-04:00,0.0
2011-04-21 23:17:27-04:00,0.0
2011-04-21 23:17:30-04:00,0.0
2011-04-21 23:17:33-04:00,0.0
2011-04-21 23:17:36-04:00,0.0
2011-04-21 23:17:39-04:00,0.0
2011-04-21 23:17:42-04:00,0.0
2011-04-21 23:17:45-04:00,0.0
2011-04-21 23:17:48-04:00,0.0
2011-04-21 23:17:51-04:00,0.0
2011-04-21 23:17:54-04:00,0.0
2011-04-21 23:17:57-04:00,0.0
2011-04-21 23:18:00-04:00,0.0
2011-04-21 23:18:03-04:00,0.0
2011-04-21 23:18:06-04:00,0.0
2011-04-21 23:18:09-04:00,0.0
2011-04-21 23:18:12-04:00,0.0
2011-04-21 23:18:15-04:00,0.0
2011-04-21 23:18:18-04:00,0.0
2011-04-21 23:18:21-04:00,0.0
2011-04-21 23:18:24-04:00,0.0
2011-04-21 23:18:27-04:00,0.0
2011-04-21 23:18:30-04:00,0.0
2011-04-21 23:18:33-04:00,0.0
2011-04-21 23:18:36-04:00,0.0
2011-04-21 23:18:39-04:00,0.0
2011-04-21 23:18:42-04:00,0.0
2011-04-21 23:18:45-04:00,0.0
2011-04-21 23:18:48-04:00,0.0
2011-04-21 23:18:51-04:00,0.0
2011-04-21 23:18:54-04:00,0.0
2011-04-21 23:18:57-04:00,0.0
2011-04-21 23:19:00-04:00,0.0
2011-04-21 23:19:03-04:00,0.0
2011-04-21 23:19:06-04:00,0.0
2011-04-21 23:19:09-04:00,0.0
2011-04-21 23:19:12-04:00,0.0
2011-04-21 23:19:15-04:00,0.0
2011-04-21 23:19:18-04:00,0.0
2011-04-21 23:19:21-04:00,0.0
2011-04-21 23:19:24-04:00,0.0
2011-04-21 23:19:27-04:00,0.0
2011-04-21 23:19:30-04:00,0.0
2011-04-21 23:19:33-04:00,0.0
2011-04-21 23:19:36-04:00,0.0
2011-04-21 23:19:39-04:00,0.0
2011-04-21 23:19:42-04:00,0.0
2011-04-21 23:19:45-04:00,0.0
2011-04-21 23:19:48-04:00,0.0
2011-04-21 23:19:51-04:00,0.0
2011-04-21 23:19:54-04:00,0.0
2011-04-21 23:19:57-04:00,0.0
2011-04-21 23:20:00-04:00,0.0
2011-04-21 23:20:03-04:00,0.0
2011-04-21 23:20:06-04:00,0.0
2011-04-21 23:20:09-04:00,0.0
2011-04-21 23:20:12-04:00,0.0
2011-04-21 23:20:15-04:00,0.0
2011-04-21 23:20:18-04:00,0.0
2011-04-21 23:20:21-04:00,0.0
2011-04-21 23:20:24-04:00,0.0
2011-04-21 23:20:27-04:00,0.0
2011-04-21 23:20:30-04:00,0.0
2011-04-21 23:20:33-04:00,0.0
2011-04-21 23:20:36-04:00,0.0
2011-04-21 23:20:39-04:00,0.0
2011-04-21 23:20:42-04:00,0.0
2011-04-21 23:20:45-04:00,0.0
2011-04-21 23:20:48-04:00,0.0
2011-04-21 23:20:51-04:00,0.0
2011-04-21 23:20:54-04:00,0.0
2011-04-21 23:20:57-04:00,0.0
2011-04-21 23:21:00-04:00,0.0
2011-04-21 23:21:03-04:00,0.0
2011-04-21 23:21:06-04:00,0.0
2011-04-21 23:21:09-04:00,0.0
2011-04-21 23:21:12-04:00,0.0
2011-04-21 23:21:15-04:00,0.0
2011-04-21 23:21:18-04:00,0.0
2011-04-21 23:21:21-04:00,0.0
2011-04-21 23:21:24-04:00,0.0
2011-04-21 23:21:27-04:00,0.0
2011-04-21 23:21:30-04:00,0.0
2011-04-21 23:21:33-04:00,0.0
2011-04-21 23:21:36-04:00,0.0
2011-04-21 23:21:39-04:00,0.0
2011-04-21 23:21:42-04:00,0.0
2011-04-21 23:21:45-04:00,0.0
2011-04-21 23:21:48-04:00,0.0
2011-04-21 23:21:51-04:00,0.0
2011-04-21 23:21:54-04:00,0.0
2011-04-21 23:21:57-04:00,0.0
2011-04-21 23:22:00-04:00,0.0
2011-04-21 23:22:03-04:00,0.0
2011-04-21 23:22:06-04:00,0.0
2011-04-21 23:22:09-04:00,0.0
2011-04-21 23:22:12-04:00,0.0
2011-04-21 23:22:15-04:00,0.0
2011-04-21 23:22:18-04:00,0.0
2011-04-21 23:22:21-04:00,0.0
2011-04-21 23:22:24-04:00,0.0
2011-04-21 23:22:27-04:00,0.0
2011-04-21 23:22:30-04:00,0.0
2011-04-21 23:22:33-04:00,0.0
2011-04-21 23:22:36-04:00,0.0
2011-04-21 23:22:39-04:00,0.0
2011-04-21 23:22:42-04:00,0.0
2011-04-21 23:22:45-04:00,0.0
2011-04-21 23:22:48-04:00,0.0
2011-04-21 23:22:51-04:00,0.0
2011-04-21 23:22:54-04:00,0.0
2011-04-21 23:22:57-04:00,0.0
2011-04-21 23:23:00-04:00,0.0
2011-04-21 23:23:03-04:00,0.0
2011-04-21 23:23:06-04:00,0.0
2011-04-21 23:23:09-04:00,0.0
2011-04-21 23:23:12-04:00,0.0
2011-04-21 23:23:15-04:00,0.0
2011-04-21 23:23:18-04:00,0.0
2011-04-21 23:23:21-04:00,0.0
2011-04-21 23:23:24-04:00,0.0
2011-04-21 23:23:27-04:00,0.0
2011-04-21 23:23:30-04:00,0.0
2011-04-21 23:23:33-04:00,0.0
2011-04-21 23:23:36-04:00,0.0
2011-04-21 23:23:39-04:00,0.0
2011-04-21 23:23:42-04:00,0.0
2011-04-21 23:23:45-04:00,0.0
2011-04-21 23:23:48-04:00,0.0
2011-04-21 23:23:51-04:00,0.0
2011-04-21 23:23:54-04:00,0.0
2011-04-21 23:23:57-04:00,0.0
2011-04-21 23:24:00-04:00,0.0
2011-04-21 23:24:03-04:00,0.0
2011-04-21 23:24:06-04:00,0.0
2011-04-21 23:24:09-04:00,0.0
2011-04-21 23:24:12-04:00,0.0
2011-04-21 23:24:15-04:00,0.0
2011-04-21 23:24:18-04:00,0.0
2011-04-21 23:24:21-04:00,0.0
2011-04-21 23:24:24-04:00,0.0
2011-04-21 23:24:27-04:00,0.0
2011-04-21 23:24:30-04:00,0.0
2011-04-21 23:24:33-04:00,0.0
2011-04-21 23:24:36-04:00,0.0
2011-04-21 23:24:39-04:00,0.0
2011-04-21 23:24:42-04:00,0.0
2011-04-21 23:24:45-04:00,0.0
2011-04-21 23:24:48-04:00,0.0
2011-04-21 23:24:51-04:00,0.0
2011-04-21 23:24:54-04:00,0.0
2011-04-21 23:24:57-04:00,0.0
2011-04-21 23:25:00-04:00,0.0
2011-04-21 23:25:03-04:00,0.0
2011-04-21 23:25:06-04:00,0.0
2011-04-21 23:25:09-04:00,0.0
2011-04-21 23:25:12-04:00,0.0
2011-04-21 23:25:15-04:00,0.0
2011-04-21 23:25:18-04:00,0.0
2011-04-21 23:25:21-04:00,0.0
2011-04-21 23:25:24-04:00,0.0
2011-04-21 23:25:27-04:00,0.0
2011-04-21 23:25:30-04:00,0.0
2011-04-21 23:25:33-04:00,0.0
2011-04-21 23:25:36-04:00,0.0
2011-04-21 23:25:39-04:00,0.0
2011-04-21 23:25:42-04:00,0.0
2011-04-21 23:25:45-04:00,0.0
2011-04-21 23:25:48-04:00,0.0
2011-04-21 23:25:51-04:00,0.0
2011-04-21 23:25:54-04:00,0.0
2011-04-21 23:25:57-04:00,0.0
2011-04-21 23:26:00-04:00,0.0
2011-04-21 23:26:03-04:00,0.0
2011-04-21 23:26:06-04:00,0.0
2011-04-21 23:26:09-04:00,0.0
2011-04-21 23:26:12-04:00,0.0
2011-04-21 23:26:15-04:00,0.0
2011-04-21 23:26:18-04:00,0.0
2011-04-21 23:26:21-04:00,0.0
2011-04-21 23:26:24-04:00,0.0
2011-04-21 23:26:27-04:00,0.0
2011-04-21 23:26:30-04:00,0.0
2011-04-21 23:26:33-04:00,0.0
2011-04-21 23:26:36-04:00,0.0
2011-04-21 23:26:39-04:00,0.0
2011-04-21 23:26:42-04:00,0.0
2011-04-21 23:26:45-04:00,0.0
2011-04-21 23:26:48-04:00,0.0
2011-04-21 23:26:51-04:00,0.0
2011-04-21 23:26:54-04:00,0.0
2011-04-21 23:26:57-04:00,0.0
2011-04-21 23:27:00-04:00,0.0
2011-04-21 23:27:03-04:00,0.0
2011-04-21 23:27:06-04:00,0.0
2011-04-21 23:27:09-04:00,0.0
2011-04-21 23:27:12-04:00,0.0
2011-04-21 23:27:15-04:00,0.0
2011-04-21 23:27:18-04:00,0.0
2011-04-21 23:27:21-04:00,0.0
2011-04-21 23:27:24-04:00,0.0
2011-04-21 23:27:27-04:00,0.0
2011-04-21 23:27:30-04:00,0.0
2011-04-21 23:27:33-04:00,0.0
2011-04-21 23:27:36-04:00,0.0
2011-04-21 23:27:39-04:00,0.0
2011-04-21 23:27:42-04:00,0.0
2011-04-21 23:27:45-04:00,0.0
2011-04-21 23:27:48-04:00,0.0
2011-04-21 23:27:51-04:00,0.0
2011-04-21 23:27:54-04:00,0.0
2011-04-21 23:27:57-04:00,0.0
2011-04-21 23:28:00-04:00,0.0
2011-04-21 23:28:03-04:00,0.0
2011-04-21 23:28:06-04:00,0.0
2011-04-21 23:28:09-04:00,0.0
2011-04-21 23:28:12-04:00,0.0
2011-04-21 23:28:15-04:00,0.0
2011-04-21 23:28:18-04:00,0.0
2011-04-21 23:28:21-04:00,0.0
2011-04-21 23:28:24-04:00,0.0
2011-04-21 23:28:27-04:00,0.0
2011-04-21 23:28:30-04:00,0.0
2011-04-21 23:28:33-04:00,0.0
2011-04-21 23:28:36-04:00,0.0
2011-04-21 23:28:39-04:00,0.0
2011-04-21 23:28:42-04:00,0.0
2011-04-21 23:28:45-04:00,0.0
2011-04-21 23:28:48-04:00,0.0
2011-04-21 23:28:51-04:00,0.0
2011-04-21 23:28:54-04:00,0.0
2011-04-21 23:28:57-04:00,0.0
2011-04-21 23:29:00-04:00,0.0
2011-04-21 23:29:03-04:00,0.0
2011-04-21 23:29:06-04:00,0.0
2011-04-21 23:29:09-04:00,0.0
2011-04-21 23:29:12-04:00,0.0
2011-04-21 23:29:15-04:00,0.0
2011-04-21 23:29:18-04:00,0.0
2011-04-21 23:29:21-04:00,0.0
2011-04-21 23:29:24-04:00,0.0
2011-04-21 23:29:27-04:00,0.0
2011-04-21 23:29:30-04:00,0.0
2011-04-21 23:29:33-04:00,0.0
2011-04-21 23:29:36-04:00,0.0
2011-04-21 23:29:39-04:00,0.0
2011-04-21 23:29:42-04:00,0.0
2011-04-21 23:29:45-04:00,0.0
2011-04-21 23:29:48-04:00,0.0
2011-04-21 23:29:51-04:00,0.0
2011-04-21 23:29:54-04:00,0.0
2011-04-21 23:29:57-04:00,0.0
2011-04-21 23:30:00-04:00,0.0
2011-04-21 23:30:03-04:00,0.0
2011-04-21 23:30:06-04:00,0.0
2011-04-21 23:30:09-04:00,0.0
2011-04-21 23:30:12-04:00,0.0
2011-04-21 23:30:15-04:00,0.0
2011-04-21 23:30:18-04:00,0.0
2011-04-21 23:30:21-04:00,0.0
2011-04-21 23:30:24-04:00,0.0
2011-04-21 23:30:27-04:00,0.0
2011-04-21 23:30:30-04:00,0.0
2011-04-21 23:30:33-04:00,0.0
2011-04-21 23:30:36-04:00,0.0
2011-04-21 23:30:39-04:00,0.0
2011-04-21 23:30:42-04:00,0.0
2011-04-21 23:30:45-04:00,0.0
2011-04-21 23:30:48-04:00,0.0
2011-04-21 23:30:51-04:00,0.0
2011-04-21 23:30:54-04:00,0.0
2011-04-21 23:30:57-04:00,0.0
2011-04-21 23:31:00-04:00,0.0
2011-04-21 23:31:03-04:00,0.0
2011-04-21 23:31:06-04:00,0.0
2011-04-21 23:31:09-04:00,0.0
2011-04-21 23:31:12-04:00,0.0
2011-04-21 23:31:15-04:00,0.0
2011-04-21 23:31:18-04:00,0.0
2011-04-21 23:31:21-04:00,0.0
2011-04-21 23:31:24-04:00,0.0
2011-04-21 23:31:27-04:00,0.0
2011-04-21 23:31:30-04:00,0.0
2011-04-21 23:31:33-04:00,0.0
2011-04-21 23:31:36-04:00,0.0
2011-04-21 23:31:39-04:00,0.0
2011-04-21 23:31:42-04:00,0.0
2011-04-21 23:31:45-04:00,0.0
2011-04-21 23:31:48-04:00,0.0
2011-04-21 23:31:51-04:00,0.0
2011-04-21 23:31:54-04:00,0.0
2011-04-21 23:31:57-04:00,0.0
2011-04-21 23:32:00-04:00,0.0
2011-04-21 23:32:03-04:00,0.0
2011-04-21 23:32:06-04:00,0.0
2011-04-21 23:32:09-04:00,0.0
2011-04-21 23:32:12-04:00,0.0
2011-04-21 23:32:15-04:00,0.0
2011-04-21 23:32:18-04:00,0.0
2011-04-21 23:32:21-04:00,0.0
2011-04-21 23:32:24-04:00,0.0
2011-04-21 23:32:27-04:00,0.0
2011-04-21 23:32:30-04:00,0.0
2011-04-21 23:32:33-04:00,0.0
2011-04-21 23:32:36-04:00,0.0
2011-04-21 23:32:39-04:00,0.0
2011-04-21 23:32:42-04:00,0.0
2011-04-21 23:32:45-04:00,0.0
2011-04-21 23:32:48-04:00,0.0
2011-04-21 23:32:51-04:00,0.0
2011-04-21 23:32:54-04:00,0.0
2011-04-21 23:32:57-04:00,0.0
2011-04-21 23:33:00-04:00,0.0
2011-04-21 23:33:03-04:00,0.0
2011-04-21 23:33:06-04:00,0.0
2011-04-21 23:33:09-04:00,0.0
2011-04-21 23:33:12-04:00,0.0
2011-04-21 23:33:15-04:00,0.0
2011-04-21 23:33:18-04:00,0.0
2011-04-21 23:33:21-04:00,0.0
2011-04-21 23:33:24-04:00,0.0
2011-04-21 23:33:27-04:00,0.0
2011-04-21 23:33:30-04:00,0.0
2011-04-21 23:33:33-04:00,0.0
2011-04-21 23:33:36-04:00,0.0
2011-04-21 23:33:39-04:00,0.0
2011-04-21 23:33:42-04:00,0.0
2011-04-21 23:33:45-04:00,0.0
2011-04-21 23:33:48-04:00,0.0
2011-04-21 23:33:51-04:00,0.0
2011-04-21 23:33:54-04:00,0.0
2011-04-21 23:33:57-04:00,0.0
2011-04-21 23:34:00-04:00,0.0
2011-04-21 23:34:03-04:00,0.0
2011-04-21 23:34:06-04:00,0.0
2011-04-21 23:34:09-04:00,0.0
2011-04-21 23:34:12-04:00,0.0
2011-04-21 23:34:15-04:00,0.0
2011-04-21 23:34:18-04:00,0.0
2011-04-21 23:34:21-04:00,0.0
2011-04-21 23:34:24-04:00,0.0
2011-04-21 23:34:27-04:00,0.0
2011-04-21 23:34:30-04:00,0.0
2011-04-21 23:34:33-04:00,0.0
2011-04-21 23:34:36-04:00,0.0
2011-04-21 23:34:39-04:00,0.0
2011-04-21 23:34:42-04:00,0.0
2011-04-21 23:34:45-04:00,0.0
2011-04-21 23:34:48-04:00,0.0
2011-04-21 23:34:51-04:00,0.0
2011-04-21 23:34:54-04:00,0.0
2011-04-21 23:34:57-04:00,0.0
2011-04-21 23:35:00-04:00,0.0
2011-04-21 23:35:03-04:00,0.0
2011-04-21 23:35:06-04:00,0.0
2011-04-21 23:35:09-04:00,0.0
2011-04-21 23:35:12-04:00,0.0
2011-04-21 23:35:15-04:00,0.0
2011-04-21 23:35:18-04:00,0.0
2011-04-21 23:35:21-04:00,0.0
2011-04-21 23:35:24-04:00,0.0
2011-04-21 23:35:27-04:00,0.0
2011-04-21 23:35:30-04:00,0.0
2011-04-21 23:35:33-04:00,0.0
2011-04-21 23:35:36-04:00,0.0
2011-04-21 23:35:39-04:00,0.0
2011-04-21 23:35:42-04:00,0.0
2011-04-21 23:35:45-04:00,0.0
2011-04-21 23:35:48-04:00,0.0
2011-04-21 23:35:51-04:00,0.0
2011-04-21 23:35:54-04:00,0.0
2011-04-21 23:35:57-04:00,0.0
2011-04-21 23:36:00-04:00,0.0
2011-04-21 23:36:03-04:00,0.0
2011-04-21 23:36:06-04:00,0.0
2011-04-21 23:36:09-04:00,0.0
2011-04-21 23:36:12-04:00,0.0
2011-04-21 23:36:15-04:00,0.0
2011-04-21 23:36:18-04:00,0.0
2011-04-21 23:36:21-04:00,0.0
2011-04-21 23:36:24-04:00,0.0
2011-04-21 23:36:27-04:00,0.0
2011-04-21 23:36:30-04:00,0.0
2011-04-21 23:36:33-04:00,0.0
2011-04-21 23:36:36-04:00,0.0
2011-04-21 23:36:39-04:00,0.0
2011-04-21 23:36:42-04:00,0.0
2011-04-21 23:36:45-04:00,0.0
2011-04-21 23:36:48-04:00,0.0
2011-04-21 23:36:51-04:00,0.0
2011-04-21 23:36:54-04:00,0.0
2011-04-21 23:36:57-04:00,0.0
2011-04-21 23:37:00-04:00,0.0
2011-04-21 23:37:03-04:00,0.0
2011-04-21 23:37:06-04:00,0.0
2011-04-21 23:37:09-04:00,0.0
2011-04-21 23:37:12-04:00,0.0
2011-04-21 23:37:15-04:00,0.0
2011-04-21 23:37:18-04:00,0.0
2011-04-21 23:37:21-04:00,0.0
2011-04-21 23:37:24-04:00,0.0
2011-04-21 23:37:27-04:00,0.0
2011-04-21 23:37:30-04:00,0.0
2011-04-21 23:37:33-04:00,0.0
2011-04-21 23:37:36-04:00,0.0
2011-04-21 23:37:39-04:00,0.0
2011-04-21 23:37:42-04:00,0.0
2011-04-21 23:37:45-04:00,0.0
2011-04-21 23:37:48-04:00,0.0
2011-04-21 23:37:51-04:00,0.0
2011-04-21 23:37:54-04:00,0.0
2011-04-21 23:37:57-04:00,0.0
2011-04-21 23:38:00-04:00,0.0
2011-04-21 23:38:03-04:00,0.0
2011-04-21 23:38:06-04:00,0.0
2011-04-21 23:38:09-04:00,0.0
2011-04-21 23:38:12-04:00,0.0
2011-04-21 23:38:15-04:00,0.0
2011-04-21 23:38:18-04:00,0.0
2011-04-21 23:38:21-04:00,0.0
2011-04-21 23:38:24-04:00,0.0
2011-04-21 23:38:27-04:00,0.0
2011-04-21 23:38:30-04:00,0.0
2011-04-21 23:38:33-04:00,0.0
2011-04-21 23:38:36-04:00,0.0
2011-04-21 23:38:39-04:00,0.0
2011-04-21 23:38:42-04:00,0.0
2011-04-21 23:38:45-04:00,0.0
2011-04-21 23:38:48-04:00,0.0
2011-04-21 23:38:51-04:00,0.0
2011-04-21 23:38:54-04:00,0.0
2011-04-21 23:38:57-04:00,0.0
2011-04-21 23:39:00-04:00,0.0
2011-04-21 23:39:03-04:00,0.0
2011-04-21 23:39:06-04:00,0.0
2011-04-21 23:39:09-04:00,0.0
2011-04-21 23:39:12-04:00,0.0
2011-04-21 23:39:15-04:00,0.0
2011-04-21 23:39:18-04:00,0.0
2011-04-21 23:39:21-04:00,0.0
2011-04-21 23:39:24-04:00,0.0
2011-04-21 23:39:27-04:00,0.0
2011-04-21 23:39:30-04:00,0.0
2011-04-21 23:39:33-04:00,0.0
2011-04-21 23:39:36-04:00,0.0
2011-04-21 23:39:39-04:00,0.0
2011-04-21 23:39:42-04:00,0.0
2011-04-21 23:39:45-04:00,0.0
2011-04-21 23:39:48-04:00,0.0
2011-04-21 23:39:51-04:00,0.0
2011-04-21 23:39:54-04:00,0.0
2011-04-21 23:39:57-04:00,0.0
2011-04-21 23:40:00-04:00,0.0
2011-04-21 23:40:03-04:00,0.0
2011-04-21 23:40:06-04:00,0.0
2011-04-21 23:40:09-04:00,0.0
2011-04-21 23:40:12-04:00,0.0
2011-04-21 23:40:15-04:00,0.0
2011-04-21 23:40:18-04:00,0.0
2011-04-21 23:40:21-04:00,0.0
2011-04-21 23:40:24-04:00,0.0
2011-04-21 23:40:27-04:00,0.0
2011-04-21 23:40:30-04:00,0.0
2011-04-21 23:40:33-04:00,0.0
2011-04-21 23:40:36-04:00,0.0
2011-04-21 23:40:39-04:00,0.0
2011-04-21 23:40:42-04:00,0.0
2011-04-21 23:40:45-04:00,0.0
2011-04-21 23:40:48-04:00,0.0
2011-04-21 23:40:51-04:00,0.0
2011-04-21 23:40:54-04:00,0.0
2011-04-21 23:40:57-04:00,0.0
2011-04-21 23:41:00-04:00,0.0
2011-04-21 23:41:03-04:00,0.0
2011-04-21 23:41:06-04:00,0.0
2011-04-21 23:41:09-04:00,0.0
2011-04-21 23:41:12-04:00,0.0
2011-04-21 23:41:15-04:00,0.0
2011-04-21 23:41:18-04:00,0.0
2011-04-21 23:41:21-04:00,0.0
2011-04-21 23:41:24-04:00,0.0
2011-04-21 23:41:27-04:00,0.0
2011-04-21 23:41:30-04:00,0.0
2011-04-21 23:41:33-04:00,0.0
2011-04-21 23:41:36-04:00,0.0
2011-04-21 23:41:39-04:00,0.0
2011-04-21 23:41:42-04:00,0.0
2011-04-21 23:41:45-04:00,0.0
2011-04-21 23:41:48-04:00,0.0
2011-04-21 23:41:51-04:00,0.0
2011-04-21 23:41:54-04:00,0.0
2011-04-21 23:41:57-04:00,0.0
2011-04-21 23:42:00-04:00,0.0
2011-04-21 23:42:03-04:00,0.0
2011-04-21 23:42:06-04:00,0.0
2011-04-21 23:42:09-04:00,0.0
2011-04-21 23:42:12-04:00,0.0
2011-04-21 23:42:15-04:00,0.0
2011-04-21 23:42:18-04:00,0.0
2011-04-21 23:42:21-04:00,0.0
2011-04-21 23:42:24-04:00,0.0
2011-04-21 23:42:27-04:00,0.0
2011-04-21 23:42:30-04:00,0.0
2011-04-21 23:42:33-04:00,0.0
2011-04-21 23:42:36-04:00,0.0
2011-04-21 23:42:39-04:00,0.0
2011-04-21 23:42:42-04:00,0.0
2011-04-21 23:42:45-04:00,0.0
2011-04-21 23:42:48-04:00,0.0
2011-04-21 23:42:51-04:00,0.0
2011-04-21 23:42:54-04:00,0.0
2011-04-21 23:42:57-04:00,0.0
2011-04-21 23:43:00-04:00,0.0
2011-04-21 23:43:03-04:00,0.0
2011-04-21 23:43:06-04:00,0.0
2011-04-21 23:43:09-04:00,0.0
2011-04-21 23:43:12-04:00,0.0
2011-04-21 23:43:15-04:00,0.0
2011-04-21 23:43:18-04:00,0.0
2011-04-21 23:43:21-04:00,0.0
2011-04-21 23:43:24-04:00,0.0
2011-04-21 23:43:27-04:00,0.0
2011-04-21 23:43:30-04:00,0.0
2011-04-21 23:43:33-04:00,0.0
2011-04-21 23:43:36-04:00,0.0
2011-04-21 23:43:39-04:00,0.0
2011-04-21 23:43:42-04:00,0.0
2011-04-21 23:43:45-04:00,0.0
2011-04-21 23:43:48-04:00,0.0
2011-04-21 23:43:51-04:00,0.0
2011-04-21 23:43:54-04:00,0.0
2011-04-21 23:43:57-04:00,0.0
2011-04-21 23:44:00-04:00,0.0
2011-04-21 23:44:03-04:00,0.0
2011-04-21 23:44:06-04:00,0.0
2011-04-21 23:44:09-04:00,0.0
2011-04-21 23:44:12-04:00,0.0
2011-04-21 23:44:15-04:00,0.0
2011-04-21 23:44:18-04:00,0.0
2011-04-21 23:44:21-04:00,0.0
2011-04-21 23:44:24-04:00,0.0
2011-04-21 23:44:27-04:00,0.0
2011-04-21 23:44:30-04:00,0.0
2011-04-21 23:44:33-04:00,0.0
2011-04-21 23:44:36-04:00,0.0
2011-04-21 23:44:39-04:00,0.0
2011-04-21 23:44:42-04:00,0.0
2011-04-21 23:44:45-04:00,0.0
2011-04-21 23:44:48-04:00,0.0
2011-04-21 23:44:51-04:00,0.0
2011-04-21 23:44:54-04:00,0.0
2011-04-21 23:44:57-04:00,0.0
2011-04-21 23:45:00-04:00,0.0
2011-04-21 23:45:03-04:00,0.0
2011-04-21 23:45:06-04:00,0.0
2011-04-21 23:45:09-04:00,0.0
2011-04-21 23:45:12-04:00,0.0
2011-04-21 23:45:15-04:00,0.0
2011-04-21 23:45:18-04:00,0.0
2011-04-21 23:45:21-04:00,0.0
2011-04-21 23:45:24-04:00,0.0
2011-04-21 23:45:27-04:00,0.0
2011-04-21 23:45:30-04:00,0.0
2011-04-21 23:45:33-04:00,0.0
2011-04-21 23:45:36-04:00,0.0
2011-04-21 23:45:39-04:00,0.0
2011-04-21 23:45:42-04:00,0.0
2011-04-21 23:45:45-04:00,0.0
2011-04-21 23:45:48-04:00,0.0
2011-04-21 23:45:51-04:00,0.0
2011-04-21 23:45:54-04:00,0.0
2011-04-21 23:45:57-04:00,0.0
2011-04-21 23:46:00-04:00,0.0
2011-04-21 23:46:03-04:00,0.0
2011-04-21 23:46:06-04:00,0.0
2011-04-21 23:46:09-04:00,0.0
2011-04-21 23:46:12-04:00,0.0
2011-04-21 23:46:15-04:00,0.0
2011-04-21 23:46:18-04:00,0.0
2011-04-21 23:46:21-04:00,0.0
2011-04-21 23:46:24-04:00,0.0
2011-04-21 23:46:27-04:00,0.0
2011-04-21 23:46:30-04:00,0.0
2011-04-21 23:46:33-04:00,0.0
2011-04-21 23:46:36-04:00,0.0
2011-04-21 23:46:39-04:00,0.0
2011-04-21 23:46:42-04:00,0.0
2011-04-21 23:46:45-04:00,0.0
2011-04-21 23:46:48-04:00,0.0
2011-04-21 23:46:51-04:00,0.0
2011-04-21 23:46:54-04:00,0.0
2011-04-21 23:46:57-04:00,0.0
2011-04-21 23:47:00-04:00,0.0
2011-04-21 23:47:03-04:00,0.0
2011-04-21 23:47:06-04:00,0.0
2011-04-21 23:47:09-04:00,0.0
2011-04-21 23:47:12-04:00,0.0
2011-04-21 23:47:15-04:00,0.0
2011-04-21 23:47:18-04:00,0.0
2011-04-21 23:47:21-04:00,0.0
2011-04-21 23:47:24-04:00,0.0
2011-04-21 23:47:27-04:00,0.0
2011-04-21 23:47:30-04:00,0.0
2011-04-21 23:47:33-04:00,0.0
2011-04-21 23:47:36-04:00,0.0
2011-04-21 23:47:39-04:00,0.0
2011-04-21 23:47:42-04:00,0.0
2011-04-21 23:47:45-04:00,0.0
2011-04-21 23:47:48-04:00,0.0
2011-04-21 23:47:51-04:00,0.0
2011-04-21 23:47:54-04:00,0.0
2011-04-21 23:47:57-04:00,0.0
2011-04-21 23:48:00-04:00,0.0
2011-04-21 23:48:03-04:00,0.0
2011-04-21 23:48:06-04:00,0.0
2011-04-21 23:48:09-04:00,0.0
2011-04-21 23:48:12-04:00,0.0
2011-04-21 23:48:15-04:00,0.0
2011-04-21 23:48:18-04:00,0.0
2011-04-21 23:48:21-04:00,0.0
2011-04-21 23:48:24-04:00,0.0
2011-04-21 23:48:27-04:00,0.0
2011-04-21 23:48:30-04:00,0.0
2011-04-21 23:48:33-04:00,0.0
2011-04-21 23:48:36-04:00,0.0
2011-04-21 23:48:39-04:00,0.0
2011-04-21 23:48:42-04:00,0.0
2011-04-21 23:48:45-04:00,0.0
2011-04-21 23:48:48-04:00,0.0
2011-04-21 23:48:51-04:00,0.0
2011-04-21 23:48:54-04:00,0.0
2011-04-21 23:48:57-04:00,0.0
2011-04-21 23:49:00-04:00,0.0
2011-04-21 23:49:03-04:00,0.0
2011-04-21 23:49:06-04:00,0.0
2011-04-21 23:49:09-04:00,0.0
2011-04-21 23:49:12-04:00,0.0
2011-04-21 23:49:15-04:00,0.0
2011-04-21 23:49:18-04:00,0.0
2011-04-21 23:49:21-04:00,0.0
2011-04-21 23:49:24-04:00,0.0
2011-04-21 23:49:27-04:00,0.0
2011-04-21 23:49:30-04:00,0.0
2011-04-21 23:49:33-04:00,0.0
2011-04-21 23:49:36-04:00,0.0
2011-04-21 23:49:39-04:00,0.0
2011-04-21 23:49:42-04:00,0.0
2011-04-21 23:49:45-04:00,0.0
2011-04-21 23:49:48-04:00,0.0
2011-04-21 23:49:51-04:00,0.0
2011-04-21 23:49:54-04:00,0.0
2011-04-21 23:49:57-04:00,0.0
2011-04-21 23:50:00-04:00,0.0
2011-04-21 23:50:03-04:00,0.0
2011-04-21 23:50:06-04:00,0.0
2011-04-21 23:50:09-04:00,0.0
2011-04-21 23:50:12-04:00,0.0
2011-04-21 23:50:15-04:00,0.0
2011-04-21 23:50:18-04:00,0.0
2011-04-21 23:50:21-04:00,0.0
2011-04-21 23:50:24-04:00,0.0
2011-04-21 23:50:27-04:00,0.0
2011-04-21 23:50:30-04:00,0.0
2011-04-21 23:50:33-04:00,0.0
2011-04-21 23:50:36-04:00,0.0
2011-04-21 23:50:39-04:00,0.0
2011-04-21 23:50:42-04:00,0.0
2011-04-21 23:50:45-04:00,0.0
2011-04-21 23:50:48-04:00,0.0
2011-04-21 23:50:51-04:00,0.0
2011-04-21 23:50:54-04:00,0.0
2011-04-21 23:50:57-04:00,0.0
2011-04-21 23:51:00-04:00,0.0
2011-04-21 23:51:03-04:00,0.0
2011-04-21 23:51:06-04:00,0.0
2011-04-21 23:51:09-04:00,0.0
2011-04-21 23:51:12-04:00,0.0
2011-04-21 23:51:15-04:00,0.0
2011-04-21 23:51:18-04:00,0.0
2011-04-21 23:51:21-04:00,0.0
2011-04-21 23:51:24-04:00,0.0
2011-04-21 23:51:27-04:00,0.0
2011-04-21 23:51:30-04:00,0.0
2011-04-21 23:51:33-04:00,0.0
2011-04-21 23:51:36-04:00,0.0
2011-04-21 23:51:39-04:00,0.0
2011-04-21 23:51:42-04:00,0.0
2011-04-21 23:51:45-04:00,0.0
2011-04-21 23:51:48-04:00,0.0
2011-04-21 23:51:51-04:00,0.0
2011-04-21 23:51:54-04:00,0.0
2011-04-21 23:51:57-04:00,0.0
2011-04-21 23:52:00-04:00,0.0
2011-04-21 23:52:03-04:00,0.0
2011-04-21 23:52:06-04:00,0.0
2011-04-21 23:52:09-04:00,0.0
2011-04-21 23:52:12-04:00,0.0
2011-04-21 23:52:15-04:00,0.0
2011-04-21 23:52:18-04:00,0.0
2011-04-21 23:52:21-04:00,0.0
2011-04-21 23:52:24-04:00,0.0
2011-04-21 23:52:27-04:00,0.0
2011-04-21 23:52:30-04:00,0.0
2011-04-21 23:52:33-04:00,0.0
2011-04-21 23:52:36-04:00,0.0
2011-04-21 23:52:39-04:00,0.0
2011-04-21 23:52:42-04:00,0.0
2011-04-21 23:52:45-04:00,0.0
2011-04-21 23:52:48-04:00,0.0
2011-04-21 23:52:51-04:00,0.0
2011-04-21 23:52:54-04:00,0.0
2011-04-21 23:52:57-04:00,0.0
2011-04-21 23:53:00-04:00,0.0
2011-04-21 23:53:03-04:00,0.0
2011-04-21 23:53:06-04:00,0.0
2011-04-21 23:53:09-04:00,0.0
2011-04-21 23:53:12-04:00,0.0
2011-04-21 23:53:15-04:00,0.0
2011-04-21 23:53:18-04:00,0.0
2011-04-21 23:53:21-04:00,0.0
2011-04-21 23:53:24-04:00,0.0
2011-04-21 23:53:27-04:00,0.0
2011-04-21 23:53:30-04:00,0.0
2011-04-21 23:53:33-04:00,0.0
2011-04-21 23:53:36-04:00,0.0
2011-04-21 23:53:39-04:00,0.0
2011-04-21 23:53:42-04:00,0.0
2011-04-21 23:53:45-04:00,0.0
2011-04-21 23:53:48-04:00,0.0
2011-04-21 23:53:51-04:00,0.0
2011-04-21 23:53:54-04:00,0.0
2011-04-21 23:53:57-04:00,0.0
2011-04-21 23:54:00-04:00,0.0
2011-04-21 23:54:03-04:00,0.0
2011-04-21 23:54:06-04:00,0.0
2011-04-21 23:54:09-04:00,0.0
2011-04-21 23:54:12-04:00,0.0
2011-04-21 23:54:15-04:00,0.0
2011-04-21 23:54:18-04:00,0.0
2011-04-21 23:54:21-04:00,0.0
2011-04-21 23:54:24-04:00,0.0
2011-04-21 23:54:27-04:00,0.0
2011-04-21 23:54:30-04:00,0.0
2011-04-21 23:54:33-04:00,0.0
2011-04-21 23:54:36-04:00,0.0
2011-04-21 23:54:39-04:00,0.0
2011-04-21 23:54:42-04:00,0.0
2011-04-21 23:54:45-04:00,0.0
2011-04-21 23:54:48-04:00,0.0
2011-04-21 23:54:51-04:00,0.0
2011-04-21 23:54:54-04:00,0.0
2011-04-21 23:54:57-04:00,0.0
2011-04-21 23:55:00-04:00,0.0
2011-04-21 23:55:03-04:00,0.0
2011-04-21 23:55:06-04:00,0.0
2011-04-21 23:55:09-04:00,0.0
2011-04-21 23:55:12-04:00,0.0
2011-04-21 23:55:15-04:00,0.0
2011-04-21 23:55:18-04:00,0.0
2011-04-21 23:55:21-04:00,0.0
2011-04-21 23:55:24-04:00,0.0
2011-04-21 23:55:27-04:00,0.0
2011-04-21 23:55:30-04:00,0.0
2011-04-21 23:55:33-04:00,0.0
2011-04-21 23:55:36-04:00,0.0
2011-04-21 23:55:39-04:00,0.0
2011-04-21 23:55:42-04:00,0.0
2011-04-21 23:55:45-04:00,0.0
2011-04-21 23:55:48-04:00,0.0
2011-04-21 23:55:51-04:00,0.0
2011-04-21 23:55:54-04:00,0.0
2011-04-21 23:55:57-04:00,0.0
2011-04-21 23:56:00-04:00,0.0
2011-04-21 23:56:03-04:00,0.0
2011-04-21 23:56:06-04:00,0.0
2011-04-21 23:56:09-04:00,0.0
2011-04-21 23:56:12-04:00,0.0
2011-04-21 23:56:15-04:00,0.0
2011-04-21 23:56:18-04:00,0.0
2011-04-21 23:56:21-04:00,0.0
2011-04-21 23:56:24-04:00,0.0
2011-04-21 23:56:27-04:00,0.0
2011-04-21 23:56:30-04:00,0.0
2011-04-21 23:56:33-04:00,0.0
2011-04-21 23:56:36-04:00,0.0
2011-04-21 23:56:39-04:00,0.0
2011-04-21 23:56:42-04:00,0.0
2011-04-21 23:56:45-04:00,0.0
2011-04-21 23:56:48-04:00,0.0
2011-04-21 23:56:51-04:00,0.0
2011-04-21 23:56:54-04:00,0.0
2011-04-21 23:56:57-04:00,0.0
2011-04-21 23:57:00-04:00,0.0
2011-04-21 23:57:03-04:00,0.0
2011-04-21 23:57:06-04:00,0.0
2011-04-21 23:57:09-04:00,0.0
2011-04-21 23:57:12-04:00,0.0
2011-04-21 23:57:15-04:00,0.0
2011-04-21 23:57:18-04:00,0.0
2011-04-21 23:57:21-04:00,0.0
2011-04-21 23:57:24-04:00,0.0
2011-04-21 23:57:27-04:00,0.0
2011-04-21 23:57:30-04:00,0.0
2011-04-21 23:57:33-04:00,0.0
2011-04-21 23:57:36-04:00,0.0
2011-04-21 23:57:39-04:00,0.0
2011-04-21 23:57:42-04:00,0.0
2011-04-21 23:57:45-04:00,0.0
2011-04-21 23:57:48-04:00,0.0
2011-04-21 23:57:51-04:00,0.0
2011-04-21 23:57:54-04:00,0.0
2011-04-21 23:57:57-04:00,0.0
2011-04-21 23:58:00-04:00,0.0
2011-04-21 23:58:03-04:00,0.0
2011-04-21 23:58:06-04:00,0.0
2011-04-21 23:58:09-04:00,0.0
2011-04-21 23:58:12-04:00,0.0
2011-04-21 23:58:15-04:00,0.0
2011-04-21 23:58:18-04:00,0.0
2011-04-21 23:58:21-04:00,0.0
2011-04-21 23:58:24-04:00,0.0
2011-04-21 23:58:27-04:00,0.0
2011-04-21 23:58:30-04:00,0.0
2011-04-21 23:58:33-04:00,0.0
2011-04-21 23:58:36-04:00,0.0
2011-04-21 23:58:39-04:00,0.0
2011-04-21 23:58:42-04:00,0.0
2011-04-21 23:58:45-04:00,0.0
2011-04-21 23:58:48-04:00,0.0
2011-04-21 23:58:51-04:00,0.0
2011-04-21 23:58:54-04:00,0.0
2011-04-21 23:58:57-04:00,0.0
2011-04-21 23:59:00-04:00,0.0
2011-04-21 23:59:03-04:00,0.0
2011-04-21 23:59:06-04:00,0.0
2011-04-21 23:59:09-04:00,0.0
2011-04-21 23:59:12-04:00,0.0
2011-04-21 23:59:15-04:00,0.0
2011-04-21 23:59:18-04:00,0.0
2011-04-21 23:59:21-04:00,0.0
2011-04-21 23:59:24-04:00,0.0
2011-04-21 23:59:27-04:00,0.0
2011-04-21 23:59:30-04:00,0.0
2011-04-21 23:59:33-04:00,0.0
2011-04-21 23:59:36-04:00,0.0
2011-04-21 23:59:39-04:00,0.0
2011-04-21 23:59:42-04:00,0.0
2011-04-21 23:59:45-04:00,0.0
2011-04-21 23:59:48-04:00,0.0
2011-04-21 23:59:51-04:00,0.0
2011-04-21 23:59:54-04:00,0.0
2011-04-21 23:59:57-04:00,0.0
2011-04-22 00:00:00-04:00,0.0
2011-04-22 00:00:03-04:00,0.0
2011-04-22 00:00:06-04:00,0.0
2011-04-22 00:00:09-04:00,0.0
2011-04-22 00:00:12-04:00,0.0
2011-04-22 00:00:15-04:00,0.0
2011-04-22 00:00:18-04:00,0.0
2011-04-22 00:00:21-04:00,0.0
2011-04-22 00:00:24-04:00,0.0
2011-04-22 00:00:27-04:00,0.0
2011-04-22 00:00:30-04:00,0.0
2011-04-22 00:00:33-04:00,0.0
2011-04-22 00:00:36-04:00,0.0
2011-04-22 00:00:39-04:00,0.0
2011-04-22 00:00:42-04:00,0.0
2011-04-22 00:00:45-04:00,0.0
2011-04-22 00:00:48-04:00,0.0
2011-04-22 00:00:51-04:00,0.0
2011-04-22 00:00:54-04:00,0.0
2011-04-22 00:00:57-04:00,0.0
2011-04-22 00:01:00-04:00,0.0
2011-04-22 00:01:03-04:00,0.0
2011-04-22 00:01:06-04:00,0.0
2011-04-22 00:01:09-04:00,0.0
2011-04-22 00:01:12-04:00,0.0
2011-04-22 00:01:15-04:00,0.0
2011-04-22 00:01:18-04:00,0.0
2011-04-22 00:01:21-04:00,0.0
2011-04-22 00:01:24-04:00,0.0
2011-04-22 00:01:27-04:00,0.0
2011-04-22 00:01:30-04:00,0.0
2011-04-22 00:01:33-04:00,0.0
2011-04-22 00:01:36-04:00,0.0
2011-04-22 00:01:39-04:00,0.0
2011-04-22 00:01:42-04:00,0.0
2011-04-22 00:01:45-04:00,0.0
2011-04-22 00:01:48-04:00,0.0
2011-04-22 00:01:51-04:00,0.0
2011-04-22 00:01:54-04:00,0.0
2011-04-22 00:01:57-04:00,0.0
2011-04-22 00:02:00-04:00,0.0
2011-04-22 00:02:03-04:00,0.0
2011-04-22 00:02:06-04:00,0.0
2011-04-22 00:02:09-04:00,0.0
2011-04-22 00:02:12-04:00,0.0
2011-04-22 00:02:15-04:00,0.0
2011-04-22 00:02:18-04:00,0.0
2011-04-22 00:02:21-04:00,0.0
2011-04-22 00:02:24-04:00,0.0
2011-04-22 00:02:27-04:00,0.0
2011-04-22 00:02:30-04:00,0.0
2011-04-22 00:02:33-04:00,0.0
2011-04-22 00:02:36-04:00,0.0
2011-04-22 00:02:39-04:00,0.0
2011-04-22 00:02:42-04:00,0.0
2011-04-22 00:02:45-04:00,0.0
2011-04-22 00:02:48-04:00,0.0
2011-04-22 00:02:51-04:00,0.0
2011-04-22 00:02:54-04:00,0.0
2011-04-22 00:02:57-04:00,0.0
2011-04-22 00:03:00-04:00,0.0
2011-04-22 00:03:03-04:00,0.0
2011-04-22 00:03:06-04:00,0.0
2011-04-22 00:03:09-04:00,0.0
2011-04-22 00:03:12-04:00,0.0
2011-04-22 00:03:15-04:00,0.0
2011-04-22 00:03:18-04:00,0.0
2011-04-22 00:03:21-04:00,0.0
2011-04-22 00:03:24-04:00,0.0
2011-04-22 00:03:27-04:00,0.0
2011-04-22 00:03:30-04:00,0.0
2011-04-22 00:03:33-04:00,0.0
2011-04-22 00:03:36-04:00,0.0
2011-04-22 00:03:39-04:00,0.0
2011-04-22 00:03:42-04:00,0.0
2011-04-22 00:03:45-04:00,0.0
2011-04-22 00:03:48-04:00,0.0
2011-04-22 00:03:51-04:00,0.0
2011-04-22 00:03:54-04:00,0.0
2011-04-22 00:03:57-04:00,0.0
2011-04-22 00:04:00-04:00,0.0
2011-04-22 00:04:03-04:00,0.0
2011-04-22 00:04:06-04:00,0.0
2011-04-22 00:04:09-04:00,0.0
2011-04-22 00:04:12-04:00,0.0
2011-04-22 00:04:15-04:00,0.0
2011-04-22 00:04:18-04:00,0.0
2011-04-22 00:04:21-04:00,0.0
2011-04-22 00:04:24-04:00,0.0
2011-04-22 00:04:27-04:00,0.0
2011-04-22 00:04:30-04:00,0.0
2011-04-22 00:04:33-04:00,0.0
2011-04-22 00:04:36-04:00,0.0
2011-04-22 00:04:39-04:00,0.0
2011-04-22 00:04:42-04:00,0.0
2011-04-22 00:04:45-04:00,0.0
2011-04-22 00:04:48-04:00,0.0
2011-04-22 00:04:51-04:00,0.0
2011-04-22 00:04:54-04:00,0.0
2011-04-22 00:04:57-04:00,0.0
2011-04-22 00:05:00-04:00,0.0
2011-04-22 00:05:03-04:00,0.0
2011-04-22 00:05:06-04:00,0.0
2011-04-22 00:05:09-04:00,0.0
2011-04-22 00:05:12-04:00,0.0
2011-04-22 00:05:15-04:00,0.0
2011-04-22 00:05:18-04:00,0.0
2011-04-22 00:05:21-04:00,0.0
2011-04-22 00:05:24-04:00,0.0
2011-04-22 00:05:27-04:00,0.0
2011-04-22 00:05:30-04:00,0.0
2011-04-22 00:05:33-04:00,0.0
2011-04-22 00:05:36-04:00,0.0
2011-04-22 00:05:39-04:00,0.0
2011-04-22 00:05:42-04:00,0.0
2011-04-22 00:05:45-04:00,0.0
2011-04-22 00:05:48-04:00,0.0
2011-04-22 00:05:51-04:00,0.0
2011-04-22 00:05:54-04:00,0.0
2011-04-22 00:05:57-04:00,0.0
2011-04-22 00:06:00-04:00,0.0
2011-04-22 00:06:03-04:00,0.0
2011-04-22 00:06:06-04:00,0.0
2011-04-22 00:06:09-04:00,0.0
2011-04-22 00:06:12-04:00,0.0
2011-04-22 00:06:15-04:00,0.0
2011-04-22 00:06:18-04:00,0.0
2011-04-22 00:06:21-04:00,0.0
2011-04-22 00:06:24-04:00,0.0
2011-04-22 00:06:27-04:00,0.0
2011-04-22 00:06:30-04:00,0.0
2011-04-22 00:06:33-04:00,0.0
2011-04-22 00:06:36-04:00,0.0
2011-04-22 00:06:39-04:00,0.0
2011-04-22 00:06:42-04:00,0.0
2011-04-22 00:06:45-04:00,0.0
2011-04-22 00:06:48-04:00,0.0
2011-04-22 00:06:51-04:00,0.0
2011-04-22 00:06:54-04:00,0.0
2011-04-22 00:06:57-04:00,0.0
2011-04-22 00:07:00-04:00,0.0
2011-04-22 00:07:03-04:00,0.0
2011-04-22 00:07:06-04:00,0.0
2011-04-22 00:07:09-04:00,0.0
2011-04-22 00:07:12-04:00,0.0
2011-04-22 00:07:15-04:00,0.0
2011-04-22 00:07:18-04:00,0.0
2011-04-22 00:07:21-04:00,0.0
2011-04-22 00:07:24-04:00,0.0
2011-04-22 00:07:27-04:00,0.0
2011-04-22 00:07:30-04:00,0.0
2011-04-22 00:07:33-04:00,0.0
2011-04-22 00:07:36-04:00,0.0
2011-04-22 00:07:39-04:00,0.0
2011-04-22 00:07:42-04:00,0.0
2011-04-22 00:07:45-04:00,0.0
2011-04-22 00:07:48-04:00,0.0
2011-04-22 00:07:51-04:00,0.0
2011-04-22 00:07:54-04:00,0.0
2011-04-22 00:07:57-04:00,0.0
2011-04-22 00:08:00-04:00,0.0
2011-04-22 00:08:03-04:00,0.0
2011-04-22 00:08:06-04:00,0.0
2011-04-22 00:08:09-04:00,0.0
2011-04-22 00:08:12-04:00,0.0
2011-04-22 00:08:15-04:00,0.0
2011-04-22 00:08:18-04:00,0.0
2011-04-22 00:08:21-04:00,0.0
2011-04-22 00:08:24-04:00,0.0
2011-04-22 00:08:27-04:00,0.0
2011-04-22 00:08:30-04:00,0.0
2011-04-22 00:08:33-04:00,0.0
2011-04-22 00:08:36-04:00,0.0
2011-04-22 00:08:39-04:00,0.0
2011-04-22 00:08:42-04:00,0.0
2011-04-22 00:08:45-04:00,0.0
2011-04-22 00:08:48-04:00,0.0
2011-04-22 00:08:51-04:00,0.0
2011-04-22 00:08:54-04:00,0.0
2011-04-22 00:08:57-04:00,0.0
2011-04-22 00:09:00-04:00,0.0
2011-04-22 00:09:03-04:00,0.0
2011-04-22 00:09:06-04:00,0.0
2011-04-22 00:09:09-04:00,0.0
2011-04-22 00:09:12-04:00,0.0
2011-04-22 00:09:15-04:00,0.0
2011-04-22 00:09:18-04:00,0.0
2011-04-22 00:09:21-04:00,0.0
2011-04-22 00:09:24-04:00,0.0
2011-04-22 00:09:27-04:00,0.0
2011-04-22 00:09:30-04:00,0.0
2011-04-22 00:09:33-04:00,0.0
2011-04-22 00:09:36-04:00,0.0
2011-04-22 00:09:39-04:00,0.0
2011-04-22 00:09:42-04:00,0.0
2011-04-22 00:09:45-04:00,0.0
2011-04-22 00:09:48-04:00,0.0
2011-04-22 00:09:51-04:00,0.0
2011-04-22 00:09:54-04:00,0.0
2011-04-22 00:09:57-04:00,0.0
2011-04-22 00:10:00-04:00,0.0
2011-04-22 00:10:03-04:00,0.0
2011-04-22 00:10:06-04:00,0.0
2011-04-22 00:10:09-04:00,0.0
2011-04-22 00:10:12-04:00,0.0
2011-04-22 00:10:15-04:00,0.0
2011-04-22 00:10:18-04:00,0.0
2011-04-22 00:10:21-04:00,0.0
2011-04-22 00:10:24-04:00,0.0
2011-04-22 00:10:27-04:00,0.0
2011-04-22 00:10:30-04:00,0.0
2011-04-22 00:10:33-04:00,0.0
2011-04-22 00:10:36-04:00,0.0
2011-04-22 00:10:39-04:00,0.0
2011-04-22 00:10:42-04:00,0.0
2011-04-22 00:10:45-04:00,0.0
2011-04-22 00:10:48-04:00,0.0
2011-04-22 00:10:51-04:00,0.0
2011-04-22 00:10:54-04:00,0.0
2011-04-22 00:10:57-04:00,0.0
2011-04-22 00:11:00-04:00,0.0
2011-04-22 00:11:03-04:00,0.0
2011-04-22 00:11:06-04:00,0.0
2011-04-22 00:11:09-04:00,0.0
2011-04-22 00:11:12-04:00,0.0
2011-04-22 00:11:15-04:00,0.0
2011-04-22 00:11:18-04:00,0.0
2011-04-22 00:11:21-04:00,0.0
2011-04-22 00:11:24-04:00,0.0
2011-04-22 00:11:27-04:00,0.0
2011-04-22 00:11:30-04:00,0.0
2011-04-22 00:11:33-04:00,0.0
2011-04-22 00:11:36-04:00,0.0
2011-04-22 00:11:39-04:00,0.0
2011-04-22 00:11:42-04:00,0.0
2011-04-22 00:11:45-04:00,0.0
2011-04-22 00:11:48-04:00,0.0
2011-04-22 00:11:51-04:00,0.0
2011-04-22 00:11:54-04:00,0.0
2011-04-22 00:11:57-04:00,0.0
2011-04-22 00:12:00-04:00,0.0
2011-04-22 00:12:03-04:00,0.0
2011-04-22 00:12:06-04:00,0.0
2011-04-22 00:12:09-04:00,0.0
2011-04-22 00:12:12-04:00,0.0
2011-04-22 00:12:15-04:00,0.0
2011-04-22 00:12:18-04:00,0.0
2011-04-22 00:12:21-04:00,0.0
2011-04-22 00:12:24-04:00,0.0
2011-04-22 00:12:27-04:00,0.0
2011-04-22 00:12:30-04:00,0.0
2011-04-22 00:12:33-04:00,0.0
2011-04-22 00:12:36-04:00,0.0
2011-04-22 00:12:39-04:00,0.0
2011-04-22 00:12:42-04:00,0.0
2011-04-22 00:12:45-04:00,0.0
2011-04-22 00:12:48-04:00,0.0
2011-04-22 00:12:51-04:00,0.0
2011-04-22 00:12:54-04:00,0.0
2011-04-22 00:12:57-04:00,0.0
2011-04-22 00:13:00-04:00,0.0
2011-04-22 00:13:03-04:00,0.0
2011-04-22 00:13:06-04:00,0.0
2011-04-22 00:13:09-04:00,0.0
2011-04-22 00:13:12-04:00,0.0
2011-04-22 00:13:15-04:00,0.0
2011-04-22 00:13:18-04:00,0.0
2011-04-22 00:13:21-04:00,0.0
2011-04-22 00:13:24-04:00,0.0
2011-04-22 00:13:27-04:00,0.0
2011-04-22 00:13:30-04:00,0.0
2011-04-22 00:13:33-04:00,0.0
2011-04-22 00:13:36-04:00,0.0
2011-04-22 00:13:39-04:00,0.0
2011-04-22 00:13:42-04:00,0.0
2011-04-22 00:13:45-04:00,0.0
2011-04-22 00:13:48-04:00,0.0
2011-04-22 00:13:51-04:00,0.0
2011-04-22 00:13:54-04:00,0.0
2011-04-22 00:13:57-04:00,0.0
2011-04-22 00:14:00-04:00,0.0
2011-04-22 00:14:03-04:00,0.0
2011-04-22 00:14:06-04:00,0.0
2011-04-22 00:14:09-04:00,0.0
2011-04-22 00:14:12-04:00,0.0
2011-04-22 00:14:15-04:00,0.0
2011-04-22 00:14:18-04:00,0.0
2011-04-22 00:14:21-04:00,0.0
2011-04-22 00:14:24-04:00,0.0
2011-04-22 00:14:27-04:00,0.0
2011-04-22 00:14:30-04:00,0.0
2011-04-22 00:14:33-04:00,0.0
2011-04-22 00:14:36-04:00,0.0
2011-04-22 00:14:39-04:00,0.0
2011-04-22 00:14:42-04:00,0.0
2011-04-22 00:14:45-04:00,0.0
2011-04-22 00:14:48-04:00,0.0
2011-04-22 00:14:51-04:00,0.0
2011-04-22 00:14:54-04:00,0.0
2011-04-22 00:14:57-04:00,0.0
2011-04-22 00:15:00-04:00,0.0
2011-04-22 00:15:03-04:00,0.0
2011-04-22 00:15:06-04:00,0.0
2011-04-22 00:15:09-04:00,0.0
2011-04-22 00:15:12-04:00,0.0
2011-04-22 00:15:15-04:00,0.0
2011-04-22 00:15:18-04:00,0.0
2011-04-22 00:15:21-04:00,0.0
2011-04-22 00:15:24-04:00,0.0
2011-04-22 00:15:27-04:00,0.0
2011-04-22 00:15:30-04:00,0.0
2011-04-22 00:15:33-04:00,0.0
2011-04-22 00:15:36-04:00,0.0
2011-04-22 00:15:39-04:00,0.0
2011-04-22 00:15:42-04:00,0.0
2011-04-22 00:15:45-04:00,0.0
2011-04-22 00:15:48-04:00,0.0
2011-04-22 00:15:51-04:00,0.0
2011-04-22 00:15:54-04:00,0.0
2011-04-22 00:15:57-04:00,0.0
2011-04-22 00:16:00-04:00,0.0
2011-04-22 00:16:03-04:00,0.0
2011-04-22 00:16:06-04:00,0.0
2011-04-22 00:16:09-04:00,0.0
2011-04-22 00:16:12-04:00,0.0
2011-04-22 00:16:15-04:00,0.0
2011-04-22 00:16:18-04:00,0.0
2011-04-22 00:16:21-04:00,0.0
2011-04-22 00:16:24-04:00,0.0
2011-04-22 00:16:27-04:00,0.0
2011-04-22 00:16:30-04:00,0.0
2011-04-22 00:16:33-04:00,0.0
2011-04-22 00:16:36-04:00,0.0
2011-04-22 00:16:39-04:00,0.0
2011-04-22 00:16:42-04:00,0.0
2011-04-22 00:16:45-04:00,0.0
2011-04-22 00:16:48-04:00,0.0
2011-04-22 00:16:51-04:00,0.0
2011-04-22 00:16:54-04:00,0.0
2011-04-22 00:16:57-04:00,0.0
2011-04-22 00:17:00-04:00,0.0
2011-04-22 00:17:03-04:00,0.0
2011-04-22 00:17:06-04:00,0.0
2011-04-22 00:17:09-04:00,0.0
2011-04-22 00:17:12-04:00,0.0
2011-04-22 00:17:15-04:00,0.0
2011-04-22 00:17:18-04:00,0.0
2011-04-22 00:17:21-04:00,0.0
2011-04-22 00:17:24-04:00,0.0
2011-04-22 00:17:27-04:00,0.0
2011-04-22 00:17:30-04:00,0.0
2011-04-22 00:17:33-04:00,0.0
2011-04-22 00:17:36-04:00,0.0
2011-04-22 00:17:39-04:00,0.0
2011-04-22 00:17:42-04:00,0.0
2011-04-22 00:17:45-04:00,0.0
2011-04-22 00:17:48-04:00,0.0
2011-04-22 00:17:51-04:00,0.0
2011-04-22 00:17:54-04:00,0.0
2011-04-22 00:17:57-04:00,0.0
2011-04-22 00:18:00-04:00,0.0
2011-04-22 00:18:03-04:00,0.0
2011-04-22 00:18:06-04:00,0.0
2011-04-22 00:18:09-04:00,0.0
2011-04-22 00:18:12-04:00,0.0
2011-04-22 00:18:15-04:00,0.0
2011-04-22 00:18:18-04:00,0.0
2011-04-22 00:18:21-04:00,0.0
2011-04-22 00:18:24-04:00,0.0
2011-04-22 00:18:27-04:00,0.0
2011-04-22 00:18:30-04:00,0.0
2011-04-22 00:18:33-04:00,0.0
2011-04-22 00:18:36-04:00,0.0
2011-04-22 00:18:39-04:00,0.0
2011-04-22 00:18:42-04:00,0.0
2011-04-22 00:18:45-04:00,0.0
2011-04-22 00:18:48-04:00,0.0
2011-04-22 00:18:51-04:00,0.0
2011-04-22 00:18:54-04:00,0.0
2011-04-22 00:18:57-04:00,0.0
2011-04-22 00:19:00-04:00,0.0
2011-04-22 00:19:03-04:00,0.0
2011-04-22 00:19:06-04:00,0.0
2011-04-22 00:19:09-04:00,0.0
2011-04-22 00:19:12-04:00,0.0
2011-04-22 00:19:15-04:00,0.0
2011-04-22 00:19:18-04:00,0.0
2011-04-22 00:19:21-04:00,0.0
2011-04-22 00:19:24-04:00,0.0
2011-04-22 00:19:27-04:00,0.0
2011-04-22 00:19:30-04:00,0.0
2011-04-22 00:19:33-04:00,0.0
2011-04-22 00:19:36-04:00,0.0
2011-04-22 00:19:39-04:00,0.0
2011-04-22 00:19:42-04:00,0.0
2011-04-22 00:19:45-04:00,0.0
2011-04-22 00:19:48-04:00,0.0
2011-04-22 00:19:51-04:00,0.0
2011-04-22 00:19:54-04:00,0.0
2011-04-22 00:19:57-04:00,0.0
2011-04-22 00:20:00-04:00,0.0
2011-04-22 00:20:03-04:00,0.0
2011-04-22 00:20:06-04:00,0.0
2011-04-22 00:20:09-04:00,0.0
2011-04-22 00:20:12-04:00,0.0
2011-04-22 00:20:15-04:00,0.0
2011-04-22 00:20:18-04:00,0.0
2011-04-22 00:20:21-04:00,0.0
2011-04-22 00:20:24-04:00,0.0
2011-04-22 00:20:27-04:00,0.0
2011-04-22 00:20:30-04:00,0.0
2011-04-22 00:20:33-04:00,0.0
2011-04-22 00:20:36-04:00,0.0
2011-04-22 00:20:39-04:00,0.0
2011-04-22 00:20:42-04:00,0.0
2011-04-22 00:20:45-04:00,0.0
2011-04-22 00:20:48-04:00,0.0
2011-04-22 00:20:51-04:00,0.0
2011-04-22 00:20:54-04:00,0.0
2011-04-22 00:20:57-04:00,0.0
2011-04-22 00:21:00-04:00,0.0
2011-04-22 00:21:03-04:00,0.0
2011-04-22 00:21:06-04:00,0.0
2011-04-22 00:21:09-04:00,0.0
2011-04-22 00:21:12-04:00,0.0
2011-04-22 00:21:15-04:00,0.0
2011-04-22 00:21:18-04:00,0.0
2011-04-22 00:21:21-04:00,0.0
2011-04-22 00:21:24-04:00,0.0
2011-04-22 00:21:27-04:00,0.0
2011-04-22 00:21:30-04:00,0.0
2011-04-22 00:21:33-04:00,0.0
2011-04-22 00:21:36-04:00,0.0
2011-04-22 00:21:39-04:00,0.0
2011-04-22 00:21:42-04:00,0.0
2011-04-22 00:21:45-04:00,0.0
2011-04-22 00:21:48-04:00,0.0
2011-04-22 00:21:51-04:00,0.0
2011-04-22 00:21:54-04:00,0.0
2011-04-22 00:21:57-04:00,0.0
2011-04-22 00:22:00-04:00,0.0
2011-04-22 00:22:03-04:00,0.0
2011-04-22 00:22:06-04:00,0.0
2011-04-22 00:22:09-04:00,0.0
2011-04-22 00:22:12-04:00,0.0
2011-04-22 00:22:15-04:00,0.0
2011-04-22 00:22:18-04:00,0.0
2011-04-22 00:22:21-04:00,0.0
2011-04-22 00:22:24-04:00,0.0
2011-04-22 00:22:27-04:00,0.0
2011-04-22 00:22:30-04:00,0.0
2011-04-22 00:22:33-04:00,0.0
2011-04-22 00:22:36-04:00,0.0
2011-04-22 00:22:39-04:00,0.0
2011-04-22 00:22:42-04:00,0.0
2011-04-22 00:22:45-04:00,0.0
2011-04-22 00:22:48-04:00,0.0
2011-04-22 00:22:51-04:00,0.0
2011-04-22 00:22:54-04:00,0.0
2011-04-22 00:22:57-04:00,0.0
2011-04-22 00:23:00-04:00,0.0
2011-04-22 00:23:03-04:00,0.0
2011-04-22 00:23:06-04:00,0.0
2011-04-22 00:23:09-04:00,0.0
2011-04-22 00:23:12-04:00,0.0
2011-04-22 00:23:15-04:00,0.0
2011-04-22 00:23:18-04:00,0.0
2011-04-22 00:23:21-04:00,0.0
2011-04-22 00:23:24-04:00,0.0
2011-04-22 00:23:27-04:00,0.0
2011-04-22 00:23:30-04:00,0.0
2011-04-22 00:23:33-04:00,0.0
2011-04-22 00:23:36-04:00,0.0
2011-04-22 00:23:39-04:00,0.0
2011-04-22 00:23:42-04:00,0.0
2011-04-22 00:23:45-04:00,0.0
2011-04-22 00:23:48-04:00,0.0
2011-04-22 00:23:51-04:00,0.0
2011-04-22 00:23:54-04:00,0.0
2011-04-22 00:23:57-04:00,0.0
2011-04-22 00:24:00-04:00,0.0
2011-04-22 00:24:03-04:00,0.0
2011-04-22 00:24:06-04:00,0.0
2011-04-22 00:24:09-04:00,0.0
2011-04-22 00:24:12-04:00,0.0
2011-04-22 00:24:15-04:00,0.0
2011-04-22 00:24:18-04:00,0.0
2011-04-22 00:24:21-04:00,0.0
2011-04-22 00:24:24-04:00,0.0
2011-04-22 00:24:27-04:00,0.0
2011-04-22 00:24:30-04:00,0.0
2011-04-22 00:24:33-04:00,0.0
2011-04-22 00:24:36-04:00,0.0
2011-04-22 00:24:39-04:00,0.0
2011-04-22 00:24:42-04:00,0.0
2011-04-22 00:24:45-04:00,0.0
2011-04-22 00:24:48-04:00,0.0
2011-04-22 00:24:51-04:00,0.0
2011-04-22 00:24:54-04:00,0.0
2011-04-22 00:24:57-04:00,0.0
2011-04-22 00:25:00-04:00,0.0
2011-04-22 00:25:03-04:00,0.0
2011-04-22 00:25:06-04:00,0.0
2011-04-22 00:25:09-04:00,0.0
2011-04-22 00:25:12-04:00,0.0
2011-04-22 00:25:15-04:00,0.0
2011-04-22 00:25:18-04:00,0.0
2011-04-22 00:25:21-04:00,0.0
2011-04-22 00:25:24-04:00,0.0
2011-04-22 00:25:27-04:00,0.0
2011-04-22 00:25:30-04:00,0.0
2011-04-22 00:25:33-04:00,0.0
2011-04-22 00:25:36-04:00,0.0
2011-04-22 00:25:39-04:00,0.0
2011-04-22 00:25:42-04:00,0.0
2011-04-22 00:25:45-04:00,0.0
2011-04-22 00:25:48-04:00,0.0
2011-04-22 00:25:51-04:00,0.0
2011-04-22 00:25:54-04:00,0.0
2011-04-22 00:25:57-04:00,0.0
2011-04-22 00:26:00-04:00,0.0
2011-04-22 00:26:03-04:00,0.0
2011-04-22 00:26:06-04:00,0.0
2011-04-22 00:26:09-04:00,0.0
2011-04-22 00:26:12-04:00,0.0
2011-04-22 00:26:15-04:00,0.0
2011-04-22 00:26:18-04:00,0.0
2011-04-22 00:26:21-04:00,0.0
2011-04-22 00:26:24-04:00,0.0
2011-04-22 00:26:27-04:00,0.0
2011-04-22 00:26:30-04:00,0.0
2011-04-22 00:26:33-04:00,0.0
2011-04-22 00:26:36-04:00,0.0
2011-04-22 00:26:39-04:00,0.0
2011-04-22 00:26:42-04:00,0.0
2011-04-22 00:26:45-04:00,0.0
2011-04-22 00:26:48-04:00,0.0
2011-04-22 00:26:51-04:00,0.0
2011-04-22 00:26:54-04:00,0.0
2011-04-22 00:26:57-04:00,0.0
2011-04-22 00:27:00-04:00,0.0
2011-04-22 00:27:03-04:00,0.0
2011-04-22 00:27:06-04:00,0.0
2011-04-22 00:27:09-04:00,0.0
2011-04-22 00:27:12-04:00,0.0
2011-04-22 00:27:15-04:00,0.0
2011-04-22 00:27:18-04:00,0.0
2011-04-22 00:27:21-04:00,0.0
2011-04-22 00:27:24-04:00,0.0
2011-04-22 00:27:27-04:00,0.0
2011-04-22 00:27:30-04:00,0.0
2011-04-22 00:27:33-04:00,0.0
2011-04-22 00:27:36-04:00,0.0
2011-04-22 00:27:39-04:00,0.0
2011-04-22 00:27:42-04:00,0.0
2011-04-22 00:27:45-04:00,0.0
2011-04-22 00:27:48-04:00,0.0
2011-04-22 00:27:51-04:00,0.0
2011-04-22 00:27:54-04:00,0.0
2011-04-22 00:27:57-04:00,0.0
2011-04-22 00:28:00-04:00,0.0
2011-04-22 00:28:03-04:00,0.0
2011-04-22 00:28:06-04:00,0.0
2011-04-22 00:28:09-04:00,0.0
2011-04-22 00:28:12-04:00,0.0
2011-04-22 00:28:15-04:00,0.0
2011-04-22 00:28:18-04:00,0.0
2011-04-22 00:28:21-04:00,0.0
2011-04-22 00:28:24-04:00,0.0
2011-04-22 00:28:27-04:00,0.0
2011-04-22 00:28:30-04:00,0.0
2011-04-22 00:28:33-04:00,0.0
2011-04-22 00:28:36-04:00,0.0
2011-04-22 00:28:39-04:00,0.0
2011-04-22 00:28:42-04:00,0.0
2011-04-22 00:28:45-04:00,0.0
2011-04-22 00:28:48-04:00,0.0
2011-04-22 00:28:51-04:00,0.0
2011-04-22 00:28:54-04:00,0.0
2011-04-22 00:28:57-04:00,0.0
2011-04-22 00:29:00-04:00,0.0
2011-04-22 00:29:03-04:00,0.0
2011-04-22 00:29:06-04:00,0.0
2011-04-22 00:29:09-04:00,0.0
2011-04-22 00:29:12-04:00,0.0
2011-04-22 00:29:15-04:00,0.0
2011-04-22 00:29:18-04:00,0.0
2011-04-22 00:29:21-04:00,0.0
2011-04-22 00:29:24-04:00,0.0
2011-04-22 00:29:27-04:00,0.0
2011-04-22 00:29:30-04:00,0.0
2011-04-22 00:29:33-04:00,0.0
2011-04-22 00:29:36-04:00,0.0
2011-04-22 00:29:39-04:00,0.0
2011-04-22 00:29:42-04:00,0.0
2011-04-22 00:29:45-04:00,0.0
2011-04-22 00:29:48-04:00,0.0
2011-04-22 00:29:51-04:00,0.0
2011-04-22 00:29:54-04:00,0.0
2011-04-22 00:29:57-04:00,0.0
2011-04-22 00:30:00-04:00,0.0
2011-04-22 00:30:03-04:00,0.0
2011-04-22 00:30:06-04:00,0.0
2011-04-22 00:30:09-04:00,0.0
2011-04-22 00:30:12-04:00,0.0
2011-04-22 00:30:15-04:00,0.0
2011-04-22 00:30:18-04:00,0.0
2011-04-22 00:30:21-04:00,0.0
2011-04-22 00:30:24-04:00,0.0
2011-04-22 00:30:27-04:00,0.0
2011-04-22 00:30:30-04:00,0.0
2011-04-22 00:30:33-04:00,0.0
2011-04-22 00:30:36-04:00,0.0
2011-04-22 00:30:39-04:00,0.0
2011-04-22 00:30:42-04:00,0.0
2011-04-22 00:30:45-04:00,0.0
2011-04-22 00:30:48-04:00,0.0
2011-04-22 00:30:51-04:00,0.0
2011-04-22 00:30:54-04:00,0.0
2011-04-22 00:30:57-04:00,0.0
2011-04-22 00:31:00-04:00,0.0
2011-04-22 00:31:03-04:00,0.0
2011-04-22 00:31:06-04:00,0.0
2011-04-22 00:31:09-04:00,0.0
2011-04-22 00:31:12-04:00,0.0
2011-04-22 00:31:15-04:00,0.0
2011-04-22 00:31:18-04:00,0.0
2011-04-22 00:31:21-04:00,0.0
2011-04-22 00:31:24-04:00,0.0
2011-04-22 00:31:27-04:00,0.0
2011-04-22 00:31:30-04:00,0.0
2011-04-22 00:31:33-04:00,0.0
2011-04-22 00:31:36-04:00,0.0
2011-04-22 00:31:39-04:00,0.0
2011-04-22 00:31:42-04:00,0.0
2011-04-22 00:31:45-04:00,0.0
2011-04-22 00:31:48-04:00,0.0
2011-04-22 00:31:51-04:00,0.0
2011-04-22 00:31:54-04:00,0.0
2011-04-22 00:31:57-04:00,0.0
2011-04-22 00:32:00-04:00,0.0
2011-04-22 00:32:03-04:00,0.0
2011-04-22 00:32:06-04:00,0.0
2011-04-22 00:32:09-04:00,0.0
2011-04-22 00:32:12-04:00,0.0
2011-04-22 00:32:15-04:00,0.0
2011-04-22 00:32:18-04:00,0.0
2011-04-22 00:32:21-04:00,0.0
2011-04-22 00:32:24-04:00,0.0
2011-04-22 00:32:27-04:00,0.0
2011-04-22 00:32:30-04:00,0.0
2011-04-22 00:32:33-04:00,0.0
2011-04-22 00:32:36-04:00,0.0
2011-04-22 00:32:39-04:00,0.0
2011-04-22 00:32:42-04:00,0.0
2011-04-22 00:32:45-04:00,0.0
2011-04-22 00:32:48-04:00,0.0
2011-04-22 00:32:51-04:00,0.0
2011-04-22 00:32:54-04:00,0.0
2011-04-22 00:32:57-04:00,0.0
2011-04-22 00:33:00-04:00,0.0
2011-04-22 00:33:03-04:00,0.0
2011-04-22 00:33:06-04:00,0.0
2011-04-22 00:33:09-04:00,0.0
2011-04-22 00:33:12-04:00,0.0
2011-04-22 00:33:15-04:00,0.0
2011-04-22 00:33:18-04:00,0.0
2011-04-22 00:33:21-04:00,0.0
2011-04-22 00:33:24-04:00,0.0
2011-04-22 00:33:27-04:00,0.0
2011-04-22 00:33:30-04:00,0.0
2011-04-22 00:33:33-04:00,0.0
2011-04-22 00:33:36-04:00,0.0
2011-04-22 00:33:39-04:00,0.0
2011-04-22 00:33:42-04:00,0.0
2011-04-22 00:33:45-04:00,0.0
2011-04-22 00:33:48-04:00,0.0
2011-04-22 00:33:51-04:00,0.0
2011-04-22 00:33:54-04:00,0.0
2011-04-22 00:33:57-04:00,0.0
2011-04-22 00:34:00-04:00,0.0
2011-04-22 00:34:03-04:00,0.0
2011-04-22 00:34:06-04:00,0.0
2011-04-22 00:34:09-04:00,0.0
2011-04-22 00:34:12-04:00,0.0
2011-04-22 00:34:15-04:00,0.0
2011-04-22 00:34:18-04:00,0.0
2011-04-22 00:34:21-04:00,0.0
2011-04-22 00:34:24-04:00,0.0
2011-04-22 00:34:27-04:00,0.0
2011-04-22 00:34:30-04:00,0.0
2011-04-22 00:34:33-04:00,0.0
2011-04-22 00:34:36-04:00,0.0
2011-04-22 00:34:39-04:00,0.0
2011-04-22 00:34:42-04:00,0.0
2011-04-22 00:34:45-04:00,0.0
2011-04-22 00:34:48-04:00,0.0
2011-04-22 00:34:51-04:00,0.0
2011-04-22 00:34:54-04:00,0.0
2011-04-22 00:34:57-04:00,0.0
2011-04-22 00:35:00-04:00,0.0
2011-04-22 00:35:03-04:00,0.0
2011-04-22 00:35:06-04:00,0.0
2011-04-22 00:35:09-04:00,0.0
2011-04-22 00:35:12-04:00,0.0
2011-04-22 00:35:15-04:00,0.0
2011-04-22 00:35:18-04:00,0.0
2011-04-22 00:35:21-04:00,0.0
2011-04-22 00:35:24-04:00,0.0
2011-04-22 00:35:27-04:00,0.0
2011-04-22 00:35:30-04:00,0.0
2011-04-22 00:35:33-04:00,0.0
2011-04-22 00:35:36-04:00,0.0
2011-04-22 00:35:39-04:00,0.0
2011-04-22 00:35:42-04:00,0.0
2011-04-22 00:35:45-04:00,0.0
2011-04-22 00:35:48-04:00,0.0
2011-04-22 00:35:51-04:00,0.0
2011-04-22 00:35:54-04:00,0.0
2011-04-22 00:35:57-04:00,0.0
2011-04-22 00:36:00-04:00,0.0
2011-04-22 00:36:03-04:00,0.0
2011-04-22 00:36:06-04:00,0.0
2011-04-22 00:36:09-04:00,0.0
2011-04-22 00:36:12-04:00,0.0
2011-04-22 00:36:15-04:00,0.0
2011-04-22 00:36:18-04:00,0.0
2011-04-22 00:36:21-04:00,0.0
2011-04-22 00:36:24-04:00,0.0
2011-04-22 00:36:27-04:00,0.0
2011-04-22 00:36:30-04:00,0.0
2011-04-22 00:36:33-04:00,0.0
2011-04-22 00:36:36-04:00,0.0
2011-04-22 00:36:39-04:00,0.0
2011-04-22 00:36:42-04:00,0.0
2011-04-22 00:36:45-04:00,0.0
2011-04-22 00:36:48-04:00,0.0
2011-04-22 00:36:51-04:00,0.0
2011-04-22 00:36:54-04:00,0.0
2011-04-22 00:36:57-04:00,0.0
2011-04-22 00:37:00-04:00,0.0
2011-04-22 00:37:03-04:00,0.0
2011-04-22 00:37:06-04:00,0.0
2011-04-22 00:37:09-04:00,0.0
2011-04-22 00:37:12-04:00,0.0
2011-04-22 00:37:15-04:00,0.0
2011-04-22 00:37:18-04:00,0.0
2011-04-22 00:37:21-04:00,0.0
2011-04-22 00:37:24-04:00,0.0
2011-04-22 00:37:27-04:00,0.0
2011-04-22 00:37:30-04:00,0.0
2011-04-22 00:37:33-04:00,0.0
2011-04-22 00:37:36-04:00,0.0
2011-04-22 00:37:39-04:00,0.0
2011-04-22 00:37:42-04:00,0.0
2011-04-22 00:37:45-04:00,0.0
2011-04-22 00:37:48-04:00,0.0
2011-04-22 00:37:51-04:00,0.0
2011-04-22 00:37:54-04:00,0.0
2011-04-22 00:37:57-04:00,0.0
2011-04-22 00:38:00-04:00,0.0
2011-04-22 00:38:03-04:00,0.0
2011-04-22 00:38:06-04:00,0.0
2011-04-22 00:38:09-04:00,0.0
2011-04-22 00:38:12-04:00,0.0
2011-04-22 00:38:15-04:00,0.0
2011-04-22 00:38:18-04:00,0.0
2011-04-22 00:38:21-04:00,0.0
2011-04-22 00:38:24-04:00,0.0
2011-04-22 00:38:27-04:00,0.0
2011-04-22 00:38:30-04:00,0.0
2011-04-22 00:38:33-04:00,0.0
2011-04-22 00:38:36-04:00,0.0
2011-04-22 00:38:39-04:00,0.0
2011-04-22 00:38:42-04:00,0.0
2011-04-22 00:38:45-04:00,0.0
2011-04-22 00:38:48-04:00,0.0
2011-04-22 00:38:51-04:00,0.0
2011-04-22 00:38:54-04:00,0.0
2011-04-22 00:38:57-04:00,0.0
2011-04-22 00:39:00-04:00,0.0
2011-04-22 00:39:03-04:00,0.0
2011-04-22 00:39:06-04:00,0.0
2011-04-22 00:39:09-04:00,0.0
2011-04-22 00:39:12-04:00,0.0
2011-04-22 00:39:15-04:00,0.0
2011-04-22 00:39:18-04:00,0.0
2011-04-22 00:39:21-04:00,0.0
2011-04-22 00:39:24-04:00,0.0
2011-04-22 00:39:27-04:00,0.0
2011-04-22 00:39:30-04:00,0.0
2011-04-22 00:39:33-04:00,0.0
2011-04-22 00:39:36-04:00,0.0
2011-04-22 00:39:39-04:00,0.0
2011-04-22 00:39:42-04:00,0.0
2011-04-22 00:39:45-04:00,0.0
2011-04-22 00:39:48-04:00,0.0
2011-04-22 00:39:51-04:00,0.0
2011-04-22 00:39:54-04:00,0.0
2011-04-22 00:39:57-04:00,0.0
2011-04-22 00:40:00-04:00,0.0
2011-04-22 00:40:03-04:00,0.0
2011-04-22 00:40:06-04:00,0.0
2011-04-22 00:40:09-04:00,0.0
2011-04-22 00:40:12-04:00,0.0
2011-04-22 00:40:15-04:00,0.0
2011-04-22 00:40:18-04:00,0.0
2011-04-22 00:40:21-04:00,0.0
2011-04-22 00:40:24-04:00,0.0
2011-04-22 00:40:27-04:00,0.0
2011-04-22 00:40:30-04:00,0.0
2011-04-22 00:40:33-04:00,0.0
2011-04-22 00:40:36-04:00,0.0
2011-04-22 00:40:39-04:00,0.0
2011-04-22 00:40:42-04:00,0.0
2011-04-22 00:40:45-04:00,0.0
2011-04-22 00:40:48-04:00,0.0
2011-04-22 00:40:51-04:00,0.0
2011-04-22 00:40:54-04:00,0.0
2011-04-22 00:40:57-04:00,0.0
2011-04-22 00:41:00-04:00,0.0
2011-04-22 00:41:03-04:00,0.0
2011-04-22 00:41:06-04:00,0.0
2011-04-22 00:41:09-04:00,0.0
2011-04-22 00:41:12-04:00,0.0
2011-04-22 00:41:15-04:00,0.0
2011-04-22 00:41:18-04:00,0.0
2011-04-22 00:41:21-04:00,0.0
2011-04-22 00:41:24-04:00,0.0
2011-04-22 00:41:27-04:00,0.0
2011-04-22 00:41:30-04:00,0.0
2011-04-22 00:41:33-04:00,0.0
2011-04-22 00:41:36-04:00,0.0
2011-04-22 00:41:39-04:00,0.0
2011-04-22 00:41:42-04:00,0.0
2011-04-22 00:41:45-04:00,0.0
2011-04-22 00:41:48-04:00,0.0
2011-04-22 00:41:51-04:00,0.0
2011-04-22 00:41:54-04:00,0.0
2011-04-22 00:41:57-04:00,0.0
2011-04-22 00:42:00-04:00,0.0
2011-04-22 00:42:03-04:00,0.0
2011-04-22 00:42:06-04:00,0.0
2011-04-22 00:42:09-04:00,0.0
2011-04-22 00:42:12-04:00,0.0
2011-04-22 00:42:15-04:00,0.0
2011-04-22 00:42:18-04:00,0.0
2011-04-22 00:42:21-04:00,0.0
2011-04-22 00:42:24-04:00,0.0
2011-04-22 00:42:27-04:00,0.0
2011-04-22 00:42:30-04:00,0.0
2011-04-22 00:42:33-04:00,0.0
2011-04-22 00:42:36-04:00,0.0
2011-04-22 00:42:39-04:00,0.0
2011-04-22 00:42:42-04:00,0.0
2011-04-22 00:42:45-04:00,0.0
2011-04-22 00:42:48-04:00,0.0
2011-04-22 00:42:51-04:00,0.0
2011-04-22 00:42:54-04:00,0.0
2011-04-22 00:42:57-04:00,0.0
2011-04-22 00:43:00-04:00,0.0
2011-04-22 00:43:03-04:00,0.0
2011-04-22 00:43:06-04:00,0.0
2011-04-22 00:43:09-04:00,0.0
2011-04-22 00:43:12-04:00,0.0
2011-04-22 00:43:15-04:00,0.0
2011-04-22 00:43:18-04:00,0.0
2011-04-22 00:43:21-04:00,0.0
2011-04-22 00:43:24-04:00,0.0
2011-04-22 00:43:27-04:00,0.0
2011-04-22 00:43:30-04:00,0.0
2011-04-22 00:43:33-04:00,0.0
2011-04-22 00:43:36-04:00,0.0
2011-04-22 00:43:39-04:00,0.0
2011-04-22 00:43:42-04:00,0.0
2011-04-22 00:43:45-04:00,0.0
2011-04-22 00:43:48-04:00,0.0
2011-04-22 00:43:51-04:00,0.0
2011-04-22 00:43:54-04:00,0.0
2011-04-22 00:43:57-04:00,0.0
2011-04-22 00:44:00-04:00,0.0
2011-04-22 00:44:03-04:00,0.0
2011-04-22 00:44:06-04:00,0.0
2011-04-22 00:44:09-04:00,0.0
2011-04-22 00:44:12-04:00,0.0
2011-04-22 00:44:15-04:00,0.0
2011-04-22 00:44:18-04:00,0.0
2011-04-22 00:44:21-04:00,0.0
2011-04-22 00:44:24-04:00,0.0
2011-04-22 00:44:27-04:00,0.0
2011-04-22 00:44:30-04:00,0.0
2011-04-22 00:44:33-04:00,0.0
2011-04-22 00:44:36-04:00,0.0
2011-04-22 00:44:39-04:00,0.0
2011-04-22 00:44:42-04:00,0.0
2011-04-22 00:44:45-04:00,0.0
2011-04-22 00:44:48-04:00,0.0
2011-04-22 00:44:51-04:00,0.0
2011-04-22 00:44:54-04:00,0.0
2011-04-22 00:44:57-04:00,0.0
2011-04-22 00:45:00-04:00,0.0
2011-04-22 00:45:03-04:00,0.0
2011-04-22 00:45:06-04:00,0.0
2011-04-22 00:45:09-04:00,0.0
2011-04-22 00:45:12-04:00,0.0
2011-04-22 00:45:15-04:00,0.0
2011-04-22 00:45:18-04:00,0.0
2011-04-22 00:45:21-04:00,0.0
2011-04-22 00:45:24-04:00,0.0
2011-04-22 00:45:27-04:00,0.0
2011-04-22 00:45:30-04:00,0.0
2011-04-22 00:45:33-04:00,0.0
2011-04-22 00:45:36-04:00,0.0
2011-04-22 00:45:39-04:00,0.0
2011-04-22 00:45:42-04:00,0.0
2011-04-22 00:45:45-04:00,0.0
2011-04-22 00:45:48-04:00,0.0
2011-04-22 00:45:51-04:00,0.0
2011-04-22 00:45:54-04:00,0.0
2011-04-22 00:45:57-04:00,0.0
2011-04-22 00:46:00-04:00,0.0
2011-04-22 00:46:03-04:00,0.0
2011-04-22 00:46:06-04:00,0.0
2011-04-22 00:46:09-04:00,0.0
2011-04-22 00:46:12-04:00,0.0
2011-04-22 00:46:15-04:00,0.0
2011-04-22 00:46:18-04:00,0.0
2011-04-22 00:46:21-04:00,0.0
2011-04-22 00:46:24-04:00,0.0
2011-04-22 00:46:27-04:00,0.0
2011-04-22 00:46:30-04:00,0.0
2011-04-22 00:46:33-04:00,0.0
2011-04-22 00:46:36-04:00,0.0
2011-04-22 00:46:39-04:00,0.0
2011-04-22 00:46:42-04:00,0.0
2011-04-22 00:46:45-04:00,0.0
2011-04-22 00:46:48-04:00,0.0
2011-04-22 00:46:51-04:00,0.0
2011-04-22 00:46:54-04:00,0.0
2011-04-22 00:46:57-04:00,0.0
2011-04-22 00:47:00-04:00,0.0
2011-04-22 00:47:03-04:00,0.0
2011-04-22 00:47:06-04:00,0.0
2011-04-22 00:47:09-04:00,0.0
2011-04-22 00:47:12-04:00,0.0
2011-04-22 00:47:15-04:00,0.0
2011-04-22 00:47:18-04:00,0.0
2011-04-22 00:47:21-04:00,0.0
2011-04-22 00:47:24-04:00,0.0
2011-04-22 00:47:27-04:00,0.0
2011-04-22 00:47:30-04:00,0.0
2011-04-22 00:47:33-04:00,0.0
2011-04-22 00:47:36-04:00,0.0
2011-04-22 00:47:39-04:00,0.0
2011-04-22 00:47:42-04:00,0.0
2011-04-22 00:47:45-04:00,0.0
2011-04-22 00:47:48-04:00,0.0
2011-04-22 00:47:51-04:00,0.0
2011-04-22 00:47:54-04:00,0.0
2011-04-22 00:47:57-04:00,0.0
2011-04-22 00:48:00-04:00,0.0
2011-04-22 00:48:03-04:00,0.0
2011-04-22 00:48:06-04:00,0.0
2011-04-22 00:48:09-04:00,0.0
2011-04-22 00:48:12-04:00,0.0
2011-04-22 00:48:15-04:00,0.0
2011-04-22 00:48:18-04:00,0.0
2011-04-22 00:48:21-04:00,0.0
2011-04-22 00:48:24-04:00,0.0
2011-04-22 00:48:27-04:00,0.0
2011-04-22 00:48:30-04:00,0.0
2011-04-22 00:48:33-04:00,0.0
2011-04-22 00:48:36-04:00,0.0
2011-04-22 00:48:39-04:00,0.0
2011-04-22 00:48:42-04:00,0.0
2011-04-22 00:48:45-04:00,0.0
2011-04-22 00:48:48-04:00,0.0
2011-04-22 00:48:51-04:00,0.0
2011-04-22 00:48:54-04:00,0.0
2011-04-22 00:48:57-04:00,0.0
2011-04-22 00:49:00-04:00,0.0
2011-04-22 00:49:03-04:00,0.0
2011-04-22 00:49:06-04:00,0.0
2011-04-22 00:49:09-04:00,0.0
2011-04-22 00:49:12-04:00,0.0
2011-04-22 00:49:15-04:00,0.0
2011-04-22 00:49:18-04:00,0.0
2011-04-22 00:49:21-04:00,0.0
2011-04-22 00:49:24-04:00,0.0
2011-04-22 00:49:27-04:00,0.0
2011-04-22 00:49:30-04:00,0.0
2011-04-22 00:49:33-04:00,0.0
2011-04-22 00:49:36-04:00,0.0
2011-04-22 00:49:39-04:00,0.0
2011-04-22 00:49:42-04:00,0.0
2011-04-22 00:49:45-04:00,0.0
2011-04-22 00:49:48-04:00,0.0
2011-04-22 00:49:51-04:00,0.0
2011-04-22 00:49:54-04:00,0.0
2011-04-22 00:49:57-04:00,0.0
2011-04-22 00:50:00-04:00,0.0
2011-04-22 00:50:03-04:00,0.0
2011-04-22 00:50:06-04:00,0.0
2011-04-22 00:50:09-04:00,0.0
2011-04-22 00:50:12-04:00,0.0
2011-04-22 00:50:15-04:00,0.0
2011-04-22 00:50:18-04:00,0.0
2011-04-22 00:50:21-04:00,0.0
2011-04-22 00:50:24-04:00,0.0
2011-04-22 00:50:27-04:00,0.0
2011-04-22 00:50:30-04:00,0.0
2011-04-22 00:50:33-04:00,0.0
2011-04-22 00:50:36-04:00,0.0
2011-04-22 00:50:39-04:00,0.0
2011-04-22 00:50:42-04:00,0.0
2011-04-22 00:50:45-04:00,0.0
2011-04-22 00:50:48-04:00,0.0
2011-04-22 00:50:51-04:00,0.0
2011-04-22 00:50:54-04:00,0.0
2011-04-22 00:50:57-04:00,0.0
2011-04-22 00:51:00-04:00,0.0
2011-04-22 00:51:03-04:00,0.0
2011-04-22 00:51:06-04:00,0.0
2011-04-22 00:51:09-04:00,0.0
2011-04-22 00:51:12-04:00,0.0
2011-04-22 00:51:15-04:00,0.0
2011-04-22 00:51:18-04:00,0.0
2011-04-22 00:51:21-04:00,0.0
2011-04-22 00:51:24-04:00,0.0
2011-04-22 00:51:27-04:00,0.0
2011-04-22 00:51:30-04:00,0.0
2011-04-22 00:51:33-04:00,0.0
2011-04-22 00:51:36-04:00,0.0
2011-04-22 00:51:39-04:00,0.0
2011-04-22 00:51:42-04:00,0.0
2011-04-22 00:51:45-04:00,0.0
2011-04-22 00:51:48-04:00,0.0
2011-04-22 00:51:51-04:00,0.0
2011-04-22 00:51:54-04:00,0.0
2011-04-22 00:51:57-04:00,0.0
2011-04-22 00:52:00-04:00,0.0
2011-04-22 00:52:03-04:00,0.0
2011-04-22 00:52:06-04:00,0.0
2011-04-22 00:52:09-04:00,0.0
2011-04-22 00:52:12-04:00,0.0
2011-04-22 00:52:15-04:00,0.0
2011-04-22 00:52:18-04:00,0.0
2011-04-22 00:52:21-04:00,0.0
2011-04-22 00:52:24-04:00,0.0
2011-04-22 00:52:27-04:00,0.0
2011-04-22 00:52:30-04:00,0.0
2011-04-22 00:52:33-04:00,0.0
2011-04-22 00:52:36-04:00,0.0
2011-04-22 00:52:39-04:00,0.0
2011-04-22 00:52:42-04:00,0.0
2011-04-22 00:52:45-04:00,0.0
2011-04-22 00:52:48-04:00,0.0
2011-04-22 00:52:51-04:00,0.0
2011-04-22 00:52:54-04:00,0.0
2011-04-22 00:52:57-04:00,0.0
2011-04-22 00:53:00-04:00,0.0
2011-04-22 00:53:03-04:00,0.0
2011-04-22 00:53:06-04:00,0.0
2011-04-22 00:53:09-04:00,0.0
2011-04-22 00:53:12-04:00,0.0
2011-04-22 00:53:15-04:00,0.0
2011-04-22 00:53:18-04:00,0.0
2011-04-22 00:53:21-04:00,0.0
2011-04-22 00:53:24-04:00,0.0
2011-04-22 00:53:27-04:00,0.0
2011-04-22 00:53:30-04:00,0.0
2011-04-22 00:53:33-04:00,0.0
2011-04-22 00:53:36-04:00,0.0
2011-04-22 00:53:39-04:00,0.0
2011-04-22 00:53:42-04:00,0.0
2011-04-22 00:53:45-04:00,0.0
2011-04-22 00:53:48-04:00,0.0
2011-04-22 00:53:51-04:00,0.0
2011-04-22 00:53:54-04:00,0.0
2011-04-22 00:53:57-04:00,0.0
2011-04-22 00:54:00-04:00,0.0
2011-04-22 00:54:03-04:00,0.0
2011-04-22 00:54:06-04:00,0.0
2011-04-22 00:54:09-04:00,0.0
2011-04-22 00:54:12-04:00,0.0
2011-04-22 00:54:15-04:00,0.0
2011-04-22 00:54:18-04:00,0.0
2011-04-22 00:54:21-04:00,0.0
2011-04-22 00:54:24-04:00,0.0
2011-04-22 00:54:27-04:00,0.0
2011-04-22 00:54:30-04:00,0.0
2011-04-22 00:54:33-04:00,0.0
2011-04-22 00:54:36-04:00,0.0
2011-04-22 00:54:39-04:00,0.0
2011-04-22 00:54:42-04:00,0.0
2011-04-22 00:54:45-04:00,0.0
2011-04-22 00:54:48-04:00,0.0
2011-04-22 00:54:51-04:00,0.0
2011-04-22 00:54:54-04:00,0.0
2011-04-22 00:54:57-04:00,0.0
2011-04-22 00:55:00-04:00,0.0
2011-04-22 00:55:03-04:00,0.0
2011-04-22 00:55:06-04:00,0.0
2011-04-22 00:55:09-04:00,0.0
2011-04-22 00:55:12-04:00,0.0
2011-04-22 00:55:15-04:00,0.0
2011-04-22 00:55:18-04:00,0.0
2011-04-22 00:55:21-04:00,0.0
2011-04-22 00:55:24-04:00,0.0
2011-04-22 00:55:27-04:00,0.0
2011-04-22 00:55:30-04:00,0.0
2011-04-22 00:55:33-04:00,0.0
2011-04-22 00:55:36-04:00,0.0
2011-04-22 00:55:39-04:00,0.0
2011-04-22 00:55:42-04:00,0.0
2011-04-22 00:55:45-04:00,0.0
2011-04-22 00:55:48-04:00,0.0
2011-04-22 00:55:51-04:00,0.0
2011-04-22 00:55:54-04:00,0.0
2011-04-22 00:55:57-04:00,0.0
2011-04-22 00:56:00-04:00,0.0
2011-04-22 00:56:03-04:00,0.0
2011-04-22 00:56:06-04:00,0.0
2011-04-22 00:56:09-04:00,0.0
2011-04-22 00:56:12-04:00,0.0
2011-04-22 00:56:15-04:00,0.0
2011-04-22 00:56:18-04:00,0.0
2011-04-22 00:56:21-04:00,0.0
2011-04-22 00:56:24-04:00,0.0
2011-04-22 00:56:27-04:00,0.0
2011-04-22 00:56:30-04:00,0.0
2011-04-22 00:56:33-04:00,0.0
2011-04-22 00:56:36-04:00,0.0
2011-04-22 00:56:39-04:00,0.0
2011-04-22 00:56:42-04:00,0.0
2011-04-22 00:56:45-04:00,0.0
2011-04-22 00:56:48-04:00,0.0
2011-04-22 00:56:51-04:00,0.0
2011-04-22 00:56:54-04:00,0.0
2011-04-22 00:56:57-04:00,0.0
2011-04-22 00:57:00-04:00,0.0
2011-04-22 00:57:03-04:00,0.0
2011-04-22 00:57:06-04:00,0.0
2011-04-22 00:57:09-04:00,0.0
2011-04-22 00:57:12-04:00,0.0
2011-04-22 00:57:15-04:00,0.0
2011-04-22 00:57:18-04:00,0.0
2011-04-22 00:57:21-04:00,0.0
2011-04-22 00:57:24-04:00,0.0
2011-04-22 00:57:27-04:00,0.0
2011-04-22 00:57:30-04:00,0.0
2011-04-22 00:57:33-04:00,0.0
2011-04-22 00:57:36-04:00,0.0
2011-04-22 00:57:39-04:00,0.0
2011-04-22 00:57:42-04:00,0.0
2011-04-22 00:57:45-04:00,0.0
2011-04-22 00:57:48-04:00,0.0
2011-04-22 00:57:51-04:00,0.0
2011-04-22 00:57:54-04:00,0.0
2011-04-22 00:57:57-04:00,0.0
2011-04-22 00:58:00-04:00,0.0
2011-04-22 00:58:03-04:00,0.0
2011-04-22 00:58:06-04:00,0.0
2011-04-22 00:58:09-04:00,0.0
2011-04-22 00:58:12-04:00,0.0
2011-04-22 00:58:15-04:00,0.0
2011-04-22 00:58:18-04:00,0.0
2011-04-22 00:58:21-04:00,0.0
2011-04-22 00:58:24-04:00,0.0
2011-04-22 00:58:27-04:00,0.0
2011-04-22 00:58:30-04:00,0.0
2011-04-22 00:58:33-04:00,0.0
2011-04-22 00:58:36-04:00,0.0
2011-04-22 00:58:39-04:00,0.0
2011-04-22 00:58:42-04:00,0.0
2011-04-22 00:58:45-04:00,0.0
2011-04-22 00:58:48-04:00,0.0
2011-04-22 00:58:51-04:00,0.0
2011-04-22 00:58:54-04:00,0.0
2011-04-22 00:58:57-04:00,0.0
2011-04-22 00:59:00-04:00,0.0
2011-04-22 00:59:03-04:00,0.0
2011-04-22 00:59:06-04:00,0.0
2011-04-22 00:59:09-04:00,0.0
2011-04-22 00:59:12-04:00,0.0
2011-04-22 00:59:15-04:00,0.0
2011-04-22 00:59:18-04:00,0.0
2011-04-22 00:59:21-04:00,0.0
2011-04-22 00:59:24-04:00,0.0
2011-04-22 00:59:27-04:00,0.0
2011-04-22 00:59:30-04:00,0.0
2011-04-22 00:59:33-04:00,0.0
2011-04-22 00:59:36-04:00,0.0
2011-04-22 00:59:39-04:00,0.0
2011-04-22 00:59:42-04:00,0.0
2011-04-22 00:59:45-04:00,0.0
2011-04-22 00:59:48-04:00,0.0
2011-04-22 00:59:51-04:00,0.0
2011-04-22 00:59:54-04:00,0.0
2011-04-22 00:59:57-04:00,0.0
2011-04-22 01:00:00-04:00,0.0
2011-04-22 01:00:03-04:00,0.0
2011-04-22 01:00:06-04:00,0.0
2011-04-22 01:00:09-04:00,0.0
2011-04-22 01:00:12-04:00,0.0
2011-04-22 01:00:15-04:00,0.0
2011-04-22 01:00:18-04:00,0.0
2011-04-22 01:00:21-04:00,0.0
2011-04-22 01:00:24-04:00,0.0
2011-04-22 01:00:27-04:00,0.0
2011-04-22 01:00:30-04:00,0.0
2011-04-22 01:00:33-04:00,0.0
2011-04-22 01:00:36-04:00,0.0
2011-04-22 01:00:39-04:00,0.0
2011-04-22 01:00:42-04:00,0.0
2011-04-22 01:00:45-04:00,0.0
2011-04-22 01:00:48-04:00,0.0
2011-04-22 01:00:51-04:00,0.0
2011-04-22 01:00:54-04:00,0.0
2011-04-22 01:00:57-04:00,0.0
2011-04-22 01:01:00-04:00,0.0
2011-04-22 01:01:03-04:00,0.0
2011-04-22 01:01:06-04:00,0.0
2011-04-22 01:01:09-04:00,0.0
2011-04-22 01:01:12-04:00,0.0
2011-04-22 01:01:15-04:00,0.0
2011-04-22 01:01:18-04:00,0.0
2011-04-22 01:01:21-04:00,0.0
2011-04-22 01:01:24-04:00,0.0
2011-04-22 01:01:27-04:00,0.0
2011-04-22 01:01:30-04:00,0.0
2011-04-22 01:01:33-04:00,0.0
2011-04-22 01:01:36-04:00,0.0
2011-04-22 01:01:39-04:00,0.0
2011-04-22 01:01:42-04:00,0.0
2011-04-22 01:01:45-04:00,0.0
2011-04-22 01:01:48-04:00,0.0
2011-04-22 01:01:51-04:00,0.0
2011-04-22 01:01:54-04:00,0.0
2011-04-22 01:01:57-04:00,0.0
2011-04-22 01:02:00-04:00,0.0
2011-04-22 01:02:03-04:00,0.0
2011-04-22 01:02:06-04:00,0.0
2011-04-22 01:02:09-04:00,0.0
2011-04-22 01:02:12-04:00,0.0
2011-04-22 01:02:15-04:00,0.0
2011-04-22 01:02:18-04:00,0.0
2011-04-22 01:02:21-04:00,0.0
2011-04-22 01:02:24-04:00,0.0
2011-04-22 01:02:27-04:00,0.0
2011-04-22 01:02:30-04:00,0.0
2011-04-22 01:02:33-04:00,0.0
2011-04-22 01:02:36-04:00,0.0
2011-04-22 01:02:39-04:00,0.0
2011-04-22 01:02:42-04:00,0.0
2011-04-22 01:02:45-04:00,0.0
2011-04-22 01:02:48-04:00,0.0
2011-04-22 01:02:51-04:00,0.0
2011-04-22 01:02:54-04:00,0.0
2011-04-22 01:02:57-04:00,0.0
2011-04-22 01:03:00-04:00,0.0
2011-04-22 01:03:03-04:00,0.0
2011-04-22 01:03:06-04:00,0.0
2011-04-22 01:03:09-04:00,0.0
2011-04-22 01:03:12-04:00,0.0
2011-04-22 01:03:15-04:00,0.0
2011-04-22 01:03:18-04:00,0.0
2011-04-22 01:03:21-04:00,0.0
2011-04-22 01:03:24-04:00,0.0
2011-04-22 01:03:27-04:00,0.0
2011-04-22 01:03:30-04:00,0.0
2011-04-22 01:03:33-04:00,0.0
2011-04-22 01:03:36-04:00,0.0
2011-04-22 01:03:39-04:00,0.0
2011-04-22 01:03:42-04:00,0.0
2011-04-22 01:03:45-04:00,0.0
2011-04-22 01:03:48-04:00,0.0
2011-04-22 01:03:51-04:00,0.0
2011-04-22 01:03:54-04:00,0.0
2011-04-22 01:03:57-04:00,0.0
2011-04-22 01:04:00-04:00,0.0
2011-04-22 01:04:03-04:00,0.0
2011-04-22 01:04:06-04:00,0.0
2011-04-22 01:04:09-04:00,0.0
2011-04-22 01:04:12-04:00,0.0
2011-04-22 01:04:15-04:00,0.0
2011-04-22 01:04:18-04:00,0.0
2011-04-22 01:04:21-04:00,0.0
2011-04-22 01:04:24-04:00,0.0
2011-04-22 01:04:27-04:00,0.0
2011-04-22 01:04:30-04:00,0.0
2011-04-22 01:04:33-04:00,0.0
2011-04-22 01:04:36-04:00,0.0
2011-04-22 01:04:39-04:00,0.0
2011-04-22 01:04:42-04:00,0.0
2011-04-22 01:04:45-04:00,0.0
2011-04-22 01:04:48-04:00,0.0
2011-04-22 01:04:51-04:00,0.0
2011-04-22 01:04:54-04:00,0.0
2011-04-22 01:04:57-04:00,0.0
2011-04-22 01:05:00-04:00,0.0
2011-04-22 01:05:03-04:00,0.0
2011-04-22 01:05:06-04:00,0.0
2011-04-22 01:05:09-04:00,0.0
2011-04-22 01:05:12-04:00,0.0
2011-04-22 01:05:15-04:00,0.0
2011-04-22 01:05:18-04:00,0.0
2011-04-22 01:05:21-04:00,0.0
2011-04-22 01:05:24-04:00,0.0
2011-04-22 01:05:27-04:00,0.0
2011-04-22 01:05:30-04:00,0.0
2011-04-22 01:05:33-04:00,0.0
2011-04-22 01:05:36-04:00,0.0
2011-04-22 01:05:39-04:00,0.0
2011-04-22 01:05:42-04:00,0.0
2011-04-22 01:05:45-04:00,0.0
2011-04-22 01:05:48-04:00,0.0
2011-04-22 01:05:51-04:00,0.0
2011-04-22 01:05:54-04:00,0.0
2011-04-22 01:05:57-04:00,0.0
2011-04-22 01:06:00-04:00,0.0
2011-04-22 01:06:03-04:00,0.0
2011-04-22 01:06:06-04:00,0.0
2011-04-22 01:06:09-04:00,0.0
2011-04-22 01:06:12-04:00,0.0
2011-04-22 01:06:15-04:00,0.0
2011-04-22 01:06:18-04:00,0.0
2011-04-22 01:06:21-04:00,0.0
2011-04-22 01:06:24-04:00,0.0
2011-04-22 01:06:27-04:00,0.0
2011-04-22 01:06:30-04:00,0.0
2011-04-22 01:06:33-04:00,0.0
2011-04-22 01:06:36-04:00,0.0
2011-04-22 01:06:39-04:00,0.0
2011-04-22 01:06:42-04:00,0.0
2011-04-22 01:06:45-04:00,0.0
2011-04-22 01:06:48-04:00,0.0
2011-04-22 01:06:51-04:00,0.0
2011-04-22 01:06:54-04:00,0.0
2011-04-22 01:06:57-04:00,0.0
2011-04-22 01:07:00-04:00,0.0
2011-04-22 01:07:03-04:00,0.0
2011-04-22 01:07:06-04:00,0.0
2011-04-22 01:07:09-04:00,0.0
2011-04-22 01:07:12-04:00,0.0
2011-04-22 01:07:15-04:00,0.0
2011-04-22 01:07:18-04:00,0.0
2011-04-22 01:07:21-04:00,0.0
2011-04-22 01:07:24-04:00,0.0
2011-04-22 01:07:27-04:00,0.0
2011-04-22 01:07:30-04:00,0.0
2011-04-22 01:07:33-04:00,0.0
2011-04-22 01:07:36-04:00,0.0
2011-04-22 01:07:39-04:00,0.0
2011-04-22 01:07:42-04:00,0.0
2011-04-22 01:07:45-04:00,0.0
2011-04-22 01:07:48-04:00,0.0
2011-04-22 01:07:51-04:00,0.0
2011-04-22 01:07:54-04:00,0.0
2011-04-22 01:07:57-04:00,0.0
2011-04-22 01:08:00-04:00,0.0
2011-04-22 01:08:03-04:00,0.0
2011-04-22 01:08:06-04:00,0.0
2011-04-22 01:08:09-04:00,0.0
2011-04-22 01:08:12-04:00,0.0
2011-04-22 01:08:15-04:00,0.0
2011-04-22 01:08:18-04:00,0.0
2011-04-22 01:08:21-04:00,0.0
2011-04-22 01:08:24-04:00,0.0
2011-04-22 01:08:27-04:00,0.0
2011-04-22 01:08:30-04:00,0.0
2011-04-22 01:08:33-04:00,0.0
2011-04-22 01:08:36-04:00,0.0
2011-04-22 01:08:39-04:00,0.0
2011-04-22 01:08:42-04:00,0.0
2011-04-22 01:08:45-04:00,0.0
2011-04-22 01:08:48-04:00,0.0
2011-04-22 01:08:51-04:00,0.0
2011-04-22 01:08:54-04:00,0.0
2011-04-22 01:08:57-04:00,0.0
2011-04-22 01:09:00-04:00,0.0
2011-04-22 01:09:03-04:00,0.0
2011-04-22 01:09:06-04:00,0.0
2011-04-22 01:09:09-04:00,0.0
2011-04-22 01:09:12-04:00,0.0
2011-04-22 01:09:15-04:00,0.0
2011-04-22 01:09:18-04:00,0.0
2011-04-22 01:09:21-04:00,0.0
2011-04-22 01:09:24-04:00,0.0
2011-04-22 01:09:27-04:00,0.0
2011-04-22 01:09:30-04:00,0.0
2011-04-22 01:09:33-04:00,0.0
2011-04-22 01:09:36-04:00,0.0
2011-04-22 01:09:39-04:00,0.0
2011-04-22 01:09:42-04:00,0.0
2011-04-22 01:09:45-04:00,0.0
2011-04-22 01:09:48-04:00,0.0
2011-04-22 01:09:51-04:00,0.0
2011-04-22 01:09:54-04:00,0.0
2011-04-22 01:09:57-04:00,0.0
2011-04-22 01:10:00-04:00,0.0
2011-04-22 01:10:03-04:00,0.0
2011-04-22 01:10:06-04:00,0.0
2011-04-22 01:10:09-04:00,0.0
2011-04-22 01:10:12-04:00,0.0
2011-04-22 01:10:15-04:00,0.0
2011-04-22 01:10:18-04:00,0.0
2011-04-22 01:10:21-04:00,0.0
2011-04-22 01:10:24-04:00,0.0
2011-04-22 01:10:27-04:00,0.0
2011-04-22 01:10:30-04:00,0.0
2011-04-22 01:10:33-04:00,0.0
2011-04-22 01:10:36-04:00,0.0
2011-04-22 01:10:39-04:00,0.0
2011-04-22 01:10:42-04:00,0.0
2011-04-22 01:10:45-04:00,0.0
2011-04-22 01:10:48-04:00,0.0
2011-04-22 01:10:51-04:00,0.0
2011-04-22 01:10:54-04:00,0.0
2011-04-22 01:10:57-04:00,0.0
2011-04-22 01:11:00-04:00,0.0
2011-04-22 01:11:03-04:00,0.0
2011-04-22 01:11:06-04:00,0.0
2011-04-22 01:11:09-04:00,0.0
2011-04-22 01:11:12-04:00,0.0
2011-04-22 01:11:15-04:00,0.0
2011-04-22 01:11:18-04:00,0.0
2011-04-22 01:11:21-04:00,0.0
2011-04-22 01:11:24-04:00,0.0
2011-04-22 01:11:27-04:00,0.0
2011-04-22 01:11:30-04:00,0.0
2011-04-22 01:11:33-04:00,0.0
2011-04-22 01:11:36-04:00,0.0
2011-04-22 01:11:39-04:00,0.0
2011-04-22 01:11:42-04:00,0.0
2011-04-22 01:11:45-04:00,0.0
2011-04-22 01:11:48-04:00,0.0
2011-04-22 01:11:51-04:00,0.0
2011-04-22 01:11:54-04:00,0.0
2011-04-22 01:11:57-04:00,0.0
2011-04-22 01:12:00-04:00,0.0
2011-04-22 01:12:03-04:00,0.0
2011-04-22 01:12:06-04:00,0.0
2011-04-22 01:12:09-04:00,0.0
2011-04-22 01:12:12-04:00,0.0
2011-04-22 01:12:15-04:00,0.0
2011-04-22 01:12:18-04:00,0.0
2011-04-22 01:12:21-04:00,0.0
2011-04-22 01:12:24-04:00,0.0
2011-04-22 01:12:27-04:00,0.0
2011-04-22 01:12:30-04:00,0.0
2011-04-22 01:12:33-04:00,0.0
2011-04-22 01:12:36-04:00,0.0
2011-04-22 01:12:39-04:00,0.0
2011-04-22 01:12:42-04:00,0.0
2011-04-22 01:12:45-04:00,0.0
2011-04-22 01:12:48-04:00,0.0
2011-04-22 01:12:51-04:00,0.0
2011-04-22 01:12:54-04:00,0.0
2011-04-22 01:12:57-04:00,0.0
2011-04-22 01:13:00-04:00,0.0
2011-04-22 01:13:03-04:00,0.0
2011-04-22 01:13:06-04:00,0.0
2011-04-22 01:13:09-04:00,0.0
2011-04-22 01:13:12-04:00,0.0
2011-04-22 01:13:15-04:00,0.0
2011-04-22 01:13:18-04:00,0.0
2011-04-22 01:13:21-04:00,0.0
2011-04-22 01:13:24-04:00,0.0
2011-04-22 01:13:27-04:00,0.0
2011-04-22 01:13:30-04:00,0.0
2011-04-22 01:13:33-04:00,0.0
2011-04-22 01:13:36-04:00,0.0
2011-04-22 01:13:39-04:00,0.0
2011-04-22 01:13:42-04:00,0.0
2011-04-22 01:13:45-04:00,0.0
2011-04-22 01:13:48-04:00,0.0
2011-04-22 01:13:51-04:00,0.0
2011-04-22 01:13:54-04:00,0.0
2011-04-22 01:13:57-04:00,0.0
2011-04-22 01:14:00-04:00,0.0
2011-04-22 01:14:03-04:00,0.0
2011-04-22 01:14:06-04:00,0.0
2011-04-22 01:14:09-04:00,0.0
2011-04-22 01:14:12-04:00,0.0
2011-04-22 01:14:15-04:00,0.0
2011-04-22 01:14:18-04:00,0.0
2011-04-22 01:14:21-04:00,0.0
2011-04-22 01:14:24-04:00,0.0
2011-04-22 01:14:27-04:00,0.0
2011-04-22 01:14:30-04:00,0.0
2011-04-22 01:14:33-04:00,0.0
2011-04-22 01:14:36-04:00,0.0
2011-04-22 01:14:39-04:00,0.0
2011-04-22 01:14:42-04:00,0.0
2011-04-22 01:14:45-04:00,0.0
2011-04-22 01:14:48-04:00,0.0
2011-04-22 01:14:51-04:00,0.0
2011-04-22 01:14:54-04:00,0.0
2011-04-22 01:14:57-04:00,0.0
2011-04-22 01:15:00-04:00,0.0
2011-04-22 01:15:03-04:00,0.0
2011-04-22 01:15:06-04:00,0.0
2011-04-22 01:15:09-04:00,0.0
2011-04-22 01:15:12-04:00,0.0
2011-04-22 01:15:15-04:00,0.0
2011-04-22 01:15:18-04:00,0.0
2011-04-22 01:15:21-04:00,0.0
2011-04-22 01:15:24-04:00,0.0
2011-04-22 01:15:27-04:00,0.0
2011-04-22 01:15:30-04:00,0.0
2011-04-22 01:15:33-04:00,0.0
2011-04-22 01:15:36-04:00,0.0
2011-04-22 01:15:39-04:00,0.0
2011-04-22 01:15:42-04:00,0.0
2011-04-22 01:15:45-04:00,0.0
2011-04-22 01:15:48-04:00,0.0
2011-04-22 01:15:51-04:00,0.0
2011-04-22 01:15:54-04:00,0.0
2011-04-22 01:15:57-04:00,0.0
2011-04-22 01:16:00-04:00,0.0
2011-04-22 01:16:03-04:00,0.0
2011-04-22 01:16:06-04:00,0.0
2011-04-22 01:16:09-04:00,0.0
2011-04-22 01:16:12-04:00,0.0
2011-04-22 01:16:15-04:00,0.0
2011-04-22 01:16:18-04:00,0.0
2011-04-22 01:16:21-04:00,0.0
2011-04-22 01:16:24-04:00,0.0
2011-04-22 01:16:27-04:00,0.0
2011-04-22 01:16:30-04:00,0.0
2011-04-22 01:16:33-04:00,0.0
2011-04-22 01:16:36-04:00,0.0
2011-04-22 01:16:39-04:00,0.0
2011-04-22 01:16:42-04:00,0.0
2011-04-22 01:16:45-04:00,0.0
2011-04-22 01:16:48-04:00,0.0
2011-04-22 01:16:51-04:00,0.0
2011-04-22 01:16:54-04:00,0.0
2011-04-22 01:16:57-04:00,0.0
2011-04-22 01:17:00-04:00,0.0
2011-04-22 01:17:03-04:00,0.0
2011-04-22 01:17:06-04:00,0.0
2011-04-22 01:17:09-04:00,0.0
2011-04-22 01:17:12-04:00,0.0
2011-04-22 01:17:15-04:00,0.0
2011-04-22 01:17:18-04:00,0.0
2011-04-22 01:17:21-04:00,0.0
2011-04-22 01:17:24-04:00,0.0
2011-04-22 01:17:27-04:00,0.0
2011-04-22 01:17:30-04:00,0.0
2011-04-22 01:17:33-04:00,0.0
2011-04-22 01:17:36-04:00,0.0
2011-04-22 01:17:39-04:00,0.0
2011-04-22 01:17:42-04:00,0.0
2011-04-22 01:17:45-04:00,0.0
2011-04-22 01:17:48-04:00,0.0
2011-04-22 01:17:51-04:00,0.0
2011-04-22 01:17:54-04:00,0.0
2011-04-22 01:17:57-04:00,0.0
2011-04-22 01:18:00-04:00,0.0
2011-04-22 01:18:03-04:00,0.0
2011-04-22 01:18:06-04:00,0.0
2011-04-22 01:18:09-04:00,0.0
2011-04-22 01:18:12-04:00,0.0
2011-04-22 01:18:15-04:00,0.0
2011-04-22 01:18:18-04:00,0.0
2011-04-22 01:18:21-04:00,0.0
2011-04-22 01:18:24-04:00,0.0
2011-04-22 01:18:27-04:00,0.0
2011-04-22 01:18:30-04:00,0.0
2011-04-22 01:18:33-04:00,0.0
2011-04-22 01:18:36-04:00,0.0
2011-04-22 01:18:39-04:00,0.0
2011-04-22 01:18:42-04:00,0.0
2011-04-22 01:18:45-04:00,0.0
2011-04-22 01:18:48-04:00,0.0
2011-04-22 01:18:51-04:00,0.0
2011-04-22 01:18:54-04:00,0.0
2011-04-22 01:18:57-04:00,0.0
2011-04-22 01:19:00-04:00,0.0
2011-04-22 01:19:03-04:00,0.0
2011-04-22 01:19:06-04:00,0.0
2011-04-22 01:19:09-04:00,0.0
2011-04-22 01:19:12-04:00,0.0
2011-04-22 01:19:15-04:00,0.0
2011-04-22 01:19:18-04:00,0.0
2011-04-22 01:19:21-04:00,0.0
2011-04-22 01:19:24-04:00,0.0
2011-04-22 01:19:27-04:00,0.0
2011-04-22 01:19:30-04:00,0.0
2011-04-22 01:19:33-04:00,0.0
2011-04-22 01:19:36-04:00,0.0
2011-04-22 01:19:39-04:00,0.0
2011-04-22 01:19:42-04:00,0.0
2011-04-22 01:19:45-04:00,0.0
2011-04-22 01:19:48-04:00,0.0
2011-04-22 01:19:51-04:00,0.0
2011-04-22 01:19:54-04:00,0.0
2011-04-22 01:19:57-04:00,0.0
2011-04-22 01:20:00-04:00,0.0
2011-04-22 01:20:03-04:00,0.0
2011-04-22 01:20:06-04:00,0.0
2011-04-22 01:20:09-04:00,0.0
2011-04-22 01:20:12-04:00,0.0
2011-04-22 01:20:15-04:00,0.0
2011-04-22 01:20:18-04:00,0.0
2011-04-22 01:20:21-04:00,0.0
2011-04-22 01:20:24-04:00,0.0
2011-04-22 01:20:27-04:00,0.0
2011-04-22 01:20:30-04:00,0.0
2011-04-22 01:20:33-04:00,0.0
2011-04-22 01:20:36-04:00,0.0
2011-04-22 01:20:39-04:00,0.0
2011-04-22 01:20:42-04:00,0.0
2011-04-22 01:20:45-04:00,0.0
2011-04-22 01:20:48-04:00,0.0
2011-04-22 01:20:51-04:00,0.0
2011-04-22 01:20:54-04:00,0.0
2011-04-22 01:20:57-04:00,0.0
2011-04-22 01:21:00-04:00,0.0
2011-04-22 01:21:03-04:00,0.0
2011-04-22 01:21:06-04:00,0.0
2011-04-22 01:21:09-04:00,0.0
2011-04-22 01:21:12-04:00,0.0
2011-04-22 01:21:15-04:00,0.0
2011-04-22 01:21:18-04:00,0.0
2011-04-22 01:21:21-04:00,0.0
2011-04-22 01:21:24-04:00,0.0
2011-04-22 01:21:27-04:00,0.0
2011-04-22 01:21:30-04:00,0.0
2011-04-22 01:21:33-04:00,0.0
2011-04-22 01:21:36-04:00,0.0
2011-04-22 01:21:39-04:00,0.0
2011-04-22 01:21:42-04:00,0.0
2011-04-22 01:21:45-04:00,0.0
2011-04-22 01:21:48-04:00,0.0
2011-04-22 01:21:51-04:00,0.0
2011-04-22 01:21:54-04:00,0.0
2011-04-22 01:21:57-04:00,0.0
2011-04-22 01:22:00-04:00,0.0
2011-04-22 01:22:03-04:00,0.0
2011-04-22 01:22:06-04:00,0.0
2011-04-22 01:22:09-04:00,0.0
2011-04-22 01:22:12-04:00,0.0
2011-04-22 01:22:15-04:00,0.0
2011-04-22 01:22:18-04:00,0.0
2011-04-22 01:22:21-04:00,0.0
2011-04-22 01:22:24-04:00,0.0
2011-04-22 01:22:27-04:00,0.0
2011-04-22 01:22:30-04:00,0.0
2011-04-22 01:22:33-04:00,0.0
2011-04-22 01:22:36-04:00,0.0
2011-04-22 01:22:39-04:00,0.0
2011-04-22 01:22:42-04:00,0.0
2011-04-22 01:22:45-04:00,0.0
2011-04-22 01:22:48-04:00,0.0
2011-04-22 01:22:51-04:00,0.0
2011-04-22 01:22:54-04:00,0.0
2011-04-22 01:22:57-04:00,0.0
2011-04-22 01:23:00-04:00,0.0
2011-04-22 01:23:03-04:00,0.0
2011-04-22 01:23:06-04:00,0.0
2011-04-22 01:23:09-04:00,0.0
2011-04-22 01:23:12-04:00,0.0
2011-04-22 01:23:15-04:00,0.0
2011-04-22 01:23:18-04:00,0.0
2011-04-22 01:23:21-04:00,0.0
2011-04-22 01:23:24-04:00,0.0
2011-04-22 01:23:27-04:00,0.0
2011-04-22 01:23:30-04:00,0.0
2011-04-22 01:23:33-04:00,0.0
2011-04-22 01:23:36-04:00,0.0
2011-04-22 01:23:39-04:00,0.0
2011-04-22 01:23:42-04:00,0.0
2011-04-22 01:23:45-04:00,0.0
2011-04-22 01:23:48-04:00,0.0
2011-04-22 01:23:51-04:00,0.0
2011-04-22 01:23:54-04:00,0.0
2011-04-22 01:23:57-04:00,0.0
2011-04-22 01:24:00-04:00,0.0
2011-04-22 01:24:03-04:00,0.0
2011-04-22 01:24:06-04:00,0.0
2011-04-22 01:24:09-04:00,0.0
2011-04-22 01:24:12-04:00,0.0
2011-04-22 01:24:15-04:00,0.0
2011-04-22 01:24:18-04:00,0.0
2011-04-22 01:24:21-04:00,0.0
2011-04-22 01:24:24-04:00,0.0
2011-04-22 01:24:27-04:00,0.0
2011-04-22 01:24:30-04:00,0.0
2011-04-22 01:24:33-04:00,0.0
2011-04-22 01:24:36-04:00,0.0
2011-04-22 01:24:39-04:00,0.0
2011-04-22 01:24:42-04:00,0.0
2011-04-22 01:24:45-04:00,0.0
2011-04-22 01:24:48-04:00,0.0
2011-04-22 01:24:51-04:00,0.0
2011-04-22 01:24:54-04:00,0.0
2011-04-22 01:24:57-04:00,0.0
2011-04-22 01:25:00-04:00,0.0
2011-04-22 01:25:03-04:00,0.0
2011-04-22 01:25:06-04:00,0.0
2011-04-22 01:25:09-04:00,0.0
2011-04-22 01:25:12-04:00,0.0
2011-04-22 01:25:15-04:00,0.0
2011-04-22 01:25:18-04:00,0.0
2011-04-22 01:25:21-04:00,0.0
2011-04-22 01:25:24-04:00,0.0
2011-04-22 01:25:27-04:00,0.0
2011-04-22 01:25:30-04:00,0.0
2011-04-22 01:25:33-04:00,0.0
2011-04-22 01:25:36-04:00,0.0
2011-04-22 01:25:39-04:00,0.0
2011-04-22 01:25:42-04:00,0.0
2011-04-22 01:25:45-04:00,0.0
2011-04-22 01:25:48-04:00,0.0
2011-04-22 01:25:51-04:00,0.0
2011-04-22 01:25:54-04:00,0.0
2011-04-22 01:25:57-04:00,0.0
2011-04-22 01:26:00-04:00,0.0
2011-04-22 01:26:03-04:00,0.0
2011-04-22 01:26:06-04:00,0.0
2011-04-22 01:26:09-04:00,0.0
2011-04-22 01:26:12-04:00,0.0
2011-04-22 01:26:15-04:00,0.0
2011-04-22 01:26:18-04:00,0.0
2011-04-22 01:26:21-04:00,0.0
2011-04-22 01:26:24-04:00,0.0
2011-04-22 01:26:27-04:00,0.0
2011-04-22 01:26:30-04:00,0.0
2011-04-22 01:26:33-04:00,0.0
2011-04-22 01:26:36-04:00,0.0
2011-04-22 01:26:39-04:00,0.0
2011-04-22 01:26:42-04:00,0.0
2011-04-22 01:26:45-04:00,0.0
2011-04-22 01:26:48-04:00,0.0
2011-04-22 01:26:51-04:00,0.0
2011-04-22 01:26:54-04:00,0.0
2011-04-22 01:26:57-04:00,0.0
2011-04-22 01:27:00-04:00,0.0
2011-04-22 01:27:03-04:00,0.0
2011-04-22 01:27:06-04:00,0.0
2011-04-22 01:27:09-04:00,0.0
2011-04-22 01:27:12-04:00,0.0
2011-04-22 01:27:15-04:00,0.0
2011-04-22 01:27:18-04:00,0.0
2011-04-22 01:27:21-04:00,0.0
2011-04-22 01:27:24-04:00,0.0
2011-04-22 01:27:27-04:00,0.0
2011-04-22 01:27:30-04:00,0.0
2011-04-22 01:27:33-04:00,0.0
2011-04-22 01:27:36-04:00,0.0
2011-04-22 01:27:39-04:00,0.0
2011-04-22 01:27:42-04:00,0.0
2011-04-22 01:27:45-04:00,0.0
2011-04-22 01:27:48-04:00,0.0
2011-04-22 01:27:51-04:00,0.0
2011-04-22 01:27:54-04:00,0.0
2011-04-22 01:27:57-04:00,0.0
2011-04-22 01:28:00-04:00,0.0
2011-04-22 01:28:03-04:00,0.0
2011-04-22 01:28:06-04:00,0.0
2011-04-22 01:28:09-04:00,0.0
2011-04-22 01:28:12-04:00,0.0
2011-04-22 01:28:15-04:00,0.0
2011-04-22 01:28:18-04:00,0.0
2011-04-22 01:28:21-04:00,0.0
2011-04-22 01:28:24-04:00,0.0
2011-04-22 01:28:27-04:00,0.0
2011-04-22 01:28:30-04:00,0.0
2011-04-22 01:28:33-04:00,0.0
2011-04-22 01:28:36-04:00,0.0
2011-04-22 01:28:39-04:00,0.0
2011-04-22 01:28:42-04:00,0.0
2011-04-22 01:28:45-04:00,0.0
2011-04-22 01:28:48-04:00,0.0
2011-04-22 01:28:51-04:00,0.0
2011-04-22 01:28:54-04:00,0.0
2011-04-22 01:28:57-04:00,0.0
2011-04-22 01:29:00-04:00,0.0
2011-04-22 01:29:03-04:00,0.0
2011-04-22 01:29:06-04:00,0.0
2011-04-22 01:29:09-04:00,0.0
2011-04-22 01:29:12-04:00,0.0
2011-04-22 01:29:15-04:00,0.0
2011-04-22 01:29:18-04:00,0.0
2011-04-22 01:29:21-04:00,0.0
2011-04-22 01:29:24-04:00,0.0
2011-04-22 01:29:27-04:00,0.0
2011-04-22 01:29:30-04:00,0.0
2011-04-22 01:29:33-04:00,0.0
2011-04-22 01:29:36-04:00,0.0
2011-04-22 01:29:39-04:00,0.0
2011-04-22 01:29:42-04:00,0.0
2011-04-22 01:29:45-04:00,0.0
2011-04-22 01:29:48-04:00,0.0
2011-04-22 01:29:51-04:00,0.0
2011-04-22 01:29:54-04:00,0.0
2011-04-22 01:29:57-04:00,0.0
2011-04-22 01:30:00-04:00,0.0
2011-04-22 01:30:03-04:00,0.0
2011-04-22 01:30:06-04:00,0.0
2011-04-22 01:30:09-04:00,0.0
2011-04-22 01:30:12-04:00,0.0
2011-04-22 01:30:15-04:00,0.0
2011-04-22 01:30:18-04:00,0.0
2011-04-22 01:30:21-04:00,0.0
2011-04-22 01:30:24-04:00,0.0
2011-04-22 01:30:27-04:00,0.0
2011-04-22 01:30:30-04:00,0.0
2011-04-22 01:30:33-04:00,0.0
2011-04-22 01:30:36-04:00,0.0
2011-04-22 01:30:39-04:00,0.0
2011-04-22 01:30:42-04:00,0.0
2011-04-22 01:30:45-04:00,0.0
2011-04-22 01:30:48-04:00,0.0
2011-04-22 01:30:51-04:00,0.0
2011-04-22 01:30:54-04:00,0.0
2011-04-22 01:30:57-04:00,0.0
2011-04-22 01:31:00-04:00,0.0
2011-04-22 01:31:03-04:00,0.0
2011-04-22 01:31:06-04:00,0.0
2011-04-22 01:31:09-04:00,0.0
2011-04-22 01:31:12-04:00,0.0
2011-04-22 01:31:15-04:00,0.0
2011-04-22 01:31:18-04:00,0.0
2011-04-22 01:31:21-04:00,0.0
2011-04-22 01:31:24-04:00,0.0
2011-04-22 01:31:27-04:00,0.0
2011-04-22 01:31:30-04:00,0.0
2011-04-22 01:31:33-04:00,0.0
2011-04-22 01:31:36-04:00,0.0
2011-04-22 01:31:39-04:00,0.0
2011-04-22 01:31:42-04:00,0.0
2011-04-22 01:31:45-04:00,0.0
2011-04-22 01:31:48-04:00,0.0
2011-04-22 01:31:51-04:00,0.0
2011-04-22 01:31:54-04:00,0.0
2011-04-22 01:31:57-04:00,0.0
2011-04-22 01:32:00-04:00,0.0
2011-04-22 01:32:03-04:00,0.0
2011-04-22 01:32:06-04:00,0.0
2011-04-22 01:32:09-04:00,0.0
2011-04-22 01:32:12-04:00,0.0
2011-04-22 01:32:15-04:00,0.0
2011-04-22 01:32:18-04:00,0.0
2011-04-22 01:32:21-04:00,0.0
2011-04-22 01:32:24-04:00,0.0
2011-04-22 01:32:27-04:00,0.0
2011-04-22 01:32:30-04:00,0.0
2011-04-22 01:32:33-04:00,0.0
2011-04-22 01:32:36-04:00,0.0
2011-04-22 01:32:39-04:00,0.0
2011-04-22 01:32:42-04:00,0.0
2011-04-22 01:32:45-04:00,0.0
2011-04-22 01:32:48-04:00,0.0
2011-04-22 01:32:51-04:00,0.0
2011-04-22 01:32:54-04:00,0.0
2011-04-22 01:32:57-04:00,0.0
2011-04-22 01:33:00-04:00,0.0
2011-04-22 01:33:03-04:00,0.0
2011-04-22 01:33:06-04:00,0.0
2011-04-22 01:33:09-04:00,0.0
2011-04-22 01:33:12-04:00,0.0
2011-04-22 01:33:15-04:00,0.0
2011-04-22 01:33:18-04:00,0.0
2011-04-22 01:33:21-04:00,0.0
2011-04-22 01:33:24-04:00,0.0
2011-04-22 01:33:27-04:00,0.0
2011-04-22 01:33:30-04:00,0.0
2011-04-22 01:33:33-04:00,0.0
2011-04-22 01:33:36-04:00,0.0
2011-04-22 01:33:39-04:00,0.0
2011-04-22 01:33:42-04:00,0.0
2011-04-22 01:33:45-04:00,0.0
2011-04-22 01:33:48-04:00,0.0
2011-04-22 01:33:51-04:00,0.0
2011-04-22 01:33:54-04:00,0.0
2011-04-22 01:33:57-04:00,0.0
2011-04-22 01:34:00-04:00,0.0
2011-04-22 01:34:03-04:00,0.0
2011-04-22 01:34:06-04:00,0.0
2011-04-22 01:34:09-04:00,0.0
2011-04-22 01:34:12-04:00,0.0
2011-04-22 01:34:15-04:00,0.0
2011-04-22 01:34:18-04:00,0.0
2011-04-22 01:34:21-04:00,0.0
2011-04-22 01:34:24-04:00,0.0
2011-04-22 01:34:27-04:00,0.0
2011-04-22 01:34:30-04:00,0.0
2011-04-22 01:34:33-04:00,0.0
2011-04-22 01:34:36-04:00,0.0
2011-04-22 01:34:39-04:00,0.0
2011-04-22 01:34:42-04:00,0.0
2011-04-22 01:34:45-04:00,0.0
2011-04-22 01:34:48-04:00,0.0
2011-04-22 01:34:51-04:00,0.0
2011-04-22 01:34:54-04:00,0.0
2011-04-22 01:34:57-04:00,0.0
2011-04-22 01:35:00-04:00,0.0
2011-04-22 01:35:03-04:00,0.0
2011-04-22 01:35:06-04:00,0.0
2011-04-22 01:35:09-04:00,0.0
2011-04-22 01:35:12-04:00,0.0
2011-04-22 01:35:15-04:00,0.0
2011-04-22 01:35:18-04:00,0.0
2011-04-22 01:35:21-04:00,0.0
2011-04-22 01:35:24-04:00,0.0
2011-04-22 01:35:27-04:00,0.0
2011-04-22 01:35:30-04:00,0.0
2011-04-22 01:35:33-04:00,0.0
2011-04-22 01:35:36-04:00,0.0
2011-04-22 01:35:39-04:00,0.0
2011-04-22 01:35:42-04:00,0.0
2011-04-22 01:35:45-04:00,0.0
2011-04-22 01:35:48-04:00,0.0
2011-04-22 01:35:51-04:00,0.0
2011-04-22 01:35:54-04:00,0.0
2011-04-22 01:35:57-04:00,0.0
2011-04-22 01:36:00-04:00,0.0
2011-04-22 01:36:03-04:00,0.0
2011-04-22 01:36:06-04:00,0.0
2011-04-22 01:36:09-04:00,0.0
2011-04-22 01:36:12-04:00,0.0
2011-04-22 01:36:15-04:00,0.0
2011-04-22 01:36:18-04:00,0.0
2011-04-22 01:36:21-04:00,0.0
2011-04-22 01:36:24-04:00,0.0
2011-04-22 01:36:27-04:00,0.0
2011-04-22 01:36:30-04:00,0.0
2011-04-22 01:36:33-04:00,0.0
2011-04-22 01:36:36-04:00,0.0
2011-04-22 01:36:39-04:00,0.0
2011-04-22 01:36:42-04:00,0.0
2011-04-22 01:36:45-04:00,0.0
2011-04-22 01:36:48-04:00,0.0
2011-04-22 01:36:51-04:00,0.0
2011-04-22 01:36:54-04:00,0.0
2011-04-22 01:36:57-04:00,0.0
2011-04-22 01:37:00-04:00,0.0
2011-04-22 01:37:03-04:00,0.0
2011-04-22 01:37:06-04:00,0.0
2011-04-22 01:37:09-04:00,0.0
2011-04-22 01:37:12-04:00,0.0
2011-04-22 01:37:15-04:00,0.0
2011-04-22 01:37:18-04:00,0.0
2011-04-22 01:37:21-04:00,0.0
2011-04-22 01:37:24-04:00,0.0
2011-04-22 01:37:27-04:00,0.0
2011-04-22 01:37:30-04:00,0.0
2011-04-22 01:37:33-04:00,0.0
2011-04-22 01:37:36-04:00,0.0
2011-04-22 01:37:39-04:00,0.0
2011-04-22 01:37:42-04:00,0.0
2011-04-22 01:37:45-04:00,0.0
2011-04-22 01:37:48-04:00,0.0
2011-04-22 01:37:51-04:00,0.0
2011-04-22 01:37:54-04:00,0.0
2011-04-22 01:37:57-04:00,0.0
2011-04-22 01:38:00-04:00,0.0
2011-04-22 01:38:03-04:00,0.0
2011-04-22 01:38:06-04:00,0.0
2011-04-22 01:38:09-04:00,0.0
2011-04-22 01:38:12-04:00,0.0
2011-04-22 01:38:15-04:00,0.0
2011-04-22 01:38:18-04:00,0.0
2011-04-22 01:38:21-04:00,0.0
2011-04-22 01:38:24-04:00,0.0
2011-04-22 01:38:27-04:00,0.0
2011-04-22 01:38:30-04:00,0.0
2011-04-22 01:38:33-04:00,0.0
2011-04-22 01:38:36-04:00,0.0
2011-04-22 01:38:39-04:00,0.0
2011-04-22 01:38:42-04:00,0.0
2011-04-22 01:38:45-04:00,0.0
2011-04-22 01:38:48-04:00,0.0
2011-04-22 01:38:51-04:00,0.0
2011-04-22 01:38:54-04:00,0.0
2011-04-22 01:38:57-04:00,0.0
2011-04-22 01:39:00-04:00,0.0
2011-04-22 01:39:03-04:00,0.0
2011-04-22 01:39:06-04:00,0.0
2011-04-22 01:39:09-04:00,0.0
2011-04-22 01:39:12-04:00,0.0
2011-04-22 01:39:15-04:00,0.0
2011-04-22 01:39:18-04:00,0.0
2011-04-22 01:39:21-04:00,0.0
2011-04-22 01:39:24-04:00,0.0
2011-04-22 01:39:27-04:00,0.0
2011-04-22 01:39:30-04:00,0.0
2011-04-22 01:39:33-04:00,0.0
2011-04-22 01:39:36-04:00,0.0
2011-04-22 01:39:39-04:00,0.0
2011-04-22 01:39:42-04:00,0.0
2011-04-22 01:39:45-04:00,0.0
2011-04-22 01:39:48-04:00,0.0
2011-04-22 01:39:51-04:00,0.0
2011-04-22 01:39:54-04:00,0.0
2011-04-22 01:39:57-04:00,0.0
2011-04-22 01:40:00-04:00,0.0
2011-04-22 01:40:03-04:00,0.0
2011-04-22 01:40:06-04:00,0.0
2011-04-22 01:40:09-04:00,0.0
2011-04-22 01:40:12-04:00,0.0
2011-04-22 01:40:15-04:00,0.0
2011-04-22 01:40:18-04:00,0.0
2011-04-22 01:40:21-04:00,0.0
2011-04-22 01:40:24-04:00,0.0
2011-04-22 01:40:27-04:00,0.0
2011-04-22 01:40:30-04:00,0.0
2011-04-22 01:40:33-04:00,0.0
2011-04-22 01:40:36-04:00,0.0
2011-04-22 01:40:39-04:00,0.0
2011-04-22 01:40:42-04:00,0.0
2011-04-22 01:40:45-04:00,0.0
2011-04-22 01:40:48-04:00,0.0
2011-04-22 01:40:51-04:00,0.0
2011-04-22 01:40:54-04:00,0.0
2011-04-22 01:40:57-04:00,0.0
2011-04-22 01:41:00-04:00,0.0
2011-04-22 01:41:03-04:00,0.0
2011-04-22 01:41:06-04:00,0.0
2011-04-22 01:41:09-04:00,0.0
2011-04-22 01:41:12-04:00,0.0
2011-04-22 01:41:15-04:00,0.0
2011-04-22 01:41:18-04:00,0.0
2011-04-22 01:41:21-04:00,0.0
2011-04-22 01:41:24-04:00,0.0
2011-04-22 01:41:27-04:00,0.0
2011-04-22 01:41:30-04:00,0.0
2011-04-22 01:41:33-04:00,0.0
2011-04-22 01:41:36-04:00,0.0
2011-04-22 01:41:39-04:00,0.0
2011-04-22 01:41:42-04:00,0.0
2011-04-22 01:41:45-04:00,0.0
2011-04-22 01:41:48-04:00,0.0
2011-04-22 01:41:51-04:00,0.0
2011-04-22 01:41:54-04:00,0.0
2011-04-22 01:41:57-04:00,0.0
2011-04-22 01:42:00-04:00,0.0
2011-04-22 01:42:03-04:00,0.0
2011-04-22 01:42:06-04:00,0.0
2011-04-22 01:42:09-04:00,0.0
2011-04-22 01:42:12-04:00,0.0
2011-04-22 01:42:15-04:00,0.0
2011-04-22 01:42:18-04:00,0.0
2011-04-22 01:42:21-04:00,0.0
2011-04-22 01:42:24-04:00,0.0
2011-04-22 01:42:27-04:00,0.0
2011-04-22 01:42:30-04:00,0.0
2011-04-22 01:42:33-04:00,0.0
2011-04-22 01:42:36-04:00,0.0
2011-04-22 01:42:39-04:00,0.0
2011-04-22 01:42:42-04:00,0.0
2011-04-22 01:42:45-04:00,0.0
2011-04-22 01:42:48-04:00,0.0
2011-04-22 01:42:51-04:00,0.0
2011-04-22 01:42:54-04:00,0.0
2011-04-22 01:42:57-04:00,0.0
2011-04-22 01:43:00-04:00,0.0
2011-04-22 01:43:03-04:00,0.0
2011-04-22 01:43:06-04:00,0.0
2011-04-22 01:43:09-04:00,0.0
2011-04-22 01:43:12-04:00,0.0
2011-04-22 01:43:15-04:00,0.0
2011-04-22 01:43:18-04:00,0.0
2011-04-22 01:43:21-04:00,0.0
2011-04-22 01:43:24-04:00,0.0
2011-04-22 01:43:27-04:00,0.0
2011-04-22 01:43:30-04:00,0.0
2011-04-22 01:43:33-04:00,0.0
2011-04-22 01:43:36-04:00,0.0
2011-04-22 01:43:39-04:00,0.0
2011-04-22 01:43:42-04:00,0.0
2011-04-22 01:43:45-04:00,0.0
2011-04-22 01:43:48-04:00,0.0
2011-04-22 01:43:51-04:00,0.0
2011-04-22 01:43:54-04:00,0.0
2011-04-22 01:43:57-04:00,0.0
2011-04-22 01:44:00-04:00,0.0
2011-04-22 01:44:03-04:00,0.0
2011-04-22 01:44:06-04:00,0.0
2011-04-22 01:44:09-04:00,0.0
2011-04-22 01:44:12-04:00,0.0
2011-04-22 01:44:15-04:00,0.0
2011-04-22 01:44:18-04:00,0.0
2011-04-22 01:44:21-04:00,0.0
2011-04-22 01:44:24-04:00,0.0
2011-04-22 01:44:27-04:00,0.0
2011-04-22 01:44:30-04:00,0.0
2011-04-22 01:44:33-04:00,0.0
2011-04-22 01:44:36-04:00,0.0
2011-04-22 01:44:39-04:00,0.0
2011-04-22 01:44:42-04:00,0.0
2011-04-22 01:44:45-04:00,0.0
2011-04-22 01:44:48-04:00,0.0
2011-04-22 01:44:51-04:00,0.0
2011-04-22 01:44:54-04:00,0.0
2011-04-22 01:44:57-04:00,0.0
2011-04-22 01:45:00-04:00,0.0
2011-04-22 01:45:03-04:00,0.0
2011-04-22 01:45:06-04:00,0.0
2011-04-22 01:45:09-04:00,0.0
2011-04-22 01:45:12-04:00,0.0
2011-04-22 01:45:15-04:00,0.0
2011-04-22 01:45:18-04:00,0.0
2011-04-22 01:45:21-04:00,0.0
2011-04-22 01:45:24-04:00,0.0
2011-04-22 01:45:27-04:00,0.0
2011-04-22 01:45:30-04:00,0.0
2011-04-22 01:45:33-04:00,0.0
2011-04-22 01:45:36-04:00,0.0
2011-04-22 01:45:39-04:00,0.0
2011-04-22 01:45:42-04:00,0.0
2011-04-22 01:45:45-04:00,0.0
2011-04-22 01:45:48-04:00,0.0
2011-04-22 01:45:51-04:00,0.0
2011-04-22 01:45:54-04:00,0.0
2011-04-22 01:45:57-04:00,0.0
2011-04-22 01:46:00-04:00,0.0
2011-04-22 01:46:03-04:00,0.0
2011-04-22 01:46:06-04:00,0.0
2011-04-22 01:46:09-04:00,0.0
2011-04-22 01:46:12-04:00,0.0
2011-04-22 01:46:15-04:00,0.0
2011-04-22 01:46:18-04:00,0.0
2011-04-22 01:46:21-04:00,0.0
2011-04-22 01:46:24-04:00,0.0
2011-04-22 01:46:27-04:00,0.0
2011-04-22 01:46:30-04:00,0.0
2011-04-22 01:46:33-04:00,0.0
2011-04-22 01:46:36-04:00,0.0
2011-04-22 01:46:39-04:00,0.0
2011-04-22 01:46:42-04:00,0.0
2011-04-22 01:46:45-04:00,0.0
2011-04-22 01:46:48-04:00,0.0
2011-04-22 01:46:51-04:00,0.0
2011-04-22 01:46:54-04:00,0.0
2011-04-22 01:46:57-04:00,0.0
2011-04-22 01:47:00-04:00,0.0
2011-04-22 01:47:03-04:00,0.0
2011-04-22 01:47:06-04:00,0.0
2011-04-22 01:47:09-04:00,0.0
2011-04-22 01:47:12-04:00,0.0
2011-04-22 01:47:15-04:00,0.0
2011-04-22 01:47:18-04:00,0.0
2011-04-22 01:47:21-04:00,0.0
2011-04-22 01:47:24-04:00,0.0
2011-04-22 01:47:27-04:00,0.0
2011-04-22 01:47:30-04:00,0.0
2011-04-22 01:47:33-04:00,0.0
2011-04-22 01:47:36-04:00,0.0
2011-04-22 01:47:39-04:00,0.0
2011-04-22 01:47:42-04:00,0.0
2011-04-22 01:47:45-04:00,0.0
2011-04-22 01:47:48-04:00,0.0
2011-04-22 01:47:51-04:00,0.0
2011-04-22 01:47:54-04:00,0.0
2011-04-22 01:47:57-04:00,0.0
2011-04-22 01:48:00-04:00,0.0
2011-04-22 01:48:03-04:00,0.0
2011-04-22 01:48:06-04:00,0.0
2011-04-22 01:48:09-04:00,0.0
2011-04-22 01:48:12-04:00,0.0
2011-04-22 01:48:15-04:00,0.0
2011-04-22 01:48:18-04:00,0.0
2011-04-22 01:48:21-04:00,0.0
2011-04-22 01:48:24-04:00,0.0
2011-04-22 01:48:27-04:00,0.0
2011-04-22 01:48:30-04:00,0.0
2011-04-22 01:48:33-04:00,0.0
2011-04-22 01:48:36-04:00,0.0
2011-04-22 01:48:39-04:00,0.0
2011-04-22 01:48:42-04:00,0.0
2011-04-22 01:48:45-04:00,0.0
2011-04-22 01:48:48-04:00,0.0
2011-04-22 01:48:51-04:00,0.0
2011-04-22 01:48:54-04:00,0.0
2011-04-22 01:48:57-04:00,0.0
2011-04-22 01:49:00-04:00,0.0
2011-04-22 01:49:03-04:00,0.0
2011-04-22 01:49:06-04:00,0.0
2011-04-22 01:49:09-04:00,0.0
2011-04-22 01:49:12-04:00,0.0
2011-04-22 01:49:15-04:00,0.0
2011-04-22 01:49:18-04:00,0.0
2011-04-22 01:49:21-04:00,0.0
2011-04-22 01:49:24-04:00,0.0
2011-04-22 01:49:27-04:00,0.0
2011-04-22 01:49:30-04:00,0.0
2011-04-22 01:49:33-04:00,0.0
2011-04-22 01:49:36-04:00,0.0
2011-04-22 01:49:39-04:00,0.0
2011-04-22 01:49:42-04:00,0.0
2011-04-22 01:49:45-04:00,0.0
2011-04-22 01:49:48-04:00,0.0
2011-04-22 01:49:51-04:00,0.0
2011-04-22 01:49:54-04:00,0.0
2011-04-22 01:49:57-04:00,0.0
2011-04-22 01:50:00-04:00,0.0
2011-04-22 01:50:03-04:00,0.0
2011-04-22 01:50:06-04:00,0.0
2011-04-22 01:50:09-04:00,0.0
2011-04-22 01:50:12-04:00,0.0
2011-04-22 01:50:15-04:00,0.0
2011-04-22 01:50:18-04:00,0.0
2011-04-22 01:50:21-04:00,0.0
2011-04-22 01:50:24-04:00,0.0
2011-04-22 01:50:27-04:00,0.0
2011-04-22 01:50:30-04:00,0.0
2011-04-22 01:50:33-04:00,0.0
2011-04-22 01:50:36-04:00,0.0
2011-04-22 01:50:39-04:00,0.0
2011-04-22 01:50:42-04:00,0.0
2011-04-22 01:50:45-04:00,0.0
2011-04-22 01:50:48-04:00,0.0
2011-04-22 01:50:51-04:00,0.0
2011-04-22 01:50:54-04:00,0.0
2011-04-22 01:50:57-04:00,0.0
2011-04-22 01:51:00-04:00,0.0
2011-04-22 01:51:03-04:00,0.0
2011-04-22 01:51:06-04:00,0.0
2011-04-22 01:51:09-04:00,0.0
2011-04-22 01:51:12-04:00,0.0
2011-04-22 01:51:15-04:00,0.0
2011-04-22 01:51:18-04:00,0.0
2011-04-22 01:51:21-04:00,0.0
2011-04-22 01:51:24-04:00,0.0
2011-04-22 01:51:27-04:00,0.0
2011-04-22 01:51:30-04:00,0.0
2011-04-22 01:51:33-04:00,0.0
2011-04-22 01:51:36-04:00,0.0
2011-04-22 01:51:39-04:00,0.0
2011-04-22 01:51:42-04:00,0.0
2011-04-22 01:51:45-04:00,0.0
2011-04-22 01:51:48-04:00,0.0
2011-04-22 01:51:51-04:00,0.0
2011-04-22 01:51:54-04:00,0.0
2011-04-22 01:51:57-04:00,0.0
2011-04-22 01:52:00-04:00,0.0
2011-04-22 01:52:03-04:00,0.0
2011-04-22 01:52:06-04:00,0.0
2011-04-22 01:52:09-04:00,0.0
2011-04-22 01:52:12-04:00,0.0
2011-04-22 01:52:15-04:00,0.0
2011-04-22 01:52:18-04:00,0.0
2011-04-22 01:52:21-04:00,0.0
2011-04-22 01:52:24-04:00,0.0
2011-04-22 01:52:27-04:00,0.0
2011-04-22 01:52:30-04:00,0.0
2011-04-22 01:52:33-04:00,0.0
2011-04-22 01:52:36-04:00,0.0
2011-04-22 01:52:39-04:00,0.0
2011-04-22 01:52:42-04:00,0.0
2011-04-22 01:52:45-04:00,0.0
2011-04-22 01:52:48-04:00,0.0
2011-04-22 01:52:51-04:00,0.0
2011-04-22 01:52:54-04:00,0.0
2011-04-22 01:52:57-04:00,0.0
2011-04-22 01:53:00-04:00,0.0
2011-04-22 01:53:03-04:00,0.0
2011-04-22 01:53:06-04:00,0.0
2011-04-22 01:53:09-04:00,0.0
2011-04-22 01:53:12-04:00,0.0
2011-04-22 01:53:15-04:00,0.0
2011-04-22 01:53:18-04:00,0.0
2011-04-22 01:53:21-04:00,0.0
2011-04-22 01:53:24-04:00,0.0
2011-04-22 01:53:27-04:00,0.0
2011-04-22 01:53:30-04:00,0.0
2011-04-22 01:53:33-04:00,0.0
2011-04-22 01:53:36-04:00,0.0
2011-04-22 01:53:39-04:00,0.0
2011-04-22 01:53:42-04:00,0.0
2011-04-22 01:53:45-04:00,0.0
2011-04-22 01:53:48-04:00,0.0
2011-04-22 01:53:51-04:00,0.0
2011-04-22 01:53:54-04:00,0.0
2011-04-22 01:53:57-04:00,0.0
2011-04-22 01:54:00-04:00,0.0
2011-04-22 01:54:03-04:00,0.0
2011-04-22 01:54:06-04:00,0.0
2011-04-22 01:54:09-04:00,0.0
2011-04-22 01:54:12-04:00,0.0
2011-04-22 01:54:15-04:00,0.0
2011-04-22 01:54:18-04:00,0.0
2011-04-22 01:54:21-04:00,0.0
2011-04-22 01:54:24-04:00,0.0
2011-04-22 01:54:27-04:00,0.0
2011-04-22 01:54:30-04:00,0.0
2011-04-22 01:54:33-04:00,0.0
2011-04-22 01:54:36-04:00,0.0
2011-04-22 01:54:39-04:00,0.0
2011-04-22 01:54:42-04:00,0.0
2011-04-22 01:54:45-04:00,0.0
2011-04-22 01:54:48-04:00,0.0
2011-04-22 01:54:51-04:00,0.0
2011-04-22 01:54:54-04:00,0.0
2011-04-22 01:54:57-04:00,0.0
2011-04-22 01:55:00-04:00,0.0
2011-04-22 01:55:03-04:00,0.0
2011-04-22 01:55:06-04:00,0.0
2011-04-22 01:55:09-04:00,0.0
2011-04-22 01:55:12-04:00,0.0
2011-04-22 01:55:15-04:00,0.0
2011-04-22 01:55:18-04:00,0.0
2011-04-22 01:55:21-04:00,0.0
2011-04-22 01:55:24-04:00,0.0
2011-04-22 01:55:27-04:00,0.0
2011-04-22 01:55:30-04:00,0.0
2011-04-22 01:55:33-04:00,0.0
2011-04-22 01:55:36-04:00,0.0
2011-04-22 01:55:39-04:00,0.0
2011-04-22 01:55:42-04:00,0.0
2011-04-22 01:55:45-04:00,0.0
2011-04-22 01:55:48-04:00,0.0
2011-04-22 01:55:51-04:00,0.0
2011-04-22 01:55:54-04:00,0.0
2011-04-22 01:55:57-04:00,0.0
2011-04-22 01:56:00-04:00,0.0
2011-04-22 01:56:03-04:00,0.0
2011-04-22 01:56:06-04:00,0.0
2011-04-22 01:56:09-04:00,0.0
2011-04-22 01:56:12-04:00,0.0
2011-04-22 01:56:15-04:00,0.0
2011-04-22 01:56:18-04:00,0.0
2011-04-22 01:56:21-04:00,0.0
2011-04-22 01:56:24-04:00,0.0
2011-04-22 01:56:27-04:00,0.0
2011-04-22 01:56:30-04:00,0.0
2011-04-22 01:56:33-04:00,0.0
2011-04-22 01:56:36-04:00,0.0
2011-04-22 01:56:39-04:00,0.0
2011-04-22 01:56:42-04:00,0.0
2011-04-22 01:56:45-04:00,0.0
2011-04-22 01:56:48-04:00,0.0
2011-04-22 01:56:51-04:00,0.0
2011-04-22 01:56:54-04:00,0.0
2011-04-22 01:56:57-04:00,0.0
2011-04-22 01:57:00-04:00,0.0
2011-04-22 01:57:03-04:00,0.0
2011-04-22 01:57:06-04:00,0.0
2011-04-22 01:57:09-04:00,0.0
2011-04-22 01:57:12-04:00,0.0
2011-04-22 01:57:15-04:00,0.0
2011-04-22 01:57:18-04:00,0.0
2011-04-22 01:57:21-04:00,0.0
2011-04-22 01:57:24-04:00,0.0
2011-04-22 01:57:27-04:00,0.0
2011-04-22 01:57:30-04:00,0.0
2011-04-22 01:57:33-04:00,0.0
2011-04-22 01:57:36-04:00,0.0
2011-04-22 01:57:39-04:00,0.0
2011-04-22 01:57:42-04:00,0.0
2011-04-22 01:57:45-04:00,0.0
2011-04-22 01:57:48-04:00,0.0
2011-04-22 01:57:51-04:00,0.0
2011-04-22 01:57:54-04:00,0.0
2011-04-22 01:57:57-04:00,0.0
2011-04-22 01:58:00-04:00,0.0
2011-04-22 01:58:03-04:00,0.0
2011-04-22 01:58:06-04:00,0.0
2011-04-22 01:58:09-04:00,0.0
2011-04-22 01:58:12-04:00,0.0
2011-04-22 01:58:15-04:00,0.0
2011-04-22 01:58:18-04:00,0.0
2011-04-22 01:58:21-04:00,0.0
2011-04-22 01:58:24-04:00,0.0
2011-04-22 01:58:27-04:00,0.0
2011-04-22 01:58:30-04:00,0.0
2011-04-22 01:58:33-04:00,0.0
2011-04-22 01:58:36-04:00,0.0
2011-04-22 01:58:39-04:00,0.0
2011-04-22 01:58:42-04:00,0.0
2011-04-22 01:58:45-04:00,0.0
2011-04-22 01:58:48-04:00,0.0
2011-04-22 01:58:51-04:00,0.0
2011-04-22 01:58:54-04:00,0.0
2011-04-22 01:58:57-04:00,0.0
2011-04-22 01:59:00-04:00,0.0
2011-04-22 01:59:03-04:00,0.0
2011-04-22 01:59:06-04:00,0.0
2011-04-22 01:59:09-04:00,0.0
2011-04-22 01:59:12-04:00,0.0
2011-04-22 01:59:15-04:00,0.0
2011-04-22 01:59:18-04:00,0.0
2011-04-22 01:59:21-04:00,0.0
2011-04-22 01:59:24-04:00,0.0
2011-04-22 01:59:27-04:00,0.0
2011-04-22 01:59:30-04:00,0.0
2011-04-22 01:59:33-04:00,0.0
2011-04-22 01:59:36-04:00,0.0
2011-04-22 01:59:39-04:00,0.0
2011-04-22 01:59:42-04:00,0.0
2011-04-22 01:59:45-04:00,0.0
2011-04-22 01:59:48-04:00,0.0
2011-04-22 01:59:51-04:00,0.0
2011-04-22 01:59:54-04:00,0.0
2011-04-22 01:59:57-04:00,0.0
2011-04-22 02:00:00-04:00,0.0
2011-04-22 02:00:03-04:00,0.0
2011-04-22 02:00:06-04:00,0.0
2011-04-22 02:00:09-04:00,0.0
2011-04-22 02:00:12-04:00,0.0
2011-04-22 02:00:15-04:00,0.0
2011-04-22 02:00:18-04:00,0.0
2011-04-22 02:00:21-04:00,0.0
2011-04-22 02:00:24-04:00,0.0
2011-04-22 02:00:27-04:00,0.0
2011-04-22 02:00:30-04:00,0.0
2011-04-22 02:00:33-04:00,0.0
2011-04-22 02:00:36-04:00,0.0
2011-04-22 02:00:39-04:00,0.0
2011-04-22 02:00:42-04:00,0.0
2011-04-22 02:00:45-04:00,0.0
2011-04-22 02:00:48-04:00,0.0
2011-04-22 02:00:51-04:00,0.0
2011-04-22 02:00:54-04:00,0.0
2011-04-22 02:00:57-04:00,0.0
2011-04-22 02:01:00-04:00,0.0
2011-04-22 02:01:03-04:00,0.0
2011-04-22 02:01:06-04:00,0.0
2011-04-22 02:01:09-04:00,0.0
2011-04-22 02:01:12-04:00,0.0
2011-04-22 02:01:15-04:00,0.0
2011-04-22 02:01:18-04:00,0.0
2011-04-22 02:01:21-04:00,0.0
2011-04-22 02:01:24-04:00,0.0
2011-04-22 02:01:27-04:00,0.0
2011-04-22 02:01:30-04:00,0.0
2011-04-22 02:01:33-04:00,0.0
2011-04-22 02:01:36-04:00,0.0
2011-04-22 02:01:39-04:00,0.0
2011-04-22 02:01:42-04:00,0.0
2011-04-22 02:01:45-04:00,0.0
2011-04-22 02:01:48-04:00,0.0
2011-04-22 02:01:51-04:00,0.0
2011-04-22 02:01:54-04:00,0.0
2011-04-22 02:01:57-04:00,0.0
2011-04-22 02:02:00-04:00,0.0
2011-04-22 02:02:03-04:00,0.0
2011-04-22 02:02:06-04:00,0.0
2011-04-22 02:02:09-04:00,0.0
2011-04-22 02:02:12-04:00,0.0
2011-04-22 02:02:15-04:00,0.0
2011-04-22 02:02:18-04:00,0.0
2011-04-22 02:02:21-04:00,0.0
2011-04-22 02:02:24-04:00,0.0
2011-04-22 02:02:27-04:00,0.0
2011-04-22 02:02:30-04:00,0.0
2011-04-22 02:02:33-04:00,0.0
2011-04-22 02:02:36-04:00,0.0
2011-04-22 02:02:39-04:00,0.0
2011-04-22 02:02:42-04:00,0.0
2011-04-22 02:02:45-04:00,0.0
2011-04-22 02:02:48-04:00,0.0
2011-04-22 02:02:51-04:00,0.0
2011-04-22 02:02:54-04:00,0.0
2011-04-22 02:02:57-04:00,0.0
2011-04-22 02:03:00-04:00,0.0
2011-04-22 02:03:03-04:00,0.0
2011-04-22 02:03:06-04:00,0.0
2011-04-22 02:03:09-04:00,0.0
2011-04-22 02:03:12-04:00,0.0
2011-04-22 02:03:15-04:00,0.0
2011-04-22 02:03:18-04:00,0.0
2011-04-22 02:03:21-04:00,0.0
2011-04-22 02:03:24-04:00,0.0
2011-04-22 02:03:27-04:00,0.0
2011-04-22 02:03:30-04:00,0.0
2011-04-22 02:03:33-04:00,0.0
2011-04-22 02:03:36-04:00,0.0
2011-04-22 02:03:39-04:00,0.0
2011-04-22 02:03:42-04:00,0.0
2011-04-22 02:03:45-04:00,0.0
2011-04-22 02:03:48-04:00,0.0
2011-04-22 02:03:51-04:00,0.0
2011-04-22 02:03:54-04:00,0.0
2011-04-22 02:03:57-04:00,0.0
2011-04-22 02:04:00-04:00,0.0
2011-04-22 02:04:03-04:00,0.0
2011-04-22 02:04:06-04:00,0.0
2011-04-22 02:04:09-04:00,0.0
2011-04-22 02:04:12-04:00,0.0
2011-04-22 02:04:15-04:00,0.0
2011-04-22 02:04:18-04:00,0.0
2011-04-22 02:04:21-04:00,0.0
2011-04-22 02:04:24-04:00,0.0
2011-04-22 02:04:27-04:00,0.0
2011-04-22 02:04:30-04:00,0.0
2011-04-22 02:04:33-04:00,0.0
2011-04-22 02:04:36-04:00,0.0
2011-04-22 02:04:39-04:00,0.0
2011-04-22 02:04:42-04:00,0.0
2011-04-22 02:04:45-04:00,0.0
2011-04-22 02:04:48-04:00,0.0
2011-04-22 02:04:51-04:00,0.0
2011-04-22 02:04:54-04:00,0.0
2011-04-22 02:04:57-04:00,0.0
2011-04-22 02:05:00-04:00,0.0
2011-04-22 02:05:03-04:00,0.0
2011-04-22 02:05:06-04:00,0.0
2011-04-22 02:05:09-04:00,0.0
2011-04-22 02:05:12-04:00,0.0
2011-04-22 02:05:15-04:00,0.0
2011-04-22 02:05:18-04:00,0.0
2011-04-22 02:05:21-04:00,0.0
2011-04-22 02:05:24-04:00,0.0
2011-04-22 02:05:27-04:00,0.0
2011-04-22 02:05:30-04:00,0.0
2011-04-22 02:05:33-04:00,0.0
2011-04-22 02:05:36-04:00,0.0
2011-04-22 02:05:39-04:00,0.0
2011-04-22 02:05:42-04:00,0.0
2011-04-22 02:05:45-04:00,0.0
2011-04-22 02:05:48-04:00,0.0
2011-04-22 02:05:51-04:00,0.0
2011-04-22 02:05:54-04:00,0.0
2011-04-22 02:05:57-04:00,0.0
2011-04-22 02:06:00-04:00,0.0
2011-04-22 02:06:03-04:00,0.0
2011-04-22 02:06:06-04:00,0.0
2011-04-22 02:06:09-04:00,0.0
2011-04-22 02:06:12-04:00,0.0
2011-04-22 02:06:15-04:00,0.0
2011-04-22 02:06:18-04:00,0.0
2011-04-22 02:06:21-04:00,0.0
2011-04-22 02:06:24-04:00,0.0
2011-04-22 02:06:27-04:00,0.0
2011-04-22 02:06:30-04:00,0.0
2011-04-22 02:06:33-04:00,0.0
2011-04-22 02:06:36-04:00,0.0
2011-04-22 02:06:39-04:00,0.0
2011-04-22 02:06:42-04:00,0.0
2011-04-22 02:06:45-04:00,0.0
2011-04-22 02:06:48-04:00,0.0
2011-04-22 02:06:51-04:00,0.0
2011-04-22 02:06:54-04:00,0.0
2011-04-22 02:06:57-04:00,0.0
2011-04-22 02:07:00-04:00,0.0
2011-04-22 02:07:03-04:00,0.0
2011-04-22 02:07:06-04:00,0.0
2011-04-22 02:07:09-04:00,0.0
2011-04-22 02:07:12-04:00,0.0
2011-04-22 02:07:15-04:00,0.0
2011-04-22 02:07:18-04:00,0.0
2011-04-22 02:07:21-04:00,0.0
2011-04-22 02:07:24-04:00,0.0
2011-04-22 02:07:27-04:00,0.0
2011-04-22 02:07:30-04:00,0.0
2011-04-22 02:07:33-04:00,0.0
2011-04-22 02:07:36-04:00,0.0
2011-04-22 02:07:39-04:00,0.0
2011-04-22 02:07:42-04:00,0.0
2011-04-22 02:07:45-04:00,0.0
2011-04-22 02:07:48-04:00,0.0
2011-04-22 02:07:51-04:00,0.0
2011-04-22 02:07:54-04:00,0.0
2011-04-22 02:07:57-04:00,0.0
2011-04-22 02:08:00-04:00,0.0
2011-04-22 02:08:03-04:00,0.0
2011-04-22 02:08:06-04:00,0.0
2011-04-22 02:08:09-04:00,0.0
2011-04-22 02:08:12-04:00,0.0
2011-04-22 02:08:15-04:00,0.0
2011-04-22 02:08:18-04:00,0.0
2011-04-22 02:08:21-04:00,0.0
2011-04-22 02:08:24-04:00,0.0
2011-04-22 02:08:27-04:00,0.0
2011-04-22 02:08:30-04:00,0.0
2011-04-22 02:08:33-04:00,0.0
2011-04-22 02:08:36-04:00,0.0
2011-04-22 02:08:39-04:00,0.0
2011-04-22 02:08:42-04:00,0.0
2011-04-22 02:08:45-04:00,0.0
2011-04-22 02:08:48-04:00,0.0
2011-04-22 02:08:51-04:00,0.0
2011-04-22 02:08:54-04:00,0.0
2011-04-22 02:08:57-04:00,0.0
2011-04-22 02:09:00-04:00,0.0
2011-04-22 02:09:03-04:00,0.0
2011-04-22 02:09:06-04:00,0.0
2011-04-22 02:09:09-04:00,0.0
2011-04-22 02:09:12-04:00,0.0
2011-04-22 02:09:15-04:00,0.0
2011-04-22 02:09:18-04:00,0.0
2011-04-22 02:09:21-04:00,0.0
2011-04-22 02:09:24-04:00,0.0
2011-04-22 02:09:27-04:00,0.0
2011-04-22 02:09:30-04:00,0.0
2011-04-22 02:09:33-04:00,0.0
2011-04-22 02:09:36-04:00,0.0
2011-04-22 02:09:39-04:00,0.0
2011-04-22 02:09:42-04:00,0.0
2011-04-22 02:09:45-04:00,0.0
2011-04-22 02:09:48-04:00,0.0
2011-04-22 02:09:51-04:00,0.0
2011-04-22 02:09:54-04:00,0.0
2011-04-22 02:09:57-04:00,0.0
2011-04-22 02:10:00-04:00,0.0
2011-04-22 02:10:03-04:00,0.0
2011-04-22 02:10:06-04:00,0.0
2011-04-22 02:10:09-04:00,0.0
2011-04-22 02:10:12-04:00,0.0
2011-04-22 02:10:15-04:00,0.0
2011-04-22 02:10:18-04:00,0.0
2011-04-22 02:10:21-04:00,0.0
2011-04-22 02:10:24-04:00,0.0
2011-04-22 02:10:27-04:00,0.0
2011-04-22 02:10:30-04:00,0.0
2011-04-22 02:10:33-04:00,0.0
2011-04-22 02:10:36-04:00,0.0
2011-04-22 02:10:39-04:00,0.0
2011-04-22 02:10:42-04:00,0.0
2011-04-22 02:10:45-04:00,0.0
2011-04-22 02:10:48-04:00,0.0
2011-04-22 02:10:51-04:00,0.0
2011-04-22 02:10:54-04:00,0.0
2011-04-22 02:10:57-04:00,0.0
2011-04-22 02:11:00-04:00,0.0
2011-04-22 02:11:03-04:00,0.0
2011-04-22 02:11:06-04:00,0.0
2011-04-22 02:11:09-04:00,0.0
2011-04-22 02:11:12-04:00,0.0
2011-04-22 02:11:15-04:00,0.0
2011-04-22 02:11:18-04:00,0.0
2011-04-22 02:11:21-04:00,0.0
2011-04-22 02:11:24-04:00,0.0
2011-04-22 02:11:27-04:00,0.0
2011-04-22 02:11:30-04:00,0.0
2011-04-22 02:11:33-04:00,0.0
2011-04-22 02:11:36-04:00,0.0
2011-04-22 02:11:39-04:00,0.0
2011-04-22 02:11:42-04:00,0.0
2011-04-22 02:11:45-04:00,0.0
2011-04-22 02:11:48-04:00,0.0
2011-04-22 02:11:51-04:00,0.0
2011-04-22 02:11:54-04:00,0.0
2011-04-22 02:11:57-04:00,0.0
2011-04-22 02:12:00-04:00,0.0
2011-04-22 02:12:03-04:00,0.0
2011-04-22 02:12:06-04:00,0.0
2011-04-22 02:12:09-04:00,0.0
2011-04-22 02:12:12-04:00,0.0
2011-04-22 02:12:15-04:00,0.0
2011-04-22 02:12:18-04:00,0.0
2011-04-22 02:12:21-04:00,0.0
2011-04-22 02:12:24-04:00,0.0
2011-04-22 02:12:27-04:00,0.0
2011-04-22 02:12:30-04:00,0.0
2011-04-22 02:12:33-04:00,0.0
2011-04-22 02:12:36-04:00,0.0
2011-04-22 02:12:39-04:00,0.0
2011-04-22 02:12:42-04:00,0.0
2011-04-22 02:12:45-04:00,0.0
2011-04-22 02:12:48-04:00,0.0
2011-04-22 02:12:51-04:00,0.0
2011-04-22 02:12:54-04:00,0.0
2011-04-22 02:12:57-04:00,0.0
2011-04-22 02:13:00-04:00,0.0
2011-04-22 02:13:03-04:00,0.0
2011-04-22 02:13:06-04:00,0.0
2011-04-22 02:13:09-04:00,0.0
2011-04-22 02:13:12-04:00,0.0
2011-04-22 02:13:15-04:00,0.0
2011-04-22 02:13:18-04:00,0.0
2011-04-22 02:13:21-04:00,0.0
2011-04-22 02:13:24-04:00,0.0
2011-04-22 02:13:27-04:00,0.0
2011-04-22 02:13:30-04:00,0.0
2011-04-22 02:13:33-04:00,0.0
2011-04-22 02:13:36-04:00,0.0
2011-04-22 02:13:39-04:00,0.0
2011-04-22 02:13:42-04:00,0.0
2011-04-22 02:13:45-04:00,0.0
2011-04-22 02:13:48-04:00,0.0
2011-04-22 02:13:51-04:00,0.0
2011-04-22 02:13:54-04:00,0.0
2011-04-22 02:13:57-04:00,0.0
2011-04-22 02:14:00-04:00,0.0
2011-04-22 02:14:03-04:00,0.0
2011-04-22 02:14:06-04:00,0.0
2011-04-22 02:14:09-04:00,0.0
2011-04-22 02:14:12-04:00,0.0
2011-04-22 02:14:15-04:00,0.0
2011-04-22 02:14:18-04:00,0.0
2011-04-22 02:14:21-04:00,0.0
2011-04-22 02:14:24-04:00,0.0
2011-04-22 02:14:27-04:00,0.0
2011-04-22 02:14:30-04:00,0.0
2011-04-22 02:14:33-04:00,0.0
2011-04-22 02:14:36-04:00,0.0
2011-04-22 02:14:39-04:00,0.0
2011-04-22 02:14:42-04:00,0.0
2011-04-22 02:14:45-04:00,0.0
2011-04-22 02:14:48-04:00,0.0
2011-04-22 02:14:51-04:00,0.0
2011-04-22 02:14:54-04:00,0.0
2011-04-22 02:14:57-04:00,0.0
2011-04-22 02:15:00-04:00,0.0
2011-04-22 02:15:03-04:00,0.0
2011-04-22 02:15:06-04:00,0.0
2011-04-22 02:15:09-04:00,0.0
2011-04-22 02:15:12-04:00,0.0
2011-04-22 02:15:15-04:00,0.0
2011-04-22 02:15:18-04:00,0.0
2011-04-22 02:15:21-04:00,0.0
2011-04-22 02:15:24-04:00,0.0
2011-04-22 02:15:27-04:00,0.0
2011-04-22 02:15:30-04:00,0.0
2011-04-22 02:15:33-04:00,0.0
2011-04-22 02:15:36-04:00,0.0
2011-04-22 02:15:39-04:00,0.0
2011-04-22 02:15:42-04:00,0.0
2011-04-22 02:15:45-04:00,0.0
2011-04-22 02:15:48-04:00,0.0
2011-04-22 02:15:51-04:00,0.0
2011-04-22 02:15:54-04:00,0.0
2011-04-22 02:15:57-04:00,0.0
2011-04-22 02:16:00-04:00,0.0
2011-04-22 02:16:03-04:00,0.0
2011-04-22 02:16:06-04:00,0.0
2011-04-22 02:16:09-04:00,0.0
2011-04-22 02:16:12-04:00,0.0
2011-04-22 02:16:15-04:00,0.0
2011-04-22 02:16:18-04:00,0.0
2011-04-22 02:16:21-04:00,0.0
2011-04-22 02:16:24-04:00,0.0
2011-04-22 02:16:27-04:00,0.0
2011-04-22 02:16:30-04:00,0.0
2011-04-22 02:16:33-04:00,0.0
2011-04-22 02:16:36-04:00,0.0
2011-04-22 02:16:39-04:00,0.0
2011-04-22 02:16:42-04:00,0.0
2011-04-22 02:16:45-04:00,0.0
2011-04-22 02:16:48-04:00,0.0
2011-04-22 02:16:51-04:00,0.0
2011-04-22 02:16:54-04:00,0.0
2011-04-22 02:16:57-04:00,0.0
2011-04-22 02:17:00-04:00,0.0
2011-04-22 02:17:03-04:00,0.0
2011-04-22 02:17:06-04:00,0.0
2011-04-22 02:17:09-04:00,0.0
2011-04-22 02:17:12-04:00,0.0
2011-04-22 02:17:15-04:00,0.0
2011-04-22 02:17:18-04:00,0.0
2011-04-22 02:17:21-04:00,0.0
2011-04-22 02:17:24-04:00,0.0
2011-04-22 02:17:27-04:00,0.0
2011-04-22 02:17:30-04:00,0.0
2011-04-22 02:17:33-04:00,0.0
2011-04-22 02:17:36-04:00,0.0
2011-04-22 02:17:39-04:00,0.0
2011-04-22 02:17:42-04:00,0.0
2011-04-22 02:17:45-04:00,0.0
2011-04-22 02:17:48-04:00,0.0
2011-04-22 02:17:51-04:00,0.0
2011-04-22 02:17:54-04:00,0.0
2011-04-22 02:17:57-04:00,0.0
2011-04-22 02:18:00-04:00,0.0
2011-04-22 02:18:03-04:00,0.0
2011-04-22 02:18:06-04:00,0.0
2011-04-22 02:18:09-04:00,0.0
2011-04-22 02:18:12-04:00,0.0
2011-04-22 02:18:15-04:00,0.0
2011-04-22 02:18:18-04:00,0.0
2011-04-22 02:18:21-04:00,0.0
2011-04-22 02:18:24-04:00,0.0
2011-04-22 02:18:27-04:00,0.0
2011-04-22 02:18:30-04:00,0.0
2011-04-22 02:18:33-04:00,0.0
2011-04-22 02:18:36-04:00,0.0
2011-04-22 02:18:39-04:00,0.0
2011-04-22 02:18:42-04:00,0.0
2011-04-22 02:18:45-04:00,0.0
2011-04-22 02:18:48-04:00,0.0
2011-04-22 02:18:51-04:00,0.0
2011-04-22 02:18:54-04:00,0.0
2011-04-22 02:18:57-04:00,0.0
2011-04-22 02:19:00-04:00,0.0
2011-04-22 02:19:03-04:00,0.0
2011-04-22 02:19:06-04:00,0.0
2011-04-22 02:19:09-04:00,0.0
2011-04-22 02:19:12-04:00,0.0
2011-04-22 02:19:15-04:00,0.0
2011-04-22 02:19:18-04:00,0.0
2011-04-22 02:19:21-04:00,0.0
2011-04-22 02:19:24-04:00,0.0
2011-04-22 02:19:27-04:00,0.0
2011-04-22 02:19:30-04:00,0.0
2011-04-22 02:19:33-04:00,0.0
2011-04-22 02:19:36-04:00,0.0
2011-04-22 02:19:39-04:00,0.0
2011-04-22 02:19:42-04:00,0.0
2011-04-22 02:19:45-04:00,0.0
2011-04-22 02:19:48-04:00,0.0
2011-04-22 02:19:51-04:00,0.0
2011-04-22 02:19:54-04:00,0.0
2011-04-22 02:19:57-04:00,0.0
2011-04-22 02:20:00-04:00,0.0
2011-04-22 02:20:03-04:00,0.0
2011-04-22 02:20:06-04:00,0.0
2011-04-22 02:20:09-04:00,0.0
2011-04-22 02:20:12-04:00,0.0
2011-04-22 02:20:15-04:00,0.0
2011-04-22 02:20:18-04:00,0.0
2011-04-22 02:20:21-04:00,0.0
2011-04-22 02:20:24-04:00,0.0
2011-04-22 02:20:27-04:00,0.0
2011-04-22 02:20:30-04:00,0.0
2011-04-22 02:20:33-04:00,0.0
2011-04-22 02:20:36-04:00,0.0
2011-04-22 02:20:39-04:00,0.0
2011-04-22 02:20:42-04:00,0.0
2011-04-22 02:20:45-04:00,0.0
2011-04-22 02:20:48-04:00,0.0
2011-04-22 02:20:51-04:00,0.0
2011-04-22 02:20:54-04:00,0.0
2011-04-22 02:20:57-04:00,0.0
2011-04-22 02:21:00-04:00,0.0
2011-04-22 02:21:03-04:00,0.0
2011-04-22 02:21:06-04:00,0.0
2011-04-22 02:21:09-04:00,0.0
2011-04-22 02:21:12-04:00,0.0
2011-04-22 02:21:15-04:00,0.0
2011-04-22 02:21:18-04:00,0.0
2011-04-22 02:21:21-04:00,0.0
2011-04-22 02:21:24-04:00,0.0
2011-04-22 02:21:27-04:00,0.0
2011-04-22 02:21:30-04:00,0.0
2011-04-22 02:21:33-04:00,0.0
2011-04-22 02:21:36-04:00,0.0
2011-04-22 02:21:39-04:00,0.0
2011-04-22 02:21:42-04:00,0.0
2011-04-22 02:21:45-04:00,0.0
2011-04-22 02:21:48-04:00,0.0
2011-04-22 02:21:51-04:00,0.0
2011-04-22 02:21:54-04:00,0.0
2011-04-22 02:21:57-04:00,0.0
2011-04-22 02:22:00-04:00,0.0
2011-04-22 02:22:03-04:00,0.0
2011-04-22 02:22:06-04:00,0.0
2011-04-22 02:22:09-04:00,0.0
2011-04-22 02:22:12-04:00,0.0
2011-04-22 02:22:15-04:00,0.0
2011-04-22 02:22:18-04:00,0.0
2011-04-22 02:22:21-04:00,0.0
2011-04-22 02:22:24-04:00,0.0
2011-04-22 02:22:27-04:00,0.0
2011-04-22 02:22:30-04:00,0.0
2011-04-22 02:22:33-04:00,0.0
2011-04-22 02:22:36-04:00,0.0
2011-04-22 02:22:39-04:00,0.0
2011-04-22 02:22:42-04:00,0.0
2011-04-22 02:22:45-04:00,0.0
2011-04-22 02:22:48-04:00,0.0
2011-04-22 02:22:51-04:00,0.0
2011-04-22 02:22:54-04:00,0.0
2011-04-22 02:22:57-04:00,0.0
2011-04-22 02:23:00-04:00,0.0
2011-04-22 02:23:03-04:00,0.0
2011-04-22 02:23:06-04:00,0.0
2011-04-22 02:23:09-04:00,0.0
2011-04-22 02:23:12-04:00,0.0
2011-04-22 02:23:15-04:00,0.0
2011-04-22 02:23:18-04:00,0.0
2011-04-22 02:23:21-04:00,0.0
2011-04-22 02:23:24-04:00,0.0
2011-04-22 02:23:27-04:00,0.0
2011-04-22 02:23:30-04:00,0.0
2011-04-22 02:23:33-04:00,0.0
2011-04-22 02:23:36-04:00,0.0
2011-04-22 02:23:39-04:00,0.0
2011-04-22 02:23:42-04:00,0.0
2011-04-22 02:23:45-04:00,0.0
2011-04-22 02:23:48-04:00,0.0
2011-04-22 02:23:51-04:00,0.0
2011-04-22 02:23:54-04:00,0.0
2011-04-22 02:23:57-04:00,0.0
2011-04-22 02:24:00-04:00,0.0
2011-04-22 02:24:03-04:00,0.0
2011-04-22 02:24:06-04:00,0.0
2011-04-22 02:24:09-04:00,0.0
2011-04-22 02:24:12-04:00,0.0
2011-04-22 02:24:15-04:00,0.0
2011-04-22 02:24:18-04:00,0.0
2011-04-22 02:24:21-04:00,0.0
2011-04-22 02:24:24-04:00,0.0
2011-04-22 02:24:27-04:00,0.0
2011-04-22 02:24:30-04:00,0.0
2011-04-22 02:24:33-04:00,0.0
2011-04-22 02:24:36-04:00,0.0
2011-04-22 02:24:39-04:00,0.0
2011-04-22 02:24:42-04:00,0.0
2011-04-22 02:24:45-04:00,0.0
2011-04-22 02:24:48-04:00,0.0
2011-04-22 02:24:51-04:00,0.0
2011-04-22 02:24:54-04:00,0.0
2011-04-22 02:24:57-04:00,0.0
2011-04-22 02:25:00-04:00,0.0
2011-04-22 02:25:03-04:00,0.0
2011-04-22 02:25:06-04:00,0.0
2011-04-22 02:25:09-04:00,0.0
2011-04-22 02:25:12-04:00,0.0
2011-04-22 02:25:15-04:00,0.0
2011-04-22 02:25:18-04:00,0.0
2011-04-22 02:25:21-04:00,0.0
2011-04-22 02:25:24-04:00,0.0
2011-04-22 02:25:27-04:00,0.0
2011-04-22 02:25:30-04:00,0.0
2011-04-22 02:25:33-04:00,0.0
2011-04-22 02:25:36-04:00,0.0
2011-04-22 02:25:39-04:00,0.0
2011-04-22 02:25:42-04:00,0.0
2011-04-22 02:25:45-04:00,0.0
2011-04-22 02:25:48-04:00,0.0
2011-04-22 02:25:51-04:00,0.0
2011-04-22 02:25:54-04:00,0.0
2011-04-22 02:25:57-04:00,0.0
2011-04-22 02:26:00-04:00,0.0
2011-04-22 02:26:03-04:00,0.0
2011-04-22 02:26:06-04:00,0.0
2011-04-22 02:26:09-04:00,0.0
2011-04-22 02:26:12-04:00,0.0
2011-04-22 02:26:15-04:00,0.0
2011-04-22 02:26:18-04:00,0.0
2011-04-22 02:26:21-04:00,0.0
2011-04-22 02:26:24-04:00,0.0
2011-04-22 02:26:27-04:00,0.0
2011-04-22 02:26:30-04:00,0.0
2011-04-22 02:26:33-04:00,0.0
2011-04-22 02:26:36-04:00,0.0
2011-04-22 02:26:39-04:00,0.0
2011-04-22 02:26:42-04:00,0.0
2011-04-22 02:26:45-04:00,0.0
2011-04-22 02:26:48-04:00,0.0
2011-04-22 02:26:51-04:00,0.0
2011-04-22 02:26:54-04:00,0.0
2011-04-22 02:26:57-04:00,0.0
2011-04-22 02:27:00-04:00,0.0
2011-04-22 02:27:03-04:00,0.0
2011-04-22 02:27:06-04:00,0.0
2011-04-22 02:27:09-04:00,0.0
2011-04-22 02:27:12-04:00,0.0
2011-04-22 02:27:15-04:00,0.0
2011-04-22 02:27:18-04:00,0.0
2011-04-22 02:27:21-04:00,0.0
2011-04-22 02:27:24-04:00,0.0
2011-04-22 02:27:27-04:00,0.0
2011-04-22 02:27:30-04:00,0.0
2011-04-22 02:27:33-04:00,0.0
2011-04-22 02:27:36-04:00,0.0
2011-04-22 02:27:39-04:00,0.0
2011-04-22 02:27:42-04:00,0.0
2011-04-22 02:27:45-04:00,0.0
2011-04-22 02:27:48-04:00,0.0
2011-04-22 02:27:51-04:00,0.0
2011-04-22 02:27:54-04:00,0.0
2011-04-22 02:27:57-04:00,0.0
2011-04-22 02:28:00-04:00,0.0
2011-04-22 02:28:03-04:00,0.0
2011-04-22 02:28:06-04:00,0.0
2011-04-22 02:28:09-04:00,0.0
2011-04-22 02:28:12-04:00,0.0
2011-04-22 02:28:15-04:00,0.0
2011-04-22 02:28:18-04:00,0.0
2011-04-22 02:28:21-04:00,0.0
2011-04-22 02:28:24-04:00,0.0
2011-04-22 02:28:27-04:00,0.0
2011-04-22 02:28:30-04:00,0.0
2011-04-22 02:28:33-04:00,0.0
2011-04-22 02:28:36-04:00,0.0
2011-04-22 02:28:39-04:00,0.0
2011-04-22 02:28:42-04:00,0.0
2011-04-22 02:28:45-04:00,0.0
2011-04-22 02:28:48-04:00,0.0
2011-04-22 02:28:51-04:00,0.0
2011-04-22 02:28:54-04:00,0.0
2011-04-22 02:28:57-04:00,0.0
2011-04-22 02:29:00-04:00,0.0
2011-04-22 02:29:03-04:00,0.0
2011-04-22 02:29:06-04:00,0.0
2011-04-22 02:29:09-04:00,0.0
2011-04-22 02:29:12-04:00,0.0
2011-04-22 02:29:15-04:00,0.0
2011-04-22 02:29:18-04:00,0.0
2011-04-22 02:29:21-04:00,0.0
2011-04-22 02:29:24-04:00,0.0
2011-04-22 02:29:27-04:00,0.0
2011-04-22 02:29:30-04:00,0.0
2011-04-22 02:29:33-04:00,0.0
2011-04-22 02:29:36-04:00,0.0
2011-04-22 02:29:39-04:00,0.0
2011-04-22 02:29:42-04:00,0.0
2011-04-22 02:29:45-04:00,0.0
2011-04-22 02:29:48-04:00,0.0
2011-04-22 02:29:51-04:00,0.0
2011-04-22 02:29:54-04:00,0.0
2011-04-22 02:29:57-04:00,0.0
2011-04-22 02:30:00-04:00,0.0
2011-04-22 02:30:03-04:00,0.0
2011-04-22 02:30:06-04:00,0.0
2011-04-22 02:30:09-04:00,0.0
2011-04-22 02:30:12-04:00,0.0
2011-04-22 02:30:15-04:00,0.0
2011-04-22 02:30:18-04:00,0.0
2011-04-22 02:30:21-04:00,0.0
2011-04-22 02:30:24-04:00,0.0
2011-04-22 02:30:27-04:00,0.0
2011-04-22 02:30:30-04:00,0.0
2011-04-22 02:30:33-04:00,0.0
2011-04-22 02:30:36-04:00,0.0
2011-04-22 02:30:39-04:00,0.0
2011-04-22 02:30:42-04:00,0.0
2011-04-22 02:30:45-04:00,0.0
2011-04-22 02:30:48-04:00,0.0
2011-04-22 02:30:51-04:00,0.0
2011-04-22 02:30:54-04:00,0.0
2011-04-22 02:30:57-04:00,0.0
2011-04-22 02:31:00-04:00,0.0
2011-04-22 02:31:03-04:00,0.0
2011-04-22 02:31:06-04:00,0.0
2011-04-22 02:31:09-04:00,0.0
2011-04-22 02:31:12-04:00,0.0
2011-04-22 02:31:15-04:00,0.0
2011-04-22 02:31:18-04:00,0.0
2011-04-22 02:31:21-04:00,0.0
2011-04-22 02:31:24-04:00,0.0
2011-04-22 02:31:27-04:00,0.0
2011-04-22 02:31:30-04:00,0.0
2011-04-22 02:31:33-04:00,0.0
2011-04-22 02:31:36-04:00,0.0
2011-04-22 02:31:39-04:00,0.0
2011-04-22 02:31:42-04:00,0.0
2011-04-22 02:31:45-04:00,0.0
2011-04-22 02:31:48-04:00,0.0
2011-04-22 02:31:51-04:00,0.0
2011-04-22 02:31:54-04:00,0.0
2011-04-22 02:31:57-04:00,0.0
2011-04-22 02:32:00-04:00,0.0
2011-04-22 02:32:03-04:00,0.0
2011-04-22 02:32:06-04:00,0.0
2011-04-22 02:32:09-04:00,0.0
2011-04-22 02:32:12-04:00,0.0
2011-04-22 02:32:15-04:00,0.0
2011-04-22 02:32:18-04:00,0.0
2011-04-22 02:32:21-04:00,0.0
2011-04-22 02:32:24-04:00,0.0
2011-04-22 02:32:27-04:00,0.0
2011-04-22 02:32:30-04:00,0.0
2011-04-22 02:32:33-04:00,0.0
2011-04-22 02:32:36-04:00,0.0
2011-04-22 02:32:39-04:00,0.0
2011-04-22 02:32:42-04:00,0.0
2011-04-22 02:32:45-04:00,0.0
2011-04-22 02:32:48-04:00,0.0
2011-04-22 02:32:51-04:00,0.0
2011-04-22 02:32:54-04:00,0.0
2011-04-22 02:32:57-04:00,0.0
2011-04-22 02:33:00-04:00,0.0
2011-04-22 02:33:03-04:00,0.0
2011-04-22 02:33:06-04:00,0.0
2011-04-22 02:33:09-04:00,0.0
2011-04-22 02:33:12-04:00,0.0
2011-04-22 02:33:15-04:00,0.0
2011-04-22 02:33:18-04:00,0.0
2011-04-22 02:33:21-04:00,0.0
2011-04-22 02:33:24-04:00,0.0
2011-04-22 02:33:27-04:00,0.0
2011-04-22 02:33:30-04:00,0.0
2011-04-22 02:33:33-04:00,0.0
2011-04-22 02:33:36-04:00,0.0
2011-04-22 02:33:39-04:00,0.0
2011-04-22 02:33:42-04:00,0.0
2011-04-22 02:33:45-04:00,0.0
2011-04-22 02:33:48-04:00,0.0
2011-04-22 02:33:51-04:00,0.0
2011-04-22 02:33:54-04:00,0.0
2011-04-22 02:33:57-04:00,0.0
2011-04-22 02:34:00-04:00,0.0
2011-04-22 02:34:03-04:00,0.0
2011-04-22 02:34:06-04:00,0.0
2011-04-22 02:34:09-04:00,0.0
2011-04-22 02:34:12-04:00,0.0
2011-04-22 02:34:15-04:00,0.0
2011-04-22 02:34:18-04:00,0.0
2011-04-22 02:34:21-04:00,0.0
2011-04-22 02:34:24-04:00,0.0
2011-04-22 02:34:27-04:00,0.0
2011-04-22 02:34:30-04:00,0.0
2011-04-22 02:34:33-04:00,0.0
2011-04-22 02:34:36-04:00,0.0
2011-04-22 02:34:39-04:00,0.0
2011-04-22 02:34:42-04:00,0.0
2011-04-22 02:34:45-04:00,0.0
2011-04-22 02:34:48-04:00,0.0
2011-04-22 02:34:51-04:00,0.0
2011-04-22 02:34:54-04:00,0.0
2011-04-22 02:34:57-04:00,0.0
2011-04-22 02:35:00-04:00,0.0
2011-04-22 02:35:03-04:00,0.0
2011-04-22 02:35:06-04:00,0.0
2011-04-22 02:35:09-04:00,0.0
2011-04-22 02:35:12-04:00,0.0
2011-04-22 02:35:15-04:00,0.0
2011-04-22 02:35:18-04:00,0.0
2011-04-22 02:35:21-04:00,0.0
2011-04-22 02:35:24-04:00,0.0
2011-04-22 02:35:27-04:00,0.0
2011-04-22 02:35:30-04:00,0.0
2011-04-22 02:35:33-04:00,0.0
2011-04-22 02:35:36-04:00,0.0
2011-04-22 02:35:39-04:00,0.0
2011-04-22 02:35:42-04:00,0.0
2011-04-22 02:35:45-04:00,0.0
2011-04-22 02:35:48-04:00,0.0
2011-04-22 02:35:51-04:00,0.0
2011-04-22 02:35:54-04:00,0.0
2011-04-22 02:35:57-04:00,0.0
2011-04-22 02:36:00-04:00,0.0
2011-04-22 02:36:03-04:00,0.0
2011-04-22 02:36:06-04:00,0.0
2011-04-22 02:36:09-04:00,0.0
2011-04-22 02:36:12-04:00,0.0
2011-04-22 02:36:15-04:00,0.0
2011-04-22 02:36:18-04:00,0.0
2011-04-22 02:36:21-04:00,0.0
2011-04-22 02:36:24-04:00,0.0
2011-04-22 02:36:27-04:00,0.0
2011-04-22 02:36:30-04:00,0.0
2011-04-22 02:36:33-04:00,0.0
2011-04-22 02:36:36-04:00,0.0
2011-04-22 02:36:39-04:00,0.0
2011-04-22 02:36:42-04:00,0.0
2011-04-22 02:36:45-04:00,0.0
2011-04-22 02:36:48-04:00,0.0
2011-04-22 02:36:51-04:00,0.0
2011-04-22 02:36:54-04:00,0.0
2011-04-22 02:36:57-04:00,0.0
2011-04-22 02:37:00-04:00,0.0
2011-04-22 02:37:03-04:00,0.0
2011-04-22 02:37:06-04:00,0.0
2011-04-22 02:37:09-04:00,0.0
2011-04-22 02:37:12-04:00,0.0
2011-04-22 02:37:15-04:00,0.0
2011-04-22 02:37:18-04:00,0.0
2011-04-22 02:37:21-04:00,0.0
2011-04-22 02:37:24-04:00,0.0
2011-04-22 02:37:27-04:00,0.0
2011-04-22 02:37:30-04:00,0.0
2011-04-22 02:37:33-04:00,0.0
2011-04-22 02:37:36-04:00,0.0
2011-04-22 02:37:39-04:00,0.0
2011-04-22 02:37:42-04:00,0.0
2011-04-22 02:37:45-04:00,0.0
2011-04-22 02:37:48-04:00,0.0
2011-04-22 02:37:51-04:00,0.0
2011-04-22 02:37:54-04:00,0.0
2011-04-22 02:37:57-04:00,0.0
2011-04-22 02:38:00-04:00,0.0
2011-04-22 02:38:03-04:00,0.0
2011-04-22 02:38:06-04:00,0.0
2011-04-22 02:38:09-04:00,0.0
2011-04-22 02:38:12-04:00,0.0
2011-04-22 02:38:15-04:00,0.0
2011-04-22 02:38:18-04:00,0.0
2011-04-22 02:38:21-04:00,0.0
2011-04-22 02:38:24-04:00,0.0
2011-04-22 02:38:27-04:00,0.0
2011-04-22 02:38:30-04:00,0.0
2011-04-22 02:38:33-04:00,0.0
2011-04-22 02:38:36-04:00,0.0
2011-04-22 02:38:39-04:00,0.0
2011-04-22 02:38:42-04:00,0.0
2011-04-22 02:38:45-04:00,0.0
2011-04-22 02:38:48-04:00,0.0
2011-04-22 02:38:51-04:00,0.0
2011-04-22 02:38:54-04:00,0.0
2011-04-22 02:38:57-04:00,0.0
2011-04-22 02:39:00-04:00,0.0
2011-04-22 02:39:03-04:00,0.0
2011-04-22 02:39:06-04:00,0.0
2011-04-22 02:39:09-04:00,0.0
2011-04-22 02:39:12-04:00,0.0
2011-04-22 02:39:15-04:00,0.0
2011-04-22 02:39:18-04:00,0.0
2011-04-22 02:39:21-04:00,0.0
2011-04-22 02:39:24-04:00,0.0
2011-04-22 02:39:27-04:00,0.0
2011-04-22 02:39:30-04:00,0.0
2011-04-22 02:39:33-04:00,0.0
2011-04-22 02:39:36-04:00,0.0
2011-04-22 02:39:39-04:00,0.0
2011-04-22 02:39:42-04:00,0.0
2011-04-22 02:39:45-04:00,0.0
2011-04-22 02:39:48-04:00,0.0
2011-04-22 02:39:51-04:00,0.0
2011-04-22 02:39:54-04:00,0.0
2011-04-22 02:39:57-04:00,0.0
2011-04-22 02:40:00-04:00,0.0
2011-04-22 02:40:03-04:00,0.0
2011-04-22 02:40:06-04:00,0.0
2011-04-22 02:40:09-04:00,0.0
2011-04-22 02:40:12-04:00,0.0
2011-04-22 02:40:15-04:00,0.0
2011-04-22 02:40:18-04:00,0.0
2011-04-22 02:40:21-04:00,0.0
2011-04-22 02:40:24-04:00,0.0
2011-04-22 02:40:27-04:00,0.0
2011-04-22 02:40:30-04:00,0.0
2011-04-22 02:40:33-04:00,0.0
2011-04-22 02:40:36-04:00,0.0
2011-04-22 02:40:39-04:00,0.0
2011-04-22 02:40:42-04:00,0.0
2011-04-22 02:40:45-04:00,0.0
2011-04-22 02:40:48-04:00,0.0
2011-04-22 02:40:51-04:00,0.0
2011-04-22 02:40:54-04:00,0.0
2011-04-22 02:40:57-04:00,0.0
2011-04-22 02:41:00-04:00,0.0
2011-04-22 02:41:03-04:00,0.0
2011-04-22 02:41:06-04:00,0.0
2011-04-22 02:41:09-04:00,0.0
2011-04-22 02:41:12-04:00,0.0
2011-04-22 02:41:15-04:00,0.0
2011-04-22 02:41:18-04:00,0.0
2011-04-22 02:41:21-04:00,0.0
2011-04-22 02:41:24-04:00,0.0
2011-04-22 02:41:27-04:00,0.0
2011-04-22 02:41:30-04:00,0.0
2011-04-22 02:41:33-04:00,0.0
2011-04-22 02:41:36-04:00,0.0
2011-04-22 02:41:39-04:00,0.0
2011-04-22 02:41:42-04:00,0.0
2011-04-22 02:41:45-04:00,0.0
2011-04-22 02:41:48-04:00,0.0
2011-04-22 02:41:51-04:00,0.0
2011-04-22 02:41:54-04:00,0.0
2011-04-22 02:41:57-04:00,0.0
2011-04-22 02:42:00-04:00,0.0
2011-04-22 02:42:03-04:00,0.0
2011-04-22 02:42:06-04:00,0.0
2011-04-22 02:42:09-04:00,0.0
2011-04-22 02:42:12-04:00,0.0
2011-04-22 02:42:15-04:00,0.0
2011-04-22 02:42:18-04:00,0.0
2011-04-22 02:42:21-04:00,0.0
2011-04-22 02:42:24-04:00,0.0
2011-04-22 02:42:27-04:00,0.0
2011-04-22 02:42:30-04:00,0.0
2011-04-22 02:42:33-04:00,0.0
2011-04-22 02:42:36-04:00,0.0
2011-04-22 02:42:39-04:00,0.0
2011-04-22 02:42:42-04:00,0.0
2011-04-22 02:42:45-04:00,0.0
2011-04-22 02:42:48-04:00,0.0
2011-04-22 02:42:51-04:00,0.0
2011-04-22 02:42:54-04:00,0.0
2011-04-22 02:42:57-04:00,0.0
2011-04-22 02:43:00-04:00,0.0
2011-04-22 02:43:03-04:00,0.0
2011-04-22 02:43:06-04:00,0.0
2011-04-22 02:43:09-04:00,0.0
2011-04-22 02:43:12-04:00,0.0
2011-04-22 02:43:15-04:00,0.0
2011-04-22 02:43:18-04:00,0.0
2011-04-22 02:43:21-04:00,0.0
2011-04-22 02:43:24-04:00,0.0
2011-04-22 02:43:27-04:00,0.0
2011-04-22 02:43:30-04:00,0.0
2011-04-22 02:43:33-04:00,0.0
2011-04-22 02:43:36-04:00,0.0
2011-04-22 02:43:39-04:00,0.0
2011-04-22 02:43:42-04:00,0.0
2011-04-22 02:43:45-04:00,0.0
2011-04-22 02:43:48-04:00,0.0
2011-04-22 02:43:51-04:00,0.0
2011-04-22 02:43:54-04:00,0.0
2011-04-22 02:43:57-04:00,0.0
2011-04-22 02:44:00-04:00,0.0
2011-04-22 02:44:03-04:00,0.0
2011-04-22 02:44:06-04:00,0.0
2011-04-22 02:44:09-04:00,0.0
2011-04-22 02:44:12-04:00,0.0
2011-04-22 02:44:15-04:00,0.0
2011-04-22 02:44:18-04:00,0.0
2011-04-22 02:44:21-04:00,0.0
2011-04-22 02:44:24-04:00,0.0
2011-04-22 02:44:27-04:00,0.0
2011-04-22 02:44:30-04:00,0.0
2011-04-22 02:44:33-04:00,0.0
2011-04-22 02:44:36-04:00,0.0
2011-04-22 02:44:39-04:00,0.0
2011-04-22 02:44:42-04:00,0.0
2011-04-22 02:44:45-04:00,0.0
2011-04-22 02:44:48-04:00,0.0
2011-04-22 02:44:51-04:00,0.0
2011-04-22 02:44:54-04:00,0.0
2011-04-22 02:44:57-04:00,0.0
2011-04-22 02:45:00-04:00,0.0
2011-04-22 02:45:03-04:00,0.0
2011-04-22 02:45:06-04:00,0.0
2011-04-22 02:45:09-04:00,0.0
2011-04-22 02:45:12-04:00,0.0
2011-04-22 02:45:15-04:00,0.0
2011-04-22 02:45:18-04:00,0.0
2011-04-22 02:45:21-04:00,0.0
2011-04-22 02:45:24-04:00,0.0
2011-04-22 02:45:27-04:00,0.0
2011-04-22 02:45:30-04:00,0.0
2011-04-22 02:45:33-04:00,0.0
2011-04-22 02:45:36-04:00,0.0
2011-04-22 02:45:39-04:00,0.0
2011-04-22 02:45:42-04:00,0.0
2011-04-22 02:45:45-04:00,0.0
2011-04-22 02:45:48-04:00,0.0
2011-04-22 02:45:51-04:00,0.0
2011-04-22 02:45:54-04:00,0.0
2011-04-22 02:45:57-04:00,0.0
2011-04-22 02:46:00-04:00,0.0
2011-04-22 02:46:03-04:00,0.0
2011-04-22 02:46:06-04:00,0.0
2011-04-22 02:46:09-04:00,0.0
2011-04-22 02:46:12-04:00,0.0
2011-04-22 02:46:15-04:00,0.0
2011-04-22 02:46:18-04:00,0.0
2011-04-22 02:46:21-04:00,0.0
2011-04-22 02:46:24-04:00,0.0
2011-04-22 02:46:27-04:00,0.0
2011-04-22 02:46:30-04:00,0.0
2011-04-22 02:46:33-04:00,0.0
2011-04-22 02:46:36-04:00,0.0
2011-04-22 02:46:39-04:00,0.0
2011-04-22 02:46:42-04:00,0.0
2011-04-22 02:46:45-04:00,0.0
2011-04-22 02:46:48-04:00,0.0
2011-04-22 02:46:51-04:00,0.0
2011-04-22 02:46:54-04:00,0.0
2011-04-22 02:46:57-04:00,0.0
2011-04-22 02:47:00-04:00,0.0
2011-04-22 02:47:03-04:00,0.0
2011-04-22 02:47:06-04:00,0.0
2011-04-22 02:47:09-04:00,0.0
2011-04-22 02:47:12-04:00,0.0
2011-04-22 02:47:15-04:00,0.0
2011-04-22 02:47:18-04:00,0.0
2011-04-22 02:47:21-04:00,0.0
2011-04-22 02:47:24-04:00,0.0
2011-04-22 02:47:27-04:00,0.0
2011-04-22 02:47:30-04:00,0.0
2011-04-22 02:47:33-04:00,0.0
2011-04-22 02:47:36-04:00,0.0
2011-04-22 02:47:39-04:00,0.0
2011-04-22 02:47:42-04:00,0.0
2011-04-22 02:47:45-04:00,0.0
2011-04-22 02:47:48-04:00,0.0
2011-04-22 02:47:51-04:00,0.0
2011-04-22 02:47:54-04:00,0.0
2011-04-22 02:47:57-04:00,0.0
2011-04-22 02:48:00-04:00,0.0
2011-04-22 02:48:03-04:00,0.0
2011-04-22 02:48:06-04:00,0.0
2011-04-22 02:48:09-04:00,0.0
2011-04-22 02:48:12-04:00,0.0
2011-04-22 02:48:15-04:00,0.0
2011-04-22 02:48:18-04:00,0.0
2011-04-22 02:48:21-04:00,0.0
2011-04-22 02:48:24-04:00,0.0
2011-04-22 02:48:27-04:00,0.0
2011-04-22 02:48:30-04:00,0.0
2011-04-22 02:48:33-04:00,0.0
2011-04-22 02:48:36-04:00,0.0
2011-04-22 02:48:39-04:00,0.0
2011-04-22 02:48:42-04:00,0.0
2011-04-22 02:48:45-04:00,0.0
2011-04-22 02:48:48-04:00,0.0
2011-04-22 02:48:51-04:00,0.0
2011-04-22 02:48:54-04:00,0.0
2011-04-22 02:48:57-04:00,0.0
2011-04-22 02:49:00-04:00,0.0
2011-04-22 02:49:03-04:00,0.0
2011-04-22 02:49:06-04:00,0.0
2011-04-22 02:49:09-04:00,0.0
2011-04-22 02:49:12-04:00,0.0
2011-04-22 02:49:15-04:00,0.0
2011-04-22 02:49:18-04:00,0.0
2011-04-22 02:49:21-04:00,0.0
2011-04-22 02:49:24-04:00,0.0
2011-04-22 02:49:27-04:00,0.0
2011-04-22 02:49:30-04:00,0.0
2011-04-22 02:49:33-04:00,0.0
2011-04-22 02:49:36-04:00,0.0
2011-04-22 02:49:39-04:00,0.0
2011-04-22 02:49:42-04:00,0.0
2011-04-22 02:49:45-04:00,0.0
2011-04-22 02:49:48-04:00,0.0
2011-04-22 02:49:51-04:00,0.0
2011-04-22 02:49:54-04:00,0.0
2011-04-22 02:49:57-04:00,0.0
2011-04-22 02:50:00-04:00,0.0
2011-04-22 02:50:03-04:00,0.0
2011-04-22 02:50:06-04:00,0.0
2011-04-22 02:50:09-04:00,0.0
2011-04-22 02:50:12-04:00,0.0
2011-04-22 02:50:15-04:00,0.0
2011-04-22 02:50:18-04:00,0.0
2011-04-22 02:50:21-04:00,0.0
2011-04-22 02:50:24-04:00,0.0
2011-04-22 02:50:27-04:00,0.0
2011-04-22 02:50:30-04:00,0.0
2011-04-22 02:50:33-04:00,0.0
2011-04-22 02:50:36-04:00,0.0
2011-04-22 02:50:39-04:00,0.0
2011-04-22 02:50:42-04:00,0.0
2011-04-22 02:50:45-04:00,0.0
2011-04-22 02:50:48-04:00,0.0
2011-04-22 02:50:51-04:00,0.0
2011-04-22 02:50:54-04:00,0.0
2011-04-22 02:50:57-04:00,0.0
2011-04-22 02:51:00-04:00,0.0
2011-04-22 02:51:03-04:00,0.0
2011-04-22 02:51:06-04:00,0.0
2011-04-22 02:51:09-04:00,0.0
2011-04-22 02:51:12-04:00,0.0
2011-04-22 02:51:15-04:00,0.0
2011-04-22 02:51:18-04:00,0.0
2011-04-22 02:51:21-04:00,0.0
2011-04-22 02:51:24-04:00,0.0
2011-04-22 02:51:27-04:00,0.0
2011-04-22 02:51:30-04:00,0.0
2011-04-22 02:51:33-04:00,0.0
2011-04-22 02:51:36-04:00,0.0
2011-04-22 02:51:39-04:00,0.0
2011-04-22 02:51:42-04:00,0.0
2011-04-22 02:51:45-04:00,0.0
2011-04-22 02:51:48-04:00,0.0
2011-04-22 02:51:51-04:00,0.0
2011-04-22 02:51:54-04:00,0.0
2011-04-22 02:51:57-04:00,0.0
2011-04-22 02:52:00-04:00,0.0
2011-04-22 02:52:03-04:00,0.0
2011-04-22 02:52:06-04:00,0.0
2011-04-22 02:52:09-04:00,0.0
2011-04-22 02:52:12-04:00,0.0
2011-04-22 02:52:15-04:00,0.0
2011-04-22 02:52:18-04:00,0.0
2011-04-22 02:52:21-04:00,0.0
2011-04-22 02:52:24-04:00,0.0
2011-04-22 02:52:27-04:00,0.0
2011-04-22 02:52:30-04:00,0.0
2011-04-22 02:52:33-04:00,0.0
2011-04-22 02:52:36-04:00,0.0
2011-04-22 02:52:39-04:00,0.0
2011-04-22 02:52:42-04:00,0.0
2011-04-22 02:52:45-04:00,0.0
2011-04-22 02:52:48-04:00,0.0
2011-04-22 02:52:51-04:00,0.0
2011-04-22 02:52:54-04:00,0.0
2011-04-22 02:52:57-04:00,0.0
2011-04-22 02:53:00-04:00,0.0
2011-04-22 02:53:03-04:00,0.0
2011-04-22 02:53:06-04:00,0.0
2011-04-22 02:53:09-04:00,0.0
2011-04-22 02:53:12-04:00,0.0
2011-04-22 02:53:15-04:00,0.0
2011-04-22 02:53:18-04:00,0.0
2011-04-22 02:53:21-04:00,0.0
2011-04-22 02:53:24-04:00,0.0
2011-04-22 02:53:27-04:00,0.0
2011-04-22 02:53:30-04:00,0.0
2011-04-22 02:53:33-04:00,0.0
2011-04-22 02:53:36-04:00,0.0
2011-04-22 02:53:39-04:00,0.0
2011-04-22 02:53:42-04:00,0.0
2011-04-22 02:53:45-04:00,0.0
2011-04-22 02:53:48-04:00,0.0
2011-04-22 02:53:51-04:00,0.0
2011-04-22 02:53:54-04:00,0.0
2011-04-22 02:53:57-04:00,0.0
2011-04-22 02:54:00-04:00,0.0
2011-04-22 02:54:03-04:00,0.0
2011-04-22 02:54:06-04:00,0.0
2011-04-22 02:54:09-04:00,0.0
2011-04-22 02:54:12-04:00,0.0
2011-04-22 02:54:15-04:00,0.0
2011-04-22 02:54:18-04:00,0.0
2011-04-22 02:54:21-04:00,0.0
2011-04-22 02:54:24-04:00,0.0
2011-04-22 02:54:27-04:00,0.0
2011-04-22 02:54:30-04:00,0.0
2011-04-22 02:54:33-04:00,0.0
2011-04-22 02:54:36-04:00,0.0
2011-04-22 02:54:39-04:00,0.0
2011-04-22 02:54:42-04:00,0.0
2011-04-22 02:54:45-04:00,0.0
2011-04-22 02:54:48-04:00,0.0
2011-04-22 02:54:51-04:00,0.0
2011-04-22 02:54:54-04:00,0.0
2011-04-22 02:54:57-04:00,0.0
2011-04-22 02:55:00-04:00,0.0
2011-04-22 02:55:03-04:00,0.0
2011-04-22 02:55:06-04:00,0.0
2011-04-22 02:55:09-04:00,0.0
2011-04-22 02:55:12-04:00,0.0
2011-04-22 02:55:15-04:00,0.0
2011-04-22 02:55:18-04:00,0.0
2011-04-22 02:55:21-04:00,0.0
2011-04-22 02:55:24-04:00,0.0
2011-04-22 02:55:27-04:00,0.0
2011-04-22 02:55:30-04:00,0.0
2011-04-22 02:55:33-04:00,0.0
2011-04-22 02:55:36-04:00,0.0
2011-04-22 02:55:39-04:00,0.0
2011-04-22 02:55:42-04:00,0.0
2011-04-22 02:55:45-04:00,0.0
2011-04-22 02:55:48-04:00,0.0
2011-04-22 02:55:51-04:00,0.0
2011-04-22 02:55:54-04:00,0.0
2011-04-22 02:55:57-04:00,0.0
2011-04-22 02:56:00-04:00,0.0
2011-04-22 02:56:03-04:00,0.0
2011-04-22 02:56:06-04:00,0.0
2011-04-22 02:56:09-04:00,0.0
2011-04-22 02:56:12-04:00,0.0
2011-04-22 02:56:15-04:00,0.0
2011-04-22 02:56:18-04:00,0.0
2011-04-22 02:56:21-04:00,0.0
2011-04-22 02:56:24-04:00,0.0
2011-04-22 02:56:27-04:00,0.0
2011-04-22 02:56:30-04:00,0.0
2011-04-22 02:56:33-04:00,0.0
2011-04-22 02:56:36-04:00,0.0
2011-04-22 02:56:39-04:00,0.0
2011-04-22 02:56:42-04:00,0.0
2011-04-22 02:56:45-04:00,0.0
2011-04-22 02:56:48-04:00,0.0
2011-04-22 02:56:51-04:00,0.0
2011-04-22 02:56:54-04:00,0.0
2011-04-22 02:56:57-04:00,0.0
2011-04-22 02:57:00-04:00,0.0
2011-04-22 02:57:03-04:00,0.0
2011-04-22 02:57:06-04:00,0.0
2011-04-22 02:57:09-04:00,0.0
2011-04-22 02:57:12-04:00,0.0
2011-04-22 02:57:15-04:00,0.0
2011-04-22 02:57:18-04:00,0.0
2011-04-22 02:57:21-04:00,0.0
2011-04-22 02:57:24-04:00,0.0
2011-04-22 02:57:27-04:00,0.0
2011-04-22 02:57:30-04:00,0.0
2011-04-22 02:57:33-04:00,0.0
2011-04-22 02:57:36-04:00,0.0
2011-04-22 02:57:39-04:00,0.0
2011-04-22 02:57:42-04:00,0.0
2011-04-22 02:57:45-04:00,0.0
2011-04-22 02:57:48-04:00,0.0
2011-04-22 02:57:51-04:00,0.0
2011-04-22 02:57:54-04:00,0.0
2011-04-22 02:57:57-04:00,0.0
2011-04-22 02:58:00-04:00,0.0
2011-04-22 02:58:03-04:00,0.0
2011-04-22 02:58:06-04:00,0.0
2011-04-22 02:58:09-04:00,0.0
2011-04-22 02:58:12-04:00,0.0
2011-04-22 02:58:15-04:00,0.0
2011-04-22 02:58:18-04:00,0.0
2011-04-22 02:58:21-04:00,0.0
2011-04-22 02:58:24-04:00,0.0
2011-04-22 02:58:27-04:00,0.0
2011-04-22 02:58:30-04:00,0.0
2011-04-22 02:58:33-04:00,0.0
2011-04-22 02:58:36-04:00,0.0
2011-04-22 02:58:39-04:00,0.0
2011-04-22 02:58:42-04:00,0.0
2011-04-22 02:58:45-04:00,0.0
2011-04-22 02:58:48-04:00,0.0
2011-04-22 02:58:51-04:00,0.0
2011-04-22 02:58:54-04:00,0.0
2011-04-22 02:58:57-04:00,0.0
2011-04-22 02:59:00-04:00,0.0
2011-04-22 02:59:03-04:00,0.0
2011-04-22 02:59:06-04:00,0.0
2011-04-22 02:59:09-04:00,0.0
2011-04-22 02:59:12-04:00,0.0
2011-04-22 02:59:15-04:00,0.0
2011-04-22 02:59:18-04:00,0.0
2011-04-22 02:59:21-04:00,0.0
2011-04-22 02:59:24-04:00,0.0
2011-04-22 02:59:27-04:00,0.0
2011-04-22 02:59:30-04:00,0.0
2011-04-22 02:59:33-04:00,0.0
2011-04-22 02:59:36-04:00,0.0
2011-04-22 02:59:39-04:00,0.0
2011-04-22 02:59:42-04:00,0.0
2011-04-22 02:59:45-04:00,0.0
2011-04-22 02:59:48-04:00,0.0
2011-04-22 02:59:51-04:00,0.0
2011-04-22 02:59:54-04:00,0.0
2011-04-22 02:59:57-04:00,0.0
2011-04-22 03:00:00-04:00,0.0
2011-04-22 03:00:03-04:00,0.0
2011-04-22 03:00:06-04:00,0.0
2011-04-22 03:00:09-04:00,0.0
2011-04-22 03:00:12-04:00,0.0
2011-04-22 03:00:15-04:00,0.0
2011-04-22 03:00:18-04:00,0.0
2011-04-22 03:00:21-04:00,0.0
2011-04-22 03:00:24-04:00,0.0
2011-04-22 03:00:27-04:00,0.0
2011-04-22 03:00:30-04:00,0.0
2011-04-22 03:00:33-04:00,0.0
2011-04-22 03:00:36-04:00,0.0
2011-04-22 03:00:39-04:00,0.0
2011-04-22 03:00:42-04:00,0.0
2011-04-22 03:00:45-04:00,0.0
2011-04-22 03:00:48-04:00,0.0
2011-04-22 03:00:51-04:00,0.0
2011-04-22 03:00:54-04:00,0.0
2011-04-22 03:00:57-04:00,0.0
2011-04-22 03:01:00-04:00,0.0
2011-04-22 03:01:03-04:00,0.0
2011-04-22 03:01:06-04:00,0.0
2011-04-22 03:01:09-04:00,0.0
2011-04-22 03:01:12-04:00,0.0
2011-04-22 03:01:15-04:00,0.0
2011-04-22 03:01:18-04:00,0.0
2011-04-22 03:01:21-04:00,0.0
2011-04-22 03:01:24-04:00,0.0
2011-04-22 03:01:27-04:00,0.0
2011-04-22 03:01:30-04:00,0.0
2011-04-22 03:01:33-04:00,0.0
2011-04-22 03:01:36-04:00,0.0
2011-04-22 03:01:39-04:00,0.0
2011-04-22 03:01:42-04:00,0.0
2011-04-22 03:01:45-04:00,0.0
2011-04-22 03:01:48-04:00,0.0
2011-04-22 03:01:51-04:00,0.0
2011-04-22 03:01:54-04:00,0.0
2011-04-22 03:01:57-04:00,0.0
2011-04-22 03:02:00-04:00,0.0
2011-04-22 03:02:03-04:00,0.0
2011-04-22 03:02:06-04:00,0.0
2011-04-22 03:02:09-04:00,0.0
2011-04-22 03:02:12-04:00,0.0
2011-04-22 03:02:15-04:00,0.0
2011-04-22 03:02:18-04:00,0.0
2011-04-22 03:02:21-04:00,0.0
2011-04-22 03:02:24-04:00,0.0
2011-04-22 03:02:27-04:00,0.0
2011-04-22 03:02:30-04:00,0.0
2011-04-22 03:02:33-04:00,0.0
2011-04-22 03:02:36-04:00,0.0
2011-04-22 03:02:39-04:00,0.0
2011-04-22 03:02:42-04:00,0.0
2011-04-22 03:02:45-04:00,0.0
2011-04-22 03:02:48-04:00,0.0
2011-04-22 03:02:51-04:00,0.0
2011-04-22 03:02:54-04:00,0.0
2011-04-22 03:02:57-04:00,0.0
2011-04-22 03:03:00-04:00,0.0
2011-04-22 03:03:03-04:00,0.0
2011-04-22 03:03:06-04:00,0.0
2011-04-22 03:03:09-04:00,0.0
2011-04-22 03:03:12-04:00,0.0
2011-04-22 03:03:15-04:00,0.0
2011-04-22 03:03:18-04:00,0.0
2011-04-22 03:03:21-04:00,0.0
2011-04-22 03:03:24-04:00,0.0
2011-04-22 03:03:27-04:00,0.0
2011-04-22 03:03:30-04:00,0.0
2011-04-22 03:03:33-04:00,0.0
2011-04-22 03:03:36-04:00,0.0
2011-04-22 03:03:39-04:00,0.0
2011-04-22 03:03:42-04:00,0.0
2011-04-22 03:03:45-04:00,0.0
2011-04-22 03:03:48-04:00,0.0
2011-04-22 03:03:51-04:00,0.0
2011-04-22 03:03:54-04:00,0.0
2011-04-22 03:03:57-04:00,0.0
2011-04-22 03:04:00-04:00,0.0
2011-04-22 03:04:03-04:00,0.0
2011-04-22 03:04:06-04:00,0.0
2011-04-22 03:04:09-04:00,0.0
2011-04-22 03:04:12-04:00,0.0
2011-04-22 03:04:15-04:00,0.0
2011-04-22 03:04:18-04:00,0.0
2011-04-22 03:04:21-04:00,0.0
2011-04-22 03:04:24-04:00,0.0
2011-04-22 03:04:27-04:00,0.0
2011-04-22 03:04:30-04:00,0.0
2011-04-22 03:04:33-04:00,0.0
2011-04-22 03:04:36-04:00,0.0
2011-04-22 03:04:39-04:00,0.0
2011-04-22 03:04:42-04:00,0.0
2011-04-22 03:04:45-04:00,0.0
2011-04-22 03:04:48-04:00,0.0
2011-04-22 03:04:51-04:00,0.0
2011-04-22 03:04:54-04:00,0.0
2011-04-22 03:04:57-04:00,0.0
2011-04-22 03:05:00-04:00,0.0
2011-04-22 03:05:03-04:00,0.0
2011-04-22 03:05:06-04:00,0.0
2011-04-22 03:05:09-04:00,0.0
2011-04-22 03:05:12-04:00,0.0
2011-04-22 03:05:15-04:00,0.0
2011-04-22 03:05:18-04:00,0.0
2011-04-22 03:05:21-04:00,0.0
2011-04-22 03:05:24-04:00,0.0
2011-04-22 03:05:27-04:00,0.0
2011-04-22 03:05:30-04:00,0.0
2011-04-22 03:05:33-04:00,0.0
2011-04-22 03:05:36-04:00,0.0
2011-04-22 03:05:39-04:00,0.0
2011-04-22 03:05:42-04:00,0.0
2011-04-22 03:05:45-04:00,0.0
2011-04-22 03:05:48-04:00,0.0
2011-04-22 03:05:51-04:00,0.0
2011-04-22 03:05:54-04:00,0.0
2011-04-22 03:05:57-04:00,0.0
2011-04-22 03:06:00-04:00,0.0
2011-04-22 03:06:03-04:00,0.0
2011-04-22 03:06:06-04:00,0.0
2011-04-22 03:06:09-04:00,0.0
2011-04-22 03:06:12-04:00,0.0
2011-04-22 03:06:15-04:00,0.0
2011-04-22 03:06:18-04:00,0.0
2011-04-22 03:06:21-04:00,0.0
2011-04-22 03:06:24-04:00,0.0
2011-04-22 03:06:27-04:00,0.0
2011-04-22 03:06:30-04:00,0.0
2011-04-22 03:06:33-04:00,0.0
2011-04-22 03:06:36-04:00,0.0
2011-04-22 03:06:39-04:00,0.0
2011-04-22 03:06:42-04:00,0.0
2011-04-22 03:06:45-04:00,0.0
2011-04-22 03:06:48-04:00,0.0
2011-04-22 03:06:51-04:00,0.0
2011-04-22 03:06:54-04:00,0.0
2011-04-22 03:06:57-04:00,0.0
2011-04-22 03:07:00-04:00,0.0
2011-04-22 03:07:03-04:00,0.0
2011-04-22 03:07:06-04:00,0.0
2011-04-22 03:07:09-04:00,0.0
2011-04-22 03:07:12-04:00,0.0
2011-04-22 03:07:15-04:00,0.0
2011-04-22 03:07:18-04:00,0.0
2011-04-22 03:07:21-04:00,0.0
2011-04-22 03:07:24-04:00,0.0
2011-04-22 03:07:27-04:00,0.0
2011-04-22 03:07:30-04:00,0.0
2011-04-22 03:07:33-04:00,0.0
2011-04-22 03:07:36-04:00,0.0
2011-04-22 03:07:39-04:00,0.0
2011-04-22 03:07:42-04:00,0.0
2011-04-22 03:07:45-04:00,0.0
2011-04-22 03:07:48-04:00,0.0
2011-04-22 03:07:51-04:00,0.0
2011-04-22 03:07:54-04:00,0.0
2011-04-22 03:07:57-04:00,0.0
2011-04-22 03:08:00-04:00,0.0
2011-04-22 03:08:03-04:00,0.0
2011-04-22 03:08:06-04:00,0.0
2011-04-22 03:08:09-04:00,0.0
2011-04-22 03:08:12-04:00,0.0
2011-04-22 03:08:15-04:00,0.0
2011-04-22 03:08:18-04:00,0.0
2011-04-22 03:08:21-04:00,0.0
2011-04-22 03:08:24-04:00,0.0
2011-04-22 03:08:27-04:00,0.0
2011-04-22 03:08:30-04:00,0.0
2011-04-22 03:08:33-04:00,0.0
2011-04-22 03:08:36-04:00,0.0
2011-04-22 03:08:39-04:00,0.0
2011-04-22 03:08:42-04:00,0.0
2011-04-22 03:08:45-04:00,0.0
2011-04-22 03:08:48-04:00,0.0
2011-04-22 03:08:51-04:00,0.0
2011-04-22 03:08:54-04:00,0.0
2011-04-22 03:08:57-04:00,0.0
2011-04-22 03:09:00-04:00,0.0
2011-04-22 03:09:03-04:00,0.0
2011-04-22 03:09:06-04:00,0.0
2011-04-22 03:09:09-04:00,0.0
2011-04-22 03:09:12-04:00,0.0
2011-04-22 03:09:15-04:00,0.0
2011-04-22 03:09:18-04:00,0.0
2011-04-22 03:09:21-04:00,0.0
2011-04-22 03:09:24-04:00,0.0
2011-04-22 03:09:27-04:00,0.0
2011-04-22 03:09:30-04:00,0.0
2011-04-22 03:09:33-04:00,0.0
2011-04-22 03:09:36-04:00,0.0
2011-04-22 03:09:39-04:00,0.0
2011-04-22 03:09:42-04:00,0.0
2011-04-22 03:09:45-04:00,0.0
2011-04-22 03:09:48-04:00,0.0
2011-04-22 03:09:51-04:00,0.0
2011-04-22 03:09:54-04:00,0.0
2011-04-22 03:09:57-04:00,0.0
2011-04-22 03:10:00-04:00,0.0
2011-04-22 03:10:03-04:00,0.0
2011-04-22 03:10:06-04:00,0.0
2011-04-22 03:10:09-04:00,0.0
2011-04-22 03:10:12-04:00,0.0
2011-04-22 03:10:15-04:00,0.0
2011-04-22 03:10:18-04:00,0.0
2011-04-22 03:10:21-04:00,0.0
2011-04-22 03:10:24-04:00,0.0
2011-04-22 03:10:27-04:00,0.0
2011-04-22 03:10:30-04:00,0.0
2011-04-22 03:10:33-04:00,0.0
2011-04-22 03:10:36-04:00,0.0
2011-04-22 03:10:39-04:00,0.0
2011-04-22 03:10:42-04:00,0.0
2011-04-22 03:10:45-04:00,0.0
2011-04-22 03:10:48-04:00,0.0
2011-04-22 03:10:51-04:00,0.0
2011-04-22 03:10:54-04:00,0.0
2011-04-22 03:10:57-04:00,0.0
2011-04-22 03:11:00-04:00,0.0
2011-04-22 03:11:03-04:00,0.0
2011-04-22 03:11:06-04:00,0.0
2011-04-22 03:11:09-04:00,0.0
2011-04-22 03:11:12-04:00,0.0
2011-04-22 03:11:15-04:00,0.0
2011-04-22 03:11:18-04:00,0.0
2011-04-22 03:11:21-04:00,0.0
2011-04-22 03:11:24-04:00,0.0
2011-04-22 03:11:27-04:00,0.0
2011-04-22 03:11:30-04:00,0.0
2011-04-22 03:11:33-04:00,0.0
2011-04-22 03:11:36-04:00,0.0
2011-04-22 03:11:39-04:00,0.0
2011-04-22 03:11:42-04:00,0.0
2011-04-22 03:11:45-04:00,0.0
2011-04-22 03:11:48-04:00,0.0
2011-04-22 03:11:51-04:00,0.0
2011-04-22 03:11:54-04:00,0.0
2011-04-22 03:11:57-04:00,0.0
2011-04-22 03:12:00-04:00,0.0
2011-04-22 03:12:03-04:00,0.0
2011-04-22 03:12:06-04:00,0.0
2011-04-22 03:12:09-04:00,0.0
2011-04-22 03:12:12-04:00,0.0
2011-04-22 03:12:15-04:00,0.0
2011-04-22 03:12:18-04:00,0.0
2011-04-22 03:12:21-04:00,0.0
2011-04-22 03:12:24-04:00,0.0
2011-04-22 03:12:27-04:00,0.0
2011-04-22 03:12:30-04:00,0.0
2011-04-22 03:12:33-04:00,0.0
2011-04-22 03:12:36-04:00,0.0
2011-04-22 03:12:39-04:00,0.0
2011-04-22 03:12:42-04:00,0.0
2011-04-22 03:12:45-04:00,0.0
2011-04-22 03:12:48-04:00,0.0
2011-04-22 03:12:51-04:00,0.0
2011-04-22 03:12:54-04:00,0.0
2011-04-22 03:12:57-04:00,0.0
2011-04-22 03:13:00-04:00,0.0
2011-04-22 03:13:03-04:00,0.0
2011-04-22 03:13:06-04:00,0.0
2011-04-22 03:13:09-04:00,0.0
2011-04-22 03:13:12-04:00,0.0
2011-04-22 03:13:15-04:00,0.0
2011-04-22 03:13:18-04:00,0.0
2011-04-22 03:13:21-04:00,0.0
2011-04-22 03:13:24-04:00,0.0
2011-04-22 03:13:27-04:00,0.0
2011-04-22 03:13:30-04:00,0.0
2011-04-22 03:13:33-04:00,0.0
2011-04-22 03:13:36-04:00,0.0
2011-04-22 03:13:39-04:00,0.0
2011-04-22 03:13:42-04:00,0.0
2011-04-22 03:13:45-04:00,0.0
2011-04-22 03:13:48-04:00,0.0
2011-04-22 03:13:51-04:00,0.0
2011-04-22 03:13:54-04:00,0.0
2011-04-22 03:13:57-04:00,0.0
2011-04-22 03:14:00-04:00,0.0
2011-04-22 03:14:03-04:00,0.0
2011-04-22 03:14:06-04:00,0.0
2011-04-22 03:14:09-04:00,0.0
2011-04-22 03:14:12-04:00,0.0
2011-04-22 03:14:15-04:00,0.0
2011-04-22 03:14:18-04:00,0.0
2011-04-22 03:14:21-04:00,0.0
2011-04-22 03:14:24-04:00,0.0
2011-04-22 03:14:27-04:00,0.0
2011-04-22 03:14:30-04:00,0.0
2011-04-22 03:14:33-04:00,0.0
2011-04-22 03:14:36-04:00,0.0
2011-04-22 03:14:39-04:00,0.0
2011-04-22 03:14:42-04:00,0.0
2011-04-22 03:14:45-04:00,0.0
2011-04-22 03:14:48-04:00,0.0
2011-04-22 03:14:51-04:00,0.0
2011-04-22 03:14:54-04:00,0.0
2011-04-22 03:14:57-04:00,0.0
2011-04-22 03:15:00-04:00,0.0
2011-04-22 03:15:03-04:00,0.0
2011-04-22 03:15:06-04:00,0.0
2011-04-22 03:15:09-04:00,0.0
2011-04-22 03:15:12-04:00,0.0
2011-04-22 03:15:15-04:00,0.0
2011-04-22 03:15:18-04:00,0.0
2011-04-22 03:15:21-04:00,0.0
2011-04-22 03:15:24-04:00,0.0
2011-04-22 03:15:27-04:00,0.0
2011-04-22 03:15:30-04:00,0.0
2011-04-22 03:15:33-04:00,0.0
2011-04-22 03:15:36-04:00,0.0
2011-04-22 03:15:39-04:00,0.0
2011-04-22 03:15:42-04:00,0.0
2011-04-22 03:15:45-04:00,0.0
2011-04-22 03:15:48-04:00,0.0
2011-04-22 03:15:51-04:00,0.0
2011-04-22 03:15:54-04:00,0.0
2011-04-22 03:15:57-04:00,0.0
2011-04-22 03:16:00-04:00,0.0
2011-04-22 03:16:03-04:00,0.0
2011-04-22 03:16:06-04:00,0.0
2011-04-22 03:16:09-04:00,0.0
2011-04-22 03:16:12-04:00,0.0
2011-04-22 03:16:15-04:00,0.0
2011-04-22 03:16:18-04:00,0.0
2011-04-22 03:16:21-04:00,0.0
2011-04-22 03:16:24-04:00,0.0
2011-04-22 03:16:27-04:00,0.0
2011-04-22 03:16:30-04:00,0.0
2011-04-22 03:16:33-04:00,0.0
2011-04-22 03:16:36-04:00,0.0
2011-04-22 03:16:39-04:00,0.0
2011-04-22 03:16:42-04:00,0.0
2011-04-22 03:16:45-04:00,0.0
2011-04-22 03:16:48-04:00,0.0
2011-04-22 03:16:51-04:00,0.0
2011-04-22 03:16:54-04:00,0.0
2011-04-22 03:16:57-04:00,0.0
2011-04-22 03:17:00-04:00,0.0
2011-04-22 03:17:03-04:00,0.0
2011-04-22 03:17:06-04:00,0.0
2011-04-22 03:17:09-04:00,0.0
2011-04-22 03:17:12-04:00,0.0
2011-04-22 03:17:15-04:00,0.0
2011-04-22 03:17:18-04:00,0.0
2011-04-22 03:17:21-04:00,0.0
2011-04-22 03:17:24-04:00,0.0
2011-04-22 03:17:27-04:00,0.0
2011-04-22 03:17:30-04:00,0.0
2011-04-22 03:17:33-04:00,0.0
2011-04-22 03:17:36-04:00,0.0
2011-04-22 03:17:39-04:00,0.0
2011-04-22 03:17:42-04:00,0.0
2011-04-22 03:17:45-04:00,0.0
2011-04-22 03:17:48-04:00,0.0
2011-04-22 03:17:51-04:00,0.0
2011-04-22 03:17:54-04:00,0.0
2011-04-22 03:17:57-04:00,0.0
2011-04-22 03:18:00-04:00,0.0
2011-04-22 03:18:03-04:00,0.0
2011-04-22 03:18:06-04:00,0.0
2011-04-22 03:18:09-04:00,0.0
2011-04-22 03:18:12-04:00,0.0
2011-04-22 03:18:15-04:00,0.0
2011-04-22 03:18:18-04:00,0.0
2011-04-22 03:18:21-04:00,0.0
2011-04-22 03:18:24-04:00,0.0
2011-04-22 03:18:27-04:00,0.0
2011-04-22 03:18:30-04:00,0.0
2011-04-22 03:18:33-04:00,0.0
2011-04-22 03:18:36-04:00,0.0
2011-04-22 03:18:39-04:00,0.0
2011-04-22 03:18:42-04:00,0.0
2011-04-22 03:18:45-04:00,0.0
2011-04-22 03:18:48-04:00,0.0
2011-04-22 03:18:51-04:00,0.0
2011-04-22 03:18:54-04:00,0.0
2011-04-22 03:18:57-04:00,0.0
2011-04-22 03:19:00-04:00,0.0
2011-04-22 03:19:03-04:00,0.0
2011-04-22 03:19:06-04:00,0.0
2011-04-22 03:19:09-04:00,0.0
2011-04-22 03:19:12-04:00,0.0
2011-04-22 03:19:15-04:00,0.0
2011-04-22 03:19:18-04:00,0.0
2011-04-22 03:19:21-04:00,0.0
2011-04-22 03:19:24-04:00,0.0
2011-04-22 03:19:27-04:00,0.0
2011-04-22 03:19:30-04:00,0.0
2011-04-22 03:19:33-04:00,0.0
2011-04-22 03:19:36-04:00,0.0
2011-04-22 03:19:39-04:00,0.0
2011-04-22 03:19:42-04:00,0.0
2011-04-22 03:19:45-04:00,0.0
2011-04-22 03:19:48-04:00,0.0
2011-04-22 03:19:51-04:00,0.0
2011-04-22 03:19:54-04:00,0.0
2011-04-22 03:19:57-04:00,0.0
2011-04-22 03:20:00-04:00,0.0
2011-04-22 03:20:03-04:00,0.0
2011-04-22 03:20:06-04:00,0.0
2011-04-22 03:20:09-04:00,0.0
2011-04-22 03:20:12-04:00,0.0
2011-04-22 03:20:15-04:00,0.0
2011-04-22 03:20:18-04:00,0.0
2011-04-22 03:20:21-04:00,0.0
2011-04-22 03:20:24-04:00,0.0
2011-04-22 03:20:27-04:00,0.0
2011-04-22 03:20:30-04:00,0.0
2011-04-22 03:20:33-04:00,0.0
2011-04-22 03:20:36-04:00,0.0
2011-04-22 03:20:39-04:00,0.0
2011-04-22 03:20:42-04:00,0.0
2011-04-22 03:20:45-04:00,0.0
2011-04-22 03:20:48-04:00,0.0
2011-04-22 03:20:51-04:00,0.0
2011-04-22 03:20:54-04:00,0.0
2011-04-22 03:20:57-04:00,0.0
2011-04-22 03:21:00-04:00,0.0
2011-04-22 03:21:03-04:00,0.0
2011-04-22 03:21:06-04:00,0.0
2011-04-22 03:21:09-04:00,0.0
2011-04-22 03:21:12-04:00,0.0
2011-04-22 03:21:15-04:00,0.0
2011-04-22 03:21:18-04:00,0.0
2011-04-22 03:21:21-04:00,0.0
2011-04-22 03:21:24-04:00,0.0
2011-04-22 03:21:27-04:00,0.0
2011-04-22 03:21:30-04:00,0.0
2011-04-22 03:21:33-04:00,0.0
2011-04-22 03:21:36-04:00,0.0
2011-04-22 03:21:39-04:00,0.0
2011-04-22 03:21:42-04:00,0.0
2011-04-22 03:21:45-04:00,0.0
2011-04-22 03:21:48-04:00,0.0
2011-04-22 03:21:51-04:00,0.0
2011-04-22 03:21:54-04:00,0.0
2011-04-22 03:21:57-04:00,0.0
2011-04-22 03:22:00-04:00,0.0
2011-04-22 03:22:03-04:00,0.0
2011-04-22 03:22:06-04:00,0.0
2011-04-22 03:22:09-04:00,0.0
2011-04-22 03:22:12-04:00,0.0
2011-04-22 03:22:15-04:00,0.0
2011-04-22 03:22:18-04:00,0.0
2011-04-22 03:22:21-04:00,0.0
2011-04-22 03:22:24-04:00,0.0
2011-04-22 03:22:27-04:00,0.0
2011-04-22 03:22:30-04:00,0.0
2011-04-22 03:22:33-04:00,0.0
2011-04-22 03:22:36-04:00,0.0
2011-04-22 03:22:39-04:00,0.0
2011-04-22 03:22:42-04:00,0.0
2011-04-22 03:22:45-04:00,0.0
2011-04-22 03:22:48-04:00,0.0
2011-04-22 03:22:51-04:00,0.0
2011-04-22 03:22:54-04:00,0.0
2011-04-22 03:22:57-04:00,0.0
2011-04-22 03:23:00-04:00,0.0
2011-04-22 03:23:03-04:00,0.0
2011-04-22 03:23:06-04:00,0.0
2011-04-22 03:23:09-04:00,0.0
2011-04-22 03:23:12-04:00,0.0
2011-04-22 03:23:15-04:00,0.0
2011-04-22 03:23:18-04:00,0.0
2011-04-22 03:23:21-04:00,0.0
2011-04-22 03:23:24-04:00,0.0
2011-04-22 03:23:27-04:00,0.0
2011-04-22 03:23:30-04:00,0.0
2011-04-22 03:23:33-04:00,0.0
2011-04-22 03:23:36-04:00,0.0
2011-04-22 03:23:39-04:00,0.0
2011-04-22 03:23:42-04:00,0.0
2011-04-22 03:23:45-04:00,0.0
2011-04-22 03:23:48-04:00,0.0
2011-04-22 03:23:51-04:00,0.0
2011-04-22 03:23:54-04:00,0.0
2011-04-22 03:23:57-04:00,0.0
2011-04-22 03:24:00-04:00,0.0
2011-04-22 03:24:03-04:00,0.0
2011-04-22 03:24:06-04:00,0.0
2011-04-22 03:24:09-04:00,0.0
2011-04-22 03:24:12-04:00,0.0
2011-04-22 03:24:15-04:00,0.0
2011-04-22 03:24:18-04:00,0.0
2011-04-22 03:24:21-04:00,0.0
2011-04-22 03:24:24-04:00,0.0
2011-04-22 03:24:27-04:00,0.0
2011-04-22 03:24:30-04:00,0.0
2011-04-22 03:24:33-04:00,0.0
2011-04-22 03:24:36-04:00,0.0
2011-04-22 03:24:39-04:00,0.0
2011-04-22 03:24:42-04:00,0.0
2011-04-22 03:24:45-04:00,0.0
2011-04-22 03:24:48-04:00,0.0
2011-04-22 03:24:51-04:00,0.0
2011-04-22 03:24:54-04:00,0.0
2011-04-22 03:24:57-04:00,0.0
2011-04-22 03:25:00-04:00,0.0
2011-04-22 03:25:03-04:00,0.0
2011-04-22 03:25:06-04:00,0.0
2011-04-22 03:25:09-04:00,0.0
2011-04-22 03:25:12-04:00,0.0
2011-04-22 03:25:15-04:00,0.0
2011-04-22 03:25:18-04:00,0.0
2011-04-22 03:25:21-04:00,0.0
2011-04-22 03:25:24-04:00,0.0
2011-04-22 03:25:27-04:00,0.0
2011-04-22 03:25:30-04:00,0.0
2011-04-22 03:25:33-04:00,0.0
2011-04-22 03:25:36-04:00,0.0
2011-04-22 03:25:39-04:00,0.0
2011-04-22 03:25:42-04:00,0.0
2011-04-22 03:25:45-04:00,0.0
2011-04-22 03:25:48-04:00,0.0
2011-04-22 03:25:51-04:00,0.0
2011-04-22 03:25:54-04:00,0.0
2011-04-22 03:25:57-04:00,0.0
2011-04-22 03:26:00-04:00,0.0
2011-04-22 03:26:03-04:00,0.0
2011-04-22 03:26:06-04:00,0.0
2011-04-22 03:26:09-04:00,0.0
2011-04-22 03:26:12-04:00,0.0
2011-04-22 03:26:15-04:00,0.0
2011-04-22 03:26:18-04:00,0.0
2011-04-22 03:26:21-04:00,0.0
2011-04-22 03:26:24-04:00,0.0
2011-04-22 03:26:27-04:00,0.0
2011-04-22 03:26:30-04:00,0.0
2011-04-22 03:26:33-04:00,0.0
2011-04-22 03:26:36-04:00,0.0
2011-04-22 03:26:39-04:00,0.0
2011-04-22 03:26:42-04:00,0.0
2011-04-22 03:26:45-04:00,0.0
2011-04-22 03:26:48-04:00,0.0
2011-04-22 03:26:51-04:00,0.0
2011-04-22 03:26:54-04:00,0.0
2011-04-22 03:26:57-04:00,0.0
2011-04-22 03:27:00-04:00,0.0
2011-04-22 03:27:03-04:00,0.0
2011-04-22 03:27:06-04:00,0.0
2011-04-22 03:27:09-04:00,0.0
2011-04-22 03:27:12-04:00,0.0
2011-04-22 03:27:15-04:00,0.0
2011-04-22 03:27:18-04:00,0.0
2011-04-22 03:27:21-04:00,0.0
2011-04-22 03:27:24-04:00,0.0
2011-04-22 03:27:27-04:00,0.0
2011-04-22 03:27:30-04:00,0.0
2011-04-22 03:27:33-04:00,0.0
2011-04-22 03:27:36-04:00,0.0
2011-04-22 03:27:39-04:00,0.0
2011-04-22 03:27:42-04:00,0.0
2011-04-22 03:27:45-04:00,0.0
2011-04-22 03:27:48-04:00,0.0
2011-04-22 03:27:51-04:00,0.0
2011-04-22 03:27:54-04:00,0.0
2011-04-22 03:27:57-04:00,0.0
2011-04-22 03:28:00-04:00,0.0
2011-04-22 03:28:03-04:00,0.0
2011-04-22 03:28:06-04:00,0.0
2011-04-22 03:28:09-04:00,0.0
2011-04-22 03:28:12-04:00,0.0
2011-04-22 03:28:15-04:00,0.0
2011-04-22 03:28:18-04:00,0.0
2011-04-22 03:28:21-04:00,0.0
2011-04-22 03:28:24-04:00,0.0
2011-04-22 03:28:27-04:00,0.0
2011-04-22 03:28:30-04:00,0.0
2011-04-22 03:28:33-04:00,0.0
2011-04-22 03:28:36-04:00,0.0
2011-04-22 03:28:39-04:00,0.0
2011-04-22 03:28:42-04:00,0.0
2011-04-22 03:28:45-04:00,0.0
2011-04-22 03:28:48-04:00,0.0
2011-04-22 03:28:51-04:00,0.0
2011-04-22 03:28:54-04:00,0.0
2011-04-22 03:28:57-04:00,0.0
2011-04-22 03:29:00-04:00,0.0
2011-04-22 03:29:03-04:00,0.0
2011-04-22 03:29:06-04:00,0.0
2011-04-22 03:29:09-04:00,0.0
2011-04-22 03:29:12-04:00,0.0
2011-04-22 03:29:15-04:00,0.0
2011-04-22 03:29:18-04:00,0.0
2011-04-22 03:29:21-04:00,0.0
2011-04-22 03:29:24-04:00,0.0
2011-04-22 03:29:27-04:00,0.0
2011-04-22 03:29:30-04:00,0.0
2011-04-22 03:29:33-04:00,0.0
2011-04-22 03:29:36-04:00,0.0
2011-04-22 03:29:39-04:00,0.0
2011-04-22 03:29:42-04:00,0.0
2011-04-22 03:29:45-04:00,0.0
2011-04-22 03:29:48-04:00,0.0
2011-04-22 03:29:51-04:00,0.0
2011-04-22 03:29:54-04:00,0.0
2011-04-22 03:29:57-04:00,0.0
2011-04-22 03:30:00-04:00,0.0
2011-04-22 03:30:03-04:00,0.0
2011-04-22 03:30:06-04:00,0.0
2011-04-22 03:30:09-04:00,0.0
2011-04-22 03:30:12-04:00,0.0
2011-04-22 03:30:15-04:00,0.0
2011-04-22 03:30:18-04:00,0.0
2011-04-22 03:30:21-04:00,0.0
2011-04-22 03:30:24-04:00,0.0
2011-04-22 03:30:27-04:00,0.0
2011-04-22 03:30:30-04:00,0.0
2011-04-22 03:30:33-04:00,0.0
2011-04-22 03:30:36-04:00,0.0
2011-04-22 03:30:39-04:00,0.0
2011-04-22 03:30:42-04:00,0.0
2011-04-22 03:30:45-04:00,0.0
2011-04-22 03:30:48-04:00,0.0
2011-04-22 03:30:51-04:00,0.0
2011-04-22 03:30:54-04:00,0.0
2011-04-22 03:30:57-04:00,0.0
2011-04-22 03:31:00-04:00,0.0
2011-04-22 03:31:03-04:00,0.0
2011-04-22 03:31:06-04:00,0.0
2011-04-22 03:31:09-04:00,0.0
2011-04-22 03:31:12-04:00,0.0
2011-04-22 03:31:15-04:00,0.0
2011-04-22 03:31:18-04:00,0.0
2011-04-22 03:31:21-04:00,0.0
2011-04-22 03:31:24-04:00,0.0
2011-04-22 03:31:27-04:00,0.0
2011-04-22 03:31:30-04:00,0.0
2011-04-22 03:31:33-04:00,0.0
2011-04-22 03:31:36-04:00,0.0
2011-04-22 03:31:39-04:00,0.0
2011-04-22 03:31:42-04:00,0.0
2011-04-22 03:31:45-04:00,0.0
2011-04-22 03:31:48-04:00,0.0
2011-04-22 03:31:51-04:00,0.0
2011-04-22 03:31:54-04:00,0.0
2011-04-22 03:31:57-04:00,0.0
2011-04-22 03:32:00-04:00,0.0
2011-04-22 03:32:03-04:00,0.0
2011-04-22 03:32:06-04:00,0.0
2011-04-22 03:32:09-04:00,0.0
2011-04-22 03:32:12-04:00,0.0
2011-04-22 03:32:15-04:00,0.0
2011-04-22 03:32:18-04:00,0.0
2011-04-22 03:32:21-04:00,0.0
2011-04-22 03:32:24-04:00,0.0
2011-04-22 03:32:27-04:00,0.0
2011-04-22 03:32:30-04:00,0.0
2011-04-22 03:32:33-04:00,0.0
2011-04-22 03:32:36-04:00,0.0
2011-04-22 03:32:39-04:00,0.0
2011-04-22 03:32:42-04:00,0.0
2011-04-22 03:32:45-04:00,0.0
2011-04-22 03:32:48-04:00,0.0
2011-04-22 03:32:51-04:00,0.0
2011-04-22 03:32:54-04:00,0.0
2011-04-22 03:32:57-04:00,0.0
2011-04-22 03:33:00-04:00,0.0
2011-04-22 03:33:03-04:00,0.0
2011-04-22 03:33:06-04:00,0.0
2011-04-22 03:33:09-04:00,0.0
2011-04-22 03:33:12-04:00,0.0
2011-04-22 03:33:15-04:00,0.0
2011-04-22 03:33:18-04:00,0.0
2011-04-22 03:33:21-04:00,0.0
2011-04-22 03:33:24-04:00,0.0
2011-04-22 03:33:27-04:00,0.0
2011-04-22 03:33:30-04:00,0.0
2011-04-22 03:33:33-04:00,0.0
2011-04-22 03:33:36-04:00,0.0
2011-04-22 03:33:39-04:00,0.0
2011-04-22 03:33:42-04:00,0.0
2011-04-22 03:33:45-04:00,0.0
2011-04-22 03:33:48-04:00,0.0
2011-04-22 03:33:51-04:00,0.0
2011-04-22 03:33:54-04:00,0.0
2011-04-22 03:33:57-04:00,0.0
2011-04-22 03:34:00-04:00,0.0
2011-04-22 03:34:03-04:00,0.0
2011-04-22 03:34:06-04:00,0.0
2011-04-22 03:34:09-04:00,0.0
2011-04-22 03:34:12-04:00,0.0
2011-04-22 03:34:15-04:00,0.0
2011-04-22 03:34:18-04:00,0.0
2011-04-22 03:34:21-04:00,0.0
2011-04-22 03:34:24-04:00,0.0
2011-04-22 03:34:27-04:00,0.0
2011-04-22 03:34:30-04:00,0.0
2011-04-22 03:34:33-04:00,0.0
2011-04-22 03:34:36-04:00,0.0
2011-04-22 03:34:39-04:00,0.0
2011-04-22 03:34:42-04:00,0.0
2011-04-22 03:34:45-04:00,0.0
2011-04-22 03:34:48-04:00,0.0
2011-04-22 03:34:51-04:00,0.0
2011-04-22 03:34:54-04:00,0.0
2011-04-22 03:34:57-04:00,0.0
2011-04-22 03:35:00-04:00,0.0
2011-04-22 03:35:03-04:00,0.0
2011-04-22 03:35:06-04:00,0.0
2011-04-22 03:35:09-04:00,0.0
2011-04-22 03:35:12-04:00,0.0
2011-04-22 03:35:15-04:00,0.0
2011-04-22 03:35:18-04:00,0.0
2011-04-22 03:35:21-04:00,0.0
2011-04-22 03:35:24-04:00,0.0
2011-04-22 03:35:27-04:00,0.0
2011-04-22 03:35:30-04:00,0.0
2011-04-22 03:35:33-04:00,0.0
2011-04-22 03:35:36-04:00,0.0
2011-04-22 03:35:39-04:00,0.0
2011-04-22 03:35:42-04:00,0.0
2011-04-22 03:35:45-04:00,0.0
2011-04-22 03:35:48-04:00,0.0
2011-04-22 03:35:51-04:00,0.0
2011-04-22 03:35:54-04:00,0.0
2011-04-22 03:35:57-04:00,0.0
2011-04-22 03:36:00-04:00,0.0
2011-04-22 03:36:03-04:00,0.0
2011-04-22 03:36:06-04:00,0.0
2011-04-22 03:36:09-04:00,0.0
2011-04-22 03:36:12-04:00,0.0
2011-04-22 03:36:15-04:00,0.0
2011-04-22 03:36:18-04:00,0.0
2011-04-22 03:36:21-04:00,0.0
2011-04-22 03:36:24-04:00,0.0
2011-04-22 03:36:27-04:00,0.0
2011-04-22 03:36:30-04:00,0.0
2011-04-22 03:36:33-04:00,0.0
2011-04-22 03:36:36-04:00,0.0
2011-04-22 03:36:39-04:00,0.0
2011-04-22 03:36:42-04:00,0.0
2011-04-22 03:36:45-04:00,0.0
2011-04-22 03:36:48-04:00,0.0
2011-04-22 03:36:51-04:00,0.0
2011-04-22 03:36:54-04:00,0.0
2011-04-22 03:36:57-04:00,0.0
2011-04-22 03:37:00-04:00,0.0
2011-04-22 03:37:03-04:00,0.0
2011-04-22 03:37:06-04:00,0.0
2011-04-22 03:37:09-04:00,0.0
2011-04-22 03:37:12-04:00,0.0
2011-04-22 03:37:15-04:00,0.0
2011-04-22 03:37:18-04:00,0.0
2011-04-22 03:37:21-04:00,0.0
2011-04-22 03:37:24-04:00,0.0
2011-04-22 03:37:27-04:00,0.0
2011-04-22 03:37:30-04:00,0.0
2011-04-22 03:37:33-04:00,0.0
2011-04-22 03:37:36-04:00,0.0
2011-04-22 03:37:39-04:00,0.0
2011-04-22 03:37:42-04:00,0.0
2011-04-22 03:37:45-04:00,0.0
2011-04-22 03:37:48-04:00,0.0
2011-04-22 03:37:51-04:00,0.0
2011-04-22 03:37:54-04:00,0.0
2011-04-22 03:37:57-04:00,0.0
2011-04-22 03:38:00-04:00,0.0
2011-04-22 03:38:03-04:00,0.0
2011-04-22 03:38:06-04:00,0.0
2011-04-22 03:38:09-04:00,0.0
2011-04-22 03:38:12-04:00,0.0
2011-04-22 03:38:15-04:00,0.0
2011-04-22 03:38:18-04:00,0.0
2011-04-22 03:38:21-04:00,0.0
2011-04-22 03:38:24-04:00,0.0
2011-04-22 03:38:27-04:00,0.0
2011-04-22 03:38:30-04:00,0.0
2011-04-22 03:38:33-04:00,0.0
2011-04-22 03:38:36-04:00,0.0
2011-04-22 03:38:39-04:00,0.0
2011-04-22 03:38:42-04:00,0.0
2011-04-22 03:38:45-04:00,0.0
2011-04-22 03:38:48-04:00,0.0
2011-04-22 03:38:51-04:00,0.0
2011-04-22 03:38:54-04:00,0.0
2011-04-22 03:38:57-04:00,0.0
2011-04-22 03:39:00-04:00,0.0
2011-04-22 03:39:03-04:00,0.0
2011-04-22 03:39:06-04:00,0.0
2011-04-22 03:39:09-04:00,0.0
2011-04-22 03:39:12-04:00,0.0
2011-04-22 03:39:15-04:00,0.0
2011-04-22 03:39:18-04:00,0.0
2011-04-22 03:39:21-04:00,0.0
2011-04-22 03:39:24-04:00,0.0
2011-04-22 03:39:27-04:00,0.0
2011-04-22 03:39:30-04:00,0.0
2011-04-22 03:39:33-04:00,0.0
2011-04-22 03:39:36-04:00,0.0
2011-04-22 03:39:39-04:00,0.0
2011-04-22 03:39:42-04:00,0.0
2011-04-22 03:39:45-04:00,0.0
2011-04-22 03:39:48-04:00,0.0
2011-04-22 03:39:51-04:00,0.0
2011-04-22 03:39:54-04:00,0.0
2011-04-22 03:39:57-04:00,0.0
2011-04-22 03:40:00-04:00,0.0
2011-04-22 03:40:03-04:00,0.0
2011-04-22 03:40:06-04:00,0.0
2011-04-22 03:40:09-04:00,0.0
2011-04-22 03:40:12-04:00,0.0
2011-04-22 03:40:15-04:00,0.0
2011-04-22 03:40:18-04:00,0.0
2011-04-22 03:40:21-04:00,0.0
2011-04-22 03:40:24-04:00,0.0
2011-04-22 03:40:27-04:00,0.0
2011-04-22 03:40:30-04:00,0.0
2011-04-22 03:40:33-04:00,0.0
2011-04-22 03:40:36-04:00,0.0
2011-04-22 03:40:39-04:00,0.0
2011-04-22 03:40:42-04:00,0.0
2011-04-22 03:40:45-04:00,0.0
2011-04-22 03:40:48-04:00,0.0
2011-04-22 03:40:51-04:00,0.0
2011-04-22 03:40:54-04:00,0.0
2011-04-22 03:40:57-04:00,0.0
2011-04-22 03:41:00-04:00,0.0
2011-04-22 03:41:03-04:00,0.0
2011-04-22 03:41:06-04:00,0.0
2011-04-22 03:41:09-04:00,0.0
2011-04-22 03:41:12-04:00,0.0
2011-04-22 03:41:15-04:00,0.0
2011-04-22 03:41:18-04:00,0.0
2011-04-22 03:41:21-04:00,0.0
2011-04-22 03:41:24-04:00,0.0
2011-04-22 03:41:27-04:00,0.0
2011-04-22 03:41:30-04:00,0.0
2011-04-22 03:41:33-04:00,0.0
2011-04-22 03:41:36-04:00,0.0
2011-04-22 03:41:39-04:00,0.0
2011-04-22 03:41:42-04:00,0.0
2011-04-22 03:41:45-04:00,0.0
2011-04-22 03:41:48-04:00,0.0
2011-04-22 03:41:51-04:00,0.0
2011-04-22 03:41:54-04:00,0.0
2011-04-22 03:41:57-04:00,0.0
2011-04-22 03:42:00-04:00,0.0
2011-04-22 03:42:03-04:00,0.0
2011-04-22 03:42:06-04:00,0.0
2011-04-22 03:42:09-04:00,0.0
2011-04-22 03:42:12-04:00,0.0
2011-04-22 03:42:15-04:00,0.0
2011-04-22 03:42:18-04:00,0.0
2011-04-22 03:42:21-04:00,0.0
2011-04-22 03:42:24-04:00,0.0
2011-04-22 03:42:27-04:00,0.0
2011-04-22 03:42:30-04:00,0.0
2011-04-22 03:42:33-04:00,0.0
2011-04-22 03:42:36-04:00,0.0
2011-04-22 03:42:39-04:00,0.0
2011-04-22 03:42:42-04:00,0.0
2011-04-22 03:42:45-04:00,0.0
2011-04-22 03:42:48-04:00,0.0
2011-04-22 03:42:51-04:00,0.0
2011-04-22 03:42:54-04:00,0.0
2011-04-22 03:42:57-04:00,0.0
2011-04-22 03:43:00-04:00,0.0
2011-04-22 03:43:03-04:00,0.0
2011-04-22 03:43:06-04:00,0.0
2011-04-22 03:43:09-04:00,0.0
2011-04-22 03:43:12-04:00,0.0
2011-04-22 03:43:15-04:00,0.0
2011-04-22 03:43:18-04:00,0.0
2011-04-22 03:43:21-04:00,0.0
2011-04-22 03:43:24-04:00,0.0
2011-04-22 03:43:27-04:00,0.0
2011-04-22 03:43:30-04:00,0.0
2011-04-22 03:43:33-04:00,0.0
2011-04-22 03:43:36-04:00,0.0
2011-04-22 03:43:39-04:00,0.0
2011-04-22 03:43:42-04:00,0.0
2011-04-22 03:43:45-04:00,0.0
2011-04-22 03:43:48-04:00,0.0
2011-04-22 03:43:51-04:00,0.0
2011-04-22 03:43:54-04:00,0.0
2011-04-22 03:43:57-04:00,0.0
2011-04-22 03:44:00-04:00,0.0
2011-04-22 03:44:03-04:00,0.0
2011-04-22 03:44:06-04:00,0.0
2011-04-22 03:44:09-04:00,0.0
2011-04-22 03:44:12-04:00,0.0
2011-04-22 03:44:15-04:00,0.0
2011-04-22 03:44:18-04:00,0.0
2011-04-22 03:44:21-04:00,0.0
2011-04-22 03:44:24-04:00,0.0
2011-04-22 03:44:27-04:00,0.0
2011-04-22 03:44:30-04:00,0.0
2011-04-22 03:44:33-04:00,0.0
2011-04-22 03:44:36-04:00,0.0
2011-04-22 03:44:39-04:00,0.0
2011-04-22 03:44:42-04:00,0.0
2011-04-22 03:44:45-04:00,0.0
2011-04-22 03:44:48-04:00,0.0
2011-04-22 03:44:51-04:00,0.0
2011-04-22 03:44:54-04:00,0.0
2011-04-22 03:44:57-04:00,0.0
2011-04-22 03:45:00-04:00,0.0
2011-04-22 03:45:03-04:00,0.0
2011-04-22 03:45:06-04:00,0.0
2011-04-22 03:45:09-04:00,0.0
2011-04-22 03:45:12-04:00,0.0
2011-04-22 03:45:15-04:00,0.0
2011-04-22 03:45:18-04:00,0.0
2011-04-22 03:45:21-04:00,0.0
2011-04-22 03:45:24-04:00,0.0
2011-04-22 03:45:27-04:00,0.0
2011-04-22 03:45:30-04:00,0.0
2011-04-22 03:45:33-04:00,0.0
2011-04-22 03:45:36-04:00,0.0
2011-04-22 03:45:39-04:00,0.0
2011-04-22 03:45:42-04:00,0.0
2011-04-22 03:45:45-04:00,0.0
2011-04-22 03:45:48-04:00,0.0
2011-04-22 03:45:51-04:00,0.0
2011-04-22 03:45:54-04:00,0.0
2011-04-22 03:45:57-04:00,0.0
2011-04-22 03:46:00-04:00,0.0
2011-04-22 03:46:03-04:00,0.0
2011-04-22 03:46:06-04:00,0.0
2011-04-22 03:46:09-04:00,0.0
2011-04-22 03:46:12-04:00,0.0
2011-04-22 03:46:15-04:00,0.0
2011-04-22 03:46:18-04:00,0.0
2011-04-22 03:46:21-04:00,0.0
2011-04-22 03:46:24-04:00,0.0
2011-04-22 03:46:27-04:00,0.0
2011-04-22 03:46:30-04:00,0.0
2011-04-22 03:46:33-04:00,0.0
2011-04-22 03:46:36-04:00,0.0
2011-04-22 03:46:39-04:00,0.0
2011-04-22 03:46:42-04:00,0.0
2011-04-22 03:46:45-04:00,0.0
2011-04-22 03:46:48-04:00,0.0
2011-04-22 03:46:51-04:00,0.0
2011-04-22 03:46:54-04:00,0.0
2011-04-22 03:46:57-04:00,0.0
2011-04-22 03:47:00-04:00,0.0
2011-04-22 03:47:03-04:00,0.0
2011-04-22 03:47:06-04:00,0.0
2011-04-22 03:47:09-04:00,0.0
2011-04-22 03:47:12-04:00,0.0
2011-04-22 03:47:15-04:00,0.0
2011-04-22 03:47:18-04:00,0.0
2011-04-22 03:47:21-04:00,0.0
2011-04-22 03:47:24-04:00,0.0
2011-04-22 03:47:27-04:00,0.0
2011-04-22 03:47:30-04:00,0.0
2011-04-22 03:47:33-04:00,0.0
2011-04-22 03:47:36-04:00,0.0
2011-04-22 03:47:39-04:00,0.0
2011-04-22 03:47:42-04:00,0.0
2011-04-22 03:47:45-04:00,0.0
2011-04-22 03:47:48-04:00,0.0
2011-04-22 03:47:51-04:00,0.0
2011-04-22 03:47:54-04:00,0.0
2011-04-22 03:47:57-04:00,0.0
2011-04-22 03:48:00-04:00,0.0
2011-04-22 03:48:03-04:00,0.0
2011-04-22 03:48:06-04:00,0.0
2011-04-22 03:48:09-04:00,0.0
2011-04-22 03:48:12-04:00,0.0
2011-04-22 03:48:15-04:00,0.0
2011-04-22 03:48:18-04:00,0.0
2011-04-22 03:48:21-04:00,0.0
2011-04-22 03:48:24-04:00,0.0
2011-04-22 03:48:27-04:00,0.0
2011-04-22 03:48:30-04:00,0.0
2011-04-22 03:48:33-04:00,0.0
2011-04-22 03:48:36-04:00,0.0
2011-04-22 03:48:39-04:00,0.0
2011-04-22 03:48:42-04:00,0.0
2011-04-22 03:48:45-04:00,0.0
2011-04-22 03:48:48-04:00,0.0
2011-04-22 03:48:51-04:00,0.0
2011-04-22 03:48:54-04:00,0.0
2011-04-22 03:48:57-04:00,0.0
2011-04-22 03:49:00-04:00,0.0
2011-04-22 03:49:03-04:00,0.0
2011-04-22 03:49:06-04:00,0.0
2011-04-22 03:49:09-04:00,0.0
2011-04-22 03:49:12-04:00,0.0
2011-04-22 03:49:15-04:00,0.0
2011-04-22 03:49:18-04:00,0.0
2011-04-22 03:49:21-04:00,0.0
2011-04-22 03:49:24-04:00,0.0
2011-04-22 03:49:27-04:00,0.0
2011-04-22 03:49:30-04:00,0.0
2011-04-22 03:49:33-04:00,0.0
2011-04-22 03:49:36-04:00,0.0
2011-04-22 03:49:39-04:00,0.0
2011-04-22 03:49:42-04:00,0.0
2011-04-22 03:49:45-04:00,0.0
2011-04-22 03:49:48-04:00,0.0
2011-04-22 03:49:51-04:00,0.0
2011-04-22 03:49:54-04:00,0.0
2011-04-22 03:49:57-04:00,0.0
2011-04-22 03:50:00-04:00,0.0
2011-04-22 03:50:03-04:00,0.0
2011-04-22 03:50:06-04:00,0.0
2011-04-22 03:50:09-04:00,0.0
2011-04-22 03:50:12-04:00,0.0
2011-04-22 03:50:15-04:00,0.0
2011-04-22 03:50:18-04:00,0.0
2011-04-22 03:50:21-04:00,0.0
2011-04-22 03:50:24-04:00,0.0
2011-04-22 03:50:27-04:00,0.0
2011-04-22 03:50:30-04:00,0.0
2011-04-22 03:50:33-04:00,0.0
2011-04-22 03:50:36-04:00,0.0
2011-04-22 03:50:39-04:00,0.0
2011-04-22 03:50:42-04:00,0.0
2011-04-22 03:50:45-04:00,0.0
2011-04-22 03:50:48-04:00,0.0
2011-04-22 03:50:51-04:00,0.0
2011-04-22 03:50:54-04:00,0.0
2011-04-22 03:50:57-04:00,0.0
2011-04-22 03:51:00-04:00,0.0
2011-04-22 03:51:03-04:00,0.0
2011-04-22 03:51:06-04:00,0.0
2011-04-22 03:51:09-04:00,0.0
2011-04-22 03:51:12-04:00,0.0
2011-04-22 03:51:15-04:00,0.0
2011-04-22 03:51:18-04:00,0.0
2011-04-22 03:51:21-04:00,0.0
2011-04-22 03:51:24-04:00,0.0
2011-04-22 03:51:27-04:00,0.0
2011-04-22 03:51:30-04:00,0.0
2011-04-22 03:51:33-04:00,0.0
2011-04-22 03:51:36-04:00,0.0
2011-04-22 03:51:39-04:00,0.0
2011-04-22 03:51:42-04:00,0.0
2011-04-22 03:51:45-04:00,0.0
2011-04-22 03:51:48-04:00,0.0
2011-04-22 03:51:51-04:00,0.0
2011-04-22 03:51:54-04:00,0.0
2011-04-22 03:51:57-04:00,0.0
2011-04-22 03:52:00-04:00,0.0
2011-04-22 03:52:03-04:00,0.0
2011-04-22 03:52:06-04:00,0.0
2011-04-22 03:52:09-04:00,0.0
2011-04-22 03:52:12-04:00,0.0
2011-04-22 03:52:15-04:00,0.0
2011-04-22 03:52:18-04:00,0.0
2011-04-22 03:52:21-04:00,0.0
2011-04-22 03:52:24-04:00,0.0
2011-04-22 03:52:27-04:00,0.0
2011-04-22 03:52:30-04:00,0.0
2011-04-22 03:52:33-04:00,0.0
2011-04-22 03:52:36-04:00,0.0
2011-04-22 03:52:39-04:00,0.0
2011-04-22 03:52:42-04:00,0.0
2011-04-22 03:52:45-04:00,0.0
2011-04-22 03:52:48-04:00,0.0
2011-04-22 03:52:51-04:00,0.0
2011-04-22 03:52:54-04:00,0.0
2011-04-22 03:52:57-04:00,0.0
2011-04-22 03:53:00-04:00,0.0
2011-04-22 03:53:03-04:00,0.0
2011-04-22 03:53:06-04:00,0.0
2011-04-22 03:53:09-04:00,0.0
2011-04-22 03:53:12-04:00,0.0
2011-04-22 03:53:15-04:00,0.0
2011-04-22 03:53:18-04:00,0.0
2011-04-22 03:53:21-04:00,0.0
2011-04-22 03:53:24-04:00,0.0
2011-04-22 03:53:27-04:00,0.0
2011-04-22 03:53:30-04:00,0.0
2011-04-22 03:53:33-04:00,0.0
2011-04-22 03:53:36-04:00,0.0
2011-04-22 03:53:39-04:00,0.0
2011-04-22 03:53:42-04:00,0.0
2011-04-22 03:53:45-04:00,0.0
2011-04-22 03:53:48-04:00,0.0
2011-04-22 03:53:51-04:00,0.0
2011-04-22 03:53:54-04:00,0.0
2011-04-22 03:53:57-04:00,0.0
2011-04-22 03:54:00-04:00,0.0
2011-04-22 03:54:03-04:00,0.0
2011-04-22 03:54:06-04:00,0.0
2011-04-22 03:54:09-04:00,0.0
2011-04-22 03:54:12-04:00,0.0
2011-04-22 03:54:15-04:00,0.0
2011-04-22 03:54:18-04:00,0.0
2011-04-22 03:54:21-04:00,0.0
2011-04-22 03:54:24-04:00,0.0
2011-04-22 03:54:27-04:00,0.0
2011-04-22 03:54:30-04:00,0.0
2011-04-22 03:54:33-04:00,0.0
2011-04-22 03:54:36-04:00,0.0
2011-04-22 03:54:39-04:00,0.0
2011-04-22 03:54:42-04:00,0.0
2011-04-22 03:54:45-04:00,0.0
2011-04-22 03:54:48-04:00,0.0
2011-04-22 03:54:51-04:00,0.0
2011-04-22 03:54:54-04:00,0.0
2011-04-22 03:54:57-04:00,0.0
2011-04-22 03:55:00-04:00,0.0
2011-04-22 03:55:03-04:00,0.0
2011-04-22 03:55:06-04:00,0.0
2011-04-22 03:55:09-04:00,0.0
2011-04-22 03:55:12-04:00,0.0
2011-04-22 03:55:15-04:00,0.0
2011-04-22 03:55:18-04:00,0.0
2011-04-22 03:55:21-04:00,0.0
2011-04-22 03:55:24-04:00,0.0
2011-04-22 03:55:27-04:00,0.0
2011-04-22 03:55:30-04:00,0.0
2011-04-22 03:55:33-04:00,0.0
2011-04-22 03:55:36-04:00,0.0
2011-04-22 03:55:39-04:00,0.0
2011-04-22 03:55:42-04:00,0.0
2011-04-22 03:55:45-04:00,0.0
2011-04-22 03:55:48-04:00,0.0
2011-04-22 03:55:51-04:00,0.0
2011-04-22 03:55:54-04:00,0.0
2011-04-22 03:55:57-04:00,0.0
2011-04-22 03:56:00-04:00,0.0
2011-04-22 03:56:03-04:00,0.0
2011-04-22 03:56:06-04:00,0.0
2011-04-22 03:56:09-04:00,0.0
2011-04-22 03:56:12-04:00,0.0
2011-04-22 03:56:15-04:00,0.0
2011-04-22 03:56:18-04:00,0.0
2011-04-22 03:56:21-04:00,0.0
2011-04-22 03:56:24-04:00,0.0
2011-04-22 03:56:27-04:00,0.0
2011-04-22 03:56:30-04:00,0.0
2011-04-22 03:56:33-04:00,0.0
2011-04-22 03:56:36-04:00,0.0
2011-04-22 03:56:39-04:00,0.0
2011-04-22 03:56:42-04:00,0.0
2011-04-22 03:56:45-04:00,0.0
2011-04-22 03:56:48-04:00,0.0
2011-04-22 03:56:51-04:00,0.0
2011-04-22 03:56:54-04:00,0.0
2011-04-22 03:56:57-04:00,0.0
2011-04-22 03:57:00-04:00,0.0
2011-04-22 03:57:03-04:00,0.0
2011-04-22 03:57:06-04:00,0.0
2011-04-22 03:57:09-04:00,0.0
2011-04-22 03:57:12-04:00,0.0
2011-04-22 03:57:15-04:00,0.0
2011-04-22 03:57:18-04:00,0.0
2011-04-22 03:57:21-04:00,0.0
2011-04-22 03:57:24-04:00,0.0
2011-04-22 03:57:27-04:00,0.0
2011-04-22 03:57:30-04:00,0.0
2011-04-22 03:57:33-04:00,0.0
2011-04-22 03:57:36-04:00,0.0
2011-04-22 03:57:39-04:00,0.0
2011-04-22 03:57:42-04:00,0.0
2011-04-22 03:57:45-04:00,0.0
2011-04-22 03:57:48-04:00,0.0
2011-04-22 03:57:51-04:00,0.0
2011-04-22 03:57:54-04:00,0.0
2011-04-22 03:57:57-04:00,0.0
2011-04-22 03:58:00-04:00,0.0
2011-04-22 03:58:03-04:00,0.0
2011-04-22 03:58:06-04:00,0.0
2011-04-22 03:58:09-04:00,0.0
2011-04-22 03:58:12-04:00,0.0
2011-04-22 03:58:15-04:00,0.0
2011-04-22 03:58:18-04:00,0.0
2011-04-22 03:58:21-04:00,0.0
2011-04-22 03:58:24-04:00,0.0
2011-04-22 03:58:27-04:00,0.0
2011-04-22 03:58:30-04:00,0.0
2011-04-22 03:58:33-04:00,0.0
2011-04-22 03:58:36-04:00,0.0
2011-04-22 03:58:39-04:00,0.0
2011-04-22 03:58:42-04:00,0.0
2011-04-22 03:58:45-04:00,0.0
2011-04-22 03:58:48-04:00,0.0
2011-04-22 03:58:51-04:00,0.0
2011-04-22 03:58:54-04:00,0.0
2011-04-22 03:58:57-04:00,0.0
2011-04-22 03:59:00-04:00,0.0
2011-04-22 03:59:03-04:00,0.0
2011-04-22 03:59:06-04:00,0.0
2011-04-22 03:59:09-04:00,0.0
2011-04-22 03:59:12-04:00,0.0
2011-04-22 03:59:15-04:00,0.0
2011-04-22 03:59:18-04:00,0.0
2011-04-22 03:59:21-04:00,0.0
2011-04-22 03:59:24-04:00,0.0
2011-04-22 03:59:27-04:00,0.0
2011-04-22 03:59:30-04:00,0.0
2011-04-22 03:59:33-04:00,0.0
2011-04-22 03:59:36-04:00,0.0
2011-04-22 03:59:39-04:00,0.0
2011-04-22 03:59:42-04:00,0.0
2011-04-22 03:59:45-04:00,0.0
2011-04-22 03:59:48-04:00,0.0
2011-04-22 03:59:51-04:00,0.0
2011-04-22 03:59:54-04:00,0.0
2011-04-22 03:59:57-04:00,0.0
2011-04-22 04:00:00-04:00,0.0
2011-04-22 04:00:03-04:00,0.0
2011-04-22 04:00:06-04:00,0.0
2011-04-22 04:00:09-04:00,0.0
2011-04-22 04:00:12-04:00,0.0
2011-04-22 04:00:15-04:00,0.0
2011-04-22 04:00:18-04:00,0.0
2011-04-22 04:00:21-04:00,0.0
2011-04-22 04:00:24-04:00,0.0
2011-04-22 04:00:27-04:00,0.0
2011-04-22 04:00:30-04:00,0.0
2011-04-22 04:00:33-04:00,0.0
2011-04-22 04:00:36-04:00,0.0
2011-04-22 04:00:39-04:00,0.0
2011-04-22 04:00:42-04:00,0.0
2011-04-22 04:00:45-04:00,0.0
2011-04-22 04:00:48-04:00,0.0
2011-04-22 04:00:51-04:00,0.0
2011-04-22 04:00:54-04:00,0.0
2011-04-22 04:00:57-04:00,0.0
2011-04-22 04:01:00-04:00,0.0
2011-04-22 04:01:03-04:00,0.0
2011-04-22 04:01:06-04:00,0.0
2011-04-22 04:01:09-04:00,0.0
2011-04-22 04:01:12-04:00,0.0
2011-04-22 04:01:15-04:00,0.0
2011-04-22 04:01:18-04:00,0.0
2011-04-22 04:01:21-04:00,0.0
2011-04-22 04:01:24-04:00,0.0
2011-04-22 04:01:27-04:00,0.0
2011-04-22 04:01:30-04:00,0.0
2011-04-22 04:01:33-04:00,0.0
2011-04-22 04:01:36-04:00,0.0
2011-04-22 04:01:39-04:00,0.0
2011-04-22 04:01:42-04:00,0.0
2011-04-22 04:01:45-04:00,0.0
2011-04-22 04:01:48-04:00,0.0
2011-04-22 04:01:51-04:00,0.0
2011-04-22 04:01:54-04:00,0.0
2011-04-22 04:01:57-04:00,0.0
2011-04-22 04:02:00-04:00,0.0
2011-04-22 04:02:03-04:00,0.0
2011-04-22 04:02:06-04:00,0.0
2011-04-22 04:02:09-04:00,0.0
2011-04-22 04:02:12-04:00,0.0
2011-04-22 04:02:15-04:00,0.0
2011-04-22 04:02:18-04:00,0.0
2011-04-22 04:02:21-04:00,0.0
2011-04-22 04:02:24-04:00,0.0
2011-04-22 04:02:27-04:00,0.0
2011-04-22 04:02:30-04:00,0.0
2011-04-22 04:02:33-04:00,0.0
2011-04-22 04:02:36-04:00,0.0
2011-04-22 04:02:39-04:00,0.0
2011-04-22 04:02:42-04:00,0.0
2011-04-22 04:02:45-04:00,0.0
2011-04-22 04:02:48-04:00,0.0
2011-04-22 04:02:51-04:00,0.0
2011-04-22 04:02:54-04:00,0.0
2011-04-22 04:02:57-04:00,0.0
2011-04-22 04:03:00-04:00,0.0
2011-04-22 04:03:03-04:00,0.0
2011-04-22 04:03:06-04:00,0.0
2011-04-22 04:03:09-04:00,0.0
2011-04-22 04:03:12-04:00,0.0
2011-04-22 04:03:15-04:00,0.0
2011-04-22 04:03:18-04:00,0.0
2011-04-22 04:03:21-04:00,0.0
2011-04-22 04:03:24-04:00,0.0
2011-04-22 04:03:27-04:00,0.0
2011-04-22 04:03:30-04:00,0.0
2011-04-22 04:03:33-04:00,0.0
2011-04-22 04:03:36-04:00,0.0
2011-04-22 04:03:39-04:00,0.0
2011-04-22 04:03:42-04:00,0.0
2011-04-22 04:03:45-04:00,0.0
2011-04-22 04:03:48-04:00,0.0
2011-04-22 04:03:51-04:00,0.0
2011-04-22 04:03:54-04:00,0.0
2011-04-22 04:03:57-04:00,0.0
2011-04-22 04:04:00-04:00,0.0
2011-04-22 04:04:03-04:00,0.0
2011-04-22 04:04:06-04:00,0.0
2011-04-22 04:04:09-04:00,0.0
2011-04-22 04:04:12-04:00,0.0
2011-04-22 04:04:15-04:00,0.0
2011-04-22 04:04:18-04:00,0.0
2011-04-22 04:04:21-04:00,0.0
2011-04-22 04:04:24-04:00,0.0
2011-04-22 04:04:27-04:00,0.0
2011-04-22 04:04:30-04:00,0.0
2011-04-22 04:04:33-04:00,0.0
2011-04-22 04:04:36-04:00,0.0
2011-04-22 04:04:39-04:00,0.0
2011-04-22 04:04:42-04:00,0.0
2011-04-22 04:04:45-04:00,0.0
2011-04-22 04:04:48-04:00,0.0
2011-04-22 04:04:51-04:00,0.0
2011-04-22 04:04:54-04:00,0.0
2011-04-22 04:04:57-04:00,0.0
2011-04-22 04:05:00-04:00,0.0
2011-04-22 04:05:03-04:00,0.0
2011-04-22 04:05:06-04:00,0.0
2011-04-22 04:05:09-04:00,0.0
2011-04-22 04:05:12-04:00,0.0
2011-04-22 04:05:15-04:00,0.0
2011-04-22 04:05:18-04:00,0.0
2011-04-22 04:05:21-04:00,0.0
2011-04-22 04:05:24-04:00,0.0
2011-04-22 04:05:27-04:00,0.0
2011-04-22 04:05:30-04:00,0.0
2011-04-22 04:05:33-04:00,0.0
2011-04-22 04:05:36-04:00,0.0
2011-04-22 04:05:39-04:00,0.0
2011-04-22 04:05:42-04:00,0.0
2011-04-22 04:05:45-04:00,0.0
2011-04-22 04:05:48-04:00,0.0
2011-04-22 04:05:51-04:00,0.0
2011-04-22 04:05:54-04:00,0.0
2011-04-22 04:05:57-04:00,0.0
2011-04-22 04:06:00-04:00,0.0
2011-04-22 04:06:03-04:00,0.0
2011-04-22 04:06:06-04:00,0.0
2011-04-22 04:06:09-04:00,0.0
2011-04-22 04:06:12-04:00,0.0
2011-04-22 04:06:15-04:00,0.0
2011-04-22 04:06:18-04:00,0.0
2011-04-22 04:06:21-04:00,0.0
2011-04-22 04:06:24-04:00,0.0
2011-04-22 04:06:27-04:00,0.0
2011-04-22 04:06:30-04:00,0.0
2011-04-22 04:06:33-04:00,0.0
2011-04-22 04:06:36-04:00,0.0
2011-04-22 04:06:39-04:00,0.0
2011-04-22 04:06:42-04:00,0.0
2011-04-22 04:06:45-04:00,0.0
2011-04-22 04:06:48-04:00,0.0
2011-04-22 04:06:51-04:00,0.0
2011-04-22 04:06:54-04:00,0.0
2011-04-22 04:06:57-04:00,0.0
2011-04-22 04:07:00-04:00,0.0
2011-04-22 04:07:03-04:00,0.0
2011-04-22 04:07:06-04:00,0.0
2011-04-22 04:07:09-04:00,0.0
2011-04-22 04:07:12-04:00,0.0
2011-04-22 04:07:15-04:00,0.0
2011-04-22 04:07:18-04:00,0.0
2011-04-22 04:07:21-04:00,0.0
2011-04-22 04:07:24-04:00,0.0
2011-04-22 04:07:27-04:00,0.0
2011-04-22 04:07:30-04:00,0.0
2011-04-22 04:07:33-04:00,0.0
2011-04-22 04:07:36-04:00,0.0
2011-04-22 04:07:39-04:00,0.0
2011-04-22 04:07:42-04:00,0.0
2011-04-22 04:07:45-04:00,0.0
2011-04-22 04:07:48-04:00,0.0
2011-04-22 04:07:51-04:00,0.0
2011-04-22 04:07:54-04:00,0.0
2011-04-22 04:07:57-04:00,0.0
2011-04-22 04:08:00-04:00,0.0
2011-04-22 04:08:03-04:00,0.0
2011-04-22 04:08:06-04:00,0.0
2011-04-22 04:08:09-04:00,0.0
2011-04-22 04:08:12-04:00,0.0
2011-04-22 04:08:15-04:00,0.0
2011-04-22 04:08:18-04:00,0.0
2011-04-22 04:08:21-04:00,0.0
2011-04-22 04:08:24-04:00,0.0
2011-04-22 04:08:27-04:00,0.0
2011-04-22 04:08:30-04:00,0.0
2011-04-22 04:08:33-04:00,0.0
2011-04-22 04:08:36-04:00,0.0
2011-04-22 04:08:39-04:00,0.0
2011-04-22 04:08:42-04:00,0.0
2011-04-22 04:08:45-04:00,0.0
2011-04-22 04:08:48-04:00,0.0
2011-04-22 04:08:51-04:00,0.0
2011-04-22 04:08:54-04:00,0.0
2011-04-22 04:08:57-04:00,0.0
2011-04-22 04:09:00-04:00,0.0
2011-04-22 04:09:03-04:00,0.0
2011-04-22 04:09:06-04:00,0.0
2011-04-22 04:09:09-04:00,0.0
2011-04-22 04:09:12-04:00,0.0
2011-04-22 04:09:15-04:00,0.0
2011-04-22 04:09:18-04:00,0.0
2011-04-22 04:09:21-04:00,0.0
2011-04-22 04:09:24-04:00,0.0
2011-04-22 04:09:27-04:00,0.0
2011-04-22 04:09:30-04:00,0.0
2011-04-22 04:09:33-04:00,0.0
2011-04-22 04:09:36-04:00,0.0
2011-04-22 04:09:39-04:00,0.0
2011-04-22 04:09:42-04:00,0.0
2011-04-22 04:09:45-04:00,0.0
2011-04-22 04:09:48-04:00,0.0
2011-04-22 04:09:51-04:00,0.0
2011-04-22 04:09:54-04:00,0.0
2011-04-22 04:09:57-04:00,0.0
2011-04-22 04:10:00-04:00,0.0
2011-04-22 04:10:03-04:00,0.0
2011-04-22 04:10:06-04:00,0.0
2011-04-22 04:10:09-04:00,0.0
2011-04-22 04:10:12-04:00,0.0
2011-04-22 04:10:15-04:00,0.0
2011-04-22 04:10:18-04:00,0.0
2011-04-22 04:10:21-04:00,0.0
2011-04-22 04:10:24-04:00,0.0
2011-04-22 04:10:27-04:00,0.0
2011-04-22 04:10:30-04:00,0.0
2011-04-22 04:10:33-04:00,0.0
2011-04-22 04:10:36-04:00,0.0
2011-04-22 04:10:39-04:00,0.0
2011-04-22 04:10:42-04:00,0.0
2011-04-22 04:10:45-04:00,0.0
2011-04-22 04:10:48-04:00,0.0
2011-04-22 04:10:51-04:00,0.0
2011-04-22 04:10:54-04:00,0.0
2011-04-22 04:10:57-04:00,0.0
2011-04-22 04:11:00-04:00,0.0
2011-04-22 04:11:03-04:00,0.0
2011-04-22 04:11:06-04:00,0.0
2011-04-22 04:11:09-04:00,0.0
2011-04-22 04:11:12-04:00,0.0
2011-04-22 04:11:15-04:00,0.0
2011-04-22 04:11:18-04:00,0.0
2011-04-22 04:11:21-04:00,0.0
2011-04-22 04:11:24-04:00,0.0
2011-04-22 04:11:27-04:00,0.0
2011-04-22 04:11:30-04:00,0.0
2011-04-22 04:11:33-04:00,0.0
2011-04-22 04:11:36-04:00,0.0
2011-04-22 04:11:39-04:00,0.0
2011-04-22 04:11:42-04:00,0.0
2011-04-22 04:11:45-04:00,0.0
2011-04-22 04:11:48-04:00,0.0
2011-04-22 04:11:51-04:00,0.0
2011-04-22 04:11:54-04:00,0.0
2011-04-22 04:11:57-04:00,0.0
2011-04-22 04:12:00-04:00,0.0
2011-04-22 04:12:03-04:00,0.0
2011-04-22 04:12:06-04:00,0.0
2011-04-22 04:12:09-04:00,0.0
2011-04-22 04:12:12-04:00,0.0
2011-04-22 04:12:15-04:00,0.0
2011-04-22 04:12:18-04:00,0.0
2011-04-22 04:12:21-04:00,0.0
2011-04-22 04:12:24-04:00,0.0
2011-04-22 04:12:27-04:00,0.0
2011-04-22 04:12:30-04:00,0.0
2011-04-22 04:12:33-04:00,0.0
2011-04-22 04:12:36-04:00,0.0
2011-04-22 04:12:39-04:00,0.0
2011-04-22 04:12:42-04:00,0.0
2011-04-22 04:12:45-04:00,0.0
2011-04-22 04:12:48-04:00,0.0
2011-04-22 04:12:51-04:00,0.0
2011-04-22 04:12:54-04:00,0.0
2011-04-22 04:12:57-04:00,0.0
2011-04-22 04:13:00-04:00,0.0
2011-04-22 04:13:03-04:00,0.0
2011-04-22 04:13:06-04:00,0.0
2011-04-22 04:13:09-04:00,0.0
2011-04-22 04:13:12-04:00,0.0
2011-04-22 04:13:15-04:00,0.0
2011-04-22 04:13:18-04:00,0.0
2011-04-22 04:13:21-04:00,0.0
2011-04-22 04:13:24-04:00,0.0
2011-04-22 04:13:27-04:00,0.0
2011-04-22 04:13:30-04:00,0.0
2011-04-22 04:13:33-04:00,0.0
2011-04-22 04:13:36-04:00,0.0
2011-04-22 04:13:39-04:00,0.0
2011-04-22 04:13:42-04:00,0.0
2011-04-22 04:13:45-04:00,0.0
2011-04-22 04:13:48-04:00,0.0
2011-04-22 04:13:51-04:00,0.0
2011-04-22 04:13:54-04:00,0.0
2011-04-22 04:13:57-04:00,0.0
2011-04-22 04:14:00-04:00,0.0
2011-04-22 04:14:03-04:00,0.0
2011-04-22 04:14:06-04:00,0.0
2011-04-22 04:14:09-04:00,0.0
2011-04-22 04:14:12-04:00,0.0
2011-04-22 04:14:15-04:00,0.0
2011-04-22 04:14:18-04:00,0.0
2011-04-22 04:14:21-04:00,0.0
2011-04-22 04:14:24-04:00,0.0
2011-04-22 04:14:27-04:00,0.0
2011-04-22 04:14:30-04:00,0.0
2011-04-22 04:14:33-04:00,0.0
2011-04-22 04:14:36-04:00,0.0
2011-04-22 04:14:39-04:00,0.0
2011-04-22 04:14:42-04:00,0.0
2011-04-22 04:14:45-04:00,0.0
2011-04-22 04:14:48-04:00,0.0
2011-04-22 04:14:51-04:00,0.0
2011-04-22 04:14:54-04:00,0.0
2011-04-22 04:14:57-04:00,0.0
2011-04-22 04:15:00-04:00,0.0
2011-04-22 04:15:03-04:00,0.0
2011-04-22 04:15:06-04:00,0.0
2011-04-22 04:15:09-04:00,0.0
2011-04-22 04:15:12-04:00,0.0
2011-04-22 04:15:15-04:00,0.0
2011-04-22 04:15:18-04:00,0.0
2011-04-22 04:15:21-04:00,0.0
2011-04-22 04:15:24-04:00,0.0
2011-04-22 04:15:27-04:00,0.0
2011-04-22 04:15:30-04:00,0.0
2011-04-22 04:15:33-04:00,0.0
2011-04-22 04:15:36-04:00,0.0
2011-04-22 04:15:39-04:00,0.0
2011-04-22 04:15:42-04:00,0.0
2011-04-22 04:15:45-04:00,0.0
2011-04-22 04:15:48-04:00,0.0
2011-04-22 04:15:51-04:00,0.0
2011-04-22 04:15:54-04:00,0.0
2011-04-22 04:15:57-04:00,0.0
2011-04-22 04:16:00-04:00,0.0
2011-04-22 04:16:03-04:00,0.0
2011-04-22 04:16:06-04:00,0.0
2011-04-22 04:16:09-04:00,0.0
2011-04-22 04:16:12-04:00,0.0
2011-04-22 04:16:15-04:00,0.0
2011-04-22 04:16:18-04:00,0.0
2011-04-22 04:16:21-04:00,0.0
2011-04-22 04:16:24-04:00,0.0
2011-04-22 04:16:27-04:00,0.0
2011-04-22 04:16:30-04:00,0.0
2011-04-22 04:16:33-04:00,0.0
2011-04-22 04:16:36-04:00,0.0
2011-04-22 04:16:39-04:00,0.0
2011-04-22 04:16:42-04:00,0.0
2011-04-22 04:16:45-04:00,0.0
2011-04-22 04:16:48-04:00,0.0
2011-04-22 04:16:51-04:00,0.0
2011-04-22 04:16:54-04:00,0.0
2011-04-22 04:16:57-04:00,0.0
2011-04-22 04:17:00-04:00,0.0
2011-04-22 04:17:03-04:00,0.0
2011-04-22 04:17:06-04:00,0.0
2011-04-22 04:17:09-04:00,0.0
2011-04-22 04:17:12-04:00,0.0
2011-04-22 04:17:15-04:00,0.0
2011-04-22 04:17:18-04:00,0.0
2011-04-22 04:17:21-04:00,0.0
2011-04-22 04:17:24-04:00,0.0
2011-04-22 04:17:27-04:00,0.0
2011-04-22 04:17:30-04:00,0.0
2011-04-22 04:17:33-04:00,0.0
2011-04-22 04:17:36-04:00,0.0
2011-04-22 04:17:39-04:00,0.0
2011-04-22 04:17:42-04:00,0.0
2011-04-22 04:17:45-04:00,0.0
2011-04-22 04:17:48-04:00,0.0
2011-04-22 04:17:51-04:00,0.0
2011-04-22 04:17:54-04:00,0.0
2011-04-22 04:17:57-04:00,0.0
2011-04-22 04:18:00-04:00,0.0
2011-04-22 04:18:03-04:00,0.0
2011-04-22 04:18:06-04:00,0.0
2011-04-22 04:18:09-04:00,0.0
2011-04-22 04:18:12-04:00,0.0
2011-04-22 04:18:15-04:00,0.0
2011-04-22 04:18:18-04:00,0.0
2011-04-22 04:18:21-04:00,0.0
2011-04-22 04:18:24-04:00,0.0
2011-04-22 04:18:27-04:00,0.0
2011-04-22 04:18:30-04:00,0.0
2011-04-22 04:18:33-04:00,0.0
2011-04-22 04:18:36-04:00,0.0
2011-04-22 04:18:39-04:00,0.0
2011-04-22 04:18:42-04:00,0.0
2011-04-22 04:18:45-04:00,0.0
2011-04-22 04:18:48-04:00,0.0
2011-04-22 04:18:51-04:00,0.0
2011-04-22 04:18:54-04:00,0.0
2011-04-22 04:18:57-04:00,0.0
2011-04-22 04:19:00-04:00,0.0
2011-04-22 04:19:03-04:00,0.0
2011-04-22 04:19:06-04:00,0.0
2011-04-22 04:19:09-04:00,0.0
2011-04-22 04:19:12-04:00,0.0
2011-04-22 04:19:15-04:00,0.0
2011-04-22 04:19:18-04:00,0.0
2011-04-22 04:19:21-04:00,0.0
2011-04-22 04:19:24-04:00,0.0
2011-04-22 04:19:27-04:00,0.0
2011-04-22 04:19:30-04:00,0.0
2011-04-22 04:19:33-04:00,0.0
2011-04-22 04:19:36-04:00,0.0
2011-04-22 04:19:39-04:00,0.0
2011-04-22 04:19:42-04:00,0.0
2011-04-22 04:19:45-04:00,0.0
2011-04-22 04:19:48-04:00,0.0
2011-04-22 04:19:51-04:00,0.0
2011-04-22 04:19:54-04:00,0.0
2011-04-22 04:19:57-04:00,0.0
2011-04-22 04:20:00-04:00,0.0
2011-04-22 04:20:03-04:00,0.0
2011-04-22 04:20:06-04:00,0.0
2011-04-22 04:20:09-04:00,0.0
2011-04-22 04:20:12-04:00,0.0
2011-04-22 04:20:15-04:00,0.0
2011-04-22 04:20:18-04:00,0.0
2011-04-22 04:20:21-04:00,0.0
2011-04-22 04:20:24-04:00,0.0
2011-04-22 04:20:27-04:00,0.0
2011-04-22 04:20:30-04:00,0.0
2011-04-22 04:20:33-04:00,0.0
2011-04-22 04:20:36-04:00,0.0
2011-04-22 04:20:39-04:00,0.0
2011-04-22 04:20:42-04:00,0.0
2011-04-22 04:20:45-04:00,0.0
2011-04-22 04:20:48-04:00,0.0
2011-04-22 04:20:51-04:00,0.0
2011-04-22 04:20:54-04:00,0.0
2011-04-22 04:20:57-04:00,0.0
2011-04-22 04:21:00-04:00,0.0
2011-04-22 04:21:03-04:00,0.0
2011-04-22 04:21:06-04:00,0.0
2011-04-22 04:21:09-04:00,0.0
2011-04-22 04:21:12-04:00,0.0
2011-04-22 04:21:15-04:00,0.0
2011-04-22 04:21:18-04:00,0.0
2011-04-22 04:21:21-04:00,0.0
2011-04-22 04:21:24-04:00,0.0
2011-04-22 04:21:27-04:00,0.0
2011-04-22 04:21:30-04:00,0.0
2011-04-22 04:21:33-04:00,0.0
2011-04-22 04:21:36-04:00,0.0
2011-04-22 04:21:39-04:00,0.0
2011-04-22 04:21:42-04:00,0.0
2011-04-22 04:21:45-04:00,0.0
2011-04-22 04:21:48-04:00,0.0
2011-04-22 04:21:51-04:00,0.0
2011-04-22 04:21:54-04:00,0.0
2011-04-22 04:21:57-04:00,0.0
2011-04-22 04:22:00-04:00,0.0
2011-04-22 04:22:03-04:00,0.0
2011-04-22 04:22:06-04:00,0.0
2011-04-22 04:22:09-04:00,0.0
2011-04-22 04:22:12-04:00,0.0
2011-04-22 04:22:15-04:00,0.0
2011-04-22 04:22:18-04:00,0.0
2011-04-22 04:22:21-04:00,0.0
2011-04-22 04:22:24-04:00,0.0
2011-04-22 04:22:27-04:00,0.0
2011-04-22 04:22:30-04:00,0.0
2011-04-22 04:22:33-04:00,0.0
2011-04-22 04:22:36-04:00,0.0
2011-04-22 04:22:39-04:00,0.0
2011-04-22 04:22:42-04:00,0.0
2011-04-22 04:22:45-04:00,0.0
2011-04-22 04:22:48-04:00,0.0
2011-04-22 04:22:51-04:00,0.0
2011-04-22 04:22:54-04:00,0.0
2011-04-22 04:22:57-04:00,0.0
2011-04-22 04:23:00-04:00,0.0
2011-04-22 04:23:03-04:00,0.0
2011-04-22 04:23:06-04:00,0.0
2011-04-22 04:23:09-04:00,0.0
2011-04-22 04:23:12-04:00,0.0
2011-04-22 04:23:15-04:00,0.0
2011-04-22 04:23:18-04:00,0.0
2011-04-22 04:23:21-04:00,0.0
2011-04-22 04:23:24-04:00,0.0
2011-04-22 04:23:27-04:00,0.0
2011-04-22 04:23:30-04:00,0.0
2011-04-22 04:23:33-04:00,0.0
2011-04-22 04:23:36-04:00,0.0
2011-04-22 04:23:39-04:00,0.0
2011-04-22 04:23:42-04:00,0.0
2011-04-22 04:23:45-04:00,0.0
2011-04-22 04:23:48-04:00,0.0
2011-04-22 04:23:51-04:00,0.0
2011-04-22 04:23:54-04:00,0.0
2011-04-22 04:23:57-04:00,0.0
2011-04-22 04:24:00-04:00,0.0
2011-04-22 04:24:03-04:00,0.0
2011-04-22 04:24:06-04:00,0.0
2011-04-22 04:24:09-04:00,0.0
2011-04-22 04:24:12-04:00,0.0
2011-04-22 04:24:15-04:00,0.0
2011-04-22 04:24:18-04:00,0.0
2011-04-22 04:24:21-04:00,0.0
2011-04-22 04:24:24-04:00,0.0
2011-04-22 04:24:27-04:00,0.0
2011-04-22 04:24:30-04:00,0.0
2011-04-22 04:24:33-04:00,0.0
2011-04-22 04:24:36-04:00,0.0
2011-04-22 04:24:39-04:00,0.0
2011-04-22 04:24:42-04:00,0.0
2011-04-22 04:24:45-04:00,0.0
2011-04-22 04:24:48-04:00,0.0
2011-04-22 04:24:51-04:00,0.0
2011-04-22 04:24:54-04:00,0.0
2011-04-22 04:24:57-04:00,0.0
2011-04-22 04:25:00-04:00,0.0
2011-04-22 04:25:03-04:00,0.0
2011-04-22 04:25:06-04:00,0.0
2011-04-22 04:25:09-04:00,0.0
2011-04-22 04:25:12-04:00,0.0
2011-04-22 04:25:15-04:00,0.0
2011-04-22 04:25:18-04:00,0.0
2011-04-22 04:25:21-04:00,0.0
2011-04-22 04:25:24-04:00,0.0
2011-04-22 04:25:27-04:00,0.0
2011-04-22 04:25:30-04:00,0.0
2011-04-22 04:25:33-04:00,0.0
2011-04-22 04:25:36-04:00,0.0
2011-04-22 04:25:39-04:00,0.0
2011-04-22 04:25:42-04:00,0.0
2011-04-22 04:25:45-04:00,0.0
2011-04-22 04:25:48-04:00,0.0
2011-04-22 04:25:51-04:00,0.0
2011-04-22 04:25:54-04:00,0.0
2011-04-22 04:25:57-04:00,0.0
2011-04-22 04:26:00-04:00,0.0
2011-04-22 04:26:03-04:00,0.0
2011-04-22 04:26:06-04:00,0.0
2011-04-22 04:26:09-04:00,0.0
2011-04-22 04:26:12-04:00,0.0
2011-04-22 04:26:15-04:00,0.0
2011-04-22 04:26:18-04:00,0.0
2011-04-22 04:26:21-04:00,0.0
2011-04-22 04:26:24-04:00,0.0
2011-04-22 04:26:27-04:00,0.0
2011-04-22 04:26:30-04:00,0.0
2011-04-22 04:26:33-04:00,0.0
2011-04-22 04:26:36-04:00,0.0
2011-04-22 04:26:39-04:00,0.0
2011-04-22 04:26:42-04:00,0.0
2011-04-22 04:26:45-04:00,0.0
2011-04-22 04:26:48-04:00,0.0
2011-04-22 04:26:51-04:00,0.0
2011-04-22 04:26:54-04:00,0.0
2011-04-22 04:26:57-04:00,0.0
2011-04-22 04:27:00-04:00,0.0
2011-04-22 04:27:03-04:00,0.0
2011-04-22 04:27:06-04:00,0.0
2011-04-22 04:27:09-04:00,0.0
2011-04-22 04:27:12-04:00,0.0
2011-04-22 04:27:15-04:00,0.0
2011-04-22 04:27:18-04:00,0.0
2011-04-22 04:27:21-04:00,0.0
2011-04-22 04:27:24-04:00,0.0
2011-04-22 04:27:27-04:00,0.0
2011-04-22 04:27:30-04:00,0.0
2011-04-22 04:27:33-04:00,0.0
2011-04-22 04:27:36-04:00,0.0
2011-04-22 04:27:39-04:00,0.0
2011-04-22 04:27:42-04:00,0.0
2011-04-22 04:27:45-04:00,0.0
2011-04-22 04:27:48-04:00,0.0
2011-04-22 04:27:51-04:00,0.0
2011-04-22 04:27:54-04:00,0.0
2011-04-22 04:27:57-04:00,0.0
2011-04-22 04:28:00-04:00,0.0
2011-04-22 04:28:03-04:00,0.0
2011-04-22 04:28:06-04:00,0.0
2011-04-22 04:28:09-04:00,0.0
2011-04-22 04:28:12-04:00,0.0
2011-04-22 04:28:15-04:00,0.0
2011-04-22 04:28:18-04:00,0.0
2011-04-22 04:28:21-04:00,0.0
2011-04-22 04:28:24-04:00,0.0
2011-04-22 04:28:27-04:00,0.0
2011-04-22 04:28:30-04:00,0.0
2011-04-22 04:28:33-04:00,0.0
2011-04-22 04:28:36-04:00,0.0
2011-04-22 04:28:39-04:00,0.0
2011-04-22 04:28:42-04:00,0.0
2011-04-22 04:28:45-04:00,0.0
2011-04-22 04:28:48-04:00,0.0
2011-04-22 04:28:51-04:00,0.0
2011-04-22 04:28:54-04:00,0.0
2011-04-22 04:28:57-04:00,0.0
2011-04-22 04:29:00-04:00,0.0
2011-04-22 04:29:03-04:00,0.0
2011-04-22 04:29:06-04:00,0.0
2011-04-22 04:29:09-04:00,0.0
2011-04-22 04:29:12-04:00,0.0
2011-04-22 04:29:15-04:00,0.0
2011-04-22 04:29:18-04:00,0.0
2011-04-22 04:29:21-04:00,0.0
2011-04-22 04:29:24-04:00,0.0
2011-04-22 04:29:27-04:00,0.0
2011-04-22 04:29:30-04:00,0.0
2011-04-22 04:29:33-04:00,0.0
2011-04-22 04:29:36-04:00,0.0
2011-04-22 04:29:39-04:00,0.0
2011-04-22 04:29:42-04:00,0.0
2011-04-22 04:29:45-04:00,0.0
2011-04-22 04:29:48-04:00,0.0
2011-04-22 04:29:51-04:00,0.0
2011-04-22 04:29:54-04:00,0.0
2011-04-22 04:29:57-04:00,0.0
2011-04-22 04:30:00-04:00,0.0
2011-04-22 04:30:03-04:00,0.0
2011-04-22 04:30:06-04:00,0.0
2011-04-22 04:30:09-04:00,0.0
2011-04-22 04:30:12-04:00,0.0
2011-04-22 04:30:15-04:00,0.0
2011-04-22 04:30:18-04:00,0.0
2011-04-22 04:30:21-04:00,0.0
2011-04-22 04:30:24-04:00,0.0
2011-04-22 04:30:27-04:00,0.0
2011-04-22 04:30:30-04:00,0.0
2011-04-22 04:30:33-04:00,0.0
2011-04-22 04:30:36-04:00,0.0
2011-04-22 04:30:39-04:00,0.0
2011-04-22 04:30:42-04:00,0.0
2011-04-22 04:30:45-04:00,0.0
2011-04-22 04:30:48-04:00,0.0
2011-04-22 04:30:51-04:00,0.0
2011-04-22 04:30:54-04:00,0.0
2011-04-22 04:30:57-04:00,0.0
2011-04-22 04:31:00-04:00,0.0
2011-04-22 04:31:03-04:00,0.0
2011-04-22 04:31:06-04:00,0.0
2011-04-22 04:31:09-04:00,0.0
2011-04-22 04:31:12-04:00,0.0
2011-04-22 04:31:15-04:00,0.0
2011-04-22 04:31:18-04:00,0.0
2011-04-22 04:31:21-04:00,0.0
2011-04-22 04:31:24-04:00,0.0
2011-04-22 04:31:27-04:00,0.0
2011-04-22 04:31:30-04:00,0.0
2011-04-22 04:31:33-04:00,0.0
2011-04-22 04:31:36-04:00,0.0
2011-04-22 04:31:39-04:00,0.0
2011-04-22 04:31:42-04:00,0.0
2011-04-22 04:31:45-04:00,0.0
2011-04-22 04:31:48-04:00,0.0
2011-04-22 04:31:51-04:00,0.0
2011-04-22 04:31:54-04:00,0.0
2011-04-22 04:31:57-04:00,0.0
2011-04-22 04:32:00-04:00,0.0
2011-04-22 04:32:03-04:00,0.0
2011-04-22 04:32:06-04:00,0.0
2011-04-22 04:32:09-04:00,0.0
2011-04-22 04:32:12-04:00,0.0
2011-04-22 04:32:15-04:00,0.0
2011-04-22 04:32:18-04:00,0.0
2011-04-22 04:32:21-04:00,0.0
2011-04-22 04:32:24-04:00,0.0
2011-04-22 04:32:27-04:00,0.0
2011-04-22 04:32:30-04:00,0.0
2011-04-22 04:32:33-04:00,0.0
2011-04-22 04:32:36-04:00,0.0
2011-04-22 04:32:39-04:00,0.0
2011-04-22 04:32:42-04:00,0.0
2011-04-22 04:32:45-04:00,0.0
2011-04-22 04:32:48-04:00,0.0
2011-04-22 04:32:51-04:00,0.0
2011-04-22 04:32:54-04:00,0.0
2011-04-22 04:32:57-04:00,0.0
2011-04-22 04:33:00-04:00,0.0
2011-04-22 04:33:03-04:00,0.0
2011-04-22 04:33:06-04:00,0.0
2011-04-22 04:33:09-04:00,0.0
2011-04-22 04:33:12-04:00,0.0
2011-04-22 04:33:15-04:00,0.0
2011-04-22 04:33:18-04:00,0.0
2011-04-22 04:33:21-04:00,0.0
2011-04-22 04:33:24-04:00,0.0
2011-04-22 04:33:27-04:00,0.0
2011-04-22 04:33:30-04:00,0.0
2011-04-22 04:33:33-04:00,0.0
2011-04-22 04:33:36-04:00,0.0
2011-04-22 04:33:39-04:00,0.0
2011-04-22 04:33:42-04:00,0.0
2011-04-22 04:33:45-04:00,0.0
2011-04-22 04:33:48-04:00,0.0
2011-04-22 04:33:51-04:00,0.0
2011-04-22 04:33:54-04:00,0.0
2011-04-22 04:33:57-04:00,0.0
2011-04-22 04:34:00-04:00,0.0
2011-04-22 04:34:03-04:00,0.0
2011-04-22 04:34:06-04:00,0.0
2011-04-22 04:34:09-04:00,0.0
2011-04-22 04:34:12-04:00,0.0
2011-04-22 04:34:15-04:00,0.0
2011-04-22 04:34:18-04:00,0.0
2011-04-22 04:34:21-04:00,0.0
2011-04-22 04:34:24-04:00,0.0
2011-04-22 04:34:27-04:00,0.0
2011-04-22 04:34:30-04:00,0.0
2011-04-22 04:34:33-04:00,0.0
2011-04-22 04:34:36-04:00,0.0
2011-04-22 04:34:39-04:00,0.0
2011-04-22 04:34:42-04:00,0.0
2011-04-22 04:34:45-04:00,0.0
2011-04-22 04:34:48-04:00,0.0
2011-04-22 04:34:51-04:00,0.0
2011-04-22 04:34:54-04:00,0.0
2011-04-22 04:34:57-04:00,0.0
2011-04-22 04:35:00-04:00,0.0
2011-04-22 04:35:03-04:00,0.0
2011-04-22 04:35:06-04:00,0.0
2011-04-22 04:35:09-04:00,0.0
2011-04-22 04:35:12-04:00,0.0
2011-04-22 04:35:15-04:00,0.0
2011-04-22 04:35:18-04:00,0.0
2011-04-22 04:35:21-04:00,0.0
2011-04-22 04:35:24-04:00,0.0
2011-04-22 04:35:27-04:00,0.0
2011-04-22 04:35:30-04:00,0.0
2011-04-22 04:35:33-04:00,0.0
2011-04-22 04:35:36-04:00,0.0
2011-04-22 04:35:39-04:00,0.0
2011-04-22 04:35:42-04:00,0.0
2011-04-22 04:35:45-04:00,0.0
2011-04-22 04:35:48-04:00,0.0
2011-04-22 04:35:51-04:00,0.0
2011-04-22 04:35:54-04:00,0.0
2011-04-22 04:35:57-04:00,0.0
2011-04-22 04:36:00-04:00,0.0
2011-04-22 04:36:03-04:00,0.0
2011-04-22 04:36:06-04:00,0.0
2011-04-22 04:36:09-04:00,0.0
2011-04-22 04:36:12-04:00,0.0
2011-04-22 04:36:15-04:00,0.0
2011-04-22 04:36:18-04:00,0.0
2011-04-22 04:36:21-04:00,0.0
2011-04-22 04:36:24-04:00,0.0
2011-04-22 04:36:27-04:00,0.0
2011-04-22 04:36:30-04:00,0.0
2011-04-22 04:36:33-04:00,0.0
2011-04-22 04:36:36-04:00,0.0
2011-04-22 04:36:39-04:00,0.0
2011-04-22 04:36:42-04:00,0.0
2011-04-22 04:36:45-04:00,0.0
2011-04-22 04:36:48-04:00,0.0
2011-04-22 04:36:51-04:00,0.0
2011-04-22 04:36:54-04:00,0.0
2011-04-22 04:36:57-04:00,0.0
2011-04-22 04:37:00-04:00,0.0
2011-04-22 04:37:03-04:00,0.0
2011-04-22 04:37:06-04:00,0.0
2011-04-22 04:37:09-04:00,0.0
2011-04-22 04:37:12-04:00,0.0
2011-04-22 04:37:15-04:00,0.0
2011-04-22 04:37:18-04:00,0.0
2011-04-22 04:37:21-04:00,0.0
2011-04-22 04:37:24-04:00,0.0
2011-04-22 04:37:27-04:00,0.0
2011-04-22 04:37:30-04:00,0.0
2011-04-22 04:37:33-04:00,0.0
2011-04-22 04:37:36-04:00,0.0
2011-04-22 04:37:39-04:00,0.0
2011-04-22 04:37:42-04:00,0.0
2011-04-22 04:37:45-04:00,0.0
2011-04-22 04:37:48-04:00,0.0
2011-04-22 04:37:51-04:00,0.0
2011-04-22 04:37:54-04:00,0.0
2011-04-22 04:37:57-04:00,0.0
2011-04-22 04:38:00-04:00,0.0
2011-04-22 04:38:03-04:00,0.0
2011-04-22 04:38:06-04:00,0.0
2011-04-22 04:38:09-04:00,0.0
2011-04-22 04:38:12-04:00,0.0
2011-04-22 04:38:15-04:00,0.0
2011-04-22 04:38:18-04:00,0.0
2011-04-22 04:38:21-04:00,0.0
2011-04-22 04:38:24-04:00,0.0
2011-04-22 04:38:27-04:00,0.0
2011-04-22 04:38:30-04:00,0.0
2011-04-22 04:38:33-04:00,0.0
2011-04-22 04:38:36-04:00,0.0
2011-04-22 04:38:39-04:00,0.0
2011-04-22 04:38:42-04:00,0.0
2011-04-22 04:38:45-04:00,0.0
2011-04-22 04:38:48-04:00,0.0
2011-04-22 04:38:51-04:00,0.0
2011-04-22 04:38:54-04:00,0.0
2011-04-22 04:38:57-04:00,0.0
2011-04-22 04:39:00-04:00,0.0
2011-04-22 04:39:03-04:00,0.0
2011-04-22 04:39:06-04:00,0.0
2011-04-22 04:39:09-04:00,0.0
2011-04-22 04:39:12-04:00,0.0
2011-04-22 04:39:15-04:00,0.0
2011-04-22 04:39:18-04:00,0.0
2011-04-22 04:39:21-04:00,0.0
2011-04-22 04:39:24-04:00,0.0
2011-04-22 04:39:27-04:00,0.0
2011-04-22 04:39:30-04:00,0.0
2011-04-22 04:39:33-04:00,0.0
2011-04-22 04:39:36-04:00,0.0
2011-04-22 04:39:39-04:00,0.0
2011-04-22 04:39:42-04:00,0.0
2011-04-22 04:39:45-04:00,0.0
2011-04-22 04:39:48-04:00,0.0
2011-04-22 04:39:51-04:00,0.0
2011-04-22 04:39:54-04:00,0.0
2011-04-22 04:39:57-04:00,0.0
2011-04-22 04:40:00-04:00,0.0
2011-04-22 04:40:03-04:00,0.0
2011-04-22 04:40:06-04:00,0.0
2011-04-22 04:40:09-04:00,0.0
2011-04-22 04:40:12-04:00,0.0
2011-04-22 04:40:15-04:00,0.0
2011-04-22 04:40:18-04:00,0.0
2011-04-22 04:40:21-04:00,0.0
2011-04-22 04:40:24-04:00,0.0
2011-04-22 04:40:27-04:00,0.0
2011-04-22 04:40:30-04:00,0.0
2011-04-22 04:40:33-04:00,0.0
2011-04-22 04:40:36-04:00,0.0
2011-04-22 04:40:39-04:00,0.0
2011-04-22 04:40:42-04:00,0.0
2011-04-22 04:40:45-04:00,0.0
2011-04-22 04:40:48-04:00,0.0
2011-04-22 04:40:51-04:00,0.0
2011-04-22 04:40:54-04:00,0.0
2011-04-22 04:40:57-04:00,0.0
2011-04-22 04:41:00-04:00,0.0
2011-04-22 04:41:03-04:00,0.0
2011-04-22 04:41:06-04:00,0.0
2011-04-22 04:41:09-04:00,0.0
2011-04-22 04:41:12-04:00,0.0
2011-04-22 04:41:15-04:00,0.0
2011-04-22 04:41:18-04:00,0.0
2011-04-22 04:41:21-04:00,0.0
2011-04-22 04:41:24-04:00,0.0
2011-04-22 04:41:27-04:00,0.0
2011-04-22 04:41:30-04:00,0.0
2011-04-22 04:41:33-04:00,0.0
2011-04-22 04:41:36-04:00,0.0
2011-04-22 04:41:39-04:00,0.0
2011-04-22 04:41:42-04:00,0.0
2011-04-22 04:41:45-04:00,0.0
2011-04-22 04:41:48-04:00,0.0
2011-04-22 04:41:51-04:00,0.0
2011-04-22 04:41:54-04:00,0.0
2011-04-22 04:41:57-04:00,0.0
2011-04-22 04:42:00-04:00,0.0
2011-04-22 04:42:03-04:00,0.0
2011-04-22 04:42:06-04:00,0.0
2011-04-22 04:42:09-04:00,0.0
2011-04-22 04:42:12-04:00,0.0
2011-04-22 04:42:15-04:00,0.0
2011-04-22 04:42:18-04:00,0.0
2011-04-22 04:42:21-04:00,0.0
2011-04-22 04:42:24-04:00,0.0
2011-04-22 04:42:27-04:00,0.0
2011-04-22 04:42:30-04:00,0.0
2011-04-22 04:42:33-04:00,0.0
2011-04-22 04:42:36-04:00,0.0
2011-04-22 04:42:39-04:00,0.0
2011-04-22 04:42:42-04:00,0.0
2011-04-22 04:42:45-04:00,0.0
2011-04-22 04:42:48-04:00,0.0
2011-04-22 04:42:51-04:00,0.0
2011-04-22 04:42:54-04:00,0.0
2011-04-22 04:42:57-04:00,0.0
2011-04-22 04:43:00-04:00,0.0
2011-04-22 04:43:03-04:00,0.0
2011-04-22 04:43:06-04:00,0.0
2011-04-22 04:43:09-04:00,0.0
2011-04-22 04:43:12-04:00,0.0
2011-04-22 04:43:15-04:00,0.0
2011-04-22 04:43:18-04:00,0.0
2011-04-22 04:43:21-04:00,0.0
2011-04-22 04:43:24-04:00,0.0
2011-04-22 04:43:27-04:00,0.0
2011-04-22 04:43:30-04:00,0.0
2011-04-22 04:43:33-04:00,0.0
2011-04-22 04:43:36-04:00,0.0
2011-04-22 04:43:39-04:00,0.0
2011-04-22 04:43:42-04:00,0.0
2011-04-22 04:43:45-04:00,0.0
2011-04-22 04:43:48-04:00,0.0
2011-04-22 04:43:51-04:00,0.0
2011-04-22 04:43:54-04:00,0.0
2011-04-22 04:43:57-04:00,0.0
2011-04-22 04:44:00-04:00,0.0
2011-04-22 04:44:03-04:00,0.0
2011-04-22 04:44:06-04:00,0.0
2011-04-22 04:44:09-04:00,0.0
2011-04-22 04:44:12-04:00,0.0
2011-04-22 04:44:15-04:00,0.0
2011-04-22 04:44:18-04:00,0.0
2011-04-22 04:44:21-04:00,0.0
2011-04-22 04:44:24-04:00,0.0
2011-04-22 04:44:27-04:00,0.0
2011-04-22 04:44:30-04:00,0.0
2011-04-22 04:44:33-04:00,0.0
2011-04-22 04:44:36-04:00,0.0
2011-04-22 04:44:39-04:00,0.0
2011-04-22 04:44:42-04:00,0.0
2011-04-22 04:44:45-04:00,0.0
2011-04-22 04:44:48-04:00,0.0
2011-04-22 04:44:51-04:00,0.0
2011-04-22 04:44:54-04:00,0.0
2011-04-22 04:44:57-04:00,0.0
2011-04-22 04:45:00-04:00,0.0
2011-04-22 04:45:03-04:00,0.0
2011-04-22 04:45:06-04:00,0.0
2011-04-22 04:45:09-04:00,0.0
2011-04-22 04:45:12-04:00,0.0
2011-04-22 04:45:15-04:00,0.0
2011-04-22 04:45:18-04:00,0.0
2011-04-22 04:45:21-04:00,0.0
2011-04-22 04:45:24-04:00,0.0
2011-04-22 04:45:27-04:00,0.0
2011-04-22 04:45:30-04:00,0.0
2011-04-22 04:45:33-04:00,0.0
2011-04-22 04:45:36-04:00,0.0
2011-04-22 04:45:39-04:00,0.0
2011-04-22 04:45:42-04:00,0.0
2011-04-22 04:45:45-04:00,0.0
2011-04-22 04:45:48-04:00,0.0
2011-04-22 04:45:51-04:00,0.0
2011-04-22 04:45:54-04:00,0.0
2011-04-22 04:45:57-04:00,0.0
2011-04-22 04:46:00-04:00,0.0
2011-04-22 04:46:03-04:00,0.0
2011-04-22 04:46:06-04:00,0.0
2011-04-22 04:46:09-04:00,0.0
2011-04-22 04:46:12-04:00,0.0
2011-04-22 04:46:15-04:00,0.0
2011-04-22 04:46:18-04:00,0.0
2011-04-22 04:46:21-04:00,0.0
2011-04-22 04:46:24-04:00,0.0
2011-04-22 04:46:27-04:00,0.0
2011-04-22 04:46:30-04:00,0.0
2011-04-22 04:46:33-04:00,0.0
2011-04-22 04:46:36-04:00,0.0
2011-04-22 04:46:39-04:00,0.0
2011-04-22 04:46:42-04:00,0.0
2011-04-22 04:46:45-04:00,0.0
2011-04-22 04:46:48-04:00,0.0
2011-04-22 04:46:51-04:00,0.0
2011-04-22 04:46:54-04:00,0.0
2011-04-22 04:46:57-04:00,0.0
2011-04-22 04:47:00-04:00,0.0
2011-04-22 04:47:03-04:00,0.0
2011-04-22 04:47:06-04:00,0.0
2011-04-22 04:47:09-04:00,0.0
2011-04-22 04:47:12-04:00,0.0
2011-04-22 04:47:15-04:00,0.0
2011-04-22 04:47:18-04:00,0.0
2011-04-22 04:47:21-04:00,0.0
2011-04-22 04:47:24-04:00,0.0
2011-04-22 04:47:27-04:00,0.0
2011-04-22 04:47:30-04:00,0.0
2011-04-22 04:47:33-04:00,0.0
2011-04-22 04:47:36-04:00,0.0
2011-04-22 04:47:39-04:00,0.0
2011-04-22 04:47:42-04:00,0.0
2011-04-22 04:47:45-04:00,0.0
2011-04-22 04:47:48-04:00,0.0
2011-04-22 04:47:51-04:00,0.0
2011-04-22 04:47:54-04:00,0.0
2011-04-22 04:47:57-04:00,0.0
2011-04-22 04:48:00-04:00,0.0
2011-04-22 04:48:03-04:00,0.0
2011-04-22 04:48:06-04:00,0.0
2011-04-22 04:48:09-04:00,0.0
2011-04-22 04:48:12-04:00,0.0
2011-04-22 04:48:15-04:00,0.0
2011-04-22 04:48:18-04:00,0.0
2011-04-22 04:48:21-04:00,0.0
2011-04-22 04:48:24-04:00,0.0
2011-04-22 04:48:27-04:00,0.0
2011-04-22 04:48:30-04:00,0.0
2011-04-22 04:48:33-04:00,0.0
2011-04-22 04:48:36-04:00,0.0
2011-04-22 04:48:39-04:00,0.0
2011-04-22 04:48:42-04:00,0.0
2011-04-22 04:48:45-04:00,0.0
2011-04-22 04:48:48-04:00,0.0
2011-04-22 04:48:51-04:00,0.0
2011-04-22 04:48:54-04:00,0.0
2011-04-22 04:48:57-04:00,0.0
2011-04-22 04:49:00-04:00,0.0
2011-04-22 04:49:03-04:00,0.0
2011-04-22 04:49:06-04:00,0.0
2011-04-22 04:49:09-04:00,0.0
2011-04-22 04:49:12-04:00,0.0
2011-04-22 04:49:15-04:00,0.0
2011-04-22 04:49:18-04:00,0.0
2011-04-22 04:49:21-04:00,0.0
2011-04-22 04:49:24-04:00,0.0
2011-04-22 04:49:27-04:00,0.0
2011-04-22 04:49:30-04:00,0.0
2011-04-22 04:49:33-04:00,0.0
2011-04-22 04:49:36-04:00,0.0
2011-04-22 04:49:39-04:00,0.0
2011-04-22 04:49:42-04:00,0.0
2011-04-22 04:49:45-04:00,0.0
2011-04-22 04:49:48-04:00,0.0
2011-04-22 04:49:51-04:00,0.0
2011-04-22 04:49:54-04:00,0.0
2011-04-22 04:49:57-04:00,0.0
2011-04-22 04:50:00-04:00,0.0
2011-04-22 04:50:03-04:00,0.0
2011-04-22 04:50:06-04:00,0.0
2011-04-22 04:50:09-04:00,0.0
2011-04-22 04:50:12-04:00,0.0
2011-04-22 04:50:15-04:00,0.0
2011-04-22 04:50:18-04:00,0.0
2011-04-22 04:50:21-04:00,0.0
2011-04-22 04:50:24-04:00,0.0
2011-04-22 04:50:27-04:00,0.0
2011-04-22 04:50:30-04:00,0.0
2011-04-22 04:50:33-04:00,0.0
2011-04-22 04:50:36-04:00,0.0
2011-04-22 04:50:39-04:00,0.0
2011-04-22 04:50:42-04:00,0.0
2011-04-22 04:50:45-04:00,0.0
2011-04-22 04:50:48-04:00,0.0
2011-04-22 04:50:51-04:00,0.0
2011-04-22 04:50:54-04:00,0.0
2011-04-22 04:50:57-04:00,0.0
2011-04-22 04:51:00-04:00,0.0
2011-04-22 04:51:03-04:00,0.0
2011-04-22 04:51:06-04:00,0.0
2011-04-22 04:51:09-04:00,0.0
2011-04-22 04:51:12-04:00,0.0
2011-04-22 04:51:15-04:00,0.0
2011-04-22 04:51:18-04:00,0.0
2011-04-22 04:51:21-04:00,0.0
2011-04-22 04:51:24-04:00,0.0
2011-04-22 04:51:27-04:00,0.0
2011-04-22 04:51:30-04:00,0.0
2011-04-22 04:51:33-04:00,0.0
2011-04-22 04:51:36-04:00,0.0
2011-04-22 04:51:39-04:00,0.0
2011-04-22 04:51:42-04:00,0.0
2011-04-22 04:51:45-04:00,0.0
2011-04-22 04:51:48-04:00,0.0
2011-04-22 04:51:51-04:00,0.0
2011-04-22 04:51:54-04:00,0.0
2011-04-22 04:51:57-04:00,0.0
2011-04-22 04:52:00-04:00,0.0
2011-04-22 04:52:03-04:00,0.0
2011-04-22 04:52:06-04:00,0.0
2011-04-22 04:52:09-04:00,0.0
2011-04-22 04:52:12-04:00,0.0
2011-04-22 04:52:15-04:00,0.0
2011-04-22 04:52:18-04:00,0.0
2011-04-22 04:52:21-04:00,0.0
2011-04-22 04:52:24-04:00,0.0
2011-04-22 04:52:27-04:00,0.0
2011-04-22 04:52:30-04:00,0.0
2011-04-22 04:52:33-04:00,0.0
2011-04-22 04:52:36-04:00,0.0
2011-04-22 04:52:39-04:00,0.0
2011-04-22 04:52:42-04:00,0.0
2011-04-22 04:52:45-04:00,0.0
2011-04-22 04:52:48-04:00,0.0
2011-04-22 04:52:51-04:00,0.0
2011-04-22 04:52:54-04:00,0.0
2011-04-22 04:52:57-04:00,0.0
2011-04-22 04:53:00-04:00,0.0
2011-04-22 04:53:03-04:00,0.0
2011-04-22 04:53:06-04:00,0.0
2011-04-22 04:53:09-04:00,0.0
2011-04-22 04:53:12-04:00,0.0
2011-04-22 04:53:15-04:00,0.0
2011-04-22 04:53:18-04:00,0.0
2011-04-22 04:53:21-04:00,0.0
2011-04-22 04:53:24-04:00,0.0
2011-04-22 04:53:27-04:00,0.0
2011-04-22 04:53:30-04:00,0.0
2011-04-22 04:53:33-04:00,0.0
2011-04-22 04:53:36-04:00,0.0
2011-04-22 04:53:39-04:00,0.0
2011-04-22 04:53:42-04:00,0.0
2011-04-22 04:53:45-04:00,0.0
2011-04-22 04:53:48-04:00,0.0
2011-04-22 04:53:51-04:00,0.0
2011-04-22 04:53:54-04:00,0.0
2011-04-22 04:53:57-04:00,0.0
2011-04-22 04:54:00-04:00,0.0
2011-04-22 04:54:03-04:00,0.0
2011-04-22 04:54:06-04:00,0.0
2011-04-22 04:54:09-04:00,0.0
2011-04-22 04:54:12-04:00,0.0
2011-04-22 04:54:15-04:00,0.0
2011-04-22 04:54:18-04:00,0.0
2011-04-22 04:54:21-04:00,0.0
2011-04-22 04:54:24-04:00,0.0
2011-04-22 04:54:27-04:00,0.0
2011-04-22 04:54:30-04:00,0.0
2011-04-22 04:54:33-04:00,0.0
2011-04-22 04:54:36-04:00,0.0
2011-04-22 04:54:39-04:00,0.0
2011-04-22 04:54:42-04:00,0.0
2011-04-22 04:54:45-04:00,0.0
2011-04-22 04:54:48-04:00,0.0
2011-04-22 04:54:51-04:00,0.0
2011-04-22 04:54:54-04:00,0.0
2011-04-22 04:54:57-04:00,0.0
2011-04-22 04:55:00-04:00,0.0
2011-04-22 04:55:03-04:00,0.0
2011-04-22 04:55:06-04:00,0.0
2011-04-22 04:55:09-04:00,0.0
2011-04-22 04:55:12-04:00,0.0
2011-04-22 04:55:15-04:00,0.0
2011-04-22 04:55:18-04:00,0.0
2011-04-22 04:55:21-04:00,0.0
2011-04-22 04:55:24-04:00,0.0
2011-04-22 04:55:27-04:00,0.0
2011-04-22 04:55:30-04:00,0.0
2011-04-22 04:55:33-04:00,0.0
2011-04-22 04:55:36-04:00,0.0
2011-04-22 04:55:39-04:00,0.0
2011-04-22 04:55:42-04:00,0.0
2011-04-22 04:55:45-04:00,0.0
2011-04-22 04:55:48-04:00,0.0
2011-04-22 04:55:51-04:00,0.0
2011-04-22 04:55:54-04:00,0.0
2011-04-22 04:55:57-04:00,0.0
2011-04-22 04:56:00-04:00,0.0
2011-04-22 04:56:03-04:00,0.0
2011-04-22 04:56:06-04:00,0.0
2011-04-22 04:56:09-04:00,0.0
2011-04-22 04:56:12-04:00,0.0
2011-04-22 04:56:15-04:00,0.0
2011-04-22 04:56:18-04:00,0.0
2011-04-22 04:56:21-04:00,0.0
2011-04-22 04:56:24-04:00,0.0
2011-04-22 04:56:27-04:00,0.0
2011-04-22 04:56:30-04:00,0.0
2011-04-22 04:56:33-04:00,0.0
2011-04-22 04:56:36-04:00,0.0
2011-04-22 04:56:39-04:00,0.0
2011-04-22 04:56:42-04:00,0.0
2011-04-22 04:56:45-04:00,0.0
2011-04-22 04:56:48-04:00,0.0
2011-04-22 04:56:51-04:00,0.0
2011-04-22 04:56:54-04:00,0.0
2011-04-22 04:56:57-04:00,0.0
2011-04-22 04:57:00-04:00,0.0
2011-04-22 04:57:03-04:00,0.0
2011-04-22 04:57:06-04:00,0.0
2011-04-22 04:57:09-04:00,0.0
2011-04-22 04:57:12-04:00,0.0
2011-04-22 04:57:15-04:00,0.0
2011-04-22 04:57:18-04:00,0.0
2011-04-22 04:57:21-04:00,0.0
2011-04-22 04:57:24-04:00,0.0
2011-04-22 04:57:27-04:00,0.0
2011-04-22 04:57:30-04:00,0.0
2011-04-22 04:57:33-04:00,0.0
2011-04-22 04:57:36-04:00,0.0
2011-04-22 04:57:39-04:00,0.0
2011-04-22 04:57:42-04:00,0.0
2011-04-22 04:57:45-04:00,0.0
2011-04-22 04:57:48-04:00,0.0
2011-04-22 04:57:51-04:00,0.0
2011-04-22 04:57:54-04:00,0.0
2011-04-22 04:57:57-04:00,0.0
2011-04-22 04:58:00-04:00,0.0
2011-04-22 04:58:03-04:00,0.0
2011-04-22 04:58:06-04:00,0.0
2011-04-22 04:58:09-04:00,0.0
2011-04-22 04:58:12-04:00,0.0
2011-04-22 04:58:15-04:00,0.0
2011-04-22 04:58:18-04:00,0.0
2011-04-22 04:58:21-04:00,0.0
2011-04-22 04:58:24-04:00,0.0
2011-04-22 04:58:27-04:00,0.0
2011-04-22 04:58:30-04:00,0.0
2011-04-22 04:58:33-04:00,0.0
2011-04-22 04:58:36-04:00,0.0
2011-04-22 04:58:39-04:00,0.0
2011-04-22 04:58:42-04:00,0.0
2011-04-22 04:58:45-04:00,0.0
2011-04-22 04:58:48-04:00,0.0
2011-04-22 04:58:51-04:00,0.0
2011-04-22 04:58:54-04:00,0.0
2011-04-22 04:58:57-04:00,0.0
2011-04-22 04:59:00-04:00,0.0
2011-04-22 04:59:03-04:00,0.0
2011-04-22 04:59:06-04:00,0.0
2011-04-22 04:59:09-04:00,0.0
2011-04-22 04:59:12-04:00,0.0
2011-04-22 04:59:15-04:00,0.0
2011-04-22 04:59:18-04:00,0.0
2011-04-22 04:59:21-04:00,0.0
2011-04-22 04:59:24-04:00,0.0
2011-04-22 04:59:27-04:00,0.0
2011-04-22 04:59:30-04:00,0.0
2011-04-22 04:59:33-04:00,0.0
2011-04-22 04:59:36-04:00,0.0
2011-04-22 04:59:39-04:00,0.0
2011-04-22 04:59:42-04:00,0.0
2011-04-22 04:59:45-04:00,0.0
2011-04-22 04:59:48-04:00,0.0
2011-04-22 04:59:51-04:00,0.0
2011-04-22 04:59:54-04:00,0.0
2011-04-22 04:59:57-04:00,0.0
2011-04-22 05:00:00-04:00,0.0
2011-04-22 05:00:03-04:00,0.0
2011-04-22 05:00:06-04:00,0.0
2011-04-22 05:00:09-04:00,0.0
2011-04-22 05:00:12-04:00,0.0
2011-04-22 05:00:15-04:00,0.0
2011-04-22 05:00:18-04:00,0.0
2011-04-22 05:00:21-04:00,0.0
2011-04-22 05:00:24-04:00,0.0
2011-04-22 05:00:27-04:00,0.0
2011-04-22 05:00:30-04:00,0.0
2011-04-22 05:00:33-04:00,0.0
2011-04-22 05:00:36-04:00,0.0
2011-04-22 05:00:39-04:00,0.0
2011-04-22 05:00:42-04:00,0.0
2011-04-22 05:00:45-04:00,0.0
2011-04-22 05:00:48-04:00,0.0
2011-04-22 05:00:51-04:00,0.0
2011-04-22 05:00:54-04:00,0.0
2011-04-22 05:00:57-04:00,0.0
2011-04-22 05:01:00-04:00,0.0
2011-04-22 05:01:03-04:00,0.0
2011-04-22 05:01:06-04:00,0.0
2011-04-22 05:01:09-04:00,0.0
2011-04-22 05:01:12-04:00,0.0
2011-04-22 05:01:15-04:00,0.0
2011-04-22 05:01:18-04:00,0.0
2011-04-22 05:01:21-04:00,0.0
2011-04-22 05:01:24-04:00,0.0
2011-04-22 05:01:27-04:00,0.0
2011-04-22 05:01:30-04:00,0.0
2011-04-22 05:01:33-04:00,0.0
2011-04-22 05:01:36-04:00,0.0
2011-04-22 05:01:39-04:00,0.0
2011-04-22 05:01:42-04:00,0.0
2011-04-22 05:01:45-04:00,0.0
2011-04-22 05:01:48-04:00,0.0
2011-04-22 05:01:51-04:00,0.0
2011-04-22 05:01:54-04:00,0.0
2011-04-22 05:01:57-04:00,0.0
2011-04-22 05:02:00-04:00,0.0
2011-04-22 05:02:03-04:00,0.0
2011-04-22 05:02:06-04:00,0.0
2011-04-22 05:02:09-04:00,0.0
2011-04-22 05:02:12-04:00,0.0
2011-04-22 05:02:15-04:00,0.0
2011-04-22 05:02:18-04:00,0.0
2011-04-22 05:02:21-04:00,0.0
2011-04-22 05:02:24-04:00,0.0
2011-04-22 05:02:27-04:00,0.0
2011-04-22 05:02:30-04:00,0.0
2011-04-22 05:02:33-04:00,0.0
2011-04-22 05:02:36-04:00,0.0
2011-04-22 05:02:39-04:00,0.0
2011-04-22 05:02:42-04:00,0.0
2011-04-22 05:02:45-04:00,0.0
2011-04-22 05:02:48-04:00,0.0
2011-04-22 05:02:51-04:00,0.0
2011-04-22 05:02:54-04:00,0.0
2011-04-22 05:02:57-04:00,0.0
2011-04-22 05:03:00-04:00,0.0
2011-04-22 05:03:03-04:00,0.0
2011-04-22 05:03:06-04:00,0.0
2011-04-22 05:03:09-04:00,0.0
2011-04-22 05:03:12-04:00,0.0
2011-04-22 05:03:15-04:00,0.0
2011-04-22 05:03:18-04:00,0.0
2011-04-22 05:03:21-04:00,0.0
2011-04-22 05:03:24-04:00,0.0
2011-04-22 05:03:27-04:00,0.0
2011-04-22 05:03:30-04:00,0.0
2011-04-22 05:03:33-04:00,0.0
2011-04-22 05:03:36-04:00,0.0
2011-04-22 05:03:39-04:00,0.0
2011-04-22 05:03:42-04:00,0.0
2011-04-22 05:03:45-04:00,0.0
2011-04-22 05:03:48-04:00,0.0
2011-04-22 05:03:51-04:00,0.0
2011-04-22 05:03:54-04:00,0.0
2011-04-22 05:03:57-04:00,0.0
2011-04-22 05:04:00-04:00,0.0
2011-04-22 05:04:03-04:00,0.0
2011-04-22 05:04:06-04:00,0.0
2011-04-22 05:04:09-04:00,0.0
2011-04-22 05:04:12-04:00,0.0
2011-04-22 05:04:15-04:00,0.0
2011-04-22 05:04:18-04:00,0.0
2011-04-22 05:04:21-04:00,0.0
2011-04-22 05:04:24-04:00,0.0
2011-04-22 05:04:27-04:00,0.0
2011-04-22 05:04:30-04:00,0.0
2011-04-22 05:04:33-04:00,0.0
2011-04-22 05:04:36-04:00,0.0
2011-04-22 05:04:39-04:00,0.0
2011-04-22 05:04:42-04:00,0.0
2011-04-22 05:04:45-04:00,0.0
2011-04-22 05:04:48-04:00,0.0
2011-04-22 05:04:51-04:00,0.0
2011-04-22 05:04:54-04:00,0.0
2011-04-22 05:04:57-04:00,0.0
2011-04-22 05:05:00-04:00,0.0
2011-04-22 05:05:03-04:00,0.0
2011-04-22 05:05:06-04:00,0.0
2011-04-22 05:05:09-04:00,0.0
2011-04-22 05:05:12-04:00,0.0
2011-04-22 05:05:15-04:00,0.0
2011-04-22 05:05:18-04:00,0.0
2011-04-22 05:05:21-04:00,0.0
2011-04-22 05:05:24-04:00,0.0
2011-04-22 05:05:27-04:00,0.0
2011-04-22 05:05:30-04:00,0.0
2011-04-22 05:05:33-04:00,0.0
2011-04-22 05:05:36-04:00,0.0
2011-04-22 05:05:39-04:00,0.0
2011-04-22 05:05:42-04:00,0.0
2011-04-22 05:05:45-04:00,0.0
2011-04-22 05:05:48-04:00,0.0
2011-04-22 05:05:51-04:00,0.0
2011-04-22 05:05:54-04:00,0.0
2011-04-22 05:05:57-04:00,0.0
2011-04-22 05:06:00-04:00,0.0
2011-04-22 05:06:03-04:00,0.0
2011-04-22 05:06:06-04:00,0.0
2011-04-22 05:06:09-04:00,0.0
2011-04-22 05:06:12-04:00,0.0
2011-04-22 05:06:15-04:00,0.0
2011-04-22 05:06:18-04:00,0.0
2011-04-22 05:06:21-04:00,0.0
2011-04-22 05:06:24-04:00,0.0
2011-04-22 05:06:27-04:00,0.0
2011-04-22 05:06:30-04:00,0.0
2011-04-22 05:06:33-04:00,0.0
2011-04-22 05:06:36-04:00,0.0
2011-04-22 05:06:39-04:00,0.0
2011-04-22 05:06:42-04:00,0.0
2011-04-22 05:06:45-04:00,0.0
2011-04-22 05:06:48-04:00,0.0
2011-04-22 05:06:51-04:00,0.0
2011-04-22 05:06:54-04:00,0.0
2011-04-22 05:06:57-04:00,0.0
2011-04-22 05:07:00-04:00,0.0
2011-04-22 05:07:03-04:00,0.0
2011-04-22 05:07:06-04:00,0.0
2011-04-22 05:07:09-04:00,0.0
2011-04-22 05:07:12-04:00,0.0
2011-04-22 05:07:15-04:00,0.0
2011-04-22 05:07:18-04:00,0.0
2011-04-22 05:07:21-04:00,0.0
2011-04-22 05:07:24-04:00,0.0
2011-04-22 05:07:27-04:00,0.0
2011-04-22 05:07:30-04:00,0.0
2011-04-22 05:07:33-04:00,0.0
2011-04-22 05:07:36-04:00,0.0
2011-04-22 05:07:39-04:00,0.0
2011-04-22 05:07:42-04:00,0.0
2011-04-22 05:07:45-04:00,0.0
2011-04-22 05:07:48-04:00,0.0
2011-04-22 05:07:51-04:00,0.0
2011-04-22 05:07:54-04:00,0.0
2011-04-22 05:07:57-04:00,0.0
2011-04-22 05:08:00-04:00,0.0
2011-04-22 05:08:03-04:00,0.0
2011-04-22 05:08:06-04:00,0.0
2011-04-22 05:08:09-04:00,0.0
2011-04-22 05:08:12-04:00,0.0
2011-04-22 05:08:15-04:00,0.0
2011-04-22 05:08:18-04:00,0.0
2011-04-22 05:08:21-04:00,0.0
2011-04-22 05:08:24-04:00,0.0
2011-04-22 05:08:27-04:00,0.0
2011-04-22 05:08:30-04:00,0.0
2011-04-22 05:08:33-04:00,0.0
2011-04-22 05:08:36-04:00,0.0
2011-04-22 05:08:39-04:00,0.0
2011-04-22 05:08:42-04:00,0.0
2011-04-22 05:08:45-04:00,0.0
2011-04-22 05:08:48-04:00,0.0
2011-04-22 05:08:51-04:00,0.0
2011-04-22 05:08:54-04:00,0.0
2011-04-22 05:08:57-04:00,0.0
2011-04-22 05:09:00-04:00,0.0
2011-04-22 05:09:03-04:00,0.0
2011-04-22 05:09:06-04:00,0.0
2011-04-22 05:09:09-04:00,0.0
2011-04-22 05:09:12-04:00,0.0
2011-04-22 05:09:15-04:00,0.0
2011-04-22 05:09:18-04:00,0.0
2011-04-22 05:09:21-04:00,0.0
2011-04-22 05:09:24-04:00,0.0
2011-04-22 05:09:27-04:00,0.0
2011-04-22 05:09:30-04:00,0.0
2011-04-22 05:09:33-04:00,0.0
2011-04-22 05:09:36-04:00,0.0
2011-04-22 05:09:39-04:00,0.0
2011-04-22 05:09:42-04:00,0.0
2011-04-22 05:09:45-04:00,0.0
2011-04-22 05:09:48-04:00,0.0
2011-04-22 05:09:51-04:00,0.0
2011-04-22 05:09:54-04:00,0.0
2011-04-22 05:09:57-04:00,0.0
2011-04-22 05:10:00-04:00,0.0
2011-04-22 05:10:03-04:00,0.0
2011-04-22 05:10:06-04:00,0.0
2011-04-22 05:10:09-04:00,0.0
2011-04-22 05:10:12-04:00,0.0
2011-04-22 05:10:15-04:00,0.0
2011-04-22 05:10:18-04:00,0.0
2011-04-22 05:10:21-04:00,0.0
2011-04-22 05:10:24-04:00,0.0
2011-04-22 05:10:27-04:00,0.0
2011-04-22 05:10:30-04:00,0.0
2011-04-22 05:10:33-04:00,0.0
2011-04-22 05:10:36-04:00,0.0
2011-04-22 05:10:39-04:00,0.0
2011-04-22 05:10:42-04:00,0.0
2011-04-22 05:10:45-04:00,0.0
2011-04-22 05:10:48-04:00,0.0
2011-04-22 05:10:51-04:00,0.0
2011-04-22 05:10:54-04:00,0.0
2011-04-22 05:10:57-04:00,0.0
2011-04-22 05:11:00-04:00,0.0
2011-04-22 05:11:03-04:00,0.0
2011-04-22 05:11:06-04:00,0.0
2011-04-22 05:11:09-04:00,0.0
2011-04-22 05:11:12-04:00,0.0
2011-04-22 05:11:15-04:00,0.0
2011-04-22 05:11:18-04:00,0.0
2011-04-22 05:11:21-04:00,0.0
2011-04-22 05:11:24-04:00,0.0
2011-04-22 05:11:27-04:00,0.0
2011-04-22 05:11:30-04:00,0.0
2011-04-22 05:11:33-04:00,0.0
2011-04-22 05:11:36-04:00,0.0
2011-04-22 05:11:39-04:00,0.0
2011-04-22 05:11:42-04:00,0.0
2011-04-22 05:11:45-04:00,0.0
2011-04-22 05:11:48-04:00,0.0
2011-04-22 05:11:51-04:00,0.0
2011-04-22 05:11:54-04:00,0.0
2011-04-22 05:11:57-04:00,0.0
2011-04-22 05:12:00-04:00,0.0
2011-04-22 05:12:03-04:00,0.0
2011-04-22 05:12:06-04:00,0.0
2011-04-22 05:12:09-04:00,0.0
2011-04-22 05:12:12-04:00,0.0
2011-04-22 05:12:15-04:00,0.0
2011-04-22 05:12:18-04:00,0.0
2011-04-22 05:12:21-04:00,0.0
2011-04-22 05:12:24-04:00,0.0
2011-04-22 05:12:27-04:00,0.0
2011-04-22 05:12:30-04:00,0.0
2011-04-22 05:12:33-04:00,0.0
2011-04-22 05:12:36-04:00,0.0
2011-04-22 05:12:39-04:00,0.0
2011-04-22 05:12:42-04:00,0.0
2011-04-22 05:12:45-04:00,0.0
2011-04-22 05:12:48-04:00,0.0
2011-04-22 05:12:51-04:00,0.0
2011-04-22 05:12:54-04:00,0.0
2011-04-22 05:12:57-04:00,0.0
2011-04-22 05:13:00-04:00,0.0
2011-04-22 05:13:03-04:00,0.0
2011-04-22 05:13:06-04:00,0.0
2011-04-22 05:13:09-04:00,0.0
2011-04-22 05:13:12-04:00,0.0
2011-04-22 05:13:15-04:00,0.0
2011-04-22 05:13:18-04:00,0.0
2011-04-22 05:13:21-04:00,0.0
2011-04-22 05:13:24-04:00,0.0
2011-04-22 05:13:27-04:00,0.0
2011-04-22 05:13:30-04:00,0.0
2011-04-22 05:13:33-04:00,0.0
2011-04-22 05:13:36-04:00,0.0
2011-04-22 05:13:39-04:00,0.0
2011-04-22 05:13:42-04:00,0.0
2011-04-22 05:13:45-04:00,0.0
2011-04-22 05:13:48-04:00,0.0
2011-04-22 05:13:51-04:00,0.0
2011-04-22 05:13:54-04:00,0.0
2011-04-22 05:13:57-04:00,0.0
2011-04-22 05:14:00-04:00,0.0
2011-04-22 05:14:03-04:00,0.0
2011-04-22 05:14:06-04:00,0.0
2011-04-22 05:14:09-04:00,0.0
2011-04-22 05:14:12-04:00,0.0
2011-04-22 05:14:15-04:00,0.0
2011-04-22 05:14:18-04:00,0.0
2011-04-22 05:14:21-04:00,0.0
2011-04-22 05:14:24-04:00,0.0
2011-04-22 05:14:27-04:00,0.0
2011-04-22 05:14:30-04:00,0.0
2011-04-22 05:14:33-04:00,0.0
2011-04-22 05:14:36-04:00,0.0
2011-04-22 05:14:39-04:00,0.0
2011-04-22 05:14:42-04:00,0.0
2011-04-22 05:14:45-04:00,0.0
2011-04-22 05:14:48-04:00,0.0
2011-04-22 05:14:51-04:00,0.0
2011-04-22 05:14:54-04:00,0.0
2011-04-22 05:14:57-04:00,0.0
2011-04-22 05:15:00-04:00,0.0
2011-04-22 05:15:03-04:00,0.0
2011-04-22 05:15:06-04:00,0.0
2011-04-22 05:15:09-04:00,0.0
2011-04-22 05:15:12-04:00,0.0
2011-04-22 05:15:15-04:00,0.0
2011-04-22 05:15:18-04:00,0.0
2011-04-22 05:15:21-04:00,0.0
2011-04-22 05:15:24-04:00,0.0
2011-04-22 05:15:27-04:00,0.0
2011-04-22 05:15:30-04:00,0.0
2011-04-22 05:15:33-04:00,0.0
2011-04-22 05:15:36-04:00,0.0
2011-04-22 05:15:39-04:00,0.0
2011-04-22 05:15:42-04:00,0.0
2011-04-22 05:15:45-04:00,0.0
2011-04-22 05:15:48-04:00,0.0
2011-04-22 05:15:51-04:00,0.0
2011-04-22 05:15:54-04:00,0.0
2011-04-22 05:15:57-04:00,0.0
2011-04-22 05:16:00-04:00,0.0
2011-04-22 05:16:03-04:00,0.0
2011-04-22 05:16:06-04:00,0.0
2011-04-22 05:16:09-04:00,0.0
2011-04-22 05:16:12-04:00,0.0
2011-04-22 05:16:15-04:00,0.0
2011-04-22 05:16:18-04:00,0.0
2011-04-22 05:16:21-04:00,0.0
2011-04-22 05:16:24-04:00,0.0
2011-04-22 05:16:27-04:00,0.0
2011-04-22 05:16:30-04:00,0.0
2011-04-22 05:16:33-04:00,0.0
2011-04-22 05:16:36-04:00,0.0
2011-04-22 05:16:39-04:00,0.0
2011-04-22 05:16:42-04:00,0.0
2011-04-22 05:16:45-04:00,0.0
2011-04-22 05:16:48-04:00,0.0
2011-04-22 05:16:51-04:00,0.0
2011-04-22 05:16:54-04:00,0.0
2011-04-22 05:16:57-04:00,0.0
2011-04-22 05:17:00-04:00,0.0
2011-04-22 05:17:03-04:00,0.0
2011-04-22 05:17:06-04:00,0.0
2011-04-22 05:17:09-04:00,0.0
2011-04-22 05:17:12-04:00,0.0
2011-04-22 05:17:15-04:00,0.0
2011-04-22 05:17:18-04:00,0.0
2011-04-22 05:17:21-04:00,0.0
2011-04-22 05:17:24-04:00,0.0
2011-04-22 05:17:27-04:00,0.0
2011-04-22 05:17:30-04:00,0.0
2011-04-22 05:17:33-04:00,0.0
2011-04-22 05:17:36-04:00,0.0
2011-04-22 05:17:39-04:00,0.0
2011-04-22 05:17:42-04:00,0.0
2011-04-22 05:17:45-04:00,0.0
2011-04-22 05:17:48-04:00,0.0
2011-04-22 05:17:51-04:00,0.0
2011-04-22 05:17:54-04:00,0.0
2011-04-22 05:17:57-04:00,0.0
2011-04-22 05:18:00-04:00,0.0
2011-04-22 05:18:03-04:00,0.0
2011-04-22 05:18:06-04:00,0.0
2011-04-22 05:18:09-04:00,0.0
2011-04-22 05:18:12-04:00,0.0
2011-04-22 05:18:15-04:00,0.0
2011-04-22 05:18:18-04:00,0.0
2011-04-22 05:18:21-04:00,0.0
2011-04-22 05:18:24-04:00,0.0
2011-04-22 05:18:27-04:00,0.0
2011-04-22 05:18:30-04:00,0.0
2011-04-22 05:18:33-04:00,0.0
2011-04-22 05:18:36-04:00,0.0
2011-04-22 05:18:39-04:00,0.0
2011-04-22 05:18:42-04:00,0.0
2011-04-22 05:18:45-04:00,0.0
2011-04-22 05:18:48-04:00,0.0
2011-04-22 05:18:51-04:00,0.0
2011-04-22 05:18:54-04:00,0.0
2011-04-22 05:18:57-04:00,0.0
2011-04-22 05:19:00-04:00,0.0
2011-04-22 05:19:03-04:00,0.0
2011-04-22 05:19:06-04:00,0.0
2011-04-22 05:19:09-04:00,0.0
2011-04-22 05:19:12-04:00,0.0
2011-04-22 05:19:15-04:00,0.0
2011-04-22 05:19:18-04:00,0.0
2011-04-22 05:19:21-04:00,0.0
2011-04-22 05:19:24-04:00,0.0
2011-04-22 05:19:27-04:00,0.0
2011-04-22 05:19:30-04:00,0.0
2011-04-22 05:19:33-04:00,0.0
2011-04-22 05:19:36-04:00,0.0
2011-04-22 05:19:39-04:00,0.0
2011-04-22 05:19:42-04:00,0.0
2011-04-22 05:19:45-04:00,0.0
2011-04-22 05:19:48-04:00,0.0
2011-04-22 05:19:51-04:00,0.0
2011-04-22 05:19:54-04:00,0.0
2011-04-22 05:19:57-04:00,0.0
2011-04-22 05:20:00-04:00,0.0
2011-04-22 05:20:03-04:00,0.0
2011-04-22 05:20:06-04:00,0.0
2011-04-22 05:20:09-04:00,0.0
2011-04-22 05:20:12-04:00,0.0
2011-04-22 05:20:15-04:00,0.0
2011-04-22 05:20:18-04:00,0.0
2011-04-22 05:20:21-04:00,0.0
2011-04-22 05:20:24-04:00,0.0
2011-04-22 05:20:27-04:00,0.0
2011-04-22 05:20:30-04:00,0.0
2011-04-22 05:20:33-04:00,0.0
2011-04-22 05:20:36-04:00,0.0
2011-04-22 05:20:39-04:00,0.0
2011-04-22 05:20:42-04:00,0.0
2011-04-22 05:20:45-04:00,0.0
2011-04-22 05:20:48-04:00,0.0
2011-04-22 05:20:51-04:00,0.0
2011-04-22 05:20:54-04:00,0.0
2011-04-22 05:20:57-04:00,0.0
2011-04-22 05:21:00-04:00,0.0
2011-04-22 05:21:03-04:00,0.0
2011-04-22 05:21:06-04:00,0.0
2011-04-22 05:21:09-04:00,0.0
2011-04-22 05:21:12-04:00,0.0
2011-04-22 05:21:15-04:00,0.0
2011-04-22 05:21:18-04:00,0.0
2011-04-22 05:21:21-04:00,0.0
2011-04-22 05:21:24-04:00,0.0
2011-04-22 05:21:27-04:00,0.0
2011-04-22 05:21:30-04:00,0.0
2011-04-22 05:21:33-04:00,0.0
2011-04-22 05:21:36-04:00,0.0
2011-04-22 05:21:39-04:00,0.0
2011-04-22 05:21:42-04:00,0.0
2011-04-22 05:21:45-04:00,0.0
2011-04-22 05:21:48-04:00,0.0
2011-04-22 05:21:51-04:00,0.0
2011-04-22 05:21:54-04:00,0.0
2011-04-22 05:21:57-04:00,0.0
2011-04-22 05:22:00-04:00,0.0
2011-04-22 05:22:03-04:00,0.0
2011-04-22 05:22:06-04:00,0.0
2011-04-22 05:22:09-04:00,0.0
2011-04-22 05:22:12-04:00,0.0
2011-04-22 05:22:15-04:00,0.0
2011-04-22 05:22:18-04:00,0.0
2011-04-22 05:22:21-04:00,0.0
2011-04-22 05:22:24-04:00,0.0
2011-04-22 05:22:27-04:00,0.0
2011-04-22 05:22:30-04:00,0.0
2011-04-22 05:22:33-04:00,0.0
2011-04-22 05:22:36-04:00,0.0
2011-04-22 05:22:39-04:00,0.0
2011-04-22 05:22:42-04:00,0.0
2011-04-22 05:22:45-04:00,0.0
2011-04-22 05:22:48-04:00,0.0
2011-04-22 05:22:51-04:00,0.0
2011-04-22 05:22:54-04:00,0.0
2011-04-22 05:22:57-04:00,0.0
2011-04-22 05:23:00-04:00,0.0
2011-04-22 05:23:03-04:00,0.0
2011-04-22 05:23:06-04:00,0.0
2011-04-22 05:23:09-04:00,0.0
2011-04-22 05:23:12-04:00,0.0
2011-04-22 05:23:15-04:00,0.0
2011-04-22 05:23:18-04:00,0.0
2011-04-22 05:23:21-04:00,0.0
2011-04-22 05:23:24-04:00,0.0
2011-04-22 05:23:27-04:00,0.0
2011-04-22 05:23:30-04:00,0.0
2011-04-22 05:23:33-04:00,0.0
2011-04-22 05:23:36-04:00,0.0
2011-04-22 05:23:39-04:00,0.0
2011-04-22 05:23:42-04:00,0.0
2011-04-22 05:23:45-04:00,0.0
2011-04-22 05:23:48-04:00,0.0
2011-04-22 05:23:51-04:00,0.0
2011-04-22 05:23:54-04:00,0.0
2011-04-22 05:23:57-04:00,0.0
2011-04-22 05:24:00-04:00,0.0
2011-04-22 05:24:03-04:00,0.0
2011-04-22 05:24:06-04:00,0.0
2011-04-22 05:24:09-04:00,0.0
2011-04-22 05:24:12-04:00,0.0
2011-04-22 05:24:15-04:00,0.0
2011-04-22 05:24:18-04:00,0.0
2011-04-22 05:24:21-04:00,0.0
2011-04-22 05:24:24-04:00,0.0
2011-04-22 05:24:27-04:00,0.0
2011-04-22 05:24:30-04:00,0.0
2011-04-22 05:24:33-04:00,0.0
2011-04-22 05:24:36-04:00,0.0
2011-04-22 05:24:39-04:00,0.0
2011-04-22 05:24:42-04:00,0.0
2011-04-22 05:24:45-04:00,0.0
2011-04-22 05:24:48-04:00,0.0
2011-04-22 05:24:51-04:00,0.0
2011-04-22 05:24:54-04:00,0.0
2011-04-22 05:24:57-04:00,0.0
2011-04-22 05:25:00-04:00,0.0
2011-04-22 05:25:03-04:00,0.0
2011-04-22 05:25:06-04:00,0.0
2011-04-22 05:25:09-04:00,0.0
2011-04-22 05:25:12-04:00,0.0
2011-04-22 05:25:15-04:00,0.0
2011-04-22 05:25:18-04:00,0.0
2011-04-22 05:25:21-04:00,0.0
2011-04-22 05:25:24-04:00,0.0
2011-04-22 05:25:27-04:00,0.0
2011-04-22 05:25:30-04:00,0.0
2011-04-22 05:25:33-04:00,0.0
2011-04-22 05:25:36-04:00,0.0
2011-04-22 05:25:39-04:00,0.0
2011-04-22 05:25:42-04:00,0.0
2011-04-22 05:25:45-04:00,0.0
2011-04-22 05:25:48-04:00,0.0
2011-04-22 05:25:51-04:00,0.0
2011-04-22 05:25:54-04:00,0.0
2011-04-22 05:25:57-04:00,0.0
2011-04-22 05:26:00-04:00,0.0
2011-04-22 05:26:03-04:00,0.0
2011-04-22 05:26:06-04:00,0.0
2011-04-22 05:26:09-04:00,0.0
2011-04-22 05:26:12-04:00,0.0
2011-04-22 05:26:15-04:00,0.0
2011-04-22 05:26:18-04:00,0.0
2011-04-22 05:26:21-04:00,0.0
2011-04-22 05:26:24-04:00,0.0
2011-04-22 05:26:27-04:00,0.0
2011-04-22 05:26:30-04:00,0.0
2011-04-22 05:26:33-04:00,0.0
2011-04-22 05:26:36-04:00,0.0
2011-04-22 05:26:39-04:00,0.0
2011-04-22 05:26:42-04:00,0.0
2011-04-22 05:26:45-04:00,0.0
2011-04-22 05:26:48-04:00,0.0
2011-04-22 05:26:51-04:00,0.0
2011-04-22 05:26:54-04:00,0.0
2011-04-22 05:26:57-04:00,0.0
2011-04-22 05:27:00-04:00,0.0
2011-04-22 05:27:03-04:00,0.0
2011-04-22 05:27:06-04:00,0.0
2011-04-22 05:27:09-04:00,0.0
2011-04-22 05:27:12-04:00,0.0
2011-04-22 05:27:15-04:00,0.0
2011-04-22 05:27:18-04:00,0.0
2011-04-22 05:27:21-04:00,0.0
2011-04-22 05:27:24-04:00,0.0
2011-04-22 05:27:27-04:00,0.0
2011-04-22 05:27:30-04:00,0.0
2011-04-22 05:27:33-04:00,0.0
2011-04-22 05:27:36-04:00,0.0
2011-04-22 05:27:39-04:00,0.0
2011-04-22 05:27:42-04:00,0.0
2011-04-22 05:27:45-04:00,0.0
2011-04-22 05:27:48-04:00,0.0
2011-04-22 05:27:51-04:00,0.0
2011-04-22 05:27:54-04:00,0.0
2011-04-22 05:27:57-04:00,0.0
2011-04-22 05:28:00-04:00,0.0
2011-04-22 05:28:03-04:00,0.0
2011-04-22 05:28:06-04:00,0.0
2011-04-22 05:28:09-04:00,0.0
2011-04-22 05:28:12-04:00,0.0
2011-04-22 05:28:15-04:00,0.0
2011-04-22 05:28:18-04:00,0.0
2011-04-22 05:28:21-04:00,0.0
2011-04-22 05:28:24-04:00,0.0
2011-04-22 05:28:27-04:00,0.0
2011-04-22 05:28:30-04:00,0.0
2011-04-22 05:28:33-04:00,0.0
2011-04-22 05:28:36-04:00,0.0
2011-04-22 05:28:39-04:00,0.0
2011-04-22 05:28:42-04:00,0.0
2011-04-22 05:28:45-04:00,0.0
2011-04-22 05:28:48-04:00,0.0
2011-04-22 05:28:51-04:00,0.0
2011-04-22 05:28:54-04:00,0.0
2011-04-22 05:28:57-04:00,0.0
2011-04-22 05:29:00-04:00,0.0
2011-04-22 05:29:03-04:00,0.0
2011-04-22 05:29:06-04:00,0.0
2011-04-22 05:29:09-04:00,0.0
2011-04-22 05:29:12-04:00,0.0
2011-04-22 05:29:15-04:00,0.0
2011-04-22 05:29:18-04:00,0.0
2011-04-22 05:29:21-04:00,0.0
2011-04-22 05:29:24-04:00,0.0
2011-04-22 05:29:27-04:00,0.0
2011-04-22 05:29:30-04:00,0.0
2011-04-22 05:29:33-04:00,0.0
2011-04-22 05:29:36-04:00,0.0
2011-04-22 05:29:39-04:00,0.0
2011-04-22 05:29:42-04:00,0.0
2011-04-22 05:29:45-04:00,0.0
2011-04-22 05:29:48-04:00,0.0
2011-04-22 05:29:51-04:00,0.0
2011-04-22 05:29:54-04:00,0.0
2011-04-22 05:29:57-04:00,0.0
2011-04-22 05:30:00-04:00,0.0
2011-04-22 05:30:03-04:00,0.0
2011-04-22 05:30:06-04:00,0.0
2011-04-22 05:30:09-04:00,0.0
2011-04-22 05:30:12-04:00,0.0
2011-04-22 05:30:15-04:00,0.0
2011-04-22 05:30:18-04:00,0.0
2011-04-22 05:30:21-04:00,0.0
2011-04-22 05:30:24-04:00,0.0
2011-04-22 05:30:27-04:00,0.0
2011-04-22 05:30:30-04:00,0.0
2011-04-22 05:30:33-04:00,0.0
2011-04-22 05:30:36-04:00,0.0
2011-04-22 05:30:39-04:00,0.0
2011-04-22 05:30:42-04:00,0.0
2011-04-22 05:30:45-04:00,0.0
2011-04-22 05:30:48-04:00,0.0
2011-04-22 05:30:51-04:00,0.0
2011-04-22 05:30:54-04:00,0.0
2011-04-22 05:30:57-04:00,0.0
2011-04-22 05:31:00-04:00,0.0
2011-04-22 05:31:03-04:00,0.0
2011-04-22 05:31:06-04:00,0.0
2011-04-22 05:31:09-04:00,0.0
2011-04-22 05:31:12-04:00,0.0
2011-04-22 05:31:15-04:00,0.0
2011-04-22 05:31:18-04:00,0.0
2011-04-22 05:31:21-04:00,0.0
2011-04-22 05:31:24-04:00,0.0
2011-04-22 05:31:27-04:00,0.0
2011-04-22 05:31:30-04:00,0.0
2011-04-22 05:31:33-04:00,0.0
2011-04-22 05:31:36-04:00,0.0
2011-04-22 05:31:39-04:00,0.0
2011-04-22 05:31:42-04:00,0.0
2011-04-22 05:31:45-04:00,0.0
2011-04-22 05:31:48-04:00,0.0
2011-04-22 05:31:51-04:00,0.0
2011-04-22 05:31:54-04:00,0.0
2011-04-22 05:31:57-04:00,0.0
2011-04-22 05:32:00-04:00,0.0
2011-04-22 05:32:03-04:00,0.0
2011-04-22 05:32:06-04:00,0.0
2011-04-22 05:32:09-04:00,0.0
2011-04-22 05:32:12-04:00,0.0
2011-04-22 05:32:15-04:00,0.0
2011-04-22 05:32:18-04:00,0.0
2011-04-22 05:32:21-04:00,0.0
2011-04-22 05:32:24-04:00,0.0
2011-04-22 05:32:27-04:00,0.0
2011-04-22 05:32:30-04:00,0.0
2011-04-22 05:32:33-04:00,0.0
2011-04-22 05:32:36-04:00,0.0
2011-04-22 05:32:39-04:00,0.0
2011-04-22 05:32:42-04:00,0.0
2011-04-22 05:32:45-04:00,0.0
2011-04-22 05:32:48-04:00,0.0
2011-04-22 05:32:51-04:00,0.0
2011-04-22 05:32:54-04:00,0.0
2011-04-22 05:32:57-04:00,0.0
2011-04-22 05:33:00-04:00,0.0
2011-04-22 05:33:03-04:00,0.0
2011-04-22 05:33:06-04:00,0.0
2011-04-22 05:33:09-04:00,0.0
2011-04-22 05:33:12-04:00,0.0
2011-04-22 05:33:15-04:00,0.0
2011-04-22 05:33:18-04:00,0.0
2011-04-22 05:33:21-04:00,0.0
2011-04-22 05:33:24-04:00,0.0
2011-04-22 05:33:27-04:00,0.0
2011-04-22 05:33:30-04:00,0.0
2011-04-22 05:33:33-04:00,0.0
2011-04-22 05:33:36-04:00,0.0
2011-04-22 05:33:39-04:00,0.0
2011-04-22 05:33:42-04:00,0.0
2011-04-22 05:33:45-04:00,0.0
2011-04-22 05:33:48-04:00,0.0
2011-04-22 05:33:51-04:00,0.0
2011-04-22 05:33:54-04:00,0.0
2011-04-22 05:33:57-04:00,0.0
2011-04-22 05:34:00-04:00,0.0
2011-04-22 05:34:03-04:00,0.0
2011-04-22 05:34:06-04:00,0.0
2011-04-22 05:34:09-04:00,0.0
2011-04-22 05:34:12-04:00,0.0
2011-04-22 05:34:15-04:00,0.0
2011-04-22 05:34:18-04:00,0.0
2011-04-22 05:34:21-04:00,0.0
2011-04-22 05:34:24-04:00,0.0
2011-04-22 05:34:27-04:00,0.0
2011-04-22 05:34:30-04:00,0.0
2011-04-22 05:34:33-04:00,0.0
2011-04-22 05:34:36-04:00,0.0
2011-04-22 05:34:39-04:00,0.0
2011-04-22 05:34:42-04:00,0.0
2011-04-22 05:34:45-04:00,0.0
2011-04-22 05:34:48-04:00,0.0
2011-04-22 05:34:51-04:00,0.0
2011-04-22 05:34:54-04:00,0.0
2011-04-22 05:34:57-04:00,0.0
2011-04-22 05:35:00-04:00,0.0
2011-04-22 05:35:03-04:00,0.0
2011-04-22 05:35:06-04:00,0.0
2011-04-22 05:35:09-04:00,0.0
2011-04-22 05:35:12-04:00,0.0
2011-04-22 05:35:15-04:00,0.0
2011-04-22 05:35:18-04:00,0.0
2011-04-22 05:35:21-04:00,0.0
2011-04-22 05:35:24-04:00,0.0
2011-04-22 05:35:27-04:00,0.0
2011-04-22 05:35:30-04:00,0.0
2011-04-22 05:35:33-04:00,0.0
2011-04-22 05:35:36-04:00,0.0
2011-04-22 05:35:39-04:00,0.0
2011-04-22 05:35:42-04:00,0.0
2011-04-22 05:35:45-04:00,0.0
2011-04-22 05:35:48-04:00,0.0
2011-04-22 05:35:51-04:00,0.0
2011-04-22 05:35:54-04:00,0.0
2011-04-22 05:35:57-04:00,0.0
2011-04-22 05:36:00-04:00,0.0
2011-04-22 05:36:03-04:00,0.0
2011-04-22 05:36:06-04:00,0.0
2011-04-22 05:36:09-04:00,0.0
2011-04-22 05:36:12-04:00,0.0
2011-04-22 05:36:15-04:00,0.0
2011-04-22 05:36:18-04:00,0.0
2011-04-22 05:36:21-04:00,0.0
2011-04-22 05:36:24-04:00,0.0
2011-04-22 05:36:27-04:00,0.0
2011-04-22 05:36:30-04:00,0.0
2011-04-22 05:36:33-04:00,0.0
2011-04-22 05:36:36-04:00,0.0
2011-04-22 05:36:39-04:00,0.0
2011-04-22 05:36:42-04:00,0.0
2011-04-22 05:36:45-04:00,0.0
2011-04-22 05:36:48-04:00,0.0
2011-04-22 05:36:51-04:00,0.0
2011-04-22 05:36:54-04:00,0.0
2011-04-22 05:36:57-04:00,0.0
2011-04-22 05:37:00-04:00,0.0
2011-04-22 05:37:03-04:00,0.0
2011-04-22 05:37:06-04:00,0.0
2011-04-22 05:37:09-04:00,0.0
2011-04-22 05:37:12-04:00,0.0
2011-04-22 05:37:15-04:00,0.0
2011-04-22 05:37:18-04:00,0.0
2011-04-22 05:37:21-04:00,0.0
2011-04-22 05:37:24-04:00,0.0
2011-04-22 05:37:27-04:00,0.0
2011-04-22 05:37:30-04:00,0.0
2011-04-22 05:37:33-04:00,0.0
2011-04-22 05:37:36-04:00,0.0
2011-04-22 05:37:39-04:00,0.0
2011-04-22 05:37:42-04:00,0.0
2011-04-22 05:37:45-04:00,0.0
2011-04-22 05:37:48-04:00,0.0
2011-04-22 05:37:51-04:00,0.0
2011-04-22 05:37:54-04:00,0.0
2011-04-22 05:37:57-04:00,0.0
2011-04-22 05:38:00-04:00,0.0
2011-04-22 05:38:03-04:00,0.0
2011-04-22 05:38:06-04:00,0.0
2011-04-22 05:38:09-04:00,0.0
2011-04-22 05:38:12-04:00,0.0
2011-04-22 05:38:15-04:00,0.0
2011-04-22 05:38:18-04:00,0.0
2011-04-22 05:38:21-04:00,0.0
2011-04-22 05:38:24-04:00,0.0
2011-04-22 05:38:27-04:00,0.0
2011-04-22 05:38:30-04:00,0.0
2011-04-22 05:38:33-04:00,0.0
2011-04-22 05:38:36-04:00,0.0
2011-04-22 05:38:39-04:00,0.0
2011-04-22 05:38:42-04:00,0.0
2011-04-22 05:38:45-04:00,0.0
2011-04-22 05:38:48-04:00,0.0
2011-04-22 05:38:51-04:00,0.0
2011-04-22 05:38:54-04:00,0.0
2011-04-22 05:38:57-04:00,0.0
2011-04-22 05:39:00-04:00,0.0
2011-04-22 05:39:03-04:00,0.0
2011-04-22 05:39:06-04:00,0.0
2011-04-22 05:39:09-04:00,0.0
2011-04-22 05:39:12-04:00,0.0
2011-04-22 05:39:15-04:00,0.0
2011-04-22 05:39:18-04:00,0.0
2011-04-22 05:39:21-04:00,0.0
2011-04-22 05:39:24-04:00,0.0
2011-04-22 05:39:27-04:00,0.0
2011-04-22 05:39:30-04:00,0.0
2011-04-22 05:39:33-04:00,0.0
2011-04-22 05:39:36-04:00,0.0
2011-04-22 05:39:39-04:00,0.0
2011-04-22 05:39:42-04:00,0.0
2011-04-22 05:39:45-04:00,0.0
2011-04-22 05:39:48-04:00,0.0
2011-04-22 05:39:51-04:00,0.0
2011-04-22 05:39:54-04:00,0.0
2011-04-22 05:39:57-04:00,0.0
2011-04-22 05:40:00-04:00,0.0
2011-04-22 05:40:03-04:00,0.0
2011-04-22 05:40:06-04:00,0.0
2011-04-22 05:40:09-04:00,0.0
2011-04-22 05:40:12-04:00,0.0
2011-04-22 05:40:15-04:00,0.0
2011-04-22 05:40:18-04:00,0.0
2011-04-22 05:40:21-04:00,0.0
2011-04-22 05:40:24-04:00,0.0
2011-04-22 05:40:27-04:00,0.0
2011-04-22 05:40:30-04:00,0.0
2011-04-22 05:40:33-04:00,0.0
2011-04-22 05:40:36-04:00,0.0
2011-04-22 05:40:39-04:00,0.0
2011-04-22 05:40:42-04:00,0.0
2011-04-22 05:40:45-04:00,0.0
2011-04-22 05:40:48-04:00,0.0
2011-04-22 05:40:51-04:00,0.0
2011-04-22 05:40:54-04:00,0.0
2011-04-22 05:40:57-04:00,0.0
2011-04-22 05:41:00-04:00,0.0
2011-04-22 05:41:03-04:00,0.0
2011-04-22 05:41:06-04:00,0.0
2011-04-22 05:41:09-04:00,0.0
2011-04-22 05:41:12-04:00,0.0
2011-04-22 05:41:15-04:00,0.0
2011-04-22 05:41:18-04:00,0.0
2011-04-22 05:41:21-04:00,0.0
2011-04-22 05:41:24-04:00,0.0
2011-04-22 05:41:27-04:00,0.0
2011-04-22 05:41:30-04:00,0.0
2011-04-22 05:41:33-04:00,0.0
2011-04-22 05:41:36-04:00,0.0
2011-04-22 05:41:39-04:00,0.0
2011-04-22 05:41:42-04:00,0.0
2011-04-22 05:41:45-04:00,0.0
2011-04-22 05:41:48-04:00,0.0
2011-04-22 05:41:51-04:00,0.0
2011-04-22 05:41:54-04:00,0.0
2011-04-22 05:41:57-04:00,0.0
2011-04-22 05:42:00-04:00,0.0
2011-04-22 05:42:03-04:00,0.0
2011-04-22 05:42:06-04:00,0.0
2011-04-22 05:42:09-04:00,0.0
2011-04-22 05:42:12-04:00,0.0
2011-04-22 05:42:15-04:00,0.0
2011-04-22 05:42:18-04:00,0.0
2011-04-22 05:42:21-04:00,0.0
2011-04-22 05:42:24-04:00,0.0
2011-04-22 05:42:27-04:00,0.0
2011-04-22 05:42:30-04:00,0.0
2011-04-22 05:42:33-04:00,0.0
2011-04-22 05:42:36-04:00,0.0
2011-04-22 05:42:39-04:00,0.0
2011-04-22 05:42:42-04:00,0.0
2011-04-22 05:42:45-04:00,0.0
2011-04-22 05:42:48-04:00,0.0
2011-04-22 05:42:51-04:00,0.0
2011-04-22 05:42:54-04:00,0.0
2011-04-22 05:42:57-04:00,0.0
2011-04-22 05:43:00-04:00,0.0
2011-04-22 05:43:03-04:00,0.0
2011-04-22 05:43:06-04:00,0.0
2011-04-22 05:43:09-04:00,0.0
2011-04-22 05:43:12-04:00,0.0
2011-04-22 05:43:15-04:00,0.0
2011-04-22 05:43:18-04:00,0.0
2011-04-22 05:43:21-04:00,0.0
2011-04-22 05:43:24-04:00,0.0
2011-04-22 05:43:27-04:00,0.0
2011-04-22 05:43:30-04:00,0.0
2011-04-22 05:43:33-04:00,0.0
2011-04-22 05:43:36-04:00,0.0
2011-04-22 05:43:39-04:00,0.0
2011-04-22 05:43:42-04:00,0.0
2011-04-22 05:43:45-04:00,0.0
2011-04-22 05:43:48-04:00,0.0
2011-04-22 05:43:51-04:00,0.0
2011-04-22 05:43:54-04:00,0.0
2011-04-22 05:43:57-04:00,0.0
2011-04-22 05:44:00-04:00,0.0
2011-04-22 05:44:03-04:00,0.0
2011-04-22 05:44:06-04:00,0.0
2011-04-22 05:44:09-04:00,0.0
2011-04-22 05:44:12-04:00,0.0
2011-04-22 05:44:15-04:00,0.0
2011-04-22 05:44:18-04:00,0.0
2011-04-22 05:44:21-04:00,0.0
2011-04-22 05:44:24-04:00,0.0
2011-04-22 05:44:27-04:00,0.0
2011-04-22 05:44:30-04:00,0.0
2011-04-22 05:44:33-04:00,0.0
2011-04-22 05:44:36-04:00,0.0
2011-04-22 05:44:39-04:00,0.0
2011-04-22 05:44:42-04:00,0.0
2011-04-22 05:44:45-04:00,0.0
2011-04-22 05:44:48-04:00,0.0
2011-04-22 05:44:51-04:00,0.0
2011-04-22 05:44:54-04:00,0.0
2011-04-22 05:44:57-04:00,0.0
2011-04-22 05:45:00-04:00,0.0
2011-04-22 05:45:03-04:00,0.0
2011-04-22 05:45:06-04:00,0.0
2011-04-22 05:45:09-04:00,0.0
2011-04-22 05:45:12-04:00,0.0
2011-04-22 05:45:15-04:00,0.0
2011-04-22 05:45:18-04:00,0.0
2011-04-22 05:45:21-04:00,0.0
2011-04-22 05:45:24-04:00,0.0
2011-04-22 05:45:27-04:00,0.0
2011-04-22 05:45:30-04:00,0.0
2011-04-22 05:45:33-04:00,0.0
2011-04-22 05:45:36-04:00,0.0
2011-04-22 05:45:39-04:00,0.0
2011-04-22 05:45:42-04:00,0.0
2011-04-22 05:45:45-04:00,0.0
2011-04-22 05:45:48-04:00,0.0
2011-04-22 05:45:51-04:00,0.0
2011-04-22 05:45:54-04:00,0.0
2011-04-22 05:45:57-04:00,0.0
2011-04-22 05:46:00-04:00,0.0
2011-04-22 05:46:03-04:00,0.0
2011-04-22 05:46:06-04:00,0.0
2011-04-22 05:46:09-04:00,0.0
2011-04-22 05:46:12-04:00,0.0
2011-04-22 05:46:15-04:00,0.0
2011-04-22 05:46:18-04:00,0.0
2011-04-22 05:46:21-04:00,0.0
2011-04-22 05:46:24-04:00,0.0
2011-04-22 05:46:27-04:00,0.0
2011-04-22 05:46:30-04:00,0.0
2011-04-22 05:46:33-04:00,0.0
2011-04-22 05:46:36-04:00,0.0
2011-04-22 05:46:39-04:00,0.0
2011-04-22 05:46:42-04:00,0.0
2011-04-22 05:46:45-04:00,0.0
2011-04-22 05:46:48-04:00,0.0
2011-04-22 05:46:51-04:00,0.0
2011-04-22 05:46:54-04:00,0.0
2011-04-22 05:46:57-04:00,0.0
2011-04-22 05:47:00-04:00,0.0
2011-04-22 05:47:03-04:00,0.0
2011-04-22 05:47:06-04:00,0.0
2011-04-22 05:47:09-04:00,0.0
2011-04-22 05:47:12-04:00,0.0
2011-04-22 05:47:15-04:00,0.0
2011-04-22 05:47:18-04:00,0.0
2011-04-22 05:47:21-04:00,0.0
2011-04-22 05:47:24-04:00,0.0
2011-04-22 05:47:27-04:00,0.0
2011-04-22 05:47:30-04:00,0.0
2011-04-22 05:47:33-04:00,0.0
2011-04-22 05:47:36-04:00,0.0
2011-04-22 05:47:39-04:00,0.0
2011-04-22 05:47:42-04:00,0.0
2011-04-22 05:47:45-04:00,0.0
2011-04-22 05:47:48-04:00,0.0
2011-04-22 05:47:51-04:00,0.0
2011-04-22 05:47:54-04:00,0.0
2011-04-22 05:47:57-04:00,0.0
2011-04-22 05:48:00-04:00,0.0
2011-04-22 05:48:03-04:00,0.0
2011-04-22 05:48:06-04:00,0.0
2011-04-22 05:48:09-04:00,0.0
2011-04-22 05:48:12-04:00,0.0
2011-04-22 05:48:15-04:00,0.0
2011-04-22 05:48:18-04:00,0.0
2011-04-22 05:48:21-04:00,0.0
2011-04-22 05:48:24-04:00,0.0
2011-04-22 05:48:27-04:00,0.0
2011-04-22 05:48:30-04:00,0.0
2011-04-22 05:48:33-04:00,0.0
2011-04-22 05:48:36-04:00,0.0
2011-04-22 05:48:39-04:00,0.0
2011-04-22 05:48:42-04:00,0.0
2011-04-22 05:48:45-04:00,0.0
2011-04-22 05:48:48-04:00,0.0
2011-04-22 05:48:51-04:00,0.0
2011-04-22 05:48:54-04:00,0.0
2011-04-22 05:48:57-04:00,0.0
2011-04-22 05:49:00-04:00,0.0
2011-04-22 05:49:03-04:00,0.0
2011-04-22 05:49:06-04:00,0.0
2011-04-22 05:49:09-04:00,0.0
2011-04-22 05:49:12-04:00,0.0
2011-04-22 05:49:15-04:00,0.0
2011-04-22 05:49:18-04:00,0.0
2011-04-22 05:49:21-04:00,0.0
2011-04-22 05:49:24-04:00,0.0
2011-04-22 05:49:27-04:00,0.0
2011-04-22 05:49:30-04:00,0.0
2011-04-22 05:49:33-04:00,0.0
2011-04-22 05:49:36-04:00,0.0
2011-04-22 05:49:39-04:00,0.0
2011-04-22 05:49:42-04:00,0.0
2011-04-22 05:49:45-04:00,0.0
2011-04-22 05:49:48-04:00,0.0
2011-04-22 05:49:51-04:00,0.0
2011-04-22 05:49:54-04:00,0.0
2011-04-22 05:49:57-04:00,0.0
2011-04-22 05:50:00-04:00,0.0
2011-04-22 05:50:03-04:00,0.0
2011-04-22 05:50:06-04:00,0.0
2011-04-22 05:50:09-04:00,0.0
2011-04-22 05:50:12-04:00,0.0
2011-04-22 05:50:15-04:00,0.0
2011-04-22 05:50:18-04:00,0.0
2011-04-22 05:50:21-04:00,0.0
2011-04-22 05:50:24-04:00,0.0
2011-04-22 05:50:27-04:00,0.0
2011-04-22 05:50:30-04:00,0.0
2011-04-22 05:50:33-04:00,0.0
2011-04-22 05:50:36-04:00,0.0
2011-04-22 05:50:39-04:00,0.0
2011-04-22 05:50:42-04:00,0.0
2011-04-22 05:50:45-04:00,0.0
2011-04-22 05:50:48-04:00,0.0
2011-04-22 05:50:51-04:00,0.0
2011-04-22 05:50:54-04:00,0.0
2011-04-22 05:50:57-04:00,0.0
2011-04-22 05:51:00-04:00,0.0
2011-04-22 05:51:03-04:00,0.0
2011-04-22 05:51:06-04:00,0.0
2011-04-22 05:51:09-04:00,0.0
2011-04-22 05:51:12-04:00,0.0
2011-04-22 05:51:15-04:00,0.0
2011-04-22 05:51:18-04:00,0.0
2011-04-22 05:51:21-04:00,0.0
2011-04-22 05:51:24-04:00,0.0
2011-04-22 05:51:27-04:00,0.0
2011-04-22 05:51:30-04:00,0.0
2011-04-22 05:51:33-04:00,0.0
2011-04-22 05:51:36-04:00,0.0
2011-04-22 05:51:39-04:00,0.0
2011-04-22 05:51:42-04:00,0.0
2011-04-22 05:51:45-04:00,0.0
2011-04-22 05:51:48-04:00,0.0
2011-04-22 05:51:51-04:00,0.0
2011-04-22 05:51:54-04:00,0.0
2011-04-22 05:51:57-04:00,0.0
2011-04-22 05:52:00-04:00,0.0
2011-04-22 05:52:03-04:00,0.0
2011-04-22 05:52:06-04:00,0.0
2011-04-22 05:52:09-04:00,0.0
2011-04-22 05:52:12-04:00,0.0
2011-04-22 05:52:15-04:00,0.0
2011-04-22 05:52:18-04:00,0.0
2011-04-22 05:52:21-04:00,0.0
2011-04-22 05:52:24-04:00,0.0
2011-04-22 05:52:27-04:00,0.0
2011-04-22 05:52:30-04:00,0.0
2011-04-22 05:52:33-04:00,0.0
2011-04-22 05:52:36-04:00,0.0
2011-04-22 05:52:39-04:00,0.0
2011-04-22 05:52:42-04:00,0.0
2011-04-22 05:52:45-04:00,0.0
2011-04-22 05:52:48-04:00,0.0
2011-04-22 05:52:51-04:00,0.0
2011-04-22 05:52:54-04:00,0.0
2011-04-22 05:52:57-04:00,0.0
2011-04-22 05:53:00-04:00,0.0
2011-04-22 05:53:03-04:00,0.0
2011-04-22 05:53:06-04:00,0.0
2011-04-22 05:53:09-04:00,0.0
2011-04-22 05:53:12-04:00,0.0
2011-04-22 05:53:15-04:00,0.0
2011-04-22 05:53:18-04:00,0.0
2011-04-22 05:53:21-04:00,0.0
2011-04-22 05:53:24-04:00,0.0
2011-04-22 05:53:27-04:00,0.0
2011-04-22 05:53:30-04:00,0.0
2011-04-22 05:53:33-04:00,0.0
2011-04-22 05:53:36-04:00,0.0
2011-04-22 05:53:39-04:00,0.0
2011-04-22 05:53:42-04:00,0.0
2011-04-22 05:53:45-04:00,0.0
2011-04-22 05:53:48-04:00,0.0
2011-04-22 05:53:51-04:00,0.0
2011-04-22 05:53:54-04:00,0.0
2011-04-22 05:53:57-04:00,0.0
2011-04-22 05:54:00-04:00,0.0
2011-04-22 05:54:03-04:00,0.0
2011-04-22 05:54:06-04:00,0.0
2011-04-22 05:54:09-04:00,0.0
2011-04-22 05:54:12-04:00,0.0
2011-04-22 05:54:15-04:00,0.0
2011-04-22 05:54:18-04:00,0.0
2011-04-22 05:54:21-04:00,0.0
2011-04-22 05:54:24-04:00,0.0
2011-04-22 05:54:27-04:00,0.0
2011-04-22 05:54:30-04:00,0.0
2011-04-22 05:54:33-04:00,0.0
2011-04-22 05:54:36-04:00,0.0
2011-04-22 05:54:39-04:00,0.0
2011-04-22 05:54:42-04:00,0.0
2011-04-22 05:54:45-04:00,0.0
2011-04-22 05:54:48-04:00,0.0
2011-04-22 05:54:51-04:00,0.0
2011-04-22 05:54:54-04:00,0.0
2011-04-22 05:54:57-04:00,0.0
2011-04-22 05:55:00-04:00,0.0
2011-04-22 05:55:03-04:00,0.0
2011-04-22 05:55:06-04:00,0.0
2011-04-22 05:55:09-04:00,0.0
2011-04-22 05:55:12-04:00,0.0
2011-04-22 05:55:15-04:00,0.0
2011-04-22 05:55:18-04:00,0.0
2011-04-22 05:55:21-04:00,0.0
2011-04-22 05:55:24-04:00,0.0
2011-04-22 05:55:27-04:00,0.0
2011-04-22 05:55:30-04:00,0.0
2011-04-22 05:55:33-04:00,0.0
2011-04-22 05:55:36-04:00,0.0
2011-04-22 05:55:39-04:00,0.0
2011-04-22 05:55:42-04:00,0.0
2011-04-22 05:55:45-04:00,0.0
2011-04-22 05:55:48-04:00,0.0
2011-04-22 05:55:51-04:00,0.0
2011-04-22 05:55:54-04:00,0.0
2011-04-22 05:55:57-04:00,0.0
2011-04-22 05:56:00-04:00,0.0
2011-04-22 05:56:03-04:00,0.0
2011-04-22 05:56:06-04:00,0.0
2011-04-22 05:56:09-04:00,0.0
2011-04-22 05:56:12-04:00,0.0
2011-04-22 05:56:15-04:00,0.0
2011-04-22 05:56:18-04:00,0.0
2011-04-22 05:56:21-04:00,0.0
2011-04-22 05:56:24-04:00,0.0
2011-04-22 05:56:27-04:00,0.0
2011-04-22 05:56:30-04:00,0.0
2011-04-22 05:56:33-04:00,0.0
2011-04-22 05:56:36-04:00,0.0
2011-04-22 05:56:39-04:00,0.0
2011-04-22 05:56:42-04:00,0.0
2011-04-22 05:56:45-04:00,0.0
2011-04-22 05:56:48-04:00,0.0
2011-04-22 05:56:51-04:00,0.0
2011-04-22 05:56:54-04:00,0.75
2011-04-22 05:56:57-04:00,1.0
2011-04-22 05:57:00-04:00,1.0
2011-04-22 05:57:03-04:00,1.0
2011-04-22 05:57:06-04:00,1.0
2011-04-22 05:57:09-04:00,1.0
2011-04-22 05:57:12-04:00,1.0
2011-04-22 05:57:15-04:00,1.0
2011-04-22 05:57:18-04:00,1.0
2011-04-22 05:57:21-04:00,1.0
2011-04-22 05:57:24-04:00,1.0
2011-04-22 05:57:27-04:00,1.125
2011-04-22 05:57:30-04:00,1.5
2011-04-22 05:57:33-04:00,1.875
2011-04-22 05:57:36-04:00,2.0
2011-04-22 05:57:39-04:00,2.0
2011-04-22 05:57:42-04:00,2.0
2011-04-22 05:57:45-04:00,2.0
2011-04-22 05:57:48-04:00,2.0
2011-04-22 05:57:51-04:00,2.0
2011-04-22 05:57:54-04:00,2.0
2011-04-22 05:57:57-04:00,2.0
2011-04-22 05:58:00-04:00,2.0
2011-04-22 05:58:03-04:00,2.0
2011-04-22 05:58:06-04:00,2.0
2011-04-22 05:58:09-04:00,1.6666666666666667
2011-04-22 05:58:12-04:00,1.0
2011-04-22 05:58:15-04:00,1.0
2011-04-22 05:58:18-04:00,1.0
2011-04-22 05:58:21-04:00,1.0
2011-04-22 05:58:24-04:00,1.0
2011-04-22 05:58:27-04:00,1.4444444444444444
2011-04-22 05:58:30-04:00,2.111111111111111
2011-04-22 05:58:33-04:00,2.7777777777777777
2011-04-22 05:58:36-04:00,2.5
2011-04-22 05:58:39-04:00,2.0
2011-04-22 05:58:42-04:00,2.0
2011-04-22 05:58:45-04:00,2.0
2011-04-22 05:58:48-04:00,2.0
2011-04-22 05:58:51-04:00,2.0
2011-04-22 05:58:54-04:00,2.0
2011-04-22 05:58:57-04:00,2.0
2011-04-22 05:59:00-04:00,2.0
2011-04-22 05:59:03-04:00,2.0
2011-04-22 05:59:06-04:00,2.0
2011-04-22 05:59:09-04:00,2.0
2011-04-22 05:59:12-04:00,2.0
2011-04-22 05:59:15-04:00,2.0
2011-04-22 05:59:18-04:00,2.0
2011-04-22 05:59:21-04:00,2.0
2011-04-22 05:59:24-04:00,2.0
2011-04-22 05:59:27-04:00,2.0
2011-04-22 05:59:30-04:00,2.0
2011-04-22 05:59:33-04:00,2.0
2011-04-22 05:59:36-04:00,2.0
2011-04-22 05:59:39-04:00,2.0
2011-04-22 05:59:42-04:00,2.0
2011-04-22 05:59:45-04:00,2.0
2011-04-22 05:59:48-04:00,2.0
2011-04-22 05:59:51-04:00,2.0
2011-04-22 05:59:54-04:00,2.0
2011-04-22 05:59:57-04:00,2.0
2011-04-22 06:00:00-04:00,2.0
2011-04-22 06:00:03-04:00,2.0
2011-04-22 06:00:06-04:00,2.0
2011-04-22 06:00:09-04:00,2.0
2011-04-22 06:00:12-04:00,2.0
2011-04-22 06:00:15-04:00,2.0
2011-04-22 06:00:18-04:00,2.0
2011-04-22 06:00:21-04:00,2.0
2011-04-22 06:00:24-04:00,2.0
2011-04-22 06:00:27-04:00,2.0
2011-04-22 06:00:30-04:00,2.0
2011-04-22 06:00:33-04:00,2.0
2011-04-22 06:00:36-04:00,2.0
2011-04-22 06:00:39-04:00,2.0
2011-04-22 06:00:42-04:00,2.0
2011-04-22 06:00:45-04:00,2.0
2011-04-22 06:00:48-04:00,2.0
2011-04-22 06:00:51-04:00,2.0
2011-04-22 06:00:54-04:00,2.0
2011-04-22 06:00:57-04:00,2.0
2011-04-22 06:01:00-04:00,2.0
2011-04-22 06:01:03-04:00,2.0
2011-04-22 06:01:06-04:00,2.0
2011-04-22 06:01:09-04:00,2.0
2011-04-22 06:01:12-04:00,2.0
2011-04-22 06:01:15-04:00,2.0
2011-04-22 06:01:18-04:00,2.0
2011-04-22 06:01:21-04:00,2.0
2011-04-22 06:01:24-04:00,2.0
2011-04-22 06:01:27-04:00,2.0
2011-04-22 06:01:30-04:00,2.0
2011-04-22 06:01:33-04:00,2.0
2011-04-22 06:01:36-04:00,2.0
2011-04-22 06:01:39-04:00,2.0
2011-04-22 06:01:42-04:00,2.0
2011-04-22 06:01:45-04:00,2.0
2011-04-22 06:01:48-04:00,2.0
2011-04-22 06:01:51-04:00,2.0
2011-04-22 06:01:54-04:00,2.0
2011-04-22 06:01:57-04:00,2.0
2011-04-22 06:02:00-04:00,2.0
2011-04-22 06:02:03-04:00,2.0
2011-04-22 06:02:06-04:00,2.0
2011-04-22 06:02:09-04:00,2.0
2011-04-22 06:02:12-04:00,2.0
2011-04-22 06:02:15-04:00,2.0
2011-04-22 06:02:18-04:00,2.0
2011-04-22 06:02:21-04:00,2.0
2011-04-22 06:02:24-04:00,2.0
2011-04-22 06:02:27-04:00,2.0
2011-04-22 06:02:30-04:00,2.0
2011-04-22 06:02:33-04:00,2.0
2011-04-22 06:02:36-04:00,2.0
2011-04-22 06:02:39-04:00,2.0
2011-04-22 06:02:42-04:00,2.0
2011-04-22 06:02:45-04:00,2.0
2011-04-22 06:02:48-04:00,2.0
2011-04-22 06:02:51-04:00,2.0
2011-04-22 06:02:54-04:00,2.0
2011-04-22 06:02:57-04:00,2.0
2011-04-22 06:03:00-04:00,2.0
2011-04-22 06:03:03-04:00,2.0
2011-04-22 06:03:06-04:00,2.0
2011-04-22 06:03:09-04:00,2.0
2011-04-22 06:03:12-04:00,2.0
2011-04-22 06:03:15-04:00,2.0
2011-04-22 06:03:18-04:00,2.0
2011-04-22 06:03:21-04:00,2.0
2011-04-22 06:03:24-04:00,2.0
2011-04-22 06:03:27-04:00,2.0
2011-04-22 06:03:30-04:00,2.0
2011-04-22 06:03:33-04:00,2.0
2011-04-22 06:03:36-04:00,2.0
2011-04-22 06:03:39-04:00,2.0
2011-04-22 06:03:42-04:00,2.0
2011-04-22 06:03:45-04:00,2.0
2011-04-22 06:03:48-04:00,2.0
2011-04-22 06:03:51-04:00,1.3333333333333335
2011-04-22 06:03:54-04:00,1.0
2011-04-22 06:03:57-04:00,1.5
2011-04-22 06:04:00-04:00,1.6666666666666667
2011-04-22 06:04:03-04:00,1.0
2011-04-22 06:04:06-04:00,1.0
2011-04-22 06:04:09-04:00,2.0
2011-04-22 06:04:12-04:00,1.0
2011-04-22 06:04:15-04:00,1.75
2011-04-22 06:04:18-04:00,1.3333333333333335
2011-04-22 06:04:21-04:00,1.5
2011-04-22 06:04:24-04:00,1.6666666666666667
2011-04-22 06:04:27-04:00,1.0
2011-04-22 06:04:30-04:00,1.0
2011-04-22 06:04:33-04:00,1.0
2011-04-22 06:04:36-04:00,1.0
2011-04-22 06:04:39-04:00,1.0
2011-04-22 06:04:42-04:00,1.0
2011-04-22 06:04:45-04:00,1.0
2011-04-22 06:04:48-04:00,1.0
2011-04-22 06:04:51-04:00,1.0
2011-04-22 06:04:54-04:00,1.0
2011-04-22 06:04:57-04:00,1.0
2011-04-22 06:05:00-04:00,1.25
2011-04-22 06:05:03-04:00,2.0
2011-04-22 06:05:06-04:00,1.0
2011-04-22 06:05:09-04:00,1.0
2011-04-22 06:05:12-04:00,1.6666666666666665
2011-04-22 06:05:15-04:00,2.0
2011-04-22 06:05:18-04:00,1.5
2011-04-22 06:05:21-04:00,1.3333333333333333
2011-04-22 06:05:24-04:00,1.6666666666666667
2011-04-22 06:05:27-04:00,1.1111111111111112
2011-04-22 06:05:30-04:00,1.4444444444444444
2011-04-22 06:05:33-04:00,1.7777777777777777
2011-04-22 06:05:36-04:00,2.0
2011-04-22 06:05:39-04:00,2.0
2011-04-22 06:05:42-04:00,1.0
2011-04-22 06:05:45-04:00,1.0
2011-04-22 06:05:48-04:00,1.0
2011-04-22 06:05:51-04:00,1.0
2011-04-22 06:05:54-04:00,1.0
2011-04-22 06:05:57-04:00,1.0
2011-04-22 06:06:00-04:00,0.75
2011-04-22 06:06:03-04:00,0.0
2011-04-22 06:06:06-04:00,0.0
2011-04-22 06:06:09-04:00,0.0
2011-04-22 06:06:12-04:00,0.0
2011-04-22 06:06:15-04:00,0.0
2011-04-22 06:06:18-04:00,0.0
2011-04-22 06:06:21-04:00,0.0
2011-04-22 06:06:24-04:00,0.0
2011-04-22 06:06:27-04:00,0.0
2011-04-22 06:06:30-04:00,0.0
2011-04-22 06:06:33-04:00,0.0
2011-04-22 06:06:36-04:00,0.0
2011-04-22 06:06:39-04:00,0.0
2011-04-22 06:06:42-04:00,0.0
2011-04-22 06:06:45-04:00,0.0
2011-04-22 06:06:48-04:00,0.0
2011-04-22 06:06:51-04:00,0.0
2011-04-22 06:06:54-04:00,0.0
2011-04-22 06:06:57-04:00,0.0
2011-04-22 06:07:00-04:00,0.0
2011-04-22 06:07:03-04:00,0.0
2011-04-22 06:07:06-04:00,0.0
2011-04-22 06:07:09-04:00,0.0
2011-04-22 06:07:12-04:00,0.0
2011-04-22 06:07:15-04:00,0.0
2011-04-22 06:07:18-04:00,0.0
2011-04-22 06:07:21-04:00,0.0
2011-04-22 06:07:24-04:00,0.0
2011-04-22 06:07:27-04:00,0.0
2011-04-22 06:07:30-04:00,0.0
2011-04-22 06:07:33-04:00,0.0
2011-04-22 06:07:36-04:00,0.0
2011-04-22 06:07:39-04:00,0.0
2011-04-22 06:07:42-04:00,0.0
2011-04-22 06:07:45-04:00,0.0
2011-04-22 06:07:48-04:00,0.0
2011-04-22 06:07:51-04:00,0.0
2011-04-22 06:07:54-04:00,0.0
2011-04-22 06:07:57-04:00,0.0
2011-04-22 06:08:00-04:00,0.0
2011-04-22 06:08:03-04:00,0.0
2011-04-22 06:08:06-04:00,0.0
2011-04-22 06:08:09-04:00,0.0
2011-04-22 06:08:12-04:00,0.0
2011-04-22 06:08:15-04:00,0.0
2011-04-22 06:08:18-04:00,0.0
2011-04-22 06:08:21-04:00,0.0
2011-04-22 06:08:24-04:00,0.0
2011-04-22 06:08:27-04:00,0.0
2011-04-22 06:08:30-04:00,0.0
2011-04-22 06:08:33-04:00,0.0
2011-04-22 06:08:36-04:00,0.0
2011-04-22 06:08:39-04:00,0.0
2011-04-22 06:08:42-04:00,0.0
2011-04-22 06:08:45-04:00,0.0
2011-04-22 06:08:48-04:00,0.0
2011-04-22 06:08:51-04:00,0.0
2011-04-22 06:08:54-04:00,0.0
2011-04-22 06:08:57-04:00,0.0
2011-04-22 06:09:00-04:00,0.0
2011-04-22 06:09:03-04:00,0.0
2011-04-22 06:09:06-04:00,0.0
2011-04-22 06:09:09-04:00,0.0
2011-04-22 06:09:12-04:00,0.0
2011-04-22 06:09:15-04:00,0.0
2011-04-22 06:09:18-04:00,0.0
2011-04-22 06:09:21-04:00,0.0
2011-04-22 06:09:24-04:00,0.0
2011-04-22 06:09:27-04:00,0.0
2011-04-22 06:09:30-04:00,0.0
2011-04-22 06:09:33-04:00,0.0
2011-04-22 06:09:36-04:00,0.0
2011-04-22 06:09:39-04:00,0.0
2011-04-22 06:09:42-04:00,0.0
2011-04-22 06:09:45-04:00,0.0
2011-04-22 06:09:48-04:00,0.0
2011-04-22 06:09:51-04:00,0.0
2011-04-22 06:09:54-04:00,0.0
2011-04-22 06:09:57-04:00,0.0
2011-04-22 06:10:00-04:00,0.0
2011-04-22 06:10:03-04:00,0.0
2011-04-22 06:10:06-04:00,0.0
2011-04-22 06:10:09-04:00,0.0
2011-04-22 06:10:12-04:00,0.0
2011-04-22 06:10:15-04:00,0.0
2011-04-22 06:10:18-04:00,0.0
2011-04-22 06:10:21-04:00,0.0
2011-04-22 06:10:24-04:00,0.0
2011-04-22 06:10:27-04:00,0.0
2011-04-22 06:10:30-04:00,0.0
2011-04-22 06:10:33-04:00,0.0
2011-04-22 06:10:36-04:00,0.0
2011-04-22 06:10:39-04:00,0.0
2011-04-22 06:10:42-04:00,0.0
2011-04-22 06:10:45-04:00,0.0
2011-04-22 06:10:48-04:00,0.0
2011-04-22 06:10:51-04:00,0.0
2011-04-22 06:10:54-04:00,0.0
2011-04-22 06:10:57-04:00,0.0
2011-04-22 06:11:00-04:00,0.0
2011-04-22 06:11:03-04:00,0.0
2011-04-22 06:11:06-04:00,0.0
2011-04-22 06:11:09-04:00,0.0
2011-04-22 06:11:12-04:00,0.0
2011-04-22 06:11:15-04:00,0.0
2011-04-22 06:11:18-04:00,0.0
2011-04-22 06:11:21-04:00,0.0
2011-04-22 06:11:24-04:00,0.0
2011-04-22 06:11:27-04:00,0.0
2011-04-22 06:11:30-04:00,0.0
2011-04-22 06:11:33-04:00,0.0
2011-04-22 06:11:36-04:00,0.0
2011-04-22 06:11:39-04:00,0.0
2011-04-22 06:11:42-04:00,0.0
2011-04-22 06:11:45-04:00,0.0
2011-04-22 06:11:48-04:00,0.0
2011-04-22 06:11:51-04:00,0.0
2011-04-22 06:11:54-04:00,0.0
2011-04-22 06:11:57-04:00,0.0
2011-04-22 06:12:00-04:00,0.0
2011-04-22 06:12:03-04:00,0.0
2011-04-22 06:12:06-04:00,0.0
2011-04-22 06:12:09-04:00,0.0
2011-04-22 06:12:12-04:00,0.0
2011-04-22 06:12:15-04:00,0.0
2011-04-22 06:12:18-04:00,0.0
2011-04-22 06:12:21-04:00,0.0
2011-04-22 06:12:24-04:00,0.0
2011-04-22 06:12:27-04:00,0.0
2011-04-22 06:12:30-04:00,0.0
2011-04-22 06:12:33-04:00,0.0
2011-04-22 06:12:36-04:00,0.0
2011-04-22 06:12:39-04:00,0.0
2011-04-22 06:12:42-04:00,0.0
2011-04-22 06:12:45-04:00,0.0
2011-04-22 06:12:48-04:00,0.0
2011-04-22 06:12:51-04:00,0.0
2011-04-22 06:12:54-04:00,0.0
2011-04-22 06:12:57-04:00,0.0
2011-04-22 06:13:00-04:00,0.0
2011-04-22 06:13:03-04:00,0.0
2011-04-22 06:13:06-04:00,0.0
2011-04-22 06:13:09-04:00,0.0
2011-04-22 06:13:12-04:00,0.0
2011-04-22 06:13:15-04:00,0.0
2011-04-22 06:13:18-04:00,0.0
2011-04-22 06:13:21-04:00,0.0
2011-04-22 06:13:24-04:00,0.0
2011-04-22 06:13:27-04:00,0.0
2011-04-22 06:13:30-04:00,0.0
2011-04-22 06:13:33-04:00,0.0
2011-04-22 06:13:36-04:00,0.0
2011-04-22 06:13:39-04:00,0.0
2011-04-22 06:13:42-04:00,0.0
2011-04-22 06:13:45-04:00,0.0
2011-04-22 06:13:48-04:00,0.0
2011-04-22 06:13:51-04:00,0.0
2011-04-22 06:13:54-04:00,0.0
2011-04-22 06:13:57-04:00,0.0
2011-04-22 06:14:00-04:00,0.0
2011-04-22 06:14:03-04:00,0.0
2011-04-22 06:14:06-04:00,0.0
2011-04-22 06:14:09-04:00,0.0
2011-04-22 06:14:12-04:00,0.0
2011-04-22 06:14:15-04:00,0.0
2011-04-22 06:14:18-04:00,0.0
2011-04-22 06:14:21-04:00,0.0
2011-04-22 06:14:24-04:00,0.0
2011-04-22 06:14:27-04:00,0.0
2011-04-22 06:14:30-04:00,0.0
2011-04-22 06:14:33-04:00,0.0
2011-04-22 06:14:36-04:00,0.0
2011-04-22 06:14:39-04:00,0.0
2011-04-22 06:14:42-04:00,0.0
2011-04-22 06:14:45-04:00,0.0
2011-04-22 06:14:48-04:00,0.0
2011-04-22 06:14:51-04:00,0.0
2011-04-22 06:14:54-04:00,0.0
2011-04-22 06:14:57-04:00,0.0
2011-04-22 06:15:00-04:00,0.0
2011-04-22 06:15:03-04:00,0.0
2011-04-22 06:15:06-04:00,0.0
2011-04-22 06:15:09-04:00,0.0
2011-04-22 06:15:12-04:00,0.0
2011-04-22 06:15:15-04:00,0.0
2011-04-22 06:15:18-04:00,0.0
2011-04-22 06:15:21-04:00,0.0
2011-04-22 06:15:24-04:00,0.0
2011-04-22 06:15:27-04:00,0.0
2011-04-22 06:15:30-04:00,0.0
2011-04-22 06:15:33-04:00,0.0
2011-04-22 06:15:36-04:00,0.0
2011-04-22 06:15:39-04:00,0.0
2011-04-22 06:15:42-04:00,0.0
2011-04-22 06:15:45-04:00,0.0
2011-04-22 06:15:48-04:00,0.0
2011-04-22 06:15:51-04:00,0.0
2011-04-22 06:15:54-04:00,0.0
2011-04-22 06:15:57-04:00,0.0
2011-04-22 06:16:00-04:00,0.0
2011-04-22 06:16:03-04:00,0.0
2011-04-22 06:16:06-04:00,0.0
2011-04-22 06:16:09-04:00,0.0
2011-04-22 06:16:12-04:00,0.0
2011-04-22 06:16:15-04:00,0.0
2011-04-22 06:16:18-04:00,0.0
2011-04-22 06:16:21-04:00,0.0
2011-04-22 06:16:24-04:00,0.0
2011-04-22 06:16:27-04:00,0.0
2011-04-22 06:16:30-04:00,0.0
2011-04-22 06:16:33-04:00,0.0
2011-04-22 06:16:36-04:00,0.0
2011-04-22 06:16:39-04:00,0.0
2011-04-22 06:16:42-04:00,0.0
2011-04-22 06:16:45-04:00,0.0
2011-04-22 06:16:48-04:00,0.0
2011-04-22 06:16:51-04:00,0.0
2011-04-22 06:16:54-04:00,0.0
2011-04-22 06:16:57-04:00,0.0
2011-04-22 06:17:00-04:00,0.0
2011-04-22 06:17:03-04:00,0.0
2011-04-22 06:17:06-04:00,0.0
2011-04-22 06:17:09-04:00,0.0
2011-04-22 06:17:12-04:00,0.0
2011-04-22 06:17:15-04:00,0.0
2011-04-22 06:17:18-04:00,0.0
2011-04-22 06:17:21-04:00,0.0
2011-04-22 06:17:24-04:00,0.0
2011-04-22 06:17:27-04:00,0.0
2011-04-22 06:17:30-04:00,0.0
2011-04-22 06:17:33-04:00,0.0
2011-04-22 06:17:36-04:00,0.0
2011-04-22 06:17:39-04:00,0.0
2011-04-22 06:17:42-04:00,0.0
2011-04-22 06:17:45-04:00,0.0
2011-04-22 06:17:48-04:00,0.0
2011-04-22 06:17:51-04:00,0.0
2011-04-22 06:17:54-04:00,0.0
2011-04-22 06:17:57-04:00,0.0
2011-04-22 06:18:00-04:00,0.0
2011-04-22 06:18:03-04:00,0.0
2011-04-22 06:18:06-04:00,0.0
2011-04-22 06:18:09-04:00,0.0
2011-04-22 06:18:12-04:00,0.0
2011-04-22 06:18:15-04:00,0.0
2011-04-22 06:18:18-04:00,0.0
2011-04-22 06:18:21-04:00,0.0
2011-04-22 06:18:24-04:00,0.0
2011-04-22 06:18:27-04:00,0.0
2011-04-22 06:18:30-04:00,0.0
2011-04-22 06:18:33-04:00,0.0
2011-04-22 06:18:36-04:00,0.0
2011-04-22 06:18:39-04:00,0.0
2011-04-22 06:18:42-04:00,0.0
2011-04-22 06:18:45-04:00,0.0
2011-04-22 06:18:48-04:00,0.0
2011-04-22 06:18:51-04:00,0.0
2011-04-22 06:18:54-04:00,0.0
2011-04-22 06:18:57-04:00,0.0
2011-04-22 06:19:00-04:00,0.0
2011-04-22 06:19:03-04:00,0.0
2011-04-22 06:19:06-04:00,0.0
2011-04-22 06:19:09-04:00,0.0
2011-04-22 06:19:12-04:00,0.0
2011-04-22 06:19:15-04:00,0.0
2011-04-22 06:19:18-04:00,0.0
2011-04-22 06:19:21-04:00,0.0
2011-04-22 06:19:24-04:00,0.0
2011-04-22 06:19:27-04:00,0.0
2011-04-22 06:19:30-04:00,0.0
2011-04-22 06:19:33-04:00,0.0
2011-04-22 06:19:36-04:00,0.0
2011-04-22 06:19:39-04:00,0.0
2011-04-22 06:19:42-04:00,0.0
2011-04-22 06:19:45-04:00,0.0
2011-04-22 06:19:48-04:00,0.0
2011-04-22 06:19:51-04:00,0.0
2011-04-22 06:19:54-04:00,0.0
2011-04-22 06:19:57-04:00,0.0
2011-04-22 06:20:00-04:00,0.0
2011-04-22 06:20:03-04:00,0.0
2011-04-22 06:20:06-04:00,0.0
2011-04-22 06:20:09-04:00,0.0
2011-04-22 06:20:12-04:00,0.0
2011-04-22 06:20:15-04:00,0.0
2011-04-22 06:20:18-04:00,0.0
2011-04-22 06:20:21-04:00,0.0
2011-04-22 06:20:24-04:00,0.0
2011-04-22 06:20:27-04:00,0.0
2011-04-22 06:20:30-04:00,0.0
2011-04-22 06:20:33-04:00,0.0
2011-04-22 06:20:36-04:00,0.0
2011-04-22 06:20:39-04:00,0.0
2011-04-22 06:20:42-04:00,0.0
2011-04-22 06:20:45-04:00,0.0
2011-04-22 06:20:48-04:00,0.0
2011-04-22 06:20:51-04:00,0.0
2011-04-22 06:20:54-04:00,0.0
2011-04-22 06:20:57-04:00,0.0
2011-04-22 06:21:00-04:00,0.0
2011-04-22 06:21:03-04:00,0.0
2011-04-22 06:21:06-04:00,0.0
2011-04-22 06:21:09-04:00,0.0
2011-04-22 06:21:12-04:00,0.0
2011-04-22 06:21:15-04:00,0.0
2011-04-22 06:21:18-04:00,0.0
2011-04-22 06:21:21-04:00,0.0
2011-04-22 06:21:24-04:00,0.0
2011-04-22 06:21:27-04:00,0.0
2011-04-22 06:21:30-04:00,0.0
2011-04-22 06:21:33-04:00,0.0
2011-04-22 06:21:36-04:00,0.0
2011-04-22 06:21:39-04:00,0.0
2011-04-22 06:21:42-04:00,0.0
2011-04-22 06:21:45-04:00,0.0
2011-04-22 06:21:48-04:00,0.0
2011-04-22 06:21:51-04:00,0.0
2011-04-22 06:21:54-04:00,0.0
2011-04-22 06:21:57-04:00,0.0
2011-04-22 06:22:00-04:00,0.0
2011-04-22 06:22:03-04:00,0.0
2011-04-22 06:22:06-04:00,0.0
2011-04-22 06:22:09-04:00,0.0
2011-04-22 06:22:12-04:00,0.0
2011-04-22 06:22:15-04:00,0.0
2011-04-22 06:22:18-04:00,0.0
2011-04-22 06:22:21-04:00,0.0
2011-04-22 06:22:24-04:00,0.0
2011-04-22 06:22:27-04:00,0.0
2011-04-22 06:22:30-04:00,0.0
2011-04-22 06:22:33-04:00,0.0
2011-04-22 06:22:36-04:00,0.0
2011-04-22 06:22:39-04:00,0.0
2011-04-22 06:22:42-04:00,0.0
2011-04-22 06:22:45-04:00,0.0
2011-04-22 06:22:48-04:00,0.0
2011-04-22 06:22:51-04:00,0.0
2011-04-22 06:22:54-04:00,0.0
2011-04-22 06:22:57-04:00,0.0
2011-04-22 06:23:00-04:00,0.0
2011-04-22 06:23:03-04:00,0.0
2011-04-22 06:23:06-04:00,0.0
2011-04-22 06:23:09-04:00,0.0
2011-04-22 06:23:12-04:00,0.0
2011-04-22 06:23:15-04:00,0.0
2011-04-22 06:23:18-04:00,0.0
2011-04-22 06:23:21-04:00,0.0
2011-04-22 06:23:24-04:00,0.0
2011-04-22 06:23:27-04:00,0.0
2011-04-22 06:23:30-04:00,0.0
2011-04-22 06:23:33-04:00,0.0
2011-04-22 06:23:36-04:00,0.0
2011-04-22 06:23:39-04:00,0.0
2011-04-22 06:23:42-04:00,0.0
2011-04-22 06:23:45-04:00,0.0
2011-04-22 06:23:48-04:00,0.0
2011-04-22 06:23:51-04:00,0.0
2011-04-22 06:23:54-04:00,0.0
2011-04-22 06:23:57-04:00,0.0
2011-04-22 06:24:00-04:00,0.0
2011-04-22 06:24:03-04:00,0.0
2011-04-22 06:24:06-04:00,0.0
2011-04-22 06:24:09-04:00,0.0
2011-04-22 06:24:12-04:00,0.0
2011-04-22 06:24:15-04:00,0.0
2011-04-22 06:24:18-04:00,0.0
2011-04-22 06:24:21-04:00,0.0
2011-04-22 06:24:24-04:00,0.0
2011-04-22 06:24:27-04:00,0.0
2011-04-22 06:24:30-04:00,0.0
2011-04-22 06:24:33-04:00,0.0
2011-04-22 06:24:36-04:00,0.0
2011-04-22 06:24:39-04:00,0.0
2011-04-22 06:24:42-04:00,0.0
2011-04-22 06:24:45-04:00,0.0
2011-04-22 06:24:48-04:00,0.0
2011-04-22 06:24:51-04:00,0.0
2011-04-22 06:24:54-04:00,0.0
2011-04-22 06:24:57-04:00,0.0
2011-04-22 06:25:00-04:00,0.0
2011-04-22 06:25:03-04:00,0.0
2011-04-22 06:25:06-04:00,0.0
2011-04-22 06:25:09-04:00,0.0
2011-04-22 06:25:12-04:00,0.0
2011-04-22 06:25:15-04:00,0.0
2011-04-22 06:25:18-04:00,0.0
2011-04-22 06:25:21-04:00,0.0
2011-04-22 06:25:24-04:00,0.0
2011-04-22 06:25:27-04:00,0.0
2011-04-22 06:25:30-04:00,0.0
2011-04-22 06:25:33-04:00,0.0
2011-04-22 06:25:36-04:00,0.0
2011-04-22 06:25:39-04:00,0.0
2011-04-22 06:25:42-04:00,0.0
2011-04-22 06:25:45-04:00,0.0
2011-04-22 06:25:48-04:00,0.0
2011-04-22 06:25:51-04:00,0.0
2011-04-22 06:25:54-04:00,0.0
2011-04-22 06:25:57-04:00,0.0
2011-04-22 06:26:00-04:00,0.0
2011-04-22 06:26:03-04:00,0.0
2011-04-22 06:26:06-04:00,0.0
2011-04-22 06:26:09-04:00,0.0
2011-04-22 06:26:12-04:00,0.0
2011-04-22 06:26:15-04:00,0.0
2011-04-22 06:26:18-04:00,0.0
2011-04-22 06:26:21-04:00,0.0
2011-04-22 06:26:24-04:00,0.0
2011-04-22 06:26:27-04:00,0.0
2011-04-22 06:26:30-04:00,0.0
2011-04-22 06:26:33-04:00,0.0
2011-04-22 06:26:36-04:00,0.0
2011-04-22 06:26:39-04:00,0.0
2011-04-22 06:26:42-04:00,0.0
2011-04-22 06:26:45-04:00,0.0
2011-04-22 06:26:48-04:00,0.0
2011-04-22 06:26:51-04:00,0.0
2011-04-22 06:26:54-04:00,0.0
2011-04-22 06:26:57-04:00,0.0
2011-04-22 06:27:00-04:00,0.0
2011-04-22 06:27:03-04:00,0.0
2011-04-22 06:27:06-04:00,0.0
2011-04-22 06:27:09-04:00,0.0
2011-04-22 06:27:12-04:00,0.0
2011-04-22 06:27:15-04:00,0.0
2011-04-22 06:27:18-04:00,0.0
2011-04-22 06:27:21-04:00,0.0
2011-04-22 06:27:24-04:00,0.0
2011-04-22 06:27:27-04:00,0.0
2011-04-22 06:27:30-04:00,0.0
2011-04-22 06:27:33-04:00,0.0
2011-04-22 06:27:36-04:00,0.0
2011-04-22 06:27:39-04:00,0.0
2011-04-22 06:27:42-04:00,0.0
2011-04-22 06:27:45-04:00,0.0
2011-04-22 06:27:48-04:00,0.0
2011-04-22 06:27:51-04:00,0.0
2011-04-22 06:27:54-04:00,0.0
2011-04-22 06:27:57-04:00,0.0
2011-04-22 06:28:00-04:00,0.0
2011-04-22 06:28:03-04:00,0.0
2011-04-22 06:28:06-04:00,0.0
2011-04-22 06:28:09-04:00,0.0
2011-04-22 06:28:12-04:00,0.0
2011-04-22 06:28:15-04:00,0.0
2011-04-22 06:28:18-04:00,0.0
2011-04-22 06:28:21-04:00,0.0
2011-04-22 06:28:24-04:00,0.0
2011-04-22 06:28:27-04:00,0.0
2011-04-22 06:28:30-04:00,0.0
2011-04-22 06:28:33-04:00,0.0
2011-04-22 06:28:36-04:00,0.0
2011-04-22 06:28:39-04:00,0.0
2011-04-22 06:28:42-04:00,0.0
2011-04-22 06:28:45-04:00,0.0
2011-04-22 06:28:48-04:00,0.0
2011-04-22 06:28:51-04:00,0.0
2011-04-22 06:28:54-04:00,0.0
2011-04-22 06:28:57-04:00,0.0
2011-04-22 06:29:00-04:00,0.0
2011-04-22 06:29:03-04:00,0.0
2011-04-22 06:29:06-04:00,0.0
2011-04-22 06:29:09-04:00,0.0
2011-04-22 06:29:12-04:00,0.0
2011-04-22 06:29:15-04:00,0.0
2011-04-22 06:29:18-04:00,0.0
2011-04-22 06:29:21-04:00,0.0
2011-04-22 06:29:24-04:00,0.0
2011-04-22 06:29:27-04:00,0.0
2011-04-22 06:29:30-04:00,0.2222222222222222
2011-04-22 06:29:33-04:00,0.5555555555555556
2011-04-22 06:29:36-04:00,0.8888888888888888
2011-04-22 06:29:39-04:00,1.0
2011-04-22 06:29:42-04:00,1.0
2011-04-22 06:29:45-04:00,1.0
2011-04-22 06:29:48-04:00,1.0
2011-04-22 06:29:51-04:00,1.0
2011-04-22 06:29:54-04:00,1.0
2011-04-22 06:29:57-04:00,0.25
2011-04-22 06:30:00-04:00,0.6666666666666666
2011-04-22 06:30:03-04:00,1.0
2011-04-22 06:30:06-04:00,1.0
2011-04-22 06:30:09-04:00,1.0
2011-04-22 06:30:12-04:00,1.0
2011-04-22 06:30:15-04:00,1.0
2011-04-22 06:30:18-04:00,0.0
2011-04-22 06:30:21-04:00,1.0
2011-04-22 06:30:24-04:00,1.0
2011-04-22 06:30:27-04:00,0.33333333333333337
2011-04-22 06:30:30-04:00,0.2222222222222222
2011-04-22 06:30:33-04:00,0.5555555555555556
2011-04-22 06:30:36-04:00,0.8888888888888888
2011-04-22 06:30:39-04:00,0.5
2011-04-22 06:30:42-04:00,0.0
2011-04-22 06:30:45-04:00,0.0
2011-04-22 06:30:48-04:00,0.0
2011-04-22 06:30:51-04:00,0.0
2011-04-22 06:30:54-04:00,0.0
2011-04-22 06:30:57-04:00,0.0
2011-04-22 06:31:00-04:00,0.0
2011-04-22 06:31:03-04:00,0.0
2011-04-22 06:31:06-04:00,0.0
2011-04-22 06:31:09-04:00,0.0
2011-04-22 06:31:12-04:00,0.0
2011-04-22 06:31:15-04:00,0.0
2011-04-22 06:31:18-04:00,0.0
2011-04-22 06:31:21-04:00,0.0
2011-04-22 06:31:24-04:00,0.0
2011-04-22 06:31:27-04:00,0.0
2011-04-22 06:31:30-04:00,0.0
2011-04-22 06:31:33-04:00,0.0
2011-04-22 06:31:36-04:00,0.0
2011-04-22 06:31:39-04:00,0.0
2011-04-22 06:31:42-04:00,0.0
2011-04-22 06:31:45-04:00,0.0
2011-04-22 06:31:48-04:00,0.0
2011-04-22 06:31:51-04:00,0.0
2011-04-22 06:31:54-04:00,0.0
2011-04-22 06:31:57-04:00,0.0
2011-04-22 06:32:00-04:00,0.0
2011-04-22 06:32:03-04:00,0.0
2011-04-22 06:32:06-04:00,0.0
2011-04-22 06:32:09-04:00,0.0
2011-04-22 06:32:12-04:00,0.0
2011-04-22 06:32:15-04:00,0.0
2011-04-22 06:32:18-04:00,0.0
2011-04-22 06:32:21-04:00,0.0
2011-04-22 06:32:24-04:00,0.0
2011-04-22 06:32:27-04:00,0.0
2011-04-22 06:32:30-04:00,0.0
2011-04-22 06:32:33-04:00,0.0
2011-04-22 06:32:36-04:00,0.0
2011-04-22 06:32:39-04:00,0.0
2011-04-22 06:32:42-04:00,0.0
2011-04-22 06:32:45-04:00,0.0
2011-04-22 06:32:48-04:00,0.0
2011-04-22 06:32:51-04:00,0.0
2011-04-22 06:32:54-04:00,0.0
2011-04-22 06:32:57-04:00,0.0
2011-04-22 06:33:00-04:00,0.0
2011-04-22 06:33:03-04:00,0.0
2011-04-22 06:33:06-04:00,0.0
2011-04-22 06:33:09-04:00,0.0
2011-04-22 06:33:12-04:00,0.0
2011-04-22 06:33:15-04:00,0.0
2011-04-22 06:33:18-04:00,0.0
2011-04-22 06:33:21-04:00,0.0
2011-04-22 06:33:24-04:00,0.0
2011-04-22 06:33:27-04:00,0.0
2011-04-22 06:33:30-04:00,0.0
2011-04-22 06:33:33-04:00,0.0
2011-04-22 06:33:36-04:00,0.0
2011-04-22 06:33:39-04:00,0.0
2011-04-22 06:33:42-04:00,0.0
2011-04-22 06:33:45-04:00,0.0
2011-04-22 06:33:48-04:00,0.0
2011-04-22 06:33:51-04:00,0.0
2011-04-22 06:33:54-04:00,0.0
2011-04-22 06:33:57-04:00,0.0
2011-04-22 06:34:00-04:00,0.0
2011-04-22 06:34:03-04:00,0.0
2011-04-22 06:34:06-04:00,0.0
2011-04-22 06:34:09-04:00,0.0
2011-04-22 06:34:12-04:00,0.0
2011-04-22 06:34:15-04:00,0.0
2011-04-22 06:34:18-04:00,0.0
2011-04-22 06:34:21-04:00,0.0
2011-04-22 06:34:24-04:00,0.0
2011-04-22 06:34:27-04:00,0.0
2011-04-22 06:34:30-04:00,0.0
2011-04-22 06:34:33-04:00,0.0
2011-04-22 06:34:36-04:00,0.0
2011-04-22 06:34:39-04:00,0.0
2011-04-22 06:34:42-04:00,0.0
2011-04-22 06:34:45-04:00,0.0
2011-04-22 06:34:48-04:00,0.0
2011-04-22 06:34:51-04:00,0.0
2011-04-22 06:34:54-04:00,0.0
2011-04-22 06:34:57-04:00,0.0
2011-04-22 06:35:00-04:00,0.0
2011-04-22 06:35:03-04:00,0.0
2011-04-22 06:35:06-04:00,0.0
2011-04-22 06:35:09-04:00,0.0
2011-04-22 06:35:12-04:00,0.0
2011-04-22 06:35:15-04:00,0.0
2011-04-22 06:35:18-04:00,0.0
2011-04-22 06:35:21-04:00,0.0
2011-04-22 06:35:24-04:00,0.0
2011-04-22 06:35:27-04:00,0.0
2011-04-22 06:35:30-04:00,0.0
2011-04-22 06:35:33-04:00,0.0
2011-04-22 06:35:36-04:00,0.0
2011-04-22 06:35:39-04:00,0.0
2011-04-22 06:35:42-04:00,0.0
2011-04-22 06:35:45-04:00,0.0
2011-04-22 06:35:48-04:00,0.0
2011-04-22 06:35:51-04:00,0.0
2011-04-22 06:35:54-04:00,0.0
2011-04-22 06:35:57-04:00,0.0
2011-04-22 06:36:00-04:00,0.0
2011-04-22 06:36:03-04:00,0.0
2011-04-22 06:36:06-04:00,0.0
2011-04-22 06:36:09-04:00,0.0
2011-04-22 06:36:12-04:00,0.0
2011-04-22 06:36:15-04:00,0.0
2011-04-22 06:36:18-04:00,0.0
2011-04-22 06:36:21-04:00,0.0
2011-04-22 06:36:24-04:00,0.0
2011-04-22 06:36:27-04:00,0.0
2011-04-22 06:36:30-04:00,0.0
2011-04-22 06:36:33-04:00,0.0
2011-04-22 06:36:36-04:00,0.0
2011-04-22 06:36:39-04:00,0.0
2011-04-22 06:36:42-04:00,0.0
2011-04-22 06:36:45-04:00,0.0
2011-04-22 06:36:48-04:00,0.0
2011-04-22 06:36:51-04:00,0.0
2011-04-22 06:36:54-04:00,0.0
2011-04-22 06:36:57-04:00,0.0
2011-04-22 06:37:00-04:00,0.0
2011-04-22 06:37:03-04:00,0.0
2011-04-22 06:37:06-04:00,0.0
2011-04-22 06:37:09-04:00,0.0
2011-04-22 06:37:12-04:00,0.0
2011-04-22 06:37:15-04:00,0.0
2011-04-22 06:37:18-04:00,0.0
2011-04-22 06:37:21-04:00,0.0
2011-04-22 06:37:24-04:00,0.0
2011-04-22 06:37:27-04:00,0.0
2011-04-22 06:37:30-04:00,0.0
2011-04-22 06:37:33-04:00,0.0
2011-04-22 06:37:36-04:00,0.0
2011-04-22 06:37:39-04:00,0.0
2011-04-22 06:37:42-04:00,0.0
2011-04-22 06:37:45-04:00,0.0
2011-04-22 06:37:48-04:00,0.0
2011-04-22 06:37:51-04:00,0.0
2011-04-22 06:37:54-04:00,0.0
2011-04-22 06:37:57-04:00,0.0
2011-04-22 06:38:00-04:00,0.0
2011-04-22 06:38:03-04:00,0.0
2011-04-22 06:38:06-04:00,0.0
2011-04-22 06:38:09-04:00,0.25
2011-04-22 06:38:12-04:00,1.0
2011-04-22 06:38:15-04:00,1.0
2011-04-22 06:38:18-04:00,1.0
2011-04-22 06:38:21-04:00,1.0
2011-04-22 06:38:24-04:00,1.0
2011-04-22 06:38:27-04:00,1.0
2011-04-22 06:38:30-04:00,0.875
2011-04-22 06:38:33-04:00,0.5
2011-04-22 06:38:36-04:00,0.125
2011-04-22 06:38:39-04:00,0.0
2011-04-22 06:38:42-04:00,0.0
2011-04-22 06:38:45-04:00,0.0
2011-04-22 06:38:48-04:00,0.0
2011-04-22 06:38:51-04:00,0.0
2011-04-22 06:38:54-04:00,0.0
2011-04-22 06:38:57-04:00,0.0
2011-04-22 06:39:00-04:00,0.75
2011-04-22 06:39:03-04:00,0.33333333333333337
2011-04-22 06:39:06-04:00,0.5
2011-04-22 06:39:09-04:00,1.0
2011-04-22 06:39:12-04:00,1.0
2011-04-22 06:39:15-04:00,1.0
2011-04-22 06:39:18-04:00,1.0
2011-04-22 06:39:21-04:00,0.0
2011-04-22 06:39:24-04:00,0.75
2011-04-22 06:39:27-04:00,0.33333333333333337
2011-04-22 06:39:30-04:00,0.2222222222222222
2011-04-22 06:39:33-04:00,0.5555555555555556
2011-04-22 06:39:36-04:00,0.8888888888888888
2011-04-22 06:39:39-04:00,0.33333333333333337
2011-04-22 06:39:42-04:00,0.0
2011-04-22 06:39:45-04:00,0.0
2011-04-22 06:39:48-04:00,0.0
2011-04-22 06:39:51-04:00,0.3333333333333333
2011-04-22 06:39:54-04:00,0.75
2011-04-22 06:39:57-04:00,0.0
2011-04-22 06:40:00-04:00,0.0
2011-04-22 06:40:03-04:00,0.0
2011-04-22 06:40:06-04:00,0.0
2011-04-22 06:40:09-04:00,0.0
2011-04-22 06:40:12-04:00,0.3333333333333333
2011-04-22 06:40:15-04:00,0.75
2011-04-22 06:40:18-04:00,0.0
2011-04-22 06:40:21-04:00,1.0
2011-04-22 06:40:24-04:00,0.0
2011-04-22 06:40:27-04:00,0.0
2011-04-22 06:40:30-04:00,0.0
2011-04-22 06:40:33-04:00,0.0
2011-04-22 06:40:36-04:00,0.0
2011-04-22 06:40:39-04:00,0.0
2011-04-22 06:40:42-04:00,0.0
2011-04-22 06:40:45-04:00,0.0
2011-04-22 06:40:48-04:00,0.0
2011-04-22 06:40:51-04:00,0.0
2011-04-22 06:40:54-04:00,0.0
2011-04-22 06:40:57-04:00,0.0
2011-04-22 06:41:00-04:00,0.0
2011-04-22 06:41:03-04:00,0.0
2011-04-22 06:41:06-04:00,0.0
2011-04-22 06:41:09-04:00,0.0
2011-04-22 06:41:12-04:00,0.0
2011-04-22 06:41:15-04:00,0.0
2011-04-22 06:41:18-04:00,0.0
2011-04-22 06:41:21-04:00,0.0
2011-04-22 06:41:24-04:00,0.0
2011-04-22 06:41:27-04:00,0.0
2011-04-22 06:41:30-04:00,0.0
2011-04-22 06:41:33-04:00,0.0
2011-04-22 06:41:36-04:00,0.0
2011-04-22 06:41:39-04:00,0.0
2011-04-22 06:41:42-04:00,0.0
2011-04-22 06:41:45-04:00,0.0
2011-04-22 06:41:48-04:00,0.0
2011-04-22 06:41:51-04:00,0.0
2011-04-22 06:41:54-04:00,0.0
2011-04-22 06:41:57-04:00,1.0
2011-04-22 06:42:00-04:00,0.25
2011-04-22 06:42:03-04:00,0.0
2011-04-22 06:42:06-04:00,0.0
2011-04-22 06:42:09-04:00,0.5
2011-04-22 06:42:12-04:00,1.0
2011-04-22 06:42:15-04:00,0.75
2011-04-22 06:42:18-04:00,0.0
2011-04-22 06:42:21-04:00,1.0
2011-04-22 06:42:24-04:00,0.25
2011-04-22 06:42:27-04:00,0.0
2011-04-22 06:42:30-04:00,0.0
2011-04-22 06:42:33-04:00,0.0
2011-04-22 06:42:36-04:00,0.0
2011-04-22 06:42:39-04:00,0.0
2011-04-22 06:42:42-04:00,0.0
2011-04-22 06:42:45-04:00,0.0
2011-04-22 06:42:48-04:00,0.0
2011-04-22 06:42:51-04:00,0.0
2011-04-22 06:42:54-04:00,0.0
2011-04-22 06:42:57-04:00,0.0
2011-04-22 06:43:00-04:00,0.0
2011-04-22 06:43:03-04:00,0.0
2011-04-22 06:43:06-04:00,0.0
2011-04-22 06:43:09-04:00,0.0
2011-04-22 06:43:12-04:00,0.25
2011-04-22 06:43:15-04:00,1.0
2011-04-22 06:43:18-04:00,0.0
2011-04-22 06:43:21-04:00,0.0
2011-04-22 06:43:24-04:00,0.75
2011-04-22 06:43:27-04:00,0.33333333333333337
2011-04-22 06:43:30-04:00,0.0
2011-04-22 06:43:33-04:00,0.0
2011-04-22 06:43:36-04:00,0.0
2011-04-22 06:43:39-04:00,0.0
2011-04-22 06:43:42-04:00,0.0
2011-04-22 06:43:45-04:00,0.0
2011-04-22 06:43:48-04:00,0.0
2011-04-22 06:43:51-04:00,1.0
2011-04-22 06:43:54-04:00,0.0
2011-04-22 06:43:57-04:00,0.0
2011-04-22 06:44:00-04:00,0.0
2011-04-22 06:44:03-04:00,0.0
2011-04-22 06:44:06-04:00,0.0
2011-04-22 06:44:09-04:00,0.0
2011-04-22 06:44:12-04:00,0.0
2011-04-22 06:44:15-04:00,0.25
2011-04-22 06:44:18-04:00,1.0
2011-04-22 06:44:21-04:00,0.0
2011-04-22 06:44:24-04:00,0.0
2011-04-22 06:44:27-04:00,0.0
2011-04-22 06:44:30-04:00,0.0
2011-04-22 06:44:33-04:00,0.0
2011-04-22 06:44:36-04:00,0.0
2011-04-22 06:44:39-04:00,0.0
2011-04-22 06:44:42-04:00,0.0
2011-04-22 06:44:45-04:00,0.0
2011-04-22 06:44:48-04:00,0.0
2011-04-22 06:44:51-04:00,0.0
2011-04-22 06:44:54-04:00,0.0
2011-04-22 06:44:57-04:00,0.0
2011-04-22 06:45:00-04:00,0.0
2011-04-22 06:45:03-04:00,0.0
2011-04-22 06:45:06-04:00,0.0
2011-04-22 06:45:09-04:00,0.0
2011-04-22 06:45:12-04:00,0.0
2011-04-22 06:45:15-04:00,0.0
2011-04-22 06:45:18-04:00,0.0
2011-04-22 06:45:21-04:00,0.0
2011-04-22 06:45:24-04:00,0.0
2011-04-22 06:45:27-04:00,0.0
2011-04-22 06:45:30-04:00,0.0
2011-04-22 06:45:33-04:00,0.0
2011-04-22 06:45:36-04:00,0.0
2011-04-22 06:45:39-04:00,0.0
2011-04-22 06:45:42-04:00,0.0
2011-04-22 06:45:45-04:00,0.0
2011-04-22 06:45:48-04:00,0.0
2011-04-22 06:45:51-04:00,0.0
2011-04-22 06:45:54-04:00,0.0
2011-04-22 06:45:57-04:00,0.0
2011-04-22 06:46:00-04:00,0.0
2011-04-22 06:46:03-04:00,0.0
2011-04-22 06:46:06-04:00,0.0
2011-04-22 06:46:09-04:00,0.0
2011-04-22 06:46:12-04:00,0.0
2011-04-22 06:46:15-04:00,0.0
2011-04-22 06:46:18-04:00,0.0
2011-04-22 06:46:21-04:00,0.0
2011-04-22 06:46:24-04:00,0.0
2011-04-22 06:46:27-04:00,0.0
2011-04-22 06:46:30-04:00,0.0
2011-04-22 06:46:33-04:00,0.0
2011-04-22 06:46:36-04:00,0.0
2011-04-22 06:46:39-04:00,0.0
2011-04-22 06:46:42-04:00,0.0
2011-04-22 06:46:45-04:00,0.0
2011-04-22 06:46:48-04:00,0.0
2011-04-22 06:46:51-04:00,0.0
2011-04-22 06:46:54-04:00,0.0
2011-04-22 06:46:57-04:00,0.0
2011-04-22 06:47:00-04:00,0.0
2011-04-22 06:47:03-04:00,0.0
2011-04-22 06:47:06-04:00,0.0
2011-04-22 06:47:09-04:00,0.0
2011-04-22 06:47:12-04:00,0.0
2011-04-22 06:47:15-04:00,0.0
2011-04-22 06:47:18-04:00,0.0
2011-04-22 06:47:21-04:00,0.0
2011-04-22 06:47:24-04:00,0.0
2011-04-22 06:47:27-04:00,0.0
2011-04-22 06:47:30-04:00,0.0
2011-04-22 06:47:33-04:00,0.0
2011-04-22 06:47:36-04:00,0.0
2011-04-22 06:47:39-04:00,0.0
2011-04-22 06:47:42-04:00,0.0
2011-04-22 06:47:45-04:00,0.0
2011-04-22 06:47:48-04:00,0.0
2011-04-22 06:47:51-04:00,0.0
2011-04-22 06:47:54-04:00,0.0
2011-04-22 06:47:57-04:00,0.0
2011-04-22 06:48:00-04:00,0.0
2011-04-22 06:48:03-04:00,0.0
2011-04-22 06:48:06-04:00,0.0
2011-04-22 06:48:09-04:00,0.0
2011-04-22 06:48:12-04:00,0.0
2011-04-22 06:48:15-04:00,0.0
2011-04-22 06:48:18-04:00,0.0
2011-04-22 06:48:21-04:00,0.0
2011-04-22 06:48:24-04:00,0.0
2011-04-22 06:48:27-04:00,0.0
2011-04-22 06:48:30-04:00,0.0
2011-04-22 06:48:33-04:00,0.0
2011-04-22 06:48:36-04:00,0.0
2011-04-22 06:48:39-04:00,0.0
2011-04-22 06:48:42-04:00,0.3333333333333333
2011-04-22 06:48:45-04:00,1.0
2011-04-22 06:48:48-04:00,1.0
2011-04-22 06:48:51-04:00,0.0
2011-04-22 06:48:54-04:00,0.0
2011-04-22 06:48:57-04:00,0.0
2011-04-22 06:49:00-04:00,0.0
2011-04-22 06:49:03-04:00,0.6666666666666666
2011-04-22 06:49:06-04:00,0.5
2011-04-22 06:49:09-04:00,0.0
2011-04-22 06:49:12-04:00,0.0
2011-04-22 06:49:15-04:00,0.0
2011-04-22 06:49:18-04:00,0.0
2011-04-22 06:49:21-04:00,0.0
2011-04-22 06:49:24-04:00,0.0
2011-04-22 06:49:27-04:00,0.0
2011-04-22 06:49:30-04:00,0.0
2011-04-22 06:49:33-04:00,0.0
2011-04-22 06:49:36-04:00,0.0
2011-04-22 06:49:39-04:00,0.0
2011-04-22 06:49:42-04:00,0.0
2011-04-22 06:49:45-04:00,0.0
2011-04-22 06:49:48-04:00,0.0
2011-04-22 06:49:51-04:00,0.0
2011-04-22 06:49:54-04:00,0.25
2011-04-22 06:49:57-04:00,1.0
2011-04-22 06:50:00-04:00,0.0
2011-04-22 06:50:03-04:00,0.0
2011-04-22 06:50:06-04:00,0.0
2011-04-22 06:50:09-04:00,0.0
2011-04-22 06:50:12-04:00,0.0
2011-04-22 06:50:15-04:00,0.0
2011-04-22 06:50:18-04:00,0.0
2011-04-22 06:50:21-04:00,0.0
2011-04-22 06:50:24-04:00,0.0
2011-04-22 06:50:27-04:00,0.0
2011-04-22 06:50:30-04:00,0.0
2011-04-22 06:50:33-04:00,0.0
2011-04-22 06:50:36-04:00,0.0
2011-04-22 06:50:39-04:00,0.0
2011-04-22 06:50:42-04:00,0.0
2011-04-22 06:50:45-04:00,0.0
2011-04-22 06:50:48-04:00,0.0
2011-04-22 06:50:51-04:00,0.0
2011-04-22 06:50:54-04:00,0.5
2011-04-22 06:50:57-04:00,0.6666666666666667
2011-04-22 06:51:00-04:00,0.0
2011-04-22 06:51:03-04:00,0.0
2011-04-22 06:51:06-04:00,0.0
2011-04-22 06:51:09-04:00,0.0
2011-04-22 06:51:12-04:00,0.0
2011-04-22 06:51:15-04:00,0.0
2011-04-22 06:51:18-04:00,0.0
2011-04-22 06:51:21-04:00,0.0
2011-04-22 06:51:24-04:00,0.0
2011-04-22 06:51:27-04:00,0.0
2011-04-22 06:51:30-04:00,0.0
2011-04-22 06:51:33-04:00,0.0
2011-04-22 06:51:36-04:00,0.0
2011-04-22 06:51:39-04:00,0.0
2011-04-22 06:51:42-04:00,0.0
2011-04-22 06:51:45-04:00,0.0
2011-04-22 06:51:48-04:00,0.0
2011-04-22 06:51:51-04:00,0.0
2011-04-22 06:51:54-04:00,0.3333333333333333
2011-04-22 06:51:57-04:00,0.75
2011-04-22 06:52:00-04:00,0.0
2011-04-22 06:52:03-04:00,0.0
2011-04-22 06:52:06-04:00,0.0
2011-04-22 06:52:09-04:00,0.0
2011-04-22 06:52:12-04:00,0.0
2011-04-22 06:52:15-04:00,0.0
2011-04-22 06:52:18-04:00,0.0
2011-04-22 06:52:21-04:00,0.0
2011-04-22 06:52:24-04:00,0.0
2011-04-22 06:52:27-04:00,0.0
2011-04-22 06:52:30-04:00,0.0
2011-04-22 06:52:33-04:00,0.0
2011-04-22 06:52:36-04:00,0.5
2011-04-22 06:52:39-04:00,1.0
2011-04-22 06:52:42-04:00,0.6666666666666667
2011-04-22 06:52:45-04:00,0.0
2011-04-22 06:52:48-04:00,0.0
2011-04-22 06:52:51-04:00,0.0
2011-04-22 06:52:54-04:00,0.0
2011-04-22 06:52:57-04:00,0.0
2011-04-22 06:53:00-04:00,0.0
2011-04-22 06:53:03-04:00,0.0
2011-04-22 06:53:06-04:00,0.0
2011-04-22 06:53:09-04:00,0.0
2011-04-22 06:53:12-04:00,0.0
2011-04-22 06:53:15-04:00,0.0
2011-04-22 06:53:18-04:00,0.0
2011-04-22 06:53:21-04:00,0.0
2011-04-22 06:53:24-04:00,0.0
2011-04-22 06:53:27-04:00,0.5
2011-04-22 06:53:30-04:00,0.875
2011-04-22 06:53:33-04:00,0.5
2011-04-22 06:53:36-04:00,0.125
2011-04-22 06:53:39-04:00,0.0
2011-04-22 06:53:42-04:00,0.0
2011-04-22 06:53:45-04:00,0.0
2011-04-22 06:53:48-04:00,0.0
2011-04-22 06:53:51-04:00,0.0
2011-04-22 06:53:54-04:00,0.0
2011-04-22 06:53:57-04:00,0.0
2011-04-22 06:54:00-04:00,0.0
2011-04-22 06:54:03-04:00,0.0
2011-04-22 06:54:06-04:00,0.0
2011-04-22 06:54:09-04:00,0.0
2011-04-22 06:54:12-04:00,0.0
2011-04-22 06:54:15-04:00,0.0
2011-04-22 06:54:18-04:00,0.0
2011-04-22 06:54:21-04:00,0.0
2011-04-22 06:54:24-04:00,0.0
2011-04-22 06:54:27-04:00,0.0
2011-04-22 06:54:30-04:00,0.0
2011-04-22 06:54:33-04:00,0.0
2011-04-22 06:54:36-04:00,0.0
2011-04-22 06:54:39-04:00,0.0
2011-04-22 06:54:42-04:00,0.0
2011-04-22 06:54:45-04:00,0.0
2011-04-22 06:54:48-04:00,0.0
2011-04-22 06:54:51-04:00,0.0
2011-04-22 06:54:54-04:00,0.0
2011-04-22 06:54:57-04:00,0.0
2011-04-22 06:55:00-04:00,0.0
2011-04-22 06:55:03-04:00,0.0
2011-04-22 06:55:06-04:00,0.0
2011-04-22 06:55:09-04:00,0.0
2011-04-22 06:55:12-04:00,0.0
2011-04-22 06:55:15-04:00,0.0
2011-04-22 06:55:18-04:00,0.0
2011-04-22 06:55:21-04:00,0.0
2011-04-22 06:55:24-04:00,0.0
2011-04-22 06:55:27-04:00,0.0
2011-04-22 06:55:30-04:00,0.0
2011-04-22 06:55:33-04:00,0.0
2011-04-22 06:55:36-04:00,0.0
2011-04-22 06:55:39-04:00,0.0
2011-04-22 06:55:42-04:00,0.0
2011-04-22 06:55:45-04:00,0.0
2011-04-22 06:55:48-04:00,0.0
2011-04-22 06:55:51-04:00,0.0
2011-04-22 06:55:54-04:00,0.0
2011-04-22 06:55:57-04:00,0.0
2011-04-22 06:56:00-04:00,0.0
2011-04-22 06:56:03-04:00,0.0
2011-04-22 06:56:06-04:00,0.0
2011-04-22 06:56:09-04:00,0.25
2011-04-22 06:56:12-04:00,1.0
2011-04-22 06:56:15-04:00,0.25
2011-04-22 06:56:18-04:00,0.0
2011-04-22 06:56:21-04:00,0.0
2011-04-22 06:56:24-04:00,0.0
2011-04-22 06:56:27-04:00,0.0
2011-04-22 06:56:30-04:00,0.0
2011-04-22 06:56:33-04:00,0.0
2011-04-22 06:56:36-04:00,0.0
2011-04-22 06:56:39-04:00,0.0
2011-04-22 06:56:42-04:00,0.0
2011-04-22 06:56:45-04:00,0.0
2011-04-22 06:56:48-04:00,0.0
2011-04-22 06:56:51-04:00,0.0
2011-04-22 06:56:54-04:00,0.0
2011-04-22 06:56:57-04:00,0.0
2011-04-22 06:57:00-04:00,0.0
2011-04-22 06:57:03-04:00,0.0
2011-04-22 06:57:06-04:00,0.0
2011-04-22 06:57:09-04:00,0.0
2011-04-22 06:57:12-04:00,0.0
2011-04-22 06:57:15-04:00,0.0
2011-04-22 06:57:18-04:00,0.0
2011-04-22 06:57:21-04:00,0.0
2011-04-22 06:57:24-04:00,0.0
2011-04-22 06:57:27-04:00,0.0
2011-04-22 06:57:30-04:00,0.0
2011-04-22 06:57:33-04:00,0.0
2011-04-22 06:57:36-04:00,0.0
2011-04-22 06:57:39-04:00,0.0
2011-04-22 06:57:42-04:00,0.0
2011-04-22 06:57:45-04:00,0.0
2011-04-22 06:57:48-04:00,0.0
2011-04-22 06:57:51-04:00,0.0
2011-04-22 06:57:54-04:00,0.0
2011-04-22 06:57:57-04:00,0.0
2011-04-22 06:58:00-04:00,0.0
2011-04-22 06:58:03-04:00,0.0
2011-04-22 06:58:06-04:00,0.0
2011-04-22 06:58:09-04:00,0.0
2011-04-22 06:58:12-04:00,0.0
2011-04-22 06:58:15-04:00,0.0
2011-04-22 06:58:18-04:00,0.0
2011-04-22 06:58:21-04:00,0.0
2011-04-22 06:58:24-04:00,0.0
2011-04-22 06:58:27-04:00,0.0
2011-04-22 06:58:30-04:00,0.0
2011-04-22 06:58:33-04:00,0.0
2011-04-22 06:58:36-04:00,0.0
2011-04-22 06:58:39-04:00,0.0
2011-04-22 06:58:42-04:00,0.0
2011-04-22 06:58:45-04:00,0.0
2011-04-22 06:58:48-04:00,0.0
2011-04-22 06:58:51-04:00,0.0
2011-04-22 06:58:54-04:00,0.0
2011-04-22 06:58:57-04:00,0.0
2011-04-22 06:59:00-04:00,0.0
2011-04-22 06:59:03-04:00,0.0
2011-04-22 06:59:06-04:00,0.0
2011-04-22 06:59:09-04:00,0.0
2011-04-22 06:59:12-04:00,0.0
2011-04-22 06:59:15-04:00,0.0
2011-04-22 06:59:18-04:00,0.0
2011-04-22 06:59:21-04:00,0.0
2011-04-22 06:59:24-04:00,0.0
2011-04-22 06:59:27-04:00,0.0
2011-04-22 06:59:30-04:00,0.0
2011-04-22 06:59:33-04:00,0.0
2011-04-22 06:59:36-04:00,0.0
2011-04-22 06:59:39-04:00,0.0
2011-04-22 06:59:42-04:00,0.0
2011-04-22 06:59:45-04:00,0.0
2011-04-22 06:59:48-04:00,0.0
2011-04-22 06:59:51-04:00,0.0
2011-04-22 06:59:54-04:00,0.0
2011-04-22 06:59:57-04:00,0.0
2011-04-22 07:00:00-04:00,0.0
2011-04-22 07:00:03-04:00,0.0
2011-04-22 07:00:06-04:00,0.0
2011-04-22 07:00:09-04:00,0.0
2011-04-22 07:00:12-04:00,0.0
2011-04-22 07:00:15-04:00,0.0
2011-04-22 07:00:18-04:00,0.0
2011-04-22 07:00:21-04:00,0.0
2011-04-22 07:00:24-04:00,0.0
2011-04-22 07:00:27-04:00,0.0
2011-04-22 07:00:30-04:00,0.0
2011-04-22 07:00:33-04:00,0.0
2011-04-22 07:00:36-04:00,0.0
2011-04-22 07:00:39-04:00,0.0
2011-04-22 07:00:42-04:00,0.0
2011-04-22 07:00:45-04:00,0.0
2011-04-22 07:00:48-04:00,0.0
2011-04-22 07:00:51-04:00,0.0
2011-04-22 07:00:54-04:00,0.0
2011-04-22 07:00:57-04:00,0.0
2011-04-22 07:01:00-04:00,0.0
2011-04-22 07:01:03-04:00,0.0
2011-04-22 07:01:06-04:00,0.0
2011-04-22 07:01:09-04:00,0.0
2011-04-22 07:01:12-04:00,0.0
2011-04-22 07:01:15-04:00,0.0
2011-04-22 07:01:18-04:00,0.0
2011-04-22 07:01:21-04:00,0.0
2011-04-22 07:01:24-04:00,0.0
2011-04-22 07:01:27-04:00,0.0
2011-04-22 07:01:30-04:00,0.0
2011-04-22 07:01:33-04:00,0.0
2011-04-22 07:01:36-04:00,0.0
2011-04-22 07:01:39-04:00,0.0
2011-04-22 07:01:42-04:00,0.0
2011-04-22 07:01:45-04:00,0.0
2011-04-22 07:01:48-04:00,0.0
2011-04-22 07:01:51-04:00,0.0
2011-04-22 07:01:54-04:00,0.0
2011-04-22 07:01:57-04:00,0.0
2011-04-22 07:02:00-04:00,0.0
2011-04-22 07:02:03-04:00,0.0
2011-04-22 07:02:06-04:00,0.0
2011-04-22 07:02:09-04:00,0.0
2011-04-22 07:02:12-04:00,0.0
2011-04-22 07:02:15-04:00,0.0
2011-04-22 07:02:18-04:00,0.0
2011-04-22 07:02:21-04:00,0.0
2011-04-22 07:02:24-04:00,0.0
2011-04-22 07:02:27-04:00,0.0
2011-04-22 07:02:30-04:00,0.0
2011-04-22 07:02:33-04:00,0.0
2011-04-22 07:02:36-04:00,0.0
2011-04-22 07:02:39-04:00,0.0
2011-04-22 07:02:42-04:00,0.0
2011-04-22 07:02:45-04:00,0.0
2011-04-22 07:02:48-04:00,0.0
2011-04-22 07:02:51-04:00,0.0
2011-04-22 07:02:54-04:00,0.0
2011-04-22 07:02:57-04:00,0.0
2011-04-22 07:03:00-04:00,0.0
2011-04-22 07:03:03-04:00,0.0
2011-04-22 07:03:06-04:00,0.0
2011-04-22 07:03:09-04:00,0.0
2011-04-22 07:03:12-04:00,0.0
2011-04-22 07:03:15-04:00,0.0
2011-04-22 07:03:18-04:00,0.0
2011-04-22 07:03:21-04:00,0.0
2011-04-22 07:03:24-04:00,0.0
2011-04-22 07:03:27-04:00,0.0
2011-04-22 07:03:30-04:00,0.0
2011-04-22 07:03:33-04:00,0.0
2011-04-22 07:03:36-04:00,0.0
2011-04-22 07:03:39-04:00,0.0
2011-04-22 07:03:42-04:00,0.0
2011-04-22 07:03:45-04:00,0.0
2011-04-22 07:03:48-04:00,0.0
2011-04-22 07:03:51-04:00,0.0
2011-04-22 07:03:54-04:00,0.0
2011-04-22 07:03:57-04:00,0.0
2011-04-22 07:04:00-04:00,0.0
2011-04-22 07:04:03-04:00,0.0
2011-04-22 07:04:06-04:00,0.0
2011-04-22 07:04:09-04:00,0.0
2011-04-22 07:04:12-04:00,0.0
2011-04-22 07:04:15-04:00,0.0
2011-04-22 07:04:18-04:00,0.0
2011-04-22 07:04:21-04:00,0.0
2011-04-22 07:04:24-04:00,0.0
2011-04-22 07:04:27-04:00,0.0
2011-04-22 07:04:30-04:00,0.0
2011-04-22 07:04:33-04:00,0.0
2011-04-22 07:04:36-04:00,0.0
2011-04-22 07:04:39-04:00,0.0
2011-04-22 07:04:42-04:00,0.0
2011-04-22 07:04:45-04:00,0.0
2011-04-22 07:04:48-04:00,0.0
2011-04-22 07:04:51-04:00,0.0
2011-04-22 07:04:54-04:00,0.0
2011-04-22 07:04:57-04:00,0.0
2011-04-22 07:05:00-04:00,0.0
2011-04-22 07:05:03-04:00,0.0
2011-04-22 07:05:06-04:00,0.0
2011-04-22 07:05:09-04:00,0.0
2011-04-22 07:05:12-04:00,0.0
2011-04-22 07:05:15-04:00,0.0
2011-04-22 07:05:18-04:00,0.0
2011-04-22 07:05:21-04:00,0.0
2011-04-22 07:05:24-04:00,0.0
2011-04-22 07:05:27-04:00,0.0
2011-04-22 07:05:30-04:00,0.0
2011-04-22 07:05:33-04:00,0.0
2011-04-22 07:05:36-04:00,0.0
2011-04-22 07:05:39-04:00,0.0
2011-04-22 07:05:42-04:00,0.0
2011-04-22 07:05:45-04:00,0.0
2011-04-22 07:05:48-04:00,0.0
2011-04-22 07:05:51-04:00,0.0
2011-04-22 07:05:54-04:00,0.0
2011-04-22 07:05:57-04:00,0.0
2011-04-22 07:06:00-04:00,0.0
2011-04-22 07:06:03-04:00,0.0
2011-04-22 07:06:06-04:00,0.0
2011-04-22 07:06:09-04:00,0.0
2011-04-22 07:06:12-04:00,0.0
2011-04-22 07:06:15-04:00,0.0
2011-04-22 07:06:18-04:00,0.0
2011-04-22 07:06:21-04:00,0.0
2011-04-22 07:06:24-04:00,0.0
2011-04-22 07:06:27-04:00,0.0
2011-04-22 07:06:30-04:00,0.0
2011-04-22 07:06:33-04:00,0.0
2011-04-22 07:06:36-04:00,0.0
2011-04-22 07:06:39-04:00,0.0
2011-04-22 07:06:42-04:00,0.0
2011-04-22 07:06:45-04:00,0.0
2011-04-22 07:06:48-04:00,0.0
2011-04-22 07:06:51-04:00,0.0
2011-04-22 07:06:54-04:00,0.0
2011-04-22 07:06:57-04:00,0.0
2011-04-22 07:07:00-04:00,0.0
2011-04-22 07:07:03-04:00,0.0
2011-04-22 07:07:06-04:00,0.0
2011-04-22 07:07:09-04:00,0.0
2011-04-22 07:07:12-04:00,0.0
2011-04-22 07:07:15-04:00,0.0
2011-04-22 07:07:18-04:00,0.0
2011-04-22 07:07:21-04:00,0.0
2011-04-22 07:07:24-04:00,0.0
2011-04-22 07:07:27-04:00,0.0
2011-04-22 07:07:30-04:00,0.0
2011-04-22 07:07:33-04:00,0.0
2011-04-22 07:07:36-04:00,0.0
2011-04-22 07:07:39-04:00,0.0
2011-04-22 07:07:42-04:00,0.0
2011-04-22 07:07:45-04:00,0.0
2011-04-22 07:07:48-04:00,0.0
2011-04-22 07:07:51-04:00,0.0
2011-04-22 07:07:54-04:00,0.0
2011-04-22 07:07:57-04:00,0.0
2011-04-22 07:08:00-04:00,0.0
2011-04-22 07:08:03-04:00,0.0
2011-04-22 07:08:06-04:00,0.0
2011-04-22 07:08:09-04:00,0.0
2011-04-22 07:08:12-04:00,0.0
2011-04-22 07:08:15-04:00,0.0
2011-04-22 07:08:18-04:00,0.0
2011-04-22 07:08:21-04:00,0.0
2011-04-22 07:08:24-04:00,0.0
2011-04-22 07:08:27-04:00,0.0
2011-04-22 07:08:30-04:00,0.0
2011-04-22 07:08:33-04:00,0.0
2011-04-22 07:08:36-04:00,0.0
2011-04-22 07:08:39-04:00,0.0
2011-04-22 07:08:42-04:00,0.0
2011-04-22 07:08:45-04:00,0.0
2011-04-22 07:08:48-04:00,0.0
2011-04-22 07:08:51-04:00,0.0
2011-04-22 07:08:54-04:00,0.0
2011-04-22 07:08:57-04:00,0.0
2011-04-22 07:09:00-04:00,0.0
2011-04-22 07:09:03-04:00,0.0
2011-04-22 07:09:06-04:00,0.0
2011-04-22 07:09:09-04:00,0.0
2011-04-22 07:09:12-04:00,0.0
2011-04-22 07:09:15-04:00,0.0
2011-04-22 07:09:18-04:00,0.0
2011-04-22 07:09:21-04:00,0.0
2011-04-22 07:09:24-04:00,0.0
2011-04-22 07:09:27-04:00,0.0
2011-04-22 07:09:30-04:00,0.0
2011-04-22 07:09:33-04:00,0.0
2011-04-22 07:09:36-04:00,0.0
2011-04-22 07:09:39-04:00,0.0
2011-04-22 07:09:42-04:00,0.0
2011-04-22 07:09:45-04:00,0.0
2011-04-22 07:09:48-04:00,0.0
2011-04-22 07:09:51-04:00,0.0
2011-04-22 07:09:54-04:00,0.0
2011-04-22 07:09:57-04:00,0.0
2011-04-22 07:10:00-04:00,0.0
2011-04-22 07:10:03-04:00,0.0
2011-04-22 07:10:06-04:00,0.0
2011-04-22 07:10:09-04:00,0.0
2011-04-22 07:10:12-04:00,0.0
2011-04-22 07:10:15-04:00,0.0
2011-04-22 07:10:18-04:00,0.0
2011-04-22 07:10:21-04:00,0.0
2011-04-22 07:10:24-04:00,0.0
2011-04-22 07:10:27-04:00,0.0
2011-04-22 07:10:30-04:00,0.0
2011-04-22 07:10:33-04:00,0.0
2011-04-22 07:10:36-04:00,0.0
2011-04-22 07:10:39-04:00,0.0
2011-04-22 07:10:42-04:00,0.0
2011-04-22 07:10:45-04:00,0.0
2011-04-22 07:10:48-04:00,0.0
2011-04-22 07:10:51-04:00,0.0
2011-04-22 07:10:54-04:00,0.0
2011-04-22 07:10:57-04:00,0.0
2011-04-22 07:11:00-04:00,0.0
2011-04-22 07:11:03-04:00,0.0
2011-04-22 07:11:06-04:00,0.0
2011-04-22 07:11:09-04:00,0.0
2011-04-22 07:11:12-04:00,0.0
2011-04-22 07:11:15-04:00,0.0
2011-04-22 07:11:18-04:00,0.0
2011-04-22 07:11:21-04:00,0.0
2011-04-22 07:11:24-04:00,0.0
2011-04-22 07:11:27-04:00,0.0
2011-04-22 07:11:30-04:00,0.0
2011-04-22 07:11:33-04:00,0.0
2011-04-22 07:11:36-04:00,0.0
2011-04-22 07:11:39-04:00,0.0
2011-04-22 07:11:42-04:00,0.0
2011-04-22 07:11:45-04:00,0.0
2011-04-22 07:11:48-04:00,0.0
2011-04-22 07:11:51-04:00,0.0
2011-04-22 07:11:54-04:00,0.0
2011-04-22 07:11:57-04:00,0.0
2011-04-22 07:12:00-04:00,0.0
2011-04-22 07:12:03-04:00,0.0
2011-04-22 07:12:06-04:00,0.0
2011-04-22 07:12:09-04:00,0.0
2011-04-22 07:12:12-04:00,0.0
2011-04-22 07:12:15-04:00,0.0
2011-04-22 07:12:18-04:00,0.0
2011-04-22 07:12:21-04:00,0.0
2011-04-22 07:12:24-04:00,0.0
2011-04-22 07:12:27-04:00,0.0
2011-04-22 07:12:30-04:00,0.0
2011-04-22 07:12:33-04:00,0.0
2011-04-22 07:12:36-04:00,0.0
2011-04-22 07:12:39-04:00,0.0
2011-04-22 07:12:42-04:00,0.0
2011-04-22 07:12:45-04:00,0.0
2011-04-22 07:12:48-04:00,0.0
2011-04-22 07:12:51-04:00,0.0
2011-04-22 07:12:54-04:00,0.0
2011-04-22 07:12:57-04:00,0.0
2011-04-22 07:13:00-04:00,0.0
2011-04-22 07:13:03-04:00,0.0
2011-04-22 07:13:06-04:00,0.0
2011-04-22 07:13:09-04:00,0.0
2011-04-22 07:13:12-04:00,0.0
2011-04-22 07:13:15-04:00,0.0
2011-04-22 07:13:18-04:00,0.0
2011-04-22 07:13:21-04:00,0.0
2011-04-22 07:13:24-04:00,0.0
2011-04-22 07:13:27-04:00,0.0
2011-04-22 07:13:30-04:00,0.0
2011-04-22 07:13:33-04:00,0.0
2011-04-22 07:13:36-04:00,0.0
2011-04-22 07:13:39-04:00,0.0
2011-04-22 07:13:42-04:00,0.0
2011-04-22 07:13:45-04:00,0.0
2011-04-22 07:13:48-04:00,0.0
2011-04-22 07:13:51-04:00,0.0
2011-04-22 07:13:54-04:00,0.0
2011-04-22 07:13:57-04:00,0.0
2011-04-22 07:14:00-04:00,0.0
2011-04-22 07:14:03-04:00,0.0
2011-04-22 07:14:06-04:00,0.0
2011-04-22 07:14:09-04:00,0.0
2011-04-22 07:14:12-04:00,0.0
2011-04-22 07:14:15-04:00,0.0
2011-04-22 07:14:18-04:00,0.0
2011-04-22 07:14:21-04:00,0.0
2011-04-22 07:14:24-04:00,0.0
2011-04-22 07:14:27-04:00,0.0
2011-04-22 07:14:30-04:00,0.0
2011-04-22 07:14:33-04:00,0.0
2011-04-22 07:14:36-04:00,0.0
2011-04-22 07:14:39-04:00,0.0
2011-04-22 07:14:42-04:00,0.0
2011-04-22 07:14:45-04:00,0.0
2011-04-22 07:14:48-04:00,0.0
2011-04-22 07:14:51-04:00,0.0
2011-04-22 07:14:54-04:00,0.0
2011-04-22 07:14:57-04:00,0.0
2011-04-22 07:15:00-04:00,0.0
2011-04-22 07:15:03-04:00,0.0
2011-04-22 07:15:06-04:00,0.0
2011-04-22 07:15:09-04:00,0.0
2011-04-22 07:15:12-04:00,0.0
2011-04-22 07:15:15-04:00,0.0
2011-04-22 07:15:18-04:00,0.0
2011-04-22 07:15:21-04:00,0.0
2011-04-22 07:15:24-04:00,0.0
2011-04-22 07:15:27-04:00,0.0
2011-04-22 07:15:30-04:00,0.0
2011-04-22 07:15:33-04:00,0.0
2011-04-22 07:15:36-04:00,0.0
2011-04-22 07:15:39-04:00,0.0
2011-04-22 07:15:42-04:00,0.0
2011-04-22 07:15:45-04:00,0.0
2011-04-22 07:15:48-04:00,0.0
2011-04-22 07:15:51-04:00,0.0
2011-04-22 07:15:54-04:00,0.0
2011-04-22 07:15:57-04:00,0.0
2011-04-22 07:16:00-04:00,0.0
2011-04-22 07:16:03-04:00,0.0
2011-04-22 07:16:06-04:00,0.0
2011-04-22 07:16:09-04:00,0.0
2011-04-22 07:16:12-04:00,0.0
2011-04-22 07:16:15-04:00,0.0
2011-04-22 07:16:18-04:00,0.0
2011-04-22 07:16:21-04:00,0.0
2011-04-22 07:16:24-04:00,0.0
2011-04-22 07:16:27-04:00,0.0
2011-04-22 07:16:30-04:00,0.0
2011-04-22 07:16:33-04:00,0.0
2011-04-22 07:16:36-04:00,0.0
2011-04-22 07:16:39-04:00,0.0
2011-04-22 07:16:42-04:00,0.0
2011-04-22 07:16:45-04:00,0.0
2011-04-22 07:16:48-04:00,0.0
2011-04-22 07:16:51-04:00,0.0
2011-04-22 07:16:54-04:00,0.0
2011-04-22 07:16:57-04:00,0.0
2011-04-22 07:17:00-04:00,0.0
2011-04-22 07:17:03-04:00,0.0
2011-04-22 07:17:06-04:00,0.0
2011-04-22 07:17:09-04:00,0.0
2011-04-22 07:17:12-04:00,0.0
2011-04-22 07:17:15-04:00,0.0
2011-04-22 07:17:18-04:00,0.0
2011-04-22 07:17:21-04:00,0.0
2011-04-22 07:17:24-04:00,0.0
2011-04-22 07:17:27-04:00,0.0
2011-04-22 07:17:30-04:00,0.0
2011-04-22 07:17:33-04:00,0.0
2011-04-22 07:17:36-04:00,0.0
2011-04-22 07:17:39-04:00,0.0
2011-04-22 07:17:42-04:00,0.0
2011-04-22 07:17:45-04:00,0.0
2011-04-22 07:17:48-04:00,0.0
2011-04-22 07:17:51-04:00,0.0
2011-04-22 07:17:54-04:00,0.0
2011-04-22 07:17:57-04:00,0.0
2011-04-22 07:18:00-04:00,0.0
2011-04-22 07:18:03-04:00,0.0
2011-04-22 07:18:06-04:00,0.0
2011-04-22 07:18:09-04:00,0.0
2011-04-22 07:18:12-04:00,0.0
2011-04-22 07:18:15-04:00,0.0
2011-04-22 07:18:18-04:00,0.0
2011-04-22 07:18:21-04:00,0.0
2011-04-22 07:18:24-04:00,0.0
2011-04-22 07:18:27-04:00,0.0
2011-04-22 07:18:30-04:00,0.0
2011-04-22 07:18:33-04:00,0.0
2011-04-22 07:18:36-04:00,0.0
2011-04-22 07:18:39-04:00,0.0
2011-04-22 07:18:42-04:00,0.0
2011-04-22 07:18:45-04:00,0.0
2011-04-22 07:18:48-04:00,0.0
2011-04-22 07:18:51-04:00,0.0
2011-04-22 07:18:54-04:00,0.0
2011-04-22 07:18:57-04:00,0.0
2011-04-22 07:19:00-04:00,0.0
2011-04-22 07:19:03-04:00,0.0
2011-04-22 07:19:06-04:00,0.0
2011-04-22 07:19:09-04:00,0.0
2011-04-22 07:19:12-04:00,0.0
2011-04-22 07:19:15-04:00,0.0
2011-04-22 07:19:18-04:00,0.0
2011-04-22 07:19:21-04:00,0.0
2011-04-22 07:19:24-04:00,0.0
2011-04-22 07:19:27-04:00,0.0
2011-04-22 07:19:30-04:00,0.0
2011-04-22 07:19:33-04:00,0.0
2011-04-22 07:19:36-04:00,0.0
2011-04-22 07:19:39-04:00,0.0
2011-04-22 07:19:42-04:00,0.0
2011-04-22 07:19:45-04:00,0.0
2011-04-22 07:19:48-04:00,0.0
2011-04-22 07:19:51-04:00,0.0
2011-04-22 07:19:54-04:00,0.0
2011-04-22 07:19:57-04:00,0.0
2011-04-22 07:20:00-04:00,0.0
2011-04-22 07:20:03-04:00,0.0
2011-04-22 07:20:06-04:00,0.0
2011-04-22 07:20:09-04:00,0.0
2011-04-22 07:20:12-04:00,0.0
2011-04-22 07:20:15-04:00,0.0
2011-04-22 07:20:18-04:00,0.0
2011-04-22 07:20:21-04:00,0.0
2011-04-22 07:20:24-04:00,0.0
2011-04-22 07:20:27-04:00,0.0
2011-04-22 07:20:30-04:00,0.0
2011-04-22 07:20:33-04:00,0.0
2011-04-22 07:20:36-04:00,0.0
2011-04-22 07:20:39-04:00,0.0
2011-04-22 07:20:42-04:00,0.0
2011-04-22 07:20:45-04:00,0.0
2011-04-22 07:20:48-04:00,0.0
2011-04-22 07:20:51-04:00,0.0
2011-04-22 07:20:54-04:00,0.0
2011-04-22 07:20:57-04:00,0.0
2011-04-22 07:21:00-04:00,0.0
2011-04-22 07:21:03-04:00,0.0
2011-04-22 07:21:06-04:00,0.0
2011-04-22 07:21:09-04:00,0.0
2011-04-22 07:21:12-04:00,0.0
2011-04-22 07:21:15-04:00,0.0
2011-04-22 07:21:18-04:00,0.0
2011-04-22 07:21:21-04:00,0.0
2011-04-22 07:21:24-04:00,0.0
2011-04-22 07:21:27-04:00,0.0
2011-04-22 07:21:30-04:00,0.0
2011-04-22 07:21:33-04:00,0.0
2011-04-22 07:21:36-04:00,0.0
2011-04-22 07:21:39-04:00,0.0
2011-04-22 07:21:42-04:00,0.0
2011-04-22 07:21:45-04:00,0.0
2011-04-22 07:21:48-04:00,0.0
2011-04-22 07:21:51-04:00,0.0
2011-04-22 07:21:54-04:00,0.0
2011-04-22 07:21:57-04:00,0.0
2011-04-22 07:22:00-04:00,0.0
2011-04-22 07:22:03-04:00,0.0
2011-04-22 07:22:06-04:00,0.0
2011-04-22 07:22:09-04:00,0.0
2011-04-22 07:22:12-04:00,0.0
2011-04-22 07:22:15-04:00,0.0
2011-04-22 07:22:18-04:00,0.0
2011-04-22 07:22:21-04:00,0.0
2011-04-22 07:22:24-04:00,0.0
2011-04-22 07:22:27-04:00,0.0
2011-04-22 07:22:30-04:00,0.0
2011-04-22 07:22:33-04:00,0.0
2011-04-22 07:22:36-04:00,0.0
2011-04-22 07:22:39-04:00,0.0
2011-04-22 07:22:42-04:00,0.0
2011-04-22 07:22:45-04:00,0.0
2011-04-22 07:22:48-04:00,0.0
2011-04-22 07:22:51-04:00,0.0
2011-04-22 07:22:54-04:00,0.0
2011-04-22 07:22:57-04:00,0.0
2011-04-22 07:23:00-04:00,0.0
2011-04-22 07:23:03-04:00,0.0
2011-04-22 07:23:06-04:00,0.0
2011-04-22 07:23:09-04:00,0.0
2011-04-22 07:23:12-04:00,0.0
2011-04-22 07:23:15-04:00,0.0
2011-04-22 07:23:18-04:00,0.0
2011-04-22 07:23:21-04:00,0.0
2011-04-22 07:23:24-04:00,0.0
2011-04-22 07:23:27-04:00,0.0
2011-04-22 07:23:30-04:00,0.0
2011-04-22 07:23:33-04:00,0.0
2011-04-22 07:23:36-04:00,0.0
2011-04-22 07:23:39-04:00,0.0
2011-04-22 07:23:42-04:00,0.0
2011-04-22 07:23:45-04:00,0.0
2011-04-22 07:23:48-04:00,0.0
2011-04-22 07:23:51-04:00,0.0
2011-04-22 07:23:54-04:00,0.0
2011-04-22 07:23:57-04:00,0.0
2011-04-22 07:24:00-04:00,0.0
2011-04-22 07:24:03-04:00,0.0
2011-04-22 07:24:06-04:00,0.0
2011-04-22 07:24:09-04:00,0.0
2011-04-22 07:24:12-04:00,0.0
2011-04-22 07:24:15-04:00,0.0
2011-04-22 07:24:18-04:00,0.0
2011-04-22 07:24:21-04:00,0.0
2011-04-22 07:24:24-04:00,0.0
2011-04-22 07:24:27-04:00,0.0
2011-04-22 07:24:30-04:00,0.0
2011-04-22 07:24:33-04:00,0.0
2011-04-22 07:24:36-04:00,0.0
2011-04-22 07:24:39-04:00,0.0
2011-04-22 07:24:42-04:00,0.0
2011-04-22 07:24:45-04:00,0.0
2011-04-22 07:24:48-04:00,0.0
2011-04-22 07:24:51-04:00,0.0
2011-04-22 07:24:54-04:00,0.0
2011-04-22 07:24:57-04:00,0.0
2011-04-22 07:25:00-04:00,0.0
2011-04-22 07:25:03-04:00,0.0
2011-04-22 07:25:06-04:00,0.0
2011-04-22 07:25:09-04:00,0.0
2011-04-22 07:25:12-04:00,0.0
2011-04-22 07:25:15-04:00,0.0
2011-04-22 07:25:18-04:00,0.0
2011-04-22 07:25:21-04:00,0.0
2011-04-22 07:25:24-04:00,0.0
2011-04-22 07:25:27-04:00,0.0
2011-04-22 07:25:30-04:00,0.0
2011-04-22 07:25:33-04:00,0.0
2011-04-22 07:25:36-04:00,0.0
2011-04-22 07:25:39-04:00,0.0
2011-04-22 07:25:42-04:00,0.0
2011-04-22 07:25:45-04:00,0.0
2011-04-22 07:25:48-04:00,0.0
2011-04-22 07:25:51-04:00,0.0
2011-04-22 07:25:54-04:00,0.0
2011-04-22 07:25:57-04:00,0.0
2011-04-22 07:26:00-04:00,0.0
2011-04-22 07:26:03-04:00,0.0
2011-04-22 07:26:06-04:00,0.0
2011-04-22 07:26:09-04:00,0.0
2011-04-22 07:26:12-04:00,0.0
2011-04-22 07:26:15-04:00,0.0
2011-04-22 07:26:18-04:00,0.0
2011-04-22 07:26:21-04:00,0.0
2011-04-22 07:26:24-04:00,0.0
2011-04-22 07:26:27-04:00,0.0
2011-04-22 07:26:30-04:00,0.0
2011-04-22 07:26:33-04:00,0.0
2011-04-22 07:26:36-04:00,0.0
2011-04-22 07:26:39-04:00,0.0
2011-04-22 07:26:42-04:00,0.0
2011-04-22 07:26:45-04:00,0.0
2011-04-22 07:26:48-04:00,0.0
2011-04-22 07:26:51-04:00,0.0
2011-04-22 07:26:54-04:00,0.0
2011-04-22 07:26:57-04:00,0.0
2011-04-22 07:27:00-04:00,0.0
2011-04-22 07:27:03-04:00,0.0
2011-04-22 07:27:06-04:00,0.0
2011-04-22 07:27:09-04:00,0.0
2011-04-22 07:27:12-04:00,0.0
2011-04-22 07:27:15-04:00,0.0
2011-04-22 07:27:18-04:00,8.25
2011-04-22 07:27:21-04:00,8.5
2011-04-22 07:27:24-04:00,6.0
2011-04-22 07:27:27-04:00,6.0
2011-04-22 07:27:30-04:00,6.0
2011-04-22 07:27:33-04:00,6.0
2011-04-22 07:27:36-04:00,5.75
2011-04-22 07:27:39-04:00,5.0
2011-04-22 07:27:42-04:00,6.0
2011-04-22 07:27:45-04:00,5.0
2011-04-22 07:27:48-04:00,5.0
2011-04-22 07:27:51-04:00,5.666666666666667
2011-04-22 07:27:54-04:00,6.0
2011-04-22 07:27:57-04:00,6.0
2011-04-22 07:28:00-04:00,6.0
2011-04-22 07:28:03-04:00,5.25
2011-04-22 07:28:06-04:00,5.0
2011-04-22 07:28:09-04:00,5.0
2011-04-22 07:28:12-04:00,5.25
2011-04-22 07:28:15-04:00,6.0
2011-04-22 07:28:18-04:00,5.0
2011-04-22 07:28:21-04:00,5.0
2011-04-22 07:28:24-04:00,5.5
2011-04-22 07:28:27-04:00,5.888888888888889
2011-04-22 07:28:30-04:00,5.555555555555555
2011-04-22 07:28:33-04:00,5.222222222222222
2011-04-22 07:28:36-04:00,5.0
2011-04-22 07:28:39-04:00,5.25
2011-04-22 07:28:42-04:00,6.0
2011-04-22 07:28:45-04:00,5.0
2011-04-22 07:28:48-04:00,5.0
2011-04-22 07:28:51-04:00,5.0
2011-04-22 07:28:54-04:00,5.0
2011-04-22 07:28:57-04:00,5.0
2011-04-22 07:29:00-04:00,5.0
2011-04-22 07:29:03-04:00,5.0
2011-04-22 07:29:06-04:00,5.0
2011-04-22 07:29:09-04:00,5.0
2011-04-22 07:29:12-04:00,5.0
2011-04-22 07:29:15-04:00,5.0
2011-04-22 07:29:18-04:00,5.0
2011-04-22 07:29:21-04:00,5.0
2011-04-22 07:29:24-04:00,5.0
2011-04-22 07:29:27-04:00,5.0
2011-04-22 07:29:30-04:00,5.0
2011-04-22 07:29:33-04:00,5.0
2011-04-22 07:29:36-04:00,5.0
2011-04-22 07:29:39-04:00,5.0
2011-04-22 07:29:42-04:00,5.0
2011-04-22 07:29:45-04:00,5.0
2011-04-22 07:29:48-04:00,5.0
2011-04-22 07:29:51-04:00,5.0
2011-04-22 07:29:54-04:00,5.0
2011-04-22 07:29:57-04:00,5.0
2011-04-22 07:30:00-04:00,5.0
2011-04-22 07:30:03-04:00,5.0
2011-04-22 07:30:06-04:00,5.0
2011-04-22 07:30:09-04:00,5.0
2011-04-22 07:30:12-04:00,5.0
2011-04-22 07:30:15-04:00,5.0
2011-04-22 07:30:18-04:00,3.75
2011-04-22 07:30:21-04:00,0.0
2011-04-22 07:30:24-04:00,0.0
2011-04-22 07:30:27-04:00,0.0
2011-04-22 07:30:30-04:00,0.0
2011-04-22 07:30:33-04:00,0.0
2011-04-22 07:30:36-04:00,0.0
2011-04-22 07:30:39-04:00,0.0
2011-04-22 07:30:42-04:00,0.0
2011-04-22 07:30:45-04:00,0.0
2011-04-22 07:30:48-04:00,0.25
2011-04-22 07:30:51-04:00,1.0
2011-04-22 07:30:54-04:00,0.25
2011-04-22 07:30:57-04:00,0.6666666666666666
2011-04-22 07:31:00-04:00,1.0
2011-04-22 07:31:03-04:00,0.6666666666666667
2011-04-22 07:31:06-04:00,0.0
2011-04-22 07:31:09-04:00,0.0
2011-04-22 07:31:12-04:00,0.0
2011-04-22 07:31:15-04:00,0.0
2011-04-22 07:31:18-04:00,0.0
2011-04-22 07:31:21-04:00,0.0
2011-04-22 07:31:24-04:00,0.0
2011-04-22 07:31:27-04:00,0.0
2011-04-22 07:31:30-04:00,0.0
2011-04-22 07:31:33-04:00,0.0
2011-04-22 07:31:36-04:00,0.0
2011-04-22 07:31:39-04:00,0.0
2011-04-22 07:31:42-04:00,0.0
2011-04-22 07:31:45-04:00,0.0
2011-04-22 07:31:48-04:00,0.0
2011-04-22 07:31:51-04:00,0.0
2011-04-22 07:31:54-04:00,0.0
2011-04-22 07:31:57-04:00,0.0
2011-04-22 07:32:00-04:00,0.0
2011-04-22 07:32:03-04:00,0.0
2011-04-22 07:32:06-04:00,0.0
2011-04-22 07:32:09-04:00,0.0
2011-04-22 07:32:12-04:00,0.0
2011-04-22 07:32:15-04:00,0.0
2011-04-22 07:32:18-04:00,0.0
2011-04-22 07:32:21-04:00,0.0
2011-04-22 07:32:24-04:00,0.0
2011-04-22 07:32:27-04:00,0.0
2011-04-22 07:32:30-04:00,0.0
2011-04-22 07:32:33-04:00,0.0
2011-04-22 07:32:36-04:00,0.0
2011-04-22 07:32:39-04:00,0.0
2011-04-22 07:32:42-04:00,0.0
2011-04-22 07:32:45-04:00,0.0
2011-04-22 07:32:48-04:00,0.0
2011-04-22 07:32:51-04:00,0.0
2011-04-22 07:32:54-04:00,0.0
2011-04-22 07:32:57-04:00,0.0
2011-04-22 07:33:00-04:00,0.0
2011-04-22 07:33:03-04:00,0.0
2011-04-22 07:33:06-04:00,0.0
2011-04-22 07:33:09-04:00,0.0
2011-04-22 07:33:12-04:00,0.0
2011-04-22 07:33:15-04:00,0.0
2011-04-22 07:33:18-04:00,0.0
2011-04-22 07:33:21-04:00,0.0
2011-04-22 07:33:24-04:00,0.0
2011-04-22 07:33:27-04:00,0.0
2011-04-22 07:33:30-04:00,0.0
2011-04-22 07:33:33-04:00,0.0
2011-04-22 07:33:36-04:00,0.0
2011-04-22 07:33:39-04:00,0.0
2011-04-22 07:33:42-04:00,0.0
2011-04-22 07:33:45-04:00,0.0
2011-04-22 07:33:48-04:00,0.0
2011-04-22 07:33:51-04:00,0.0
2011-04-22 07:33:54-04:00,0.0
2011-04-22 07:33:57-04:00,0.0
2011-04-22 07:34:00-04:00,0.0
2011-04-22 07:34:03-04:00,0.0
2011-04-22 07:34:06-04:00,0.0
2011-04-22 07:34:09-04:00,0.0
2011-04-22 07:34:12-04:00,0.0
2011-04-22 07:34:15-04:00,0.0
2011-04-22 07:34:18-04:00,0.0
2011-04-22 07:34:21-04:00,0.0
2011-04-22 07:34:24-04:00,0.0
2011-04-22 07:34:27-04:00,0.0
2011-04-22 07:34:30-04:00,0.0
2011-04-22 07:34:33-04:00,0.0
2011-04-22 07:34:36-04:00,0.0
2011-04-22 07:34:39-04:00,0.0
2011-04-22 07:34:42-04:00,0.0
2011-04-22 07:34:45-04:00,0.0
2011-04-22 07:34:48-04:00,0.0
2011-04-22 07:34:51-04:00,0.0
2011-04-22 07:34:54-04:00,0.0
2011-04-22 07:34:57-04:00,0.0
2011-04-22 07:35:00-04:00,0.0
2011-04-22 07:35:03-04:00,0.0
2011-04-22 07:35:06-04:00,0.5
2011-04-22 07:35:09-04:00,1.0
2011-04-22 07:35:12-04:00,0.75
2011-04-22 07:35:15-04:00,0.0
2011-04-22 07:35:18-04:00,0.0
2011-04-22 07:35:21-04:00,0.0
2011-04-22 07:35:24-04:00,0.6666666666666666
2011-04-22 07:35:27-04:00,0.7777777777777778
2011-04-22 07:35:30-04:00,0.4444444444444444
2011-04-22 07:35:33-04:00,0.11111111111111116
2011-04-22 07:35:36-04:00,0.0
2011-04-22 07:35:39-04:00,0.0
2011-04-22 07:35:42-04:00,0.0
2011-04-22 07:35:45-04:00,0.0
2011-04-22 07:35:48-04:00,0.0
2011-04-22 07:35:51-04:00,0.0
2011-04-22 07:35:54-04:00,0.0
2011-04-22 07:35:57-04:00,0.0
2011-04-22 07:36:00-04:00,0.0
2011-04-22 07:36:03-04:00,0.0
2011-04-22 07:36:06-04:00,0.0
2011-04-22 07:36:09-04:00,0.0
2011-04-22 07:36:12-04:00,0.0
2011-04-22 07:36:15-04:00,0.0
2011-04-22 07:36:18-04:00,0.0
2011-04-22 07:36:21-04:00,0.0
2011-04-22 07:36:24-04:00,0.0
2011-04-22 07:36:27-04:00,0.0
2011-04-22 07:36:30-04:00,0.0
2011-04-22 07:36:33-04:00,0.0
2011-04-22 07:36:36-04:00,0.0
2011-04-22 07:36:39-04:00,0.0
2011-04-22 07:36:42-04:00,0.0
2011-04-22 07:36:45-04:00,0.0
2011-04-22 07:36:48-04:00,0.0
2011-04-22 07:36:51-04:00,0.0
2011-04-22 07:36:54-04:00,0.0
2011-04-22 07:36:57-04:00,0.0
2011-04-22 07:37:00-04:00,0.0
2011-04-22 07:37:03-04:00,0.0
2011-04-22 07:37:06-04:00,0.0
2011-04-22 07:37:09-04:00,0.0
2011-04-22 07:37:12-04:00,0.0
2011-04-22 07:37:15-04:00,0.0
2011-04-22 07:37:18-04:00,0.0
2011-04-22 07:37:21-04:00,0.0
2011-04-22 07:37:24-04:00,0.0
2011-04-22 07:37:27-04:00,0.0
2011-04-22 07:37:30-04:00,0.0
2011-04-22 07:37:33-04:00,0.0
2011-04-22 07:37:36-04:00,0.0
2011-04-22 07:37:39-04:00,0.0
2011-04-22 07:37:42-04:00,0.0
2011-04-22 07:37:45-04:00,0.0
2011-04-22 07:37:48-04:00,0.0
2011-04-22 07:37:51-04:00,0.0
2011-04-22 07:37:54-04:00,0.0
2011-04-22 07:37:57-04:00,0.0
2011-04-22 07:38:00-04:00,0.0
2011-04-22 07:38:03-04:00,0.0
2011-04-22 07:38:06-04:00,0.0
2011-04-22 07:38:09-04:00,0.0
2011-04-22 07:38:12-04:00,0.0
2011-04-22 07:38:15-04:00,0.0
2011-04-22 07:38:18-04:00,0.0
2011-04-22 07:38:21-04:00,0.0
2011-04-22 07:38:24-04:00,0.0
2011-04-22 07:38:27-04:00,0.0
2011-04-22 07:38:30-04:00,0.0
2011-04-22 07:38:33-04:00,0.0
2011-04-22 07:38:36-04:00,0.0
2011-04-22 07:38:39-04:00,0.0
2011-04-22 07:38:42-04:00,0.0
2011-04-22 07:38:45-04:00,0.0
2011-04-22 07:38:48-04:00,0.0
2011-04-22 07:38:51-04:00,0.0
2011-04-22 07:38:54-04:00,0.0
2011-04-22 07:38:57-04:00,0.0
2011-04-22 07:39:00-04:00,0.0
2011-04-22 07:39:03-04:00,0.0
2011-04-22 07:39:06-04:00,0.0
2011-04-22 07:39:09-04:00,0.0
2011-04-22 07:39:12-04:00,0.0
2011-04-22 07:39:15-04:00,0.0
2011-04-22 07:39:18-04:00,0.0
2011-04-22 07:39:21-04:00,0.0
2011-04-22 07:39:24-04:00,0.0
2011-04-22 07:39:27-04:00,0.0
2011-04-22 07:39:30-04:00,0.0
2011-04-22 07:39:33-04:00,0.0
2011-04-22 07:39:36-04:00,0.0
2011-04-22 07:39:39-04:00,0.0
2011-04-22 07:39:42-04:00,0.0
2011-04-22 07:39:45-04:00,0.0
2011-04-22 07:39:48-04:00,0.0
2011-04-22 07:39:51-04:00,0.0
2011-04-22 07:39:54-04:00,0.0
2011-04-22 07:39:57-04:00,0.0
2011-04-22 07:40:00-04:00,0.0
2011-04-22 07:40:03-04:00,0.0
2011-04-22 07:40:06-04:00,0.0
2011-04-22 07:40:09-04:00,0.0
2011-04-22 07:40:12-04:00,0.0
2011-04-22 07:40:15-04:00,0.0
2011-04-22 07:40:18-04:00,0.0
2011-04-22 07:40:21-04:00,0.0
2011-04-22 07:40:24-04:00,0.0
2011-04-22 07:40:27-04:00,0.0
2011-04-22 07:40:30-04:00,0.0
2011-04-22 07:40:33-04:00,0.0
2011-04-22 07:40:36-04:00,0.0
2011-04-22 07:40:39-04:00,0.0
2011-04-22 07:40:42-04:00,0.0
2011-04-22 07:40:45-04:00,0.0
2011-04-22 07:40:48-04:00,0.0
2011-04-22 07:40:51-04:00,0.0
2011-04-22 07:40:54-04:00,0.0
2011-04-22 07:40:57-04:00,0.0
2011-04-22 07:41:00-04:00,0.0
2011-04-22 07:41:03-04:00,0.0
2011-04-22 07:41:06-04:00,0.0
2011-04-22 07:41:09-04:00,0.0
2011-04-22 07:41:12-04:00,0.0
2011-04-22 07:41:15-04:00,0.0
2011-04-22 07:41:18-04:00,0.0
2011-04-22 07:41:21-04:00,0.0
2011-04-22 07:41:24-04:00,0.0
2011-04-22 07:41:27-04:00,0.0
2011-04-22 07:41:30-04:00,0.0
2011-04-22 07:41:33-04:00,0.0
2011-04-22 07:41:36-04:00,0.0
2011-04-22 07:41:39-04:00,0.0
2011-04-22 07:41:42-04:00,0.0
2011-04-22 07:41:45-04:00,0.0
2011-04-22 07:41:48-04:00,0.0
2011-04-22 07:41:51-04:00,0.0
2011-04-22 07:41:54-04:00,0.0
2011-04-22 07:41:57-04:00,0.0
2011-04-22 07:42:00-04:00,0.0
2011-04-22 07:42:03-04:00,0.0
2011-04-22 07:42:06-04:00,0.0
2011-04-22 07:42:09-04:00,0.0
2011-04-22 07:42:12-04:00,0.0
2011-04-22 07:42:15-04:00,0.0
2011-04-22 07:42:18-04:00,0.0
2011-04-22 07:42:21-04:00,0.0
2011-04-22 07:42:24-04:00,0.0
2011-04-22 07:42:27-04:00,0.0
2011-04-22 07:42:30-04:00,0.0
2011-04-22 07:42:33-04:00,0.0
2011-04-22 07:42:36-04:00,0.0
2011-04-22 07:42:39-04:00,0.0
2011-04-22 07:42:42-04:00,0.0
2011-04-22 07:42:45-04:00,0.0
2011-04-22 07:42:48-04:00,0.0
2011-04-22 07:42:51-04:00,0.0
2011-04-22 07:42:54-04:00,0.0
2011-04-22 07:42:57-04:00,0.0
2011-04-22 07:43:00-04:00,0.0
2011-04-22 07:43:03-04:00,0.0
2011-04-22 07:43:06-04:00,0.0
2011-04-22 07:43:09-04:00,0.0
2011-04-22 07:43:12-04:00,0.0
2011-04-22 07:43:15-04:00,0.0
2011-04-22 07:43:18-04:00,0.0
2011-04-22 07:43:21-04:00,0.0
2011-04-22 07:43:24-04:00,0.0
2011-04-22 07:43:27-04:00,0.0
2011-04-22 07:43:30-04:00,0.0
2011-04-22 07:43:33-04:00,0.0
2011-04-22 07:43:36-04:00,0.0
2011-04-22 07:43:39-04:00,0.0
2011-04-22 07:43:42-04:00,0.0
2011-04-22 07:43:45-04:00,0.0
2011-04-22 07:43:48-04:00,0.0
2011-04-22 07:43:51-04:00,0.0
2011-04-22 07:43:54-04:00,0.0
2011-04-22 07:43:57-04:00,0.0
2011-04-22 07:44:00-04:00,0.0
2011-04-22 07:44:03-04:00,0.0
2011-04-22 07:44:06-04:00,0.0
2011-04-22 07:44:09-04:00,0.0
2011-04-22 07:44:12-04:00,0.0
2011-04-22 07:44:15-04:00,0.0
2011-04-22 07:44:18-04:00,0.0
2011-04-22 07:44:21-04:00,0.0
2011-04-22 07:44:24-04:00,0.0
2011-04-22 07:44:27-04:00,0.0
2011-04-22 07:44:30-04:00,0.0
2011-04-22 07:44:33-04:00,0.0
2011-04-22 07:44:36-04:00,0.0
2011-04-22 07:44:39-04:00,0.0
2011-04-22 07:44:42-04:00,0.0
2011-04-22 07:44:45-04:00,0.0
2011-04-22 07:44:48-04:00,0.0
2011-04-22 07:44:51-04:00,0.0
2011-04-22 07:44:54-04:00,0.0
2011-04-22 07:44:57-04:00,0.0
2011-04-22 07:45:00-04:00,0.0
2011-04-22 07:45:03-04:00,0.0
2011-04-22 07:45:06-04:00,0.0
2011-04-22 07:45:09-04:00,0.0
2011-04-22 07:45:12-04:00,0.0
2011-04-22 07:45:15-04:00,0.0
2011-04-22 07:45:18-04:00,0.0
2011-04-22 07:45:21-04:00,0.0
2011-04-22 07:45:24-04:00,0.0
2011-04-22 07:45:27-04:00,0.0
2011-04-22 07:45:30-04:00,0.0
2011-04-22 07:45:33-04:00,0.0
2011-04-22 07:45:36-04:00,0.0
2011-04-22 07:45:39-04:00,0.0
2011-04-22 07:45:42-04:00,0.0
2011-04-22 07:45:45-04:00,0.0
2011-04-22 07:45:48-04:00,0.0
2011-04-22 07:45:51-04:00,0.0
2011-04-22 07:45:54-04:00,0.0
2011-04-22 07:45:57-04:00,0.0
2011-04-22 07:46:00-04:00,0.0
2011-04-22 07:46:03-04:00,0.0
2011-04-22 07:46:06-04:00,0.0
2011-04-22 07:46:09-04:00,0.0
2011-04-22 07:46:12-04:00,0.0
2011-04-22 07:46:15-04:00,0.0
2011-04-22 07:46:18-04:00,0.0
2011-04-22 07:46:21-04:00,0.0
2011-04-22 07:46:24-04:00,0.0
2011-04-22 07:46:27-04:00,0.0
2011-04-22 07:46:30-04:00,0.0
2011-04-22 07:46:33-04:00,0.0
2011-04-22 07:46:36-04:00,0.0
2011-04-22 07:46:39-04:00,0.0
2011-04-22 07:46:42-04:00,0.0
2011-04-22 07:46:45-04:00,0.0
2011-04-22 07:46:48-04:00,0.0
2011-04-22 07:46:51-04:00,0.0
2011-04-22 07:46:54-04:00,0.0
2011-04-22 07:46:57-04:00,0.0
2011-04-22 07:47:00-04:00,0.0
2011-04-22 07:47:03-04:00,0.0
2011-04-22 07:47:06-04:00,0.0
2011-04-22 07:47:09-04:00,0.0
2011-04-22 07:47:12-04:00,0.0
2011-04-22 07:47:15-04:00,0.0
2011-04-22 07:47:18-04:00,0.0
2011-04-22 07:47:21-04:00,0.0
2011-04-22 07:47:24-04:00,0.0
2011-04-22 07:47:27-04:00,0.0
2011-04-22 07:47:30-04:00,0.0
2011-04-22 07:47:33-04:00,0.0
2011-04-22 07:47:36-04:00,0.0
2011-04-22 07:47:39-04:00,0.0
2011-04-22 07:47:42-04:00,0.0
2011-04-22 07:47:45-04:00,0.0
2011-04-22 07:47:48-04:00,0.0
2011-04-22 07:47:51-04:00,0.0
2011-04-22 07:47:54-04:00,0.0
2011-04-22 07:47:57-04:00,0.0
2011-04-22 07:48:00-04:00,0.0
2011-04-22 07:48:03-04:00,0.0
2011-04-22 07:48:06-04:00,0.0
2011-04-22 07:48:09-04:00,0.0
2011-04-22 07:48:12-04:00,0.0
2011-04-22 07:48:15-04:00,0.0
2011-04-22 07:48:18-04:00,0.0
2011-04-22 07:48:21-04:00,0.0
2011-04-22 07:48:24-04:00,0.0
2011-04-22 07:48:27-04:00,0.0
2011-04-22 07:48:30-04:00,0.0
2011-04-22 07:48:33-04:00,0.0
2011-04-22 07:48:36-04:00,0.0
2011-04-22 07:48:39-04:00,0.0
2011-04-22 07:48:42-04:00,0.0
2011-04-22 07:48:45-04:00,0.0
2011-04-22 07:48:48-04:00,0.0
2011-04-22 07:48:51-04:00,0.0
2011-04-22 07:48:54-04:00,0.0
2011-04-22 07:48:57-04:00,0.0
2011-04-22 07:49:00-04:00,0.0
2011-04-22 07:49:03-04:00,0.0
2011-04-22 07:49:06-04:00,0.0
2011-04-22 07:49:09-04:00,0.0
2011-04-22 07:49:12-04:00,0.0
2011-04-22 07:49:15-04:00,0.0
2011-04-22 07:49:18-04:00,0.0
2011-04-22 07:49:21-04:00,0.0
2011-04-22 07:49:24-04:00,0.0
2011-04-22 07:49:27-04:00,0.0
2011-04-22 07:49:30-04:00,0.0
2011-04-22 07:49:33-04:00,0.0
2011-04-22 07:49:36-04:00,0.0
2011-04-22 07:49:39-04:00,0.0
2011-04-22 07:49:42-04:00,0.0
2011-04-22 07:49:45-04:00,0.0
2011-04-22 07:49:48-04:00,0.0
2011-04-22 07:49:51-04:00,0.0
2011-04-22 07:49:54-04:00,0.0
2011-04-22 07:49:57-04:00,0.0
2011-04-22 07:50:00-04:00,0.0
2011-04-22 07:50:03-04:00,0.0
2011-04-22 07:50:06-04:00,0.0
2011-04-22 07:50:09-04:00,0.0
2011-04-22 07:50:12-04:00,0.0
2011-04-22 07:50:15-04:00,0.0
2011-04-22 07:50:18-04:00,0.0
2011-04-22 07:50:21-04:00,0.0
2011-04-22 07:50:24-04:00,0.0
2011-04-22 07:50:27-04:00,0.0
2011-04-22 07:50:30-04:00,0.0
2011-04-22 07:50:33-04:00,0.0
2011-04-22 07:50:36-04:00,0.0
2011-04-22 07:50:39-04:00,0.0
2011-04-22 07:50:42-04:00,0.0
2011-04-22 07:50:45-04:00,0.0
2011-04-22 07:50:48-04:00,0.0
2011-04-22 07:50:51-04:00,0.0
2011-04-22 07:50:54-04:00,0.0
2011-04-22 07:50:57-04:00,0.0
2011-04-22 07:51:00-04:00,0.0
2011-04-22 07:51:03-04:00,0.0
2011-04-22 07:51:06-04:00,0.0
2011-04-22 07:51:09-04:00,0.0
2011-04-22 07:51:12-04:00,0.0
2011-04-22 07:51:15-04:00,0.0
2011-04-22 07:51:18-04:00,0.0
2011-04-22 07:51:21-04:00,0.0
2011-04-22 07:51:24-04:00,0.0
2011-04-22 07:51:27-04:00,0.0
2011-04-22 07:51:30-04:00,0.0
2011-04-22 07:51:33-04:00,0.0
2011-04-22 07:51:36-04:00,0.0
2011-04-22 07:51:39-04:00,0.0
2011-04-22 07:51:42-04:00,0.0
2011-04-22 07:51:45-04:00,0.0
2011-04-22 07:51:48-04:00,0.0
2011-04-22 07:51:51-04:00,0.0
2011-04-22 07:51:54-04:00,0.0
2011-04-22 07:51:57-04:00,0.0
2011-04-22 07:52:00-04:00,0.0
2011-04-22 07:52:03-04:00,0.0
2011-04-22 07:52:06-04:00,0.0
2011-04-22 07:52:09-04:00,0.0
2011-04-22 07:52:12-04:00,0.0
2011-04-22 07:52:15-04:00,0.0
2011-04-22 07:52:18-04:00,0.0
2011-04-22 07:52:21-04:00,0.0
2011-04-22 07:52:24-04:00,0.0
2011-04-22 07:52:27-04:00,0.0
2011-04-22 07:52:30-04:00,0.0
2011-04-22 07:52:33-04:00,0.0
2011-04-22 07:52:36-04:00,0.0
2011-04-22 07:52:39-04:00,0.0
2011-04-22 07:52:42-04:00,0.0
2011-04-22 07:52:45-04:00,0.0
2011-04-22 07:52:48-04:00,0.0
2011-04-22 07:52:51-04:00,0.0
2011-04-22 07:52:54-04:00,0.0
2011-04-22 07:52:57-04:00,0.0
2011-04-22 07:53:00-04:00,0.0
2011-04-22 07:53:03-04:00,0.0
2011-04-22 07:53:06-04:00,0.0
2011-04-22 07:53:09-04:00,0.0
2011-04-22 07:53:12-04:00,0.0
2011-04-22 07:53:15-04:00,0.0
2011-04-22 07:53:18-04:00,0.0
2011-04-22 07:53:21-04:00,0.0
2011-04-22 07:53:24-04:00,0.0
2011-04-22 07:53:27-04:00,0.0
2011-04-22 07:53:30-04:00,0.0
2011-04-22 07:53:33-04:00,0.0
2011-04-22 07:53:36-04:00,0.0
2011-04-22 07:53:39-04:00,0.0
2011-04-22 07:53:42-04:00,0.0
2011-04-22 07:53:45-04:00,0.0
2011-04-22 07:53:48-04:00,0.0
2011-04-22 07:53:51-04:00,0.0
2011-04-22 07:53:54-04:00,0.0
2011-04-22 07:53:57-04:00,0.0
2011-04-22 07:54:00-04:00,0.0
2011-04-22 07:54:03-04:00,0.0
2011-04-22 07:54:06-04:00,0.0
2011-04-22 07:54:09-04:00,0.0
2011-04-22 07:54:12-04:00,0.0
2011-04-22 07:54:15-04:00,0.0
2011-04-22 07:54:18-04:00,0.0
2011-04-22 07:54:21-04:00,0.0
2011-04-22 07:54:24-04:00,0.0
2011-04-22 07:54:27-04:00,0.0
2011-04-22 07:54:30-04:00,0.0
2011-04-22 07:54:33-04:00,0.0
2011-04-22 07:54:36-04:00,0.0
2011-04-22 07:54:39-04:00,0.0
2011-04-22 07:54:42-04:00,0.0
2011-04-22 07:54:45-04:00,0.0
2011-04-22 07:54:48-04:00,0.0
2011-04-22 07:54:51-04:00,0.0
2011-04-22 07:54:54-04:00,0.0
2011-04-22 07:54:57-04:00,0.0
2011-04-22 07:55:00-04:00,0.0
2011-04-22 07:55:03-04:00,0.0
2011-04-22 07:55:06-04:00,0.0
2011-04-22 07:55:09-04:00,0.0
2011-04-22 07:55:12-04:00,0.0
2011-04-22 07:55:15-04:00,0.0
2011-04-22 07:55:18-04:00,0.0
2011-04-22 07:55:21-04:00,0.0
2011-04-22 07:55:24-04:00,0.0
2011-04-22 07:55:27-04:00,0.0
2011-04-22 07:55:30-04:00,0.0
2011-04-22 07:55:33-04:00,0.0
2011-04-22 07:55:36-04:00,0.0
2011-04-22 07:55:39-04:00,0.0
2011-04-22 07:55:42-04:00,0.0
2011-04-22 07:55:45-04:00,0.0
2011-04-22 07:55:48-04:00,0.0
2011-04-22 07:55:51-04:00,0.0
2011-04-22 07:55:54-04:00,0.0
2011-04-22 07:55:57-04:00,0.0
2011-04-22 07:56:00-04:00,0.0
2011-04-22 07:56:03-04:00,0.0
2011-04-22 07:56:06-04:00,0.0
2011-04-22 07:56:09-04:00,0.0
2011-04-22 07:56:12-04:00,0.0
2011-04-22 07:56:15-04:00,0.0
2011-04-22 07:56:18-04:00,0.0
2011-04-22 07:56:21-04:00,0.0
2011-04-22 07:56:24-04:00,0.0
2011-04-22 07:56:27-04:00,0.0
2011-04-22 07:56:30-04:00,0.0
2011-04-22 07:56:33-04:00,0.0
2011-04-22 07:56:36-04:00,0.0
2011-04-22 07:56:39-04:00,0.0
2011-04-22 07:56:42-04:00,0.0
2011-04-22 07:56:45-04:00,0.0
2011-04-22 07:56:48-04:00,0.0
2011-04-22 07:56:51-04:00,0.0
2011-04-22 07:56:54-04:00,0.0
2011-04-22 07:56:57-04:00,0.0
2011-04-22 07:57:00-04:00,0.0
2011-04-22 07:57:03-04:00,0.0
2011-04-22 07:57:06-04:00,0.0
2011-04-22 07:57:09-04:00,0.0
2011-04-22 07:57:12-04:00,0.0
2011-04-22 07:57:15-04:00,0.0
2011-04-22 07:57:18-04:00,0.0
2011-04-22 07:57:21-04:00,0.0
2011-04-22 07:57:24-04:00,0.0
2011-04-22 07:57:27-04:00,0.0
2011-04-22 07:57:30-04:00,0.0
2011-04-22 07:57:33-04:00,0.0
2011-04-22 07:57:36-04:00,0.0
2011-04-22 07:57:39-04:00,0.0
2011-04-22 07:57:42-04:00,0.0
2011-04-22 07:57:45-04:00,0.0
2011-04-22 07:57:48-04:00,0.0
2011-04-22 07:57:51-04:00,0.0
2011-04-22 07:57:54-04:00,0.0
2011-04-22 07:57:57-04:00,0.0
2011-04-22 07:58:00-04:00,0.0
2011-04-22 07:58:03-04:00,0.0
2011-04-22 07:58:06-04:00,0.0
2011-04-22 07:58:09-04:00,0.0
2011-04-22 07:58:12-04:00,0.0
2011-04-22 07:58:15-04:00,0.0
2011-04-22 07:58:18-04:00,0.0
2011-04-22 07:58:21-04:00,0.0
2011-04-22 07:58:24-04:00,0.0
2011-04-22 07:58:27-04:00,0.0
2011-04-22 07:58:30-04:00,0.0
2011-04-22 07:58:33-04:00,0.0
2011-04-22 07:58:36-04:00,0.0
2011-04-22 07:58:39-04:00,0.0
2011-04-22 07:58:42-04:00,0.0
2011-04-22 07:58:45-04:00,0.0
2011-04-22 07:58:48-04:00,0.0
2011-04-22 07:58:51-04:00,0.0
2011-04-22 07:58:54-04:00,0.0
2011-04-22 07:58:57-04:00,0.0
2011-04-22 07:59:00-04:00,0.0
2011-04-22 07:59:03-04:00,0.0
2011-04-22 07:59:06-04:00,0.0
2011-04-22 07:59:09-04:00,0.0
2011-04-22 07:59:12-04:00,0.0
2011-04-22 07:59:15-04:00,0.0
2011-04-22 07:59:18-04:00,0.0
2011-04-22 07:59:21-04:00,0.0
2011-04-22 07:59:24-04:00,0.0
2011-04-22 07:59:27-04:00,0.0
2011-04-22 07:59:30-04:00,0.0
2011-04-22 07:59:33-04:00,0.0
2011-04-22 07:59:36-04:00,0.0
2011-04-22 07:59:39-04:00,0.0
2011-04-22 07:59:42-04:00,0.0
2011-04-22 07:59:45-04:00,0.0
2011-04-22 07:59:48-04:00,0.0
2011-04-22 07:59:51-04:00,0.0
2011-04-22 07:59:54-04:00,0.0
2011-04-22 07:59:57-04:00,0.0
2011-04-22 08:00:00-04:00,0.0
2011-04-22 08:00:03-04:00,0.0
2011-04-22 08:00:06-04:00,0.0
2011-04-22 08:00:09-04:00,0.0
2011-04-22 08:00:12-04:00,0.0
2011-04-22 08:00:15-04:00,0.0
2011-04-22 08:00:18-04:00,0.0
2011-04-22 08:00:21-04:00,0.0
2011-04-22 08:00:24-04:00,0.0
2011-04-22 08:00:27-04:00,0.0
2011-04-22 08:00:30-04:00,0.0
2011-04-22 08:00:33-04:00,0.0
2011-04-22 08:00:36-04:00,0.0
2011-04-22 08:00:39-04:00,0.0
2011-04-22 08:00:42-04:00,0.0
2011-04-22 08:00:45-04:00,0.0
2011-04-22 08:00:48-04:00,0.0
2011-04-22 08:00:51-04:00,0.0
2011-04-22 08:00:54-04:00,0.0
2011-04-22 08:00:57-04:00,0.0
2011-04-22 08:01:00-04:00,0.0
2011-04-22 08:01:03-04:00,0.0
2011-04-22 08:01:06-04:00,0.0
2011-04-22 08:01:09-04:00,0.0
2011-04-22 08:01:12-04:00,0.0
2011-04-22 08:01:15-04:00,0.0
2011-04-22 08:01:18-04:00,0.0
2011-04-22 08:01:21-04:00,0.0
2011-04-22 08:01:24-04:00,0.0
2011-04-22 08:01:27-04:00,0.0
2011-04-22 08:01:30-04:00,0.0
2011-04-22 08:01:33-04:00,0.0
2011-04-22 08:01:36-04:00,0.0
2011-04-22 08:01:39-04:00,0.0
2011-04-22 08:01:42-04:00,0.0
2011-04-22 08:01:45-04:00,0.0
2011-04-22 08:01:48-04:00,0.0
2011-04-22 08:01:51-04:00,0.0
2011-04-22 08:01:54-04:00,0.0
2011-04-22 08:01:57-04:00,0.0
2011-04-22 08:02:00-04:00,0.0
2011-04-22 08:02:03-04:00,0.0
2011-04-22 08:02:06-04:00,0.0
2011-04-22 08:02:09-04:00,0.0
2011-04-22 08:02:12-04:00,0.0
2011-04-22 08:02:15-04:00,0.0
2011-04-22 08:02:18-04:00,0.0
2011-04-22 08:02:21-04:00,0.0
2011-04-22 08:02:24-04:00,0.0
2011-04-22 08:02:27-04:00,0.0
2011-04-22 08:02:30-04:00,0.0
2011-04-22 08:02:33-04:00,0.0
2011-04-22 08:02:36-04:00,0.0
2011-04-22 08:02:39-04:00,0.0
2011-04-22 08:02:42-04:00,0.0
2011-04-22 08:02:45-04:00,0.0
2011-04-22 08:02:48-04:00,0.0
2011-04-22 08:02:51-04:00,0.0
2011-04-22 08:02:54-04:00,0.0
2011-04-22 08:02:57-04:00,0.0
2011-04-22 08:03:00-04:00,0.0
2011-04-22 08:03:03-04:00,0.0
2011-04-22 08:03:06-04:00,0.0
2011-04-22 08:03:09-04:00,0.0
2011-04-22 08:03:12-04:00,0.0
2011-04-22 08:03:15-04:00,0.0
2011-04-22 08:03:18-04:00,0.0
2011-04-22 08:03:21-04:00,0.0
2011-04-22 08:03:24-04:00,0.0
2011-04-22 08:03:27-04:00,0.0
2011-04-22 08:03:30-04:00,0.0
2011-04-22 08:03:33-04:00,0.0
2011-04-22 08:03:36-04:00,0.0
2011-04-22 08:03:39-04:00,0.0
2011-04-22 08:03:42-04:00,0.0
2011-04-22 08:03:45-04:00,0.0
2011-04-22 08:03:48-04:00,0.0
2011-04-22 08:03:51-04:00,0.0
2011-04-22 08:03:54-04:00,0.0
2011-04-22 08:03:57-04:00,0.0
2011-04-22 08:04:00-04:00,0.0
2011-04-22 08:04:03-04:00,0.0
2011-04-22 08:04:06-04:00,0.0
2011-04-22 08:04:09-04:00,0.0
2011-04-22 08:04:12-04:00,0.0
2011-04-22 08:04:15-04:00,0.0
2011-04-22 08:04:18-04:00,0.0
2011-04-22 08:04:21-04:00,0.0
2011-04-22 08:04:24-04:00,0.0
2011-04-22 08:04:27-04:00,0.0
2011-04-22 08:04:30-04:00,0.0
2011-04-22 08:04:33-04:00,0.0
2011-04-22 08:04:36-04:00,0.0
2011-04-22 08:04:39-04:00,0.0
2011-04-22 08:04:42-04:00,0.0
2011-04-22 08:04:45-04:00,0.0
2011-04-22 08:04:48-04:00,0.0
2011-04-22 08:04:51-04:00,0.0
2011-04-22 08:04:54-04:00,0.0
2011-04-22 08:04:57-04:00,0.0
2011-04-22 08:05:00-04:00,0.0
2011-04-22 08:05:03-04:00,0.0
2011-04-22 08:05:06-04:00,0.0
2011-04-22 08:05:09-04:00,0.0
2011-04-22 08:05:12-04:00,0.0
2011-04-22 08:05:15-04:00,0.0
2011-04-22 08:05:18-04:00,0.0
2011-04-22 08:05:21-04:00,0.0
2011-04-22 08:05:24-04:00,0.0
2011-04-22 08:05:27-04:00,0.0
2011-04-22 08:05:30-04:00,0.0
2011-04-22 08:05:33-04:00,0.0
2011-04-22 08:05:36-04:00,0.0
2011-04-22 08:05:39-04:00,0.0
2011-04-22 08:05:42-04:00,0.0
2011-04-22 08:05:45-04:00,0.0
2011-04-22 08:05:48-04:00,0.0
2011-04-22 08:05:51-04:00,0.0
2011-04-22 08:05:54-04:00,0.0
2011-04-22 08:05:57-04:00,0.0
2011-04-22 08:06:00-04:00,0.0
2011-04-22 08:06:03-04:00,0.0
2011-04-22 08:06:06-04:00,0.0
2011-04-22 08:06:09-04:00,0.0
2011-04-22 08:06:12-04:00,0.0
2011-04-22 08:06:15-04:00,0.0
2011-04-22 08:06:18-04:00,0.0
2011-04-22 08:06:21-04:00,0.0
2011-04-22 08:06:24-04:00,0.0
2011-04-22 08:06:27-04:00,0.0
2011-04-22 08:06:30-04:00,0.0
2011-04-22 08:06:33-04:00,0.0
2011-04-22 08:06:36-04:00,0.0
2011-04-22 08:06:39-04:00,0.0
2011-04-22 08:06:42-04:00,0.0
2011-04-22 08:06:45-04:00,0.0
2011-04-22 08:06:48-04:00,0.0
2011-04-22 08:06:51-04:00,0.0
2011-04-22 08:06:54-04:00,0.0
2011-04-22 08:06:57-04:00,0.0
2011-04-22 08:07:00-04:00,0.0
2011-04-22 08:07:03-04:00,0.0
2011-04-22 08:07:06-04:00,0.0
2011-04-22 08:07:09-04:00,0.0
2011-04-22 08:07:12-04:00,0.0
2011-04-22 08:07:15-04:00,0.0
2011-04-22 08:07:18-04:00,0.0
2011-04-22 08:07:21-04:00,0.0
2011-04-22 08:07:24-04:00,0.0
2011-04-22 08:07:27-04:00,0.0
2011-04-22 08:07:30-04:00,0.0
2011-04-22 08:07:33-04:00,0.0
2011-04-22 08:07:36-04:00,0.0
2011-04-22 08:07:39-04:00,0.0
2011-04-22 08:07:42-04:00,0.0
2011-04-22 08:07:45-04:00,0.0
2011-04-22 08:07:48-04:00,0.0
2011-04-22 08:07:51-04:00,0.0
2011-04-22 08:07:54-04:00,0.0
2011-04-22 08:07:57-04:00,0.0
2011-04-22 08:08:00-04:00,0.0
2011-04-22 08:08:03-04:00,0.0
2011-04-22 08:08:06-04:00,0.0
2011-04-22 08:08:09-04:00,0.0
2011-04-22 08:08:12-04:00,0.0
2011-04-22 08:08:15-04:00,0.0
2011-04-22 08:08:18-04:00,0.0
2011-04-22 08:08:21-04:00,0.0
2011-04-22 08:08:24-04:00,0.0
2011-04-22 08:08:27-04:00,0.0
2011-04-22 08:08:30-04:00,0.0
2011-04-22 08:08:33-04:00,0.0
2011-04-22 08:08:36-04:00,0.0
2011-04-22 08:08:39-04:00,0.0
2011-04-22 08:08:42-04:00,0.0
2011-04-22 08:08:45-04:00,0.0
2011-04-22 08:08:48-04:00,0.0
2011-04-22 08:08:51-04:00,0.0
2011-04-22 08:08:54-04:00,0.0
2011-04-22 08:08:57-04:00,0.0
2011-04-22 08:09:00-04:00,0.0
2011-04-22 08:09:03-04:00,0.0
2011-04-22 08:09:06-04:00,0.0
2011-04-22 08:09:09-04:00,0.0
2011-04-22 08:09:12-04:00,0.0
2011-04-22 08:09:15-04:00,0.0
2011-04-22 08:09:18-04:00,0.0
2011-04-22 08:09:21-04:00,0.0
2011-04-22 08:09:24-04:00,0.0
2011-04-22 08:09:27-04:00,0.0
2011-04-22 08:09:30-04:00,0.0
2011-04-22 08:09:33-04:00,0.0
2011-04-22 08:09:36-04:00,0.0
2011-04-22 08:09:39-04:00,0.0
2011-04-22 08:09:42-04:00,0.0
2011-04-22 08:09:45-04:00,0.0
2011-04-22 08:09:48-04:00,0.0
2011-04-22 08:09:51-04:00,0.0
2011-04-22 08:09:54-04:00,0.0
2011-04-22 08:09:57-04:00,0.0
2011-04-22 08:10:00-04:00,0.0
2011-04-22 08:10:03-04:00,0.0
2011-04-22 08:10:06-04:00,0.0
2011-04-22 08:10:09-04:00,0.0
2011-04-22 08:10:12-04:00,0.0
2011-04-22 08:10:15-04:00,0.0
2011-04-22 08:10:18-04:00,0.0
2011-04-22 08:10:21-04:00,0.0
2011-04-22 08:10:24-04:00,0.0
2011-04-22 08:10:27-04:00,0.0
2011-04-22 08:10:30-04:00,0.0
2011-04-22 08:10:33-04:00,0.0
2011-04-22 08:10:36-04:00,0.0
2011-04-22 08:10:39-04:00,0.0
2011-04-22 08:10:42-04:00,0.0
2011-04-22 08:10:45-04:00,0.0
2011-04-22 08:10:48-04:00,0.0
2011-04-22 08:10:51-04:00,0.0
2011-04-22 08:10:54-04:00,0.0
2011-04-22 08:10:57-04:00,0.0
2011-04-22 08:11:00-04:00,0.0
2011-04-22 08:11:03-04:00,0.0
2011-04-22 08:11:06-04:00,0.0
2011-04-22 08:11:09-04:00,0.0
2011-04-22 08:11:12-04:00,0.0
2011-04-22 08:11:15-04:00,0.0
2011-04-22 08:11:18-04:00,0.0
2011-04-22 08:11:21-04:00,0.0
2011-04-22 08:11:24-04:00,0.0
2011-04-22 08:11:27-04:00,0.0
2011-04-22 08:11:30-04:00,0.0
2011-04-22 08:11:33-04:00,0.0
2011-04-22 08:11:36-04:00,0.0
2011-04-22 08:11:39-04:00,0.0
2011-04-22 08:11:42-04:00,0.0
2011-04-22 08:11:45-04:00,0.0
2011-04-22 08:11:48-04:00,0.0
2011-04-22 08:11:51-04:00,0.0
2011-04-22 08:11:54-04:00,0.0
2011-04-22 08:11:57-04:00,0.0
2011-04-22 08:12:00-04:00,0.0
2011-04-22 08:12:03-04:00,0.0
2011-04-22 08:12:06-04:00,0.0
2011-04-22 08:12:09-04:00,0.0
2011-04-22 08:12:12-04:00,0.0
2011-04-22 08:12:15-04:00,0.0
2011-04-22 08:12:18-04:00,0.0
2011-04-22 08:12:21-04:00,0.0
2011-04-22 08:12:24-04:00,0.0
2011-04-22 08:12:27-04:00,0.0
2011-04-22 08:12:30-04:00,0.0
2011-04-22 08:12:33-04:00,0.0
2011-04-22 08:12:36-04:00,0.0
2011-04-22 08:12:39-04:00,0.0
2011-04-22 08:12:42-04:00,0.0
2011-04-22 08:12:45-04:00,0.0
2011-04-22 08:12:48-04:00,0.0
2011-04-22 08:12:51-04:00,0.0
2011-04-22 08:12:54-04:00,0.0
2011-04-22 08:12:57-04:00,0.0
2011-04-22 08:13:00-04:00,0.0
2011-04-22 08:13:03-04:00,0.0
2011-04-22 08:13:06-04:00,0.0
2011-04-22 08:13:09-04:00,0.0
2011-04-22 08:13:12-04:00,0.0
2011-04-22 08:13:15-04:00,0.0
2011-04-22 08:13:18-04:00,0.0
2011-04-22 08:13:21-04:00,0.0
2011-04-22 08:13:24-04:00,0.0
2011-04-22 08:13:27-04:00,0.0
2011-04-22 08:13:30-04:00,0.0
2011-04-22 08:13:33-04:00,0.0
2011-04-22 08:13:36-04:00,0.0
2011-04-22 08:13:39-04:00,0.0
2011-04-22 08:13:42-04:00,0.0
2011-04-22 08:13:45-04:00,0.0
2011-04-22 08:13:48-04:00,0.0
2011-04-22 08:13:51-04:00,0.0
2011-04-22 08:13:54-04:00,0.0
2011-04-22 08:13:57-04:00,0.0
2011-04-22 08:14:00-04:00,0.0
2011-04-22 08:14:03-04:00,0.0
2011-04-22 08:14:06-04:00,0.0
2011-04-22 08:14:09-04:00,0.0
2011-04-22 08:14:12-04:00,0.0
2011-04-22 08:14:15-04:00,0.0
2011-04-22 08:14:18-04:00,0.0
2011-04-22 08:14:21-04:00,0.0
2011-04-22 08:14:24-04:00,0.0
2011-04-22 08:14:27-04:00,0.0
2011-04-22 08:14:30-04:00,0.0
2011-04-22 08:14:33-04:00,0.0
2011-04-22 08:14:36-04:00,0.0
2011-04-22 08:14:39-04:00,0.0
2011-04-22 08:14:42-04:00,0.0
2011-04-22 08:14:45-04:00,0.0
2011-04-22 08:14:48-04:00,0.0
2011-04-22 08:14:51-04:00,0.0
2011-04-22 08:14:54-04:00,0.0
2011-04-22 08:14:57-04:00,0.0
2011-04-22 08:15:00-04:00,0.0
2011-04-22 08:15:03-04:00,0.0
2011-04-22 08:15:06-04:00,0.0
2011-04-22 08:15:09-04:00,0.0
2011-04-22 08:15:12-04:00,0.0
2011-04-22 08:15:15-04:00,0.0
2011-04-22 08:15:18-04:00,0.0
2011-04-22 08:15:21-04:00,0.0
2011-04-22 08:15:24-04:00,0.0
2011-04-22 08:15:27-04:00,0.0
2011-04-22 08:15:30-04:00,0.0
2011-04-22 08:15:33-04:00,0.0
2011-04-22 08:15:36-04:00,0.0
2011-04-22 08:15:39-04:00,0.0
2011-04-22 08:15:42-04:00,0.0
2011-04-22 08:15:45-04:00,0.0
2011-04-22 08:15:48-04:00,0.0
2011-04-22 08:15:51-04:00,0.0
2011-04-22 08:15:54-04:00,0.0
2011-04-22 08:15:57-04:00,0.0
2011-04-22 08:16:00-04:00,0.0
2011-04-22 08:16:03-04:00,0.0
2011-04-22 08:16:06-04:00,0.0
2011-04-22 08:16:09-04:00,0.0
2011-04-22 08:16:12-04:00,0.0
2011-04-22 08:16:15-04:00,0.0
2011-04-22 08:16:18-04:00,0.0
2011-04-22 08:16:21-04:00,0.0
2011-04-22 08:16:24-04:00,0.0
2011-04-22 08:16:27-04:00,0.0
2011-04-22 08:16:30-04:00,0.0
2011-04-22 08:16:33-04:00,0.0
2011-04-22 08:16:36-04:00,0.0
2011-04-22 08:16:39-04:00,0.0
2011-04-22 08:16:42-04:00,0.0
2011-04-22 08:16:45-04:00,0.0
2011-04-22 08:16:48-04:00,0.0
2011-04-22 08:16:51-04:00,0.0
2011-04-22 08:16:54-04:00,0.0
2011-04-22 08:16:57-04:00,0.0
2011-04-22 08:17:00-04:00,0.0
2011-04-22 08:17:03-04:00,0.0
2011-04-22 08:17:06-04:00,0.0
2011-04-22 08:17:09-04:00,0.0
2011-04-22 08:17:12-04:00,0.0
2011-04-22 08:17:15-04:00,0.0
2011-04-22 08:17:18-04:00,0.0
2011-04-22 08:17:21-04:00,0.0
2011-04-22 08:17:24-04:00,0.0
2011-04-22 08:17:27-04:00,0.0
2011-04-22 08:17:30-04:00,0.0
2011-04-22 08:17:33-04:00,0.0
2011-04-22 08:17:36-04:00,0.0
2011-04-22 08:17:39-04:00,0.0
2011-04-22 08:17:42-04:00,0.0
2011-04-22 08:17:45-04:00,0.0
2011-04-22 08:17:48-04:00,0.0
2011-04-22 08:17:51-04:00,0.0
2011-04-22 08:17:54-04:00,0.0
2011-04-22 08:17:57-04:00,0.0
2011-04-22 08:18:00-04:00,0.0
2011-04-22 08:18:03-04:00,0.0
2011-04-22 08:18:06-04:00,0.0
2011-04-22 08:18:09-04:00,0.0
2011-04-22 08:18:12-04:00,0.0
2011-04-22 08:18:15-04:00,0.0
2011-04-22 08:18:18-04:00,0.0
2011-04-22 08:18:21-04:00,0.0
2011-04-22 08:18:24-04:00,0.0
2011-04-22 08:18:27-04:00,0.0
2011-04-22 08:18:30-04:00,0.0
2011-04-22 08:18:33-04:00,0.0
2011-04-22 08:18:36-04:00,0.0
2011-04-22 08:18:39-04:00,0.0
2011-04-22 08:18:42-04:00,0.0
2011-04-22 08:18:45-04:00,0.0
2011-04-22 08:18:48-04:00,0.0
2011-04-22 08:18:51-04:00,0.0
2011-04-22 08:18:54-04:00,0.0
2011-04-22 08:18:57-04:00,0.0
2011-04-22 08:19:00-04:00,0.0
2011-04-22 08:19:03-04:00,0.0
2011-04-22 08:19:06-04:00,0.0
2011-04-22 08:19:09-04:00,0.0
2011-04-22 08:19:12-04:00,0.0
2011-04-22 08:19:15-04:00,0.0
2011-04-22 08:19:18-04:00,0.0
2011-04-22 08:19:21-04:00,0.0
2011-04-22 08:19:24-04:00,0.0
2011-04-22 08:19:27-04:00,0.0
2011-04-22 08:19:30-04:00,0.0
2011-04-22 08:19:33-04:00,0.0
2011-04-22 08:19:36-04:00,0.0
2011-04-22 08:19:39-04:00,0.0
2011-04-22 08:19:42-04:00,0.0
2011-04-22 08:19:45-04:00,0.0
2011-04-22 08:19:48-04:00,0.0
2011-04-22 08:19:51-04:00,0.0
2011-04-22 08:19:54-04:00,0.0
2011-04-22 08:19:57-04:00,0.0
2011-04-22 08:20:00-04:00,0.0
2011-04-22 08:20:03-04:00,0.0
2011-04-22 08:20:06-04:00,0.0
2011-04-22 08:20:09-04:00,0.0
2011-04-22 08:20:12-04:00,0.0
2011-04-22 08:20:15-04:00,0.0
2011-04-22 08:20:18-04:00,0.0
2011-04-22 08:20:21-04:00,0.0
2011-04-22 08:20:24-04:00,0.0
2011-04-22 08:20:27-04:00,0.0
2011-04-22 08:20:30-04:00,0.0
2011-04-22 08:20:33-04:00,0.0
2011-04-22 08:20:36-04:00,0.0
2011-04-22 08:20:39-04:00,0.0
2011-04-22 08:20:42-04:00,0.0
2011-04-22 08:20:45-04:00,0.0
2011-04-22 08:20:48-04:00,0.0
2011-04-22 08:20:51-04:00,0.0
2011-04-22 08:20:54-04:00,0.0
2011-04-22 08:20:57-04:00,0.0
2011-04-22 08:21:00-04:00,0.0
2011-04-22 08:21:03-04:00,0.0
2011-04-22 08:21:06-04:00,0.0
2011-04-22 08:21:09-04:00,0.0
2011-04-22 08:21:12-04:00,0.0
2011-04-22 08:21:15-04:00,0.0
2011-04-22 08:21:18-04:00,0.0
2011-04-22 08:21:21-04:00,0.0
2011-04-22 08:21:24-04:00,0.0
2011-04-22 08:21:27-04:00,0.0
2011-04-22 08:21:30-04:00,0.0
2011-04-22 08:21:33-04:00,0.0
2011-04-22 08:21:36-04:00,0.0
2011-04-22 08:21:39-04:00,0.0
2011-04-22 08:21:42-04:00,0.0
2011-04-22 08:21:45-04:00,0.0
2011-04-22 08:21:48-04:00,0.0
2011-04-22 08:21:51-04:00,0.0
2011-04-22 08:21:54-04:00,0.0
2011-04-22 08:21:57-04:00,0.0
2011-04-22 08:22:00-04:00,0.0
2011-04-22 08:22:03-04:00,0.0
2011-04-22 08:22:06-04:00,0.0
2011-04-22 08:22:09-04:00,0.0
2011-04-22 08:22:12-04:00,0.0
2011-04-22 08:22:15-04:00,0.0
2011-04-22 08:22:18-04:00,0.0
2011-04-22 08:22:21-04:00,0.0
2011-04-22 08:22:24-04:00,0.0
2011-04-22 08:22:27-04:00,0.0
2011-04-22 08:22:30-04:00,0.0
2011-04-22 08:22:33-04:00,0.0
2011-04-22 08:22:36-04:00,0.0
2011-04-22 08:22:39-04:00,0.0
2011-04-22 08:22:42-04:00,0.0
2011-04-22 08:22:45-04:00,0.0
2011-04-22 08:22:48-04:00,0.0
2011-04-22 08:22:51-04:00,0.0
2011-04-22 08:22:54-04:00,0.0
2011-04-22 08:22:57-04:00,0.0
2011-04-22 08:23:00-04:00,0.0
2011-04-22 08:23:03-04:00,0.0
2011-04-22 08:23:06-04:00,0.0
2011-04-22 08:23:09-04:00,0.0
2011-04-22 08:23:12-04:00,0.0
2011-04-22 08:23:15-04:00,0.0
2011-04-22 08:23:18-04:00,0.0
2011-04-22 08:23:21-04:00,0.0
2011-04-22 08:23:24-04:00,0.0
2011-04-22 08:23:27-04:00,0.0
2011-04-22 08:23:30-04:00,0.0
2011-04-22 08:23:33-04:00,0.0
2011-04-22 08:23:36-04:00,0.0
2011-04-22 08:23:39-04:00,0.0
2011-04-22 08:23:42-04:00,0.0
2011-04-22 08:23:45-04:00,0.0
2011-04-22 08:23:48-04:00,0.0
2011-04-22 08:23:51-04:00,0.0
2011-04-22 08:23:54-04:00,0.0
2011-04-22 08:23:57-04:00,0.0
2011-04-22 08:24:00-04:00,0.0
2011-04-22 08:24:03-04:00,0.0
2011-04-22 08:24:06-04:00,0.0
2011-04-22 08:24:09-04:00,0.0
2011-04-22 08:24:12-04:00,0.0
2011-04-22 08:24:15-04:00,0.0
2011-04-22 08:24:18-04:00,0.0
2011-04-22 08:24:21-04:00,0.0
2011-04-22 08:24:24-04:00,0.0
2011-04-22 08:24:27-04:00,0.0
2011-04-22 08:24:30-04:00,0.0
2011-04-22 08:24:33-04:00,0.0
2011-04-22 08:24:36-04:00,0.0
2011-04-22 08:24:39-04:00,0.0
2011-04-22 08:24:42-04:00,0.0
2011-04-22 08:24:45-04:00,0.0
2011-04-22 08:24:48-04:00,0.0
2011-04-22 08:24:51-04:00,0.0
2011-04-22 08:24:54-04:00,0.0
2011-04-22 08:24:57-04:00,0.0
2011-04-22 08:25:00-04:00,0.0
2011-04-22 08:25:03-04:00,0.0
2011-04-22 08:25:06-04:00,0.0
2011-04-22 08:25:09-04:00,0.0
2011-04-22 08:25:12-04:00,0.0
2011-04-22 08:25:15-04:00,0.0
2011-04-22 08:25:18-04:00,0.0
2011-04-22 08:25:21-04:00,0.0
2011-04-22 08:25:24-04:00,0.0
2011-04-22 08:25:27-04:00,0.0
2011-04-22 08:25:30-04:00,0.0
2011-04-22 08:25:33-04:00,0.0
2011-04-22 08:25:36-04:00,0.0
2011-04-22 08:25:39-04:00,0.0
2011-04-22 08:25:42-04:00,0.0
2011-04-22 08:25:45-04:00,0.0
2011-04-22 08:25:48-04:00,0.0
2011-04-22 08:25:51-04:00,0.0
2011-04-22 08:25:54-04:00,0.0
2011-04-22 08:25:57-04:00,0.0
2011-04-22 08:26:00-04:00,0.0
2011-04-22 08:26:03-04:00,0.0
2011-04-22 08:26:06-04:00,0.0
2011-04-22 08:26:09-04:00,0.0
2011-04-22 08:26:12-04:00,0.0
2011-04-22 08:26:15-04:00,0.0
2011-04-22 08:26:18-04:00,0.0
2011-04-22 08:26:21-04:00,0.0
2011-04-22 08:26:24-04:00,0.0
2011-04-22 08:26:27-04:00,0.0
2011-04-22 08:26:30-04:00,0.0
2011-04-22 08:26:33-04:00,0.0
2011-04-22 08:26:36-04:00,0.0
2011-04-22 08:26:39-04:00,0.0
2011-04-22 08:26:42-04:00,0.0
2011-04-22 08:26:45-04:00,0.0
2011-04-22 08:26:48-04:00,0.0
2011-04-22 08:26:51-04:00,0.0
2011-04-22 08:26:54-04:00,0.0
2011-04-22 08:26:57-04:00,0.0
2011-04-22 08:27:00-04:00,0.0
2011-04-22 08:27:03-04:00,0.0
2011-04-22 08:27:06-04:00,0.0
2011-04-22 08:27:09-04:00,0.0
2011-04-22 08:27:12-04:00,0.0
2011-04-22 08:27:15-04:00,0.0
2011-04-22 08:27:18-04:00,0.0
2011-04-22 08:27:21-04:00,0.0
2011-04-22 08:27:24-04:00,0.0
2011-04-22 08:27:27-04:00,0.0
2011-04-22 08:27:30-04:00,0.0
2011-04-22 08:27:33-04:00,0.0
2011-04-22 08:27:36-04:00,0.0
2011-04-22 08:27:39-04:00,0.0
2011-04-22 08:27:42-04:00,0.0
2011-04-22 08:27:45-04:00,0.0
2011-04-22 08:27:48-04:00,0.0
2011-04-22 08:27:51-04:00,0.0
2011-04-22 08:27:54-04:00,0.0
2011-04-22 08:27:57-04:00,0.0
2011-04-22 08:28:00-04:00,0.0
2011-04-22 08:28:03-04:00,0.0
2011-04-22 08:28:06-04:00,0.0
2011-04-22 08:28:09-04:00,0.0
2011-04-22 08:28:12-04:00,0.0
2011-04-22 08:28:15-04:00,0.0
2011-04-22 08:28:18-04:00,0.0
2011-04-22 08:28:21-04:00,0.0
2011-04-22 08:28:24-04:00,0.0
2011-04-22 08:28:27-04:00,0.0
2011-04-22 08:28:30-04:00,0.0
2011-04-22 08:28:33-04:00,0.0
2011-04-22 08:28:36-04:00,0.0
2011-04-22 08:28:39-04:00,0.0
2011-04-22 08:28:42-04:00,0.0
2011-04-22 08:28:45-04:00,0.0
2011-04-22 08:28:48-04:00,0.0
2011-04-22 08:28:51-04:00,0.0
2011-04-22 08:28:54-04:00,0.0
2011-04-22 08:28:57-04:00,0.0
2011-04-22 08:29:00-04:00,0.0
2011-04-22 08:29:03-04:00,0.0
2011-04-22 08:29:06-04:00,0.0
2011-04-22 08:29:09-04:00,0.0
2011-04-22 08:29:12-04:00,0.0
2011-04-22 08:29:15-04:00,0.0
2011-04-22 08:29:18-04:00,0.0
2011-04-22 08:29:21-04:00,0.0
2011-04-22 08:29:24-04:00,0.0
2011-04-22 08:29:27-04:00,0.0
2011-04-22 08:29:30-04:00,0.0
2011-04-22 08:29:33-04:00,0.0
2011-04-22 08:29:36-04:00,0.0
2011-04-22 08:29:39-04:00,0.0
2011-04-22 08:29:42-04:00,0.0
2011-04-22 08:29:45-04:00,0.0
2011-04-22 08:29:48-04:00,0.0
2011-04-22 08:29:51-04:00,0.0
2011-04-22 08:29:54-04:00,0.0
2011-04-22 08:29:57-04:00,0.0
2011-04-22 08:30:00-04:00,0.0
2011-04-22 08:30:03-04:00,0.0
2011-04-22 08:30:06-04:00,0.0
2011-04-22 08:30:09-04:00,0.0
2011-04-22 08:30:12-04:00,0.0
2011-04-22 08:30:15-04:00,0.0
2011-04-22 08:30:18-04:00,0.0
2011-04-22 08:30:21-04:00,0.0
2011-04-22 08:30:24-04:00,0.0
2011-04-22 08:30:27-04:00,0.0
2011-04-22 08:30:30-04:00,0.0
2011-04-22 08:30:33-04:00,0.0
2011-04-22 08:30:36-04:00,0.0
2011-04-22 08:30:39-04:00,0.0
2011-04-22 08:30:42-04:00,0.0
2011-04-22 08:30:45-04:00,0.0
2011-04-22 08:30:48-04:00,0.0
2011-04-22 08:30:51-04:00,0.0
2011-04-22 08:30:54-04:00,0.0
2011-04-22 08:30:57-04:00,0.0
2011-04-22 08:31:00-04:00,0.0
2011-04-22 08:31:03-04:00,0.0
2011-04-22 08:31:06-04:00,0.0
2011-04-22 08:31:09-04:00,0.0
2011-04-22 08:31:12-04:00,0.0
2011-04-22 08:31:15-04:00,0.0
2011-04-22 08:31:18-04:00,0.0
2011-04-22 08:31:21-04:00,0.0
2011-04-22 08:31:24-04:00,0.0
2011-04-22 08:31:27-04:00,0.0
2011-04-22 08:31:30-04:00,0.0
2011-04-22 08:31:33-04:00,0.0
2011-04-22 08:31:36-04:00,0.0
2011-04-22 08:31:39-04:00,0.0
2011-04-22 08:31:42-04:00,0.0
2011-04-22 08:31:45-04:00,0.0
2011-04-22 08:31:48-04:00,0.0
2011-04-22 08:31:51-04:00,0.0
2011-04-22 08:31:54-04:00,0.0
2011-04-22 08:31:57-04:00,0.0
2011-04-22 08:32:00-04:00,0.0
2011-04-22 08:32:03-04:00,0.0
2011-04-22 08:32:06-04:00,0.0
2011-04-22 08:32:09-04:00,0.0
2011-04-22 08:32:12-04:00,0.0
2011-04-22 08:32:15-04:00,0.0
2011-04-22 08:32:18-04:00,0.0
2011-04-22 08:32:21-04:00,0.0
2011-04-22 08:32:24-04:00,0.0
2011-04-22 08:32:27-04:00,0.0
2011-04-22 08:32:30-04:00,0.0
2011-04-22 08:32:33-04:00,0.0
2011-04-22 08:32:36-04:00,0.0
2011-04-22 08:32:39-04:00,0.0
2011-04-22 08:32:42-04:00,0.0
2011-04-22 08:32:45-04:00,0.0
2011-04-22 08:32:48-04:00,0.0
2011-04-22 08:32:51-04:00,0.0
2011-04-22 08:32:54-04:00,0.0
2011-04-22 08:32:57-04:00,0.0
2011-04-22 08:33:00-04:00,0.0
2011-04-22 08:33:03-04:00,0.0
2011-04-22 08:33:06-04:00,0.0
2011-04-22 08:33:09-04:00,0.0
2011-04-22 08:33:12-04:00,0.0
2011-04-22 08:33:15-04:00,0.0
2011-04-22 08:33:18-04:00,0.0
2011-04-22 08:33:21-04:00,0.0
2011-04-22 08:33:24-04:00,0.0
2011-04-22 08:33:27-04:00,0.0
2011-04-22 08:33:30-04:00,0.0
2011-04-22 08:33:33-04:00,0.0
2011-04-22 08:33:36-04:00,0.0
2011-04-22 08:33:39-04:00,0.0
2011-04-22 08:33:42-04:00,0.0
2011-04-22 08:33:45-04:00,0.0
2011-04-22 08:33:48-04:00,0.0
2011-04-22 08:33:51-04:00,0.0
2011-04-22 08:33:54-04:00,0.0
2011-04-22 08:33:57-04:00,0.0
2011-04-22 08:34:00-04:00,0.0
2011-04-22 08:34:03-04:00,0.0
2011-04-22 08:34:06-04:00,0.0
2011-04-22 08:34:09-04:00,0.0
2011-04-22 08:34:12-04:00,0.0
2011-04-22 08:34:15-04:00,0.0
2011-04-22 08:34:18-04:00,0.0
2011-04-22 08:34:21-04:00,0.0
2011-04-22 08:34:24-04:00,0.0
2011-04-22 08:34:27-04:00,0.0
2011-04-22 08:34:30-04:00,0.0
2011-04-22 08:34:33-04:00,0.0
2011-04-22 08:34:36-04:00,0.0
2011-04-22 08:34:39-04:00,0.0
2011-04-22 08:34:42-04:00,0.0
2011-04-22 08:34:45-04:00,0.0
2011-04-22 08:34:48-04:00,0.0
2011-04-22 08:34:51-04:00,0.0
2011-04-22 08:34:54-04:00,0.0
2011-04-22 08:34:57-04:00,0.0
2011-04-22 08:35:00-04:00,0.0
2011-04-22 08:35:03-04:00,0.0
2011-04-22 08:35:06-04:00,0.0
2011-04-22 08:35:09-04:00,0.0
2011-04-22 08:35:12-04:00,0.0
2011-04-22 08:35:15-04:00,0.0
2011-04-22 08:35:18-04:00,0.0
2011-04-22 08:35:21-04:00,0.0
2011-04-22 08:35:24-04:00,0.0
2011-04-22 08:35:27-04:00,0.0
2011-04-22 08:35:30-04:00,0.0
2011-04-22 08:35:33-04:00,0.0
2011-04-22 08:35:36-04:00,0.0
2011-04-22 08:35:39-04:00,0.0
2011-04-22 08:35:42-04:00,0.0
2011-04-22 08:35:45-04:00,0.0
2011-04-22 08:35:48-04:00,0.0
2011-04-22 08:35:51-04:00,0.0
2011-04-22 08:35:54-04:00,0.0
2011-04-22 08:35:57-04:00,0.0
2011-04-22 08:36:00-04:00,0.0
2011-04-22 08:36:03-04:00,0.0
2011-04-22 08:36:06-04:00,0.0
2011-04-22 08:36:09-04:00,0.0
2011-04-22 08:36:12-04:00,0.0
2011-04-22 08:36:15-04:00,0.0
2011-04-22 08:36:18-04:00,0.0
2011-04-22 08:36:21-04:00,0.0
2011-04-22 08:36:24-04:00,0.0
2011-04-22 08:36:27-04:00,0.0
2011-04-22 08:36:30-04:00,0.0
2011-04-22 08:36:33-04:00,0.0
2011-04-22 08:36:36-04:00,0.0
2011-04-22 08:36:39-04:00,0.0
2011-04-22 08:36:42-04:00,0.0
2011-04-22 08:36:45-04:00,0.0
2011-04-22 08:36:48-04:00,0.0
2011-04-22 08:36:51-04:00,0.0
2011-04-22 08:36:54-04:00,0.0
2011-04-22 08:36:57-04:00,0.0
2011-04-22 08:37:00-04:00,0.0
2011-04-22 08:37:03-04:00,0.0
2011-04-22 08:37:06-04:00,0.0
2011-04-22 08:37:09-04:00,0.0
2011-04-22 08:37:12-04:00,0.0
2011-04-22 08:37:15-04:00,0.0
2011-04-22 08:37:18-04:00,0.0
2011-04-22 08:37:21-04:00,0.0
2011-04-22 08:37:24-04:00,0.0
2011-04-22 08:37:27-04:00,0.0
2011-04-22 08:37:30-04:00,0.0
2011-04-22 08:37:33-04:00,0.0
2011-04-22 08:37:36-04:00,0.0
2011-04-22 08:37:39-04:00,0.0
2011-04-22 08:37:42-04:00,0.0
2011-04-22 08:37:45-04:00,0.0
2011-04-22 08:37:48-04:00,0.0
2011-04-22 08:37:51-04:00,0.0
2011-04-22 08:37:54-04:00,0.0
2011-04-22 08:37:57-04:00,0.0
2011-04-22 08:38:00-04:00,0.0
2011-04-22 08:38:03-04:00,0.0
2011-04-22 08:38:06-04:00,0.0
2011-04-22 08:38:09-04:00,0.0
2011-04-22 08:38:12-04:00,0.0
2011-04-22 08:38:15-04:00,0.0
2011-04-22 08:38:18-04:00,0.0
2011-04-22 08:38:21-04:00,0.0
2011-04-22 08:38:24-04:00,0.0
2011-04-22 08:38:27-04:00,0.0
2011-04-22 08:38:30-04:00,0.0
2011-04-22 08:38:33-04:00,0.0
2011-04-22 08:38:36-04:00,0.0
2011-04-22 08:38:39-04:00,0.0
2011-04-22 08:38:42-04:00,0.0
2011-04-22 08:38:45-04:00,0.0
2011-04-22 08:38:48-04:00,0.0
2011-04-22 08:38:51-04:00,0.0
2011-04-22 08:38:54-04:00,0.0
2011-04-22 08:38:57-04:00,0.0
2011-04-22 08:39:00-04:00,0.0
2011-04-22 08:39:03-04:00,0.0
2011-04-22 08:39:06-04:00,0.0
2011-04-22 08:39:09-04:00,0.0
2011-04-22 08:39:12-04:00,0.0
2011-04-22 08:39:15-04:00,0.0
2011-04-22 08:39:18-04:00,0.0
2011-04-22 08:39:21-04:00,0.0
2011-04-22 08:39:24-04:00,0.0
2011-04-22 08:39:27-04:00,0.0
2011-04-22 08:39:30-04:00,0.0
2011-04-22 08:39:33-04:00,0.0
2011-04-22 08:39:36-04:00,0.0
2011-04-22 08:39:39-04:00,0.0
2011-04-22 08:39:42-04:00,0.0
2011-04-22 08:39:45-04:00,0.0
2011-04-22 08:39:48-04:00,0.0
2011-04-22 08:39:51-04:00,0.0
2011-04-22 08:39:54-04:00,0.0
2011-04-22 08:39:57-04:00,0.0
2011-04-22 08:40:00-04:00,0.0
2011-04-22 08:40:03-04:00,0.0
2011-04-22 08:40:06-04:00,0.0
2011-04-22 08:40:09-04:00,0.0
2011-04-22 08:40:12-04:00,0.0
2011-04-22 08:40:15-04:00,0.0
2011-04-22 08:40:18-04:00,0.0
2011-04-22 08:40:21-04:00,0.0
2011-04-22 08:40:24-04:00,0.0
2011-04-22 08:40:27-04:00,0.0
2011-04-22 08:40:30-04:00,0.0
2011-04-22 08:40:33-04:00,0.0
2011-04-22 08:40:36-04:00,0.0
2011-04-22 08:40:39-04:00,0.0
2011-04-22 08:40:42-04:00,0.0
2011-04-22 08:40:45-04:00,0.0
2011-04-22 08:40:48-04:00,0.0
2011-04-22 08:40:51-04:00,0.0
2011-04-22 08:40:54-04:00,0.0
2011-04-22 08:40:57-04:00,0.0
2011-04-22 08:41:00-04:00,0.0
2011-04-22 08:41:03-04:00,0.0
2011-04-22 08:41:06-04:00,0.0
2011-04-22 08:41:09-04:00,0.0
2011-04-22 08:41:12-04:00,0.0
2011-04-22 08:41:15-04:00,0.0
2011-04-22 08:41:18-04:00,0.0
2011-04-22 08:41:21-04:00,0.0
2011-04-22 08:41:24-04:00,0.0
2011-04-22 08:41:27-04:00,0.0
2011-04-22 08:41:30-04:00,0.0
2011-04-22 08:41:33-04:00,0.0
2011-04-22 08:41:36-04:00,0.0
2011-04-22 08:41:39-04:00,0.0
2011-04-22 08:41:42-04:00,0.0
2011-04-22 08:41:45-04:00,0.0
2011-04-22 08:41:48-04:00,0.0
2011-04-22 08:41:51-04:00,0.0
2011-04-22 08:41:54-04:00,0.0
2011-04-22 08:41:57-04:00,0.0
2011-04-22 08:42:00-04:00,0.0
2011-04-22 08:42:03-04:00,0.0
2011-04-22 08:42:06-04:00,0.0
2011-04-22 08:42:09-04:00,0.0
2011-04-22 08:42:12-04:00,0.0
2011-04-22 08:42:15-04:00,0.0
2011-04-22 08:42:18-04:00,0.0
2011-04-22 08:42:21-04:00,0.0
2011-04-22 08:42:24-04:00,0.0
2011-04-22 08:42:27-04:00,0.0
2011-04-22 08:42:30-04:00,0.0
2011-04-22 08:42:33-04:00,0.0
2011-04-22 08:42:36-04:00,0.0
2011-04-22 08:42:39-04:00,0.0
2011-04-22 08:42:42-04:00,0.0
2011-04-22 08:42:45-04:00,0.0
2011-04-22 08:42:48-04:00,0.0
2011-04-22 08:42:51-04:00,0.0
2011-04-22 08:42:54-04:00,0.0
2011-04-22 08:42:57-04:00,0.0
2011-04-22 08:43:00-04:00,0.0
2011-04-22 08:43:03-04:00,0.0
2011-04-22 08:43:06-04:00,0.0
2011-04-22 08:43:09-04:00,0.0
2011-04-22 08:43:12-04:00,0.0
2011-04-22 08:43:15-04:00,0.0
2011-04-22 08:43:18-04:00,0.0
2011-04-22 08:43:21-04:00,0.0
2011-04-22 08:43:24-04:00,0.0
2011-04-22 08:43:27-04:00,0.0
2011-04-22 08:43:30-04:00,0.0
2011-04-22 08:43:33-04:00,0.0
2011-04-22 08:43:36-04:00,0.0
2011-04-22 08:43:39-04:00,0.0
2011-04-22 08:43:42-04:00,0.0
2011-04-22 08:43:45-04:00,0.0
2011-04-22 08:43:48-04:00,0.0
2011-04-22 08:43:51-04:00,0.0
2011-04-22 08:43:54-04:00,0.0
2011-04-22 08:43:57-04:00,0.0
2011-04-22 08:44:00-04:00,0.0
2011-04-22 08:44:03-04:00,0.0
2011-04-22 08:44:06-04:00,0.0
2011-04-22 08:44:09-04:00,0.0
2011-04-22 08:44:12-04:00,0.0
2011-04-22 08:44:15-04:00,0.0
2011-04-22 08:44:18-04:00,0.0
2011-04-22 08:44:21-04:00,0.0
2011-04-22 08:44:24-04:00,0.0
2011-04-22 08:44:27-04:00,0.0
2011-04-22 08:44:30-04:00,0.0
2011-04-22 08:44:33-04:00,0.0
2011-04-22 08:44:36-04:00,0.0
2011-04-22 08:44:39-04:00,0.0
2011-04-22 08:44:42-04:00,0.0
2011-04-22 08:44:45-04:00,0.0
2011-04-22 08:44:48-04:00,0.0
2011-04-22 08:44:51-04:00,0.0
2011-04-22 08:44:54-04:00,0.0
2011-04-22 08:44:57-04:00,0.0
2011-04-22 08:45:00-04:00,0.0
2011-04-22 08:45:03-04:00,0.0
2011-04-22 08:45:06-04:00,0.0
2011-04-22 08:45:09-04:00,0.0
2011-04-22 08:45:12-04:00,0.0
2011-04-22 08:45:15-04:00,0.0
2011-04-22 08:45:18-04:00,0.0
2011-04-22 08:45:21-04:00,0.0
2011-04-22 08:45:24-04:00,0.0
2011-04-22 08:45:27-04:00,0.0
2011-04-22 08:45:30-04:00,0.0
2011-04-22 08:45:33-04:00,0.0
2011-04-22 08:45:36-04:00,0.0
2011-04-22 08:45:39-04:00,0.0
2011-04-22 08:45:42-04:00,0.0
2011-04-22 08:45:45-04:00,0.0
2011-04-22 08:45:48-04:00,0.0
2011-04-22 08:45:51-04:00,0.0
2011-04-22 08:45:54-04:00,0.0
2011-04-22 08:45:57-04:00,0.0
2011-04-22 08:46:00-04:00,0.0
2011-04-22 08:46:03-04:00,0.0
2011-04-22 08:46:06-04:00,0.0
2011-04-22 08:46:09-04:00,0.0
2011-04-22 08:46:12-04:00,0.0
2011-04-22 08:46:15-04:00,0.0
2011-04-22 08:46:18-04:00,0.0
2011-04-22 08:46:21-04:00,0.0
2011-04-22 08:46:24-04:00,0.0
2011-04-22 08:46:27-04:00,0.0
2011-04-22 08:46:30-04:00,0.0
2011-04-22 08:46:33-04:00,0.0
2011-04-22 08:46:36-04:00,0.0
2011-04-22 08:46:39-04:00,0.0
2011-04-22 08:46:42-04:00,0.0
2011-04-22 08:46:45-04:00,0.0
2011-04-22 08:46:48-04:00,0.0
2011-04-22 08:46:51-04:00,0.0
2011-04-22 08:46:54-04:00,0.0
2011-04-22 08:46:57-04:00,0.0
2011-04-22 08:47:00-04:00,0.0
2011-04-22 08:47:03-04:00,0.0
2011-04-22 08:47:06-04:00,0.0
2011-04-22 08:47:09-04:00,0.0
2011-04-22 08:47:12-04:00,0.0
2011-04-22 08:47:15-04:00,0.0
2011-04-22 08:47:18-04:00,0.0
2011-04-22 08:47:21-04:00,0.0
2011-04-22 08:47:24-04:00,0.0
2011-04-22 08:47:27-04:00,0.0
2011-04-22 08:47:30-04:00,0.0
2011-04-22 08:47:33-04:00,0.0
2011-04-22 08:47:36-04:00,0.0
2011-04-22 08:47:39-04:00,0.0
2011-04-22 08:47:42-04:00,0.0
2011-04-22 08:47:45-04:00,0.0
2011-04-22 08:47:48-04:00,0.0
2011-04-22 08:47:51-04:00,0.0
2011-04-22 08:47:54-04:00,0.0
2011-04-22 08:47:57-04:00,0.0
2011-04-22 08:48:00-04:00,0.0
2011-04-22 08:48:03-04:00,0.0
2011-04-22 08:48:06-04:00,0.0
2011-04-22 08:48:09-04:00,0.0
2011-04-22 08:48:12-04:00,0.0
2011-04-22 08:48:15-04:00,0.0
2011-04-22 08:48:18-04:00,0.0
2011-04-22 08:48:21-04:00,0.0
2011-04-22 08:48:24-04:00,0.0
2011-04-22 08:48:27-04:00,0.0
2011-04-22 08:48:30-04:00,0.0
2011-04-22 08:48:33-04:00,0.0
2011-04-22 08:48:36-04:00,0.0
2011-04-22 08:48:39-04:00,0.0
2011-04-22 08:48:42-04:00,0.0
2011-04-22 08:48:45-04:00,0.0
2011-04-22 08:48:48-04:00,0.0
2011-04-22 08:48:51-04:00,0.0
2011-04-22 08:48:54-04:00,0.0
2011-04-22 08:48:57-04:00,0.0
2011-04-22 08:49:00-04:00,0.0
2011-04-22 08:49:03-04:00,0.0
2011-04-22 08:49:06-04:00,0.0
2011-04-22 08:49:09-04:00,0.0
2011-04-22 08:49:12-04:00,0.0
2011-04-22 08:49:15-04:00,0.0
2011-04-22 08:49:18-04:00,0.0
2011-04-22 08:49:21-04:00,0.0
2011-04-22 08:49:24-04:00,0.0
2011-04-22 08:49:27-04:00,0.0
2011-04-22 08:49:30-04:00,0.0
2011-04-22 08:49:33-04:00,0.0
2011-04-22 08:49:36-04:00,0.0
2011-04-22 08:49:39-04:00,0.0
2011-04-22 08:49:42-04:00,0.0
2011-04-22 08:49:45-04:00,0.0
2011-04-22 08:49:48-04:00,0.0
2011-04-22 08:49:51-04:00,0.0
2011-04-22 08:49:54-04:00,0.0
2011-04-22 08:49:57-04:00,0.0
2011-04-22 08:50:00-04:00,0.0
2011-04-22 08:50:03-04:00,0.0
2011-04-22 08:50:06-04:00,0.0
2011-04-22 08:50:09-04:00,0.0
2011-04-22 08:50:12-04:00,0.0
2011-04-22 08:50:15-04:00,0.0
2011-04-22 08:50:18-04:00,0.0
2011-04-22 08:50:21-04:00,0.0
2011-04-22 08:50:24-04:00,0.0
2011-04-22 08:50:27-04:00,0.0
2011-04-22 08:50:30-04:00,0.0
2011-04-22 08:50:33-04:00,0.0
2011-04-22 08:50:36-04:00,0.0
2011-04-22 08:50:39-04:00,0.0
2011-04-22 08:50:42-04:00,0.0
2011-04-22 08:50:45-04:00,0.0
2011-04-22 08:50:48-04:00,0.0
2011-04-22 08:50:51-04:00,0.0
2011-04-22 08:50:54-04:00,0.0
2011-04-22 08:50:57-04:00,0.0
2011-04-22 08:51:00-04:00,0.0
2011-04-22 08:51:03-04:00,0.0
2011-04-22 08:51:06-04:00,0.0
2011-04-22 08:51:09-04:00,0.0
2011-04-22 08:51:12-04:00,0.0
2011-04-22 08:51:15-04:00,0.0
2011-04-22 08:51:18-04:00,0.0
2011-04-22 08:51:21-04:00,0.0
2011-04-22 08:51:24-04:00,0.0
2011-04-22 08:51:27-04:00,0.0
2011-04-22 08:51:30-04:00,0.0
2011-04-22 08:51:33-04:00,0.0
2011-04-22 08:51:36-04:00,0.0
2011-04-22 08:51:39-04:00,0.0
2011-04-22 08:51:42-04:00,0.0
2011-04-22 08:51:45-04:00,0.0
2011-04-22 08:51:48-04:00,0.0
2011-04-22 08:51:51-04:00,0.0
2011-04-22 08:51:54-04:00,0.0
2011-04-22 08:51:57-04:00,0.0
2011-04-22 08:52:00-04:00,0.0
2011-04-22 08:52:03-04:00,0.0
2011-04-22 08:52:06-04:00,0.0
2011-04-22 08:52:09-04:00,0.0
2011-04-22 08:52:12-04:00,0.0
2011-04-22 08:52:15-04:00,0.0
2011-04-22 08:52:18-04:00,0.0
2011-04-22 08:52:21-04:00,0.0
2011-04-22 08:52:24-04:00,0.0
2011-04-22 08:52:27-04:00,0.0
2011-04-22 08:52:30-04:00,0.0
2011-04-22 08:52:33-04:00,0.0
2011-04-22 08:52:36-04:00,0.0
2011-04-22 08:52:39-04:00,0.0
2011-04-22 08:52:42-04:00,0.0
2011-04-22 08:52:45-04:00,0.0
2011-04-22 08:52:48-04:00,0.0
2011-04-22 08:52:51-04:00,0.0
2011-04-22 08:52:54-04:00,0.0
2011-04-22 08:52:57-04:00,0.0
2011-04-22 08:53:00-04:00,0.0
2011-04-22 08:53:03-04:00,0.0
2011-04-22 08:53:06-04:00,0.0
2011-04-22 08:53:09-04:00,0.0
2011-04-22 08:53:12-04:00,0.0
2011-04-22 08:53:15-04:00,0.0
2011-04-22 08:53:18-04:00,0.0
2011-04-22 08:53:21-04:00,0.0
2011-04-22 08:53:24-04:00,0.0
2011-04-22 08:53:27-04:00,0.0
2011-04-22 08:53:30-04:00,0.0
2011-04-22 08:53:33-04:00,0.0
2011-04-22 08:53:36-04:00,0.0
2011-04-22 08:53:39-04:00,0.0
2011-04-22 08:53:42-04:00,0.0
2011-04-22 08:53:45-04:00,0.0
2011-04-22 08:53:48-04:00,0.0
2011-04-22 08:53:51-04:00,0.0
2011-04-22 08:53:54-04:00,0.0
2011-04-22 08:53:57-04:00,0.0
2011-04-22 08:54:00-04:00,0.0
2011-04-22 08:54:03-04:00,0.0
2011-04-22 08:54:06-04:00,0.0
2011-04-22 08:54:09-04:00,0.0
2011-04-22 08:54:12-04:00,0.0
2011-04-22 08:54:15-04:00,0.0
2011-04-22 08:54:18-04:00,0.0
2011-04-22 08:54:21-04:00,0.0
2011-04-22 08:54:24-04:00,0.0
2011-04-22 08:54:27-04:00,0.0
2011-04-22 08:54:30-04:00,0.0
2011-04-22 08:54:33-04:00,0.0
2011-04-22 08:54:36-04:00,0.0
2011-04-22 08:54:39-04:00,0.0
2011-04-22 08:54:42-04:00,0.0
2011-04-22 08:54:45-04:00,0.0
2011-04-22 08:54:48-04:00,0.0
2011-04-22 08:54:51-04:00,0.0
2011-04-22 08:54:54-04:00,0.0
2011-04-22 08:54:57-04:00,0.0
2011-04-22 08:55:00-04:00,0.0
2011-04-22 08:55:03-04:00,0.0
2011-04-22 08:55:06-04:00,0.0
2011-04-22 08:55:09-04:00,0.0
2011-04-22 08:55:12-04:00,0.0
2011-04-22 08:55:15-04:00,0.0
2011-04-22 08:55:18-04:00,0.0
2011-04-22 08:55:21-04:00,0.0
2011-04-22 08:55:24-04:00,0.0
2011-04-22 08:55:27-04:00,0.0
2011-04-22 08:55:30-04:00,0.0
2011-04-22 08:55:33-04:00,0.0
2011-04-22 08:55:36-04:00,0.0
2011-04-22 08:55:39-04:00,0.0
2011-04-22 08:55:42-04:00,0.0
2011-04-22 08:55:45-04:00,0.0
2011-04-22 08:55:48-04:00,0.0
2011-04-22 08:55:51-04:00,0.0
2011-04-22 08:55:54-04:00,0.0
2011-04-22 08:55:57-04:00,0.0
2011-04-22 08:56:00-04:00,0.0
2011-04-22 08:56:03-04:00,0.0
2011-04-22 08:56:06-04:00,0.0
2011-04-22 08:56:09-04:00,0.0
2011-04-22 08:56:12-04:00,0.0
2011-04-22 08:56:15-04:00,0.0
2011-04-22 08:56:18-04:00,0.0
2011-04-22 08:56:21-04:00,0.0
2011-04-22 08:56:24-04:00,0.0
2011-04-22 08:56:27-04:00,0.0
2011-04-22 08:56:30-04:00,0.0
2011-04-22 08:56:33-04:00,0.0
2011-04-22 08:56:36-04:00,0.0
2011-04-22 08:56:39-04:00,0.0
2011-04-22 08:56:42-04:00,0.0
2011-04-22 08:56:45-04:00,0.0
2011-04-22 08:56:48-04:00,0.0
2011-04-22 08:56:51-04:00,0.0
2011-04-22 08:56:54-04:00,0.0
2011-04-22 08:56:57-04:00,0.0
2011-04-22 08:57:00-04:00,0.0
2011-04-22 08:57:03-04:00,0.0
2011-04-22 08:57:06-04:00,0.0
2011-04-22 08:57:09-04:00,0.0
2011-04-22 08:57:12-04:00,0.0
2011-04-22 08:57:15-04:00,0.0
2011-04-22 08:57:18-04:00,0.0
2011-04-22 08:57:21-04:00,0.0
2011-04-22 08:57:24-04:00,0.0
2011-04-22 08:57:27-04:00,0.0
2011-04-22 08:57:30-04:00,0.0
2011-04-22 08:57:33-04:00,0.0
2011-04-22 08:57:36-04:00,0.0
2011-04-22 08:57:39-04:00,0.0
2011-04-22 08:57:42-04:00,0.0
2011-04-22 08:57:45-04:00,0.0
2011-04-22 08:57:48-04:00,0.0
2011-04-22 08:57:51-04:00,0.0
2011-04-22 08:57:54-04:00,0.0
2011-04-22 08:57:57-04:00,0.0
2011-04-22 08:58:00-04:00,0.0
2011-04-22 08:58:03-04:00,0.0
2011-04-22 08:58:06-04:00,0.0
2011-04-22 08:58:09-04:00,0.0
2011-04-22 08:58:12-04:00,0.0
2011-04-22 08:58:15-04:00,0.0
2011-04-22 08:58:18-04:00,0.0
2011-04-22 08:58:21-04:00,0.0
2011-04-22 08:58:24-04:00,0.0
2011-04-22 08:58:27-04:00,0.0
2011-04-22 08:58:30-04:00,0.0
2011-04-22 08:58:33-04:00,0.0
2011-04-22 08:58:36-04:00,0.0
2011-04-22 08:58:39-04:00,0.0
2011-04-22 08:58:42-04:00,0.0
2011-04-22 08:58:45-04:00,0.0
2011-04-22 08:58:48-04:00,0.0
2011-04-22 08:58:51-04:00,0.0
2011-04-22 08:58:54-04:00,0.0
2011-04-22 08:58:57-04:00,0.0
2011-04-22 08:59:00-04:00,0.0
2011-04-22 08:59:03-04:00,0.0
2011-04-22 08:59:06-04:00,0.0
2011-04-22 08:59:09-04:00,0.0
2011-04-22 08:59:12-04:00,0.0
2011-04-22 08:59:15-04:00,0.0
2011-04-22 08:59:18-04:00,0.0
2011-04-22 08:59:21-04:00,0.0
2011-04-22 08:59:24-04:00,0.0
2011-04-22 08:59:27-04:00,0.0
2011-04-22 08:59:30-04:00,0.0
2011-04-22 08:59:33-04:00,0.0
2011-04-22 08:59:36-04:00,0.0
2011-04-22 08:59:39-04:00,0.0
2011-04-22 08:59:42-04:00,0.0
2011-04-22 08:59:45-04:00,0.0
2011-04-22 08:59:48-04:00,0.0
2011-04-22 08:59:51-04:00,0.0
2011-04-22 08:59:54-04:00,0.0
2011-04-22 08:59:57-04:00,0.0
2011-04-22 09:00:00-04:00,0.0
2011-04-22 09:00:03-04:00,0.0
2011-04-22 09:00:06-04:00,0.0
2011-04-22 09:00:09-04:00,0.0
2011-04-22 09:00:12-04:00,0.0
2011-04-22 09:00:15-04:00,0.0
2011-04-22 09:00:18-04:00,0.0
2011-04-22 09:00:21-04:00,0.0
2011-04-22 09:00:24-04:00,0.0
2011-04-22 09:00:27-04:00,0.0
2011-04-22 09:00:30-04:00,0.0
2011-04-22 09:00:33-04:00,0.0
2011-04-22 09:00:36-04:00,0.0
2011-04-22 09:00:39-04:00,0.0
2011-04-22 09:00:42-04:00,0.0
2011-04-22 09:00:45-04:00,0.0
2011-04-22 09:00:48-04:00,0.0
2011-04-22 09:00:51-04:00,0.0
2011-04-22 09:00:54-04:00,0.0
2011-04-22 09:00:57-04:00,0.0
2011-04-22 09:01:00-04:00,0.0
2011-04-22 09:01:03-04:00,0.0
2011-04-22 09:01:06-04:00,0.0
2011-04-22 09:01:09-04:00,0.0
2011-04-22 09:01:12-04:00,0.0
2011-04-22 09:01:15-04:00,0.0
2011-04-22 09:01:18-04:00,0.0
2011-04-22 09:01:21-04:00,0.0
2011-04-22 09:01:24-04:00,0.0
2011-04-22 09:01:27-04:00,0.0
2011-04-22 09:01:30-04:00,0.0
2011-04-22 09:01:33-04:00,0.0
2011-04-22 09:01:36-04:00,0.0
2011-04-22 09:01:39-04:00,0.0
2011-04-22 09:01:42-04:00,0.0
2011-04-22 09:01:45-04:00,0.0
2011-04-22 09:01:48-04:00,0.0
2011-04-22 09:01:51-04:00,0.0
2011-04-22 09:01:54-04:00,0.0
2011-04-22 09:01:57-04:00,0.0
2011-04-22 09:02:00-04:00,0.0
2011-04-22 09:02:03-04:00,0.0
2011-04-22 09:02:06-04:00,0.0
2011-04-22 09:02:09-04:00,0.0
2011-04-22 09:02:12-04:00,0.0
2011-04-22 09:02:15-04:00,0.0
2011-04-22 09:02:18-04:00,0.0
2011-04-22 09:02:21-04:00,0.0
2011-04-22 09:02:24-04:00,0.0
2011-04-22 09:02:27-04:00,0.0
2011-04-22 09:02:30-04:00,0.0
2011-04-22 09:02:33-04:00,0.0
2011-04-22 09:02:36-04:00,0.0
2011-04-22 09:02:39-04:00,0.0
2011-04-22 09:02:42-04:00,0.0
2011-04-22 09:02:45-04:00,0.0
2011-04-22 09:02:48-04:00,0.0
2011-04-22 09:02:51-04:00,0.0
2011-04-22 09:02:54-04:00,0.0
2011-04-22 09:02:57-04:00,0.0
2011-04-22 09:03:00-04:00,0.0
2011-04-22 09:03:03-04:00,0.0
2011-04-22 09:03:06-04:00,0.0
2011-04-22 09:03:09-04:00,0.0
2011-04-22 09:03:12-04:00,0.0
2011-04-22 09:03:15-04:00,0.0
2011-04-22 09:03:18-04:00,0.0
2011-04-22 09:03:21-04:00,0.0
2011-04-22 09:03:24-04:00,0.0
2011-04-22 09:03:27-04:00,0.0
2011-04-22 09:03:30-04:00,0.0
2011-04-22 09:03:33-04:00,0.0
2011-04-22 09:03:36-04:00,0.0
2011-04-22 09:03:39-04:00,0.0
2011-04-22 09:03:42-04:00,0.0
2011-04-22 09:03:45-04:00,0.0
2011-04-22 09:03:48-04:00,0.0
2011-04-22 09:03:51-04:00,0.0
2011-04-22 09:03:54-04:00,0.0
2011-04-22 09:03:57-04:00,0.0
2011-04-22 09:04:00-04:00,0.0
2011-04-22 09:04:03-04:00,0.0
2011-04-22 09:04:06-04:00,0.0
2011-04-22 09:04:09-04:00,0.0
2011-04-22 09:04:12-04:00,0.0
2011-04-22 09:04:15-04:00,0.0
2011-04-22 09:04:18-04:00,0.0
2011-04-22 09:04:21-04:00,0.0
2011-04-22 09:04:24-04:00,0.0
2011-04-22 09:04:27-04:00,0.0
2011-04-22 09:04:30-04:00,0.0
2011-04-22 09:04:33-04:00,0.0
2011-04-22 09:04:36-04:00,0.0
2011-04-22 09:04:39-04:00,0.0
2011-04-22 09:04:42-04:00,0.0
2011-04-22 09:04:45-04:00,0.0
2011-04-22 09:04:48-04:00,0.0
2011-04-22 09:04:51-04:00,0.0
2011-04-22 09:04:54-04:00,0.0
2011-04-22 09:04:57-04:00,0.0
2011-04-22 09:05:00-04:00,0.0
2011-04-22 09:05:03-04:00,0.0
2011-04-22 09:05:06-04:00,0.0
2011-04-22 09:05:09-04:00,0.0
2011-04-22 09:05:12-04:00,0.0
2011-04-22 09:05:15-04:00,0.0
2011-04-22 09:05:18-04:00,0.0
2011-04-22 09:05:21-04:00,0.0
2011-04-22 09:05:24-04:00,0.0
2011-04-22 09:05:27-04:00,0.0
2011-04-22 09:05:30-04:00,0.0
2011-04-22 09:05:33-04:00,0.0
2011-04-22 09:05:36-04:00,0.0
2011-04-22 09:05:39-04:00,0.0
2011-04-22 09:05:42-04:00,0.0
2011-04-22 09:05:45-04:00,0.0
2011-04-22 09:05:48-04:00,0.0
2011-04-22 09:05:51-04:00,0.0
2011-04-22 09:05:54-04:00,0.0
2011-04-22 09:05:57-04:00,0.0
2011-04-22 09:06:00-04:00,0.0
2011-04-22 09:06:03-04:00,0.0
2011-04-22 09:06:06-04:00,0.0
2011-04-22 09:06:09-04:00,0.0
2011-04-22 09:06:12-04:00,0.0
2011-04-22 09:06:15-04:00,0.0
2011-04-22 09:06:18-04:00,0.0
2011-04-22 09:06:21-04:00,0.0
2011-04-22 09:06:24-04:00,0.0
2011-04-22 09:06:27-04:00,0.0
2011-04-22 09:06:30-04:00,0.0
2011-04-22 09:06:33-04:00,0.0
2011-04-22 09:06:36-04:00,0.0
2011-04-22 09:06:39-04:00,0.0
2011-04-22 09:06:42-04:00,0.0
2011-04-22 09:06:45-04:00,0.0
2011-04-22 09:06:48-04:00,0.0
2011-04-22 09:06:51-04:00,0.0
2011-04-22 09:06:54-04:00,0.0
2011-04-22 09:06:57-04:00,0.0
2011-04-22 09:07:00-04:00,0.0
2011-04-22 09:07:03-04:00,0.0
2011-04-22 09:07:06-04:00,0.0
2011-04-22 09:07:09-04:00,0.0
2011-04-22 09:07:12-04:00,0.0
2011-04-22 09:07:15-04:00,0.0
2011-04-22 09:07:18-04:00,0.0
2011-04-22 09:07:21-04:00,0.0
2011-04-22 09:07:24-04:00,0.0
2011-04-22 09:07:27-04:00,0.0
2011-04-22 09:07:30-04:00,0.0
2011-04-22 09:07:33-04:00,0.0
2011-04-22 09:07:36-04:00,0.0
2011-04-22 09:07:39-04:00,0.0
2011-04-22 09:07:42-04:00,0.0
2011-04-22 09:07:45-04:00,0.0
2011-04-22 09:07:48-04:00,0.0
2011-04-22 09:07:51-04:00,0.0
2011-04-22 09:07:54-04:00,0.0
2011-04-22 09:07:57-04:00,0.0
2011-04-22 09:08:00-04:00,0.0
2011-04-22 09:08:03-04:00,0.0
2011-04-22 09:08:06-04:00,0.0
2011-04-22 09:08:09-04:00,0.0
2011-04-22 09:08:12-04:00,0.0
2011-04-22 09:08:15-04:00,0.0
2011-04-22 09:08:18-04:00,0.0
2011-04-22 09:08:21-04:00,0.0
2011-04-22 09:08:24-04:00,0.0
2011-04-22 09:08:27-04:00,0.0
2011-04-22 09:08:30-04:00,0.0
2011-04-22 09:08:33-04:00,0.0
2011-04-22 09:08:36-04:00,0.0
2011-04-22 09:08:39-04:00,0.0
2011-04-22 09:08:42-04:00,0.0
2011-04-22 09:08:45-04:00,0.0
2011-04-22 09:08:48-04:00,0.0
2011-04-22 09:08:51-04:00,0.0
2011-04-22 09:08:54-04:00,0.0
2011-04-22 09:08:57-04:00,0.0
2011-04-22 09:09:00-04:00,0.0
2011-04-22 09:09:03-04:00,0.0
2011-04-22 09:09:06-04:00,0.0
2011-04-22 09:09:09-04:00,0.0
2011-04-22 09:09:12-04:00,0.0
2011-04-22 09:09:15-04:00,0.0
2011-04-22 09:09:18-04:00,0.0
2011-04-22 09:09:21-04:00,0.0
2011-04-22 09:09:24-04:00,0.0
2011-04-22 09:09:27-04:00,0.0
2011-04-22 09:09:30-04:00,0.0
2011-04-22 09:09:33-04:00,0.0
2011-04-22 09:09:36-04:00,0.0
2011-04-22 09:09:39-04:00,0.0
2011-04-22 09:09:42-04:00,0.0
2011-04-22 09:09:45-04:00,0.0
2011-04-22 09:09:48-04:00,0.0
2011-04-22 09:09:51-04:00,0.0
2011-04-22 09:09:54-04:00,0.0
2011-04-22 09:09:57-04:00,0.0
2011-04-22 09:10:00-04:00,0.0
2011-04-22 09:10:03-04:00,0.0
2011-04-22 09:10:06-04:00,0.0
2011-04-22 09:10:09-04:00,0.0
2011-04-22 09:10:12-04:00,0.0
2011-04-22 09:10:15-04:00,0.0
2011-04-22 09:10:18-04:00,0.0
2011-04-22 09:10:21-04:00,0.0
2011-04-22 09:10:24-04:00,0.0
2011-04-22 09:10:27-04:00,0.0
2011-04-22 09:10:30-04:00,0.0
2011-04-22 09:10:33-04:00,0.0
2011-04-22 09:10:36-04:00,0.0
2011-04-22 09:10:39-04:00,0.0
2011-04-22 09:10:42-04:00,0.0
2011-04-22 09:10:45-04:00,0.0
2011-04-22 09:10:48-04:00,0.0
2011-04-22 09:10:51-04:00,0.0
2011-04-22 09:10:54-04:00,0.0
2011-04-22 09:10:57-04:00,0.0
2011-04-22 09:11:00-04:00,0.0
2011-04-22 09:11:03-04:00,0.0
2011-04-22 09:11:06-04:00,0.0
2011-04-22 09:11:09-04:00,0.0
2011-04-22 09:11:12-04:00,0.0
2011-04-22 09:11:15-04:00,0.0
2011-04-22 09:11:18-04:00,0.0
2011-04-22 09:11:21-04:00,0.0
2011-04-22 09:11:24-04:00,0.0
2011-04-22 09:11:27-04:00,0.0
2011-04-22 09:11:30-04:00,0.0
2011-04-22 09:11:33-04:00,0.0
2011-04-22 09:11:36-04:00,0.0
2011-04-22 09:11:39-04:00,0.0
2011-04-22 09:11:42-04:00,0.0
2011-04-22 09:11:45-04:00,0.0
2011-04-22 09:11:48-04:00,0.0
2011-04-22 09:11:51-04:00,0.0
2011-04-22 09:11:54-04:00,0.0
2011-04-22 09:11:57-04:00,0.0
2011-04-22 09:12:00-04:00,0.0
2011-04-22 09:12:03-04:00,0.0
2011-04-22 09:12:06-04:00,0.0
2011-04-22 09:12:09-04:00,0.0
2011-04-22 09:12:12-04:00,0.0
2011-04-22 09:12:15-04:00,0.0
2011-04-22 09:12:18-04:00,0.0
2011-04-22 09:12:21-04:00,0.0
2011-04-22 09:12:24-04:00,0.0
2011-04-22 09:12:27-04:00,0.0
2011-04-22 09:12:30-04:00,0.0
2011-04-22 09:12:33-04:00,0.0
2011-04-22 09:12:36-04:00,0.0
2011-04-22 09:12:39-04:00,0.0
2011-04-22 09:12:42-04:00,0.0
2011-04-22 09:12:45-04:00,0.0
2011-04-22 09:12:48-04:00,0.0
2011-04-22 09:12:51-04:00,0.0
2011-04-22 09:12:54-04:00,0.0
2011-04-22 09:12:57-04:00,0.0
2011-04-22 09:13:00-04:00,0.0
2011-04-22 09:13:03-04:00,0.0
2011-04-22 09:13:06-04:00,0.0
2011-04-22 09:13:09-04:00,0.0
2011-04-22 09:13:12-04:00,0.0
2011-04-22 09:13:15-04:00,0.0
2011-04-22 09:13:18-04:00,0.0
2011-04-22 09:13:21-04:00,0.0
2011-04-22 09:13:24-04:00,0.0
2011-04-22 09:13:27-04:00,0.0
2011-04-22 09:13:30-04:00,0.0
2011-04-22 09:13:33-04:00,0.0
2011-04-22 09:13:36-04:00,0.0
2011-04-22 09:13:39-04:00,0.0
2011-04-22 09:13:42-04:00,0.0
2011-04-22 09:13:45-04:00,0.0
2011-04-22 09:13:48-04:00,0.0
2011-04-22 09:13:51-04:00,0.0
2011-04-22 09:13:54-04:00,0.0
2011-04-22 09:13:57-04:00,0.0
2011-04-22 09:14:00-04:00,0.0
2011-04-22 09:14:03-04:00,0.0
2011-04-22 09:14:06-04:00,0.0
2011-04-22 09:14:09-04:00,0.0
2011-04-22 09:14:12-04:00,0.0
2011-04-22 09:14:15-04:00,0.0
2011-04-22 09:14:18-04:00,0.0
2011-04-22 09:14:21-04:00,0.0
2011-04-22 09:14:24-04:00,0.0
2011-04-22 09:14:27-04:00,0.0
2011-04-22 09:14:30-04:00,0.0
2011-04-22 09:14:33-04:00,0.0
2011-04-22 09:14:36-04:00,0.0
2011-04-22 09:14:39-04:00,0.0
2011-04-22 09:14:42-04:00,0.0
2011-04-22 09:14:45-04:00,0.0
2011-04-22 09:14:48-04:00,0.0
2011-04-22 09:14:51-04:00,0.0
2011-04-22 09:14:54-04:00,0.0
2011-04-22 09:14:57-04:00,0.0
2011-04-22 09:15:00-04:00,0.0
2011-04-22 09:15:03-04:00,0.0
2011-04-22 09:15:06-04:00,0.0
2011-04-22 09:15:09-04:00,0.0
2011-04-22 09:15:12-04:00,0.0
2011-04-22 09:15:15-04:00,0.0
2011-04-22 09:15:18-04:00,0.0
2011-04-22 09:15:21-04:00,0.0
2011-04-22 09:15:24-04:00,0.0
2011-04-22 09:15:27-04:00,0.0
2011-04-22 09:15:30-04:00,0.0
2011-04-22 09:15:33-04:00,0.0
2011-04-22 09:15:36-04:00,0.0
2011-04-22 09:15:39-04:00,0.0
2011-04-22 09:15:42-04:00,0.0
2011-04-22 09:15:45-04:00,0.0
2011-04-22 09:15:48-04:00,0.0
2011-04-22 09:15:51-04:00,0.0
2011-04-22 09:15:54-04:00,0.0
2011-04-22 09:15:57-04:00,0.0
2011-04-22 09:16:00-04:00,0.0
2011-04-22 09:16:03-04:00,0.0
2011-04-22 09:16:06-04:00,0.0
2011-04-22 09:16:09-04:00,0.0
2011-04-22 09:16:12-04:00,0.0
2011-04-22 09:16:15-04:00,0.0
2011-04-22 09:16:18-04:00,0.0
2011-04-22 09:16:21-04:00,0.0
2011-04-22 09:16:24-04:00,0.0
2011-04-22 09:16:27-04:00,0.0
2011-04-22 09:16:30-04:00,0.0
2011-04-22 09:16:33-04:00,0.0
2011-04-22 09:16:36-04:00,0.0
2011-04-22 09:16:39-04:00,0.0
2011-04-22 09:16:42-04:00,0.0
2011-04-22 09:16:45-04:00,0.0
2011-04-22 09:16:48-04:00,0.0
2011-04-22 09:16:51-04:00,0.0
2011-04-22 09:16:54-04:00,0.0
2011-04-22 09:16:57-04:00,0.0
2011-04-22 09:17:00-04:00,0.0
2011-04-22 09:17:03-04:00,0.0
2011-04-22 09:17:06-04:00,0.0
2011-04-22 09:17:09-04:00,0.0
2011-04-22 09:17:12-04:00,0.0
2011-04-22 09:17:15-04:00,0.0
2011-04-22 09:17:18-04:00,0.0
2011-04-22 09:17:21-04:00,0.0
2011-04-22 09:17:24-04:00,0.0
2011-04-22 09:17:27-04:00,0.0
2011-04-22 09:17:30-04:00,0.0
2011-04-22 09:17:33-04:00,0.0
2011-04-22 09:17:36-04:00,0.0
2011-04-22 09:17:39-04:00,0.0
2011-04-22 09:17:42-04:00,0.0
2011-04-22 09:17:45-04:00,0.0
2011-04-22 09:17:48-04:00,0.0
2011-04-22 09:17:51-04:00,0.0
2011-04-22 09:17:54-04:00,0.0
2011-04-22 09:17:57-04:00,0.0
2011-04-22 09:18:00-04:00,0.0
2011-04-22 09:18:03-04:00,0.0
2011-04-22 09:18:06-04:00,0.0
2011-04-22 09:18:09-04:00,0.0
2011-04-22 09:18:12-04:00,0.0
2011-04-22 09:18:15-04:00,0.0
2011-04-22 09:18:18-04:00,0.0
2011-04-22 09:18:21-04:00,0.0
2011-04-22 09:18:24-04:00,0.0
2011-04-22 09:18:27-04:00,0.0
2011-04-22 09:18:30-04:00,0.0
2011-04-22 09:18:33-04:00,0.0
2011-04-22 09:18:36-04:00,0.0
2011-04-22 09:18:39-04:00,0.0
2011-04-22 09:18:42-04:00,0.0
2011-04-22 09:18:45-04:00,0.0
2011-04-22 09:18:48-04:00,0.0
2011-04-22 09:18:51-04:00,0.0
2011-04-22 09:18:54-04:00,0.0
2011-04-22 09:18:57-04:00,0.0
2011-04-22 09:19:00-04:00,0.0
2011-04-22 09:19:03-04:00,0.0
2011-04-22 09:19:06-04:00,0.0
2011-04-22 09:19:09-04:00,0.0
2011-04-22 09:19:12-04:00,0.0
2011-04-22 09:19:15-04:00,0.0
2011-04-22 09:19:18-04:00,0.0
2011-04-22 09:19:21-04:00,0.0
2011-04-22 09:19:24-04:00,0.0
2011-04-22 09:19:27-04:00,0.0
2011-04-22 09:19:30-04:00,0.0
2011-04-22 09:19:33-04:00,0.0
2011-04-22 09:19:36-04:00,0.0
2011-04-22 09:19:39-04:00,0.0
2011-04-22 09:19:42-04:00,0.0
2011-04-22 09:19:45-04:00,0.0
2011-04-22 09:19:48-04:00,0.0
2011-04-22 09:19:51-04:00,0.0
2011-04-22 09:19:54-04:00,0.0
2011-04-22 09:19:57-04:00,0.0
2011-04-22 09:20:00-04:00,0.0
2011-04-22 09:20:03-04:00,0.0
2011-04-22 09:20:06-04:00,0.0
2011-04-22 09:20:09-04:00,0.0
2011-04-22 09:20:12-04:00,0.0
2011-04-22 09:20:15-04:00,0.0
2011-04-22 09:20:18-04:00,0.0
2011-04-22 09:20:21-04:00,0.0
2011-04-22 09:20:24-04:00,0.0
2011-04-22 09:20:27-04:00,0.0
2011-04-22 09:20:30-04:00,0.0
2011-04-22 09:20:33-04:00,0.0
2011-04-22 09:20:36-04:00,0.0
2011-04-22 09:20:39-04:00,0.0
2011-04-22 09:20:42-04:00,0.0
2011-04-22 09:20:45-04:00,0.0
2011-04-22 09:20:48-04:00,0.0
2011-04-22 09:20:51-04:00,0.0
2011-04-22 09:20:54-04:00,0.0
2011-04-22 09:20:57-04:00,0.0
2011-04-22 09:21:00-04:00,0.0
2011-04-22 09:21:03-04:00,0.0
2011-04-22 09:21:06-04:00,0.0
2011-04-22 09:21:09-04:00,0.0
2011-04-22 09:21:12-04:00,0.0
2011-04-22 09:21:15-04:00,0.0
2011-04-22 09:21:18-04:00,0.0
2011-04-22 09:21:21-04:00,0.0
2011-04-22 09:21:24-04:00,0.0
2011-04-22 09:21:27-04:00,0.0
2011-04-22 09:21:30-04:00,0.0
2011-04-22 09:21:33-04:00,0.0
2011-04-22 09:21:36-04:00,0.0
2011-04-22 09:21:39-04:00,0.0
2011-04-22 09:21:42-04:00,0.0
2011-04-22 09:21:45-04:00,0.0
2011-04-22 09:21:48-04:00,0.0
2011-04-22 09:21:51-04:00,0.0
2011-04-22 09:21:54-04:00,0.0
2011-04-22 09:21:57-04:00,0.0
2011-04-22 09:22:00-04:00,0.0
2011-04-22 09:22:03-04:00,0.0
2011-04-22 09:22:06-04:00,0.0
2011-04-22 09:22:09-04:00,0.0
2011-04-22 09:22:12-04:00,0.0
2011-04-22 09:22:15-04:00,0.0
2011-04-22 09:22:18-04:00,0.0
2011-04-22 09:22:21-04:00,0.0
2011-04-22 09:22:24-04:00,0.0
2011-04-22 09:22:27-04:00,0.0
2011-04-22 09:22:30-04:00,0.0
2011-04-22 09:22:33-04:00,0.0
2011-04-22 09:22:36-04:00,0.0
2011-04-22 09:22:39-04:00,0.0
2011-04-22 09:22:42-04:00,0.0
2011-04-22 09:22:45-04:00,0.0
2011-04-22 09:22:48-04:00,0.0
2011-04-22 09:22:51-04:00,0.0
2011-04-22 09:22:54-04:00,0.0
2011-04-22 09:22:57-04:00,0.0
2011-04-22 09:23:00-04:00,0.0
2011-04-22 09:23:03-04:00,0.0
2011-04-22 09:23:06-04:00,0.0
2011-04-22 09:23:09-04:00,0.0
2011-04-22 09:23:12-04:00,0.0
2011-04-22 09:23:15-04:00,0.0
2011-04-22 09:23:18-04:00,0.0
2011-04-22 09:23:21-04:00,0.0
2011-04-22 09:23:24-04:00,0.0
2011-04-22 09:23:27-04:00,0.0
2011-04-22 09:23:30-04:00,0.0
2011-04-22 09:23:33-04:00,0.0
2011-04-22 09:23:36-04:00,0.0
2011-04-22 09:23:39-04:00,0.0
2011-04-22 09:23:42-04:00,0.0
2011-04-22 09:23:45-04:00,0.0
2011-04-22 09:23:48-04:00,0.0
2011-04-22 09:23:51-04:00,0.0
2011-04-22 09:23:54-04:00,0.0
2011-04-22 09:23:57-04:00,0.0
2011-04-22 09:24:00-04:00,0.0
2011-04-22 09:24:03-04:00,0.0
2011-04-22 09:24:06-04:00,0.0
2011-04-22 09:24:09-04:00,0.0
2011-04-22 09:24:12-04:00,0.0
2011-04-22 09:24:15-04:00,0.0
2011-04-22 09:24:18-04:00,0.0
2011-04-22 09:24:21-04:00,0.0
2011-04-22 09:24:24-04:00,0.0
2011-04-22 09:24:27-04:00,0.0
2011-04-22 09:24:30-04:00,0.0
2011-04-22 09:24:33-04:00,0.0
2011-04-22 09:24:36-04:00,0.0
2011-04-22 09:24:39-04:00,0.0
2011-04-22 09:24:42-04:00,0.0
2011-04-22 09:24:45-04:00,0.0
2011-04-22 09:24:48-04:00,0.0
2011-04-22 09:24:51-04:00,0.0
2011-04-22 09:24:54-04:00,0.0
2011-04-22 09:24:57-04:00,0.0
2011-04-22 09:25:00-04:00,0.0
2011-04-22 09:25:03-04:00,0.0
2011-04-22 09:25:06-04:00,0.0
2011-04-22 09:25:09-04:00,0.0
2011-04-22 09:25:12-04:00,0.0
2011-04-22 09:25:15-04:00,0.0
2011-04-22 09:25:18-04:00,0.0
2011-04-22 09:25:21-04:00,0.0
2011-04-22 09:25:24-04:00,0.0
2011-04-22 09:25:27-04:00,0.0
2011-04-22 09:25:30-04:00,0.0
2011-04-22 09:25:33-04:00,0.0
2011-04-22 09:25:36-04:00,0.0
2011-04-22 09:25:39-04:00,0.0
2011-04-22 09:25:42-04:00,0.0
2011-04-22 09:25:45-04:00,0.0
2011-04-22 09:25:48-04:00,0.0
2011-04-22 09:25:51-04:00,0.0
2011-04-22 09:25:54-04:00,0.0
2011-04-22 09:25:57-04:00,0.0
2011-04-22 09:26:00-04:00,0.0
2011-04-22 09:26:03-04:00,0.0
2011-04-22 09:26:06-04:00,0.0
2011-04-22 09:26:09-04:00,0.0
2011-04-22 09:26:12-04:00,0.0
2011-04-22 09:26:15-04:00,0.0
2011-04-22 09:26:18-04:00,0.0
2011-04-22 09:26:21-04:00,0.0
2011-04-22 09:26:24-04:00,0.0
2011-04-22 09:26:27-04:00,0.0
2011-04-22 09:26:30-04:00,0.0
2011-04-22 09:26:33-04:00,0.0
2011-04-22 09:26:36-04:00,0.0
2011-04-22 09:26:39-04:00,0.0
2011-04-22 09:26:42-04:00,0.0
2011-04-22 09:26:45-04:00,0.0
2011-04-22 09:26:48-04:00,0.0
2011-04-22 09:26:51-04:00,0.0
2011-04-22 09:26:54-04:00,0.0
2011-04-22 09:26:57-04:00,0.0
2011-04-22 09:27:00-04:00,0.0
2011-04-22 09:27:03-04:00,0.0
2011-04-22 09:27:06-04:00,0.0
2011-04-22 09:27:09-04:00,0.0
2011-04-22 09:27:12-04:00,0.0
2011-04-22 09:27:15-04:00,0.0
2011-04-22 09:27:18-04:00,0.0
2011-04-22 09:27:21-04:00,0.0
2011-04-22 09:27:24-04:00,0.0
2011-04-22 09:27:27-04:00,0.0
2011-04-22 09:27:30-04:00,0.0
2011-04-22 09:27:33-04:00,0.0
2011-04-22 09:27:36-04:00,0.0
2011-04-22 09:27:39-04:00,0.0
2011-04-22 09:27:42-04:00,0.0
2011-04-22 09:27:45-04:00,0.0
2011-04-22 09:27:48-04:00,0.0
2011-04-22 09:27:51-04:00,0.0
2011-04-22 09:27:54-04:00,0.0
2011-04-22 09:27:57-04:00,0.0
2011-04-22 09:28:00-04:00,0.0
2011-04-22 09:28:03-04:00,0.0
2011-04-22 09:28:06-04:00,0.0
2011-04-22 09:28:09-04:00,0.0
2011-04-22 09:28:12-04:00,0.0
2011-04-22 09:28:15-04:00,0.0
2011-04-22 09:28:18-04:00,0.0
2011-04-22 09:28:21-04:00,0.0
2011-04-22 09:28:24-04:00,0.0
2011-04-22 09:28:27-04:00,0.0
2011-04-22 09:28:30-04:00,0.0
2011-04-22 09:28:33-04:00,0.0
2011-04-22 09:28:36-04:00,0.0
2011-04-22 09:28:39-04:00,0.0
2011-04-22 09:28:42-04:00,0.0
2011-04-22 09:28:45-04:00,0.0
2011-04-22 09:28:48-04:00,0.0
2011-04-22 09:28:51-04:00,0.0
2011-04-22 09:28:54-04:00,0.0
2011-04-22 09:28:57-04:00,0.0
2011-04-22 09:29:00-04:00,0.0
2011-04-22 09:29:03-04:00,0.0
2011-04-22 09:29:06-04:00,0.0
2011-04-22 09:29:09-04:00,0.0
2011-04-22 09:29:12-04:00,0.0
2011-04-22 09:29:15-04:00,0.0
2011-04-22 09:29:18-04:00,0.0
2011-04-22 09:29:21-04:00,0.0
2011-04-22 09:29:24-04:00,0.0
2011-04-22 09:29:27-04:00,0.0
2011-04-22 09:29:30-04:00,0.0
2011-04-22 09:29:33-04:00,0.0
2011-04-22 09:29:36-04:00,0.0
2011-04-22 09:29:39-04:00,0.0
2011-04-22 09:29:42-04:00,0.0
2011-04-22 09:29:45-04:00,0.0
2011-04-22 09:29:48-04:00,0.0
2011-04-22 09:29:51-04:00,0.0
2011-04-22 09:29:54-04:00,0.0
2011-04-22 09:29:57-04:00,0.0
2011-04-22 09:30:00-04:00,0.0
2011-04-22 09:30:03-04:00,0.0
2011-04-22 09:30:06-04:00,0.0
2011-04-22 09:30:09-04:00,0.0
2011-04-22 09:30:12-04:00,0.0
2011-04-22 09:30:15-04:00,0.0
2011-04-22 09:30:18-04:00,0.0
2011-04-22 09:30:21-04:00,0.0
2011-04-22 09:30:24-04:00,0.0
2011-04-22 09:30:27-04:00,0.0
2011-04-22 09:30:30-04:00,0.0
2011-04-22 09:30:33-04:00,0.0
2011-04-22 09:30:36-04:00,0.0
2011-04-22 09:30:39-04:00,0.0
2011-04-22 09:30:42-04:00,0.0
2011-04-22 09:30:45-04:00,0.0
2011-04-22 09:30:48-04:00,0.0
2011-04-22 09:30:51-04:00,0.0
2011-04-22 09:30:54-04:00,0.0
2011-04-22 09:30:57-04:00,0.0
2011-04-22 09:31:00-04:00,0.0
2011-04-22 09:31:03-04:00,0.0
2011-04-22 09:31:06-04:00,0.0
2011-04-22 09:31:09-04:00,0.0
2011-04-22 09:31:12-04:00,0.0
2011-04-22 09:31:15-04:00,0.0
2011-04-22 09:31:18-04:00,0.0
2011-04-22 09:31:21-04:00,0.0
2011-04-22 09:31:24-04:00,0.0
2011-04-22 09:31:27-04:00,0.0
2011-04-22 09:31:30-04:00,0.0
2011-04-22 09:31:33-04:00,0.0
2011-04-22 09:31:36-04:00,0.0
2011-04-22 09:31:39-04:00,0.0
2011-04-22 09:31:42-04:00,0.0
2011-04-22 09:31:45-04:00,0.0
2011-04-22 09:31:48-04:00,0.0
2011-04-22 09:31:51-04:00,0.0
2011-04-22 09:31:54-04:00,0.0
2011-04-22 09:31:57-04:00,0.0
2011-04-22 09:32:00-04:00,0.0
2011-04-22 09:32:03-04:00,0.0
2011-04-22 09:32:06-04:00,0.0
2011-04-22 09:32:09-04:00,0.0
2011-04-22 09:32:12-04:00,0.0
2011-04-22 09:32:15-04:00,0.0
2011-04-22 09:32:18-04:00,0.0
2011-04-22 09:32:21-04:00,0.0
2011-04-22 09:32:24-04:00,0.0
2011-04-22 09:32:27-04:00,0.0
2011-04-22 09:32:30-04:00,0.0
2011-04-22 09:32:33-04:00,0.0
2011-04-22 09:32:36-04:00,0.0
2011-04-22 09:32:39-04:00,0.0
2011-04-22 09:32:42-04:00,0.0
2011-04-22 09:32:45-04:00,0.0
2011-04-22 09:32:48-04:00,0.0
2011-04-22 09:32:51-04:00,0.0
2011-04-22 09:32:54-04:00,0.0
2011-04-22 09:32:57-04:00,0.0
2011-04-22 09:33:00-04:00,0.0
2011-04-22 09:33:03-04:00,0.0
2011-04-22 09:33:06-04:00,0.0
2011-04-22 09:33:09-04:00,0.0
2011-04-22 09:33:12-04:00,0.0
2011-04-22 09:33:15-04:00,0.0
2011-04-22 09:33:18-04:00,0.0
2011-04-22 09:33:21-04:00,0.0
2011-04-22 09:33:24-04:00,0.0
2011-04-22 09:33:27-04:00,0.0
2011-04-22 09:33:30-04:00,0.0
2011-04-22 09:33:33-04:00,0.0
2011-04-22 09:33:36-04:00,0.0
2011-04-22 09:33:39-04:00,0.0
2011-04-22 09:33:42-04:00,0.0
2011-04-22 09:33:45-04:00,0.0
2011-04-22 09:33:48-04:00,0.0
2011-04-22 09:33:51-04:00,0.0
2011-04-22 09:33:54-04:00,0.0
2011-04-22 09:33:57-04:00,0.0
2011-04-22 09:34:00-04:00,0.0
2011-04-22 09:34:03-04:00,0.0
2011-04-22 09:34:06-04:00,0.0
2011-04-22 09:34:09-04:00,0.0
2011-04-22 09:34:12-04:00,0.0
2011-04-22 09:34:15-04:00,0.0
2011-04-22 09:34:18-04:00,0.0
2011-04-22 09:34:21-04:00,0.0
2011-04-22 09:34:24-04:00,0.0
2011-04-22 09:34:27-04:00,0.0
2011-04-22 09:34:30-04:00,0.0
2011-04-22 09:34:33-04:00,0.0
2011-04-22 09:34:36-04:00,0.0
2011-04-22 09:34:39-04:00,0.0
2011-04-22 09:34:42-04:00,0.0
2011-04-22 09:34:45-04:00,0.0
2011-04-22 09:34:48-04:00,0.0
2011-04-22 09:34:51-04:00,0.0
2011-04-22 09:34:54-04:00,0.0
2011-04-22 09:34:57-04:00,0.0
2011-04-22 09:35:00-04:00,0.0
2011-04-22 09:35:03-04:00,0.0
2011-04-22 09:35:06-04:00,0.0
2011-04-22 09:35:09-04:00,0.0
2011-04-22 09:35:12-04:00,0.0
2011-04-22 09:35:15-04:00,0.0
2011-04-22 09:35:18-04:00,0.0
2011-04-22 09:35:21-04:00,0.0
2011-04-22 09:35:24-04:00,0.0
2011-04-22 09:35:27-04:00,0.0
2011-04-22 09:35:30-04:00,0.0
2011-04-22 09:35:33-04:00,0.0
2011-04-22 09:35:36-04:00,0.0
2011-04-22 09:35:39-04:00,0.0
2011-04-22 09:35:42-04:00,0.0
2011-04-22 09:35:45-04:00,0.0
2011-04-22 09:35:48-04:00,0.0
2011-04-22 09:35:51-04:00,0.0
2011-04-22 09:35:54-04:00,0.0
2011-04-22 09:35:57-04:00,0.0
2011-04-22 09:36:00-04:00,0.0
2011-04-22 09:36:03-04:00,0.0
2011-04-22 09:36:06-04:00,0.0
2011-04-22 09:36:09-04:00,0.0
2011-04-22 09:36:12-04:00,0.0
2011-04-22 09:36:15-04:00,0.0
2011-04-22 09:36:18-04:00,0.0
2011-04-22 09:36:21-04:00,0.0
2011-04-22 09:36:24-04:00,0.0
2011-04-22 09:36:27-04:00,0.0
2011-04-22 09:36:30-04:00,0.0
2011-04-22 09:36:33-04:00,0.0
2011-04-22 09:36:36-04:00,0.0
2011-04-22 09:36:39-04:00,0.0
2011-04-22 09:36:42-04:00,0.0
2011-04-22 09:36:45-04:00,0.0
2011-04-22 09:36:48-04:00,0.0
2011-04-22 09:36:51-04:00,0.0
2011-04-22 09:36:54-04:00,0.0
2011-04-22 09:36:57-04:00,0.0
2011-04-22 09:37:00-04:00,0.0
2011-04-22 09:37:03-04:00,0.0
2011-04-22 09:37:06-04:00,0.0
2011-04-22 09:37:09-04:00,0.0
2011-04-22 09:37:12-04:00,0.0
2011-04-22 09:37:15-04:00,0.0
2011-04-22 09:37:18-04:00,0.0
2011-04-22 09:37:21-04:00,0.0
2011-04-22 09:37:24-04:00,0.0
2011-04-22 09:37:27-04:00,0.0
2011-04-22 09:37:30-04:00,0.0
2011-04-22 09:37:33-04:00,0.0
2011-04-22 09:37:36-04:00,0.0
2011-04-22 09:37:39-04:00,0.0
2011-04-22 09:37:42-04:00,0.0
2011-04-22 09:37:45-04:00,0.0
2011-04-22 09:37:48-04:00,0.0
2011-04-22 09:37:51-04:00,0.0
2011-04-22 09:37:54-04:00,0.0
2011-04-22 09:37:57-04:00,0.0
2011-04-22 09:38:00-04:00,0.0
2011-04-22 09:38:03-04:00,0.0
2011-04-22 09:38:06-04:00,0.0
2011-04-22 09:38:09-04:00,0.0
2011-04-22 09:38:12-04:00,0.0
2011-04-22 09:38:15-04:00,0.0
2011-04-22 09:38:18-04:00,0.0
2011-04-22 09:38:21-04:00,0.0
2011-04-22 09:38:24-04:00,0.0
2011-04-22 09:38:27-04:00,0.0
2011-04-22 09:38:30-04:00,0.0
2011-04-22 09:38:33-04:00,0.0
2011-04-22 09:38:36-04:00,0.0
2011-04-22 09:38:39-04:00,0.0
2011-04-22 09:38:42-04:00,0.0
2011-04-22 09:38:45-04:00,0.0
2011-04-22 09:38:48-04:00,0.0
2011-04-22 09:38:51-04:00,0.0
2011-04-22 09:38:54-04:00,0.0
2011-04-22 09:38:57-04:00,0.0
2011-04-22 09:39:00-04:00,0.0
2011-04-22 09:39:03-04:00,0.0
2011-04-22 09:39:06-04:00,0.0
2011-04-22 09:39:09-04:00,0.0
2011-04-22 09:39:12-04:00,0.0
2011-04-22 09:39:15-04:00,0.0
2011-04-22 09:39:18-04:00,0.0
2011-04-22 09:39:21-04:00,0.0
2011-04-22 09:39:24-04:00,0.0
2011-04-22 09:39:27-04:00,0.0
2011-04-22 09:39:30-04:00,0.0
2011-04-22 09:39:33-04:00,0.0
2011-04-22 09:39:36-04:00,0.0
2011-04-22 09:39:39-04:00,0.0
2011-04-22 09:39:42-04:00,0.0
2011-04-22 09:39:45-04:00,0.0
2011-04-22 09:39:48-04:00,0.0
2011-04-22 09:39:51-04:00,0.0
2011-04-22 09:39:54-04:00,0.0
2011-04-22 09:39:57-04:00,0.0
2011-04-22 09:40:00-04:00,0.0
2011-04-22 09:40:03-04:00,0.0
2011-04-22 09:40:06-04:00,0.0
2011-04-22 09:40:09-04:00,0.0
2011-04-22 09:40:12-04:00,0.0
2011-04-22 09:40:15-04:00,0.0
2011-04-22 09:40:18-04:00,0.0
2011-04-22 09:40:21-04:00,0.0
2011-04-22 09:40:24-04:00,0.0
2011-04-22 09:40:27-04:00,0.0
2011-04-22 09:40:30-04:00,0.0
2011-04-22 09:40:33-04:00,0.0
2011-04-22 09:40:36-04:00,0.0
2011-04-22 09:40:39-04:00,0.0
2011-04-22 09:40:42-04:00,0.0
2011-04-22 09:40:45-04:00,0.0
2011-04-22 09:40:48-04:00,0.0
2011-04-22 09:40:51-04:00,0.0
2011-04-22 09:40:54-04:00,0.0
2011-04-22 09:40:57-04:00,0.0
2011-04-22 09:41:00-04:00,0.0
2011-04-22 09:41:03-04:00,0.0
2011-04-22 09:41:06-04:00,0.0
2011-04-22 09:41:09-04:00,0.0
2011-04-22 09:41:12-04:00,0.0
2011-04-22 09:41:15-04:00,0.0
2011-04-22 09:41:18-04:00,0.0
2011-04-22 09:41:21-04:00,0.0
2011-04-22 09:41:24-04:00,0.0
2011-04-22 09:41:27-04:00,0.0
2011-04-22 09:41:30-04:00,0.0
2011-04-22 09:41:33-04:00,0.0
2011-04-22 09:41:36-04:00,0.0
2011-04-22 09:41:39-04:00,0.0
2011-04-22 09:41:42-04:00,0.0
2011-04-22 09:41:45-04:00,0.0
2011-04-22 09:41:48-04:00,0.0
2011-04-22 09:41:51-04:00,0.0
2011-04-22 09:41:54-04:00,0.0
2011-04-22 09:41:57-04:00,0.0
2011-04-22 09:42:00-04:00,0.0
2011-04-22 09:42:03-04:00,0.0
2011-04-22 09:42:06-04:00,0.0
2011-04-22 09:42:09-04:00,0.0
2011-04-22 09:42:12-04:00,0.0
2011-04-22 09:42:15-04:00,0.0
2011-04-22 09:42:18-04:00,0.0
2011-04-22 09:42:21-04:00,0.0
2011-04-22 09:42:24-04:00,0.0
2011-04-22 09:42:27-04:00,0.0
2011-04-22 09:42:30-04:00,0.0
2011-04-22 09:42:33-04:00,0.0
2011-04-22 09:42:36-04:00,0.0
2011-04-22 09:42:39-04:00,0.0
2011-04-22 09:42:42-04:00,0.0
2011-04-22 09:42:45-04:00,0.0
2011-04-22 09:42:48-04:00,0.0
2011-04-22 09:42:51-04:00,0.0
2011-04-22 09:42:54-04:00,0.0
2011-04-22 09:42:57-04:00,0.0
2011-04-22 09:43:00-04:00,0.0
2011-04-22 09:43:03-04:00,0.0
2011-04-22 09:43:06-04:00,0.0
2011-04-22 09:43:09-04:00,0.0
2011-04-22 09:43:12-04:00,0.0
2011-04-22 09:43:15-04:00,0.0
2011-04-22 09:43:18-04:00,0.0
2011-04-22 09:43:21-04:00,0.0
2011-04-22 09:43:24-04:00,0.0
2011-04-22 09:43:27-04:00,0.0
2011-04-22 09:43:30-04:00,0.0
2011-04-22 09:43:33-04:00,0.0
2011-04-22 09:43:36-04:00,0.0
2011-04-22 09:43:39-04:00,0.0
2011-04-22 09:43:42-04:00,0.0
2011-04-22 09:43:45-04:00,0.0
2011-04-22 09:43:48-04:00,0.0
2011-04-22 09:43:51-04:00,0.0
2011-04-22 09:43:54-04:00,0.0
2011-04-22 09:43:57-04:00,0.0
2011-04-22 09:44:00-04:00,0.0
2011-04-22 09:44:03-04:00,0.0
2011-04-22 09:44:06-04:00,0.0
2011-04-22 09:44:09-04:00,0.0
2011-04-22 09:44:12-04:00,0.0
2011-04-22 09:44:15-04:00,0.0
2011-04-22 09:44:18-04:00,0.0
2011-04-22 09:44:21-04:00,0.0
2011-04-22 09:44:24-04:00,0.0
2011-04-22 09:44:27-04:00,0.0
2011-04-22 09:44:30-04:00,0.0
2011-04-22 09:44:33-04:00,0.0
2011-04-22 09:44:36-04:00,0.0
2011-04-22 09:44:39-04:00,0.0
2011-04-22 09:44:42-04:00,0.0
2011-04-22 09:44:45-04:00,0.0
2011-04-22 09:44:48-04:00,0.0
2011-04-22 09:44:51-04:00,0.0
2011-04-22 09:44:54-04:00,0.0
2011-04-22 09:44:57-04:00,0.0
2011-04-22 09:45:00-04:00,0.0
2011-04-22 09:45:03-04:00,0.0
2011-04-22 09:45:06-04:00,0.0
2011-04-22 09:45:09-04:00,0.0
2011-04-22 09:45:12-04:00,0.0
2011-04-22 09:45:15-04:00,0.0
2011-04-22 09:45:18-04:00,0.0
2011-04-22 09:45:21-04:00,0.0
2011-04-22 09:45:24-04:00,0.0
2011-04-22 09:45:27-04:00,0.0
2011-04-22 09:45:30-04:00,0.0
2011-04-22 09:45:33-04:00,0.0
2011-04-22 09:45:36-04:00,0.0
2011-04-22 09:45:39-04:00,0.0
2011-04-22 09:45:42-04:00,0.0
2011-04-22 09:45:45-04:00,0.0
2011-04-22 09:45:48-04:00,0.0
2011-04-22 09:45:51-04:00,0.0
2011-04-22 09:45:54-04:00,0.0
2011-04-22 09:45:57-04:00,0.0
2011-04-22 09:46:00-04:00,0.0
2011-04-22 09:46:03-04:00,0.0
2011-04-22 09:46:06-04:00,0.0
2011-04-22 09:46:09-04:00,0.0
2011-04-22 09:46:12-04:00,0.0
2011-04-22 09:46:15-04:00,0.0
2011-04-22 09:46:18-04:00,0.0
2011-04-22 09:46:21-04:00,0.0
2011-04-22 09:46:24-04:00,0.0
2011-04-22 09:46:27-04:00,0.0
2011-04-22 09:46:30-04:00,0.0
2011-04-22 09:46:33-04:00,0.0
2011-04-22 09:46:36-04:00,0.0
2011-04-22 09:46:39-04:00,0.0
2011-04-22 09:46:42-04:00,0.0
2011-04-22 09:46:45-04:00,0.0
2011-04-22 09:46:48-04:00,0.0
2011-04-22 09:46:51-04:00,0.0
2011-04-22 09:46:54-04:00,0.0
2011-04-22 09:46:57-04:00,0.0
2011-04-22 09:47:00-04:00,0.0
2011-04-22 09:47:03-04:00,0.0
2011-04-22 09:47:06-04:00,0.0
2011-04-22 09:47:09-04:00,0.0
2011-04-22 09:47:12-04:00,0.0
2011-04-22 09:47:15-04:00,0.0
2011-04-22 09:47:18-04:00,0.0
2011-04-22 09:47:21-04:00,0.0
2011-04-22 09:47:24-04:00,0.0
2011-04-22 09:47:27-04:00,0.0
2011-04-22 09:47:30-04:00,0.0
2011-04-22 09:47:33-04:00,0.0
2011-04-22 09:47:36-04:00,0.0
2011-04-22 09:47:39-04:00,0.0
2011-04-22 09:47:42-04:00,0.0
2011-04-22 09:47:45-04:00,0.0
2011-04-22 09:47:48-04:00,0.0
2011-04-22 09:47:51-04:00,0.0
2011-04-22 09:47:54-04:00,0.0
2011-04-22 09:47:57-04:00,0.0
2011-04-22 09:48:00-04:00,0.0
2011-04-22 09:48:03-04:00,0.0
2011-04-22 09:48:06-04:00,0.0
2011-04-22 09:48:09-04:00,0.0
2011-04-22 09:48:12-04:00,0.0
2011-04-22 09:48:15-04:00,0.0
2011-04-22 09:48:18-04:00,0.0
2011-04-22 09:48:21-04:00,0.0
2011-04-22 09:48:24-04:00,0.0
2011-04-22 09:48:27-04:00,0.0
2011-04-22 09:48:30-04:00,0.0
2011-04-22 09:48:33-04:00,0.0
2011-04-22 09:48:36-04:00,0.0
2011-04-22 09:48:39-04:00,0.0
2011-04-22 09:48:42-04:00,0.0
2011-04-22 09:48:45-04:00,0.0
2011-04-22 09:48:48-04:00,0.0
2011-04-22 09:48:51-04:00,0.0
2011-04-22 09:48:54-04:00,0.0
2011-04-22 09:48:57-04:00,0.0
2011-04-22 09:49:00-04:00,0.0
2011-04-22 09:49:03-04:00,0.0
2011-04-22 09:49:06-04:00,0.0
2011-04-22 09:49:09-04:00,0.0
2011-04-22 09:49:12-04:00,0.0
2011-04-22 09:49:15-04:00,0.0
2011-04-22 09:49:18-04:00,0.0
2011-04-22 09:49:21-04:00,0.0
2011-04-22 09:49:24-04:00,0.0
2011-04-22 09:49:27-04:00,0.0
2011-04-22 09:49:30-04:00,0.0
2011-04-22 09:49:33-04:00,0.0
2011-04-22 09:49:36-04:00,0.0
2011-04-22 09:49:39-04:00,0.0
2011-04-22 09:49:42-04:00,0.0
2011-04-22 09:49:45-04:00,0.0
2011-04-22 09:49:48-04:00,0.0
2011-04-22 09:49:51-04:00,0.0
2011-04-22 09:49:54-04:00,0.0
2011-04-22 09:49:57-04:00,0.0
2011-04-22 09:50:00-04:00,0.0
2011-04-22 09:50:03-04:00,0.0
2011-04-22 09:50:06-04:00,0.0
2011-04-22 09:50:09-04:00,0.0
2011-04-22 09:50:12-04:00,0.0
2011-04-22 09:50:15-04:00,0.0
2011-04-22 09:50:18-04:00,0.0
2011-04-22 09:50:21-04:00,0.0
2011-04-22 09:50:24-04:00,0.0
2011-04-22 09:50:27-04:00,0.0
2011-04-22 09:50:30-04:00,0.0
2011-04-22 09:50:33-04:00,0.0
2011-04-22 09:50:36-04:00,0.0
2011-04-22 09:50:39-04:00,0.0
2011-04-22 09:50:42-04:00,0.0
2011-04-22 09:50:45-04:00,0.0
2011-04-22 09:50:48-04:00,0.0
2011-04-22 09:50:51-04:00,0.0
2011-04-22 09:50:54-04:00,0.0
2011-04-22 09:50:57-04:00,0.0
2011-04-22 09:51:00-04:00,0.0
2011-04-22 09:51:03-04:00,0.0
2011-04-22 09:51:06-04:00,0.0
2011-04-22 09:51:09-04:00,0.0
2011-04-22 09:51:12-04:00,0.0
2011-04-22 09:51:15-04:00,0.0
2011-04-22 09:51:18-04:00,0.0
2011-04-22 09:51:21-04:00,0.0
2011-04-22 09:51:24-04:00,0.0
2011-04-22 09:51:27-04:00,0.0
2011-04-22 09:51:30-04:00,0.0
2011-04-22 09:51:33-04:00,0.0
2011-04-22 09:51:36-04:00,0.0
2011-04-22 09:51:39-04:00,0.0
2011-04-22 09:51:42-04:00,0.0
2011-04-22 09:51:45-04:00,0.0
2011-04-22 09:51:48-04:00,0.0
2011-04-22 09:51:51-04:00,0.0
2011-04-22 09:51:54-04:00,0.0
2011-04-22 09:51:57-04:00,0.0
2011-04-22 09:52:00-04:00,0.0
2011-04-22 09:52:03-04:00,0.0
2011-04-22 09:52:06-04:00,0.0
2011-04-22 09:52:09-04:00,0.0
2011-04-22 09:52:12-04:00,0.0
2011-04-22 09:52:15-04:00,0.0
2011-04-22 09:52:18-04:00,0.0
2011-04-22 09:52:21-04:00,0.0
2011-04-22 09:52:24-04:00,0.0
2011-04-22 09:52:27-04:00,0.0
2011-04-22 09:52:30-04:00,0.0
2011-04-22 09:52:33-04:00,0.0
2011-04-22 09:52:36-04:00,0.0
2011-04-22 09:52:39-04:00,0.0
2011-04-22 09:52:42-04:00,0.0
2011-04-22 09:52:45-04:00,0.0
2011-04-22 09:52:48-04:00,0.0
2011-04-22 09:52:51-04:00,0.0
2011-04-22 09:52:54-04:00,0.0
2011-04-22 09:52:57-04:00,0.0
2011-04-22 09:53:00-04:00,0.0
2011-04-22 09:53:03-04:00,0.0
2011-04-22 09:53:06-04:00,0.0
2011-04-22 09:53:09-04:00,0.0
2011-04-22 09:53:12-04:00,0.0
2011-04-22 09:53:15-04:00,0.0
2011-04-22 09:53:18-04:00,0.0
2011-04-22 09:53:21-04:00,0.0
2011-04-22 09:53:24-04:00,0.0
2011-04-22 09:53:27-04:00,0.0
2011-04-22 09:53:30-04:00,0.0
2011-04-22 09:53:33-04:00,0.0
2011-04-22 09:53:36-04:00,0.0
2011-04-22 09:53:39-04:00,0.0
2011-04-22 09:53:42-04:00,0.0
2011-04-22 09:53:45-04:00,0.0
2011-04-22 09:53:48-04:00,0.0
2011-04-22 09:53:51-04:00,0.0
2011-04-22 09:53:54-04:00,0.0
2011-04-22 09:53:57-04:00,0.0
2011-04-22 09:54:00-04:00,0.0
2011-04-22 09:54:03-04:00,0.0
2011-04-22 09:54:06-04:00,0.0
2011-04-22 09:54:09-04:00,0.0
2011-04-22 09:54:12-04:00,0.0
2011-04-22 09:54:15-04:00,0.0
2011-04-22 09:54:18-04:00,0.0
2011-04-22 09:54:21-04:00,0.0
2011-04-22 09:54:24-04:00,0.0
2011-04-22 09:54:27-04:00,0.0
2011-04-22 09:54:30-04:00,0.0
2011-04-22 09:54:33-04:00,0.0
2011-04-22 09:54:36-04:00,0.0
2011-04-22 09:54:39-04:00,0.0
2011-04-22 09:54:42-04:00,0.0
2011-04-22 09:54:45-04:00,0.0
2011-04-22 09:54:48-04:00,0.0
2011-04-22 09:54:51-04:00,0.0
2011-04-22 09:54:54-04:00,0.0
2011-04-22 09:54:57-04:00,0.0
2011-04-22 09:55:00-04:00,0.0
2011-04-22 09:55:03-04:00,0.0
2011-04-22 09:55:06-04:00,0.0
2011-04-22 09:55:09-04:00,0.0
2011-04-22 09:55:12-04:00,0.0
2011-04-22 09:55:15-04:00,0.0
2011-04-22 09:55:18-04:00,0.0
2011-04-22 09:55:21-04:00,0.0
2011-04-22 09:55:24-04:00,0.0
2011-04-22 09:55:27-04:00,0.0
2011-04-22 09:55:30-04:00,0.0
2011-04-22 09:55:33-04:00,0.0
2011-04-22 09:55:36-04:00,0.0
2011-04-22 09:55:39-04:00,0.0
2011-04-22 09:55:42-04:00,0.0
2011-04-22 09:55:45-04:00,0.0
2011-04-22 09:55:48-04:00,0.0
2011-04-22 09:55:51-04:00,0.0
2011-04-22 09:55:54-04:00,0.0
2011-04-22 09:55:57-04:00,0.0
2011-04-22 09:56:00-04:00,0.0
2011-04-22 09:56:03-04:00,0.0
2011-04-22 09:56:06-04:00,0.0
2011-04-22 09:56:09-04:00,0.0
2011-04-22 09:56:12-04:00,0.0
2011-04-22 09:56:15-04:00,0.0
2011-04-22 09:56:18-04:00,0.0
2011-04-22 09:56:21-04:00,0.0
2011-04-22 09:56:24-04:00,0.0
2011-04-22 09:56:27-04:00,0.0
2011-04-22 09:56:30-04:00,0.0
2011-04-22 09:56:33-04:00,0.0
2011-04-22 09:56:36-04:00,0.0
2011-04-22 09:56:39-04:00,0.0
2011-04-22 09:56:42-04:00,0.0
2011-04-22 09:56:45-04:00,0.0
2011-04-22 09:56:48-04:00,0.0
2011-04-22 09:56:51-04:00,0.0
2011-04-22 09:56:54-04:00,0.0
2011-04-22 09:56:57-04:00,0.0
2011-04-22 09:57:00-04:00,0.0
2011-04-22 09:57:03-04:00,0.0
2011-04-22 09:57:06-04:00,0.0
2011-04-22 09:57:09-04:00,0.0
2011-04-22 09:57:12-04:00,0.0
2011-04-22 09:57:15-04:00,0.0
2011-04-22 09:57:18-04:00,0.0
2011-04-22 09:57:21-04:00,0.0
2011-04-22 09:57:24-04:00,0.0
2011-04-22 09:57:27-04:00,0.0
2011-04-22 09:57:30-04:00,0.0
2011-04-22 09:57:33-04:00,0.0
2011-04-22 09:57:36-04:00,0.0
2011-04-22 09:57:39-04:00,0.0
2011-04-22 09:57:42-04:00,0.0
2011-04-22 09:57:45-04:00,0.0
2011-04-22 09:57:48-04:00,0.0
2011-04-22 09:57:51-04:00,0.0
2011-04-22 09:57:54-04:00,0.0
2011-04-22 09:57:57-04:00,0.0
2011-04-22 09:58:00-04:00,0.0
2011-04-22 09:58:03-04:00,0.0
2011-04-22 09:58:06-04:00,0.0
2011-04-22 09:58:09-04:00,0.0
2011-04-22 09:58:12-04:00,0.0
2011-04-22 09:58:15-04:00,0.0
2011-04-22 09:58:18-04:00,0.0
2011-04-22 09:58:21-04:00,0.0
2011-04-22 09:58:24-04:00,0.0
2011-04-22 09:58:27-04:00,0.0
2011-04-22 09:58:30-04:00,0.0
2011-04-22 09:58:33-04:00,0.0
2011-04-22 09:58:36-04:00,0.0
2011-04-22 09:58:39-04:00,0.0
2011-04-22 09:58:42-04:00,0.0
2011-04-22 09:58:45-04:00,0.0
2011-04-22 09:58:48-04:00,0.0
2011-04-22 09:58:51-04:00,0.0
2011-04-22 09:58:54-04:00,0.0
2011-04-22 09:58:57-04:00,0.0
2011-04-22 09:59:00-04:00,0.0
2011-04-22 09:59:03-04:00,0.0
2011-04-22 09:59:06-04:00,0.0
2011-04-22 09:59:09-04:00,0.0
2011-04-22 09:59:12-04:00,0.0
2011-04-22 09:59:15-04:00,0.0
2011-04-22 09:59:18-04:00,0.0
2011-04-22 09:59:21-04:00,0.0
2011-04-22 09:59:24-04:00,0.0
2011-04-22 09:59:27-04:00,0.0
2011-04-22 09:59:30-04:00,0.0
2011-04-22 09:59:33-04:00,0.0
2011-04-22 09:59:36-04:00,0.0
2011-04-22 09:59:39-04:00,0.0
2011-04-22 09:59:42-04:00,0.0
2011-04-22 09:59:45-04:00,0.0
2011-04-22 09:59:48-04:00,0.0
2011-04-22 09:59:51-04:00,0.0
2011-04-22 09:59:54-04:00,0.0
2011-04-22 09:59:57-04:00,0.0
2011-04-22 10:00:00-04:00,0.0
2011-04-22 10:00:03-04:00,0.0
2011-04-22 10:00:06-04:00,0.0
2011-04-22 10:00:09-04:00,0.0
2011-04-22 10:00:12-04:00,0.0
2011-04-22 10:00:15-04:00,0.0
2011-04-22 10:00:18-04:00,0.0
2011-04-22 10:00:21-04:00,0.0
2011-04-22 10:00:24-04:00,0.0
2011-04-22 10:00:27-04:00,0.0
2011-04-22 10:00:30-04:00,0.0
2011-04-22 10:00:33-04:00,0.0
2011-04-22 10:00:36-04:00,0.0
2011-04-22 10:00:39-04:00,0.0
2011-04-22 10:00:42-04:00,0.0
2011-04-22 10:00:45-04:00,0.0
2011-04-22 10:00:48-04:00,0.0
2011-04-22 10:00:51-04:00,0.0
2011-04-22 10:00:54-04:00,0.0
2011-04-22 10:00:57-04:00,0.0
2011-04-22 10:01:00-04:00,0.0
2011-04-22 10:01:03-04:00,0.0
2011-04-22 10:01:06-04:00,0.0
2011-04-22 10:01:09-04:00,0.0
2011-04-22 10:01:12-04:00,0.0
2011-04-22 10:01:15-04:00,0.0
2011-04-22 10:01:18-04:00,0.0
2011-04-22 10:01:21-04:00,0.0
2011-04-22 10:01:24-04:00,0.0
2011-04-22 10:01:27-04:00,0.0
2011-04-22 10:01:30-04:00,0.0
2011-04-22 10:01:33-04:00,0.0
2011-04-22 10:01:36-04:00,0.0
2011-04-22 10:01:39-04:00,0.0
2011-04-22 10:01:42-04:00,0.0
2011-04-22 10:01:45-04:00,0.0
2011-04-22 10:01:48-04:00,0.0
2011-04-22 10:01:51-04:00,0.0
2011-04-22 10:01:54-04:00,0.0
2011-04-22 10:01:57-04:00,0.0
2011-04-22 10:02:00-04:00,0.0
2011-04-22 10:02:03-04:00,0.0
2011-04-22 10:02:06-04:00,0.0
2011-04-22 10:02:09-04:00,0.0
2011-04-22 10:02:12-04:00,0.0
2011-04-22 10:02:15-04:00,0.0
2011-04-22 10:02:18-04:00,0.0
2011-04-22 10:02:21-04:00,0.0
2011-04-22 10:02:24-04:00,0.0
2011-04-22 10:02:27-04:00,0.0
2011-04-22 10:02:30-04:00,0.0
2011-04-22 10:02:33-04:00,0.0
2011-04-22 10:02:36-04:00,0.0
2011-04-22 10:02:39-04:00,0.0
2011-04-22 10:02:42-04:00,0.0
2011-04-22 10:02:45-04:00,0.0
2011-04-22 10:02:48-04:00,0.0
2011-04-22 10:02:51-04:00,0.0
2011-04-22 10:02:54-04:00,0.0
2011-04-22 10:02:57-04:00,0.0
2011-04-22 10:03:00-04:00,0.0
2011-04-22 10:03:03-04:00,0.0
2011-04-22 10:03:06-04:00,0.0
2011-04-22 10:03:09-04:00,0.0
2011-04-22 10:03:12-04:00,0.0
2011-04-22 10:03:15-04:00,0.0
2011-04-22 10:03:18-04:00,0.0
2011-04-22 10:03:21-04:00,0.0
2011-04-22 10:03:24-04:00,0.0
2011-04-22 10:03:27-04:00,0.0
2011-04-22 10:03:30-04:00,0.0
2011-04-22 10:03:33-04:00,0.0
2011-04-22 10:03:36-04:00,0.0
2011-04-22 10:03:39-04:00,0.0
2011-04-22 10:03:42-04:00,0.0
2011-04-22 10:03:45-04:00,0.0
2011-04-22 10:03:48-04:00,0.0
2011-04-22 10:03:51-04:00,0.0
2011-04-22 10:03:54-04:00,0.0
2011-04-22 10:03:57-04:00,0.0
2011-04-22 10:04:00-04:00,0.0
2011-04-22 10:04:03-04:00,0.0
2011-04-22 10:04:06-04:00,0.0
2011-04-22 10:04:09-04:00,0.0
2011-04-22 10:04:12-04:00,0.0
2011-04-22 10:04:15-04:00,0.0
2011-04-22 10:04:18-04:00,0.0
2011-04-22 10:04:21-04:00,0.0
2011-04-22 10:04:24-04:00,0.0
2011-04-22 10:04:27-04:00,0.0
2011-04-22 10:04:30-04:00,0.0
2011-04-22 10:04:33-04:00,0.0
2011-04-22 10:04:36-04:00,0.0
2011-04-22 10:04:39-04:00,0.0
2011-04-22 10:04:42-04:00,0.0
2011-04-22 10:04:45-04:00,0.0
2011-04-22 10:04:48-04:00,0.0
2011-04-22 10:04:51-04:00,0.0
2011-04-22 10:04:54-04:00,0.0
2011-04-22 10:04:57-04:00,0.0
2011-04-22 10:05:00-04:00,0.0
2011-04-22 10:05:03-04:00,0.0
2011-04-22 10:05:06-04:00,0.0
2011-04-22 10:05:09-04:00,0.0
2011-04-22 10:05:12-04:00,0.0
2011-04-22 10:05:15-04:00,0.0
2011-04-22 10:05:18-04:00,0.0
2011-04-22 10:05:21-04:00,0.0
2011-04-22 10:05:24-04:00,0.0
2011-04-22 10:05:27-04:00,0.0
2011-04-22 10:05:30-04:00,0.0
2011-04-22 10:05:33-04:00,0.0
2011-04-22 10:05:36-04:00,0.0
2011-04-22 10:05:39-04:00,0.0
2011-04-22 10:05:42-04:00,0.0
2011-04-22 10:05:45-04:00,0.0
2011-04-22 10:05:48-04:00,0.0
2011-04-22 10:05:51-04:00,0.0
2011-04-22 10:05:54-04:00,0.0
2011-04-22 10:05:57-04:00,0.0
2011-04-22 10:06:00-04:00,0.0
2011-04-22 10:06:03-04:00,0.0
2011-04-22 10:06:06-04:00,0.0
2011-04-22 10:06:09-04:00,0.0
2011-04-22 10:06:12-04:00,0.0
2011-04-22 10:06:15-04:00,0.0
2011-04-22 10:06:18-04:00,0.0
2011-04-22 10:06:21-04:00,0.0
2011-04-22 10:06:24-04:00,0.0
2011-04-22 10:06:27-04:00,0.0
2011-04-22 10:06:30-04:00,0.0
2011-04-22 10:06:33-04:00,0.0
2011-04-22 10:06:36-04:00,0.0
2011-04-22 10:06:39-04:00,0.0
2011-04-22 10:06:42-04:00,0.0
2011-04-22 10:06:45-04:00,0.0
2011-04-22 10:06:48-04:00,0.0
2011-04-22 10:06:51-04:00,0.0
2011-04-22 10:06:54-04:00,0.0
2011-04-22 10:06:57-04:00,0.0
2011-04-22 10:07:00-04:00,0.0
2011-04-22 10:07:03-04:00,0.0
2011-04-22 10:07:06-04:00,0.0
2011-04-22 10:07:09-04:00,0.0
2011-04-22 10:07:12-04:00,0.0
2011-04-22 10:07:15-04:00,0.0
2011-04-22 10:07:18-04:00,0.0
2011-04-22 10:07:21-04:00,0.0
2011-04-22 10:07:24-04:00,0.0
2011-04-22 10:07:27-04:00,0.0
2011-04-22 10:07:30-04:00,0.0
2011-04-22 10:07:33-04:00,0.0
2011-04-22 10:07:36-04:00,0.0
2011-04-22 10:07:39-04:00,0.0
2011-04-22 10:07:42-04:00,0.0
2011-04-22 10:07:45-04:00,0.0
2011-04-22 10:07:48-04:00,0.0
2011-04-22 10:07:51-04:00,0.0
2011-04-22 10:07:54-04:00,0.0
2011-04-22 10:07:57-04:00,0.0
2011-04-22 10:08:00-04:00,0.0
2011-04-22 10:08:03-04:00,0.0
2011-04-22 10:08:06-04:00,0.0
2011-04-22 10:08:09-04:00,0.0
2011-04-22 10:08:12-04:00,0.0
2011-04-22 10:08:15-04:00,0.0
2011-04-22 10:08:18-04:00,0.0
2011-04-22 10:08:21-04:00,0.0
2011-04-22 10:08:24-04:00,0.0
2011-04-22 10:08:27-04:00,0.0
2011-04-22 10:08:30-04:00,0.0
2011-04-22 10:08:33-04:00,0.0
2011-04-22 10:08:36-04:00,0.0
2011-04-22 10:08:39-04:00,0.0
2011-04-22 10:08:42-04:00,0.0
2011-04-22 10:08:45-04:00,0.0
2011-04-22 10:08:48-04:00,0.0
2011-04-22 10:08:51-04:00,0.0
2011-04-22 10:08:54-04:00,0.0
2011-04-22 10:08:57-04:00,0.0
2011-04-22 10:09:00-04:00,0.0
2011-04-22 10:09:03-04:00,0.0
2011-04-22 10:09:06-04:00,0.0
2011-04-22 10:09:09-04:00,0.0
2011-04-22 10:09:12-04:00,0.0
2011-04-22 10:09:15-04:00,0.0
2011-04-22 10:09:18-04:00,0.0
2011-04-22 10:09:21-04:00,0.0
2011-04-22 10:09:24-04:00,0.0
2011-04-22 10:09:27-04:00,0.0
2011-04-22 10:09:30-04:00,0.0
2011-04-22 10:09:33-04:00,0.0
2011-04-22 10:09:36-04:00,0.0
2011-04-22 10:09:39-04:00,0.0
2011-04-22 10:09:42-04:00,0.0
2011-04-22 10:09:45-04:00,0.0
2011-04-22 10:09:48-04:00,0.0
2011-04-22 10:09:51-04:00,0.0
2011-04-22 10:09:54-04:00,0.0
2011-04-22 10:09:57-04:00,0.0
2011-04-22 10:10:00-04:00,0.0
2011-04-22 10:10:03-04:00,0.0
2011-04-22 10:10:06-04:00,0.0
2011-04-22 10:10:09-04:00,0.0
2011-04-22 10:10:12-04:00,0.0
2011-04-22 10:10:15-04:00,0.0
2011-04-22 10:10:18-04:00,0.0
2011-04-22 10:10:21-04:00,0.0
2011-04-22 10:10:24-04:00,0.0
2011-04-22 10:10:27-04:00,0.0
2011-04-22 10:10:30-04:00,0.0
2011-04-22 10:10:33-04:00,0.0
2011-04-22 10:10:36-04:00,0.0
2011-04-22 10:10:39-04:00,0.0
2011-04-22 10:10:42-04:00,0.0
2011-04-22 10:10:45-04:00,0.0
2011-04-22 10:10:48-04:00,0.0
2011-04-22 10:10:51-04:00,0.0
2011-04-22 10:10:54-04:00,0.0
2011-04-22 10:10:57-04:00,0.0
2011-04-22 10:11:00-04:00,0.0
2011-04-22 10:11:03-04:00,0.0
2011-04-22 10:11:06-04:00,0.0
2011-04-22 10:11:09-04:00,0.0
2011-04-22 10:11:12-04:00,0.0
2011-04-22 10:11:15-04:00,0.0
2011-04-22 10:11:18-04:00,0.0
2011-04-22 10:11:21-04:00,0.0
2011-04-22 10:11:24-04:00,0.0
2011-04-22 10:11:27-04:00,0.0
2011-04-22 10:11:30-04:00,0.0
2011-04-22 10:11:33-04:00,0.0
2011-04-22 10:11:36-04:00,0.0
2011-04-22 10:11:39-04:00,0.0
2011-04-22 10:11:42-04:00,0.0
2011-04-22 10:11:45-04:00,0.0
2011-04-22 10:11:48-04:00,0.0
2011-04-22 10:11:51-04:00,0.0
2011-04-22 10:11:54-04:00,0.0
2011-04-22 10:11:57-04:00,0.0
2011-04-22 10:12:00-04:00,0.0
2011-04-22 10:12:03-04:00,0.0
2011-04-22 10:12:06-04:00,0.0
2011-04-22 10:12:09-04:00,0.0
2011-04-22 10:12:12-04:00,0.0
2011-04-22 10:12:15-04:00,0.0
2011-04-22 10:12:18-04:00,0.0
2011-04-22 10:12:21-04:00,0.0
2011-04-22 10:12:24-04:00,0.0
2011-04-22 10:12:27-04:00,0.0
2011-04-22 10:12:30-04:00,0.0
2011-04-22 10:12:33-04:00,0.0
2011-04-22 10:12:36-04:00,0.0
2011-04-22 10:12:39-04:00,0.0
2011-04-22 10:12:42-04:00,0.0
2011-04-22 10:12:45-04:00,0.0
2011-04-22 10:12:48-04:00,0.0
2011-04-22 10:12:51-04:00,0.0
2011-04-22 10:12:54-04:00,0.0
2011-04-22 10:12:57-04:00,0.0
2011-04-22 10:13:00-04:00,0.0
2011-04-22 10:13:03-04:00,0.0
2011-04-22 10:13:06-04:00,0.0
2011-04-22 10:13:09-04:00,0.0
2011-04-22 10:13:12-04:00,0.0
2011-04-22 10:13:15-04:00,0.0
2011-04-22 10:13:18-04:00,0.0
2011-04-22 10:13:21-04:00,0.0
2011-04-22 10:13:24-04:00,0.0
2011-04-22 10:13:27-04:00,0.0
2011-04-22 10:13:30-04:00,0.0
2011-04-22 10:13:33-04:00,0.0
2011-04-22 10:13:36-04:00,0.0
2011-04-22 10:13:39-04:00,0.0
2011-04-22 10:13:42-04:00,0.0
2011-04-22 10:13:45-04:00,0.0
2011-04-22 10:13:48-04:00,0.0
2011-04-22 10:13:51-04:00,0.0
2011-04-22 10:13:54-04:00,0.0
2011-04-22 10:13:57-04:00,0.0
2011-04-22 10:14:00-04:00,0.0
2011-04-22 10:14:03-04:00,0.0
2011-04-22 10:14:06-04:00,0.0
2011-04-22 10:14:09-04:00,0.0
2011-04-22 10:14:12-04:00,0.0
2011-04-22 10:14:15-04:00,0.0
2011-04-22 10:14:18-04:00,0.0
2011-04-22 10:14:21-04:00,0.0
2011-04-22 10:14:24-04:00,0.0
2011-04-22 10:14:27-04:00,0.0
2011-04-22 10:14:30-04:00,0.0
2011-04-22 10:14:33-04:00,0.0
2011-04-22 10:14:36-04:00,0.0
2011-04-22 10:14:39-04:00,0.0
2011-04-22 10:14:42-04:00,0.0
2011-04-22 10:14:45-04:00,0.0
2011-04-22 10:14:48-04:00,0.0
2011-04-22 10:14:51-04:00,0.0
2011-04-22 10:14:54-04:00,0.0
2011-04-22 10:14:57-04:00,0.0
2011-04-22 10:15:00-04:00,0.0
2011-04-22 10:15:03-04:00,0.0
2011-04-22 10:15:06-04:00,0.0
2011-04-22 10:15:09-04:00,0.0
2011-04-22 10:15:12-04:00,0.0
2011-04-22 10:15:15-04:00,0.0
2011-04-22 10:15:18-04:00,0.0
2011-04-22 10:15:21-04:00,0.0
2011-04-22 10:15:24-04:00,0.0
2011-04-22 10:15:27-04:00,0.0
2011-04-22 10:15:30-04:00,0.0
2011-04-22 10:15:33-04:00,0.0
2011-04-22 10:15:36-04:00,0.0
2011-04-22 10:15:39-04:00,0.0
2011-04-22 10:15:42-04:00,0.0
2011-04-22 10:15:45-04:00,0.0
2011-04-22 10:15:48-04:00,0.0
2011-04-22 10:15:51-04:00,0.0
2011-04-22 10:15:54-04:00,0.0
2011-04-22 10:15:57-04:00,0.0
2011-04-22 10:16:00-04:00,0.0
2011-04-22 10:16:03-04:00,0.0
2011-04-22 10:16:06-04:00,0.0
2011-04-22 10:16:09-04:00,0.0
2011-04-22 10:16:12-04:00,0.0
2011-04-22 10:16:15-04:00,0.0
2011-04-22 10:16:18-04:00,0.0
2011-04-22 10:16:21-04:00,0.0
2011-04-22 10:16:24-04:00,0.0
2011-04-22 10:16:27-04:00,0.0
2011-04-22 10:16:30-04:00,0.0
2011-04-22 10:16:33-04:00,0.0
2011-04-22 10:16:36-04:00,0.0
2011-04-22 10:16:39-04:00,0.0
2011-04-22 10:16:42-04:00,0.0
2011-04-22 10:16:45-04:00,0.0
2011-04-22 10:16:48-04:00,0.0
2011-04-22 10:16:51-04:00,0.0
2011-04-22 10:16:54-04:00,0.0
2011-04-22 10:16:57-04:00,0.0
2011-04-22 10:17:00-04:00,0.0
2011-04-22 10:17:03-04:00,0.0
2011-04-22 10:17:06-04:00,0.0
2011-04-22 10:17:09-04:00,0.0
2011-04-22 10:17:12-04:00,0.0
2011-04-22 10:17:15-04:00,0.0
2011-04-22 10:17:18-04:00,0.0
2011-04-22 10:17:21-04:00,0.0
2011-04-22 10:17:24-04:00,0.0
2011-04-22 10:17:27-04:00,0.0
2011-04-22 10:17:30-04:00,0.0
2011-04-22 10:17:33-04:00,0.0
2011-04-22 10:17:36-04:00,0.0
2011-04-22 10:17:39-04:00,0.0
2011-04-22 10:17:42-04:00,0.0
2011-04-22 10:17:45-04:00,0.0
2011-04-22 10:17:48-04:00,0.0
2011-04-22 10:17:51-04:00,0.0
2011-04-22 10:17:54-04:00,0.0
2011-04-22 10:17:57-04:00,0.0
2011-04-22 10:18:00-04:00,0.0
2011-04-22 10:18:03-04:00,0.0
2011-04-22 10:18:06-04:00,0.0
2011-04-22 10:18:09-04:00,0.0
2011-04-22 10:18:12-04:00,0.0
2011-04-22 10:18:15-04:00,0.0
2011-04-22 10:18:18-04:00,0.0
2011-04-22 10:18:21-04:00,0.0
2011-04-22 10:18:24-04:00,0.0
2011-04-22 10:18:27-04:00,0.0
2011-04-22 10:18:30-04:00,0.0
2011-04-22 10:18:33-04:00,0.0
2011-04-22 10:18:36-04:00,0.0
2011-04-22 10:18:39-04:00,0.0
2011-04-22 10:18:42-04:00,0.0
2011-04-22 10:18:45-04:00,0.0
2011-04-22 10:18:48-04:00,0.0
2011-04-22 10:18:51-04:00,0.0
2011-04-22 10:18:54-04:00,0.0
2011-04-22 10:18:57-04:00,0.0
2011-04-22 10:19:00-04:00,0.0
2011-04-22 10:19:03-04:00,0.0
2011-04-22 10:19:06-04:00,0.0
2011-04-22 10:19:09-04:00,0.0
2011-04-22 10:19:12-04:00,0.0
2011-04-22 10:19:15-04:00,0.0
2011-04-22 10:19:18-04:00,0.0
2011-04-22 10:19:21-04:00,0.0
2011-04-22 10:19:24-04:00,0.0
2011-04-22 10:19:27-04:00,0.0
2011-04-22 10:19:30-04:00,0.0
2011-04-22 10:19:33-04:00,0.0
2011-04-22 10:19:36-04:00,0.0
2011-04-22 10:19:39-04:00,0.0
2011-04-22 10:19:42-04:00,0.0
2011-04-22 10:19:45-04:00,0.0
2011-04-22 10:19:48-04:00,0.0
2011-04-22 10:19:51-04:00,0.0
2011-04-22 10:19:54-04:00,0.0
2011-04-22 10:19:57-04:00,0.0
2011-04-22 10:20:00-04:00,0.0
2011-04-22 10:20:03-04:00,0.0
2011-04-22 10:20:06-04:00,0.0
2011-04-22 10:20:09-04:00,0.0
2011-04-22 10:20:12-04:00,0.0
2011-04-22 10:20:15-04:00,0.0
2011-04-22 10:20:18-04:00,0.0
2011-04-22 10:20:21-04:00,0.0
2011-04-22 10:20:24-04:00,0.0
2011-04-22 10:20:27-04:00,0.0
2011-04-22 10:20:30-04:00,0.0
2011-04-22 10:20:33-04:00,0.0
2011-04-22 10:20:36-04:00,0.0
2011-04-22 10:20:39-04:00,0.0
2011-04-22 10:20:42-04:00,0.0
2011-04-22 10:20:45-04:00,0.0
2011-04-22 10:20:48-04:00,0.0
2011-04-22 10:20:51-04:00,0.0
2011-04-22 10:20:54-04:00,0.0
2011-04-22 10:20:57-04:00,0.0
2011-04-22 10:21:00-04:00,0.0
2011-04-22 10:21:03-04:00,0.0
2011-04-22 10:21:06-04:00,0.0
2011-04-22 10:21:09-04:00,0.0
2011-04-22 10:21:12-04:00,0.0
2011-04-22 10:21:15-04:00,0.0
2011-04-22 10:21:18-04:00,0.0
2011-04-22 10:21:21-04:00,0.0
2011-04-22 10:21:24-04:00,0.0
2011-04-22 10:21:27-04:00,0.0
2011-04-22 10:21:30-04:00,0.0
2011-04-22 10:21:33-04:00,0.0
2011-04-22 10:21:36-04:00,0.0
2011-04-22 10:21:39-04:00,0.0
2011-04-22 10:21:42-04:00,0.0
2011-04-22 10:21:45-04:00,0.0
2011-04-22 10:21:48-04:00,0.0
2011-04-22 10:21:51-04:00,0.0
2011-04-22 10:21:54-04:00,0.0
2011-04-22 10:21:57-04:00,0.0
2011-04-22 10:22:00-04:00,0.0
2011-04-22 10:22:03-04:00,0.0
2011-04-22 10:22:06-04:00,0.0
2011-04-22 10:22:09-04:00,0.0
2011-04-22 10:22:12-04:00,0.0
2011-04-22 10:22:15-04:00,0.0
2011-04-22 10:22:18-04:00,0.0
2011-04-22 10:22:21-04:00,0.0
2011-04-22 10:22:24-04:00,0.0
2011-04-22 10:22:27-04:00,0.0
2011-04-22 10:22:30-04:00,0.0
2011-04-22 10:22:33-04:00,0.0
2011-04-22 10:22:36-04:00,0.0
2011-04-22 10:22:39-04:00,0.0
2011-04-22 10:22:42-04:00,0.0
2011-04-22 10:22:45-04:00,0.0
2011-04-22 10:22:48-04:00,0.0
2011-04-22 10:22:51-04:00,0.0
2011-04-22 10:22:54-04:00,0.0
2011-04-22 10:22:57-04:00,0.0
2011-04-22 10:23:00-04:00,0.0
2011-04-22 10:23:03-04:00,0.0
2011-04-22 10:23:06-04:00,0.0
2011-04-22 10:23:09-04:00,0.0
2011-04-22 10:23:12-04:00,0.0
2011-04-22 10:23:15-04:00,0.0
2011-04-22 10:23:18-04:00,0.0
2011-04-22 10:23:21-04:00,0.0
2011-04-22 10:23:24-04:00,0.0
2011-04-22 10:23:27-04:00,0.0
2011-04-22 10:23:30-04:00,0.0
2011-04-22 10:23:33-04:00,0.0
2011-04-22 10:23:36-04:00,0.0
2011-04-22 10:23:39-04:00,0.0
2011-04-22 10:23:42-04:00,0.0
2011-04-22 10:23:45-04:00,0.0
2011-04-22 10:23:48-04:00,0.0
2011-04-22 10:23:51-04:00,0.0
2011-04-22 10:23:54-04:00,0.0
2011-04-22 10:23:57-04:00,0.0
2011-04-22 10:24:00-04:00,0.0
2011-04-22 10:24:03-04:00,0.0
2011-04-22 10:24:06-04:00,0.0
2011-04-22 10:24:09-04:00,0.0
2011-04-22 10:24:12-04:00,0.0
2011-04-22 10:24:15-04:00,0.0
2011-04-22 10:24:18-04:00,0.0
2011-04-22 10:24:21-04:00,0.0
2011-04-22 10:24:24-04:00,0.0
2011-04-22 10:24:27-04:00,0.0
2011-04-22 10:24:30-04:00,0.0
2011-04-22 10:24:33-04:00,0.0
2011-04-22 10:24:36-04:00,0.0
2011-04-22 10:24:39-04:00,0.0
2011-04-22 10:24:42-04:00,0.0
2011-04-22 10:24:45-04:00,0.0
2011-04-22 10:24:48-04:00,0.0
2011-04-22 10:24:51-04:00,0.0
2011-04-22 10:24:54-04:00,0.0
2011-04-22 10:24:57-04:00,0.0
2011-04-22 10:25:00-04:00,0.0
2011-04-22 10:25:03-04:00,0.0
2011-04-22 10:25:06-04:00,0.0
2011-04-22 10:25:09-04:00,0.0
2011-04-22 10:25:12-04:00,0.0
2011-04-22 10:25:15-04:00,0.0
2011-04-22 10:25:18-04:00,0.0
2011-04-22 10:25:21-04:00,0.0
2011-04-22 10:25:24-04:00,0.0
2011-04-22 10:25:27-04:00,0.0
2011-04-22 10:25:30-04:00,0.0
2011-04-22 10:25:33-04:00,0.0
2011-04-22 10:25:36-04:00,0.0
2011-04-22 10:25:39-04:00,0.0
2011-04-22 10:25:42-04:00,0.0
2011-04-22 10:25:45-04:00,0.0
2011-04-22 10:25:48-04:00,0.0
2011-04-22 10:25:51-04:00,0.0
2011-04-22 10:25:54-04:00,0.0
2011-04-22 10:25:57-04:00,0.0
2011-04-22 10:26:00-04:00,0.0
2011-04-22 10:26:03-04:00,0.0
2011-04-22 10:26:06-04:00,0.0
2011-04-22 10:26:09-04:00,0.0
2011-04-22 10:26:12-04:00,0.0
2011-04-22 10:26:15-04:00,0.0
2011-04-22 10:26:18-04:00,0.0
2011-04-22 10:26:21-04:00,0.0
2011-04-22 10:26:24-04:00,0.0
2011-04-22 10:26:27-04:00,0.0
2011-04-22 10:26:30-04:00,0.0
2011-04-22 10:26:33-04:00,0.0
2011-04-22 10:26:36-04:00,0.0
2011-04-22 10:26:39-04:00,0.0
2011-04-22 10:26:42-04:00,0.0
2011-04-22 10:26:45-04:00,0.0
2011-04-22 10:26:48-04:00,0.0
2011-04-22 10:26:51-04:00,0.0
2011-04-22 10:26:54-04:00,0.0
2011-04-22 10:26:57-04:00,0.0
2011-04-22 10:27:00-04:00,0.0
2011-04-22 10:27:03-04:00,0.0
2011-04-22 10:27:06-04:00,0.0
2011-04-22 10:27:09-04:00,0.0
2011-04-22 10:27:12-04:00,0.0
2011-04-22 10:27:15-04:00,0.0
2011-04-22 10:27:18-04:00,0.0
2011-04-22 10:27:21-04:00,0.0
2011-04-22 10:27:24-04:00,0.0
2011-04-22 10:27:27-04:00,0.0
2011-04-22 10:27:30-04:00,0.0
2011-04-22 10:27:33-04:00,0.0
2011-04-22 10:27:36-04:00,0.0
2011-04-22 10:27:39-04:00,0.0
2011-04-22 10:27:42-04:00,0.0
2011-04-22 10:27:45-04:00,0.0
2011-04-22 10:27:48-04:00,0.0
2011-04-22 10:27:51-04:00,0.0
2011-04-22 10:27:54-04:00,0.0
2011-04-22 10:27:57-04:00,0.0
2011-04-22 10:28:00-04:00,0.0
2011-04-22 10:28:03-04:00,0.0
2011-04-22 10:28:06-04:00,0.0
2011-04-22 10:28:09-04:00,0.0
2011-04-22 10:28:12-04:00,0.0
2011-04-22 10:28:15-04:00,0.0
2011-04-22 10:28:18-04:00,0.0
2011-04-22 10:28:21-04:00,0.0
2011-04-22 10:28:24-04:00,0.0
2011-04-22 10:28:27-04:00,0.0
2011-04-22 10:28:30-04:00,0.0
2011-04-22 10:28:33-04:00,0.0
2011-04-22 10:28:36-04:00,0.0
2011-04-22 10:28:39-04:00,0.0
2011-04-22 10:28:42-04:00,0.0
2011-04-22 10:28:45-04:00,0.0
2011-04-22 10:28:48-04:00,0.0
2011-04-22 10:28:51-04:00,0.0
2011-04-22 10:28:54-04:00,0.0
2011-04-22 10:28:57-04:00,0.0
2011-04-22 10:29:00-04:00,0.0
2011-04-22 10:29:03-04:00,0.0
2011-04-22 10:29:06-04:00,0.0
2011-04-22 10:29:09-04:00,0.0
2011-04-22 10:29:12-04:00,0.0
2011-04-22 10:29:15-04:00,0.0
2011-04-22 10:29:18-04:00,0.0
2011-04-22 10:29:21-04:00,0.0
2011-04-22 10:29:24-04:00,0.0
2011-04-22 10:29:27-04:00,0.0
2011-04-22 10:29:30-04:00,0.0
2011-04-22 10:29:33-04:00,0.0
2011-04-22 10:29:36-04:00,0.0
2011-04-22 10:29:39-04:00,0.0
2011-04-22 10:29:42-04:00,0.0
2011-04-22 10:29:45-04:00,0.0
2011-04-22 10:29:48-04:00,0.0
2011-04-22 10:29:51-04:00,0.0
2011-04-22 10:29:54-04:00,0.0
2011-04-22 10:29:57-04:00,0.0
2011-04-22 10:30:00-04:00,0.0
2011-04-22 10:30:03-04:00,0.0
2011-04-22 10:30:06-04:00,0.0
2011-04-22 10:30:09-04:00,0.0
2011-04-22 10:30:12-04:00,0.0
2011-04-22 10:30:15-04:00,0.0
2011-04-22 10:30:18-04:00,0.0
2011-04-22 10:30:21-04:00,0.0
2011-04-22 10:30:24-04:00,0.0
2011-04-22 10:30:27-04:00,0.0
2011-04-22 10:30:30-04:00,0.0
2011-04-22 10:30:33-04:00,0.0
2011-04-22 10:30:36-04:00,0.0
2011-04-22 10:30:39-04:00,0.0
2011-04-22 10:30:42-04:00,0.0
2011-04-22 10:30:45-04:00,0.0
2011-04-22 10:30:48-04:00,0.0
2011-04-22 10:30:51-04:00,0.0
2011-04-22 10:30:54-04:00,0.0
2011-04-22 10:30:57-04:00,0.0
2011-04-22 10:31:00-04:00,0.0
2011-04-22 10:31:03-04:00,0.0
2011-04-22 10:31:06-04:00,0.0
2011-04-22 10:31:09-04:00,0.0
2011-04-22 10:31:12-04:00,0.0
2011-04-22 10:31:15-04:00,0.0
2011-04-22 10:31:18-04:00,0.0
2011-04-22 10:31:21-04:00,0.0
2011-04-22 10:31:24-04:00,0.0
2011-04-22 10:31:27-04:00,0.0
2011-04-22 10:31:30-04:00,0.0
2011-04-22 10:31:33-04:00,0.0
2011-04-22 10:31:36-04:00,0.0
2011-04-22 10:31:39-04:00,0.0
2011-04-22 10:31:42-04:00,0.0
2011-04-22 10:31:45-04:00,0.0
2011-04-22 10:31:48-04:00,0.0
2011-04-22 10:31:51-04:00,0.0
2011-04-22 10:31:54-04:00,0.0
2011-04-22 10:31:57-04:00,0.0
2011-04-22 10:32:00-04:00,0.0
2011-04-22 10:32:03-04:00,0.0
2011-04-22 10:32:06-04:00,0.0
2011-04-22 10:32:09-04:00,0.0
2011-04-22 10:32:12-04:00,0.0
2011-04-22 10:32:15-04:00,0.0
2011-04-22 10:32:18-04:00,0.0
2011-04-22 10:32:21-04:00,0.0
2011-04-22 10:32:24-04:00,0.0
2011-04-22 10:32:27-04:00,0.0
2011-04-22 10:32:30-04:00,0.0
2011-04-22 10:32:33-04:00,0.0
2011-04-22 10:32:36-04:00,0.0
2011-04-22 10:32:39-04:00,0.0
2011-04-22 10:32:42-04:00,0.0
2011-04-22 10:32:45-04:00,0.0
2011-04-22 10:32:48-04:00,0.0
2011-04-22 10:32:51-04:00,0.0
2011-04-22 10:32:54-04:00,0.0
2011-04-22 10:32:57-04:00,0.0
2011-04-22 10:33:00-04:00,0.0
2011-04-22 10:33:03-04:00,0.0
2011-04-22 10:33:06-04:00,0.0
2011-04-22 10:33:09-04:00,0.0
2011-04-22 10:33:12-04:00,0.0
2011-04-22 10:33:15-04:00,0.0
2011-04-22 10:33:18-04:00,0.0
2011-04-22 10:33:21-04:00,0.0
2011-04-22 10:33:24-04:00,0.0
2011-04-22 10:33:27-04:00,0.0
2011-04-22 10:33:30-04:00,0.0
2011-04-22 10:33:33-04:00,0.0
2011-04-22 10:33:36-04:00,0.0
2011-04-22 10:33:39-04:00,0.0
2011-04-22 10:33:42-04:00,0.0
2011-04-22 10:33:45-04:00,0.0
2011-04-22 10:33:48-04:00,0.0
2011-04-22 10:33:51-04:00,0.0
2011-04-22 10:33:54-04:00,0.0
2011-04-22 10:33:57-04:00,0.0
2011-04-22 10:34:00-04:00,0.0
2011-04-22 10:34:03-04:00,0.0
2011-04-22 10:34:06-04:00,0.0
2011-04-22 10:34:09-04:00,0.0
2011-04-22 10:34:12-04:00,0.0
2011-04-22 10:34:15-04:00,0.0
2011-04-22 10:34:18-04:00,0.0
2011-04-22 10:34:21-04:00,0.0
2011-04-22 10:34:24-04:00,0.0
2011-04-22 10:34:27-04:00,0.0
2011-04-22 10:34:30-04:00,0.0
2011-04-22 10:34:33-04:00,0.0
2011-04-22 10:34:36-04:00,0.0
2011-04-22 10:34:39-04:00,0.0
2011-04-22 10:34:42-04:00,0.0
2011-04-22 10:34:45-04:00,0.0
2011-04-22 10:34:48-04:00,0.0
2011-04-22 10:34:51-04:00,0.0
2011-04-22 10:34:54-04:00,0.0
2011-04-22 10:34:57-04:00,0.0
2011-04-22 10:35:00-04:00,0.0
2011-04-22 10:35:03-04:00,0.0
2011-04-22 10:35:06-04:00,0.0
2011-04-22 10:35:09-04:00,0.0
2011-04-22 10:35:12-04:00,0.0
2011-04-22 10:35:15-04:00,0.0
2011-04-22 10:35:18-04:00,0.0
2011-04-22 10:35:21-04:00,0.0
2011-04-22 10:35:24-04:00,0.0
2011-04-22 10:35:27-04:00,0.0
2011-04-22 10:35:30-04:00,0.0
2011-04-22 10:35:33-04:00,0.0
2011-04-22 10:35:36-04:00,0.0
2011-04-22 10:35:39-04:00,0.0
2011-04-22 10:35:42-04:00,0.0
2011-04-22 10:35:45-04:00,0.0
2011-04-22 10:35:48-04:00,0.0
2011-04-22 10:35:51-04:00,0.0
2011-04-22 10:35:54-04:00,0.0
2011-04-22 10:35:57-04:00,0.0
2011-04-22 10:36:00-04:00,0.0
2011-04-22 10:36:03-04:00,0.0
2011-04-22 10:36:06-04:00,0.0
2011-04-22 10:36:09-04:00,0.0
2011-04-22 10:36:12-04:00,0.0
2011-04-22 10:36:15-04:00,0.0
2011-04-22 10:36:18-04:00,0.0
2011-04-22 10:36:21-04:00,0.0
2011-04-22 10:36:24-04:00,0.0
2011-04-22 10:36:27-04:00,0.0
2011-04-22 10:36:30-04:00,0.0
2011-04-22 10:36:33-04:00,0.0
2011-04-22 10:36:36-04:00,0.0
2011-04-22 10:36:39-04:00,0.0
2011-04-22 10:36:42-04:00,0.0
2011-04-22 10:36:45-04:00,0.0
2011-04-22 10:36:48-04:00,0.0
2011-04-22 10:36:51-04:00,0.0
2011-04-22 10:36:54-04:00,0.0
2011-04-22 10:36:57-04:00,0.0
2011-04-22 10:37:00-04:00,0.0
2011-04-22 10:37:03-04:00,0.0
2011-04-22 10:37:06-04:00,0.0
2011-04-22 10:37:09-04:00,0.0
2011-04-22 10:37:12-04:00,0.0
2011-04-22 10:37:15-04:00,0.0
2011-04-22 10:37:18-04:00,0.0
2011-04-22 10:37:21-04:00,0.0
2011-04-22 10:37:24-04:00,0.0
2011-04-22 10:37:27-04:00,0.0
2011-04-22 10:37:30-04:00,0.0
2011-04-22 10:37:33-04:00,0.0
2011-04-22 10:37:36-04:00,0.0
2011-04-22 10:37:39-04:00,0.0
2011-04-22 10:37:42-04:00,0.0
2011-04-22 10:37:45-04:00,0.0
2011-04-22 10:37:48-04:00,0.0
2011-04-22 10:37:51-04:00,0.0
2011-04-22 10:37:54-04:00,0.0
2011-04-22 10:37:57-04:00,0.0
2011-04-22 10:38:00-04:00,0.0
2011-04-22 10:38:03-04:00,0.0
2011-04-22 10:38:06-04:00,0.0
2011-04-22 10:38:09-04:00,0.0
2011-04-22 10:38:12-04:00,0.0
2011-04-22 10:38:15-04:00,0.0
2011-04-22 10:38:18-04:00,0.0
2011-04-22 10:38:21-04:00,0.0
2011-04-22 10:38:24-04:00,0.0
2011-04-22 10:38:27-04:00,0.0
2011-04-22 10:38:30-04:00,0.0
2011-04-22 10:38:33-04:00,0.0
2011-04-22 10:38:36-04:00,0.0
2011-04-22 10:38:39-04:00,0.0
2011-04-22 10:38:42-04:00,0.0
2011-04-22 10:38:45-04:00,0.0
2011-04-22 10:38:48-04:00,0.0
2011-04-22 10:38:51-04:00,0.0
2011-04-22 10:38:54-04:00,0.0
2011-04-22 10:38:57-04:00,0.0
2011-04-22 10:39:00-04:00,0.0
2011-04-22 10:39:03-04:00,0.0
2011-04-22 10:39:06-04:00,0.0
2011-04-22 10:39:09-04:00,0.0
2011-04-22 10:39:12-04:00,0.0
2011-04-22 10:39:15-04:00,0.0
2011-04-22 10:39:18-04:00,0.0
2011-04-22 10:39:21-04:00,0.0
2011-04-22 10:39:24-04:00,0.0
2011-04-22 10:39:27-04:00,0.0
2011-04-22 10:39:30-04:00,0.0
2011-04-22 10:39:33-04:00,0.0
2011-04-22 10:39:36-04:00,0.0
2011-04-22 10:39:39-04:00,0.0
2011-04-22 10:39:42-04:00,0.0
2011-04-22 10:39:45-04:00,0.0
2011-04-22 10:39:48-04:00,0.0
2011-04-22 10:39:51-04:00,0.0
2011-04-22 10:39:54-04:00,0.0
2011-04-22 10:39:57-04:00,0.0
2011-04-22 10:40:00-04:00,0.0
2011-04-22 10:40:03-04:00,0.0
2011-04-22 10:40:06-04:00,0.0
2011-04-22 10:40:09-04:00,0.0
2011-04-22 10:40:12-04:00,0.0
2011-04-22 10:40:15-04:00,0.0
2011-04-22 10:40:18-04:00,0.0
2011-04-22 10:40:21-04:00,0.0
2011-04-22 10:40:24-04:00,0.0
2011-04-22 10:40:27-04:00,0.0
2011-04-22 10:40:30-04:00,0.0
2011-04-22 10:40:33-04:00,0.0
2011-04-22 10:40:36-04:00,0.0
2011-04-22 10:40:39-04:00,0.0
2011-04-22 10:40:42-04:00,0.0
2011-04-22 10:40:45-04:00,0.0
2011-04-22 10:40:48-04:00,0.0
2011-04-22 10:40:51-04:00,0.0
2011-04-22 10:40:54-04:00,0.0
2011-04-22 10:40:57-04:00,0.0
2011-04-22 10:41:00-04:00,0.0
2011-04-22 10:41:03-04:00,0.0
2011-04-22 10:41:06-04:00,0.0
2011-04-22 10:41:09-04:00,0.0
2011-04-22 10:41:12-04:00,0.0
2011-04-22 10:41:15-04:00,0.0
2011-04-22 10:41:18-04:00,0.0
2011-04-22 10:41:21-04:00,0.0
2011-04-22 10:41:24-04:00,0.0
2011-04-22 10:41:27-04:00,0.0
2011-04-22 10:41:30-04:00,0.0
2011-04-22 10:41:33-04:00,0.0
2011-04-22 10:41:36-04:00,0.0
2011-04-22 10:41:39-04:00,0.0
2011-04-22 10:41:42-04:00,0.0
2011-04-22 10:41:45-04:00,0.0
2011-04-22 10:41:48-04:00,0.0
2011-04-22 10:41:51-04:00,0.0
2011-04-22 10:41:54-04:00,0.0
2011-04-22 10:41:57-04:00,0.0
2011-04-22 10:42:00-04:00,0.0
2011-04-22 10:42:03-04:00,0.0
2011-04-22 10:42:06-04:00,0.0
2011-04-22 10:42:09-04:00,0.0
2011-04-22 10:42:12-04:00,0.0
2011-04-22 10:42:15-04:00,0.0
2011-04-22 10:42:18-04:00,0.0
2011-04-22 10:42:21-04:00,0.0
2011-04-22 10:42:24-04:00,0.0
2011-04-22 10:42:27-04:00,0.0
2011-04-22 10:42:30-04:00,0.0
2011-04-22 10:42:33-04:00,0.0
2011-04-22 10:42:36-04:00,0.0
2011-04-22 10:42:39-04:00,0.0
2011-04-22 10:42:42-04:00,0.0
2011-04-22 10:42:45-04:00,0.0
2011-04-22 10:42:48-04:00,0.0
2011-04-22 10:42:51-04:00,0.0
2011-04-22 10:42:54-04:00,0.0
2011-04-22 10:42:57-04:00,0.0
2011-04-22 10:43:00-04:00,0.0
2011-04-22 10:43:03-04:00,0.0
2011-04-22 10:43:06-04:00,0.0
2011-04-22 10:43:09-04:00,0.0
2011-04-22 10:43:12-04:00,0.0
2011-04-22 10:43:15-04:00,0.0
2011-04-22 10:43:18-04:00,0.0
2011-04-22 10:43:21-04:00,0.0
2011-04-22 10:43:24-04:00,0.0
2011-04-22 10:43:27-04:00,0.0
2011-04-22 10:43:30-04:00,0.0
2011-04-22 10:43:33-04:00,0.0
2011-04-22 10:43:36-04:00,0.0
2011-04-22 10:43:39-04:00,0.0
2011-04-22 10:43:42-04:00,0.0
2011-04-22 10:43:45-04:00,0.0
2011-04-22 10:43:48-04:00,0.0
2011-04-22 10:43:51-04:00,0.0
2011-04-22 10:43:54-04:00,0.0
2011-04-22 10:43:57-04:00,0.0
2011-04-22 10:44:00-04:00,0.0
2011-04-22 10:44:03-04:00,0.0
2011-04-22 10:44:06-04:00,0.0
2011-04-22 10:44:09-04:00,0.0
2011-04-22 10:44:12-04:00,0.0
2011-04-22 10:44:15-04:00,0.0
2011-04-22 10:44:18-04:00,0.0
2011-04-22 10:44:21-04:00,0.0
2011-04-22 10:44:24-04:00,0.0
2011-04-22 10:44:27-04:00,0.0
2011-04-22 10:44:30-04:00,0.0
2011-04-22 10:44:33-04:00,0.0
2011-04-22 10:44:36-04:00,0.0
2011-04-22 10:44:39-04:00,0.0
2011-04-22 10:44:42-04:00,0.0
2011-04-22 10:44:45-04:00,0.0
2011-04-22 10:44:48-04:00,0.0
2011-04-22 10:44:51-04:00,0.0
2011-04-22 10:44:54-04:00,0.0
2011-04-22 10:44:57-04:00,0.0
2011-04-22 10:45:00-04:00,0.0
2011-04-22 10:45:03-04:00,0.0
2011-04-22 10:45:06-04:00,0.0
2011-04-22 10:45:09-04:00,0.0
2011-04-22 10:45:12-04:00,0.0
2011-04-22 10:45:15-04:00,0.0
2011-04-22 10:45:18-04:00,0.0
2011-04-22 10:45:21-04:00,0.0
2011-04-22 10:45:24-04:00,0.0
2011-04-22 10:45:27-04:00,0.0
2011-04-22 10:45:30-04:00,0.0
2011-04-22 10:45:33-04:00,0.0
2011-04-22 10:45:36-04:00,0.0
2011-04-22 10:45:39-04:00,0.0
2011-04-22 10:45:42-04:00,0.0
2011-04-22 10:45:45-04:00,0.0
2011-04-22 10:45:48-04:00,0.0
2011-04-22 10:45:51-04:00,0.0
2011-04-22 10:45:54-04:00,0.0
2011-04-22 10:45:57-04:00,0.0
2011-04-22 10:46:00-04:00,0.0
2011-04-22 10:46:03-04:00,0.0
2011-04-22 10:46:06-04:00,0.0
2011-04-22 10:46:09-04:00,0.0
2011-04-22 10:46:12-04:00,0.0
2011-04-22 10:46:15-04:00,0.0
2011-04-22 10:46:18-04:00,0.0
2011-04-22 10:46:21-04:00,0.0
2011-04-22 10:46:24-04:00,0.0
2011-04-22 10:46:27-04:00,0.0
2011-04-22 10:46:30-04:00,0.0
2011-04-22 10:46:33-04:00,0.0
2011-04-22 10:46:36-04:00,0.0
2011-04-22 10:46:39-04:00,0.0
2011-04-22 10:46:42-04:00,0.0
2011-04-22 10:46:45-04:00,0.0
2011-04-22 10:46:48-04:00,0.0
2011-04-22 10:46:51-04:00,0.0
2011-04-22 10:46:54-04:00,0.0
2011-04-22 10:46:57-04:00,0.0
2011-04-22 10:47:00-04:00,0.0
2011-04-22 10:47:03-04:00,0.0
2011-04-22 10:47:06-04:00,0.0
2011-04-22 10:47:09-04:00,0.0
2011-04-22 10:47:12-04:00,0.0
2011-04-22 10:47:15-04:00,0.0
2011-04-22 10:47:18-04:00,0.0
2011-04-22 10:47:21-04:00,0.0
2011-04-22 10:47:24-04:00,0.0
2011-04-22 10:47:27-04:00,0.0
2011-04-22 10:47:30-04:00,0.0
2011-04-22 10:47:33-04:00,0.0
2011-04-22 10:47:36-04:00,0.0
2011-04-22 10:47:39-04:00,0.0
2011-04-22 10:47:42-04:00,0.0
2011-04-22 10:47:45-04:00,0.0
2011-04-22 10:47:48-04:00,0.0
2011-04-22 10:47:51-04:00,0.0
2011-04-22 10:47:54-04:00,0.0
2011-04-22 10:47:57-04:00,0.0
2011-04-22 10:48:00-04:00,0.0
2011-04-22 10:48:03-04:00,0.0
2011-04-22 10:48:06-04:00,0.0
2011-04-22 10:48:09-04:00,0.0
2011-04-22 10:48:12-04:00,0.0
2011-04-22 10:48:15-04:00,0.0
2011-04-22 10:48:18-04:00,0.0
2011-04-22 10:48:21-04:00,0.0
2011-04-22 10:48:24-04:00,0.0
2011-04-22 10:48:27-04:00,0.0
2011-04-22 10:48:30-04:00,0.0
2011-04-22 10:48:33-04:00,0.0
2011-04-22 10:48:36-04:00,0.0
2011-04-22 10:48:39-04:00,0.0
2011-04-22 10:48:42-04:00,0.0
2011-04-22 10:48:45-04:00,0.0
2011-04-22 10:48:48-04:00,0.0
2011-04-22 10:48:51-04:00,0.0
2011-04-22 10:48:54-04:00,0.0
2011-04-22 10:48:57-04:00,0.0
2011-04-22 10:49:00-04:00,0.0
2011-04-22 10:49:03-04:00,0.0
2011-04-22 10:49:06-04:00,0.0
2011-04-22 10:49:09-04:00,0.0
2011-04-22 10:49:12-04:00,0.0
2011-04-22 10:49:15-04:00,0.0
2011-04-22 10:49:18-04:00,0.0
2011-04-22 10:49:21-04:00,0.0
2011-04-22 10:49:24-04:00,0.0
2011-04-22 10:49:27-04:00,0.0
2011-04-22 10:49:30-04:00,0.0
2011-04-22 10:49:33-04:00,0.0
2011-04-22 10:49:36-04:00,0.0
2011-04-22 10:49:39-04:00,0.0
2011-04-22 10:49:42-04:00,0.0
2011-04-22 10:49:45-04:00,0.0
2011-04-22 10:49:48-04:00,0.0
2011-04-22 10:49:51-04:00,0.0
2011-04-22 10:49:54-04:00,0.0
2011-04-22 10:49:57-04:00,0.0
2011-04-22 10:50:00-04:00,0.0
2011-04-22 10:50:03-04:00,0.0
2011-04-22 10:50:06-04:00,0.0
2011-04-22 10:50:09-04:00,0.0
2011-04-22 10:50:12-04:00,0.0
2011-04-22 10:50:15-04:00,0.0
2011-04-22 10:50:18-04:00,0.0
2011-04-22 10:50:21-04:00,0.0
2011-04-22 10:50:24-04:00,0.0
2011-04-22 10:50:27-04:00,0.0
2011-04-22 10:50:30-04:00,0.0
2011-04-22 10:50:33-04:00,0.0
2011-04-22 10:50:36-04:00,0.0
2011-04-22 10:50:39-04:00,0.0
2011-04-22 10:50:42-04:00,0.0
2011-04-22 10:50:45-04:00,0.0
2011-04-22 10:50:48-04:00,0.0
2011-04-22 10:50:51-04:00,0.0
2011-04-22 10:50:54-04:00,0.0
2011-04-22 10:50:57-04:00,0.0
2011-04-22 10:51:00-04:00,0.0
2011-04-22 10:51:03-04:00,0.0
2011-04-22 10:51:06-04:00,0.0
2011-04-22 10:51:09-04:00,0.0
2011-04-22 10:51:12-04:00,0.0
2011-04-22 10:51:15-04:00,0.0
2011-04-22 10:51:18-04:00,0.0
2011-04-22 10:51:21-04:00,0.0
2011-04-22 10:51:24-04:00,0.0
2011-04-22 10:51:27-04:00,0.0
2011-04-22 10:51:30-04:00,0.0
2011-04-22 10:51:33-04:00,0.0
2011-04-22 10:51:36-04:00,0.0
2011-04-22 10:51:39-04:00,0.0
2011-04-22 10:51:42-04:00,0.0
2011-04-22 10:51:45-04:00,0.0
2011-04-22 10:51:48-04:00,0.0
2011-04-22 10:51:51-04:00,0.0
2011-04-22 10:51:54-04:00,0.0
2011-04-22 10:51:57-04:00,0.0
2011-04-22 10:52:00-04:00,0.0
2011-04-22 10:52:03-04:00,0.0
2011-04-22 10:52:06-04:00,0.0
2011-04-22 10:52:09-04:00,0.0
2011-04-22 10:52:12-04:00,0.0
2011-04-22 10:52:15-04:00,0.0
2011-04-22 10:52:18-04:00,0.0
2011-04-22 10:52:21-04:00,0.0
2011-04-22 10:52:24-04:00,0.0
2011-04-22 10:52:27-04:00,0.0
2011-04-22 10:52:30-04:00,0.0
2011-04-22 10:52:33-04:00,0.0
2011-04-22 10:52:36-04:00,0.0
2011-04-22 10:52:39-04:00,0.0
2011-04-22 10:52:42-04:00,0.0
2011-04-22 10:52:45-04:00,0.0
2011-04-22 10:52:48-04:00,0.0
2011-04-22 10:52:51-04:00,0.0
2011-04-22 10:52:54-04:00,0.0
2011-04-22 10:52:57-04:00,0.0
2011-04-22 10:53:00-04:00,0.0
2011-04-22 10:53:03-04:00,0.0
2011-04-22 10:53:06-04:00,0.0
2011-04-22 10:53:09-04:00,0.0
2011-04-22 10:53:12-04:00,0.0
2011-04-22 10:53:15-04:00,0.0
2011-04-22 10:53:18-04:00,0.0
2011-04-22 10:53:21-04:00,0.0
2011-04-22 10:53:24-04:00,0.0
2011-04-22 10:53:27-04:00,0.0
2011-04-22 10:53:30-04:00,0.0
2011-04-22 10:53:33-04:00,0.0
2011-04-22 10:53:36-04:00,0.0
2011-04-22 10:53:39-04:00,0.0
2011-04-22 10:53:42-04:00,0.0
2011-04-22 10:53:45-04:00,0.0
2011-04-22 10:53:48-04:00,0.0
2011-04-22 10:53:51-04:00,0.0
2011-04-22 10:53:54-04:00,0.0
2011-04-22 10:53:57-04:00,0.0
2011-04-22 10:54:00-04:00,0.0
2011-04-22 10:54:03-04:00,0.0
2011-04-22 10:54:06-04:00,0.0
2011-04-22 10:54:09-04:00,0.0
2011-04-22 10:54:12-04:00,0.0
2011-04-22 10:54:15-04:00,0.0
2011-04-22 10:54:18-04:00,0.0
2011-04-22 10:54:21-04:00,0.0
2011-04-22 10:54:24-04:00,0.0
2011-04-22 10:54:27-04:00,0.0
2011-04-22 10:54:30-04:00,0.0
2011-04-22 10:54:33-04:00,0.0
2011-04-22 10:54:36-04:00,0.0
2011-04-22 10:54:39-04:00,0.0
2011-04-22 10:54:42-04:00,0.0
2011-04-22 10:54:45-04:00,0.0
2011-04-22 10:54:48-04:00,0.0
2011-04-22 10:54:51-04:00,0.0
2011-04-22 10:54:54-04:00,0.0
2011-04-22 10:54:57-04:00,0.0
2011-04-22 10:55:00-04:00,0.0
2011-04-22 10:55:03-04:00,0.0
2011-04-22 10:55:06-04:00,0.0
2011-04-22 10:55:09-04:00,0.0
2011-04-22 10:55:12-04:00,0.0
2011-04-22 10:55:15-04:00,0.0
2011-04-22 10:55:18-04:00,0.0
2011-04-22 10:55:21-04:00,0.0
2011-04-22 10:55:24-04:00,0.0
2011-04-22 10:55:27-04:00,0.0
2011-04-22 10:55:30-04:00,0.0
2011-04-22 10:55:33-04:00,0.0
2011-04-22 10:55:36-04:00,0.0
2011-04-22 10:55:39-04:00,0.0
2011-04-22 10:55:42-04:00,0.0
2011-04-22 10:55:45-04:00,0.0
2011-04-22 10:55:48-04:00,0.0
2011-04-22 10:55:51-04:00,0.0
2011-04-22 10:55:54-04:00,0.0
2011-04-22 10:55:57-04:00,0.0
2011-04-22 10:56:00-04:00,0.0
2011-04-22 10:56:03-04:00,0.0
2011-04-22 10:56:06-04:00,0.0
2011-04-22 10:56:09-04:00,0.0
2011-04-22 10:56:12-04:00,0.0
2011-04-22 10:56:15-04:00,0.0
2011-04-22 10:56:18-04:00,0.0
2011-04-22 10:56:21-04:00,0.0
2011-04-22 10:56:24-04:00,0.0
2011-04-22 10:56:27-04:00,0.0
2011-04-22 10:56:30-04:00,0.0
2011-04-22 10:56:33-04:00,0.0
2011-04-22 10:56:36-04:00,0.0
2011-04-22 10:56:39-04:00,0.0
2011-04-22 10:56:42-04:00,0.0
2011-04-22 10:56:45-04:00,0.0
2011-04-22 10:56:48-04:00,0.0
2011-04-22 10:56:51-04:00,0.0
2011-04-22 10:56:54-04:00,0.0
2011-04-22 10:56:57-04:00,0.0
2011-04-22 10:57:00-04:00,0.0
2011-04-22 10:57:03-04:00,0.0
2011-04-22 10:57:06-04:00,0.0
2011-04-22 10:57:09-04:00,0.0
2011-04-22 10:57:12-04:00,0.0
2011-04-22 10:57:15-04:00,0.0
2011-04-22 10:57:18-04:00,0.0
2011-04-22 10:57:21-04:00,0.0
2011-04-22 10:57:24-04:00,0.0
2011-04-22 10:57:27-04:00,0.0
2011-04-22 10:57:30-04:00,0.0
2011-04-22 10:57:33-04:00,0.0
2011-04-22 10:57:36-04:00,0.0
2011-04-22 10:57:39-04:00,0.0
2011-04-22 10:57:42-04:00,0.0
2011-04-22 10:57:45-04:00,0.0
2011-04-22 10:57:48-04:00,0.0
2011-04-22 10:57:51-04:00,0.0
2011-04-22 10:57:54-04:00,0.0
2011-04-22 10:57:57-04:00,0.0
2011-04-22 10:58:00-04:00,0.0
2011-04-22 10:58:03-04:00,0.0
2011-04-22 10:58:06-04:00,0.0
2011-04-22 10:58:09-04:00,0.0
2011-04-22 10:58:12-04:00,0.0
2011-04-22 10:58:15-04:00,0.0
2011-04-22 10:58:18-04:00,0.0
2011-04-22 10:58:21-04:00,0.0
2011-04-22 10:58:24-04:00,0.0
2011-04-22 10:58:27-04:00,0.0
2011-04-22 10:58:30-04:00,0.0
2011-04-22 10:58:33-04:00,0.0
2011-04-22 10:58:36-04:00,0.0
2011-04-22 10:58:39-04:00,0.0
2011-04-22 10:58:42-04:00,0.0
2011-04-22 10:58:45-04:00,0.0
2011-04-22 10:58:48-04:00,0.0
2011-04-22 10:58:51-04:00,0.0
2011-04-22 10:58:54-04:00,0.0
2011-04-22 10:58:57-04:00,0.0
2011-04-22 10:59:00-04:00,0.0
2011-04-22 10:59:03-04:00,0.0
2011-04-22 10:59:06-04:00,0.0
2011-04-22 10:59:09-04:00,0.0
2011-04-22 10:59:12-04:00,0.0
2011-04-22 10:59:15-04:00,0.0
2011-04-22 10:59:18-04:00,0.0
2011-04-22 10:59:21-04:00,0.0
2011-04-22 10:59:24-04:00,0.0
2011-04-22 10:59:27-04:00,0.0
2011-04-22 10:59:30-04:00,0.0
2011-04-22 10:59:33-04:00,0.0
2011-04-22 10:59:36-04:00,0.0
2011-04-22 10:59:39-04:00,0.0
2011-04-22 10:59:42-04:00,0.0
2011-04-22 10:59:45-04:00,0.0
2011-04-22 10:59:48-04:00,0.0
2011-04-22 10:59:51-04:00,0.0
2011-04-22 10:59:54-04:00,0.0
2011-04-22 10:59:57-04:00,0.0
2011-04-22 11:00:00-04:00,0.0
2011-04-22 11:00:03-04:00,0.0
2011-04-22 11:00:06-04:00,0.0
2011-04-22 11:00:09-04:00,0.0
2011-04-22 11:00:12-04:00,0.0
2011-04-22 11:00:15-04:00,0.0
2011-04-22 11:00:18-04:00,0.0
2011-04-22 11:00:21-04:00,0.0
2011-04-22 11:00:24-04:00,0.0
2011-04-22 11:00:27-04:00,0.0
2011-04-22 11:00:30-04:00,0.0
2011-04-22 11:00:33-04:00,0.0
2011-04-22 11:00:36-04:00,0.0
2011-04-22 11:00:39-04:00,0.0
2011-04-22 11:00:42-04:00,0.0
2011-04-22 11:00:45-04:00,0.0
2011-04-22 11:00:48-04:00,0.0
2011-04-22 11:00:51-04:00,0.0
2011-04-22 11:00:54-04:00,0.0
2011-04-22 11:00:57-04:00,0.0
2011-04-22 11:01:00-04:00,0.0
2011-04-22 11:01:03-04:00,0.0
2011-04-22 11:01:06-04:00,0.0
2011-04-22 11:01:09-04:00,0.0
2011-04-22 11:01:12-04:00,0.0
2011-04-22 11:01:15-04:00,0.0
2011-04-22 11:01:18-04:00,0.0
2011-04-22 11:01:21-04:00,0.0
2011-04-22 11:01:24-04:00,0.0
2011-04-22 11:01:27-04:00,0.0
2011-04-22 11:01:30-04:00,0.0
2011-04-22 11:01:33-04:00,0.0
2011-04-22 11:01:36-04:00,0.0
2011-04-22 11:01:39-04:00,0.0
2011-04-22 11:01:42-04:00,0.0
2011-04-22 11:01:45-04:00,0.0
2011-04-22 11:01:48-04:00,0.0
2011-04-22 11:01:51-04:00,0.0
2011-04-22 11:01:54-04:00,0.0
2011-04-22 11:01:57-04:00,0.0
2011-04-22 11:02:00-04:00,0.0
2011-04-22 11:02:03-04:00,0.0
2011-04-22 11:02:06-04:00,0.0
2011-04-22 11:02:09-04:00,0.0
2011-04-22 11:02:12-04:00,0.0
2011-04-22 11:02:15-04:00,0.0
2011-04-22 11:02:18-04:00,0.0
2011-04-22 11:02:21-04:00,0.0
2011-04-22 11:02:24-04:00,0.0
2011-04-22 11:02:27-04:00,0.0
2011-04-22 11:02:30-04:00,0.0
2011-04-22 11:02:33-04:00,0.0
2011-04-22 11:02:36-04:00,0.0
2011-04-22 11:02:39-04:00,0.0
2011-04-22 11:02:42-04:00,0.0
2011-04-22 11:02:45-04:00,0.0
2011-04-22 11:02:48-04:00,0.0
2011-04-22 11:02:51-04:00,0.0
2011-04-22 11:02:54-04:00,0.0
2011-04-22 11:02:57-04:00,0.0
2011-04-22 11:03:00-04:00,0.0
2011-04-22 11:03:03-04:00,0.0
2011-04-22 11:03:06-04:00,0.0
2011-04-22 11:03:09-04:00,0.0
2011-04-22 11:03:12-04:00,0.0
2011-04-22 11:03:15-04:00,0.0
2011-04-22 11:03:18-04:00,0.0
2011-04-22 11:03:21-04:00,0.0
2011-04-22 11:03:24-04:00,0.0
2011-04-22 11:03:27-04:00,0.0
2011-04-22 11:03:30-04:00,0.0
2011-04-22 11:03:33-04:00,0.0
2011-04-22 11:03:36-04:00,0.0
2011-04-22 11:03:39-04:00,0.0
2011-04-22 11:03:42-04:00,0.0
2011-04-22 11:03:45-04:00,0.0
2011-04-22 11:03:48-04:00,0.0
2011-04-22 11:03:51-04:00,0.0
2011-04-22 11:03:54-04:00,0.0
2011-04-22 11:03:57-04:00,0.0
2011-04-22 11:04:00-04:00,0.0
2011-04-22 11:04:03-04:00,0.0
2011-04-22 11:04:06-04:00,0.0
2011-04-22 11:04:09-04:00,0.0
2011-04-22 11:04:12-04:00,0.0
2011-04-22 11:04:15-04:00,0.0
2011-04-22 11:04:18-04:00,0.0
2011-04-22 11:04:21-04:00,0.0
2011-04-22 11:04:24-04:00,0.0
2011-04-22 11:04:27-04:00,0.0
2011-04-22 11:04:30-04:00,0.0
2011-04-22 11:04:33-04:00,0.0
2011-04-22 11:04:36-04:00,0.0
2011-04-22 11:04:39-04:00,0.0
2011-04-22 11:04:42-04:00,0.0
2011-04-22 11:04:45-04:00,0.0
2011-04-22 11:04:48-04:00,0.0
2011-04-22 11:04:51-04:00,0.0
2011-04-22 11:04:54-04:00,0.0
2011-04-22 11:04:57-04:00,0.0
2011-04-22 11:05:00-04:00,0.0
2011-04-22 11:05:03-04:00,0.0
2011-04-22 11:05:06-04:00,0.0
2011-04-22 11:05:09-04:00,0.0
2011-04-22 11:05:12-04:00,0.0
2011-04-22 11:05:15-04:00,0.0
2011-04-22 11:05:18-04:00,0.0
2011-04-22 11:05:21-04:00,0.0
2011-04-22 11:05:24-04:00,0.0
2011-04-22 11:05:27-04:00,0.0
2011-04-22 11:05:30-04:00,0.0
2011-04-22 11:05:33-04:00,0.0
2011-04-22 11:05:36-04:00,0.0
2011-04-22 11:05:39-04:00,0.0
2011-04-22 11:05:42-04:00,0.0
2011-04-22 11:05:45-04:00,0.0
2011-04-22 11:05:48-04:00,0.0
2011-04-22 11:05:51-04:00,0.0
2011-04-22 11:05:54-04:00,0.0
2011-04-22 11:05:57-04:00,0.0
2011-04-22 11:06:00-04:00,0.0
2011-04-22 11:06:03-04:00,0.0
2011-04-22 11:06:06-04:00,0.0
2011-04-22 11:06:09-04:00,0.0
2011-04-22 11:06:12-04:00,0.0
2011-04-22 11:06:15-04:00,0.0
2011-04-22 11:06:18-04:00,0.0
2011-04-22 11:06:21-04:00,0.0
2011-04-22 11:06:24-04:00,0.0
2011-04-22 11:06:27-04:00,0.0
2011-04-22 11:06:30-04:00,0.0
2011-04-22 11:06:33-04:00,0.0
2011-04-22 11:06:36-04:00,0.0
2011-04-22 11:06:39-04:00,0.0
2011-04-22 11:06:42-04:00,0.0
2011-04-22 11:06:45-04:00,0.0
2011-04-22 11:06:48-04:00,0.0
2011-04-22 11:06:51-04:00,0.0
2011-04-22 11:06:54-04:00,0.0
2011-04-22 11:06:57-04:00,0.0
2011-04-22 11:07:00-04:00,0.0
2011-04-22 11:07:03-04:00,0.0
2011-04-22 11:07:06-04:00,0.0
2011-04-22 11:07:09-04:00,0.0
2011-04-22 11:07:12-04:00,0.0
2011-04-22 11:07:15-04:00,0.0
2011-04-22 11:07:18-04:00,0.0
2011-04-22 11:07:21-04:00,0.0
2011-04-22 11:07:24-04:00,0.0
2011-04-22 11:07:27-04:00,0.0
2011-04-22 11:07:30-04:00,0.0
2011-04-22 11:07:33-04:00,0.0
2011-04-22 11:07:36-04:00,0.0
2011-04-22 11:07:39-04:00,0.0
2011-04-22 11:07:42-04:00,0.0
2011-04-22 11:07:45-04:00,0.0
2011-04-22 11:07:48-04:00,0.0
2011-04-22 11:07:51-04:00,0.0
2011-04-22 11:07:54-04:00,0.0
2011-04-22 11:07:57-04:00,0.0
2011-04-22 11:08:00-04:00,0.0
2011-04-22 11:08:03-04:00,0.0
2011-04-22 11:08:06-04:00,0.0
2011-04-22 11:08:09-04:00,0.0
2011-04-22 11:08:12-04:00,0.0
2011-04-22 11:08:15-04:00,0.0
2011-04-22 11:08:18-04:00,0.0
2011-04-22 11:08:21-04:00,0.0
2011-04-22 11:08:24-04:00,0.0
2011-04-22 11:08:27-04:00,0.0
2011-04-22 11:08:30-04:00,0.0
2011-04-22 11:08:33-04:00,0.0
2011-04-22 11:08:36-04:00,0.0
2011-04-22 11:08:39-04:00,0.0
2011-04-22 11:08:42-04:00,0.0
2011-04-22 11:08:45-04:00,0.0
2011-04-22 11:08:48-04:00,0.0
2011-04-22 11:08:51-04:00,0.0
2011-04-22 11:08:54-04:00,0.0
2011-04-22 11:08:57-04:00,0.0
2011-04-22 11:09:00-04:00,0.0
2011-04-22 11:09:03-04:00,0.0
2011-04-22 11:09:06-04:00,0.0
2011-04-22 11:09:09-04:00,0.0
2011-04-22 11:09:12-04:00,0.0
2011-04-22 11:09:15-04:00,0.0
2011-04-22 11:09:18-04:00,0.0
2011-04-22 11:09:21-04:00,0.0
2011-04-22 11:09:24-04:00,0.0
2011-04-22 11:09:27-04:00,0.0
2011-04-22 11:09:30-04:00,0.0
2011-04-22 11:09:33-04:00,0.0
2011-04-22 11:09:36-04:00,0.0
2011-04-22 11:09:39-04:00,0.0
2011-04-22 11:09:42-04:00,0.0
2011-04-22 11:09:45-04:00,0.0
2011-04-22 11:09:48-04:00,0.0
2011-04-22 11:09:51-04:00,0.0
2011-04-22 11:09:54-04:00,0.0
2011-04-22 11:09:57-04:00,0.0
2011-04-22 11:10:00-04:00,0.0
2011-04-22 11:10:03-04:00,0.0
2011-04-22 11:10:06-04:00,0.0
2011-04-22 11:10:09-04:00,0.0
2011-04-22 11:10:12-04:00,0.0
2011-04-22 11:10:15-04:00,0.0
2011-04-22 11:10:18-04:00,0.0
2011-04-22 11:10:21-04:00,0.0
2011-04-22 11:10:24-04:00,0.0
2011-04-22 11:10:27-04:00,0.0
2011-04-22 11:10:30-04:00,0.0
2011-04-22 11:10:33-04:00,0.0
2011-04-22 11:10:36-04:00,0.0
2011-04-22 11:10:39-04:00,0.0
2011-04-22 11:10:42-04:00,0.0
2011-04-22 11:10:45-04:00,0.0
2011-04-22 11:10:48-04:00,0.0
2011-04-22 11:10:51-04:00,0.0
2011-04-22 11:10:54-04:00,0.0
2011-04-22 11:10:57-04:00,0.0
2011-04-22 11:11:00-04:00,0.0
2011-04-22 11:11:03-04:00,0.0
2011-04-22 11:11:06-04:00,0.0
2011-04-22 11:11:09-04:00,0.0
2011-04-22 11:11:12-04:00,0.0
2011-04-22 11:11:15-04:00,0.0
2011-04-22 11:11:18-04:00,0.0
2011-04-22 11:11:21-04:00,0.0
2011-04-22 11:11:24-04:00,0.0
2011-04-22 11:11:27-04:00,0.0
2011-04-22 11:11:30-04:00,0.0
2011-04-22 11:11:33-04:00,0.0
2011-04-22 11:11:36-04:00,0.0
2011-04-22 11:11:39-04:00,0.0
2011-04-22 11:11:42-04:00,0.0
2011-04-22 11:11:45-04:00,0.0
2011-04-22 11:11:48-04:00,0.0
2011-04-22 11:11:51-04:00,0.0
2011-04-22 11:11:54-04:00,0.0
2011-04-22 11:11:57-04:00,0.0
2011-04-22 11:12:00-04:00,0.0
2011-04-22 11:12:03-04:00,0.0
2011-04-22 11:12:06-04:00,0.0
2011-04-22 11:12:09-04:00,0.0
2011-04-22 11:12:12-04:00,0.0
2011-04-22 11:12:15-04:00,0.0
2011-04-22 11:12:18-04:00,0.0
2011-04-22 11:12:21-04:00,0.0
2011-04-22 11:12:24-04:00,0.0
2011-04-22 11:12:27-04:00,0.0
2011-04-22 11:12:30-04:00,0.0
2011-04-22 11:12:33-04:00,0.0
2011-04-22 11:12:36-04:00,0.0
2011-04-22 11:12:39-04:00,0.0
2011-04-22 11:12:42-04:00,0.0
2011-04-22 11:12:45-04:00,0.0
2011-04-22 11:12:48-04:00,0.0
2011-04-22 11:12:51-04:00,0.0
2011-04-22 11:12:54-04:00,0.0
2011-04-22 11:12:57-04:00,0.0
2011-04-22 11:13:00-04:00,0.0
2011-04-22 11:13:03-04:00,0.0
2011-04-22 11:13:06-04:00,0.0
2011-04-22 11:13:09-04:00,0.0
2011-04-22 11:13:12-04:00,0.0
2011-04-22 11:13:15-04:00,0.0
2011-04-22 11:13:18-04:00,0.0
2011-04-22 11:13:21-04:00,0.0
2011-04-22 11:13:24-04:00,0.0
2011-04-22 11:13:27-04:00,0.0
2011-04-22 11:13:30-04:00,0.0
2011-04-22 11:13:33-04:00,0.0
2011-04-22 11:13:36-04:00,0.0
2011-04-22 11:13:39-04:00,0.0
2011-04-22 11:13:42-04:00,0.0
2011-04-22 11:13:45-04:00,0.0
2011-04-22 11:13:48-04:00,0.0
2011-04-22 11:13:51-04:00,0.0
2011-04-22 11:13:54-04:00,0.0
2011-04-22 11:13:57-04:00,0.0
2011-04-22 11:14:00-04:00,0.0
2011-04-22 11:14:03-04:00,0.0
2011-04-22 11:14:06-04:00,0.0
2011-04-22 11:14:09-04:00,0.0
2011-04-22 11:14:12-04:00,0.0
2011-04-22 11:14:15-04:00,0.0
2011-04-22 11:14:18-04:00,0.0
2011-04-22 11:14:21-04:00,0.0
2011-04-22 11:14:24-04:00,0.0
2011-04-22 11:14:27-04:00,0.0
2011-04-22 11:14:30-04:00,0.0
2011-04-22 11:14:33-04:00,0.0
2011-04-22 11:14:36-04:00,0.0
2011-04-22 11:14:39-04:00,0.0
2011-04-22 11:14:42-04:00,0.0
2011-04-22 11:14:45-04:00,0.0
2011-04-22 11:14:48-04:00,0.0
2011-04-22 11:14:51-04:00,0.0
2011-04-22 11:14:54-04:00,0.0
2011-04-22 11:14:57-04:00,0.0
2011-04-22 11:15:00-04:00,0.0
2011-04-22 11:15:03-04:00,0.0
2011-04-22 11:15:06-04:00,0.0
2011-04-22 11:15:09-04:00,0.0
2011-04-22 11:15:12-04:00,0.0
2011-04-22 11:15:15-04:00,0.0
2011-04-22 11:15:18-04:00,0.0
2011-04-22 11:15:21-04:00,0.0
2011-04-22 11:15:24-04:00,0.0
2011-04-22 11:15:27-04:00,0.0
2011-04-22 11:15:30-04:00,0.0
2011-04-22 11:15:33-04:00,0.0
2011-04-22 11:15:36-04:00,0.0
2011-04-22 11:15:39-04:00,0.0
2011-04-22 11:15:42-04:00,0.0
2011-04-22 11:15:45-04:00,0.0
2011-04-22 11:15:48-04:00,0.0
2011-04-22 11:15:51-04:00,0.0
2011-04-22 11:15:54-04:00,0.0
2011-04-22 11:15:57-04:00,0.0
2011-04-22 11:16:00-04:00,0.0
2011-04-22 11:16:03-04:00,0.0
2011-04-22 11:16:06-04:00,0.0
2011-04-22 11:16:09-04:00,0.0
2011-04-22 11:16:12-04:00,0.0
2011-04-22 11:16:15-04:00,0.0
2011-04-22 11:16:18-04:00,0.0
2011-04-22 11:16:21-04:00,0.0
2011-04-22 11:16:24-04:00,0.0
2011-04-22 11:16:27-04:00,0.0
2011-04-22 11:16:30-04:00,0.0
2011-04-22 11:16:33-04:00,0.0
2011-04-22 11:16:36-04:00,0.0
2011-04-22 11:16:39-04:00,0.0
2011-04-22 11:16:42-04:00,0.0
2011-04-22 11:16:45-04:00,0.0
2011-04-22 11:16:48-04:00,0.0
2011-04-22 11:16:51-04:00,0.0
2011-04-22 11:16:54-04:00,0.0
2011-04-22 11:16:57-04:00,0.0
2011-04-22 11:17:00-04:00,0.0
2011-04-22 11:17:03-04:00,0.0
2011-04-22 11:17:06-04:00,0.0
2011-04-22 11:17:09-04:00,0.0
2011-04-22 11:17:12-04:00,0.0
2011-04-22 11:17:15-04:00,0.0
2011-04-22 11:17:18-04:00,0.0
2011-04-22 11:17:21-04:00,0.0
2011-04-22 11:17:24-04:00,0.0
2011-04-22 11:17:27-04:00,0.0
2011-04-22 11:17:30-04:00,0.0
2011-04-22 11:17:33-04:00,0.0
2011-04-22 11:17:36-04:00,0.0
2011-04-22 11:17:39-04:00,0.0
2011-04-22 11:17:42-04:00,0.0
2011-04-22 11:17:45-04:00,0.0
2011-04-22 11:17:48-04:00,0.0
2011-04-22 11:17:51-04:00,0.0
2011-04-22 11:17:54-04:00,0.0
2011-04-22 11:17:57-04:00,0.0
2011-04-22 11:18:00-04:00,0.0
2011-04-22 11:18:03-04:00,0.0
2011-04-22 11:18:06-04:00,0.0
2011-04-22 11:18:09-04:00,0.0
2011-04-22 11:18:12-04:00,0.0
2011-04-22 11:18:15-04:00,0.0
2011-04-22 11:18:18-04:00,0.0
2011-04-22 11:18:21-04:00,0.0
2011-04-22 11:18:24-04:00,0.0
2011-04-22 11:18:27-04:00,0.0
2011-04-22 11:18:30-04:00,0.0
2011-04-22 11:18:33-04:00,0.0
2011-04-22 11:18:36-04:00,0.0
2011-04-22 11:18:39-04:00,0.0
2011-04-22 11:18:42-04:00,0.0
2011-04-22 11:18:45-04:00,0.0
2011-04-22 11:18:48-04:00,0.0
2011-04-22 11:18:51-04:00,0.0
2011-04-22 11:18:54-04:00,0.0
2011-04-22 11:18:57-04:00,0.0
2011-04-22 11:19:00-04:00,0.0
2011-04-22 11:19:03-04:00,0.0
2011-04-22 11:19:06-04:00,0.0
2011-04-22 11:19:09-04:00,0.0
2011-04-22 11:19:12-04:00,0.0
2011-04-22 11:19:15-04:00,0.0
2011-04-22 11:19:18-04:00,0.0
2011-04-22 11:19:21-04:00,0.0
2011-04-22 11:19:24-04:00,0.0
2011-04-22 11:19:27-04:00,0.0
2011-04-22 11:19:30-04:00,0.0
2011-04-22 11:19:33-04:00,0.0
2011-04-22 11:19:36-04:00,0.0
2011-04-22 11:19:39-04:00,0.0
2011-04-22 11:19:42-04:00,0.0
2011-04-22 11:19:45-04:00,0.0
2011-04-22 11:19:48-04:00,0.0
2011-04-22 11:19:51-04:00,0.0
2011-04-22 11:19:54-04:00,0.0
2011-04-22 11:19:57-04:00,0.0
2011-04-22 11:20:00-04:00,0.0
2011-04-22 11:20:03-04:00,0.0
2011-04-22 11:20:06-04:00,0.0
2011-04-22 11:20:09-04:00,0.0
2011-04-22 11:20:12-04:00,0.0
2011-04-22 11:20:15-04:00,0.0
2011-04-22 11:20:18-04:00,0.0
2011-04-22 11:20:21-04:00,0.0
2011-04-22 11:20:24-04:00,0.0
2011-04-22 11:20:27-04:00,0.0
2011-04-22 11:20:30-04:00,0.0
2011-04-22 11:20:33-04:00,0.0
2011-04-22 11:20:36-04:00,0.0
2011-04-22 11:20:39-04:00,0.0
2011-04-22 11:20:42-04:00,0.0
2011-04-22 11:20:45-04:00,0.0
2011-04-22 11:20:48-04:00,0.0
2011-04-22 11:20:51-04:00,0.0
2011-04-22 11:20:54-04:00,0.0
2011-04-22 11:20:57-04:00,0.0
2011-04-22 11:21:00-04:00,0.0
2011-04-22 11:21:03-04:00,0.0
2011-04-22 11:21:06-04:00,0.0
2011-04-22 11:21:09-04:00,0.0
2011-04-22 11:21:12-04:00,0.0
2011-04-22 11:21:15-04:00,0.0
2011-04-22 11:21:18-04:00,0.0
2011-04-22 11:21:21-04:00,0.0
2011-04-22 11:21:24-04:00,0.0
2011-04-22 11:21:27-04:00,0.0
2011-04-22 11:21:30-04:00,0.0
2011-04-22 11:21:33-04:00,0.0
2011-04-22 11:21:36-04:00,0.0
2011-04-22 11:21:39-04:00,0.0
2011-04-22 11:21:42-04:00,0.0
2011-04-22 11:21:45-04:00,0.0
2011-04-22 11:21:48-04:00,0.0
2011-04-22 11:21:51-04:00,0.0
2011-04-22 11:21:54-04:00,0.0
2011-04-22 11:21:57-04:00,0.0
2011-04-22 11:22:00-04:00,0.0
2011-04-22 11:22:03-04:00,0.0
2011-04-22 11:22:06-04:00,0.0
2011-04-22 11:22:09-04:00,0.0
2011-04-22 11:22:12-04:00,0.0
2011-04-22 11:22:15-04:00,0.0
2011-04-22 11:22:18-04:00,0.0
2011-04-22 11:22:21-04:00,0.0
2011-04-22 11:22:24-04:00,0.0
2011-04-22 11:22:27-04:00,0.0
2011-04-22 11:22:30-04:00,0.0
2011-04-22 11:22:33-04:00,0.0
2011-04-22 11:22:36-04:00,0.0
2011-04-22 11:22:39-04:00,0.0
2011-04-22 11:22:42-04:00,0.0
2011-04-22 11:22:45-04:00,0.0
2011-04-22 11:22:48-04:00,0.0
2011-04-22 11:22:51-04:00,0.0
2011-04-22 11:22:54-04:00,0.0
2011-04-22 11:22:57-04:00,0.0
2011-04-22 11:23:00-04:00,0.0
2011-04-22 11:23:03-04:00,0.0
2011-04-22 11:23:06-04:00,0.0
2011-04-22 11:23:09-04:00,0.0
2011-04-22 11:23:12-04:00,0.0
2011-04-22 11:23:15-04:00,0.0
2011-04-22 11:23:18-04:00,0.0
2011-04-22 11:23:21-04:00,0.0
2011-04-22 11:23:24-04:00,0.0
2011-04-22 11:23:27-04:00,0.0
2011-04-22 11:23:30-04:00,0.0
2011-04-22 11:23:33-04:00,0.0
2011-04-22 11:23:36-04:00,0.0
2011-04-22 11:23:39-04:00,0.0
2011-04-22 11:23:42-04:00,0.0
2011-04-22 11:23:45-04:00,0.0
2011-04-22 11:23:48-04:00,0.0
2011-04-22 11:23:51-04:00,0.0
2011-04-22 11:23:54-04:00,0.0
2011-04-22 11:23:57-04:00,0.0
2011-04-22 11:24:00-04:00,0.0
2011-04-22 11:24:03-04:00,0.0
2011-04-22 11:24:06-04:00,0.0
2011-04-22 11:24:09-04:00,0.0
2011-04-22 11:24:12-04:00,0.0
2011-04-22 11:24:15-04:00,0.0
2011-04-22 11:24:18-04:00,0.0
2011-04-22 11:24:21-04:00,0.0
2011-04-22 11:24:24-04:00,0.0
2011-04-22 11:24:27-04:00,0.0
2011-04-22 11:24:30-04:00,0.0
2011-04-22 11:24:33-04:00,0.0
2011-04-22 11:24:36-04:00,0.0
2011-04-22 11:24:39-04:00,0.0
2011-04-22 11:24:42-04:00,0.0
2011-04-22 11:24:45-04:00,0.0
2011-04-22 11:24:48-04:00,0.0
2011-04-22 11:24:51-04:00,0.0
2011-04-22 11:24:54-04:00,0.0
2011-04-22 11:24:57-04:00,0.0
2011-04-22 11:25:00-04:00,0.0
2011-04-22 11:25:03-04:00,0.0
2011-04-22 11:25:06-04:00,0.0
2011-04-22 11:25:09-04:00,0.0
2011-04-22 11:25:12-04:00,0.0
2011-04-22 11:25:15-04:00,0.0
2011-04-22 11:25:18-04:00,0.0
2011-04-22 11:25:21-04:00,0.0
2011-04-22 11:25:24-04:00,0.0
2011-04-22 11:25:27-04:00,0.0
2011-04-22 11:25:30-04:00,0.0
2011-04-22 11:25:33-04:00,0.0
2011-04-22 11:25:36-04:00,0.0
2011-04-22 11:25:39-04:00,0.0
2011-04-22 11:25:42-04:00,0.0
2011-04-22 11:25:45-04:00,0.0
2011-04-22 11:25:48-04:00,0.0
2011-04-22 11:25:51-04:00,0.0
2011-04-22 11:25:54-04:00,0.0
2011-04-22 11:25:57-04:00,0.0
2011-04-22 11:26:00-04:00,0.0
2011-04-22 11:26:03-04:00,0.0
2011-04-22 11:26:06-04:00,0.0
2011-04-22 11:26:09-04:00,0.0
2011-04-22 11:26:12-04:00,0.0
2011-04-22 11:26:15-04:00,0.0
2011-04-22 11:26:18-04:00,0.0
2011-04-22 11:26:21-04:00,0.0
2011-04-22 11:26:24-04:00,0.0
2011-04-22 11:26:27-04:00,0.0
2011-04-22 11:26:30-04:00,0.0
2011-04-22 11:26:33-04:00,0.0
2011-04-22 11:26:36-04:00,0.0
2011-04-22 11:26:39-04:00,0.0
2011-04-22 11:26:42-04:00,0.0
2011-04-22 11:26:45-04:00,0.0
2011-04-22 11:26:48-04:00,0.0
2011-04-22 11:26:51-04:00,0.0
2011-04-22 11:26:54-04:00,0.0
2011-04-22 11:26:57-04:00,0.0
2011-04-22 11:27:00-04:00,0.0
2011-04-22 11:27:03-04:00,0.0
2011-04-22 11:27:06-04:00,0.0
2011-04-22 11:27:09-04:00,0.0
2011-04-22 11:27:12-04:00,0.0
2011-04-22 11:27:15-04:00,0.0
2011-04-22 11:27:18-04:00,0.0
2011-04-22 11:27:21-04:00,0.0
2011-04-22 11:27:24-04:00,0.0
2011-04-22 11:27:27-04:00,0.0
2011-04-22 11:27:30-04:00,0.0
2011-04-22 11:27:33-04:00,0.0
2011-04-22 11:27:36-04:00,0.0
2011-04-22 11:27:39-04:00,0.0
2011-04-22 11:27:42-04:00,0.0
2011-04-22 11:27:45-04:00,0.0
2011-04-22 11:27:48-04:00,0.0
2011-04-22 11:27:51-04:00,0.0
2011-04-22 11:27:54-04:00,0.0
2011-04-22 11:27:57-04:00,0.0
2011-04-22 11:28:00-04:00,0.0
2011-04-22 11:28:03-04:00,0.0
2011-04-22 11:28:06-04:00,0.0
2011-04-22 11:28:09-04:00,0.0
2011-04-22 11:28:12-04:00,0.0
2011-04-22 11:28:15-04:00,0.0
2011-04-22 11:28:18-04:00,0.0
2011-04-22 11:28:21-04:00,0.0
2011-04-22 11:28:24-04:00,0.0
2011-04-22 11:28:27-04:00,0.0
2011-04-22 11:28:30-04:00,0.0
2011-04-22 11:28:33-04:00,0.0
2011-04-22 11:28:36-04:00,0.0
2011-04-22 11:28:39-04:00,0.0
2011-04-22 11:28:42-04:00,0.0
2011-04-22 11:28:45-04:00,0.0
2011-04-22 11:28:48-04:00,0.0
2011-04-22 11:28:51-04:00,0.0
2011-04-22 11:28:54-04:00,0.0
2011-04-22 11:28:57-04:00,0.0
2011-04-22 11:29:00-04:00,0.0
2011-04-22 11:29:03-04:00,0.0
2011-04-22 11:29:06-04:00,0.0
2011-04-22 11:29:09-04:00,0.0
2011-04-22 11:29:12-04:00,0.0
2011-04-22 11:29:15-04:00,0.0
2011-04-22 11:29:18-04:00,0.0
2011-04-22 11:29:21-04:00,0.0
2011-04-22 11:29:24-04:00,0.0
2011-04-22 11:29:27-04:00,0.0
2011-04-22 11:29:30-04:00,0.0
2011-04-22 11:29:33-04:00,0.0
2011-04-22 11:29:36-04:00,0.0
2011-04-22 11:29:39-04:00,0.0
2011-04-22 11:29:42-04:00,0.0
2011-04-22 11:29:45-04:00,0.0
2011-04-22 11:29:48-04:00,0.0
2011-04-22 11:29:51-04:00,0.0
2011-04-22 11:29:54-04:00,0.0
2011-04-22 11:29:57-04:00,0.0
2011-04-22 11:30:00-04:00,0.0
2011-04-22 11:30:03-04:00,0.0
2011-04-22 11:30:06-04:00,0.0
2011-04-22 11:30:09-04:00,0.0
2011-04-22 11:30:12-04:00,0.0
2011-04-22 11:30:15-04:00,0.0
2011-04-22 11:30:18-04:00,0.0
2011-04-22 11:30:21-04:00,0.0
2011-04-22 11:30:24-04:00,0.0
2011-04-22 11:30:27-04:00,0.0
2011-04-22 11:30:30-04:00,0.0
2011-04-22 11:30:33-04:00,0.0
2011-04-22 11:30:36-04:00,0.0
2011-04-22 11:30:39-04:00,0.0
2011-04-22 11:30:42-04:00,0.0
2011-04-22 11:30:45-04:00,0.0
2011-04-22 11:30:48-04:00,0.0
2011-04-22 11:30:51-04:00,0.0
2011-04-22 11:30:54-04:00,0.0
2011-04-22 11:30:57-04:00,0.0
2011-04-22 11:31:00-04:00,0.0
2011-04-22 11:31:03-04:00,0.0
2011-04-22 11:31:06-04:00,0.0
2011-04-22 11:31:09-04:00,0.0
2011-04-22 11:31:12-04:00,0.0
2011-04-22 11:31:15-04:00,0.0
2011-04-22 11:31:18-04:00,0.0
2011-04-22 11:31:21-04:00,0.0
2011-04-22 11:31:24-04:00,0.0
2011-04-22 11:31:27-04:00,0.0
2011-04-22 11:31:30-04:00,0.0
2011-04-22 11:31:33-04:00,0.0
2011-04-22 11:31:36-04:00,0.0
2011-04-22 11:31:39-04:00,0.0
2011-04-22 11:31:42-04:00,0.0
2011-04-22 11:31:45-04:00,0.0
2011-04-22 11:31:48-04:00,0.0
2011-04-22 11:31:51-04:00,0.0
2011-04-22 11:31:54-04:00,0.0
2011-04-22 11:31:57-04:00,0.0
2011-04-22 11:32:00-04:00,0.0
2011-04-22 11:32:03-04:00,0.0
2011-04-22 11:32:06-04:00,0.0
2011-04-22 11:32:09-04:00,0.0
2011-04-22 11:32:12-04:00,0.0
2011-04-22 11:32:15-04:00,0.0
2011-04-22 11:32:18-04:00,0.0
2011-04-22 11:32:21-04:00,0.0
2011-04-22 11:32:24-04:00,0.0
2011-04-22 11:32:27-04:00,0.0
2011-04-22 11:32:30-04:00,0.0
2011-04-22 11:32:33-04:00,0.0
2011-04-22 11:32:36-04:00,0.0
2011-04-22 11:32:39-04:00,0.0
2011-04-22 11:32:42-04:00,0.0
2011-04-22 11:32:45-04:00,0.0
2011-04-22 11:32:48-04:00,0.0
2011-04-22 11:32:51-04:00,0.0
2011-04-22 11:32:54-04:00,0.0
2011-04-22 11:32:57-04:00,0.0
2011-04-22 11:33:00-04:00,0.0
2011-04-22 11:33:03-04:00,0.0
2011-04-22 11:33:06-04:00,0.0
2011-04-22 11:33:09-04:00,0.0
2011-04-22 11:33:12-04:00,0.0
2011-04-22 11:33:15-04:00,0.0
2011-04-22 11:33:18-04:00,0.0
2011-04-22 11:33:21-04:00,0.0
2011-04-22 11:33:24-04:00,0.0
2011-04-22 11:33:27-04:00,0.0
2011-04-22 11:33:30-04:00,0.0
2011-04-22 11:33:33-04:00,0.0
2011-04-22 11:33:36-04:00,0.0
2011-04-22 11:33:39-04:00,0.0
2011-04-22 11:33:42-04:00,0.0
2011-04-22 11:33:45-04:00,0.0
2011-04-22 11:33:48-04:00,0.0
2011-04-22 11:33:51-04:00,0.0
2011-04-22 11:33:54-04:00,0.0
2011-04-22 11:33:57-04:00,0.0
2011-04-22 11:34:00-04:00,0.0
2011-04-22 11:34:03-04:00,0.0
2011-04-22 11:34:06-04:00,0.0
2011-04-22 11:34:09-04:00,0.0
2011-04-22 11:34:12-04:00,0.0
2011-04-22 11:34:15-04:00,0.0
2011-04-22 11:34:18-04:00,0.0
2011-04-22 11:34:21-04:00,0.0
2011-04-22 11:34:24-04:00,0.0
2011-04-22 11:34:27-04:00,0.0
2011-04-22 11:34:30-04:00,0.0
2011-04-22 11:34:33-04:00,0.0
2011-04-22 11:34:36-04:00,0.0
2011-04-22 11:34:39-04:00,0.0
2011-04-22 11:34:42-04:00,0.0
2011-04-22 11:34:45-04:00,0.0
2011-04-22 11:34:48-04:00,0.0
2011-04-22 11:34:51-04:00,0.0
2011-04-22 11:34:54-04:00,0.0
2011-04-22 11:34:57-04:00,0.0
2011-04-22 11:35:00-04:00,0.0
2011-04-22 11:35:03-04:00,0.0
2011-04-22 11:35:06-04:00,0.0
2011-04-22 11:35:09-04:00,0.0
2011-04-22 11:35:12-04:00,0.0
2011-04-22 11:35:15-04:00,0.0
2011-04-22 11:35:18-04:00,0.0
2011-04-22 11:35:21-04:00,0.0
2011-04-22 11:35:24-04:00,0.0
2011-04-22 11:35:27-04:00,0.0
2011-04-22 11:35:30-04:00,0.0
2011-04-22 11:35:33-04:00,0.0
2011-04-22 11:35:36-04:00,0.0
2011-04-22 11:35:39-04:00,0.0
2011-04-22 11:35:42-04:00,0.0
2011-04-22 11:35:45-04:00,0.0
2011-04-22 11:35:48-04:00,0.0
2011-04-22 11:35:51-04:00,0.0
2011-04-22 11:35:54-04:00,0.0
2011-04-22 11:35:57-04:00,0.0
2011-04-22 11:36:00-04:00,0.0
2011-04-22 11:36:03-04:00,0.0
2011-04-22 11:36:06-04:00,0.0
2011-04-22 11:36:09-04:00,0.0
2011-04-22 11:36:12-04:00,0.0
2011-04-22 11:36:15-04:00,0.0
2011-04-22 11:36:18-04:00,0.0
2011-04-22 11:36:21-04:00,0.0
2011-04-22 11:36:24-04:00,0.0
2011-04-22 11:36:27-04:00,0.0
2011-04-22 11:36:30-04:00,0.0
2011-04-22 11:36:33-04:00,0.0
2011-04-22 11:36:36-04:00,0.0
2011-04-22 11:36:39-04:00,0.0
2011-04-22 11:36:42-04:00,0.0
2011-04-22 11:36:45-04:00,0.0
2011-04-22 11:36:48-04:00,0.0
2011-04-22 11:36:51-04:00,0.0
2011-04-22 11:36:54-04:00,0.0
2011-04-22 11:36:57-04:00,0.0
2011-04-22 11:37:00-04:00,0.0
2011-04-22 11:37:03-04:00,0.0
2011-04-22 11:37:06-04:00,0.0
2011-04-22 11:37:09-04:00,0.0
2011-04-22 11:37:12-04:00,0.0
2011-04-22 11:37:15-04:00,0.0
2011-04-22 11:37:18-04:00,0.0
2011-04-22 11:37:21-04:00,0.0
2011-04-22 11:37:24-04:00,0.0
2011-04-22 11:37:27-04:00,0.0
2011-04-22 11:37:30-04:00,0.0
2011-04-22 11:37:33-04:00,0.0
2011-04-22 11:37:36-04:00,0.0
2011-04-22 11:37:39-04:00,0.0
2011-04-22 11:37:42-04:00,0.0
2011-04-22 11:37:45-04:00,0.0
2011-04-22 11:37:48-04:00,0.0
2011-04-22 11:37:51-04:00,0.0
2011-04-22 11:37:54-04:00,0.0
2011-04-22 11:37:57-04:00,0.0
2011-04-22 11:38:00-04:00,0.0
2011-04-22 11:38:03-04:00,0.0
2011-04-22 11:38:06-04:00,0.0
2011-04-22 11:38:09-04:00,0.0
2011-04-22 11:38:12-04:00,0.0
2011-04-22 11:38:15-04:00,0.0
2011-04-22 11:38:18-04:00,0.0
2011-04-22 11:38:21-04:00,0.0
2011-04-22 11:38:24-04:00,0.0
2011-04-22 11:38:27-04:00,0.0
2011-04-22 11:38:30-04:00,0.0
2011-04-22 11:38:33-04:00,0.0
2011-04-22 11:38:36-04:00,0.0
2011-04-22 11:38:39-04:00,0.0
2011-04-22 11:38:42-04:00,0.0
2011-04-22 11:38:45-04:00,0.0
2011-04-22 11:38:48-04:00,0.0
2011-04-22 11:38:51-04:00,0.0
2011-04-22 11:38:54-04:00,0.0
2011-04-22 11:38:57-04:00,0.0
2011-04-22 11:39:00-04:00,0.0
2011-04-22 11:39:03-04:00,0.0
2011-04-22 11:39:06-04:00,0.0
2011-04-22 11:39:09-04:00,0.0
2011-04-22 11:39:12-04:00,0.0
2011-04-22 11:39:15-04:00,0.0
2011-04-22 11:39:18-04:00,0.0
2011-04-22 11:39:21-04:00,0.0
2011-04-22 11:39:24-04:00,0.0
2011-04-22 11:39:27-04:00,0.0
2011-04-22 11:39:30-04:00,0.0
2011-04-22 11:39:33-04:00,0.0
2011-04-22 11:39:36-04:00,0.0
2011-04-22 11:39:39-04:00,0.0
2011-04-22 11:39:42-04:00,0.0
2011-04-22 11:39:45-04:00,0.0
2011-04-22 11:39:48-04:00,0.0
2011-04-22 11:39:51-04:00,0.0
2011-04-22 11:39:54-04:00,0.0
2011-04-22 11:39:57-04:00,0.0
2011-04-22 11:40:00-04:00,0.0
2011-04-22 11:40:03-04:00,0.0
2011-04-22 11:40:06-04:00,0.0
2011-04-22 11:40:09-04:00,0.0
2011-04-22 11:40:12-04:00,0.0
2011-04-22 11:40:15-04:00,0.0
2011-04-22 11:40:18-04:00,0.0
2011-04-22 11:40:21-04:00,0.0
2011-04-22 11:40:24-04:00,0.0
2011-04-22 11:40:27-04:00,0.0
2011-04-22 11:40:30-04:00,0.0
2011-04-22 11:40:33-04:00,0.0
2011-04-22 11:40:36-04:00,0.0
2011-04-22 11:40:39-04:00,0.0
2011-04-22 11:40:42-04:00,0.0
2011-04-22 11:40:45-04:00,0.0
2011-04-22 11:40:48-04:00,0.0
2011-04-22 11:40:51-04:00,0.0
2011-04-22 11:40:54-04:00,0.0
2011-04-22 11:40:57-04:00,0.0
2011-04-22 11:41:00-04:00,0.0
2011-04-22 11:41:03-04:00,0.0
2011-04-22 11:41:06-04:00,0.0
2011-04-22 11:41:09-04:00,0.0
2011-04-22 11:41:12-04:00,0.0
2011-04-22 11:41:15-04:00,0.0
2011-04-22 11:41:18-04:00,0.0
2011-04-22 11:41:21-04:00,0.0
2011-04-22 11:41:24-04:00,0.0
2011-04-22 11:41:27-04:00,0.0
2011-04-22 11:41:30-04:00,0.0
2011-04-22 11:41:33-04:00,0.0
2011-04-22 11:41:36-04:00,0.0
2011-04-22 11:41:39-04:00,0.0
2011-04-22 11:41:42-04:00,0.0
2011-04-22 11:41:45-04:00,0.0
2011-04-22 11:41:48-04:00,0.0
2011-04-22 11:41:51-04:00,0.0
2011-04-22 11:41:54-04:00,0.0
2011-04-22 11:41:57-04:00,0.0
2011-04-22 11:42:00-04:00,0.0
2011-04-22 11:42:03-04:00,0.0
2011-04-22 11:42:06-04:00,0.0
2011-04-22 11:42:09-04:00,0.0
2011-04-22 11:42:12-04:00,0.0
2011-04-22 11:42:15-04:00,0.0
2011-04-22 11:42:18-04:00,0.0
2011-04-22 11:42:21-04:00,0.0
2011-04-22 11:42:24-04:00,0.0
2011-04-22 11:42:27-04:00,0.0
2011-04-22 11:42:30-04:00,0.0
2011-04-22 11:42:33-04:00,0.0
2011-04-22 11:42:36-04:00,0.0
2011-04-22 11:42:39-04:00,0.0
2011-04-22 11:42:42-04:00,0.0
2011-04-22 11:42:45-04:00,0.0
2011-04-22 11:42:48-04:00,0.0
2011-04-22 11:42:51-04:00,0.0
2011-04-22 11:42:54-04:00,0.0
2011-04-22 11:42:57-04:00,0.0
2011-04-22 11:43:00-04:00,0.0
2011-04-22 11:43:03-04:00,0.0
2011-04-22 11:43:06-04:00,0.0
2011-04-22 11:43:09-04:00,0.0
2011-04-22 11:43:12-04:00,0.0
2011-04-22 11:43:15-04:00,0.0
2011-04-22 11:43:18-04:00,0.0
2011-04-22 11:43:21-04:00,0.0
2011-04-22 11:43:24-04:00,0.0
2011-04-22 11:43:27-04:00,0.0
2011-04-22 11:43:30-04:00,0.0
2011-04-22 11:43:33-04:00,0.0
2011-04-22 11:43:36-04:00,0.0
2011-04-22 11:43:39-04:00,0.0
2011-04-22 11:43:42-04:00,0.0
2011-04-22 11:43:45-04:00,0.0
2011-04-22 11:43:48-04:00,0.0
2011-04-22 11:43:51-04:00,0.0
2011-04-22 11:43:54-04:00,0.0
2011-04-22 11:43:57-04:00,0.0
2011-04-22 11:44:00-04:00,0.0
2011-04-22 11:44:03-04:00,0.0
2011-04-22 11:44:06-04:00,0.0
2011-04-22 11:44:09-04:00,0.0
2011-04-22 11:44:12-04:00,0.0
2011-04-22 11:44:15-04:00,0.0
2011-04-22 11:44:18-04:00,0.0
2011-04-22 11:44:21-04:00,0.0
2011-04-22 11:44:24-04:00,0.0
2011-04-22 11:44:27-04:00,0.0
2011-04-22 11:44:30-04:00,0.0
2011-04-22 11:44:33-04:00,0.0
2011-04-22 11:44:36-04:00,0.0
2011-04-22 11:44:39-04:00,0.0
2011-04-22 11:44:42-04:00,0.0
2011-04-22 11:44:45-04:00,0.0
2011-04-22 11:44:48-04:00,0.0
2011-04-22 11:44:51-04:00,0.0
2011-04-22 11:44:54-04:00,0.0
2011-04-22 11:44:57-04:00,0.0
2011-04-22 11:45:00-04:00,0.0
2011-04-22 11:45:03-04:00,0.0
2011-04-22 11:45:06-04:00,0.0
2011-04-22 11:45:09-04:00,0.0
2011-04-22 11:45:12-04:00,0.0
2011-04-22 11:45:15-04:00,0.0
2011-04-22 11:45:18-04:00,0.0
2011-04-22 11:45:21-04:00,0.0
2011-04-22 11:45:24-04:00,0.0
2011-04-22 11:45:27-04:00,0.0
2011-04-22 11:45:30-04:00,0.0
2011-04-22 11:45:33-04:00,0.0
2011-04-22 11:45:36-04:00,0.0
2011-04-22 11:45:39-04:00,0.0
2011-04-22 11:45:42-04:00,0.0
2011-04-22 11:45:45-04:00,0.0
2011-04-22 11:45:48-04:00,0.0
2011-04-22 11:45:51-04:00,0.0
2011-04-22 11:45:54-04:00,0.0
2011-04-22 11:45:57-04:00,0.0
2011-04-22 11:46:00-04:00,0.0
2011-04-22 11:46:03-04:00,0.0
2011-04-22 11:46:06-04:00,0.0
2011-04-22 11:46:09-04:00,0.0
2011-04-22 11:46:12-04:00,0.0
2011-04-22 11:46:15-04:00,0.0
2011-04-22 11:46:18-04:00,0.0
2011-04-22 11:46:21-04:00,0.0
2011-04-22 11:46:24-04:00,0.0
2011-04-22 11:46:27-04:00,0.0
2011-04-22 11:46:30-04:00,0.0
2011-04-22 11:46:33-04:00,0.0
2011-04-22 11:46:36-04:00,0.0
2011-04-22 11:46:39-04:00,0.0
2011-04-22 11:46:42-04:00,0.0
2011-04-22 11:46:45-04:00,0.0
2011-04-22 11:46:48-04:00,0.0
2011-04-22 11:46:51-04:00,0.0
2011-04-22 11:46:54-04:00,1.0
2011-04-22 11:46:57-04:00,1.0
2011-04-22 11:47:00-04:00,1.0
2011-04-22 11:47:03-04:00,1.0
2011-04-22 11:47:06-04:00,1.0
2011-04-22 11:47:09-04:00,1.0
2011-04-22 11:47:12-04:00,1.0
2011-04-22 11:47:15-04:00,1.0
2011-04-22 11:47:18-04:00,1.0
2011-04-22 11:47:21-04:00,1.0
2011-04-22 11:47:24-04:00,1.0
2011-04-22 11:47:27-04:00,1.5
2011-04-22 11:47:30-04:00,2.0
2011-04-22 11:47:33-04:00,2.0
2011-04-22 11:47:36-04:00,2.0
2011-04-22 11:47:39-04:00,2.0
2011-04-22 11:47:42-04:00,2.0
2011-04-22 11:47:45-04:00,2.0
2011-04-22 11:47:48-04:00,2.0
2011-04-22 11:47:51-04:00,2.0
2011-04-22 11:47:54-04:00,2.0
2011-04-22 11:47:57-04:00,2.0
2011-04-22 11:48:00-04:00,2.0
2011-04-22 11:48:03-04:00,2.0
2011-04-22 11:48:06-04:00,2.0
2011-04-22 11:48:09-04:00,1.75
2011-04-22 11:48:12-04:00,1.0
2011-04-22 11:48:15-04:00,1.0
2011-04-22 11:48:18-04:00,1.0
2011-04-22 11:48:21-04:00,1.0
2011-04-22 11:48:24-04:00,1.0
2011-04-22 11:48:27-04:00,1.25
2011-04-22 11:48:30-04:00,2.0
2011-04-22 11:48:33-04:00,2.75
2011-04-22 11:48:36-04:00,3.0
2011-04-22 11:48:39-04:00,2.6666666666666665
2011-04-22 11:48:42-04:00,2.0
2011-04-22 11:48:45-04:00,2.0
2011-04-22 11:48:48-04:00,2.0
2011-04-22 11:48:51-04:00,2.0
2011-04-22 11:48:54-04:00,2.0
2011-04-22 11:48:57-04:00,2.0
2011-04-22 11:49:00-04:00,2.0
2011-04-22 11:49:03-04:00,2.0
2011-04-22 11:49:06-04:00,2.0
2011-04-22 11:49:09-04:00,2.0
2011-04-22 11:49:12-04:00,2.0
2011-04-22 11:49:15-04:00,2.0
2011-04-22 11:49:18-04:00,2.0
2011-04-22 11:49:21-04:00,2.0
2011-04-22 11:49:24-04:00,2.0
2011-04-22 11:49:27-04:00,2.0
2011-04-22 11:49:30-04:00,2.0
2011-04-22 11:49:33-04:00,2.0
2011-04-22 11:49:36-04:00,2.0
2011-04-22 11:49:39-04:00,2.0
2011-04-22 11:49:42-04:00,2.0
2011-04-22 11:49:45-04:00,2.0
2011-04-22 11:49:48-04:00,2.0
2011-04-22 11:49:51-04:00,2.0
2011-04-22 11:49:54-04:00,2.0
2011-04-22 11:49:57-04:00,2.0
2011-04-22 11:50:00-04:00,2.0
2011-04-22 11:50:03-04:00,2.0
2011-04-22 11:50:06-04:00,2.0
2011-04-22 11:50:09-04:00,2.0
2011-04-22 11:50:12-04:00,2.0
2011-04-22 11:50:15-04:00,2.0
2011-04-22 11:50:18-04:00,2.0
2011-04-22 11:50:21-04:00,2.0
2011-04-22 11:50:24-04:00,2.0
2011-04-22 11:50:27-04:00,2.0
2011-04-22 11:50:30-04:00,2.0
2011-04-22 11:50:33-04:00,2.0
2011-04-22 11:50:36-04:00,2.0
2011-04-22 11:50:39-04:00,2.0
2011-04-22 11:50:42-04:00,2.0
2011-04-22 11:50:45-04:00,2.0
2011-04-22 11:50:48-04:00,2.0
2011-04-22 11:50:51-04:00,2.0
2011-04-22 11:50:54-04:00,2.0
2011-04-22 11:50:57-04:00,2.0
2011-04-22 11:51:00-04:00,2.0
2011-04-22 11:51:03-04:00,2.0
2011-04-22 11:51:06-04:00,2.0
2011-04-22 11:51:09-04:00,2.0
2011-04-22 11:51:12-04:00,2.0
2011-04-22 11:51:15-04:00,2.0
2011-04-22 11:51:18-04:00,2.0
2011-04-22 11:51:21-04:00,2.0
2011-04-22 11:51:24-04:00,2.0
2011-04-22 11:51:27-04:00,2.0
2011-04-22 11:51:30-04:00,2.0
2011-04-22 11:51:33-04:00,2.0
2011-04-22 11:51:36-04:00,2.0
2011-04-22 11:51:39-04:00,2.0
2011-04-22 11:51:42-04:00,2.0
2011-04-22 11:51:45-04:00,2.0
2011-04-22 11:51:48-04:00,2.0
2011-04-22 11:51:51-04:00,2.0
2011-04-22 11:51:54-04:00,2.0
2011-04-22 11:51:57-04:00,2.0
2011-04-22 11:52:00-04:00,2.0
2011-04-22 11:52:03-04:00,2.0
2011-04-22 11:52:06-04:00,2.0
2011-04-22 11:52:09-04:00,2.0
2011-04-22 11:52:12-04:00,2.0
2011-04-22 11:52:15-04:00,2.0
2011-04-22 11:52:18-04:00,2.0
2011-04-22 11:52:21-04:00,2.0
2011-04-22 11:52:24-04:00,2.0
2011-04-22 11:52:27-04:00,2.0
2011-04-22 11:52:30-04:00,2.0
2011-04-22 11:52:33-04:00,2.0
2011-04-22 11:52:36-04:00,2.0
2011-04-22 11:52:39-04:00,2.0
2011-04-22 11:52:42-04:00,2.0
2011-04-22 11:52:45-04:00,2.0
2011-04-22 11:52:48-04:00,2.0
2011-04-22 11:52:51-04:00,2.0
2011-04-22 11:52:54-04:00,2.0
2011-04-22 11:52:57-04:00,2.0
2011-04-22 11:53:00-04:00,2.0
2011-04-22 11:53:03-04:00,2.0
2011-04-22 11:53:06-04:00,2.0
2011-04-22 11:53:09-04:00,2.0
2011-04-22 11:53:12-04:00,2.0
2011-04-22 11:53:15-04:00,2.0
2011-04-22 11:53:18-04:00,2.0
2011-04-22 11:53:21-04:00,2.0
2011-04-22 11:53:24-04:00,2.0
2011-04-22 11:53:27-04:00,2.0
2011-04-22 11:53:30-04:00,2.0
2011-04-22 11:53:33-04:00,2.0
2011-04-22 11:53:36-04:00,2.0
2011-04-22 11:53:39-04:00,2.0
2011-04-22 11:53:42-04:00,2.0
2011-04-22 11:53:45-04:00,2.0
2011-04-22 11:53:48-04:00,2.0
2011-04-22 11:53:51-04:00,2.0
2011-04-22 11:53:54-04:00,2.0
2011-04-22 11:53:57-04:00,2.0
2011-04-22 11:54:00-04:00,2.0
2011-04-22 11:54:03-04:00,2.0
2011-04-22 11:54:06-04:00,2.0
2011-04-22 11:54:09-04:00,2.0
2011-04-22 11:54:12-04:00,2.0
2011-04-22 11:54:15-04:00,2.0
2011-04-22 11:54:18-04:00,2.0
2011-04-22 11:54:21-04:00,2.0
2011-04-22 11:54:24-04:00,2.0
2011-04-22 11:54:27-04:00,2.0
2011-04-22 11:54:30-04:00,2.0
2011-04-22 11:54:33-04:00,2.0
2011-04-22 11:54:36-04:00,2.0
2011-04-22 11:54:39-04:00,2.0
2011-04-22 11:54:42-04:00,2.0
2011-04-22 11:54:45-04:00,2.0
2011-04-22 11:54:48-04:00,2.0
2011-04-22 11:54:51-04:00,2.0
2011-04-22 11:54:54-04:00,2.0
2011-04-22 11:54:57-04:00,2.0
2011-04-22 11:55:00-04:00,2.0
2011-04-22 11:55:03-04:00,2.0
2011-04-22 11:55:06-04:00,2.0
2011-04-22 11:55:09-04:00,2.0
2011-04-22 11:55:12-04:00,2.0
2011-04-22 11:55:15-04:00,2.0
2011-04-22 11:55:18-04:00,2.0
2011-04-22 11:55:21-04:00,2.0
2011-04-22 11:55:24-04:00,2.0
2011-04-22 11:55:27-04:00,2.0
2011-04-22 11:55:30-04:00,2.0
2011-04-22 11:55:33-04:00,2.0
2011-04-22 11:55:36-04:00,2.0
2011-04-22 11:55:39-04:00,2.0
2011-04-22 11:55:42-04:00,2.0
2011-04-22 11:55:45-04:00,2.0
2011-04-22 11:55:48-04:00,2.0
2011-04-22 11:55:51-04:00,2.0
2011-04-22 11:55:54-04:00,2.0
2011-04-22 11:55:57-04:00,2.0
2011-04-22 11:56:00-04:00,0.0
2011-04-22 11:56:03-04:00,0.0
2011-04-22 11:56:06-04:00,0.0
2011-04-22 11:56:09-04:00,0.0
2011-04-22 11:56:12-04:00,0.0
2011-04-22 11:56:15-04:00,0.0
2011-04-22 11:56:18-04:00,0.0
2011-04-22 11:56:21-04:00,0.0
2011-04-22 11:56:24-04:00,0.0
2011-04-22 11:56:27-04:00,0.0
2011-04-22 11:56:30-04:00,0.0
2011-04-22 11:56:33-04:00,0.0
2011-04-22 11:56:36-04:00,0.0
2011-04-22 11:56:39-04:00,0.0
2011-04-22 11:56:42-04:00,0.0
2011-04-22 11:56:45-04:00,0.0
2011-04-22 11:56:48-04:00,0.0
2011-04-22 11:56:51-04:00,0.0
2011-04-22 11:56:54-04:00,0.0
2011-04-22 11:56:57-04:00,0.0
2011-04-22 11:57:00-04:00,0.0
2011-04-22 11:57:03-04:00,0.0
2011-04-22 11:57:06-04:00,0.0
2011-04-22 11:57:09-04:00,0.0
2011-04-22 11:57:12-04:00,0.0
2011-04-22 11:57:15-04:00,0.0
2011-04-22 11:57:18-04:00,0.0
2011-04-22 11:57:21-04:00,0.0
2011-04-22 11:57:24-04:00,0.0
2011-04-22 11:57:27-04:00,0.0
2011-04-22 11:57:30-04:00,0.0
2011-04-22 11:57:33-04:00,0.0
2011-04-22 11:57:36-04:00,0.0
2011-04-22 11:57:39-04:00,0.0
2011-04-22 11:57:42-04:00,0.0
2011-04-22 11:57:45-04:00,0.0
2011-04-22 11:57:48-04:00,0.0
2011-04-22 11:57:51-04:00,0.0
2011-04-22 11:57:54-04:00,0.0
2011-04-22 11:57:57-04:00,0.0
2011-04-22 11:58:00-04:00,0.0
2011-04-22 11:58:03-04:00,0.0
2011-04-22 11:58:06-04:00,0.0
2011-04-22 11:58:09-04:00,0.0
2011-04-22 11:58:12-04:00,0.0
2011-04-22 11:58:15-04:00,0.0
2011-04-22 11:58:18-04:00,0.0
2011-04-22 11:58:21-04:00,0.0
2011-04-22 11:58:24-04:00,0.0
2011-04-22 11:58:27-04:00,0.0
2011-04-22 11:58:30-04:00,0.0
2011-04-22 11:58:33-04:00,0.0
2011-04-22 11:58:36-04:00,0.0
2011-04-22 11:58:39-04:00,0.0
2011-04-22 11:58:42-04:00,0.0
2011-04-22 11:58:45-04:00,0.0
2011-04-22 11:58:48-04:00,0.0
2011-04-22 11:58:51-04:00,0.0
2011-04-22 11:58:54-04:00,0.0
2011-04-22 11:58:57-04:00,0.0
2011-04-22 11:59:00-04:00,0.0
2011-04-22 11:59:03-04:00,0.0
2011-04-22 11:59:06-04:00,0.0
2011-04-22 11:59:09-04:00,0.0
2011-04-22 11:59:12-04:00,0.0
2011-04-22 11:59:15-04:00,0.0
2011-04-22 11:59:18-04:00,0.0
2011-04-22 11:59:21-04:00,0.0
2011-04-22 11:59:24-04:00,0.0
2011-04-22 11:59:27-04:00,0.0
2011-04-22 11:59:30-04:00,0.0
2011-04-22 11:59:33-04:00,0.0
2011-04-22 11:59:36-04:00,0.0
2011-04-22 11:59:39-04:00,0.0
2011-04-22 11:59:42-04:00,0.0
2011-04-22 11:59:45-04:00,0.0
2011-04-22 11:59:48-04:00,0.0
2011-04-22 11:59:51-04:00,0.0
2011-04-22 11:59:54-04:00,0.0
2011-04-22 11:59:57-04:00,0.0
2011-04-22 12:00:00-04:00,0.0
2011-04-22 12:00:03-04:00,0.0
2011-04-22 12:00:06-04:00,0.0
2011-04-22 12:00:09-04:00,0.0
2011-04-22 12:00:12-04:00,0.0
2011-04-22 12:00:15-04:00,0.0
2011-04-22 12:00:18-04:00,0.0
2011-04-22 12:00:21-04:00,0.0
2011-04-22 12:00:24-04:00,0.0
2011-04-22 12:00:27-04:00,0.0
2011-04-22 12:00:30-04:00,0.0
2011-04-22 12:00:33-04:00,0.0
2011-04-22 12:00:36-04:00,0.0
2011-04-22 12:00:39-04:00,0.0
2011-04-22 12:00:42-04:00,0.0
2011-04-22 12:00:45-04:00,0.0
2011-04-22 12:00:48-04:00,0.0
2011-04-22 12:00:51-04:00,0.0
2011-04-22 12:00:54-04:00,0.0
2011-04-22 12:00:57-04:00,0.0
2011-04-22 12:01:00-04:00,0.0
2011-04-22 12:01:03-04:00,0.0
2011-04-22 12:01:06-04:00,0.0
2011-04-22 12:01:09-04:00,0.0
2011-04-22 12:01:12-04:00,0.0
2011-04-22 12:01:15-04:00,0.0
2011-04-22 12:01:18-04:00,0.0
2011-04-22 12:01:21-04:00,0.0
2011-04-22 12:01:24-04:00,0.0
2011-04-22 12:01:27-04:00,0.0
2011-04-22 12:01:30-04:00,0.0
2011-04-22 12:01:33-04:00,0.0
2011-04-22 12:01:36-04:00,0.0
2011-04-22 12:01:39-04:00,0.0
2011-04-22 12:01:42-04:00,0.0
2011-04-22 12:01:45-04:00,0.0
2011-04-22 12:01:48-04:00,0.0
2011-04-22 12:01:51-04:00,0.0
2011-04-22 12:01:54-04:00,0.0
2011-04-22 12:01:57-04:00,0.0
2011-04-22 12:02:00-04:00,0.0
2011-04-22 12:02:03-04:00,0.0
2011-04-22 12:02:06-04:00,0.0
2011-04-22 12:02:09-04:00,0.0
2011-04-22 12:02:12-04:00,0.0
2011-04-22 12:02:15-04:00,0.0
2011-04-22 12:02:18-04:00,0.0
2011-04-22 12:02:21-04:00,0.0
2011-04-22 12:02:24-04:00,0.0
2011-04-22 12:02:27-04:00,0.0
2011-04-22 12:02:30-04:00,0.0
2011-04-22 12:02:33-04:00,0.0
2011-04-22 12:02:36-04:00,0.0
2011-04-22 12:02:39-04:00,0.0
2011-04-22 12:02:42-04:00,0.0
2011-04-22 12:02:45-04:00,0.0
2011-04-22 12:02:48-04:00,0.0
2011-04-22 12:02:51-04:00,0.0
2011-04-22 12:02:54-04:00,0.0
2011-04-22 12:02:57-04:00,0.0
2011-04-22 12:03:00-04:00,0.0
2011-04-22 12:03:03-04:00,0.0
2011-04-22 12:03:06-04:00,0.0
2011-04-22 12:03:09-04:00,0.0
2011-04-22 12:03:12-04:00,0.0
2011-04-22 12:03:15-04:00,0.0
2011-04-22 12:03:18-04:00,0.0
2011-04-22 12:03:21-04:00,0.0
2011-04-22 12:03:24-04:00,0.0
2011-04-22 12:03:27-04:00,0.0
2011-04-22 12:03:30-04:00,0.0
2011-04-22 12:03:33-04:00,0.0
2011-04-22 12:03:36-04:00,0.0
2011-04-22 12:03:39-04:00,0.0
2011-04-22 12:03:42-04:00,0.0
2011-04-22 12:03:45-04:00,0.0
2011-04-22 12:03:48-04:00,0.0
2011-04-22 12:03:51-04:00,0.0
2011-04-22 12:03:54-04:00,0.0
2011-04-22 12:03:57-04:00,0.0
2011-04-22 12:04:00-04:00,0.0
2011-04-22 12:04:03-04:00,0.0
2011-04-22 12:04:06-04:00,0.0
2011-04-22 12:04:09-04:00,0.0
2011-04-22 12:04:12-04:00,0.0
2011-04-22 12:04:15-04:00,0.0
2011-04-22 12:04:18-04:00,0.0
2011-04-22 12:04:21-04:00,0.0
2011-04-22 12:04:24-04:00,0.0
2011-04-22 12:04:27-04:00,0.0
2011-04-22 12:04:30-04:00,0.0
2011-04-22 12:04:33-04:00,0.0
2011-04-22 12:04:36-04:00,0.0
2011-04-22 12:04:39-04:00,0.0
2011-04-22 12:04:42-04:00,0.0
2011-04-22 12:04:45-04:00,0.0
2011-04-22 12:04:48-04:00,0.0
2011-04-22 12:04:51-04:00,0.0
2011-04-22 12:04:54-04:00,0.0
2011-04-22 12:04:57-04:00,0.0
2011-04-22 12:05:00-04:00,0.0
2011-04-22 12:05:03-04:00,0.0
2011-04-22 12:05:06-04:00,0.0
2011-04-22 12:05:09-04:00,0.0
2011-04-22 12:05:12-04:00,0.0
2011-04-22 12:05:15-04:00,0.0
2011-04-22 12:05:18-04:00,0.0
2011-04-22 12:05:21-04:00,0.0
2011-04-22 12:05:24-04:00,0.0
2011-04-22 12:05:27-04:00,0.0
2011-04-22 12:05:30-04:00,0.0
2011-04-22 12:05:33-04:00,0.0
2011-04-22 12:05:36-04:00,0.0
2011-04-22 12:05:39-04:00,0.0
2011-04-22 12:05:42-04:00,0.0
2011-04-22 12:05:45-04:00,0.0
2011-04-22 12:05:48-04:00,0.0
2011-04-22 12:05:51-04:00,0.0
2011-04-22 12:05:54-04:00,0.0
2011-04-22 12:05:57-04:00,0.0
2011-04-22 12:06:00-04:00,0.0
2011-04-22 12:06:03-04:00,0.0
2011-04-22 12:06:06-04:00,0.0
2011-04-22 12:06:09-04:00,0.0
2011-04-22 12:06:12-04:00,0.0
2011-04-22 12:06:15-04:00,0.0
2011-04-22 12:06:18-04:00,0.0
2011-04-22 12:06:21-04:00,0.0
2011-04-22 12:06:24-04:00,0.0
2011-04-22 12:06:27-04:00,0.0
2011-04-22 12:06:30-04:00,0.0
2011-04-22 12:06:33-04:00,0.0
2011-04-22 12:06:36-04:00,0.0
2011-04-22 12:06:39-04:00,0.0
2011-04-22 12:06:42-04:00,0.0
2011-04-22 12:06:45-04:00,0.0
2011-04-22 12:06:48-04:00,0.0
2011-04-22 12:06:51-04:00,0.0
2011-04-22 12:06:54-04:00,0.0
2011-04-22 12:06:57-04:00,0.0
2011-04-22 12:07:00-04:00,0.0
2011-04-22 12:07:03-04:00,0.0
2011-04-22 12:07:06-04:00,0.0
2011-04-22 12:07:09-04:00,0.0
2011-04-22 12:07:12-04:00,0.0
2011-04-22 12:07:15-04:00,0.0
2011-04-22 12:07:18-04:00,0.0
2011-04-22 12:07:21-04:00,0.0
2011-04-22 12:07:24-04:00,0.0
2011-04-22 12:07:27-04:00,0.0
2011-04-22 12:07:30-04:00,0.0
2011-04-22 12:07:33-04:00,0.0
2011-04-22 12:07:36-04:00,0.0
2011-04-22 12:07:39-04:00,0.0
2011-04-22 12:07:42-04:00,0.0
2011-04-22 12:07:45-04:00,0.0
2011-04-22 12:07:48-04:00,0.0
2011-04-22 12:07:51-04:00,0.0
2011-04-22 12:07:54-04:00,0.0
2011-04-22 12:07:57-04:00,0.0
2011-04-22 12:08:00-04:00,0.0
2011-04-22 12:08:03-04:00,0.0
2011-04-22 12:08:06-04:00,0.0
2011-04-22 12:08:09-04:00,0.0
2011-04-22 12:08:12-04:00,0.0
2011-04-22 12:08:15-04:00,0.0
2011-04-22 12:08:18-04:00,0.0
2011-04-22 12:08:21-04:00,0.0
2011-04-22 12:08:24-04:00,0.0
2011-04-22 12:08:27-04:00,0.0
2011-04-22 12:08:30-04:00,0.0
2011-04-22 12:08:33-04:00,0.0
2011-04-22 12:08:36-04:00,0.0
2011-04-22 12:08:39-04:00,0.0
2011-04-22 12:08:42-04:00,0.0
2011-04-22 12:08:45-04:00,0.0
2011-04-22 12:08:48-04:00,0.0
2011-04-22 12:08:51-04:00,0.0
2011-04-22 12:08:54-04:00,0.0
2011-04-22 12:08:57-04:00,0.0
2011-04-22 12:09:00-04:00,0.0
2011-04-22 12:09:03-04:00,0.0
2011-04-22 12:09:06-04:00,0.0
2011-04-22 12:09:09-04:00,0.0
2011-04-22 12:09:12-04:00,0.0
2011-04-22 12:09:15-04:00,0.0
2011-04-22 12:09:18-04:00,0.0
2011-04-22 12:09:21-04:00,0.0
2011-04-22 12:09:24-04:00,0.0
2011-04-22 12:09:27-04:00,0.0
2011-04-22 12:09:30-04:00,0.0
2011-04-22 12:09:33-04:00,0.0
2011-04-22 12:09:36-04:00,0.0
2011-04-22 12:09:39-04:00,0.0
2011-04-22 12:09:42-04:00,0.0
2011-04-22 12:09:45-04:00,0.0
2011-04-22 12:09:48-04:00,0.0
2011-04-22 12:09:51-04:00,0.0
2011-04-22 12:09:54-04:00,0.0
2011-04-22 12:09:57-04:00,0.0
2011-04-22 12:10:00-04:00,0.0
2011-04-22 12:10:03-04:00,0.0
2011-04-22 12:10:06-04:00,0.0
2011-04-22 12:10:09-04:00,0.0
2011-04-22 12:10:12-04:00,0.0
2011-04-22 12:10:15-04:00,0.0
2011-04-22 12:10:18-04:00,0.0
2011-04-22 12:10:21-04:00,0.0
2011-04-22 12:10:24-04:00,0.0
2011-04-22 12:10:27-04:00,0.0
2011-04-22 12:10:30-04:00,0.0
2011-04-22 12:10:33-04:00,0.0
2011-04-22 12:10:36-04:00,0.0
2011-04-22 12:10:39-04:00,0.0
2011-04-22 12:10:42-04:00,0.0
2011-04-22 12:10:45-04:00,0.0
2011-04-22 12:10:48-04:00,0.0
2011-04-22 12:10:51-04:00,0.0
2011-04-22 12:10:54-04:00,0.0
2011-04-22 12:10:57-04:00,0.0
2011-04-22 12:11:00-04:00,0.0
2011-04-22 12:11:03-04:00,0.0
2011-04-22 12:11:06-04:00,0.0
2011-04-22 12:11:09-04:00,0.0
2011-04-22 12:11:12-04:00,0.0
2011-04-22 12:11:15-04:00,0.0
2011-04-22 12:11:18-04:00,0.0
2011-04-22 12:11:21-04:00,0.0
2011-04-22 12:11:24-04:00,0.0
2011-04-22 12:11:27-04:00,0.0
2011-04-22 12:11:30-04:00,0.0
2011-04-22 12:11:33-04:00,0.0
2011-04-22 12:11:36-04:00,0.0
2011-04-22 12:11:39-04:00,0.0
2011-04-22 12:11:42-04:00,0.0
2011-04-22 12:11:45-04:00,0.0
2011-04-22 12:11:48-04:00,0.0
2011-04-22 12:11:51-04:00,0.0
2011-04-22 12:11:54-04:00,0.0
2011-04-22 12:11:57-04:00,0.0
2011-04-22 12:12:00-04:00,0.0
2011-04-22 12:12:03-04:00,0.0
2011-04-22 12:12:06-04:00,0.0
2011-04-22 12:12:09-04:00,0.0
2011-04-22 12:12:12-04:00,0.0
2011-04-22 12:12:15-04:00,0.0
2011-04-22 12:12:18-04:00,0.0
2011-04-22 12:12:21-04:00,0.0
2011-04-22 12:12:24-04:00,0.0
2011-04-22 12:12:27-04:00,0.0
2011-04-22 12:12:30-04:00,0.0
2011-04-22 12:12:33-04:00,0.0
2011-04-22 12:12:36-04:00,0.0
2011-04-22 12:12:39-04:00,0.0
2011-04-22 12:12:42-04:00,0.0
2011-04-22 12:12:45-04:00,0.0
2011-04-22 12:12:48-04:00,0.0
2011-04-22 12:12:51-04:00,0.0
2011-04-22 12:12:54-04:00,0.0
2011-04-22 12:12:57-04:00,0.0
2011-04-22 12:13:00-04:00,0.0
2011-04-22 12:13:03-04:00,0.0
2011-04-22 12:13:06-04:00,0.0
2011-04-22 12:13:09-04:00,0.0
2011-04-22 12:13:12-04:00,0.0
2011-04-22 12:13:15-04:00,0.0
2011-04-22 12:13:18-04:00,0.0
2011-04-22 12:13:21-04:00,0.0
2011-04-22 12:13:24-04:00,0.0
2011-04-22 12:13:27-04:00,0.0
2011-04-22 12:13:30-04:00,0.0
2011-04-22 12:13:33-04:00,0.0
2011-04-22 12:13:36-04:00,0.0
2011-04-22 12:13:39-04:00,0.0
2011-04-22 12:13:42-04:00,0.0
2011-04-22 12:13:45-04:00,0.0
2011-04-22 12:13:48-04:00,0.0
2011-04-22 12:13:51-04:00,0.0
2011-04-22 12:13:54-04:00,0.0
2011-04-22 12:13:57-04:00,0.0
2011-04-22 12:14:00-04:00,0.0
2011-04-22 12:14:03-04:00,0.0
2011-04-22 12:14:06-04:00,0.0
2011-04-22 12:14:09-04:00,0.0
2011-04-22 12:14:12-04:00,0.0
2011-04-22 12:14:15-04:00,0.0
2011-04-22 12:14:18-04:00,0.0
2011-04-22 12:14:21-04:00,0.0
2011-04-22 12:14:24-04:00,0.0
2011-04-22 12:14:27-04:00,0.0
2011-04-22 12:14:30-04:00,0.0
2011-04-22 12:14:33-04:00,0.0
2011-04-22 12:14:36-04:00,0.0
2011-04-22 12:14:39-04:00,0.0
2011-04-22 12:14:42-04:00,0.0
2011-04-22 12:14:45-04:00,0.0
2011-04-22 12:14:48-04:00,0.0
2011-04-22 12:14:51-04:00,0.0
2011-04-22 12:14:54-04:00,0.0
2011-04-22 12:14:57-04:00,0.0
2011-04-22 12:15:00-04:00,0.0
2011-04-22 12:15:03-04:00,0.0
2011-04-22 12:15:06-04:00,0.0
2011-04-22 12:15:09-04:00,0.0
2011-04-22 12:15:12-04:00,0.0
2011-04-22 12:15:15-04:00,0.0
2011-04-22 12:15:18-04:00,0.0
2011-04-22 12:15:21-04:00,0.0
2011-04-22 12:15:24-04:00,0.0
2011-04-22 12:15:27-04:00,0.0
2011-04-22 12:15:30-04:00,0.0
2011-04-22 12:15:33-04:00,0.0
2011-04-22 12:15:36-04:00,0.0
2011-04-22 12:15:39-04:00,0.0
2011-04-22 12:15:42-04:00,0.0
2011-04-22 12:15:45-04:00,0.0
2011-04-22 12:15:48-04:00,0.0
2011-04-22 12:15:51-04:00,0.0
2011-04-22 12:15:54-04:00,0.0
2011-04-22 12:15:57-04:00,0.0
2011-04-22 12:16:00-04:00,0.0
2011-04-22 12:16:03-04:00,0.0
2011-04-22 12:16:06-04:00,0.0
2011-04-22 12:16:09-04:00,0.0
2011-04-22 12:16:12-04:00,0.0
2011-04-22 12:16:15-04:00,0.0
2011-04-22 12:16:18-04:00,0.0
2011-04-22 12:16:21-04:00,0.0
2011-04-22 12:16:24-04:00,0.0
2011-04-22 12:16:27-04:00,0.0
2011-04-22 12:16:30-04:00,0.0
2011-04-22 12:16:33-04:00,0.0
2011-04-22 12:16:36-04:00,0.0
2011-04-22 12:16:39-04:00,0.0
2011-04-22 12:16:42-04:00,0.0
2011-04-22 12:16:45-04:00,0.0
2011-04-22 12:16:48-04:00,0.0
2011-04-22 12:16:51-04:00,0.0
2011-04-22 12:16:54-04:00,0.0
2011-04-22 12:16:57-04:00,0.0
2011-04-22 12:17:00-04:00,0.0
2011-04-22 12:17:03-04:00,0.0
2011-04-22 12:17:06-04:00,0.0
2011-04-22 12:17:09-04:00,0.0
2011-04-22 12:17:12-04:00,0.0
2011-04-22 12:17:15-04:00,0.0
2011-04-22 12:17:18-04:00,0.0
2011-04-22 12:17:21-04:00,0.0
2011-04-22 12:17:24-04:00,0.0
2011-04-22 12:17:27-04:00,0.0
2011-04-22 12:17:30-04:00,0.0
2011-04-22 12:17:33-04:00,0.0
2011-04-22 12:17:36-04:00,0.0
2011-04-22 12:17:39-04:00,0.0
2011-04-22 12:17:42-04:00,0.0
2011-04-22 12:17:45-04:00,0.0
2011-04-22 12:17:48-04:00,0.0
2011-04-22 12:17:51-04:00,0.0
2011-04-22 12:17:54-04:00,0.0
2011-04-22 12:17:57-04:00,0.0
2011-04-22 12:18:00-04:00,0.0
2011-04-22 12:18:03-04:00,0.0
2011-04-22 12:18:06-04:00,0.0
2011-04-22 12:18:09-04:00,0.0
2011-04-22 12:18:12-04:00,0.0
2011-04-22 12:18:15-04:00,0.0
2011-04-22 12:18:18-04:00,0.0
2011-04-22 12:18:21-04:00,0.0
2011-04-22 12:18:24-04:00,0.0
2011-04-22 12:18:27-04:00,0.0
2011-04-22 12:18:30-04:00,0.0
2011-04-22 12:18:33-04:00,0.0
2011-04-22 12:18:36-04:00,0.0
2011-04-22 12:18:39-04:00,0.0
2011-04-22 12:18:42-04:00,0.0
2011-04-22 12:18:45-04:00,0.0
2011-04-22 12:18:48-04:00,0.0
2011-04-22 12:18:51-04:00,0.0
2011-04-22 12:18:54-04:00,0.0
2011-04-22 12:18:57-04:00,0.0
2011-04-22 12:19:00-04:00,0.0
2011-04-22 12:19:03-04:00,0.0
2011-04-22 12:19:06-04:00,0.0
2011-04-22 12:19:09-04:00,0.0
2011-04-22 12:19:12-04:00,0.0
2011-04-22 12:19:15-04:00,0.0
2011-04-22 12:19:18-04:00,0.0
2011-04-22 12:19:21-04:00,0.0
2011-04-22 12:19:24-04:00,0.0
2011-04-22 12:19:27-04:00,0.0
2011-04-22 12:19:30-04:00,0.0
2011-04-22 12:19:33-04:00,0.0
2011-04-22 12:19:36-04:00,0.0
2011-04-22 12:19:39-04:00,0.0
2011-04-22 12:19:42-04:00,0.0
2011-04-22 12:19:45-04:00,0.0
2011-04-22 12:19:48-04:00,0.0
2011-04-22 12:19:51-04:00,0.0
2011-04-22 12:19:54-04:00,0.0
2011-04-22 12:19:57-04:00,0.0
2011-04-22 12:20:00-04:00,0.0
2011-04-22 12:20:03-04:00,0.0
2011-04-22 12:20:06-04:00,0.0
2011-04-22 12:20:09-04:00,0.0
2011-04-22 12:20:12-04:00,0.0
2011-04-22 12:20:15-04:00,0.0
2011-04-22 12:20:18-04:00,0.0
2011-04-22 12:20:21-04:00,0.0
2011-04-22 12:20:24-04:00,0.0
2011-04-22 12:20:27-04:00,0.0
2011-04-22 12:20:30-04:00,0.0
2011-04-22 12:20:33-04:00,0.0
2011-04-22 12:20:36-04:00,0.0
2011-04-22 12:20:39-04:00,0.0
2011-04-22 12:20:42-04:00,0.0
2011-04-22 12:20:45-04:00,0.0
2011-04-22 12:20:48-04:00,0.0
2011-04-22 12:20:51-04:00,0.0
2011-04-22 12:20:54-04:00,0.0
2011-04-22 12:20:57-04:00,0.0
2011-04-22 12:21:00-04:00,0.0
2011-04-22 12:21:03-04:00,0.0
2011-04-22 12:21:06-04:00,0.0
2011-04-22 12:21:09-04:00,0.0
2011-04-22 12:21:12-04:00,0.0
2011-04-22 12:21:15-04:00,0.0
2011-04-22 12:21:18-04:00,0.0
2011-04-22 12:21:21-04:00,0.0
2011-04-22 12:21:24-04:00,0.0
2011-04-22 12:21:27-04:00,0.0
2011-04-22 12:21:30-04:00,0.0
2011-04-22 12:21:33-04:00,0.0
2011-04-22 12:21:36-04:00,0.0
2011-04-22 12:21:39-04:00,0.0
2011-04-22 12:21:42-04:00,0.0
2011-04-22 12:21:45-04:00,0.0
2011-04-22 12:21:48-04:00,0.0
2011-04-22 12:21:51-04:00,0.0
2011-04-22 12:21:54-04:00,0.0
2011-04-22 12:21:57-04:00,0.0
2011-04-22 12:22:00-04:00,0.0
2011-04-22 12:22:03-04:00,0.0
2011-04-22 12:22:06-04:00,0.0
2011-04-22 12:22:09-04:00,0.0
2011-04-22 12:22:12-04:00,0.0
2011-04-22 12:22:15-04:00,0.0
2011-04-22 12:22:18-04:00,0.0
2011-04-22 12:22:21-04:00,0.0
2011-04-22 12:22:24-04:00,0.0
2011-04-22 12:22:27-04:00,0.0
2011-04-22 12:22:30-04:00,0.0
2011-04-22 12:22:33-04:00,0.0
2011-04-22 12:22:36-04:00,0.0
2011-04-22 12:22:39-04:00,0.0
2011-04-22 12:22:42-04:00,0.0
2011-04-22 12:22:45-04:00,0.0
2011-04-22 12:22:48-04:00,0.0
2011-04-22 12:22:51-04:00,0.0
2011-04-22 12:22:54-04:00,0.0
2011-04-22 12:22:57-04:00,0.0
2011-04-22 12:23:00-04:00,0.0
2011-04-22 12:23:03-04:00,0.0
2011-04-22 12:23:06-04:00,0.0
2011-04-22 12:23:09-04:00,0.0
2011-04-22 12:23:12-04:00,0.0
2011-04-22 12:23:15-04:00,0.0
2011-04-22 12:23:18-04:00,0.0
2011-04-22 12:23:21-04:00,0.0
2011-04-22 12:23:24-04:00,0.0
2011-04-22 12:23:27-04:00,0.0
2011-04-22 12:23:30-04:00,0.0
2011-04-22 12:23:33-04:00,0.0
2011-04-22 12:23:36-04:00,0.0
2011-04-22 12:23:39-04:00,0.0
2011-04-22 12:23:42-04:00,0.0
2011-04-22 12:23:45-04:00,0.0
2011-04-22 12:23:48-04:00,0.0
2011-04-22 12:23:51-04:00,0.0
2011-04-22 12:23:54-04:00,0.0
2011-04-22 12:23:57-04:00,0.0
2011-04-22 12:24:00-04:00,0.0
2011-04-22 12:24:03-04:00,0.0
2011-04-22 12:24:06-04:00,0.0
2011-04-22 12:24:09-04:00,0.0
2011-04-22 12:24:12-04:00,0.0
2011-04-22 12:24:15-04:00,0.0
2011-04-22 12:24:18-04:00,0.0
2011-04-22 12:24:21-04:00,0.0
2011-04-22 12:24:24-04:00,0.0
2011-04-22 12:24:27-04:00,0.0
2011-04-22 12:24:30-04:00,0.0
2011-04-22 12:24:33-04:00,0.0
2011-04-22 12:24:36-04:00,0.0
2011-04-22 12:24:39-04:00,0.0
2011-04-22 12:24:42-04:00,0.0
2011-04-22 12:24:45-04:00,0.0
2011-04-22 12:24:48-04:00,0.0
2011-04-22 12:24:51-04:00,0.0
2011-04-22 12:24:54-04:00,0.0
2011-04-22 12:24:57-04:00,0.0
2011-04-22 12:25:00-04:00,0.0
2011-04-22 12:25:03-04:00,0.0
2011-04-22 12:25:06-04:00,0.0
2011-04-22 12:25:09-04:00,0.0
2011-04-22 12:25:12-04:00,0.0
2011-04-22 12:25:15-04:00,0.0
2011-04-22 12:25:18-04:00,0.0
2011-04-22 12:25:21-04:00,0.0
2011-04-22 12:25:24-04:00,0.0
2011-04-22 12:25:27-04:00,0.0
2011-04-22 12:25:30-04:00,0.0
2011-04-22 12:25:33-04:00,0.0
2011-04-22 12:25:36-04:00,0.0
2011-04-22 12:25:39-04:00,0.0
2011-04-22 12:25:42-04:00,0.0
2011-04-22 12:25:45-04:00,0.0
2011-04-22 12:25:48-04:00,0.0
2011-04-22 12:25:51-04:00,0.0
2011-04-22 12:25:54-04:00,0.0
2011-04-22 12:25:57-04:00,0.0
2011-04-22 12:26:00-04:00,0.0
2011-04-22 12:26:03-04:00,0.0
2011-04-22 12:26:06-04:00,0.0
2011-04-22 12:26:09-04:00,0.0
2011-04-22 12:26:12-04:00,0.0
2011-04-22 12:26:15-04:00,0.0
2011-04-22 12:26:18-04:00,0.0
2011-04-22 12:26:21-04:00,0.0
2011-04-22 12:26:24-04:00,0.0
2011-04-22 12:26:27-04:00,0.0
2011-04-22 12:26:30-04:00,0.0
2011-04-22 12:26:33-04:00,0.0
2011-04-22 12:26:36-04:00,0.0
2011-04-22 12:26:39-04:00,0.0
2011-04-22 12:26:42-04:00,0.0
2011-04-22 12:26:45-04:00,0.0
2011-04-22 12:26:48-04:00,0.0
2011-04-22 12:26:51-04:00,0.0
2011-04-22 12:26:54-04:00,0.0
2011-04-22 12:26:57-04:00,0.0
2011-04-22 12:27:00-04:00,0.0
2011-04-22 12:27:03-04:00,0.0
2011-04-22 12:27:06-04:00,0.0
2011-04-22 12:27:09-04:00,0.0
2011-04-22 12:27:12-04:00,0.0
2011-04-22 12:27:15-04:00,0.0
2011-04-22 12:27:18-04:00,0.0
2011-04-22 12:27:21-04:00,0.0
2011-04-22 12:27:24-04:00,0.0
2011-04-22 12:27:27-04:00,0.0
2011-04-22 12:27:30-04:00,0.0
2011-04-22 12:27:33-04:00,0.0
2011-04-22 12:27:36-04:00,0.0
2011-04-22 12:27:39-04:00,0.0
2011-04-22 12:27:42-04:00,0.0
2011-04-22 12:27:45-04:00,0.0
2011-04-22 12:27:48-04:00,0.0
2011-04-22 12:27:51-04:00,0.0
2011-04-22 12:27:54-04:00,0.0
2011-04-22 12:27:57-04:00,0.0
2011-04-22 12:28:00-04:00,0.0
2011-04-22 12:28:03-04:00,0.0
2011-04-22 12:28:06-04:00,0.0
2011-04-22 12:28:09-04:00,0.0
2011-04-22 12:28:12-04:00,0.0
2011-04-22 12:28:15-04:00,0.0
2011-04-22 12:28:18-04:00,0.0
2011-04-22 12:28:21-04:00,0.0
2011-04-22 12:28:24-04:00,0.0
2011-04-22 12:28:27-04:00,0.0
2011-04-22 12:28:30-04:00,0.0
2011-04-22 12:28:33-04:00,0.0
2011-04-22 12:28:36-04:00,0.0
2011-04-22 12:28:39-04:00,0.0
2011-04-22 12:28:42-04:00,0.0
2011-04-22 12:28:45-04:00,0.0
2011-04-22 12:28:48-04:00,0.0
2011-04-22 12:28:51-04:00,0.0
2011-04-22 12:28:54-04:00,0.0
2011-04-22 12:28:57-04:00,0.0
2011-04-22 12:29:00-04:00,0.0
2011-04-22 12:29:03-04:00,0.0
2011-04-22 12:29:06-04:00,0.0
2011-04-22 12:29:09-04:00,0.0
2011-04-22 12:29:12-04:00,0.0
2011-04-22 12:29:15-04:00,0.0
2011-04-22 12:29:18-04:00,0.0
2011-04-22 12:29:21-04:00,0.0
2011-04-22 12:29:24-04:00,0.0
2011-04-22 12:29:27-04:00,0.0
2011-04-22 12:29:30-04:00,0.0
2011-04-22 12:29:33-04:00,0.0
2011-04-22 12:29:36-04:00,0.0
2011-04-22 12:29:39-04:00,0.0
2011-04-22 12:29:42-04:00,0.0
2011-04-22 12:29:45-04:00,0.0
2011-04-22 12:29:48-04:00,0.0
2011-04-22 12:29:51-04:00,0.0
2011-04-22 12:29:54-04:00,0.0
2011-04-22 12:29:57-04:00,0.0
2011-04-22 12:30:00-04:00,0.0
2011-04-22 12:30:03-04:00,0.0
2011-04-22 12:30:06-04:00,0.0
2011-04-22 12:30:09-04:00,0.0
2011-04-22 12:30:12-04:00,0.0
2011-04-22 12:30:15-04:00,0.0
2011-04-22 12:30:18-04:00,0.0
2011-04-22 12:30:21-04:00,0.0
2011-04-22 12:30:24-04:00,0.0
2011-04-22 12:30:27-04:00,0.0
2011-04-22 12:30:30-04:00,0.0
2011-04-22 12:30:33-04:00,0.0
2011-04-22 12:30:36-04:00,0.0
2011-04-22 12:30:39-04:00,0.0
2011-04-22 12:30:42-04:00,0.0
2011-04-22 12:30:45-04:00,0.0
2011-04-22 12:30:48-04:00,0.0
2011-04-22 12:30:51-04:00,0.0
2011-04-22 12:30:54-04:00,0.0
2011-04-22 12:30:57-04:00,0.0
2011-04-22 12:31:00-04:00,0.0
2011-04-22 12:31:03-04:00,0.0
2011-04-22 12:31:06-04:00,0.0
2011-04-22 12:31:09-04:00,0.0
2011-04-22 12:31:12-04:00,0.0
2011-04-22 12:31:15-04:00,0.0
2011-04-22 12:31:18-04:00,0.0
2011-04-22 12:31:21-04:00,0.0
2011-04-22 12:31:24-04:00,0.0
2011-04-22 12:31:27-04:00,0.0
2011-04-22 12:31:30-04:00,0.0
2011-04-22 12:31:33-04:00,0.0
2011-04-22 12:31:36-04:00,0.0
2011-04-22 12:31:39-04:00,0.0
2011-04-22 12:31:42-04:00,0.0
2011-04-22 12:31:45-04:00,0.0
2011-04-22 12:31:48-04:00,0.0
2011-04-22 12:31:51-04:00,0.0
2011-04-22 12:31:54-04:00,0.0
2011-04-22 12:31:57-04:00,0.0
2011-04-22 12:32:00-04:00,0.0
2011-04-22 12:32:03-04:00,0.0
2011-04-22 12:32:06-04:00,0.0
2011-04-22 12:32:09-04:00,0.0
2011-04-22 12:32:12-04:00,0.0
2011-04-22 12:32:15-04:00,0.0
2011-04-22 12:32:18-04:00,0.0
2011-04-22 12:32:21-04:00,0.0
2011-04-22 12:32:24-04:00,0.0
2011-04-22 12:32:27-04:00,0.0
2011-04-22 12:32:30-04:00,0.0
2011-04-22 12:32:33-04:00,0.0
2011-04-22 12:32:36-04:00,0.0
2011-04-22 12:32:39-04:00,0.0
2011-04-22 12:32:42-04:00,0.0
2011-04-22 12:32:45-04:00,0.0
2011-04-22 12:32:48-04:00,0.0
2011-04-22 12:32:51-04:00,0.0
2011-04-22 12:32:54-04:00,0.0
2011-04-22 12:32:57-04:00,0.0
2011-04-22 12:33:00-04:00,0.0
2011-04-22 12:33:03-04:00,0.0
2011-04-22 12:33:06-04:00,0.0
2011-04-22 12:33:09-04:00,0.0
2011-04-22 12:33:12-04:00,0.0
2011-04-22 12:33:15-04:00,0.0
2011-04-22 12:33:18-04:00,0.0
2011-04-22 12:33:21-04:00,0.0
2011-04-22 12:33:24-04:00,0.0
2011-04-22 12:33:27-04:00,0.0
2011-04-22 12:33:30-04:00,0.0
2011-04-22 12:33:33-04:00,0.0
2011-04-22 12:33:36-04:00,0.0
2011-04-22 12:33:39-04:00,0.0
2011-04-22 12:33:42-04:00,0.0
2011-04-22 12:33:45-04:00,0.0
2011-04-22 12:33:48-04:00,0.0
2011-04-22 12:33:51-04:00,0.0
2011-04-22 12:33:54-04:00,0.0
2011-04-22 12:33:57-04:00,0.0
2011-04-22 12:34:00-04:00,0.0
2011-04-22 12:34:03-04:00,0.0
2011-04-22 12:34:06-04:00,0.0
2011-04-22 12:34:09-04:00,0.0
2011-04-22 12:34:12-04:00,0.0
2011-04-22 12:34:15-04:00,0.0
2011-04-22 12:34:18-04:00,0.0
2011-04-22 12:34:21-04:00,0.0
2011-04-22 12:34:24-04:00,0.0
2011-04-22 12:34:27-04:00,0.0
2011-04-22 12:34:30-04:00,0.0
2011-04-22 12:34:33-04:00,0.0
2011-04-22 12:34:36-04:00,0.0
2011-04-22 12:34:39-04:00,0.0
2011-04-22 12:34:42-04:00,0.0
2011-04-22 12:34:45-04:00,0.0
2011-04-22 12:34:48-04:00,0.0
2011-04-22 12:34:51-04:00,0.0
2011-04-22 12:34:54-04:00,0.0
2011-04-22 12:34:57-04:00,0.0
2011-04-22 12:35:00-04:00,0.0
2011-04-22 12:35:03-04:00,0.0
2011-04-22 12:35:06-04:00,0.0
2011-04-22 12:35:09-04:00,0.0
2011-04-22 12:35:12-04:00,0.0
2011-04-22 12:35:15-04:00,0.0
2011-04-22 12:35:18-04:00,0.0
2011-04-22 12:35:21-04:00,0.0
2011-04-22 12:35:24-04:00,0.0
2011-04-22 12:35:27-04:00,0.0
2011-04-22 12:35:30-04:00,0.0
2011-04-22 12:35:33-04:00,0.0
2011-04-22 12:35:36-04:00,0.0
2011-04-22 12:35:39-04:00,0.0
2011-04-22 12:35:42-04:00,0.0
2011-04-22 12:35:45-04:00,0.0
2011-04-22 12:35:48-04:00,0.0
2011-04-22 12:35:51-04:00,0.0
2011-04-22 12:35:54-04:00,0.0
2011-04-22 12:35:57-04:00,0.0
2011-04-22 12:36:00-04:00,0.0
2011-04-22 12:36:03-04:00,0.0
2011-04-22 12:36:06-04:00,0.0
2011-04-22 12:36:09-04:00,0.0
2011-04-22 12:36:12-04:00,0.0
2011-04-22 12:36:15-04:00,0.0
2011-04-22 12:36:18-04:00,0.0
2011-04-22 12:36:21-04:00,0.0
2011-04-22 12:36:24-04:00,0.0
2011-04-22 12:36:27-04:00,0.0
2011-04-22 12:36:30-04:00,0.0
2011-04-22 12:36:33-04:00,0.0
2011-04-22 12:36:36-04:00,0.0
2011-04-22 12:36:39-04:00,0.0
2011-04-22 12:36:42-04:00,0.0
2011-04-22 12:36:45-04:00,0.0
2011-04-22 12:36:48-04:00,0.0
2011-04-22 12:36:51-04:00,0.0
2011-04-22 12:36:54-04:00,0.0
2011-04-22 12:36:57-04:00,0.0
2011-04-22 12:37:00-04:00,0.0
2011-04-22 12:37:03-04:00,0.0
2011-04-22 12:37:06-04:00,0.0
2011-04-22 12:37:09-04:00,0.0
2011-04-22 12:37:12-04:00,0.0
2011-04-22 12:37:15-04:00,0.0
2011-04-22 12:37:18-04:00,0.0
2011-04-22 12:37:21-04:00,0.0
2011-04-22 12:37:24-04:00,0.0
2011-04-22 12:37:27-04:00,0.0
2011-04-22 12:37:30-04:00,0.0
2011-04-22 12:37:33-04:00,0.0
2011-04-22 12:37:36-04:00,0.0
2011-04-22 12:37:39-04:00,0.0
2011-04-22 12:37:42-04:00,0.0
2011-04-22 12:37:45-04:00,0.0
2011-04-22 12:37:48-04:00,0.0
2011-04-22 12:37:51-04:00,0.0
2011-04-22 12:37:54-04:00,0.0
2011-04-22 12:37:57-04:00,0.0
2011-04-22 12:38:00-04:00,0.0
2011-04-22 12:38:03-04:00,0.0
2011-04-22 12:38:06-04:00,0.0
2011-04-22 12:38:09-04:00,0.0
2011-04-22 12:38:12-04:00,1.5
2011-04-22 12:38:15-04:00,4.0
2011-04-22 12:38:18-04:00,5.0
2011-04-22 12:38:21-04:00,5.0
2011-04-22 12:38:24-04:00,5.0
2011-04-22 12:38:27-04:00,0.0
2011-04-22 12:38:30-04:00,0.0
2011-04-22 12:38:33-04:00,0.0
2011-04-22 12:38:36-04:00,0.0
2011-04-22 12:38:39-04:00,0.0
2011-04-22 12:38:42-04:00,1.3333333333333333
2011-04-22 12:38:45-04:00,3.5
2011-04-22 12:38:48-04:00,5.333333333333333
2011-04-22 12:38:51-04:00,6.0
2011-04-22 12:38:54-04:00,6.0
2011-04-22 12:38:57-04:00,0.0
2011-04-22 12:39:00-04:00,0.0
2011-04-22 12:39:03-04:00,0.0
2011-04-22 12:39:06-04:00,0.0
2011-04-22 12:39:09-04:00,0.5
2011-04-22 12:39:12-04:00,2.0
2011-04-22 12:39:15-04:00,4.25
2011-04-22 12:39:18-04:00,5.5
2011-04-22 12:39:21-04:00,5.666666666666667
2011-04-22 12:39:24-04:00,4.75
2011-04-22 12:39:27-04:00,4.0
2011-04-22 12:39:30-04:00,2.666666666666667
2011-04-22 12:39:33-04:00,1.3333333333333335
2011-04-22 12:39:36-04:00,0.0
2011-04-22 12:39:39-04:00,0.0
2011-04-22 12:39:42-04:00,1.5
2011-04-22 12:39:45-04:00,4.0
2011-04-22 12:39:48-04:00,5.0
2011-04-22 12:39:51-04:00,5.0
2011-04-22 12:39:54-04:00,5.25
2011-04-22 12:39:57-04:00,6.0
2011-04-22 12:40:00-04:00,0.0
2011-04-22 12:40:03-04:00,0.0
2011-04-22 12:40:06-04:00,0.0
2011-04-22 12:40:09-04:00,0.0
2011-04-22 12:40:12-04:00,0.0
2011-04-22 12:40:15-04:00,0.0
2011-04-22 12:40:18-04:00,0.0
2011-04-22 12:40:21-04:00,0.0
2011-04-22 12:40:24-04:00,0.0
2011-04-22 12:40:27-04:00,0.0
2011-04-22 12:40:30-04:00,0.0
2011-04-22 12:40:33-04:00,0.0
2011-04-22 12:40:36-04:00,0.0
2011-04-22 12:40:39-04:00,0.0
2011-04-22 12:40:42-04:00,0.0
2011-04-22 12:40:45-04:00,0.0
2011-04-22 12:40:48-04:00,3.3333333333333335
2011-04-22 12:40:51-04:00,5.0
2011-04-22 12:40:54-04:00,5.0
2011-04-22 12:40:57-04:00,5.0
2011-04-22 12:41:00-04:00,5.0
2011-04-22 12:41:03-04:00,5.0
2011-04-22 12:41:06-04:00,5.0
2011-04-22 12:41:09-04:00,5.0
2011-04-22 12:41:12-04:00,5.0
2011-04-22 12:41:15-04:00,5.0
2011-04-22 12:41:18-04:00,5.0
2011-04-22 12:41:21-04:00,5.0
2011-04-22 12:41:24-04:00,5.0
2011-04-22 12:41:27-04:00,5.0
2011-04-22 12:41:30-04:00,5.0
2011-04-22 12:41:33-04:00,5.0
2011-04-22 12:41:36-04:00,5.0
2011-04-22 12:41:39-04:00,3.75
2011-04-22 12:41:42-04:00,0.0
2011-04-22 12:41:45-04:00,0.0
2011-04-22 12:41:48-04:00,5.0
2011-04-22 12:41:51-04:00,5.75
2011-04-22 12:41:54-04:00,5.5
2011-04-22 12:41:57-04:00,5.0
2011-04-22 12:42:00-04:00,5.0
2011-04-22 12:42:03-04:00,5.0
2011-04-22 12:42:06-04:00,5.0
2011-04-22 12:42:09-04:00,5.0
2011-04-22 12:42:12-04:00,5.0
2011-04-22 12:42:15-04:00,5.0
2011-04-22 12:42:18-04:00,5.0
2011-04-22 12:42:21-04:00,5.0
2011-04-22 12:42:24-04:00,5.0
2011-04-22 12:42:27-04:00,5.0
2011-04-22 12:42:30-04:00,5.0
2011-04-22 12:42:33-04:00,5.0
2011-04-22 12:42:36-04:00,5.0
2011-04-22 12:42:39-04:00,5.0
2011-04-22 12:42:42-04:00,5.0
2011-04-22 12:42:45-04:00,5.0
2011-04-22 12:42:48-04:00,5.0
2011-04-22 12:42:51-04:00,5.0
2011-04-22 12:42:54-04:00,5.0
2011-04-22 12:42:57-04:00,5.0
2011-04-22 12:43:00-04:00,5.0
2011-04-22 12:43:03-04:00,5.0
2011-04-22 12:43:06-04:00,5.0
2011-04-22 12:43:09-04:00,5.0
2011-04-22 12:43:12-04:00,5.0
2011-04-22 12:43:15-04:00,3.75
2011-04-22 12:43:18-04:00,0.0
2011-04-22 12:43:21-04:00,0.0
2011-04-22 12:43:24-04:00,0.0
2011-04-22 12:43:27-04:00,0.0
2011-04-22 12:43:30-04:00,0.0
2011-04-22 12:43:33-04:00,0.0
2011-04-22 12:43:36-04:00,0.0
2011-04-22 12:43:39-04:00,0.0
2011-04-22 12:43:42-04:00,0.0
2011-04-22 12:43:45-04:00,0.0
2011-04-22 12:43:48-04:00,0.0
2011-04-22 12:43:51-04:00,0.0
2011-04-22 12:43:54-04:00,0.0
2011-04-22 12:43:57-04:00,0.0
2011-04-22 12:44:00-04:00,0.0
2011-04-22 12:44:03-04:00,0.0
2011-04-22 12:44:06-04:00,0.0
2011-04-22 12:44:09-04:00,0.0
2011-04-22 12:44:12-04:00,0.0
2011-04-22 12:44:15-04:00,0.0
2011-04-22 12:44:18-04:00,0.0
2011-04-22 12:44:21-04:00,0.0
2011-04-22 12:44:24-04:00,0.0
2011-04-22 12:44:27-04:00,0.0
2011-04-22 12:44:30-04:00,0.0
2011-04-22 12:44:33-04:00,0.0
2011-04-22 12:44:36-04:00,0.0
2011-04-22 12:44:39-04:00,0.0
2011-04-22 12:44:42-04:00,0.0
2011-04-22 12:44:45-04:00,0.0
2011-04-22 12:44:48-04:00,0.0
2011-04-22 12:44:51-04:00,0.0
2011-04-22 12:44:54-04:00,0.0
2011-04-22 12:44:57-04:00,0.0
2011-04-22 12:45:00-04:00,0.0
2011-04-22 12:45:03-04:00,0.0
2011-04-22 12:45:06-04:00,0.0
2011-04-22 12:45:09-04:00,0.0
2011-04-22 12:45:12-04:00,0.0
2011-04-22 12:45:15-04:00,0.0
2011-04-22 12:45:18-04:00,0.0
2011-04-22 12:45:21-04:00,0.0
2011-04-22 12:45:24-04:00,0.0
2011-04-22 12:45:27-04:00,0.0
2011-04-22 12:45:30-04:00,0.0
2011-04-22 12:45:33-04:00,0.0
2011-04-22 12:45:36-04:00,0.0
2011-04-22 12:45:39-04:00,0.0
2011-04-22 12:45:42-04:00,0.0
2011-04-22 12:45:45-04:00,0.0
2011-04-22 12:45:48-04:00,0.0
2011-04-22 12:45:51-04:00,0.0
2011-04-22 12:45:54-04:00,0.0
2011-04-22 12:45:57-04:00,0.0
2011-04-22 12:46:00-04:00,0.0
2011-04-22 12:46:03-04:00,0.0
2011-04-22 12:46:06-04:00,0.0
2011-04-22 12:46:09-04:00,0.0
2011-04-22 12:46:12-04:00,0.0
2011-04-22 12:46:15-04:00,0.0
2011-04-22 12:46:18-04:00,0.0
2011-04-22 12:46:21-04:00,0.0
2011-04-22 12:46:24-04:00,0.0
2011-04-22 12:46:27-04:00,0.0
2011-04-22 12:46:30-04:00,0.0
2011-04-22 12:46:33-04:00,0.0
2011-04-22 12:46:36-04:00,0.0
2011-04-22 12:46:39-04:00,0.0
2011-04-22 12:46:42-04:00,0.0
2011-04-22 12:46:45-04:00,0.0
2011-04-22 12:46:48-04:00,0.0
2011-04-22 12:46:51-04:00,0.0
2011-04-22 12:46:54-04:00,0.0
2011-04-22 12:46:57-04:00,0.0
2011-04-22 12:47:00-04:00,0.0
2011-04-22 12:47:03-04:00,0.0
2011-04-22 12:47:06-04:00,0.6666666666666666
2011-04-22 12:47:09-04:00,1.0
2011-04-22 12:47:12-04:00,1.0
2011-04-22 12:47:15-04:00,1.0
2011-04-22 12:47:18-04:00,1.0
2011-04-22 12:47:21-04:00,1.0
2011-04-22 12:47:24-04:00,0.0
2011-04-22 12:47:27-04:00,0.75
2011-04-22 12:47:30-04:00,1.0
2011-04-22 12:47:33-04:00,1.0
2011-04-22 12:47:36-04:00,1.0
2011-04-22 12:47:39-04:00,1.0
2011-04-22 12:47:42-04:00,1.0
2011-04-22 12:47:45-04:00,1.5
2011-04-22 12:47:48-04:00,2.0
2011-04-22 12:47:51-04:00,2.0
2011-04-22 12:47:54-04:00,2.0
2011-04-22 12:47:57-04:00,2.0
2011-04-22 12:48:00-04:00,2.0
2011-04-22 12:48:03-04:00,2.0
2011-04-22 12:48:06-04:00,2.0
2011-04-22 12:48:09-04:00,2.0
2011-04-22 12:48:12-04:00,2.0
2011-04-22 12:48:15-04:00,2.0
2011-04-22 12:48:18-04:00,2.0
2011-04-22 12:48:21-04:00,1.0
2011-04-22 12:48:24-04:00,1.0
2011-04-22 12:48:27-04:00,1.0
2011-04-22 12:48:30-04:00,1.0
2011-04-22 12:48:33-04:00,1.0
2011-04-22 12:48:36-04:00,1.0
2011-04-22 12:48:39-04:00,1.0
2011-04-22 12:48:42-04:00,1.0
2011-04-22 12:48:45-04:00,1.6666666666666665
2011-04-22 12:48:48-04:00,3.0
2011-04-22 12:48:51-04:00,3.0
2011-04-22 12:48:54-04:00,2.0
2011-04-22 12:48:57-04:00,2.0
2011-04-22 12:49:00-04:00,2.0
2011-04-22 12:49:03-04:00,2.0
2011-04-22 12:49:06-04:00,2.0
2011-04-22 12:49:09-04:00,2.0
2011-04-22 12:49:12-04:00,2.0
2011-04-22 12:49:15-04:00,2.0
2011-04-22 12:49:18-04:00,2.0
2011-04-22 12:49:21-04:00,2.0
2011-04-22 12:49:24-04:00,2.0
2011-04-22 12:49:27-04:00,2.0
2011-04-22 12:49:30-04:00,2.0
2011-04-22 12:49:33-04:00,2.0
2011-04-22 12:49:36-04:00,2.0
2011-04-22 12:49:39-04:00,2.0
2011-04-22 12:49:42-04:00,2.0
2011-04-22 12:49:45-04:00,2.0
2011-04-22 12:49:48-04:00,2.0
2011-04-22 12:49:51-04:00,2.0
2011-04-22 12:49:54-04:00,2.0
2011-04-22 12:49:57-04:00,2.0
2011-04-22 12:50:00-04:00,2.0
2011-04-22 12:50:03-04:00,2.0
2011-04-22 12:50:06-04:00,2.0
2011-04-22 12:50:09-04:00,2.0
2011-04-22 12:50:12-04:00,2.0
2011-04-22 12:50:15-04:00,2.0
2011-04-22 12:50:18-04:00,2.0
2011-04-22 12:50:21-04:00,2.0
2011-04-22 12:50:24-04:00,2.0
2011-04-22 12:50:27-04:00,2.0
2011-04-22 12:50:30-04:00,2.0
2011-04-22 12:50:33-04:00,2.0
2011-04-22 12:50:36-04:00,2.0
2011-04-22 12:50:39-04:00,2.0
2011-04-22 12:50:42-04:00,2.0
2011-04-22 12:50:45-04:00,2.0
2011-04-22 12:50:48-04:00,2.0
2011-04-22 12:50:51-04:00,2.0
2011-04-22 12:50:54-04:00,2.0
2011-04-22 12:50:57-04:00,2.0
2011-04-22 12:51:00-04:00,2.0
2011-04-22 12:51:03-04:00,2.0
2011-04-22 12:51:06-04:00,2.0
2011-04-22 12:51:09-04:00,2.0
2011-04-22 12:51:12-04:00,2.0
2011-04-22 12:51:15-04:00,2.0
2011-04-22 12:51:18-04:00,2.0
2011-04-22 12:51:21-04:00,2.0
2011-04-22 12:51:24-04:00,2.0
2011-04-22 12:51:27-04:00,2.0
2011-04-22 12:51:30-04:00,2.0
2011-04-22 12:51:33-04:00,2.0
2011-04-22 12:51:36-04:00,2.0
2011-04-22 12:51:39-04:00,2.0
2011-04-22 12:51:42-04:00,2.0
2011-04-22 12:51:45-04:00,2.0
2011-04-22 12:51:48-04:00,2.0
2011-04-22 12:51:51-04:00,2.0
2011-04-22 12:51:54-04:00,2.0
2011-04-22 12:51:57-04:00,2.0
2011-04-22 12:52:00-04:00,2.0
2011-04-22 12:52:03-04:00,2.0
2011-04-22 12:52:06-04:00,2.0
2011-04-22 12:52:09-04:00,2.0
2011-04-22 12:52:12-04:00,2.0
2011-04-22 12:52:15-04:00,2.0
2011-04-22 12:52:18-04:00,2.0
2011-04-22 12:52:21-04:00,2.0
2011-04-22 12:52:24-04:00,2.0
2011-04-22 12:52:27-04:00,2.0
2011-04-22 12:52:30-04:00,2.0
2011-04-22 12:52:33-04:00,2.0
2011-04-22 12:52:36-04:00,2.0
2011-04-22 12:52:39-04:00,2.0
2011-04-22 12:52:42-04:00,2.0
2011-04-22 12:52:45-04:00,2.0
2011-04-22 12:52:48-04:00,2.0
2011-04-22 12:52:51-04:00,2.0
2011-04-22 12:52:54-04:00,2.0
2011-04-22 12:52:57-04:00,2.0
2011-04-22 12:53:00-04:00,2.0
2011-04-22 12:53:03-04:00,2.0
2011-04-22 12:53:06-04:00,2.0
2011-04-22 12:53:09-04:00,2.0
2011-04-22 12:53:12-04:00,2.0
2011-04-22 12:53:15-04:00,2.0
2011-04-22 12:53:18-04:00,2.0
2011-04-22 12:53:21-04:00,2.0
2011-04-22 12:53:24-04:00,2.0
2011-04-22 12:53:27-04:00,2.0
2011-04-22 12:53:30-04:00,2.0
2011-04-22 12:53:33-04:00,2.0
2011-04-22 12:53:36-04:00,2.0
2011-04-22 12:53:39-04:00,2.0
2011-04-22 12:53:42-04:00,2.0
2011-04-22 12:53:45-04:00,2.0
2011-04-22 12:53:48-04:00,2.0
2011-04-22 12:53:51-04:00,2.0
2011-04-22 12:53:54-04:00,2.0
2011-04-22 12:53:57-04:00,2.0
2011-04-22 12:54:00-04:00,2.0
2011-04-22 12:54:03-04:00,2.0
2011-04-22 12:54:06-04:00,2.0
2011-04-22 12:54:09-04:00,2.0
2011-04-22 12:54:12-04:00,2.0
2011-04-22 12:54:15-04:00,2.0
2011-04-22 12:54:18-04:00,2.0
2011-04-22 12:54:21-04:00,2.0
2011-04-22 12:54:24-04:00,2.0
2011-04-22 12:54:27-04:00,2.0
2011-04-22 12:54:30-04:00,2.0
2011-04-22 12:54:33-04:00,2.0
2011-04-22 12:54:36-04:00,2.0
2011-04-22 12:54:39-04:00,2.0
2011-04-22 12:54:42-04:00,2.0
2011-04-22 12:54:45-04:00,2.0
2011-04-22 12:54:48-04:00,2.0
2011-04-22 12:54:51-04:00,2.0
2011-04-22 12:54:54-04:00,2.0
2011-04-22 12:54:57-04:00,2.0
2011-04-22 12:55:00-04:00,2.0
2011-04-22 12:55:03-04:00,2.0
2011-04-22 12:55:06-04:00,2.0
2011-04-22 12:55:09-04:00,2.0
2011-04-22 12:55:12-04:00,2.0
2011-04-22 12:55:15-04:00,2.0
2011-04-22 12:55:18-04:00,2.0
2011-04-22 12:55:21-04:00,2.0
2011-04-22 12:55:24-04:00,2.0
2011-04-22 12:55:27-04:00,2.0
2011-04-22 12:55:30-04:00,2.0
2011-04-22 12:55:33-04:00,2.0
2011-04-22 12:55:36-04:00,2.0
2011-04-22 12:55:39-04:00,2.0
2011-04-22 12:55:42-04:00,2.0
2011-04-22 12:55:45-04:00,2.0
2011-04-22 12:55:48-04:00,2.0
2011-04-22 12:55:51-04:00,2.0
2011-04-22 12:55:54-04:00,2.0
2011-04-22 12:55:57-04:00,2.0
2011-04-22 12:56:00-04:00,2.0
2011-04-22 12:56:03-04:00,2.0
2011-04-22 12:56:06-04:00,2.0
2011-04-22 12:56:09-04:00,2.0
2011-04-22 12:56:12-04:00,2.0
2011-04-22 12:56:15-04:00,2.0
2011-04-22 12:56:18-04:00,2.0
2011-04-22 12:56:21-04:00,2.0
2011-04-22 12:56:24-04:00,2.0
2011-04-22 12:56:27-04:00,2.0
2011-04-22 12:56:30-04:00,2.0
2011-04-22 12:56:33-04:00,2.0
2011-04-22 12:56:36-04:00,2.0
2011-04-22 12:56:39-04:00,2.0
2011-04-22 12:56:42-04:00,2.0
2011-04-22 12:56:45-04:00,2.0
2011-04-22 12:56:48-04:00,2.0
2011-04-22 12:56:51-04:00,2.0
2011-04-22 12:56:54-04:00,2.0
2011-04-22 12:56:57-04:00,2.0
2011-04-22 12:57:00-04:00,2.0
2011-04-22 12:57:03-04:00,2.0
2011-04-22 12:57:06-04:00,2.0
2011-04-22 12:57:09-04:00,2.0
2011-04-22 12:57:12-04:00,2.0
2011-04-22 12:57:15-04:00,2.0
2011-04-22 12:57:18-04:00,2.0
2011-04-22 12:57:21-04:00,2.0
2011-04-22 12:57:24-04:00,2.0
2011-04-22 12:57:27-04:00,2.0
2011-04-22 12:57:30-04:00,2.0
2011-04-22 12:57:33-04:00,2.0
2011-04-22 12:57:36-04:00,2.0
2011-04-22 12:57:39-04:00,2.0
2011-04-22 12:57:42-04:00,2.0
2011-04-22 12:57:45-04:00,2.0
2011-04-22 12:57:48-04:00,2.0
2011-04-22 12:57:51-04:00,2.0
2011-04-22 12:57:54-04:00,2.0
2011-04-22 12:57:57-04:00,2.0
2011-04-22 12:58:00-04:00,2.0
2011-04-22 12:58:03-04:00,2.0
2011-04-22 12:58:06-04:00,2.0
2011-04-22 12:58:09-04:00,2.0
2011-04-22 12:58:12-04:00,2.0
2011-04-22 12:58:15-04:00,2.0
2011-04-22 12:58:18-04:00,2.0
2011-04-22 12:58:21-04:00,2.0
2011-04-22 12:58:24-04:00,2.0
2011-04-22 12:58:27-04:00,2.0
2011-04-22 12:58:30-04:00,2.0
2011-04-22 12:58:33-04:00,2.0
2011-04-22 12:58:36-04:00,2.0
2011-04-22 12:58:39-04:00,2.0
2011-04-22 12:58:42-04:00,2.0
2011-04-22 12:58:45-04:00,2.0
2011-04-22 12:58:48-04:00,2.0
2011-04-22 12:58:51-04:00,2.0
2011-04-22 12:58:54-04:00,2.0
2011-04-22 12:58:57-04:00,2.0
2011-04-22 12:59:00-04:00,2.0
2011-04-22 12:59:03-04:00,2.0
2011-04-22 12:59:06-04:00,2.0
2011-04-22 12:59:09-04:00,2.0
2011-04-22 12:59:12-04:00,2.0
2011-04-22 12:59:15-04:00,2.0
2011-04-22 12:59:18-04:00,2.0
2011-04-22 12:59:21-04:00,2.0
2011-04-22 12:59:24-04:00,2.0
2011-04-22 12:59:27-04:00,2.0
2011-04-22 12:59:30-04:00,2.0
2011-04-22 12:59:33-04:00,2.0
2011-04-22 12:59:36-04:00,2.0
2011-04-22 12:59:39-04:00,2.0
2011-04-22 12:59:42-04:00,2.0
2011-04-22 12:59:45-04:00,2.0
2011-04-22 12:59:48-04:00,2.0
2011-04-22 12:59:51-04:00,2.0
2011-04-22 12:59:54-04:00,2.0
2011-04-22 12:59:57-04:00,2.0
2011-04-22 13:00:00-04:00,2.0
2011-04-22 13:00:03-04:00,2.0
2011-04-22 13:00:06-04:00,2.0
2011-04-22 13:00:09-04:00,2.0
2011-04-22 13:00:12-04:00,2.0
2011-04-22 13:00:15-04:00,2.0
2011-04-22 13:00:18-04:00,2.0
2011-04-22 13:00:21-04:00,2.0
2011-04-22 13:00:24-04:00,2.0
2011-04-22 13:00:27-04:00,2.0
2011-04-22 13:00:30-04:00,2.0
2011-04-22 13:00:33-04:00,2.0
2011-04-22 13:00:36-04:00,2.0
2011-04-22 13:00:39-04:00,2.0
2011-04-22 13:00:42-04:00,2.0
2011-04-22 13:00:45-04:00,2.0
2011-04-22 13:00:48-04:00,2.0
2011-04-22 13:00:51-04:00,2.0
2011-04-22 13:00:54-04:00,2.0
2011-04-22 13:00:57-04:00,2.0
2011-04-22 13:01:00-04:00,2.0
2011-04-22 13:01:03-04:00,2.0
2011-04-22 13:01:06-04:00,2.0
2011-04-22 13:01:09-04:00,2.0
2011-04-22 13:01:12-04:00,2.0
2011-04-22 13:01:15-04:00,2.0
2011-04-22 13:01:18-04:00,2.0
2011-04-22 13:01:21-04:00,2.0
2011-04-22 13:01:24-04:00,2.0
2011-04-22 13:01:27-04:00,2.0
2011-04-22 13:01:30-04:00,2.0
2011-04-22 13:01:33-04:00,2.0
2011-04-22 13:01:36-04:00,2.0
2011-04-22 13:01:39-04:00,2.0
2011-04-22 13:01:42-04:00,2.0
2011-04-22 13:01:45-04:00,1.3333333333333335
2011-04-22 13:01:48-04:00,0.0
2011-04-22 13:01:51-04:00,0.0
2011-04-22 13:01:54-04:00,0.0
2011-04-22 13:01:57-04:00,0.0
2011-04-22 13:02:00-04:00,0.0
2011-04-22 13:02:03-04:00,0.0
2011-04-22 13:02:06-04:00,0.0
2011-04-22 13:02:09-04:00,0.0
2011-04-22 13:02:12-04:00,0.0
2011-04-22 13:02:15-04:00,0.0
2011-04-22 13:02:18-04:00,0.0
2011-04-22 13:02:21-04:00,0.0
2011-04-22 13:02:24-04:00,0.0
2011-04-22 13:02:27-04:00,0.0
2011-04-22 13:02:30-04:00,0.0
2011-04-22 13:02:33-04:00,0.0
2011-04-22 13:02:36-04:00,0.0
2011-04-22 13:02:39-04:00,0.0
2011-04-22 13:02:42-04:00,0.0
2011-04-22 13:02:45-04:00,0.0
2011-04-22 13:02:48-04:00,0.0
2011-04-22 13:02:51-04:00,0.0
2011-04-22 13:02:54-04:00,0.0
2011-04-22 13:02:57-04:00,0.0
2011-04-22 13:03:00-04:00,0.0
2011-04-22 13:03:03-04:00,0.0
2011-04-22 13:03:06-04:00,0.0
2011-04-22 13:03:09-04:00,0.0
2011-04-22 13:03:12-04:00,0.0
2011-04-22 13:03:15-04:00,0.0
2011-04-22 13:03:18-04:00,0.0
2011-04-22 13:03:21-04:00,0.0
2011-04-22 13:03:24-04:00,0.0
2011-04-22 13:03:27-04:00,0.0
2011-04-22 13:03:30-04:00,0.0
2011-04-22 13:03:33-04:00,0.0
2011-04-22 13:03:36-04:00,0.0
2011-04-22 13:03:39-04:00,0.0
2011-04-22 13:03:42-04:00,0.0
2011-04-22 13:03:45-04:00,0.0
2011-04-22 13:03:48-04:00,0.0
2011-04-22 13:03:51-04:00,0.0
2011-04-22 13:03:54-04:00,0.0
2011-04-22 13:03:57-04:00,0.0
2011-04-22 13:04:00-04:00,0.0
2011-04-22 13:04:03-04:00,0.0
2011-04-22 13:04:06-04:00,0.0
2011-04-22 13:04:09-04:00,0.0
2011-04-22 13:04:12-04:00,0.0
2011-04-22 13:04:15-04:00,0.0
2011-04-22 13:04:18-04:00,0.0
2011-04-22 13:04:21-04:00,0.0
2011-04-22 13:04:24-04:00,0.0
2011-04-22 13:04:27-04:00,0.0
2011-04-22 13:04:30-04:00,0.0
2011-04-22 13:04:33-04:00,0.0
2011-04-22 13:04:36-04:00,0.0
2011-04-22 13:04:39-04:00,0.0
2011-04-22 13:04:42-04:00,0.0
2011-04-22 13:04:45-04:00,0.0
2011-04-22 13:04:48-04:00,0.0
2011-04-22 13:04:51-04:00,0.0
2011-04-22 13:04:54-04:00,0.0
2011-04-22 13:04:57-04:00,0.0
2011-04-22 13:05:00-04:00,0.0
2011-04-22 13:05:03-04:00,0.0
2011-04-22 13:05:06-04:00,0.0
2011-04-22 13:05:09-04:00,0.0
2011-04-22 13:05:12-04:00,0.0
2011-04-22 13:05:15-04:00,0.0
2011-04-22 13:05:18-04:00,0.0
2011-04-22 13:05:21-04:00,0.0
2011-04-22 13:05:24-04:00,0.0
2011-04-22 13:05:27-04:00,0.0
2011-04-22 13:05:30-04:00,0.0
2011-04-22 13:05:33-04:00,0.0
2011-04-22 13:05:36-04:00,0.0
2011-04-22 13:05:39-04:00,0.0
2011-04-22 13:05:42-04:00,0.0
2011-04-22 13:05:45-04:00,0.0
2011-04-22 13:05:48-04:00,0.0
2011-04-22 13:05:51-04:00,0.0
2011-04-22 13:05:54-04:00,0.0
2011-04-22 13:05:57-04:00,0.0
2011-04-22 13:06:00-04:00,0.0
2011-04-22 13:06:03-04:00,0.0
2011-04-22 13:06:06-04:00,0.0
2011-04-22 13:06:09-04:00,0.0
2011-04-22 13:06:12-04:00,0.0
2011-04-22 13:06:15-04:00,0.0
2011-04-22 13:06:18-04:00,0.0
2011-04-22 13:06:21-04:00,0.0
2011-04-22 13:06:24-04:00,0.0
2011-04-22 13:06:27-04:00,0.0
2011-04-22 13:06:30-04:00,0.0
2011-04-22 13:06:33-04:00,0.0
2011-04-22 13:06:36-04:00,0.0
2011-04-22 13:06:39-04:00,0.0
2011-04-22 13:06:42-04:00,0.0
2011-04-22 13:06:45-04:00,0.0
2011-04-22 13:06:48-04:00,0.0
2011-04-22 13:06:51-04:00,0.0
2011-04-22 13:06:54-04:00,0.0
2011-04-22 13:06:57-04:00,0.0
2011-04-22 13:07:00-04:00,0.0
2011-04-22 13:07:03-04:00,0.0
2011-04-22 13:07:06-04:00,0.0
2011-04-22 13:07:09-04:00,0.0
2011-04-22 13:07:12-04:00,0.0
2011-04-22 13:07:15-04:00,0.0
2011-04-22 13:07:18-04:00,0.0
2011-04-22 13:07:21-04:00,0.0
2011-04-22 13:07:24-04:00,0.0
2011-04-22 13:07:27-04:00,0.0
2011-04-22 13:07:30-04:00,0.0
2011-04-22 13:07:33-04:00,0.0
2011-04-22 13:07:36-04:00,0.0
2011-04-22 13:07:39-04:00,0.0
2011-04-22 13:07:42-04:00,0.0
2011-04-22 13:07:45-04:00,0.0
2011-04-22 13:07:48-04:00,0.0
2011-04-22 13:07:51-04:00,0.0
2011-04-22 13:07:54-04:00,0.0
2011-04-22 13:07:57-04:00,0.0
2011-04-22 13:08:00-04:00,0.0
2011-04-22 13:08:03-04:00,0.0
2011-04-22 13:08:06-04:00,0.0
2011-04-22 13:08:09-04:00,0.0
2011-04-22 13:08:12-04:00,0.0
2011-04-22 13:08:15-04:00,0.0
2011-04-22 13:08:18-04:00,0.0
2011-04-22 13:08:21-04:00,0.0
2011-04-22 13:08:24-04:00,0.0
2011-04-22 13:08:27-04:00,0.0
2011-04-22 13:08:30-04:00,0.0
2011-04-22 13:08:33-04:00,0.0
2011-04-22 13:08:36-04:00,0.0
2011-04-22 13:08:39-04:00,0.0
2011-04-22 13:08:42-04:00,0.0
2011-04-22 13:08:45-04:00,0.0
2011-04-22 13:08:48-04:00,0.0
2011-04-22 13:08:51-04:00,0.0
2011-04-22 13:08:54-04:00,0.0
2011-04-22 13:08:57-04:00,0.0
2011-04-22 13:09:00-04:00,0.0
2011-04-22 13:09:03-04:00,0.0
2011-04-22 13:09:06-04:00,0.0
2011-04-22 13:09:09-04:00,0.0
2011-04-22 13:09:12-04:00,0.0
2011-04-22 13:09:15-04:00,0.0
2011-04-22 13:09:18-04:00,0.0
2011-04-22 13:09:21-04:00,0.0
2011-04-22 13:09:24-04:00,0.0
2011-04-22 13:09:27-04:00,0.0
2011-04-22 13:09:30-04:00,0.0
2011-04-22 13:09:33-04:00,0.0
2011-04-22 13:09:36-04:00,0.0
2011-04-22 13:09:39-04:00,0.0
2011-04-22 13:09:42-04:00,0.0
2011-04-22 13:09:45-04:00,0.0
2011-04-22 13:09:48-04:00,0.0
2011-04-22 13:09:51-04:00,0.0
2011-04-22 13:09:54-04:00,0.0
2011-04-22 13:09:57-04:00,0.0
2011-04-22 13:10:00-04:00,0.0
2011-04-22 13:10:03-04:00,0.0
2011-04-22 13:10:06-04:00,0.0
2011-04-22 13:10:09-04:00,0.0
2011-04-22 13:10:12-04:00,0.0
2011-04-22 13:10:15-04:00,0.0
2011-04-22 13:10:18-04:00,0.0
2011-04-22 13:10:21-04:00,0.0
2011-04-22 13:10:24-04:00,0.0
2011-04-22 13:10:27-04:00,0.0
2011-04-22 13:10:30-04:00,0.0
2011-04-22 13:10:33-04:00,0.0
2011-04-22 13:10:36-04:00,0.0
2011-04-22 13:10:39-04:00,0.0
2011-04-22 13:10:42-04:00,0.0
2011-04-22 13:10:45-04:00,0.0
2011-04-22 13:10:48-04:00,0.0
2011-04-22 13:10:51-04:00,0.0
2011-04-22 13:10:54-04:00,0.0
2011-04-22 13:10:57-04:00,0.0
2011-04-22 13:11:00-04:00,0.0
2011-04-22 13:11:03-04:00,0.0
2011-04-22 13:11:06-04:00,0.0
2011-04-22 13:11:09-04:00,0.0
2011-04-22 13:11:12-04:00,0.0
2011-04-22 13:11:15-04:00,0.0
2011-04-22 13:11:18-04:00,0.0
2011-04-22 13:11:21-04:00,0.0
2011-04-22 13:11:24-04:00,0.0
2011-04-22 13:11:27-04:00,0.0
2011-04-22 13:11:30-04:00,0.0
2011-04-22 13:11:33-04:00,0.0
2011-04-22 13:11:36-04:00,0.0
2011-04-22 13:11:39-04:00,0.0
2011-04-22 13:11:42-04:00,0.0
2011-04-22 13:11:45-04:00,0.0
2011-04-22 13:11:48-04:00,0.0
2011-04-22 13:11:51-04:00,0.0
2011-04-22 13:11:54-04:00,0.0
2011-04-22 13:11:57-04:00,0.0
2011-04-22 13:12:00-04:00,0.0
2011-04-22 13:12:03-04:00,0.0
2011-04-22 13:12:06-04:00,0.0
2011-04-22 13:12:09-04:00,0.0
2011-04-22 13:12:12-04:00,0.0
2011-04-22 13:12:15-04:00,0.0
2011-04-22 13:12:18-04:00,0.0
2011-04-22 13:12:21-04:00,0.0
2011-04-22 13:12:24-04:00,0.0
2011-04-22 13:12:27-04:00,0.0
2011-04-22 13:12:30-04:00,0.0
2011-04-22 13:12:33-04:00,0.0
2011-04-22 13:12:36-04:00,0.0
2011-04-22 13:12:39-04:00,0.0
2011-04-22 13:12:42-04:00,0.0
2011-04-22 13:12:45-04:00,0.0
2011-04-22 13:12:48-04:00,0.6666666666666666
2011-04-22 13:12:51-04:00,1.0
2011-04-22 13:12:54-04:00,1.0
2011-04-22 13:12:57-04:00,1.0
2011-04-22 13:13:00-04:00,1.0
2011-04-22 13:13:03-04:00,1.0
2011-04-22 13:13:06-04:00,1.0
2011-04-22 13:13:09-04:00,1.0
2011-04-22 13:13:12-04:00,1.0
2011-04-22 13:13:15-04:00,1.0
2011-04-22 13:13:18-04:00,1.0
2011-04-22 13:13:21-04:00,1.0
2011-04-22 13:13:24-04:00,1.0
2011-04-22 13:13:27-04:00,1.75
2011-04-22 13:13:30-04:00,2.0
2011-04-22 13:13:33-04:00,2.0
2011-04-22 13:13:36-04:00,2.0
2011-04-22 13:13:39-04:00,2.0
2011-04-22 13:13:42-04:00,2.0
2011-04-22 13:13:45-04:00,2.0
2011-04-22 13:13:48-04:00,2.0
2011-04-22 13:13:51-04:00,2.0
2011-04-22 13:13:54-04:00,2.0
2011-04-22 13:13:57-04:00,2.0
2011-04-22 13:14:00-04:00,2.0
2011-04-22 13:14:03-04:00,1.3333333333333335
2011-04-22 13:14:06-04:00,1.0
2011-04-22 13:14:09-04:00,1.0
2011-04-22 13:14:12-04:00,1.0
2011-04-22 13:14:15-04:00,1.0
2011-04-22 13:14:18-04:00,1.0
2011-04-22 13:14:21-04:00,1.0
2011-04-22 13:14:24-04:00,1.0
2011-04-22 13:14:27-04:00,1.75
2011-04-22 13:14:30-04:00,2.0
2011-04-22 13:14:33-04:00,2.0
2011-04-22 13:14:36-04:00,2.0
2011-04-22 13:14:39-04:00,2.0
2011-04-22 13:14:42-04:00,2.0
2011-04-22 13:14:45-04:00,2.0
2011-04-22 13:14:48-04:00,2.0
2011-04-22 13:14:51-04:00,2.0
2011-04-22 13:14:54-04:00,2.0
2011-04-22 13:14:57-04:00,2.0
2011-04-22 13:15:00-04:00,2.0
2011-04-22 13:15:03-04:00,2.0
2011-04-22 13:15:06-04:00,2.0
2011-04-22 13:15:09-04:00,2.0
2011-04-22 13:15:12-04:00,2.0
2011-04-22 13:15:15-04:00,2.0
2011-04-22 13:15:18-04:00,2.0
2011-04-22 13:15:21-04:00,2.0
2011-04-22 13:15:24-04:00,2.0
2011-04-22 13:15:27-04:00,2.0
2011-04-22 13:15:30-04:00,2.0
2011-04-22 13:15:33-04:00,2.0
2011-04-22 13:15:36-04:00,2.0
2011-04-22 13:15:39-04:00,2.0
2011-04-22 13:15:42-04:00,2.0
2011-04-22 13:15:45-04:00,2.0
2011-04-22 13:15:48-04:00,2.0
2011-04-22 13:15:51-04:00,2.0
2011-04-22 13:15:54-04:00,2.0
2011-04-22 13:15:57-04:00,2.0
2011-04-22 13:16:00-04:00,2.0
2011-04-22 13:16:03-04:00,2.0
2011-04-22 13:16:06-04:00,2.0
2011-04-22 13:16:09-04:00,2.0
2011-04-22 13:16:12-04:00,2.0
2011-04-22 13:16:15-04:00,2.0
2011-04-22 13:16:18-04:00,2.0
2011-04-22 13:16:21-04:00,2.0
2011-04-22 13:16:24-04:00,2.0
2011-04-22 13:16:27-04:00,2.0
2011-04-22 13:16:30-04:00,2.0
2011-04-22 13:16:33-04:00,2.0
2011-04-22 13:16:36-04:00,2.0
2011-04-22 13:16:39-04:00,2.0
2011-04-22 13:16:42-04:00,2.0
2011-04-22 13:16:45-04:00,2.0
2011-04-22 13:16:48-04:00,2.0
2011-04-22 13:16:51-04:00,2.0
2011-04-22 13:16:54-04:00,2.0
2011-04-22 13:16:57-04:00,2.0
2011-04-22 13:17:00-04:00,2.0
2011-04-22 13:17:03-04:00,2.0
2011-04-22 13:17:06-04:00,2.0
2011-04-22 13:17:09-04:00,2.0
2011-04-22 13:17:12-04:00,2.0
2011-04-22 13:17:15-04:00,2.0
2011-04-22 13:17:18-04:00,2.0
2011-04-22 13:17:21-04:00,2.0
2011-04-22 13:17:24-04:00,2.0
2011-04-22 13:17:27-04:00,2.0
2011-04-22 13:17:30-04:00,2.0
2011-04-22 13:17:33-04:00,2.0
2011-04-22 13:17:36-04:00,2.0
2011-04-22 13:17:39-04:00,2.0
2011-04-22 13:17:42-04:00,2.0
2011-04-22 13:17:45-04:00,2.0
2011-04-22 13:17:48-04:00,2.0
2011-04-22 13:17:51-04:00,2.0
2011-04-22 13:17:54-04:00,2.0
2011-04-22 13:17:57-04:00,2.0
2011-04-22 13:18:00-04:00,2.0
2011-04-22 13:18:03-04:00,2.0
2011-04-22 13:18:06-04:00,2.0
2011-04-22 13:18:09-04:00,2.0
2011-04-22 13:18:12-04:00,2.0
2011-04-22 13:18:15-04:00,2.0
2011-04-22 13:18:18-04:00,2.0
2011-04-22 13:18:21-04:00,2.0
2011-04-22 13:18:24-04:00,2.0
2011-04-22 13:18:27-04:00,2.0
2011-04-22 13:18:30-04:00,2.0
2011-04-22 13:18:33-04:00,2.0
2011-04-22 13:18:36-04:00,2.0
2011-04-22 13:18:39-04:00,2.0
2011-04-22 13:18:42-04:00,2.0
2011-04-22 13:18:45-04:00,2.0
2011-04-22 13:18:48-04:00,2.0
2011-04-22 13:18:51-04:00,2.0
2011-04-22 13:18:54-04:00,2.0
2011-04-22 13:18:57-04:00,2.0
2011-04-22 13:19:00-04:00,2.0
2011-04-22 13:19:03-04:00,2.0
2011-04-22 13:19:06-04:00,2.0
2011-04-22 13:19:09-04:00,2.0
2011-04-22 13:19:12-04:00,2.0
2011-04-22 13:19:15-04:00,2.0
2011-04-22 13:19:18-04:00,2.0
2011-04-22 13:19:21-04:00,2.0
2011-04-22 13:19:24-04:00,2.0
2011-04-22 13:19:27-04:00,2.0
2011-04-22 13:19:30-04:00,2.0
2011-04-22 13:19:33-04:00,2.0
2011-04-22 13:19:36-04:00,2.0
2011-04-22 13:19:39-04:00,2.0
2011-04-22 13:19:42-04:00,2.0
2011-04-22 13:19:45-04:00,2.0
2011-04-22 13:19:48-04:00,2.0
2011-04-22 13:19:51-04:00,2.0
2011-04-22 13:19:54-04:00,2.0
2011-04-22 13:19:57-04:00,2.0
2011-04-22 13:20:00-04:00,2.0
2011-04-22 13:20:03-04:00,2.0
2011-04-22 13:20:06-04:00,2.0
2011-04-22 13:20:09-04:00,2.0
2011-04-22 13:20:12-04:00,2.0
2011-04-22 13:20:15-04:00,2.0
2011-04-22 13:20:18-04:00,2.0
2011-04-22 13:20:21-04:00,2.0
2011-04-22 13:20:24-04:00,2.0
2011-04-22 13:20:27-04:00,2.0
2011-04-22 13:20:30-04:00,2.0
2011-04-22 13:20:33-04:00,2.0
2011-04-22 13:20:36-04:00,2.0
2011-04-22 13:20:39-04:00,2.0
2011-04-22 13:20:42-04:00,2.0
2011-04-22 13:20:45-04:00,2.0
2011-04-22 13:20:48-04:00,2.0
2011-04-22 13:20:51-04:00,2.0
2011-04-22 13:20:54-04:00,2.0
2011-04-22 13:20:57-04:00,2.0
2011-04-22 13:21:00-04:00,2.0
2011-04-22 13:21:03-04:00,2.0
2011-04-22 13:21:06-04:00,2.0
2011-04-22 13:21:09-04:00,2.0
2011-04-22 13:21:12-04:00,2.0
2011-04-22 13:21:15-04:00,2.0
2011-04-22 13:21:18-04:00,2.0
2011-04-22 13:21:21-04:00,2.0
2011-04-22 13:21:24-04:00,2.0
2011-04-22 13:21:27-04:00,2.0
2011-04-22 13:21:30-04:00,2.0
2011-04-22 13:21:33-04:00,2.0
2011-04-22 13:21:36-04:00,2.0
2011-04-22 13:21:39-04:00,2.0
2011-04-22 13:21:42-04:00,2.0
2011-04-22 13:21:45-04:00,2.0
2011-04-22 13:21:48-04:00,2.0
2011-04-22 13:21:51-04:00,2.0
2011-04-22 13:21:54-04:00,2.0
2011-04-22 13:21:57-04:00,2.0
2011-04-22 13:22:00-04:00,2.0
2011-04-22 13:22:03-04:00,2.0
2011-04-22 13:22:06-04:00,2.0
2011-04-22 13:22:09-04:00,1.6666666666666667
2011-04-22 13:22:12-04:00,1.25
2011-04-22 13:22:15-04:00,2.0
2011-04-22 13:22:18-04:00,2.0
2011-04-22 13:22:21-04:00,2.0
2011-04-22 13:22:24-04:00,2.0
2011-04-22 13:22:27-04:00,2.0
2011-04-22 13:22:30-04:00,2.0
2011-04-22 13:22:33-04:00,2.0
2011-04-22 13:22:36-04:00,2.0
2011-04-22 13:22:39-04:00,2.0
2011-04-22 13:22:42-04:00,2.0
2011-04-22 13:22:45-04:00,2.0
2011-04-22 13:22:48-04:00,2.0
2011-04-22 13:22:51-04:00,1.75
2011-04-22 13:22:54-04:00,1.0
2011-04-22 13:22:57-04:00,2.0
2011-04-22 13:23:00-04:00,2.0
2011-04-22 13:23:03-04:00,2.0
2011-04-22 13:23:06-04:00,2.0
2011-04-22 13:23:09-04:00,2.0
2011-04-22 13:23:12-04:00,2.0
2011-04-22 13:23:15-04:00,2.0
2011-04-22 13:23:18-04:00,2.0
2011-04-22 13:23:21-04:00,2.0
2011-04-22 13:23:24-04:00,2.0
2011-04-22 13:23:27-04:00,2.0
2011-04-22 13:23:30-04:00,2.0
2011-04-22 13:23:33-04:00,2.0
2011-04-22 13:23:36-04:00,2.0
2011-04-22 13:23:39-04:00,2.0
2011-04-22 13:23:42-04:00,2.0
2011-04-22 13:23:45-04:00,2.0
2011-04-22 13:23:48-04:00,2.0
2011-04-22 13:23:51-04:00,2.0
2011-04-22 13:23:54-04:00,2.0
2011-04-22 13:23:57-04:00,2.0
2011-04-22 13:24:00-04:00,2.0
2011-04-22 13:24:03-04:00,2.0
2011-04-22 13:24:06-04:00,2.0
2011-04-22 13:24:09-04:00,2.0
2011-04-22 13:24:12-04:00,1.5
2011-04-22 13:24:15-04:00,0.0
2011-04-22 13:24:18-04:00,0.0
2011-04-22 13:24:21-04:00,0.0
2011-04-22 13:24:24-04:00,0.0
2011-04-22 13:24:27-04:00,0.0
2011-04-22 13:24:30-04:00,0.0
2011-04-22 13:24:33-04:00,0.0
2011-04-22 13:24:36-04:00,0.0
2011-04-22 13:24:39-04:00,0.0
2011-04-22 13:24:42-04:00,0.0
2011-04-22 13:24:45-04:00,0.0
2011-04-22 13:24:48-04:00,0.0
2011-04-22 13:24:51-04:00,0.0
2011-04-22 13:24:54-04:00,0.0
2011-04-22 13:24:57-04:00,0.0
2011-04-22 13:25:00-04:00,0.0
2011-04-22 13:25:03-04:00,0.0
2011-04-22 13:25:06-04:00,0.0
2011-04-22 13:25:09-04:00,0.0
2011-04-22 13:25:12-04:00,0.0
2011-04-22 13:25:15-04:00,0.0
2011-04-22 13:25:18-04:00,0.0
2011-04-22 13:25:21-04:00,0.0
2011-04-22 13:25:24-04:00,0.0
2011-04-22 13:25:27-04:00,0.0
2011-04-22 13:25:30-04:00,0.0
2011-04-22 13:25:33-04:00,0.0
2011-04-22 13:25:36-04:00,0.0
2011-04-22 13:25:39-04:00,0.0
2011-04-22 13:25:42-04:00,0.0
2011-04-22 13:25:45-04:00,0.0
2011-04-22 13:25:48-04:00,0.0
2011-04-22 13:25:51-04:00,0.0
2011-04-22 13:25:54-04:00,0.0
2011-04-22 13:25:57-04:00,0.0
2011-04-22 13:26:00-04:00,0.0
2011-04-22 13:26:03-04:00,0.0
2011-04-22 13:26:06-04:00,0.0
2011-04-22 13:26:09-04:00,0.0
2011-04-22 13:26:12-04:00,0.0
2011-04-22 13:26:15-04:00,0.0
2011-04-22 13:26:18-04:00,0.0
2011-04-22 13:26:21-04:00,0.0
2011-04-22 13:26:24-04:00,0.0
2011-04-22 13:26:27-04:00,0.0
2011-04-22 13:26:30-04:00,0.0
2011-04-22 13:26:33-04:00,0.0
2011-04-22 13:26:36-04:00,0.0
2011-04-22 13:26:39-04:00,0.0
2011-04-22 13:26:42-04:00,0.0
2011-04-22 13:26:45-04:00,0.0
2011-04-22 13:26:48-04:00,0.0
2011-04-22 13:26:51-04:00,0.0
2011-04-22 13:26:54-04:00,0.0
2011-04-22 13:26:57-04:00,0.0
2011-04-22 13:27:00-04:00,0.0
2011-04-22 13:27:03-04:00,0.0
2011-04-22 13:27:06-04:00,0.0
2011-04-22 13:27:09-04:00,0.0
2011-04-22 13:27:12-04:00,0.0
2011-04-22 13:27:15-04:00,0.0
2011-04-22 13:27:18-04:00,0.0
2011-04-22 13:27:21-04:00,0.0
2011-04-22 13:27:24-04:00,0.0
2011-04-22 13:27:27-04:00,0.0
2011-04-22 13:27:30-04:00,0.0
2011-04-22 13:27:33-04:00,0.0
2011-04-22 13:27:36-04:00,0.0
2011-04-22 13:27:39-04:00,0.0
2011-04-22 13:27:42-04:00,0.0
2011-04-22 13:27:45-04:00,0.0
2011-04-22 13:27:48-04:00,0.0
2011-04-22 13:27:51-04:00,0.0
2011-04-22 13:27:54-04:00,0.0
2011-04-22 13:27:57-04:00,0.0
2011-04-22 13:28:00-04:00,0.0
2011-04-22 13:28:03-04:00,0.0
2011-04-22 13:28:06-04:00,0.0
2011-04-22 13:28:09-04:00,0.0
2011-04-22 13:28:12-04:00,0.0
2011-04-22 13:28:15-04:00,0.0
2011-04-22 13:28:18-04:00,0.0
2011-04-22 13:28:21-04:00,0.0
2011-04-22 13:28:24-04:00,0.0
2011-04-22 13:28:27-04:00,0.0
2011-04-22 13:28:30-04:00,0.0
2011-04-22 13:28:33-04:00,0.0
2011-04-22 13:28:36-04:00,0.0
2011-04-22 13:28:39-04:00,0.0
2011-04-22 13:28:42-04:00,0.0
2011-04-22 13:28:45-04:00,0.0
2011-04-22 13:28:48-04:00,0.0
2011-04-22 13:28:51-04:00,0.0
2011-04-22 13:28:54-04:00,0.0
2011-04-22 13:28:57-04:00,0.0
2011-04-22 13:29:00-04:00,0.0
2011-04-22 13:29:03-04:00,0.0
2011-04-22 13:29:06-04:00,0.0
2011-04-22 13:29:09-04:00,0.0
2011-04-22 13:29:12-04:00,0.0
2011-04-22 13:29:15-04:00,0.0
2011-04-22 13:29:18-04:00,0.0
2011-04-22 13:29:21-04:00,0.0
2011-04-22 13:29:24-04:00,0.0
2011-04-22 13:29:27-04:00,0.0
2011-04-22 13:29:30-04:00,0.0
2011-04-22 13:29:33-04:00,0.0
2011-04-22 13:29:36-04:00,0.0
2011-04-22 13:29:39-04:00,0.0
2011-04-22 13:29:42-04:00,0.0
2011-04-22 13:29:45-04:00,0.0
2011-04-22 13:29:48-04:00,0.0
2011-04-22 13:29:51-04:00,0.0
2011-04-22 13:29:54-04:00,0.0
2011-04-22 13:29:57-04:00,0.0
2011-04-22 13:30:00-04:00,0.0
2011-04-22 13:30:03-04:00,0.0
2011-04-22 13:30:06-04:00,0.0
2011-04-22 13:30:09-04:00,0.0
2011-04-22 13:30:12-04:00,0.0
2011-04-22 13:30:15-04:00,0.0
2011-04-22 13:30:18-04:00,0.0
2011-04-22 13:30:21-04:00,0.0
2011-04-22 13:30:24-04:00,0.0
2011-04-22 13:30:27-04:00,0.0
2011-04-22 13:30:30-04:00,0.0
2011-04-22 13:30:33-04:00,0.0
2011-04-22 13:30:36-04:00,0.0
2011-04-22 13:30:39-04:00,0.0
2011-04-22 13:30:42-04:00,0.0
2011-04-22 13:30:45-04:00,0.0
2011-04-22 13:30:48-04:00,0.0
2011-04-22 13:30:51-04:00,0.0
2011-04-22 13:30:54-04:00,0.0
2011-04-22 13:30:57-04:00,0.0
2011-04-22 13:31:00-04:00,0.0
2011-04-22 13:31:03-04:00,0.0
2011-04-22 13:31:06-04:00,0.0
2011-04-22 13:31:09-04:00,0.0
2011-04-22 13:31:12-04:00,0.0
2011-04-22 13:31:15-04:00,0.0
2011-04-22 13:31:18-04:00,0.0
2011-04-22 13:31:21-04:00,0.0
2011-04-22 13:31:24-04:00,0.0
2011-04-22 13:31:27-04:00,0.0
2011-04-22 13:31:30-04:00,0.0
2011-04-22 13:31:33-04:00,0.0
2011-04-22 13:31:36-04:00,0.0
2011-04-22 13:31:39-04:00,0.0
2011-04-22 13:31:42-04:00,0.0
2011-04-22 13:31:45-04:00,0.0
2011-04-22 13:31:48-04:00,0.0
2011-04-22 13:31:51-04:00,0.0
2011-04-22 13:31:54-04:00,0.0
2011-04-22 13:31:57-04:00,0.0
2011-04-22 13:32:00-04:00,0.0
2011-04-22 13:32:03-04:00,0.0
2011-04-22 13:32:06-04:00,0.0
2011-04-22 13:32:09-04:00,0.0
2011-04-22 13:32:12-04:00,0.0
2011-04-22 13:32:15-04:00,0.0
2011-04-22 13:32:18-04:00,0.0
2011-04-22 13:32:21-04:00,0.0
2011-04-22 13:32:24-04:00,0.0
2011-04-22 13:32:27-04:00,0.0
2011-04-22 13:32:30-04:00,0.0
2011-04-22 13:32:33-04:00,0.0
2011-04-22 13:32:36-04:00,0.0
2011-04-22 13:32:39-04:00,0.0
2011-04-22 13:32:42-04:00,0.0
2011-04-22 13:32:45-04:00,0.0
2011-04-22 13:32:48-04:00,0.0
2011-04-22 13:32:51-04:00,0.0
2011-04-22 13:32:54-04:00,0.0
2011-04-22 13:32:57-04:00,0.0
2011-04-22 13:33:00-04:00,0.0
2011-04-22 13:33:03-04:00,0.0
2011-04-22 13:33:06-04:00,0.0
2011-04-22 13:33:09-04:00,0.0
2011-04-22 13:33:12-04:00,0.0
2011-04-22 13:33:15-04:00,0.0
2011-04-22 13:33:18-04:00,0.0
2011-04-22 13:33:21-04:00,0.0
2011-04-22 13:33:24-04:00,0.0
2011-04-22 13:33:27-04:00,0.0
2011-04-22 13:33:30-04:00,0.0
2011-04-22 13:33:33-04:00,0.0
2011-04-22 13:33:36-04:00,0.0
2011-04-22 13:33:39-04:00,0.0
2011-04-22 13:33:42-04:00,0.0
2011-04-22 13:33:45-04:00,0.0
2011-04-22 13:33:48-04:00,0.0
2011-04-22 13:33:51-04:00,0.0
2011-04-22 13:33:54-04:00,0.0
2011-04-22 13:33:57-04:00,0.0
2011-04-22 13:34:00-04:00,0.0
2011-04-22 13:34:03-04:00,0.0
2011-04-22 13:34:06-04:00,0.0
2011-04-22 13:34:09-04:00,0.0
2011-04-22 13:34:12-04:00,0.0
2011-04-22 13:34:15-04:00,0.0
2011-04-22 13:34:18-04:00,0.0
2011-04-22 13:34:21-04:00,0.0
2011-04-22 13:34:24-04:00,0.0
2011-04-22 13:34:27-04:00,0.0
2011-04-22 13:34:30-04:00,0.0
2011-04-22 13:34:33-04:00,0.0
2011-04-22 13:34:36-04:00,0.0
2011-04-22 13:34:39-04:00,0.0
2011-04-22 13:34:42-04:00,0.0
2011-04-22 13:34:45-04:00,0.0
2011-04-22 13:34:48-04:00,0.0
2011-04-22 13:34:51-04:00,0.0
2011-04-22 13:34:54-04:00,0.0
2011-04-22 13:34:57-04:00,0.0
2011-04-22 13:35:00-04:00,0.0
2011-04-22 13:35:03-04:00,0.0
2011-04-22 13:35:06-04:00,0.0
2011-04-22 13:35:09-04:00,0.0
2011-04-22 13:35:12-04:00,0.0
2011-04-22 13:35:15-04:00,0.0
2011-04-22 13:35:18-04:00,0.0
2011-04-22 13:35:21-04:00,0.0
2011-04-22 13:35:24-04:00,0.0
2011-04-22 13:35:27-04:00,0.0
2011-04-22 13:35:30-04:00,0.0
2011-04-22 13:35:33-04:00,0.0
2011-04-22 13:35:36-04:00,0.0
2011-04-22 13:35:39-04:00,0.0
2011-04-22 13:35:42-04:00,0.0
2011-04-22 13:35:45-04:00,0.0
2011-04-22 13:35:48-04:00,0.0
2011-04-22 13:35:51-04:00,0.0
2011-04-22 13:35:54-04:00,0.0
2011-04-22 13:35:57-04:00,0.0
2011-04-22 13:36:00-04:00,0.0
2011-04-22 13:36:03-04:00,0.0
2011-04-22 13:36:06-04:00,0.0
2011-04-22 13:36:09-04:00,0.0
2011-04-22 13:36:12-04:00,0.0
2011-04-22 13:36:15-04:00,0.0
2011-04-22 13:36:18-04:00,0.0
2011-04-22 13:36:21-04:00,0.0
2011-04-22 13:36:24-04:00,0.0
2011-04-22 13:36:27-04:00,0.0
2011-04-22 13:36:30-04:00,0.0
2011-04-22 13:36:33-04:00,0.0
2011-04-22 13:36:36-04:00,0.0
2011-04-22 13:36:39-04:00,0.0
2011-04-22 13:36:42-04:00,0.0
2011-04-22 13:36:45-04:00,0.0
2011-04-22 13:36:48-04:00,0.0
2011-04-22 13:36:51-04:00,0.0
2011-04-22 13:36:54-04:00,0.0
2011-04-22 13:36:57-04:00,0.0
2011-04-22 13:37:00-04:00,0.0
2011-04-22 13:37:03-04:00,0.0
2011-04-22 13:37:06-04:00,0.0
2011-04-22 13:37:09-04:00,0.0
2011-04-22 13:37:12-04:00,0.0
2011-04-22 13:37:15-04:00,0.0
2011-04-22 13:37:18-04:00,0.0
2011-04-22 13:37:21-04:00,0.0
2011-04-22 13:37:24-04:00,0.0
2011-04-22 13:37:27-04:00,0.0
2011-04-22 13:37:30-04:00,0.0
2011-04-22 13:37:33-04:00,0.0
2011-04-22 13:37:36-04:00,0.0
2011-04-22 13:37:39-04:00,0.0
2011-04-22 13:37:42-04:00,0.0
2011-04-22 13:37:45-04:00,0.0
2011-04-22 13:37:48-04:00,0.0
2011-04-22 13:37:51-04:00,0.0
2011-04-22 13:37:54-04:00,0.0
2011-04-22 13:37:57-04:00,0.0
2011-04-22 13:38:00-04:00,0.0
2011-04-22 13:38:03-04:00,0.0
2011-04-22 13:38:06-04:00,0.0
2011-04-22 13:38:09-04:00,0.0
2011-04-22 13:38:12-04:00,0.0
2011-04-22 13:38:15-04:00,0.0
2011-04-22 13:38:18-04:00,0.0
2011-04-22 13:38:21-04:00,0.0
2011-04-22 13:38:24-04:00,0.0
2011-04-22 13:38:27-04:00,0.0
2011-04-22 13:38:30-04:00,0.0
2011-04-22 13:38:33-04:00,0.0
2011-04-22 13:38:36-04:00,0.0
2011-04-22 13:38:39-04:00,0.0
2011-04-22 13:38:42-04:00,0.0
2011-04-22 13:38:45-04:00,0.0
2011-04-22 13:38:48-04:00,0.0
2011-04-22 13:38:51-04:00,0.0
2011-04-22 13:38:54-04:00,0.0
2011-04-22 13:38:57-04:00,1.0
2011-04-22 13:39:00-04:00,1.0
2011-04-22 13:39:03-04:00,1.0
2011-04-22 13:39:06-04:00,1.0
2011-04-22 13:39:09-04:00,1.0
2011-04-22 13:39:12-04:00,1.0
2011-04-22 13:39:15-04:00,1.0
2011-04-22 13:39:18-04:00,1.0
2011-04-22 13:39:21-04:00,0.25
2011-04-22 13:39:24-04:00,0.6666666666666666
2011-04-22 13:39:27-04:00,1.0
2011-04-22 13:39:30-04:00,1.125
2011-04-22 13:39:33-04:00,1.5
2011-04-22 13:39:36-04:00,1.875
2011-04-22 13:39:39-04:00,2.0
2011-04-22 13:39:42-04:00,2.0
2011-04-22 13:39:45-04:00,2.0
2011-04-22 13:39:48-04:00,2.0
2011-04-22 13:39:51-04:00,2.0
2011-04-22 13:39:54-04:00,2.0
2011-04-22 13:39:57-04:00,2.0
2011-04-22 13:40:00-04:00,2.0
2011-04-22 13:40:03-04:00,2.0
2011-04-22 13:40:06-04:00,2.0
2011-04-22 13:40:09-04:00,1.6666666666666667
2011-04-22 13:40:12-04:00,1.0
2011-04-22 13:40:15-04:00,1.0
2011-04-22 13:40:18-04:00,1.0
2011-04-22 13:40:21-04:00,1.0
2011-04-22 13:40:24-04:00,1.0
2011-04-22 13:40:27-04:00,1.0
2011-04-22 13:40:30-04:00,1.0
2011-04-22 13:40:33-04:00,1.0
2011-04-22 13:40:36-04:00,1.5
2011-04-22 13:40:39-04:00,3.0
2011-04-22 13:40:42-04:00,2.0
2011-04-22 13:40:45-04:00,2.0
2011-04-22 13:40:48-04:00,2.0
2011-04-22 13:40:51-04:00,2.0
2011-04-22 13:40:54-04:00,2.0
2011-04-22 13:40:57-04:00,2.0
2011-04-22 13:41:00-04:00,2.0
2011-04-22 13:41:03-04:00,2.0
2011-04-22 13:41:06-04:00,2.0
2011-04-22 13:41:09-04:00,2.0
2011-04-22 13:41:12-04:00,2.0
2011-04-22 13:41:15-04:00,2.0
2011-04-22 13:41:18-04:00,2.0
2011-04-22 13:41:21-04:00,2.0
2011-04-22 13:41:24-04:00,2.0
2011-04-22 13:41:27-04:00,2.0
2011-04-22 13:41:30-04:00,2.0
2011-04-22 13:41:33-04:00,2.0
2011-04-22 13:41:36-04:00,2.0
2011-04-22 13:41:39-04:00,2.0
2011-04-22 13:41:42-04:00,2.0
2011-04-22 13:41:45-04:00,2.0
2011-04-22 13:41:48-04:00,2.0
2011-04-22 13:41:51-04:00,2.0
2011-04-22 13:41:54-04:00,2.0
2011-04-22 13:41:57-04:00,2.0
2011-04-22 13:42:00-04:00,2.0
2011-04-22 13:42:03-04:00,2.0
2011-04-22 13:42:06-04:00,2.0
2011-04-22 13:42:09-04:00,2.0
2011-04-22 13:42:12-04:00,2.0
2011-04-22 13:42:15-04:00,2.0
2011-04-22 13:42:18-04:00,2.0
2011-04-22 13:42:21-04:00,2.0
2011-04-22 13:42:24-04:00,2.0
2011-04-22 13:42:27-04:00,2.0
2011-04-22 13:42:30-04:00,2.0
2011-04-22 13:42:33-04:00,2.0
2011-04-22 13:42:36-04:00,2.0
2011-04-22 13:42:39-04:00,2.0
2011-04-22 13:42:42-04:00,2.0
2011-04-22 13:42:45-04:00,2.0
2011-04-22 13:42:48-04:00,2.0
2011-04-22 13:42:51-04:00,2.0
2011-04-22 13:42:54-04:00,2.0
2011-04-22 13:42:57-04:00,2.0
2011-04-22 13:43:00-04:00,2.0
2011-04-22 13:43:03-04:00,2.0
2011-04-22 13:43:06-04:00,2.0
2011-04-22 13:43:09-04:00,2.0
2011-04-22 13:43:12-04:00,2.0
2011-04-22 13:43:15-04:00,2.0
2011-04-22 13:43:18-04:00,2.0
2011-04-22 13:43:21-04:00,2.0
2011-04-22 13:43:24-04:00,2.0
2011-04-22 13:43:27-04:00,2.0
2011-04-22 13:43:30-04:00,2.0
2011-04-22 13:43:33-04:00,2.0
2011-04-22 13:43:36-04:00,2.0
2011-04-22 13:43:39-04:00,2.0
2011-04-22 13:43:42-04:00,2.0
2011-04-22 13:43:45-04:00,2.0
2011-04-22 13:43:48-04:00,2.0
2011-04-22 13:43:51-04:00,2.0
2011-04-22 13:43:54-04:00,2.0
2011-04-22 13:43:57-04:00,2.0
2011-04-22 13:44:00-04:00,2.0
2011-04-22 13:44:03-04:00,2.0
2011-04-22 13:44:06-04:00,2.0
2011-04-22 13:44:09-04:00,2.0
2011-04-22 13:44:12-04:00,2.0
2011-04-22 13:44:15-04:00,2.0
2011-04-22 13:44:18-04:00,2.0
2011-04-22 13:44:21-04:00,2.0
2011-04-22 13:44:24-04:00,2.0
2011-04-22 13:44:27-04:00,2.0
2011-04-22 13:44:30-04:00,2.0
2011-04-22 13:44:33-04:00,2.0
2011-04-22 13:44:36-04:00,2.0
2011-04-22 13:44:39-04:00,2.0
2011-04-22 13:44:42-04:00,2.0
2011-04-22 13:44:45-04:00,2.0
2011-04-22 13:44:48-04:00,2.0
2011-04-22 13:44:51-04:00,2.0
2011-04-22 13:44:54-04:00,2.0
2011-04-22 13:44:57-04:00,2.0
2011-04-22 13:45:00-04:00,2.0
2011-04-22 13:45:03-04:00,2.0
2011-04-22 13:45:06-04:00,2.0
2011-04-22 13:45:09-04:00,2.0
2011-04-22 13:45:12-04:00,2.0
2011-04-22 13:45:15-04:00,2.0
2011-04-22 13:45:18-04:00,2.0
2011-04-22 13:45:21-04:00,2.0
2011-04-22 13:45:24-04:00,2.0
2011-04-22 13:45:27-04:00,2.0
2011-04-22 13:45:30-04:00,2.0
2011-04-22 13:45:33-04:00,2.0
2011-04-22 13:45:36-04:00,2.0
2011-04-22 13:45:39-04:00,2.0
2011-04-22 13:45:42-04:00,2.0
2011-04-22 13:45:45-04:00,2.0
2011-04-22 13:45:48-04:00,2.0
2011-04-22 13:45:51-04:00,2.0
2011-04-22 13:45:54-04:00,2.0
2011-04-22 13:45:57-04:00,2.0
2011-04-22 13:46:00-04:00,2.0
2011-04-22 13:46:03-04:00,2.0
2011-04-22 13:46:06-04:00,2.0
2011-04-22 13:46:09-04:00,2.0
2011-04-22 13:46:12-04:00,2.0
2011-04-22 13:46:15-04:00,2.0
2011-04-22 13:46:18-04:00,2.0
2011-04-22 13:46:21-04:00,2.0
2011-04-22 13:46:24-04:00,2.0
2011-04-22 13:46:27-04:00,2.0
2011-04-22 13:46:30-04:00,2.0
2011-04-22 13:46:33-04:00,2.0
2011-04-22 13:46:36-04:00,2.0
2011-04-22 13:46:39-04:00,2.0
2011-04-22 13:46:42-04:00,2.0
2011-04-22 13:46:45-04:00,2.0
2011-04-22 13:46:48-04:00,2.0
2011-04-22 13:46:51-04:00,2.0
2011-04-22 13:46:54-04:00,2.0
2011-04-22 13:46:57-04:00,2.0
2011-04-22 13:47:00-04:00,2.0
2011-04-22 13:47:03-04:00,2.0
2011-04-22 13:47:06-04:00,2.0
2011-04-22 13:47:09-04:00,2.0
2011-04-22 13:47:12-04:00,2.0
2011-04-22 13:47:15-04:00,2.0
2011-04-22 13:47:18-04:00,2.0
2011-04-22 13:47:21-04:00,2.0
2011-04-22 13:47:24-04:00,2.0
2011-04-22 13:47:27-04:00,2.0
2011-04-22 13:47:30-04:00,2.0
2011-04-22 13:47:33-04:00,2.0
2011-04-22 13:47:36-04:00,2.0
2011-04-22 13:47:39-04:00,2.0
2011-04-22 13:47:42-04:00,2.0
2011-04-22 13:47:45-04:00,2.0
2011-04-22 13:47:48-04:00,2.0
2011-04-22 13:47:51-04:00,2.0
2011-04-22 13:47:54-04:00,2.0
2011-04-22 13:47:57-04:00,2.0
2011-04-22 13:48:00-04:00,2.0
2011-04-22 13:48:03-04:00,2.0
2011-04-22 13:48:06-04:00,2.0
2011-04-22 13:48:09-04:00,2.0
2011-04-22 13:48:12-04:00,2.0
2011-04-22 13:48:15-04:00,2.0
2011-04-22 13:48:18-04:00,2.0
2011-04-22 13:48:21-04:00,2.0
2011-04-22 13:48:24-04:00,2.0
2011-04-22 13:48:27-04:00,2.0
2011-04-22 13:48:30-04:00,2.0
2011-04-22 13:48:33-04:00,2.0
2011-04-22 13:48:36-04:00,2.0
2011-04-22 13:48:39-04:00,2.0
2011-04-22 13:48:42-04:00,2.0
2011-04-22 13:48:45-04:00,2.0
2011-04-22 13:48:48-04:00,2.0
2011-04-22 13:48:51-04:00,2.0
2011-04-22 13:48:54-04:00,2.0
2011-04-22 13:48:57-04:00,2.0
2011-04-22 13:49:00-04:00,2.0
2011-04-22 13:49:03-04:00,2.0
2011-04-22 13:49:06-04:00,2.0
2011-04-22 13:49:09-04:00,2.0
2011-04-22 13:49:12-04:00,2.0
2011-04-22 13:49:15-04:00,2.0
2011-04-22 13:49:18-04:00,2.0
2011-04-22 13:49:21-04:00,2.0
2011-04-22 13:49:24-04:00,2.0
2011-04-22 13:49:27-04:00,2.0
2011-04-22 13:49:30-04:00,2.0
2011-04-22 13:49:33-04:00,2.0
2011-04-22 13:49:36-04:00,2.0
2011-04-22 13:49:39-04:00,2.0
2011-04-22 13:49:42-04:00,2.0
2011-04-22 13:49:45-04:00,2.0
2011-04-22 13:49:48-04:00,2.0
2011-04-22 13:49:51-04:00,2.0
2011-04-22 13:49:54-04:00,2.0
2011-04-22 13:49:57-04:00,2.0
2011-04-22 13:50:00-04:00,2.0
2011-04-22 13:50:03-04:00,2.0
2011-04-22 13:50:06-04:00,2.0
2011-04-22 13:50:09-04:00,2.0
2011-04-22 13:50:12-04:00,2.0
2011-04-22 13:50:15-04:00,2.0
2011-04-22 13:50:18-04:00,2.0
2011-04-22 13:50:21-04:00,2.0
2011-04-22 13:50:24-04:00,2.0
2011-04-22 13:50:27-04:00,2.0
2011-04-22 13:50:30-04:00,2.0
2011-04-22 13:50:33-04:00,2.0
2011-04-22 13:50:36-04:00,2.0
2011-04-22 13:50:39-04:00,2.0
2011-04-22 13:50:42-04:00,2.0
2011-04-22 13:50:45-04:00,2.0
2011-04-22 13:50:48-04:00,2.0
2011-04-22 13:50:51-04:00,2.0
2011-04-22 13:50:54-04:00,2.0
2011-04-22 13:50:57-04:00,2.0
2011-04-22 13:51:00-04:00,2.0
2011-04-22 13:51:03-04:00,2.0
2011-04-22 13:51:06-04:00,2.0
2011-04-22 13:51:09-04:00,2.0
2011-04-22 13:51:12-04:00,2.0
2011-04-22 13:51:15-04:00,2.0
2011-04-22 13:51:18-04:00,2.0
2011-04-22 13:51:21-04:00,2.0
2011-04-22 13:51:24-04:00,2.0
2011-04-22 13:51:27-04:00,2.0
2011-04-22 13:51:30-04:00,2.0
2011-04-22 13:51:33-04:00,2.0
2011-04-22 13:51:36-04:00,2.0
2011-04-22 13:51:39-04:00,2.0
2011-04-22 13:51:42-04:00,2.0
2011-04-22 13:51:45-04:00,2.0
2011-04-22 13:51:48-04:00,2.0
2011-04-22 13:51:51-04:00,2.0
2011-04-22 13:51:54-04:00,2.0
2011-04-22 13:51:57-04:00,2.0
2011-04-22 13:52:00-04:00,2.0
2011-04-22 13:52:03-04:00,2.0
2011-04-22 13:52:06-04:00,2.0
2011-04-22 13:52:09-04:00,2.0
2011-04-22 13:52:12-04:00,1.6666666666666667
2011-04-22 13:52:15-04:00,1.25
2011-04-22 13:52:18-04:00,2.0
2011-04-22 13:52:21-04:00,2.0
2011-04-22 13:52:24-04:00,2.0
2011-04-22 13:52:27-04:00,2.0
2011-04-22 13:52:30-04:00,2.0
2011-04-22 13:52:33-04:00,2.0
2011-04-22 13:52:36-04:00,2.0
2011-04-22 13:52:39-04:00,1.3333333333333335
2011-04-22 13:52:42-04:00,1.5
2011-04-22 13:52:45-04:00,2.0
2011-04-22 13:52:48-04:00,2.0
2011-04-22 13:52:51-04:00,1.75
2011-04-22 13:52:54-04:00,1.0
2011-04-22 13:52:57-04:00,2.0
2011-04-22 13:53:00-04:00,2.0
2011-04-22 13:53:03-04:00,2.0
2011-04-22 13:53:06-04:00,2.0
2011-04-22 13:53:09-04:00,2.0
2011-04-22 13:53:12-04:00,2.0
2011-04-22 13:53:15-04:00,2.0
2011-04-22 13:53:18-04:00,2.0
2011-04-22 13:53:21-04:00,2.0
2011-04-22 13:53:24-04:00,2.0
2011-04-22 13:53:27-04:00,2.0
2011-04-22 13:53:30-04:00,2.0
2011-04-22 13:53:33-04:00,2.0
2011-04-22 13:53:36-04:00,2.0
2011-04-22 13:53:39-04:00,2.0
2011-04-22 13:53:42-04:00,1.3333333333333335
2011-04-22 13:53:45-04:00,1.6666666666666665
2011-04-22 13:53:48-04:00,2.0
2011-04-22 13:53:51-04:00,2.0
2011-04-22 13:53:54-04:00,2.0
2011-04-22 13:53:57-04:00,2.0
2011-04-22 13:54:00-04:00,0.0
2011-04-22 13:54:03-04:00,0.0
2011-04-22 13:54:06-04:00,0.0
2011-04-22 13:54:09-04:00,0.0
2011-04-22 13:54:12-04:00,0.0
2011-04-22 13:54:15-04:00,0.0
2011-04-22 13:54:18-04:00,0.0
2011-04-22 13:54:21-04:00,0.0
2011-04-22 13:54:24-04:00,0.0
2011-04-22 13:54:27-04:00,0.0
2011-04-22 13:54:30-04:00,0.0
2011-04-22 13:54:33-04:00,0.0
2011-04-22 13:54:36-04:00,0.0
2011-04-22 13:54:39-04:00,0.0
2011-04-22 13:54:42-04:00,0.0
2011-04-22 13:54:45-04:00,0.0
2011-04-22 13:54:48-04:00,0.0
2011-04-22 13:54:51-04:00,0.0
2011-04-22 13:54:54-04:00,0.0
2011-04-22 13:54:57-04:00,0.0
2011-04-22 13:55:00-04:00,0.0
2011-04-22 13:55:03-04:00,0.0
2011-04-22 13:55:06-04:00,0.0
2011-04-22 13:55:09-04:00,0.0
2011-04-22 13:55:12-04:00,0.0
2011-04-22 13:55:15-04:00,0.0
2011-04-22 13:55:18-04:00,0.0
2011-04-22 13:55:21-04:00,0.0
2011-04-22 13:55:24-04:00,0.0
2011-04-22 13:55:27-04:00,0.0
2011-04-22 13:55:30-04:00,0.0
2011-04-22 13:55:33-04:00,0.0
2011-04-22 13:55:36-04:00,0.0
2011-04-22 13:55:39-04:00,0.0
2011-04-22 13:55:42-04:00,0.0
2011-04-22 13:55:45-04:00,0.0
2011-04-22 13:55:48-04:00,0.0
2011-04-22 13:55:51-04:00,0.0
2011-04-22 13:55:54-04:00,0.0
2011-04-22 13:55:57-04:00,0.0
2011-04-22 13:56:00-04:00,0.0
2011-04-22 13:56:03-04:00,0.0
2011-04-22 13:56:06-04:00,0.0
2011-04-22 13:56:09-04:00,0.0
2011-04-22 13:56:12-04:00,0.0
2011-04-22 13:56:15-04:00,0.0
2011-04-22 13:56:18-04:00,0.0
2011-04-22 13:56:21-04:00,0.0
2011-04-22 13:56:24-04:00,0.0
2011-04-22 13:56:27-04:00,0.0
2011-04-22 13:56:30-04:00,0.0
2011-04-22 13:56:33-04:00,0.0
2011-04-22 13:56:36-04:00,0.0
2011-04-22 13:56:39-04:00,0.0
2011-04-22 13:56:42-04:00,0.0
2011-04-22 13:56:45-04:00,0.0
2011-04-22 13:56:48-04:00,0.0
2011-04-22 13:56:51-04:00,0.0
2011-04-22 13:56:54-04:00,0.0
2011-04-22 13:56:57-04:00,0.0
2011-04-22 13:57:00-04:00,0.0
2011-04-22 13:57:03-04:00,0.0
2011-04-22 13:57:06-04:00,0.0
2011-04-22 13:57:09-04:00,0.0
2011-04-22 13:57:12-04:00,0.0
2011-04-22 13:57:15-04:00,0.0
2011-04-22 13:57:18-04:00,0.0
2011-04-22 13:57:21-04:00,0.0
2011-04-22 13:57:24-04:00,0.0
2011-04-22 13:57:27-04:00,0.0
2011-04-22 13:57:30-04:00,0.0
2011-04-22 13:57:33-04:00,0.0
2011-04-22 13:57:36-04:00,0.0
2011-04-22 13:57:39-04:00,0.0
2011-04-22 13:57:42-04:00,0.0
2011-04-22 13:57:45-04:00,0.0
2011-04-22 13:57:48-04:00,0.0
2011-04-22 13:57:51-04:00,0.0
2011-04-22 13:57:54-04:00,0.0
2011-04-22 13:57:57-04:00,0.0
2011-04-22 13:58:00-04:00,0.0
2011-04-22 13:58:03-04:00,0.0
2011-04-22 13:58:06-04:00,0.0
2011-04-22 13:58:09-04:00,0.0
2011-04-22 13:58:12-04:00,0.0
2011-04-22 13:58:15-04:00,0.0
2011-04-22 13:58:18-04:00,0.0
2011-04-22 13:58:21-04:00,0.0
2011-04-22 13:58:24-04:00,0.0
2011-04-22 13:58:27-04:00,0.0
2011-04-22 13:58:30-04:00,0.0
2011-04-22 13:58:33-04:00,0.0
2011-04-22 13:58:36-04:00,0.0
2011-04-22 13:58:39-04:00,0.0
2011-04-22 13:58:42-04:00,0.0
2011-04-22 13:58:45-04:00,0.0
2011-04-22 13:58:48-04:00,0.0
2011-04-22 13:58:51-04:00,0.0
2011-04-22 13:58:54-04:00,0.0
2011-04-22 13:58:57-04:00,0.0
2011-04-22 13:59:00-04:00,0.0
2011-04-22 13:59:03-04:00,0.0
2011-04-22 13:59:06-04:00,0.0
2011-04-22 13:59:09-04:00,0.0
2011-04-22 13:59:12-04:00,0.0
2011-04-22 13:59:15-04:00,0.0
2011-04-22 13:59:18-04:00,0.0
2011-04-22 13:59:21-04:00,0.0
2011-04-22 13:59:24-04:00,0.0
2011-04-22 13:59:27-04:00,0.0
2011-04-22 13:59:30-04:00,0.0
2011-04-22 13:59:33-04:00,0.0
2011-04-22 13:59:36-04:00,0.0
2011-04-22 13:59:39-04:00,0.0
2011-04-22 13:59:42-04:00,0.0
2011-04-22 13:59:45-04:00,0.0
2011-04-22 13:59:48-04:00,0.0
2011-04-22 13:59:51-04:00,0.0
2011-04-22 13:59:54-04:00,0.0
2011-04-22 13:59:57-04:00,0.0
2011-04-22 14:00:00-04:00,0.0
2011-04-22 14:00:03-04:00,0.0
2011-04-22 14:00:06-04:00,0.0
2011-04-22 14:00:09-04:00,0.0
2011-04-22 14:00:12-04:00,0.0
2011-04-22 14:00:15-04:00,0.0
2011-04-22 14:00:18-04:00,0.0
2011-04-22 14:00:21-04:00,0.0
2011-04-22 14:00:24-04:00,0.0
2011-04-22 14:00:27-04:00,0.0
2011-04-22 14:00:30-04:00,0.0
2011-04-22 14:00:33-04:00,0.0
2011-04-22 14:00:36-04:00,0.0
2011-04-22 14:00:39-04:00,0.0
2011-04-22 14:00:42-04:00,0.0
2011-04-22 14:00:45-04:00,0.0
2011-04-22 14:00:48-04:00,0.0
2011-04-22 14:00:51-04:00,0.0
2011-04-22 14:00:54-04:00,0.0
2011-04-22 14:00:57-04:00,0.0
2011-04-22 14:01:00-04:00,0.0
2011-04-22 14:01:03-04:00,0.0
2011-04-22 14:01:06-04:00,0.0
2011-04-22 14:01:09-04:00,0.0
2011-04-22 14:01:12-04:00,0.0
2011-04-22 14:01:15-04:00,0.0
2011-04-22 14:01:18-04:00,0.0
2011-04-22 14:01:21-04:00,0.0
2011-04-22 14:01:24-04:00,0.0
2011-04-22 14:01:27-04:00,0.0
2011-04-22 14:01:30-04:00,0.0
2011-04-22 14:01:33-04:00,0.0
2011-04-22 14:01:36-04:00,0.0
2011-04-22 14:01:39-04:00,0.0
2011-04-22 14:01:42-04:00,0.0
2011-04-22 14:01:45-04:00,0.0
2011-04-22 14:01:48-04:00,0.0
2011-04-22 14:01:51-04:00,0.0
2011-04-22 14:01:54-04:00,0.0
2011-04-22 14:01:57-04:00,0.0
2011-04-22 14:02:00-04:00,0.0
2011-04-22 14:02:03-04:00,0.0
2011-04-22 14:02:06-04:00,0.0
2011-04-22 14:02:09-04:00,0.0
2011-04-22 14:02:12-04:00,0.0
2011-04-22 14:02:15-04:00,0.0
2011-04-22 14:02:18-04:00,0.0
2011-04-22 14:02:21-04:00,0.0
2011-04-22 14:02:24-04:00,0.0
2011-04-22 14:02:27-04:00,0.0
2011-04-22 14:02:30-04:00,0.0
2011-04-22 14:02:33-04:00,0.0
2011-04-22 14:02:36-04:00,0.0
2011-04-22 14:02:39-04:00,0.0
2011-04-22 14:02:42-04:00,0.0
2011-04-22 14:02:45-04:00,0.0
2011-04-22 14:02:48-04:00,0.0
2011-04-22 14:02:51-04:00,0.0
2011-04-22 14:02:54-04:00,0.0
2011-04-22 14:02:57-04:00,0.0
2011-04-22 14:03:00-04:00,0.0
2011-04-22 14:03:03-04:00,0.0
2011-04-22 14:03:06-04:00,0.0
2011-04-22 14:03:09-04:00,0.0
2011-04-22 14:03:12-04:00,0.0
2011-04-22 14:03:15-04:00,0.0
2011-04-22 14:03:18-04:00,0.0
2011-04-22 14:03:21-04:00,0.0
2011-04-22 14:03:24-04:00,0.0
2011-04-22 14:03:27-04:00,0.0
2011-04-22 14:03:30-04:00,0.0
2011-04-22 14:03:33-04:00,0.0
2011-04-22 14:03:36-04:00,0.0
2011-04-22 14:03:39-04:00,0.0
2011-04-22 14:03:42-04:00,0.0
2011-04-22 14:03:45-04:00,0.0
2011-04-22 14:03:48-04:00,0.0
2011-04-22 14:03:51-04:00,0.0
2011-04-22 14:03:54-04:00,0.0
2011-04-22 14:03:57-04:00,0.0
2011-04-22 14:04:00-04:00,0.0
2011-04-22 14:04:03-04:00,0.0
2011-04-22 14:04:06-04:00,0.0
2011-04-22 14:04:09-04:00,0.0
2011-04-22 14:04:12-04:00,0.0
2011-04-22 14:04:15-04:00,0.0
2011-04-22 14:04:18-04:00,0.0
2011-04-22 14:04:21-04:00,0.0
2011-04-22 14:04:24-04:00,0.0
2011-04-22 14:04:27-04:00,0.0
2011-04-22 14:04:30-04:00,0.0
2011-04-22 14:04:33-04:00,0.0
2011-04-22 14:04:36-04:00,0.0
2011-04-22 14:04:39-04:00,0.0
2011-04-22 14:04:42-04:00,0.0
2011-04-22 14:04:45-04:00,0.0
2011-04-22 14:04:48-04:00,0.0
2011-04-22 14:04:51-04:00,0.0
2011-04-22 14:04:54-04:00,0.0
2011-04-22 14:04:57-04:00,0.0
2011-04-22 14:05:00-04:00,0.0
2011-04-22 14:05:03-04:00,0.0
2011-04-22 14:05:06-04:00,0.0
2011-04-22 14:05:09-04:00,0.0
2011-04-22 14:05:12-04:00,0.0
2011-04-22 14:05:15-04:00,0.0
2011-04-22 14:05:18-04:00,0.0
2011-04-22 14:05:21-04:00,0.0
2011-04-22 14:05:24-04:00,0.0
2011-04-22 14:05:27-04:00,0.0
2011-04-22 14:05:30-04:00,0.0
2011-04-22 14:05:33-04:00,0.0
2011-04-22 14:05:36-04:00,0.0
2011-04-22 14:05:39-04:00,0.0
2011-04-22 14:05:42-04:00,0.0
2011-04-22 14:05:45-04:00,0.0
2011-04-22 14:05:48-04:00,0.0
2011-04-22 14:05:51-04:00,0.0
2011-04-22 14:05:54-04:00,0.0
2011-04-22 14:05:57-04:00,0.0
2011-04-22 14:06:00-04:00,0.0
2011-04-22 14:06:03-04:00,0.0
2011-04-22 14:06:06-04:00,0.0
2011-04-22 14:06:09-04:00,0.0
2011-04-22 14:06:12-04:00,0.0
2011-04-22 14:06:15-04:00,0.0
2011-04-22 14:06:18-04:00,0.0
2011-04-22 14:06:21-04:00,0.0
2011-04-22 14:06:24-04:00,0.0
2011-04-22 14:06:27-04:00,0.0
2011-04-22 14:06:30-04:00,0.0
2011-04-22 14:06:33-04:00,0.0
2011-04-22 14:06:36-04:00,0.0
2011-04-22 14:06:39-04:00,0.0
2011-04-22 14:06:42-04:00,0.0
2011-04-22 14:06:45-04:00,0.0
2011-04-22 14:06:48-04:00,0.0
2011-04-22 14:06:51-04:00,0.0
2011-04-22 14:06:54-04:00,0.0
2011-04-22 14:06:57-04:00,0.0
2011-04-22 14:07:00-04:00,0.0
2011-04-22 14:07:03-04:00,0.0
2011-04-22 14:07:06-04:00,0.3333333333333333
2011-04-22 14:07:09-04:00,1.0
2011-04-22 14:07:12-04:00,1.0
2011-04-22 14:07:15-04:00,1.0
2011-04-22 14:07:18-04:00,0.33333333333333337
2011-04-22 14:07:21-04:00,0.6666666666666666
2011-04-22 14:07:24-04:00,1.0
2011-04-22 14:07:27-04:00,0.875
2011-04-22 14:07:30-04:00,0.5
2011-04-22 14:07:33-04:00,0.125
2011-04-22 14:07:36-04:00,0.5
2011-04-22 14:07:39-04:00,0.75
2011-04-22 14:07:42-04:00,0.0
2011-04-22 14:07:45-04:00,1.0
2011-04-22 14:07:48-04:00,1.75
2011-04-22 14:07:51-04:00,2.0
2011-04-22 14:07:54-04:00,2.0
2011-04-22 14:07:57-04:00,2.0
2011-04-22 14:08:00-04:00,2.0
2011-04-22 14:08:03-04:00,1.75
2011-04-22 14:08:06-04:00,1.0
2011-04-22 14:08:09-04:00,2.0
2011-04-22 14:08:12-04:00,2.0
2011-04-22 14:08:15-04:00,2.0
2011-04-22 14:08:18-04:00,2.0
2011-04-22 14:08:21-04:00,1.6666666666666667
2011-04-22 14:08:24-04:00,1.0
2011-04-22 14:08:27-04:00,1.0
2011-04-22 14:08:30-04:00,1.0
2011-04-22 14:08:33-04:00,1.0
2011-04-22 14:08:36-04:00,1.0
2011-04-22 14:08:39-04:00,1.0
2011-04-22 14:08:42-04:00,1.0
2011-04-22 14:08:45-04:00,1.0
2011-04-22 14:08:48-04:00,2.0
2011-04-22 14:08:51-04:00,2.6666666666666665
2011-04-22 14:08:54-04:00,2.0
2011-04-22 14:08:57-04:00,2.0
2011-04-22 14:09:00-04:00,2.0
2011-04-22 14:09:03-04:00,2.0
2011-04-22 14:09:06-04:00,2.0
2011-04-22 14:09:09-04:00,2.0
2011-04-22 14:09:12-04:00,2.0
2011-04-22 14:09:15-04:00,2.0
2011-04-22 14:09:18-04:00,2.0
2011-04-22 14:09:21-04:00,2.0
2011-04-22 14:09:24-04:00,2.0
2011-04-22 14:09:27-04:00,2.0
2011-04-22 14:09:30-04:00,2.0
2011-04-22 14:09:33-04:00,2.0
2011-04-22 14:09:36-04:00,2.0
2011-04-22 14:09:39-04:00,2.0
2011-04-22 14:09:42-04:00,2.0
2011-04-22 14:09:45-04:00,2.0
2011-04-22 14:09:48-04:00,2.0
2011-04-22 14:09:51-04:00,2.0
2011-04-22 14:09:54-04:00,2.0
2011-04-22 14:09:57-04:00,2.0
2011-04-22 14:10:00-04:00,2.0
2011-04-22 14:10:03-04:00,2.0
2011-04-22 14:10:06-04:00,2.0
2011-04-22 14:10:09-04:00,2.0
2011-04-22 14:10:12-04:00,2.0
2011-04-22 14:10:15-04:00,2.0
2011-04-22 14:10:18-04:00,2.0
2011-04-22 14:10:21-04:00,2.0
2011-04-22 14:10:24-04:00,2.0
2011-04-22 14:10:27-04:00,2.0
2011-04-22 14:10:30-04:00,2.0
2011-04-22 14:10:33-04:00,2.0
2011-04-22 14:10:36-04:00,2.0
2011-04-22 14:10:39-04:00,2.0
2011-04-22 14:10:42-04:00,2.0
2011-04-22 14:10:45-04:00,2.0
2011-04-22 14:10:48-04:00,2.0
2011-04-22 14:10:51-04:00,2.0
2011-04-22 14:10:54-04:00,2.0
2011-04-22 14:10:57-04:00,2.0
2011-04-22 14:11:00-04:00,2.0
2011-04-22 14:11:03-04:00,2.0
2011-04-22 14:11:06-04:00,2.0
2011-04-22 14:11:09-04:00,2.0
2011-04-22 14:11:12-04:00,2.0
2011-04-22 14:11:15-04:00,2.0
2011-04-22 14:11:18-04:00,2.0
2011-04-22 14:11:21-04:00,2.0
2011-04-22 14:11:24-04:00,2.0
2011-04-22 14:11:27-04:00,2.0
2011-04-22 14:11:30-04:00,2.0
2011-04-22 14:11:33-04:00,2.0
2011-04-22 14:11:36-04:00,2.0
2011-04-22 14:11:39-04:00,2.0
2011-04-22 14:11:42-04:00,2.0
2011-04-22 14:11:45-04:00,2.0
2011-04-22 14:11:48-04:00,2.0
2011-04-22 14:11:51-04:00,2.0
2011-04-22 14:11:54-04:00,2.0
2011-04-22 14:11:57-04:00,2.0
2011-04-22 14:12:00-04:00,2.0
2011-04-22 14:12:03-04:00,2.0
2011-04-22 14:12:06-04:00,2.0
2011-04-22 14:12:09-04:00,2.0
2011-04-22 14:12:12-04:00,2.0
2011-04-22 14:12:15-04:00,2.0
2011-04-22 14:12:18-04:00,2.0
2011-04-22 14:12:21-04:00,2.0
2011-04-22 14:12:24-04:00,2.0
2011-04-22 14:12:27-04:00,2.0
2011-04-22 14:12:30-04:00,2.0
2011-04-22 14:12:33-04:00,2.0
2011-04-22 14:12:36-04:00,2.0
2011-04-22 14:12:39-04:00,2.0
2011-04-22 14:12:42-04:00,2.0
2011-04-22 14:12:45-04:00,2.0
2011-04-22 14:12:48-04:00,2.0
2011-04-22 14:12:51-04:00,2.0
2011-04-22 14:12:54-04:00,2.0
2011-04-22 14:12:57-04:00,2.0
2011-04-22 14:13:00-04:00,2.0
2011-04-22 14:13:03-04:00,2.0
2011-04-22 14:13:06-04:00,2.0
2011-04-22 14:13:09-04:00,2.0
2011-04-22 14:13:12-04:00,2.0
2011-04-22 14:13:15-04:00,2.0
2011-04-22 14:13:18-04:00,2.0
2011-04-22 14:13:21-04:00,2.0
2011-04-22 14:13:24-04:00,2.0
2011-04-22 14:13:27-04:00,2.0
2011-04-22 14:13:30-04:00,2.0
2011-04-22 14:13:33-04:00,2.0
2011-04-22 14:13:36-04:00,2.0
2011-04-22 14:13:39-04:00,2.0
2011-04-22 14:13:42-04:00,2.0
2011-04-22 14:13:45-04:00,2.0
2011-04-22 14:13:48-04:00,2.0
2011-04-22 14:13:51-04:00,2.0
2011-04-22 14:13:54-04:00,2.0
2011-04-22 14:13:57-04:00,2.0
2011-04-22 14:14:00-04:00,2.0
2011-04-22 14:14:03-04:00,2.0
2011-04-22 14:14:06-04:00,2.0
2011-04-22 14:14:09-04:00,2.0
2011-04-22 14:14:12-04:00,2.0
2011-04-22 14:14:15-04:00,2.0
2011-04-22 14:14:18-04:00,2.0
2011-04-22 14:14:21-04:00,2.0
2011-04-22 14:14:24-04:00,2.0
2011-04-22 14:14:27-04:00,2.0
2011-04-22 14:14:30-04:00,2.0
2011-04-22 14:14:33-04:00,2.0
2011-04-22 14:14:36-04:00,2.0
2011-04-22 14:14:39-04:00,2.0
2011-04-22 14:14:42-04:00,2.0
2011-04-22 14:14:45-04:00,2.0
2011-04-22 14:14:48-04:00,2.0
2011-04-22 14:14:51-04:00,2.0
2011-04-22 14:14:54-04:00,2.0
2011-04-22 14:14:57-04:00,2.0
2011-04-22 14:15:00-04:00,2.0
2011-04-22 14:15:03-04:00,2.0
2011-04-22 14:15:06-04:00,2.0
2011-04-22 14:15:09-04:00,2.0
2011-04-22 14:15:12-04:00,2.0
2011-04-22 14:15:15-04:00,2.0
2011-04-22 14:15:18-04:00,2.0
2011-04-22 14:15:21-04:00,2.0
2011-04-22 14:15:24-04:00,2.0
2011-04-22 14:15:27-04:00,2.0
2011-04-22 14:15:30-04:00,2.0
2011-04-22 14:15:33-04:00,2.0
2011-04-22 14:15:36-04:00,2.0
2011-04-22 14:15:39-04:00,2.0
2011-04-22 14:15:42-04:00,2.0
2011-04-22 14:15:45-04:00,2.0
2011-04-22 14:15:48-04:00,2.0
2011-04-22 14:15:51-04:00,1.0
2011-04-22 14:15:54-04:00,2.0
2011-04-22 14:15:57-04:00,2.0
2011-04-22 14:16:00-04:00,2.0
2011-04-22 14:16:03-04:00,2.0
2011-04-22 14:16:06-04:00,2.0
2011-04-22 14:16:09-04:00,2.0
2011-04-22 14:16:12-04:00,2.0
2011-04-22 14:16:15-04:00,2.0
2011-04-22 14:16:18-04:00,2.0
2011-04-22 14:16:21-04:00,2.0
2011-04-22 14:16:24-04:00,2.0
2011-04-22 14:16:27-04:00,2.0
2011-04-22 14:16:30-04:00,2.0
2011-04-22 14:16:33-04:00,2.0
2011-04-22 14:16:36-04:00,2.0
2011-04-22 14:16:39-04:00,2.0
2011-04-22 14:16:42-04:00,2.0
2011-04-22 14:16:45-04:00,2.0
2011-04-22 14:16:48-04:00,2.0
2011-04-22 14:16:51-04:00,2.0
2011-04-22 14:16:54-04:00,2.0
2011-04-22 14:16:57-04:00,2.0
2011-04-22 14:17:00-04:00,2.0
2011-04-22 14:17:03-04:00,2.0
2011-04-22 14:17:06-04:00,2.0
2011-04-22 14:17:09-04:00,2.0
2011-04-22 14:17:12-04:00,2.0
2011-04-22 14:17:15-04:00,2.0
2011-04-22 14:17:18-04:00,2.0
2011-04-22 14:17:21-04:00,2.0
2011-04-22 14:17:24-04:00,1.3333333333333335
2011-04-22 14:17:27-04:00,1.6666666666666665
2011-04-22 14:17:30-04:00,2.0
2011-04-22 14:17:33-04:00,2.0
2011-04-22 14:17:36-04:00,2.0
2011-04-22 14:17:39-04:00,2.0
2011-04-22 14:17:42-04:00,2.0
2011-04-22 14:17:45-04:00,1.5
2011-04-22 14:17:48-04:00,0.0
2011-04-22 14:17:51-04:00,0.0
2011-04-22 14:17:54-04:00,0.0
2011-04-22 14:17:57-04:00,0.0
2011-04-22 14:18:00-04:00,0.0
2011-04-22 14:18:03-04:00,0.0
2011-04-22 14:18:06-04:00,0.0
2011-04-22 14:18:09-04:00,0.0
2011-04-22 14:18:12-04:00,0.0
2011-04-22 14:18:15-04:00,0.0
2011-04-22 14:18:18-04:00,0.0
2011-04-22 14:18:21-04:00,0.0
2011-04-22 14:18:24-04:00,0.0
2011-04-22 14:18:27-04:00,0.0
2011-04-22 14:18:30-04:00,0.0
2011-04-22 14:18:33-04:00,0.0
2011-04-22 14:18:36-04:00,0.0
2011-04-22 14:18:39-04:00,0.0
2011-04-22 14:18:42-04:00,0.0
2011-04-22 14:18:45-04:00,0.0
2011-04-22 14:18:48-04:00,0.0
2011-04-22 14:18:51-04:00,0.0
2011-04-22 14:18:54-04:00,0.0
2011-04-22 14:18:57-04:00,0.0
2011-04-22 14:19:00-04:00,0.0
2011-04-22 14:19:03-04:00,0.0
2011-04-22 14:19:06-04:00,0.0
2011-04-22 14:19:09-04:00,0.0
2011-04-22 14:19:12-04:00,0.0
2011-04-22 14:19:15-04:00,0.0
2011-04-22 14:19:18-04:00,0.0
2011-04-22 14:19:21-04:00,0.0
2011-04-22 14:19:24-04:00,0.0
2011-04-22 14:19:27-04:00,0.0
2011-04-22 14:19:30-04:00,0.0
2011-04-22 14:19:33-04:00,0.0
2011-04-22 14:19:36-04:00,0.0
2011-04-22 14:19:39-04:00,0.0
2011-04-22 14:19:42-04:00,0.0
2011-04-22 14:19:45-04:00,0.0
2011-04-22 14:19:48-04:00,0.0
2011-04-22 14:19:51-04:00,0.0
2011-04-22 14:19:54-04:00,0.0
2011-04-22 14:19:57-04:00,0.0
2011-04-22 14:20:00-04:00,0.0
2011-04-22 14:20:03-04:00,0.0
2011-04-22 14:20:06-04:00,0.0
2011-04-22 14:20:09-04:00,0.0
2011-04-22 14:20:12-04:00,0.0
2011-04-22 14:20:15-04:00,0.0
2011-04-22 14:20:18-04:00,0.0
2011-04-22 14:20:21-04:00,0.0
2011-04-22 14:20:24-04:00,0.0
2011-04-22 14:20:27-04:00,0.0
2011-04-22 14:20:30-04:00,0.0
2011-04-22 14:20:33-04:00,0.0
2011-04-22 14:20:36-04:00,0.0
2011-04-22 14:20:39-04:00,0.0
2011-04-22 14:20:42-04:00,0.0
2011-04-22 14:20:45-04:00,0.0
2011-04-22 14:20:48-04:00,0.0
2011-04-22 14:20:51-04:00,0.0
2011-04-22 14:20:54-04:00,0.0
2011-04-22 14:20:57-04:00,0.0
2011-04-22 14:21:00-04:00,0.0
2011-04-22 14:21:03-04:00,0.0
2011-04-22 14:21:06-04:00,0.0
2011-04-22 14:21:09-04:00,0.0
2011-04-22 14:21:12-04:00,0.0
2011-04-22 14:21:15-04:00,0.0
2011-04-22 14:21:18-04:00,0.0
2011-04-22 14:21:21-04:00,0.0
2011-04-22 14:21:24-04:00,0.0
2011-04-22 14:21:27-04:00,0.0
2011-04-22 14:21:30-04:00,0.0
2011-04-22 14:21:33-04:00,0.0
2011-04-22 14:21:36-04:00,0.0
2011-04-22 14:21:39-04:00,0.0
2011-04-22 14:21:42-04:00,0.0
2011-04-22 14:21:45-04:00,0.0
2011-04-22 14:21:48-04:00,0.0
2011-04-22 14:21:51-04:00,0.0
2011-04-22 14:21:54-04:00,0.0
2011-04-22 14:21:57-04:00,0.0
2011-04-22 14:22:00-04:00,0.0
2011-04-22 14:22:03-04:00,0.0
2011-04-22 14:22:06-04:00,0.0
2011-04-22 14:22:09-04:00,0.0
2011-04-22 14:22:12-04:00,0.0
2011-04-22 14:22:15-04:00,0.0
2011-04-22 14:22:18-04:00,0.0
2011-04-22 14:22:21-04:00,0.0
2011-04-22 14:22:24-04:00,0.0
2011-04-22 14:22:27-04:00,0.0
2011-04-22 14:22:30-04:00,0.0
2011-04-22 14:22:33-04:00,0.0
2011-04-22 14:22:36-04:00,0.0
2011-04-22 14:22:39-04:00,0.0
2011-04-22 14:22:42-04:00,0.0
2011-04-22 14:22:45-04:00,0.0
2011-04-22 14:22:48-04:00,0.0
2011-04-22 14:22:51-04:00,0.0
2011-04-22 14:22:54-04:00,0.0
2011-04-22 14:22:57-04:00,0.0
2011-04-22 14:23:00-04:00,0.0
2011-04-22 14:23:03-04:00,0.0
2011-04-22 14:23:06-04:00,0.0
2011-04-22 14:23:09-04:00,0.0
2011-04-22 14:23:12-04:00,0.0
2011-04-22 14:23:15-04:00,0.0
2011-04-22 14:23:18-04:00,0.0
2011-04-22 14:23:21-04:00,0.0
2011-04-22 14:23:24-04:00,0.0
2011-04-22 14:23:27-04:00,0.0
2011-04-22 14:23:30-04:00,0.0
2011-04-22 14:23:33-04:00,0.0
2011-04-22 14:23:36-04:00,0.0
2011-04-22 14:23:39-04:00,0.0
2011-04-22 14:23:42-04:00,0.0
2011-04-22 14:23:45-04:00,0.0
2011-04-22 14:23:48-04:00,0.0
2011-04-22 14:23:51-04:00,0.0
2011-04-22 14:23:54-04:00,0.0
2011-04-22 14:23:57-04:00,0.0
2011-04-22 14:24:00-04:00,0.0
2011-04-22 14:24:03-04:00,0.0
2011-04-22 14:24:06-04:00,0.0
2011-04-22 14:24:09-04:00,0.0
2011-04-22 14:24:12-04:00,0.0
2011-04-22 14:24:15-04:00,0.0
2011-04-22 14:24:18-04:00,0.0
2011-04-22 14:24:21-04:00,0.0
2011-04-22 14:24:24-04:00,0.0
2011-04-22 14:24:27-04:00,0.0
2011-04-22 14:24:30-04:00,0.0
2011-04-22 14:24:33-04:00,0.0
2011-04-22 14:24:36-04:00,0.0
2011-04-22 14:24:39-04:00,0.0
2011-04-22 14:24:42-04:00,0.0
2011-04-22 14:24:45-04:00,0.0
2011-04-22 14:24:48-04:00,0.0
2011-04-22 14:24:51-04:00,0.0
2011-04-22 14:24:54-04:00,0.0
2011-04-22 14:24:57-04:00,0.0
2011-04-22 14:25:00-04:00,0.0
2011-04-22 14:25:03-04:00,0.0
2011-04-22 14:25:06-04:00,0.0
2011-04-22 14:25:09-04:00,0.0
2011-04-22 14:25:12-04:00,0.0
2011-04-22 14:25:15-04:00,0.0
2011-04-22 14:25:18-04:00,0.0
2011-04-22 14:25:21-04:00,0.0
2011-04-22 14:25:24-04:00,0.0
2011-04-22 14:25:27-04:00,0.0
2011-04-22 14:25:30-04:00,0.0
2011-04-22 14:25:33-04:00,0.0
2011-04-22 14:25:36-04:00,0.0
2011-04-22 14:25:39-04:00,0.0
2011-04-22 14:25:42-04:00,0.0
2011-04-22 14:25:45-04:00,0.0
2011-04-22 14:25:48-04:00,0.0
2011-04-22 14:25:51-04:00,0.0
2011-04-22 14:25:54-04:00,0.0
2011-04-22 14:25:57-04:00,0.0
2011-04-22 14:26:00-04:00,0.0
2011-04-22 14:26:03-04:00,0.0
2011-04-22 14:26:06-04:00,0.0
2011-04-22 14:26:09-04:00,0.0
2011-04-22 14:26:12-04:00,0.0
2011-04-22 14:26:15-04:00,0.0
2011-04-22 14:26:18-04:00,0.0
2011-04-22 14:26:21-04:00,0.0
2011-04-22 14:26:24-04:00,0.0
2011-04-22 14:26:27-04:00,0.0
2011-04-22 14:26:30-04:00,0.0
2011-04-22 14:26:33-04:00,0.0
2011-04-22 14:26:36-04:00,0.0
2011-04-22 14:26:39-04:00,0.0
2011-04-22 14:26:42-04:00,0.0
2011-04-22 14:26:45-04:00,0.0
2011-04-22 14:26:48-04:00,0.0
2011-04-22 14:26:51-04:00,0.0
2011-04-22 14:26:54-04:00,0.0
2011-04-22 14:26:57-04:00,0.0
2011-04-22 14:27:00-04:00,0.0
2011-04-22 14:27:03-04:00,0.0
2011-04-22 14:27:06-04:00,0.0
2011-04-22 14:27:09-04:00,0.0
2011-04-22 14:27:12-04:00,0.0
2011-04-22 14:27:15-04:00,0.0
2011-04-22 14:27:18-04:00,0.0
2011-04-22 14:27:21-04:00,0.0
2011-04-22 14:27:24-04:00,0.0
2011-04-22 14:27:27-04:00,0.0
2011-04-22 14:27:30-04:00,0.0
2011-04-22 14:27:33-04:00,0.0
2011-04-22 14:27:36-04:00,0.0
2011-04-22 14:27:39-04:00,0.0
2011-04-22 14:27:42-04:00,0.0
2011-04-22 14:27:45-04:00,0.0
2011-04-22 14:27:48-04:00,0.0
2011-04-22 14:27:51-04:00,0.0
2011-04-22 14:27:54-04:00,0.0
2011-04-22 14:27:57-04:00,0.0
2011-04-22 14:28:00-04:00,0.0
2011-04-22 14:28:03-04:00,0.0
2011-04-22 14:28:06-04:00,0.0
2011-04-22 14:28:09-04:00,0.0
2011-04-22 14:28:12-04:00,0.0
2011-04-22 14:28:15-04:00,0.0
2011-04-22 14:28:18-04:00,0.0
2011-04-22 14:28:21-04:00,0.0
2011-04-22 14:28:24-04:00,0.0
2011-04-22 14:28:27-04:00,0.0
2011-04-22 14:28:30-04:00,0.0
2011-04-22 14:28:33-04:00,0.0
2011-04-22 14:28:36-04:00,0.0
2011-04-22 14:28:39-04:00,0.0
2011-04-22 14:28:42-04:00,0.0
2011-04-22 14:28:45-04:00,0.0
2011-04-22 14:28:48-04:00,0.0
2011-04-22 14:28:51-04:00,0.0
2011-04-22 14:28:54-04:00,0.0
2011-04-22 14:28:57-04:00,0.0
2011-04-22 14:29:00-04:00,0.0
2011-04-22 14:29:03-04:00,0.0
2011-04-22 14:29:06-04:00,0.0
2011-04-22 14:29:09-04:00,0.0
2011-04-22 14:29:12-04:00,0.0
2011-04-22 14:29:15-04:00,0.0
2011-04-22 14:29:18-04:00,0.0
2011-04-22 14:29:21-04:00,0.0
2011-04-22 14:29:24-04:00,0.0
2011-04-22 14:29:27-04:00,0.0
2011-04-22 14:29:30-04:00,0.0
2011-04-22 14:29:33-04:00,0.0
2011-04-22 14:29:36-04:00,0.0
2011-04-22 14:29:39-04:00,0.0
2011-04-22 14:29:42-04:00,0.0
2011-04-22 14:29:45-04:00,0.0
2011-04-22 14:29:48-04:00,0.0
2011-04-22 14:29:51-04:00,0.0
2011-04-22 14:29:54-04:00,0.0
2011-04-22 14:29:57-04:00,0.0
2011-04-22 14:30:00-04:00,0.0
2011-04-22 14:30:03-04:00,0.0
2011-04-22 14:30:06-04:00,0.0
2011-04-22 14:30:09-04:00,0.0
2011-04-22 14:30:12-04:00,0.0
2011-04-22 14:30:15-04:00,0.0
2011-04-22 14:30:18-04:00,0.0
2011-04-22 14:30:21-04:00,0.0
2011-04-22 14:30:24-04:00,0.0
2011-04-22 14:30:27-04:00,0.0
2011-04-22 14:30:30-04:00,0.0
2011-04-22 14:30:33-04:00,0.0
2011-04-22 14:30:36-04:00,0.0
2011-04-22 14:30:39-04:00,0.0
2011-04-22 14:30:42-04:00,0.0
2011-04-22 14:30:45-04:00,0.0
2011-04-22 14:30:48-04:00,0.0
2011-04-22 14:30:51-04:00,0.0
2011-04-22 14:30:54-04:00,0.0
2011-04-22 14:30:57-04:00,0.0
2011-04-22 14:31:00-04:00,0.0
2011-04-22 14:31:03-04:00,0.0
2011-04-22 14:31:06-04:00,0.0
2011-04-22 14:31:09-04:00,0.0
2011-04-22 14:31:12-04:00,0.0
2011-04-22 14:31:15-04:00,0.0
2011-04-22 14:31:18-04:00,0.0
2011-04-22 14:31:21-04:00,0.0
2011-04-22 14:31:24-04:00,0.0
2011-04-22 14:31:27-04:00,0.0
2011-04-22 14:31:30-04:00,0.0
2011-04-22 14:31:33-04:00,0.0
2011-04-22 14:31:36-04:00,0.0
2011-04-22 14:31:39-04:00,0.0
2011-04-22 14:31:42-04:00,0.0
2011-04-22 14:31:45-04:00,0.0
2011-04-22 14:31:48-04:00,0.0
2011-04-22 14:31:51-04:00,0.0
2011-04-22 14:31:54-04:00,0.0
2011-04-22 14:31:57-04:00,0.0
2011-04-22 14:32:00-04:00,0.0
2011-04-22 14:32:03-04:00,0.0
2011-04-22 14:32:06-04:00,0.0
2011-04-22 14:32:09-04:00,0.0
2011-04-22 14:32:12-04:00,0.0
2011-04-22 14:32:15-04:00,0.0
2011-04-22 14:32:18-04:00,0.0
2011-04-22 14:32:21-04:00,0.0
2011-04-22 14:32:24-04:00,0.0
2011-04-22 14:32:27-04:00,0.0
2011-04-22 14:32:30-04:00,0.0
2011-04-22 14:32:33-04:00,0.0
2011-04-22 14:32:36-04:00,0.0
2011-04-22 14:32:39-04:00,0.0
2011-04-22 14:32:42-04:00,0.0
2011-04-22 14:32:45-04:00,0.0
2011-04-22 14:32:48-04:00,0.0
2011-04-22 14:32:51-04:00,0.0
2011-04-22 14:32:54-04:00,0.0
2011-04-22 14:32:57-04:00,0.0
2011-04-22 14:33:00-04:00,0.0
2011-04-22 14:33:03-04:00,0.0
2011-04-22 14:33:06-04:00,0.0
2011-04-22 14:33:09-04:00,0.0
2011-04-22 14:33:12-04:00,0.0
2011-04-22 14:33:15-04:00,0.0
2011-04-22 14:33:18-04:00,0.0
2011-04-22 14:33:21-04:00,0.0
2011-04-22 14:33:24-04:00,0.0
2011-04-22 14:33:27-04:00,0.0
2011-04-22 14:33:30-04:00,0.0
2011-04-22 14:33:33-04:00,0.0
2011-04-22 14:33:36-04:00,0.0
2011-04-22 14:33:39-04:00,0.0
2011-04-22 14:33:42-04:00,0.0
2011-04-22 14:33:45-04:00,0.0
2011-04-22 14:33:48-04:00,0.0
2011-04-22 14:33:51-04:00,0.0
2011-04-22 14:33:54-04:00,0.0
2011-04-22 14:33:57-04:00,0.0
2011-04-22 14:34:00-04:00,0.0
2011-04-22 14:34:03-04:00,0.0
2011-04-22 14:34:06-04:00,0.0
2011-04-22 14:34:09-04:00,0.0
2011-04-22 14:34:12-04:00,0.0
2011-04-22 14:34:15-04:00,0.0
2011-04-22 14:34:18-04:00,0.0
2011-04-22 14:34:21-04:00,0.0
2011-04-22 14:34:24-04:00,0.0
2011-04-22 14:34:27-04:00,0.0
2011-04-22 14:34:30-04:00,0.0
2011-04-22 14:34:33-04:00,0.0
2011-04-22 14:34:36-04:00,0.0
2011-04-22 14:34:39-04:00,0.0
2011-04-22 14:34:42-04:00,0.0
2011-04-22 14:34:45-04:00,0.0
2011-04-22 14:34:48-04:00,0.0
2011-04-22 14:34:51-04:00,0.0
2011-04-22 14:34:54-04:00,0.0
2011-04-22 14:34:57-04:00,0.0
2011-04-22 14:35:00-04:00,0.0
2011-04-22 14:35:03-04:00,0.0
2011-04-22 14:35:06-04:00,0.0
2011-04-22 14:35:09-04:00,0.0
2011-04-22 14:35:12-04:00,0.0
2011-04-22 14:35:15-04:00,0.0
2011-04-22 14:35:18-04:00,0.0
2011-04-22 14:35:21-04:00,0.0
2011-04-22 14:35:24-04:00,0.0
2011-04-22 14:35:27-04:00,0.0
2011-04-22 14:35:30-04:00,0.0
2011-04-22 14:35:33-04:00,0.0
2011-04-22 14:35:36-04:00,0.0
2011-04-22 14:35:39-04:00,0.0
2011-04-22 14:35:42-04:00,0.0
2011-04-22 14:35:45-04:00,0.0
2011-04-22 14:35:48-04:00,0.0
2011-04-22 14:35:51-04:00,0.0
2011-04-22 14:35:54-04:00,0.0
2011-04-22 14:35:57-04:00,0.0
2011-04-22 14:36:00-04:00,0.0
2011-04-22 14:36:03-04:00,0.0
2011-04-22 14:36:06-04:00,0.0
2011-04-22 14:36:09-04:00,0.0
2011-04-22 14:36:12-04:00,0.0
2011-04-22 14:36:15-04:00,0.0
2011-04-22 14:36:18-04:00,0.0
2011-04-22 14:36:21-04:00,0.0
2011-04-22 14:36:24-04:00,0.0
2011-04-22 14:36:27-04:00,0.0
2011-04-22 14:36:30-04:00,0.0
2011-04-22 14:36:33-04:00,0.0
2011-04-22 14:36:36-04:00,0.0
2011-04-22 14:36:39-04:00,0.0
2011-04-22 14:36:42-04:00,0.0
2011-04-22 14:36:45-04:00,0.0
2011-04-22 14:36:48-04:00,0.0
2011-04-22 14:36:51-04:00,0.0
2011-04-22 14:36:54-04:00,0.0
2011-04-22 14:36:57-04:00,0.0
2011-04-22 14:37:00-04:00,0.0
2011-04-22 14:37:03-04:00,0.0
2011-04-22 14:37:06-04:00,0.5
2011-04-22 14:37:09-04:00,1.0
2011-04-22 14:37:12-04:00,1.0
2011-04-22 14:37:15-04:00,1.0
2011-04-22 14:37:18-04:00,1.0
2011-04-22 14:37:21-04:00,1.0
2011-04-22 14:37:24-04:00,1.0
2011-04-22 14:37:27-04:00,1.0
2011-04-22 14:37:30-04:00,1.0
2011-04-22 14:37:33-04:00,1.0
2011-04-22 14:37:36-04:00,1.0
2011-04-22 14:37:39-04:00,1.0
2011-04-22 14:37:42-04:00,1.0
2011-04-22 14:37:45-04:00,1.25
2011-04-22 14:37:48-04:00,2.0
2011-04-22 14:37:51-04:00,2.0
2011-04-22 14:37:54-04:00,2.0
2011-04-22 14:37:57-04:00,2.0
2011-04-22 14:38:00-04:00,1.5
2011-04-22 14:38:03-04:00,1.3333333333333333
2011-04-22 14:38:06-04:00,1.75
2011-04-22 14:38:09-04:00,1.0
2011-04-22 14:38:12-04:00,2.0
2011-04-22 14:38:15-04:00,2.0
2011-04-22 14:38:18-04:00,2.0
2011-04-22 14:38:21-04:00,2.0
2011-04-22 14:38:24-04:00,1.6666666666666667
2011-04-22 14:38:27-04:00,1.0
2011-04-22 14:38:30-04:00,1.0
2011-04-22 14:38:33-04:00,1.0
2011-04-22 14:38:36-04:00,1.0
2011-04-22 14:38:39-04:00,1.0
2011-04-22 14:38:42-04:00,1.0
2011-04-22 14:38:45-04:00,1.0
2011-04-22 14:38:48-04:00,2.5
2011-04-22 14:38:51-04:00,2.3333333333333335
2011-04-22 14:38:54-04:00,2.0
2011-04-22 14:38:57-04:00,2.0
2011-04-22 14:39:00-04:00,2.0
2011-04-22 14:39:03-04:00,2.0
2011-04-22 14:39:06-04:00,2.0
2011-04-22 14:39:09-04:00,2.0
2011-04-22 14:39:12-04:00,2.0
2011-04-22 14:39:15-04:00,2.0
2011-04-22 14:39:18-04:00,2.0
2011-04-22 14:39:21-04:00,2.0
2011-04-22 14:39:24-04:00,2.0
2011-04-22 14:39:27-04:00,2.0
2011-04-22 14:39:30-04:00,2.0
2011-04-22 14:39:33-04:00,2.0
2011-04-22 14:39:36-04:00,2.0
2011-04-22 14:39:39-04:00,2.0
2011-04-22 14:39:42-04:00,2.0
2011-04-22 14:39:45-04:00,2.0
2011-04-22 14:39:48-04:00,2.0
2011-04-22 14:39:51-04:00,2.0
2011-04-22 14:39:54-04:00,2.0
2011-04-22 14:39:57-04:00,2.0
2011-04-22 14:40:00-04:00,2.0
2011-04-22 14:40:03-04:00,2.0
2011-04-22 14:40:06-04:00,2.0
2011-04-22 14:40:09-04:00,2.0
2011-04-22 14:40:12-04:00,2.0
2011-04-22 14:40:15-04:00,2.0
2011-04-22 14:40:18-04:00,2.0
2011-04-22 14:40:21-04:00,2.0
2011-04-22 14:40:24-04:00,2.0
2011-04-22 14:40:27-04:00,2.0
2011-04-22 14:40:30-04:00,2.0
2011-04-22 14:40:33-04:00,2.0
2011-04-22 14:40:36-04:00,2.0
2011-04-22 14:40:39-04:00,2.0
2011-04-22 14:40:42-04:00,2.0
2011-04-22 14:40:45-04:00,2.0
2011-04-22 14:40:48-04:00,2.0
2011-04-22 14:40:51-04:00,2.0
2011-04-22 14:40:54-04:00,2.0
2011-04-22 14:40:57-04:00,2.0
2011-04-22 14:41:00-04:00,2.0
2011-04-22 14:41:03-04:00,2.0
2011-04-22 14:41:06-04:00,2.0
2011-04-22 14:41:09-04:00,2.0
2011-04-22 14:41:12-04:00,2.0
2011-04-22 14:41:15-04:00,2.0
2011-04-22 14:41:18-04:00,2.0
2011-04-22 14:41:21-04:00,2.0
2011-04-22 14:41:24-04:00,2.0
2011-04-22 14:41:27-04:00,2.0
2011-04-22 14:41:30-04:00,2.0
2011-04-22 14:41:33-04:00,2.0
2011-04-22 14:41:36-04:00,2.0
2011-04-22 14:41:39-04:00,2.0
2011-04-22 14:41:42-04:00,2.0
2011-04-22 14:41:45-04:00,2.0
2011-04-22 14:41:48-04:00,2.0
2011-04-22 14:41:51-04:00,2.0
2011-04-22 14:41:54-04:00,2.0
2011-04-22 14:41:57-04:00,2.0
2011-04-22 14:42:00-04:00,2.0
2011-04-22 14:42:03-04:00,2.0
2011-04-22 14:42:06-04:00,2.0
2011-04-22 14:42:09-04:00,2.0
2011-04-22 14:42:12-04:00,2.0
2011-04-22 14:42:15-04:00,2.0
2011-04-22 14:42:18-04:00,2.0
2011-04-22 14:42:21-04:00,2.0
2011-04-22 14:42:24-04:00,2.0
2011-04-22 14:42:27-04:00,2.0
2011-04-22 14:42:30-04:00,2.0
2011-04-22 14:42:33-04:00,2.0
2011-04-22 14:42:36-04:00,2.0
2011-04-22 14:42:39-04:00,2.0
2011-04-22 14:42:42-04:00,2.0
2011-04-22 14:42:45-04:00,2.0
2011-04-22 14:42:48-04:00,2.0
2011-04-22 14:42:51-04:00,2.0
2011-04-22 14:42:54-04:00,2.0
2011-04-22 14:42:57-04:00,2.0
2011-04-22 14:43:00-04:00,2.0
2011-04-22 14:43:03-04:00,2.0
2011-04-22 14:43:06-04:00,2.0
2011-04-22 14:43:09-04:00,2.0
2011-04-22 14:43:12-04:00,2.0
2011-04-22 14:43:15-04:00,2.0
2011-04-22 14:43:18-04:00,2.0
2011-04-22 14:43:21-04:00,2.0
2011-04-22 14:43:24-04:00,2.0
2011-04-22 14:43:27-04:00,2.0
2011-04-22 14:43:30-04:00,2.0
2011-04-22 14:43:33-04:00,2.0
2011-04-22 14:43:36-04:00,2.0
2011-04-22 14:43:39-04:00,2.0
2011-04-22 14:43:42-04:00,2.0
2011-04-22 14:43:45-04:00,2.0
2011-04-22 14:43:48-04:00,2.0
2011-04-22 14:43:51-04:00,2.0
2011-04-22 14:43:54-04:00,2.0
2011-04-22 14:43:57-04:00,2.0
2011-04-22 14:44:00-04:00,2.0
2011-04-22 14:44:03-04:00,2.0
2011-04-22 14:44:06-04:00,2.0
2011-04-22 14:44:09-04:00,2.0
2011-04-22 14:44:12-04:00,2.0
2011-04-22 14:44:15-04:00,2.0
2011-04-22 14:44:18-04:00,2.0
2011-04-22 14:44:21-04:00,2.0
2011-04-22 14:44:24-04:00,2.0
2011-04-22 14:44:27-04:00,2.0
2011-04-22 14:44:30-04:00,2.0
2011-04-22 14:44:33-04:00,2.0
2011-04-22 14:44:36-04:00,2.0
2011-04-22 14:44:39-04:00,2.0
2011-04-22 14:44:42-04:00,2.0
2011-04-22 14:44:45-04:00,2.0
2011-04-22 14:44:48-04:00,2.0
2011-04-22 14:44:51-04:00,1.75
2011-04-22 14:44:54-04:00,1.0
2011-04-22 14:44:57-04:00,1.0
2011-04-22 14:45:00-04:00,1.75
2011-04-22 14:45:03-04:00,2.0
2011-04-22 14:45:06-04:00,2.0
2011-04-22 14:45:09-04:00,2.0
2011-04-22 14:45:12-04:00,2.0
2011-04-22 14:45:15-04:00,2.0
2011-04-22 14:45:18-04:00,2.0
2011-04-22 14:45:21-04:00,2.0
2011-04-22 14:45:24-04:00,2.0
2011-04-22 14:45:27-04:00,2.0
2011-04-22 14:45:30-04:00,2.0
2011-04-22 14:45:33-04:00,2.0
2011-04-22 14:45:36-04:00,2.0
2011-04-22 14:45:39-04:00,2.0
2011-04-22 14:45:42-04:00,2.0
2011-04-22 14:45:45-04:00,2.0
2011-04-22 14:45:48-04:00,2.0
2011-04-22 14:45:51-04:00,2.0
2011-04-22 14:45:54-04:00,2.0
2011-04-22 14:45:57-04:00,1.0
2011-04-22 14:46:00-04:00,1.75
2011-04-22 14:46:03-04:00,2.0
2011-04-22 14:46:06-04:00,2.0
2011-04-22 14:46:09-04:00,2.0
2011-04-22 14:46:12-04:00,2.0
2011-04-22 14:46:15-04:00,2.0
2011-04-22 14:46:18-04:00,2.0
2011-04-22 14:46:21-04:00,2.0
2011-04-22 14:46:24-04:00,2.0
2011-04-22 14:46:27-04:00,2.0
2011-04-22 14:46:30-04:00,2.0
2011-04-22 14:46:33-04:00,2.0
2011-04-22 14:46:36-04:00,2.0
2011-04-22 14:46:39-04:00,2.0
2011-04-22 14:46:42-04:00,2.0
2011-04-22 14:46:45-04:00,2.0
2011-04-22 14:46:48-04:00,2.0
2011-04-22 14:46:51-04:00,2.0
2011-04-22 14:46:54-04:00,2.0
2011-04-22 14:46:57-04:00,2.0
2011-04-22 14:47:00-04:00,0.6666666666666667
2011-04-22 14:47:03-04:00,0.0
2011-04-22 14:47:06-04:00,0.0
2011-04-22 14:47:09-04:00,0.0
2011-04-22 14:47:12-04:00,0.0
2011-04-22 14:47:15-04:00,0.0
2011-04-22 14:47:18-04:00,0.0
2011-04-22 14:47:21-04:00,0.0
2011-04-22 14:47:24-04:00,0.0
2011-04-22 14:47:27-04:00,0.0
2011-04-22 14:47:30-04:00,0.0
2011-04-22 14:47:33-04:00,0.0
2011-04-22 14:47:36-04:00,0.0
2011-04-22 14:47:39-04:00,0.0
2011-04-22 14:47:42-04:00,0.0
2011-04-22 14:47:45-04:00,0.0
2011-04-22 14:47:48-04:00,0.0
2011-04-22 14:47:51-04:00,0.0
2011-04-22 14:47:54-04:00,0.0
2011-04-22 14:47:57-04:00,0.0
2011-04-22 14:48:00-04:00,0.0
2011-04-22 14:48:03-04:00,0.0
2011-04-22 14:48:06-04:00,0.0
2011-04-22 14:48:09-04:00,0.0
2011-04-22 14:48:12-04:00,0.0
2011-04-22 14:48:15-04:00,0.0
2011-04-22 14:48:18-04:00,0.0
2011-04-22 14:48:21-04:00,0.0
2011-04-22 14:48:24-04:00,0.0
2011-04-22 14:48:27-04:00,0.0
2011-04-22 14:48:30-04:00,0.0
2011-04-22 14:48:33-04:00,0.0
2011-04-22 14:48:36-04:00,0.0
2011-04-22 14:48:39-04:00,0.0
2011-04-22 14:48:42-04:00,0.0
2011-04-22 14:48:45-04:00,0.0
2011-04-22 14:48:48-04:00,0.0
2011-04-22 14:48:51-04:00,0.0
2011-04-22 14:48:54-04:00,0.0
2011-04-22 14:48:57-04:00,0.0
2011-04-22 14:49:00-04:00,0.0
2011-04-22 14:49:03-04:00,0.0
2011-04-22 14:49:06-04:00,0.0
2011-04-22 14:49:09-04:00,0.0
2011-04-22 14:49:12-04:00,0.0
2011-04-22 14:49:15-04:00,0.0
2011-04-22 14:49:18-04:00,0.0
2011-04-22 14:49:21-04:00,0.0
2011-04-22 14:49:24-04:00,0.0
2011-04-22 14:49:27-04:00,0.0
2011-04-22 14:49:30-04:00,0.0
2011-04-22 14:49:33-04:00,0.0
2011-04-22 14:49:36-04:00,0.0
2011-04-22 14:49:39-04:00,0.0
2011-04-22 14:49:42-04:00,0.0
2011-04-22 14:49:45-04:00,0.0
2011-04-22 14:49:48-04:00,0.0
2011-04-22 14:49:51-04:00,0.0
2011-04-22 14:49:54-04:00,0.0
2011-04-22 14:49:57-04:00,0.0
2011-04-22 14:50:00-04:00,0.0
2011-04-22 14:50:03-04:00,0.0
2011-04-22 14:50:06-04:00,0.0
2011-04-22 14:50:09-04:00,0.0
2011-04-22 14:50:12-04:00,0.0
2011-04-22 14:50:15-04:00,0.0
2011-04-22 14:50:18-04:00,0.0
2011-04-22 14:50:21-04:00,0.0
2011-04-22 14:50:24-04:00,0.0
2011-04-22 14:50:27-04:00,0.0
2011-04-22 14:50:30-04:00,0.0
2011-04-22 14:50:33-04:00,0.0
2011-04-22 14:50:36-04:00,0.0
2011-04-22 14:50:39-04:00,0.0
2011-04-22 14:50:42-04:00,0.0
2011-04-22 14:50:45-04:00,0.0
2011-04-22 14:50:48-04:00,0.0
2011-04-22 14:50:51-04:00,0.0
2011-04-22 14:50:54-04:00,0.0
2011-04-22 14:50:57-04:00,0.0
2011-04-22 14:51:00-04:00,0.0
2011-04-22 14:51:03-04:00,0.0
2011-04-22 14:51:06-04:00,0.0
2011-04-22 14:51:09-04:00,0.0
2011-04-22 14:51:12-04:00,0.0
2011-04-22 14:51:15-04:00,0.0
2011-04-22 14:51:18-04:00,0.0
2011-04-22 14:51:21-04:00,0.0
2011-04-22 14:51:24-04:00,0.0
2011-04-22 14:51:27-04:00,0.0
2011-04-22 14:51:30-04:00,0.0
2011-04-22 14:51:33-04:00,0.0
2011-04-22 14:51:36-04:00,0.0
2011-04-22 14:51:39-04:00,0.0
2011-04-22 14:51:42-04:00,0.0
2011-04-22 14:51:45-04:00,0.0
2011-04-22 14:51:48-04:00,0.0
2011-04-22 14:51:51-04:00,0.0
2011-04-22 14:51:54-04:00,0.0
2011-04-22 14:51:57-04:00,0.0
2011-04-22 14:52:00-04:00,0.0
2011-04-22 14:52:03-04:00,0.0
2011-04-22 14:52:06-04:00,0.0
2011-04-22 14:52:09-04:00,0.0
2011-04-22 14:52:12-04:00,0.0
2011-04-22 14:52:15-04:00,0.0
2011-04-22 14:52:18-04:00,0.0
2011-04-22 14:52:21-04:00,0.0
2011-04-22 14:52:24-04:00,0.0
2011-04-22 14:52:27-04:00,0.0
2011-04-22 14:52:30-04:00,0.0
2011-04-22 14:52:33-04:00,0.0
2011-04-22 14:52:36-04:00,0.0
2011-04-22 14:52:39-04:00,0.0
2011-04-22 14:52:42-04:00,0.0
2011-04-22 14:52:45-04:00,0.0
2011-04-22 14:52:48-04:00,0.0
2011-04-22 14:52:51-04:00,0.0
2011-04-22 14:52:54-04:00,0.0
2011-04-22 14:52:57-04:00,0.0
2011-04-22 14:53:00-04:00,0.0
2011-04-22 14:53:03-04:00,0.0
2011-04-22 14:53:06-04:00,0.0
2011-04-22 14:53:09-04:00,0.0
2011-04-22 14:53:12-04:00,0.0
2011-04-22 14:53:15-04:00,0.0
2011-04-22 14:53:18-04:00,0.0
2011-04-22 14:53:21-04:00,0.0
2011-04-22 14:53:24-04:00,0.0
2011-04-22 14:53:27-04:00,0.0
2011-04-22 14:53:30-04:00,0.0
2011-04-22 14:53:33-04:00,0.0
2011-04-22 14:53:36-04:00,0.0
2011-04-22 14:53:39-04:00,0.0
2011-04-22 14:53:42-04:00,0.0
2011-04-22 14:53:45-04:00,0.0
2011-04-22 14:53:48-04:00,0.0
2011-04-22 14:53:51-04:00,0.0
2011-04-22 14:53:54-04:00,0.0
2011-04-22 14:53:57-04:00,0.0
2011-04-22 14:54:00-04:00,0.0
2011-04-22 14:54:03-04:00,0.0
2011-04-22 14:54:06-04:00,0.0
2011-04-22 14:54:09-04:00,0.0
2011-04-22 14:54:12-04:00,0.0
2011-04-22 14:54:15-04:00,0.0
2011-04-22 14:54:18-04:00,0.0
2011-04-22 14:54:21-04:00,0.0
2011-04-22 14:54:24-04:00,0.0
2011-04-22 14:54:27-04:00,0.0
2011-04-22 14:54:30-04:00,0.0
2011-04-22 14:54:33-04:00,0.0
2011-04-22 14:54:36-04:00,0.0
2011-04-22 14:54:39-04:00,0.0
2011-04-22 14:54:42-04:00,0.0
2011-04-22 14:54:45-04:00,0.0
2011-04-22 14:54:48-04:00,0.0
2011-04-22 14:54:51-04:00,0.0
2011-04-22 14:54:54-04:00,0.0
2011-04-22 14:54:57-04:00,0.0
2011-04-22 14:55:00-04:00,0.0
2011-04-22 14:55:03-04:00,0.0
2011-04-22 14:55:06-04:00,0.0
2011-04-22 14:55:09-04:00,0.0
2011-04-22 14:55:12-04:00,0.0
2011-04-22 14:55:15-04:00,0.0
2011-04-22 14:55:18-04:00,0.0
2011-04-22 14:55:21-04:00,0.0
2011-04-22 14:55:24-04:00,0.0
2011-04-22 14:55:27-04:00,0.0
2011-04-22 14:55:30-04:00,0.0
2011-04-22 14:55:33-04:00,0.0
2011-04-22 14:55:36-04:00,0.0
2011-04-22 14:55:39-04:00,0.0
2011-04-22 14:55:42-04:00,0.0
2011-04-22 14:55:45-04:00,0.0
2011-04-22 14:55:48-04:00,0.0
2011-04-22 14:55:51-04:00,0.0
2011-04-22 14:55:54-04:00,0.0
2011-04-22 14:55:57-04:00,0.0
2011-04-22 14:56:00-04:00,0.0
2011-04-22 14:56:03-04:00,0.0
2011-04-22 14:56:06-04:00,0.0
2011-04-22 14:56:09-04:00,0.0
2011-04-22 14:56:12-04:00,0.0
2011-04-22 14:56:15-04:00,0.0
2011-04-22 14:56:18-04:00,0.0
2011-04-22 14:56:21-04:00,0.0
2011-04-22 14:56:24-04:00,0.0
2011-04-22 14:56:27-04:00,0.0
2011-04-22 14:56:30-04:00,0.0
2011-04-22 14:56:33-04:00,0.0
2011-04-22 14:56:36-04:00,0.0
2011-04-22 14:56:39-04:00,0.0
2011-04-22 14:56:42-04:00,0.0
2011-04-22 14:56:45-04:00,0.0
2011-04-22 14:56:48-04:00,0.0
2011-04-22 14:56:51-04:00,0.0
2011-04-22 14:56:54-04:00,0.0
2011-04-22 14:56:57-04:00,0.0
2011-04-22 14:57:00-04:00,0.0
2011-04-22 14:57:03-04:00,0.0
2011-04-22 14:57:06-04:00,0.0
2011-04-22 14:57:09-04:00,0.0
2011-04-22 14:57:12-04:00,0.0
2011-04-22 14:57:15-04:00,0.0
2011-04-22 14:57:18-04:00,0.0
2011-04-22 14:57:21-04:00,0.0
2011-04-22 14:57:24-04:00,0.0
2011-04-22 14:57:27-04:00,0.0
2011-04-22 14:57:30-04:00,0.0
2011-04-22 14:57:33-04:00,0.0
2011-04-22 14:57:36-04:00,0.0
2011-04-22 14:57:39-04:00,0.0
2011-04-22 14:57:42-04:00,0.0
2011-04-22 14:57:45-04:00,0.0
2011-04-22 14:57:48-04:00,0.0
2011-04-22 14:57:51-04:00,0.0
2011-04-22 14:57:54-04:00,0.0
2011-04-22 14:57:57-04:00,0.0
2011-04-22 14:58:00-04:00,0.0
2011-04-22 14:58:03-04:00,0.0
2011-04-22 14:58:06-04:00,0.0
2011-04-22 14:58:09-04:00,0.0
2011-04-22 14:58:12-04:00,0.0
2011-04-22 14:58:15-04:00,0.0
2011-04-22 14:58:18-04:00,0.0
2011-04-22 14:58:21-04:00,0.0
2011-04-22 14:58:24-04:00,0.0
2011-04-22 14:58:27-04:00,0.0
2011-04-22 14:58:30-04:00,0.0
2011-04-22 14:58:33-04:00,0.0
2011-04-22 14:58:36-04:00,0.0
2011-04-22 14:58:39-04:00,0.0
2011-04-22 14:58:42-04:00,0.0
2011-04-22 14:58:45-04:00,0.0
2011-04-22 14:58:48-04:00,0.0
2011-04-22 14:58:51-04:00,0.0
2011-04-22 14:58:54-04:00,0.0
2011-04-22 14:58:57-04:00,0.0
2011-04-22 14:59:00-04:00,0.0
2011-04-22 14:59:03-04:00,0.0
2011-04-22 14:59:06-04:00,0.0
2011-04-22 14:59:09-04:00,0.0
2011-04-22 14:59:12-04:00,0.0
2011-04-22 14:59:15-04:00,0.0
2011-04-22 14:59:18-04:00,0.0
2011-04-22 14:59:21-04:00,0.0
2011-04-22 14:59:24-04:00,0.0
2011-04-22 14:59:27-04:00,0.0
2011-04-22 14:59:30-04:00,0.0
2011-04-22 14:59:33-04:00,0.0
2011-04-22 14:59:36-04:00,0.0
2011-04-22 14:59:39-04:00,0.0
2011-04-22 14:59:42-04:00,0.0
2011-04-22 14:59:45-04:00,0.0
2011-04-22 14:59:48-04:00,0.0
2011-04-22 14:59:51-04:00,0.0
2011-04-22 14:59:54-04:00,0.0
2011-04-22 14:59:57-04:00,0.0
2011-04-22 15:00:00-04:00,0.0
2011-04-22 15:00:03-04:00,0.0
2011-04-22 15:00:06-04:00,0.0
2011-04-22 15:00:09-04:00,0.0
2011-04-22 15:00:12-04:00,0.0
2011-04-22 15:00:15-04:00,0.0
2011-04-22 15:00:18-04:00,0.0
2011-04-22 15:00:21-04:00,0.0
2011-04-22 15:00:24-04:00,0.0
2011-04-22 15:00:27-04:00,0.0
2011-04-22 15:00:30-04:00,0.0
2011-04-22 15:00:33-04:00,0.0
2011-04-22 15:00:36-04:00,0.0
2011-04-22 15:00:39-04:00,0.0
2011-04-22 15:00:42-04:00,0.0
2011-04-22 15:00:45-04:00,0.0
2011-04-22 15:00:48-04:00,0.0
2011-04-22 15:00:51-04:00,0.0
2011-04-22 15:00:54-04:00,0.0
2011-04-22 15:00:57-04:00,0.0
2011-04-22 15:01:00-04:00,0.0
2011-04-22 15:01:03-04:00,0.0
2011-04-22 15:01:06-04:00,0.0
2011-04-22 15:01:09-04:00,0.0
2011-04-22 15:01:12-04:00,0.0
2011-04-22 15:01:15-04:00,0.0
2011-04-22 15:01:18-04:00,0.0
2011-04-22 15:01:21-04:00,0.0
2011-04-22 15:01:24-04:00,0.0
2011-04-22 15:01:27-04:00,0.0
2011-04-22 15:01:30-04:00,0.0
2011-04-22 15:01:33-04:00,0.0
2011-04-22 15:01:36-04:00,0.0
2011-04-22 15:01:39-04:00,0.0
2011-04-22 15:01:42-04:00,0.0
2011-04-22 15:01:45-04:00,0.0
2011-04-22 15:01:48-04:00,0.0
2011-04-22 15:01:51-04:00,0.0
2011-04-22 15:01:54-04:00,0.0
2011-04-22 15:01:57-04:00,0.0
2011-04-22 15:02:00-04:00,0.0
2011-04-22 15:02:03-04:00,0.0
2011-04-22 15:02:06-04:00,0.0
2011-04-22 15:02:09-04:00,0.0
2011-04-22 15:02:12-04:00,1.6666666666666667
2011-04-22 15:02:15-04:00,3.75
2011-04-22 15:02:18-04:00,0.0
2011-04-22 15:02:21-04:00,0.0
2011-04-22 15:02:24-04:00,0.0
2011-04-22 15:02:27-04:00,0.0
2011-04-22 15:02:30-04:00,0.0
2011-04-22 15:02:33-04:00,0.0
2011-04-22 15:02:36-04:00,0.0
2011-04-22 15:02:39-04:00,0.0
2011-04-22 15:02:42-04:00,0.0
2011-04-22 15:02:45-04:00,0.0
2011-04-22 15:02:48-04:00,0.0
2011-04-22 15:02:51-04:00,0.0
2011-04-22 15:02:54-04:00,0.0
2011-04-22 15:02:57-04:00,0.0
2011-04-22 15:03:00-04:00,0.0
2011-04-22 15:03:03-04:00,0.0
2011-04-22 15:03:06-04:00,0.0
2011-04-22 15:03:09-04:00,0.0
2011-04-22 15:03:12-04:00,0.0
2011-04-22 15:03:15-04:00,0.0
2011-04-22 15:03:18-04:00,0.0
2011-04-22 15:03:21-04:00,0.0
2011-04-22 15:03:24-04:00,0.0
2011-04-22 15:03:27-04:00,0.0
2011-04-22 15:03:30-04:00,0.0
2011-04-22 15:03:33-04:00,0.0
2011-04-22 15:03:36-04:00,0.0
2011-04-22 15:03:39-04:00,0.0
2011-04-22 15:03:42-04:00,0.0
2011-04-22 15:03:45-04:00,0.0
2011-04-22 15:03:48-04:00,0.0
2011-04-22 15:03:51-04:00,0.0
2011-04-22 15:03:54-04:00,0.0
2011-04-22 15:03:57-04:00,0.0
2011-04-22 15:04:00-04:00,0.0
2011-04-22 15:04:03-04:00,0.0
2011-04-22 15:04:06-04:00,0.0
2011-04-22 15:04:09-04:00,0.0
2011-04-22 15:04:12-04:00,0.0
2011-04-22 15:04:15-04:00,0.0
2011-04-22 15:04:18-04:00,0.0
2011-04-22 15:04:21-04:00,0.0
2011-04-22 15:04:24-04:00,0.0
2011-04-22 15:04:27-04:00,0.0
2011-04-22 15:04:30-04:00,0.0
2011-04-22 15:04:33-04:00,0.0
2011-04-22 15:04:36-04:00,0.0
2011-04-22 15:04:39-04:00,0.0
2011-04-22 15:04:42-04:00,0.0
2011-04-22 15:04:45-04:00,0.0
2011-04-22 15:04:48-04:00,0.0
2011-04-22 15:04:51-04:00,0.0
2011-04-22 15:04:54-04:00,0.0
2011-04-22 15:04:57-04:00,0.0
2011-04-22 15:05:00-04:00,0.0
2011-04-22 15:05:03-04:00,0.0
2011-04-22 15:05:06-04:00,0.0
2011-04-22 15:05:09-04:00,0.0
2011-04-22 15:05:12-04:00,0.0
2011-04-22 15:05:15-04:00,0.0
2011-04-22 15:05:18-04:00,0.0
2011-04-22 15:05:21-04:00,0.0
2011-04-22 15:05:24-04:00,0.0
2011-04-22 15:05:27-04:00,0.0
2011-04-22 15:05:30-04:00,0.0
2011-04-22 15:05:33-04:00,0.0
2011-04-22 15:05:36-04:00,0.0
2011-04-22 15:05:39-04:00,0.0
2011-04-22 15:05:42-04:00,0.0
2011-04-22 15:05:45-04:00,0.0
2011-04-22 15:05:48-04:00,0.0
2011-04-22 15:05:51-04:00,0.0
2011-04-22 15:05:54-04:00,0.0
2011-04-22 15:05:57-04:00,0.0
2011-04-22 15:06:00-04:00,0.0
2011-04-22 15:06:03-04:00,0.0
2011-04-22 15:06:06-04:00,0.0
2011-04-22 15:06:09-04:00,0.0
2011-04-22 15:06:12-04:00,0.0
2011-04-22 15:06:15-04:00,0.0
2011-04-22 15:06:18-04:00,0.0
2011-04-22 15:06:21-04:00,0.0
2011-04-22 15:06:24-04:00,0.0
2011-04-22 15:06:27-04:00,0.0
2011-04-22 15:06:30-04:00,0.0
2011-04-22 15:06:33-04:00,0.0
2011-04-22 15:06:36-04:00,0.0
2011-04-22 15:06:39-04:00,0.0
2011-04-22 15:06:42-04:00,0.0
2011-04-22 15:06:45-04:00,0.0
2011-04-22 15:06:48-04:00,0.0
2011-04-22 15:06:51-04:00,0.0
2011-04-22 15:06:54-04:00,0.0
2011-04-22 15:06:57-04:00,0.0
2011-04-22 15:07:00-04:00,0.0
2011-04-22 15:07:03-04:00,0.0
2011-04-22 15:07:06-04:00,0.0
2011-04-22 15:07:09-04:00,0.0
2011-04-22 15:07:12-04:00,0.0
2011-04-22 15:07:15-04:00,0.0
2011-04-22 15:07:18-04:00,0.0
2011-04-22 15:07:21-04:00,0.0
2011-04-22 15:07:24-04:00,0.0
2011-04-22 15:07:27-04:00,0.0
2011-04-22 15:07:30-04:00,0.0
2011-04-22 15:07:33-04:00,0.0
2011-04-22 15:07:36-04:00,0.0
2011-04-22 15:07:39-04:00,0.0
2011-04-22 15:07:42-04:00,0.0
2011-04-22 15:07:45-04:00,0.0
2011-04-22 15:07:48-04:00,0.0
2011-04-22 15:07:51-04:00,0.0
2011-04-22 15:07:54-04:00,0.0
2011-04-22 15:07:57-04:00,0.0
2011-04-22 15:08:00-04:00,0.0
2011-04-22 15:08:03-04:00,0.0
2011-04-22 15:08:06-04:00,0.0
2011-04-22 15:08:09-04:00,0.0
2011-04-22 15:08:12-04:00,0.0
2011-04-22 15:08:15-04:00,0.0
2011-04-22 15:08:18-04:00,0.0
2011-04-22 15:08:21-04:00,0.0
2011-04-22 15:08:24-04:00,0.0
2011-04-22 15:08:27-04:00,0.0
2011-04-22 15:08:30-04:00,0.0
2011-04-22 15:08:33-04:00,0.0
2011-04-22 15:08:36-04:00,0.0
2011-04-22 15:08:39-04:00,0.0
2011-04-22 15:08:42-04:00,0.0
2011-04-22 15:08:45-04:00,0.0
2011-04-22 15:08:48-04:00,0.0
2011-04-22 15:08:51-04:00,0.0
2011-04-22 15:08:54-04:00,0.0
2011-04-22 15:08:57-04:00,0.0
2011-04-22 15:09:00-04:00,0.0
2011-04-22 15:09:03-04:00,0.0
2011-04-22 15:09:06-04:00,0.0
2011-04-22 15:09:09-04:00,0.0
2011-04-22 15:09:12-04:00,0.0
2011-04-22 15:09:15-04:00,0.0
2011-04-22 15:09:18-04:00,0.0
2011-04-22 15:09:21-04:00,0.0
2011-04-22 15:09:24-04:00,0.0
2011-04-22 15:09:27-04:00,0.0
2011-04-22 15:09:30-04:00,0.0
2011-04-22 15:09:33-04:00,0.0
2011-04-22 15:09:36-04:00,0.0
2011-04-22 15:09:39-04:00,0.0
2011-04-22 15:09:42-04:00,0.0
2011-04-22 15:09:45-04:00,0.0
2011-04-22 15:09:48-04:00,0.0
2011-04-22 15:09:51-04:00,0.0
2011-04-22 15:09:54-04:00,0.0
2011-04-22 15:09:57-04:00,0.0
2011-04-22 15:10:00-04:00,0.0
2011-04-22 15:10:03-04:00,0.0
2011-04-22 15:10:06-04:00,0.0
2011-04-22 15:10:09-04:00,0.0
2011-04-22 15:10:12-04:00,0.0
2011-04-22 15:10:15-04:00,0.0
2011-04-22 15:10:18-04:00,0.0
2011-04-22 15:10:21-04:00,0.0
2011-04-22 15:10:24-04:00,0.0
2011-04-22 15:10:27-04:00,0.0
2011-04-22 15:10:30-04:00,0.0
2011-04-22 15:10:33-04:00,0.0
2011-04-22 15:10:36-04:00,0.0
2011-04-22 15:10:39-04:00,0.0
2011-04-22 15:10:42-04:00,0.0
2011-04-22 15:10:45-04:00,0.0
2011-04-22 15:10:48-04:00,0.0
2011-04-22 15:10:51-04:00,0.0
2011-04-22 15:10:54-04:00,0.0
2011-04-22 15:10:57-04:00,0.0
2011-04-22 15:11:00-04:00,0.0
2011-04-22 15:11:03-04:00,0.0
2011-04-22 15:11:06-04:00,0.0
2011-04-22 15:11:09-04:00,0.0
2011-04-22 15:11:12-04:00,0.0
2011-04-22 15:11:15-04:00,0.0
2011-04-22 15:11:18-04:00,0.0
2011-04-22 15:11:21-04:00,0.0
2011-04-22 15:11:24-04:00,0.0
2011-04-22 15:11:27-04:00,0.0
2011-04-22 15:11:30-04:00,0.0
2011-04-22 15:11:33-04:00,0.0
2011-04-22 15:11:36-04:00,0.0
2011-04-22 15:11:39-04:00,0.0
2011-04-22 15:11:42-04:00,0.0
2011-04-22 15:11:45-04:00,0.0
2011-04-22 15:11:48-04:00,0.0
2011-04-22 15:11:51-04:00,0.0
2011-04-22 15:11:54-04:00,0.0
2011-04-22 15:11:57-04:00,0.0
2011-04-22 15:12:00-04:00,0.0
2011-04-22 15:12:03-04:00,0.0
2011-04-22 15:12:06-04:00,0.0
2011-04-22 15:12:09-04:00,0.0
2011-04-22 15:12:12-04:00,0.0
2011-04-22 15:12:15-04:00,0.0
2011-04-22 15:12:18-04:00,0.0
2011-04-22 15:12:21-04:00,0.0
2011-04-22 15:12:24-04:00,0.0
2011-04-22 15:12:27-04:00,0.0
2011-04-22 15:12:30-04:00,0.0
2011-04-22 15:12:33-04:00,0.0
2011-04-22 15:12:36-04:00,0.0
2011-04-22 15:12:39-04:00,0.0
2011-04-22 15:12:42-04:00,0.0
2011-04-22 15:12:45-04:00,0.3333333333333333
2011-04-22 15:12:48-04:00,1.0
2011-04-22 15:12:51-04:00,1.0
2011-04-22 15:12:54-04:00,1.0
2011-04-22 15:12:57-04:00,1.0
2011-04-22 15:13:00-04:00,1.0
2011-04-22 15:13:03-04:00,1.0
2011-04-22 15:13:06-04:00,1.0
2011-04-22 15:13:09-04:00,1.0
2011-04-22 15:13:12-04:00,1.0
2011-04-22 15:13:15-04:00,1.0
2011-04-22 15:13:18-04:00,1.0
2011-04-22 15:13:21-04:00,1.0
2011-04-22 15:13:24-04:00,0.25
2011-04-22 15:13:27-04:00,0.0
2011-04-22 15:13:30-04:00,0.0
2011-04-22 15:13:33-04:00,0.0
2011-04-22 15:13:36-04:00,0.0
2011-04-22 15:13:39-04:00,0.0
2011-04-22 15:13:42-04:00,0.0
2011-04-22 15:13:45-04:00,0.0
2011-04-22 15:13:48-04:00,0.5
2011-04-22 15:13:51-04:00,2.0
2011-04-22 15:13:54-04:00,1.0
2011-04-22 15:13:57-04:00,1.0
2011-04-22 15:14:00-04:00,1.0
2011-04-22 15:14:03-04:00,1.6666666666666665
2011-04-22 15:14:06-04:00,1.5
2011-04-22 15:14:09-04:00,1.3333333333333333
2011-04-22 15:14:12-04:00,2.0
2011-04-22 15:14:15-04:00,2.0
2011-04-22 15:14:18-04:00,1.0
2011-04-22 15:14:21-04:00,2.0
2011-04-22 15:14:24-04:00,2.0
2011-04-22 15:14:27-04:00,1.3333333333333335
2011-04-22 15:14:30-04:00,1.0
2011-04-22 15:14:33-04:00,1.0
2011-04-22 15:14:36-04:00,1.0
2011-04-22 15:14:39-04:00,1.6666666666666665
2011-04-22 15:14:42-04:00,2.0
2011-04-22 15:14:45-04:00,2.0
2011-04-22 15:14:48-04:00,1.6666666666666667
2011-04-22 15:14:51-04:00,1.25
2011-04-22 15:14:54-04:00,2.0
2011-04-22 15:14:57-04:00,2.0
2011-04-22 15:15:00-04:00,2.0
2011-04-22 15:15:03-04:00,1.25
2011-04-22 15:15:06-04:00,1.6666666666666665
2011-04-22 15:15:09-04:00,1.5
2011-04-22 15:15:12-04:00,1.0
2011-04-22 15:15:15-04:00,1.25
2011-04-22 15:15:18-04:00,2.0
2011-04-22 15:15:21-04:00,2.0
2011-04-22 15:15:24-04:00,1.0
2011-04-22 15:15:27-04:00,1.0
2011-04-22 15:15:30-04:00,1.0
2011-04-22 15:15:33-04:00,1.0
2011-04-22 15:15:36-04:00,1.0
2011-04-22 15:15:39-04:00,1.0
2011-04-22 15:15:42-04:00,1.0
2011-04-22 15:15:45-04:00,1.6666666666666665
2011-04-22 15:15:48-04:00,1.5
2011-04-22 15:15:51-04:00,1.0
2011-04-22 15:15:54-04:00,1.0
2011-04-22 15:15:57-04:00,1.0
2011-04-22 15:16:00-04:00,1.0
2011-04-22 15:16:03-04:00,1.75
2011-04-22 15:16:06-04:00,2.0
2011-04-22 15:16:09-04:00,1.3333333333333335
2011-04-22 15:16:12-04:00,1.0
2011-04-22 15:16:15-04:00,1.0
2011-04-22 15:16:18-04:00,1.0
2011-04-22 15:16:21-04:00,1.0
2011-04-22 15:16:24-04:00,1.0
2011-04-22 15:16:27-04:00,1.0
2011-04-22 15:16:30-04:00,1.0
2011-04-22 15:16:33-04:00,1.0
2011-04-22 15:16:36-04:00,1.0
2011-04-22 15:16:39-04:00,1.0
2011-04-22 15:16:42-04:00,1.0
2011-04-22 15:16:45-04:00,1.0
2011-04-22 15:16:48-04:00,1.3333333333333333
2011-04-22 15:16:51-04:00,2.0
2011-04-22 15:16:54-04:00,2.0
2011-04-22 15:16:57-04:00,2.0
2011-04-22 15:17:00-04:00,1.0
2011-04-22 15:17:03-04:00,1.75
2011-04-22 15:17:06-04:00,1.3333333333333335
2011-04-22 15:17:09-04:00,1.0
2011-04-22 15:17:12-04:00,1.0
2011-04-22 15:17:15-04:00,1.0
2011-04-22 15:17:18-04:00,1.0
2011-04-22 15:17:21-04:00,1.0
2011-04-22 15:17:24-04:00,1.0
2011-04-22 15:17:27-04:00,1.0
2011-04-22 15:17:30-04:00,1.0
2011-04-22 15:17:33-04:00,1.0
2011-04-22 15:17:36-04:00,1.0
2011-04-22 15:17:39-04:00,1.75
2011-04-22 15:17:42-04:00,1.3333333333333335
2011-04-22 15:17:45-04:00,1.5
2011-04-22 15:17:48-04:00,2.0
2011-04-22 15:17:51-04:00,2.0
2011-04-22 15:17:54-04:00,1.75
2011-04-22 15:17:57-04:00,1.0
2011-04-22 15:18:00-04:00,1.0
2011-04-22 15:18:03-04:00,1.0
2011-04-22 15:18:06-04:00,1.0
2011-04-22 15:18:09-04:00,1.0
2011-04-22 15:18:12-04:00,1.0
2011-04-22 15:18:15-04:00,1.0
2011-04-22 15:18:18-04:00,1.0
2011-04-22 15:18:21-04:00,1.0
2011-04-22 15:18:24-04:00,2.0
2011-04-22 15:18:27-04:00,1.25
2011-04-22 15:18:30-04:00,1.0
2011-04-22 15:18:33-04:00,1.0
2011-04-22 15:18:36-04:00,1.0
2011-04-22 15:18:39-04:00,1.75
2011-04-22 15:18:42-04:00,1.3333333333333335
2011-04-22 15:18:45-04:00,1.0
2011-04-22 15:18:48-04:00,1.0
2011-04-22 15:18:51-04:00,1.0
2011-04-22 15:18:54-04:00,1.0
2011-04-22 15:18:57-04:00,1.0
2011-04-22 15:19:00-04:00,1.0
2011-04-22 15:19:03-04:00,1.0
2011-04-22 15:19:06-04:00,1.6666666666666665
2011-04-22 15:19:09-04:00,1.3333333333333335
2011-04-22 15:19:12-04:00,1.5
2011-04-22 15:19:15-04:00,2.0
2011-04-22 15:19:18-04:00,1.75
2011-04-22 15:19:21-04:00,1.0
2011-04-22 15:19:24-04:00,1.0
2011-04-22 15:19:27-04:00,1.0
2011-04-22 15:19:30-04:00,1.0
2011-04-22 15:19:33-04:00,1.0
2011-04-22 15:19:36-04:00,1.0
2011-04-22 15:19:39-04:00,1.0
2011-04-22 15:19:42-04:00,1.0
2011-04-22 15:19:45-04:00,1.0
2011-04-22 15:19:48-04:00,1.0
2011-04-22 15:19:51-04:00,1.0
2011-04-22 15:19:54-04:00,1.0
2011-04-22 15:19:57-04:00,1.0
2011-04-22 15:20:00-04:00,1.0
2011-04-22 15:20:03-04:00,1.0
2011-04-22 15:20:06-04:00,1.0
2011-04-22 15:20:09-04:00,1.0
2011-04-22 15:20:12-04:00,1.0
2011-04-22 15:20:15-04:00,1.0
2011-04-22 15:20:18-04:00,1.0
2011-04-22 15:20:21-04:00,1.0
2011-04-22 15:20:24-04:00,1.0
2011-04-22 15:20:27-04:00,1.0
2011-04-22 15:20:30-04:00,1.0
2011-04-22 15:20:33-04:00,1.0
2011-04-22 15:20:36-04:00,1.0
2011-04-22 15:20:39-04:00,1.0
2011-04-22 15:20:42-04:00,1.0
2011-04-22 15:20:45-04:00,1.0
2011-04-22 15:20:48-04:00,1.0
2011-04-22 15:20:51-04:00,1.0
2011-04-22 15:20:54-04:00,1.0
2011-04-22 15:20:57-04:00,1.0
2011-04-22 15:21:00-04:00,1.6666666666666665
2011-04-22 15:21:03-04:00,1.3333333333333335
2011-04-22 15:21:06-04:00,1.0
2011-04-22 15:21:09-04:00,1.0
2011-04-22 15:21:12-04:00,1.0
2011-04-22 15:21:15-04:00,1.0
2011-04-22 15:21:18-04:00,1.0
2011-04-22 15:21:21-04:00,1.0
2011-04-22 15:21:24-04:00,1.0
2011-04-22 15:21:27-04:00,1.0
2011-04-22 15:21:30-04:00,1.0
2011-04-22 15:21:33-04:00,1.0
2011-04-22 15:21:36-04:00,1.0
2011-04-22 15:21:39-04:00,1.0
2011-04-22 15:21:42-04:00,1.0
2011-04-22 15:21:45-04:00,0.6666666666666667
2011-04-22 15:21:48-04:00,0.0
2011-04-22 15:21:51-04:00,0.0
2011-04-22 15:21:54-04:00,0.0
2011-04-22 15:21:57-04:00,0.0
2011-04-22 15:22:00-04:00,0.0
2011-04-22 15:22:03-04:00,0.0
2011-04-22 15:22:06-04:00,0.0
2011-04-22 15:22:09-04:00,0.0
2011-04-22 15:22:12-04:00,0.0
2011-04-22 15:22:15-04:00,0.0
2011-04-22 15:22:18-04:00,0.0
2011-04-22 15:22:21-04:00,0.0
2011-04-22 15:22:24-04:00,0.0
2011-04-22 15:22:27-04:00,0.0
2011-04-22 15:22:30-04:00,0.0
2011-04-22 15:22:33-04:00,0.0
2011-04-22 15:22:36-04:00,0.0
2011-04-22 15:22:39-04:00,0.0
2011-04-22 15:22:42-04:00,0.0
2011-04-22 15:22:45-04:00,0.0
2011-04-22 15:22:48-04:00,0.0
2011-04-22 15:22:51-04:00,0.0
2011-04-22 15:22:54-04:00,0.0
2011-04-22 15:22:57-04:00,0.0
2011-04-22 15:23:00-04:00,0.0
2011-04-22 15:23:03-04:00,0.0
2011-04-22 15:23:06-04:00,0.0
2011-04-22 15:23:09-04:00,0.0
2011-04-22 15:23:12-04:00,0.0
2011-04-22 15:23:15-04:00,0.0
2011-04-22 15:23:18-04:00,0.0
2011-04-22 15:23:21-04:00,0.0
2011-04-22 15:23:24-04:00,0.0
2011-04-22 15:23:27-04:00,0.0
2011-04-22 15:23:30-04:00,0.0
2011-04-22 15:23:33-04:00,0.0
2011-04-22 15:23:36-04:00,0.0
2011-04-22 15:23:39-04:00,0.0
2011-04-22 15:23:42-04:00,0.0
2011-04-22 15:23:45-04:00,0.0
2011-04-22 15:23:48-04:00,0.0
2011-04-22 15:23:51-04:00,0.0
2011-04-22 15:23:54-04:00,0.0
2011-04-22 15:23:57-04:00,0.0
2011-04-22 15:24:00-04:00,0.0
2011-04-22 15:24:03-04:00,0.0
2011-04-22 15:24:06-04:00,0.0
2011-04-22 15:24:09-04:00,0.0
2011-04-22 15:24:12-04:00,0.0
2011-04-22 15:24:15-04:00,0.0
2011-04-22 15:24:18-04:00,0.0
2011-04-22 15:24:21-04:00,0.0
2011-04-22 15:24:24-04:00,0.0
2011-04-22 15:24:27-04:00,0.0
2011-04-22 15:24:30-04:00,0.0
2011-04-22 15:24:33-04:00,0.0
2011-04-22 15:24:36-04:00,0.0
2011-04-22 15:24:39-04:00,0.0
2011-04-22 15:24:42-04:00,0.0
2011-04-22 15:24:45-04:00,0.0
2011-04-22 15:24:48-04:00,0.0
2011-04-22 15:24:51-04:00,0.0
2011-04-22 15:24:54-04:00,0.0
2011-04-22 15:24:57-04:00,0.0
2011-04-22 15:25:00-04:00,0.0
2011-04-22 15:25:03-04:00,0.0
2011-04-22 15:25:06-04:00,0.0
2011-04-22 15:25:09-04:00,0.0
2011-04-22 15:25:12-04:00,0.0
2011-04-22 15:25:15-04:00,0.0
2011-04-22 15:25:18-04:00,0.0
2011-04-22 15:25:21-04:00,0.0
2011-04-22 15:25:24-04:00,0.0
2011-04-22 15:25:27-04:00,0.0
2011-04-22 15:25:30-04:00,0.0
2011-04-22 15:25:33-04:00,0.0
2011-04-22 15:25:36-04:00,0.0
2011-04-22 15:25:39-04:00,0.0
2011-04-22 15:25:42-04:00,0.0
2011-04-22 15:25:45-04:00,0.0
2011-04-22 15:25:48-04:00,0.0
2011-04-22 15:25:51-04:00,0.0
2011-04-22 15:25:54-04:00,0.0
2011-04-22 15:25:57-04:00,0.0
2011-04-22 15:26:00-04:00,0.0
2011-04-22 15:26:03-04:00,0.0
2011-04-22 15:26:06-04:00,0.0
2011-04-22 15:26:09-04:00,0.0
2011-04-22 15:26:12-04:00,0.0
2011-04-22 15:26:15-04:00,0.0
2011-04-22 15:26:18-04:00,0.0
2011-04-22 15:26:21-04:00,0.0
2011-04-22 15:26:24-04:00,0.0
2011-04-22 15:26:27-04:00,0.0
2011-04-22 15:26:30-04:00,0.0
2011-04-22 15:26:33-04:00,0.0
2011-04-22 15:26:36-04:00,0.0
2011-04-22 15:26:39-04:00,0.0
2011-04-22 15:26:42-04:00,0.0
2011-04-22 15:26:45-04:00,0.0
2011-04-22 15:26:48-04:00,0.0
2011-04-22 15:26:51-04:00,0.0
2011-04-22 15:26:54-04:00,0.0
2011-04-22 15:26:57-04:00,0.0
2011-04-22 15:27:00-04:00,0.0
2011-04-22 15:27:03-04:00,0.0
2011-04-22 15:27:06-04:00,0.0
2011-04-22 15:27:09-04:00,0.0
2011-04-22 15:27:12-04:00,0.0
2011-04-22 15:27:15-04:00,0.0
2011-04-22 15:27:18-04:00,0.0
2011-04-22 15:27:21-04:00,0.0
2011-04-22 15:27:24-04:00,0.0
2011-04-22 15:27:27-04:00,0.0
2011-04-22 15:27:30-04:00,0.0
2011-04-22 15:27:33-04:00,0.0
2011-04-22 15:27:36-04:00,0.0
2011-04-22 15:27:39-04:00,0.0
2011-04-22 15:27:42-04:00,0.0
2011-04-22 15:27:45-04:00,0.0
2011-04-22 15:27:48-04:00,0.0
2011-04-22 15:27:51-04:00,0.0
2011-04-22 15:27:54-04:00,0.0
2011-04-22 15:27:57-04:00,0.0
2011-04-22 15:28:00-04:00,0.0
2011-04-22 15:28:03-04:00,0.0
2011-04-22 15:28:06-04:00,0.0
2011-04-22 15:28:09-04:00,0.0
2011-04-22 15:28:12-04:00,0.0
2011-04-22 15:28:15-04:00,0.0
2011-04-22 15:28:18-04:00,0.0
2011-04-22 15:28:21-04:00,0.0
2011-04-22 15:28:24-04:00,0.0
2011-04-22 15:28:27-04:00,0.0
2011-04-22 15:28:30-04:00,0.0
2011-04-22 15:28:33-04:00,0.0
2011-04-22 15:28:36-04:00,0.0
2011-04-22 15:28:39-04:00,0.0
2011-04-22 15:28:42-04:00,0.0
2011-04-22 15:28:45-04:00,0.0
2011-04-22 15:28:48-04:00,0.0
2011-04-22 15:28:51-04:00,0.0
2011-04-22 15:28:54-04:00,0.0
2011-04-22 15:28:57-04:00,0.0
2011-04-22 15:29:00-04:00,0.0
2011-04-22 15:29:03-04:00,0.0
2011-04-22 15:29:06-04:00,0.0
2011-04-22 15:29:09-04:00,0.0
2011-04-22 15:29:12-04:00,0.0
2011-04-22 15:29:15-04:00,0.0
2011-04-22 15:29:18-04:00,0.0
2011-04-22 15:29:21-04:00,0.0
2011-04-22 15:29:24-04:00,0.0
2011-04-22 15:29:27-04:00,0.0
2011-04-22 15:29:30-04:00,0.0
2011-04-22 15:29:33-04:00,0.0
2011-04-22 15:29:36-04:00,0.0
2011-04-22 15:29:39-04:00,0.0
2011-04-22 15:29:42-04:00,0.0
2011-04-22 15:29:45-04:00,0.0
2011-04-22 15:29:48-04:00,0.0
2011-04-22 15:29:51-04:00,0.0
2011-04-22 15:29:54-04:00,0.0
2011-04-22 15:29:57-04:00,0.0
2011-04-22 15:30:00-04:00,0.0
2011-04-22 15:30:03-04:00,0.0
2011-04-22 15:30:06-04:00,0.0
2011-04-22 15:30:09-04:00,0.0
2011-04-22 15:30:12-04:00,0.0
2011-04-22 15:30:15-04:00,0.0
2011-04-22 15:30:18-04:00,0.0
2011-04-22 15:30:21-04:00,0.0
2011-04-22 15:30:24-04:00,0.0
2011-04-22 15:30:27-04:00,0.0
2011-04-22 15:30:30-04:00,0.0
2011-04-22 15:30:33-04:00,0.0
2011-04-22 15:30:36-04:00,0.0
2011-04-22 15:30:39-04:00,0.0
2011-04-22 15:30:42-04:00,0.0
2011-04-22 15:30:45-04:00,0.0
2011-04-22 15:30:48-04:00,0.0
2011-04-22 15:30:51-04:00,0.0
2011-04-22 15:30:54-04:00,0.0
2011-04-22 15:30:57-04:00,0.0
2011-04-22 15:31:00-04:00,0.0
2011-04-22 15:31:03-04:00,0.0
2011-04-22 15:31:06-04:00,0.0
2011-04-22 15:31:09-04:00,0.0
2011-04-22 15:31:12-04:00,0.0
2011-04-22 15:31:15-04:00,0.0
2011-04-22 15:31:18-04:00,0.0
2011-04-22 15:31:21-04:00,0.0
2011-04-22 15:31:24-04:00,0.0
2011-04-22 15:31:27-04:00,0.0
2011-04-22 15:31:30-04:00,0.0
2011-04-22 15:31:33-04:00,0.0
2011-04-22 15:31:36-04:00,0.0
2011-04-22 15:31:39-04:00,0.0
2011-04-22 15:31:42-04:00,0.0
2011-04-22 15:31:45-04:00,0.0
2011-04-22 15:31:48-04:00,0.0
2011-04-22 15:31:51-04:00,0.0
2011-04-22 15:31:54-04:00,0.0
2011-04-22 15:31:57-04:00,0.0
2011-04-22 15:32:00-04:00,0.0
2011-04-22 15:32:03-04:00,0.0
2011-04-22 15:32:06-04:00,0.0
2011-04-22 15:32:09-04:00,0.0
2011-04-22 15:32:12-04:00,0.0
2011-04-22 15:32:15-04:00,0.0
2011-04-22 15:32:18-04:00,0.0
2011-04-22 15:32:21-04:00,0.0
2011-04-22 15:32:24-04:00,0.0
2011-04-22 15:32:27-04:00,0.0
2011-04-22 15:32:30-04:00,0.0
2011-04-22 15:32:33-04:00,0.0
2011-04-22 15:32:36-04:00,0.0
2011-04-22 15:32:39-04:00,0.0
2011-04-22 15:32:42-04:00,0.0
2011-04-22 15:32:45-04:00,0.0
2011-04-22 15:32:48-04:00,0.0
2011-04-22 15:32:51-04:00,0.0
2011-04-22 15:32:54-04:00,0.0
2011-04-22 15:32:57-04:00,0.0
2011-04-22 15:33:00-04:00,0.0
2011-04-22 15:33:03-04:00,0.0
2011-04-22 15:33:06-04:00,0.0
2011-04-22 15:33:09-04:00,0.0
2011-04-22 15:33:12-04:00,0.0
2011-04-22 15:33:15-04:00,0.0
2011-04-22 15:33:18-04:00,0.0
2011-04-22 15:33:21-04:00,0.0
2011-04-22 15:33:24-04:00,0.0
2011-04-22 15:33:27-04:00,0.0
2011-04-22 15:33:30-04:00,0.0
2011-04-22 15:33:33-04:00,0.0
2011-04-22 15:33:36-04:00,0.0
2011-04-22 15:33:39-04:00,0.0
2011-04-22 15:33:42-04:00,0.0
2011-04-22 15:33:45-04:00,0.0
2011-04-22 15:33:48-04:00,0.0
2011-04-22 15:33:51-04:00,0.0
2011-04-22 15:33:54-04:00,0.0
2011-04-22 15:33:57-04:00,0.0
2011-04-22 15:34:00-04:00,0.0
2011-04-22 15:34:03-04:00,0.0
2011-04-22 15:34:06-04:00,0.0
2011-04-22 15:34:09-04:00,0.0
2011-04-22 15:34:12-04:00,0.0
2011-04-22 15:34:15-04:00,0.0
2011-04-22 15:34:18-04:00,0.0
2011-04-22 15:34:21-04:00,0.0
2011-04-22 15:34:24-04:00,0.0
2011-04-22 15:34:27-04:00,0.0
2011-04-22 15:34:30-04:00,0.0
2011-04-22 15:34:33-04:00,0.0
2011-04-22 15:34:36-04:00,0.0
2011-04-22 15:34:39-04:00,0.0
2011-04-22 15:34:42-04:00,0.0
2011-04-22 15:34:45-04:00,0.0
2011-04-22 15:34:48-04:00,0.0
2011-04-22 15:34:51-04:00,0.0
2011-04-22 15:34:54-04:00,0.0
2011-04-22 15:34:57-04:00,0.0
2011-04-22 15:35:00-04:00,0.0
2011-04-22 15:35:03-04:00,0.0
2011-04-22 15:35:06-04:00,0.0
2011-04-22 15:35:09-04:00,0.0
2011-04-22 15:35:12-04:00,0.0
2011-04-22 15:35:15-04:00,0.0
2011-04-22 15:35:18-04:00,0.0
2011-04-22 15:35:21-04:00,0.0
2011-04-22 15:35:24-04:00,0.0
2011-04-22 15:35:27-04:00,0.0
2011-04-22 15:35:30-04:00,0.0
2011-04-22 15:35:33-04:00,0.0
2011-04-22 15:35:36-04:00,0.0
2011-04-22 15:35:39-04:00,0.0
2011-04-22 15:35:42-04:00,0.0
2011-04-22 15:35:45-04:00,0.0
2011-04-22 15:35:48-04:00,0.0
2011-04-22 15:35:51-04:00,0.0
2011-04-22 15:35:54-04:00,0.0
2011-04-22 15:35:57-04:00,0.0
2011-04-22 15:36:00-04:00,0.0
2011-04-22 15:36:03-04:00,0.0
2011-04-22 15:36:06-04:00,0.0
2011-04-22 15:36:09-04:00,0.0
2011-04-22 15:36:12-04:00,0.0
2011-04-22 15:36:15-04:00,0.0
2011-04-22 15:36:18-04:00,0.0
2011-04-22 15:36:21-04:00,0.0
2011-04-22 15:36:24-04:00,0.0
2011-04-22 15:36:27-04:00,0.0
2011-04-22 15:36:30-04:00,0.0
2011-04-22 15:36:33-04:00,0.0
2011-04-22 15:36:36-04:00,0.0
2011-04-22 15:36:39-04:00,0.0
2011-04-22 15:36:42-04:00,0.0
2011-04-22 15:36:45-04:00,0.0
2011-04-22 15:36:48-04:00,0.0
2011-04-22 15:36:51-04:00,0.0
2011-04-22 15:36:54-04:00,0.0
2011-04-22 15:36:57-04:00,0.0
2011-04-22 15:37:00-04:00,0.0
2011-04-22 15:37:03-04:00,0.0
2011-04-22 15:37:06-04:00,0.0
2011-04-22 15:37:09-04:00,0.0
2011-04-22 15:37:12-04:00,0.0
2011-04-22 15:37:15-04:00,0.0
2011-04-22 15:37:18-04:00,0.0
2011-04-22 15:37:21-04:00,0.0
2011-04-22 15:37:24-04:00,0.0
2011-04-22 15:37:27-04:00,0.0
2011-04-22 15:37:30-04:00,0.0
2011-04-22 15:37:33-04:00,0.0
2011-04-22 15:37:36-04:00,0.0
2011-04-22 15:37:39-04:00,0.0
2011-04-22 15:37:42-04:00,0.0
2011-04-22 15:37:45-04:00,0.0
2011-04-22 15:37:48-04:00,0.0
2011-04-22 15:37:51-04:00,0.0
2011-04-22 15:37:54-04:00,0.0
2011-04-22 15:37:57-04:00,0.0
2011-04-22 15:38:00-04:00,0.0
2011-04-22 15:38:03-04:00,0.0
2011-04-22 15:38:06-04:00,0.0
2011-04-22 15:38:09-04:00,0.0
2011-04-22 15:38:12-04:00,0.0
2011-04-22 15:38:15-04:00,0.0
2011-04-22 15:38:18-04:00,0.0
2011-04-22 15:38:21-04:00,0.0
2011-04-22 15:38:24-04:00,0.0
2011-04-22 15:38:27-04:00,0.0
2011-04-22 15:38:30-04:00,0.0
2011-04-22 15:38:33-04:00,0.0
2011-04-22 15:38:36-04:00,0.0
2011-04-22 15:38:39-04:00,0.0
2011-04-22 15:38:42-04:00,0.0
2011-04-22 15:38:45-04:00,0.0
2011-04-22 15:38:48-04:00,0.0
2011-04-22 15:38:51-04:00,0.0
2011-04-22 15:38:54-04:00,0.0
2011-04-22 15:38:57-04:00,0.0
2011-04-22 15:39:00-04:00,0.0
2011-04-22 15:39:03-04:00,0.0
2011-04-22 15:39:06-04:00,0.0
2011-04-22 15:39:09-04:00,0.0
2011-04-22 15:39:12-04:00,0.0
2011-04-22 15:39:15-04:00,0.0
2011-04-22 15:39:18-04:00,0.0
2011-04-22 15:39:21-04:00,0.0
2011-04-22 15:39:24-04:00,0.0
2011-04-22 15:39:27-04:00,0.0
2011-04-22 15:39:30-04:00,0.0
2011-04-22 15:39:33-04:00,0.0
2011-04-22 15:39:36-04:00,0.0
2011-04-22 15:39:39-04:00,0.0
2011-04-22 15:39:42-04:00,0.0
2011-04-22 15:39:45-04:00,0.0
2011-04-22 15:39:48-04:00,0.0
2011-04-22 15:39:51-04:00,0.0
2011-04-22 15:39:54-04:00,0.0
2011-04-22 15:39:57-04:00,0.0
2011-04-22 15:40:00-04:00,0.0
2011-04-22 15:40:03-04:00,0.0
2011-04-22 15:40:06-04:00,0.0
2011-04-22 15:40:09-04:00,0.0
2011-04-22 15:40:12-04:00,0.0
2011-04-22 15:40:15-04:00,0.0
2011-04-22 15:40:18-04:00,0.0
2011-04-22 15:40:21-04:00,0.0
2011-04-22 15:40:24-04:00,0.0
2011-04-22 15:40:27-04:00,0.0
2011-04-22 15:40:30-04:00,0.0
2011-04-22 15:40:33-04:00,0.0
2011-04-22 15:40:36-04:00,0.0
2011-04-22 15:40:39-04:00,0.0
2011-04-22 15:40:42-04:00,0.0
2011-04-22 15:40:45-04:00,0.0
2011-04-22 15:40:48-04:00,0.0
2011-04-22 15:40:51-04:00,0.0
2011-04-22 15:40:54-04:00,0.0
2011-04-22 15:40:57-04:00,0.0
2011-04-22 15:41:00-04:00,0.0
2011-04-22 15:41:03-04:00,0.0
2011-04-22 15:41:06-04:00,0.0
2011-04-22 15:41:09-04:00,0.0
2011-04-22 15:41:12-04:00,0.0
2011-04-22 15:41:15-04:00,0.0
2011-04-22 15:41:18-04:00,0.0
2011-04-22 15:41:21-04:00,0.0
