timestamp,power
2011-04-21 15:41:24-04:00,
2011-04-21 15:41:27-04:00,1.0
2011-04-21 15:41:30-04:00,1.0
2011-04-21 15:41:33-04:00,1.0
2011-04-21 15:41:36-04:00,1.0
2011-04-21 15:41:39-04:00,1.0
2011-04-21 15:41:42-04:00,1.0
2011-04-21 15:41:45-04:00,1.0
2011-04-21 15:41:48-04:00,1.0
2011-04-21 15:41:51-04:00,1.0
2011-04-21 15:41:54-04:00,1.0
2011-04-21 15:41:57-04:00,1.0
2011-04-21 15:42:00-04:00,1.0
2011-04-21 15:42:03-04:00,1.0
2011-04-21 15:42:06-04:00,1.0
2011-04-21 15:42:09-04:00,1.0
2011-04-21 15:42:12-04:00,1.0
2011-04-21 15:42:15-04:00,1.0
2011-04-21 15:42:18-04:00,1.0
2011-04-21 15:42:21-04:00,1.0
2011-04-21 15:42:24-04:00,1.0
2011-04-21 15:42:27-04:00,1.0
2011-04-21 15:42:30-04:00,1.0
2011-04-21 15:42:33-04:00,1.0
2011-04-21 15:42:36-04:00,1.0
2011-04-21 15:42:39-04:00,1.0
2011-04-21 15:42:42-04:00,1.0
2011-04-21 15:42:45-04:00,1.0
2011-04-21 15:42:48-04:00,1.0
2011-04-21 15:42:51-04:00,1.0
2011-04-21 15:42:54-04:00,1.0
2011-04-21 15:42:57-04:00,1.0
2011-04-21 15:43:00-04:00,1.0
2011-04-21 15:43:03-04:00,1.0
2011-04-21 15:43:06-04:00,1.0
2011-04-21 15:43:09-04:00,1.0
2011-04-21 15:43:12-04:00,1.0
2011-04-21 15:43:15-04:00,1.0
2011-04-21 15:43:18-04:00,1.0
2011-04-21 15:43:21-04:00,1.0
2011-04-21 15:43:24-04:00,1.0
2011-04-21 15:43:27-04:00,1.0
2011-04-21 15:43:30-04:00,1.0
2011-04-21 15:43:33-04:00,1.0
2011-04-21 15:43:36-04:00,1.0
2011-04-21 15:43:39-04:00,1.0
2011-04-21 15:43:42-04:00,1.0
2011-04-21 15:43:45-04:00,1.0
2011-04-21 15:43:48-04:00,1.0
2011-04-21 15:43:51-04:00,0.5
2011-04-21 15:43:54-04:00,0.3333333333333333
2011-04-21 15:43:57-04:00,1.0
2011-04-21 15:44:00-04:00,1.0
2011-04-21 15:44:03-04:00,1.0
2011-04-21 15:44:06-04:00,1.0
2011-04-21 15:44:09-04:00,1.0
2011-04-21 15:44:12-04:00,1.0
2011-04-21 15:44:15-04:00,1.0
2011-04-21 15:44:18-04:00,1.0
2011-04-21 15:44:21-04:00,1.0
2011-04-21 15:44:24-04:00,1.0
2011-04-21 15:44:27-04:00,1.0
2011-04-21 15:44:30-04:00,1.0
2011-04-21 15:44:33-04:00,1.0
2011-04-21 15:44:36-04:00,1.0
2011-04-21 15:44:39-04:00,1.0
2011-04-21 15:44:42-04:00,1.0
2011-04-21 15:44:45-04:00,1.0
2011-04-21 15:44:48-04:00,1.0
2011-04-21 15:44:51-04:00,1.0
2011-04-21 15:44:54-04:00,1.0
2011-04-21 15:44:57-04:00,1.0
2011-04-21 15:45:00-04:00,1.0
2011-04-21 15:45:03-04:00,1.0
2011-04-21 15:45:06-04:00,1.0
2011-04-21 15:45:09-04:00,1.0
2011-04-21 15:45:12-04:00,1.0
2011-04-21 15:45:15-04:00,0.5
2011-04-21 15:45:18-04:00,0.3333333333333333
2011-04-21 15:45:21-04:00,1.0
2011-04-21 15:45:24-04:00,1.0
2011-04-21 15:45:27-04:00,1.0
2011-04-21 15:45:30-04:00,1.0
2011-04-21 15:45:33-04:00,1.0
2011-04-21 15:45:36-04:00,1.0
2011-04-21 15:45:39-04:00,1.0
2011-04-21 15:45:42-04:00,1.0
2011-04-21 15:45:45-04:00,1.0
2011-04-21 15:45:48-04:00,1.0
2011-04-21 15:45:51-04:00,1.0
2011-04-21 15:45:54-04:00,0.6666666666666667
2011-04-21 15:45:57-04:00,0.3333333333333333
2011-04-21 15:46:00-04:00,1.0
2011-04-21 15:46:03-04:00,1.0
2011-04-21 15:46:06-04:00,1.0
2011-04-21 15:46:09-04:00,1.0
2011-04-21 15:46:12-04:00,1.0
2011-04-21 15:46:15-04:00,1.0
2011-04-21 15:46:18-04:00,1.0
2011-04-21 15:46:21-04:00,1.0
2011-04-21 15:46:24-04:00,1.0
2011-04-21 15:46:27-04:00,1.0
2011-04-21 15:46:30-04:00,1.0
2011-04-21 15:46:33-04:00,1.0
2011-04-21 15:46:36-04:00,1.0
2011-04-21 15:46:39-04:00,1.0
2011-04-21 15:46:42-04:00,1.0
2011-04-21 15:46:45-04:00,1.0
2011-04-21 15:46:48-04:00,1.0
2011-04-21 15:46:51-04:00,1.0
2011-04-21 15:46:54-04:00,1.0
2011-04-21 15:46:57-04:00,1.0
2011-04-21 15:47:00-04:00,1.0
2011-04-21 15:47:03-04:00,1.0
2011-04-21 15:47:06-04:00,1.0
2011-04-21 15:47:09-04:00,1.0
2011-04-21 15:47:12-04:00,1.0
2011-04-21 15:47:15-04:00,1.0
2011-04-21 15:47:18-04:00,1.0
2011-04-21 15:47:21-04:00,1.0
2011-04-21 15:47:24-04:00,1.0
2011-04-21 15:47:27-04:00,1.0
2011-04-21 15:47:30-04:00,1.0
2011-04-21 15:47:33-04:00,1.0
2011-04-21 15:47:36-04:00,1.0
2011-04-21 15:47:39-04:00,1.0
2011-04-21 15:47:42-04:00,1.0
2011-04-21 15:47:45-04:00,1.0
2011-04-21 15:47:48-04:00,1.0
2011-04-21 15:47:51-04:00,1.0
2011-04-21 15:47:54-04:00,1.0
2011-04-21 15:47:57-04:00,1.0
2011-04-21 15:48:00-04:00,1.0
2011-04-21 15:48:03-04:00,1.0
2011-04-21 15:48:06-04:00,1.0
2011-04-21 15:48:09-04:00,1.0
2011-04-21 15:48:12-04:00,0.25
2011-04-21 15:48:15-04:00,0.6666666666666666
2011-04-21 15:48:18-04:00,1.0
2011-04-21 15:48:21-04:00,1.0
2011-04-21 15:48:24-04:00,1.0
2011-04-21 15:48:27-04:00,1.0
2011-04-21 15:48:30-04:00,1.0
2011-04-21 15:48:33-04:00,1.0
2011-04-21 15:48:36-04:00,1.0
2011-04-21 15:48:39-04:00,1.0
2011-04-21 15:48:42-04:00,1.0
2011-04-21 15:48:45-04:00,1.0
2011-04-21 15:48:48-04:00,1.0
2011-04-21 15:48:51-04:00,1.0
2011-04-21 15:48:54-04:00,1.0
2011-04-21 15:48:57-04:00,1.0
2011-04-21 15:49:00-04:00,1.0
2011-04-21 15:49:03-04:00,1.0
2011-04-21 15:49:06-04:00,1.0
2011-04-21 15:49:09-04:00,1.0
2011-04-21 15:49:12-04:00,1.0
2011-04-21 15:49:15-04:00,1.0
2011-04-21 15:49:18-04:00,1.0
2011-04-21 15:49:21-04:00,1.0
2011-04-21 15:49:24-04:00,1.0
2011-04-21 15:49:27-04:00,1.0
2011-04-21 15:49:30-04:00,1.0
2011-04-21 15:49:33-04:00,1.0
2011-04-21 15:49:36-04:00,1.0
2011-04-21 15:49:39-04:00,1.0
2011-04-21 15:49:42-04:00,1.0
2011-04-21 15:49:45-04:00,1.0
2011-04-21 15:49:48-04:00,1.0
2011-04-21 15:49:51-04:00,1.0
2011-04-21 15:49:54-04:00,1.0
2011-04-21 15:49:57-04:00,1.0
2011-04-21 15:50:00-04:00,1.0
2011-04-21 15:50:03-04:00,1.0
2011-04-21 15:50:06-04:00,1.0
2011-04-21 15:50:09-04:00,1.0
2011-04-21 15:50:12-04:00,1.0
2011-04-21 15:50:15-04:00,1.0
2011-04-21 15:50:18-04:00,1.0
2011-04-21 15:50:21-04:00,1.0
2011-04-21 15:50:24-04:00,1.0
2011-04-21 15:50:27-04:00,1.0
2011-04-21 15:50:30-04:00,1.0
2011-04-21 15:50:33-04:00,1.0
2011-04-21 15:50:36-04:00,1.0
2011-04-21 15:50:39-04:00,1.0
2011-04-21 15:50:42-04:00,1.0
2011-04-21 15:50:45-04:00,1.0
2011-04-21 15:50:48-04:00,1.0
2011-04-21 15:50:51-04:00,1.0
2011-04-21 15:50:54-04:00,1.0
2011-04-21 15:50:57-04:00,1.0
2011-04-21 15:51:00-04:00,1.0
2011-04-21 15:51:03-04:00,1.0
2011-04-21 15:51:06-04:00,1.0
2011-04-21 15:51:09-04:00,1.0
2011-04-21 15:51:12-04:00,1.0
2011-04-21 15:51:15-04:00,1.0
2011-04-21 15:51:18-04:00,1.0
2011-04-21 15:51:21-04:00,1.0
2011-04-21 15:51:24-04:00,1.0
2011-04-21 15:51:27-04:00,1.0
2011-04-21 15:51:30-04:00,1.0
2011-04-21 15:51:33-04:00,1.0
2011-04-21 15:51:36-04:00,1.0
2011-04-21 15:51:39-04:00,1.0
2011-04-21 15:51:42-04:00,1.0
2011-04-21 15:51:45-04:00,1.0
2011-04-21 15:51:48-04:00,1.0
2011-04-21 15:51:51-04:00,1.0
2011-04-21 15:51:54-04:00,1.0
2011-04-21 15:51:57-04:00,1.0
2011-04-21 15:52:00-04:00,1.0
2011-04-21 15:52:03-04:00,1.0
2011-04-21 15:52:06-04:00,1.0
2011-04-21 15:52:09-04:00,1.0
2011-04-21 15:52:12-04:00,1.0
2011-04-21 15:52:15-04:00,1.0
2011-04-21 15:52:18-04:00,1.0
2011-04-21 15:52:21-04:00,1.0
2011-04-21 15:52:24-04:00,1.0
2011-04-21 15:52:27-04:00,1.0
2011-04-21 15:52:30-04:00,1.0
2011-04-21 15:52:33-04:00,1.0
2011-04-21 15:52:36-04:00,1.0
2011-04-21 15:52:39-04:00,1.0
2011-04-21 15:52:42-04:00,1.0
2011-04-21 15:52:45-04:00,1.0
2011-04-21 15:52:48-04:00,1.0
2011-04-21 15:52:51-04:00,1.0
2011-04-21 15:52:54-04:00,1.0
2011-04-21 15:52:57-04:00,1.0
2011-04-21 15:53:00-04:00,1.0
2011-04-21 15:53:03-04:00,1.0
2011-04-21 15:53:06-04:00,1.0
2011-04-21 15:53:09-04:00,1.0
2011-04-21 15:53:12-04:00,1.0
2011-04-21 15:53:15-04:00,1.0
2011-04-21 15:53:18-04:00,1.0
2011-04-21 15:53:21-04:00,1.0
2011-04-21 15:53:24-04:00,1.0
2011-04-21 15:53:27-04:00,1.0
2011-04-21 15:53:30-04:00,1.0
2011-04-21 15:53:33-04:00,1.0
2011-04-21 15:53:36-04:00,1.0
2011-04-21 15:53:39-04:00,1.0
2011-04-21 15:53:42-04:00,1.0
2011-04-21 15:53:45-04:00,1.0
2011-04-21 15:53:48-04:00,1.0
2011-04-21 15:53:51-04:00,1.0
2011-04-21 15:53:54-04:00,1.0
2011-04-21 15:53:57-04:00,1.0
2011-04-21 15:54:00-04:00,1.0
2011-04-21 15:54:03-04:00,0.25
2011-04-21 15:54:06-04:00,0.6666666666666666
2011-04-21 15:54:09-04:00,1.0
2011-04-21 15:54:12-04:00,1.0
2011-04-21 15:54:15-04:00,1.0
2011-04-21 15:54:18-04:00,1.0
2011-04-21 15:54:21-04:00,1.0
2011-04-21 15:54:24-04:00,1.0
2011-04-21 15:54:27-04:00,1.0
2011-04-21 15:54:30-04:00,1.0
2011-04-21 15:54:33-04:00,1.0
2011-04-21 15:54:36-04:00,1.0
2011-04-21 15:54:39-04:00,1.0
2011-04-21 15:54:42-04:00,1.0
2011-04-21 15:54:45-04:00,1.0
2011-04-21 15:54:48-04:00,1.0
2011-04-21 15:54:51-04:00,1.0
2011-04-21 15:54:54-04:00,1.0
2011-04-21 15:54:57-04:00,1.0
2011-04-21 15:55:00-04:00,1.0
2011-04-21 15:55:03-04:00,1.0
2011-04-21 15:55:06-04:00,1.0
2011-04-21 15:55:09-04:00,1.0
2011-04-21 15:55:12-04:00,1.0
2011-04-21 15:55:15-04:00,1.0
2011-04-21 15:55:18-04:00,1.0
2011-04-21 15:55:21-04:00,1.0
2011-04-21 15:55:24-04:00,1.0
2011-04-21 15:55:27-04:00,1.0
2011-04-21 15:55:30-04:00,1.0
2011-04-21 15:55:33-04:00,1.0
2011-04-21 15:55:36-04:00,1.0
2011-04-21 15:55:39-04:00,1.0
2011-04-21 15:55:42-04:00,1.0
2011-04-21 15:55:45-04:00,1.0
2011-04-21 15:55:48-04:00,1.0
2011-04-21 15:55:51-04:00,1.0
2011-04-21 15:55:54-04:00,1.0
2011-04-21 15:55:57-04:00,1.0
2011-04-21 15:56:00-04:00,1.0
2011-04-21 15:56:03-04:00,1.0
2011-04-21 15:56:06-04:00,1.0
2011-04-21 15:56:09-04:00,1.0
2011-04-21 15:56:12-04:00,1.0
2011-04-21 15:56:15-04:00,1.0
2011-04-21 15:56:18-04:00,1.0
2011-04-21 15:56:21-04:00,1.0
2011-04-21 15:56:24-04:00,1.0
2011-04-21 15:56:27-04:00,1.0
2011-04-21 15:56:30-04:00,1.0
2011-04-21 15:56:33-04:00,1.0
2011-04-21 15:56:36-04:00,1.0
2011-04-21 15:56:39-04:00,1.0
2011-04-21 15:56:42-04:00,1.0
2011-04-21 15:56:45-04:00,1.0
2011-04-21 15:56:48-04:00,1.0
2011-04-21 15:56:51-04:00,1.0
2011-04-21 15:56:54-04:00,1.0
2011-04-21 15:56:57-04:00,1.0
2011-04-21 15:57:00-04:00,1.0
2011-04-21 15:57:03-04:00,1.0
2011-04-21 15:57:06-04:00,1.0
2011-04-21 15:57:09-04:00,1.0
2011-04-21 15:57:12-04:00,1.0
2011-04-21 15:57:15-04:00,1.0
2011-04-21 15:57:18-04:00,1.0
2011-04-21 15:57:21-04:00,1.0
2011-04-21 15:57:24-04:00,1.0
2011-04-21 15:57:27-04:00,1.0
2011-04-21 15:57:30-04:00,1.0
2011-04-21 15:57:33-04:00,1.0
2011-04-21 15:57:36-04:00,1.0
2011-04-21 15:57:39-04:00,1.0
2011-04-21 15:57:42-04:00,1.0
2011-04-21 15:57:45-04:00,1.0
2011-04-21 15:57:48-04:00,1.0
2011-04-21 15:57:51-04:00,1.0
2011-04-21 15:57:54-04:00,1.0
2011-04-21 15:57:57-04:00,1.0
2011-04-21 15:58:00-04:00,0.5
2011-04-21 15:58:03-04:00,0.3333333333333333
2011-04-21 15:58:06-04:00,1.0
2011-04-21 15:58:09-04:00,1.0
2011-04-21 15:58:12-04:00,1.0
2011-04-21 15:58:15-04:00,1.0
2011-04-21 15:58:18-04:00,1.0
2011-04-21 15:58:21-04:00,1.0
2011-04-21 15:58:24-04:00,1.0
2011-04-21 15:58:27-04:00,1.0
2011-04-21 15:58:30-04:00,1.0
2011-04-21 15:58:33-04:00,1.0
2011-04-21 15:58:36-04:00,1.0
2011-04-21 15:58:39-04:00,1.0
2011-04-21 15:58:42-04:00,1.0
2011-04-21 15:58:45-04:00,1.0
2011-04-21 15:58:48-04:00,0.33333333333333337
2011-04-21 15:58:51-04:00,0.0
2011-04-21 15:58:54-04:00,0.5
2011-04-21 15:58:57-04:00,1.0
2011-04-21 15:59:00-04:00,1.0
2011-04-21 15:59:03-04:00,1.0
2011-04-21 15:59:06-04:00,1.0
2011-04-21 15:59:09-04:00,1.0
2011-04-21 15:59:12-04:00,1.0
2011-04-21 15:59:15-04:00,1.0
2011-04-21 15:59:18-04:00,1.0
2011-04-21 15:59:21-04:00,1.0
2011-04-21 15:59:24-04:00,1.0
2011-04-21 15:59:27-04:00,1.0
2011-04-21 15:59:30-04:00,1.0
2011-04-21 15:59:33-04:00,1.0
2011-04-21 15:59:36-04:00,1.0
2011-04-21 15:59:39-04:00,1.0
2011-04-21 15:59:42-04:00,1.0
2011-04-21 15:59:45-04:00,1.0
2011-04-21 15:59:48-04:00,1.0
2011-04-21 15:59:51-04:00,1.0
2011-04-21 15:59:54-04:00,0.75
2011-04-21 15:59:57-04:00,0.0
2011-04-21 16:00:00-04:00,1.0
2011-04-21 16:00:03-04:00,1.0
2011-04-21 16:00:06-04:00,1.0
2011-04-21 16:00:09-04:00,1.0
2011-04-21 16:00:12-04:00,1.0
2011-04-21 16:00:15-04:00,1.0
2011-04-21 16:00:18-04:00,0.75
2011-04-21 16:00:21-04:00,0.0
2011-04-21 16:00:24-04:00,1.0
2011-04-21 16:00:27-04:00,1.0
2011-04-21 16:00:30-04:00,1.0
2011-04-21 16:00:33-04:00,1.0
2011-04-21 16:00:36-04:00,1.0
2011-04-21 16:00:39-04:00,1.0
2011-04-21 16:00:42-04:00,1.0
2011-04-21 16:00:45-04:00,1.0
2011-04-21 16:00:48-04:00,1.0
2011-04-21 16:00:51-04:00,1.0
2011-04-21 16:00:54-04:00,0.75
2011-04-21 16:00:57-04:00,0.0
2011-04-21 16:01:00-04:00,1.0
2011-04-21 16:01:03-04:00,0.0
2011-04-21 16:01:06-04:00,0.0
2011-04-21 16:01:09-04:00,0.6666666666666666
2011-04-21 16:01:12-04:00,1.0
2011-04-21 16:01:15-04:00,1.0
2011-04-21 16:01:18-04:00,1.0
2011-04-21 16:01:21-04:00,1.0
2011-04-21 16:01:24-04:00,1.0
2011-04-21 16:01:27-04:00,1.0
2011-04-21 16:01:30-04:00,1.0
2011-04-21 16:01:33-04:00,1.0
2011-04-21 16:01:36-04:00,1.0
2011-04-21 16:01:39-04:00,1.0
2011-04-21 16:01:42-04:00,1.0
2011-04-21 16:01:45-04:00,1.0
2011-04-21 16:01:48-04:00,1.0
2011-04-21 16:01:51-04:00,1.0
2011-04-21 16:01:54-04:00,1.0
2011-04-21 16:01:57-04:00,1.0
2011-04-21 16:02:00-04:00,1.0
2011-04-21 16:02:03-04:00,1.0
2011-04-21 16:02:06-04:00,1.0
2011-04-21 16:02:09-04:00,1.0
2011-04-21 16:02:12-04:00,1.0
2011-04-21 16:02:15-04:00,1.0
2011-04-21 16:02:18-04:00,1.0
2011-04-21 16:02:21-04:00,1.0
2011-04-21 16:02:24-04:00,1.0
2011-04-21 16:02:27-04:00,1.0
2011-04-21 16:02:30-04:00,0.625
2011-04-21 16:02:33-04:00,0.25
2011-04-21 16:02:36-04:00,0.25
2011-04-21 16:02:39-04:00,1.0
2011-04-21 16:02:42-04:00,1.0
2011-04-21 16:02:45-04:00,0.25
2011-04-21 16:02:48-04:00,0.6666666666666666
2011-04-21 16:02:51-04:00,1.0
2011-04-21 16:02:54-04:00,1.0
2011-04-21 16:02:57-04:00,1.0
2011-04-21 16:03:00-04:00,1.0
2011-04-21 16:03:03-04:00,1.0
2011-04-21 16:03:06-04:00,1.0
2011-04-21 16:03:09-04:00,1.0
2011-04-21 16:03:12-04:00,1.0
2011-04-21 16:03:15-04:00,0.5
2011-04-21 16:03:18-04:00,0.3333333333333333
2011-04-21 16:03:21-04:00,0.75
2011-04-21 16:03:24-04:00,0.0
2011-04-21 16:03:27-04:00,1.0
2011-04-21 16:03:30-04:00,1.0
2011-04-21 16:03:33-04:00,1.0
2011-04-21 16:03:36-04:00,1.0
2011-04-21 16:03:39-04:00,1.0
2011-04-21 16:03:42-04:00,1.0
2011-04-21 16:03:45-04:00,1.0
2011-04-21 16:03:48-04:00,1.0
2011-04-21 16:03:51-04:00,1.0
2011-04-21 16:03:54-04:00,1.0
2011-04-21 16:03:57-04:00,1.0
2011-04-21 16:04:00-04:00,1.0
2011-04-21 16:04:03-04:00,1.0
2011-04-21 16:04:06-04:00,1.0
2011-04-21 16:04:09-04:00,1.0
2011-04-21 16:04:12-04:00,1.0
2011-04-21 16:04:15-04:00,1.0
2011-04-21 16:04:18-04:00,1.0
2011-04-21 16:04:21-04:00,1.0
2011-04-21 16:04:24-04:00,1.0
2011-04-21 16:04:27-04:00,1.0
2011-04-21 16:04:30-04:00,1.0
2011-04-21 16:04:33-04:00,1.0
2011-04-21 16:04:36-04:00,1.0
2011-04-21 16:04:39-04:00,1.0
2011-04-21 16:04:42-04:00,1.0
2011-04-21 16:04:45-04:00,1.0
2011-04-21 16:04:48-04:00,1.0
2011-04-21 16:04:51-04:00,1.0
2011-04-21 16:04:54-04:00,1.0
2011-04-21 16:04:57-04:00,1.0
2011-04-21 16:05:00-04:00,1.0
2011-04-21 16:05:03-04:00,1.0
2011-04-21 16:05:06-04:00,1.0
2011-04-21 16:05:09-04:00,1.0
2011-04-21 16:05:12-04:00,1.0
2011-04-21 16:05:15-04:00,1.0
2011-04-21 16:05:18-04:00,1.0
2011-04-21 16:05:21-04:00,1.0
2011-04-21 16:05:24-04:00,1.0
2011-04-21 16:05:27-04:00,1.0
2011-04-21 16:05:30-04:00,0.6666666666666667
2011-04-21 16:05:33-04:00,0.33333333333333337
2011-04-21 16:05:36-04:00,0.0
2011-04-21 16:05:39-04:00,1.0
2011-04-21 16:05:42-04:00,1.0
2011-04-21 16:05:45-04:00,1.0
2011-04-21 16:05:48-04:00,1.0
2011-04-21 16:05:51-04:00,1.0
2011-04-21 16:05:54-04:00,1.0
2011-04-21 16:05:57-04:00,1.0
2011-04-21 16:06:00-04:00,1.0
2011-04-21 16:06:03-04:00,1.0
2011-04-21 16:06:06-04:00,1.0
2011-04-21 16:06:09-04:00,1.0
2011-04-21 16:06:12-04:00,1.0
2011-04-21 16:06:15-04:00,1.0
2011-04-21 16:06:18-04:00,1.0
2011-04-21 16:06:21-04:00,1.0
2011-04-21 16:06:24-04:00,1.0
2011-04-21 16:06:27-04:00,1.0
2011-04-21 16:06:30-04:00,1.0
2011-04-21 16:06:33-04:00,1.0
2011-04-21 16:06:36-04:00,1.0
2011-04-21 16:06:39-04:00,1.0
2011-04-21 16:06:42-04:00,1.0
2011-04-21 16:06:45-04:00,1.0
2011-04-21 16:06:48-04:00,1.0
2011-04-21 16:06:51-04:00,1.0
2011-04-21 16:06:54-04:00,1.0
2011-04-21 16:06:57-04:00,1.0
2011-04-21 16:07:00-04:00,1.0
2011-04-21 16:07:03-04:00,1.0
2011-04-21 16:07:06-04:00,1.0
2011-04-21 16:07:09-04:00,1.0
2011-04-21 16:07:12-04:00,1.0
2011-04-21 16:07:15-04:00,1.0
2011-04-21 16:07:18-04:00,1.0
2011-04-21 16:07:21-04:00,1.0
2011-04-21 16:07:24-04:00,1.0
2011-04-21 16:07:27-04:00,1.0
2011-04-21 16:07:30-04:00,1.0
2011-04-21 16:07:33-04:00,1.0
2011-04-21 16:07:36-04:00,1.0
2011-04-21 16:07:39-04:00,1.0
2011-04-21 16:07:42-04:00,1.0
2011-04-21 16:07:45-04:00,1.0
2011-04-21 16:07:48-04:00,1.0
2011-04-21 16:07:51-04:00,1.0
2011-04-21 16:07:54-04:00,1.0
2011-04-21 16:07:57-04:00,1.0
2011-04-21 16:08:00-04:00,1.0
2011-04-21 16:08:03-04:00,1.0
2011-04-21 16:08:06-04:00,1.0
2011-04-21 16:08:09-04:00,1.0
2011-04-21 16:08:12-04:00,1.0
2011-04-21 16:08:15-04:00,1.0
2011-04-21 16:08:18-04:00,1.0
2011-04-21 16:08:21-04:00,1.0
2011-04-21 16:08:24-04:00,1.0
2011-04-21 16:08:27-04:00,1.0
2011-04-21 16:08:30-04:00,1.0
2011-04-21 16:08:33-04:00,1.0
2011-04-21 16:08:36-04:00,1.0
2011-04-21 16:08:39-04:00,1.0
2011-04-21 16:08:42-04:00,1.0
2011-04-21 16:08:45-04:00,1.0
2011-04-21 16:08:48-04:00,1.0
2011-04-21 16:08:51-04:00,1.0
2011-04-21 16:08:54-04:00,1.0
2011-04-21 16:08:57-04:00,1.0
2011-04-21 16:09:00-04:00,1.0
2011-04-21 16:09:03-04:00,1.0
2011-04-21 16:09:06-04:00,1.0
2011-04-21 16:09:09-04:00,1.0
2011-04-21 16:09:12-04:00,1.0
2011-04-21 16:09:15-04:00,1.0
2011-04-21 16:09:18-04:00,1.0
2011-04-21 16:09:21-04:00,1.0
2011-04-21 16:09:24-04:00,1.0
2011-04-21 16:09:27-04:00,1.0
2011-04-21 16:09:30-04:00,1.0
2011-04-21 16:09:33-04:00,1.0
2011-04-21 16:09:36-04:00,1.0
2011-04-21 16:09:39-04:00,1.0
2011-04-21 16:09:42-04:00,1.0
2011-04-21 16:09:45-04:00,1.0
2011-04-21 16:09:48-04:00,1.0
2011-04-21 16:09:51-04:00,1.0
2011-04-21 16:09:54-04:00,1.0
2011-04-21 16:09:57-04:00,1.0
2011-04-21 16:10:00-04:00,1.0
2011-04-21 16:10:03-04:00,1.0
2011-04-21 16:10:06-04:00,1.0
2011-04-21 16:10:09-04:00,1.0
2011-04-21 16:10:12-04:00,1.0
2011-04-21 16:10:15-04:00,1.0
2011-04-21 16:10:18-04:00,1.0
2011-04-21 16:10:21-04:00,1.0
2011-04-21 16:10:24-04:00,1.0
2011-04-21 16:10:27-04:00,1.0
2011-04-21 16:10:30-04:00,1.0
2011-04-21 16:10:33-04:00,1.0
2011-04-21 16:10:36-04:00,1.0
2011-04-21 16:10:39-04:00,1.0
2011-04-21 16:10:42-04:00,1.0
2011-04-21 16:10:45-04:00,1.0
2011-04-21 16:10:48-04:00,1.0
2011-04-21 16:10:51-04:00,1.0
2011-04-21 16:10:54-04:00,1.0
2011-04-21 16:10:57-04:00,1.0
2011-04-21 16:11:00-04:00,1.0
2011-04-21 16:11:03-04:00,1.0
2011-04-21 16:11:06-04:00,1.0
2011-04-21 16:11:09-04:00,1.0
2011-04-21 16:11:12-04:00,1.0
2011-04-21 16:11:15-04:00,1.0
2011-04-21 16:11:18-04:00,1.0
2011-04-21 16:11:21-04:00,1.0
2011-04-21 16:11:24-04:00,1.0
2011-04-21 16:11:27-04:00,1.0
2011-04-21 16:11:30-04:00,1.0
2011-04-21 16:11:33-04:00,1.0
2011-04-21 16:11:36-04:00,1.0
2011-04-21 16:11:39-04:00,1.0
2011-04-21 16:11:42-04:00,1.0
2011-04-21 16:11:45-04:00,1.0
2011-04-21 16:11:48-04:00,1.0
2011-04-21 16:11:51-04:00,1.0
2011-04-21 16:11:54-04:00,1.0
2011-04-21 16:11:57-04:00,0.6666666666666667
2011-04-21 16:12:00-04:00,0.25
2011-04-21 16:12:03-04:00,1.0
2011-04-21 16:12:06-04:00,1.0
2011-04-21 16:12:09-04:00,1.0
2011-04-21 16:12:12-04:00,1.0
2011-04-21 16:12:15-04:00,1.0
2011-04-21 16:12:18-04:00,1.0
2011-04-21 16:12:21-04:00,1.0
2011-04-21 16:12:24-04:00,1.0
2011-04-21 16:12:27-04:00,0.0
2011-04-21 16:12:30-04:00,0.3333333333333333
2011-04-21 16:12:33-04:00,0.6666666666666666
2011-04-21 16:12:36-04:00,1.0
2011-04-21 16:12:39-04:00,1.0
2011-04-21 16:12:42-04:00,1.0
2011-04-21 16:12:45-04:00,1.0
2011-04-21 16:12:48-04:00,1.0
2011-04-21 16:12:51-04:00,1.0
2011-04-21 16:12:54-04:00,1.0
2011-04-21 16:12:57-04:00,1.0
2011-04-21 16:13:00-04:00,1.0
2011-04-21 16:13:03-04:00,1.0
2011-04-21 16:13:06-04:00,1.0
2011-04-21 16:13:09-04:00,1.0
2011-04-21 16:13:12-04:00,1.0
2011-04-21 16:13:15-04:00,1.0
2011-04-21 16:13:18-04:00,1.0
2011-04-21 16:13:21-04:00,1.0
2011-04-21 16:13:24-04:00,1.0
2011-04-21 16:13:27-04:00,1.0
2011-04-21 16:13:30-04:00,1.0
2011-04-21 16:13:33-04:00,1.0
2011-04-21 16:13:36-04:00,1.0
2011-04-21 16:13:39-04:00,1.0
2011-04-21 16:13:42-04:00,1.0
2011-04-21 16:13:45-04:00,1.0
2011-04-21 16:13:48-04:00,1.0
2011-04-21 16:13:51-04:00,1.0
2011-04-21 16:13:54-04:00,1.0
2011-04-21 16:13:57-04:00,1.0
2011-04-21 16:14:00-04:00,1.0
2011-04-21 16:14:03-04:00,1.0
2011-04-21 16:14:06-04:00,1.0
2011-04-21 16:14:09-04:00,1.0
2011-04-21 16:14:12-04:00,1.0
2011-04-21 16:14:15-04:00,1.0
2011-04-21 16:14:18-04:00,1.0
2011-04-21 16:14:21-04:00,1.0
2011-04-21 16:14:24-04:00,1.0
2011-04-21 16:14:27-04:00,1.0
2011-04-21 16:14:30-04:00,1.0
2011-04-21 16:14:33-04:00,1.0
2011-04-21 16:14:36-04:00,1.0
2011-04-21 16:14:39-04:00,1.0
2011-04-21 16:14:42-04:00,1.0
2011-04-21 16:14:45-04:00,1.0
2011-04-21 16:14:48-04:00,1.0
2011-04-21 16:14:51-04:00,1.0
2011-04-21 16:14:54-04:00,1.0
2011-04-21 16:14:57-04:00,1.0
2011-04-21 16:15:00-04:00,1.0
2011-04-21 16:15:03-04:00,1.0
2011-04-21 16:15:06-04:00,1.0
2011-04-21 16:15:09-04:00,1.0
2011-04-21 16:15:12-04:00,1.0
2011-04-21 16:15:15-04:00,1.0
2011-04-21 16:15:18-04:00,1.0
2011-04-21 16:15:21-04:00,1.0
2011-04-21 16:15:24-04:00,1.0
2011-04-21 16:15:27-04:00,1.0
2011-04-21 16:15:30-04:00,1.0
2011-04-21 16:15:33-04:00,1.0
2011-04-21 16:15:36-04:00,1.0
2011-04-21 16:15:39-04:00,1.0
2011-04-21 16:15:42-04:00,1.0
2011-04-21 16:15:45-04:00,1.0
2011-04-21 16:15:48-04:00,1.0
2011-04-21 16:15:51-04:00,1.0
2011-04-21 16:15:54-04:00,1.0
2011-04-21 16:15:57-04:00,1.0
2011-04-21 16:16:00-04:00,1.0
2011-04-21 16:16:03-04:00,1.0
2011-04-21 16:16:06-04:00,1.0
2011-04-21 16:16:09-04:00,1.0
2011-04-21 16:16:12-04:00,1.0
2011-04-21 16:16:15-04:00,1.0
2011-04-21 16:16:18-04:00,1.0
2011-04-21 16:16:21-04:00,1.0
2011-04-21 16:16:24-04:00,1.0
2011-04-21 16:16:27-04:00,1.0
2011-04-21 16:16:30-04:00,1.0
2011-04-21 16:16:33-04:00,1.0
2011-04-21 16:16:36-04:00,1.0
2011-04-21 16:16:39-04:00,1.0
2011-04-21 16:16:42-04:00,1.0
2011-04-21 16:16:45-04:00,1.0
2011-04-21 16:16:48-04:00,1.0
2011-04-21 16:16:51-04:00,1.0
2011-04-21 16:16:54-04:00,1.0
2011-04-21 16:16:57-04:00,1.0
2011-04-21 16:17:00-04:00,1.0
2011-04-21 16:17:03-04:00,1.0
2011-04-21 16:17:06-04:00,1.0
2011-04-21 16:17:09-04:00,0.75
2011-04-21 16:17:12-04:00,0.0
2011-04-21 16:17:15-04:00,1.0
2011-04-21 16:17:18-04:00,1.0
2011-04-21 16:17:21-04:00,1.0
2011-04-21 16:17:24-04:00,1.0
2011-04-21 16:17:27-04:00,1.0
2011-04-21 16:17:30-04:00,1.0
2011-04-21 16:17:33-04:00,1.0
2011-04-21 16:17:36-04:00,1.0
2011-04-21 16:17:39-04:00,1.0
2011-04-21 16:17:42-04:00,1.0
2011-04-21 16:17:45-04:00,1.0
2011-04-21 16:17:48-04:00,1.0
2011-04-21 16:17:51-04:00,1.0
2011-04-21 16:17:54-04:00,1.0
2011-04-21 16:17:57-04:00,1.0
2011-04-21 16:18:00-04:00,1.0
2011-04-21 16:18:03-04:00,1.0
2011-04-21 16:18:06-04:00,1.0
2011-04-21 16:18:09-04:00,1.0
2011-04-21 16:18:12-04:00,1.0
2011-04-21 16:18:15-04:00,1.0
2011-04-21 16:18:18-04:00,1.0
2011-04-21 16:18:21-04:00,1.0
2011-04-21 16:18:24-04:00,1.0
2011-04-21 16:18:27-04:00,1.0
2011-04-21 16:18:30-04:00,1.0
2011-04-21 16:18:33-04:00,1.0
2011-04-21 16:18:36-04:00,1.0
2011-04-21 16:18:39-04:00,1.0
2011-04-21 16:18:42-04:00,1.0
2011-04-21 16:18:45-04:00,1.0
2011-04-21 16:18:48-04:00,1.0
2011-04-21 16:18:51-04:00,1.0
2011-04-21 16:18:54-04:00,1.0
2011-04-21 16:18:57-04:00,1.0
2011-04-21 16:19:00-04:00,1.0
2011-04-21 16:19:03-04:00,1.0
2011-04-21 16:19:06-04:00,1.0
2011-04-21 16:19:09-04:00,1.0
2011-04-21 16:19:12-04:00,1.0
2011-04-21 16:19:15-04:00,1.0
2011-04-21 16:19:18-04:00,1.0
2011-04-21 16:19:21-04:00,0.6666666666666667
2011-04-21 16:19:24-04:00,0.3333333333333333
2011-04-21 16:19:27-04:00,1.0
2011-04-21 16:19:30-04:00,1.0
2011-04-21 16:19:33-04:00,1.0
2011-04-21 16:19:36-04:00,1.0
2011-04-21 16:19:39-04:00,1.0
2011-04-21 16:19:42-04:00,1.0
2011-04-21 16:19:45-04:00,1.0
2011-04-21 16:19:48-04:00,1.0
2011-04-21 16:19:51-04:00,1.0
2011-04-21 16:19:54-04:00,1.0
2011-04-21 16:19:57-04:00,1.0
2011-04-21 16:20:00-04:00,1.0
2011-04-21 16:20:03-04:00,1.0
2011-04-21 16:20:06-04:00,1.0
2011-04-21 16:20:09-04:00,1.0
2011-04-21 16:20:12-04:00,1.0
2011-04-21 16:20:15-04:00,1.0
2011-04-21 16:20:18-04:00,1.0
2011-04-21 16:20:21-04:00,1.0
2011-04-21 16:20:24-04:00,1.0
2011-04-21 16:20:27-04:00,1.0
2011-04-21 16:20:30-04:00,1.0
2011-04-21 16:20:33-04:00,1.0
2011-04-21 16:20:36-04:00,1.0
2011-04-21 16:20:39-04:00,1.0
2011-04-21 16:20:42-04:00,1.0
2011-04-21 16:20:45-04:00,1.0
2011-04-21 16:20:48-04:00,1.0
2011-04-21 16:20:51-04:00,1.0
2011-04-21 16:20:54-04:00,1.0
2011-04-21 16:20:57-04:00,1.0
2011-04-21 16:21:00-04:00,1.0
2011-04-21 16:21:03-04:00,1.0
2011-04-21 16:21:06-04:00,1.0
2011-04-21 16:21:09-04:00,1.0
2011-04-21 16:21:12-04:00,1.0
2011-04-21 16:21:15-04:00,1.0
2011-04-21 16:21:18-04:00,1.0
2011-04-21 16:21:21-04:00,1.0
2011-04-21 16:21:24-04:00,1.0
2011-04-21 16:21:27-04:00,1.0
2011-04-21 16:21:30-04:00,1.0
2011-04-21 16:21:33-04:00,1.0
2011-04-21 16:21:36-04:00,1.0
2011-04-21 16:21:39-04:00,1.0
2011-04-21 16:21:42-04:00,1.0
2011-04-21 16:21:45-04:00,1.0
2011-04-21 16:21:48-04:00,1.0
2011-04-21 16:21:51-04:00,1.0
2011-04-21 16:21:54-04:00,1.0
2011-04-21 16:21:57-04:00,0.6666666666666667
2011-04-21 16:22:00-04:00,0.25
2011-04-21 16:22:03-04:00,1.0
2011-04-21 16:22:06-04:00,1.0
2011-04-21 16:22:09-04:00,1.0
2011-04-21 16:22:12-04:00,1.0
2011-04-21 16:22:15-04:00,1.0
2011-04-21 16:22:18-04:00,1.0
2011-04-21 16:22:21-04:00,1.0
2011-04-21 16:22:24-04:00,1.0
2011-04-21 16:22:27-04:00,0.8888888888888888
2011-04-21 16:22:30-04:00,0.5555555555555556
2011-04-21 16:22:33-04:00,0.2222222222222222
2011-04-21 16:22:36-04:00,0.25
2011-04-21 16:22:39-04:00,1.0
2011-04-21 16:22:42-04:00,1.0
2011-04-21 16:22:45-04:00,1.0
2011-04-21 16:22:48-04:00,1.0
2011-04-21 16:22:51-04:00,1.0
2011-04-21 16:22:54-04:00,0.6666666666666667
2011-04-21 16:22:57-04:00,0.3333333333333333
2011-04-21 16:23:00-04:00,1.0
2011-04-21 16:23:03-04:00,1.0
2011-04-21 16:23:06-04:00,1.0
2011-04-21 16:23:09-04:00,1.0
2011-04-21 16:23:12-04:00,1.0
2011-04-21 16:23:15-04:00,1.0
2011-04-21 16:23:18-04:00,1.0
2011-04-21 16:23:21-04:00,1.0
2011-04-21 16:23:24-04:00,1.0
2011-04-21 16:23:27-04:00,1.0
2011-04-21 16:23:30-04:00,1.0
2011-04-21 16:23:33-04:00,1.0
2011-04-21 16:23:36-04:00,1.0
2011-04-21 16:23:39-04:00,1.0
2011-04-21 16:23:42-04:00,1.0
2011-04-21 16:23:45-04:00,1.0
2011-04-21 16:23:48-04:00,1.0
2011-04-21 16:23:51-04:00,1.0
2011-04-21 16:23:54-04:00,1.0
2011-04-21 16:23:57-04:00,1.0
2011-04-21 16:24:00-04:00,1.0
2011-04-21 16:24:03-04:00,1.0
2011-04-21 16:24:06-04:00,1.0
2011-04-21 16:24:09-04:00,1.0
2011-04-21 16:24:12-04:00,1.0
2011-04-21 16:24:15-04:00,1.0
2011-04-21 16:24:18-04:00,1.0
2011-04-21 16:24:21-04:00,1.0
2011-04-21 16:24:24-04:00,1.0
2011-04-21 16:24:27-04:00,1.0
2011-04-21 16:24:30-04:00,1.0
2011-04-21 16:24:33-04:00,1.0
2011-04-21 16:24:36-04:00,1.0
2011-04-21 16:24:39-04:00,0.75
2011-04-21 16:24:42-04:00,0.0
2011-04-21 16:24:45-04:00,0.0
2011-04-21 16:24:48-04:00,1.0
2011-04-21 16:24:51-04:00,1.0
2011-04-21 16:24:54-04:00,1.0
2011-04-21 16:24:57-04:00,1.0
2011-04-21 16:25:00-04:00,0.6666666666666667
2011-04-21 16:25:03-04:00,0.0
2011-04-21 16:25:06-04:00,0.0
2011-04-21 16:25:09-04:00,1.0
2011-04-21 16:25:12-04:00,1.0
2011-04-21 16:25:15-04:00,1.0
2011-04-21 16:25:18-04:00,0.5
2011-04-21 16:25:21-04:00,0.3333333333333333
2011-04-21 16:25:24-04:00,1.0
2011-04-21 16:25:27-04:00,1.0
2011-04-21 16:25:30-04:00,1.0
2011-04-21 16:25:33-04:00,1.0
2011-04-21 16:25:36-04:00,1.0
2011-04-21 16:25:39-04:00,1.0
2011-04-21 16:25:42-04:00,1.0
2011-04-21 16:25:45-04:00,1.0
2011-04-21 16:25:48-04:00,1.0
2011-04-21 16:25:51-04:00,1.0
2011-04-21 16:25:54-04:00,1.0
2011-04-21 16:25:57-04:00,1.0
2011-04-21 16:26:00-04:00,1.0
2011-04-21 16:26:03-04:00,1.0
2011-04-21 16:26:06-04:00,1.0
2011-04-21 16:26:09-04:00,1.0
2011-04-21 16:26:12-04:00,1.0
2011-04-21 16:26:15-04:00,1.0
2011-04-21 16:26:18-04:00,1.0
2011-04-21 16:26:21-04:00,1.0
2011-04-21 16:26:24-04:00,1.0
2011-04-21 16:26:27-04:00,1.0
2011-04-21 16:26:30-04:00,0.6666666666666667
2011-04-21 16:26:33-04:00,0.33333333333333337
2011-04-21 16:26:36-04:00,0.0
2011-04-21 16:26:39-04:00,1.0
2011-04-21 16:26:42-04:00,1.0
2011-04-21 16:26:45-04:00,1.0
2011-04-21 16:26:48-04:00,1.0
2011-04-21 16:26:51-04:00,1.0
2011-04-21 16:26:54-04:00,1.0
2011-04-21 16:26:57-04:00,1.0
2011-04-21 16:27:00-04:00,0.75
2011-04-21 16:27:03-04:00,0.0
2011-04-21 16:27:06-04:00,0.0
2011-04-21 16:27:09-04:00,0.75
2011-04-21 16:27:12-04:00,1.0
2011-04-21 16:27:15-04:00,0.5
2011-04-21 16:27:18-04:00,0.3333333333333333
2011-04-21 16:27:21-04:00,1.0
2011-04-21 16:27:24-04:00,1.0
2011-04-21 16:27:27-04:00,1.0
2011-04-21 16:27:30-04:00,1.0
2011-04-21 16:27:33-04:00,1.0
2011-04-21 16:27:36-04:00,1.0
2011-04-21 16:27:39-04:00,1.0
2011-04-21 16:27:42-04:00,1.0
2011-04-21 16:27:45-04:00,1.0
2011-04-21 16:27:48-04:00,1.0
2011-04-21 16:27:51-04:00,1.0
2011-04-21 16:27:54-04:00,0.75
2011-04-21 16:27:57-04:00,0.0
2011-04-21 16:28:00-04:00,1.0
2011-04-21 16:28:03-04:00,1.0
2011-04-21 16:28:06-04:00,1.0
2011-04-21 16:28:09-04:00,0.33333333333333337
2011-04-21 16:28:12-04:00,0.5
2011-04-21 16:28:15-04:00,1.0
2011-04-21 16:28:18-04:00,1.0
2011-04-21 16:28:21-04:00,1.0
2011-04-21 16:28:24-04:00,1.0
2011-04-21 16:28:27-04:00,1.0
2011-04-21 16:28:30-04:00,1.0
2011-04-21 16:28:33-04:00,1.0
2011-04-21 16:28:36-04:00,1.0
2011-04-21 16:28:39-04:00,1.0
2011-04-21 16:28:42-04:00,1.0
2011-04-21 16:28:45-04:00,1.0
2011-04-21 16:28:48-04:00,1.0
2011-04-21 16:28:51-04:00,1.0
2011-04-21 16:28:54-04:00,1.0
2011-04-21 16:28:57-04:00,1.0
2011-04-21 16:29:00-04:00,1.0
2011-04-21 16:29:03-04:00,0.33333333333333337
2011-04-21 16:29:06-04:00,0.0
2011-04-21 16:29:09-04:00,0.3333333333333333
2011-04-21 16:29:12-04:00,1.0
2011-04-21 16:29:15-04:00,1.0
2011-04-21 16:29:18-04:00,1.0
2011-04-21 16:29:21-04:00,1.0
2011-04-21 16:29:24-04:00,1.0
2011-04-21 16:29:27-04:00,1.0
2011-04-21 16:29:30-04:00,1.0
2011-04-21 16:29:33-04:00,1.0
2011-04-21 16:29:36-04:00,1.0
2011-04-21 16:29:39-04:00,1.0
2011-04-21 16:29:42-04:00,1.0
2011-04-21 16:29:45-04:00,1.0
2011-04-21 16:29:48-04:00,1.0
2011-04-21 16:29:51-04:00,1.0
2011-04-21 16:29:54-04:00,1.0
2011-04-21 16:29:57-04:00,1.0
2011-04-21 16:30:00-04:00,1.0
2011-04-21 16:30:03-04:00,1.0
2011-04-21 16:30:06-04:00,1.0
2011-04-21 16:30:09-04:00,1.0
2011-04-21 16:30:12-04:00,1.0
2011-04-21 16:30:15-04:00,1.0
2011-04-21 16:30:18-04:00,1.0
2011-04-21 16:30:21-04:00,1.0
2011-04-21 16:30:24-04:00,1.0
2011-04-21 16:30:27-04:00,1.0
2011-04-21 16:30:30-04:00,1.0
2011-04-21 16:30:33-04:00,1.0
2011-04-21 16:30:36-04:00,1.0
2011-04-21 16:30:39-04:00,1.0
2011-04-21 16:30:42-04:00,1.0
2011-04-21 16:30:45-04:00,1.0
2011-04-21 16:30:48-04:00,1.0
2011-04-21 16:30:51-04:00,1.0
2011-04-21 16:30:54-04:00,0.0
2011-04-21 16:30:57-04:00,1.0
2011-04-21 16:31:00-04:00,1.0
2011-04-21 16:31:03-04:00,1.0
2011-04-21 16:31:06-04:00,1.0
2011-04-21 16:31:09-04:00,1.0
2011-04-21 16:31:12-04:00,1.0
2011-04-21 16:31:15-04:00,1.0
2011-04-21 16:31:18-04:00,1.0
2011-04-21 16:31:21-04:00,1.0
2011-04-21 16:31:24-04:00,1.0
2011-04-21 16:31:27-04:00,1.0
2011-04-21 16:31:30-04:00,1.0
2011-04-21 16:31:33-04:00,1.0
2011-04-21 16:31:36-04:00,1.0
2011-04-21 16:31:39-04:00,1.0
2011-04-21 16:31:42-04:00,1.0
2011-04-21 16:31:45-04:00,1.0
2011-04-21 16:31:48-04:00,1.0
2011-04-21 16:31:51-04:00,1.0
2011-04-21 16:31:54-04:00,1.0
2011-04-21 16:31:57-04:00,1.0
2011-04-21 16:32:00-04:00,1.0
2011-04-21 16:32:03-04:00,1.0
2011-04-21 16:32:06-04:00,1.0
2011-04-21 16:32:09-04:00,1.0
2011-04-21 16:32:12-04:00,1.0
2011-04-21 16:32:15-04:00,1.0
2011-04-21 16:32:18-04:00,1.0
2011-04-21 16:32:21-04:00,1.0
2011-04-21 16:32:24-04:00,1.0
2011-04-21 16:32:27-04:00,1.0
2011-04-21 16:32:30-04:00,1.0
2011-04-21 16:32:33-04:00,1.0
2011-04-21 16:32:36-04:00,0.5
2011-04-21 16:32:39-04:00,0.0
2011-04-21 16:32:42-04:00,0.0
2011-04-21 16:32:45-04:00,0.0
2011-04-21 16:32:48-04:00,0.0
2011-04-21 16:32:51-04:00,0.0
2011-04-21 16:32:54-04:00,0.0
2011-04-21 16:32:57-04:00,0.0
2011-04-21 16:33:00-04:00,0.0
2011-04-21 16:33:03-04:00,0.0
2011-04-21 16:33:06-04:00,0.0
2011-04-21 16:33:09-04:00,0.0
2011-04-21 16:33:12-04:00,0.0
2011-04-21 16:33:15-04:00,0.0
2011-04-21 16:33:18-04:00,0.0
2011-04-21 16:33:21-04:00,0.0
2011-04-21 16:33:24-04:00,0.0
2011-04-21 16:33:27-04:00,0.1111111111111111
2011-04-21 16:33:30-04:00,0.4444444444444444
2011-04-21 16:33:33-04:00,0.7777777777777778
2011-04-21 16:33:36-04:00,1.0
2011-04-21 16:33:39-04:00,1.0
2011-04-21 16:33:42-04:00,1.0
2011-04-21 16:33:45-04:00,1.0
2011-04-21 16:33:48-04:00,1.0
2011-04-21 16:33:51-04:00,1.0
2011-04-21 16:33:54-04:00,1.0
2011-04-21 16:33:57-04:00,1.0
2011-04-21 16:34:00-04:00,1.0
2011-04-21 16:34:03-04:00,1.0
2011-04-21 16:34:06-04:00,1.0
2011-04-21 16:34:09-04:00,1.0
2011-04-21 16:34:12-04:00,1.0
2011-04-21 16:34:15-04:00,1.0
2011-04-21 16:34:18-04:00,1.0
2011-04-21 16:34:21-04:00,8.333333333333334
2011-04-21 16:34:24-04:00,23.0
2011-04-21 16:34:27-04:00,23.0
2011-04-21 16:34:30-04:00,23.0
2011-04-21 16:34:33-04:00,23.0
2011-04-21 16:34:36-04:00,23.25
2011-04-21 16:34:39-04:00,24.0
2011-04-21 16:34:42-04:00,24.0
2011-04-21 16:34:45-04:00,24.0
2011-04-21 16:34:48-04:00,24.0
2011-04-21 16:34:51-04:00,24.666666666666668
2011-04-21 16:34:54-04:00,25.0
2011-04-21 16:34:57-04:00,25.0
2011-04-21 16:35:00-04:00,25.0
2011-04-21 16:35:03-04:00,25.0
2011-04-21 16:35:06-04:00,26.0
2011-04-21 16:35:09-04:00,26.0
2011-04-21 16:35:12-04:00,26.0
2011-04-21 16:35:15-04:00,26.0
2011-04-21 16:35:18-04:00,26.0
2011-04-21 16:35:21-04:00,26.0
2011-04-21 16:35:24-04:00,26.25
2011-04-21 16:35:27-04:00,27.0
2011-04-21 16:35:30-04:00,27.0
2011-04-21 16:35:33-04:00,27.0
2011-04-21 16:35:36-04:00,27.0
2011-04-21 16:35:39-04:00,27.0
2011-04-21 16:35:42-04:00,27.0
2011-04-21 16:35:45-04:00,27.0
2011-04-21 16:35:48-04:00,27.0
2011-04-21 16:35:51-04:00,27.0
2011-04-21 16:35:54-04:00,27.0
2011-04-21 16:35:57-04:00,27.0
2011-04-21 16:36:00-04:00,27.0
2011-04-21 16:36:03-04:00,27.0
2011-04-21 16:36:06-04:00,27.0
2011-04-21 16:36:09-04:00,27.0
2011-04-21 16:36:12-04:00,26.333333333333332
2011-04-21 16:36:15-04:00,26.0
2011-04-21 16:36:18-04:00,26.0
2011-04-21 16:36:21-04:00,26.0
2011-04-21 16:36:24-04:00,26.0
2011-04-21 16:36:27-04:00,27.0
2011-04-21 16:36:30-04:00,26.666666666666668
2011-04-21 16:36:33-04:00,26.333333333333332
2011-04-21 16:36:36-04:00,26.0
2011-04-21 16:36:39-04:00,26.0
2011-04-21 16:36:42-04:00,26.0
2011-04-21 16:36:45-04:00,26.0
2011-04-21 16:36:48-04:00,26.0
2011-04-21 16:36:51-04:00,26.0
2011-04-21 16:36:54-04:00,26.0
2011-04-21 16:36:57-04:00,26.0
2011-04-21 16:37:00-04:00,26.0
2011-04-21 16:37:03-04:00,26.0
2011-04-21 16:37:06-04:00,26.0
2011-04-21 16:37:09-04:00,26.0
2011-04-21 16:37:12-04:00,26.0
2011-04-21 16:37:15-04:00,26.0
2011-04-21 16:37:18-04:00,26.0
2011-04-21 16:37:21-04:00,26.0
2011-04-21 16:37:24-04:00,26.0
2011-04-21 16:37:27-04:00,26.0
2011-04-21 16:37:30-04:00,26.25
2011-04-21 16:37:33-04:00,26.625
2011-04-21 16:37:36-04:00,27.0
2011-04-21 16:37:39-04:00,26.25
2011-04-21 16:37:42-04:00,26.0
2011-04-21 16:37:45-04:00,26.0
2011-04-21 16:37:48-04:00,26.0
2011-04-21 16:37:51-04:00,26.0
2011-04-21 16:37:54-04:00,26.0
2011-04-21 16:37:57-04:00,26.0
2011-04-21 16:38:00-04:00,27.0
2011-04-21 16:38:03-04:00,26.25
2011-04-21 16:38:06-04:00,26.0
2011-04-21 16:38:09-04:00,26.0
2011-04-21 16:38:12-04:00,26.0
2011-04-21 16:38:15-04:00,26.0
2011-04-21 16:38:18-04:00,26.0
2011-04-21 16:38:21-04:00,26.0
2011-04-21 16:38:24-04:00,26.0
2011-04-21 16:38:27-04:00,26.0
2011-04-21 16:38:30-04:00,26.0
2011-04-21 16:38:33-04:00,26.0
2011-04-21 16:38:36-04:00,26.0
2011-04-21 16:38:39-04:00,26.0
2011-04-21 16:38:42-04:00,26.0
2011-04-21 16:38:45-04:00,26.0
2011-04-21 16:38:48-04:00,26.0
2011-04-21 16:38:51-04:00,26.0
2011-04-21 16:38:54-04:00,26.0
2011-04-21 16:38:57-04:00,26.0
2011-04-21 16:39:00-04:00,26.0
2011-04-21 16:39:03-04:00,26.0
2011-04-21 16:39:06-04:00,9.333333333333332
2011-04-21 16:39:09-04:00,0.5
2011-04-21 16:39:12-04:00,0.3333333333333333
2011-04-21 16:39:15-04:00,1.0
2011-04-21 16:39:18-04:00,1.0
2011-04-21 16:39:21-04:00,1.0
2011-04-21 16:39:24-04:00,1.0
2011-04-21 16:39:27-04:00,1.0
2011-04-21 16:39:30-04:00,1.0
2011-04-21 16:39:33-04:00,1.0
2011-04-21 16:39:36-04:00,1.0
2011-04-21 16:39:39-04:00,1.0
2011-04-21 16:39:42-04:00,1.0
2011-04-21 16:39:45-04:00,0.75
2011-04-21 16:39:48-04:00,0.0
2011-04-21 16:39:51-04:00,0.0
2011-04-21 16:39:54-04:00,0.0
2011-04-21 16:39:57-04:00,0.0
2011-04-21 16:40:00-04:00,0.6666666666666666
2011-04-21 16:40:03-04:00,1.0
2011-04-21 16:40:06-04:00,1.0
2011-04-21 16:40:09-04:00,1.0
2011-04-21 16:40:12-04:00,1.0
2011-04-21 16:40:15-04:00,1.0
2011-04-21 16:40:18-04:00,1.0
2011-04-21 16:40:21-04:00,1.0
2011-04-21 16:40:24-04:00,1.0
2011-04-21 16:40:27-04:00,0.7777777777777778
2011-04-21 16:40:30-04:00,0.4444444444444444
2011-04-21 16:40:33-04:00,0.11111111111111116
2011-04-21 16:40:36-04:00,0.0
2011-04-21 16:40:39-04:00,0.0
2011-04-21 16:40:42-04:00,0.25
2011-04-21 16:40:45-04:00,1.0
2011-04-21 16:40:48-04:00,1.0
2011-04-21 16:40:51-04:00,1.0
2011-04-21 16:40:54-04:00,1.0
2011-04-21 16:40:57-04:00,1.0
2011-04-21 16:41:00-04:00,1.0
2011-04-21 16:41:03-04:00,1.0
2011-04-21 16:41:06-04:00,0.75
2011-04-21 16:41:09-04:00,0.0
2011-04-21 16:41:12-04:00,0.0
2011-04-21 16:41:15-04:00,0.0
2011-04-21 16:41:18-04:00,0.0
2011-04-21 16:41:21-04:00,0.0
2011-04-21 16:41:24-04:00,0.3333333333333333
2011-04-21 16:41:27-04:00,1.0
2011-04-21 16:41:30-04:00,1.0
2011-04-21 16:41:33-04:00,1.0
2011-04-21 16:41:36-04:00,0.6666666666666667
2011-04-21 16:41:39-04:00,0.0
2011-04-21 16:41:42-04:00,0.0
2011-04-21 16:41:45-04:00,0.0
2011-04-21 16:41:48-04:00,0.0
2011-04-21 16:41:51-04:00,0.0
2011-04-21 16:41:54-04:00,0.0
2011-04-21 16:41:57-04:00,0.3333333333333333
2011-04-21 16:42:00-04:00,1.0
2011-04-21 16:42:03-04:00,1.0
2011-04-21 16:42:06-04:00,1.0
2011-04-21 16:42:09-04:00,1.0
2011-04-21 16:42:12-04:00,0.5
2011-04-21 16:42:15-04:00,0.0
2011-04-21 16:42:18-04:00,0.0
2011-04-21 16:42:21-04:00,0.0
2011-04-21 16:42:24-04:00,0.0
2011-04-21 16:42:27-04:00,0.0
2011-04-21 16:42:30-04:00,0.3333333333333333
2011-04-21 16:42:33-04:00,0.6666666666666666
2011-04-21 16:42:36-04:00,1.0
2011-04-21 16:42:39-04:00,1.0
2011-04-21 16:42:42-04:00,1.0
2011-04-21 16:42:45-04:00,0.6666666666666667
2011-04-21 16:42:48-04:00,0.0
2011-04-21 16:42:51-04:00,0.0
2011-04-21 16:42:54-04:00,0.0
2011-04-21 16:42:57-04:00,0.0
2011-04-21 16:43:00-04:00,0.6666666666666666
2011-04-21 16:43:03-04:00,1.0
2011-04-21 16:43:06-04:00,1.0
2011-04-21 16:43:09-04:00,1.0
2011-04-21 16:43:12-04:00,0.75
2011-04-21 16:43:15-04:00,0.0
2011-04-21 16:43:18-04:00,0.0
2011-04-21 16:43:21-04:00,0.0
2011-04-21 16:43:24-04:00,0.0
2011-04-21 16:43:27-04:00,0.2222222222222222
2011-04-21 16:43:30-04:00,0.5555555555555556
2011-04-21 16:43:33-04:00,0.8888888888888888
2011-04-21 16:43:36-04:00,1.0
2011-04-21 16:43:39-04:00,1.0
2011-04-21 16:43:42-04:00,1.0
2011-04-21 16:43:45-04:00,0.6666666666666667
2011-04-21 16:43:48-04:00,0.0
2011-04-21 16:43:51-04:00,0.0
2011-04-21 16:43:54-04:00,0.0
2011-04-21 16:43:57-04:00,0.0
2011-04-21 16:44:00-04:00,0.6666666666666666
2011-04-21 16:44:03-04:00,1.0
2011-04-21 16:44:06-04:00,1.0
2011-04-21 16:44:09-04:00,1.0
2011-04-21 16:44:12-04:00,1.0
2011-04-21 16:44:15-04:00,1.0
2011-04-21 16:44:18-04:00,1.0
2011-04-21 16:44:21-04:00,1.0
2011-04-21 16:44:24-04:00,1.0
2011-04-21 16:44:27-04:00,1.0
2011-04-21 16:44:30-04:00,1.0
2011-04-21 16:44:33-04:00,1.0
2011-04-21 16:44:36-04:00,1.0
2011-04-21 16:44:39-04:00,1.0
2011-04-21 16:44:42-04:00,1.0
2011-04-21 16:44:45-04:00,1.0
2011-04-21 16:44:48-04:00,1.0
2011-04-21 16:44:51-04:00,1.0
2011-04-21 16:44:54-04:00,1.0
2011-04-21 16:44:57-04:00,1.0
2011-04-21 16:45:00-04:00,1.0
2011-04-21 16:45:03-04:00,1.0
2011-04-21 16:45:06-04:00,1.0
2011-04-21 16:45:09-04:00,1.0
2011-04-21 16:45:12-04:00,1.0
2011-04-21 16:45:15-04:00,1.0
2011-04-21 16:45:18-04:00,1.0
2011-04-21 16:45:21-04:00,1.0
2011-04-21 16:45:24-04:00,1.0
2011-04-21 16:45:27-04:00,1.0
2011-04-21 16:45:30-04:00,1.0
2011-04-21 16:45:33-04:00,1.0
2011-04-21 16:45:36-04:00,1.0
2011-04-21 16:45:39-04:00,1.0
2011-04-21 16:45:42-04:00,0.0
2011-04-21 16:45:45-04:00,0.0
2011-04-21 16:45:48-04:00,0.0
2011-04-21 16:45:51-04:00,0.5
2011-04-21 16:45:54-04:00,1.0
2011-04-21 16:45:57-04:00,1.0
2011-04-21 16:46:00-04:00,1.0
2011-04-21 16:46:03-04:00,1.0
2011-04-21 16:46:06-04:00,1.0
2011-04-21 16:46:09-04:00,1.0
2011-04-21 16:46:12-04:00,1.0
2011-04-21 16:46:15-04:00,1.0
2011-04-21 16:46:18-04:00,1.0
2011-04-21 16:46:21-04:00,1.0
2011-04-21 16:46:24-04:00,1.0
2011-04-21 16:46:27-04:00,1.0
2011-04-21 16:46:30-04:00,1.0
2011-04-21 16:46:33-04:00,1.0
2011-04-21 16:46:36-04:00,1.0
2011-04-21 16:46:39-04:00,1.0
2011-04-21 16:46:42-04:00,1.0
2011-04-21 16:46:45-04:00,1.0
2011-04-21 16:46:48-04:00,1.0
2011-04-21 16:46:51-04:00,1.0
2011-04-21 16:46:54-04:00,0.6666666666666667
2011-04-21 16:46:57-04:00,0.0
2011-04-21 16:47:00-04:00,0.0
2011-04-21 16:47:03-04:00,1.0
2011-04-21 16:47:06-04:00,0.0
2011-04-21 16:47:09-04:00,0.75
2011-04-21 16:47:12-04:00,1.0
2011-04-21 16:47:15-04:00,1.0
2011-04-21 16:47:18-04:00,1.0
2011-04-21 16:47:21-04:00,1.0
2011-04-21 16:47:24-04:00,1.0
2011-04-21 16:47:27-04:00,1.0
2011-04-21 16:47:30-04:00,1.0
2011-04-21 16:47:33-04:00,1.0
2011-04-21 16:47:36-04:00,1.0
2011-04-21 16:47:39-04:00,1.0
2011-04-21 16:47:42-04:00,1.0
2011-04-21 16:47:45-04:00,1.0
2011-04-21 16:47:48-04:00,1.0
2011-04-21 16:47:51-04:00,1.0
2011-04-21 16:47:54-04:00,1.0
2011-04-21 16:47:57-04:00,0.75
2011-04-21 16:48:00-04:00,0.0
2011-04-21 16:48:03-04:00,0.0
2011-04-21 16:48:06-04:00,0.75
2011-04-21 16:48:09-04:00,1.0
2011-04-21 16:48:12-04:00,1.0
2011-04-21 16:48:15-04:00,1.0
2011-04-21 16:48:18-04:00,1.0
2011-04-21 16:48:21-04:00,1.0
2011-04-21 16:48:24-04:00,1.0
2011-04-21 16:48:27-04:00,1.0
2011-04-21 16:48:30-04:00,1.0
2011-04-21 16:48:33-04:00,1.0
2011-04-21 16:48:36-04:00,1.0
2011-04-21 16:48:39-04:00,1.0
2011-04-21 16:48:42-04:00,1.0
2011-04-21 16:48:45-04:00,1.0
2011-04-21 16:48:48-04:00,1.0
2011-04-21 16:48:51-04:00,1.0
2011-04-21 16:48:54-04:00,1.0
2011-04-21 16:48:57-04:00,1.0
2011-04-21 16:49:00-04:00,1.0
2011-04-21 16:49:03-04:00,1.0
2011-04-21 16:49:06-04:00,1.0
2011-04-21 16:49:09-04:00,1.0
2011-04-21 16:49:12-04:00,1.0
2011-04-21 16:49:15-04:00,1.0
2011-04-21 16:49:18-04:00,1.0
2011-04-21 16:49:21-04:00,1.0
2011-04-21 16:49:24-04:00,1.0
2011-04-21 16:49:27-04:00,1.0
2011-04-21 16:49:30-04:00,1.0
2011-04-21 16:49:33-04:00,1.0
2011-04-21 16:49:36-04:00,1.0
2011-04-21 16:49:39-04:00,1.0
2011-04-21 16:49:42-04:00,1.0
2011-04-21 16:49:45-04:00,1.0
2011-04-21 16:49:48-04:00,0.5
2011-04-21 16:49:51-04:00,8.0
2011-04-21 16:49:54-04:00,24.0
2011-04-21 16:49:57-04:00,24.0
2011-04-21 16:50:00-04:00,24.0
2011-04-21 16:50:03-04:00,24.75
2011-04-21 16:50:06-04:00,25.0
2011-04-21 16:50:09-04:00,25.0
2011-04-21 16:50:12-04:00,25.5
2011-04-21 16:50:15-04:00,26.0
2011-04-21 16:50:18-04:00,26.0
2011-04-21 16:50:21-04:00,26.25
2011-04-21 16:50:24-04:00,27.0
2011-04-21 16:50:27-04:00,27.0
2011-04-21 16:50:30-04:00,27.0
2011-04-21 16:50:33-04:00,27.0
2011-04-21 16:50:36-04:00,27.0
2011-04-21 16:50:39-04:00,27.75
2011-04-21 16:50:42-04:00,28.0
2011-04-21 16:50:45-04:00,28.0
2011-04-21 16:50:48-04:00,28.0
2011-04-21 16:50:51-04:00,28.0
2011-04-21 16:50:54-04:00,28.0
2011-04-21 16:50:57-04:00,28.0
2011-04-21 16:51:00-04:00,28.0
2011-04-21 16:51:03-04:00,28.0
2011-04-21 16:51:06-04:00,28.0
2011-04-21 16:51:09-04:00,27.5
2011-04-21 16:51:12-04:00,27.333333333333332
2011-04-21 16:51:15-04:00,27.75
2011-04-21 16:51:18-04:00,27.0
2011-04-21 16:51:21-04:00,28.0
2011-04-21 16:51:24-04:00,27.0
2011-04-21 16:51:27-04:00,27.0
2011-04-21 16:51:30-04:00,27.0
2011-04-21 16:51:33-04:00,27.0
2011-04-21 16:51:36-04:00,27.0
2011-04-21 16:51:39-04:00,27.0
2011-04-21 16:51:42-04:00,27.0
2011-04-21 16:51:45-04:00,27.0
2011-04-21 16:51:48-04:00,27.0
2011-04-21 16:51:51-04:00,27.0
2011-04-21 16:51:54-04:00,27.0
2011-04-21 16:51:57-04:00,27.0
2011-04-21 16:52:00-04:00,27.0
2011-04-21 16:52:03-04:00,27.0
2011-04-21 16:52:06-04:00,27.0
2011-04-21 16:52:09-04:00,27.0
2011-04-21 16:52:12-04:00,27.0
2011-04-21 16:52:15-04:00,27.0
2011-04-21 16:52:18-04:00,27.0
2011-04-21 16:52:21-04:00,27.0
2011-04-21 16:52:24-04:00,27.0
2011-04-21 16:52:27-04:00,27.0
2011-04-21 16:52:30-04:00,27.0
2011-04-21 16:52:33-04:00,27.0
2011-04-21 16:52:36-04:00,26.333333333333332
2011-04-21 16:52:39-04:00,26.0
2011-04-21 16:52:42-04:00,26.0
2011-04-21 16:52:45-04:00,26.0
2011-04-21 16:52:48-04:00,26.0
2011-04-21 16:52:51-04:00,26.0
2011-04-21 16:52:54-04:00,26.0
2011-04-21 16:52:57-04:00,26.0
2011-04-21 16:53:00-04:00,26.0
2011-04-21 16:53:03-04:00,26.0
2011-04-21 16:53:06-04:00,26.0
2011-04-21 16:53:09-04:00,26.0
2011-04-21 16:53:12-04:00,26.0
2011-04-21 16:53:15-04:00,26.0
2011-04-21 16:53:18-04:00,26.0
2011-04-21 16:53:21-04:00,26.0
2011-04-21 16:53:24-04:00,26.0
2011-04-21 16:53:27-04:00,22.875
2011-04-21 16:53:30-04:00,13.5
2011-04-21 16:53:33-04:00,4.125
2011-04-21 16:53:36-04:00,1.0
2011-04-21 16:53:39-04:00,1.0
2011-04-21 16:53:42-04:00,1.0
2011-04-21 16:53:45-04:00,1.0
2011-04-21 16:53:48-04:00,1.0
2011-04-21 16:53:51-04:00,1.0
2011-04-21 16:53:54-04:00,1.0
2011-04-21 16:53:57-04:00,1.0
2011-04-21 16:54:00-04:00,1.0
2011-04-21 16:54:03-04:00,1.0
2011-04-21 16:54:06-04:00,1.0
2011-04-21 16:54:09-04:00,1.0
2011-04-21 16:54:12-04:00,1.0
2011-04-21 16:54:15-04:00,1.0
2011-04-21 16:54:18-04:00,1.0
2011-04-21 16:54:21-04:00,15.666666666666668
2011-04-21 16:54:24-04:00,23.0
2011-04-21 16:54:27-04:00,23.11111111111111
2011-04-21 16:54:30-04:00,23.444444444444443
2011-04-21 16:54:33-04:00,23.77777777777778
2011-04-21 16:54:36-04:00,24.0
2011-04-21 16:54:39-04:00,24.0
2011-04-21 16:54:42-04:00,24.25
2011-04-21 16:54:45-04:00,25.0
2011-04-21 16:54:48-04:00,25.0
2011-04-21 16:54:51-04:00,25.0
2011-04-21 16:54:54-04:00,25.666666666666668
2011-04-21 16:54:57-04:00,26.0
2011-04-21 16:55:00-04:00,26.0
2011-04-21 16:55:03-04:00,26.0
2011-04-21 16:55:06-04:00,26.0
2011-04-21 16:55:09-04:00,26.0
2011-04-21 16:55:12-04:00,1.0
2011-04-21 16:55:15-04:00,1.0
2011-04-21 16:55:18-04:00,19.0
2011-04-21 16:55:21-04:00,28.0
2011-04-21 16:55:24-04:00,28.0
2011-04-21 16:55:27-04:00,28.0
2011-04-21 16:55:30-04:00,28.0
2011-04-21 16:55:33-04:00,28.0
2011-04-21 16:55:36-04:00,19.0
2011-04-21 16:55:39-04:00,1.0
2011-04-21 16:55:42-04:00,1.0
2011-04-21 16:55:45-04:00,1.0
2011-04-21 16:55:48-04:00,1.0
2011-04-21 16:55:51-04:00,1.0
2011-04-21 16:55:54-04:00,1.0
2011-04-21 16:55:57-04:00,1.0
2011-04-21 16:56:00-04:00,1.0
2011-04-21 16:56:03-04:00,1.0
2011-04-21 16:56:06-04:00,1.0
2011-04-21 16:56:09-04:00,1.0
2011-04-21 16:56:12-04:00,1.0
2011-04-21 16:56:15-04:00,1.0
2011-04-21 16:56:18-04:00,1.0
2011-04-21 16:56:21-04:00,1.0
2011-04-21 16:56:24-04:00,1.0
2011-04-21 16:56:27-04:00,1.0
2011-04-21 16:56:30-04:00,1.0
2011-04-21 16:56:33-04:00,1.0
2011-04-21 16:56:36-04:00,1.0
2011-04-21 16:56:39-04:00,1.0
2011-04-21 16:56:42-04:00,1.0
2011-04-21 16:56:45-04:00,1.0
2011-04-21 16:56:48-04:00,1.0
2011-04-21 16:56:51-04:00,1.0
2011-04-21 16:56:54-04:00,1.0
2011-04-21 16:56:57-04:00,0.5
2011-04-21 16:57:00-04:00,0.3333333333333333
2011-04-21 16:57:03-04:00,1.0
2011-04-21 16:57:06-04:00,1.0
2011-04-21 16:57:09-04:00,1.0
2011-04-21 16:57:12-04:00,1.0
2011-04-21 16:57:15-04:00,1.0
2011-04-21 16:57:18-04:00,1.0
2011-04-21 16:57:21-04:00,1.0
2011-04-21 16:57:24-04:00,1.0
2011-04-21 16:57:27-04:00,1.0
2011-04-21 16:57:30-04:00,1.0
2011-04-21 16:57:33-04:00,1.0
2011-04-21 16:57:36-04:00,1.0
2011-04-21 16:57:39-04:00,1.0
2011-04-21 16:57:42-04:00,1.0
2011-04-21 16:57:45-04:00,1.0
2011-04-21 16:57:48-04:00,1.0
2011-04-21 16:57:51-04:00,1.0
2011-04-21 16:57:54-04:00,1.0
2011-04-21 16:57:57-04:00,1.0
2011-04-21 16:58:00-04:00,1.0
2011-04-21 16:58:03-04:00,1.0
2011-04-21 16:58:06-04:00,1.0
2011-04-21 16:58:09-04:00,1.0
2011-04-21 16:58:12-04:00,1.0
2011-04-21 16:58:15-04:00,1.0
2011-04-21 16:58:18-04:00,1.0
2011-04-21 16:58:21-04:00,1.0
2011-04-21 16:58:24-04:00,1.0
2011-04-21 16:58:27-04:00,1.0
2011-04-21 16:58:30-04:00,1.0
2011-04-21 16:58:33-04:00,1.0
2011-04-21 16:58:36-04:00,1.0
2011-04-21 16:58:39-04:00,1.0
2011-04-21 16:58:42-04:00,1.0
2011-04-21 16:58:45-04:00,1.0
2011-04-21 16:58:48-04:00,1.0
2011-04-21 16:58:51-04:00,1.0
2011-04-21 16:58:54-04:00,0.6666666666666667
2011-04-21 16:58:57-04:00,0.25
2011-04-21 16:59:00-04:00,1.0
2011-04-21 16:59:03-04:00,1.0
2011-04-21 16:59:06-04:00,1.0
2011-04-21 16:59:09-04:00,1.0
2011-04-21 16:59:12-04:00,1.0
2011-04-21 16:59:15-04:00,1.0
2011-04-21 16:59:18-04:00,1.0
2011-04-21 16:59:21-04:00,1.0
2011-04-21 16:59:24-04:00,1.0
2011-04-21 16:59:27-04:00,1.0
2011-04-21 16:59:30-04:00,1.0
2011-04-21 16:59:33-04:00,1.0
2011-04-21 16:59:36-04:00,1.0
2011-04-21 16:59:39-04:00,1.0
2011-04-21 16:59:42-04:00,1.0
2011-04-21 16:59:45-04:00,1.0
2011-04-21 16:59:48-04:00,1.0
2011-04-21 16:59:51-04:00,1.0
2011-04-21 16:59:54-04:00,1.0
2011-04-21 16:59:57-04:00,1.0
2011-04-21 17:00:00-04:00,1.0
2011-04-21 17:00:03-04:00,1.0
2011-04-21 17:00:06-04:00,1.0
2011-04-21 17:00:09-04:00,1.0
2011-04-21 17:00:12-04:00,1.0
2011-04-21 17:00:15-04:00,1.0
2011-04-21 17:00:18-04:00,1.0
2011-04-21 17:00:21-04:00,1.0
2011-04-21 17:00:24-04:00,1.0
2011-04-21 17:00:27-04:00,1.0
2011-04-21 17:00:30-04:00,1.0
2011-04-21 17:00:33-04:00,1.0
2011-04-21 17:00:36-04:00,1.0
2011-04-21 17:00:39-04:00,1.0
2011-04-21 17:00:42-04:00,1.0
2011-04-21 17:00:45-04:00,1.0
2011-04-21 17:00:48-04:00,1.0
2011-04-21 17:00:51-04:00,1.0
2011-04-21 17:00:54-04:00,1.0
2011-04-21 17:00:57-04:00,1.0
2011-04-21 17:01:00-04:00,1.0
2011-04-21 17:01:03-04:00,1.0
2011-04-21 17:01:06-04:00,1.0
2011-04-21 17:01:09-04:00,1.0
2011-04-21 17:01:12-04:00,1.0
2011-04-21 17:01:15-04:00,1.0
2011-04-21 17:01:18-04:00,1.0
2011-04-21 17:01:21-04:00,1.0
2011-04-21 17:01:24-04:00,1.0
2011-04-21 17:01:27-04:00,1.0
2011-04-21 17:01:30-04:00,0.625
2011-04-21 17:01:33-04:00,0.25
2011-04-21 17:01:36-04:00,0.25
2011-04-21 17:01:39-04:00,1.0
2011-04-21 17:01:42-04:00,1.0
2011-04-21 17:01:45-04:00,1.0
2011-04-21 17:01:48-04:00,1.0
2011-04-21 17:01:51-04:00,1.0
2011-04-21 17:01:54-04:00,1.0
2011-04-21 17:01:57-04:00,1.0
2011-04-21 17:02:00-04:00,1.0
2011-04-21 17:02:03-04:00,1.0
2011-04-21 17:02:06-04:00,0.25
2011-04-21 17:02:09-04:00,0.6666666666666666
2011-04-21 17:02:12-04:00,1.0
2011-04-21 17:02:15-04:00,1.0
2011-04-21 17:02:18-04:00,1.0
2011-04-21 17:02:21-04:00,1.0
2011-04-21 17:02:24-04:00,1.0
2011-04-21 17:02:27-04:00,1.0
2011-04-21 17:02:30-04:00,1.0
2011-04-21 17:02:33-04:00,1.0
2011-04-21 17:02:36-04:00,1.0
2011-04-21 17:02:39-04:00,1.0
2011-04-21 17:02:42-04:00,1.0
2011-04-21 17:02:45-04:00,1.0
2011-04-21 17:02:48-04:00,0.5
2011-04-21 17:02:51-04:00,0.3333333333333333
2011-04-21 17:02:54-04:00,1.0
2011-04-21 17:02:57-04:00,1.0
2011-04-21 17:03:00-04:00,1.0
2011-04-21 17:03:03-04:00,1.0
2011-04-21 17:03:06-04:00,1.0
2011-04-21 17:03:09-04:00,1.0
2011-04-21 17:03:12-04:00,1.0
2011-04-21 17:03:15-04:00,1.0
2011-04-21 17:03:18-04:00,1.0
2011-04-21 17:03:21-04:00,1.0
2011-04-21 17:03:24-04:00,1.0
2011-04-21 17:03:27-04:00,1.0
2011-04-21 17:03:30-04:00,1.0
2011-04-21 17:03:33-04:00,1.0
2011-04-21 17:03:36-04:00,1.0
2011-04-21 17:03:39-04:00,1.0
2011-04-21 17:03:42-04:00,1.0
2011-04-21 17:03:45-04:00,1.0
2011-04-21 17:03:48-04:00,1.0
2011-04-21 17:03:51-04:00,1.0
2011-04-21 17:03:54-04:00,1.0
2011-04-21 17:03:57-04:00,1.0
2011-04-21 17:04:00-04:00,1.0
2011-04-21 17:04:03-04:00,1.0
2011-04-21 17:04:06-04:00,1.0
2011-04-21 17:04:09-04:00,0.5
2011-04-21 17:04:12-04:00,0.3333333333333333
2011-04-21 17:04:15-04:00,1.0
2011-04-21 17:04:18-04:00,1.0
2011-04-21 17:04:21-04:00,1.0
2011-04-21 17:04:24-04:00,1.0
2011-04-21 17:04:27-04:00,1.0
2011-04-21 17:04:30-04:00,1.0
2011-04-21 17:04:33-04:00,1.0
2011-04-21 17:04:36-04:00,1.0
2011-04-21 17:04:39-04:00,1.0
2011-04-21 17:04:42-04:00,1.0
2011-04-21 17:04:45-04:00,1.0
2011-04-21 17:04:48-04:00,0.75
2011-04-21 17:04:51-04:00,0.0
2011-04-21 17:04:54-04:00,1.0
2011-04-21 17:04:57-04:00,1.0
2011-04-21 17:05:00-04:00,0.33333333333333337
2011-04-21 17:05:03-04:00,0.6666666666666666
2011-04-21 17:05:06-04:00,1.0
2011-04-21 17:05:09-04:00,1.0
2011-04-21 17:05:12-04:00,1.0
2011-04-21 17:05:15-04:00,1.0
2011-04-21 17:05:18-04:00,1.0
2011-04-21 17:05:21-04:00,1.0
2011-04-21 17:05:24-04:00,1.0
2011-04-21 17:05:27-04:00,1.0
2011-04-21 17:05:30-04:00,1.0
2011-04-21 17:05:33-04:00,1.0
2011-04-21 17:05:36-04:00,1.0
2011-04-21 17:05:39-04:00,1.0
2011-04-21 17:05:42-04:00,1.0
2011-04-21 17:05:45-04:00,1.0
2011-04-21 17:05:48-04:00,1.0
2011-04-21 17:05:51-04:00,1.0
2011-04-21 17:05:54-04:00,1.0
2011-04-21 17:05:57-04:00,1.0
2011-04-21 17:06:00-04:00,1.0
2011-04-21 17:06:03-04:00,1.0
2011-04-21 17:06:06-04:00,1.0
2011-04-21 17:06:09-04:00,1.0
2011-04-21 17:06:12-04:00,1.0
2011-04-21 17:06:15-04:00,1.0
2011-04-21 17:06:18-04:00,1.0
2011-04-21 17:06:21-04:00,1.0
2011-04-21 17:06:24-04:00,1.0
2011-04-21 17:06:27-04:00,1.0
2011-04-21 17:06:30-04:00,1.0
2011-04-21 17:06:33-04:00,1.0
2011-04-21 17:06:36-04:00,1.0
2011-04-21 17:06:39-04:00,1.0
2011-04-21 17:06:42-04:00,1.0
2011-04-21 17:06:45-04:00,1.0
2011-04-21 17:06:48-04:00,0.0
2011-04-21 17:06:51-04:00,0.75
2011-04-21 17:06:54-04:00,1.0
2011-04-21 17:06:57-04:00,1.0
2011-04-21 17:07:00-04:00,1.0
2011-04-21 17:07:03-04:00,1.0
2011-04-21 17:07:06-04:00,1.0
2011-04-21 17:07:09-04:00,1.0
2011-04-21 17:07:12-04:00,1.0
2011-04-21 17:07:15-04:00,1.0
2011-04-21 17:07:18-04:00,1.0
2011-04-21 17:07:21-04:00,1.0
2011-04-21 17:07:24-04:00,1.0
2011-04-21 17:07:27-04:00,1.0
2011-04-21 17:07:30-04:00,1.0
2011-04-21 17:07:33-04:00,1.0
2011-04-21 17:07:36-04:00,1.0
2011-04-21 17:07:39-04:00,1.0
2011-04-21 17:07:42-04:00,1.0
2011-04-21 17:07:45-04:00,1.0
2011-04-21 17:07:48-04:00,1.0
2011-04-21 17:07:51-04:00,1.0
2011-04-21 17:07:54-04:00,1.0
2011-04-21 17:07:57-04:00,1.0
2011-04-21 17:08:00-04:00,1.0
2011-04-21 17:08:03-04:00,1.0
2011-04-21 17:08:06-04:00,1.0
2011-04-21 17:08:09-04:00,1.0
2011-04-21 17:08:12-04:00,1.0
2011-04-21 17:08:15-04:00,1.0
2011-04-21 17:08:18-04:00,1.0
2011-04-21 17:08:21-04:00,1.0
2011-04-21 17:08:24-04:00,1.0
2011-04-21 17:08:27-04:00,1.0
2011-04-21 17:08:30-04:00,1.0
2011-04-21 17:08:33-04:00,1.0
2011-04-21 17:08:36-04:00,1.0
2011-04-21 17:08:39-04:00,1.0
2011-04-21 17:08:42-04:00,1.0
2011-04-21 17:08:45-04:00,1.0
2011-04-21 17:08:48-04:00,1.0
2011-04-21 17:08:51-04:00,1.0
2011-04-21 17:08:54-04:00,1.0
2011-04-21 17:08:57-04:00,1.0
2011-04-21 17:09:00-04:00,1.0
2011-04-21 17:09:03-04:00,1.0
2011-04-21 17:09:06-04:00,1.0
2011-04-21 17:09:09-04:00,1.0
2011-04-21 17:09:12-04:00,1.0
2011-04-21 17:09:15-04:00,1.0
2011-04-21 17:09:18-04:00,1.0
2011-04-21 17:09:21-04:00,1.0
2011-04-21 17:09:24-04:00,1.0
2011-04-21 17:09:27-04:00,1.0
2011-04-21 17:09:30-04:00,1.0
2011-04-21 17:09:33-04:00,1.0
2011-04-21 17:09:36-04:00,1.0
2011-04-21 17:09:39-04:00,1.0
2011-04-21 17:09:42-04:00,1.0
2011-04-21 17:09:45-04:00,1.0
2011-04-21 17:09:48-04:00,1.0
2011-04-21 17:09:51-04:00,1.0
2011-04-21 17:09:54-04:00,1.0
2011-04-21 17:09:57-04:00,1.0
2011-04-21 17:10:00-04:00,1.0
2011-04-21 17:10:03-04:00,1.0
2011-04-21 17:10:06-04:00,1.0
2011-04-21 17:10:09-04:00,1.0
2011-04-21 17:10:12-04:00,1.0
2011-04-21 17:10:15-04:00,0.33333333333333337
2011-04-21 17:10:18-04:00,0.5
2011-04-21 17:10:21-04:00,1.0
2011-04-21 17:10:24-04:00,1.0
2011-04-21 17:10:27-04:00,1.0
2011-04-21 17:10:30-04:00,1.0
2011-04-21 17:10:33-04:00,1.0
2011-04-21 17:10:36-04:00,1.0
2011-04-21 17:10:39-04:00,1.0
2011-04-21 17:10:42-04:00,1.0
2011-04-21 17:10:45-04:00,1.0
2011-04-21 17:10:48-04:00,1.0
2011-04-21 17:10:51-04:00,1.0
2011-04-21 17:10:54-04:00,1.0
2011-04-21 17:10:57-04:00,1.0
2011-04-21 17:11:00-04:00,1.0
2011-04-21 17:11:03-04:00,1.0
2011-04-21 17:11:06-04:00,1.0
2011-04-21 17:11:09-04:00,0.0
2011-04-21 17:11:12-04:00,0.0
2011-04-21 17:11:15-04:00,0.6666666666666666
2011-04-21 17:11:18-04:00,1.0
2011-04-21 17:11:21-04:00,1.0
2011-04-21 17:11:24-04:00,1.0
2011-04-21 17:11:27-04:00,1.0
2011-04-21 17:11:30-04:00,1.0
2011-04-21 17:11:33-04:00,1.0
2011-04-21 17:11:36-04:00,1.0
2011-04-21 17:11:39-04:00,1.0
2011-04-21 17:11:42-04:00,1.0
2011-04-21 17:11:45-04:00,1.0
2011-04-21 17:11:48-04:00,1.0
2011-04-21 17:11:51-04:00,1.0
2011-04-21 17:11:54-04:00,1.0
2011-04-21 17:11:57-04:00,1.0
2011-04-21 17:12:00-04:00,1.0
2011-04-21 17:12:03-04:00,1.0
2011-04-21 17:12:06-04:00,1.0
2011-04-21 17:12:09-04:00,1.0
2011-04-21 17:12:12-04:00,1.0
2011-04-21 17:12:15-04:00,1.0
2011-04-21 17:12:18-04:00,1.0
2011-04-21 17:12:21-04:00,1.0
2011-04-21 17:12:24-04:00,1.0
2011-04-21 17:12:27-04:00,1.0
2011-04-21 17:12:30-04:00,1.0
2011-04-21 17:12:33-04:00,1.0
2011-04-21 17:12:36-04:00,1.0
2011-04-21 17:12:39-04:00,1.0
2011-04-21 17:12:42-04:00,1.0
2011-04-21 17:12:45-04:00,1.0
2011-04-21 17:12:48-04:00,1.0
2011-04-21 17:12:51-04:00,1.0
2011-04-21 17:12:54-04:00,1.0
2011-04-21 17:12:57-04:00,1.0
2011-04-21 17:13:00-04:00,0.0
2011-04-21 17:13:03-04:00,1.0
2011-04-21 17:13:06-04:00,1.0
2011-04-21 17:13:09-04:00,1.0
2011-04-21 17:13:12-04:00,1.0
2011-04-21 17:13:15-04:00,1.0
2011-04-21 17:13:18-04:00,1.0
2011-04-21 17:13:21-04:00,0.75
2011-04-21 17:13:24-04:00,0.0
2011-04-21 17:13:27-04:00,0.0
2011-04-21 17:13:30-04:00,0.3333333333333333
2011-04-21 17:13:33-04:00,0.6666666666666666
2011-04-21 17:13:36-04:00,1.0
2011-04-21 17:13:39-04:00,1.0
2011-04-21 17:13:42-04:00,1.0
2011-04-21 17:13:45-04:00,1.0
2011-04-21 17:13:48-04:00,1.0
2011-04-21 17:13:51-04:00,1.0
2011-04-21 17:13:54-04:00,1.0
2011-04-21 17:13:57-04:00,1.0
2011-04-21 17:14:00-04:00,1.0
2011-04-21 17:14:03-04:00,1.0
2011-04-21 17:14:06-04:00,1.0
2011-04-21 17:14:09-04:00,1.0
2011-04-21 17:14:12-04:00,1.0
2011-04-21 17:14:15-04:00,1.0
2011-04-21 17:14:18-04:00,1.0
2011-04-21 17:14:21-04:00,1.0
2011-04-21 17:14:24-04:00,1.0
2011-04-21 17:14:27-04:00,1.0
2011-04-21 17:14:30-04:00,1.0
2011-04-21 17:14:33-04:00,1.0
2011-04-21 17:14:36-04:00,1.0
2011-04-21 17:14:39-04:00,1.0
2011-04-21 17:14:42-04:00,1.0
2011-04-21 17:14:45-04:00,1.0
2011-04-21 17:14:48-04:00,1.0
2011-04-21 17:14:51-04:00,1.0
2011-04-21 17:14:54-04:00,1.0
2011-04-21 17:14:57-04:00,1.0
2011-04-21 17:15:00-04:00,1.0
2011-04-21 17:15:03-04:00,1.0
2011-04-21 17:15:06-04:00,1.0
2011-04-21 17:15:09-04:00,1.0
2011-04-21 17:15:12-04:00,1.0
2011-04-21 17:15:15-04:00,1.0
2011-04-21 17:15:18-04:00,1.0
2011-04-21 17:15:21-04:00,19.0
2011-04-21 17:15:24-04:00,25.0
2011-04-21 17:15:27-04:00,19.666666666666668
2011-04-21 17:15:30-04:00,11.666666666666668
2011-04-21 17:15:33-04:00,3.666666666666668
2011-04-21 17:15:36-04:00,1.0
2011-04-21 17:15:39-04:00,1.0
2011-04-21 17:15:42-04:00,1.0
2011-04-21 17:15:45-04:00,1.0
2011-04-21 17:15:48-04:00,1.0
2011-04-21 17:15:51-04:00,1.0
2011-04-21 17:15:54-04:00,1.0
2011-04-21 17:15:57-04:00,1.0
2011-04-21 17:16:00-04:00,1.0
2011-04-21 17:16:03-04:00,1.0
2011-04-21 17:16:06-04:00,1.0
2011-04-21 17:16:09-04:00,1.0
2011-04-21 17:16:12-04:00,1.0
2011-04-21 17:16:15-04:00,1.0
2011-04-21 17:16:18-04:00,1.0
2011-04-21 17:16:21-04:00,1.0
2011-04-21 17:16:24-04:00,1.0
2011-04-21 17:16:27-04:00,1.0
2011-04-21 17:16:30-04:00,1.0
2011-04-21 17:16:33-04:00,1.0
2011-04-21 17:16:36-04:00,1.0
2011-04-21 17:16:39-04:00,1.0
2011-04-21 17:16:42-04:00,1.0
2011-04-21 17:16:45-04:00,1.0
2011-04-21 17:16:48-04:00,1.0
2011-04-21 17:16:51-04:00,1.0
2011-04-21 17:16:54-04:00,1.0
2011-04-21 17:16:57-04:00,1.0
2011-04-21 17:17:00-04:00,1.0
2011-04-21 17:17:03-04:00,1.0
2011-04-21 17:17:06-04:00,1.0
2011-04-21 17:17:09-04:00,1.0
2011-04-21 17:17:12-04:00,1.0
2011-04-21 17:17:15-04:00,1.0
2011-04-21 17:17:18-04:00,1.0
2011-04-21 17:17:21-04:00,1.0
2011-04-21 17:17:24-04:00,1.0
2011-04-21 17:17:27-04:00,0.875
2011-04-21 17:17:30-04:00,0.5
2011-04-21 17:17:33-04:00,0.125
2011-04-21 17:17:36-04:00,0.0
2011-04-21 17:17:39-04:00,0.0
2011-04-21 17:17:42-04:00,0.0
2011-04-21 17:17:45-04:00,0.25
2011-04-21 17:17:48-04:00,1.0
2011-04-21 17:17:51-04:00,0.0
2011-04-21 17:17:54-04:00,0.0
2011-04-21 17:17:57-04:00,0.0
2011-04-21 17:18:00-04:00,0.0
2011-04-21 17:18:03-04:00,0.0
2011-04-21 17:18:06-04:00,0.0
2011-04-21 17:18:09-04:00,0.0
2011-04-21 17:18:12-04:00,0.0
2011-04-21 17:18:15-04:00,0.0
2011-04-21 17:18:18-04:00,0.0
2011-04-21 17:18:21-04:00,0.0
2011-04-21 17:18:24-04:00,0.0
2011-04-21 17:18:27-04:00,0.0
2011-04-21 17:18:30-04:00,0.0
2011-04-21 17:18:33-04:00,0.0
2011-04-21 17:18:36-04:00,0.0
2011-04-21 17:18:39-04:00,0.0
2011-04-21 17:18:42-04:00,0.0
2011-04-21 17:18:45-04:00,0.0
2011-04-21 17:18:48-04:00,0.0
2011-04-21 17:18:51-04:00,0.0
2011-04-21 17:18:54-04:00,0.0
2011-04-21 17:18:57-04:00,0.5
2011-04-21 17:19:00-04:00,0.6666666666666667
2011-04-21 17:19:03-04:00,0.25
2011-04-21 17:19:06-04:00,1.0
2011-04-21 17:19:09-04:00,0.0
2011-04-21 17:19:12-04:00,0.0
2011-04-21 17:19:15-04:00,0.0
2011-04-21 17:19:18-04:00,0.0
2011-04-21 17:19:21-04:00,0.0
2011-04-21 17:19:24-04:00,0.3333333333333333
2011-04-21 17:19:27-04:00,0.8888888888888888
2011-04-21 17:19:30-04:00,0.5555555555555556
2011-04-21 17:19:33-04:00,0.2222222222222222
2011-04-21 17:19:36-04:00,0.0
2011-04-21 17:19:39-04:00,0.0
2011-04-21 17:19:42-04:00,1.0
2011-04-21 17:19:45-04:00,1.0
2011-04-21 17:19:48-04:00,0.33333333333333337
2011-04-21 17:19:51-04:00,0.6666666666666666
2011-04-21 17:19:54-04:00,1.0
2011-04-21 17:19:57-04:00,1.0
2011-04-21 17:20:00-04:00,0.6666666666666667
2011-04-21 17:20:03-04:00,0.25
2011-04-21 17:20:06-04:00,1.0
2011-04-21 17:20:09-04:00,1.0
2011-04-21 17:20:12-04:00,0.25
2011-04-21 17:20:15-04:00,0.6666666666666666
2011-04-21 17:20:18-04:00,0.5
2011-04-21 17:20:21-04:00,0.0
2011-04-21 17:20:24-04:00,0.25
2011-04-21 17:20:27-04:00,1.0
2011-04-21 17:20:30-04:00,0.625
2011-04-21 17:20:33-04:00,0.25
2011-04-21 17:20:36-04:00,0.0
2011-04-21 17:20:39-04:00,0.0
2011-04-21 17:20:42-04:00,0.0
2011-04-21 17:20:45-04:00,1.0
2011-04-21 17:20:48-04:00,0.25
2011-04-21 17:20:51-04:00,0.6666666666666666
2011-04-21 17:20:54-04:00,0.5
2011-04-21 17:20:57-04:00,0.0
2011-04-21 17:21:00-04:00,0.0
2011-04-21 17:21:03-04:00,0.0
2011-04-21 17:21:06-04:00,1.0
2011-04-21 17:21:09-04:00,0.0
2011-04-21 17:21:12-04:00,0.75
2011-04-21 17:21:15-04:00,1.0
2011-04-21 17:21:18-04:00,1.0
2011-04-21 17:21:21-04:00,0.6666666666666667
2011-04-21 17:21:24-04:00,0.0
2011-04-21 17:21:27-04:00,0.1111111111111111
2011-04-21 17:21:30-04:00,0.4444444444444444
2011-04-21 17:21:33-04:00,0.7777777777777778
2011-04-21 17:21:36-04:00,1.0
2011-04-21 17:21:39-04:00,1.0
2011-04-21 17:21:42-04:00,0.0
2011-04-21 17:21:45-04:00,0.0
2011-04-21 17:21:48-04:00,0.0
2011-04-21 17:21:51-04:00,0.0
2011-04-21 17:21:54-04:00,0.5
2011-04-21 17:21:57-04:00,0.6666666666666667
2011-04-21 17:22:00-04:00,0.0
2011-04-21 17:22:03-04:00,0.0
2011-04-21 17:22:06-04:00,1.0
2011-04-21 17:22:09-04:00,0.0
2011-04-21 17:22:12-04:00,0.0
2011-04-21 17:22:15-04:00,0.0
2011-04-21 17:22:18-04:00,0.5
2011-04-21 17:22:21-04:00,0.6666666666666667
2011-04-21 17:22:24-04:00,0.25
2011-04-21 17:22:27-04:00,1.0
2011-04-21 17:22:30-04:00,1.0
2011-04-21 17:22:33-04:00,1.0
2011-04-21 17:22:36-04:00,1.0
2011-04-21 17:22:39-04:00,0.0
2011-04-21 17:22:42-04:00,1.0
2011-04-21 17:22:45-04:00,0.25
2011-04-21 17:22:48-04:00,0.6666666666666666
2011-04-21 17:22:51-04:00,0.5
2011-04-21 17:22:54-04:00,0.3333333333333333
2011-04-21 17:22:57-04:00,1.0
2011-04-21 17:23:00-04:00,1.0
2011-04-21 17:23:03-04:00,1.0
2011-04-21 17:23:06-04:00,0.25
2011-04-21 17:23:09-04:00,0.0
2011-04-21 17:23:12-04:00,0.0
2011-04-21 17:23:15-04:00,0.5
2011-04-21 17:23:18-04:00,0.6666666666666667
2011-04-21 17:23:21-04:00,0.0
2011-04-21 17:23:24-04:00,0.25
2011-04-21 17:23:27-04:00,1.0
2011-04-21 17:23:30-04:00,0.6666666666666667
2011-04-21 17:23:33-04:00,0.33333333333333337
2011-04-21 17:23:36-04:00,0.0
2011-04-21 17:23:39-04:00,1.0
2011-04-21 17:23:42-04:00,1.0
2011-04-21 17:23:45-04:00,1.0
2011-04-21 17:23:48-04:00,1.0
2011-04-21 17:23:51-04:00,1.0
2011-04-21 17:23:54-04:00,0.6666666666666667
2011-04-21 17:23:57-04:00,0.0
2011-04-21 17:24:00-04:00,0.0
2011-04-21 17:24:03-04:00,1.0
2011-04-21 17:24:06-04:00,1.0
2011-04-21 17:24:09-04:00,1.0
2011-04-21 17:24:12-04:00,0.5
2011-04-21 17:24:15-04:00,0.0
2011-04-21 17:24:18-04:00,0.0
2011-04-21 17:24:21-04:00,0.0
2011-04-21 17:24:24-04:00,0.0
2011-04-21 17:24:27-04:00,1.0
2011-04-21 17:24:30-04:00,1.0
2011-04-21 17:24:33-04:00,1.0
2011-04-21 17:24:36-04:00,1.0
2011-04-21 17:24:39-04:00,0.0
2011-04-21 17:24:42-04:00,0.75
2011-04-21 17:24:45-04:00,1.0
2011-04-21 17:24:48-04:00,1.0
2011-04-21 17:24:51-04:00,1.0
2011-04-21 17:24:54-04:00,0.6666666666666667
2011-04-21 17:24:57-04:00,0.25
2011-04-21 17:25:00-04:00,1.0
2011-04-21 17:25:03-04:00,1.0
2011-04-21 17:25:06-04:00,0.25
2011-04-21 17:25:09-04:00,0.6666666666666666
2011-04-21 17:25:12-04:00,1.0
2011-04-21 17:25:15-04:00,1.0
2011-04-21 17:25:18-04:00,0.6666666666666667
2011-04-21 17:25:21-04:00,0.0
2011-04-21 17:25:24-04:00,0.0
2011-04-21 17:25:27-04:00,1.0
2011-04-21 17:25:30-04:00,1.0
2011-04-21 17:25:33-04:00,1.0
2011-04-21 17:25:36-04:00,1.0
2011-04-21 17:25:39-04:00,1.0
2011-04-21 17:25:42-04:00,0.25
2011-04-21 17:25:45-04:00,0.0
2011-04-21 17:25:48-04:00,0.0
2011-04-21 17:25:51-04:00,0.3333333333333333
2011-04-21 17:25:54-04:00,1.0
2011-04-21 17:25:57-04:00,0.75
2011-04-21 17:26:00-04:00,0.0
2011-04-21 17:26:03-04:00,0.0
2011-04-21 17:26:06-04:00,0.75
2011-04-21 17:26:09-04:00,1.0
2011-04-21 17:26:12-04:00,0.5
2011-04-21 17:26:15-04:00,0.3333333333333333
2011-04-21 17:26:18-04:00,0.6666666666666667
2011-04-21 17:26:21-04:00,0.0
2011-04-21 17:26:24-04:00,0.0
2011-04-21 17:26:27-04:00,0.0
2011-04-21 17:26:30-04:00,0.0
2011-04-21 17:26:33-04:00,0.0
2011-04-21 17:26:36-04:00,0.0
2011-04-21 17:26:39-04:00,0.0
2011-04-21 17:26:42-04:00,0.6666666666666666
2011-04-21 17:26:45-04:00,1.0
2011-04-21 17:26:48-04:00,1.0
2011-04-21 17:26:51-04:00,0.6666666666666667
2011-04-21 17:26:54-04:00,0.0
2011-04-21 17:26:57-04:00,0.0
2011-04-21 17:27:00-04:00,0.0
2011-04-21 17:27:03-04:00,0.75
2011-04-21 17:27:06-04:00,0.33333333333333337
2011-04-21 17:27:09-04:00,0.6666666666666666
2011-04-21 17:27:12-04:00,0.5
2011-04-21 17:27:15-04:00,0.0
2011-04-21 17:27:18-04:00,0.25
2011-04-21 17:27:21-04:00,1.0
2011-04-21 17:27:24-04:00,1.0
2011-04-21 17:27:27-04:00,0.0
2011-04-21 17:27:30-04:00,0.3333333333333333
2011-04-21 17:27:33-04:00,0.6666666666666666
2011-04-21 17:27:36-04:00,1.0
2011-04-21 17:27:39-04:00,0.25
2011-04-21 17:27:42-04:00,0.6666666666666666
2011-04-21 17:27:45-04:00,1.0
2011-04-21 17:27:48-04:00,1.0
2011-04-21 17:27:51-04:00,0.75
2011-04-21 17:27:54-04:00,0.0
2011-04-21 17:27:57-04:00,0.0
2011-04-21 17:28:00-04:00,0.0
2011-04-21 17:28:03-04:00,0.0
2011-04-21 17:28:06-04:00,0.5
2011-04-21 17:28:09-04:00,1.0
2011-04-21 17:28:12-04:00,1.0
2011-04-21 17:28:15-04:00,1.0
2011-04-21 17:28:18-04:00,0.0
2011-04-21 17:28:21-04:00,0.0
2011-04-21 17:28:24-04:00,0.0
2011-04-21 17:28:27-04:00,0.2222222222222222
2011-04-21 17:28:30-04:00,0.5555555555555556
2011-04-21 17:28:33-04:00,0.8888888888888888
2011-04-21 17:28:36-04:00,1.0
2011-04-21 17:28:39-04:00,1.0
2011-04-21 17:28:42-04:00,0.5
2011-04-21 17:28:45-04:00,0.3333333333333333
2011-04-21 17:28:48-04:00,1.0
2011-04-21 17:28:51-04:00,1.0
2011-04-21 17:28:54-04:00,1.0
2011-04-21 17:28:57-04:00,1.0
2011-04-21 17:29:00-04:00,1.0
2011-04-21 17:29:03-04:00,0.33333333333333337
2011-04-21 17:29:06-04:00,0.5
2011-04-21 17:29:09-04:00,1.0
2011-04-21 17:29:12-04:00,0.75
2011-04-21 17:29:15-04:00,0.0
2011-04-21 17:29:18-04:00,1.0
2011-04-21 17:29:21-04:00,1.0
2011-04-21 17:29:24-04:00,0.33333333333333337
2011-04-21 17:29:27-04:00,0.2222222222222222
2011-04-21 17:29:30-04:00,0.5555555555555556
2011-04-21 17:29:33-04:00,0.8888888888888888
2011-04-21 17:29:36-04:00,1.0
2011-04-21 17:29:39-04:00,1.0
2011-04-21 17:29:42-04:00,0.6666666666666667
2011-04-21 17:29:45-04:00,0.0
2011-04-21 17:29:48-04:00,0.0
2011-04-21 17:29:51-04:00,0.0
2011-04-21 17:29:54-04:00,1.0
2011-04-21 17:29:57-04:00,0.25
2011-04-21 17:30:00-04:00,0.0
2011-04-21 17:30:03-04:00,0.0
2011-04-21 17:30:06-04:00,0.3333333333333333
2011-04-21 17:30:09-04:00,0.75
2011-04-21 17:30:12-04:00,0.0
2011-04-21 17:30:15-04:00,1.0
2011-04-21 17:30:18-04:00,1.0
2011-04-21 17:30:21-04:00,1.0
2011-04-21 17:30:24-04:00,0.33333333333333337
2011-04-21 17:30:27-04:00,0.0
2011-04-21 17:30:30-04:00,0.0
2011-04-21 17:30:33-04:00,0.0
2011-04-21 17:30:36-04:00,0.0
2011-04-21 17:30:39-04:00,0.5
2011-04-21 17:30:42-04:00,1.0
2011-04-21 17:30:45-04:00,1.0
2011-04-21 17:30:48-04:00,1.0
2011-04-21 17:30:51-04:00,0.0
2011-04-21 17:30:54-04:00,0.75
2011-04-21 17:30:57-04:00,1.0
2011-04-21 17:31:00-04:00,1.0
2011-04-21 17:31:03-04:00,1.0
2011-04-21 17:31:06-04:00,0.6666666666666667
2011-04-21 17:31:09-04:00,0.0
2011-04-21 17:31:12-04:00,0.0
2011-04-21 17:31:15-04:00,0.0
2011-04-21 17:31:18-04:00,0.75
2011-04-21 17:31:21-04:00,1.0
2011-04-21 17:31:24-04:00,1.0
2011-04-21 17:31:27-04:00,1.0
2011-04-21 17:31:30-04:00,1.0
2011-04-21 17:31:33-04:00,1.0
2011-04-21 17:31:36-04:00,0.6666666666666667
2011-04-21 17:31:39-04:00,0.0
2011-04-21 17:31:42-04:00,0.0
2011-04-21 17:31:45-04:00,0.0
2011-04-21 17:31:48-04:00,0.75
2011-04-21 17:31:51-04:00,0.33333333333333337
2011-04-21 17:31:54-04:00,0.0
2011-04-21 17:31:57-04:00,0.3333333333333333
2011-04-21 17:32:00-04:00,1.0
2011-04-21 17:32:03-04:00,0.75
2011-04-21 17:32:06-04:00,0.0
2011-04-21 17:32:09-04:00,1.0
2011-04-21 17:32:12-04:00,0.25
2011-04-21 17:32:15-04:00,0.6666666666666666
2011-04-21 17:32:18-04:00,1.0
2011-04-21 17:32:21-04:00,0.5
2011-04-21 17:32:24-04:00,0.0
2011-04-21 17:32:27-04:00,0.1111111111111111
2011-04-21 17:32:30-04:00,0.4444444444444444
2011-04-21 17:32:33-04:00,0.7777777777777778
2011-04-21 17:32:36-04:00,0.6666666666666667
2011-04-21 17:32:39-04:00,0.0
2011-04-21 17:32:42-04:00,0.0
2011-04-21 17:32:45-04:00,0.0
2011-04-21 17:32:48-04:00,0.0
2011-04-21 17:32:51-04:00,0.0
2011-04-21 17:32:54-04:00,0.0
2011-04-21 17:32:57-04:00,0.5
2011-04-21 17:33:00-04:00,1.0
2011-04-21 17:33:03-04:00,0.75
2011-04-21 17:33:06-04:00,0.0
2011-04-21 17:33:09-04:00,1.0
2011-04-21 17:33:12-04:00,1.0
2011-04-21 17:33:15-04:00,0.33333333333333337
2011-04-21 17:33:18-04:00,0.5
2011-04-21 17:33:21-04:00,1.0
2011-04-21 17:33:24-04:00,0.6666666666666667
2011-04-21 17:33:27-04:00,0.0
2011-04-21 17:33:30-04:00,0.0
2011-04-21 17:33:33-04:00,0.0
2011-04-21 17:33:36-04:00,0.3333333333333333
2011-04-21 17:33:39-04:00,1.0
2011-04-21 17:33:42-04:00,1.0
2011-04-21 17:33:45-04:00,1.0
2011-04-21 17:33:48-04:00,0.0
2011-04-21 17:33:51-04:00,0.75
2011-04-21 17:33:54-04:00,0.33333333333333337
2011-04-21 17:33:57-04:00,0.0
2011-04-21 17:34:00-04:00,0.3333333333333333
2011-04-21 17:34:03-04:00,0.75
2011-04-21 17:34:06-04:00,0.0
2011-04-21 17:34:09-04:00,0.0
2011-04-21 17:34:12-04:00,0.75
2011-04-21 17:34:15-04:00,1.0
2011-04-21 17:34:18-04:00,1.0
2011-04-21 17:34:21-04:00,1.0
2011-04-21 17:34:24-04:00,1.0
2011-04-21 17:34:27-04:00,0.8888888888888888
2011-04-21 17:34:30-04:00,0.5555555555555556
2011-04-21 17:34:33-04:00,0.2222222222222222
2011-04-21 17:34:36-04:00,0.0
2011-04-21 17:34:39-04:00,0.0
2011-04-21 17:34:42-04:00,0.0
2011-04-21 17:34:45-04:00,1.0
2011-04-21 17:34:48-04:00,0.25
2011-04-21 17:34:51-04:00,0.0
2011-04-21 17:34:54-04:00,0.5
2011-04-21 17:34:57-04:00,0.6666666666666667
2011-04-21 17:35:00-04:00,0.3333333333333333
2011-04-21 17:35:03-04:00,0.75
2011-04-21 17:35:06-04:00,0.0
2011-04-21 17:35:09-04:00,1.0
2011-04-21 17:35:12-04:00,1.0
2011-04-21 17:35:15-04:00,1.0
2011-04-21 17:35:18-04:00,1.0
2011-04-21 17:35:21-04:00,0.6666666666666667
2011-04-21 17:35:24-04:00,0.25
2011-04-21 17:35:27-04:00,1.0
2011-04-21 17:35:30-04:00,0.625
2011-04-21 17:35:33-04:00,0.25
2011-04-21 17:35:36-04:00,0.25
2011-04-21 17:35:39-04:00,1.0
2011-04-21 17:35:42-04:00,1.0
2011-04-21 17:35:45-04:00,0.25
2011-04-21 17:35:48-04:00,0.0
2011-04-21 17:35:51-04:00,0.0
2011-04-21 17:35:54-04:00,0.0
2011-04-21 17:35:57-04:00,0.0
2011-04-21 17:36:00-04:00,0.0
2011-04-21 17:36:03-04:00,0.0
2011-04-21 17:36:06-04:00,1.0
2011-04-21 17:36:09-04:00,0.25
2011-04-21 17:36:12-04:00,0.6666666666666666
2011-04-21 17:36:15-04:00,1.0
2011-04-21 17:36:18-04:00,1.0
2011-04-21 17:36:21-04:00,1.0
2011-04-21 17:36:24-04:00,1.0
2011-04-21 17:36:27-04:00,1.0
2011-04-21 17:36:30-04:00,0.6666666666666667
2011-04-21 17:36:33-04:00,0.33333333333333337
2011-04-21 17:36:36-04:00,0.0
2011-04-21 17:36:39-04:00,1.0
2011-04-21 17:36:42-04:00,0.0
2011-04-21 17:36:45-04:00,0.75
2011-04-21 17:36:48-04:00,0.33333333333333337
2011-04-21 17:36:51-04:00,0.0
2011-04-21 17:36:54-04:00,0.0
2011-04-21 17:36:57-04:00,0.0
2011-04-21 17:37:00-04:00,0.0
2011-04-21 17:37:03-04:00,1.0
2011-04-21 17:37:06-04:00,1.0
2011-04-21 17:37:09-04:00,1.0
2011-04-21 17:37:12-04:00,0.5
2011-04-21 17:37:15-04:00,0.3333333333333333
2011-04-21 17:37:18-04:00,1.0
2011-04-21 17:37:21-04:00,0.75
2011-04-21 17:37:24-04:00,0.0
2011-04-21 17:37:27-04:00,0.0
2011-04-21 17:37:30-04:00,0.3333333333333333
2011-04-21 17:37:33-04:00,0.6666666666666666
2011-04-21 17:37:36-04:00,1.0
2011-04-21 17:37:39-04:00,1.0
2011-04-21 17:37:42-04:00,0.0
2011-04-21 17:37:45-04:00,0.0
2011-04-21 17:37:48-04:00,0.6666666666666666
2011-04-21 17:37:51-04:00,1.0
2011-04-21 17:37:54-04:00,1.0
2011-04-21 17:37:57-04:00,1.0
2011-04-21 17:38:00-04:00,0.0
2011-04-21 17:38:03-04:00,0.0
2011-04-21 17:38:06-04:00,0.0
2011-04-21 17:38:09-04:00,0.0
2011-04-21 17:38:12-04:00,0.5
2011-04-21 17:38:15-04:00,1.0
2011-04-21 17:38:18-04:00,0.75
2011-04-21 17:38:21-04:00,0.0
2011-04-21 17:38:24-04:00,0.0
2011-04-21 17:38:27-04:00,0.0
2011-04-21 17:38:30-04:00,0.0
2011-04-21 17:38:33-04:00,0.0
2011-04-21 17:38:36-04:00,0.0
2011-04-21 17:38:39-04:00,1.0
2011-04-21 17:38:42-04:00,1.0
2011-04-21 17:38:45-04:00,1.0
2011-04-21 17:38:48-04:00,0.33333333333333337
2011-04-21 17:38:51-04:00,0.0
2011-04-21 17:38:54-04:00,0.0
2011-04-21 17:38:57-04:00,0.0
2011-04-21 17:39:00-04:00,0.25
2011-04-21 17:39:03-04:00,1.0
2011-04-21 17:39:06-04:00,0.0
2011-04-21 17:39:09-04:00,0.0
2011-04-21 17:39:12-04:00,0.6666666666666666
2011-04-21 17:39:15-04:00,1.0
2011-04-21 17:39:18-04:00,1.0
2011-04-21 17:39:21-04:00,0.75
2011-04-21 17:39:24-04:00,0.0
2011-04-21 17:39:27-04:00,0.0
2011-04-21 17:39:30-04:00,0.0
2011-04-21 17:39:33-04:00,0.0
2011-04-21 17:39:36-04:00,0.0
2011-04-21 17:39:39-04:00,0.0
2011-04-21 17:39:42-04:00,0.75
2011-04-21 17:39:45-04:00,0.33333333333333337
2011-04-21 17:39:48-04:00,0.6666666666666666
2011-04-21 17:39:51-04:00,1.0
2011-04-21 17:39:54-04:00,1.0
2011-04-21 17:39:57-04:00,1.0
2011-04-21 17:40:00-04:00,1.0
2011-04-21 17:40:03-04:00,1.0
2011-04-21 17:40:06-04:00,1.0
2011-04-21 17:40:09-04:00,0.25
2011-04-21 17:40:12-04:00,0.0
2011-04-21 17:40:15-04:00,0.0
2011-04-21 17:40:18-04:00,0.3333333333333333
2011-04-21 17:40:21-04:00,1.0
2011-04-21 17:40:24-04:00,1.0
2011-04-21 17:40:27-04:00,0.0
2011-04-21 17:40:30-04:00,0.3333333333333333
2011-04-21 17:40:33-04:00,0.6666666666666666
2011-04-21 17:40:36-04:00,1.0
2011-04-21 17:40:39-04:00,1.0
2011-04-21 17:40:42-04:00,1.0
2011-04-21 17:40:45-04:00,0.33333333333333337
2011-04-21 17:40:48-04:00,0.5
2011-04-21 17:40:51-04:00,0.6666666666666667
2011-04-21 17:40:54-04:00,0.0
2011-04-21 17:40:57-04:00,0.25
2011-04-21 17:41:00-04:00,1.0
2011-04-21 17:41:03-04:00,1.0
2011-04-21 17:41:06-04:00,1.0
2011-04-21 17:41:09-04:00,1.0
2011-04-21 17:41:12-04:00,0.33333333333333337
2011-04-21 17:41:15-04:00,0.5
2011-04-21 17:41:18-04:00,1.0
2011-04-21 17:41:21-04:00,1.0
2011-04-21 17:41:24-04:00,1.0
2011-04-21 17:41:27-04:00,0.0
2011-04-21 17:41:30-04:00,0.3333333333333333
2011-04-21 17:41:33-04:00,0.6666666666666666
2011-04-21 17:41:36-04:00,1.0
2011-04-21 17:41:39-04:00,0.25
2011-04-21 17:41:42-04:00,0.6666666666666666
2011-04-21 17:41:45-04:00,0.5
2011-04-21 17:41:48-04:00,0.3333333333333333
2011-04-21 17:41:51-04:00,1.0
2011-04-21 17:41:54-04:00,1.0
2011-04-21 17:41:57-04:00,0.0
2011-04-21 17:42:00-04:00,0.0
2011-04-21 17:42:03-04:00,0.0
2011-04-21 17:42:06-04:00,0.0
2011-04-21 17:42:09-04:00,0.5
2011-04-21 17:42:12-04:00,0.6666666666666667
2011-04-21 17:42:15-04:00,0.0
2011-04-21 17:42:18-04:00,0.25
2011-04-21 17:42:21-04:00,1.0
2011-04-21 17:42:24-04:00,1.0
2011-04-21 17:42:27-04:00,0.7
2011-04-21 17:42:30-04:00,0.4
2011-04-21 17:42:33-04:00,0.09999999999999998
2011-04-21 17:42:36-04:00,0.0
2011-04-21 17:42:39-04:00,0.6666666666666666
2011-04-21 17:42:42-04:00,0.5
2011-04-21 17:42:45-04:00,0.0
2011-04-21 17:42:48-04:00,0.25
2011-04-21 17:42:51-04:00,1.0
2011-04-21 17:42:54-04:00,0.0
2011-04-21 17:42:57-04:00,0.75
2011-04-21 17:43:00-04:00,0.33333333333333337
2011-04-21 17:43:03-04:00,0.0
2011-04-21 17:43:06-04:00,0.3333333333333333
2011-04-21 17:43:09-04:00,0.6666666666666667
2011-04-21 17:43:12-04:00,0.25
2011-04-21 17:43:15-04:00,1.0
2011-04-21 17:43:18-04:00,1.0
2011-04-21 17:43:21-04:00,1.0
2011-04-21 17:43:24-04:00,0.33333333333333337
2011-04-21 17:43:27-04:00,0.0
2011-04-21 17:43:30-04:00,0.0
2011-04-21 17:43:33-04:00,0.0
2011-04-21 17:43:36-04:00,0.0
2011-04-21 17:43:39-04:00,0.5
2011-04-21 17:43:42-04:00,0.6666666666666667
2011-04-21 17:43:45-04:00,0.3333333333333333
2011-04-21 17:43:48-04:00,0.75
2011-04-21 17:43:51-04:00,0.0
2011-04-21 17:43:54-04:00,1.0
2011-04-21 17:43:57-04:00,1.0
2011-04-21 17:44:00-04:00,0.33333333333333337
2011-04-21 17:44:03-04:00,0.5
2011-04-21 17:44:06-04:00,1.0
2011-04-21 17:44:09-04:00,1.0
2011-04-21 17:44:12-04:00,1.0
2011-04-21 17:44:15-04:00,1.0
2011-04-21 17:44:18-04:00,1.0
2011-04-21 17:44:21-04:00,0.33333333333333337
2011-04-21 17:44:24-04:00,0.5
2011-04-21 17:44:27-04:00,1.0
2011-04-21 17:44:30-04:00,1.0
2011-04-21 17:44:33-04:00,1.0
2011-04-21 17:44:36-04:00,0.5
2011-04-21 17:44:39-04:00,0.3333333333333333
2011-04-21 17:44:42-04:00,0.75
2011-04-21 17:44:45-04:00,0.0
2011-04-21 17:44:48-04:00,0.0
2011-04-21 17:44:51-04:00,0.0
2011-04-21 17:44:54-04:00,0.6666666666666666
2011-04-21 17:44:57-04:00,1.0
2011-04-21 17:45:00-04:00,1.0
2011-04-21 17:45:03-04:00,1.003723328082486
2011-04-21 17:45:06-04:00,1.0148933123299442
2011-04-21 17:45:09-04:00,1.0260632965774024
2011-04-21 17:45:12-04:00,1.0372332808248603
2011-04-21 17:45:15-04:00,1.0484032650723185
2011-04-21 17:45:18-04:00,1.0595732493197767
2011-04-21 17:45:21-04:00,1.0707432335672347
2011-04-21 17:45:24-04:00,1.0819132178146929
2011-04-21 17:45:27-04:00,1.093083202062151
2011-04-21 17:45:30-04:00,1.104253186309609
2011-04-21 17:45:33-04:00,1.1154231705570672
2011-04-21 17:45:36-04:00,1.1265931548045254
2011-04-21 17:45:39-04:00,1.1377631390519833
2011-04-21 17:45:42-04:00,1.1489331232994415
2011-04-21 17:45:45-04:00,1.1601031075468997
2011-04-21 17:45:48-04:00,1.1712730917943577
2011-04-21 17:45:51-04:00,1.1824430760418159
2011-04-21 17:45:54-04:00,1.193613060289274
2011-04-21 17:45:57-04:00,1.204783044536732
2011-04-21 17:46:00-04:00,1.2159530287841902
2011-04-21 17:46:03-04:00,1.2271230130316484
2011-04-21 17:46:06-04:00,1.2382929972791064
2011-04-21 17:46:09-04:00,1.2494629815265645
2011-04-21 17:46:12-04:00,1.2606329657740227
2011-04-21 17:46:15-04:00,1.2718029500214807
2011-04-21 17:46:18-04:00,1.2829729342689389
2011-04-21 17:46:21-04:00,1.294142918516397
2011-04-21 17:46:24-04:00,1.305312902763855
2011-04-21 17:46:27-04:00,1.3164828870113132
2011-04-21 17:46:30-04:00,1.3276528712587714
2011-04-21 17:46:33-04:00,1.3388228555062294
2011-04-21 17:46:36-04:00,1.3499928397536876
2011-04-21 17:46:39-04:00,1.3611628240011457
2011-04-21 17:46:42-04:00,1.3723328082486037
2011-04-21 17:46:45-04:00,1.383502792496062
2011-04-21 17:46:48-04:00,1.39467277674352
2011-04-21 17:46:51-04:00,1.405842760990978
2011-04-21 17:46:54-04:00,1.4170127452384362
2011-04-21 17:46:57-04:00,1.4281827294858944
2011-04-21 17:47:00-04:00,1.4393527137333524
2011-04-21 17:47:03-04:00,1.4505226979808106
2011-04-21 17:47:06-04:00,1.4616926822282688
2011-04-21 17:47:09-04:00,1.4728626664757267
2011-04-21 17:47:12-04:00,1.484032650723185
2011-04-21 17:47:15-04:00,1.495202634970643
2011-04-21 17:47:18-04:00,1.506372619218101
2011-04-21 17:47:21-04:00,1.5175426034655592
2011-04-21 17:47:24-04:00,1.5287125877130174
2011-04-21 17:47:27-04:00,1.5398825719604754
2011-04-21 17:47:30-04:00,1.5510525562079336
2011-04-21 17:47:33-04:00,1.5622225404553918
2011-04-21 17:47:36-04:00,1.5733925247028497
2011-04-21 17:47:39-04:00,1.584562508950308
2011-04-21 17:47:42-04:00,1.595732493197766
2011-04-21 17:47:45-04:00,1.606902477445224
2011-04-21 17:47:48-04:00,1.6180724616926823
2011-04-21 17:47:51-04:00,1.6292424459401404
2011-04-21 17:47:54-04:00,1.6404124301875984
2011-04-21 17:47:57-04:00,1.6515824144350566
2011-04-21 17:48:00-04:00,1.6627523986825148
2011-04-21 17:48:03-04:00,1.6739223829299728
2011-04-21 17:48:06-04:00,1.685092367177431
2011-04-21 17:48:09-04:00,1.6962623514248891
2011-04-21 17:48:12-04:00,1.707432335672347
2011-04-21 17:48:15-04:00,1.7186023199198053
2011-04-21 17:48:18-04:00,1.7297723041672635
2011-04-21 17:48:21-04:00,1.7409422884147214
2011-04-21 17:48:24-04:00,1.7521122726621796
2011-04-21 17:48:27-04:00,1.7632822569096378
2011-04-21 17:48:30-04:00,1.7744522411570958
2011-04-21 17:48:33-04:00,1.785622225404554
2011-04-21 17:48:36-04:00,1.7967922096520121
2011-04-21 17:48:39-04:00,1.80796219389947
2011-04-21 17:48:42-04:00,1.8191321781469283
2011-04-21 17:48:45-04:00,1.8303021623943865
2011-04-21 17:48:48-04:00,1.8414721466418444
2011-04-21 17:48:51-04:00,1.8526421308893026
2011-04-21 17:48:54-04:00,1.8638121151367608
2011-04-21 17:48:57-04:00,1.8749820993842188
2011-04-21 17:49:00-04:00,1.886152083631677
2011-04-21 17:49:03-04:00,1.8973220678791352
2011-04-21 17:49:06-04:00,1.9084920521265931
2011-04-21 17:49:09-04:00,1.9196620363740513
2011-04-21 17:49:12-04:00,1.9308320206215095
2011-04-21 17:49:15-04:00,1.9420020048689675
2011-04-21 17:49:18-04:00,1.9531719891164256
2011-04-21 17:49:21-04:00,1.9643419733638838
2011-04-21 17:49:24-04:00,1.9755119576113418
2011-04-21 17:49:27-04:00,1.9866819418588
2011-04-21 17:49:30-04:00,1.9978519261062582
2011-04-21 17:49:33-04:00,2.009021910353716
2011-04-21 17:49:36-04:00,2.020191894601174
2011-04-21 17:49:39-04:00,2.0313618788486325
2011-04-21 17:49:42-04:00,2.0425318630960905
2011-04-21 17:49:45-04:00,2.0537018473435484
2011-04-21 17:49:48-04:00,2.064871831591007
2011-04-21 17:49:51-04:00,2.076041815838465
2011-04-21 17:49:54-04:00,2.0872118000859228
2011-04-21 17:49:57-04:00,2.098381784333381
2011-04-21 17:50:00-04:00,2.109551768580839
2011-04-21 17:50:03-04:00,2.120721752828297
2011-04-21 17:50:06-04:00,2.1318917370757555
2011-04-21 17:50:09-04:00,2.1430617213232135
2011-04-21 17:50:12-04:00,2.1542317055706715
2011-04-21 17:50:15-04:00,2.16540168981813
2011-04-21 17:50:18-04:00,2.176571674065588
2011-04-21 17:50:21-04:00,2.187741658313046
2011-04-21 17:50:24-04:00,2.198911642560504
2011-04-21 17:50:27-04:00,2.210081626807962
2011-04-21 17:50:30-04:00,2.22125161105542
2011-04-21 17:50:33-04:00,2.2324215953028785
2011-04-21 17:50:36-04:00,2.2435915795503365
2011-04-21 17:50:39-04:00,2.2547615637977945
2011-04-21 17:50:42-04:00,2.265931548045253
2011-04-21 17:50:45-04:00,2.277101532292711
2011-04-21 17:50:48-04:00,2.288271516540169
2011-04-21 17:50:51-04:00,2.299441500787627
2011-04-21 17:50:54-04:00,2.310611485035085
2011-04-21 17:50:57-04:00,2.321781469282543
2011-04-21 17:51:00-04:00,2.3329514535300016
2011-04-21 17:51:03-04:00,2.3441214377774595
2011-04-21 17:51:06-04:00,2.3552914220249175
2011-04-21 17:51:09-04:00,2.366461406272376
2011-04-21 17:51:12-04:00,2.377631390519834
2011-04-21 17:51:15-04:00,2.388801374767292
2011-04-21 17:51:18-04:00,2.3999713590147502
2011-04-21 17:51:21-04:00,2.411141343262208
2011-04-21 17:51:24-04:00,2.422311327509666
2011-04-21 17:51:27-04:00,2.4334813117571246
2011-04-21 17:51:30-04:00,2.4446512960045825
2011-04-21 17:51:33-04:00,2.4558212802520405
2011-04-21 17:51:36-04:00,2.466991264499499
2011-04-21 17:51:39-04:00,2.478161248746957
2011-04-21 17:51:42-04:00,2.489331232994415
2011-04-21 17:51:45-04:00,2.5005012172418732
2011-04-21 17:51:48-04:00,2.511671201489331
2011-04-21 17:51:51-04:00,2.522841185736789
2011-04-21 17:51:54-04:00,2.5340111699842476
2011-04-21 17:51:57-04:00,2.5451811542317055
2011-04-21 17:52:00-04:00,2.5563511384791635
2011-04-21 17:52:03-04:00,2.567521122726622
2011-04-21 17:52:06-04:00,2.57869110697408
2011-04-21 17:52:09-04:00,2.589861091221538
2011-04-21 17:52:12-04:00,2.6010310754689963
2011-04-21 17:52:15-04:00,2.612201059716454
2011-04-21 17:52:18-04:00,2.623371043963912
2011-04-21 17:52:21-04:00,2.6345410282113706
2011-04-21 17:52:24-04:00,2.6457110124588286
2011-04-21 17:52:27-04:00,2.6568809967062865
2011-04-21 17:52:30-04:00,2.668050980953745
2011-04-21 17:52:33-04:00,2.679220965201203
2011-04-21 17:52:36-04:00,2.690390949448661
2011-04-21 17:52:39-04:00,2.7015609336961193
2011-04-21 17:52:42-04:00,2.7127309179435772
2011-04-21 17:52:45-04:00,2.723900902191035
2011-04-21 17:52:48-04:00,2.7350708864384936
2011-04-21 17:52:51-04:00,2.7462408706859516
2011-04-21 17:52:54-04:00,2.7574108549334095
2011-04-21 17:52:57-04:00,2.768580839180868
2011-04-21 17:53:00-04:00,2.779750823428326
2011-04-21 17:53:03-04:00,2.790920807675784
2011-04-21 17:53:06-04:00,2.8020907919232423
2011-04-21 17:53:09-04:00,2.8132607761707003
2011-04-21 17:53:12-04:00,2.824430760418158
2011-04-21 17:53:15-04:00,2.8356007446656166
2011-04-21 17:53:18-04:00,2.8467707289130746
2011-04-21 17:53:21-04:00,2.8579407131605326
2011-04-21 17:53:24-04:00,2.869110697407991
2011-04-21 17:53:27-04:00,2.880280681655449
2011-04-21 17:53:30-04:00,2.891450665902907
2011-04-21 17:53:33-04:00,2.9026206501503653
2011-04-21 17:53:36-04:00,2.9137906343978233
2011-04-21 17:53:39-04:00,2.9249606186452812
2011-04-21 17:53:42-04:00,2.9361306028927396
2011-04-21 17:53:45-04:00,2.9473005871401976
2011-04-21 17:53:48-04:00,2.9584705713876556
2011-04-21 17:53:51-04:00,2.969640555635114
2011-04-21 17:53:54-04:00,2.980810539882572
2011-04-21 17:53:57-04:00,2.99198052413003
2011-04-21 17:54:00-04:00,3.0031505083774883
2011-04-21 17:54:03-04:00,3.0143204926249463
2011-04-21 17:54:06-04:00,3.0254904768724042
2011-04-21 17:54:09-04:00,3.0366604611198627
2011-04-21 17:54:12-04:00,3.0478304453673206
2011-04-21 17:54:15-04:00,3.0590004296147786
2011-04-21 17:54:18-04:00,3.070170413862237
2011-04-21 17:54:21-04:00,3.081340398109695
2011-04-21 17:54:24-04:00,3.092510382357153
2011-04-21 17:54:27-04:00,3.1036803666046113
2011-04-21 17:54:30-04:00,3.1148503508520693
2011-04-21 17:54:33-04:00,3.1260203350995273
2011-04-21 17:54:36-04:00,3.1371903193469857
2011-04-21 17:54:39-04:00,3.1483603035944436
2011-04-21 17:54:42-04:00,3.1595302878419016
2011-04-21 17:54:45-04:00,3.17070027208936
2011-04-21 17:54:48-04:00,3.181870256336818
2011-04-21 17:54:51-04:00,3.193040240584276
2011-04-21 17:54:54-04:00,3.2042102248317343
2011-04-21 17:54:57-04:00,3.2153802090791923
2011-04-21 17:55:00-04:00,3.2265501933266503
2011-04-21 17:55:03-04:00,3.2377201775741087
2011-04-21 17:55:06-04:00,3.2488901618215666
2011-04-21 17:55:09-04:00,3.2600601460690246
2011-04-21 17:55:12-04:00,3.271230130316483
2011-04-21 17:55:15-04:00,3.282400114563941
2011-04-21 17:55:18-04:00,3.293570098811399
2011-04-21 17:55:21-04:00,3.3047400830588574
2011-04-21 17:55:24-04:00,3.3159100673063153
2011-04-21 17:55:27-04:00,3.3270800515537733
2011-04-21 17:55:30-04:00,3.3382500358012317
2011-04-21 17:55:33-04:00,3.3494200200486897
2011-04-21 17:55:36-04:00,3.3605900042961476
2011-04-21 17:55:39-04:00,3.371759988543606
2011-04-21 17:55:42-04:00,3.382929972791064
2011-04-21 17:55:45-04:00,3.394099957038522
2011-04-21 17:55:48-04:00,3.4052699412859804
2011-04-21 17:55:51-04:00,3.4164399255334383
2011-04-21 17:55:54-04:00,3.4276099097808963
2011-04-21 17:55:57-04:00,3.4387798940283547
2011-04-21 17:56:00-04:00,3.4499498782758127
2011-04-21 17:56:03-04:00,3.4611198625232706
2011-04-21 17:56:06-04:00,3.472289846770729
2011-04-21 17:56:09-04:00,3.483459831018187
2011-04-21 17:56:12-04:00,3.494629815265645
2011-04-21 17:56:15-04:00,3.5057997995131034
2011-04-21 17:56:18-04:00,3.5169697837605614
2011-04-21 17:56:21-04:00,3.5281397680080193
2011-04-21 17:56:24-04:00,3.5393097522554777
2011-04-21 17:56:27-04:00,3.5504797365029357
2011-04-21 17:56:30-04:00,3.5616497207503937
2011-04-21 17:56:33-04:00,3.572819704997852
2011-04-21 17:56:36-04:00,3.58398968924531
2011-04-21 17:56:39-04:00,3.595159673492768
2011-04-21 17:56:42-04:00,3.6063296577402264
2011-04-21 17:56:45-04:00,3.6174996419876844
2011-04-21 17:56:48-04:00,3.6286696262351423
2011-04-21 17:56:51-04:00,3.6398396104826007
2011-04-21 17:56:54-04:00,3.6510095947300587
2011-04-21 17:56:57-04:00,3.6621795789775167
2011-04-21 17:57:00-04:00,3.673349563224975
2011-04-21 17:57:03-04:00,3.684519547472433
2011-04-21 17:57:06-04:00,3.695689531719891
2011-04-21 17:57:09-04:00,3.7068595159673494
2011-04-21 17:57:12-04:00,3.7180295002148074
2011-04-21 17:57:15-04:00,3.7291994844622653
2011-04-21 17:57:18-04:00,3.7403694687097238
2011-04-21 17:57:21-04:00,3.7515394529571817
2011-04-21 17:57:24-04:00,3.7627094372046397
2011-04-21 17:57:27-04:00,3.773879421452098
2011-04-21 17:57:30-04:00,3.785049405699556
2011-04-21 17:57:33-04:00,3.796219389947014
2011-04-21 17:57:36-04:00,3.8073893741944724
2011-04-21 17:57:39-04:00,3.8185593584419304
2011-04-21 17:57:42-04:00,3.8297293426893884
2011-04-21 17:57:45-04:00,3.8408993269368468
2011-04-21 17:57:48-04:00,3.8520693111843047
2011-04-21 17:57:51-04:00,3.8632392954317627
2011-04-21 17:57:54-04:00,3.874409279679221
2011-04-21 17:57:57-04:00,3.885579263926679
2011-04-21 17:58:00-04:00,3.896749248174137
2011-04-21 17:58:03-04:00,3.9079192324215954
2011-04-21 17:58:06-04:00,3.9190892166690534
2011-04-21 17:58:09-04:00,3.9302592009165114
2011-04-21 17:58:12-04:00,3.94142918516397
2011-04-21 17:58:15-04:00,3.9525991694114277
2011-04-21 17:58:18-04:00,3.9637691536588857
2011-04-21 17:58:21-04:00,3.974939137906344
2011-04-21 17:58:24-04:00,3.986109122153802
2011-04-21 17:58:27-04:00,3.99727910640126
2011-04-21 17:58:30-04:00,4.0084490906487185
2011-04-21 17:58:33-04:00,4.019619074896177
2011-04-21 17:58:36-04:00,4.030789059143634
2011-04-21 17:58:39-04:00,4.041959043391093
2011-04-21 17:58:42-04:00,4.053129027638551
2011-04-21 17:58:45-04:00,4.064299011886009
2011-04-21 17:58:48-04:00,4.075468996133467
2011-04-21 17:58:51-04:00,4.0866389803809255
2011-04-21 17:58:54-04:00,4.097808964628383
2011-04-21 17:58:57-04:00,4.1089789488758415
2011-04-21 17:59:00-04:00,4.1201489331233
2011-04-21 17:59:03-04:00,4.131318917370757
2011-04-21 17:59:06-04:00,4.142488901618216
2011-04-21 17:59:09-04:00,4.153658885865674
2011-04-21 17:59:12-04:00,4.164828870113132
2011-04-21 17:59:15-04:00,4.17599885436059
2011-04-21 17:59:18-04:00,4.187168838608049
2011-04-21 17:59:21-04:00,4.198338822855506
2011-04-21 17:59:24-04:00,4.2095088071029645
2011-04-21 17:59:27-04:00,4.220678791350423
2011-04-21 17:59:30-04:00,4.23184877559788
2011-04-21 17:59:33-04:00,4.243018759845339
2011-04-21 17:59:36-04:00,4.254188744092797
2011-04-21 17:59:39-04:00,4.265358728340255
2011-04-21 17:59:42-04:00,4.276528712587713
2011-04-21 17:59:45-04:00,4.287698696835172
2011-04-21 17:59:48-04:00,4.298868681082629
2011-04-21 17:59:51-04:00,4.3100386653300875
2011-04-21 17:59:54-04:00,4.321208649577546
2011-04-21 17:59:57-04:00,4.332378633825003
2011-04-21 18:00:00-04:00,4.343548618072462
2011-04-21 18:00:03-04:00,4.35471860231992
2011-04-21 18:00:06-04:00,4.365888586567378
2011-04-21 18:00:09-04:00,4.377058570814836
2011-04-21 18:00:12-04:00,4.388228555062295
2011-04-21 18:00:15-04:00,4.399398539309752
2011-04-21 18:00:18-04:00,4.4105685235572105
2011-04-21 18:00:21-04:00,4.421738507804669
2011-04-21 18:00:24-04:00,4.4329084920521264
2011-04-21 18:00:27-04:00,4.444078476299585
2011-04-21 18:00:30-04:00,4.455248460547043
2011-04-21 18:00:33-04:00,4.466418444794501
2011-04-21 18:00:36-04:00,4.477588429041959
2011-04-21 18:00:39-04:00,4.488758413289418
2011-04-21 18:00:42-04:00,4.499928397536875
2011-04-21 18:00:45-04:00,4.5110983817843335
2011-04-21 18:00:48-04:00,4.522268366031792
2011-04-21 18:00:51-04:00,4.5334383502792495
2011-04-21 18:00:54-04:00,4.544608334526708
2011-04-21 18:00:57-04:00,4.555778318774166
2011-04-21 18:01:00-04:00,4.566948303021624
2011-04-21 18:01:03-04:00,4.578118287269082
2011-04-21 18:01:06-04:00,4.589288271516541
2011-04-21 18:01:09-04:00,4.600458255763998
2011-04-21 18:01:12-04:00,4.6116282400114565
2011-04-21 18:01:15-04:00,4.622798224258915
2011-04-21 18:01:18-04:00,4.6339682085063725
2011-04-21 18:01:21-04:00,4.645138192753831
2011-04-21 18:01:24-04:00,4.656308177001289
2011-04-21 18:01:27-04:00,4.667478161248747
2011-04-21 18:01:30-04:00,4.678648145496205
2011-04-21 18:01:33-04:00,4.689818129743664
2011-04-21 18:01:36-04:00,4.700988113991121
2011-04-21 18:01:39-04:00,4.71215809823858
2011-04-21 18:01:42-04:00,4.723328082486038
2011-04-21 18:01:45-04:00,4.7344980667334955
2011-04-21 18:01:48-04:00,4.745668050980954
2011-04-21 18:01:51-04:00,4.756838035228412
2011-04-21 18:01:54-04:00,4.76800801947587
2011-04-21 18:01:57-04:00,4.779178003723328
2011-04-21 18:02:00-04:00,4.790347987970787
2011-04-21 18:02:03-04:00,4.801517972218244
2011-04-21 18:02:06-04:00,4.812687956465703
2011-04-21 18:02:09-04:00,4.823857940713161
2011-04-21 18:02:12-04:00,4.8350279249606185
2011-04-21 18:02:15-04:00,4.846197909208077
2011-04-21 18:02:18-04:00,4.857367893455535
2011-04-21 18:02:21-04:00,4.868537877702993
2011-04-21 18:02:24-04:00,4.879707861950451
2011-04-21 18:02:27-04:00,4.89087784619791
2011-04-21 18:02:30-04:00,4.902047830445367
2011-04-21 18:02:33-04:00,4.913217814692826
2011-04-21 18:02:36-04:00,4.924387798940284
2011-04-21 18:02:39-04:00,4.9355577831877415
2011-04-21 18:02:42-04:00,4.9467277674352
2011-04-21 18:02:45-04:00,4.957897751682658
2011-04-21 18:02:48-04:00,4.969067735930116
2011-04-21 18:02:51-04:00,4.980237720177574
2011-04-21 18:02:54-04:00,4.991407704425033
2011-04-21 18:02:57-04:00,5.00257768867249
2011-04-21 18:03:00-04:00,5.013747672919949
2011-04-21 18:03:03-04:00,5.024917657167407
2011-04-21 18:03:06-04:00,5.0360876414148645
2011-04-21 18:03:09-04:00,5.047257625662323
2011-04-21 18:03:12-04:00,5.058427609909781
2011-04-21 18:03:15-04:00,5.069597594157239
2011-04-21 18:03:18-04:00,5.080767578404697
2011-04-21 18:03:21-04:00,5.091937562652156
2011-04-21 18:03:24-04:00,5.103107546899613
2011-04-21 18:03:27-04:00,5.114277531147072
2011-04-21 18:03:30-04:00,5.12544751539453
2011-04-21 18:03:33-04:00,5.1366174996419875
2011-04-21 18:03:36-04:00,5.147787483889446
2011-04-21 18:03:39-04:00,5.158957468136904
2011-04-21 18:03:42-04:00,5.170127452384362
2011-04-21 18:03:45-04:00,5.18129743663182
2011-04-21 18:03:48-04:00,5.192467420879279
2011-04-21 18:03:51-04:00,5.203637405126736
2011-04-21 18:03:54-04:00,5.214807389374195
2011-04-21 18:03:57-04:00,5.225977373621653
2011-04-21 18:04:00-04:00,5.237147357869111
2011-04-21 18:04:03-04:00,5.248317342116569
2011-04-21 18:04:06-04:00,5.259487326364027
2011-04-21 18:04:09-04:00,5.270657310611485
2011-04-21 18:04:12-04:00,5.281827294858943
2011-04-21 18:04:15-04:00,5.292997279106402
2011-04-21 18:04:18-04:00,5.304167263353859
2011-04-21 18:04:21-04:00,5.315337247601318
2011-04-21 18:04:24-04:00,5.326507231848776
2011-04-21 18:04:27-04:00,5.337677216096234
2011-04-21 18:04:30-04:00,5.348847200343692
2011-04-21 18:04:33-04:00,5.36001718459115
2011-04-21 18:04:36-04:00,5.371187168838608
2011-04-21 18:04:39-04:00,5.382357153086066
2011-04-21 18:04:42-04:00,5.393527137333525
2011-04-21 18:04:45-04:00,5.404697121580982
2011-04-21 18:04:48-04:00,5.415867105828441
2011-04-21 18:04:51-04:00,5.427037090075899
2011-04-21 18:04:54-04:00,5.438207074323357
2011-04-21 18:04:57-04:00,5.449377058570815
2011-04-21 18:05:00-04:00,5.460547042818273
2011-04-21 18:05:03-04:00,5.471717027065731
2011-04-21 18:05:06-04:00,5.482887011313189
2011-04-21 18:05:09-04:00,5.494056995560648
2011-04-21 18:05:12-04:00,5.505226979808105
2011-04-21 18:05:15-04:00,5.516396964055564
2011-04-21 18:05:18-04:00,5.527566948303022
2011-04-21 18:05:21-04:00,5.53873693255048
2011-04-21 18:05:24-04:00,5.549906916797938
2011-04-21 18:05:27-04:00,5.561076901045396
2011-04-21 18:05:30-04:00,5.572246885292854
2011-04-21 18:05:33-04:00,5.583416869540312
2011-04-21 18:05:36-04:00,5.594586853787771
2011-04-21 18:05:39-04:00,5.605756838035228
2011-04-21 18:05:42-04:00,5.616926822282687
2011-04-21 18:05:45-04:00,5.628096806530145
2011-04-21 18:05:48-04:00,5.639266790777603
2011-04-21 18:05:51-04:00,5.650436775025061
2011-04-21 18:05:54-04:00,5.661606759272519
2011-04-21 18:05:57-04:00,5.672776743519977
2011-04-21 18:06:00-04:00,5.683946727767435
2011-04-21 18:06:03-04:00,5.695116712014894
2011-04-21 18:06:06-04:00,5.706286696262351
2011-04-21 18:06:09-04:00,5.71745668050981
2011-04-21 18:06:12-04:00,5.728626664757268
2011-04-21 18:06:15-04:00,5.739796649004726
2011-04-21 18:06:18-04:00,5.750966633252184
2011-04-21 18:06:21-04:00,5.7621366174996425
2011-04-21 18:06:24-04:00,5.7733066017471
2011-04-21 18:06:27-04:00,5.784476585994558
2011-04-21 18:06:30-04:00,5.795646570242017
2011-04-21 18:06:33-04:00,5.806816554489474
2011-04-21 18:06:36-04:00,5.817986538736933
2011-04-21 18:06:39-04:00,5.829156522984391
2011-04-21 18:06:42-04:00,5.840326507231849
2011-04-21 18:06:45-04:00,5.851496491479307
2011-04-21 18:06:48-04:00,5.8626664757267655
2011-04-21 18:06:51-04:00,5.873836459974223
2011-04-21 18:06:54-04:00,5.885006444221681
2011-04-21 18:06:57-04:00,5.89617642846914
2011-04-21 18:07:00-04:00,5.907346412716597
2011-04-21 18:07:03-04:00,5.918516396964056
2011-04-21 18:07:06-04:00,5.929686381211514
2011-04-21 18:07:09-04:00,5.940856365458972
2011-04-21 18:07:12-04:00,5.95202634970643
2011-04-21 18:07:15-04:00,5.9631963339538885
2011-04-21 18:07:18-04:00,5.974366318201346
2011-04-21 18:07:21-04:00,5.985536302448804
2011-04-21 18:07:24-04:00,5.996706286696263
2011-04-21 18:07:27-04:00,6.00787627094372
2011-04-21 18:07:30-04:00,6.019046255191179
2011-04-21 18:07:33-04:00,6.030216239438637
2011-04-21 18:07:36-04:00,6.041386223686095
2011-04-21 18:07:39-04:00,6.052556207933553
2011-04-21 18:07:42-04:00,6.0637261921810115
2011-04-21 18:07:45-04:00,6.074896176428469
2011-04-21 18:07:48-04:00,6.086066160675927
2011-04-21 18:07:51-04:00,6.097236144923386
2011-04-21 18:07:54-04:00,6.108406129170843
2011-04-21 18:07:57-04:00,6.119576113418302
2011-04-21 18:08:00-04:00,6.13074609766576
2011-04-21 18:08:03-04:00,6.141916081913218
2011-04-21 18:08:06-04:00,6.153086066160676
2011-04-21 18:08:09-04:00,6.1642560504081345
2011-04-21 18:08:12-04:00,6.175426034655592
2011-04-21 18:08:15-04:00,6.18659601890305
2011-04-21 18:08:18-04:00,6.197766003150509
2011-04-21 18:08:21-04:00,6.208935987397966
2011-04-21 18:08:24-04:00,6.220105971645425
2011-04-21 18:08:27-04:00,6.231275955892883
2011-04-21 18:08:30-04:00,6.242445940140341
2011-04-21 18:08:33-04:00,6.253615924387799
2011-04-21 18:08:36-04:00,6.2647859086352575
2011-04-21 18:08:39-04:00,6.275955892882715
2011-04-21 18:08:42-04:00,6.2871258771301735
2011-04-21 18:08:45-04:00,6.298295861377632
2011-04-21 18:08:48-04:00,6.309465845625089
2011-04-21 18:08:51-04:00,6.320635829872548
2011-04-21 18:08:54-04:00,6.331805814120006
2011-04-21 18:08:57-04:00,6.342975798367464
2011-04-21 18:09:00-04:00,6.354145782614922
2011-04-21 18:09:03-04:00,6.3653157668623805
2011-04-21 18:09:06-04:00,6.376485751109838
2011-04-21 18:09:09-04:00,6.3876557353572965
2011-04-21 18:09:12-04:00,6.398825719604755
2011-04-21 18:09:15-04:00,6.409995703852212
2011-04-21 18:09:18-04:00,6.421165688099671
2011-04-21 18:09:21-04:00,6.432335672347129
2011-04-21 18:09:24-04:00,6.443505656594587
2011-04-21 18:09:27-04:00,6.454675640842045
2011-04-21 18:09:30-04:00,6.465845625089504
2011-04-21 18:09:33-04:00,6.477015609336961
2011-04-21 18:09:36-04:00,6.4881855935844195
2011-04-21 18:09:39-04:00,6.499355577831878
2011-04-21 18:09:42-04:00,6.510525562079335
2011-04-21 18:09:45-04:00,6.521695546326794
2011-04-21 18:09:48-04:00,6.532865530574252
2011-04-21 18:09:51-04:00,6.54403551482171
2011-04-21 18:09:54-04:00,6.555205499069168
2011-04-21 18:09:57-04:00,6.566375483316627
2011-04-21 18:10:00-04:00,6.577545467564084
2011-04-21 18:10:03-04:00,6.5887154518115425
2011-04-21 18:10:06-04:00,6.599885436059001
2011-04-21 18:10:09-04:00,6.611055420306458
2011-04-21 18:10:12-04:00,6.622225404553917
2011-04-21 18:10:15-04:00,6.633395388801375
2011-04-21 18:10:18-04:00,6.644565373048833
2011-04-21 18:10:21-04:00,6.655735357296291
2011-04-21 18:10:24-04:00,6.66690534154375
2011-04-21 18:10:27-04:00,6.678075325791207
2011-04-21 18:10:30-04:00,6.6892453100386655
2011-04-21 18:10:33-04:00,6.700415294286124
2011-04-21 18:10:36-04:00,6.7115852785335814
2011-04-21 18:10:39-04:00,6.72275526278104
2011-04-21 18:10:42-04:00,6.733925247028498
2011-04-21 18:10:45-04:00,6.745095231275956
2011-04-21 18:10:48-04:00,6.756265215523414
2011-04-21 18:10:51-04:00,6.767435199770873
2011-04-21 18:10:54-04:00,6.77860518401833
2011-04-21 18:10:57-04:00,6.7897751682657885
2011-04-21 18:11:00-04:00,6.800945152513247
2011-04-21 18:11:03-04:00,6.8121151367607045
2011-04-21 18:11:06-04:00,6.823285121008163
2011-04-21 18:11:09-04:00,6.834455105255621
2011-04-21 18:11:12-04:00,6.845625089503079
2011-04-21 18:11:15-04:00,6.856795073750537
2011-04-21 18:11:18-04:00,6.867965057997996
2011-04-21 18:11:21-04:00,6.879135042245453
2011-04-21 18:11:24-04:00,6.8903050264929115
2011-04-21 18:11:27-04:00,6.90147501074037
2011-04-21 18:11:30-04:00,6.9126449949878275
2011-04-21 18:11:33-04:00,6.923814979235286
2011-04-21 18:11:36-04:00,6.934984963482744
2011-04-21 18:11:39-04:00,6.946154947730202
2011-04-21 18:11:42-04:00,6.95732493197766
2011-04-21 18:11:45-04:00,6.968494916225119
2011-04-21 18:11:48-04:00,6.979664900472576
2011-04-21 18:11:51-04:00,6.990834884720035
2011-04-21 18:11:54-04:00,7.002004868967493
2011-04-21 18:11:57-04:00,7.0131748532149505
2011-04-21 18:12:00-04:00,7.024344837462409
2011-04-21 18:12:03-04:00,7.035514821709867
2011-04-21 18:12:06-04:00,7.046684805957325
2011-04-21 18:12:09-04:00,7.057854790204783
2011-04-21 18:12:12-04:00,7.069024774452242
2011-04-21 18:12:15-04:00,7.080194758699699
2011-04-21 18:12:18-04:00,7.091364742947158
2011-04-21 18:12:21-04:00,7.102534727194616
2011-04-21 18:12:24-04:00,7.1137047114420735
2011-04-21 18:12:27-04:00,7.124874695689532
2011-04-21 18:12:30-04:00,7.13604467993699
2011-04-21 18:12:33-04:00,7.147214664184448
2011-04-21 18:12:36-04:00,7.158384648431906
2011-04-21 18:12:39-04:00,7.169554632679365
2011-04-21 18:12:42-04:00,7.180724616926822
2011-04-21 18:12:45-04:00,7.191894601174281
2011-04-21 18:12:48-04:00,7.203064585421739
2011-04-21 18:12:51-04:00,7.2142345696691965
2011-04-21 18:12:54-04:00,7.225404553916655
2011-04-21 18:12:57-04:00,7.236574538164113
2011-04-21 18:13:00-04:00,7.247744522411571
2011-04-21 18:13:03-04:00,7.258914506659029
2011-04-21 18:13:06-04:00,7.270084490906488
2011-04-21 18:13:09-04:00,7.281254475153945
2011-04-21 18:13:12-04:00,7.292424459401404
2011-04-21 18:13:15-04:00,7.303594443648862
2011-04-21 18:13:18-04:00,7.3147644278963195
2011-04-21 18:13:21-04:00,7.325934412143778
2011-04-21 18:13:24-04:00,7.337104396391236
2011-04-21 18:13:27-04:00,7.348274380638694
2011-04-21 18:13:30-04:00,7.359444364886152
2011-04-21 18:13:33-04:00,7.370614349133611
2011-04-21 18:13:36-04:00,7.381784333381068
2011-04-21 18:13:39-04:00,7.392954317628527
2011-04-21 18:13:42-04:00,7.404124301875985
2011-04-21 18:13:45-04:00,7.4152942861234425
2011-04-21 18:13:48-04:00,7.426464270370901
2011-04-21 18:13:51-04:00,7.437634254618359
2011-04-21 18:13:54-04:00,7.448804238865817
2011-04-21 18:13:57-04:00,7.459974223113275
2011-04-21 18:14:00-04:00,7.471144207360734
2011-04-21 18:14:03-04:00,7.482314191608191
2011-04-21 18:14:06-04:00,7.49348417585565
2011-04-21 18:14:09-04:00,7.504654160103108
2011-04-21 18:14:12-04:00,7.515824144350566
2011-04-21 18:14:15-04:00,7.526994128598024
2011-04-21 18:14:18-04:00,7.538164112845482
2011-04-21 18:14:21-04:00,7.54933409709294
2011-04-21 18:14:24-04:00,7.560504081340398
2011-04-21 18:14:27-04:00,7.571674065587857
2011-04-21 18:14:30-04:00,7.582844049835314
2011-04-21 18:14:33-04:00,7.594014034082773
2011-04-21 18:14:36-04:00,7.605184018330231
2011-04-21 18:14:39-04:00,7.616354002577689
2011-04-21 18:14:42-04:00,7.627523986825147
2011-04-21 18:14:45-04:00,7.638693971072605
2011-04-21 18:14:48-04:00,7.649863955320063
2011-04-21 18:14:51-04:00,7.661033939567521
2011-04-21 18:14:54-04:00,7.67220392381498
2011-04-21 18:14:57-04:00,7.683373908062437
2011-04-21 18:15:00-04:00,7.694543892309896
2011-04-21 18:15:03-04:00,7.705713876557354
2011-04-21 18:15:06-04:00,7.716883860804812
2011-04-21 18:15:09-04:00,7.72805384505227
2011-04-21 18:15:12-04:00,7.739223829299728
2011-04-21 18:15:15-04:00,7.750393813547186
2011-04-21 18:15:18-04:00,7.761563797794644
2011-04-21 18:15:21-04:00,7.772733782042103
2011-04-21 18:15:24-04:00,7.78390376628956
2011-04-21 18:15:27-04:00,7.795073750537019
2011-04-21 18:15:30-04:00,7.806243734784477
2011-04-21 18:15:33-04:00,7.817413719031935
2011-04-21 18:15:36-04:00,7.828583703279393
2011-04-21 18:15:39-04:00,7.839753687526851
2011-04-21 18:15:42-04:00,7.850923671774309
2011-04-21 18:15:45-04:00,7.862093656021767
2011-04-21 18:15:48-04:00,7.873263640269226
2011-04-21 18:15:51-04:00,7.884433624516683
2011-04-21 18:15:54-04:00,7.895603608764142
2011-04-21 18:15:57-04:00,7.9067735930116
2011-04-21 18:16:00-04:00,7.917943577259058
2011-04-21 18:16:03-04:00,7.929113561506516
2011-04-21 18:16:06-04:00,7.940283545753974
2011-04-21 18:16:09-04:00,7.951453530001432
2011-04-21 18:16:12-04:00,7.96262351424889
2011-04-21 18:16:15-04:00,7.973793498496349
2011-04-21 18:16:18-04:00,7.984963482743806
2011-04-21 18:16:21-04:00,7.996133466991265
2011-04-21 18:16:24-04:00,8.007303451238723
2011-04-21 18:16:27-04:00,8.01847343548618
2011-04-21 18:16:30-04:00,8.029643419733638
2011-04-21 18:16:33-04:00,8.040813403981097
2011-04-21 18:16:36-04:00,8.051983388228555
2011-04-21 18:16:39-04:00,8.063153372476012
2011-04-21 18:16:42-04:00,8.074323356723472
2011-04-21 18:16:45-04:00,8.08549334097093
2011-04-21 18:16:48-04:00,8.096663325218387
2011-04-21 18:16:51-04:00,8.107833309465846
2011-04-21 18:16:54-04:00,8.119003293713304
2011-04-21 18:16:57-04:00,8.130173277960761
2011-04-21 18:17:00-04:00,8.14134326220822
2011-04-21 18:17:03-04:00,8.152513246455678
2011-04-21 18:17:06-04:00,8.163683230703136
2011-04-21 18:17:09-04:00,8.174853214950595
2011-04-21 18:17:12-04:00,8.186023199198052
2011-04-21 18:17:15-04:00,8.19719318344551
2011-04-21 18:17:18-04:00,8.20836316769297
2011-04-21 18:17:21-04:00,8.219533151940427
2011-04-21 18:17:24-04:00,8.230703136187884
2011-04-21 18:17:27-04:00,8.241873120435343
2011-04-21 18:17:30-04:00,8.253043104682801
2011-04-21 18:17:33-04:00,8.264213088930259
2011-04-21 18:17:36-04:00,8.275383073177718
2011-04-21 18:17:39-04:00,8.286553057425175
2011-04-21 18:17:42-04:00,8.297723041672633
2011-04-21 18:17:45-04:00,8.308893025920092
2011-04-21 18:17:48-04:00,8.32006301016755
2011-04-21 18:17:51-04:00,8.331232994415007
2011-04-21 18:17:54-04:00,8.342402978662466
2011-04-21 18:17:57-04:00,8.353572962909924
2011-04-21 18:18:00-04:00,8.364742947157382
2011-04-21 18:18:03-04:00,8.37591293140484
2011-04-21 18:18:06-04:00,8.387082915652298
2011-04-21 18:18:09-04:00,8.398252899899756
2011-04-21 18:18:12-04:00,8.409422884147215
2011-04-21 18:18:15-04:00,8.420592868394673
2011-04-21 18:18:18-04:00,8.43176285264213
2011-04-21 18:18:21-04:00,8.44293283688959
2011-04-21 18:18:24-04:00,8.454102821137047
2011-04-21 18:18:27-04:00,8.465272805384505
2011-04-21 18:18:30-04:00,8.476442789631964
2011-04-21 18:18:33-04:00,8.487612773879421
2011-04-21 18:18:36-04:00,8.498782758126879
2011-04-21 18:18:39-04:00,8.509952742374338
2011-04-21 18:18:42-04:00,8.521122726621796
2011-04-21 18:18:45-04:00,8.532292710869253
2011-04-21 18:18:48-04:00,8.543462695116713
2011-04-21 18:18:51-04:00,8.55463267936417
2011-04-21 18:18:54-04:00,8.565802663611628
2011-04-21 18:18:57-04:00,8.576972647859087
2011-04-21 18:19:00-04:00,8.588142632106544
2011-04-21 18:19:03-04:00,8.599312616354002
2011-04-21 18:19:06-04:00,8.610482600601461
2011-04-21 18:19:09-04:00,8.621652584848919
2011-04-21 18:19:12-04:00,8.632822569096376
2011-04-21 18:19:15-04:00,8.643992553343836
2011-04-21 18:19:18-04:00,8.655162537591293
2011-04-21 18:19:21-04:00,8.66633252183875
2011-04-21 18:19:24-04:00,8.67750250608621
2011-04-21 18:19:27-04:00,8.688672490333667
2011-04-21 18:19:30-04:00,8.699842474581125
2011-04-21 18:19:33-04:00,8.711012458828584
2011-04-21 18:19:36-04:00,8.722182443076042
2011-04-21 18:19:39-04:00,8.7333524273235
2011-04-21 18:19:42-04:00,8.744522411570959
2011-04-21 18:19:45-04:00,8.755692395818416
2011-04-21 18:19:48-04:00,8.766862380065874
2011-04-21 18:19:51-04:00,8.778032364313333
2011-04-21 18:19:54-04:00,8.78920234856079
2011-04-21 18:19:57-04:00,8.800372332808248
2011-04-21 18:20:00-04:00,8.811542317055707
2011-04-21 18:20:03-04:00,8.822712301303165
2011-04-21 18:20:06-04:00,8.833882285550622
2011-04-21 18:20:09-04:00,8.845052269798082
2011-04-21 18:20:12-04:00,8.856222254045539
2011-04-21 18:20:15-04:00,8.867392238292997
2011-04-21 18:20:18-04:00,8.878562222540456
2011-04-21 18:20:21-04:00,8.889732206787913
2011-04-21 18:20:24-04:00,8.900902191035371
2011-04-21 18:20:27-04:00,8.91207217528283
2011-04-21 18:20:30-04:00,8.923242159530288
2011-04-21 18:20:33-04:00,8.934412143777745
2011-04-21 18:20:36-04:00,8.945582128025205
2011-04-21 18:20:39-04:00,8.956752112272662
2011-04-21 18:20:42-04:00,8.96792209652012
2011-04-21 18:20:45-04:00,8.979092080767579
2011-04-21 18:20:48-04:00,8.990262065015036
2011-04-21 18:20:51-04:00,9.001432049262494
2011-04-21 18:20:54-04:00,9.012602033509953
2011-04-21 18:20:57-04:00,9.02377201775741
2011-04-21 18:21:00-04:00,9.034942002004868
2011-04-21 18:21:03-04:00,9.046111986252328
2011-04-21 18:21:06-04:00,9.057281970499785
2011-04-21 18:21:09-04:00,9.068451954747243
2011-04-21 18:21:12-04:00,9.079621938994702
2011-04-21 18:21:15-04:00,9.09079192324216
2011-04-21 18:21:18-04:00,9.101961907489617
2011-04-21 18:21:21-04:00,9.113131891737076
2011-04-21 18:21:24-04:00,9.124301875984534
2011-04-21 18:21:27-04:00,9.135471860231991
2011-04-21 18:21:30-04:00,9.14664184447945
2011-04-21 18:21:33-04:00,9.157811828726908
2011-04-21 18:21:36-04:00,9.168981812974366
2011-04-21 18:21:39-04:00,9.180151797221825
2011-04-21 18:21:42-04:00,9.191321781469282
2011-04-21 18:21:45-04:00,9.20249176571674
2011-04-21 18:21:48-04:00,9.2136617499642
2011-04-21 18:21:51-04:00,9.224831734211657
2011-04-21 18:21:54-04:00,9.236001718459114
2011-04-21 18:21:57-04:00,9.247171702706574
2011-04-21 18:22:00-04:00,9.258341686954031
2011-04-21 18:22:03-04:00,9.269511671201489
2011-04-21 18:22:06-04:00,9.280681655448948
2011-04-21 18:22:09-04:00,9.291851639696405
2011-04-21 18:22:12-04:00,9.303021623943863
2011-04-21 18:22:15-04:00,9.314191608191322
2011-04-21 18:22:18-04:00,9.32536159243878
2011-04-21 18:22:21-04:00,9.336531576686237
2011-04-21 18:22:24-04:00,9.347701560933697
2011-04-21 18:22:27-04:00,9.358871545181154
2011-04-21 18:22:30-04:00,9.370041529428612
2011-04-21 18:22:33-04:00,9.381211513676071
2011-04-21 18:22:36-04:00,9.392381497923528
2011-04-21 18:22:39-04:00,9.403551482170986
2011-04-21 18:22:42-04:00,9.414721466418445
2011-04-21 18:22:45-04:00,9.425891450665903
2011-04-21 18:22:48-04:00,9.43706143491336
2011-04-21 18:22:51-04:00,9.44823141916082
2011-04-21 18:22:54-04:00,9.459401403408277
2011-04-21 18:22:57-04:00,9.470571387655735
2011-04-21 18:23:00-04:00,9.481741371903194
2011-04-21 18:23:03-04:00,9.492911356150652
2011-04-21 18:23:06-04:00,9.504081340398109
2011-04-21 18:23:09-04:00,9.515251324645568
2011-04-21 18:23:12-04:00,9.526421308893026
2011-04-21 18:23:15-04:00,9.537591293140483
2011-04-21 18:23:18-04:00,9.548761277387943
2011-04-21 18:23:21-04:00,9.5599312616354
2011-04-21 18:23:24-04:00,9.571101245882858
2011-04-21 18:23:27-04:00,9.582271230130317
2011-04-21 18:23:30-04:00,9.593441214377775
2011-04-21 18:23:33-04:00,9.604611198625232
2011-04-21 18:23:36-04:00,9.615781182872691
2011-04-21 18:23:39-04:00,9.626951167120149
2011-04-21 18:23:42-04:00,9.638121151367606
2011-04-21 18:23:45-04:00,9.649291135615066
2011-04-21 18:23:48-04:00,9.660461119862523
2011-04-21 18:23:51-04:00,9.67163110410998
2011-04-21 18:23:54-04:00,9.68280108835744
2011-04-21 18:23:57-04:00,9.693971072604898
2011-04-21 18:24:00-04:00,9.705141056852355
2011-04-21 18:24:03-04:00,9.716311041099814
2011-04-21 18:24:06-04:00,9.727481025347272
2011-04-21 18:24:09-04:00,9.73865100959473
2011-04-21 18:24:12-04:00,9.749820993842189
2011-04-21 18:24:15-04:00,9.760990978089646
2011-04-21 18:24:18-04:00,9.772160962337104
2011-04-21 18:24:21-04:00,9.783330946584563
2011-04-21 18:24:24-04:00,9.79450093083202
2011-04-21 18:24:27-04:00,9.805670915079478
2011-04-21 18:24:30-04:00,9.816840899326937
2011-04-21 18:24:33-04:00,9.828010883574395
2011-04-21 18:24:36-04:00,9.839180867821852
2011-04-21 18:24:39-04:00,9.850350852069312
2011-04-21 18:24:42-04:00,9.86152083631677
2011-04-21 18:24:45-04:00,9.872690820564227
2011-04-21 18:24:48-04:00,9.883860804811686
2011-04-21 18:24:51-04:00,9.895030789059144
2011-04-21 18:24:54-04:00,9.906200773306601
2011-04-21 18:24:57-04:00,9.91737075755406
2011-04-21 18:25:00-04:00,9.928540741801518
2011-04-21 18:25:03-04:00,9.939710726048975
2011-04-21 18:25:06-04:00,9.950880710296435
2011-04-21 18:25:09-04:00,9.962050694543892
2011-04-21 18:25:12-04:00,9.97322067879135
2011-04-21 18:25:15-04:00,9.984390663038809
2011-04-21 18:25:18-04:00,9.995560647286267
2011-04-21 18:25:21-04:00,10.006730631533724
2011-04-21 18:25:24-04:00,10.017900615781183
2011-04-21 18:25:27-04:00,10.029070600028641
2011-04-21 18:25:30-04:00,10.040240584276098
2011-04-21 18:25:33-04:00,10.051410568523558
2011-04-21 18:25:36-04:00,10.062580552771015
2011-04-21 18:25:39-04:00,10.073750537018473
2011-04-21 18:25:42-04:00,10.084920521265932
2011-04-21 18:25:45-04:00,10.09609050551339
2011-04-21 18:25:48-04:00,10.107260489760847
2011-04-21 18:25:51-04:00,10.118430474008306
2011-04-21 18:25:54-04:00,10.129600458255764
2011-04-21 18:25:57-04:00,10.140770442503221
2011-04-21 18:26:00-04:00,10.15194042675068
2011-04-21 18:26:03-04:00,10.163110410998138
2011-04-21 18:26:06-04:00,10.174280395245596
2011-04-21 18:26:09-04:00,10.185450379493055
2011-04-21 18:26:12-04:00,10.196620363740513
2011-04-21 18:26:15-04:00,10.20779034798797
2011-04-21 18:26:18-04:00,10.21896033223543
2011-04-21 18:26:21-04:00,10.230130316482887
2011-04-21 18:26:24-04:00,10.241300300730344
2011-04-21 18:26:27-04:00,10.252470284977804
2011-04-21 18:26:30-04:00,10.263640269225261
2011-04-21 18:26:33-04:00,10.274810253472719
2011-04-21 18:26:36-04:00,10.285980237720178
2011-04-21 18:26:39-04:00,10.297150221967636
2011-04-21 18:26:42-04:00,10.308320206215093
2011-04-21 18:26:45-04:00,10.319490190462552
2011-04-21 18:26:48-04:00,10.33066017471001
2011-04-21 18:26:51-04:00,10.341830158957467
2011-04-21 18:26:54-04:00,10.353000143204927
2011-04-21 18:26:57-04:00,10.364170127452384
2011-04-21 18:27:00-04:00,10.375340111699842
2011-04-21 18:27:03-04:00,10.386510095947301
2011-04-21 18:27:06-04:00,10.397680080194759
2011-04-21 18:27:09-04:00,10.408850064442216
2011-04-21 18:27:12-04:00,10.420020048689675
2011-04-21 18:27:15-04:00,10.431190032937133
2011-04-21 18:27:18-04:00,10.44236001718459
2011-04-21 18:27:21-04:00,10.45353000143205
2011-04-21 18:27:24-04:00,10.464699985679507
2011-04-21 18:27:27-04:00,10.475869969926965
2011-04-21 18:27:30-04:00,10.487039954174424
2011-04-21 18:27:33-04:00,10.498209938421882
2011-04-21 18:27:36-04:00,10.50937992266934
2011-04-21 18:27:39-04:00,10.520549906916798
2011-04-21 18:27:42-04:00,10.531719891164256
2011-04-21 18:27:45-04:00,10.542889875411714
2011-04-21 18:27:48-04:00,10.554059859659173
2011-04-21 18:27:51-04:00,10.56522984390663
2011-04-21 18:27:54-04:00,10.576399828154088
2011-04-21 18:27:57-04:00,10.587569812401547
2011-04-21 18:28:00-04:00,10.598739796649005
2011-04-21 18:28:03-04:00,10.609909780896462
2011-04-21 18:28:06-04:00,10.621079765143921
2011-04-21 18:28:09-04:00,10.632249749391379
2011-04-21 18:28:12-04:00,10.643419733638837
2011-04-21 18:28:15-04:00,10.654589717886296
2011-04-21 18:28:18-04:00,10.665759702133753
2011-04-21 18:28:21-04:00,10.67692968638121
2011-04-21 18:28:24-04:00,10.68809967062867
2011-04-21 18:28:27-04:00,10.699269654876128
2011-04-21 18:28:30-04:00,10.710439639123585
2011-04-21 18:28:33-04:00,10.721609623371045
2011-04-21 18:28:36-04:00,10.732779607618502
2011-04-21 18:28:39-04:00,10.74394959186596
2011-04-21 18:28:42-04:00,10.755119576113419
2011-04-21 18:28:45-04:00,10.766289560360876
2011-04-21 18:28:48-04:00,10.777459544608334
2011-04-21 18:28:51-04:00,10.788629528855793
2011-04-21 18:28:54-04:00,10.79979951310325
2011-04-21 18:28:57-04:00,10.810969497350708
2011-04-21 18:29:00-04:00,10.822139481598168
2011-04-21 18:29:03-04:00,10.833309465845625
2011-04-21 18:29:06-04:00,10.844479450093083
2011-04-21 18:29:09-04:00,10.855649434340542
2011-04-21 18:29:12-04:00,10.866819418588
2011-04-21 18:29:15-04:00,10.877989402835457
2011-04-21 18:29:18-04:00,10.889159387082916
2011-04-21 18:29:21-04:00,10.900329371330374
2011-04-21 18:29:24-04:00,10.911499355577831
2011-04-21 18:29:27-04:00,10.92266933982529
2011-04-21 18:29:30-04:00,10.933839324072748
2011-04-21 18:29:33-04:00,10.945009308320206
2011-04-21 18:29:36-04:00,10.956179292567665
2011-04-21 18:29:39-04:00,10.967349276815122
2011-04-21 18:29:42-04:00,10.97851926106258
2011-04-21 18:29:45-04:00,10.98968924531004
2011-04-21 18:29:48-04:00,11.000859229557497
2011-04-21 18:29:51-04:00,11.012029213804954
2011-04-21 18:29:54-04:00,11.023199198052414
2011-04-21 18:29:57-04:00,11.034369182299871
2011-04-21 18:30:00-04:00,11.045539166547329
2011-04-21 18:30:03-04:00,11.056709150794788
2011-04-21 18:30:06-04:00,11.067879135042245
2011-04-21 18:30:09-04:00,11.079049119289703
2011-04-21 18:30:12-04:00,11.090219103537162
2011-04-21 18:30:15-04:00,11.10138908778462
2011-04-21 18:30:18-04:00,11.112559072032077
2011-04-21 18:30:21-04:00,11.123729056279537
2011-04-21 18:30:24-04:00,11.134899040526994
2011-04-21 18:30:27-04:00,11.146069024774452
2011-04-21 18:30:30-04:00,11.157239009021911
2011-04-21 18:30:33-04:00,11.168408993269368
2011-04-21 18:30:36-04:00,11.179578977516826
2011-04-21 18:30:39-04:00,11.190748961764285
2011-04-21 18:30:42-04:00,11.201918946011743
2011-04-21 18:30:45-04:00,11.2130889302592
2011-04-21 18:30:48-04:00,11.22425891450666
2011-04-21 18:30:51-04:00,11.235428898754117
2011-04-21 18:30:54-04:00,11.246598883001575
2011-04-21 18:30:57-04:00,11.257768867249034
2011-04-21 18:31:00-04:00,11.268938851496491
2011-04-21 18:31:03-04:00,11.280108835743949
2011-04-21 18:31:06-04:00,11.291278819991408
2011-04-21 18:31:09-04:00,11.302448804238866
2011-04-21 18:31:12-04:00,11.313618788486323
2011-04-21 18:31:15-04:00,11.324788772733783
2011-04-21 18:31:18-04:00,11.33595875698124
2011-04-21 18:31:21-04:00,11.347128741228698
2011-04-21 18:31:24-04:00,11.358298725476157
2011-04-21 18:31:27-04:00,11.369468709723614
2011-04-21 18:31:30-04:00,11.380638693971072
2011-04-21 18:31:33-04:00,11.391808678218531
2011-04-21 18:31:36-04:00,11.402978662465989
2011-04-21 18:31:39-04:00,11.414148646713446
2011-04-21 18:31:42-04:00,11.425318630960906
2011-04-21 18:31:45-04:00,11.436488615208363
2011-04-21 18:31:48-04:00,11.44765859945582
2011-04-21 18:31:51-04:00,11.45882858370328
2011-04-21 18:31:54-04:00,11.469998567950737
2011-04-21 18:31:57-04:00,11.481168552198195
2011-04-21 18:32:00-04:00,11.492338536445654
2011-04-21 18:32:03-04:00,11.503508520693112
2011-04-21 18:32:06-04:00,11.51467850494057
2011-04-21 18:32:09-04:00,11.525848489188029
2011-04-21 18:32:12-04:00,11.537018473435486
2011-04-21 18:32:15-04:00,11.548188457682944
2011-04-21 18:32:18-04:00,11.559358441930403
2011-04-21 18:32:21-04:00,11.57052842617786
2011-04-21 18:32:24-04:00,11.581698410425318
2011-04-21 18:32:27-04:00,11.592868394672777
2011-04-21 18:32:30-04:00,11.604038378920235
2011-04-21 18:32:33-04:00,11.615208363167692
2011-04-21 18:32:36-04:00,11.626378347415152
2011-04-21 18:32:39-04:00,11.63754833166261
2011-04-21 18:32:42-04:00,11.648718315910067
2011-04-21 18:32:45-04:00,11.659888300157526
2011-04-21 18:32:48-04:00,11.671058284404983
2011-04-21 18:32:51-04:00,11.682228268652441
2011-04-21 18:32:54-04:00,11.6933982528999
2011-04-21 18:32:57-04:00,11.704568237147358
2011-04-21 18:33:00-04:00,11.715738221394815
2011-04-21 18:33:03-04:00,11.726908205642275
2011-04-21 18:33:06-04:00,11.738078189889732
2011-04-21 18:33:09-04:00,11.74924817413719
2011-04-21 18:33:12-04:00,11.760418158384649
2011-04-21 18:33:15-04:00,11.771588142632107
2011-04-21 18:33:18-04:00,11.782758126879564
2011-04-21 18:33:21-04:00,11.793928111127023
2011-04-21 18:33:24-04:00,11.80509809537448
2011-04-21 18:33:27-04:00,11.816268079621938
2011-04-21 18:33:30-04:00,11.827438063869398
2011-04-21 18:33:33-04:00,11.838608048116855
2011-04-21 18:33:36-04:00,11.849778032364313
2011-04-21 18:33:39-04:00,11.860948016611772
2011-04-21 18:33:42-04:00,11.87211800085923
2011-04-21 18:33:45-04:00,11.883287985106687
2011-04-21 18:33:48-04:00,11.894457969354146
2011-04-21 18:33:51-04:00,11.905627953601604
2011-04-21 18:33:54-04:00,11.916797937849061
2011-04-21 18:33:57-04:00,11.92796792209652
2011-04-21 18:34:00-04:00,11.939137906343978
2011-04-21 18:34:03-04:00,11.950307890591436
2011-04-21 18:34:06-04:00,11.961477874838895
2011-04-21 18:34:09-04:00,11.972647859086353
2011-04-21 18:34:12-04:00,11.98381784333381
2011-04-21 18:34:15-04:00,11.99498782758127
2011-04-21 18:34:18-04:00,12.006157811828727
2011-04-21 18:34:21-04:00,12.017327796076184
2011-04-21 18:34:24-04:00,12.028497780323644
2011-04-21 18:34:27-04:00,12.039667764571101
2011-04-21 18:34:30-04:00,12.050837748818559
2011-04-21 18:34:33-04:00,12.062007733066018
2011-04-21 18:34:36-04:00,12.073177717313476
2011-04-21 18:34:39-04:00,12.084347701560933
2011-04-21 18:34:42-04:00,12.095517685808392
2011-04-21 18:34:45-04:00,12.10668767005585
2011-04-21 18:34:48-04:00,12.117857654303307
2011-04-21 18:34:51-04:00,12.129027638550767
2011-04-21 18:34:54-04:00,12.140197622798224
2011-04-21 18:34:57-04:00,12.151367607045682
2011-04-21 18:35:00-04:00,12.162537591293141
2011-04-21 18:35:03-04:00,12.173707575540599
2011-04-21 18:35:06-04:00,12.184877559788056
2011-04-21 18:35:09-04:00,12.196047544035515
2011-04-21 18:35:12-04:00,12.207217528282973
2011-04-21 18:35:15-04:00,12.21838751253043
2011-04-21 18:35:18-04:00,12.22955749677789
2011-04-21 18:35:21-04:00,12.240727481025347
2011-04-21 18:35:24-04:00,12.251897465272805
2011-04-21 18:35:27-04:00,12.263067449520264
2011-04-21 18:35:30-04:00,12.274237433767722
2011-04-21 18:35:33-04:00,12.285407418015179
2011-04-21 18:35:36-04:00,12.296577402262638
2011-04-21 18:35:39-04:00,12.307747386510096
2011-04-21 18:35:42-04:00,12.318917370757553
2011-04-21 18:35:45-04:00,12.330087355005013
2011-04-21 18:35:48-04:00,12.34125733925247
2011-04-21 18:35:51-04:00,12.352427323499928
2011-04-21 18:35:54-04:00,12.363597307747387
2011-04-21 18:35:57-04:00,12.374767291994845
2011-04-21 18:36:00-04:00,12.385937276242302
2011-04-21 18:36:03-04:00,12.397107260489761
2011-04-21 18:36:06-04:00,12.408277244737219
2011-04-21 18:36:09-04:00,12.419447228984676
2011-04-21 18:36:12-04:00,12.430617213232136
2011-04-21 18:36:15-04:00,12.441787197479593
2011-04-21 18:36:18-04:00,12.45295718172705
2011-04-21 18:36:21-04:00,12.46412716597451
2011-04-21 18:36:24-04:00,12.475297150221968
2011-04-21 18:36:27-04:00,12.486467134469425
2011-04-21 18:36:30-04:00,12.497637118716884
2011-04-21 18:36:33-04:00,12.508807102964342
2011-04-21 18:36:36-04:00,12.5199770872118
2011-04-21 18:36:39-04:00,12.531147071459259
2011-04-21 18:36:42-04:00,12.542317055706716
2011-04-21 18:36:45-04:00,12.553487039954174
2011-04-21 18:36:48-04:00,12.564657024201633
2011-04-21 18:36:51-04:00,12.57582700844909
2011-04-21 18:36:54-04:00,12.586996992696548
2011-04-21 18:36:57-04:00,12.598166976944007
2011-04-21 18:37:00-04:00,12.609336961191465
2011-04-21 18:37:03-04:00,12.620506945438922
2011-04-21 18:37:06-04:00,12.631676929686382
2011-04-21 18:37:09-04:00,12.64284691393384
2011-04-21 18:37:12-04:00,12.654016898181297
2011-04-21 18:37:15-04:00,12.665186882428756
2011-04-21 18:37:18-04:00,12.676356866676214
2011-04-21 18:37:21-04:00,12.687526850923671
2011-04-21 18:37:24-04:00,12.69869683517113
2011-04-21 18:37:27-04:00,12.709866819418588
2011-04-21 18:37:30-04:00,12.721036803666046
2011-04-21 18:37:33-04:00,12.732206787913505
2011-04-21 18:37:36-04:00,12.743376772160962
2011-04-21 18:37:39-04:00,12.75454675640842
2011-04-21 18:37:42-04:00,12.76571674065588
2011-04-21 18:37:45-04:00,12.776886724903337
2011-04-21 18:37:48-04:00,12.788056709150794
2011-04-21 18:37:51-04:00,12.799226693398253
2011-04-21 18:37:54-04:00,12.810396677645711
2011-04-21 18:37:57-04:00,12.821566661893169
2011-04-21 18:38:00-04:00,12.832736646140628
2011-04-21 18:38:03-04:00,12.843906630388085
2011-04-21 18:38:06-04:00,12.855076614635543
2011-04-21 18:38:09-04:00,12.866246598883002
2011-04-21 18:38:12-04:00,12.87741658313046
2011-04-21 18:38:15-04:00,12.888586567377917
2011-04-21 18:38:18-04:00,12.899756551625376
2011-04-21 18:38:21-04:00,12.910926535872834
2011-04-21 18:38:24-04:00,12.922096520120292
2011-04-21 18:38:27-04:00,12.93326650436775
2011-04-21 18:38:30-04:00,12.944436488615208
2011-04-21 18:38:33-04:00,12.955606472862666
2011-04-21 18:38:36-04:00,12.966776457110125
2011-04-21 18:38:39-04:00,12.977946441357583
2011-04-21 18:38:42-04:00,12.98911642560504
2011-04-21 18:38:45-04:00,13.0002864098525
2011-04-21 18:38:48-04:00,13.011456394099957
2011-04-21 18:38:51-04:00,13.022626378347415
2011-04-21 18:38:54-04:00,13.033796362594874
2011-04-21 18:38:57-04:00,13.044966346842331
2011-04-21 18:39:00-04:00,13.056136331089789
2011-04-21 18:39:03-04:00,13.067306315337248
2011-04-21 18:39:06-04:00,13.078476299584706
2011-04-21 18:39:09-04:00,13.089646283832163
2011-04-21 18:39:12-04:00,13.100816268079623
2011-04-21 18:39:15-04:00,13.11198625232708
2011-04-21 18:39:18-04:00,13.123156236574538
2011-04-21 18:39:21-04:00,13.134326220821997
2011-04-21 18:39:24-04:00,13.145496205069454
2011-04-21 18:39:27-04:00,13.156666189316912
2011-04-21 18:39:30-04:00,13.167836173564371
2011-04-21 18:39:33-04:00,13.179006157811829
2011-04-21 18:39:36-04:00,13.190176142059286
2011-04-21 18:39:39-04:00,13.201346126306746
2011-04-21 18:39:42-04:00,13.212516110554203
2011-04-21 18:39:45-04:00,13.22368609480166
2011-04-21 18:39:48-04:00,13.23485607904912
2011-04-21 18:39:51-04:00,13.246026063296577
2011-04-21 18:39:54-04:00,13.257196047544035
2011-04-21 18:39:57-04:00,13.268366031791494
2011-04-21 18:40:00-04:00,13.279536016038952
2011-04-21 18:40:03-04:00,13.29070600028641
2011-04-21 18:40:06-04:00,13.301875984533869
2011-04-21 18:40:09-04:00,13.313045968781326
2011-04-21 18:40:12-04:00,13.324215953028784
2011-04-21 18:40:15-04:00,13.335385937276243
2011-04-21 18:40:18-04:00,13.3465559215237
2011-04-21 18:40:21-04:00,13.357725905771158
2011-04-21 18:40:24-04:00,13.368895890018617
2011-04-21 18:40:27-04:00,13.380065874266075
2011-04-21 18:40:30-04:00,13.391235858513532
2011-04-21 18:40:33-04:00,13.402405842760992
2011-04-21 18:40:36-04:00,13.413575827008449
2011-04-21 18:40:39-04:00,13.424745811255907
2011-04-21 18:40:42-04:00,13.435915795503366
2011-04-21 18:40:45-04:00,13.447085779750823
2011-04-21 18:40:48-04:00,13.458255763998281
2011-04-21 18:40:51-04:00,13.46942574824574
2011-04-21 18:40:54-04:00,13.480595732493198
2011-04-21 18:40:57-04:00,13.491765716740655
2011-04-21 18:41:00-04:00,13.502935700988115
2011-04-21 18:41:03-04:00,13.514105685235572
2011-04-21 18:41:06-04:00,13.52527566948303
2011-04-21 18:41:09-04:00,13.536445653730489
2011-04-21 18:41:12-04:00,13.547615637977946
2011-04-21 18:41:15-04:00,13.558785622225404
2011-04-21 18:41:18-04:00,13.569955606472863
2011-04-21 18:41:21-04:00,13.58112559072032
2011-04-21 18:41:24-04:00,13.592295574967778
2011-04-21 18:41:27-04:00,13.603465559215238
2011-04-21 18:41:30-04:00,13.614635543462695
2011-04-21 18:41:33-04:00,13.625805527710153
2011-04-21 18:41:36-04:00,13.636975511957612
2011-04-21 18:41:39-04:00,13.64814549620507
2011-04-21 18:41:42-04:00,13.659315480452527
2011-04-21 18:41:45-04:00,13.670485464699986
2011-04-21 18:41:48-04:00,13.681655448947444
2011-04-21 18:41:51-04:00,13.692825433194901
2011-04-21 18:41:54-04:00,13.70399541744236
2011-04-21 18:41:57-04:00,13.715165401689818
2011-04-21 18:42:00-04:00,13.726335385937276
2011-04-21 18:42:03-04:00,13.737505370184735
2011-04-21 18:42:06-04:00,13.748675354432192
2011-04-21 18:42:09-04:00,13.75984533867965
2011-04-21 18:42:12-04:00,13.77101532292711
2011-04-21 18:42:15-04:00,13.782185307174567
2011-04-21 18:42:18-04:00,13.793355291422024
2011-04-21 18:42:21-04:00,13.804525275669484
2011-04-21 18:42:24-04:00,13.815695259916941
2011-04-21 18:42:27-04:00,13.826865244164399
2011-04-21 18:42:30-04:00,13.838035228411858
2011-04-21 18:42:33-04:00,13.849205212659315
2011-04-21 18:42:36-04:00,13.860375196906773
2011-04-21 18:42:39-04:00,13.871545181154232
2011-04-21 18:42:42-04:00,13.88271516540169
2011-04-21 18:42:45-04:00,13.893885149649147
2011-04-21 18:42:48-04:00,13.905055133896607
2011-04-21 18:42:51-04:00,13.916225118144064
2011-04-21 18:42:54-04:00,13.927395102391522
2011-04-21 18:42:57-04:00,13.938565086638981
2011-04-21 18:43:00-04:00,13.949735070886438
2011-04-21 18:43:03-04:00,13.960905055133896
2011-04-21 18:43:06-04:00,13.972075039381355
2011-04-21 18:43:09-04:00,13.983245023628813
2011-04-21 18:43:12-04:00,13.99441500787627
2011-04-21 18:43:15-04:00,14.00558499212373
2011-04-21 18:43:18-04:00,14.016754976371187
2011-04-21 18:43:21-04:00,14.027924960618645
2011-04-21 18:43:24-04:00,14.039094944866104
2011-04-21 18:43:27-04:00,14.050264929113562
2011-04-21 18:43:30-04:00,14.061434913361019
2011-04-21 18:43:33-04:00,14.072604897608478
2011-04-21 18:43:36-04:00,14.083774881855936
2011-04-21 18:43:39-04:00,14.094944866103393
2011-04-21 18:43:42-04:00,14.106114850350853
2011-04-21 18:43:45-04:00,14.11728483459831
2011-04-21 18:43:48-04:00,14.128454818845768
2011-04-21 18:43:51-04:00,14.139624803093227
2011-04-21 18:43:54-04:00,14.150794787340685
2011-04-21 18:43:57-04:00,14.161964771588142
2011-04-21 18:44:00-04:00,14.173134755835601
2011-04-21 18:44:03-04:00,14.184304740083059
2011-04-21 18:44:06-04:00,14.195474724330516
2011-04-21 18:44:09-04:00,14.206644708577976
2011-04-21 18:44:12-04:00,14.217814692825433
2011-04-21 18:44:15-04:00,14.22898467707289
2011-04-21 18:44:18-04:00,14.24015466132035
2011-04-21 18:44:21-04:00,14.251324645567808
2011-04-21 18:44:24-04:00,14.262494629815265
2011-04-21 18:44:27-04:00,14.273664614062724
2011-04-21 18:44:30-04:00,14.284834598310182
2011-04-21 18:44:33-04:00,14.296004582557641
2011-04-21 18:44:36-04:00,14.307174566805099
2011-04-21 18:44:39-04:00,14.318344551052556
2011-04-21 18:44:42-04:00,14.329514535300016
2011-04-21 18:44:45-04:00,14.340684519547473
2011-04-21 18:44:48-04:00,14.35185450379493
2011-04-21 18:44:51-04:00,14.36302448804239
2011-04-21 18:44:54-04:00,14.374194472289847
2011-04-21 18:44:57-04:00,14.385364456537305
2011-04-21 18:45:00-04:00,14.396534440784764
2011-04-21 18:45:03-04:00,14.407704425032222
2011-04-21 18:45:06-04:00,14.41887440927968
2011-04-21 18:45:09-04:00,14.430044393527139
2011-04-21 18:45:12-04:00,14.441214377774596
2011-04-21 18:45:15-04:00,14.452384362022054
2011-04-21 18:45:18-04:00,14.463554346269513
2011-04-21 18:45:21-04:00,14.47472433051697
2011-04-21 18:45:24-04:00,14.485894314764428
2011-04-21 18:45:27-04:00,14.497064299011887
2011-04-21 18:45:30-04:00,14.508234283259345
2011-04-21 18:45:33-04:00,14.519404267506802
2011-04-21 18:45:36-04:00,14.530574251754262
2011-04-21 18:45:39-04:00,14.541744236001719
2011-04-21 18:45:42-04:00,14.552914220249177
2011-04-21 18:45:45-04:00,14.564084204496636
2011-04-21 18:45:48-04:00,14.575254188744093
2011-04-21 18:45:51-04:00,14.586424172991551
2011-04-21 18:45:54-04:00,14.59759415723901
2011-04-21 18:45:57-04:00,14.608764141486468
2011-04-21 18:46:00-04:00,14.619934125733925
2011-04-21 18:46:03-04:00,14.631104109981385
2011-04-21 18:46:06-04:00,14.642274094228842
2011-04-21 18:46:09-04:00,14.6534440784763
2011-04-21 18:46:12-04:00,14.664614062723759
2011-04-21 18:46:15-04:00,14.675784046971216
2011-04-21 18:46:18-04:00,14.686954031218674
2011-04-21 18:46:21-04:00,14.698124015466133
2011-04-21 18:46:24-04:00,14.70929399971359
2011-04-21 18:46:27-04:00,14.720463983961048
2011-04-21 18:46:30-04:00,14.731633968208508
2011-04-21 18:46:33-04:00,14.742803952455965
2011-04-21 18:46:36-04:00,14.753973936703423
2011-04-21 18:46:39-04:00,14.765143920950882
2011-04-21 18:46:42-04:00,14.77631390519834
2011-04-21 18:46:45-04:00,14.787483889445797
2011-04-21 18:46:48-04:00,14.798653873693256
2011-04-21 18:46:51-04:00,14.809823857940714
2011-04-21 18:46:54-04:00,14.820993842188171
2011-04-21 18:46:57-04:00,14.83216382643563
2011-04-21 18:47:00-04:00,14.843333810683088
2011-04-21 18:47:03-04:00,14.854503794930546
2011-04-21 18:47:06-04:00,14.865673779178005
2011-04-21 18:47:09-04:00,14.876843763425462
2011-04-21 18:47:12-04:00,14.88801374767292
2011-04-21 18:47:15-04:00,14.89918373192038
2011-04-21 18:47:18-04:00,14.910353716167837
2011-04-21 18:47:21-04:00,14.921523700415294
2011-04-21 18:47:24-04:00,14.932693684662754
2011-04-21 18:47:27-04:00,14.943863668910211
2011-04-21 18:47:30-04:00,14.955033653157669
2011-04-21 18:47:33-04:00,14.966203637405128
2011-04-21 18:47:36-04:00,14.977373621652585
2011-04-21 18:47:39-04:00,14.988543605900043
2011-04-21 18:47:42-04:00,14.999713590147502
2011-04-21 18:47:45-04:00,15.01088357439496
2011-04-21 18:47:48-04:00,15.022053558642417
2011-04-21 18:47:51-04:00,15.033223542889877
2011-04-21 18:47:54-04:00,15.044393527137334
2011-04-21 18:47:57-04:00,15.055563511384792
2011-04-21 18:48:00-04:00,15.066733495632251
2011-04-21 18:48:03-04:00,15.077903479879708
2011-04-21 18:48:06-04:00,15.089073464127166
2011-04-21 18:48:09-04:00,15.100243448374625
2011-04-21 18:48:12-04:00,15.111413432622083
2011-04-21 18:48:15-04:00,15.12258341686954
2011-04-21 18:48:18-04:00,15.133753401117
2011-04-21 18:48:21-04:00,15.144923385364457
2011-04-21 18:48:24-04:00,15.156093369611915
2011-04-21 18:48:27-04:00,15.167263353859374
2011-04-21 18:48:30-04:00,15.178433338106831
2011-04-21 18:48:33-04:00,15.189603322354289
2011-04-21 18:48:36-04:00,15.200773306601748
2011-04-21 18:48:39-04:00,15.211943290849206
2011-04-21 18:48:42-04:00,15.223113275096663
2011-04-21 18:48:45-04:00,15.234283259344123
2011-04-21 18:48:48-04:00,15.24545324359158
2011-04-21 18:48:51-04:00,15.256623227839038
2011-04-21 18:48:54-04:00,15.267793212086497
2011-04-21 18:48:57-04:00,15.278963196333954
2011-04-21 18:49:00-04:00,15.290133180581412
2011-04-21 18:49:03-04:00,15.301303164828871
2011-04-21 18:49:06-04:00,15.312473149076329
2011-04-21 18:49:09-04:00,15.323643133323786
2011-04-21 18:49:12-04:00,15.334813117571246
2011-04-21 18:49:15-04:00,15.345983101818703
2011-04-21 18:49:18-04:00,15.35715308606616
2011-04-21 18:49:21-04:00,15.36832307031362
2011-04-21 18:49:24-04:00,15.379493054561078
2011-04-21 18:49:27-04:00,15.390663038808535
2011-04-21 18:49:30-04:00,15.401833023055994
2011-04-21 18:49:33-04:00,15.413003007303452
2011-04-21 18:49:36-04:00,15.42417299155091
2011-04-21 18:49:39-04:00,15.435342975798369
2011-04-21 18:49:42-04:00,15.446512960045826
2011-04-21 18:49:45-04:00,15.457682944293284
2011-04-21 18:49:48-04:00,15.468852928540743
2011-04-21 18:49:51-04:00,15.4800229127882
2011-04-21 18:49:54-04:00,15.491192897035658
2011-04-21 18:49:57-04:00,15.502362881283117
2011-04-21 18:50:00-04:00,15.513532865530575
2011-04-21 18:50:03-04:00,15.524702849778032
2011-04-21 18:50:06-04:00,15.535872834025492
2011-04-21 18:50:09-04:00,15.54704281827295
2011-04-21 18:50:12-04:00,15.558212802520407
2011-04-21 18:50:15-04:00,15.569382786767866
2011-04-21 18:50:18-04:00,15.580552771015324
2011-04-21 18:50:21-04:00,15.591722755262781
2011-04-21 18:50:24-04:00,15.60289273951024
2011-04-21 18:50:27-04:00,15.614062723757698
2011-04-21 18:50:30-04:00,15.625232708005155
2011-04-21 18:50:33-04:00,15.636402692252615
2011-04-21 18:50:36-04:00,15.647572676500072
2011-04-21 18:50:39-04:00,15.65874266074753
2011-04-21 18:50:42-04:00,15.669912644994989
2011-04-21 18:50:45-04:00,15.681082629242447
2011-04-21 18:50:48-04:00,15.692252613489904
2011-04-21 18:50:51-04:00,15.703422597737363
2011-04-21 18:50:54-04:00,15.714592581984821
2011-04-21 18:50:57-04:00,15.725762566232278
2011-04-21 18:51:00-04:00,15.736932550479738
2011-04-21 18:51:03-04:00,15.748102534727195
2011-04-21 18:51:06-04:00,15.759272518974653
2011-04-21 18:51:09-04:00,15.770442503222112
2011-04-21 18:51:12-04:00,15.78161248746957
2011-04-21 18:51:15-04:00,15.792782471717027
2011-04-21 18:51:18-04:00,15.803952455964486
2011-04-21 18:51:21-04:00,15.815122440211944
2011-04-21 18:51:24-04:00,15.826292424459401
2011-04-21 18:51:27-04:00,15.83746240870686
2011-04-21 18:51:30-04:00,15.848632392954318
2011-04-21 18:51:33-04:00,15.859802377201776
2011-04-21 18:51:36-04:00,15.870972361449235
2011-04-21 18:51:39-04:00,15.882142345696693
2011-04-21 18:51:42-04:00,15.89331232994415
2011-04-21 18:51:45-04:00,15.90448231419161
2011-04-21 18:51:48-04:00,15.915652298439067
2011-04-21 18:51:51-04:00,15.926822282686524
2011-04-21 18:51:54-04:00,15.937992266933984
2011-04-21 18:51:57-04:00,15.949162251181441
2011-04-21 18:52:00-04:00,15.960332235428899
2011-04-21 18:52:03-04:00,15.971502219676358
2011-04-21 18:52:06-04:00,15.982672203923816
2011-04-21 18:52:09-04:00,15.993842188171273
2011-04-21 18:52:12-04:00,16.00501217241873
2011-04-21 18:52:15-04:00,16.01618215666619
2011-04-21 18:52:18-04:00,16.02735214091365
2011-04-21 18:52:21-04:00,16.03852212516111
2011-04-21 18:52:24-04:00,16.049692109408564
2011-04-21 18:52:27-04:00,16.06086209365602
2011-04-21 18:52:30-04:00,16.07203207790348
2011-04-21 18:52:33-04:00,16.08320206215094
2011-04-21 18:52:36-04:00,16.094372046398398
2011-04-21 18:52:39-04:00,16.105542030645857
2011-04-21 18:52:42-04:00,16.116712014893313
2011-04-21 18:52:45-04:00,16.12788199914077
2011-04-21 18:52:48-04:00,16.139051983388228
2011-04-21 18:52:51-04:00,16.150221967635687
2011-04-21 18:52:54-04:00,16.161391951883147
2011-04-21 18:52:57-04:00,16.172561936130606
2011-04-21 18:53:00-04:00,16.18373192037806
2011-04-21 18:53:03-04:00,16.194901904625517
2011-04-21 18:53:06-04:00,16.206071888872977
2011-04-21 18:53:09-04:00,16.217241873120436
2011-04-21 18:53:12-04:00,16.228411857367895
2011-04-21 18:53:15-04:00,16.239581841615355
2011-04-21 18:53:18-04:00,16.25075182586281
2011-04-21 18:53:21-04:00,16.261921810110266
2011-04-21 18:53:24-04:00,16.273091794357725
2011-04-21 18:53:27-04:00,16.284261778605185
2011-04-21 18:53:30-04:00,16.295431762852644
2011-04-21 18:53:33-04:00,16.306601747100103
2011-04-21 18:53:36-04:00,16.31777173134756
2011-04-21 18:53:39-04:00,16.328941715595015
2011-04-21 18:53:42-04:00,16.340111699842474
2011-04-21 18:53:45-04:00,16.351281684089933
2011-04-21 18:53:48-04:00,16.362451668337393
2011-04-21 18:53:51-04:00,16.373621652584852
2011-04-21 18:53:54-04:00,16.384791636832308
2011-04-21 18:53:57-04:00,16.395961621079763
2011-04-21 18:54:00-04:00,16.407131605327223
2011-04-21 18:54:03-04:00,16.418301589574682
2011-04-21 18:54:06-04:00,16.42947157382214
2011-04-21 18:54:09-04:00,16.4406415580696
2011-04-21 18:54:12-04:00,16.451811542317056
2011-04-21 18:54:15-04:00,16.462981526564512
2011-04-21 18:54:18-04:00,16.47415151081197
2011-04-21 18:54:21-04:00,16.48532149505943
2011-04-21 18:54:24-04:00,16.49649147930689
2011-04-21 18:54:27-04:00,16.50766146355435
2011-04-21 18:54:30-04:00,16.518831447801805
2011-04-21 18:54:33-04:00,16.53000143204926
2011-04-21 18:54:36-04:00,16.54117141629672
2011-04-21 18:54:39-04:00,16.55234140054418
2011-04-21 18:54:42-04:00,16.56351138479164
2011-04-21 18:54:45-04:00,16.574681369039098
2011-04-21 18:54:48-04:00,16.585851353286554
2011-04-21 18:54:51-04:00,16.59702133753401
2011-04-21 18:54:54-04:00,16.60819132178147
2011-04-21 18:54:57-04:00,16.619361306028928
2011-04-21 18:55:00-04:00,16.630531290276387
2011-04-21 18:55:03-04:00,16.641701274523847
2011-04-21 18:55:06-04:00,16.652871258771302
2011-04-21 18:55:09-04:00,16.664041243018758
2011-04-21 18:55:12-04:00,16.675211227266217
2011-04-21 18:55:15-04:00,16.686381211513677
2011-04-21 18:55:18-04:00,16.697551195761136
2011-04-21 18:55:21-04:00,16.708721180008595
2011-04-21 18:55:24-04:00,16.71989116425605
2011-04-21 18:55:27-04:00,16.731061148503507
2011-04-21 18:55:30-04:00,16.742231132750966
2011-04-21 18:55:33-04:00,16.753401116998425
2011-04-21 18:55:36-04:00,16.764571101245885
2011-04-21 18:55:39-04:00,16.775741085493344
2011-04-21 18:55:42-04:00,16.7869110697408
2011-04-21 18:55:45-04:00,16.798081053988255
2011-04-21 18:55:48-04:00,16.809251038235715
2011-04-21 18:55:51-04:00,16.820421022483174
2011-04-21 18:55:54-04:00,16.831591006730633
2011-04-21 18:55:57-04:00,16.842760990978093
2011-04-21 18:56:00-04:00,16.85393097522555
2011-04-21 18:56:03-04:00,16.865100959473004
2011-04-21 18:56:06-04:00,16.876270943720463
2011-04-21 18:56:09-04:00,16.887440927967923
2011-04-21 18:56:12-04:00,16.898610912215382
2011-04-21 18:56:15-04:00,16.90978089646284
2011-04-21 18:56:18-04:00,16.920950880710297
2011-04-21 18:56:21-04:00,16.932120864957753
2011-04-21 18:56:24-04:00,16.943290849205212
2011-04-21 18:56:27-04:00,16.95446083345267
2011-04-21 18:56:30-04:00,16.96563081770013
2011-04-21 18:56:33-04:00,16.97680080194759
2011-04-21 18:56:36-04:00,16.987970786195046
2011-04-21 18:56:39-04:00,16.9991407704425
2011-04-21 18:56:42-04:00,17.01031075468996
2011-04-21 18:56:45-04:00,17.02148073893742
2011-04-21 18:56:48-04:00,17.03265072318488
2011-04-21 18:56:51-04:00,17.043820707432335
2011-04-21 18:56:54-04:00,17.054990691679794
2011-04-21 18:56:57-04:00,17.066160675927254
2011-04-21 18:57:00-04:00,17.07733066017471
2011-04-21 18:57:03-04:00,17.08850064442217
2011-04-21 18:57:06-04:00,17.099670628669628
2011-04-21 18:57:09-04:00,17.110840612917084
2011-04-21 18:57:12-04:00,17.122010597164543
2011-04-21 18:57:15-04:00,17.133180581412002
2011-04-21 18:57:18-04:00,17.144350565659458
2011-04-21 18:57:21-04:00,17.155520549906917
2011-04-21 18:57:24-04:00,17.166690534154377
2011-04-21 18:57:27-04:00,17.177860518401832
2011-04-21 18:57:30-04:00,17.18903050264929
2011-04-21 18:57:33-04:00,17.20020048689675
2011-04-21 18:57:36-04:00,17.211370471144207
2011-04-21 18:57:39-04:00,17.222540455391666
2011-04-21 18:57:42-04:00,17.233710439639125
2011-04-21 18:57:45-04:00,17.24488042388658
2011-04-21 18:57:48-04:00,17.25605040813404
2011-04-21 18:57:51-04:00,17.2672203923815
2011-04-21 18:57:54-04:00,17.278390376628955
2011-04-21 18:57:57-04:00,17.289560360876415
2011-04-21 18:58:00-04:00,17.300730345123874
2011-04-21 18:58:03-04:00,17.31190032937133
2011-04-21 18:58:06-04:00,17.32307031361879
2011-04-21 18:58:09-04:00,17.33424029786625
2011-04-21 18:58:12-04:00,17.345410282113704
2011-04-21 18:58:15-04:00,17.356580266361163
2011-04-21 18:58:18-04:00,17.367750250608623
2011-04-21 18:58:21-04:00,17.37892023485608
2011-04-21 18:58:24-04:00,17.390090219103538
2011-04-21 18:58:27-04:00,17.401260203350997
2011-04-21 18:58:30-04:00,17.412430187598453
2011-04-21 18:58:33-04:00,17.423600171845912
2011-04-21 18:58:36-04:00,17.43477015609337
2011-04-21 18:58:39-04:00,17.445940140340827
2011-04-21 18:58:42-04:00,17.457110124588286
2011-04-21 18:58:45-04:00,17.468280108835746
2011-04-21 18:58:48-04:00,17.4794500930832
2011-04-21 18:58:51-04:00,17.49062007733066
2011-04-21 18:58:54-04:00,17.50179006157812
2011-04-21 18:58:57-04:00,17.512960045825576
2011-04-21 18:59:00-04:00,17.524130030073035
2011-04-21 18:59:03-04:00,17.535300014320494
2011-04-21 18:59:06-04:00,17.54646999856795
2011-04-21 18:59:09-04:00,17.55763998281541
2011-04-21 18:59:12-04:00,17.56880996706287
2011-04-21 18:59:15-04:00,17.579979951310325
2011-04-21 18:59:18-04:00,17.591149935557784
2011-04-21 18:59:21-04:00,17.602319919805243
2011-04-21 18:59:24-04:00,17.6134899040527
2011-04-21 18:59:27-04:00,17.624659888300158
2011-04-21 18:59:30-04:00,17.635829872547617
2011-04-21 18:59:33-04:00,17.646999856795073
2011-04-21 18:59:36-04:00,17.658169841042533
2011-04-21 18:59:39-04:00,17.669339825289992
2011-04-21 18:59:42-04:00,17.680509809537448
2011-04-21 18:59:45-04:00,17.691679793784907
2011-04-21 18:59:48-04:00,17.702849778032366
2011-04-21 18:59:51-04:00,17.714019762279822
2011-04-21 18:59:54-04:00,17.72518974652728
2011-04-21 18:59:57-04:00,17.73635973077474
2011-04-21 19:00:00-04:00,17.747529715022196
2011-04-21 19:00:03-04:00,17.758699699269656
2011-04-21 19:00:06-04:00,17.769869683517115
2011-04-21 19:00:09-04:00,17.78103966776457
2011-04-21 19:00:12-04:00,17.79220965201203
2011-04-21 19:00:15-04:00,17.80337963625949
2011-04-21 19:00:18-04:00,17.814549620506945
2011-04-21 19:00:21-04:00,17.825719604754404
2011-04-21 19:00:24-04:00,17.836889589001863
2011-04-21 19:00:27-04:00,17.84805957324932
2011-04-21 19:00:30-04:00,17.85922955749678
2011-04-21 19:00:33-04:00,17.870399541744238
2011-04-21 19:00:36-04:00,17.881569525991694
2011-04-21 19:00:39-04:00,17.892739510239153
2011-04-21 19:00:42-04:00,17.903909494486612
2011-04-21 19:00:45-04:00,17.915079478734068
2011-04-21 19:00:48-04:00,17.926249462981527
2011-04-21 19:00:51-04:00,17.937419447228987
2011-04-21 19:00:54-04:00,17.948589431476442
2011-04-21 19:00:57-04:00,17.9597594157239
2011-04-21 19:01:00-04:00,17.97092939997136
2011-04-21 19:01:03-04:00,17.982099384218817
2011-04-21 19:01:06-04:00,17.993269368466276
2011-04-21 19:01:09-04:00,18.004439352713735
2011-04-21 19:01:12-04:00,18.01560933696119
2011-04-21 19:01:15-04:00,18.02677932120865
2011-04-21 19:01:18-04:00,18.03794930545611
2011-04-21 19:01:21-04:00,18.049119289703565
2011-04-21 19:01:24-04:00,18.060289273951025
2011-04-21 19:01:27-04:00,18.071459258198484
2011-04-21 19:01:30-04:00,18.08262924244594
2011-04-21 19:01:33-04:00,18.0937992266934
2011-04-21 19:01:36-04:00,18.104969210940858
2011-04-21 19:01:39-04:00,18.116139195188314
2011-04-21 19:01:42-04:00,18.127309179435773
2011-04-21 19:01:45-04:00,18.138479163683233
2011-04-21 19:01:48-04:00,18.14964914793069
2011-04-21 19:01:51-04:00,18.160819132178148
2011-04-21 19:01:54-04:00,18.171989116425607
2011-04-21 19:01:57-04:00,18.183159100673063
2011-04-21 19:02:00-04:00,18.194329084920522
2011-04-21 19:02:03-04:00,18.20549906916798
2011-04-21 19:02:06-04:00,18.216669053415437
2011-04-21 19:02:09-04:00,18.227839037662896
2011-04-21 19:02:12-04:00,18.239009021910356
2011-04-21 19:02:15-04:00,18.25017900615781
2011-04-21 19:02:18-04:00,18.26134899040527
2011-04-21 19:02:21-04:00,18.27251897465273
2011-04-21 19:02:24-04:00,18.283688958900186
2011-04-21 19:02:27-04:00,18.294858943147645
2011-04-21 19:02:30-04:00,18.306028927395104
2011-04-21 19:02:33-04:00,18.31719891164256
2011-04-21 19:02:36-04:00,18.32836889589002
2011-04-21 19:02:39-04:00,18.33953888013748
2011-04-21 19:02:42-04:00,18.350708864384934
2011-04-21 19:02:45-04:00,18.361878848632394
2011-04-21 19:02:48-04:00,18.373048832879853
2011-04-21 19:02:51-04:00,18.38421881712731
2011-04-21 19:02:54-04:00,18.395388801374768
2011-04-21 19:02:57-04:00,18.406558785622227
2011-04-21 19:03:00-04:00,18.417728769869683
2011-04-21 19:03:03-04:00,18.428898754117142
2011-04-21 19:03:06-04:00,18.4400687383646
2011-04-21 19:03:09-04:00,18.451238722612057
2011-04-21 19:03:12-04:00,18.462408706859517
2011-04-21 19:03:15-04:00,18.473578691106976
2011-04-21 19:03:18-04:00,18.48474867535443
2011-04-21 19:03:21-04:00,18.49591865960189
2011-04-21 19:03:24-04:00,18.50708864384935
2011-04-21 19:03:27-04:00,18.518258628096806
2011-04-21 19:03:30-04:00,18.529428612344265
2011-04-21 19:03:33-04:00,18.540598596591725
2011-04-21 19:03:36-04:00,18.55176858083918
2011-04-21 19:03:39-04:00,18.56293856508664
2011-04-21 19:03:42-04:00,18.5741085493341
2011-04-21 19:03:45-04:00,18.585278533581555
2011-04-21 19:03:48-04:00,18.596448517829014
2011-04-21 19:03:51-04:00,18.607618502076473
2011-04-21 19:03:54-04:00,18.61878848632393
2011-04-21 19:03:57-04:00,18.62995847057139
2011-04-21 19:04:00-04:00,18.641128454818848
2011-04-21 19:04:03-04:00,18.652298439066303
2011-04-21 19:04:06-04:00,18.663468423313763
2011-04-21 19:04:09-04:00,18.674638407561222
2011-04-21 19:04:12-04:00,18.685808391808678
2011-04-21 19:04:15-04:00,18.696978376056137
2011-04-21 19:04:18-04:00,18.708148360303596
2011-04-21 19:04:21-04:00,18.719318344551052
2011-04-21 19:04:24-04:00,18.73048832879851
2011-04-21 19:04:27-04:00,18.74165831304597
2011-04-21 19:04:30-04:00,18.752828297293426
2011-04-21 19:04:33-04:00,18.763998281540886
2011-04-21 19:04:36-04:00,18.775168265788345
2011-04-21 19:04:39-04:00,18.7863382500358
2011-04-21 19:04:42-04:00,18.79750823428326
2011-04-21 19:04:45-04:00,18.80867821853072
2011-04-21 19:04:48-04:00,18.819848202778175
2011-04-21 19:04:51-04:00,18.831018187025634
2011-04-21 19:04:54-04:00,18.842188171273094
2011-04-21 19:04:57-04:00,18.85335815552055
2011-04-21 19:05:00-04:00,18.86452813976801
2011-04-21 19:05:03-04:00,18.875698124015468
2011-04-21 19:05:06-04:00,18.886868108262924
2011-04-21 19:05:09-04:00,18.898038092510383
2011-04-21 19:05:12-04:00,18.909208076757842
2011-04-21 19:05:15-04:00,18.920378061005298
2011-04-21 19:05:18-04:00,18.931548045252757
2011-04-21 19:05:21-04:00,18.942718029500217
2011-04-21 19:05:24-04:00,18.953888013747672
2011-04-21 19:05:27-04:00,18.96505799799513
2011-04-21 19:05:30-04:00,18.97622798224259
2011-04-21 19:05:33-04:00,18.987397966490047
2011-04-21 19:05:36-04:00,18.998567950737506
2011-04-21 19:05:39-04:00,19.009737934984965
2011-04-21 19:05:42-04:00,19.02090791923242
2011-04-21 19:05:45-04:00,19.03207790347988
2011-04-21 19:05:48-04:00,19.04324788772734
2011-04-21 19:05:51-04:00,19.054417871974795
2011-04-21 19:05:54-04:00,19.065587856222255
2011-04-21 19:05:57-04:00,19.076757840469714
2011-04-21 19:06:00-04:00,19.08792782471717
2011-04-21 19:06:03-04:00,19.09909780896463
2011-04-21 19:06:06-04:00,19.11026779321209
2011-04-21 19:06:09-04:00,19.121437777459544
2011-04-21 19:06:12-04:00,19.132607761707003
2011-04-21 19:06:15-04:00,19.143777745954463
2011-04-21 19:06:18-04:00,19.15494773020192
2011-04-21 19:06:21-04:00,19.166117714449378
2011-04-21 19:06:24-04:00,19.177287698696837
2011-04-21 19:06:27-04:00,19.188457682944293
2011-04-21 19:06:30-04:00,19.199627667191752
2011-04-21 19:06:33-04:00,19.21079765143921
2011-04-21 19:06:36-04:00,19.221967635686667
2011-04-21 19:06:39-04:00,19.233137619934126
2011-04-21 19:06:42-04:00,19.244307604181586
2011-04-21 19:06:45-04:00,19.25547758842904
2011-04-21 19:06:48-04:00,19.2666475726765
2011-04-21 19:06:51-04:00,19.27781755692396
2011-04-21 19:06:54-04:00,19.288987541171416
2011-04-21 19:06:57-04:00,19.300157525418875
2011-04-21 19:07:00-04:00,19.311327509666334
2011-04-21 19:07:03-04:00,19.32249749391379
2011-04-21 19:07:06-04:00,19.33366747816125
2011-04-21 19:07:09-04:00,19.34483746240871
2011-04-21 19:07:12-04:00,19.356007446656164
2011-04-21 19:07:15-04:00,19.367177430903624
2011-04-21 19:07:18-04:00,19.378347415151083
2011-04-21 19:07:21-04:00,19.38951739939854
2011-04-21 19:07:24-04:00,19.400687383645998
2011-04-21 19:07:27-04:00,19.411857367893457
2011-04-21 19:07:30-04:00,19.423027352140913
2011-04-21 19:07:33-04:00,19.434197336388372
2011-04-21 19:07:36-04:00,19.44536732063583
2011-04-21 19:07:39-04:00,19.456537304883287
2011-04-21 19:07:42-04:00,19.467707289130747
2011-04-21 19:07:45-04:00,19.478877273378206
2011-04-21 19:07:48-04:00,19.490047257625662
2011-04-21 19:07:51-04:00,19.50121724187312
2011-04-21 19:07:54-04:00,19.51238722612058
2011-04-21 19:07:57-04:00,19.523557210368036
2011-04-21 19:08:00-04:00,19.534727194615495
2011-04-21 19:08:03-04:00,19.545897178862955
2011-04-21 19:08:06-04:00,19.55706716311041
2011-04-21 19:08:09-04:00,19.56823714735787
2011-04-21 19:08:12-04:00,19.57940713160533
2011-04-21 19:08:15-04:00,19.590577115852785
2011-04-21 19:08:18-04:00,19.601747100100244
2011-04-21 19:08:21-04:00,19.612917084347703
2011-04-21 19:08:24-04:00,19.62408706859516
2011-04-21 19:08:27-04:00,19.63525705284262
2011-04-21 19:08:30-04:00,19.646427037090078
2011-04-21 19:08:33-04:00,19.657597021337534
2011-04-21 19:08:36-04:00,19.668767005584993
2011-04-21 19:08:39-04:00,19.679936989832452
2011-04-21 19:08:42-04:00,19.691106974079908
2011-04-21 19:08:45-04:00,19.702276958327367
2011-04-21 19:08:48-04:00,19.713446942574826
2011-04-21 19:08:51-04:00,19.724616926822282
2011-04-21 19:08:54-04:00,19.73578691106974
2011-04-21 19:08:57-04:00,19.7469568953172
2011-04-21 19:09:00-04:00,19.758126879564657
2011-04-21 19:09:03-04:00,19.769296863812116
2011-04-21 19:09:06-04:00,19.780466848059575
2011-04-21 19:09:09-04:00,19.79163683230703
2011-04-21 19:09:12-04:00,19.80280681655449
2011-04-21 19:09:15-04:00,19.81397680080195
2011-04-21 19:09:18-04:00,19.825146785049405
2011-04-21 19:09:21-04:00,19.836316769296864
2011-04-21 19:09:24-04:00,19.847486753544324
2011-04-21 19:09:27-04:00,19.85865673779178
2011-04-21 19:09:30-04:00,19.86982672203924
2011-04-21 19:09:33-04:00,19.880996706286698
2011-04-21 19:09:36-04:00,19.892166690534154
2011-04-21 19:09:39-04:00,19.903336674781613
2011-04-21 19:09:42-04:00,19.914506659029072
2011-04-21 19:09:45-04:00,19.925676643276528
2011-04-21 19:09:48-04:00,19.936846627523988
2011-04-21 19:09:51-04:00,19.948016611771447
2011-04-21 19:09:54-04:00,19.959186596018903
2011-04-21 19:09:57-04:00,19.970356580266362
2011-04-21 19:10:00-04:00,19.98152656451382
2011-04-21 19:10:03-04:00,19.992696548761277
2011-04-21 19:10:06-04:00,20.003866533008736
2011-04-21 19:10:09-04:00,20.015036517256195
2011-04-21 19:10:12-04:00,20.02620650150365
2011-04-21 19:10:15-04:00,20.03737648575111
2011-04-21 19:10:18-04:00,20.04854646999857
2011-04-21 19:10:21-04:00,20.059716454246026
2011-04-21 19:10:24-04:00,20.070886438493485
2011-04-21 19:10:27-04:00,20.082056422740944
2011-04-21 19:10:30-04:00,20.0932264069884
2011-04-21 19:10:33-04:00,20.10439639123586
2011-04-21 19:10:36-04:00,20.11556637548332
2011-04-21 19:10:39-04:00,20.126736359730774
2011-04-21 19:10:42-04:00,20.137906343978234
2011-04-21 19:10:45-04:00,20.149076328225693
2011-04-21 19:10:48-04:00,20.16024631247315
2011-04-21 19:10:51-04:00,20.171416296720608
2011-04-21 19:10:54-04:00,20.182586280968067
2011-04-21 19:10:57-04:00,20.193756265215523
2011-04-21 19:11:00-04:00,20.204926249462982
2011-04-21 19:11:03-04:00,20.21609623371044
2011-04-21 19:11:06-04:00,20.227266217957897
2011-04-21 19:11:09-04:00,20.238436202205357
2011-04-21 19:11:12-04:00,20.249606186452816
2011-04-21 19:11:15-04:00,20.26077617070027
2011-04-21 19:11:18-04:00,20.27194615494773
2011-04-21 19:11:21-04:00,20.28311613919519
2011-04-21 19:11:24-04:00,20.294286123442646
2011-04-21 19:11:27-04:00,20.305456107690105
2011-04-21 19:11:30-04:00,20.316626091937565
2011-04-21 19:11:33-04:00,20.32779607618502
2011-04-21 19:11:36-04:00,20.33896606043248
2011-04-21 19:11:39-04:00,20.35013604467994
2011-04-21 19:11:42-04:00,20.361306028927395
2011-04-21 19:11:45-04:00,20.372476013174854
2011-04-21 19:11:48-04:00,20.383645997422313
2011-04-21 19:11:51-04:00,20.39481598166977
2011-04-21 19:11:54-04:00,20.40598596591723
2011-04-21 19:11:57-04:00,20.417155950164688
2011-04-21 19:12:00-04:00,20.428325934412143
2011-04-21 19:12:03-04:00,20.439495918659603
2011-04-21 19:12:06-04:00,20.450665902907062
2011-04-21 19:12:09-04:00,20.461835887154518
2011-04-21 19:12:12-04:00,20.473005871401977
2011-04-21 19:12:15-04:00,20.484175855649436
2011-04-21 19:12:18-04:00,20.495345839896892
2011-04-21 19:12:21-04:00,20.50651582414435
2011-04-21 19:12:24-04:00,20.51768580839181
2011-04-21 19:12:27-04:00,20.528855792639266
2011-04-21 19:12:30-04:00,20.540025776886726
2011-04-21 19:12:33-04:00,20.551195761134185
2011-04-21 19:12:36-04:00,20.56236574538164
2011-04-21 19:12:39-04:00,20.5735357296291
2011-04-21 19:12:42-04:00,20.58470571387656
2011-04-21 19:12:45-04:00,20.595875698124015
2011-04-21 19:12:48-04:00,20.607045682371474
2011-04-21 19:12:51-04:00,20.618215666618934
2011-04-21 19:12:54-04:00,20.62938565086639
2011-04-21 19:12:57-04:00,20.64055563511385
2011-04-21 19:13:00-04:00,20.651725619361308
2011-04-21 19:13:03-04:00,20.662895603608764
2011-04-21 19:13:06-04:00,20.674065587856223
2011-04-21 19:13:09-04:00,20.685235572103682
2011-04-21 19:13:12-04:00,20.696405556351138
2011-04-21 19:13:15-04:00,20.707575540598597
2011-04-21 19:13:18-04:00,20.718745524846057
2011-04-21 19:13:21-04:00,20.729915509093512
2011-04-21 19:13:24-04:00,20.74108549334097
2011-04-21 19:13:27-04:00,20.75225547758843
2011-04-21 19:13:30-04:00,20.763425461835887
2011-04-21 19:13:33-04:00,20.774595446083346
2011-04-21 19:13:36-04:00,20.785765430330805
2011-04-21 19:13:39-04:00,20.79693541457826
2011-04-21 19:13:42-04:00,20.80810539882572
2011-04-21 19:13:45-04:00,20.81927538307318
2011-04-21 19:13:48-04:00,20.830445367320635
2011-04-21 19:13:51-04:00,20.841615351568095
2011-04-21 19:13:54-04:00,20.852785335815554
2011-04-21 19:13:57-04:00,20.86395532006301
2011-04-21 19:14:00-04:00,20.87512530431047
2011-04-21 19:14:03-04:00,20.88629528855793
2011-04-21 19:14:06-04:00,20.897465272805384
2011-04-21 19:14:09-04:00,20.908635257052843
2011-04-21 19:14:12-04:00,20.919805241300303
2011-04-21 19:14:15-04:00,20.93097522554776
2011-04-21 19:14:18-04:00,20.942145209795218
2011-04-21 19:14:21-04:00,20.953315194042677
2011-04-21 19:14:24-04:00,20.964485178290133
2011-04-21 19:14:27-04:00,20.975655162537592
2011-04-21 19:14:30-04:00,20.98682514678505
2011-04-21 19:14:33-04:00,20.997995131032507
2011-04-21 19:14:36-04:00,21.009165115279966
2011-04-21 19:14:39-04:00,21.020335099527426
2011-04-21 19:14:42-04:00,21.03150508377488
2011-04-21 19:14:45-04:00,21.04267506802234
2011-04-21 19:14:48-04:00,21.0538450522698
2011-04-21 19:14:51-04:00,21.065015036517256
2011-04-21 19:14:54-04:00,21.076185020764715
2011-04-21 19:14:57-04:00,21.087355005012174
2011-04-21 19:15:00-04:00,21.09852498925963
2011-04-21 19:15:03-04:00,21.10969497350709
2011-04-21 19:15:06-04:00,21.12086495775455
2011-04-21 19:15:09-04:00,21.132034942002004
2011-04-21 19:15:12-04:00,21.143204926249464
2011-04-21 19:15:15-04:00,21.154374910496923
2011-04-21 19:15:18-04:00,21.16554489474438
2011-04-21 19:15:21-04:00,21.176714878991838
2011-04-21 19:15:24-04:00,21.187884863239297
2011-04-21 19:15:27-04:00,21.199054847486753
2011-04-21 19:15:30-04:00,21.210224831734212
2011-04-21 19:15:33-04:00,21.22139481598167
2011-04-21 19:15:36-04:00,21.232564800229127
2011-04-21 19:15:39-04:00,21.243734784476587
2011-04-21 19:15:42-04:00,21.254904768724046
2011-04-21 19:15:45-04:00,21.2660747529715
2011-04-21 19:15:48-04:00,21.27724473721896
2011-04-21 19:15:51-04:00,21.28841472146642
2011-04-21 19:15:54-04:00,21.299584705713876
2011-04-21 19:15:57-04:00,21.310754689961335
2011-04-21 19:16:00-04:00,21.321924674208795
2011-04-21 19:16:03-04:00,21.33309465845625
2011-04-21 19:16:06-04:00,21.34426464270371
2011-04-21 19:16:09-04:00,21.35543462695117
2011-04-21 19:16:12-04:00,21.366604611198625
2011-04-21 19:16:15-04:00,21.377774595446084
2011-04-21 19:16:18-04:00,21.388944579693543
2011-04-21 19:16:21-04:00,21.400114563941
2011-04-21 19:16:24-04:00,21.41128454818846
2011-04-21 19:16:27-04:00,21.422454532435918
2011-04-21 19:16:30-04:00,21.433624516683373
2011-04-21 19:16:33-04:00,21.444794500930833
2011-04-21 19:16:36-04:00,21.455964485178292
2011-04-21 19:16:39-04:00,21.467134469425748
2011-04-21 19:16:42-04:00,21.478304453673207
2011-04-21 19:16:45-04:00,21.489474437920666
2011-04-21 19:16:48-04:00,21.500644422168122
2011-04-21 19:16:51-04:00,21.51181440641558
2011-04-21 19:16:54-04:00,21.52298439066304
2011-04-21 19:16:57-04:00,21.534154374910496
2011-04-21 19:17:00-04:00,21.545324359157956
2011-04-21 19:17:03-04:00,21.556494343405415
2011-04-21 19:17:06-04:00,21.56766432765287
2011-04-21 19:17:09-04:00,21.57883431190033
2011-04-21 19:17:12-04:00,21.59000429614779
2011-04-21 19:17:15-04:00,21.601174280395245
2011-04-21 19:17:18-04:00,21.612344264642704
2011-04-21 19:17:21-04:00,21.623514248890164
2011-04-21 19:17:24-04:00,21.63468423313762
2011-04-21 19:17:27-04:00,21.64585421738508
2011-04-21 19:17:30-04:00,21.657024201632538
2011-04-21 19:17:33-04:00,21.668194185879994
2011-04-21 19:17:36-04:00,21.679364170127453
2011-04-21 19:17:39-04:00,21.690534154374912
2011-04-21 19:17:42-04:00,21.701704138622368
2011-04-21 19:17:45-04:00,21.712874122869827
2011-04-21 19:17:48-04:00,21.724044107117287
2011-04-21 19:17:51-04:00,21.735214091364742
2011-04-21 19:17:54-04:00,21.7463840756122
2011-04-21 19:17:57-04:00,21.75755405985966
2011-04-21 19:18:00-04:00,21.768724044107117
2011-04-21 19:18:03-04:00,21.779894028354576
2011-04-21 19:18:06-04:00,21.791064012602035
2011-04-21 19:18:09-04:00,21.80223399684949
2011-04-21 19:18:12-04:00,21.81340398109695
2011-04-21 19:18:15-04:00,21.82457396534441
2011-04-21 19:18:18-04:00,21.835743949591865
2011-04-21 19:18:21-04:00,21.846913933839325
2011-04-21 19:18:24-04:00,21.858083918086784
2011-04-21 19:18:27-04:00,21.86925390233424
2011-04-21 19:18:30-04:00,21.8804238865817
2011-04-21 19:18:33-04:00,21.89159387082916
2011-04-21 19:18:36-04:00,21.902763855076614
2011-04-21 19:18:39-04:00,21.913933839324073
2011-04-21 19:18:42-04:00,21.925103823571533
2011-04-21 19:18:45-04:00,21.93627380781899
2011-04-21 19:18:48-04:00,21.947443792066448
2011-04-21 19:18:51-04:00,21.958613776313907
2011-04-21 19:18:54-04:00,21.969783760561363
2011-04-21 19:18:57-04:00,21.980953744808822
2011-04-21 19:19:00-04:00,21.99212372905628
2011-04-21 19:19:03-04:00,22.003293713303737
2011-04-21 19:19:06-04:00,22.014463697551196
2011-04-21 19:19:09-04:00,22.025633681798656
2011-04-21 19:19:12-04:00,22.03680366604611
2011-04-21 19:19:15-04:00,22.04797365029357
2011-04-21 19:19:18-04:00,22.05914363454103
2011-04-21 19:19:21-04:00,22.070313618788486
2011-04-21 19:19:24-04:00,22.081483603035945
2011-04-21 19:19:27-04:00,22.092653587283404
2011-04-21 19:19:30-04:00,22.10382357153086
2011-04-21 19:19:33-04:00,22.11499355577832
2011-04-21 19:19:36-04:00,22.12616354002578
2011-04-21 19:19:39-04:00,22.137333524273235
2011-04-21 19:19:42-04:00,22.148503508520694
2011-04-21 19:19:45-04:00,22.159673492768153
2011-04-21 19:19:48-04:00,22.17084347701561
2011-04-21 19:19:51-04:00,22.182013461263068
2011-04-21 19:19:54-04:00,22.193183445510527
2011-04-21 19:19:57-04:00,22.204353429757983
2011-04-21 19:20:00-04:00,22.215523414005443
2011-04-21 19:20:03-04:00,22.226693398252902
2011-04-21 19:20:06-04:00,22.237863382500358
2011-04-21 19:20:09-04:00,22.249033366747817
2011-04-21 19:20:12-04:00,22.260203350995276
2011-04-21 19:20:15-04:00,22.271373335242732
2011-04-21 19:20:18-04:00,22.28254331949019
2011-04-21 19:20:21-04:00,22.29371330373765
2011-04-21 19:20:24-04:00,22.304883287985106
2011-04-21 19:20:27-04:00,22.316053272232566
2011-04-21 19:20:30-04:00,22.327223256480025
2011-04-21 19:20:33-04:00,22.33839324072748
2011-04-21 19:20:36-04:00,22.34956322497494
2011-04-21 19:20:39-04:00,22.3607332092224
2011-04-21 19:20:42-04:00,22.371903193469855
2011-04-21 19:20:45-04:00,22.383073177717314
2011-04-21 19:20:48-04:00,22.394243161964773
2011-04-21 19:20:51-04:00,22.40541314621223
2011-04-21 19:20:54-04:00,22.41658313045969
2011-04-21 19:20:57-04:00,22.427753114707148
2011-04-21 19:21:00-04:00,22.438923098954604
2011-04-21 19:21:03-04:00,22.450093083202063
2011-04-21 19:21:06-04:00,22.461263067449522
2011-04-21 19:21:09-04:00,22.472433051696978
2011-04-21 19:21:12-04:00,22.483603035944437
2011-04-21 19:21:15-04:00,22.494773020191897
2011-04-21 19:21:18-04:00,22.505943004439352
2011-04-21 19:21:21-04:00,22.51711298868681
2011-04-21 19:21:24-04:00,22.52828297293427
2011-04-21 19:21:27-04:00,22.539452957181727
2011-04-21 19:21:30-04:00,22.550622941429186
2011-04-21 19:21:33-04:00,22.561792925676645
2011-04-21 19:21:36-04:00,22.5729629099241
2011-04-21 19:21:39-04:00,22.58413289417156
2011-04-21 19:21:42-04:00,22.59530287841902
2011-04-21 19:21:45-04:00,22.606472862666475
2011-04-21 19:21:48-04:00,22.617642846913935
2011-04-21 19:21:51-04:00,22.628812831161394
2011-04-21 19:21:54-04:00,22.63998281540885
2011-04-21 19:21:57-04:00,22.65115279965631
2011-04-21 19:22:00-04:00,22.662322783903768
2011-04-21 19:22:03-04:00,22.673492768151224
2011-04-21 19:22:06-04:00,22.684662752398683
2011-04-21 19:22:09-04:00,22.695832736646143
2011-04-21 19:22:12-04:00,22.7070027208936
2011-04-21 19:22:15-04:00,22.718172705141058
2011-04-21 19:22:18-04:00,22.729342689388517
2011-04-21 19:22:21-04:00,22.740512673635973
2011-04-21 19:22:24-04:00,22.751682657883432
2011-04-21 19:22:27-04:00,22.76285264213089
2011-04-21 19:22:30-04:00,22.774022626378347
2011-04-21 19:22:33-04:00,22.785192610625806
2011-04-21 19:22:36-04:00,22.796362594873266
2011-04-21 19:22:39-04:00,22.80753257912072
2011-04-21 19:22:42-04:00,22.81870256336818
2011-04-21 19:22:45-04:00,22.82987254761564
2011-04-21 19:22:48-04:00,22.841042531863096
2011-04-21 19:22:51-04:00,22.852212516110555
2011-04-21 19:22:54-04:00,22.863382500358014
2011-04-21 19:22:57-04:00,22.87455248460547
2011-04-21 19:23:00-04:00,22.88572246885293
2011-04-21 19:23:03-04:00,22.89689245310039
2011-04-21 19:23:06-04:00,22.908062437347844
2011-04-21 19:23:09-04:00,22.919232421595304
2011-04-21 19:23:12-04:00,22.930402405842763
2011-04-21 19:23:15-04:00,22.94157239009022
2011-04-21 19:23:18-04:00,22.952742374337678
2011-04-21 19:23:21-04:00,22.963912358585137
2011-04-21 19:23:24-04:00,22.975082342832593
2011-04-21 19:23:27-04:00,22.986252327080052
2011-04-21 19:23:30-04:00,22.99742231132751
2011-04-21 19:23:33-04:00,23.008592295574967
2011-04-21 19:23:36-04:00,23.019762279822427
2011-04-21 19:23:39-04:00,23.030932264069886
2011-04-21 19:23:42-04:00,23.04210224831734
2011-04-21 19:23:45-04:00,23.0532722325648
2011-04-21 19:23:48-04:00,23.06444221681226
2011-04-21 19:23:51-04:00,23.075612201059716
2011-04-21 19:23:54-04:00,23.086782185307175
2011-04-21 19:23:57-04:00,23.097952169554635
2011-04-21 19:24:00-04:00,23.10912215380209
2011-04-21 19:24:03-04:00,23.12029213804955
2011-04-21 19:24:06-04:00,23.13146212229701
2011-04-21 19:24:09-04:00,23.142632106544465
2011-04-21 19:24:12-04:00,23.153802090791924
2011-04-21 19:24:15-04:00,23.164972075039383
2011-04-21 19:24:18-04:00,23.17614205928684
2011-04-21 19:24:21-04:00,23.1873120435343
2011-04-21 19:24:24-04:00,23.198482027781758
2011-04-21 19:24:27-04:00,23.209652012029213
2011-04-21 19:24:30-04:00,23.220821996276673
2011-04-21 19:24:33-04:00,23.231991980524132
2011-04-21 19:24:36-04:00,23.243161964771588
2011-04-21 19:24:39-04:00,23.254331949019047
2011-04-21 19:24:42-04:00,23.265501933266506
2011-04-21 19:24:45-04:00,23.276671917513962
2011-04-21 19:24:48-04:00,23.28784190176142
2011-04-21 19:24:51-04:00,23.29901188600888
2011-04-21 19:24:54-04:00,23.310181870256336
2011-04-21 19:24:57-04:00,23.321351854503796
2011-04-21 19:25:00-04:00,23.332521838751255
2011-04-21 19:25:03-04:00,23.34369182299871
2011-04-21 19:25:06-04:00,23.35486180724617
2011-04-21 19:25:09-04:00,23.36603179149363
2011-04-21 19:25:12-04:00,23.377201775741085
2011-04-21 19:25:15-04:00,23.388371759988544
2011-04-21 19:25:18-04:00,23.399541744236004
2011-04-21 19:25:21-04:00,23.41071172848346
2011-04-21 19:25:24-04:00,23.42188171273092
2011-04-21 19:25:27-04:00,23.433051696978378
2011-04-21 19:25:30-04:00,23.444221681225834
2011-04-21 19:25:33-04:00,23.455391665473293
2011-04-21 19:25:36-04:00,23.466561649720752
2011-04-21 19:25:39-04:00,23.477731633968208
2011-04-21 19:25:42-04:00,23.488901618215667
2011-04-21 19:25:45-04:00,23.500071602463127
2011-04-21 19:25:48-04:00,23.511241586710582
2011-04-21 19:25:51-04:00,23.52241157095804
2011-04-21 19:25:54-04:00,23.5335815552055
2011-04-21 19:25:57-04:00,23.544751539452957
2011-04-21 19:26:00-04:00,23.555921523700416
2011-04-21 19:26:03-04:00,23.567091507947875
2011-04-21 19:26:06-04:00,23.57826149219533
2011-04-21 19:26:09-04:00,23.58943147644279
2011-04-21 19:26:12-04:00,23.60060146069025
2011-04-21 19:26:15-04:00,23.611771444937705
2011-04-21 19:26:18-04:00,23.622941429185165
2011-04-21 19:26:21-04:00,23.634111413432624
2011-04-21 19:26:24-04:00,23.64528139768008
2011-04-21 19:26:27-04:00,23.65645138192754
2011-04-21 19:26:30-04:00,23.667621366175
2011-04-21 19:26:33-04:00,23.678791350422454
2011-04-21 19:26:36-04:00,23.689961334669913
2011-04-21 19:26:39-04:00,23.701131318917373
2011-04-21 19:26:42-04:00,23.71230130316483
2011-04-21 19:26:45-04:00,23.723471287412288
2011-04-21 19:26:48-04:00,23.734641271659747
2011-04-21 19:26:51-04:00,23.745811255907203
2011-04-21 19:26:54-04:00,23.756981240154662
2011-04-21 19:26:57-04:00,23.76815122440212
2011-04-21 19:27:00-04:00,23.779321208649577
2011-04-21 19:27:03-04:00,23.790491192897036
2011-04-21 19:27:06-04:00,23.801661177144496
2011-04-21 19:27:09-04:00,23.81283116139195
2011-04-21 19:27:12-04:00,23.82400114563941
2011-04-21 19:27:15-04:00,23.83517112988687
2011-04-21 19:27:18-04:00,23.846341114134326
2011-04-21 19:27:21-04:00,23.857511098381785
2011-04-21 19:27:24-04:00,23.868681082629244
2011-04-21 19:27:27-04:00,23.8798510668767
2011-04-21 19:27:30-04:00,23.89102105112416
2011-04-21 19:27:33-04:00,23.90219103537162
2011-04-21 19:27:36-04:00,23.913361019619074
2011-04-21 19:27:39-04:00,23.924531003866534
2011-04-21 19:27:42-04:00,23.935700988113993
2011-04-21 19:27:45-04:00,23.94687097236145
2011-04-21 19:27:48-04:00,23.958040956608908
2011-04-21 19:27:51-04:00,23.969210940856367
2011-04-21 19:27:54-04:00,23.980380925103823
2011-04-21 19:27:57-04:00,23.991550909351282
2011-04-21 19:28:00-04:00,24.00272089359874
2011-04-21 19:28:03-04:00,24.013890877846197
2011-04-21 19:28:06-04:00,24.025060862093657
2011-04-21 19:28:09-04:00,24.036230846341116
2011-04-21 19:28:12-04:00,24.047400830588572
2011-04-21 19:28:15-04:00,24.05857081483603
2011-04-21 19:28:18-04:00,24.06974079908349
2011-04-21 19:28:21-04:00,24.080910783330946
2011-04-21 19:28:24-04:00,24.092080767578405
2011-04-21 19:28:27-04:00,24.103250751825865
2011-04-21 19:28:30-04:00,24.11442073607332
2011-04-21 19:28:33-04:00,24.12559072032078
2011-04-21 19:28:36-04:00,24.13676070456824
2011-04-21 19:28:39-04:00,24.147930688815695
2011-04-21 19:28:42-04:00,24.159100673063154
2011-04-21 19:28:45-04:00,24.170270657310613
2011-04-21 19:28:48-04:00,24.18144064155807
2011-04-21 19:28:51-04:00,24.19261062580553
2011-04-21 19:28:54-04:00,24.203780610052988
2011-04-21 19:28:57-04:00,24.214950594300443
2011-04-21 19:29:00-04:00,24.226120578547903
2011-04-21 19:29:03-04:00,24.237290562795362
2011-04-21 19:29:06-04:00,24.248460547042818
2011-04-21 19:29:09-04:00,24.259630531290277
2011-04-21 19:29:12-04:00,24.270800515537736
2011-04-21 19:29:15-04:00,24.281970499785192
2011-04-21 19:29:18-04:00,24.29314048403265
2011-04-21 19:29:21-04:00,24.30431046828011
2011-04-21 19:29:24-04:00,24.315480452527567
2011-04-21 19:29:27-04:00,24.326650436775026
2011-04-21 19:29:30-04:00,24.337820421022485
2011-04-21 19:29:33-04:00,24.34899040526994
2011-04-21 19:29:36-04:00,24.3601603895174
2011-04-21 19:29:39-04:00,24.37133037376486
2011-04-21 19:29:42-04:00,24.382500358012315
2011-04-21 19:29:45-04:00,24.393670342259774
2011-04-21 19:29:48-04:00,24.404840326507234
2011-04-21 19:29:51-04:00,24.41601031075469
2011-04-21 19:29:54-04:00,24.42718029500215
2011-04-21 19:29:57-04:00,24.438350279249608
2011-04-21 19:30:00-04:00,24.449520263497064
2011-04-21 19:30:03-04:00,24.460690247744523
2011-04-21 19:30:06-04:00,24.471860231991982
2011-04-21 19:30:09-04:00,24.483030216239438
2011-04-21 19:30:12-04:00,24.494200200486898
2011-04-21 19:30:15-04:00,24.505370184734357
2011-04-21 19:30:18-04:00,24.516540168981813
2011-04-21 19:30:21-04:00,24.527710153229272
2011-04-21 19:30:24-04:00,24.53888013747673
2011-04-21 19:30:27-04:00,24.550050121724187
2011-04-21 19:30:30-04:00,24.561220105971646
2011-04-21 19:30:33-04:00,24.572390090219105
2011-04-21 19:30:36-04:00,24.58356007446656
2011-04-21 19:30:39-04:00,24.59473005871402
2011-04-21 19:30:42-04:00,24.60590004296148
2011-04-21 19:30:45-04:00,24.617070027208936
2011-04-21 19:30:48-04:00,24.628240011456395
2011-04-21 19:30:51-04:00,24.639409995703854
2011-04-21 19:30:54-04:00,24.65057997995131
2011-04-21 19:30:57-04:00,24.66174996419877
2011-04-21 19:31:00-04:00,24.67291994844623
2011-04-21 19:31:03-04:00,24.684089932693684
2011-04-21 19:31:06-04:00,24.695259916941144
2011-04-21 19:31:09-04:00,24.706429901188603
2011-04-21 19:31:12-04:00,24.71759988543606
2011-04-21 19:31:15-04:00,24.728769869683518
2011-04-21 19:31:18-04:00,24.739939853930977
2011-04-21 19:31:21-04:00,24.751109838178433
2011-04-21 19:31:24-04:00,24.762279822425892
2011-04-21 19:31:27-04:00,24.77344980667335
2011-04-21 19:31:30-04:00,24.784619790920807
2011-04-21 19:31:33-04:00,24.795789775168267
2011-04-21 19:31:36-04:00,24.806959759415726
2011-04-21 19:31:39-04:00,24.81812974366318
2011-04-21 19:31:42-04:00,24.82929972791064
2011-04-21 19:31:45-04:00,24.8404697121581
2011-04-21 19:31:48-04:00,24.851639696405556
2011-04-21 19:31:51-04:00,24.862809680653015
2011-04-21 19:31:54-04:00,24.873979664900475
2011-04-21 19:31:57-04:00,24.88514964914793
2011-04-21 19:32:00-04:00,24.89631963339539
2011-04-21 19:32:03-04:00,24.90748961764285
2011-04-21 19:32:06-04:00,24.918659601890305
2011-04-21 19:32:09-04:00,24.929829586137764
2011-04-21 19:32:12-04:00,24.940999570385223
2011-04-21 19:32:15-04:00,24.95216955463268
2011-04-21 19:32:18-04:00,24.96333953888014
2011-04-21 19:32:21-04:00,24.974509523127598
2011-04-21 19:32:24-04:00,24.985679507375053
2011-04-21 19:32:27-04:00,24.996849491622513
2011-04-21 19:32:30-04:00,25.008019475869972
2011-04-21 19:32:33-04:00,25.019189460117428
2011-04-21 19:32:36-04:00,25.030359444364887
2011-04-21 19:32:39-04:00,25.041529428612346
2011-04-21 19:32:42-04:00,25.052699412859802
2011-04-21 19:32:45-04:00,25.06386939710726
2011-04-21 19:32:48-04:00,25.07503938135472
2011-04-21 19:32:51-04:00,25.086209365602176
2011-04-21 19:32:54-04:00,25.097379349849636
2011-04-21 19:32:57-04:00,25.108549334097095
2011-04-21 19:33:00-04:00,25.11971931834455
2011-04-21 19:33:03-04:00,25.13088930259201
2011-04-21 19:33:06-04:00,25.14205928683947
2011-04-21 19:33:09-04:00,25.153229271086925
2011-04-21 19:33:12-04:00,25.164399255334384
2011-04-21 19:33:15-04:00,25.175569239581844
2011-04-21 19:33:18-04:00,25.1867392238293
2011-04-21 19:33:21-04:00,25.19790920807676
2011-04-21 19:33:24-04:00,25.209079192324218
2011-04-21 19:33:27-04:00,25.220249176571674
2011-04-21 19:33:30-04:00,25.231419160819133
2011-04-21 19:33:33-04:00,25.242589145066592
2011-04-21 19:33:36-04:00,25.253759129314048
2011-04-21 19:33:39-04:00,25.264929113561507
2011-04-21 19:33:42-04:00,25.276099097808967
2011-04-21 19:33:45-04:00,25.287269082056422
2011-04-21 19:33:48-04:00,25.29843906630388
2011-04-21 19:33:51-04:00,25.30960905055134
2011-04-21 19:33:54-04:00,25.320779034798797
2011-04-21 19:33:57-04:00,25.331949019046256
2011-04-21 19:34:00-04:00,25.343119003293715
2011-04-21 19:34:03-04:00,25.35428898754117
2011-04-21 19:34:06-04:00,25.36545897178863
2011-04-21 19:34:09-04:00,25.37662895603609
2011-04-21 19:34:12-04:00,25.387798940283545
2011-04-21 19:34:15-04:00,25.398968924531005
2011-04-21 19:34:18-04:00,25.410138908778464
2011-04-21 19:34:21-04:00,25.42130889302592
2011-04-21 19:34:24-04:00,25.43247887727338
2011-04-21 19:34:27-04:00,25.44364886152084
2011-04-21 19:34:30-04:00,25.454818845768294
2011-04-21 19:34:33-04:00,25.465988830015753
2011-04-21 19:34:36-04:00,25.477158814263213
2011-04-21 19:34:39-04:00,25.48832879851067
2011-04-21 19:34:42-04:00,25.499498782758128
2011-04-21 19:34:45-04:00,25.510668767005587
2011-04-21 19:34:48-04:00,25.521838751253043
2011-04-21 19:34:51-04:00,25.533008735500502
2011-04-21 19:34:54-04:00,25.54417871974796
2011-04-21 19:34:57-04:00,25.555348703995417
2011-04-21 19:35:00-04:00,25.566518688242876
2011-04-21 19:35:03-04:00,25.577688672490336
2011-04-21 19:35:06-04:00,25.58885865673779
2011-04-21 19:35:09-04:00,25.60002864098525
2011-04-21 19:35:12-04:00,25.61119862523271
2011-04-21 19:35:15-04:00,25.622368609480166
2011-04-21 19:35:18-04:00,25.633538593727625
2011-04-21 19:35:21-04:00,25.644708577975084
2011-04-21 19:35:24-04:00,25.65587856222254
2011-04-21 19:35:27-04:00,25.66704854647
2011-04-21 19:35:30-04:00,25.67821853071746
2011-04-21 19:35:33-04:00,25.689388514964914
2011-04-21 19:35:36-04:00,25.700558499212374
2011-04-21 19:35:39-04:00,25.711728483459833
2011-04-21 19:35:42-04:00,25.72289846770729
2011-04-21 19:35:45-04:00,25.734068451954748
2011-04-21 19:35:48-04:00,25.745238436202207
2011-04-21 19:35:51-04:00,25.756408420449663
2011-04-21 19:35:54-04:00,25.767578404697122
2011-04-21 19:35:57-04:00,25.77874838894458
2011-04-21 19:36:00-04:00,25.789918373192037
2011-04-21 19:36:03-04:00,25.801088357439497
2011-04-21 19:36:06-04:00,25.812258341686956
2011-04-21 19:36:09-04:00,25.82342832593441
2011-04-21 19:36:12-04:00,25.83459831018187
2011-04-21 19:36:15-04:00,25.84576829442933
2011-04-21 19:36:18-04:00,25.856938278676786
2011-04-21 19:36:21-04:00,25.868108262924245
2011-04-21 19:36:24-04:00,25.879278247171705
2011-04-21 19:36:27-04:00,25.89044823141916
2011-04-21 19:36:30-04:00,25.90161821566662
2011-04-21 19:36:33-04:00,25.91278819991408
2011-04-21 19:36:36-04:00,25.923958184161535
2011-04-21 19:36:39-04:00,25.935128168408994
2011-04-21 19:36:42-04:00,25.946298152656453
2011-04-21 19:36:45-04:00,25.95746813690391
2011-04-21 19:36:48-04:00,25.96863812115137
2011-04-21 19:36:51-04:00,25.979808105398828
2011-04-21 19:36:54-04:00,25.990978089646283
2011-04-21 19:36:57-04:00,26.002148073893743
2011-04-21 19:37:00-04:00,26.013318058141202
2011-04-21 19:37:03-04:00,26.024488042388658
2011-04-21 19:37:06-04:00,26.035658026636117
2011-04-21 19:37:09-04:00,26.046828010883576
2011-04-21 19:37:12-04:00,26.057997995131032
2011-04-21 19:37:15-04:00,26.06916797937849
2011-04-21 19:37:18-04:00,26.08033796362595
2011-04-21 19:37:21-04:00,26.091507947873406
2011-04-21 19:37:24-04:00,26.102677932120866
2011-04-21 19:37:27-04:00,26.113847916368325
2011-04-21 19:37:30-04:00,26.12501790061578
2011-04-21 19:37:33-04:00,26.13618788486324
2011-04-21 19:37:36-04:00,26.1473578691107
2011-04-21 19:37:39-04:00,26.158527853358155
2011-04-21 19:37:42-04:00,26.169697837605614
2011-04-21 19:37:45-04:00,26.180867821853074
2011-04-21 19:37:48-04:00,26.19203780610053
2011-04-21 19:37:51-04:00,26.20320779034799
2011-04-21 19:37:54-04:00,26.214377774595448
2011-04-21 19:37:57-04:00,26.225547758842904
2011-04-21 19:38:00-04:00,26.236717743090363
2011-04-21 19:38:03-04:00,26.247887727337822
2011-04-21 19:38:06-04:00,26.259057711585278
2011-04-21 19:38:09-04:00,26.270227695832737
2011-04-21 19:38:12-04:00,26.281397680080197
2011-04-21 19:38:15-04:00,26.292567664327652
2011-04-21 19:38:18-04:00,26.30373764857511
2011-04-21 19:38:21-04:00,26.31490763282257
2011-04-21 19:38:24-04:00,26.326077617070027
2011-04-21 19:38:27-04:00,26.337247601317486
2011-04-21 19:38:30-04:00,26.348417585564945
2011-04-21 19:38:33-04:00,26.3595875698124
2011-04-21 19:38:36-04:00,26.37075755405986
2011-04-21 19:38:39-04:00,26.38192753830732
2011-04-21 19:38:42-04:00,26.393097522554775
2011-04-21 19:38:45-04:00,26.404267506802235
2011-04-21 19:38:48-04:00,26.415437491049694
2011-04-21 19:38:51-04:00,26.42660747529715
2011-04-21 19:38:54-04:00,26.43777745954461
2011-04-21 19:38:57-04:00,26.44894744379207
2011-04-21 19:39:00-04:00,26.460117428039524
2011-04-21 19:39:03-04:00,26.471287412286983
2011-04-21 19:39:06-04:00,26.482457396534443
2011-04-21 19:39:09-04:00,26.4936273807819
2011-04-21 19:39:12-04:00,26.504797365029358
2011-04-21 19:39:15-04:00,26.515967349276817
2011-04-21 19:39:18-04:00,26.527137333524273
2011-04-21 19:39:21-04:00,26.538307317771732
2011-04-21 19:39:24-04:00,26.54947730201919
2011-04-21 19:39:27-04:00,26.560647286266647
2011-04-21 19:39:30-04:00,26.571817270514106
2011-04-21 19:39:33-04:00,26.582987254761566
2011-04-21 19:39:36-04:00,26.59415723900902
2011-04-21 19:39:39-04:00,26.60532722325648
2011-04-21 19:39:42-04:00,26.61649720750394
2011-04-21 19:39:45-04:00,26.627667191751396
2011-04-21 19:39:48-04:00,26.638837175998855
2011-04-21 19:39:51-04:00,26.650007160246314
2011-04-21 19:39:54-04:00,26.66117714449377
2011-04-21 19:39:57-04:00,26.67234712874123
2011-04-21 19:40:00-04:00,26.68351711298869
2011-04-21 19:40:03-04:00,26.694687097236145
2011-04-21 19:40:06-04:00,26.705857081483604
2011-04-21 19:40:09-04:00,26.717027065731063
2011-04-21 19:40:12-04:00,26.72819704997852
2011-04-21 19:40:15-04:00,26.739367034225978
2011-04-21 19:40:18-04:00,26.750537018473437
2011-04-21 19:40:21-04:00,26.761707002720893
2011-04-21 19:40:24-04:00,26.772876986968352
2011-04-21 19:40:27-04:00,26.784046971215812
2011-04-21 19:40:30-04:00,26.795216955463268
2011-04-21 19:40:33-04:00,26.806386939710727
2011-04-21 19:40:36-04:00,26.817556923958186
2011-04-21 19:40:39-04:00,26.828726908205642
2011-04-21 19:40:42-04:00,26.8398968924531
2011-04-21 19:40:45-04:00,26.85106687670056
2011-04-21 19:40:48-04:00,26.862236860948016
2011-04-21 19:40:51-04:00,26.873406845195476
2011-04-21 19:40:54-04:00,26.884576829442935
2011-04-21 19:40:57-04:00,26.89574681369039
2011-04-21 19:41:00-04:00,26.90691679793785
2011-04-21 19:41:03-04:00,26.91808678218531
2011-04-21 19:41:06-04:00,26.929256766432765
2011-04-21 19:41:09-04:00,26.940426750680224
2011-04-21 19:41:12-04:00,26.951596734927683
2011-04-21 19:41:15-04:00,26.96276671917514
2011-04-21 19:41:18-04:00,26.9739367034226
2011-04-21 19:41:21-04:00,26.985106687670058
2011-04-21 19:41:24-04:00,26.996276671917514
2011-04-21 19:41:27-04:00,27.0
2011-04-21 19:41:30-04:00,27.0
2011-04-21 19:41:33-04:00,27.0
2011-04-21 19:41:36-04:00,27.0
2011-04-21 19:41:39-04:00,27.0
2011-04-21 19:41:42-04:00,27.0
2011-04-21 19:41:45-04:00,27.0
2011-04-21 19:41:48-04:00,27.0
2011-04-21 19:41:51-04:00,27.0
2011-04-21 19:41:54-04:00,27.0
2011-04-21 19:41:57-04:00,27.0
2011-04-21 19:42:00-04:00,27.0
2011-04-21 19:42:03-04:00,27.0
2011-04-21 19:42:06-04:00,27.0
2011-04-21 19:42:09-04:00,26.75
2011-04-21 19:42:12-04:00,26.0
2011-04-21 19:42:15-04:00,26.0
2011-04-21 19:42:18-04:00,27.0
2011-04-21 19:42:21-04:00,26.25
2011-04-21 19:42:24-04:00,26.0
2011-04-21 19:42:27-04:00,26.0
2011-04-21 19:42:30-04:00,26.0
2011-04-21 19:42:33-04:00,26.0
2011-04-21 19:42:36-04:00,26.0
2011-04-21 19:42:39-04:00,26.0
2011-04-21 19:42:42-04:00,26.0
2011-04-21 19:42:45-04:00,26.0
2011-04-21 19:42:48-04:00,26.0
2011-04-21 19:42:51-04:00,26.0
2011-04-21 19:42:54-04:00,26.0
2011-04-21 19:42:57-04:00,26.0
2011-04-21 19:43:00-04:00,26.0
2011-04-21 19:43:03-04:00,26.0
2011-04-21 19:43:06-04:00,26.0
2011-04-21 19:43:09-04:00,26.0
2011-04-21 19:43:12-04:00,26.0
2011-04-21 19:43:15-04:00,26.0
2011-04-21 19:43:18-04:00,26.0
2011-04-21 19:43:21-04:00,26.0
2011-04-21 19:43:24-04:00,25.333333333333332
2011-04-21 19:43:27-04:00,25.0
2011-04-21 19:43:30-04:00,25.0
2011-04-21 19:43:33-04:00,25.0
2011-04-21 19:43:36-04:00,25.0
2011-04-21 19:43:39-04:00,25.0
2011-04-21 19:43:42-04:00,25.0
2011-04-21 19:43:45-04:00,25.0
2011-04-21 19:43:48-04:00,25.0
2011-04-21 19:43:51-04:00,25.0
2011-04-21 19:43:54-04:00,25.0
2011-04-21 19:43:57-04:00,25.0
2011-04-21 19:44:00-04:00,25.0
2011-04-21 19:44:03-04:00,25.0
2011-04-21 19:44:06-04:00,25.0
2011-04-21 19:44:09-04:00,25.0
2011-04-21 19:44:12-04:00,25.0
2011-04-21 19:44:15-04:00,25.0
2011-04-21 19:44:18-04:00,25.0
2011-04-21 19:44:21-04:00,25.0
2011-04-21 19:44:24-04:00,25.0
2011-04-21 19:44:27-04:00,25.0
2011-04-21 19:44:30-04:00,25.0
2011-04-21 19:44:33-04:00,25.0
2011-04-21 19:44:36-04:00,25.0
2011-04-21 19:44:39-04:00,25.0
2011-04-21 19:44:42-04:00,25.0
2011-04-21 19:44:45-04:00,25.0
2011-04-21 19:44:48-04:00,25.0
2011-04-21 19:44:51-04:00,25.0
2011-04-21 19:44:54-04:00,25.0
2011-04-21 19:44:57-04:00,25.0
2011-04-21 19:45:00-04:00,25.0
2011-04-21 19:45:03-04:00,25.0
2011-04-21 19:45:06-04:00,25.0
2011-04-21 19:45:09-04:00,25.0
2011-04-21 19:45:12-04:00,25.0
2011-04-21 19:45:15-04:00,25.0
2011-04-21 19:45:18-04:00,25.0
2011-04-21 19:45:21-04:00,25.0
2011-04-21 19:45:24-04:00,25.0
2011-04-21 19:45:27-04:00,25.0
2011-04-21 19:45:30-04:00,25.0
2011-04-21 19:45:33-04:00,25.0
2011-04-21 19:45:36-04:00,24.666666666666668
2011-04-21 19:45:39-04:00,24.0
2011-04-21 19:45:42-04:00,24.0
2011-04-21 19:45:45-04:00,24.0
2011-04-21 19:45:48-04:00,24.0
2011-04-21 19:45:51-04:00,24.0
2011-04-21 19:45:54-04:00,24.0
2011-04-21 19:45:57-04:00,24.0
2011-04-21 19:46:00-04:00,24.0
2011-04-21 19:46:03-04:00,24.0
2011-04-21 19:46:06-04:00,24.0
2011-04-21 19:46:09-04:00,24.0
2011-04-21 19:46:12-04:00,24.0
2011-04-21 19:46:15-04:00,24.0
2011-04-21 19:46:18-04:00,24.0
2011-04-21 19:46:21-04:00,24.0
2011-04-21 19:46:24-04:00,24.0
2011-04-21 19:46:27-04:00,24.0
2011-04-21 19:46:30-04:00,24.0
2011-04-21 19:46:33-04:00,24.0
2011-04-21 19:46:36-04:00,24.0
2011-04-21 19:46:39-04:00,24.0
2011-04-21 19:46:42-04:00,24.0
2011-04-21 19:46:45-04:00,24.0
2011-04-21 19:46:48-04:00,24.0
2011-04-21 19:46:51-04:00,24.0
2011-04-21 19:46:54-04:00,24.0
2011-04-21 19:46:57-04:00,24.0
2011-04-21 19:47:00-04:00,24.0
2011-04-21 19:47:03-04:00,24.0
2011-04-21 19:47:06-04:00,24.0
2011-04-21 19:47:09-04:00,24.0
2011-04-21 19:47:12-04:00,24.0
2011-04-21 19:47:15-04:00,24.0
2011-04-21 19:47:18-04:00,24.0
2011-04-21 19:47:21-04:00,24.0
2011-04-21 19:47:24-04:00,24.0
2011-04-21 19:47:27-04:00,24.0
2011-04-21 19:47:30-04:00,24.0
2011-04-21 19:47:33-04:00,24.0
2011-04-21 19:47:36-04:00,24.0
2011-04-21 19:47:39-04:00,24.0
2011-04-21 19:47:42-04:00,24.0
2011-04-21 19:47:45-04:00,24.0
2011-04-21 19:47:48-04:00,24.0
2011-04-21 19:47:51-04:00,24.0
2011-04-21 19:47:54-04:00,24.0
2011-04-21 19:47:57-04:00,24.0
2011-04-21 19:48:00-04:00,24.0
2011-04-21 19:48:03-04:00,24.0
2011-04-21 19:48:06-04:00,24.0
2011-04-21 19:48:09-04:00,24.0
2011-04-21 19:48:12-04:00,24.0
2011-04-21 19:48:15-04:00,24.0
2011-04-21 19:48:18-04:00,24.0
2011-04-21 19:48:21-04:00,24.0
2011-04-21 19:48:24-04:00,24.0
2011-04-21 19:48:27-04:00,24.0
2011-04-21 19:48:30-04:00,24.0
2011-04-21 19:48:33-04:00,24.0
2011-04-21 19:48:36-04:00,24.0
2011-04-21 19:48:39-04:00,24.0
2011-04-21 19:48:42-04:00,24.0
2011-04-21 19:48:45-04:00,24.0
2011-04-21 19:48:48-04:00,24.0
2011-04-21 19:48:51-04:00,24.0
2011-04-21 19:48:54-04:00,24.0
2011-04-21 19:48:57-04:00,24.0
2011-04-21 19:49:00-04:00,24.0
2011-04-21 19:49:03-04:00,24.0
2011-04-21 19:49:06-04:00,24.0
2011-04-21 19:49:09-04:00,24.0
2011-04-21 19:49:12-04:00,24.0
2011-04-21 19:49:15-04:00,24.0
2011-04-21 19:49:18-04:00,24.0
2011-04-21 19:49:21-04:00,24.0
2011-04-21 19:49:24-04:00,24.0
2011-04-21 19:49:27-04:00,24.0
2011-04-21 19:49:30-04:00,24.0
2011-04-21 19:49:33-04:00,24.0
2011-04-21 19:49:36-04:00,24.0
2011-04-21 19:49:39-04:00,24.0
2011-04-21 19:49:42-04:00,24.0
2011-04-21 19:49:45-04:00,24.0
2011-04-21 19:49:48-04:00,24.0
2011-04-21 19:49:51-04:00,24.0
2011-04-21 19:49:54-04:00,24.0
2011-04-21 19:49:57-04:00,24.0
2011-04-21 19:50:00-04:00,24.0
2011-04-21 19:50:03-04:00,24.0
2011-04-21 19:50:06-04:00,24.0
2011-04-21 19:50:09-04:00,24.0
2011-04-21 19:50:12-04:00,24.0
2011-04-21 19:50:15-04:00,24.0
2011-04-21 19:50:18-04:00,24.0
2011-04-21 19:50:21-04:00,24.0
2011-04-21 19:50:24-04:00,24.0
2011-04-21 19:50:27-04:00,24.0
2011-04-21 19:50:30-04:00,24.0
2011-04-21 19:50:33-04:00,24.0
2011-04-21 19:50:36-04:00,24.0
2011-04-21 19:50:39-04:00,24.0
2011-04-21 19:50:42-04:00,24.0
2011-04-21 19:50:45-04:00,24.0
2011-04-21 19:50:48-04:00,23.5
2011-04-21 19:50:51-04:00,23.333333333333332
2011-04-21 19:50:54-04:00,23.75
2011-04-21 19:50:57-04:00,23.0
2011-04-21 19:51:00-04:00,24.0
2011-04-21 19:51:03-04:00,24.0
2011-04-21 19:51:06-04:00,24.0
2011-04-21 19:51:09-04:00,24.0
2011-04-21 19:51:12-04:00,24.0
2011-04-21 19:51:15-04:00,23.666666666666668
2011-04-21 19:51:18-04:00,23.0
2011-04-21 19:51:21-04:00,23.0
2011-04-21 19:51:24-04:00,24.0
2011-04-21 19:51:27-04:00,24.0
2011-04-21 19:51:30-04:00,24.0
2011-04-21 19:51:33-04:00,24.0
2011-04-21 19:51:36-04:00,24.0
2011-04-21 19:51:39-04:00,24.0
2011-04-21 19:51:42-04:00,23.333333333333332
2011-04-21 19:51:45-04:00,23.0
2011-04-21 19:51:48-04:00,23.0
2011-04-21 19:51:51-04:00,23.0
2011-04-21 19:51:54-04:00,23.0
2011-04-21 19:51:57-04:00,23.0
2011-04-21 19:52:00-04:00,23.0
2011-04-21 19:52:03-04:00,23.0
2011-04-21 19:52:06-04:00,23.0
2011-04-21 19:52:09-04:00,23.0
2011-04-21 19:52:12-04:00,23.333333333333332
2011-04-21 19:52:15-04:00,24.0
2011-04-21 19:52:18-04:00,24.0
2011-04-21 19:52:21-04:00,24.0
2011-04-21 19:52:24-04:00,24.0
2011-04-21 19:52:27-04:00,24.0
2011-04-21 19:52:30-04:00,23.75
2011-04-21 19:52:33-04:00,23.375
2011-04-21 19:52:36-04:00,23.0
2011-04-21 19:52:39-04:00,23.75
2011-04-21 19:52:42-04:00,23.333333333333332
2011-04-21 19:52:45-04:00,23.5
2011-04-21 19:52:48-04:00,23.666666666666668
2011-04-21 19:52:51-04:00,23.333333333333332
2011-04-21 19:52:54-04:00,23.75
2011-04-21 19:52:57-04:00,23.0
2011-04-21 19:53:00-04:00,23.75
2011-04-21 19:53:03-04:00,24.0
2011-04-21 19:53:06-04:00,24.0
2011-04-21 19:53:09-04:00,23.75
2011-04-21 19:53:12-04:00,23.0
2011-04-21 19:53:15-04:00,23.0
2011-04-21 19:53:18-04:00,23.0
2011-04-21 19:53:21-04:00,23.0
2011-04-21 19:53:24-04:00,23.0
2011-04-21 19:53:27-04:00,23.0
2011-04-21 19:53:30-04:00,23.0
2011-04-21 19:53:33-04:00,23.0
2011-04-21 19:53:36-04:00,23.0
2011-04-21 19:53:39-04:00,23.0
2011-04-21 19:53:42-04:00,23.0
2011-04-21 19:53:45-04:00,23.0
2011-04-21 19:53:48-04:00,23.0
2011-04-21 19:53:51-04:00,23.0
2011-04-21 19:53:54-04:00,23.0
2011-04-21 19:53:57-04:00,23.0
2011-04-21 19:54:00-04:00,23.0
2011-04-21 19:54:03-04:00,23.0
2011-04-21 19:54:06-04:00,23.0
2011-04-21 19:54:09-04:00,23.0
2011-04-21 19:54:12-04:00,23.0
2011-04-21 19:54:15-04:00,23.0
2011-04-21 19:54:18-04:00,23.0
2011-04-21 19:54:21-04:00,23.0
2011-04-21 19:54:24-04:00,23.0
2011-04-21 19:54:27-04:00,23.0
2011-04-21 19:54:30-04:00,23.0
2011-04-21 19:54:33-04:00,23.0
2011-04-21 19:54:36-04:00,23.0
2011-04-21 19:54:39-04:00,23.0
2011-04-21 19:54:42-04:00,23.0
2011-04-21 19:54:45-04:00,23.0
2011-04-21 19:54:48-04:00,23.0
2011-04-21 19:54:51-04:00,23.0
2011-04-21 19:54:54-04:00,23.0
2011-04-21 19:54:57-04:00,23.0
2011-04-21 19:55:00-04:00,23.0
2011-04-21 19:55:03-04:00,23.0
2011-04-21 19:55:06-04:00,23.0
2011-04-21 19:55:09-04:00,23.0
2011-04-21 19:55:12-04:00,23.0
2011-04-21 19:55:15-04:00,23.0
2011-04-21 19:55:18-04:00,23.0
2011-04-21 19:55:21-04:00,23.0
2011-04-21 19:55:24-04:00,23.0
2011-04-21 19:55:27-04:00,23.0
2011-04-21 19:55:30-04:00,23.0
2011-04-21 19:55:33-04:00,23.0
2011-04-21 19:55:36-04:00,23.0
2011-04-21 19:55:39-04:00,23.0
2011-04-21 19:55:42-04:00,23.0
2011-04-21 19:55:45-04:00,23.0
2011-04-21 19:55:48-04:00,23.0
2011-04-21 19:55:51-04:00,23.0
2011-04-21 19:55:54-04:00,23.0
2011-04-21 19:55:57-04:00,23.0
2011-04-21 19:56:00-04:00,23.0
2011-04-21 19:56:03-04:00,23.0
2011-04-21 19:56:06-04:00,23.0
2011-04-21 19:56:09-04:00,23.0
2011-04-21 19:56:12-04:00,23.0
2011-04-21 19:56:15-04:00,23.0
2011-04-21 19:56:18-04:00,23.0
2011-04-21 19:56:21-04:00,23.0
2011-04-21 19:56:24-04:00,23.0
2011-04-21 19:56:27-04:00,23.0
2011-04-21 19:56:30-04:00,23.0
2011-04-21 19:56:33-04:00,23.0
2011-04-21 19:56:36-04:00,23.0
2011-04-21 19:56:39-04:00,23.0
2011-04-21 19:56:42-04:00,23.0
2011-04-21 19:56:45-04:00,23.0
2011-04-21 19:56:48-04:00,23.0
2011-04-21 19:56:51-04:00,23.0
2011-04-21 19:56:54-04:00,23.0
2011-04-21 19:56:57-04:00,23.0
2011-04-21 19:57:00-04:00,23.0
2011-04-21 19:57:03-04:00,23.0
2011-04-21 19:57:06-04:00,23.0
2011-04-21 19:57:09-04:00,23.0
2011-04-21 19:57:12-04:00,23.0
2011-04-21 19:57:15-04:00,23.0
2011-04-21 19:57:18-04:00,23.0
2011-04-21 19:57:21-04:00,23.0
2011-04-21 19:57:24-04:00,23.0
2011-04-21 19:57:27-04:00,23.0
2011-04-21 19:57:30-04:00,23.0
2011-04-21 19:57:33-04:00,23.0
2011-04-21 19:57:36-04:00,23.0
2011-04-21 19:57:39-04:00,23.0
2011-04-21 19:57:42-04:00,23.0
2011-04-21 19:57:45-04:00,23.0
2011-04-21 19:57:48-04:00,23.0
2011-04-21 19:57:51-04:00,23.0
2011-04-21 19:57:54-04:00,23.0
2011-04-21 19:57:57-04:00,23.0
2011-04-21 19:58:00-04:00,23.0
2011-04-21 19:58:03-04:00,23.0
2011-04-21 19:58:06-04:00,23.0
2011-04-21 19:58:09-04:00,23.0
2011-04-21 19:58:12-04:00,23.0
2011-04-21 19:58:15-04:00,23.0
2011-04-21 19:58:18-04:00,23.0
2011-04-21 19:58:21-04:00,23.0
2011-04-21 19:58:24-04:00,23.0
2011-04-21 19:58:27-04:00,23.0
2011-04-21 19:58:30-04:00,23.0
2011-04-21 19:58:33-04:00,23.0
2011-04-21 19:58:36-04:00,23.0
2011-04-21 19:58:39-04:00,23.0
2011-04-21 19:58:42-04:00,23.0
2011-04-21 19:58:45-04:00,23.0
2011-04-21 19:58:48-04:00,23.0
2011-04-21 19:58:51-04:00,23.0
2011-04-21 19:58:54-04:00,23.0
2011-04-21 19:58:57-04:00,23.0
2011-04-21 19:59:00-04:00,23.0
2011-04-21 19:59:03-04:00,23.0
2011-04-21 19:59:06-04:00,23.0
2011-04-21 19:59:09-04:00,23.0
2011-04-21 19:59:12-04:00,23.0
2011-04-21 19:59:15-04:00,23.0
2011-04-21 19:59:18-04:00,23.0
2011-04-21 19:59:21-04:00,23.0
2011-04-21 19:59:24-04:00,23.0
2011-04-21 19:59:27-04:00,23.0
2011-04-21 19:59:30-04:00,23.0
2011-04-21 19:59:33-04:00,23.0
2011-04-21 19:59:36-04:00,23.0
2011-04-21 19:59:39-04:00,23.0
2011-04-21 19:59:42-04:00,23.0
2011-04-21 19:59:45-04:00,23.0
2011-04-21 19:59:48-04:00,23.0
2011-04-21 19:59:51-04:00,23.0
2011-04-21 19:59:54-04:00,23.0
2011-04-21 19:59:57-04:00,23.0
2011-04-21 20:00:00-04:00,23.0
2011-04-21 20:00:03-04:00,23.0
2011-04-21 20:00:06-04:00,23.0
2011-04-21 20:00:09-04:00,23.0
2011-04-21 20:00:12-04:00,23.0
2011-04-21 20:00:15-04:00,23.0
2011-04-21 20:00:18-04:00,23.0
2011-04-21 20:00:21-04:00,23.0
2011-04-21 20:00:24-04:00,23.0
2011-04-21 20:00:27-04:00,23.0
2011-04-21 20:00:30-04:00,23.0
2011-04-21 20:00:33-04:00,23.0
2011-04-21 20:00:36-04:00,23.0
2011-04-21 20:00:39-04:00,23.0
2011-04-21 20:00:42-04:00,23.0
2011-04-21 20:00:45-04:00,23.0
2011-04-21 20:00:48-04:00,23.0
2011-04-21 20:00:51-04:00,23.0
2011-04-21 20:00:54-04:00,23.0
2011-04-21 20:00:57-04:00,23.0
2011-04-21 20:01:00-04:00,23.0
2011-04-21 20:01:03-04:00,23.0
2011-04-21 20:01:06-04:00,23.0
2011-04-21 20:01:09-04:00,23.0
2011-04-21 20:01:12-04:00,23.0
2011-04-21 20:01:15-04:00,23.0
2011-04-21 20:01:18-04:00,23.0
2011-04-21 20:01:21-04:00,23.0
2011-04-21 20:01:24-04:00,23.0
2011-04-21 20:01:27-04:00,23.0
2011-04-21 20:01:30-04:00,23.0
2011-04-21 20:01:33-04:00,23.0
2011-04-21 20:01:36-04:00,23.0
2011-04-21 20:01:39-04:00,23.0
2011-04-21 20:01:42-04:00,23.0
2011-04-21 20:01:45-04:00,23.0
2011-04-21 20:01:48-04:00,23.0
2011-04-21 20:01:51-04:00,23.0
2011-04-21 20:01:54-04:00,23.0
2011-04-21 20:01:57-04:00,23.0
2011-04-21 20:02:00-04:00,23.0
2011-04-21 20:02:03-04:00,23.0
2011-04-21 20:02:06-04:00,23.0
2011-04-21 20:02:09-04:00,23.0
2011-04-21 20:02:12-04:00,23.0
2011-04-21 20:02:15-04:00,23.0
2011-04-21 20:02:18-04:00,23.0
2011-04-21 20:02:21-04:00,23.0
2011-04-21 20:02:24-04:00,23.0
2011-04-21 20:02:27-04:00,23.0
2011-04-21 20:02:30-04:00,23.0
2011-04-21 20:02:33-04:00,23.0
2011-04-21 20:02:36-04:00,23.0
2011-04-21 20:02:39-04:00,23.0
2011-04-21 20:02:42-04:00,23.0
2011-04-21 20:02:45-04:00,23.0
2011-04-21 20:02:48-04:00,23.0
2011-04-21 20:02:51-04:00,23.0
2011-04-21 20:02:54-04:00,23.0
2011-04-21 20:02:57-04:00,23.0
2011-04-21 20:03:00-04:00,23.0
2011-04-21 20:03:03-04:00,23.0
2011-04-21 20:03:06-04:00,23.0
2011-04-21 20:03:09-04:00,23.0
2011-04-21 20:03:12-04:00,23.0
2011-04-21 20:03:15-04:00,23.0
2011-04-21 20:03:18-04:00,23.0
2011-04-21 20:03:21-04:00,23.0
2011-04-21 20:03:24-04:00,23.0
2011-04-21 20:03:27-04:00,23.0
2011-04-21 20:03:30-04:00,23.0
2011-04-21 20:03:33-04:00,23.0
2011-04-21 20:03:36-04:00,23.0
2011-04-21 20:03:39-04:00,23.0
2011-04-21 20:03:42-04:00,23.0
2011-04-21 20:03:45-04:00,23.0
2011-04-21 20:03:48-04:00,23.0
2011-04-21 20:03:51-04:00,23.0
2011-04-21 20:03:54-04:00,23.0
2011-04-21 20:03:57-04:00,23.0
2011-04-21 20:04:00-04:00,23.0
2011-04-21 20:04:03-04:00,23.0
2011-04-21 20:04:06-04:00,23.0
2011-04-21 20:04:09-04:00,23.0
2011-04-21 20:04:12-04:00,23.0
2011-04-21 20:04:15-04:00,23.0
2011-04-21 20:04:18-04:00,23.0
2011-04-21 20:04:21-04:00,23.0
2011-04-21 20:04:24-04:00,23.0
2011-04-21 20:04:27-04:00,23.0
2011-04-21 20:04:30-04:00,23.0
2011-04-21 20:04:33-04:00,23.0
2011-04-21 20:04:36-04:00,23.0
2011-04-21 20:04:39-04:00,23.0
2011-04-21 20:04:42-04:00,23.0
2011-04-21 20:04:45-04:00,23.0
2011-04-21 20:04:48-04:00,23.0
2011-04-21 20:04:51-04:00,23.0
2011-04-21 20:04:54-04:00,23.0
2011-04-21 20:04:57-04:00,23.0
2011-04-21 20:05:00-04:00,23.0
2011-04-21 20:05:03-04:00,23.0
2011-04-21 20:05:06-04:00,23.0
2011-04-21 20:05:09-04:00,23.0
2011-04-21 20:05:12-04:00,23.0
2011-04-21 20:05:15-04:00,23.0
2011-04-21 20:05:18-04:00,23.0
2011-04-21 20:05:21-04:00,23.0
2011-04-21 20:05:24-04:00,23.0
2011-04-21 20:05:27-04:00,23.0
2011-04-21 20:05:30-04:00,23.0
2011-04-21 20:05:33-04:00,23.0
2011-04-21 20:05:36-04:00,23.0
2011-04-21 20:05:39-04:00,23.0
2011-04-21 20:05:42-04:00,23.0
2011-04-21 20:05:45-04:00,23.0
2011-04-21 20:05:48-04:00,23.0
2011-04-21 20:05:51-04:00,23.0
2011-04-21 20:05:54-04:00,23.0
2011-04-21 20:05:57-04:00,23.0
2011-04-21 20:06:00-04:00,23.0
2011-04-21 20:06:03-04:00,23.0
2011-04-21 20:06:06-04:00,23.0
2011-04-21 20:06:09-04:00,23.0
2011-04-21 20:06:12-04:00,23.0
2011-04-21 20:06:15-04:00,23.0
2011-04-21 20:06:18-04:00,23.0
2011-04-21 20:06:21-04:00,23.0
2011-04-21 20:06:24-04:00,23.0
2011-04-21 20:06:27-04:00,23.0
2011-04-21 20:06:30-04:00,23.0
2011-04-21 20:06:33-04:00,23.0
2011-04-21 20:06:36-04:00,23.0
2011-04-21 20:06:39-04:00,23.0
2011-04-21 20:06:42-04:00,23.0
2011-04-21 20:06:45-04:00,23.0
2011-04-21 20:06:48-04:00,23.0
2011-04-21 20:06:51-04:00,23.0
2011-04-21 20:06:54-04:00,23.0
2011-04-21 20:06:57-04:00,23.0
2011-04-21 20:07:00-04:00,23.0
2011-04-21 20:07:03-04:00,23.0
2011-04-21 20:07:06-04:00,23.0
2011-04-21 20:07:09-04:00,23.0
2011-04-21 20:07:12-04:00,23.0
2011-04-21 20:07:15-04:00,23.0
2011-04-21 20:07:18-04:00,23.0
2011-04-21 20:07:21-04:00,23.0
2011-04-21 20:07:24-04:00,23.0
2011-04-21 20:07:27-04:00,23.0
2011-04-21 20:07:30-04:00,23.0
2011-04-21 20:07:33-04:00,23.0
2011-04-21 20:07:36-04:00,23.0
2011-04-21 20:07:39-04:00,23.0
2011-04-21 20:07:42-04:00,23.0
2011-04-21 20:07:45-04:00,23.0
2011-04-21 20:07:48-04:00,23.0
2011-04-21 20:07:51-04:00,23.0
2011-04-21 20:07:54-04:00,23.0
2011-04-21 20:07:57-04:00,23.0
2011-04-21 20:08:00-04:00,23.0
2011-04-21 20:08:03-04:00,23.0
2011-04-21 20:08:06-04:00,23.0
2011-04-21 20:08:09-04:00,23.0
2011-04-21 20:08:12-04:00,23.0
2011-04-21 20:08:15-04:00,23.0
2011-04-21 20:08:18-04:00,23.0
2011-04-21 20:08:21-04:00,23.0
2011-04-21 20:08:24-04:00,23.0
2011-04-21 20:08:27-04:00,23.0
2011-04-21 20:08:30-04:00,23.0
2011-04-21 20:08:33-04:00,23.0
2011-04-21 20:08:36-04:00,23.0
2011-04-21 20:08:39-04:00,23.0
2011-04-21 20:08:42-04:00,23.0
2011-04-21 20:08:45-04:00,23.0
2011-04-21 20:08:48-04:00,23.0
2011-04-21 20:08:51-04:00,23.0
2011-04-21 20:08:54-04:00,23.0
2011-04-21 20:08:57-04:00,23.0
2011-04-21 20:09:00-04:00,23.0
2011-04-21 20:09:03-04:00,23.0
2011-04-21 20:09:06-04:00,23.0
2011-04-21 20:09:09-04:00,23.0
2011-04-21 20:09:12-04:00,23.0
2011-04-21 20:09:15-04:00,23.0
2011-04-21 20:09:18-04:00,23.0
2011-04-21 20:09:21-04:00,23.0
2011-04-21 20:09:24-04:00,23.0
2011-04-21 20:09:27-04:00,23.0
2011-04-21 20:09:30-04:00,23.0
2011-04-21 20:09:33-04:00,23.0
2011-04-21 20:09:36-04:00,23.0
2011-04-21 20:09:39-04:00,23.0
2011-04-21 20:09:42-04:00,23.0
2011-04-21 20:09:45-04:00,23.0
2011-04-21 20:09:48-04:00,23.0
2011-04-21 20:09:51-04:00,23.0
2011-04-21 20:09:54-04:00,23.0
2011-04-21 20:09:57-04:00,23.0
2011-04-21 20:10:00-04:00,23.0
2011-04-21 20:10:03-04:00,23.0
2011-04-21 20:10:06-04:00,23.0
2011-04-21 20:10:09-04:00,23.0
2011-04-21 20:10:12-04:00,23.0
2011-04-21 20:10:15-04:00,23.0
2011-04-21 20:10:18-04:00,23.0
2011-04-21 20:10:21-04:00,23.0
2011-04-21 20:10:24-04:00,23.0
2011-04-21 20:10:27-04:00,23.0
2011-04-21 20:10:30-04:00,23.0
2011-04-21 20:10:33-04:00,23.0
2011-04-21 20:10:36-04:00,23.0
2011-04-21 20:10:39-04:00,23.0
2011-04-21 20:10:42-04:00,23.0
2011-04-21 20:10:45-04:00,23.0
2011-04-21 20:10:48-04:00,23.0
2011-04-21 20:10:51-04:00,23.0
2011-04-21 20:10:54-04:00,23.0
2011-04-21 20:10:57-04:00,23.0
2011-04-21 20:11:00-04:00,23.0
2011-04-21 20:11:03-04:00,23.0
2011-04-21 20:11:06-04:00,23.0
2011-04-21 20:11:09-04:00,23.0
2011-04-21 20:11:12-04:00,23.0
2011-04-21 20:11:15-04:00,23.0
2011-04-21 20:11:18-04:00,23.0
2011-04-21 20:11:21-04:00,23.0
2011-04-21 20:11:24-04:00,23.0
2011-04-21 20:11:27-04:00,23.0
2011-04-21 20:11:30-04:00,23.0
2011-04-21 20:11:33-04:00,23.0
2011-04-21 20:11:36-04:00,23.0
2011-04-21 20:11:39-04:00,23.0
2011-04-21 20:11:42-04:00,23.0
2011-04-21 20:11:45-04:00,23.0
2011-04-21 20:11:48-04:00,23.0
2011-04-21 20:11:51-04:00,23.0
2011-04-21 20:11:54-04:00,23.0
2011-04-21 20:11:57-04:00,23.0
2011-04-21 20:12:00-04:00,23.0
2011-04-21 20:12:03-04:00,23.0
2011-04-21 20:12:06-04:00,23.0
2011-04-21 20:12:09-04:00,23.0
2011-04-21 20:12:12-04:00,23.0
2011-04-21 20:12:15-04:00,23.0
2011-04-21 20:12:18-04:00,23.0
2011-04-21 20:12:21-04:00,23.0
2011-04-21 20:12:24-04:00,23.0
2011-04-21 20:12:27-04:00,23.0
2011-04-21 20:12:30-04:00,23.0
2011-04-21 20:12:33-04:00,23.0
2011-04-21 20:12:36-04:00,23.0
2011-04-21 20:12:39-04:00,23.0
2011-04-21 20:12:42-04:00,23.0
2011-04-21 20:12:45-04:00,23.0
2011-04-21 20:12:48-04:00,23.0
2011-04-21 20:12:51-04:00,23.0
2011-04-21 20:12:54-04:00,23.0
2011-04-21 20:12:57-04:00,23.0
2011-04-21 20:13:00-04:00,23.0
2011-04-21 20:13:03-04:00,23.0
2011-04-21 20:13:06-04:00,23.0
2011-04-21 20:13:09-04:00,23.0
2011-04-21 20:13:12-04:00,23.0
2011-04-21 20:13:15-04:00,23.0
2011-04-21 20:13:18-04:00,23.0
2011-04-21 20:13:21-04:00,23.0
2011-04-21 20:13:24-04:00,23.0
2011-04-21 20:13:27-04:00,23.0
2011-04-21 20:13:30-04:00,23.0
2011-04-21 20:13:33-04:00,23.0
2011-04-21 20:13:36-04:00,23.0
2011-04-21 20:13:39-04:00,23.0
2011-04-21 20:13:42-04:00,23.0
2011-04-21 20:13:45-04:00,23.0
2011-04-21 20:13:48-04:00,23.0
2011-04-21 20:13:51-04:00,23.0
2011-04-21 20:13:54-04:00,23.0
2011-04-21 20:13:57-04:00,23.0
2011-04-21 20:14:00-04:00,23.0
2011-04-21 20:14:03-04:00,23.0
2011-04-21 20:14:06-04:00,23.0
2011-04-21 20:14:09-04:00,23.0
2011-04-21 20:14:12-04:00,23.0
2011-04-21 20:14:15-04:00,23.0
2011-04-21 20:14:18-04:00,23.0
2011-04-21 20:14:21-04:00,23.0
2011-04-21 20:14:24-04:00,23.0
2011-04-21 20:14:27-04:00,23.0
2011-04-21 20:14:30-04:00,23.0
2011-04-21 20:14:33-04:00,23.0
2011-04-21 20:14:36-04:00,23.0
2011-04-21 20:14:39-04:00,23.0
2011-04-21 20:14:42-04:00,23.0
2011-04-21 20:14:45-04:00,23.0
2011-04-21 20:14:48-04:00,23.0
2011-04-21 20:14:51-04:00,23.0
2011-04-21 20:14:54-04:00,23.0
2011-04-21 20:14:57-04:00,23.0
2011-04-21 20:15:00-04:00,23.0
2011-04-21 20:15:03-04:00,23.0
2011-04-21 20:15:06-04:00,23.0
2011-04-21 20:15:09-04:00,23.0
2011-04-21 20:15:12-04:00,23.0
2011-04-21 20:15:15-04:00,23.0
2011-04-21 20:15:18-04:00,23.0
2011-04-21 20:15:21-04:00,23.0
2011-04-21 20:15:24-04:00,23.0
2011-04-21 20:15:27-04:00,23.0
2011-04-21 20:15:30-04:00,23.0
2011-04-21 20:15:33-04:00,23.0
2011-04-21 20:15:36-04:00,23.0
2011-04-21 20:15:39-04:00,23.0
2011-04-21 20:15:42-04:00,23.0
2011-04-21 20:15:45-04:00,23.0
2011-04-21 20:15:48-04:00,23.0
2011-04-21 20:15:51-04:00,23.0
2011-04-21 20:15:54-04:00,23.0
2011-04-21 20:15:57-04:00,23.0
2011-04-21 20:16:00-04:00,23.0
2011-04-21 20:16:03-04:00,23.0
2011-04-21 20:16:06-04:00,23.0
2011-04-21 20:16:09-04:00,23.0
2011-04-21 20:16:12-04:00,23.0
2011-04-21 20:16:15-04:00,23.0
2011-04-21 20:16:18-04:00,23.0
2011-04-21 20:16:21-04:00,23.0
2011-04-21 20:16:24-04:00,23.0
2011-04-21 20:16:27-04:00,23.0
2011-04-21 20:16:30-04:00,23.0
2011-04-21 20:16:33-04:00,23.0
2011-04-21 20:16:36-04:00,23.0
2011-04-21 20:16:39-04:00,23.0
2011-04-21 20:16:42-04:00,23.0
2011-04-21 20:16:45-04:00,23.0
2011-04-21 20:16:48-04:00,23.0
2011-04-21 20:16:51-04:00,23.0
2011-04-21 20:16:54-04:00,23.0
2011-04-21 20:16:57-04:00,23.0
2011-04-21 20:17:00-04:00,23.0
2011-04-21 20:17:03-04:00,23.0
2011-04-21 20:17:06-04:00,23.0
2011-04-21 20:17:09-04:00,23.0
2011-04-21 20:17:12-04:00,23.0
2011-04-21 20:17:15-04:00,23.0
2011-04-21 20:17:18-04:00,23.0
2011-04-21 20:17:21-04:00,23.0
2011-04-21 20:17:24-04:00,23.0
2011-04-21 20:17:27-04:00,23.0
2011-04-21 20:17:30-04:00,23.0
2011-04-21 20:17:33-04:00,23.0
2011-04-21 20:17:36-04:00,23.0
2011-04-21 20:17:39-04:00,23.0
2011-04-21 20:17:42-04:00,23.0
2011-04-21 20:17:45-04:00,23.0
2011-04-21 20:17:48-04:00,23.0
2011-04-21 20:17:51-04:00,23.0
2011-04-21 20:17:54-04:00,23.0
2011-04-21 20:17:57-04:00,23.0
2011-04-21 20:18:00-04:00,23.0
2011-04-21 20:18:03-04:00,23.0
2011-04-21 20:18:06-04:00,23.0
2011-04-21 20:18:09-04:00,23.0
2011-04-21 20:18:12-04:00,23.0
2011-04-21 20:18:15-04:00,23.0
2011-04-21 20:18:18-04:00,23.0
2011-04-21 20:18:21-04:00,23.0
2011-04-21 20:18:24-04:00,23.0
2011-04-21 20:18:27-04:00,23.0
2011-04-21 20:18:30-04:00,23.0
2011-04-21 20:18:33-04:00,23.0
2011-04-21 20:18:36-04:00,23.0
2011-04-21 20:18:39-04:00,23.0
2011-04-21 20:18:42-04:00,23.0
2011-04-21 20:18:45-04:00,23.0
2011-04-21 20:18:48-04:00,23.0
2011-04-21 20:18:51-04:00,23.0
2011-04-21 20:18:54-04:00,23.0
2011-04-21 20:18:57-04:00,23.0
2011-04-21 20:19:00-04:00,23.0
2011-04-21 20:19:03-04:00,23.0
2011-04-21 20:19:06-04:00,23.0
2011-04-21 20:19:09-04:00,23.0
2011-04-21 20:19:12-04:00,23.0
2011-04-21 20:19:15-04:00,23.0
2011-04-21 20:19:18-04:00,23.0
2011-04-21 20:19:21-04:00,23.0
2011-04-21 20:19:24-04:00,23.0
2011-04-21 20:19:27-04:00,23.0
2011-04-21 20:19:30-04:00,23.0
2011-04-21 20:19:33-04:00,23.0
2011-04-21 20:19:36-04:00,23.0
2011-04-21 20:19:39-04:00,23.0
2011-04-21 20:19:42-04:00,23.0
2011-04-21 20:19:45-04:00,23.0
2011-04-21 20:19:48-04:00,23.0
2011-04-21 20:19:51-04:00,23.0
2011-04-21 20:19:54-04:00,23.0
2011-04-21 20:19:57-04:00,23.0
2011-04-21 20:20:00-04:00,23.0
2011-04-21 20:20:03-04:00,23.0
2011-04-21 20:20:06-04:00,23.0
2011-04-21 20:20:09-04:00,23.0
2011-04-21 20:20:12-04:00,23.0
2011-04-21 20:20:15-04:00,23.0
2011-04-21 20:20:18-04:00,23.0
2011-04-21 20:20:21-04:00,23.0
2011-04-21 20:20:24-04:00,23.0
2011-04-21 20:20:27-04:00,23.0
2011-04-21 20:20:30-04:00,23.0
2011-04-21 20:20:33-04:00,23.0
2011-04-21 20:20:36-04:00,23.0
2011-04-21 20:20:39-04:00,23.0
2011-04-21 20:20:42-04:00,23.0
2011-04-21 20:20:45-04:00,23.0
2011-04-21 20:20:48-04:00,23.0
2011-04-21 20:20:51-04:00,23.0
2011-04-21 20:20:54-04:00,23.0
2011-04-21 20:20:57-04:00,23.0
2011-04-21 20:21:00-04:00,23.0
2011-04-21 20:21:03-04:00,23.0
2011-04-21 20:21:06-04:00,23.0
2011-04-21 20:21:09-04:00,23.0
2011-04-21 20:21:12-04:00,23.0
2011-04-21 20:21:15-04:00,23.0
2011-04-21 20:21:18-04:00,23.0
2011-04-21 20:21:21-04:00,23.0
2011-04-21 20:21:24-04:00,23.0
2011-04-21 20:21:27-04:00,23.0
2011-04-21 20:21:30-04:00,23.0
2011-04-21 20:21:33-04:00,23.0
2011-04-21 20:21:36-04:00,23.0
2011-04-21 20:21:39-04:00,23.0
2011-04-21 20:21:42-04:00,23.0
2011-04-21 20:21:45-04:00,23.0
2011-04-21 20:21:48-04:00,23.0
2011-04-21 20:21:51-04:00,23.0
2011-04-21 20:21:54-04:00,23.0
2011-04-21 20:21:57-04:00,23.0
2011-04-21 20:22:00-04:00,23.0
2011-04-21 20:22:03-04:00,23.0
2011-04-21 20:22:06-04:00,23.0
2011-04-21 20:22:09-04:00,23.0
2011-04-21 20:22:12-04:00,23.0
2011-04-21 20:22:15-04:00,23.0
2011-04-21 20:22:18-04:00,23.0
2011-04-21 20:22:21-04:00,23.0
2011-04-21 20:22:24-04:00,23.0
2011-04-21 20:22:27-04:00,23.0
2011-04-21 20:22:30-04:00,23.0
2011-04-21 20:22:33-04:00,23.0
2011-04-21 20:22:36-04:00,23.0
2011-04-21 20:22:39-04:00,23.0
2011-04-21 20:22:42-04:00,23.0
2011-04-21 20:22:45-04:00,23.0
2011-04-21 20:22:48-04:00,23.0
2011-04-21 20:22:51-04:00,23.0
2011-04-21 20:22:54-04:00,23.0
2011-04-21 20:22:57-04:00,23.0
2011-04-21 20:23:00-04:00,23.0
2011-04-21 20:23:03-04:00,23.0
2011-04-21 20:23:06-04:00,23.0
2011-04-21 20:23:09-04:00,23.0
2011-04-21 20:23:12-04:00,22.333333333333332
2011-04-21 20:23:15-04:00,22.5
2011-04-21 20:23:18-04:00,23.0
2011-04-21 20:23:21-04:00,22.75
2011-04-21 20:23:24-04:00,22.0
2011-04-21 20:23:27-04:00,23.0
2011-04-21 20:23:30-04:00,23.0
2011-04-21 20:23:33-04:00,23.0
2011-04-21 20:23:36-04:00,23.0
2011-04-21 20:23:39-04:00,22.25
2011-04-21 20:23:42-04:00,22.666666666666668
2011-04-21 20:23:45-04:00,23.0
2011-04-21 20:23:48-04:00,22.5
2011-04-21 20:23:51-04:00,22.0
2011-04-21 20:23:54-04:00,22.333333333333332
2011-04-21 20:23:57-04:00,23.0
2011-04-21 20:24:00-04:00,23.0
2011-04-21 20:24:03-04:00,23.0
2011-04-21 20:24:06-04:00,23.0
2011-04-21 20:24:09-04:00,23.0
2011-04-21 20:24:12-04:00,23.0
2011-04-21 20:24:15-04:00,23.0
2011-04-21 20:24:18-04:00,23.0
2011-04-21 20:24:21-04:00,23.0
2011-04-21 20:24:24-04:00,23.0
2011-04-21 20:24:27-04:00,23.0
2011-04-21 20:24:30-04:00,23.0
2011-04-21 20:24:33-04:00,23.0
2011-04-21 20:24:36-04:00,23.0
2011-04-21 20:24:39-04:00,23.0
2011-04-21 20:24:42-04:00,23.0
2011-04-21 20:24:45-04:00,23.0
2011-04-21 20:24:48-04:00,23.0
2011-04-21 20:24:51-04:00,23.0
2011-04-21 20:24:54-04:00,23.0
2011-04-21 20:24:57-04:00,23.0
2011-04-21 20:25:00-04:00,23.0
2011-04-21 20:25:03-04:00,23.0
2011-04-21 20:25:06-04:00,23.0
2011-04-21 20:25:09-04:00,23.0
2011-04-21 20:25:12-04:00,23.0
2011-04-21 20:25:15-04:00,23.0
2011-04-21 20:25:18-04:00,23.0
2011-04-21 20:25:21-04:00,23.0
2011-04-21 20:25:24-04:00,23.0
2011-04-21 20:25:27-04:00,23.0
2011-04-21 20:25:30-04:00,22.75
2011-04-21 20:25:33-04:00,22.375
2011-04-21 20:25:36-04:00,22.0
2011-04-21 20:25:39-04:00,22.0
2011-04-21 20:25:42-04:00,22.0
2011-04-21 20:25:45-04:00,22.5
2011-04-21 20:25:48-04:00,22.666666666666668
2011-04-21 20:25:51-04:00,22.25
2011-04-21 20:25:54-04:00,23.0
2011-04-21 20:25:57-04:00,23.0
2011-04-21 20:26:00-04:00,22.25
2011-04-21 20:26:03-04:00,22.666666666666668
2011-04-21 20:26:06-04:00,22.333333333333332
2011-04-21 20:26:09-04:00,22.5
2011-04-21 20:26:12-04:00,23.0
2011-04-21 20:26:15-04:00,22.666666666666668
2011-04-21 20:26:18-04:00,22.0
2011-04-21 20:26:21-04:00,22.0
2011-04-21 20:26:24-04:00,22.0
2011-04-21 20:26:27-04:00,22.0
2011-04-21 20:26:30-04:00,22.25
2011-04-21 20:26:33-04:00,22.625
2011-04-21 20:26:36-04:00,23.0
2011-04-21 20:26:39-04:00,22.25
2011-04-21 20:26:42-04:00,22.666666666666668
2011-04-21 20:26:45-04:00,23.0
2011-04-21 20:26:48-04:00,22.666666666666668
2011-04-21 20:26:51-04:00,22.0
2011-04-21 20:26:54-04:00,22.0
2011-04-21 20:26:57-04:00,23.0
2011-04-21 20:27:00-04:00,23.0
2011-04-21 20:27:03-04:00,23.0
2011-04-21 20:27:06-04:00,23.0
2011-04-21 20:27:09-04:00,23.0
2011-04-21 20:27:12-04:00,23.0
2011-04-21 20:27:15-04:00,23.0
2011-04-21 20:27:18-04:00,23.0
2011-04-21 20:27:21-04:00,23.0
2011-04-21 20:27:24-04:00,23.0
2011-04-21 20:27:27-04:00,23.0
2011-04-21 20:27:30-04:00,23.0
2011-04-21 20:27:33-04:00,23.0
2011-04-21 20:27:36-04:00,23.0
2011-04-21 20:27:39-04:00,23.0
2011-04-21 20:27:42-04:00,23.0
2011-04-21 20:27:45-04:00,23.0
2011-04-21 20:27:48-04:00,23.0
2011-04-21 20:27:51-04:00,23.0
2011-04-21 20:27:54-04:00,23.0
2011-04-21 20:27:57-04:00,23.0
2011-04-21 20:28:00-04:00,23.0
2011-04-21 20:28:03-04:00,23.0
2011-04-21 20:28:06-04:00,23.0
2011-04-21 20:28:09-04:00,23.0
2011-04-21 20:28:12-04:00,23.0
2011-04-21 20:28:15-04:00,23.0
2011-04-21 20:28:18-04:00,23.0
2011-04-21 20:28:21-04:00,23.0
2011-04-21 20:28:24-04:00,23.0
2011-04-21 20:28:27-04:00,23.0
2011-04-21 20:28:30-04:00,23.0
2011-04-21 20:28:33-04:00,23.0
2011-04-21 20:28:36-04:00,23.0
2011-04-21 20:28:39-04:00,23.0
2011-04-21 20:28:42-04:00,22.0
2011-04-21 20:28:45-04:00,22.0
2011-04-21 20:28:48-04:00,22.0
2011-04-21 20:28:51-04:00,22.0
2011-04-21 20:28:54-04:00,22.333333333333332
2011-04-21 20:28:57-04:00,23.0
2011-04-21 20:29:00-04:00,23.0
2011-04-21 20:29:03-04:00,22.0
2011-04-21 20:29:06-04:00,22.75
2011-04-21 20:29:09-04:00,23.0
2011-04-21 20:29:12-04:00,22.333333333333332
2011-04-21 20:29:15-04:00,22.5
2011-04-21 20:29:18-04:00,23.0
2011-04-21 20:29:21-04:00,23.0
2011-04-21 20:29:24-04:00,22.75
2011-04-21 20:29:27-04:00,22.0
2011-04-21 20:29:30-04:00,22.375
2011-04-21 20:29:33-04:00,22.75
2011-04-21 20:29:36-04:00,23.0
2011-04-21 20:29:39-04:00,23.0
2011-04-21 20:29:42-04:00,23.0
2011-04-21 20:29:45-04:00,23.0
2011-04-21 20:29:48-04:00,23.0
2011-04-21 20:29:51-04:00,23.0
2011-04-21 20:29:54-04:00,23.0
2011-04-21 20:29:57-04:00,23.0
2011-04-21 20:30:00-04:00,23.0
2011-04-21 20:30:03-04:00,23.0
2011-04-21 20:30:06-04:00,23.0
2011-04-21 20:30:09-04:00,23.0
2011-04-21 20:30:12-04:00,23.0
2011-04-21 20:30:15-04:00,23.0
2011-04-21 20:30:18-04:00,23.0
2011-04-21 20:30:21-04:00,23.0
2011-04-21 20:30:24-04:00,23.0
2011-04-21 20:30:27-04:00,23.0
2011-04-21 20:30:30-04:00,23.0
2011-04-21 20:30:33-04:00,23.0
2011-04-21 20:30:36-04:00,23.0
2011-04-21 20:30:39-04:00,23.0
2011-04-21 20:30:42-04:00,23.0
2011-04-21 20:30:45-04:00,23.0
2011-04-21 20:30:48-04:00,23.0
2011-04-21 20:30:51-04:00,23.0
2011-04-21 20:30:54-04:00,23.0
2011-04-21 20:30:57-04:00,23.0
2011-04-21 20:31:00-04:00,23.0
2011-04-21 20:31:03-04:00,23.0
2011-04-21 20:31:06-04:00,23.0
2011-04-21 20:31:09-04:00,23.0
2011-04-21 20:31:12-04:00,23.0
2011-04-21 20:31:15-04:00,23.0
2011-04-21 20:31:18-04:00,23.0
2011-04-21 20:31:21-04:00,23.0
2011-04-21 20:31:24-04:00,23.0
2011-04-21 20:31:27-04:00,22.0
2011-04-21 20:31:30-04:00,22.0
2011-04-21 20:31:33-04:00,22.0
2011-04-21 20:31:36-04:00,22.0
2011-04-21 20:31:39-04:00,22.0
2011-04-21 20:31:42-04:00,22.0
2011-04-21 20:31:45-04:00,22.666666666666668
2011-04-21 20:31:48-04:00,23.0
2011-04-21 20:31:51-04:00,22.666666666666668
2011-04-21 20:31:54-04:00,22.333333333333332
2011-04-21 20:31:57-04:00,23.0
2011-04-21 20:32:00-04:00,23.0
2011-04-21 20:32:03-04:00,22.0
2011-04-21 20:32:06-04:00,22.75
2011-04-21 20:32:09-04:00,22.333333333333332
2011-04-21 20:32:12-04:00,22.0
2011-04-21 20:32:15-04:00,22.0
2011-04-21 20:32:18-04:00,22.0
2011-04-21 20:32:21-04:00,22.0
2011-04-21 20:32:24-04:00,22.0
2011-04-21 20:32:27-04:00,23.0
2011-04-21 20:32:30-04:00,23.0
2011-04-21 20:32:33-04:00,23.0
2011-04-21 20:32:36-04:00,23.0
2011-04-21 20:32:39-04:00,23.0
2011-04-21 20:32:42-04:00,23.0
2011-04-21 20:32:45-04:00,23.0
2011-04-21 20:32:48-04:00,23.0
2011-04-21 20:32:51-04:00,23.0
2011-04-21 20:32:54-04:00,23.0
2011-04-21 20:32:57-04:00,23.0
2011-04-21 20:33:00-04:00,23.0
2011-04-21 20:33:03-04:00,23.0
2011-04-21 20:33:06-04:00,23.0
2011-04-21 20:33:09-04:00,23.0
2011-04-21 20:33:12-04:00,23.0
2011-04-21 20:33:15-04:00,23.0
2011-04-21 20:33:18-04:00,23.0
2011-04-21 20:33:21-04:00,23.0
2011-04-21 20:33:24-04:00,23.0
2011-04-21 20:33:27-04:00,23.0
2011-04-21 20:33:30-04:00,23.0
2011-04-21 20:33:33-04:00,23.0
2011-04-21 20:33:36-04:00,23.0
2011-04-21 20:33:39-04:00,23.0
2011-04-21 20:33:42-04:00,23.0
2011-04-21 20:33:45-04:00,23.0
2011-04-21 20:33:48-04:00,23.0
2011-04-21 20:33:51-04:00,23.0
2011-04-21 20:33:54-04:00,23.0
2011-04-21 20:33:57-04:00,23.0
2011-04-21 20:34:00-04:00,23.0
2011-04-21 20:34:03-04:00,23.0
2011-04-21 20:34:06-04:00,23.0
2011-04-21 20:34:09-04:00,23.0
2011-04-21 20:34:12-04:00,23.0
2011-04-21 20:34:15-04:00,23.0
2011-04-21 20:34:18-04:00,23.0
2011-04-21 20:34:21-04:00,23.0
2011-04-21 20:34:24-04:00,23.0
2011-04-21 20:34:27-04:00,23.0
2011-04-21 20:34:30-04:00,23.0
2011-04-21 20:34:33-04:00,23.0
2011-04-21 20:34:36-04:00,23.0
2011-04-21 20:34:39-04:00,23.0
2011-04-21 20:34:42-04:00,22.333333333333332
2011-04-21 20:34:45-04:00,22.0
2011-04-21 20:34:48-04:00,22.333333333333332
2011-04-21 20:34:51-04:00,23.0
2011-04-21 20:34:54-04:00,23.0
2011-04-21 20:34:57-04:00,22.0
2011-04-21 20:35:00-04:00,22.0
2011-04-21 20:35:03-04:00,22.0
2011-04-21 20:35:06-04:00,22.0
2011-04-21 20:35:09-04:00,22.333333333333332
2011-04-21 20:35:12-04:00,23.0
2011-04-21 20:35:15-04:00,23.0
2011-04-21 20:35:18-04:00,23.0
2011-04-21 20:35:21-04:00,23.0
2011-04-21 20:35:24-04:00,23.0
2011-04-21 20:35:27-04:00,22.25
2011-04-21 20:35:30-04:00,22.22222222222222
2011-04-21 20:35:33-04:00,22.555555555555557
2011-04-21 20:35:36-04:00,22.88888888888889
2011-04-21 20:35:39-04:00,23.0
2011-04-21 20:35:42-04:00,23.0
2011-04-21 20:35:45-04:00,23.0
2011-04-21 20:35:48-04:00,23.0
2011-04-21 20:35:51-04:00,23.0
2011-04-21 20:35:54-04:00,23.0
2011-04-21 20:35:57-04:00,23.0
2011-04-21 20:36:00-04:00,23.0
2011-04-21 20:36:03-04:00,23.0
2011-04-21 20:36:06-04:00,23.0
2011-04-21 20:36:09-04:00,23.0
2011-04-21 20:36:12-04:00,23.0
2011-04-21 20:36:15-04:00,23.0
2011-04-21 20:36:18-04:00,23.0
2011-04-21 20:36:21-04:00,23.0
2011-04-21 20:36:24-04:00,23.0
2011-04-21 20:36:27-04:00,23.0
2011-04-21 20:36:30-04:00,23.0
2011-04-21 20:36:33-04:00,23.0
2011-04-21 20:36:36-04:00,23.0
2011-04-21 20:36:39-04:00,23.0
2011-04-21 20:36:42-04:00,23.0
2011-04-21 20:36:45-04:00,23.0
2011-04-21 20:36:48-04:00,23.0
2011-04-21 20:36:51-04:00,23.0
2011-04-21 20:36:54-04:00,23.0
2011-04-21 20:36:57-04:00,23.0
2011-04-21 20:37:00-04:00,41.0
2011-04-21 20:37:03-04:00,46.333333333333336
2011-04-21 20:37:06-04:00,46.0
2011-04-21 20:37:09-04:00,46.333333333333336
2011-04-21 20:37:12-04:00,47.0
2011-04-21 20:37:15-04:00,47.0
2011-04-21 20:37:18-04:00,47.0
2011-04-21 20:37:21-04:00,47.0
2011-04-21 20:37:24-04:00,47.0
2011-04-21 20:37:27-04:00,47.22222222222222
2011-04-21 20:37:30-04:00,47.55555555555556
2011-04-21 20:37:33-04:00,47.888888888888886
2011-04-21 20:37:36-04:00,48.0
2011-04-21 20:37:39-04:00,48.0
2011-04-21 20:37:42-04:00,48.333333333333336
2011-04-21 20:37:45-04:00,49.0
2011-04-21 20:37:48-04:00,49.0
2011-04-21 20:37:51-04:00,49.0
2011-04-21 20:37:54-04:00,49.0
2011-04-21 20:37:57-04:00,49.0
2011-04-21 20:38:00-04:00,49.666666666666664
2011-04-21 20:38:03-04:00,49.5
2011-04-21 20:38:06-04:00,49.333333333333336
2011-04-21 20:38:09-04:00,50.0
2011-04-21 20:38:12-04:00,50.0
2011-04-21 20:38:15-04:00,50.0
2011-04-21 20:38:18-04:00,50.0
2011-04-21 20:38:21-04:00,50.0
2011-04-21 20:38:24-04:00,50.0
2011-04-21 20:38:27-04:00,50.0
2011-04-21 20:38:30-04:00,50.0
2011-04-21 20:38:33-04:00,50.0
2011-04-21 20:38:36-04:00,50.0
2011-04-21 20:38:39-04:00,50.0
2011-04-21 20:38:42-04:00,50.0
2011-04-21 20:38:45-04:00,50.0
2011-04-21 20:38:48-04:00,50.0
2011-04-21 20:38:51-04:00,50.0
2011-04-21 20:38:54-04:00,50.0
2011-04-21 20:38:57-04:00,50.0
2011-04-21 20:39:00-04:00,50.0
2011-04-21 20:39:03-04:00,50.0
2011-04-21 20:39:06-04:00,50.0
2011-04-21 20:39:09-04:00,50.0
2011-04-21 20:39:12-04:00,50.0
2011-04-21 20:39:15-04:00,50.0
2011-04-21 20:39:18-04:00,50.0
2011-04-21 20:39:21-04:00,50.0
2011-04-21 20:39:24-04:00,50.0
2011-04-21 20:39:27-04:00,50.0
2011-04-21 20:39:30-04:00,50.0
2011-04-21 20:39:33-04:00,50.0
2011-04-21 20:39:36-04:00,50.0
2011-04-21 20:39:39-04:00,50.0
2011-04-21 20:39:42-04:00,50.0
2011-04-21 20:39:45-04:00,50.0
2011-04-21 20:39:48-04:00,50.0
2011-04-21 20:39:51-04:00,50.0
2011-04-21 20:39:54-04:00,49.25
2011-04-21 20:39:57-04:00,49.0
2011-04-21 20:40:00-04:00,49.0
2011-04-21 20:40:03-04:00,49.333333333333336
2011-04-21 20:40:06-04:00,49.75
2011-04-21 20:40:09-04:00,49.0
2011-04-21 20:40:12-04:00,49.0
2011-04-21 20:40:15-04:00,49.0
2011-04-21 20:40:18-04:00,49.0
2011-04-21 20:40:21-04:00,49.0
2011-04-21 20:40:24-04:00,49.0
2011-04-21 20:40:27-04:00,49.0
2011-04-21 20:40:30-04:00,49.0
2011-04-21 20:40:33-04:00,49.0
2011-04-21 20:40:36-04:00,49.0
2011-04-21 20:40:39-04:00,49.0
2011-04-21 20:40:42-04:00,49.0
2011-04-21 20:40:45-04:00,49.0
2011-04-21 20:40:48-04:00,49.0
2011-04-21 20:40:51-04:00,49.0
2011-04-21 20:40:54-04:00,49.0
2011-04-21 20:40:57-04:00,49.0
2011-04-21 20:41:00-04:00,49.0
2011-04-21 20:41:03-04:00,49.0
2011-04-21 20:41:06-04:00,49.0
2011-04-21 20:41:09-04:00,49.0
2011-04-21 20:41:12-04:00,49.0
2011-04-21 20:41:15-04:00,49.0
2011-04-21 20:41:18-04:00,49.0
2011-04-21 20:41:21-04:00,49.0
2011-04-21 20:41:24-04:00,49.0
2011-04-21 20:41:27-04:00,49.0
2011-04-21 20:41:30-04:00,49.0
2011-04-21 20:41:33-04:00,49.0
2011-04-21 20:41:36-04:00,49.0
2011-04-21 20:41:39-04:00,49.0
2011-04-21 20:41:42-04:00,49.0
2011-04-21 20:41:45-04:00,49.0
2011-04-21 20:41:48-04:00,49.0
2011-04-21 20:41:51-04:00,49.0
2011-04-21 20:41:54-04:00,49.0
2011-04-21 20:41:57-04:00,49.0
2011-04-21 20:42:00-04:00,49.0
2011-04-21 20:42:03-04:00,49.0
2011-04-21 20:42:06-04:00,49.0
2011-04-21 20:42:09-04:00,49.0
2011-04-21 20:42:12-04:00,49.0
2011-04-21 20:42:15-04:00,49.0
2011-04-21 20:42:18-04:00,49.0
2011-04-21 20:42:21-04:00,49.0
2011-04-21 20:42:24-04:00,49.0
2011-04-21 20:42:27-04:00,49.0
2011-04-21 20:42:30-04:00,49.0
2011-04-21 20:42:33-04:00,49.0
2011-04-21 20:42:36-04:00,49.0
2011-04-21 20:42:39-04:00,49.0
2011-04-21 20:42:42-04:00,49.0
2011-04-21 20:42:45-04:00,49.0
2011-04-21 20:42:48-04:00,49.0
2011-04-21 20:42:51-04:00,49.0
2011-04-21 20:42:54-04:00,49.0
2011-04-21 20:42:57-04:00,49.0
2011-04-21 20:43:00-04:00,49.0
2011-04-21 20:43:03-04:00,49.0
2011-04-21 20:43:06-04:00,49.0
2011-04-21 20:43:09-04:00,49.0
2011-04-21 20:43:12-04:00,49.0
2011-04-21 20:43:15-04:00,49.0
2011-04-21 20:43:18-04:00,49.0
2011-04-21 20:43:21-04:00,49.0
2011-04-21 20:43:24-04:00,49.0
2011-04-21 20:43:27-04:00,49.0
2011-04-21 20:43:30-04:00,49.0
2011-04-21 20:43:33-04:00,49.0
2011-04-21 20:43:36-04:00,49.0
2011-04-21 20:43:39-04:00,49.0
2011-04-21 20:43:42-04:00,49.0
2011-04-21 20:43:45-04:00,48.25
2011-04-21 20:43:48-04:00,48.0
2011-04-21 20:43:51-04:00,48.0
2011-04-21 20:43:54-04:00,48.0
2011-04-21 20:43:57-04:00,48.0
2011-04-21 20:44:00-04:00,48.0
2011-04-21 20:44:03-04:00,48.0
2011-04-21 20:44:06-04:00,48.75
2011-04-21 20:44:09-04:00,48.333333333333336
2011-04-21 20:44:12-04:00,48.0
2011-04-21 20:44:15-04:00,48.0
2011-04-21 20:44:18-04:00,48.0
2011-04-21 20:44:21-04:00,48.0
2011-04-21 20:44:24-04:00,48.0
2011-04-21 20:44:27-04:00,48.0
2011-04-21 20:44:30-04:00,48.0
2011-04-21 20:44:33-04:00,48.0
2011-04-21 20:44:36-04:00,48.0
2011-04-21 20:44:39-04:00,48.0
2011-04-21 20:44:42-04:00,48.0
2011-04-21 20:44:45-04:00,48.0
2011-04-21 20:44:48-04:00,48.0
2011-04-21 20:44:51-04:00,48.0
2011-04-21 20:44:54-04:00,48.0
2011-04-21 20:44:57-04:00,48.0
2011-04-21 20:45:00-04:00,48.0
2011-04-21 20:45:03-04:00,48.0
2011-04-21 20:45:06-04:00,48.0
2011-04-21 20:45:09-04:00,48.666666666666664
2011-04-21 20:45:12-04:00,48.5
2011-04-21 20:45:15-04:00,48.0
2011-04-21 20:45:18-04:00,48.0
2011-04-21 20:45:21-04:00,48.0
2011-04-21 20:45:24-04:00,48.0
2011-04-21 20:45:27-04:00,48.0
2011-04-21 20:45:30-04:00,48.0
2011-04-21 20:45:33-04:00,48.0
2011-04-21 20:45:36-04:00,48.0
2011-04-21 20:45:39-04:00,48.0
2011-04-21 20:45:42-04:00,48.0
2011-04-21 20:45:45-04:00,48.0
2011-04-21 20:45:48-04:00,48.0
2011-04-21 20:45:51-04:00,48.0
2011-04-21 20:45:54-04:00,48.0
2011-04-21 20:45:57-04:00,48.0
2011-04-21 20:46:00-04:00,48.0
2011-04-21 20:46:03-04:00,48.0
2011-04-21 20:46:06-04:00,48.0
2011-04-21 20:46:09-04:00,48.0
2011-04-21 20:46:12-04:00,48.0
2011-04-21 20:46:15-04:00,48.0
2011-04-21 20:46:18-04:00,48.0
2011-04-21 20:46:21-04:00,48.0
2011-04-21 20:46:24-04:00,48.0
2011-04-21 20:46:27-04:00,48.0
2011-04-21 20:46:30-04:00,48.0
2011-04-21 20:46:33-04:00,48.0
2011-04-21 20:46:36-04:00,48.0
2011-04-21 20:46:39-04:00,48.0
2011-04-21 20:46:42-04:00,48.0
2011-04-21 20:46:45-04:00,48.0
2011-04-21 20:46:48-04:00,48.0
2011-04-21 20:46:51-04:00,48.0
2011-04-21 20:46:54-04:00,48.0
2011-04-21 20:46:57-04:00,48.0
2011-04-21 20:47:00-04:00,48.0
2011-04-21 20:47:03-04:00,47.0
2011-04-21 20:47:06-04:00,47.0
2011-04-21 20:47:09-04:00,47.0
2011-04-21 20:47:12-04:00,47.0
2011-04-21 20:47:15-04:00,47.333333333333336
2011-04-21 20:47:18-04:00,48.0
2011-04-21 20:47:21-04:00,48.0
2011-04-21 20:47:24-04:00,48.0
2011-04-21 20:47:27-04:00,48.0
2011-04-21 20:47:30-04:00,48.0
2011-04-21 20:47:33-04:00,48.0
2011-04-21 20:47:36-04:00,48.0
2011-04-21 20:47:39-04:00,48.0
2011-04-21 20:47:42-04:00,48.0
2011-04-21 20:47:45-04:00,48.0
2011-04-21 20:47:48-04:00,47.666666666666664
2011-04-21 20:47:51-04:00,47.25
2011-04-21 20:47:54-04:00,48.0
2011-04-21 20:47:57-04:00,48.0
2011-04-21 20:48:00-04:00,48.0
2011-04-21 20:48:03-04:00,48.0
2011-04-21 20:48:06-04:00,48.0
2011-04-21 20:48:09-04:00,48.0
2011-04-21 20:48:12-04:00,48.0
2011-04-21 20:48:15-04:00,48.0
2011-04-21 20:48:18-04:00,48.0
2011-04-21 20:48:21-04:00,48.0
2011-04-21 20:48:24-04:00,48.0
2011-04-21 20:48:27-04:00,48.0
2011-04-21 20:48:30-04:00,48.0
2011-04-21 20:48:33-04:00,48.0
2011-04-21 20:48:36-04:00,48.0
2011-04-21 20:48:39-04:00,48.0
2011-04-21 20:48:42-04:00,47.333333333333336
2011-04-21 20:48:45-04:00,47.5
2011-04-21 20:48:48-04:00,47.666666666666664
2011-04-21 20:48:51-04:00,47.25
2011-04-21 20:48:54-04:00,48.0
2011-04-21 20:48:57-04:00,48.0
2011-04-21 20:49:00-04:00,48.0
2011-04-21 20:49:03-04:00,48.0
2011-04-21 20:49:06-04:00,48.0
2011-04-21 20:49:09-04:00,47.666666666666664
2011-04-21 20:49:12-04:00,47.25
2011-04-21 20:49:15-04:00,48.0
2011-04-21 20:49:18-04:00,48.0
2011-04-21 20:49:21-04:00,48.0
2011-04-21 20:49:24-04:00,47.25
2011-04-21 20:49:27-04:00,47.25
2011-04-21 20:49:30-04:00,47.625
2011-04-21 20:49:33-04:00,48.0
2011-04-21 20:49:36-04:00,47.0
2011-04-21 20:49:39-04:00,47.0
2011-04-21 20:49:42-04:00,47.666666666666664
2011-04-21 20:49:45-04:00,48.0
2011-04-21 20:49:48-04:00,47.666666666666664
2011-04-21 20:49:51-04:00,47.0
2011-04-21 20:49:54-04:00,47.0
2011-04-21 20:49:57-04:00,48.0
2011-04-21 20:50:00-04:00,47.0
2011-04-21 20:50:03-04:00,47.0
2011-04-21 20:50:06-04:00,47.0
2011-04-21 20:50:09-04:00,47.0
2011-04-21 20:50:12-04:00,47.0
2011-04-21 20:50:15-04:00,47.0
2011-04-21 20:50:18-04:00,47.0
2011-04-21 20:50:21-04:00,47.0
2011-04-21 20:50:24-04:00,47.0
2011-04-21 20:50:27-04:00,47.0
2011-04-21 20:50:30-04:00,47.0
2011-04-21 20:50:33-04:00,47.0
2011-04-21 20:50:36-04:00,47.0
2011-04-21 20:50:39-04:00,47.0
2011-04-21 20:50:42-04:00,47.0
2011-04-21 20:50:45-04:00,47.0
2011-04-21 20:50:48-04:00,47.0
2011-04-21 20:50:51-04:00,47.0
2011-04-21 20:50:54-04:00,47.0
2011-04-21 20:50:57-04:00,47.0
2011-04-21 20:51:00-04:00,47.0
2011-04-21 20:51:03-04:00,47.0
2011-04-21 20:51:06-04:00,47.0
2011-04-21 20:51:09-04:00,47.0
2011-04-21 20:51:12-04:00,47.0
2011-04-21 20:51:15-04:00,47.0
2011-04-21 20:51:18-04:00,48.0
2011-04-21 20:51:21-04:00,47.25
2011-04-21 20:51:24-04:00,47.666666666666664
2011-04-21 20:51:27-04:00,48.0
2011-04-21 20:51:30-04:00,48.0
2011-04-21 20:51:33-04:00,48.0
2011-04-21 20:51:36-04:00,48.0
2011-04-21 20:51:39-04:00,47.333333333333336
2011-04-21 20:51:42-04:00,47.0
2011-04-21 20:51:45-04:00,47.0
2011-04-21 20:51:48-04:00,47.333333333333336
2011-04-21 20:51:51-04:00,47.75
2011-04-21 20:51:54-04:00,47.0
2011-04-21 20:51:57-04:00,47.0
2011-04-21 20:52:00-04:00,47.0
2011-04-21 20:52:03-04:00,47.0
2011-04-21 20:52:06-04:00,47.0
2011-04-21 20:52:09-04:00,47.0
2011-04-21 20:52:12-04:00,47.0
2011-04-21 20:52:15-04:00,47.0
2011-04-21 20:52:18-04:00,47.0
2011-04-21 20:52:21-04:00,47.0
2011-04-21 20:52:24-04:00,47.0
2011-04-21 20:52:27-04:00,47.0
2011-04-21 20:52:30-04:00,47.0
2011-04-21 20:52:33-04:00,47.0
2011-04-21 20:52:36-04:00,47.0
2011-04-21 20:52:39-04:00,47.0
2011-04-21 20:52:42-04:00,46.666666666666664
2011-04-21 20:52:45-04:00,46.25
2011-04-21 20:52:48-04:00,47.0
2011-04-21 20:52:51-04:00,46.0
2011-04-21 20:52:54-04:00,46.0
2011-04-21 20:52:57-04:00,46.0
2011-04-21 20:53:00-04:00,46.0
2011-04-21 20:53:03-04:00,46.0
2011-04-21 20:53:06-04:00,46.0
2011-04-21 20:53:09-04:00,46.0
2011-04-21 20:53:12-04:00,45.75
2011-04-21 20:53:15-04:00,45.0
2011-04-21 20:53:18-04:00,46.0
2011-04-21 20:53:21-04:00,46.0
2011-04-21 20:53:24-04:00,46.0
2011-04-21 20:53:27-04:00,45.77777777777778
2011-04-21 20:53:30-04:00,45.44444444444444
2011-04-21 20:53:33-04:00,45.111111111111114
2011-04-21 20:53:36-04:00,45.0
2011-04-21 20:53:39-04:00,45.0
2011-04-21 20:53:42-04:00,45.333333333333336
2011-04-21 20:53:45-04:00,46.0
2011-04-21 20:53:48-04:00,46.0
2011-04-21 20:53:51-04:00,45.0
2011-04-21 20:53:54-04:00,45.0
2011-04-21 20:53:57-04:00,45.0
2011-04-21 20:54:00-04:00,45.0
2011-04-21 20:54:03-04:00,45.0
2011-04-21 20:54:06-04:00,45.0
2011-04-21 20:54:09-04:00,45.0
2011-04-21 20:54:12-04:00,45.0
2011-04-21 20:54:15-04:00,46.0
2011-04-21 20:54:18-04:00,45.25
2011-04-21 20:54:21-04:00,45.0
2011-04-21 20:54:24-04:00,45.0
2011-04-21 20:54:27-04:00,45.0
2011-04-21 20:54:30-04:00,45.0
2011-04-21 20:54:33-04:00,45.0
2011-04-21 20:54:36-04:00,45.0
2011-04-21 20:54:39-04:00,45.0
2011-04-21 20:54:42-04:00,45.0
2011-04-21 20:54:45-04:00,45.0
2011-04-21 20:54:48-04:00,45.0
2011-04-21 20:54:51-04:00,45.666666666666664
2011-04-21 20:54:54-04:00,45.5
2011-04-21 20:54:57-04:00,45.0
2011-04-21 20:55:00-04:00,45.25
2011-04-21 20:55:03-04:00,46.0
2011-04-21 20:55:06-04:00,45.0
2011-04-21 20:55:09-04:00,45.0
2011-04-21 20:55:12-04:00,45.666666666666664
2011-04-21 20:55:15-04:00,46.0
2011-04-21 20:55:18-04:00,46.0
2011-04-21 20:55:21-04:00,46.0
2011-04-21 20:55:24-04:00,45.75
2011-04-21 20:55:27-04:00,45.0
2011-04-21 20:55:30-04:00,45.0
2011-04-21 20:55:33-04:00,45.0
2011-04-21 20:55:36-04:00,45.0
2011-04-21 20:55:39-04:00,45.0
2011-04-21 20:55:42-04:00,45.0
2011-04-21 20:55:45-04:00,45.0
2011-04-21 20:55:48-04:00,45.0
2011-04-21 20:55:51-04:00,45.0
2011-04-21 20:55:54-04:00,45.0
2011-04-21 20:55:57-04:00,45.0
2011-04-21 20:56:00-04:00,45.0
2011-04-21 20:56:03-04:00,45.0
2011-04-21 20:56:06-04:00,45.0
2011-04-21 20:56:09-04:00,45.0
2011-04-21 20:56:12-04:00,45.666666666666664
2011-04-21 20:56:15-04:00,45.333333333333336
2011-04-21 20:56:18-04:00,45.0
2011-04-21 20:56:21-04:00,45.0
2011-04-21 20:56:24-04:00,45.0
2011-04-21 20:56:27-04:00,45.0
2011-04-21 20:56:30-04:00,45.0
2011-04-21 20:56:33-04:00,45.0
2011-04-21 20:56:36-04:00,45.0
2011-04-21 20:56:39-04:00,45.0
2011-04-21 20:56:42-04:00,45.0
2011-04-21 20:56:45-04:00,45.0
2011-04-21 20:56:48-04:00,45.0
2011-04-21 20:56:51-04:00,45.0
2011-04-21 20:56:54-04:00,45.0
2011-04-21 20:56:57-04:00,45.0
2011-04-21 20:57:00-04:00,45.0
2011-04-21 20:57:03-04:00,45.0
2011-04-21 20:57:06-04:00,45.0
2011-04-21 20:57:09-04:00,45.0
2011-04-21 20:57:12-04:00,45.0
2011-04-21 20:57:15-04:00,45.0
2011-04-21 20:57:18-04:00,45.0
2011-04-21 20:57:21-04:00,45.0
2011-04-21 20:57:24-04:00,45.0
2011-04-21 20:57:27-04:00,45.0
2011-04-21 20:57:30-04:00,45.0
2011-04-21 20:57:33-04:00,45.0
2011-04-21 20:57:36-04:00,45.0
2011-04-21 20:57:39-04:00,45.0
2011-04-21 20:57:42-04:00,45.0
2011-04-21 20:57:45-04:00,45.0
2011-04-21 20:57:48-04:00,45.0
2011-04-21 20:57:51-04:00,45.0
2011-04-21 20:57:54-04:00,45.0
2011-04-21 20:57:57-04:00,45.0
2011-04-21 20:58:00-04:00,45.0
2011-04-21 20:58:03-04:00,45.0
2011-04-21 20:58:06-04:00,45.0
2011-04-21 20:58:09-04:00,45.0
2011-04-21 20:58:12-04:00,45.0
2011-04-21 20:58:15-04:00,45.0
2011-04-21 20:58:18-04:00,45.0
2011-04-21 20:58:21-04:00,45.0
2011-04-21 20:58:24-04:00,45.0
2011-04-21 20:58:27-04:00,45.0
2011-04-21 20:58:30-04:00,45.0
2011-04-21 20:58:33-04:00,45.0
2011-04-21 20:58:36-04:00,45.0
2011-04-21 20:58:39-04:00,45.0
2011-04-21 20:58:42-04:00,45.0
2011-04-21 20:58:45-04:00,45.0
2011-04-21 20:58:48-04:00,45.0
2011-04-21 20:58:51-04:00,45.0
2011-04-21 20:58:54-04:00,45.0
2011-04-21 20:58:57-04:00,45.0
2011-04-21 20:59:00-04:00,45.0
2011-04-21 20:59:03-04:00,45.0
2011-04-21 20:59:06-04:00,45.0
2011-04-21 20:59:09-04:00,45.0
2011-04-21 20:59:12-04:00,45.0
2011-04-21 20:59:15-04:00,45.0
2011-04-21 20:59:18-04:00,45.0
2011-04-21 20:59:21-04:00,45.0
2011-04-21 20:59:24-04:00,45.0
2011-04-21 20:59:27-04:00,45.0
2011-04-21 20:59:30-04:00,45.0
2011-04-21 20:59:33-04:00,45.0
2011-04-21 20:59:36-04:00,45.0
2011-04-21 20:59:39-04:00,45.0
2011-04-21 20:59:42-04:00,45.0
2011-04-21 20:59:45-04:00,45.0
2011-04-21 20:59:48-04:00,45.0
2011-04-21 20:59:51-04:00,45.0
2011-04-21 20:59:54-04:00,45.0
2011-04-21 20:59:57-04:00,45.0
2011-04-21 21:00:00-04:00,45.0
2011-04-21 21:00:03-04:00,45.0
2011-04-21 21:00:06-04:00,45.0
2011-04-21 21:00:09-04:00,45.0
2011-04-21 21:00:12-04:00,45.0
2011-04-21 21:00:15-04:00,45.0
2011-04-21 21:00:18-04:00,44.666666666666664
2011-04-21 21:00:21-04:00,44.0
2011-04-21 21:00:24-04:00,44.0
2011-04-21 21:00:27-04:00,44.0
2011-04-21 21:00:30-04:00,44.0
2011-04-21 21:00:33-04:00,44.0
2011-04-21 21:00:36-04:00,44.0
2011-04-21 21:00:39-04:00,44.0
2011-04-21 21:00:42-04:00,44.0
2011-04-21 21:00:45-04:00,44.0
2011-04-21 21:00:48-04:00,44.0
2011-04-21 21:00:51-04:00,44.0
2011-04-21 21:00:54-04:00,44.0
2011-04-21 21:00:57-04:00,44.25
2011-04-21 21:01:00-04:00,45.0
2011-04-21 21:01:03-04:00,44.0
2011-04-21 21:01:06-04:00,44.0
2011-04-21 21:01:09-04:00,44.0
2011-04-21 21:01:12-04:00,44.0
2011-04-21 21:01:15-04:00,44.0
2011-04-21 21:01:18-04:00,44.0
2011-04-21 21:01:21-04:00,44.25
2011-04-21 21:01:24-04:00,45.0
2011-04-21 21:01:27-04:00,44.0
2011-04-21 21:01:30-04:00,44.0
2011-04-21 21:01:33-04:00,44.0
2011-04-21 21:01:36-04:00,44.0
2011-04-21 21:01:39-04:00,44.0
2011-04-21 21:01:42-04:00,44.0
2011-04-21 21:01:45-04:00,44.666666666666664
2011-04-21 21:01:48-04:00,44.5
2011-04-21 21:01:51-04:00,44.0
2011-04-21 21:01:54-04:00,44.333333333333336
2011-04-21 21:01:57-04:00,45.0
2011-04-21 21:02:00-04:00,45.0
2011-04-21 21:02:03-04:00,44.0
2011-04-21 21:02:06-04:00,44.0
2011-04-21 21:02:09-04:00,44.0
2011-04-21 21:02:12-04:00,44.0
2011-04-21 21:02:15-04:00,44.333333333333336
2011-04-21 21:02:18-04:00,44.666666666666664
2011-04-21 21:02:21-04:00,44.25
2011-04-21 21:02:24-04:00,45.0
2011-04-21 21:02:27-04:00,44.0
2011-04-21 21:02:30-04:00,44.0
2011-04-21 21:02:33-04:00,44.0
2011-04-21 21:02:36-04:00,44.0
2011-04-21 21:02:39-04:00,44.0
2011-04-21 21:02:42-04:00,44.0
2011-04-21 21:02:45-04:00,44.0
2011-04-21 21:02:48-04:00,44.0
2011-04-21 21:02:51-04:00,44.0
2011-04-21 21:02:54-04:00,44.0
2011-04-21 21:02:57-04:00,44.0
2011-04-21 21:03:00-04:00,44.0
2011-04-21 21:03:03-04:00,44.0
2011-04-21 21:03:06-04:00,44.0
2011-04-21 21:03:09-04:00,44.0
2011-04-21 21:03:12-04:00,44.0
2011-04-21 21:03:15-04:00,44.0
2011-04-21 21:03:18-04:00,44.0
2011-04-21 21:03:21-04:00,44.0
2011-04-21 21:03:24-04:00,44.0
2011-04-21 21:03:27-04:00,44.0
2011-04-21 21:03:30-04:00,44.0
2011-04-21 21:03:33-04:00,44.0
2011-04-21 21:03:36-04:00,44.0
2011-04-21 21:03:39-04:00,44.0
2011-04-21 21:03:42-04:00,44.0
2011-04-21 21:03:45-04:00,44.0
2011-04-21 21:03:48-04:00,44.0
2011-04-21 21:03:51-04:00,44.0
2011-04-21 21:03:54-04:00,44.0
2011-04-21 21:03:57-04:00,44.0
2011-04-21 21:04:00-04:00,44.0
2011-04-21 21:04:03-04:00,44.0
2011-04-21 21:04:06-04:00,44.0
2011-04-21 21:04:09-04:00,44.0
2011-04-21 21:04:12-04:00,44.0
2011-04-21 21:04:15-04:00,44.0
2011-04-21 21:04:18-04:00,44.0
2011-04-21 21:04:21-04:00,44.0
2011-04-21 21:04:24-04:00,44.0
2011-04-21 21:04:27-04:00,44.0
2011-04-21 21:04:30-04:00,44.0
2011-04-21 21:04:33-04:00,44.0
2011-04-21 21:04:36-04:00,44.0
2011-04-21 21:04:39-04:00,44.0
2011-04-21 21:04:42-04:00,44.0
2011-04-21 21:04:45-04:00,44.0
2011-04-21 21:04:48-04:00,44.0
2011-04-21 21:04:51-04:00,44.0
2011-04-21 21:04:54-04:00,44.0
2011-04-21 21:04:57-04:00,44.0
2011-04-21 21:05:00-04:00,44.0
2011-04-21 21:05:03-04:00,44.0
2011-04-21 21:05:06-04:00,44.0
2011-04-21 21:05:09-04:00,44.0
2011-04-21 21:05:12-04:00,44.0
2011-04-21 21:05:15-04:00,44.0
2011-04-21 21:05:18-04:00,44.0
2011-04-21 21:05:21-04:00,44.0
2011-04-21 21:05:24-04:00,44.0
2011-04-21 21:05:27-04:00,44.0
2011-04-21 21:05:30-04:00,44.0
2011-04-21 21:05:33-04:00,44.0
2011-04-21 21:05:36-04:00,44.0
2011-04-21 21:05:39-04:00,44.0
2011-04-21 21:05:42-04:00,44.0
2011-04-21 21:05:45-04:00,44.0
2011-04-21 21:05:48-04:00,44.0
2011-04-21 21:05:51-04:00,44.0
2011-04-21 21:05:54-04:00,44.0
2011-04-21 21:05:57-04:00,44.0
2011-04-21 21:06:00-04:00,44.0
2011-04-21 21:06:03-04:00,44.0
2011-04-21 21:06:06-04:00,44.0
2011-04-21 21:06:09-04:00,44.0
2011-04-21 21:06:12-04:00,44.0
2011-04-21 21:06:15-04:00,44.0
2011-04-21 21:06:18-04:00,44.0
2011-04-21 21:06:21-04:00,44.0
2011-04-21 21:06:24-04:00,44.0
2011-04-21 21:06:27-04:00,44.0
2011-04-21 21:06:30-04:00,44.0
2011-04-21 21:06:33-04:00,44.0
2011-04-21 21:06:36-04:00,44.0
2011-04-21 21:06:39-04:00,44.0
2011-04-21 21:06:42-04:00,44.0
2011-04-21 21:06:45-04:00,44.0
2011-04-21 21:06:48-04:00,44.0
2011-04-21 21:06:51-04:00,44.0
2011-04-21 21:06:54-04:00,44.0
2011-04-21 21:06:57-04:00,44.0
2011-04-21 21:07:00-04:00,44.0
2011-04-21 21:07:03-04:00,44.0
2011-04-21 21:07:06-04:00,44.0
2011-04-21 21:07:09-04:00,44.0
2011-04-21 21:07:12-04:00,44.0
2011-04-21 21:07:15-04:00,44.0
2011-04-21 21:07:18-04:00,44.0
2011-04-21 21:07:21-04:00,44.0
2011-04-21 21:07:24-04:00,44.0
2011-04-21 21:07:27-04:00,44.0
2011-04-21 21:07:30-04:00,44.0
2011-04-21 21:07:33-04:00,44.0
2011-04-21 21:07:36-04:00,44.0
2011-04-21 21:07:39-04:00,44.0
2011-04-21 21:07:42-04:00,44.0
2011-04-21 21:07:45-04:00,44.0
2011-04-21 21:07:48-04:00,44.0
2011-04-21 21:07:51-04:00,44.0
2011-04-21 21:07:54-04:00,44.0
2011-04-21 21:07:57-04:00,44.0
2011-04-21 21:08:00-04:00,44.0
2011-04-21 21:08:03-04:00,44.0
2011-04-21 21:08:06-04:00,44.0
2011-04-21 21:08:09-04:00,44.0
2011-04-21 21:08:12-04:00,44.0
2011-04-21 21:08:15-04:00,44.0
2011-04-21 21:08:18-04:00,44.0
2011-04-21 21:08:21-04:00,44.0
2011-04-21 21:08:24-04:00,44.0
2011-04-21 21:08:27-04:00,44.0
2011-04-21 21:08:30-04:00,44.0
2011-04-21 21:08:33-04:00,44.0
2011-04-21 21:08:36-04:00,44.0
2011-04-21 21:08:39-04:00,44.0
2011-04-21 21:08:42-04:00,44.0
2011-04-21 21:08:45-04:00,44.0
2011-04-21 21:08:48-04:00,44.0
2011-04-21 21:08:51-04:00,44.0
2011-04-21 21:08:54-04:00,44.0
2011-04-21 21:08:57-04:00,44.0
2011-04-21 21:09:00-04:00,44.0
2011-04-21 21:09:03-04:00,44.0
2011-04-21 21:09:06-04:00,44.0
2011-04-21 21:09:09-04:00,44.0
2011-04-21 21:09:12-04:00,44.0
2011-04-21 21:09:15-04:00,44.0
2011-04-21 21:09:18-04:00,44.0
2011-04-21 21:09:21-04:00,44.0
2011-04-21 21:09:24-04:00,44.0
2011-04-21 21:09:27-04:00,44.0
2011-04-21 21:09:30-04:00,44.0
2011-04-21 21:09:33-04:00,44.0
2011-04-21 21:09:36-04:00,44.0
2011-04-21 21:09:39-04:00,44.0
2011-04-21 21:09:42-04:00,44.0
2011-04-21 21:09:45-04:00,44.0
2011-04-21 21:09:48-04:00,44.0
2011-04-21 21:09:51-04:00,44.0
2011-04-21 21:09:54-04:00,44.0
2011-04-21 21:09:57-04:00,44.0
2011-04-21 21:10:00-04:00,44.0
2011-04-21 21:10:03-04:00,44.0
2011-04-21 21:10:06-04:00,44.0
2011-04-21 21:10:09-04:00,44.0
2011-04-21 21:10:12-04:00,44.0
2011-04-21 21:10:15-04:00,44.0
2011-04-21 21:10:18-04:00,44.0
2011-04-21 21:10:21-04:00,44.0
2011-04-21 21:10:24-04:00,44.0
2011-04-21 21:10:27-04:00,44.0
2011-04-21 21:10:30-04:00,44.0
2011-04-21 21:10:33-04:00,44.0
2011-04-21 21:10:36-04:00,44.0
2011-04-21 21:10:39-04:00,44.0
2011-04-21 21:10:42-04:00,44.0
2011-04-21 21:10:45-04:00,44.0
2011-04-21 21:10:48-04:00,44.0
2011-04-21 21:10:51-04:00,44.0
2011-04-21 21:10:54-04:00,44.0
2011-04-21 21:10:57-04:00,44.0
2011-04-21 21:11:00-04:00,44.0
2011-04-21 21:11:03-04:00,44.0
2011-04-21 21:11:06-04:00,44.0
2011-04-21 21:11:09-04:00,44.0
2011-04-21 21:11:12-04:00,44.0
2011-04-21 21:11:15-04:00,44.0
2011-04-21 21:11:18-04:00,44.0
2011-04-21 21:11:21-04:00,44.0
2011-04-21 21:11:24-04:00,44.0
2011-04-21 21:11:27-04:00,44.0
2011-04-21 21:11:30-04:00,44.0
2011-04-21 21:11:33-04:00,44.0
2011-04-21 21:11:36-04:00,44.0
2011-04-21 21:11:39-04:00,44.0
2011-04-21 21:11:42-04:00,44.0
2011-04-21 21:11:45-04:00,44.0
2011-04-21 21:11:48-04:00,44.0
2011-04-21 21:11:51-04:00,44.0
2011-04-21 21:11:54-04:00,44.0
2011-04-21 21:11:57-04:00,44.0
2011-04-21 21:12:00-04:00,44.0
2011-04-21 21:12:03-04:00,44.0
2011-04-21 21:12:06-04:00,44.0
2011-04-21 21:12:09-04:00,44.0
2011-04-21 21:12:12-04:00,44.0
2011-04-21 21:12:15-04:00,44.0
2011-04-21 21:12:18-04:00,44.0
2011-04-21 21:12:21-04:00,44.0
2011-04-21 21:12:24-04:00,44.0
2011-04-21 21:12:27-04:00,44.0
2011-04-21 21:12:30-04:00,44.0
2011-04-21 21:12:33-04:00,44.0
2011-04-21 21:12:36-04:00,44.0
2011-04-21 21:12:39-04:00,44.0
2011-04-21 21:12:42-04:00,44.0
2011-04-21 21:12:45-04:00,44.0
2011-04-21 21:12:48-04:00,44.0
2011-04-21 21:12:51-04:00,44.0
2011-04-21 21:12:54-04:00,44.0
2011-04-21 21:12:57-04:00,44.0
2011-04-21 21:13:00-04:00,44.0
2011-04-21 21:13:03-04:00,44.0
2011-04-21 21:13:06-04:00,44.0
2011-04-21 21:13:09-04:00,44.0
2011-04-21 21:13:12-04:00,44.0
2011-04-21 21:13:15-04:00,44.0
2011-04-21 21:13:18-04:00,44.0
2011-04-21 21:13:21-04:00,44.0
2011-04-21 21:13:24-04:00,44.0
2011-04-21 21:13:27-04:00,44.0
2011-04-21 21:13:30-04:00,44.0
2011-04-21 21:13:33-04:00,44.0
2011-04-21 21:13:36-04:00,44.0
2011-04-21 21:13:39-04:00,44.0
2011-04-21 21:13:42-04:00,44.0
2011-04-21 21:13:45-04:00,44.0
2011-04-21 21:13:48-04:00,44.0
2011-04-21 21:13:51-04:00,44.0
2011-04-21 21:13:54-04:00,44.0
2011-04-21 21:13:57-04:00,44.0
2011-04-21 21:14:00-04:00,44.0
2011-04-21 21:14:03-04:00,44.0
2011-04-21 21:14:06-04:00,44.0
2011-04-21 21:14:09-04:00,44.0
2011-04-21 21:14:12-04:00,44.0
2011-04-21 21:14:15-04:00,44.0
2011-04-21 21:14:18-04:00,44.0
2011-04-21 21:14:21-04:00,44.0
2011-04-21 21:14:24-04:00,44.0
2011-04-21 21:14:27-04:00,44.0
2011-04-21 21:14:30-04:00,44.333333333333336
2011-04-21 21:14:33-04:00,44.666666666666664
2011-04-21 21:14:36-04:00,45.0
2011-04-21 21:14:39-04:00,45.0
2011-04-21 21:14:42-04:00,45.0
2011-04-21 21:14:45-04:00,45.0
2011-04-21 21:14:48-04:00,45.0
2011-04-21 21:14:51-04:00,45.0
2011-04-21 21:14:54-04:00,45.0
2011-04-21 21:14:57-04:00,45.0
2011-04-21 21:15:00-04:00,45.0
2011-04-21 21:15:03-04:00,45.0
2011-04-21 21:15:06-04:00,45.0
2011-04-21 21:15:09-04:00,45.0
2011-04-21 21:15:12-04:00,45.0
2011-04-21 21:15:15-04:00,45.0
2011-04-21 21:15:18-04:00,45.0
2011-04-21 21:15:21-04:00,45.0
2011-04-21 21:15:24-04:00,45.0
2011-04-21 21:15:27-04:00,46.0
2011-04-21 21:15:30-04:00,45.666666666666664
2011-04-21 21:15:33-04:00,45.333333333333336
2011-04-21 21:15:36-04:00,45.0
2011-04-21 21:15:39-04:00,45.0
2011-04-21 21:15:42-04:00,45.0
2011-04-21 21:15:45-04:00,45.0
2011-04-21 21:15:48-04:00,45.0
2011-04-21 21:15:51-04:00,45.0
2011-04-21 21:15:54-04:00,45.0
2011-04-21 21:15:57-04:00,45.0
2011-04-21 21:16:00-04:00,45.0
2011-04-21 21:16:03-04:00,46.0
2011-04-21 21:16:06-04:00,45.25
2011-04-21 21:16:09-04:00,45.0
2011-04-21 21:16:12-04:00,45.0
2011-04-21 21:16:15-04:00,45.333333333333336
2011-04-21 21:16:18-04:00,45.75
2011-04-21 21:16:21-04:00,45.0
2011-04-21 21:16:24-04:00,45.0
2011-04-21 21:16:27-04:00,45.0
2011-04-21 21:16:30-04:00,45.0
2011-04-21 21:16:33-04:00,45.0
2011-04-21 21:16:36-04:00,45.0
2011-04-21 21:16:39-04:00,46.0
2011-04-21 21:16:42-04:00,45.25
2011-04-21 21:16:45-04:00,45.666666666666664
2011-04-21 21:16:48-04:00,46.0
2011-04-21 21:16:51-04:00,45.666666666666664
2011-04-21 21:16:54-04:00,45.0
2011-04-21 21:16:57-04:00,45.0
2011-04-21 21:17:00-04:00,45.0
2011-04-21 21:17:03-04:00,45.0
2011-04-21 21:17:06-04:00,45.0
2011-04-21 21:17:09-04:00,45.0
2011-04-21 21:17:12-04:00,45.0
2011-04-21 21:17:15-04:00,45.0
2011-04-21 21:17:18-04:00,45.333333333333336
2011-04-21 21:17:21-04:00,45.75
2011-04-21 21:17:24-04:00,45.0
2011-04-21 21:17:27-04:00,46.0
2011-04-21 21:17:30-04:00,45.666666666666664
2011-04-21 21:17:33-04:00,45.333333333333336
2011-04-21 21:17:36-04:00,45.0
2011-04-21 21:17:39-04:00,45.0
2011-04-21 21:17:42-04:00,45.0
2011-04-21 21:17:45-04:00,45.0
2011-04-21 21:17:48-04:00,45.0
2011-04-21 21:17:51-04:00,45.25
2011-04-21 21:17:54-04:00,46.0
2011-04-21 21:17:57-04:00,46.0
2011-04-21 21:18:00-04:00,46.0
2011-04-21 21:18:03-04:00,46.0
2011-04-21 21:18:06-04:00,46.0
2011-04-21 21:18:09-04:00,46.0
2011-04-21 21:18:12-04:00,46.0
2011-04-21 21:18:15-04:00,46.0
2011-04-21 21:18:18-04:00,46.0
2011-04-21 21:18:21-04:00,46.0
2011-04-21 21:18:24-04:00,46.0
2011-04-21 21:18:27-04:00,46.0
2011-04-21 21:18:30-04:00,46.0
2011-04-21 21:18:33-04:00,46.0
2011-04-21 21:18:36-04:00,46.0
2011-04-21 21:18:39-04:00,46.0
2011-04-21 21:18:42-04:00,46.0
2011-04-21 21:18:45-04:00,46.0
2011-04-21 21:18:48-04:00,97.66666666666666
2011-04-21 21:18:51-04:00,201.0
2011-04-21 21:18:54-04:00,201.0
2011-04-21 21:18:57-04:00,201.0
2011-04-21 21:19:00-04:00,201.0
2011-04-21 21:19:03-04:00,201.0
2011-04-21 21:19:06-04:00,201.66666666666666
2011-04-21 21:19:09-04:00,202.0
2011-04-21 21:19:12-04:00,202.0
2011-04-21 21:19:15-04:00,202.0
2011-04-21 21:19:18-04:00,202.0
2011-04-21 21:19:21-04:00,202.0
2011-04-21 21:19:24-04:00,202.0
2011-04-21 21:19:27-04:00,202.75
2011-04-21 21:19:30-04:00,202.75
2011-04-21 21:19:33-04:00,202.375
2011-04-21 21:19:36-04:00,202.0
2011-04-21 21:19:39-04:00,201.25
2011-04-21 21:19:42-04:00,201.66666666666666
2011-04-21 21:19:45-04:00,200.66666666666666
2011-04-21 21:19:48-04:00,200.5
2011-04-21 21:19:51-04:00,201.0
2011-04-21 21:19:54-04:00,201.0
2011-04-21 21:19:57-04:00,201.0
2011-04-21 21:20:00-04:00,201.0
2011-04-21 21:20:03-04:00,201.0
2011-04-21 21:20:06-04:00,201.0
2011-04-21 21:20:09-04:00,201.0
2011-04-21 21:20:12-04:00,201.0
2011-04-21 21:20:15-04:00,201.0
2011-04-21 21:20:18-04:00,201.0
2011-04-21 21:20:21-04:00,201.0
2011-04-21 21:20:24-04:00,201.0
2011-04-21 21:20:27-04:00,201.0
2011-04-21 21:20:30-04:00,201.0
2011-04-21 21:20:33-04:00,201.0
2011-04-21 21:20:36-04:00,201.0
2011-04-21 21:20:39-04:00,201.0
2011-04-21 21:20:42-04:00,201.0
2011-04-21 21:20:45-04:00,201.0
2011-04-21 21:20:48-04:00,201.0
2011-04-21 21:20:51-04:00,201.0
2011-04-21 21:20:54-04:00,201.25
2011-04-21 21:20:57-04:00,202.0
2011-04-21 21:21:00-04:00,202.0
2011-04-21 21:21:03-04:00,202.0
2011-04-21 21:21:06-04:00,202.0
2011-04-21 21:21:09-04:00,202.0
2011-04-21 21:21:12-04:00,202.0
2011-04-21 21:21:15-04:00,202.0
2011-04-21 21:21:18-04:00,202.0
2011-04-21 21:21:21-04:00,202.0
2011-04-21 21:21:24-04:00,202.0
2011-04-21 21:21:27-04:00,202.0
2011-04-21 21:21:30-04:00,202.0
2011-04-21 21:21:33-04:00,202.0
2011-04-21 21:21:36-04:00,202.0
2011-04-21 21:21:39-04:00,202.0
2011-04-21 21:21:42-04:00,201.33333333333334
2011-04-21 21:21:45-04:00,201.0
2011-04-21 21:21:48-04:00,201.5
2011-04-21 21:21:51-04:00,202.0
2011-04-21 21:21:54-04:00,202.0
2011-04-21 21:21:57-04:00,202.0
2011-04-21 21:22:00-04:00,202.0
2011-04-21 21:22:03-04:00,202.0
2011-04-21 21:22:06-04:00,202.0
2011-04-21 21:22:09-04:00,202.0
2011-04-21 21:22:12-04:00,202.0
2011-04-21 21:22:15-04:00,202.0
2011-04-21 21:22:18-04:00,202.0
2011-04-21 21:22:21-04:00,202.0
2011-04-21 21:22:24-04:00,202.0
2011-04-21 21:22:27-04:00,202.0
2011-04-21 21:22:30-04:00,202.0
2011-04-21 21:22:33-04:00,202.0
2011-04-21 21:22:36-04:00,202.0
2011-04-21 21:22:39-04:00,200.66666666666666
2011-04-21 21:22:42-04:00,200.0
2011-04-21 21:22:45-04:00,200.0
2011-04-21 21:22:48-04:00,200.0
2011-04-21 21:22:51-04:00,200.0
2011-04-21 21:22:54-04:00,200.0
2011-04-21 21:22:57-04:00,200.0
2011-04-21 21:23:00-04:00,200.0
2011-04-21 21:23:03-04:00,200.0
2011-04-21 21:23:06-04:00,200.66666666666666
2011-04-21 21:23:09-04:00,200.5
2011-04-21 21:23:12-04:00,200.0
2011-04-21 21:23:15-04:00,199.0
2011-04-21 21:23:18-04:00,196.0
2011-04-21 21:23:21-04:00,200.0
2011-04-21 21:23:24-04:00,199.0
2011-04-21 21:23:27-04:00,199.33333333333334
2011-04-21 21:23:30-04:00,199.66666666666666
2011-04-21 21:23:33-04:00,200.0
2011-04-21 21:23:36-04:00,200.0
2011-04-21 21:23:39-04:00,200.0
2011-04-21 21:23:42-04:00,200.0
2011-04-21 21:23:45-04:00,200.33333333333334
2011-04-21 21:23:48-04:00,201.0
2011-04-21 21:23:51-04:00,201.0
2011-04-21 21:23:54-04:00,201.0
2011-04-21 21:23:57-04:00,201.0
2011-04-21 21:24:00-04:00,201.0
2011-04-21 21:24:03-04:00,201.0
2011-04-21 21:24:06-04:00,201.0
2011-04-21 21:24:09-04:00,201.0
2011-04-21 21:24:12-04:00,201.0
2011-04-21 21:24:15-04:00,201.0
2011-04-21 21:24:18-04:00,201.0
2011-04-21 21:24:21-04:00,201.0
2011-04-21 21:24:24-04:00,201.0
2011-04-21 21:24:27-04:00,201.0
2011-04-21 21:24:30-04:00,201.0
2011-04-21 21:24:33-04:00,201.0
2011-04-21 21:24:36-04:00,201.0
2011-04-21 21:24:39-04:00,201.0
2011-04-21 21:24:42-04:00,201.0
2011-04-21 21:24:45-04:00,201.0
2011-04-21 21:24:48-04:00,201.0
2011-04-21 21:24:51-04:00,201.0
2011-04-21 21:24:54-04:00,201.0
2011-04-21 21:24:57-04:00,200.25
2011-04-21 21:25:00-04:00,200.0
2011-04-21 21:25:03-04:00,200.0
2011-04-21 21:25:06-04:00,200.0
2011-04-21 21:25:09-04:00,199.66666666666666
2011-04-21 21:25:12-04:00,199.25
2011-04-21 21:25:15-04:00,200.0
2011-04-21 21:25:18-04:00,199.0
2011-04-21 21:25:21-04:00,199.75
2011-04-21 21:25:24-04:00,200.0
2011-04-21 21:25:27-04:00,199.55555555555554
2011-04-21 21:25:30-04:00,198.88888888888889
2011-04-21 21:25:33-04:00,198.22222222222223
2011-04-21 21:25:36-04:00,198.0
2011-04-21 21:25:39-04:00,198.0
2011-04-21 21:25:42-04:00,198.0
2011-04-21 21:25:45-04:00,198.0
2011-04-21 21:25:48-04:00,198.0
2011-04-21 21:25:51-04:00,198.0
2011-04-21 21:25:54-04:00,198.75
2011-04-21 21:25:57-04:00,199.0
2011-04-21 21:26:00-04:00,199.0
2011-04-21 21:26:03-04:00,199.0
2011-04-21 21:26:06-04:00,199.0
2011-04-21 21:26:09-04:00,198.0
2011-04-21 21:26:12-04:00,198.0
2011-04-21 21:26:15-04:00,198.66666666666666
2011-04-21 21:26:18-04:00,199.0
2011-04-21 21:26:21-04:00,199.0
2011-04-21 21:26:24-04:00,198.75
2011-04-21 21:26:27-04:00,198.0
2011-04-21 21:26:30-04:00,198.75
2011-04-21 21:26:33-04:00,199.5
2011-04-21 21:26:36-04:00,200.0
2011-04-21 21:26:39-04:00,200.0
2011-04-21 21:26:42-04:00,200.0
2011-04-21 21:26:45-04:00,200.0
2011-04-21 21:26:48-04:00,200.66666666666666
2011-04-21 21:26:51-04:00,201.0
2011-04-21 21:26:54-04:00,200.66666666666666
2011-04-21 21:26:57-04:00,200.0
2011-04-21 21:27:00-04:00,200.0
2011-04-21 21:27:03-04:00,200.0
2011-04-21 21:27:06-04:00,200.0
2011-04-21 21:27:09-04:00,200.75
2011-04-21 21:27:12-04:00,201.0
2011-04-21 21:27:15-04:00,201.0
2011-04-21 21:27:18-04:00,200.75
2011-04-21 21:27:21-04:00,200.0
2011-04-21 21:27:24-04:00,200.0
2011-04-21 21:27:27-04:00,200.33333333333334
2011-04-21 21:27:30-04:00,200.66666666666666
2011-04-21 21:27:33-04:00,201.0
2011-04-21 21:27:36-04:00,183.75
2011-04-21 21:27:39-04:00,178.0
2011-04-21 21:27:42-04:00,178.0
2011-04-21 21:27:45-04:00,178.0
2011-04-21 21:27:48-04:00,178.0
2011-04-21 21:27:51-04:00,177.75
2011-04-21 21:27:54-04:00,177.0
2011-04-21 21:27:57-04:00,177.75
2011-04-21 21:28:00-04:00,178.0
2011-04-21 21:28:03-04:00,178.0
2011-04-21 21:28:06-04:00,178.0
2011-04-21 21:28:09-04:00,178.0
2011-04-21 21:28:12-04:00,178.0
2011-04-21 21:28:15-04:00,178.0
2011-04-21 21:28:18-04:00,177.0
2011-04-21 21:28:21-04:00,176.0
2011-04-21 21:28:24-04:00,176.0
2011-04-21 21:28:27-04:00,176.0
2011-04-21 21:28:30-04:00,176.0
2011-04-21 21:28:33-04:00,176.0
2011-04-21 21:28:36-04:00,176.0
2011-04-21 21:28:39-04:00,176.0
2011-04-21 21:28:42-04:00,176.0
2011-04-21 21:28:45-04:00,176.0
2011-04-21 21:28:48-04:00,176.5
2011-04-21 21:28:51-04:00,177.0
2011-04-21 21:28:54-04:00,177.0
2011-04-21 21:28:57-04:00,176.0
2011-04-21 21:29:00-04:00,176.75
2011-04-21 21:29:03-04:00,177.0
2011-04-21 21:29:06-04:00,176.5
2011-04-21 21:29:09-04:00,176.33333333333334
2011-04-21 21:29:12-04:00,176.75
2011-04-21 21:29:15-04:00,176.0
2011-04-21 21:29:18-04:00,177.0
2011-04-21 21:29:21-04:00,177.0
2011-04-21 21:29:24-04:00,177.0
2011-04-21 21:29:27-04:00,177.22222222222223
2011-04-21 21:29:30-04:00,177.55555555555554
2011-04-21 21:29:33-04:00,177.88888888888889
2011-04-21 21:29:36-04:00,178.0
2011-04-21 21:29:39-04:00,178.0
2011-04-21 21:29:42-04:00,178.0
2011-04-21 21:29:45-04:00,178.0
2011-04-21 21:29:48-04:00,178.0
2011-04-21 21:29:51-04:00,178.0
2011-04-21 21:29:54-04:00,178.0
2011-04-21 21:29:57-04:00,178.0
2011-04-21 21:30:00-04:00,178.0
2011-04-21 21:30:03-04:00,178.0
2011-04-21 21:30:06-04:00,178.0
2011-04-21 21:30:09-04:00,178.0
2011-04-21 21:30:12-04:00,178.0
2011-04-21 21:30:15-04:00,178.0
2011-04-21 21:30:18-04:00,178.0
2011-04-21 21:30:21-04:00,178.0
2011-04-21 21:30:24-04:00,178.0
2011-04-21 21:30:27-04:00,178.0
2011-04-21 21:30:30-04:00,178.0
2011-04-21 21:30:33-04:00,178.0
2011-04-21 21:30:36-04:00,178.0
2011-04-21 21:30:39-04:00,178.0
2011-04-21 21:30:42-04:00,178.0
2011-04-21 21:30:45-04:00,178.0
2011-04-21 21:30:48-04:00,178.0
2011-04-21 21:30:51-04:00,178.0
2011-04-21 21:30:54-04:00,178.0
2011-04-21 21:30:57-04:00,187.33333333333334
2011-04-21 21:31:00-04:00,206.25
2011-04-21 21:31:03-04:00,207.0
2011-04-21 21:31:06-04:00,207.0
2011-04-21 21:31:09-04:00,207.0
2011-04-21 21:31:12-04:00,206.33333333333334
2011-04-21 21:31:15-04:00,206.0
2011-04-21 21:31:18-04:00,205.33333333333334
2011-04-21 21:31:21-04:00,204.0
2011-04-21 21:31:24-04:00,204.0
2011-04-21 21:31:27-04:00,204.0
2011-04-21 21:31:30-04:00,203.625
2011-04-21 21:31:33-04:00,203.25
2011-04-21 21:31:36-04:00,203.0
2011-04-21 21:31:39-04:00,203.0
2011-04-21 21:31:42-04:00,203.0
2011-04-21 21:31:45-04:00,202.0
2011-04-21 21:31:48-04:00,204.0
2011-04-21 21:31:51-04:00,204.0
2011-04-21 21:31:54-04:00,203.33333333333334
2011-04-21 21:31:57-04:00,203.5
2011-04-21 21:32:00-04:00,203.75
2011-04-21 21:32:03-04:00,203.0
2011-04-21 21:32:06-04:00,203.0
2011-04-21 21:32:09-04:00,203.0
2011-04-21 21:32:12-04:00,203.0
2011-04-21 21:32:15-04:00,203.0
2011-04-21 21:32:18-04:00,203.0
2011-04-21 21:32:21-04:00,203.0
2011-04-21 21:32:24-04:00,202.75
2011-04-21 21:32:27-04:00,202.0
2011-04-21 21:32:30-04:00,202.0
2011-04-21 21:32:33-04:00,202.0
2011-04-21 21:32:36-04:00,202.0
2011-04-21 21:32:39-04:00,202.0
2011-04-21 21:32:42-04:00,202.0
2011-04-21 21:32:45-04:00,202.0
2011-04-21 21:32:48-04:00,202.0
2011-04-21 21:32:51-04:00,202.0
2011-04-21 21:32:54-04:00,202.0
2011-04-21 21:32:57-04:00,202.0
2011-04-21 21:33:00-04:00,202.0
2011-04-21 21:33:03-04:00,202.0
2011-04-21 21:33:06-04:00,202.0
2011-04-21 21:33:09-04:00,202.0
2011-04-21 21:33:12-04:00,202.0
2011-04-21 21:33:15-04:00,202.0
2011-04-21 21:33:18-04:00,202.0
2011-04-21 21:33:21-04:00,202.0
2011-04-21 21:33:24-04:00,202.0
2011-04-21 21:33:27-04:00,202.0
2011-04-21 21:33:30-04:00,202.0
2011-04-21 21:33:33-04:00,202.0
2011-04-21 21:33:36-04:00,202.0
2011-04-21 21:33:39-04:00,202.0
2011-04-21 21:33:42-04:00,202.0
2011-04-21 21:33:45-04:00,202.0
2011-04-21 21:33:48-04:00,202.0
2011-04-21 21:33:51-04:00,202.0
2011-04-21 21:33:54-04:00,202.0
2011-04-21 21:33:57-04:00,202.0
2011-04-21 21:34:00-04:00,202.0
2011-04-21 21:34:03-04:00,202.66666666666666
2011-04-21 21:34:06-04:00,203.0
2011-04-21 21:34:09-04:00,202.66666666666666
2011-04-21 21:34:12-04:00,202.25
2011-04-21 21:34:15-04:00,203.0
2011-04-21 21:34:18-04:00,202.0
2011-04-21 21:34:21-04:00,202.0
2011-04-21 21:34:24-04:00,202.0
2011-04-21 21:34:27-04:00,202.0
2011-04-21 21:34:30-04:00,202.0
2011-04-21 21:34:33-04:00,202.0
2011-04-21 21:34:36-04:00,202.0
2011-04-21 21:34:39-04:00,202.0
2011-04-21 21:34:42-04:00,202.33333333333334
2011-04-21 21:34:45-04:00,203.0
2011-04-21 21:34:48-04:00,203.0
2011-04-21 21:34:51-04:00,202.0
2011-04-21 21:34:54-04:00,202.75
2011-04-21 21:34:57-04:00,203.0
2011-04-21 21:35:00-04:00,203.0
2011-04-21 21:35:03-04:00,203.0
2011-04-21 21:35:06-04:00,203.0
2011-04-21 21:35:09-04:00,202.75
2011-04-21 21:35:12-04:00,202.0
2011-04-21 21:35:15-04:00,203.0
2011-04-21 21:35:18-04:00,203.0
2011-04-21 21:35:21-04:00,202.33333333333334
2011-04-21 21:35:24-04:00,202.0
2011-04-21 21:35:27-04:00,202.0
2011-04-21 21:35:30-04:00,202.0
2011-04-21 21:35:33-04:00,202.0
2011-04-21 21:35:36-04:00,202.5
2011-04-21 21:35:39-04:00,202.66666666666666
2011-04-21 21:35:42-04:00,202.0
2011-04-21 21:35:45-04:00,202.0
2011-04-21 21:35:48-04:00,203.0
2011-04-21 21:35:51-04:00,203.0
2011-04-21 21:35:54-04:00,202.33333333333334
2011-04-21 21:35:57-04:00,202.5
2011-04-21 21:36:00-04:00,203.0
2011-04-21 21:36:03-04:00,203.0
2011-04-21 21:36:06-04:00,203.0
2011-04-21 21:36:09-04:00,203.0
2011-04-21 21:36:12-04:00,203.0
2011-04-21 21:36:15-04:00,202.25
2011-04-21 21:36:18-04:00,202.66666666666666
2011-04-21 21:36:21-04:00,203.0
2011-04-21 21:36:24-04:00,203.0
2011-04-21 21:36:27-04:00,203.0
2011-04-21 21:36:30-04:00,203.0
2011-04-21 21:36:33-04:00,203.0
2011-04-21 21:36:36-04:00,203.0
2011-04-21 21:36:39-04:00,203.0
2011-04-21 21:36:42-04:00,203.0
2011-04-21 21:36:45-04:00,203.0
2011-04-21 21:36:48-04:00,203.0
2011-04-21 21:36:51-04:00,202.5
2011-04-21 21:36:54-04:00,202.33333333333334
2011-04-21 21:36:57-04:00,202.75
2011-04-21 21:37:00-04:00,202.0
2011-04-21 21:37:03-04:00,203.0
2011-04-21 21:37:06-04:00,203.0
2011-04-21 21:37:09-04:00,203.0
2011-04-21 21:37:12-04:00,203.0
2011-04-21 21:37:15-04:00,203.0
2011-04-21 21:37:18-04:00,203.0
2011-04-21 21:37:21-04:00,203.0
2011-04-21 21:37:24-04:00,203.0
2011-04-21 21:37:27-04:00,203.0
2011-04-21 21:37:30-04:00,203.0
2011-04-21 21:37:33-04:00,203.0
2011-04-21 21:37:36-04:00,203.0
2011-04-21 21:37:39-04:00,179.0
2011-04-21 21:37:42-04:00,179.0
2011-04-21 21:37:45-04:00,75.66666666666667
2011-04-21 21:37:48-04:00,23.333333333333332
2011-04-21 21:37:51-04:00,97.0
2011-04-21 21:37:54-04:00,171.0
2011-04-21 21:37:57-04:00,171.0
2011-04-21 21:38:00-04:00,171.0
2011-04-21 21:38:03-04:00,171.0
2011-04-21 21:38:06-04:00,171.0
2011-04-21 21:38:09-04:00,170.33333333333334
2011-04-21 21:38:12-04:00,170.0
2011-04-21 21:38:15-04:00,170.0
2011-04-21 21:38:18-04:00,170.0
2011-04-21 21:38:21-04:00,170.25
2011-04-21 21:38:24-04:00,171.0
2011-04-21 21:38:27-04:00,170.0
2011-04-21 21:38:30-04:00,170.0
2011-04-21 21:38:33-04:00,170.0
2011-04-21 21:38:36-04:00,170.0
2011-04-21 21:38:39-04:00,170.0
2011-04-21 21:38:42-04:00,170.0
2011-04-21 21:38:45-04:00,170.0
2011-04-21 21:38:48-04:00,170.33333333333334
2011-04-21 21:38:51-04:00,171.0
2011-04-21 21:38:54-04:00,171.0
2011-04-21 21:38:57-04:00,171.0
2011-04-21 21:39:00-04:00,171.0
2011-04-21 21:39:03-04:00,170.0
2011-04-21 21:39:06-04:00,170.0
2011-04-21 21:39:09-04:00,170.0
2011-04-21 21:39:12-04:00,170.0
2011-04-21 21:39:15-04:00,170.0
2011-04-21 21:39:18-04:00,170.0
2011-04-21 21:39:21-04:00,170.0
2011-04-21 21:39:24-04:00,171.0
2011-04-21 21:39:27-04:00,171.0
2011-04-21 21:39:30-04:00,171.0
2011-04-21 21:39:33-04:00,171.0
2011-04-21 21:39:36-04:00,171.0
2011-04-21 21:39:39-04:00,171.0
2011-04-21 21:39:42-04:00,171.0
2011-04-21 21:39:45-04:00,171.0
2011-04-21 21:39:48-04:00,171.0
2011-04-21 21:39:51-04:00,171.0
2011-04-21 21:39:54-04:00,171.0
2011-04-21 21:39:57-04:00,170.0
2011-04-21 21:40:00-04:00,171.0
2011-04-21 21:40:03-04:00,171.0
2011-04-21 21:40:06-04:00,171.0
2011-04-21 21:40:09-04:00,170.5
2011-04-21 21:40:12-04:00,170.0
2011-04-21 21:40:15-04:00,170.0
2011-04-21 21:40:18-04:00,170.0
2011-04-21 21:40:21-04:00,170.0
2011-04-21 21:40:24-04:00,170.0
2011-04-21 21:40:27-04:00,170.0
2011-04-21 21:40:30-04:00,170.0
2011-04-21 21:40:33-04:00,170.0
2011-04-21 21:40:36-04:00,170.0
2011-04-21 21:40:39-04:00,170.66666666666666
2011-04-21 21:40:42-04:00,170.5
2011-04-21 21:40:45-04:00,170.0
2011-04-21 21:40:48-04:00,170.0
2011-04-21 21:40:51-04:00,170.0
2011-04-21 21:40:54-04:00,170.0
2011-04-21 21:40:57-04:00,170.0
2011-04-21 21:41:00-04:00,170.66666666666666
2011-04-21 21:41:03-04:00,170.33333333333334
2011-04-21 21:41:06-04:00,170.5
2011-04-21 21:41:09-04:00,171.0
2011-04-21 21:41:12-04:00,170.75
2011-04-21 21:41:15-04:00,170.0
2011-04-21 21:41:18-04:00,171.0
2011-04-21 21:41:21-04:00,171.0
2011-04-21 21:41:24-04:00,171.0
2011-04-21 21:41:27-04:00,171.0
2011-04-21 21:41:30-04:00,171.0
2011-04-21 21:41:33-04:00,171.0
2011-04-21 21:41:36-04:00,171.0
2011-04-21 21:41:39-04:00,171.0
2011-04-21 21:41:42-04:00,171.0
2011-04-21 21:41:45-04:00,171.0
2011-04-21 21:41:48-04:00,170.66666666666666
2011-04-21 21:41:51-04:00,170.25
2011-04-21 21:41:54-04:00,171.0
2011-04-21 21:41:57-04:00,171.0
2011-04-21 21:42:00-04:00,171.0
2011-04-21 21:42:03-04:00,171.0
2011-04-21 21:42:06-04:00,171.0
2011-04-21 21:42:09-04:00,171.0
2011-04-21 21:42:12-04:00,171.0
2011-04-21 21:42:15-04:00,171.0
2011-04-21 21:42:18-04:00,171.0
2011-04-21 21:42:21-04:00,171.0
2011-04-21 21:42:24-04:00,171.0
2011-04-21 21:42:27-04:00,171.0
2011-04-21 21:42:30-04:00,171.0
2011-04-21 21:42:33-04:00,171.0
2011-04-21 21:42:36-04:00,171.0
2011-04-21 21:42:39-04:00,171.0
2011-04-21 21:42:42-04:00,171.0
2011-04-21 21:42:45-04:00,170.5
2011-04-21 21:42:48-04:00,170.33333333333334
2011-04-21 21:42:51-04:00,170.75
2011-04-21 21:42:54-04:00,170.0
2011-04-21 21:42:57-04:00,171.0
2011-04-21 21:43:00-04:00,171.0
2011-04-21 21:43:03-04:00,170.33333333333334
2011-04-21 21:43:06-04:00,170.0
2011-04-21 21:43:09-04:00,170.0
2011-04-21 21:43:12-04:00,170.33333333333334
2011-04-21 21:43:15-04:00,170.75
2011-04-21 21:43:18-04:00,170.0
2011-04-21 21:43:21-04:00,171.0
2011-04-21 21:43:24-04:00,170.25
2011-04-21 21:43:27-04:00,170.0
2011-04-21 21:43:30-04:00,170.0
2011-04-21 21:43:33-04:00,170.0
2011-04-21 21:43:36-04:00,170.75
2011-04-21 21:43:39-04:00,171.0
2011-04-21 21:43:42-04:00,171.0
2011-04-21 21:43:45-04:00,171.0
2011-04-21 21:43:48-04:00,170.66666666666666
2011-04-21 21:43:51-04:00,170.25
2011-04-21 21:43:54-04:00,171.0
2011-04-21 21:43:57-04:00,170.0
2011-04-21 21:44:00-04:00,171.0
2011-04-21 21:44:03-04:00,170.25
2011-04-21 21:44:06-04:00,170.66666666666666
2011-04-21 21:44:09-04:00,171.0
2011-04-21 21:44:12-04:00,170.66666666666666
2011-04-21 21:44:15-04:00,170.0
2011-04-21 21:44:18-04:00,170.0
2011-04-21 21:44:21-04:00,170.0
2011-04-21 21:44:24-04:00,170.75
2011-04-21 21:44:27-04:00,170.77777777777777
2011-04-21 21:44:30-04:00,170.44444444444446
2011-04-21 21:44:33-04:00,170.11111111111111
2011-04-21 21:44:36-04:00,170.66666666666666
2011-04-21 21:44:39-04:00,171.0
2011-04-21 21:44:42-04:00,171.0
2011-04-21 21:44:45-04:00,171.0
2011-04-21 21:44:48-04:00,171.0
2011-04-21 21:44:51-04:00,171.0
2011-04-21 21:44:54-04:00,171.0
2011-04-21 21:44:57-04:00,171.0
2011-04-21 21:45:00-04:00,171.0
2011-04-21 21:45:03-04:00,171.0
2011-04-21 21:45:06-04:00,171.0
2011-04-21 21:45:09-04:00,171.0
2011-04-21 21:45:12-04:00,171.0
2011-04-21 21:45:15-04:00,171.0
2011-04-21 21:45:18-04:00,171.0
2011-04-21 21:45:21-04:00,171.0
2011-04-21 21:45:24-04:00,171.0
2011-04-21 21:45:27-04:00,171.0
2011-04-21 21:45:30-04:00,171.0
2011-04-21 21:45:33-04:00,171.0
2011-04-21 21:45:36-04:00,171.0
2011-04-21 21:45:39-04:00,171.0
2011-04-21 21:45:42-04:00,171.0
2011-04-21 21:45:45-04:00,171.0
2011-04-21 21:45:48-04:00,171.0
2011-04-21 21:45:51-04:00,171.0
2011-04-21 21:45:54-04:00,171.0
2011-04-21 21:45:57-04:00,171.0
2011-04-21 21:46:00-04:00,171.0
2011-04-21 21:46:03-04:00,171.0
2011-04-21 21:46:06-04:00,171.0
2011-04-21 21:46:09-04:00,171.0
2011-04-21 21:46:12-04:00,171.0
2011-04-21 21:46:15-04:00,171.0
2011-04-21 21:46:18-04:00,171.0
2011-04-21 21:46:21-04:00,171.0
2011-04-21 21:46:24-04:00,171.0
2011-04-21 21:46:27-04:00,171.0
2011-04-21 21:46:30-04:00,171.0
2011-04-21 21:46:33-04:00,171.0
2011-04-21 21:46:36-04:00,171.0
2011-04-21 21:46:39-04:00,171.0
2011-04-21 21:46:42-04:00,170.0
2011-04-21 21:46:45-04:00,170.0
2011-04-21 21:46:48-04:00,170.5
2011-04-21 21:46:51-04:00,170.66666666666666
2011-04-21 21:46:54-04:00,170.25
2011-04-21 21:46:57-04:00,171.0
2011-04-21 21:47:00-04:00,171.0
2011-04-21 21:47:03-04:00,171.0
2011-04-21 21:47:06-04:00,171.0
2011-04-21 21:47:09-04:00,171.0
2011-04-21 21:47:12-04:00,171.0
2011-04-21 21:47:15-04:00,170.25
2011-04-21 21:47:18-04:00,170.5
2011-04-21 21:47:21-04:00,170.66666666666666
2011-04-21 21:47:24-04:00,170.0
2011-04-21 21:47:27-04:00,170.0
2011-04-21 21:47:30-04:00,170.375
2011-04-21 21:47:33-04:00,170.75
2011-04-21 21:47:36-04:00,170.75
2011-04-21 21:47:39-04:00,170.0
2011-04-21 21:47:42-04:00,170.0
2011-04-21 21:47:45-04:00,170.0
2011-04-21 21:47:48-04:00,170.0
2011-04-21 21:47:51-04:00,170.0
2011-04-21 21:47:54-04:00,170.0
2011-04-21 21:47:57-04:00,170.0
2011-04-21 21:48:00-04:00,170.0
2011-04-21 21:48:03-04:00,170.0
2011-04-21 21:48:06-04:00,170.0
2011-04-21 21:48:09-04:00,170.0
2011-04-21 21:48:12-04:00,170.0
2011-04-21 21:48:15-04:00,170.0
2011-04-21 21:48:18-04:00,170.0
2011-04-21 21:48:21-04:00,170.0
2011-04-21 21:48:24-04:00,170.0
2011-04-21 21:48:27-04:00,170.0
2011-04-21 21:48:30-04:00,170.0
2011-04-21 21:48:33-04:00,170.0
2011-04-21 21:48:36-04:00,170.0
2011-04-21 21:48:39-04:00,170.0
2011-04-21 21:48:42-04:00,170.0
2011-04-21 21:48:45-04:00,170.0
2011-04-21 21:48:48-04:00,170.0
2011-04-21 21:48:51-04:00,170.0
2011-04-21 21:48:54-04:00,170.0
2011-04-21 21:48:57-04:00,170.0
2011-04-21 21:49:00-04:00,170.0
2011-04-21 21:49:03-04:00,170.0
2011-04-21 21:49:06-04:00,170.0
2011-04-21 21:49:09-04:00,170.0
2011-04-21 21:49:12-04:00,170.0
2011-04-21 21:49:15-04:00,170.0
2011-04-21 21:49:18-04:00,170.0
2011-04-21 21:49:21-04:00,170.0
2011-04-21 21:49:24-04:00,170.0
2011-04-21 21:49:27-04:00,170.0
2011-04-21 21:49:30-04:00,170.0
2011-04-21 21:49:33-04:00,170.0
2011-04-21 21:49:36-04:00,170.0
2011-04-21 21:49:39-04:00,170.0
2011-04-21 21:49:42-04:00,170.0
2011-04-21 21:49:45-04:00,170.0
2011-04-21 21:49:48-04:00,170.0
2011-04-21 21:49:51-04:00,170.0
2011-04-21 21:49:54-04:00,170.0
2011-04-21 21:49:57-04:00,170.0
2011-04-21 21:50:00-04:00,170.0
2011-04-21 21:50:03-04:00,170.0
2011-04-21 21:50:06-04:00,170.0
2011-04-21 21:50:09-04:00,170.0
2011-04-21 21:50:12-04:00,170.0
2011-04-21 21:50:15-04:00,170.0
2011-04-21 21:50:18-04:00,170.0
2011-04-21 21:50:21-04:00,170.0
2011-04-21 21:50:24-04:00,170.0
2011-04-21 21:50:27-04:00,170.0
2011-04-21 21:50:30-04:00,170.0
2011-04-21 21:50:33-04:00,170.0
2011-04-21 21:50:36-04:00,170.0
2011-04-21 21:50:39-04:00,170.0
2011-04-21 21:50:42-04:00,170.0
2011-04-21 21:50:45-04:00,170.0
2011-04-21 21:50:48-04:00,170.0
2011-04-21 21:50:51-04:00,170.0
2011-04-21 21:50:54-04:00,170.0
2011-04-21 21:50:57-04:00,170.0
2011-04-21 21:51:00-04:00,170.0
2011-04-21 21:51:03-04:00,170.0
2011-04-21 21:51:06-04:00,170.0
2011-04-21 21:51:09-04:00,170.0
2011-04-21 21:51:12-04:00,170.0
2011-04-21 21:51:15-04:00,170.0
2011-04-21 21:51:18-04:00,170.0
2011-04-21 21:51:21-04:00,170.0
2011-04-21 21:51:24-04:00,170.0
2011-04-21 21:51:27-04:00,170.0
2011-04-21 21:51:30-04:00,170.0
2011-04-21 21:51:33-04:00,170.0
2011-04-21 21:51:36-04:00,170.0
2011-04-21 21:51:39-04:00,170.0
2011-04-21 21:51:42-04:00,170.0
2011-04-21 21:51:45-04:00,170.0
2011-04-21 21:51:48-04:00,170.0
2011-04-21 21:51:51-04:00,170.0
2011-04-21 21:51:54-04:00,170.0
2011-04-21 21:51:57-04:00,170.0
2011-04-21 21:52:00-04:00,170.0
2011-04-21 21:52:03-04:00,170.0
2011-04-21 21:52:06-04:00,170.0
2011-04-21 21:52:09-04:00,170.0
2011-04-21 21:52:12-04:00,170.0
2011-04-21 21:52:15-04:00,170.0
2011-04-21 21:52:18-04:00,170.0
2011-04-21 21:52:21-04:00,170.0
2011-04-21 21:52:24-04:00,170.25
2011-04-21 21:52:27-04:00,171.0
2011-04-21 21:52:30-04:00,171.0
2011-04-21 21:52:33-04:00,171.0
2011-04-21 21:52:36-04:00,171.0
2011-04-21 21:52:39-04:00,171.0
2011-04-21 21:52:42-04:00,171.0
2011-04-21 21:52:45-04:00,171.0
2011-04-21 21:52:48-04:00,171.0
2011-04-21 21:52:51-04:00,171.0
2011-04-21 21:52:54-04:00,171.0
2011-04-21 21:52:57-04:00,171.0
2011-04-21 21:53:00-04:00,171.0
2011-04-21 21:53:03-04:00,171.0
2011-04-21 21:53:06-04:00,171.0
2011-04-21 21:53:09-04:00,171.0
2011-04-21 21:53:12-04:00,171.0
2011-04-21 21:53:15-04:00,171.0
2011-04-21 21:53:18-04:00,171.0
2011-04-21 21:53:21-04:00,171.0
2011-04-21 21:53:24-04:00,171.0
2011-04-21 21:53:27-04:00,171.0
2011-04-21 21:53:30-04:00,171.0
2011-04-21 21:53:33-04:00,171.0
2011-04-21 21:53:36-04:00,171.0
2011-04-21 21:53:39-04:00,171.0
2011-04-21 21:53:42-04:00,171.0
2011-04-21 21:53:45-04:00,171.0
2011-04-21 21:53:48-04:00,171.0
2011-04-21 21:53:51-04:00,171.0
2011-04-21 21:53:54-04:00,171.0
2011-04-21 21:53:57-04:00,171.0
2011-04-21 21:54:00-04:00,171.0
2011-04-21 21:54:03-04:00,171.0
2011-04-21 21:54:06-04:00,171.0
2011-04-21 21:54:09-04:00,171.0
2011-04-21 21:54:12-04:00,171.0
2011-04-21 21:54:15-04:00,171.0
2011-04-21 21:54:18-04:00,171.0
2011-04-21 21:54:21-04:00,171.0
2011-04-21 21:54:24-04:00,171.0
2011-04-21 21:54:27-04:00,171.0
2011-04-21 21:54:30-04:00,171.0
2011-04-21 21:54:33-04:00,171.0
2011-04-21 21:54:36-04:00,171.0
2011-04-21 21:54:39-04:00,171.0
2011-04-21 21:54:42-04:00,171.0
2011-04-21 21:54:45-04:00,171.0
2011-04-21 21:54:48-04:00,171.0
2011-04-21 21:54:51-04:00,171.0
2011-04-21 21:54:54-04:00,171.0
2011-04-21 21:54:57-04:00,171.0
2011-04-21 21:55:00-04:00,171.0
2011-04-21 21:55:03-04:00,171.0
2011-04-21 21:55:06-04:00,171.0
2011-04-21 21:55:09-04:00,171.0
2011-04-21 21:55:12-04:00,171.0
2011-04-21 21:55:15-04:00,171.0
2011-04-21 21:55:18-04:00,171.0
2011-04-21 21:55:21-04:00,171.0
2011-04-21 21:55:24-04:00,171.0
2011-04-21 21:55:27-04:00,171.0
2011-04-21 21:55:30-04:00,171.0
2011-04-21 21:55:33-04:00,171.0
2011-04-21 21:55:36-04:00,171.0
2011-04-21 21:55:39-04:00,171.0
2011-04-21 21:55:42-04:00,171.0
2011-04-21 21:55:45-04:00,171.0
2011-04-21 21:55:48-04:00,171.0
2011-04-21 21:55:51-04:00,171.0
2011-04-21 21:55:54-04:00,171.0
2011-04-21 21:55:57-04:00,171.0
2011-04-21 21:56:00-04:00,171.0
2011-04-21 21:56:03-04:00,171.0
2011-04-21 21:56:06-04:00,171.0
2011-04-21 21:56:09-04:00,171.0
2011-04-21 21:56:12-04:00,171.0
2011-04-21 21:56:15-04:00,171.0
2011-04-21 21:56:18-04:00,171.0
2011-04-21 21:56:21-04:00,171.0
2011-04-21 21:56:24-04:00,171.0
2011-04-21 21:56:27-04:00,171.0
2011-04-21 21:56:30-04:00,171.0
2011-04-21 21:56:33-04:00,171.0
2011-04-21 21:56:36-04:00,171.33333333333334
2011-04-21 21:56:39-04:00,172.0
2011-04-21 21:56:42-04:00,172.0
2011-04-21 21:56:45-04:00,172.0
2011-04-21 21:56:48-04:00,171.25
2011-04-21 21:56:51-04:00,171.0
2011-04-21 21:56:54-04:00,171.0
2011-04-21 21:56:57-04:00,171.33333333333334
2011-04-21 21:57:00-04:00,172.0
2011-04-21 21:57:03-04:00,172.0
2011-04-21 21:57:06-04:00,172.0
2011-04-21 21:57:09-04:00,172.0
2011-04-21 21:57:12-04:00,172.0
2011-04-21 21:57:15-04:00,172.0
2011-04-21 21:57:18-04:00,172.0
2011-04-21 21:57:21-04:00,172.0
2011-04-21 21:57:24-04:00,172.0
2011-04-21 21:57:27-04:00,172.0
2011-04-21 21:57:30-04:00,172.0
2011-04-21 21:57:33-04:00,172.0
2011-04-21 21:57:36-04:00,172.0
2011-04-21 21:57:39-04:00,172.0
2011-04-21 21:57:42-04:00,172.0
2011-04-21 21:57:45-04:00,172.0
2011-04-21 21:57:48-04:00,171.66666666666666
2011-04-21 21:57:51-04:00,171.25
2011-04-21 21:57:54-04:00,172.0
2011-04-21 21:57:57-04:00,172.0
2011-04-21 21:58:00-04:00,172.0
2011-04-21 21:58:03-04:00,172.0
2011-04-21 21:58:06-04:00,171.75
2011-04-21 21:58:09-04:00,171.0
2011-04-21 21:58:12-04:00,171.75
2011-04-21 21:58:15-04:00,172.0
2011-04-21 21:58:18-04:00,172.0
2011-04-21 21:58:21-04:00,172.0
2011-04-21 21:58:24-04:00,172.0
2011-04-21 21:58:27-04:00,172.0
2011-04-21 21:58:30-04:00,172.0
2011-04-21 21:58:33-04:00,172.0
2011-04-21 21:58:36-04:00,172.0
2011-04-21 21:58:39-04:00,172.0
2011-04-21 21:58:42-04:00,172.0
2011-04-21 21:58:45-04:00,172.0
2011-04-21 21:58:48-04:00,171.5
2011-04-21 21:58:51-04:00,171.0
2011-04-21 21:58:54-04:00,171.0
2011-04-21 21:58:57-04:00,171.0
2011-04-21 21:59:00-04:00,171.75
2011-04-21 21:59:03-04:00,172.0
2011-04-21 21:59:06-04:00,172.0
2011-04-21 21:59:09-04:00,172.0
2011-04-21 21:59:12-04:00,172.0
2011-04-21 21:59:15-04:00,172.0
2011-04-21 21:59:18-04:00,172.0
2011-04-21 21:59:21-04:00,172.0
2011-04-21 21:59:24-04:00,172.0
2011-04-21 21:59:27-04:00,172.0
2011-04-21 21:59:30-04:00,172.0
2011-04-21 21:59:33-04:00,172.0
2011-04-21 21:59:36-04:00,172.0
2011-04-21 21:59:39-04:00,172.0
2011-04-21 21:59:42-04:00,172.0
2011-04-21 21:59:45-04:00,172.0
2011-04-21 21:59:48-04:00,172.0
2011-04-21 21:59:51-04:00,172.0
2011-04-21 21:59:54-04:00,172.0
2011-04-21 21:59:57-04:00,172.0
2011-04-21 22:00:00-04:00,172.0
2011-04-21 22:00:03-04:00,172.0
2011-04-21 22:00:06-04:00,172.0
2011-04-21 22:00:09-04:00,172.0
2011-04-21 22:00:12-04:00,172.0
2011-04-21 22:00:15-04:00,172.0
2011-04-21 22:00:18-04:00,172.0
2011-04-21 22:00:21-04:00,172.0
2011-04-21 22:00:24-04:00,171.66666666666666
2011-04-21 22:00:27-04:00,171.0
2011-04-21 22:00:30-04:00,171.0
2011-04-21 22:00:33-04:00,171.0
2011-04-21 22:00:36-04:00,171.0
2011-04-21 22:00:39-04:00,171.0
2011-04-21 22:00:42-04:00,171.0
2011-04-21 22:00:45-04:00,171.0
2011-04-21 22:00:48-04:00,171.0
2011-04-21 22:00:51-04:00,171.75
2011-04-21 22:00:54-04:00,170.66666666666666
2011-04-21 22:00:57-04:00,170.5
2011-04-21 22:01:00-04:00,171.0
2011-04-21 22:01:03-04:00,171.0
2011-04-21 22:01:06-04:00,171.0
2011-04-21 22:01:09-04:00,171.0
2011-04-21 22:01:12-04:00,171.0
2011-04-21 22:01:15-04:00,171.0
2011-04-21 22:01:18-04:00,171.0
2011-04-21 22:01:21-04:00,171.0
2011-04-21 22:01:24-04:00,171.0
2011-04-21 22:01:27-04:00,171.0
2011-04-21 22:01:30-04:00,171.0
2011-04-21 22:01:33-04:00,171.0
2011-04-21 22:01:36-04:00,171.0
2011-04-21 22:01:39-04:00,171.0
2011-04-21 22:01:42-04:00,171.0
2011-04-21 22:01:45-04:00,171.0
2011-04-21 22:01:48-04:00,171.0
2011-04-21 22:01:51-04:00,171.0
2011-04-21 22:01:54-04:00,171.0
2011-04-21 22:01:57-04:00,171.0
2011-04-21 22:02:00-04:00,171.0
2011-04-21 22:02:03-04:00,171.0
2011-04-21 22:02:06-04:00,171.0
2011-04-21 22:02:09-04:00,171.0
2011-04-21 22:02:12-04:00,171.0
2011-04-21 22:02:15-04:00,171.0
2011-04-21 22:02:18-04:00,171.0
2011-04-21 22:02:21-04:00,171.0
2011-04-21 22:02:24-04:00,171.0
2011-04-21 22:02:27-04:00,171.0
2011-04-21 22:02:30-04:00,171.0
2011-04-21 22:02:33-04:00,171.0
2011-04-21 22:02:36-04:00,171.0
2011-04-21 22:02:39-04:00,172.0
2011-04-21 22:02:42-04:00,172.0
2011-04-21 22:02:45-04:00,172.0
2011-04-21 22:02:48-04:00,171.5
2011-04-21 22:02:51-04:00,171.33333333333334
2011-04-21 22:02:54-04:00,172.0
2011-04-21 22:02:57-04:00,172.0
2011-04-21 22:03:00-04:00,172.0
2011-04-21 22:03:03-04:00,172.0
2011-04-21 22:03:06-04:00,172.0
2011-04-21 22:03:09-04:00,172.0
2011-04-21 22:03:12-04:00,172.0
2011-04-21 22:03:15-04:00,172.0
2011-04-21 22:03:18-04:00,172.0
2011-04-21 22:03:21-04:00,172.0
2011-04-21 22:03:24-04:00,172.0
2011-04-21 22:03:27-04:00,172.0
2011-04-21 22:03:30-04:00,172.0
2011-04-21 22:03:33-04:00,172.0
2011-04-21 22:03:36-04:00,172.0
2011-04-21 22:03:39-04:00,172.0
2011-04-21 22:03:42-04:00,171.33333333333334
2011-04-21 22:03:45-04:00,171.5
2011-04-21 22:03:48-04:00,172.0
2011-04-21 22:03:51-04:00,172.0
2011-04-21 22:03:54-04:00,172.0
2011-04-21 22:03:57-04:00,172.0
2011-04-21 22:04:00-04:00,172.0
2011-04-21 22:04:03-04:00,172.0
2011-04-21 22:04:06-04:00,172.0
2011-04-21 22:04:09-04:00,171.66666666666666
2011-04-21 22:04:12-04:00,171.0
2011-04-21 22:04:15-04:00,171.0
2011-04-21 22:04:18-04:00,171.0
2011-04-21 22:04:21-04:00,171.0
2011-04-21 22:04:24-04:00,171.0
2011-04-21 22:04:27-04:00,171.0
2011-04-21 22:04:30-04:00,171.0
2011-04-21 22:04:33-04:00,171.0
2011-04-21 22:04:36-04:00,171.0
2011-04-21 22:04:39-04:00,171.0
2011-04-21 22:04:42-04:00,171.0
2011-04-21 22:04:45-04:00,171.0
2011-04-21 22:04:48-04:00,171.0
2011-04-21 22:04:51-04:00,171.0
2011-04-21 22:04:54-04:00,171.0
2011-04-21 22:04:57-04:00,171.0
2011-04-21 22:05:00-04:00,171.0
2011-04-21 22:05:03-04:00,171.0
2011-04-21 22:05:06-04:00,171.0
2011-04-21 22:05:09-04:00,171.0
2011-04-21 22:05:12-04:00,171.25
2011-04-21 22:05:15-04:00,172.0
2011-04-21 22:05:18-04:00,171.0
2011-04-21 22:05:21-04:00,171.0
2011-04-21 22:05:24-04:00,171.0
2011-04-21 22:05:27-04:00,171.0
2011-04-21 22:05:30-04:00,171.0
2011-04-21 22:05:33-04:00,171.0
2011-04-21 22:05:36-04:00,171.0
2011-04-21 22:05:39-04:00,171.0
2011-04-21 22:05:42-04:00,171.0
2011-04-21 22:05:45-04:00,171.0
2011-04-21 22:05:48-04:00,171.0
2011-04-21 22:05:51-04:00,171.0
2011-04-21 22:05:54-04:00,171.0
2011-04-21 22:05:57-04:00,171.0
2011-04-21 22:06:00-04:00,171.0
2011-04-21 22:06:03-04:00,171.0
2011-04-21 22:06:06-04:00,171.0
2011-04-21 22:06:09-04:00,171.0
2011-04-21 22:06:12-04:00,171.0
2011-04-21 22:06:15-04:00,171.0
2011-04-21 22:06:18-04:00,171.0
2011-04-21 22:06:21-04:00,171.0
2011-04-21 22:06:24-04:00,171.0
2011-04-21 22:06:27-04:00,171.0
2011-04-21 22:06:30-04:00,171.0
2011-04-21 22:06:33-04:00,171.0
2011-04-21 22:06:36-04:00,171.0
2011-04-21 22:06:39-04:00,171.0
2011-04-21 22:06:42-04:00,171.0
2011-04-21 22:06:45-04:00,171.0
2011-04-21 22:06:48-04:00,171.0
2011-04-21 22:06:51-04:00,171.0
2011-04-21 22:06:54-04:00,171.0
2011-04-21 22:06:57-04:00,171.0
2011-04-21 22:07:00-04:00,171.0
2011-04-21 22:07:03-04:00,171.0
2011-04-21 22:07:06-04:00,171.0
2011-04-21 22:07:09-04:00,171.0
2011-04-21 22:07:12-04:00,171.0
2011-04-21 22:07:15-04:00,171.0
2011-04-21 22:07:18-04:00,171.0
2011-04-21 22:07:21-04:00,171.0
2011-04-21 22:07:24-04:00,171.0
2011-04-21 22:07:27-04:00,171.0
2011-04-21 22:07:30-04:00,171.0
2011-04-21 22:07:33-04:00,171.0
2011-04-21 22:07:36-04:00,171.0
2011-04-21 22:07:39-04:00,171.0
2011-04-21 22:07:42-04:00,171.0
2011-04-21 22:07:45-04:00,171.0
2011-04-21 22:07:48-04:00,171.0
2011-04-21 22:07:51-04:00,171.0
2011-04-21 22:07:54-04:00,171.0
2011-04-21 22:07:57-04:00,171.0
2011-04-21 22:08:00-04:00,171.0
2011-04-21 22:08:03-04:00,171.0
2011-04-21 22:08:06-04:00,171.0
2011-04-21 22:08:09-04:00,171.0
2011-04-21 22:08:12-04:00,171.0
2011-04-21 22:08:15-04:00,171.0
2011-04-21 22:08:18-04:00,171.0
2011-04-21 22:08:21-04:00,171.0
2011-04-21 22:08:24-04:00,171.0
2011-04-21 22:08:27-04:00,171.0
2011-04-21 22:08:30-04:00,171.0
2011-04-21 22:08:33-04:00,171.0
2011-04-21 22:08:36-04:00,171.0
2011-04-21 22:08:39-04:00,171.0
2011-04-21 22:08:42-04:00,171.0
2011-04-21 22:08:45-04:00,170.0
2011-04-21 22:08:48-04:00,170.75
2011-04-21 22:08:51-04:00,171.0
2011-04-21 22:08:54-04:00,171.0
2011-04-21 22:08:57-04:00,171.0
2011-04-21 22:09:00-04:00,171.0
2011-04-21 22:09:03-04:00,171.0
2011-04-21 22:09:06-04:00,171.0
2011-04-21 22:09:09-04:00,171.0
2011-04-21 22:09:12-04:00,171.0
2011-04-21 22:09:15-04:00,171.5
2011-04-21 22:09:18-04:00,172.0
2011-04-21 22:09:21-04:00,171.75
2011-04-21 22:09:24-04:00,171.0
2011-04-21 22:09:27-04:00,171.0
2011-04-21 22:09:30-04:00,171.0
2011-04-21 22:09:33-04:00,171.0
2011-04-21 22:09:36-04:00,171.0
2011-04-21 22:09:39-04:00,171.0
2011-04-21 22:09:42-04:00,171.0
2011-04-21 22:09:45-04:00,171.0
2011-04-21 22:09:48-04:00,171.0
2011-04-21 22:09:51-04:00,171.0
2011-04-21 22:09:54-04:00,171.0
2011-04-21 22:09:57-04:00,171.0
2011-04-21 22:10:00-04:00,171.0
2011-04-21 22:10:03-04:00,171.0
2011-04-21 22:10:06-04:00,171.0
2011-04-21 22:10:09-04:00,171.0
2011-04-21 22:10:12-04:00,171.0
2011-04-21 22:10:15-04:00,171.0
2011-04-21 22:10:18-04:00,171.0
2011-04-21 22:10:21-04:00,171.0
2011-04-21 22:10:24-04:00,171.0
2011-04-21 22:10:27-04:00,171.0
2011-04-21 22:10:30-04:00,171.0
2011-04-21 22:10:33-04:00,171.0
2011-04-21 22:10:36-04:00,171.5
2011-04-21 22:10:39-04:00,171.66666666666666
2011-04-21 22:10:42-04:00,171.0
2011-04-21 22:10:45-04:00,171.0
2011-04-21 22:10:48-04:00,171.0
2011-04-21 22:10:51-04:00,171.0
2011-04-21 22:10:54-04:00,171.75
2011-04-21 22:10:57-04:00,171.5
2011-04-21 22:11:00-04:00,171.25
2011-04-21 22:11:03-04:00,172.0
2011-04-21 22:11:06-04:00,171.0
2011-04-21 22:11:09-04:00,171.0
2011-04-21 22:11:12-04:00,171.0
2011-04-21 22:11:15-04:00,171.0
2011-04-21 22:11:18-04:00,171.0
2011-04-21 22:11:21-04:00,171.0
2011-04-21 22:11:24-04:00,171.0
2011-04-21 22:11:27-04:00,171.0
2011-04-21 22:11:30-04:00,171.0
2011-04-21 22:11:33-04:00,171.0
2011-04-21 22:11:36-04:00,171.0
2011-04-21 22:11:39-04:00,171.0
2011-04-21 22:11:42-04:00,171.0
2011-04-21 22:11:45-04:00,171.0
2011-04-21 22:11:48-04:00,171.0
2011-04-21 22:11:51-04:00,171.0
2011-04-21 22:11:54-04:00,171.0
2011-04-21 22:11:57-04:00,171.0
2011-04-21 22:12:00-04:00,171.0
2011-04-21 22:12:03-04:00,171.0
2011-04-21 22:12:06-04:00,171.0
2011-04-21 22:12:09-04:00,171.0
2011-04-21 22:12:12-04:00,171.0
2011-04-21 22:12:15-04:00,171.0
2011-04-21 22:12:18-04:00,170.75
2011-04-21 22:12:21-04:00,170.0
2011-04-21 22:12:24-04:00,170.0
2011-04-21 22:12:27-04:00,170.0
2011-04-21 22:12:30-04:00,170.22222222222223
2011-04-21 22:12:33-04:00,170.55555555555554
2011-04-21 22:12:36-04:00,170.88888888888889
2011-04-21 22:12:39-04:00,171.0
2011-04-21 22:12:42-04:00,171.0
2011-04-21 22:12:45-04:00,171.0
2011-04-21 22:12:48-04:00,171.0
2011-04-21 22:12:51-04:00,171.0
2011-04-21 22:12:54-04:00,171.0
2011-04-21 22:12:57-04:00,171.0
2011-04-21 22:13:00-04:00,171.0
2011-04-21 22:13:03-04:00,171.0
2011-04-21 22:13:06-04:00,171.0
2011-04-21 22:13:09-04:00,171.0
2011-04-21 22:13:12-04:00,171.0
2011-04-21 22:13:15-04:00,170.25
2011-04-21 22:13:18-04:00,170.0
2011-04-21 22:13:21-04:00,170.0
2011-04-21 22:13:24-04:00,170.5
2011-04-21 22:13:27-04:00,171.0
2011-04-21 22:13:30-04:00,171.0
2011-04-21 22:13:33-04:00,171.0
2011-04-21 22:13:36-04:00,171.0
2011-04-21 22:13:39-04:00,171.0
2011-04-21 22:13:42-04:00,171.0
2011-04-21 22:13:45-04:00,171.0
2011-04-21 22:13:48-04:00,171.0
2011-04-21 22:13:51-04:00,171.0
2011-04-21 22:13:54-04:00,171.0
2011-04-21 22:13:57-04:00,171.0
2011-04-21 22:14:00-04:00,171.0
2011-04-21 22:14:03-04:00,171.0
2011-04-21 22:14:06-04:00,171.0
2011-04-21 22:14:09-04:00,171.0
2011-04-21 22:14:12-04:00,171.0
2011-04-21 22:14:15-04:00,171.0
2011-04-21 22:14:18-04:00,171.0
2011-04-21 22:14:21-04:00,171.0
2011-04-21 22:14:24-04:00,171.0
2011-04-21 22:14:27-04:00,171.0
2011-04-21 22:14:30-04:00,171.0
2011-04-21 22:14:33-04:00,171.0
2011-04-21 22:14:36-04:00,171.0
2011-04-21 22:14:39-04:00,171.0
2011-04-21 22:14:42-04:00,171.0
2011-04-21 22:14:45-04:00,171.0
2011-04-21 22:14:48-04:00,171.75
2011-04-21 22:14:51-04:00,171.33333333333334
2011-04-21 22:14:54-04:00,171.0
2011-04-21 22:14:57-04:00,171.0
2011-04-21 22:15:00-04:00,171.33333333333334
2011-04-21 22:15:03-04:00,171.75
2011-04-21 22:15:06-04:00,171.0
2011-04-21 22:15:09-04:00,171.0
2011-04-21 22:15:12-04:00,171.0
2011-04-21 22:15:15-04:00,171.0
2011-04-21 22:15:18-04:00,171.0
2011-04-21 22:15:21-04:00,171.0
2011-04-21 22:15:24-04:00,171.0
2011-04-21 22:15:27-04:00,171.0
2011-04-21 22:15:30-04:00,171.0
2011-04-21 22:15:33-04:00,171.0
2011-04-21 22:15:36-04:00,171.25
2011-04-21 22:15:39-04:00,172.0
2011-04-21 22:15:42-04:00,172.0
2011-04-21 22:15:45-04:00,171.25
2011-04-21 22:15:48-04:00,171.0
2011-04-21 22:15:51-04:00,171.0
2011-04-21 22:15:54-04:00,171.0
2011-04-21 22:15:57-04:00,171.0
2011-04-21 22:16:00-04:00,171.0
2011-04-21 22:16:03-04:00,171.75
2011-04-21 22:16:06-04:00,171.33333333333334
2011-04-21 22:16:09-04:00,171.66666666666666
2011-04-21 22:16:12-04:00,172.0
2011-04-21 22:16:15-04:00,172.0
2011-04-21 22:16:18-04:00,172.0
2011-04-21 22:16:21-04:00,172.0
2011-04-21 22:16:24-04:00,171.0
2011-04-21 22:16:27-04:00,170.25
2011-04-21 22:16:30-04:00,170.0
2011-04-21 22:16:33-04:00,170.0
2011-04-21 22:16:36-04:00,170.0
2011-04-21 22:16:39-04:00,170.0
2011-04-21 22:16:42-04:00,170.0
2011-04-21 22:16:45-04:00,170.0
2011-04-21 22:16:48-04:00,170.0
2011-04-21 22:16:51-04:00,170.0
2011-04-21 22:16:54-04:00,170.0
2011-04-21 22:16:57-04:00,170.0
2011-04-21 22:17:00-04:00,171.0
2011-04-21 22:17:03-04:00,171.0
2011-04-21 22:17:06-04:00,171.0
2011-04-21 22:17:09-04:00,171.0
2011-04-21 22:17:12-04:00,171.0
2011-04-21 22:17:15-04:00,171.0
2011-04-21 22:17:18-04:00,171.0
2011-04-21 22:17:21-04:00,171.0
2011-04-21 22:17:24-04:00,171.0
2011-04-21 22:17:27-04:00,171.0
2011-04-21 22:17:30-04:00,171.0
2011-04-21 22:17:33-04:00,171.0
2011-04-21 22:17:36-04:00,171.0
2011-04-21 22:17:39-04:00,171.0
2011-04-21 22:17:42-04:00,171.0
2011-04-21 22:17:45-04:00,171.0
2011-04-21 22:17:48-04:00,171.0
2011-04-21 22:17:51-04:00,171.0
2011-04-21 22:17:54-04:00,171.0
2011-04-21 22:17:57-04:00,171.0
2011-04-21 22:18:00-04:00,171.0
2011-04-21 22:18:03-04:00,171.0
2011-04-21 22:18:06-04:00,171.0
2011-04-21 22:18:09-04:00,171.0
2011-04-21 22:18:12-04:00,171.0
2011-04-21 22:18:15-04:00,171.0
2011-04-21 22:18:18-04:00,171.0
2011-04-21 22:18:21-04:00,171.0
2011-04-21 22:18:24-04:00,171.0
2011-04-21 22:18:27-04:00,171.0
2011-04-21 22:18:30-04:00,171.0
2011-04-21 22:18:33-04:00,171.0
2011-04-21 22:18:36-04:00,171.0
2011-04-21 22:18:39-04:00,171.0
2011-04-21 22:18:42-04:00,171.0
2011-04-21 22:18:45-04:00,171.0
2011-04-21 22:18:48-04:00,171.0
2011-04-21 22:18:51-04:00,171.0
2011-04-21 22:18:54-04:00,172.0
2011-04-21 22:18:57-04:00,171.25
2011-04-21 22:19:00-04:00,171.0
2011-04-21 22:19:03-04:00,171.5
2011-04-21 22:19:06-04:00,172.0
2011-04-21 22:19:09-04:00,171.75
2011-04-21 22:19:12-04:00,171.0
2011-04-21 22:19:15-04:00,172.0
2011-04-21 22:19:18-04:00,172.0
2011-04-21 22:19:21-04:00,172.0
2011-04-21 22:19:24-04:00,172.0
2011-04-21 22:19:27-04:00,172.0
2011-04-21 22:19:30-04:00,172.0
2011-04-21 22:19:33-04:00,172.0
2011-04-21 22:19:36-04:00,172.0
2011-04-21 22:19:39-04:00,172.0
2011-04-21 22:19:42-04:00,172.0
2011-04-21 22:19:45-04:00,172.0
2011-04-21 22:19:48-04:00,172.0
2011-04-21 22:19:51-04:00,172.0
2011-04-21 22:19:54-04:00,171.25
2011-04-21 22:19:57-04:00,171.0
2011-04-21 22:20:00-04:00,171.0
2011-04-21 22:20:03-04:00,171.0
2011-04-21 22:20:06-04:00,171.0
2011-04-21 22:20:09-04:00,171.0
2011-04-21 22:20:12-04:00,172.0
2011-04-21 22:20:15-04:00,171.25
2011-04-21 22:20:18-04:00,171.0
2011-04-21 22:20:21-04:00,171.0
2011-04-21 22:20:24-04:00,171.0
2011-04-21 22:20:27-04:00,171.0
2011-04-21 22:20:30-04:00,171.0
2011-04-21 22:20:33-04:00,171.0
2011-04-21 22:20:36-04:00,171.0
2011-04-21 22:20:39-04:00,171.25
2011-04-21 22:20:42-04:00,172.0
2011-04-21 22:20:45-04:00,172.0
2011-04-21 22:20:48-04:00,171.25
2011-04-21 22:20:51-04:00,171.0
2011-04-21 22:20:54-04:00,171.0
2011-04-21 22:20:57-04:00,171.0
2011-04-21 22:21:00-04:00,171.0
2011-04-21 22:21:03-04:00,171.0
2011-04-21 22:21:06-04:00,172.0
2011-04-21 22:21:09-04:00,171.25
2011-04-21 22:21:12-04:00,171.0
2011-04-21 22:21:15-04:00,171.0
2011-04-21 22:21:18-04:00,171.5
2011-04-21 22:21:21-04:00,171.66666666666666
2011-04-21 22:21:24-04:00,171.0
2011-04-21 22:21:27-04:00,171.0
2011-04-21 22:21:30-04:00,171.0
2011-04-21 22:21:33-04:00,171.0
2011-04-21 22:21:36-04:00,171.0
2011-04-21 22:21:39-04:00,171.0
2011-04-21 22:21:42-04:00,171.0
2011-04-21 22:21:45-04:00,171.0
2011-04-21 22:21:48-04:00,171.0
2011-04-21 22:21:51-04:00,171.0
2011-04-21 22:21:54-04:00,171.0
2011-04-21 22:21:57-04:00,171.0
2011-04-21 22:22:00-04:00,171.0
2011-04-21 22:22:03-04:00,171.0
2011-04-21 22:22:06-04:00,171.0
2011-04-21 22:22:09-04:00,171.0
2011-04-21 22:22:12-04:00,171.0
2011-04-21 22:22:15-04:00,171.0
2011-04-21 22:22:18-04:00,171.0
2011-04-21 22:22:21-04:00,171.0
2011-04-21 22:22:24-04:00,171.0
2011-04-21 22:22:27-04:00,171.0
2011-04-21 22:22:30-04:00,171.0
2011-04-21 22:22:33-04:00,171.0
2011-04-21 22:22:36-04:00,171.0
2011-04-21 22:22:39-04:00,171.0
2011-04-21 22:22:42-04:00,171.0
2011-04-21 22:22:45-04:00,171.0
2011-04-21 22:22:48-04:00,171.0
2011-04-21 22:22:51-04:00,171.0
2011-04-21 22:22:54-04:00,171.0
2011-04-21 22:22:57-04:00,171.0
2011-04-21 22:23:00-04:00,171.0
2011-04-21 22:23:03-04:00,171.0
2011-04-21 22:23:06-04:00,171.0
2011-04-21 22:23:09-04:00,171.0
2011-04-21 22:23:12-04:00,171.0
2011-04-21 22:23:15-04:00,171.0
2011-04-21 22:23:18-04:00,171.0
2011-04-21 22:23:21-04:00,171.0
2011-04-21 22:23:24-04:00,171.0
2011-04-21 22:23:27-04:00,171.0
2011-04-21 22:23:30-04:00,171.0
2011-04-21 22:23:33-04:00,171.0
2011-04-21 22:23:36-04:00,171.0
2011-04-21 22:23:39-04:00,171.0
2011-04-21 22:23:42-04:00,171.0
2011-04-21 22:23:45-04:00,172.0
2011-04-21 22:23:48-04:00,171.25
2011-04-21 22:23:51-04:00,171.66666666666666
2011-04-21 22:23:54-04:00,172.0
2011-04-21 22:23:57-04:00,172.0
2011-04-21 22:24:00-04:00,172.0
2011-04-21 22:24:03-04:00,172.0
2011-04-21 22:24:06-04:00,172.0
2011-04-21 22:24:09-04:00,172.0
2011-04-21 22:24:12-04:00,171.75
2011-04-21 22:24:15-04:00,171.0
2011-04-21 22:24:18-04:00,171.0
2011-04-21 22:24:21-04:00,171.0
2011-04-21 22:24:24-04:00,171.0
2011-04-21 22:24:27-04:00,171.0
2011-04-21 22:24:30-04:00,171.0
2011-04-21 22:24:33-04:00,171.0
2011-04-21 22:24:36-04:00,171.0
2011-04-21 22:24:39-04:00,171.0
2011-04-21 22:24:42-04:00,171.0
2011-04-21 22:24:45-04:00,171.0
2011-04-21 22:24:48-04:00,171.0
2011-04-21 22:24:51-04:00,171.0
2011-04-21 22:24:54-04:00,171.0
2011-04-21 22:24:57-04:00,171.0
2011-04-21 22:25:00-04:00,171.0
2011-04-21 22:25:03-04:00,171.0
2011-04-21 22:25:06-04:00,171.0
2011-04-21 22:25:09-04:00,171.0
2011-04-21 22:25:12-04:00,171.0
2011-04-21 22:25:15-04:00,171.0
2011-04-21 22:25:18-04:00,171.0
2011-04-21 22:25:21-04:00,171.75
2011-04-21 22:25:24-04:00,171.33333333333334
2011-04-21 22:25:27-04:00,171.22222222222223
2011-04-21 22:25:30-04:00,171.55555555555554
2011-04-21 22:25:33-04:00,171.88888888888889
2011-04-21 22:25:36-04:00,172.0
2011-04-21 22:25:39-04:00,172.0
2011-04-21 22:25:42-04:00,172.0
2011-04-21 22:25:45-04:00,172.0
2011-04-21 22:25:48-04:00,172.0
2011-04-21 22:25:51-04:00,172.0
2011-04-21 22:25:54-04:00,78.25
2011-04-21 22:25:57-04:00,47.0
2011-04-21 22:26:00-04:00,46.666666666666664
2011-04-21 22:26:03-04:00,46.0
2011-04-21 22:26:06-04:00,46.0
2011-04-21 22:26:09-04:00,46.0
2011-04-21 22:26:12-04:00,46.0
2011-04-21 22:26:15-04:00,46.0
2011-04-21 22:26:18-04:00,46.25
2011-04-21 22:26:21-04:00,47.0
2011-04-21 22:26:24-04:00,47.0
2011-04-21 22:26:27-04:00,47.22222222222222
2011-04-21 22:26:30-04:00,47.55555555555556
2011-04-21 22:26:33-04:00,47.888888888888886
2011-04-21 22:26:36-04:00,48.0
2011-04-21 22:26:39-04:00,48.0
2011-04-21 22:26:42-04:00,48.0
2011-04-21 22:26:45-04:00,48.333333333333336
2011-04-21 22:26:48-04:00,48.75
2011-04-21 22:26:51-04:00,48.0
2011-04-21 22:26:54-04:00,48.75
2011-04-21 22:26:57-04:00,49.0
2011-04-21 22:27:00-04:00,49.0
2011-04-21 22:27:03-04:00,49.0
2011-04-21 22:27:06-04:00,49.0
2011-04-21 22:27:09-04:00,49.0
2011-04-21 22:27:12-04:00,49.0
2011-04-21 22:27:15-04:00,48.5
2011-04-21 22:27:18-04:00,48.25
2011-04-21 22:27:21-04:00,49.0
2011-04-21 22:27:24-04:00,49.0
2011-04-21 22:27:27-04:00,48.25
2011-04-21 22:27:30-04:00,48.0
2011-04-21 22:27:33-04:00,48.0
2011-04-21 22:27:36-04:00,48.0
2011-04-21 22:27:39-04:00,48.0
2011-04-21 22:27:42-04:00,48.0
2011-04-21 22:27:45-04:00,48.0
2011-04-21 22:27:48-04:00,48.0
2011-04-21 22:27:51-04:00,48.0
2011-04-21 22:27:54-04:00,48.0
2011-04-21 22:27:57-04:00,48.0
2011-04-21 22:28:00-04:00,48.0
2011-04-21 22:28:03-04:00,48.0
2011-04-21 22:28:06-04:00,48.0
2011-04-21 22:28:09-04:00,48.0
2011-04-21 22:28:12-04:00,48.0
2011-04-21 22:28:15-04:00,48.0
2011-04-21 22:28:18-04:00,48.0
2011-04-21 22:28:21-04:00,48.0
2011-04-21 22:28:24-04:00,48.0
2011-04-21 22:28:27-04:00,48.0
2011-04-21 22:28:30-04:00,48.0
2011-04-21 22:28:33-04:00,48.0
2011-04-21 22:28:36-04:00,48.0
2011-04-21 22:28:39-04:00,48.0
2011-04-21 22:28:42-04:00,48.0
2011-04-21 22:28:45-04:00,47.333333333333336
2011-04-21 22:28:48-04:00,47.0
2011-04-21 22:28:51-04:00,47.0
2011-04-21 22:28:54-04:00,47.0
2011-04-21 22:28:57-04:00,47.0
2011-04-21 22:29:00-04:00,47.0
2011-04-21 22:29:03-04:00,47.0
2011-04-21 22:29:06-04:00,47.0
2011-04-21 22:29:09-04:00,47.0
2011-04-21 22:29:12-04:00,47.0
2011-04-21 22:29:15-04:00,47.0
2011-04-21 22:29:18-04:00,47.0
2011-04-21 22:29:21-04:00,47.0
2011-04-21 22:29:24-04:00,47.0
2011-04-21 22:29:27-04:00,47.0
2011-04-21 22:29:30-04:00,47.0
2011-04-21 22:29:33-04:00,47.0
2011-04-21 22:29:36-04:00,47.0
2011-04-21 22:29:39-04:00,47.0
2011-04-21 22:29:42-04:00,47.0
2011-04-21 22:29:45-04:00,47.0
2011-04-21 22:29:48-04:00,47.0
2011-04-21 22:29:51-04:00,47.0
2011-04-21 22:29:54-04:00,47.0
2011-04-21 22:29:57-04:00,47.0
2011-04-21 22:30:00-04:00,47.0
2011-04-21 22:30:03-04:00,47.0
2011-04-21 22:30:06-04:00,47.0
2011-04-21 22:30:09-04:00,47.0
2011-04-21 22:30:12-04:00,47.0
2011-04-21 22:30:15-04:00,198.0
2011-04-21 22:30:18-04:00,197.25
2011-04-21 22:30:21-04:00,197.0
2011-04-21 22:30:24-04:00,197.0
2011-04-21 22:30:27-04:00,197.0
2011-04-21 22:30:30-04:00,197.0
2011-04-21 22:30:33-04:00,197.0
2011-04-21 22:30:36-04:00,197.0
2011-04-21 22:30:39-04:00,197.0
2011-04-21 22:30:42-04:00,197.0
2011-04-21 22:30:45-04:00,197.0
2011-04-21 22:30:48-04:00,197.0
2011-04-21 22:30:51-04:00,197.0
2011-04-21 22:30:54-04:00,197.0
2011-04-21 22:30:57-04:00,197.0
2011-04-21 22:31:00-04:00,197.0
2011-04-21 22:31:03-04:00,197.0
2011-04-21 22:31:06-04:00,197.0
2011-04-21 22:31:09-04:00,197.0
2011-04-21 22:31:12-04:00,197.0
2011-04-21 22:31:15-04:00,197.0
2011-04-21 22:31:18-04:00,197.0
2011-04-21 22:31:21-04:00,197.0
2011-04-21 22:31:24-04:00,197.0
2011-04-21 22:31:27-04:00,197.0
2011-04-21 22:31:30-04:00,197.0
2011-04-21 22:31:33-04:00,197.0
2011-04-21 22:31:36-04:00,197.0
2011-04-21 22:31:39-04:00,197.25
2011-04-21 22:31:42-04:00,198.0
2011-04-21 22:31:45-04:00,197.0
2011-04-21 22:31:48-04:00,197.0
2011-04-21 22:31:51-04:00,197.0
2011-04-21 22:31:54-04:00,197.0
2011-04-21 22:31:57-04:00,197.0
2011-04-21 22:32:00-04:00,197.0
2011-04-21 22:32:03-04:00,197.0
2011-04-21 22:32:06-04:00,197.0
2011-04-21 22:32:09-04:00,197.0
2011-04-21 22:32:12-04:00,197.0
2011-04-21 22:32:15-04:00,197.0
2011-04-21 22:32:18-04:00,197.0
2011-04-21 22:32:21-04:00,197.0
2011-04-21 22:32:24-04:00,197.0
2011-04-21 22:32:27-04:00,197.0
2011-04-21 22:32:30-04:00,197.0
2011-04-21 22:32:33-04:00,197.0
2011-04-21 22:32:36-04:00,197.0
2011-04-21 22:32:39-04:00,197.0
2011-04-21 22:32:42-04:00,197.0
2011-04-21 22:32:45-04:00,197.0
2011-04-21 22:32:48-04:00,198.0
2011-04-21 22:32:51-04:00,197.25
2011-04-21 22:32:54-04:00,197.0
2011-04-21 22:32:57-04:00,197.5
2011-04-21 22:33:00-04:00,197.75
2011-04-21 22:33:03-04:00,197.0
2011-04-21 22:33:06-04:00,197.0
2011-04-21 22:33:09-04:00,197.0
2011-04-21 22:33:12-04:00,197.0
2011-04-21 22:33:15-04:00,197.0
2011-04-21 22:33:18-04:00,197.0
2011-04-21 22:33:21-04:00,197.0
2011-04-21 22:33:24-04:00,197.0
2011-04-21 22:33:27-04:00,197.0
2011-04-21 22:33:30-04:00,197.0
2011-04-21 22:33:33-04:00,197.0
2011-04-21 22:33:36-04:00,197.0
2011-04-21 22:33:39-04:00,197.0
2011-04-21 22:33:42-04:00,197.0
2011-04-21 22:33:45-04:00,197.0
2011-04-21 22:33:48-04:00,197.0
2011-04-21 22:33:51-04:00,197.0
2011-04-21 22:33:54-04:00,197.0
2011-04-21 22:33:57-04:00,197.0
2011-04-21 22:34:00-04:00,197.0
2011-04-21 22:34:03-04:00,197.0
2011-04-21 22:34:06-04:00,197.0
2011-04-21 22:34:09-04:00,197.0
2011-04-21 22:34:12-04:00,197.66666666666666
2011-04-21 22:34:15-04:00,197.5
2011-04-21 22:34:18-04:00,197.0
2011-04-21 22:34:21-04:00,197.0
2011-04-21 22:34:24-04:00,197.0
2011-04-21 22:34:27-04:00,197.0
2011-04-21 22:34:30-04:00,197.0
2011-04-21 22:34:33-04:00,197.0
2011-04-21 22:34:36-04:00,197.0
2011-04-21 22:34:39-04:00,197.0
2011-04-21 22:34:42-04:00,197.0
2011-04-21 22:34:45-04:00,197.0
2011-04-21 22:34:48-04:00,197.0
2011-04-21 22:34:51-04:00,197.0
2011-04-21 22:34:54-04:00,197.0
2011-04-21 22:34:57-04:00,197.0
2011-04-21 22:35:00-04:00,197.0
2011-04-21 22:35:03-04:00,197.0
2011-04-21 22:35:06-04:00,197.0
2011-04-21 22:35:09-04:00,197.0
2011-04-21 22:35:12-04:00,197.75
2011-04-21 22:35:15-04:00,197.33333333333334
2011-04-21 22:35:18-04:00,197.0
2011-04-21 22:35:21-04:00,197.0
2011-04-21 22:35:24-04:00,197.0
2011-04-21 22:35:27-04:00,197.0
2011-04-21 22:35:30-04:00,197.0
2011-04-21 22:35:33-04:00,197.0
2011-04-21 22:35:36-04:00,197.0
2011-04-21 22:35:39-04:00,197.0
2011-04-21 22:35:42-04:00,197.0
2011-04-21 22:35:45-04:00,197.0
2011-04-21 22:35:48-04:00,197.0
2011-04-21 22:35:51-04:00,197.0
2011-04-21 22:35:54-04:00,197.0
2011-04-21 22:35:57-04:00,197.0
2011-04-21 22:36:00-04:00,197.0
2011-04-21 22:36:03-04:00,197.0
2011-04-21 22:36:06-04:00,197.0
2011-04-21 22:36:09-04:00,197.0
2011-04-21 22:36:12-04:00,197.0
2011-04-21 22:36:15-04:00,197.0
2011-04-21 22:36:18-04:00,197.0
2011-04-21 22:36:21-04:00,197.0
2011-04-21 22:36:24-04:00,197.0
2011-04-21 22:36:27-04:00,197.0
2011-04-21 22:36:30-04:00,197.0
2011-04-21 22:36:33-04:00,197.0
2011-04-21 22:36:36-04:00,197.0
2011-04-21 22:36:39-04:00,197.0
2011-04-21 22:36:42-04:00,197.0
2011-04-21 22:36:45-04:00,197.0
2011-04-21 22:36:48-04:00,197.0
2011-04-21 22:36:51-04:00,197.0
2011-04-21 22:36:54-04:00,197.0
2011-04-21 22:36:57-04:00,197.0
2011-04-21 22:37:00-04:00,197.0
2011-04-21 22:37:03-04:00,197.0
2011-04-21 22:37:06-04:00,197.0
2011-04-21 22:37:09-04:00,197.0
2011-04-21 22:37:12-04:00,197.0
2011-04-21 22:37:15-04:00,197.0
2011-04-21 22:37:18-04:00,197.0
2011-04-21 22:37:21-04:00,197.0
2011-04-21 22:37:24-04:00,197.0
2011-04-21 22:37:27-04:00,197.0
2011-04-21 22:37:30-04:00,197.0
2011-04-21 22:37:33-04:00,197.0
2011-04-21 22:37:36-04:00,197.0
2011-04-21 22:37:39-04:00,197.0
2011-04-21 22:37:42-04:00,197.0
2011-04-21 22:37:45-04:00,197.0
2011-04-21 22:37:48-04:00,197.0
2011-04-21 22:37:51-04:00,196.33333333333334
2011-04-21 22:37:54-04:00,196.5
2011-04-21 22:37:57-04:00,196.66666666666666
2011-04-21 22:38:00-04:00,196.0
2011-04-21 22:38:03-04:00,196.0
2011-04-21 22:38:06-04:00,196.0
2011-04-21 22:38:09-04:00,196.0
2011-04-21 22:38:12-04:00,196.0
2011-04-21 22:38:15-04:00,196.0
2011-04-21 22:38:18-04:00,196.0
2011-04-21 22:38:21-04:00,196.0
2011-04-21 22:38:24-04:00,196.0
2011-04-21 22:38:27-04:00,196.0
2011-04-21 22:38:30-04:00,196.375
2011-04-21 22:38:33-04:00,196.75
2011-04-21 22:38:36-04:00,196.75
2011-04-21 22:38:39-04:00,196.0
2011-04-21 22:38:42-04:00,196.0
2011-04-21 22:38:45-04:00,196.0
2011-04-21 22:38:48-04:00,196.0
2011-04-21 22:38:51-04:00,196.0
2011-04-21 22:38:54-04:00,196.0
2011-04-21 22:38:57-04:00,196.5
2011-04-21 22:39:00-04:00,196.66666666666666
2011-04-21 22:39:03-04:00,196.0
2011-04-21 22:39:06-04:00,196.0
2011-04-21 22:39:09-04:00,196.0
2011-04-21 22:39:12-04:00,196.0
2011-04-21 22:39:15-04:00,196.0
2011-04-21 22:39:18-04:00,196.0
2011-04-21 22:39:21-04:00,196.0
2011-04-21 22:39:24-04:00,196.0
2011-04-21 22:39:27-04:00,196.0
2011-04-21 22:39:30-04:00,196.0
2011-04-21 22:39:33-04:00,196.0
2011-04-21 22:39:36-04:00,196.0
2011-04-21 22:39:39-04:00,196.0
2011-04-21 22:39:42-04:00,196.0
2011-04-21 22:39:45-04:00,196.0
2011-04-21 22:39:48-04:00,196.0
2011-04-21 22:39:51-04:00,196.0
2011-04-21 22:39:54-04:00,196.0
2011-04-21 22:39:57-04:00,196.0
2011-04-21 22:40:00-04:00,196.0
2011-04-21 22:40:03-04:00,196.0
2011-04-21 22:40:06-04:00,196.0
2011-04-21 22:40:09-04:00,196.0
2011-04-21 22:40:12-04:00,196.0
2011-04-21 22:40:15-04:00,196.0
2011-04-21 22:40:18-04:00,196.0
2011-04-21 22:40:21-04:00,196.0
2011-04-21 22:40:24-04:00,196.0
2011-04-21 22:40:27-04:00,196.0
2011-04-21 22:40:30-04:00,196.0
2011-04-21 22:40:33-04:00,196.0
2011-04-21 22:40:36-04:00,196.0
2011-04-21 22:40:39-04:00,196.0
2011-04-21 22:40:42-04:00,196.0
2011-04-21 22:40:45-04:00,196.0
2011-04-21 22:40:48-04:00,196.0
2011-04-21 22:40:51-04:00,196.0
2011-04-21 22:40:54-04:00,196.0
2011-04-21 22:40:57-04:00,196.0
2011-04-21 22:41:00-04:00,196.0
2011-04-21 22:41:03-04:00,196.0
2011-04-21 22:41:06-04:00,196.0
2011-04-21 22:41:09-04:00,196.0
2011-04-21 22:41:12-04:00,196.0
2011-04-21 22:41:15-04:00,196.0
2011-04-21 22:41:18-04:00,196.0
2011-04-21 22:41:21-04:00,196.0
2011-04-21 22:41:24-04:00,196.0
2011-04-21 22:41:27-04:00,196.0
2011-04-21 22:41:30-04:00,196.0
2011-04-21 22:41:33-04:00,196.0
2011-04-21 22:41:36-04:00,196.0
2011-04-21 22:41:39-04:00,196.0
2011-04-21 22:41:42-04:00,196.0
2011-04-21 22:41:45-04:00,196.0
2011-04-21 22:41:48-04:00,196.0
2011-04-21 22:41:51-04:00,196.0
2011-04-21 22:41:54-04:00,196.0
2011-04-21 22:41:57-04:00,196.0
2011-04-21 22:42:00-04:00,196.0
2011-04-21 22:42:03-04:00,196.0
2011-04-21 22:42:06-04:00,196.0
2011-04-21 22:42:09-04:00,196.0
2011-04-21 22:42:12-04:00,196.0
2011-04-21 22:42:15-04:00,196.0
2011-04-21 22:42:18-04:00,196.0
2011-04-21 22:42:21-04:00,196.0
2011-04-21 22:42:24-04:00,196.0
2011-04-21 22:42:27-04:00,196.0
2011-04-21 22:42:30-04:00,196.0
2011-04-21 22:42:33-04:00,196.0
2011-04-21 22:42:36-04:00,196.0
2011-04-21 22:42:39-04:00,196.0
2011-04-21 22:42:42-04:00,196.0
2011-04-21 22:42:45-04:00,196.0
2011-04-21 22:42:48-04:00,196.0
2011-04-21 22:42:51-04:00,196.0
2011-04-21 22:42:54-04:00,196.0
2011-04-21 22:42:57-04:00,196.0
2011-04-21 22:43:00-04:00,196.0
2011-04-21 22:43:03-04:00,196.0
2011-04-21 22:43:06-04:00,196.0
2011-04-21 22:43:09-04:00,196.0
2011-04-21 22:43:12-04:00,196.0
2011-04-21 22:43:15-04:00,196.0
2011-04-21 22:43:18-04:00,196.0
2011-04-21 22:43:21-04:00,196.0
2011-04-21 22:43:24-04:00,196.0
2011-04-21 22:43:27-04:00,196.0
2011-04-21 22:43:30-04:00,196.0
2011-04-21 22:43:33-04:00,196.0
2011-04-21 22:43:36-04:00,196.0
2011-04-21 22:43:39-04:00,196.0
2011-04-21 22:43:42-04:00,196.0
2011-04-21 22:43:45-04:00,196.0
2011-04-21 22:43:48-04:00,196.0
2011-04-21 22:43:51-04:00,196.0
2011-04-21 22:43:54-04:00,196.0
2011-04-21 22:43:57-04:00,196.0
2011-04-21 22:44:00-04:00,196.0
2011-04-21 22:44:03-04:00,196.0
2011-04-21 22:44:06-04:00,196.0
2011-04-21 22:44:09-04:00,196.0
2011-04-21 22:44:12-04:00,196.0
2011-04-21 22:44:15-04:00,196.0
2011-04-21 22:44:18-04:00,196.25
2011-04-21 22:44:21-04:00,197.0
2011-04-21 22:44:24-04:00,196.0
2011-04-21 22:44:27-04:00,196.0
2011-04-21 22:44:30-04:00,196.0
2011-04-21 22:44:33-04:00,196.0
2011-04-21 22:44:36-04:00,196.0
2011-04-21 22:44:39-04:00,196.0
2011-04-21 22:44:42-04:00,196.0
2011-04-21 22:44:45-04:00,196.0
2011-04-21 22:44:48-04:00,196.0
2011-04-21 22:44:51-04:00,196.0
2011-04-21 22:44:54-04:00,196.0
2011-04-21 22:44:57-04:00,196.0
2011-04-21 22:45:00-04:00,196.0
2011-04-21 22:45:03-04:00,196.0
2011-04-21 22:45:06-04:00,196.0
2011-04-21 22:45:09-04:00,195.33333333333334
2011-04-21 22:45:12-04:00,195.5
2011-04-21 22:45:15-04:00,196.0
2011-04-21 22:45:18-04:00,196.0
2011-04-21 22:45:21-04:00,196.0
2011-04-21 22:45:24-04:00,196.0
2011-04-21 22:45:27-04:00,195.25
2011-04-21 22:45:30-04:00,195.0
2011-04-21 22:45:33-04:00,195.0
2011-04-21 22:45:36-04:00,195.0
2011-04-21 22:45:39-04:00,195.75
2011-04-21 22:45:42-04:00,195.33333333333334
2011-04-21 22:45:45-04:00,195.0
2011-04-21 22:45:48-04:00,195.33333333333334
2011-04-21 22:45:51-04:00,196.0
2011-04-21 22:45:54-04:00,196.0
2011-04-21 22:45:57-04:00,196.0
2011-04-21 22:46:00-04:00,196.0
2011-04-21 22:46:03-04:00,196.0
2011-04-21 22:46:06-04:00,196.0
2011-04-21 22:46:09-04:00,196.0
2011-04-21 22:46:12-04:00,196.0
2011-04-21 22:46:15-04:00,196.0
2011-04-21 22:46:18-04:00,196.0
2011-04-21 22:46:21-04:00,196.0
2011-04-21 22:46:24-04:00,196.0
2011-04-21 22:46:27-04:00,196.0
2011-04-21 22:46:30-04:00,196.0
2011-04-21 22:46:33-04:00,196.0
2011-04-21 22:46:36-04:00,196.0
2011-04-21 22:46:39-04:00,196.0
2011-04-21 22:46:42-04:00,195.33333333333334
2011-04-21 22:46:45-04:00,195.0
2011-04-21 22:46:48-04:00,195.0
2011-04-21 22:46:51-04:00,195.0
2011-04-21 22:46:54-04:00,195.0
2011-04-21 22:46:57-04:00,195.0
2011-04-21 22:47:00-04:00,195.0
2011-04-21 22:47:03-04:00,195.0
2011-04-21 22:47:06-04:00,195.0
2011-04-21 22:47:09-04:00,195.0
2011-04-21 22:47:12-04:00,195.0
2011-04-21 22:47:15-04:00,195.0
2011-04-21 22:47:18-04:00,195.0
2011-04-21 22:47:21-04:00,195.0
2011-04-21 22:47:24-04:00,195.0
2011-04-21 22:47:27-04:00,195.0
2011-04-21 22:47:30-04:00,195.0
2011-04-21 22:47:33-04:00,195.0
2011-04-21 22:47:36-04:00,195.0
2011-04-21 22:47:39-04:00,195.0
2011-04-21 22:47:42-04:00,195.0
2011-04-21 22:47:45-04:00,195.0
2011-04-21 22:47:48-04:00,195.0
2011-04-21 22:47:51-04:00,195.0
2011-04-21 22:47:54-04:00,195.0
2011-04-21 22:47:57-04:00,194.25
2011-04-21 22:48:00-04:00,194.0
2011-04-21 22:48:03-04:00,194.5
2011-04-21 22:48:06-04:00,194.66666666666666
2011-04-21 22:48:09-04:00,194.25
2011-04-21 22:48:12-04:00,195.0
2011-04-21 22:48:15-04:00,194.0
2011-04-21 22:48:18-04:00,194.0
2011-04-21 22:48:21-04:00,194.75
2011-04-21 22:48:24-04:00,80.33333333333334
2011-04-21 22:48:27-04:00,23.0
2011-04-21 22:48:30-04:00,23.0
2011-04-21 22:48:33-04:00,23.0
2011-04-21 22:48:36-04:00,45.66666666666667
2011-04-21 22:48:39-04:00,57.0
2011-04-21 22:48:42-04:00,57.0
2011-04-21 22:48:45-04:00,57.0
2011-04-21 22:48:48-04:00,57.0
2011-04-21 22:48:51-04:00,57.0
2011-04-21 22:48:54-04:00,57.0
2011-04-21 22:48:57-04:00,57.0
2011-04-21 22:49:00-04:00,57.0
2011-04-21 22:49:03-04:00,57.0
2011-04-21 22:49:06-04:00,57.0
2011-04-21 22:49:09-04:00,57.0
2011-04-21 22:49:12-04:00,57.0
2011-04-21 22:49:15-04:00,57.0
2011-04-21 22:49:18-04:00,57.0
2011-04-21 22:49:21-04:00,57.0
2011-04-21 22:49:24-04:00,57.0
2011-04-21 22:49:27-04:00,57.0
2011-04-21 22:49:30-04:00,57.0
2011-04-21 22:49:33-04:00,57.0
2011-04-21 22:49:36-04:00,57.0
2011-04-21 22:49:39-04:00,57.0
2011-04-21 22:49:42-04:00,57.0
2011-04-21 22:49:45-04:00,57.0
2011-04-21 22:49:48-04:00,57.0
2011-04-21 22:49:51-04:00,57.0
2011-04-21 22:49:54-04:00,57.0
2011-04-21 22:49:57-04:00,57.0
2011-04-21 22:50:00-04:00,57.0
2011-04-21 22:50:03-04:00,57.0
2011-04-21 22:50:06-04:00,57.0
2011-04-21 22:50:09-04:00,57.0
2011-04-21 22:50:12-04:00,57.0
2011-04-21 22:50:15-04:00,57.0
2011-04-21 22:50:18-04:00,57.0
2011-04-21 22:50:21-04:00,57.0
2011-04-21 22:50:24-04:00,57.0
2011-04-21 22:50:27-04:00,57.0
2011-04-21 22:50:30-04:00,57.0
2011-04-21 22:50:33-04:00,57.0
2011-04-21 22:50:36-04:00,57.0
2011-04-21 22:50:39-04:00,57.0
2011-04-21 22:50:42-04:00,57.0
2011-04-21 22:50:45-04:00,57.0
2011-04-21 22:50:48-04:00,57.0
2011-04-21 22:50:51-04:00,56.333333333333336
2011-04-21 22:50:54-04:00,56.0
2011-04-21 22:50:57-04:00,56.333333333333336
2011-04-21 22:51:00-04:00,56.75
2011-04-21 22:51:03-04:00,56.0
2011-04-21 22:51:06-04:00,56.0
2011-04-21 22:51:09-04:00,57.0
2011-04-21 22:51:12-04:00,56.25
2011-04-21 22:51:15-04:00,56.0
2011-04-21 22:51:18-04:00,56.0
2011-04-21 22:51:21-04:00,56.0
2011-04-21 22:51:24-04:00,56.0
2011-04-21 22:51:27-04:00,56.0
2011-04-21 22:51:30-04:00,56.0
2011-04-21 22:51:33-04:00,56.0
2011-04-21 22:51:36-04:00,56.0
2011-04-21 22:51:39-04:00,56.0
2011-04-21 22:51:42-04:00,57.0
2011-04-21 22:51:45-04:00,56.25
2011-04-21 22:51:48-04:00,56.0
2011-04-21 22:51:51-04:00,56.0
2011-04-21 22:51:54-04:00,56.0
2011-04-21 22:51:57-04:00,47.75
2011-04-21 22:52:00-04:00,23.0
2011-04-21 22:52:03-04:00,23.0
2011-04-21 22:52:06-04:00,23.0
2011-04-21 22:52:09-04:00,23.0
2011-04-21 22:52:12-04:00,23.0
2011-04-21 22:52:15-04:00,23.0
2011-04-21 22:52:18-04:00,23.0
2011-04-21 22:52:21-04:00,23.0
2011-04-21 22:52:24-04:00,23.0
2011-04-21 22:52:27-04:00,23.0
2011-04-21 22:52:30-04:00,23.0
2011-04-21 22:52:33-04:00,23.0
2011-04-21 22:52:36-04:00,23.0
2011-04-21 22:52:39-04:00,23.0
2011-04-21 22:52:42-04:00,23.0
2011-04-21 22:52:45-04:00,23.0
2011-04-21 22:52:48-04:00,23.0
2011-04-21 22:52:51-04:00,23.0
2011-04-21 22:52:54-04:00,23.0
2011-04-21 22:52:57-04:00,23.0
2011-04-21 22:53:00-04:00,23.0
2011-04-21 22:53:03-04:00,23.0
2011-04-21 22:53:06-04:00,23.0
2011-04-21 22:53:09-04:00,23.75
2011-04-21 22:53:12-04:00,23.333333333333332
2011-04-21 22:53:15-04:00,23.0
2011-04-21 22:53:18-04:00,23.0
2011-04-21 22:53:21-04:00,23.0
2011-04-21 22:53:24-04:00,23.0
2011-04-21 22:53:27-04:00,23.0
2011-04-21 22:53:30-04:00,23.0
2011-04-21 22:53:33-04:00,23.0
2011-04-21 22:53:36-04:00,23.0
2011-04-21 22:53:39-04:00,23.0
2011-04-21 22:53:42-04:00,23.0
2011-04-21 22:53:45-04:00,23.0
2011-04-21 22:53:48-04:00,23.0
2011-04-21 22:53:51-04:00,23.0
2011-04-21 22:53:54-04:00,23.0
2011-04-21 22:53:57-04:00,23.0
2011-04-21 22:54:00-04:00,23.0
2011-04-21 22:54:03-04:00,23.0
2011-04-21 22:54:06-04:00,23.0
2011-04-21 22:54:09-04:00,23.0
2011-04-21 22:54:12-04:00,23.0
2011-04-21 22:54:15-04:00,23.0
2011-04-21 22:54:18-04:00,23.0
2011-04-21 22:54:21-04:00,23.0
2011-04-21 22:54:24-04:00,23.0
2011-04-21 22:54:27-04:00,23.0
2011-04-21 22:54:30-04:00,23.0
2011-04-21 22:54:33-04:00,23.0
2011-04-21 22:54:36-04:00,23.0
2011-04-21 22:54:39-04:00,23.0
2011-04-21 22:54:42-04:00,23.0
2011-04-21 22:54:45-04:00,23.0
2011-04-21 22:54:48-04:00,23.0
2011-04-21 22:54:51-04:00,23.0
2011-04-21 22:54:54-04:00,23.0
2011-04-21 22:54:57-04:00,23.0
2011-04-21 22:55:00-04:00,23.0
2011-04-21 22:55:03-04:00,23.0
2011-04-21 22:55:06-04:00,23.0
2011-04-21 22:55:09-04:00,23.0
2011-04-21 22:55:12-04:00,23.0
2011-04-21 22:55:15-04:00,23.0
2011-04-21 22:55:18-04:00,23.0
2011-04-21 22:55:21-04:00,23.0
2011-04-21 22:55:24-04:00,23.0
2011-04-21 22:55:27-04:00,23.0
2011-04-21 22:55:30-04:00,23.0
2011-04-21 22:55:33-04:00,23.0
2011-04-21 22:55:36-04:00,23.0
2011-04-21 22:55:39-04:00,23.0
2011-04-21 22:55:42-04:00,23.0
2011-04-21 22:55:45-04:00,23.0
2011-04-21 22:55:48-04:00,23.0
2011-04-21 22:55:51-04:00,23.0
2011-04-21 22:55:54-04:00,23.0
2011-04-21 22:55:57-04:00,23.0
2011-04-21 22:56:00-04:00,23.0
2011-04-21 22:56:03-04:00,23.0
2011-04-21 22:56:06-04:00,23.0
2011-04-21 22:56:09-04:00,23.0
2011-04-21 22:56:12-04:00,23.0
2011-04-21 22:56:15-04:00,23.0
2011-04-21 22:56:18-04:00,23.0
2011-04-21 22:56:21-04:00,23.0
2011-04-21 22:56:24-04:00,23.0
2011-04-21 22:56:27-04:00,23.0
2011-04-21 22:56:30-04:00,23.0
2011-04-21 22:56:33-04:00,23.0
2011-04-21 22:56:36-04:00,23.0
2011-04-21 22:56:39-04:00,23.0
2011-04-21 22:56:42-04:00,23.0
2011-04-21 22:56:45-04:00,23.0
2011-04-21 22:56:48-04:00,17.5
2011-04-21 22:56:51-04:00,1.0
2011-04-21 22:56:54-04:00,1.0
2011-04-21 22:56:57-04:00,1.0
2011-04-21 22:57:00-04:00,1.0
2011-04-21 22:57:03-04:00,1.0
2011-04-21 22:57:06-04:00,1.0
2011-04-21 22:57:09-04:00,1.0
2011-04-21 22:57:12-04:00,1.0
2011-04-21 22:57:15-04:00,1.0
2011-04-21 22:57:18-04:00,1.0
2011-04-21 22:57:21-04:00,1.0
2011-04-21 22:57:24-04:00,1.0
2011-04-21 22:57:27-04:00,1.0
2011-04-21 22:57:30-04:00,1.0
2011-04-21 22:57:33-04:00,1.0
2011-04-21 22:57:36-04:00,1.0
2011-04-21 22:57:39-04:00,1.0
2011-04-21 22:57:42-04:00,1.0
2011-04-21 22:57:45-04:00,1.0
2011-04-21 22:57:48-04:00,1.0
2011-04-21 22:57:51-04:00,0.75
2011-04-21 22:57:54-04:00,0.0
2011-04-21 22:57:57-04:00,0.75
2011-04-21 22:58:00-04:00,1.0
2011-04-21 22:58:03-04:00,1.0
2011-04-21 22:58:06-04:00,1.0
2011-04-21 22:58:09-04:00,1.0
2011-04-21 22:58:12-04:00,1.0
2011-04-21 22:58:15-04:00,1.0
2011-04-21 22:58:18-04:00,1.0
2011-04-21 22:58:21-04:00,1.0
2011-04-21 22:58:24-04:00,1.0
2011-04-21 22:58:27-04:00,1.0
2011-04-21 22:58:30-04:00,1.0
2011-04-21 22:58:33-04:00,1.0
2011-04-21 22:58:36-04:00,1.0
2011-04-21 22:58:39-04:00,1.0
2011-04-21 22:58:42-04:00,1.0
2011-04-21 22:58:45-04:00,1.0
2011-04-21 22:58:48-04:00,1.0
2011-04-21 22:58:51-04:00,1.0
2011-04-21 22:58:54-04:00,1.0
2011-04-21 22:58:57-04:00,0.25
2011-04-21 22:59:00-04:00,0.6666666666666666
2011-04-21 22:59:03-04:00,1.0
2011-04-21 22:59:06-04:00,13.0
2011-04-21 22:59:09-04:00,25.0
2011-04-21 22:59:12-04:00,19.0
2011-04-21 22:59:15-04:00,1.0
2011-04-21 22:59:18-04:00,1.0
2011-04-21 22:59:21-04:00,1.0
2011-04-21 22:59:24-04:00,0.33333333333333337
2011-04-21 22:59:27-04:00,0.2222222222222222
2011-04-21 22:59:30-04:00,0.5555555555555556
2011-04-21 22:59:33-04:00,0.8888888888888888
2011-04-21 22:59:36-04:00,0.33333333333333337
2011-04-21 22:59:39-04:00,0.5
2011-04-21 22:59:42-04:00,1.0
2011-04-21 22:59:45-04:00,1.0
2011-04-21 22:59:48-04:00,1.0
2011-04-21 22:59:51-04:00,1.0
2011-04-21 22:59:54-04:00,1.0
2011-04-21 22:59:57-04:00,1.0
2011-04-21 23:00:00-04:00,1.0
2011-04-21 23:00:03-04:00,1.0
2011-04-21 23:00:06-04:00,1.0
2011-04-21 23:00:09-04:00,1.0
2011-04-21 23:00:12-04:00,1.0
2011-04-21 23:00:15-04:00,0.0
2011-04-21 23:00:18-04:00,0.75
2011-04-21 23:00:21-04:00,1.0
2011-04-21 23:00:24-04:00,1.0
2011-04-21 23:00:27-04:00,1.0
2011-04-21 23:00:30-04:00,1.0
2011-04-21 23:00:33-04:00,1.0
2011-04-21 23:00:36-04:00,0.75
2011-04-21 23:00:39-04:00,0.0
2011-04-21 23:00:42-04:00,1.0
2011-04-21 23:00:45-04:00,1.0
2011-04-21 23:00:48-04:00,1.0
2011-04-21 23:00:51-04:00,1.0
2011-04-21 23:00:54-04:00,1.0
2011-04-21 23:00:57-04:00,1.0
2011-04-21 23:01:00-04:00,1.0
2011-04-21 23:01:03-04:00,1.0
2011-04-21 23:01:06-04:00,1.0
2011-04-21 23:01:09-04:00,1.0
2011-04-21 23:01:12-04:00,1.0
2011-04-21 23:01:15-04:00,1.0
2011-04-21 23:01:18-04:00,1.0
2011-04-21 23:01:21-04:00,1.0
2011-04-21 23:01:24-04:00,1.0
2011-04-21 23:01:27-04:00,1.0
2011-04-21 23:01:30-04:00,1.0
2011-04-21 23:01:33-04:00,1.0
2011-04-21 23:01:36-04:00,1.0
2011-04-21 23:01:39-04:00,1.0
2011-04-21 23:01:42-04:00,1.0
2011-04-21 23:01:45-04:00,1.0
2011-04-21 23:01:48-04:00,1.0
2011-04-21 23:01:51-04:00,1.0
2011-04-21 23:01:54-04:00,1.0
2011-04-21 23:01:57-04:00,1.0
2011-04-21 23:02:00-04:00,0.25
2011-04-21 23:02:03-04:00,0.6666666666666666
2011-04-21 23:02:06-04:00,1.0
2011-04-21 23:02:09-04:00,1.0
2011-04-21 23:02:12-04:00,1.0
2011-04-21 23:02:15-04:00,1.0
2011-04-21 23:02:18-04:00,1.0
2011-04-21 23:02:21-04:00,1.0
2011-04-21 23:02:24-04:00,1.0
2011-04-21 23:02:27-04:00,1.0
2011-04-21 23:02:30-04:00,1.0
2011-04-21 23:02:33-04:00,1.0
2011-04-21 23:02:36-04:00,1.0
2011-04-21 23:02:39-04:00,1.0
2011-04-21 23:02:42-04:00,1.0
2011-04-21 23:02:45-04:00,1.0
2011-04-21 23:02:48-04:00,1.0
2011-04-21 23:02:51-04:00,0.0
2011-04-21 23:02:54-04:00,0.75
2011-04-21 23:02:57-04:00,1.0
2011-04-21 23:03:00-04:00,1.0
2011-04-21 23:03:03-04:00,1.0
2011-04-21 23:03:06-04:00,1.0
2011-04-21 23:03:09-04:00,1.0
2011-04-21 23:03:12-04:00,1.0
2011-04-21 23:03:15-04:00,0.0
2011-04-21 23:03:18-04:00,0.75
2011-04-21 23:03:21-04:00,1.0
2011-04-21 23:03:24-04:00,1.0
2011-04-21 23:03:27-04:00,1.0
2011-04-21 23:03:30-04:00,1.0
2011-04-21 23:03:33-04:00,1.0
2011-04-21 23:03:36-04:00,0.5
2011-04-21 23:03:39-04:00,0.3333333333333333
2011-04-21 23:03:42-04:00,1.0
2011-04-21 23:03:45-04:00,1.0
2011-04-21 23:03:48-04:00,1.0
2011-04-21 23:03:51-04:00,1.0
2011-04-21 23:03:54-04:00,0.25
2011-04-21 23:03:57-04:00,0.6666666666666666
2011-04-21 23:04:00-04:00,1.0
2011-04-21 23:04:03-04:00,0.5
2011-04-21 23:04:06-04:00,0.3333333333333333
2011-04-21 23:04:09-04:00,1.0
2011-04-21 23:04:12-04:00,1.0
2011-04-21 23:04:15-04:00,1.0
2011-04-21 23:04:18-04:00,1.0
2011-04-21 23:04:21-04:00,1.0
2011-04-21 23:04:24-04:00,1.0
2011-04-21 23:04:27-04:00,1.0
2011-04-21 23:04:30-04:00,1.0
2011-04-21 23:04:33-04:00,1.0
2011-04-21 23:04:36-04:00,1.0
2011-04-21 23:04:39-04:00,1.0
2011-04-21 23:04:42-04:00,1.0
2011-04-21 23:04:45-04:00,1.0
2011-04-21 23:04:48-04:00,1.0
2011-04-21 23:04:51-04:00,0.25
2011-04-21 23:04:54-04:00,0.6666666666666666
2011-04-21 23:04:57-04:00,1.0
2011-04-21 23:05:00-04:00,1.0
2011-04-21 23:05:03-04:00,1.0
2011-04-21 23:05:06-04:00,1.0
2011-04-21 23:05:09-04:00,1.0
2011-04-21 23:05:12-04:00,1.0
2011-04-21 23:05:15-04:00,1.0
2011-04-21 23:05:18-04:00,1.0
2011-04-21 23:05:21-04:00,1.0
2011-04-21 23:05:24-04:00,1.0
2011-04-21 23:05:27-04:00,1.0
2011-04-21 23:05:30-04:00,1.0
2011-04-21 23:05:33-04:00,1.0
2011-04-21 23:05:36-04:00,1.0
2011-04-21 23:05:39-04:00,1.0
2011-04-21 23:05:42-04:00,1.0
2011-04-21 23:05:45-04:00,1.0
2011-04-21 23:05:48-04:00,1.0
2011-04-21 23:05:51-04:00,1.0
2011-04-21 23:05:54-04:00,0.75
2011-04-21 23:05:57-04:00,0.0
2011-04-21 23:06:00-04:00,1.0
2011-04-21 23:06:03-04:00,1.0
2011-04-21 23:06:06-04:00,1.0
2011-04-21 23:06:09-04:00,1.0
2011-04-21 23:06:12-04:00,1.0
2011-04-21 23:06:15-04:00,1.0
2011-04-21 23:06:18-04:00,1.0
2011-04-21 23:06:21-04:00,1.0
2011-04-21 23:06:24-04:00,1.0
2011-04-21 23:06:27-04:00,1.0
2011-04-21 23:06:30-04:00,1.0
2011-04-21 23:06:33-04:00,1.0
2011-04-21 23:06:36-04:00,1.0
2011-04-21 23:06:39-04:00,1.0
2011-04-21 23:06:42-04:00,1.0
2011-04-21 23:06:45-04:00,1.0
2011-04-21 23:06:48-04:00,1.0
2011-04-21 23:06:51-04:00,1.0
2011-04-21 23:06:54-04:00,1.0
2011-04-21 23:06:57-04:00,1.0
2011-04-21 23:07:00-04:00,1.0
2011-04-21 23:07:03-04:00,1.0
2011-04-21 23:07:06-04:00,1.0
2011-04-21 23:07:09-04:00,1.0
2011-04-21 23:07:12-04:00,1.0
2011-04-21 23:07:15-04:00,1.0
2011-04-21 23:07:18-04:00,1.0
2011-04-21 23:07:21-04:00,1.0
2011-04-21 23:07:24-04:00,1.0
2011-04-21 23:07:27-04:00,1.0
2011-04-21 23:07:30-04:00,1.0
2011-04-21 23:07:33-04:00,1.0
2011-04-21 23:07:36-04:00,1.0
2011-04-21 23:07:39-04:00,1.0
2011-04-21 23:07:42-04:00,1.0
2011-04-21 23:07:45-04:00,1.0
2011-04-21 23:07:48-04:00,1.0
2011-04-21 23:07:51-04:00,1.0
2011-04-21 23:07:54-04:00,1.0
2011-04-21 23:07:57-04:00,1.0
2011-04-21 23:08:00-04:00,1.0
2011-04-21 23:08:03-04:00,1.0
2011-04-21 23:08:06-04:00,1.0
2011-04-21 23:08:09-04:00,1.0
2011-04-21 23:08:12-04:00,1.0
2011-04-21 23:08:15-04:00,1.0
2011-04-21 23:08:18-04:00,1.0
2011-04-21 23:08:21-04:00,1.0
2011-04-21 23:08:24-04:00,1.0
2011-04-21 23:08:27-04:00,1.0
2011-04-21 23:08:30-04:00,1.0
2011-04-21 23:08:33-04:00,1.0
2011-04-21 23:08:36-04:00,1.0
2011-04-21 23:08:39-04:00,1.0
2011-04-21 23:08:42-04:00,1.0
2011-04-21 23:08:45-04:00,1.0
2011-04-21 23:08:48-04:00,1.0
2011-04-21 23:08:51-04:00,1.0
2011-04-21 23:08:54-04:00,1.0
2011-04-21 23:08:57-04:00,1.0
2011-04-21 23:09:00-04:00,1.0
2011-04-21 23:09:03-04:00,1.0
2011-04-21 23:09:06-04:00,1.0
2011-04-21 23:09:09-04:00,1.0
2011-04-21 23:09:12-04:00,1.0
2011-04-21 23:09:15-04:00,1.0
2011-04-21 23:09:18-04:00,1.0
2011-04-21 23:09:21-04:00,1.0
2011-04-21 23:09:24-04:00,1.0
2011-04-21 23:09:27-04:00,1.0
2011-04-21 23:09:30-04:00,1.0
2011-04-21 23:09:33-04:00,1.0
2011-04-21 23:09:36-04:00,1.0
2011-04-21 23:09:39-04:00,1.0
2011-04-21 23:09:42-04:00,1.0
2011-04-21 23:09:45-04:00,1.0
2011-04-21 23:09:48-04:00,1.0
2011-04-21 23:09:51-04:00,1.0
2011-04-21 23:09:54-04:00,1.0
2011-04-21 23:09:57-04:00,1.0
2011-04-21 23:10:00-04:00,1.0
2011-04-21 23:10:03-04:00,1.0
2011-04-21 23:10:06-04:00,1.0
2011-04-21 23:10:09-04:00,1.0
2011-04-21 23:10:12-04:00,1.0
2011-04-21 23:10:15-04:00,1.0
2011-04-21 23:10:18-04:00,1.0
2011-04-21 23:10:21-04:00,1.0
2011-04-21 23:10:24-04:00,1.0
2011-04-21 23:10:27-04:00,1.0
2011-04-21 23:10:30-04:00,1.0
2011-04-21 23:10:33-04:00,1.0
2011-04-21 23:10:36-04:00,1.0
2011-04-21 23:10:39-04:00,1.0
2011-04-21 23:10:42-04:00,1.0
2011-04-21 23:10:45-04:00,1.0
2011-04-21 23:10:48-04:00,1.0
2011-04-21 23:10:51-04:00,1.0
2011-04-21 23:10:54-04:00,1.0
2011-04-21 23:10:57-04:00,1.0
2011-04-21 23:11:00-04:00,1.0
2011-04-21 23:11:03-04:00,1.0
2011-04-21 23:11:06-04:00,1.0
2011-04-21 23:11:09-04:00,1.0
2011-04-21 23:11:12-04:00,1.0
2011-04-21 23:11:15-04:00,1.0
2011-04-21 23:11:18-04:00,1.0
2011-04-21 23:11:21-04:00,1.0
2011-04-21 23:11:24-04:00,1.0
2011-04-21 23:11:27-04:00,1.0
2011-04-21 23:11:30-04:00,1.0
2011-04-21 23:11:33-04:00,1.0
2011-04-21 23:11:36-04:00,1.0
2011-04-21 23:11:39-04:00,1.0
2011-04-21 23:11:42-04:00,1.0
2011-04-21 23:11:45-04:00,1.0
2011-04-21 23:11:48-04:00,1.0
2011-04-21 23:11:51-04:00,1.0
2011-04-21 23:11:54-04:00,1.0
2011-04-21 23:11:57-04:00,1.0
2011-04-21 23:12:00-04:00,1.0
2011-04-21 23:12:03-04:00,1.0
2011-04-21 23:12:06-04:00,1.0
2011-04-21 23:12:09-04:00,1.0
2011-04-21 23:12:12-04:00,1.0
2011-04-21 23:12:15-04:00,1.0
2011-04-21 23:12:18-04:00,1.0
2011-04-21 23:12:21-04:00,1.0
2011-04-21 23:12:24-04:00,1.0
2011-04-21 23:12:27-04:00,1.0
2011-04-21 23:12:30-04:00,1.0
2011-04-21 23:12:33-04:00,1.0
2011-04-21 23:12:36-04:00,1.0
2011-04-21 23:12:39-04:00,1.0
2011-04-21 23:12:42-04:00,1.0
2011-04-21 23:12:45-04:00,1.0
2011-04-21 23:12:48-04:00,1.0
2011-04-21 23:12:51-04:00,1.0
2011-04-21 23:12:54-04:00,1.0
2011-04-21 23:12:57-04:00,1.0
2011-04-21 23:13:00-04:00,1.0
2011-04-21 23:13:03-04:00,1.0
2011-04-21 23:13:06-04:00,1.0
2011-04-21 23:13:09-04:00,1.0
2011-04-21 23:13:12-04:00,1.0
2011-04-21 23:13:15-04:00,1.0
2011-04-21 23:13:18-04:00,1.0
2011-04-21 23:13:21-04:00,1.0
2011-04-21 23:13:24-04:00,1.0
2011-04-21 23:13:27-04:00,1.0
2011-04-21 23:13:30-04:00,1.0
2011-04-21 23:13:33-04:00,1.0
2011-04-21 23:13:36-04:00,1.0
2011-04-21 23:13:39-04:00,1.0
2011-04-21 23:13:42-04:00,1.0
2011-04-21 23:13:45-04:00,1.0
2011-04-21 23:13:48-04:00,1.0
2011-04-21 23:13:51-04:00,1.0
2011-04-21 23:13:54-04:00,1.0
2011-04-21 23:13:57-04:00,0.33333333333333337
2011-04-21 23:14:00-04:00,0.6666666666666666
2011-04-21 23:14:03-04:00,1.0
2011-04-21 23:14:06-04:00,1.0
2011-04-21 23:14:09-04:00,1.0
2011-04-21 23:14:12-04:00,1.0
2011-04-21 23:14:15-04:00,1.0
2011-04-21 23:14:18-04:00,1.0
2011-04-21 23:14:21-04:00,1.0
2011-04-21 23:14:24-04:00,1.0
2011-04-21 23:14:27-04:00,1.0
2011-04-21 23:14:30-04:00,1.0
2011-04-21 23:14:33-04:00,1.0
2011-04-21 23:14:36-04:00,1.0
2011-04-21 23:14:39-04:00,1.0
2011-04-21 23:14:42-04:00,1.0
2011-04-21 23:14:45-04:00,1.0
2011-04-21 23:14:48-04:00,1.0
2011-04-21 23:14:51-04:00,1.0
2011-04-21 23:14:54-04:00,1.0
2011-04-21 23:14:57-04:00,1.0
2011-04-21 23:15:00-04:00,1.0
2011-04-21 23:15:03-04:00,1.0
2011-04-21 23:15:06-04:00,1.0
2011-04-21 23:15:09-04:00,1.0
2011-04-21 23:15:12-04:00,1.0
2011-04-21 23:15:15-04:00,1.0
2011-04-21 23:15:18-04:00,1.0
2011-04-21 23:15:21-04:00,1.0
2011-04-21 23:15:24-04:00,1.0
2011-04-21 23:15:27-04:00,1.0
2011-04-21 23:15:30-04:00,1.0
2011-04-21 23:15:33-04:00,1.0
2011-04-21 23:15:36-04:00,1.0
2011-04-21 23:15:39-04:00,1.0
2011-04-21 23:15:42-04:00,1.0
2011-04-21 23:15:45-04:00,1.0
2011-04-21 23:15:48-04:00,1.0
2011-04-21 23:15:51-04:00,1.0
2011-04-21 23:15:54-04:00,1.0
2011-04-21 23:15:57-04:00,1.0
2011-04-21 23:16:00-04:00,1.0
2011-04-21 23:16:03-04:00,1.0
2011-04-21 23:16:06-04:00,1.0
2011-04-21 23:16:09-04:00,1.0
2011-04-21 23:16:12-04:00,1.0
2011-04-21 23:16:15-04:00,1.0
2011-04-21 23:16:18-04:00,1.0
2011-04-21 23:16:21-04:00,1.0
2011-04-21 23:16:24-04:00,1.0
2011-04-21 23:16:27-04:00,1.0
2011-04-21 23:16:30-04:00,1.0
2011-04-21 23:16:33-04:00,1.0
2011-04-21 23:16:36-04:00,1.0
2011-04-21 23:16:39-04:00,1.0
2011-04-21 23:16:42-04:00,1.0
2011-04-21 23:16:45-04:00,1.0
2011-04-21 23:16:48-04:00,1.0
2011-04-21 23:16:51-04:00,1.0
2011-04-21 23:16:54-04:00,1.0
2011-04-21 23:16:57-04:00,1.0
2011-04-21 23:17:00-04:00,1.0
2011-04-21 23:17:03-04:00,1.0
2011-04-21 23:17:06-04:00,1.0
2011-04-21 23:17:09-04:00,1.0
2011-04-21 23:17:12-04:00,1.0
2011-04-21 23:17:15-04:00,1.0
2011-04-21 23:17:18-04:00,1.0
2011-04-21 23:17:21-04:00,1.0
2011-04-21 23:17:24-04:00,1.0
2011-04-21 23:17:27-04:00,1.0
2011-04-21 23:17:30-04:00,1.0
2011-04-21 23:17:33-04:00,1.0
2011-04-21 23:17:36-04:00,1.0
2011-04-21 23:17:39-04:00,1.0
2011-04-21 23:17:42-04:00,1.0
2011-04-21 23:17:45-04:00,1.0
2011-04-21 23:17:48-04:00,1.0
2011-04-21 23:17:51-04:00,1.0
2011-04-21 23:17:54-04:00,1.0
2011-04-21 23:17:57-04:00,1.0
2011-04-21 23:18:00-04:00,1.0
2011-04-21 23:18:03-04:00,1.0
2011-04-21 23:18:06-04:00,1.0
2011-04-21 23:18:09-04:00,1.0
2011-04-21 23:18:12-04:00,1.0
2011-04-21 23:18:15-04:00,1.0
2011-04-21 23:18:18-04:00,1.0
2011-04-21 23:18:21-04:00,1.0
2011-04-21 23:18:24-04:00,1.0
2011-04-21 23:18:27-04:00,1.0
2011-04-21 23:18:30-04:00,1.0
2011-04-21 23:18:33-04:00,1.0
2011-04-21 23:18:36-04:00,1.0
2011-04-21 23:18:39-04:00,1.0
2011-04-21 23:18:42-04:00,1.0
2011-04-21 23:18:45-04:00,1.0
2011-04-21 23:18:48-04:00,1.0
2011-04-21 23:18:51-04:00,1.0
2011-04-21 23:18:54-04:00,1.0
2011-04-21 23:18:57-04:00,1.0
2011-04-21 23:19:00-04:00,1.0
2011-04-21 23:19:03-04:00,1.0
2011-04-21 23:19:06-04:00,1.0
2011-04-21 23:19:09-04:00,1.0
2011-04-21 23:19:12-04:00,1.0
2011-04-21 23:19:15-04:00,1.0
2011-04-21 23:19:18-04:00,1.0
2011-04-21 23:19:21-04:00,1.0
2011-04-21 23:19:24-04:00,1.0
2011-04-21 23:19:27-04:00,1.0
2011-04-21 23:19:30-04:00,1.0
2011-04-21 23:19:33-04:00,1.0
2011-04-21 23:19:36-04:00,1.0
2011-04-21 23:19:39-04:00,1.0
2011-04-21 23:19:42-04:00,1.0
2011-04-21 23:19:45-04:00,1.0
2011-04-21 23:19:48-04:00,1.0
2011-04-21 23:19:51-04:00,1.0
2011-04-21 23:19:54-04:00,1.0
2011-04-21 23:19:57-04:00,1.0
2011-04-21 23:20:00-04:00,1.0
2011-04-21 23:20:03-04:00,1.0
2011-04-21 23:20:06-04:00,1.0
2011-04-21 23:20:09-04:00,1.0
2011-04-21 23:20:12-04:00,1.0
2011-04-21 23:20:15-04:00,1.0
2011-04-21 23:20:18-04:00,1.0
2011-04-21 23:20:21-04:00,1.0
2011-04-21 23:20:24-04:00,1.0
2011-04-21 23:20:27-04:00,1.0
2011-04-21 23:20:30-04:00,1.0
2011-04-21 23:20:33-04:00,1.0
2011-04-21 23:20:36-04:00,1.0
2011-04-21 23:20:39-04:00,1.0
2011-04-21 23:20:42-04:00,1.0
2011-04-21 23:20:45-04:00,1.0
2011-04-21 23:20:48-04:00,1.0
2011-04-21 23:20:51-04:00,1.0
2011-04-21 23:20:54-04:00,1.0
2011-04-21 23:20:57-04:00,1.0
2011-04-21 23:21:00-04:00,1.0
2011-04-21 23:21:03-04:00,1.0
2011-04-21 23:21:06-04:00,1.0
2011-04-21 23:21:09-04:00,1.0
2011-04-21 23:21:12-04:00,1.0
2011-04-21 23:21:15-04:00,1.0
2011-04-21 23:21:18-04:00,1.0
2011-04-21 23:21:21-04:00,1.0
2011-04-21 23:21:24-04:00,1.0
2011-04-21 23:21:27-04:00,1.0
2011-04-21 23:21:30-04:00,1.0
2011-04-21 23:21:33-04:00,1.0
2011-04-21 23:21:36-04:00,1.0
2011-04-21 23:21:39-04:00,1.0
2011-04-21 23:21:42-04:00,1.0
2011-04-21 23:21:45-04:00,1.0
2011-04-21 23:21:48-04:00,1.0
2011-04-21 23:21:51-04:00,1.0
2011-04-21 23:21:54-04:00,1.0
2011-04-21 23:21:57-04:00,1.0
2011-04-21 23:22:00-04:00,1.0
2011-04-21 23:22:03-04:00,1.0
2011-04-21 23:22:06-04:00,1.0
2011-04-21 23:22:09-04:00,1.0
2011-04-21 23:22:12-04:00,1.0
2011-04-21 23:22:15-04:00,0.6666666666666667
2011-04-21 23:22:18-04:00,0.25
2011-04-21 23:22:21-04:00,1.0
2011-04-21 23:22:24-04:00,1.0
2011-04-21 23:22:27-04:00,1.0
2011-04-21 23:22:30-04:00,1.0
2011-04-21 23:22:33-04:00,1.0
2011-04-21 23:22:36-04:00,1.0
2011-04-21 23:22:39-04:00,1.0
2011-04-21 23:22:42-04:00,1.0
2011-04-21 23:22:45-04:00,1.0
2011-04-21 23:22:48-04:00,1.0
2011-04-21 23:22:51-04:00,1.0
2011-04-21 23:22:54-04:00,1.0
2011-04-21 23:22:57-04:00,1.0
2011-04-21 23:23:00-04:00,0.0
2011-04-21 23:23:03-04:00,0.75
2011-04-21 23:23:06-04:00,1.0
2011-04-21 23:23:09-04:00,1.0
2011-04-21 23:23:12-04:00,1.0
2011-04-21 23:23:15-04:00,1.0
2011-04-21 23:23:18-04:00,1.0
2011-04-21 23:23:21-04:00,1.0
2011-04-21 23:23:24-04:00,1.0
2011-04-21 23:23:27-04:00,1.0
2011-04-21 23:23:30-04:00,1.0
2011-04-21 23:23:33-04:00,1.0
2011-04-21 23:23:36-04:00,1.0
2011-04-21 23:23:39-04:00,1.0
2011-04-21 23:23:42-04:00,1.0
2011-04-21 23:23:45-04:00,1.0
2011-04-21 23:23:48-04:00,1.0
2011-04-21 23:23:51-04:00,1.0
2011-04-21 23:23:54-04:00,1.0
2011-04-21 23:23:57-04:00,1.0
2011-04-21 23:24:00-04:00,1.0
2011-04-21 23:24:03-04:00,1.0
2011-04-21 23:24:06-04:00,1.0
2011-04-21 23:24:09-04:00,1.0
2011-04-21 23:24:12-04:00,1.0
2011-04-21 23:24:15-04:00,1.0
2011-04-21 23:24:18-04:00,1.0
2011-04-21 23:24:21-04:00,1.0
2011-04-21 23:24:24-04:00,1.0
2011-04-21 23:24:27-04:00,1.0
2011-04-21 23:24:30-04:00,1.0
2011-04-21 23:24:33-04:00,1.0
2011-04-21 23:24:36-04:00,1.0
2011-04-21 23:24:39-04:00,1.0
2011-04-21 23:24:42-04:00,1.0
2011-04-21 23:24:45-04:00,1.0
2011-04-21 23:24:48-04:00,1.0
2011-04-21 23:24:51-04:00,1.0
2011-04-21 23:24:54-04:00,1.0
2011-04-21 23:24:57-04:00,1.0
2011-04-21 23:25:00-04:00,1.0
2011-04-21 23:25:03-04:00,1.0
2011-04-21 23:25:06-04:00,1.0
2011-04-21 23:25:09-04:00,1.0
2011-04-21 23:25:12-04:00,0.6666666666666667
2011-04-21 23:25:15-04:00,0.25
2011-04-21 23:25:18-04:00,1.0
2011-04-21 23:25:21-04:00,1.0
2011-04-21 23:25:24-04:00,1.0
2011-04-21 23:25:27-04:00,1.0
2011-04-21 23:25:30-04:00,1.0
2011-04-21 23:25:33-04:00,1.0
2011-04-21 23:25:36-04:00,1.0
2011-04-21 23:25:39-04:00,1.0
2011-04-21 23:25:42-04:00,1.0
2011-04-21 23:25:45-04:00,1.0
2011-04-21 23:25:48-04:00,1.0
2011-04-21 23:25:51-04:00,1.0
2011-04-21 23:25:54-04:00,1.0
2011-04-21 23:25:57-04:00,1.0
2011-04-21 23:26:00-04:00,1.0
2011-04-21 23:26:03-04:00,1.0
2011-04-21 23:26:06-04:00,1.0
2011-04-21 23:26:09-04:00,1.0
2011-04-21 23:26:12-04:00,1.0
2011-04-21 23:26:15-04:00,1.0
2011-04-21 23:26:18-04:00,1.0
2011-04-21 23:26:21-04:00,1.0
2011-04-21 23:26:24-04:00,1.0
2011-04-21 23:26:27-04:00,1.0
2011-04-21 23:26:30-04:00,1.0
2011-04-21 23:26:33-04:00,1.0
2011-04-21 23:26:36-04:00,1.0
2011-04-21 23:26:39-04:00,1.0
2011-04-21 23:26:42-04:00,1.0
2011-04-21 23:26:45-04:00,1.0
2011-04-21 23:26:48-04:00,1.0
2011-04-21 23:26:51-04:00,1.0
2011-04-21 23:26:54-04:00,1.0
2011-04-21 23:26:57-04:00,1.0
2011-04-21 23:27:00-04:00,1.0
2011-04-21 23:27:03-04:00,1.0
2011-04-21 23:27:06-04:00,1.0
2011-04-21 23:27:09-04:00,1.0
2011-04-21 23:27:12-04:00,1.0
2011-04-21 23:27:15-04:00,1.0
2011-04-21 23:27:18-04:00,1.0
2011-04-21 23:27:21-04:00,1.0
2011-04-21 23:27:24-04:00,1.0
2011-04-21 23:27:27-04:00,1.0
2011-04-21 23:27:30-04:00,1.0
2011-04-21 23:27:33-04:00,1.0
2011-04-21 23:27:36-04:00,1.0
2011-04-21 23:27:39-04:00,1.0
2011-04-21 23:27:42-04:00,1.0
2011-04-21 23:27:45-04:00,1.0
2011-04-21 23:27:48-04:00,1.0
2011-04-21 23:27:51-04:00,1.0
2011-04-21 23:27:54-04:00,1.0
2011-04-21 23:27:57-04:00,1.0
2011-04-21 23:28:00-04:00,1.0
2011-04-21 23:28:03-04:00,1.0
2011-04-21 23:28:06-04:00,1.0
2011-04-21 23:28:09-04:00,1.0
2011-04-21 23:28:12-04:00,1.0
2011-04-21 23:28:15-04:00,1.0
2011-04-21 23:28:18-04:00,1.0
2011-04-21 23:28:21-04:00,1.0
2011-04-21 23:28:24-04:00,1.0
2011-04-21 23:28:27-04:00,1.0
2011-04-21 23:28:30-04:00,1.0
2011-04-21 23:28:33-04:00,1.0
2011-04-21 23:28:36-04:00,1.0
2011-04-21 23:28:39-04:00,0.5
2011-04-21 23:28:42-04:00,0.3333333333333333
2011-04-21 23:28:45-04:00,1.0
2011-04-21 23:28:48-04:00,1.0
2011-04-21 23:28:51-04:00,1.0
2011-04-21 23:28:54-04:00,1.0
2011-04-21 23:28:57-04:00,1.0
2011-04-21 23:29:00-04:00,1.0
2011-04-21 23:29:03-04:00,1.0
2011-04-21 23:29:06-04:00,1.0
2011-04-21 23:29:09-04:00,1.0
2011-04-21 23:29:12-04:00,1.0
2011-04-21 23:29:15-04:00,1.0
2011-04-21 23:29:18-04:00,1.0
2011-04-21 23:29:21-04:00,0.33333333333333337
2011-04-21 23:29:24-04:00,0.5
2011-04-21 23:29:27-04:00,1.0
2011-04-21 23:29:30-04:00,1.0
2011-04-21 23:29:33-04:00,1.0
2011-04-21 23:29:36-04:00,1.0
2011-04-21 23:29:39-04:00,1.0
2011-04-21 23:29:42-04:00,1.0
2011-04-21 23:29:45-04:00,1.0
2011-04-21 23:29:48-04:00,1.0
2011-04-21 23:29:51-04:00,1.0
2011-04-21 23:29:54-04:00,1.0
2011-04-21 23:29:57-04:00,1.0
2011-04-21 23:30:00-04:00,1.0
2011-04-21 23:30:03-04:00,1.0
2011-04-21 23:30:06-04:00,1.0
2011-04-21 23:30:09-04:00,1.0
2011-04-21 23:30:12-04:00,1.0
2011-04-21 23:30:15-04:00,1.0
2011-04-21 23:30:18-04:00,1.0
2011-04-21 23:30:21-04:00,1.0
2011-04-21 23:30:24-04:00,1.0
2011-04-21 23:30:27-04:00,1.0
2011-04-21 23:30:30-04:00,1.0
2011-04-21 23:30:33-04:00,1.0
2011-04-21 23:30:36-04:00,0.75
2011-04-21 23:30:39-04:00,0.0
2011-04-21 23:30:42-04:00,1.0
2011-04-21 23:30:45-04:00,1.0
2011-04-21 23:30:48-04:00,1.0
2011-04-21 23:30:51-04:00,1.0
2011-04-21 23:30:54-04:00,1.0
2011-04-21 23:30:57-04:00,1.0
2011-04-21 23:31:00-04:00,1.0
2011-04-21 23:31:03-04:00,1.0
2011-04-21 23:31:06-04:00,1.0
2011-04-21 23:31:09-04:00,1.0
2011-04-21 23:31:12-04:00,1.0
2011-04-21 23:31:15-04:00,1.0
2011-04-21 23:31:18-04:00,1.0
2011-04-21 23:31:21-04:00,1.0
2011-04-21 23:31:24-04:00,1.0
2011-04-21 23:31:27-04:00,1.0
2011-04-21 23:31:30-04:00,1.0
2011-04-21 23:31:33-04:00,1.0
2011-04-21 23:31:36-04:00,1.0
2011-04-21 23:31:39-04:00,1.0
2011-04-21 23:31:42-04:00,1.0
2011-04-21 23:31:45-04:00,1.0
2011-04-21 23:31:48-04:00,1.0
2011-04-21 23:31:51-04:00,1.0
2011-04-21 23:31:54-04:00,1.0
2011-04-21 23:31:57-04:00,1.0
2011-04-21 23:32:00-04:00,1.0
2011-04-21 23:32:03-04:00,1.0
2011-04-21 23:32:06-04:00,1.0
2011-04-21 23:32:09-04:00,1.0
2011-04-21 23:32:12-04:00,1.0
2011-04-21 23:32:15-04:00,1.0
2011-04-21 23:32:18-04:00,1.0
2011-04-21 23:32:21-04:00,1.0
2011-04-21 23:32:24-04:00,1.0
2011-04-21 23:32:27-04:00,1.0
2011-04-21 23:32:30-04:00,1.0
2011-04-21 23:32:33-04:00,1.0
2011-04-21 23:32:36-04:00,1.0
2011-04-21 23:32:39-04:00,1.0
2011-04-21 23:32:42-04:00,1.0
2011-04-21 23:32:45-04:00,1.0
2011-04-21 23:32:48-04:00,1.0
2011-04-21 23:32:51-04:00,1.0
2011-04-21 23:32:54-04:00,1.0
2011-04-21 23:32:57-04:00,1.0
2011-04-21 23:33:00-04:00,1.0
2011-04-21 23:33:03-04:00,1.0
2011-04-21 23:33:06-04:00,1.0
2011-04-21 23:33:09-04:00,1.0
2011-04-21 23:33:12-04:00,1.0
2011-04-21 23:33:15-04:00,1.0
2011-04-21 23:33:18-04:00,1.0
2011-04-21 23:33:21-04:00,1.0
2011-04-21 23:33:24-04:00,1.0
2011-04-21 23:33:27-04:00,1.0
2011-04-21 23:33:30-04:00,1.0
2011-04-21 23:33:33-04:00,1.0
2011-04-21 23:33:36-04:00,1.0
2011-04-21 23:33:39-04:00,1.0
2011-04-21 23:33:42-04:00,1.0
2011-04-21 23:33:45-04:00,1.0
2011-04-21 23:33:48-04:00,1.0
2011-04-21 23:33:51-04:00,1.0
2011-04-21 23:33:54-04:00,1.0
2011-04-21 23:33:57-04:00,1.0
2011-04-21 23:34:00-04:00,1.0
2011-04-21 23:34:03-04:00,1.0
2011-04-21 23:34:06-04:00,1.0
2011-04-21 23:34:09-04:00,1.0
2011-04-21 23:34:12-04:00,1.0
2011-04-21 23:34:15-04:00,1.0
2011-04-21 23:34:18-04:00,1.0
2011-04-21 23:34:21-04:00,1.0
2011-04-21 23:34:24-04:00,1.0
2011-04-21 23:34:27-04:00,1.0
2011-04-21 23:34:30-04:00,1.0
2011-04-21 23:34:33-04:00,1.0
2011-04-21 23:34:36-04:00,1.0
2011-04-21 23:34:39-04:00,1.0
2011-04-21 23:34:42-04:00,1.0
2011-04-21 23:34:45-04:00,1.0
2011-04-21 23:34:48-04:00,1.0
2011-04-21 23:34:51-04:00,1.0
2011-04-21 23:34:54-04:00,1.0
2011-04-21 23:34:57-04:00,1.0
2011-04-21 23:35:00-04:00,1.0
2011-04-21 23:35:03-04:00,1.0
2011-04-21 23:35:06-04:00,1.0
2011-04-21 23:35:09-04:00,1.0
2011-04-21 23:35:12-04:00,1.0
2011-04-21 23:35:15-04:00,1.0
2011-04-21 23:35:18-04:00,1.0
2011-04-21 23:35:21-04:00,1.0
2011-04-21 23:35:24-04:00,1.0
2011-04-21 23:35:27-04:00,1.0
2011-04-21 23:35:30-04:00,1.0
2011-04-21 23:35:33-04:00,1.0
2011-04-21 23:35:36-04:00,1.0
2011-04-21 23:35:39-04:00,1.0
2011-04-21 23:35:42-04:00,1.0
2011-04-21 23:35:45-04:00,1.0
2011-04-21 23:35:48-04:00,1.0
2011-04-21 23:35:51-04:00,1.0
2011-04-21 23:35:54-04:00,1.0
2011-04-21 23:35:57-04:00,1.0
2011-04-21 23:36:00-04:00,1.0
2011-04-21 23:36:03-04:00,1.0
2011-04-21 23:36:06-04:00,1.0
2011-04-21 23:36:09-04:00,1.0
2011-04-21 23:36:12-04:00,1.0
2011-04-21 23:36:15-04:00,1.0
2011-04-21 23:36:18-04:00,1.0
2011-04-21 23:36:21-04:00,1.0
2011-04-21 23:36:24-04:00,1.0
2011-04-21 23:36:27-04:00,1.0
2011-04-21 23:36:30-04:00,1.0
2011-04-21 23:36:33-04:00,1.0
2011-04-21 23:36:36-04:00,1.0
2011-04-21 23:36:39-04:00,1.0
2011-04-21 23:36:42-04:00,1.0
2011-04-21 23:36:45-04:00,1.0
2011-04-21 23:36:48-04:00,1.0
2011-04-21 23:36:51-04:00,1.0
2011-04-21 23:36:54-04:00,1.0
2011-04-21 23:36:57-04:00,1.0
2011-04-21 23:37:00-04:00,1.0
2011-04-21 23:37:03-04:00,1.0
2011-04-21 23:37:06-04:00,1.0
2011-04-21 23:37:09-04:00,1.0
2011-04-21 23:37:12-04:00,1.0
2011-04-21 23:37:15-04:00,1.0
2011-04-21 23:37:18-04:00,1.0
2011-04-21 23:37:21-04:00,1.0
2011-04-21 23:37:24-04:00,1.0
2011-04-21 23:37:27-04:00,1.0
2011-04-21 23:37:30-04:00,1.0
2011-04-21 23:37:33-04:00,1.0
2011-04-21 23:37:36-04:00,1.0
2011-04-21 23:37:39-04:00,1.0
2011-04-21 23:37:42-04:00,1.0
2011-04-21 23:37:45-04:00,1.0
2011-04-21 23:37:48-04:00,1.0
2011-04-21 23:37:51-04:00,1.0
2011-04-21 23:37:54-04:00,1.0
2011-04-21 23:37:57-04:00,1.0
2011-04-21 23:38:00-04:00,1.0
2011-04-21 23:38:03-04:00,1.0
2011-04-21 23:38:06-04:00,1.0
2011-04-21 23:38:09-04:00,1.0
2011-04-21 23:38:12-04:00,1.0
2011-04-21 23:38:15-04:00,1.0
2011-04-21 23:38:18-04:00,1.0
2011-04-21 23:38:21-04:00,1.0
2011-04-21 23:38:24-04:00,1.0
2011-04-21 23:38:27-04:00,1.0
2011-04-21 23:38:30-04:00,1.0
2011-04-21 23:38:33-04:00,1.0
2011-04-21 23:38:36-04:00,1.0
2011-04-21 23:38:39-04:00,1.0
2011-04-21 23:38:42-04:00,1.0
2011-04-21 23:38:45-04:00,1.0
2011-04-21 23:38:48-04:00,1.0
2011-04-21 23:38:51-04:00,1.0
2011-04-21 23:38:54-04:00,1.0
2011-04-21 23:38:57-04:00,1.0
2011-04-21 23:39:00-04:00,1.0
2011-04-21 23:39:03-04:00,1.0
2011-04-21 23:39:06-04:00,1.0
2011-04-21 23:39:09-04:00,1.0
2011-04-21 23:39:12-04:00,1.0
2011-04-21 23:39:15-04:00,1.0
2011-04-21 23:39:18-04:00,1.0
2011-04-21 23:39:21-04:00,1.0
2011-04-21 23:39:24-04:00,1.0
2011-04-21 23:39:27-04:00,1.0
2011-04-21 23:39:30-04:00,1.0
2011-04-21 23:39:33-04:00,1.0
2011-04-21 23:39:36-04:00,1.0
2011-04-21 23:39:39-04:00,1.0
2011-04-21 23:39:42-04:00,1.0
2011-04-21 23:39:45-04:00,1.0
2011-04-21 23:39:48-04:00,1.0
2011-04-21 23:39:51-04:00,1.0
2011-04-21 23:39:54-04:00,1.0
2011-04-21 23:39:57-04:00,1.0
2011-04-21 23:40:00-04:00,1.0
2011-04-21 23:40:03-04:00,1.0
2011-04-21 23:40:06-04:00,1.0
2011-04-21 23:40:09-04:00,1.0
2011-04-21 23:40:12-04:00,1.0
2011-04-21 23:40:15-04:00,1.0
2011-04-21 23:40:18-04:00,1.0
2011-04-21 23:40:21-04:00,1.0
2011-04-21 23:40:24-04:00,1.0
2011-04-21 23:40:27-04:00,1.0
2011-04-21 23:40:30-04:00,1.0
2011-04-21 23:40:33-04:00,1.0
2011-04-21 23:40:36-04:00,1.0
2011-04-21 23:40:39-04:00,1.0
2011-04-21 23:40:42-04:00,1.0
2011-04-21 23:40:45-04:00,1.0
2011-04-21 23:40:48-04:00,1.0
2011-04-21 23:40:51-04:00,1.0
2011-04-21 23:40:54-04:00,1.0
2011-04-21 23:40:57-04:00,1.0
2011-04-21 23:41:00-04:00,1.0
2011-04-21 23:41:03-04:00,1.0
2011-04-21 23:41:06-04:00,1.0
2011-04-21 23:41:09-04:00,1.0
2011-04-21 23:41:12-04:00,1.0
2011-04-21 23:41:15-04:00,1.0
2011-04-21 23:41:18-04:00,1.0
2011-04-21 23:41:21-04:00,1.0
2011-04-21 23:41:24-04:00,1.0
2011-04-21 23:41:27-04:00,1.0
2011-04-21 23:41:30-04:00,1.0
2011-04-21 23:41:33-04:00,1.0
2011-04-21 23:41:36-04:00,1.0
2011-04-21 23:41:39-04:00,1.0
2011-04-21 23:41:42-04:00,1.0
2011-04-21 23:41:45-04:00,1.0
2011-04-21 23:41:48-04:00,1.0
2011-04-21 23:41:51-04:00,1.0
2011-04-21 23:41:54-04:00,1.0
2011-04-21 23:41:57-04:00,1.0
2011-04-21 23:42:00-04:00,1.0
2011-04-21 23:42:03-04:00,1.0
2011-04-21 23:42:06-04:00,1.0
2011-04-21 23:42:09-04:00,1.0
2011-04-21 23:42:12-04:00,1.0
2011-04-21 23:42:15-04:00,1.0
2011-04-21 23:42:18-04:00,1.0
2011-04-21 23:42:21-04:00,1.0
2011-04-21 23:42:24-04:00,1.0
2011-04-21 23:42:27-04:00,1.0
2011-04-21 23:42:30-04:00,1.0
2011-04-21 23:42:33-04:00,1.0
2011-04-21 23:42:36-04:00,1.0
2011-04-21 23:42:39-04:00,1.0
2011-04-21 23:42:42-04:00,1.0
2011-04-21 23:42:45-04:00,1.0
2011-04-21 23:42:48-04:00,1.0
2011-04-21 23:42:51-04:00,1.0
2011-04-21 23:42:54-04:00,1.0
2011-04-21 23:42:57-04:00,1.0
2011-04-21 23:43:00-04:00,1.0
2011-04-21 23:43:03-04:00,1.0
2011-04-21 23:43:06-04:00,1.0
2011-04-21 23:43:09-04:00,1.0
2011-04-21 23:43:12-04:00,1.0
2011-04-21 23:43:15-04:00,1.0
2011-04-21 23:43:18-04:00,1.0
2011-04-21 23:43:21-04:00,1.0
2011-04-21 23:43:24-04:00,1.0
2011-04-21 23:43:27-04:00,1.0
2011-04-21 23:43:30-04:00,1.0
2011-04-21 23:43:33-04:00,1.0
2011-04-21 23:43:36-04:00,1.0
2011-04-21 23:43:39-04:00,1.0
2011-04-21 23:43:42-04:00,1.0
2011-04-21 23:43:45-04:00,0.6666666666666667
2011-04-21 23:43:48-04:00,0.25
2011-04-21 23:43:51-04:00,1.0
2011-04-21 23:43:54-04:00,1.0
2011-04-21 23:43:57-04:00,1.0
2011-04-21 23:44:00-04:00,1.0
2011-04-21 23:44:03-04:00,1.0
2011-04-21 23:44:06-04:00,0.5
2011-04-21 23:44:09-04:00,0.3333333333333333
2011-04-21 23:44:12-04:00,1.0
2011-04-21 23:44:15-04:00,1.0
2011-04-21 23:44:18-04:00,1.0
2011-04-21 23:44:21-04:00,1.0
2011-04-21 23:44:24-04:00,1.0
2011-04-21 23:44:27-04:00,1.0
2011-04-21 23:44:30-04:00,1.0
2011-04-21 23:44:33-04:00,1.0
2011-04-21 23:44:36-04:00,1.0
2011-04-21 23:44:39-04:00,1.0
2011-04-21 23:44:42-04:00,1.0
2011-04-21 23:44:45-04:00,1.0
2011-04-21 23:44:48-04:00,1.0
2011-04-21 23:44:51-04:00,1.0
2011-04-21 23:44:54-04:00,1.0
2011-04-21 23:44:57-04:00,1.0
2011-04-21 23:45:00-04:00,1.0
2011-04-21 23:45:03-04:00,1.0
2011-04-21 23:45:06-04:00,1.0
2011-04-21 23:45:09-04:00,1.0
2011-04-21 23:45:12-04:00,1.0
2011-04-21 23:45:15-04:00,1.0
2011-04-21 23:45:18-04:00,1.0
2011-04-21 23:45:21-04:00,1.0
2011-04-21 23:45:24-04:00,1.0
2011-04-21 23:45:27-04:00,1.0
2011-04-21 23:45:30-04:00,1.0
2011-04-21 23:45:33-04:00,1.0
2011-04-21 23:45:36-04:00,1.0
2011-04-21 23:45:39-04:00,1.0
2011-04-21 23:45:42-04:00,1.0
2011-04-21 23:45:45-04:00,1.0
2011-04-21 23:45:48-04:00,1.0
2011-04-21 23:45:51-04:00,1.0
2011-04-21 23:45:54-04:00,1.0
2011-04-21 23:45:57-04:00,1.0
2011-04-21 23:46:00-04:00,1.0
2011-04-21 23:46:03-04:00,1.0
2011-04-21 23:46:06-04:00,1.0
2011-04-21 23:46:09-04:00,1.0
2011-04-21 23:46:12-04:00,1.0
2011-04-21 23:46:15-04:00,1.0
2011-04-21 23:46:18-04:00,1.0
2011-04-21 23:46:21-04:00,1.0
2011-04-21 23:46:24-04:00,1.0
2011-04-21 23:46:27-04:00,1.0
2011-04-21 23:46:30-04:00,1.0
2011-04-21 23:46:33-04:00,1.0
2011-04-21 23:46:36-04:00,1.0
2011-04-21 23:46:39-04:00,1.0
2011-04-21 23:46:42-04:00,1.0
2011-04-21 23:46:45-04:00,1.0
2011-04-21 23:46:48-04:00,1.0
2011-04-21 23:46:51-04:00,1.0
2011-04-21 23:46:54-04:00,1.0
2011-04-21 23:46:57-04:00,1.0
2011-04-21 23:47:00-04:00,1.0
2011-04-21 23:47:03-04:00,1.0
2011-04-21 23:47:06-04:00,1.0
2011-04-21 23:47:09-04:00,1.0
2011-04-21 23:47:12-04:00,1.0
2011-04-21 23:47:15-04:00,1.0
2011-04-21 23:47:18-04:00,1.0
2011-04-21 23:47:21-04:00,1.0
2011-04-21 23:47:24-04:00,1.0
2011-04-21 23:47:27-04:00,1.0
2011-04-21 23:47:30-04:00,1.0
2011-04-21 23:47:33-04:00,1.0
2011-04-21 23:47:36-04:00,1.0
2011-04-21 23:47:39-04:00,1.0
2011-04-21 23:47:42-04:00,1.0
2011-04-21 23:47:45-04:00,1.0
2011-04-21 23:47:48-04:00,1.0
2011-04-21 23:47:51-04:00,1.0
2011-04-21 23:47:54-04:00,1.0
2011-04-21 23:47:57-04:00,1.0
2011-04-21 23:48:00-04:00,1.0
2011-04-21 23:48:03-04:00,1.0
2011-04-21 23:48:06-04:00,1.0
2011-04-21 23:48:09-04:00,1.0
2011-04-21 23:48:12-04:00,1.0
2011-04-21 23:48:15-04:00,1.0
2011-04-21 23:48:18-04:00,1.0
2011-04-21 23:48:21-04:00,1.0
2011-04-21 23:48:24-04:00,1.0
2011-04-21 23:48:27-04:00,1.0
2011-04-21 23:48:30-04:00,1.0
2011-04-21 23:48:33-04:00,1.0
2011-04-21 23:48:36-04:00,1.0
2011-04-21 23:48:39-04:00,1.0
2011-04-21 23:48:42-04:00,1.0
2011-04-21 23:48:45-04:00,1.0
2011-04-21 23:48:48-04:00,1.0
2011-04-21 23:48:51-04:00,1.0
2011-04-21 23:48:54-04:00,1.0
2011-04-21 23:48:57-04:00,1.0
2011-04-21 23:49:00-04:00,1.0
2011-04-21 23:49:03-04:00,1.0
2011-04-21 23:49:06-04:00,1.0
2011-04-21 23:49:09-04:00,1.0
2011-04-21 23:49:12-04:00,1.0
2011-04-21 23:49:15-04:00,1.0
2011-04-21 23:49:18-04:00,1.0
2011-04-21 23:49:21-04:00,1.0
2011-04-21 23:49:24-04:00,1.0
2011-04-21 23:49:27-04:00,1.0
2011-04-21 23:49:30-04:00,1.0
2011-04-21 23:49:33-04:00,1.0
2011-04-21 23:49:36-04:00,1.0
2011-04-21 23:49:39-04:00,1.0
2011-04-21 23:49:42-04:00,1.0
2011-04-21 23:49:45-04:00,1.0
2011-04-21 23:49:48-04:00,1.0
2011-04-21 23:49:51-04:00,0.5
2011-04-21 23:49:54-04:00,0.0
2011-04-21 23:49:57-04:00,0.25
2011-04-21 23:50:00-04:00,1.0
2011-04-21 23:50:03-04:00,1.0
2011-04-21 23:50:06-04:00,1.0
2011-04-21 23:50:09-04:00,1.0
2011-04-21 23:50:12-04:00,1.0
2011-04-21 23:50:15-04:00,1.0
2011-04-21 23:50:18-04:00,1.0
2011-04-21 23:50:21-04:00,1.0
2011-04-21 23:50:24-04:00,1.0
2011-04-21 23:50:27-04:00,1.0
2011-04-21 23:50:30-04:00,1.0
2011-04-21 23:50:33-04:00,1.0
2011-04-21 23:50:36-04:00,1.0
2011-04-21 23:50:39-04:00,1.0
2011-04-21 23:50:42-04:00,1.0
2011-04-21 23:50:45-04:00,1.0
2011-04-21 23:50:48-04:00,1.0
2011-04-21 23:50:51-04:00,1.0
2011-04-21 23:50:54-04:00,1.0
2011-04-21 23:50:57-04:00,1.0
2011-04-21 23:51:00-04:00,1.0
2011-04-21 23:51:03-04:00,1.0
2011-04-21 23:51:06-04:00,1.0
2011-04-21 23:51:09-04:00,1.0
2011-04-21 23:51:12-04:00,1.0
2011-04-21 23:51:15-04:00,1.0
2011-04-21 23:51:18-04:00,1.0
2011-04-21 23:51:21-04:00,1.0
2011-04-21 23:51:24-04:00,1.0
2011-04-21 23:51:27-04:00,1.0
2011-04-21 23:51:30-04:00,1.0
2011-04-21 23:51:33-04:00,1.0
2011-04-21 23:51:36-04:00,1.0
2011-04-21 23:51:39-04:00,1.0
2011-04-21 23:51:42-04:00,1.0
2011-04-21 23:51:45-04:00,1.0
2011-04-21 23:51:48-04:00,1.0
2011-04-21 23:51:51-04:00,1.0
2011-04-21 23:51:54-04:00,1.0
2011-04-21 23:51:57-04:00,1.0
2011-04-21 23:52:00-04:00,1.0
2011-04-21 23:52:03-04:00,1.0
2011-04-21 23:52:06-04:00,1.0
2011-04-21 23:52:09-04:00,1.0
2011-04-21 23:52:12-04:00,1.0
2011-04-21 23:52:15-04:00,1.0
2011-04-21 23:52:18-04:00,1.0
2011-04-21 23:52:21-04:00,1.0
2011-04-21 23:52:24-04:00,1.0
2011-04-21 23:52:27-04:00,1.0
2011-04-21 23:52:30-04:00,1.0
2011-04-21 23:52:33-04:00,1.0
2011-04-21 23:52:36-04:00,1.0
2011-04-21 23:52:39-04:00,1.0
2011-04-21 23:52:42-04:00,1.0
2011-04-21 23:52:45-04:00,0.25
2011-04-21 23:52:48-04:00,0.6666666666666666
2011-04-21 23:52:51-04:00,1.0
2011-04-21 23:52:54-04:00,1.0
2011-04-21 23:52:57-04:00,1.0
2011-04-21 23:53:00-04:00,1.0
2011-04-21 23:53:03-04:00,1.0
2011-04-21 23:53:06-04:00,1.0
2011-04-21 23:53:09-04:00,1.0
2011-04-21 23:53:12-04:00,1.0
2011-04-21 23:53:15-04:00,1.0
2011-04-21 23:53:18-04:00,1.0
2011-04-21 23:53:21-04:00,1.0
2011-04-21 23:53:24-04:00,1.0
2011-04-21 23:53:27-04:00,1.0
2011-04-21 23:53:30-04:00,1.0
2011-04-21 23:53:33-04:00,1.0
2011-04-21 23:53:36-04:00,1.0
2011-04-21 23:53:39-04:00,1.0
2011-04-21 23:53:42-04:00,1.0
2011-04-21 23:53:45-04:00,1.0
2011-04-21 23:53:48-04:00,1.0
2011-04-21 23:53:51-04:00,1.0
2011-04-21 23:53:54-04:00,1.0
2011-04-21 23:53:57-04:00,1.0
2011-04-21 23:54:00-04:00,1.0
2011-04-21 23:54:03-04:00,1.0
2011-04-21 23:54:06-04:00,1.0
2011-04-21 23:54:09-04:00,1.0
2011-04-21 23:54:12-04:00,1.0
2011-04-21 23:54:15-04:00,1.0
2011-04-21 23:54:18-04:00,0.6666666666666667
2011-04-21 23:54:21-04:00,0.25
2011-04-21 23:54:24-04:00,1.0
2011-04-21 23:54:27-04:00,1.0
2011-04-21 23:54:30-04:00,1.0
2011-04-21 23:54:33-04:00,1.0
2011-04-21 23:54:36-04:00,1.0
2011-04-21 23:54:39-04:00,1.0
2011-04-21 23:54:42-04:00,1.0
2011-04-21 23:54:45-04:00,1.0
2011-04-21 23:54:48-04:00,1.0
2011-04-21 23:54:51-04:00,1.0
2011-04-21 23:54:54-04:00,1.0
2011-04-21 23:54:57-04:00,1.0
2011-04-21 23:55:00-04:00,1.0
2011-04-21 23:55:03-04:00,1.0
2011-04-21 23:55:06-04:00,1.0
2011-04-21 23:55:09-04:00,1.0
2011-04-21 23:55:12-04:00,1.0
2011-04-21 23:55:15-04:00,1.0
2011-04-21 23:55:18-04:00,1.0
2011-04-21 23:55:21-04:00,1.0
2011-04-21 23:55:24-04:00,1.0
2011-04-21 23:55:27-04:00,1.0
2011-04-21 23:55:30-04:00,1.0
2011-04-21 23:55:33-04:00,1.0
2011-04-21 23:55:36-04:00,1.0
2011-04-21 23:55:39-04:00,1.0
2011-04-21 23:55:42-04:00,1.0
2011-04-21 23:55:45-04:00,1.0
2011-04-21 23:55:48-04:00,1.0
2011-04-21 23:55:51-04:00,1.0
2011-04-21 23:55:54-04:00,1.0
2011-04-21 23:55:57-04:00,1.0
2011-04-21 23:56:00-04:00,1.0
2011-04-21 23:56:03-04:00,1.0
2011-04-21 23:56:06-04:00,1.0
2011-04-21 23:56:09-04:00,1.0
2011-04-21 23:56:12-04:00,1.0
2011-04-21 23:56:15-04:00,1.0
2011-04-21 23:56:18-04:00,1.0
2011-04-21 23:56:21-04:00,1.0
2011-04-21 23:56:24-04:00,1.0
2011-04-21 23:56:27-04:00,1.0
2011-04-21 23:56:30-04:00,1.0
2011-04-21 23:56:33-04:00,1.0
2011-04-21 23:56:36-04:00,1.0
2011-04-21 23:56:39-04:00,1.0
2011-04-21 23:56:42-04:00,1.0
2011-04-21 23:56:45-04:00,1.0
2011-04-21 23:56:48-04:00,1.0
2011-04-21 23:56:51-04:00,1.0
2011-04-21 23:56:54-04:00,1.0
2011-04-21 23:56:57-04:00,1.0
2011-04-21 23:57:00-04:00,0.33333333333333337
2011-04-21 23:57:03-04:00,0.5
2011-04-21 23:57:06-04:00,1.0
2011-04-21 23:57:09-04:00,1.0
2011-04-21 23:57:12-04:00,1.0
2011-04-21 23:57:15-04:00,1.0
2011-04-21 23:57:18-04:00,1.0
2011-04-21 23:57:21-04:00,1.0
2011-04-21 23:57:24-04:00,1.0
2011-04-21 23:57:27-04:00,1.0
2011-04-21 23:57:30-04:00,1.0
2011-04-21 23:57:33-04:00,1.0
2011-04-21 23:57:36-04:00,1.0
2011-04-21 23:57:39-04:00,1.0
2011-04-21 23:57:42-04:00,1.0
2011-04-21 23:57:45-04:00,1.0
2011-04-21 23:57:48-04:00,1.0
2011-04-21 23:57:51-04:00,1.0
2011-04-21 23:57:54-04:00,1.0
2011-04-21 23:57:57-04:00,1.0
2011-04-21 23:58:00-04:00,1.0
2011-04-21 23:58:03-04:00,1.0
2011-04-21 23:58:06-04:00,1.0
2011-04-21 23:58:09-04:00,1.0
2011-04-21 23:58:12-04:00,1.0
2011-04-21 23:58:15-04:00,1.0
2011-04-21 23:58:18-04:00,1.0
2011-04-21 23:58:21-04:00,1.0
2011-04-21 23:58:24-04:00,1.0
2011-04-21 23:58:27-04:00,1.0
2011-04-21 23:58:30-04:00,1.0
2011-04-21 23:58:33-04:00,1.0
2011-04-21 23:58:36-04:00,1.0
2011-04-21 23:58:39-04:00,1.0
2011-04-21 23:58:42-04:00,1.0
2011-04-21 23:58:45-04:00,1.0
2011-04-21 23:58:48-04:00,1.0
2011-04-21 23:58:51-04:00,1.0
2011-04-21 23:58:54-04:00,1.0
2011-04-21 23:58:57-04:00,1.0
2011-04-21 23:59:00-04:00,1.0
2011-04-21 23:59:03-04:00,1.0
2011-04-21 23:59:06-04:00,1.0
2011-04-21 23:59:09-04:00,1.0
2011-04-21 23:59:12-04:00,1.0
2011-04-21 23:59:15-04:00,1.0
2011-04-21 23:59:18-04:00,1.0
2011-04-21 23:59:21-04:00,1.0
2011-04-21 23:59:24-04:00,1.0
2011-04-21 23:59:27-04:00,1.0
2011-04-21 23:59:30-04:00,1.0
2011-04-21 23:59:33-04:00,1.0
2011-04-21 23:59:36-04:00,1.0
2011-04-21 23:59:39-04:00,1.0
2011-04-21 23:59:42-04:00,1.0
2011-04-21 23:59:45-04:00,1.0
2011-04-21 23:59:48-04:00,1.0
2011-04-21 23:59:51-04:00,1.0
2011-04-21 23:59:54-04:00,1.0
2011-04-21 23:59:57-04:00,1.0
2011-04-22 00:00:00-04:00,1.0
2011-04-22 00:00:03-04:00,1.0
2011-04-22 00:00:06-04:00,1.0
2011-04-22 00:00:09-04:00,1.0
2011-04-22 00:00:12-04:00,1.0
2011-04-22 00:00:15-04:00,1.0
2011-04-22 00:00:18-04:00,1.0
2011-04-22 00:00:21-04:00,1.0
2011-04-22 00:00:24-04:00,1.0
2011-04-22 00:00:27-04:00,1.0
2011-04-22 00:00:30-04:00,1.0
2011-04-22 00:00:33-04:00,1.0
2011-04-22 00:00:36-04:00,1.0
2011-04-22 00:00:39-04:00,1.0
2011-04-22 00:00:42-04:00,1.0
2011-04-22 00:00:45-04:00,1.0
2011-04-22 00:00:48-04:00,1.0
2011-04-22 00:00:51-04:00,0.33333333333333337
2011-04-22 00:00:54-04:00,0.6666666666666666
2011-04-22 00:00:57-04:00,1.0
2011-04-22 00:01:00-04:00,1.0
2011-04-22 00:01:03-04:00,1.0
2011-04-22 00:01:06-04:00,1.0
2011-04-22 00:01:09-04:00,1.0
2011-04-22 00:01:12-04:00,1.0
2011-04-22 00:01:15-04:00,1.0
2011-04-22 00:01:18-04:00,1.0
2011-04-22 00:01:21-04:00,1.0
2011-04-22 00:01:24-04:00,1.0
2011-04-22 00:01:27-04:00,1.0
2011-04-22 00:01:30-04:00,1.0
2011-04-22 00:01:33-04:00,1.0
2011-04-22 00:01:36-04:00,1.0
2011-04-22 00:01:39-04:00,1.0
2011-04-22 00:01:42-04:00,1.0
2011-04-22 00:01:45-04:00,1.0
2011-04-22 00:01:48-04:00,1.0
2011-04-22 00:01:51-04:00,1.0
2011-04-22 00:01:54-04:00,1.0
2011-04-22 00:01:57-04:00,1.0
2011-04-22 00:02:00-04:00,1.0
2011-04-22 00:02:03-04:00,1.0
2011-04-22 00:02:06-04:00,1.0
2011-04-22 00:02:09-04:00,1.0
2011-04-22 00:02:12-04:00,1.0
2011-04-22 00:02:15-04:00,1.0
2011-04-22 00:02:18-04:00,1.0
2011-04-22 00:02:21-04:00,1.0
2011-04-22 00:02:24-04:00,1.0
2011-04-22 00:02:27-04:00,1.0
2011-04-22 00:02:30-04:00,1.0
2011-04-22 00:02:33-04:00,1.0
2011-04-22 00:02:36-04:00,1.0
2011-04-22 00:02:39-04:00,1.0
2011-04-22 00:02:42-04:00,1.0
2011-04-22 00:02:45-04:00,1.0
2011-04-22 00:02:48-04:00,1.0
2011-04-22 00:02:51-04:00,1.0
2011-04-22 00:02:54-04:00,1.0
2011-04-22 00:02:57-04:00,1.0
2011-04-22 00:03:00-04:00,1.0
2011-04-22 00:03:03-04:00,1.0
2011-04-22 00:03:06-04:00,1.0
2011-04-22 00:03:09-04:00,1.0
2011-04-22 00:03:12-04:00,1.0
2011-04-22 00:03:15-04:00,1.0
2011-04-22 00:03:18-04:00,1.0
2011-04-22 00:03:21-04:00,1.0
2011-04-22 00:03:24-04:00,1.0
2011-04-22 00:03:27-04:00,1.0
2011-04-22 00:03:30-04:00,1.0
2011-04-22 00:03:33-04:00,1.0
2011-04-22 00:03:36-04:00,1.0
2011-04-22 00:03:39-04:00,1.0
2011-04-22 00:03:42-04:00,1.0
2011-04-22 00:03:45-04:00,1.0
2011-04-22 00:03:48-04:00,1.0
2011-04-22 00:03:51-04:00,1.0
2011-04-22 00:03:54-04:00,1.0
2011-04-22 00:03:57-04:00,1.0
2011-04-22 00:04:00-04:00,1.0
2011-04-22 00:04:03-04:00,1.0
2011-04-22 00:04:06-04:00,1.0
2011-04-22 00:04:09-04:00,1.0
2011-04-22 00:04:12-04:00,1.0
2011-04-22 00:04:15-04:00,1.0
2011-04-22 00:04:18-04:00,1.0
2011-04-22 00:04:21-04:00,1.0
2011-04-22 00:04:24-04:00,1.0
2011-04-22 00:04:27-04:00,1.0
2011-04-22 00:04:30-04:00,1.0
2011-04-22 00:04:33-04:00,1.0
2011-04-22 00:04:36-04:00,1.0
2011-04-22 00:04:39-04:00,1.0
2011-04-22 00:04:42-04:00,1.0
2011-04-22 00:04:45-04:00,1.0
2011-04-22 00:04:48-04:00,1.0
2011-04-22 00:04:51-04:00,1.0
2011-04-22 00:04:54-04:00,1.0
2011-04-22 00:04:57-04:00,1.0
2011-04-22 00:05:00-04:00,1.0
2011-04-22 00:05:03-04:00,1.0
2011-04-22 00:05:06-04:00,1.0
2011-04-22 00:05:09-04:00,1.0
2011-04-22 00:05:12-04:00,1.0
2011-04-22 00:05:15-04:00,1.0
2011-04-22 00:05:18-04:00,1.0
2011-04-22 00:05:21-04:00,1.0
2011-04-22 00:05:24-04:00,1.0
2011-04-22 00:05:27-04:00,1.0
2011-04-22 00:05:30-04:00,1.0
2011-04-22 00:05:33-04:00,1.0
2011-04-22 00:05:36-04:00,1.0
2011-04-22 00:05:39-04:00,1.0
2011-04-22 00:05:42-04:00,1.0
2011-04-22 00:05:45-04:00,1.0
2011-04-22 00:05:48-04:00,1.0
2011-04-22 00:05:51-04:00,1.0
2011-04-22 00:05:54-04:00,1.0
2011-04-22 00:05:57-04:00,1.0
2011-04-22 00:06:00-04:00,1.0
2011-04-22 00:06:03-04:00,1.0
2011-04-22 00:06:06-04:00,1.0
2011-04-22 00:06:09-04:00,1.0
2011-04-22 00:06:12-04:00,1.0
2011-04-22 00:06:15-04:00,1.0
2011-04-22 00:06:18-04:00,1.0
2011-04-22 00:06:21-04:00,1.0
2011-04-22 00:06:24-04:00,1.0
2011-04-22 00:06:27-04:00,1.0
2011-04-22 00:06:30-04:00,1.0
2011-04-22 00:06:33-04:00,1.0
2011-04-22 00:06:36-04:00,1.0
2011-04-22 00:06:39-04:00,1.0
2011-04-22 00:06:42-04:00,1.0
2011-04-22 00:06:45-04:00,1.0
2011-04-22 00:06:48-04:00,1.0
2011-04-22 00:06:51-04:00,1.0
2011-04-22 00:06:54-04:00,1.0
2011-04-22 00:06:57-04:00,1.0
2011-04-22 00:07:00-04:00,1.0
2011-04-22 00:07:03-04:00,1.0
2011-04-22 00:07:06-04:00,1.0
2011-04-22 00:07:09-04:00,1.0
2011-04-22 00:07:12-04:00,1.0
2011-04-22 00:07:15-04:00,1.0
2011-04-22 00:07:18-04:00,0.75
2011-04-22 00:07:21-04:00,0.0
2011-04-22 00:07:24-04:00,1.0
2011-04-22 00:07:27-04:00,1.0
2011-04-22 00:07:30-04:00,1.0
2011-04-22 00:07:33-04:00,1.0
2011-04-22 00:07:36-04:00,1.0
2011-04-22 00:07:39-04:00,1.0
2011-04-22 00:07:42-04:00,1.0
2011-04-22 00:07:45-04:00,1.0
2011-04-22 00:07:48-04:00,1.0
2011-04-22 00:07:51-04:00,1.0
2011-04-22 00:07:54-04:00,1.0
2011-04-22 00:07:57-04:00,1.0
2011-04-22 00:08:00-04:00,1.0
2011-04-22 00:08:03-04:00,1.0
2011-04-22 00:08:06-04:00,1.0
2011-04-22 00:08:09-04:00,1.0
2011-04-22 00:08:12-04:00,1.0
2011-04-22 00:08:15-04:00,1.0
2011-04-22 00:08:18-04:00,1.0
2011-04-22 00:08:21-04:00,1.0
2011-04-22 00:08:24-04:00,1.0
2011-04-22 00:08:27-04:00,1.0
2011-04-22 00:08:30-04:00,1.0
2011-04-22 00:08:33-04:00,1.0
2011-04-22 00:08:36-04:00,1.0
2011-04-22 00:08:39-04:00,1.0
2011-04-22 00:08:42-04:00,1.0
2011-04-22 00:08:45-04:00,1.0
2011-04-22 00:08:48-04:00,1.0
2011-04-22 00:08:51-04:00,1.0
2011-04-22 00:08:54-04:00,1.0
2011-04-22 00:08:57-04:00,1.0
2011-04-22 00:09:00-04:00,1.0
2011-04-22 00:09:03-04:00,1.0
2011-04-22 00:09:06-04:00,1.0
2011-04-22 00:09:09-04:00,1.0
2011-04-22 00:09:12-04:00,1.0
2011-04-22 00:09:15-04:00,1.0
2011-04-22 00:09:18-04:00,1.0
2011-04-22 00:09:21-04:00,1.0
2011-04-22 00:09:24-04:00,1.0
2011-04-22 00:09:27-04:00,1.0
2011-04-22 00:09:30-04:00,1.0
2011-04-22 00:09:33-04:00,1.0
2011-04-22 00:09:36-04:00,1.0
2011-04-22 00:09:39-04:00,1.0
2011-04-22 00:09:42-04:00,1.0
2011-04-22 00:09:45-04:00,1.0
2011-04-22 00:09:48-04:00,1.0
2011-04-22 00:09:51-04:00,1.0
2011-04-22 00:09:54-04:00,1.0
2011-04-22 00:09:57-04:00,1.0
2011-04-22 00:10:00-04:00,1.0
2011-04-22 00:10:03-04:00,1.0
2011-04-22 00:10:06-04:00,1.0
2011-04-22 00:10:09-04:00,1.0
2011-04-22 00:10:12-04:00,1.0
2011-04-22 00:10:15-04:00,1.0
2011-04-22 00:10:18-04:00,1.0
2011-04-22 00:10:21-04:00,1.0
2011-04-22 00:10:24-04:00,1.0
2011-04-22 00:10:27-04:00,1.0
2011-04-22 00:10:30-04:00,1.0
2011-04-22 00:10:33-04:00,1.0
2011-04-22 00:10:36-04:00,1.0
2011-04-22 00:10:39-04:00,1.0
2011-04-22 00:10:42-04:00,1.0
2011-04-22 00:10:45-04:00,1.0
2011-04-22 00:10:48-04:00,1.0
2011-04-22 00:10:51-04:00,1.0
2011-04-22 00:10:54-04:00,1.0
2011-04-22 00:10:57-04:00,1.0
2011-04-22 00:11:00-04:00,1.0
2011-04-22 00:11:03-04:00,1.0
2011-04-22 00:11:06-04:00,1.0
2011-04-22 00:11:09-04:00,1.0
2011-04-22 00:11:12-04:00,1.0
2011-04-22 00:11:15-04:00,1.0
2011-04-22 00:11:18-04:00,1.0
2011-04-22 00:11:21-04:00,1.0
2011-04-22 00:11:24-04:00,1.0
2011-04-22 00:11:27-04:00,1.0
2011-04-22 00:11:30-04:00,1.0
2011-04-22 00:11:33-04:00,1.0
2011-04-22 00:11:36-04:00,1.0
2011-04-22 00:11:39-04:00,1.0
2011-04-22 00:11:42-04:00,1.0
2011-04-22 00:11:45-04:00,1.0
2011-04-22 00:11:48-04:00,1.0
2011-04-22 00:11:51-04:00,1.0
2011-04-22 00:11:54-04:00,1.0
2011-04-22 00:11:57-04:00,1.0
2011-04-22 00:12:00-04:00,1.0
2011-04-22 00:12:03-04:00,1.0
2011-04-22 00:12:06-04:00,1.0
2011-04-22 00:12:09-04:00,1.0
2011-04-22 00:12:12-04:00,1.0
2011-04-22 00:12:15-04:00,1.0
2011-04-22 00:12:18-04:00,1.0
2011-04-22 00:12:21-04:00,1.0
2011-04-22 00:12:24-04:00,1.0
2011-04-22 00:12:27-04:00,1.0
2011-04-22 00:12:30-04:00,1.0
2011-04-22 00:12:33-04:00,1.0
2011-04-22 00:12:36-04:00,1.0
2011-04-22 00:12:39-04:00,1.0
2011-04-22 00:12:42-04:00,1.0
2011-04-22 00:12:45-04:00,1.0
2011-04-22 00:12:48-04:00,1.0
2011-04-22 00:12:51-04:00,1.0
2011-04-22 00:12:54-04:00,1.0
2011-04-22 00:12:57-04:00,1.0
2011-04-22 00:13:00-04:00,1.0
2011-04-22 00:13:03-04:00,1.0
2011-04-22 00:13:06-04:00,1.0
2011-04-22 00:13:09-04:00,1.0
2011-04-22 00:13:12-04:00,1.0
2011-04-22 00:13:15-04:00,1.0
2011-04-22 00:13:18-04:00,1.0
2011-04-22 00:13:21-04:00,1.0
2011-04-22 00:13:24-04:00,1.0
2011-04-22 00:13:27-04:00,1.0
2011-04-22 00:13:30-04:00,1.0
2011-04-22 00:13:33-04:00,1.0
2011-04-22 00:13:36-04:00,1.0
2011-04-22 00:13:39-04:00,1.0
2011-04-22 00:13:42-04:00,1.0
2011-04-22 00:13:45-04:00,1.0
2011-04-22 00:13:48-04:00,1.0
2011-04-22 00:13:51-04:00,1.0
2011-04-22 00:13:54-04:00,1.0
2011-04-22 00:13:57-04:00,1.0
2011-04-22 00:14:00-04:00,1.0
2011-04-22 00:14:03-04:00,1.0
2011-04-22 00:14:06-04:00,1.0
2011-04-22 00:14:09-04:00,1.0
2011-04-22 00:14:12-04:00,1.0
2011-04-22 00:14:15-04:00,1.0
2011-04-22 00:14:18-04:00,1.0
2011-04-22 00:14:21-04:00,1.0
2011-04-22 00:14:24-04:00,1.0
2011-04-22 00:14:27-04:00,1.0
2011-04-22 00:14:30-04:00,1.0
2011-04-22 00:14:33-04:00,1.0
2011-04-22 00:14:36-04:00,1.0
2011-04-22 00:14:39-04:00,1.0
2011-04-22 00:14:42-04:00,1.0
2011-04-22 00:14:45-04:00,1.0
2011-04-22 00:14:48-04:00,1.0
2011-04-22 00:14:51-04:00,1.0
2011-04-22 00:14:54-04:00,1.0
2011-04-22 00:14:57-04:00,1.0
2011-04-22 00:15:00-04:00,0.75
2011-04-22 00:15:03-04:00,0.0
2011-04-22 00:15:06-04:00,1.0
2011-04-22 00:15:09-04:00,1.0
2011-04-22 00:15:12-04:00,1.0
2011-04-22 00:15:15-04:00,1.0
2011-04-22 00:15:18-04:00,1.0
2011-04-22 00:15:21-04:00,1.0
2011-04-22 00:15:24-04:00,1.0
2011-04-22 00:15:27-04:00,1.0
2011-04-22 00:15:30-04:00,1.0
2011-04-22 00:15:33-04:00,1.0
2011-04-22 00:15:36-04:00,1.0
2011-04-22 00:15:39-04:00,1.0
2011-04-22 00:15:42-04:00,1.0
2011-04-22 00:15:45-04:00,1.0
2011-04-22 00:15:48-04:00,1.0
2011-04-22 00:15:51-04:00,1.0
2011-04-22 00:15:54-04:00,1.0
2011-04-22 00:15:57-04:00,1.0
2011-04-22 00:16:00-04:00,1.0
2011-04-22 00:16:03-04:00,1.0
2011-04-22 00:16:06-04:00,1.0
2011-04-22 00:16:09-04:00,1.0
2011-04-22 00:16:12-04:00,1.0
2011-04-22 00:16:15-04:00,1.0
2011-04-22 00:16:18-04:00,1.0
2011-04-22 00:16:21-04:00,1.0
2011-04-22 00:16:24-04:00,1.0
2011-04-22 00:16:27-04:00,1.0
2011-04-22 00:16:30-04:00,1.0
2011-04-22 00:16:33-04:00,1.0
2011-04-22 00:16:36-04:00,1.0
2011-04-22 00:16:39-04:00,1.0
2011-04-22 00:16:42-04:00,1.0
2011-04-22 00:16:45-04:00,1.0
2011-04-22 00:16:48-04:00,1.0
2011-04-22 00:16:51-04:00,1.0
2011-04-22 00:16:54-04:00,1.0
2011-04-22 00:16:57-04:00,1.0
2011-04-22 00:17:00-04:00,1.0
2011-04-22 00:17:03-04:00,1.0
2011-04-22 00:17:06-04:00,1.0
2011-04-22 00:17:09-04:00,1.0
2011-04-22 00:17:12-04:00,1.0
2011-04-22 00:17:15-04:00,1.0
2011-04-22 00:17:18-04:00,1.0
2011-04-22 00:17:21-04:00,1.0
2011-04-22 00:17:24-04:00,1.0
2011-04-22 00:17:27-04:00,1.0
2011-04-22 00:17:30-04:00,1.0
2011-04-22 00:17:33-04:00,1.0
2011-04-22 00:17:36-04:00,1.0
2011-04-22 00:17:39-04:00,1.0
2011-04-22 00:17:42-04:00,1.0
2011-04-22 00:17:45-04:00,1.0
2011-04-22 00:17:48-04:00,1.0
2011-04-22 00:17:51-04:00,1.0
2011-04-22 00:17:54-04:00,1.0
2011-04-22 00:17:57-04:00,1.0
2011-04-22 00:18:00-04:00,1.0
2011-04-22 00:18:03-04:00,1.0
2011-04-22 00:18:06-04:00,1.0
2011-04-22 00:18:09-04:00,1.0
2011-04-22 00:18:12-04:00,1.0
2011-04-22 00:18:15-04:00,1.0
2011-04-22 00:18:18-04:00,1.0
2011-04-22 00:18:21-04:00,1.0
2011-04-22 00:18:24-04:00,1.0
2011-04-22 00:18:27-04:00,1.0
2011-04-22 00:18:30-04:00,1.0
2011-04-22 00:18:33-04:00,1.0
2011-04-22 00:18:36-04:00,1.0
2011-04-22 00:18:39-04:00,1.0
2011-04-22 00:18:42-04:00,1.0
2011-04-22 00:18:45-04:00,1.0
2011-04-22 00:18:48-04:00,1.0
2011-04-22 00:18:51-04:00,1.0
2011-04-22 00:18:54-04:00,1.0
2011-04-22 00:18:57-04:00,1.0
2011-04-22 00:19:00-04:00,1.0
2011-04-22 00:19:03-04:00,1.0
2011-04-22 00:19:06-04:00,1.0
2011-04-22 00:19:09-04:00,1.0
2011-04-22 00:19:12-04:00,1.0
2011-04-22 00:19:15-04:00,1.0
2011-04-22 00:19:18-04:00,1.0
2011-04-22 00:19:21-04:00,1.0
2011-04-22 00:19:24-04:00,1.0
2011-04-22 00:19:27-04:00,1.0
2011-04-22 00:19:30-04:00,1.0
2011-04-22 00:19:33-04:00,1.0
2011-04-22 00:19:36-04:00,1.0
2011-04-22 00:19:39-04:00,1.0
2011-04-22 00:19:42-04:00,1.0
2011-04-22 00:19:45-04:00,1.0
2011-04-22 00:19:48-04:00,1.0
2011-04-22 00:19:51-04:00,1.0
2011-04-22 00:19:54-04:00,1.0
2011-04-22 00:19:57-04:00,1.0
2011-04-22 00:20:00-04:00,1.0
2011-04-22 00:20:03-04:00,1.0
2011-04-22 00:20:06-04:00,1.0
2011-04-22 00:20:09-04:00,1.0
2011-04-22 00:20:12-04:00,1.0
2011-04-22 00:20:15-04:00,1.0
2011-04-22 00:20:18-04:00,1.0
2011-04-22 00:20:21-04:00,1.0
2011-04-22 00:20:24-04:00,1.0
2011-04-22 00:20:27-04:00,1.0
2011-04-22 00:20:30-04:00,1.0
2011-04-22 00:20:33-04:00,1.0
2011-04-22 00:20:36-04:00,1.0
2011-04-22 00:20:39-04:00,1.0
2011-04-22 00:20:42-04:00,1.0
2011-04-22 00:20:45-04:00,1.0
2011-04-22 00:20:48-04:00,1.0
2011-04-22 00:20:51-04:00,1.0
2011-04-22 00:20:54-04:00,1.0
2011-04-22 00:20:57-04:00,1.0
2011-04-22 00:21:00-04:00,1.0
2011-04-22 00:21:03-04:00,1.0
2011-04-22 00:21:06-04:00,1.0
2011-04-22 00:21:09-04:00,1.0
2011-04-22 00:21:12-04:00,1.0
2011-04-22 00:21:15-04:00,1.0
2011-04-22 00:21:18-04:00,1.0
2011-04-22 00:21:21-04:00,1.0
2011-04-22 00:21:24-04:00,0.6666666666666667
2011-04-22 00:21:27-04:00,0.1111111111111111
2011-04-22 00:21:30-04:00,0.4444444444444444
2011-04-22 00:21:33-04:00,0.7777777777777778
2011-04-22 00:21:36-04:00,1.0
2011-04-22 00:21:39-04:00,1.0
2011-04-22 00:21:42-04:00,1.0
2011-04-22 00:21:45-04:00,1.0
2011-04-22 00:21:48-04:00,1.0
2011-04-22 00:21:51-04:00,1.0
2011-04-22 00:21:54-04:00,1.0
2011-04-22 00:21:57-04:00,1.0
2011-04-22 00:22:00-04:00,1.0
2011-04-22 00:22:03-04:00,1.0
2011-04-22 00:22:06-04:00,1.0
2011-04-22 00:22:09-04:00,1.0
2011-04-22 00:22:12-04:00,1.0
2011-04-22 00:22:15-04:00,1.0
2011-04-22 00:22:18-04:00,1.0
2011-04-22 00:22:21-04:00,1.0
2011-04-22 00:22:24-04:00,1.0
2011-04-22 00:22:27-04:00,1.0
2011-04-22 00:22:30-04:00,1.0
2011-04-22 00:22:33-04:00,1.0
2011-04-22 00:22:36-04:00,1.0
2011-04-22 00:22:39-04:00,1.0
2011-04-22 00:22:42-04:00,1.0
2011-04-22 00:22:45-04:00,1.0
2011-04-22 00:22:48-04:00,1.0
2011-04-22 00:22:51-04:00,1.0
2011-04-22 00:22:54-04:00,1.0
2011-04-22 00:22:57-04:00,1.0
2011-04-22 00:23:00-04:00,1.0
2011-04-22 00:23:03-04:00,1.0
2011-04-22 00:23:06-04:00,1.0
2011-04-22 00:23:09-04:00,1.0
2011-04-22 00:23:12-04:00,1.0
2011-04-22 00:23:15-04:00,1.0
2011-04-22 00:23:18-04:00,1.0
2011-04-22 00:23:21-04:00,1.0
2011-04-22 00:23:24-04:00,1.0
2011-04-22 00:23:27-04:00,1.0
2011-04-22 00:23:30-04:00,1.0
2011-04-22 00:23:33-04:00,1.0
2011-04-22 00:23:36-04:00,1.0
2011-04-22 00:23:39-04:00,1.0
2011-04-22 00:23:42-04:00,1.0
2011-04-22 00:23:45-04:00,1.0
2011-04-22 00:23:48-04:00,1.0
2011-04-22 00:23:51-04:00,1.0
2011-04-22 00:23:54-04:00,1.0
2011-04-22 00:23:57-04:00,1.0
2011-04-22 00:24:00-04:00,1.0
2011-04-22 00:24:03-04:00,1.0
2011-04-22 00:24:06-04:00,1.0
2011-04-22 00:24:09-04:00,1.0
2011-04-22 00:24:12-04:00,1.0
2011-04-22 00:24:15-04:00,1.0
2011-04-22 00:24:18-04:00,1.0
2011-04-22 00:24:21-04:00,1.0
2011-04-22 00:24:24-04:00,1.0
2011-04-22 00:24:27-04:00,1.0
2011-04-22 00:24:30-04:00,1.0
2011-04-22 00:24:33-04:00,1.0
2011-04-22 00:24:36-04:00,1.0
2011-04-22 00:24:39-04:00,1.0
2011-04-22 00:24:42-04:00,1.0
2011-04-22 00:24:45-04:00,1.0
2011-04-22 00:24:48-04:00,1.0
2011-04-22 00:24:51-04:00,1.0
2011-04-22 00:24:54-04:00,1.0
2011-04-22 00:24:57-04:00,1.0
2011-04-22 00:25:00-04:00,1.0
2011-04-22 00:25:03-04:00,1.0
2011-04-22 00:25:06-04:00,1.0
2011-04-22 00:25:09-04:00,1.0
2011-04-22 00:25:12-04:00,1.0
2011-04-22 00:25:15-04:00,1.0
2011-04-22 00:25:18-04:00,1.0
2011-04-22 00:25:21-04:00,1.0
2011-04-22 00:25:24-04:00,1.0
2011-04-22 00:25:27-04:00,0.25
2011-04-22 00:25:30-04:00,0.2222222222222222
2011-04-22 00:25:33-04:00,0.5555555555555556
2011-04-22 00:25:36-04:00,0.8888888888888888
2011-04-22 00:25:39-04:00,1.0
2011-04-22 00:25:42-04:00,1.0
2011-04-22 00:25:45-04:00,1.0
2011-04-22 00:25:48-04:00,1.0
2011-04-22 00:25:51-04:00,1.0
2011-04-22 00:25:54-04:00,1.0
2011-04-22 00:25:57-04:00,1.0
2011-04-22 00:26:00-04:00,1.0
2011-04-22 00:26:03-04:00,1.0
2011-04-22 00:26:06-04:00,1.0
2011-04-22 00:26:09-04:00,1.0
2011-04-22 00:26:12-04:00,1.0
2011-04-22 00:26:15-04:00,1.0
2011-04-22 00:26:18-04:00,1.0
2011-04-22 00:26:21-04:00,1.0
2011-04-22 00:26:24-04:00,1.0
2011-04-22 00:26:27-04:00,1.0
2011-04-22 00:26:30-04:00,1.0
2011-04-22 00:26:33-04:00,1.0
2011-04-22 00:26:36-04:00,1.0
2011-04-22 00:26:39-04:00,1.0
2011-04-22 00:26:42-04:00,1.0
2011-04-22 00:26:45-04:00,1.0
2011-04-22 00:26:48-04:00,1.0
2011-04-22 00:26:51-04:00,1.0
2011-04-22 00:26:54-04:00,1.0
2011-04-22 00:26:57-04:00,1.0
2011-04-22 00:27:00-04:00,1.0
2011-04-22 00:27:03-04:00,1.0
2011-04-22 00:27:06-04:00,1.0
2011-04-22 00:27:09-04:00,1.0
2011-04-22 00:27:12-04:00,1.0
2011-04-22 00:27:15-04:00,1.0
2011-04-22 00:27:18-04:00,1.0
2011-04-22 00:27:21-04:00,1.0
2011-04-22 00:27:24-04:00,1.0
2011-04-22 00:27:27-04:00,1.0
2011-04-22 00:27:30-04:00,1.0
2011-04-22 00:27:33-04:00,1.0
2011-04-22 00:27:36-04:00,1.0
2011-04-22 00:27:39-04:00,1.0
2011-04-22 00:27:42-04:00,1.0
2011-04-22 00:27:45-04:00,1.0
2011-04-22 00:27:48-04:00,1.0
2011-04-22 00:27:51-04:00,1.0
2011-04-22 00:27:54-04:00,1.0
2011-04-22 00:27:57-04:00,1.0
2011-04-22 00:28:00-04:00,1.0
2011-04-22 00:28:03-04:00,1.0
2011-04-22 00:28:06-04:00,1.0
2011-04-22 00:28:09-04:00,1.0
2011-04-22 00:28:12-04:00,1.0
2011-04-22 00:28:15-04:00,1.0
2011-04-22 00:28:18-04:00,1.0
2011-04-22 00:28:21-04:00,1.0
2011-04-22 00:28:24-04:00,1.0
2011-04-22 00:28:27-04:00,1.0
2011-04-22 00:28:30-04:00,1.0
2011-04-22 00:28:33-04:00,1.0
2011-04-22 00:28:36-04:00,1.0
2011-04-22 00:28:39-04:00,1.0
2011-04-22 00:28:42-04:00,1.0
2011-04-22 00:28:45-04:00,1.0
2011-04-22 00:28:48-04:00,1.0
2011-04-22 00:28:51-04:00,1.0
2011-04-22 00:28:54-04:00,1.0
2011-04-22 00:28:57-04:00,1.0
2011-04-22 00:29:00-04:00,1.0
2011-04-22 00:29:03-04:00,1.0
2011-04-22 00:29:06-04:00,1.0
2011-04-22 00:29:09-04:00,1.0
2011-04-22 00:29:12-04:00,1.0
2011-04-22 00:29:15-04:00,1.0
2011-04-22 00:29:18-04:00,1.0
2011-04-22 00:29:21-04:00,1.0
2011-04-22 00:29:24-04:00,1.0
2011-04-22 00:29:27-04:00,1.0
2011-04-22 00:29:30-04:00,1.0
2011-04-22 00:29:33-04:00,1.0
2011-04-22 00:29:36-04:00,1.0
2011-04-22 00:29:39-04:00,1.0
2011-04-22 00:29:42-04:00,1.0
2011-04-22 00:29:45-04:00,1.0
2011-04-22 00:29:48-04:00,1.0
2011-04-22 00:29:51-04:00,1.0
2011-04-22 00:29:54-04:00,1.0
2011-04-22 00:29:57-04:00,1.0
2011-04-22 00:30:00-04:00,1.0
2011-04-22 00:30:03-04:00,1.0
2011-04-22 00:30:06-04:00,1.0
2011-04-22 00:30:09-04:00,1.0
2011-04-22 00:30:12-04:00,1.0
2011-04-22 00:30:15-04:00,1.0
2011-04-22 00:30:18-04:00,1.0
2011-04-22 00:30:21-04:00,1.0
2011-04-22 00:30:24-04:00,1.0
2011-04-22 00:30:27-04:00,1.0
2011-04-22 00:30:30-04:00,1.0
2011-04-22 00:30:33-04:00,1.0
2011-04-22 00:30:36-04:00,1.0
2011-04-22 00:30:39-04:00,1.0
2011-04-22 00:30:42-04:00,1.0
2011-04-22 00:30:45-04:00,1.0
2011-04-22 00:30:48-04:00,1.0
2011-04-22 00:30:51-04:00,1.0
2011-04-22 00:30:54-04:00,1.0
2011-04-22 00:30:57-04:00,1.0
2011-04-22 00:31:00-04:00,1.0
2011-04-22 00:31:03-04:00,1.0
2011-04-22 00:31:06-04:00,1.0
2011-04-22 00:31:09-04:00,1.0
2011-04-22 00:31:12-04:00,1.0
2011-04-22 00:31:15-04:00,1.0
2011-04-22 00:31:18-04:00,0.33333333333333337
2011-04-22 00:31:21-04:00,0.5
2011-04-22 00:31:24-04:00,1.0
2011-04-22 00:31:27-04:00,1.0
2011-04-22 00:31:30-04:00,1.0
2011-04-22 00:31:33-04:00,1.0
2011-04-22 00:31:36-04:00,1.0
2011-04-22 00:31:39-04:00,1.0
2011-04-22 00:31:42-04:00,1.0
2011-04-22 00:31:45-04:00,1.0
2011-04-22 00:31:48-04:00,1.0
2011-04-22 00:31:51-04:00,1.0
2011-04-22 00:31:54-04:00,1.0
2011-04-22 00:31:57-04:00,1.0
2011-04-22 00:32:00-04:00,1.0
2011-04-22 00:32:03-04:00,1.0
2011-04-22 00:32:06-04:00,1.0
2011-04-22 00:32:09-04:00,1.0
2011-04-22 00:32:12-04:00,1.0
2011-04-22 00:32:15-04:00,0.25
2011-04-22 00:32:18-04:00,0.6666666666666666
2011-04-22 00:32:21-04:00,1.0
2011-04-22 00:32:24-04:00,1.0
2011-04-22 00:32:27-04:00,1.0
2011-04-22 00:32:30-04:00,1.0
2011-04-22 00:32:33-04:00,1.0
2011-04-22 00:32:36-04:00,1.0
2011-04-22 00:32:39-04:00,1.0
2011-04-22 00:32:42-04:00,1.0
2011-04-22 00:32:45-04:00,1.0
2011-04-22 00:32:48-04:00,1.0
2011-04-22 00:32:51-04:00,1.0
2011-04-22 00:32:54-04:00,1.0
2011-04-22 00:32:57-04:00,1.0
2011-04-22 00:33:00-04:00,1.0
2011-04-22 00:33:03-04:00,1.0
2011-04-22 00:33:06-04:00,1.0
2011-04-22 00:33:09-04:00,1.0
2011-04-22 00:33:12-04:00,1.0
2011-04-22 00:33:15-04:00,1.0
2011-04-22 00:33:18-04:00,1.0
2011-04-22 00:33:21-04:00,1.0
2011-04-22 00:33:24-04:00,1.0
2011-04-22 00:33:27-04:00,1.0
2011-04-22 00:33:30-04:00,1.0
2011-04-22 00:33:33-04:00,1.0
2011-04-22 00:33:36-04:00,1.0
2011-04-22 00:33:39-04:00,1.0
2011-04-22 00:33:42-04:00,1.0
2011-04-22 00:33:45-04:00,1.0
2011-04-22 00:33:48-04:00,1.0
2011-04-22 00:33:51-04:00,1.0
2011-04-22 00:33:54-04:00,1.0
2011-04-22 00:33:57-04:00,1.0
2011-04-22 00:34:00-04:00,1.0
2011-04-22 00:34:03-04:00,1.0
2011-04-22 00:34:06-04:00,1.0
2011-04-22 00:34:09-04:00,1.0
2011-04-22 00:34:12-04:00,1.0
2011-04-22 00:34:15-04:00,1.0
2011-04-22 00:34:18-04:00,1.0
2011-04-22 00:34:21-04:00,1.0
2011-04-22 00:34:24-04:00,1.0
2011-04-22 00:34:27-04:00,1.0
2011-04-22 00:34:30-04:00,1.0
2011-04-22 00:34:33-04:00,1.0
2011-04-22 00:34:36-04:00,1.0
2011-04-22 00:34:39-04:00,1.0
2011-04-22 00:34:42-04:00,1.0
2011-04-22 00:34:45-04:00,1.0
2011-04-22 00:34:48-04:00,1.0
2011-04-22 00:34:51-04:00,1.0
2011-04-22 00:34:54-04:00,1.0
2011-04-22 00:34:57-04:00,1.0
2011-04-22 00:35:00-04:00,1.0
2011-04-22 00:35:03-04:00,1.0
2011-04-22 00:35:06-04:00,1.0
2011-04-22 00:35:09-04:00,1.0
2011-04-22 00:35:12-04:00,1.0
2011-04-22 00:35:15-04:00,1.0
2011-04-22 00:35:18-04:00,1.0
2011-04-22 00:35:21-04:00,1.0
2011-04-22 00:35:24-04:00,1.0
2011-04-22 00:35:27-04:00,1.0
2011-04-22 00:35:30-04:00,1.0
2011-04-22 00:35:33-04:00,1.0
2011-04-22 00:35:36-04:00,1.0
2011-04-22 00:35:39-04:00,1.0
2011-04-22 00:35:42-04:00,1.0
2011-04-22 00:35:45-04:00,1.0
2011-04-22 00:35:48-04:00,1.0
2011-04-22 00:35:51-04:00,1.0
2011-04-22 00:35:54-04:00,1.0
2011-04-22 00:35:57-04:00,1.0
2011-04-22 00:36:00-04:00,1.0
2011-04-22 00:36:03-04:00,1.0
2011-04-22 00:36:06-04:00,1.0
2011-04-22 00:36:09-04:00,1.0
2011-04-22 00:36:12-04:00,1.0
2011-04-22 00:36:15-04:00,1.0
2011-04-22 00:36:18-04:00,1.0
2011-04-22 00:36:21-04:00,1.0
2011-04-22 00:36:24-04:00,1.0
2011-04-22 00:36:27-04:00,1.0
2011-04-22 00:36:30-04:00,1.0
2011-04-22 00:36:33-04:00,1.0
2011-04-22 00:36:36-04:00,1.0
2011-04-22 00:36:39-04:00,1.0
2011-04-22 00:36:42-04:00,1.0
2011-04-22 00:36:45-04:00,1.0
2011-04-22 00:36:48-04:00,1.0
2011-04-22 00:36:51-04:00,1.0
2011-04-22 00:36:54-04:00,1.0
2011-04-22 00:36:57-04:00,1.0
2011-04-22 00:37:00-04:00,1.0
2011-04-22 00:37:03-04:00,1.0
2011-04-22 00:37:06-04:00,1.0
2011-04-22 00:37:09-04:00,1.0
2011-04-22 00:37:12-04:00,1.0
2011-04-22 00:37:15-04:00,1.0
2011-04-22 00:37:18-04:00,1.0
2011-04-22 00:37:21-04:00,1.0
2011-04-22 00:37:24-04:00,1.0
2011-04-22 00:37:27-04:00,1.0
2011-04-22 00:37:30-04:00,1.0
2011-04-22 00:37:33-04:00,1.0
2011-04-22 00:37:36-04:00,1.0
2011-04-22 00:37:39-04:00,1.0
2011-04-22 00:37:42-04:00,1.0
2011-04-22 00:37:45-04:00,1.0
2011-04-22 00:37:48-04:00,1.0
2011-04-22 00:37:51-04:00,1.0
2011-04-22 00:37:54-04:00,1.0
2011-04-22 00:37:57-04:00,1.0
2011-04-22 00:38:00-04:00,1.0
2011-04-22 00:38:03-04:00,1.0
2011-04-22 00:38:06-04:00,1.0
2011-04-22 00:38:09-04:00,1.0
2011-04-22 00:38:12-04:00,1.0
2011-04-22 00:38:15-04:00,1.0
2011-04-22 00:38:18-04:00,1.0
2011-04-22 00:38:21-04:00,1.0
2011-04-22 00:38:24-04:00,1.0
2011-04-22 00:38:27-04:00,1.0
2011-04-22 00:38:30-04:00,1.0
2011-04-22 00:38:33-04:00,1.0
2011-04-22 00:38:36-04:00,1.0
2011-04-22 00:38:39-04:00,1.0
2011-04-22 00:38:42-04:00,1.0
2011-04-22 00:38:45-04:00,1.0
2011-04-22 00:38:48-04:00,1.0
2011-04-22 00:38:51-04:00,1.0
2011-04-22 00:38:54-04:00,1.0
2011-04-22 00:38:57-04:00,1.0
2011-04-22 00:39:00-04:00,1.0
2011-04-22 00:39:03-04:00,1.0
2011-04-22 00:39:06-04:00,1.0
2011-04-22 00:39:09-04:00,1.0
2011-04-22 00:39:12-04:00,1.0
2011-04-22 00:39:15-04:00,1.0
2011-04-22 00:39:18-04:00,1.0
2011-04-22 00:39:21-04:00,1.0
2011-04-22 00:39:24-04:00,1.0
2011-04-22 00:39:27-04:00,1.0
2011-04-22 00:39:30-04:00,1.0
2011-04-22 00:39:33-04:00,1.0
2011-04-22 00:39:36-04:00,1.0
2011-04-22 00:39:39-04:00,1.0
2011-04-22 00:39:42-04:00,1.0
2011-04-22 00:39:45-04:00,1.0
2011-04-22 00:39:48-04:00,1.0
2011-04-22 00:39:51-04:00,1.0
2011-04-22 00:39:54-04:00,1.0
2011-04-22 00:39:57-04:00,1.0
2011-04-22 00:40:00-04:00,1.0
2011-04-22 00:40:03-04:00,1.0
2011-04-22 00:40:06-04:00,1.0
2011-04-22 00:40:09-04:00,1.0
2011-04-22 00:40:12-04:00,1.0
2011-04-22 00:40:15-04:00,1.0
2011-04-22 00:40:18-04:00,1.0
2011-04-22 00:40:21-04:00,1.0
2011-04-22 00:40:24-04:00,1.0
2011-04-22 00:40:27-04:00,1.0
2011-04-22 00:40:30-04:00,1.0
2011-04-22 00:40:33-04:00,1.0
2011-04-22 00:40:36-04:00,1.0
2011-04-22 00:40:39-04:00,1.0
2011-04-22 00:40:42-04:00,1.0
2011-04-22 00:40:45-04:00,1.0
2011-04-22 00:40:48-04:00,1.0
2011-04-22 00:40:51-04:00,1.0
2011-04-22 00:40:54-04:00,1.0
2011-04-22 00:40:57-04:00,1.0
2011-04-22 00:41:00-04:00,1.0
2011-04-22 00:41:03-04:00,1.0
2011-04-22 00:41:06-04:00,1.0
2011-04-22 00:41:09-04:00,1.0
2011-04-22 00:41:12-04:00,1.0
2011-04-22 00:41:15-04:00,1.0
2011-04-22 00:41:18-04:00,1.0
2011-04-22 00:41:21-04:00,1.0
2011-04-22 00:41:24-04:00,1.0
2011-04-22 00:41:27-04:00,1.0
2011-04-22 00:41:30-04:00,1.0
2011-04-22 00:41:33-04:00,1.0
2011-04-22 00:41:36-04:00,1.0
2011-04-22 00:41:39-04:00,1.0
2011-04-22 00:41:42-04:00,1.0
2011-04-22 00:41:45-04:00,1.0
2011-04-22 00:41:48-04:00,1.0
2011-04-22 00:41:51-04:00,1.0
2011-04-22 00:41:54-04:00,1.0
2011-04-22 00:41:57-04:00,1.0
2011-04-22 00:42:00-04:00,1.0
2011-04-22 00:42:03-04:00,1.0
2011-04-22 00:42:06-04:00,1.0
2011-04-22 00:42:09-04:00,1.0
2011-04-22 00:42:12-04:00,1.0
2011-04-22 00:42:15-04:00,1.0
2011-04-22 00:42:18-04:00,1.0
2011-04-22 00:42:21-04:00,0.0
2011-04-22 00:42:24-04:00,1.0
2011-04-22 00:42:27-04:00,1.0
2011-04-22 00:42:30-04:00,1.0
2011-04-22 00:42:33-04:00,1.0
2011-04-22 00:42:36-04:00,1.0
2011-04-22 00:42:39-04:00,1.0
2011-04-22 00:42:42-04:00,1.0
2011-04-22 00:42:45-04:00,1.0
2011-04-22 00:42:48-04:00,1.0
2011-04-22 00:42:51-04:00,1.0
2011-04-22 00:42:54-04:00,1.0
2011-04-22 00:42:57-04:00,1.0
2011-04-22 00:43:00-04:00,1.0
2011-04-22 00:43:03-04:00,1.0
2011-04-22 00:43:06-04:00,1.0
2011-04-22 00:43:09-04:00,1.0
2011-04-22 00:43:12-04:00,1.0
2011-04-22 00:43:15-04:00,1.0
2011-04-22 00:43:18-04:00,1.0
2011-04-22 00:43:21-04:00,1.0
2011-04-22 00:43:24-04:00,1.0
2011-04-22 00:43:27-04:00,1.0
2011-04-22 00:43:30-04:00,1.0
2011-04-22 00:43:33-04:00,1.0
2011-04-22 00:43:36-04:00,1.0
2011-04-22 00:43:39-04:00,1.0
2011-04-22 00:43:42-04:00,0.5
2011-04-22 00:43:45-04:00,0.3333333333333333
2011-04-22 00:43:48-04:00,1.0
2011-04-22 00:43:51-04:00,1.0
2011-04-22 00:43:54-04:00,1.0
2011-04-22 00:43:57-04:00,1.0
2011-04-22 00:44:00-04:00,1.0
2011-04-22 00:44:03-04:00,1.0
2011-04-22 00:44:06-04:00,1.0
2011-04-22 00:44:09-04:00,1.0
2011-04-22 00:44:12-04:00,1.0
2011-04-22 00:44:15-04:00,1.0
2011-04-22 00:44:18-04:00,1.0
2011-04-22 00:44:21-04:00,1.0
2011-04-22 00:44:24-04:00,0.0
2011-04-22 00:44:27-04:00,0.75
2011-04-22 00:44:30-04:00,1.0
2011-04-22 00:44:33-04:00,1.0
2011-04-22 00:44:36-04:00,1.0
2011-04-22 00:44:39-04:00,1.0
2011-04-22 00:44:42-04:00,1.0
2011-04-22 00:44:45-04:00,1.0
2011-04-22 00:44:48-04:00,1.0
2011-04-22 00:44:51-04:00,1.0
2011-04-22 00:44:54-04:00,1.0
2011-04-22 00:44:57-04:00,1.0
2011-04-22 00:45:00-04:00,1.0
2011-04-22 00:45:03-04:00,1.0
2011-04-22 00:45:06-04:00,1.0
2011-04-22 00:45:09-04:00,1.0
2011-04-22 00:45:12-04:00,1.0
2011-04-22 00:45:15-04:00,1.0
2011-04-22 00:45:18-04:00,1.0
2011-04-22 00:45:21-04:00,1.0
2011-04-22 00:45:24-04:00,1.0
2011-04-22 00:45:27-04:00,1.0
2011-04-22 00:45:30-04:00,1.0
2011-04-22 00:45:33-04:00,1.0
2011-04-22 00:45:36-04:00,1.0
2011-04-22 00:45:39-04:00,1.0
2011-04-22 00:45:42-04:00,1.0
2011-04-22 00:45:45-04:00,1.0
2011-04-22 00:45:48-04:00,1.0
2011-04-22 00:45:51-04:00,1.0
2011-04-22 00:45:54-04:00,1.0
2011-04-22 00:45:57-04:00,1.0
2011-04-22 00:46:00-04:00,1.0
2011-04-22 00:46:03-04:00,1.0
2011-04-22 00:46:06-04:00,1.0
2011-04-22 00:46:09-04:00,1.0
2011-04-22 00:46:12-04:00,1.0
2011-04-22 00:46:15-04:00,1.0
2011-04-22 00:46:18-04:00,1.0
2011-04-22 00:46:21-04:00,1.0
2011-04-22 00:46:24-04:00,1.0
2011-04-22 00:46:27-04:00,1.0
2011-04-22 00:46:30-04:00,1.0
2011-04-22 00:46:33-04:00,1.0
2011-04-22 00:46:36-04:00,1.0
2011-04-22 00:46:39-04:00,1.0
2011-04-22 00:46:42-04:00,1.0
2011-04-22 00:46:45-04:00,1.0
2011-04-22 00:46:48-04:00,1.0
2011-04-22 00:46:51-04:00,1.0
2011-04-22 00:46:54-04:00,1.0
2011-04-22 00:46:57-04:00,0.33333333333333337
2011-04-22 00:47:00-04:00,0.6666666666666666
2011-04-22 00:47:03-04:00,1.0
2011-04-22 00:47:06-04:00,1.0
2011-04-22 00:47:09-04:00,1.0
2011-04-22 00:47:12-04:00,1.0
2011-04-22 00:47:15-04:00,1.0
2011-04-22 00:47:18-04:00,1.0
2011-04-22 00:47:21-04:00,1.0
2011-04-22 00:47:24-04:00,1.0
2011-04-22 00:47:27-04:00,1.0
2011-04-22 00:47:30-04:00,1.0
2011-04-22 00:47:33-04:00,1.0
2011-04-22 00:47:36-04:00,1.0
2011-04-22 00:47:39-04:00,1.0
2011-04-22 00:47:42-04:00,1.0
2011-04-22 00:47:45-04:00,1.0
2011-04-22 00:47:48-04:00,0.0
2011-04-22 00:47:51-04:00,1.0
2011-04-22 00:47:54-04:00,1.0
2011-04-22 00:47:57-04:00,1.0
2011-04-22 00:48:00-04:00,1.0
2011-04-22 00:48:03-04:00,1.0
2011-04-22 00:48:06-04:00,1.0
2011-04-22 00:48:09-04:00,1.0
2011-04-22 00:48:12-04:00,1.0
2011-04-22 00:48:15-04:00,1.0
2011-04-22 00:48:18-04:00,1.0
2011-04-22 00:48:21-04:00,1.0
2011-04-22 00:48:24-04:00,1.0
2011-04-22 00:48:27-04:00,1.0
2011-04-22 00:48:30-04:00,1.0
2011-04-22 00:48:33-04:00,1.0
2011-04-22 00:48:36-04:00,1.0
2011-04-22 00:48:39-04:00,1.0
2011-04-22 00:48:42-04:00,1.0
2011-04-22 00:48:45-04:00,1.0
2011-04-22 00:48:48-04:00,1.0
2011-04-22 00:48:51-04:00,1.0
2011-04-22 00:48:54-04:00,1.0
2011-04-22 00:48:57-04:00,1.0
2011-04-22 00:49:00-04:00,1.0
2011-04-22 00:49:03-04:00,1.0
2011-04-22 00:49:06-04:00,1.0
2011-04-22 00:49:09-04:00,1.0
2011-04-22 00:49:12-04:00,1.0
2011-04-22 00:49:15-04:00,1.0
2011-04-22 00:49:18-04:00,1.0
2011-04-22 00:49:21-04:00,1.0
2011-04-22 00:49:24-04:00,1.0
2011-04-22 00:49:27-04:00,1.0
2011-04-22 00:49:30-04:00,1.0
2011-04-22 00:49:33-04:00,1.0
2011-04-22 00:49:36-04:00,1.0
2011-04-22 00:49:39-04:00,1.0
2011-04-22 00:49:42-04:00,1.0
2011-04-22 00:49:45-04:00,1.0
2011-04-22 00:49:48-04:00,1.0
2011-04-22 00:49:51-04:00,1.0
2011-04-22 00:49:54-04:00,1.0
2011-04-22 00:49:57-04:00,1.0
2011-04-22 00:50:00-04:00,1.0
2011-04-22 00:50:03-04:00,1.0
2011-04-22 00:50:06-04:00,1.0
2011-04-22 00:50:09-04:00,1.0
2011-04-22 00:50:12-04:00,1.0
2011-04-22 00:50:15-04:00,1.0
2011-04-22 00:50:18-04:00,1.0
2011-04-22 00:50:21-04:00,1.0
2011-04-22 00:50:24-04:00,1.0
2011-04-22 00:50:27-04:00,1.0
2011-04-22 00:50:30-04:00,1.0
2011-04-22 00:50:33-04:00,1.0
2011-04-22 00:50:36-04:00,1.0
2011-04-22 00:50:39-04:00,1.0
2011-04-22 00:50:42-04:00,1.0
2011-04-22 00:50:45-04:00,1.0
2011-04-22 00:50:48-04:00,1.0
2011-04-22 00:50:51-04:00,1.0
2011-04-22 00:50:54-04:00,1.0
2011-04-22 00:50:57-04:00,1.0
2011-04-22 00:51:00-04:00,1.0
2011-04-22 00:51:03-04:00,1.0
2011-04-22 00:51:06-04:00,1.0
2011-04-22 00:51:09-04:00,1.0
2011-04-22 00:51:12-04:00,1.0
2011-04-22 00:51:15-04:00,1.0
2011-04-22 00:51:18-04:00,1.0
2011-04-22 00:51:21-04:00,1.0
2011-04-22 00:51:24-04:00,1.0
2011-04-22 00:51:27-04:00,1.0
2011-04-22 00:51:30-04:00,1.0
2011-04-22 00:51:33-04:00,1.0
2011-04-22 00:51:36-04:00,1.0
2011-04-22 00:51:39-04:00,1.0
2011-04-22 00:51:42-04:00,1.0
2011-04-22 00:51:45-04:00,1.0
2011-04-22 00:51:48-04:00,1.0
2011-04-22 00:51:51-04:00,1.0
2011-04-22 00:51:54-04:00,1.0
2011-04-22 00:51:57-04:00,1.0
2011-04-22 00:52:00-04:00,1.0
2011-04-22 00:52:03-04:00,1.0
2011-04-22 00:52:06-04:00,1.0
2011-04-22 00:52:09-04:00,1.0
2011-04-22 00:52:12-04:00,1.0
2011-04-22 00:52:15-04:00,1.0
2011-04-22 00:52:18-04:00,1.0
2011-04-22 00:52:21-04:00,1.0
2011-04-22 00:52:24-04:00,1.0
2011-04-22 00:52:27-04:00,1.0
2011-04-22 00:52:30-04:00,1.0
2011-04-22 00:52:33-04:00,1.0
2011-04-22 00:52:36-04:00,1.0
2011-04-22 00:52:39-04:00,1.0
2011-04-22 00:52:42-04:00,1.0
2011-04-22 00:52:45-04:00,1.0
2011-04-22 00:52:48-04:00,1.0
2011-04-22 00:52:51-04:00,1.0
2011-04-22 00:52:54-04:00,1.0
2011-04-22 00:52:57-04:00,1.0
2011-04-22 00:53:00-04:00,1.0
2011-04-22 00:53:03-04:00,1.0
2011-04-22 00:53:06-04:00,1.0
2011-04-22 00:53:09-04:00,1.0
2011-04-22 00:53:12-04:00,1.0
2011-04-22 00:53:15-04:00,1.0
2011-04-22 00:53:18-04:00,1.0
2011-04-22 00:53:21-04:00,1.0
2011-04-22 00:53:24-04:00,1.0
2011-04-22 00:53:27-04:00,1.0
2011-04-22 00:53:30-04:00,1.0
2011-04-22 00:53:33-04:00,1.0
2011-04-22 00:53:36-04:00,1.0
2011-04-22 00:53:39-04:00,1.0
2011-04-22 00:53:42-04:00,1.0
2011-04-22 00:53:45-04:00,1.0
2011-04-22 00:53:48-04:00,1.0
2011-04-22 00:53:51-04:00,1.0
2011-04-22 00:53:54-04:00,1.0
2011-04-22 00:53:57-04:00,1.0
2011-04-22 00:54:00-04:00,1.0
2011-04-22 00:54:03-04:00,1.0
2011-04-22 00:54:06-04:00,1.0
2011-04-22 00:54:09-04:00,1.0
2011-04-22 00:54:12-04:00,1.0
2011-04-22 00:54:15-04:00,1.0
2011-04-22 00:54:18-04:00,1.0
2011-04-22 00:54:21-04:00,1.0
2011-04-22 00:54:24-04:00,1.0
2011-04-22 00:54:27-04:00,1.0
2011-04-22 00:54:30-04:00,1.0
2011-04-22 00:54:33-04:00,1.0
2011-04-22 00:54:36-04:00,1.0
2011-04-22 00:54:39-04:00,1.0
2011-04-22 00:54:42-04:00,1.0
2011-04-22 00:54:45-04:00,1.0
2011-04-22 00:54:48-04:00,1.0
2011-04-22 00:54:51-04:00,1.0
2011-04-22 00:54:54-04:00,1.0
2011-04-22 00:54:57-04:00,1.0
2011-04-22 00:55:00-04:00,1.0
2011-04-22 00:55:03-04:00,1.0
2011-04-22 00:55:06-04:00,1.0
2011-04-22 00:55:09-04:00,1.0
2011-04-22 00:55:12-04:00,1.0
2011-04-22 00:55:15-04:00,1.0
2011-04-22 00:55:18-04:00,1.0
2011-04-22 00:55:21-04:00,1.0
2011-04-22 00:55:24-04:00,1.0
2011-04-22 00:55:27-04:00,1.0
2011-04-22 00:55:30-04:00,1.0
2011-04-22 00:55:33-04:00,1.0
2011-04-22 00:55:36-04:00,1.0
2011-04-22 00:55:39-04:00,1.0
2011-04-22 00:55:42-04:00,1.0
2011-04-22 00:55:45-04:00,1.0
2011-04-22 00:55:48-04:00,1.0
2011-04-22 00:55:51-04:00,1.0
2011-04-22 00:55:54-04:00,1.0
2011-04-22 00:55:57-04:00,1.0
2011-04-22 00:56:00-04:00,1.0
2011-04-22 00:56:03-04:00,1.0
2011-04-22 00:56:06-04:00,1.0
2011-04-22 00:56:09-04:00,1.0
2011-04-22 00:56:12-04:00,0.0
2011-04-22 00:56:15-04:00,0.75
2011-04-22 00:56:18-04:00,1.0
2011-04-22 00:56:21-04:00,1.0
2011-04-22 00:56:24-04:00,1.0
2011-04-22 00:56:27-04:00,1.0
2011-04-22 00:56:30-04:00,1.0
2011-04-22 00:56:33-04:00,1.0
2011-04-22 00:56:36-04:00,1.0
2011-04-22 00:56:39-04:00,1.0
2011-04-22 00:56:42-04:00,1.0
2011-04-22 00:56:45-04:00,1.0
2011-04-22 00:56:48-04:00,1.0
2011-04-22 00:56:51-04:00,1.0
2011-04-22 00:56:54-04:00,1.0
2011-04-22 00:56:57-04:00,1.0
2011-04-22 00:57:00-04:00,1.0
2011-04-22 00:57:03-04:00,1.0
2011-04-22 00:57:06-04:00,1.0
2011-04-22 00:57:09-04:00,1.0
2011-04-22 00:57:12-04:00,1.0
2011-04-22 00:57:15-04:00,1.0
2011-04-22 00:57:18-04:00,1.0
2011-04-22 00:57:21-04:00,0.6666666666666667
2011-04-22 00:57:24-04:00,0.25
2011-04-22 00:57:27-04:00,1.0
2011-04-22 00:57:30-04:00,1.0
2011-04-22 00:57:33-04:00,1.0
2011-04-22 00:57:36-04:00,1.0
2011-04-22 00:57:39-04:00,1.0
2011-04-22 00:57:42-04:00,1.0
2011-04-22 00:57:45-04:00,1.0
2011-04-22 00:57:48-04:00,1.0
2011-04-22 00:57:51-04:00,1.0
2011-04-22 00:57:54-04:00,1.0
2011-04-22 00:57:57-04:00,1.0
2011-04-22 00:58:00-04:00,1.0
2011-04-22 00:58:03-04:00,1.0
2011-04-22 00:58:06-04:00,1.0
2011-04-22 00:58:09-04:00,1.0
2011-04-22 00:58:12-04:00,1.0
2011-04-22 00:58:15-04:00,1.0
2011-04-22 00:58:18-04:00,1.0
2011-04-22 00:58:21-04:00,1.0
2011-04-22 00:58:24-04:00,1.0
2011-04-22 00:58:27-04:00,1.0
2011-04-22 00:58:30-04:00,1.0
2011-04-22 00:58:33-04:00,1.0
2011-04-22 00:58:36-04:00,1.0
2011-04-22 00:58:39-04:00,1.0
2011-04-22 00:58:42-04:00,1.0
2011-04-22 00:58:45-04:00,1.0
2011-04-22 00:58:48-04:00,1.0
2011-04-22 00:58:51-04:00,1.0
2011-04-22 00:58:54-04:00,1.0
2011-04-22 00:58:57-04:00,1.0
2011-04-22 00:59:00-04:00,1.0
2011-04-22 00:59:03-04:00,1.0
2011-04-22 00:59:06-04:00,1.0
2011-04-22 00:59:09-04:00,1.0
2011-04-22 00:59:12-04:00,1.0
2011-04-22 00:59:15-04:00,1.0
2011-04-22 00:59:18-04:00,1.0
2011-04-22 00:59:21-04:00,1.0
2011-04-22 00:59:24-04:00,1.0
2011-04-22 00:59:27-04:00,1.0
2011-04-22 00:59:30-04:00,1.0
2011-04-22 00:59:33-04:00,1.0
2011-04-22 00:59:36-04:00,1.0
2011-04-22 00:59:39-04:00,1.0
2011-04-22 00:59:42-04:00,1.0
2011-04-22 00:59:45-04:00,1.0
2011-04-22 00:59:48-04:00,1.0
2011-04-22 00:59:51-04:00,1.0
2011-04-22 00:59:54-04:00,1.0
2011-04-22 00:59:57-04:00,1.0
2011-04-22 01:00:00-04:00,1.0
2011-04-22 01:00:03-04:00,1.0
2011-04-22 01:00:06-04:00,1.0
2011-04-22 01:00:09-04:00,1.0
2011-04-22 01:00:12-04:00,1.0
2011-04-22 01:00:15-04:00,1.0
2011-04-22 01:00:18-04:00,1.0
2011-04-22 01:00:21-04:00,1.0
2011-04-22 01:00:24-04:00,1.0
2011-04-22 01:00:27-04:00,1.0
2011-04-22 01:00:30-04:00,1.0
2011-04-22 01:00:33-04:00,1.0
2011-04-22 01:00:36-04:00,1.0
2011-04-22 01:00:39-04:00,1.0
2011-04-22 01:00:42-04:00,1.0
2011-04-22 01:00:45-04:00,1.0
2011-04-22 01:00:48-04:00,1.0
2011-04-22 01:00:51-04:00,1.0
2011-04-22 01:00:54-04:00,1.0
2011-04-22 01:00:57-04:00,1.0
2011-04-22 01:01:00-04:00,1.0
2011-04-22 01:01:03-04:00,1.0
2011-04-22 01:01:06-04:00,1.0
2011-04-22 01:01:09-04:00,1.0
2011-04-22 01:01:12-04:00,1.0
2011-04-22 01:01:15-04:00,1.0
2011-04-22 01:01:18-04:00,1.0
2011-04-22 01:01:21-04:00,1.0
2011-04-22 01:01:24-04:00,1.0
2011-04-22 01:01:27-04:00,1.0
2011-04-22 01:01:30-04:00,1.0
2011-04-22 01:01:33-04:00,1.0
2011-04-22 01:01:36-04:00,1.0
2011-04-22 01:01:39-04:00,1.0
2011-04-22 01:01:42-04:00,1.0
2011-04-22 01:01:45-04:00,1.0
2011-04-22 01:01:48-04:00,1.0
2011-04-22 01:01:51-04:00,1.0
2011-04-22 01:01:54-04:00,1.0
2011-04-22 01:01:57-04:00,1.0
2011-04-22 01:02:00-04:00,1.0
2011-04-22 01:02:03-04:00,1.0
2011-04-22 01:02:06-04:00,1.0
2011-04-22 01:02:09-04:00,1.0
2011-04-22 01:02:12-04:00,1.0
2011-04-22 01:02:15-04:00,1.0
2011-04-22 01:02:18-04:00,1.0
2011-04-22 01:02:21-04:00,1.0
2011-04-22 01:02:24-04:00,1.0
2011-04-22 01:02:27-04:00,1.0
2011-04-22 01:02:30-04:00,1.0
2011-04-22 01:02:33-04:00,1.0
2011-04-22 01:02:36-04:00,1.0
2011-04-22 01:02:39-04:00,1.0
2011-04-22 01:02:42-04:00,1.0
2011-04-22 01:02:45-04:00,1.0
2011-04-22 01:02:48-04:00,1.0
2011-04-22 01:02:51-04:00,1.0
2011-04-22 01:02:54-04:00,1.0
2011-04-22 01:02:57-04:00,1.0
2011-04-22 01:03:00-04:00,1.0
2011-04-22 01:03:03-04:00,1.0
2011-04-22 01:03:06-04:00,1.0
2011-04-22 01:03:09-04:00,1.0
2011-04-22 01:03:12-04:00,1.0
2011-04-22 01:03:15-04:00,1.0
2011-04-22 01:03:18-04:00,1.0
2011-04-22 01:03:21-04:00,1.0
2011-04-22 01:03:24-04:00,1.0
2011-04-22 01:03:27-04:00,1.0
2011-04-22 01:03:30-04:00,1.0
2011-04-22 01:03:33-04:00,1.0
2011-04-22 01:03:36-04:00,1.0
2011-04-22 01:03:39-04:00,1.0
2011-04-22 01:03:42-04:00,1.0
2011-04-22 01:03:45-04:00,1.0
2011-04-22 01:03:48-04:00,0.33333333333333337
2011-04-22 01:03:51-04:00,0.5
2011-04-22 01:03:54-04:00,1.0
2011-04-22 01:03:57-04:00,1.0
2011-04-22 01:04:00-04:00,1.0
2011-04-22 01:04:03-04:00,1.0
2011-04-22 01:04:06-04:00,1.0
2011-04-22 01:04:09-04:00,1.0
2011-04-22 01:04:12-04:00,1.0
2011-04-22 01:04:15-04:00,1.0
2011-04-22 01:04:18-04:00,1.0
2011-04-22 01:04:21-04:00,1.0
2011-04-22 01:04:24-04:00,1.0
2011-04-22 01:04:27-04:00,1.0
2011-04-22 01:04:30-04:00,1.0
2011-04-22 01:04:33-04:00,1.0
2011-04-22 01:04:36-04:00,1.0
2011-04-22 01:04:39-04:00,1.0
2011-04-22 01:04:42-04:00,1.0
2011-04-22 01:04:45-04:00,1.0
2011-04-22 01:04:48-04:00,1.0
2011-04-22 01:04:51-04:00,1.0
2011-04-22 01:04:54-04:00,1.0
2011-04-22 01:04:57-04:00,1.0
2011-04-22 01:05:00-04:00,1.0
2011-04-22 01:05:03-04:00,1.0
2011-04-22 01:05:06-04:00,1.0
2011-04-22 01:05:09-04:00,1.0
2011-04-22 01:05:12-04:00,1.0
2011-04-22 01:05:15-04:00,1.0
2011-04-22 01:05:18-04:00,1.0
2011-04-22 01:05:21-04:00,1.0
2011-04-22 01:05:24-04:00,1.0
2011-04-22 01:05:27-04:00,1.0
2011-04-22 01:05:30-04:00,1.0
2011-04-22 01:05:33-04:00,1.0
2011-04-22 01:05:36-04:00,1.0
2011-04-22 01:05:39-04:00,1.0
2011-04-22 01:05:42-04:00,0.33333333333333337
2011-04-22 01:05:45-04:00,0.6666666666666666
2011-04-22 01:05:48-04:00,1.0
2011-04-22 01:05:51-04:00,1.0
2011-04-22 01:05:54-04:00,1.0
2011-04-22 01:05:57-04:00,1.0
2011-04-22 01:06:00-04:00,1.0
2011-04-22 01:06:03-04:00,1.0
2011-04-22 01:06:06-04:00,1.0
2011-04-22 01:06:09-04:00,1.0
2011-04-22 01:06:12-04:00,1.0
2011-04-22 01:06:15-04:00,1.0
2011-04-22 01:06:18-04:00,1.0
2011-04-22 01:06:21-04:00,1.0
2011-04-22 01:06:24-04:00,1.0
2011-04-22 01:06:27-04:00,1.0
2011-04-22 01:06:30-04:00,1.0
2011-04-22 01:06:33-04:00,1.0
2011-04-22 01:06:36-04:00,1.0
2011-04-22 01:06:39-04:00,1.0
2011-04-22 01:06:42-04:00,1.0
2011-04-22 01:06:45-04:00,1.0
2011-04-22 01:06:48-04:00,1.0
2011-04-22 01:06:51-04:00,1.0
2011-04-22 01:06:54-04:00,1.0
2011-04-22 01:06:57-04:00,1.0
2011-04-22 01:07:00-04:00,1.0
2011-04-22 01:07:03-04:00,1.0
2011-04-22 01:07:06-04:00,1.0
2011-04-22 01:07:09-04:00,1.0
2011-04-22 01:07:12-04:00,1.0
2011-04-22 01:07:15-04:00,1.0
2011-04-22 01:07:18-04:00,1.0
2011-04-22 01:07:21-04:00,1.0
2011-04-22 01:07:24-04:00,1.0
2011-04-22 01:07:27-04:00,1.0
2011-04-22 01:07:30-04:00,1.0
2011-04-22 01:07:33-04:00,1.0
2011-04-22 01:07:36-04:00,1.0
2011-04-22 01:07:39-04:00,1.0
2011-04-22 01:07:42-04:00,1.0
2011-04-22 01:07:45-04:00,1.0
2011-04-22 01:07:48-04:00,1.0
2011-04-22 01:07:51-04:00,1.0
2011-04-22 01:07:54-04:00,1.0
2011-04-22 01:07:57-04:00,1.0
2011-04-22 01:08:00-04:00,1.0
2011-04-22 01:08:03-04:00,1.0
2011-04-22 01:08:06-04:00,1.0
2011-04-22 01:08:09-04:00,1.0
2011-04-22 01:08:12-04:00,1.0
2011-04-22 01:08:15-04:00,1.0
2011-04-22 01:08:18-04:00,1.0
2011-04-22 01:08:21-04:00,1.0
2011-04-22 01:08:24-04:00,1.0
2011-04-22 01:08:27-04:00,1.0
2011-04-22 01:08:30-04:00,1.0
2011-04-22 01:08:33-04:00,1.0
2011-04-22 01:08:36-04:00,1.0
2011-04-22 01:08:39-04:00,1.0
2011-04-22 01:08:42-04:00,1.0
2011-04-22 01:08:45-04:00,1.0
2011-04-22 01:08:48-04:00,1.0
2011-04-22 01:08:51-04:00,1.0
2011-04-22 01:08:54-04:00,1.0
2011-04-22 01:08:57-04:00,1.0
2011-04-22 01:09:00-04:00,1.0
2011-04-22 01:09:03-04:00,1.0
2011-04-22 01:09:06-04:00,1.0
2011-04-22 01:09:09-04:00,1.0
2011-04-22 01:09:12-04:00,1.0
2011-04-22 01:09:15-04:00,1.0
2011-04-22 01:09:18-04:00,1.0
2011-04-22 01:09:21-04:00,1.0
2011-04-22 01:09:24-04:00,1.0
2011-04-22 01:09:27-04:00,1.0
2011-04-22 01:09:30-04:00,1.0
2011-04-22 01:09:33-04:00,1.0
2011-04-22 01:09:36-04:00,1.0
2011-04-22 01:09:39-04:00,1.0
2011-04-22 01:09:42-04:00,1.0
2011-04-22 01:09:45-04:00,1.0
2011-04-22 01:09:48-04:00,1.0
2011-04-22 01:09:51-04:00,1.0
2011-04-22 01:09:54-04:00,1.0
2011-04-22 01:09:57-04:00,1.0
2011-04-22 01:10:00-04:00,1.0
2011-04-22 01:10:03-04:00,0.5
2011-04-22 01:10:06-04:00,0.3333333333333333
2011-04-22 01:10:09-04:00,1.0
2011-04-22 01:10:12-04:00,1.0
2011-04-22 01:10:15-04:00,1.0
2011-04-22 01:10:18-04:00,1.0
2011-04-22 01:10:21-04:00,1.0
2011-04-22 01:10:24-04:00,1.0
2011-04-22 01:10:27-04:00,1.0
2011-04-22 01:10:30-04:00,1.0
2011-04-22 01:10:33-04:00,1.0
2011-04-22 01:10:36-04:00,1.0
2011-04-22 01:10:39-04:00,1.0
2011-04-22 01:10:42-04:00,1.0
2011-04-22 01:10:45-04:00,1.0
2011-04-22 01:10:48-04:00,1.0
2011-04-22 01:10:51-04:00,1.0
2011-04-22 01:10:54-04:00,1.0
2011-04-22 01:10:57-04:00,1.0
2011-04-22 01:11:00-04:00,1.0
2011-04-22 01:11:03-04:00,1.0
2011-04-22 01:11:06-04:00,1.0
2011-04-22 01:11:09-04:00,1.0
2011-04-22 01:11:12-04:00,1.0
2011-04-22 01:11:15-04:00,1.0
2011-04-22 01:11:18-04:00,1.0
2011-04-22 01:11:21-04:00,1.0
2011-04-22 01:11:24-04:00,1.0
2011-04-22 01:11:27-04:00,1.0
2011-04-22 01:11:30-04:00,1.0
2011-04-22 01:11:33-04:00,1.0
2011-04-22 01:11:36-04:00,1.0
2011-04-22 01:11:39-04:00,1.0
2011-04-22 01:11:42-04:00,1.0
2011-04-22 01:11:45-04:00,1.0
2011-04-22 01:11:48-04:00,1.0
2011-04-22 01:11:51-04:00,1.0
2011-04-22 01:11:54-04:00,1.0
2011-04-22 01:11:57-04:00,1.0
2011-04-22 01:12:00-04:00,1.0
2011-04-22 01:12:03-04:00,1.0
2011-04-22 01:12:06-04:00,1.0
2011-04-22 01:12:09-04:00,1.0
2011-04-22 01:12:12-04:00,1.0
2011-04-22 01:12:15-04:00,1.0
2011-04-22 01:12:18-04:00,1.0
2011-04-22 01:12:21-04:00,0.5
2011-04-22 01:12:24-04:00,0.3333333333333333
2011-04-22 01:12:27-04:00,1.0
2011-04-22 01:12:30-04:00,1.0
2011-04-22 01:12:33-04:00,1.0
2011-04-22 01:12:36-04:00,1.0
2011-04-22 01:12:39-04:00,1.0
2011-04-22 01:12:42-04:00,1.0
2011-04-22 01:12:45-04:00,0.0
2011-04-22 01:12:48-04:00,0.75
2011-04-22 01:12:51-04:00,1.0
2011-04-22 01:12:54-04:00,1.0
2011-04-22 01:12:57-04:00,1.0
2011-04-22 01:13:00-04:00,1.0
2011-04-22 01:13:03-04:00,1.0
2011-04-22 01:13:06-04:00,1.0
2011-04-22 01:13:09-04:00,1.0
2011-04-22 01:13:12-04:00,1.0
2011-04-22 01:13:15-04:00,1.0
2011-04-22 01:13:18-04:00,1.0
2011-04-22 01:13:21-04:00,1.0
2011-04-22 01:13:24-04:00,1.0
2011-04-22 01:13:27-04:00,1.0
2011-04-22 01:13:30-04:00,1.0
2011-04-22 01:13:33-04:00,1.0
2011-04-22 01:13:36-04:00,1.0
2011-04-22 01:13:39-04:00,1.0
2011-04-22 01:13:42-04:00,1.0
2011-04-22 01:13:45-04:00,1.0
2011-04-22 01:13:48-04:00,1.0
2011-04-22 01:13:51-04:00,1.0
2011-04-22 01:13:54-04:00,1.0
2011-04-22 01:13:57-04:00,1.0
2011-04-22 01:14:00-04:00,1.0
2011-04-22 01:14:03-04:00,1.0
2011-04-22 01:14:06-04:00,1.0
2011-04-22 01:14:09-04:00,1.0
2011-04-22 01:14:12-04:00,1.0
2011-04-22 01:14:15-04:00,1.0
2011-04-22 01:14:18-04:00,1.0
2011-04-22 01:14:21-04:00,1.0
2011-04-22 01:14:24-04:00,1.0
2011-04-22 01:14:27-04:00,1.0
2011-04-22 01:14:30-04:00,1.0
2011-04-22 01:14:33-04:00,1.0
2011-04-22 01:14:36-04:00,1.0
2011-04-22 01:14:39-04:00,1.0
2011-04-22 01:14:42-04:00,1.0
2011-04-22 01:14:45-04:00,1.0
2011-04-22 01:14:48-04:00,1.0
2011-04-22 01:14:51-04:00,1.0
2011-04-22 01:14:54-04:00,1.0
2011-04-22 01:14:57-04:00,1.0
2011-04-22 01:15:00-04:00,1.0
2011-04-22 01:15:03-04:00,1.0
2011-04-22 01:15:06-04:00,1.0
2011-04-22 01:15:09-04:00,1.0
2011-04-22 01:15:12-04:00,1.0
2011-04-22 01:15:15-04:00,1.0
2011-04-22 01:15:18-04:00,1.0
2011-04-22 01:15:21-04:00,1.0
2011-04-22 01:15:24-04:00,1.0
2011-04-22 01:15:27-04:00,1.0
2011-04-22 01:15:30-04:00,1.0
2011-04-22 01:15:33-04:00,1.0
2011-04-22 01:15:36-04:00,1.0
2011-04-22 01:15:39-04:00,1.0
2011-04-22 01:15:42-04:00,1.0
2011-04-22 01:15:45-04:00,1.0
2011-04-22 01:15:48-04:00,1.0
2011-04-22 01:15:51-04:00,1.0
2011-04-22 01:15:54-04:00,1.0
2011-04-22 01:15:57-04:00,1.0
2011-04-22 01:16:00-04:00,1.0
2011-04-22 01:16:03-04:00,1.0
2011-04-22 01:16:06-04:00,1.0
2011-04-22 01:16:09-04:00,1.0
2011-04-22 01:16:12-04:00,1.0
2011-04-22 01:16:15-04:00,1.0
2011-04-22 01:16:18-04:00,1.0
2011-04-22 01:16:21-04:00,1.0
2011-04-22 01:16:24-04:00,1.0
2011-04-22 01:16:27-04:00,1.0
2011-04-22 01:16:30-04:00,1.0
2011-04-22 01:16:33-04:00,1.0
2011-04-22 01:16:36-04:00,1.0
2011-04-22 01:16:39-04:00,1.0
2011-04-22 01:16:42-04:00,1.0
2011-04-22 01:16:45-04:00,1.0
2011-04-22 01:16:48-04:00,1.0
2011-04-22 01:16:51-04:00,1.0
2011-04-22 01:16:54-04:00,1.0
2011-04-22 01:16:57-04:00,1.0
2011-04-22 01:17:00-04:00,0.0
2011-04-22 01:17:03-04:00,0.75
2011-04-22 01:17:06-04:00,1.0
2011-04-22 01:17:09-04:00,1.0
2011-04-22 01:17:12-04:00,1.0
2011-04-22 01:17:15-04:00,1.0
2011-04-22 01:17:18-04:00,1.0
2011-04-22 01:17:21-04:00,1.0
2011-04-22 01:17:24-04:00,1.0
2011-04-22 01:17:27-04:00,1.0
2011-04-22 01:17:30-04:00,1.0
2011-04-22 01:17:33-04:00,1.0
2011-04-22 01:17:36-04:00,1.0
2011-04-22 01:17:39-04:00,1.0
2011-04-22 01:17:42-04:00,1.0
2011-04-22 01:17:45-04:00,1.0
2011-04-22 01:17:48-04:00,1.0
2011-04-22 01:17:51-04:00,1.0
2011-04-22 01:17:54-04:00,1.0
2011-04-22 01:17:57-04:00,1.0
2011-04-22 01:18:00-04:00,1.0
2011-04-22 01:18:03-04:00,1.0
2011-04-22 01:18:06-04:00,1.0
2011-04-22 01:18:09-04:00,1.0
2011-04-22 01:18:12-04:00,1.0
2011-04-22 01:18:15-04:00,1.0
2011-04-22 01:18:18-04:00,1.0
2011-04-22 01:18:21-04:00,1.0
2011-04-22 01:18:24-04:00,1.0
2011-04-22 01:18:27-04:00,1.0
2011-04-22 01:18:30-04:00,1.0
2011-04-22 01:18:33-04:00,1.0
2011-04-22 01:18:36-04:00,1.0
2011-04-22 01:18:39-04:00,0.0
2011-04-22 01:18:42-04:00,0.75
2011-04-22 01:18:45-04:00,1.0
2011-04-22 01:18:48-04:00,1.0
2011-04-22 01:18:51-04:00,1.0
2011-04-22 01:18:54-04:00,1.0
2011-04-22 01:18:57-04:00,1.0
2011-04-22 01:19:00-04:00,1.0
2011-04-22 01:19:03-04:00,1.0
2011-04-22 01:19:06-04:00,1.0
2011-04-22 01:19:09-04:00,1.0
2011-04-22 01:19:12-04:00,1.0
2011-04-22 01:19:15-04:00,1.0
2011-04-22 01:19:18-04:00,1.0
2011-04-22 01:19:21-04:00,1.0
2011-04-22 01:19:24-04:00,1.0
2011-04-22 01:19:27-04:00,1.0
2011-04-22 01:19:30-04:00,1.0
2011-04-22 01:19:33-04:00,1.0
2011-04-22 01:19:36-04:00,1.0
2011-04-22 01:19:39-04:00,1.0
2011-04-22 01:19:42-04:00,0.33333333333333337
2011-04-22 01:19:45-04:00,0.6666666666666666
2011-04-22 01:19:48-04:00,1.0
2011-04-22 01:19:51-04:00,1.0
2011-04-22 01:19:54-04:00,1.0
2011-04-22 01:19:57-04:00,1.0
2011-04-22 01:20:00-04:00,1.0
2011-04-22 01:20:03-04:00,1.0
2011-04-22 01:20:06-04:00,1.0
2011-04-22 01:20:09-04:00,1.0
2011-04-22 01:20:12-04:00,1.0
2011-04-22 01:20:15-04:00,1.0
2011-04-22 01:20:18-04:00,1.0
2011-04-22 01:20:21-04:00,1.0
2011-04-22 01:20:24-04:00,1.0
2011-04-22 01:20:27-04:00,1.0
2011-04-22 01:20:30-04:00,1.0
2011-04-22 01:20:33-04:00,1.0
2011-04-22 01:20:36-04:00,1.0
2011-04-22 01:20:39-04:00,1.0
2011-04-22 01:20:42-04:00,1.0
2011-04-22 01:20:45-04:00,1.0
2011-04-22 01:20:48-04:00,1.0
2011-04-22 01:20:51-04:00,1.0
2011-04-22 01:20:54-04:00,1.0
2011-04-22 01:20:57-04:00,1.0
2011-04-22 01:21:00-04:00,1.0
2011-04-22 01:21:03-04:00,1.0
2011-04-22 01:21:06-04:00,1.0
2011-04-22 01:21:09-04:00,1.0
2011-04-22 01:21:12-04:00,1.0
2011-04-22 01:21:15-04:00,1.0
2011-04-22 01:21:18-04:00,1.0
2011-04-22 01:21:21-04:00,1.0
2011-04-22 01:21:24-04:00,1.0
2011-04-22 01:21:27-04:00,1.0
2011-04-22 01:21:30-04:00,1.0
2011-04-22 01:21:33-04:00,1.0
2011-04-22 01:21:36-04:00,1.0
2011-04-22 01:21:39-04:00,1.0
2011-04-22 01:21:42-04:00,1.0
2011-04-22 01:21:45-04:00,1.0
2011-04-22 01:21:48-04:00,1.0
2011-04-22 01:21:51-04:00,1.0
2011-04-22 01:21:54-04:00,1.0
2011-04-22 01:21:57-04:00,1.0
2011-04-22 01:22:00-04:00,1.0
2011-04-22 01:22:03-04:00,1.0
2011-04-22 01:22:06-04:00,1.0
2011-04-22 01:22:09-04:00,1.0
2011-04-22 01:22:12-04:00,1.0
2011-04-22 01:22:15-04:00,1.0
2011-04-22 01:22:18-04:00,1.0
2011-04-22 01:22:21-04:00,1.0
2011-04-22 01:22:24-04:00,1.0
2011-04-22 01:22:27-04:00,1.0
2011-04-22 01:22:30-04:00,1.0
2011-04-22 01:22:33-04:00,1.0
2011-04-22 01:22:36-04:00,1.0
2011-04-22 01:22:39-04:00,1.0
2011-04-22 01:22:42-04:00,1.0
2011-04-22 01:22:45-04:00,1.0
2011-04-22 01:22:48-04:00,1.0
2011-04-22 01:22:51-04:00,1.0
2011-04-22 01:22:54-04:00,1.0
2011-04-22 01:22:57-04:00,1.0
2011-04-22 01:23:00-04:00,1.0
2011-04-22 01:23:03-04:00,1.0
2011-04-22 01:23:06-04:00,1.0
2011-04-22 01:23:09-04:00,1.0
2011-04-22 01:23:12-04:00,1.0
2011-04-22 01:23:15-04:00,1.0
2011-04-22 01:23:18-04:00,1.0
2011-04-22 01:23:21-04:00,1.0
2011-04-22 01:23:24-04:00,1.0
2011-04-22 01:23:27-04:00,1.0
2011-04-22 01:23:30-04:00,1.0
2011-04-22 01:23:33-04:00,1.0
2011-04-22 01:23:36-04:00,1.0
2011-04-22 01:23:39-04:00,1.0
2011-04-22 01:23:42-04:00,1.0
2011-04-22 01:23:45-04:00,1.0
2011-04-22 01:23:48-04:00,1.0
2011-04-22 01:23:51-04:00,1.0
2011-04-22 01:23:54-04:00,1.0
2011-04-22 01:23:57-04:00,1.0
2011-04-22 01:24:00-04:00,1.0
2011-04-22 01:24:03-04:00,1.0
2011-04-22 01:24:06-04:00,1.0
2011-04-22 01:24:09-04:00,1.0
2011-04-22 01:24:12-04:00,1.0
2011-04-22 01:24:15-04:00,1.0
2011-04-22 01:24:18-04:00,1.0
2011-04-22 01:24:21-04:00,1.0
2011-04-22 01:24:24-04:00,1.0
2011-04-22 01:24:27-04:00,1.0
2011-04-22 01:24:30-04:00,1.0
2011-04-22 01:24:33-04:00,1.0
2011-04-22 01:24:36-04:00,1.0
2011-04-22 01:24:39-04:00,1.0
2011-04-22 01:24:42-04:00,1.0
2011-04-22 01:24:45-04:00,1.0
2011-04-22 01:24:48-04:00,1.0
2011-04-22 01:24:51-04:00,1.0
2011-04-22 01:24:54-04:00,1.0
2011-04-22 01:24:57-04:00,1.0
2011-04-22 01:25:00-04:00,1.0
2011-04-22 01:25:03-04:00,1.0
2011-04-22 01:25:06-04:00,1.0
2011-04-22 01:25:09-04:00,1.0
2011-04-22 01:25:12-04:00,1.0
2011-04-22 01:25:15-04:00,1.0
2011-04-22 01:25:18-04:00,1.0
2011-04-22 01:25:21-04:00,1.0
2011-04-22 01:25:24-04:00,1.0
2011-04-22 01:25:27-04:00,1.0
2011-04-22 01:25:30-04:00,1.0
2011-04-22 01:25:33-04:00,1.0
2011-04-22 01:25:36-04:00,1.0
2011-04-22 01:25:39-04:00,1.0
2011-04-22 01:25:42-04:00,1.0
2011-04-22 01:25:45-04:00,1.0
2011-04-22 01:25:48-04:00,1.0
2011-04-22 01:25:51-04:00,1.0
2011-04-22 01:25:54-04:00,1.0
2011-04-22 01:25:57-04:00,1.0
2011-04-22 01:26:00-04:00,1.0
2011-04-22 01:26:03-04:00,1.0
2011-04-22 01:26:06-04:00,1.0
2011-04-22 01:26:09-04:00,1.0
2011-04-22 01:26:12-04:00,1.0
2011-04-22 01:26:15-04:00,0.75
2011-04-22 01:26:18-04:00,0.0
2011-04-22 01:26:21-04:00,1.0
2011-04-22 01:26:24-04:00,1.0
2011-04-22 01:26:27-04:00,1.0
2011-04-22 01:26:30-04:00,1.0
2011-04-22 01:26:33-04:00,1.0
2011-04-22 01:26:36-04:00,1.0
2011-04-22 01:26:39-04:00,1.0
2011-04-22 01:26:42-04:00,1.0
2011-04-22 01:26:45-04:00,1.0
2011-04-22 01:26:48-04:00,1.0
2011-04-22 01:26:51-04:00,1.0
2011-04-22 01:26:54-04:00,1.0
2011-04-22 01:26:57-04:00,1.0
2011-04-22 01:27:00-04:00,1.0
2011-04-22 01:27:03-04:00,1.0
2011-04-22 01:27:06-04:00,1.0
2011-04-22 01:27:09-04:00,1.0
2011-04-22 01:27:12-04:00,1.0
2011-04-22 01:27:15-04:00,1.0
2011-04-22 01:27:18-04:00,1.0
2011-04-22 01:27:21-04:00,1.0
2011-04-22 01:27:24-04:00,1.0
2011-04-22 01:27:27-04:00,1.0
2011-04-22 01:27:30-04:00,1.0
2011-04-22 01:27:33-04:00,1.0
2011-04-22 01:27:36-04:00,1.0
2011-04-22 01:27:39-04:00,1.0
2011-04-22 01:27:42-04:00,1.0
2011-04-22 01:27:45-04:00,1.0
2011-04-22 01:27:48-04:00,1.0
2011-04-22 01:27:51-04:00,1.0
2011-04-22 01:27:54-04:00,1.0
2011-04-22 01:27:57-04:00,1.0
2011-04-22 01:28:00-04:00,1.0
2011-04-22 01:28:03-04:00,1.0
2011-04-22 01:28:06-04:00,1.0
2011-04-22 01:28:09-04:00,1.0
2011-04-22 01:28:12-04:00,1.0
2011-04-22 01:28:15-04:00,1.0
2011-04-22 01:28:18-04:00,1.0
2011-04-22 01:28:21-04:00,1.0
2011-04-22 01:28:24-04:00,1.0
2011-04-22 01:28:27-04:00,1.0
2011-04-22 01:28:30-04:00,1.0
2011-04-22 01:28:33-04:00,1.0
2011-04-22 01:28:36-04:00,1.0
2011-04-22 01:28:39-04:00,1.0
2011-04-22 01:28:42-04:00,1.0
2011-04-22 01:28:45-04:00,1.0
2011-04-22 01:28:48-04:00,1.0
2011-04-22 01:28:51-04:00,1.0
2011-04-22 01:28:54-04:00,1.0
2011-04-22 01:28:57-04:00,1.0
2011-04-22 01:29:00-04:00,1.0
2011-04-22 01:29:03-04:00,1.0
2011-04-22 01:29:06-04:00,1.0
2011-04-22 01:29:09-04:00,1.0
2011-04-22 01:29:12-04:00,1.0
2011-04-22 01:29:15-04:00,1.0
2011-04-22 01:29:18-04:00,1.0
2011-04-22 01:29:21-04:00,1.0
2011-04-22 01:29:24-04:00,1.0
2011-04-22 01:29:27-04:00,1.0
2011-04-22 01:29:30-04:00,1.0
2011-04-22 01:29:33-04:00,1.0
2011-04-22 01:29:36-04:00,1.0
2011-04-22 01:29:39-04:00,1.0
2011-04-22 01:29:42-04:00,1.0
2011-04-22 01:29:45-04:00,1.0
2011-04-22 01:29:48-04:00,1.0
2011-04-22 01:29:51-04:00,1.0
2011-04-22 01:29:54-04:00,1.0
2011-04-22 01:29:57-04:00,1.0
2011-04-22 01:30:00-04:00,1.0
2011-04-22 01:30:03-04:00,1.0
2011-04-22 01:30:06-04:00,1.0
2011-04-22 01:30:09-04:00,1.0
2011-04-22 01:30:12-04:00,1.0
2011-04-22 01:30:15-04:00,1.0
2011-04-22 01:30:18-04:00,1.0
2011-04-22 01:30:21-04:00,1.0
2011-04-22 01:30:24-04:00,1.0
2011-04-22 01:30:27-04:00,1.0
2011-04-22 01:30:30-04:00,1.0
2011-04-22 01:30:33-04:00,1.0
2011-04-22 01:30:36-04:00,1.0
2011-04-22 01:30:39-04:00,1.0
2011-04-22 01:30:42-04:00,1.0
2011-04-22 01:30:45-04:00,1.0
2011-04-22 01:30:48-04:00,1.0
2011-04-22 01:30:51-04:00,1.0
2011-04-22 01:30:54-04:00,1.0
2011-04-22 01:30:57-04:00,1.0
2011-04-22 01:31:00-04:00,1.0
2011-04-22 01:31:03-04:00,1.0
2011-04-22 01:31:06-04:00,1.0
2011-04-22 01:31:09-04:00,1.0
2011-04-22 01:31:12-04:00,1.0
2011-04-22 01:31:15-04:00,1.0
2011-04-22 01:31:18-04:00,1.0
2011-04-22 01:31:21-04:00,1.0
2011-04-22 01:31:24-04:00,1.0
2011-04-22 01:31:27-04:00,1.0
2011-04-22 01:31:30-04:00,1.0
2011-04-22 01:31:33-04:00,1.0
2011-04-22 01:31:36-04:00,1.0
2011-04-22 01:31:39-04:00,1.0
2011-04-22 01:31:42-04:00,1.0
2011-04-22 01:31:45-04:00,1.0
2011-04-22 01:31:48-04:00,1.0
2011-04-22 01:31:51-04:00,0.5
2011-04-22 01:31:54-04:00,0.3333333333333333
2011-04-22 01:31:57-04:00,1.0
2011-04-22 01:32:00-04:00,1.0
2011-04-22 01:32:03-04:00,1.0
2011-04-22 01:32:06-04:00,1.0
2011-04-22 01:32:09-04:00,1.0
2011-04-22 01:32:12-04:00,1.0
2011-04-22 01:32:15-04:00,1.0
2011-04-22 01:32:18-04:00,1.0
2011-04-22 01:32:21-04:00,1.0
2011-04-22 01:32:24-04:00,1.0
2011-04-22 01:32:27-04:00,1.0
2011-04-22 01:32:30-04:00,1.0
2011-04-22 01:32:33-04:00,1.0
2011-04-22 01:32:36-04:00,1.0
2011-04-22 01:32:39-04:00,0.0
2011-04-22 01:32:42-04:00,0.75
2011-04-22 01:32:45-04:00,1.0
2011-04-22 01:32:48-04:00,1.0
2011-04-22 01:32:51-04:00,1.0
2011-04-22 01:32:54-04:00,1.0
2011-04-22 01:32:57-04:00,1.0
2011-04-22 01:33:00-04:00,1.0
2011-04-22 01:33:03-04:00,1.0
2011-04-22 01:33:06-04:00,1.0
2011-04-22 01:33:09-04:00,1.0
2011-04-22 01:33:12-04:00,1.0
2011-04-22 01:33:15-04:00,1.0
2011-04-22 01:33:18-04:00,1.0
2011-04-22 01:33:21-04:00,1.0
2011-04-22 01:33:24-04:00,0.0
2011-04-22 01:33:27-04:00,0.75
2011-04-22 01:33:30-04:00,1.0
2011-04-22 01:33:33-04:00,1.0
2011-04-22 01:33:36-04:00,1.0
2011-04-22 01:33:39-04:00,1.0
2011-04-22 01:33:42-04:00,1.0
2011-04-22 01:33:45-04:00,1.0
2011-04-22 01:33:48-04:00,1.0
2011-04-22 01:33:51-04:00,1.0
2011-04-22 01:33:54-04:00,1.0
2011-04-22 01:33:57-04:00,1.0
2011-04-22 01:34:00-04:00,1.0
2011-04-22 01:34:03-04:00,1.0
2011-04-22 01:34:06-04:00,1.0
2011-04-22 01:34:09-04:00,1.0
2011-04-22 01:34:12-04:00,1.0
2011-04-22 01:34:15-04:00,1.0
2011-04-22 01:34:18-04:00,1.0
2011-04-22 01:34:21-04:00,1.0
2011-04-22 01:34:24-04:00,1.0
2011-04-22 01:34:27-04:00,1.0
2011-04-22 01:34:30-04:00,1.0
2011-04-22 01:34:33-04:00,1.0
2011-04-22 01:34:36-04:00,1.0
2011-04-22 01:34:39-04:00,1.0
2011-04-22 01:34:42-04:00,1.0
2011-04-22 01:34:45-04:00,1.0
2011-04-22 01:34:48-04:00,1.0
2011-04-22 01:34:51-04:00,1.0
2011-04-22 01:34:54-04:00,1.0
2011-04-22 01:34:57-04:00,1.0
2011-04-22 01:35:00-04:00,0.0
2011-04-22 01:35:03-04:00,0.75
2011-04-22 01:35:06-04:00,1.0
2011-04-22 01:35:09-04:00,1.0
2011-04-22 01:35:12-04:00,1.0
2011-04-22 01:35:15-04:00,1.0
2011-04-22 01:35:18-04:00,1.0
2011-04-22 01:35:21-04:00,1.0
2011-04-22 01:35:24-04:00,1.0
2011-04-22 01:35:27-04:00,1.0
2011-04-22 01:35:30-04:00,1.0
2011-04-22 01:35:33-04:00,1.0
2011-04-22 01:35:36-04:00,1.0
2011-04-22 01:35:39-04:00,1.0
2011-04-22 01:35:42-04:00,1.0
2011-04-22 01:35:45-04:00,1.0
2011-04-22 01:35:48-04:00,0.6666666666666667
2011-04-22 01:35:51-04:00,0.25
2011-04-22 01:35:54-04:00,1.0
2011-04-22 01:35:57-04:00,1.0
2011-04-22 01:36:00-04:00,1.0
2011-04-22 01:36:03-04:00,1.0
2011-04-22 01:36:06-04:00,1.0
2011-04-22 01:36:09-04:00,1.0
2011-04-22 01:36:12-04:00,1.0
2011-04-22 01:36:15-04:00,1.0
2011-04-22 01:36:18-04:00,1.0
2011-04-22 01:36:21-04:00,1.0
2011-04-22 01:36:24-04:00,1.0
2011-04-22 01:36:27-04:00,1.0
2011-04-22 01:36:30-04:00,1.0
2011-04-22 01:36:33-04:00,1.0
2011-04-22 01:36:36-04:00,1.0
2011-04-22 01:36:39-04:00,1.0
2011-04-22 01:36:42-04:00,1.0
2011-04-22 01:36:45-04:00,1.0
2011-04-22 01:36:48-04:00,1.0
2011-04-22 01:36:51-04:00,1.0
2011-04-22 01:36:54-04:00,1.0
2011-04-22 01:36:57-04:00,1.0
2011-04-22 01:37:00-04:00,1.0
2011-04-22 01:37:03-04:00,1.0
2011-04-22 01:37:06-04:00,1.0
2011-04-22 01:37:09-04:00,1.0
2011-04-22 01:37:12-04:00,1.0
2011-04-22 01:37:15-04:00,1.0
2011-04-22 01:37:18-04:00,1.0
2011-04-22 01:37:21-04:00,1.0
2011-04-22 01:37:24-04:00,1.0
2011-04-22 01:37:27-04:00,1.0
2011-04-22 01:37:30-04:00,1.0
2011-04-22 01:37:33-04:00,1.0
2011-04-22 01:37:36-04:00,1.0
2011-04-22 01:37:39-04:00,1.0
2011-04-22 01:37:42-04:00,1.0
2011-04-22 01:37:45-04:00,1.0
2011-04-22 01:37:48-04:00,1.0
2011-04-22 01:37:51-04:00,1.0
2011-04-22 01:37:54-04:00,1.0
2011-04-22 01:37:57-04:00,1.0
2011-04-22 01:38:00-04:00,1.0
2011-04-22 01:38:03-04:00,1.0
2011-04-22 01:38:06-04:00,1.0
2011-04-22 01:38:09-04:00,1.0
2011-04-22 01:38:12-04:00,1.0
2011-04-22 01:38:15-04:00,1.0
2011-04-22 01:38:18-04:00,1.0
2011-04-22 01:38:21-04:00,1.0
2011-04-22 01:38:24-04:00,1.0
2011-04-22 01:38:27-04:00,1.0
2011-04-22 01:38:30-04:00,1.0
2011-04-22 01:38:33-04:00,1.0
2011-04-22 01:38:36-04:00,1.0
2011-04-22 01:38:39-04:00,1.0
2011-04-22 01:38:42-04:00,1.0
2011-04-22 01:38:45-04:00,1.0
2011-04-22 01:38:48-04:00,1.0
2011-04-22 01:38:51-04:00,1.0
2011-04-22 01:38:54-04:00,1.0
2011-04-22 01:38:57-04:00,1.0
2011-04-22 01:39:00-04:00,1.0
2011-04-22 01:39:03-04:00,1.0
2011-04-22 01:39:06-04:00,1.0
2011-04-22 01:39:09-04:00,1.0
2011-04-22 01:39:12-04:00,1.0
2011-04-22 01:39:15-04:00,1.0
2011-04-22 01:39:18-04:00,1.0
2011-04-22 01:39:21-04:00,1.0
2011-04-22 01:39:24-04:00,1.0
2011-04-22 01:39:27-04:00,1.0
2011-04-22 01:39:30-04:00,1.0
2011-04-22 01:39:33-04:00,1.0
2011-04-22 01:39:36-04:00,1.0
2011-04-22 01:39:39-04:00,1.0
2011-04-22 01:39:42-04:00,1.0
2011-04-22 01:39:45-04:00,1.0
2011-04-22 01:39:48-04:00,1.0
2011-04-22 01:39:51-04:00,1.0
2011-04-22 01:39:54-04:00,1.0
2011-04-22 01:39:57-04:00,1.0
2011-04-22 01:40:00-04:00,1.0
2011-04-22 01:40:03-04:00,1.0
2011-04-22 01:40:06-04:00,1.0
2011-04-22 01:40:09-04:00,1.0
2011-04-22 01:40:12-04:00,1.0
2011-04-22 01:40:15-04:00,1.0
2011-04-22 01:40:18-04:00,1.0
2011-04-22 01:40:21-04:00,1.0
2011-04-22 01:40:24-04:00,1.0
2011-04-22 01:40:27-04:00,1.0
2011-04-22 01:40:30-04:00,1.0
2011-04-22 01:40:33-04:00,1.0
2011-04-22 01:40:36-04:00,1.0
2011-04-22 01:40:39-04:00,1.0
2011-04-22 01:40:42-04:00,1.0
2011-04-22 01:40:45-04:00,1.0
2011-04-22 01:40:48-04:00,1.0
2011-04-22 01:40:51-04:00,1.0
2011-04-22 01:40:54-04:00,1.0
2011-04-22 01:40:57-04:00,1.0
2011-04-22 01:41:00-04:00,1.0
2011-04-22 01:41:03-04:00,1.0
2011-04-22 01:41:06-04:00,1.0
2011-04-22 01:41:09-04:00,1.0
2011-04-22 01:41:12-04:00,1.0
2011-04-22 01:41:15-04:00,1.0
2011-04-22 01:41:18-04:00,1.0
2011-04-22 01:41:21-04:00,1.0
2011-04-22 01:41:24-04:00,1.0
2011-04-22 01:41:27-04:00,1.0
2011-04-22 01:41:30-04:00,1.0
2011-04-22 01:41:33-04:00,1.0
2011-04-22 01:41:36-04:00,1.0
2011-04-22 01:41:39-04:00,1.0
2011-04-22 01:41:42-04:00,1.0
2011-04-22 01:41:45-04:00,1.0
2011-04-22 01:41:48-04:00,1.0
2011-04-22 01:41:51-04:00,1.0
2011-04-22 01:41:54-04:00,1.0
2011-04-22 01:41:57-04:00,1.0
2011-04-22 01:42:00-04:00,1.0
2011-04-22 01:42:03-04:00,1.0
2011-04-22 01:42:06-04:00,0.6666666666666667
2011-04-22 01:42:09-04:00,0.25
2011-04-22 01:42:12-04:00,1.0
2011-04-22 01:42:15-04:00,1.0
2011-04-22 01:42:18-04:00,1.0
2011-04-22 01:42:21-04:00,1.0
2011-04-22 01:42:24-04:00,1.0
2011-04-22 01:42:27-04:00,1.0
2011-04-22 01:42:30-04:00,1.0
2011-04-22 01:42:33-04:00,1.0
2011-04-22 01:42:36-04:00,1.0
2011-04-22 01:42:39-04:00,1.0
2011-04-22 01:42:42-04:00,1.0
2011-04-22 01:42:45-04:00,1.0
2011-04-22 01:42:48-04:00,1.0
2011-04-22 01:42:51-04:00,1.0
2011-04-22 01:42:54-04:00,1.0
2011-04-22 01:42:57-04:00,1.0
2011-04-22 01:43:00-04:00,1.0
2011-04-22 01:43:03-04:00,1.0
2011-04-22 01:43:06-04:00,1.0
2011-04-22 01:43:09-04:00,1.0
2011-04-22 01:43:12-04:00,1.0
2011-04-22 01:43:15-04:00,1.0
2011-04-22 01:43:18-04:00,1.0
2011-04-22 01:43:21-04:00,1.0
2011-04-22 01:43:24-04:00,1.0
2011-04-22 01:43:27-04:00,1.0
2011-04-22 01:43:30-04:00,1.0
2011-04-22 01:43:33-04:00,1.0
2011-04-22 01:43:36-04:00,1.0
2011-04-22 01:43:39-04:00,1.0
2011-04-22 01:43:42-04:00,1.0
2011-04-22 01:43:45-04:00,1.0
2011-04-22 01:43:48-04:00,1.0
2011-04-22 01:43:51-04:00,1.0
2011-04-22 01:43:54-04:00,1.0
2011-04-22 01:43:57-04:00,1.0
2011-04-22 01:44:00-04:00,1.0
2011-04-22 01:44:03-04:00,1.0
2011-04-22 01:44:06-04:00,1.0
2011-04-22 01:44:09-04:00,1.0
2011-04-22 01:44:12-04:00,1.0
2011-04-22 01:44:15-04:00,1.0
2011-04-22 01:44:18-04:00,1.0
2011-04-22 01:44:21-04:00,1.0
2011-04-22 01:44:24-04:00,1.0
2011-04-22 01:44:27-04:00,1.0
2011-04-22 01:44:30-04:00,1.0
2011-04-22 01:44:33-04:00,1.0
2011-04-22 01:44:36-04:00,0.75
2011-04-22 01:44:39-04:00,0.0
2011-04-22 01:44:42-04:00,1.0
2011-04-22 01:44:45-04:00,1.0
2011-04-22 01:44:48-04:00,1.0
2011-04-22 01:44:51-04:00,1.0
2011-04-22 01:44:54-04:00,1.0
2011-04-22 01:44:57-04:00,1.0
2011-04-22 01:45:00-04:00,1.0
2011-04-22 01:45:03-04:00,1.0
2011-04-22 01:45:06-04:00,1.0
2011-04-22 01:45:09-04:00,1.0
2011-04-22 01:45:12-04:00,1.0
2011-04-22 01:45:15-04:00,1.0
2011-04-22 01:45:18-04:00,1.0
2011-04-22 01:45:21-04:00,1.0
2011-04-22 01:45:24-04:00,1.0
2011-04-22 01:45:27-04:00,1.0
2011-04-22 01:45:30-04:00,1.0
2011-04-22 01:45:33-04:00,1.0
2011-04-22 01:45:36-04:00,1.0
2011-04-22 01:45:39-04:00,1.0
2011-04-22 01:45:42-04:00,1.0
2011-04-22 01:45:45-04:00,1.0
2011-04-22 01:45:48-04:00,1.0
2011-04-22 01:45:51-04:00,1.0
2011-04-22 01:45:54-04:00,1.0
2011-04-22 01:45:57-04:00,1.0
2011-04-22 01:46:00-04:00,1.0
2011-04-22 01:46:03-04:00,1.0
2011-04-22 01:46:06-04:00,1.0
2011-04-22 01:46:09-04:00,1.0
2011-04-22 01:46:12-04:00,1.0
2011-04-22 01:46:15-04:00,1.0
2011-04-22 01:46:18-04:00,1.0
2011-04-22 01:46:21-04:00,1.0
2011-04-22 01:46:24-04:00,1.0
2011-04-22 01:46:27-04:00,1.0
2011-04-22 01:46:30-04:00,1.0
2011-04-22 01:46:33-04:00,1.0
2011-04-22 01:46:36-04:00,1.0
2011-04-22 01:46:39-04:00,1.0
2011-04-22 01:46:42-04:00,1.0
2011-04-22 01:46:45-04:00,1.0
2011-04-22 01:46:48-04:00,1.0
2011-04-22 01:46:51-04:00,1.0
2011-04-22 01:46:54-04:00,1.0
2011-04-22 01:46:57-04:00,1.0
2011-04-22 01:47:00-04:00,1.0
2011-04-22 01:47:03-04:00,1.0
2011-04-22 01:47:06-04:00,1.0
2011-04-22 01:47:09-04:00,1.0
2011-04-22 01:47:12-04:00,0.33333333333333337
2011-04-22 01:47:15-04:00,0.5
2011-04-22 01:47:18-04:00,1.0
2011-04-22 01:47:21-04:00,1.0
2011-04-22 01:47:24-04:00,1.0
2011-04-22 01:47:27-04:00,1.0
2011-04-22 01:47:30-04:00,1.0
2011-04-22 01:47:33-04:00,1.0
2011-04-22 01:47:36-04:00,1.0
2011-04-22 01:47:39-04:00,1.0
2011-04-22 01:47:42-04:00,1.0
2011-04-22 01:47:45-04:00,1.0
2011-04-22 01:47:48-04:00,1.0
2011-04-22 01:47:51-04:00,1.0
2011-04-22 01:47:54-04:00,1.0
2011-04-22 01:47:57-04:00,1.0
2011-04-22 01:48:00-04:00,1.0
2011-04-22 01:48:03-04:00,1.0
2011-04-22 01:48:06-04:00,1.0
2011-04-22 01:48:09-04:00,1.0
2011-04-22 01:48:12-04:00,1.0
2011-04-22 01:48:15-04:00,1.0
2011-04-22 01:48:18-04:00,1.0
2011-04-22 01:48:21-04:00,1.0
2011-04-22 01:48:24-04:00,1.0
2011-04-22 01:48:27-04:00,1.0
2011-04-22 01:48:30-04:00,1.0
2011-04-22 01:48:33-04:00,1.0
2011-04-22 01:48:36-04:00,1.0
2011-04-22 01:48:39-04:00,1.0
2011-04-22 01:48:42-04:00,1.0
2011-04-22 01:48:45-04:00,1.0
2011-04-22 01:48:48-04:00,1.0
2011-04-22 01:48:51-04:00,1.0
2011-04-22 01:48:54-04:00,1.0
2011-04-22 01:48:57-04:00,1.0
2011-04-22 01:49:00-04:00,1.0
2011-04-22 01:49:03-04:00,1.0
2011-04-22 01:49:06-04:00,1.0
2011-04-22 01:49:09-04:00,1.0
2011-04-22 01:49:12-04:00,1.0
2011-04-22 01:49:15-04:00,1.0
2011-04-22 01:49:18-04:00,1.0
2011-04-22 01:49:21-04:00,1.0
2011-04-22 01:49:24-04:00,1.0
2011-04-22 01:49:27-04:00,1.0
2011-04-22 01:49:30-04:00,1.0
2011-04-22 01:49:33-04:00,1.0
2011-04-22 01:49:36-04:00,1.0
2011-04-22 01:49:39-04:00,1.0
2011-04-22 01:49:42-04:00,1.0
2011-04-22 01:49:45-04:00,1.0
2011-04-22 01:49:48-04:00,1.0
2011-04-22 01:49:51-04:00,1.0
2011-04-22 01:49:54-04:00,1.0
2011-04-22 01:49:57-04:00,1.0
2011-04-22 01:50:00-04:00,1.0
2011-04-22 01:50:03-04:00,1.0
2011-04-22 01:50:06-04:00,1.0
2011-04-22 01:50:09-04:00,1.0
2011-04-22 01:50:12-04:00,1.0
2011-04-22 01:50:15-04:00,1.0
2011-04-22 01:50:18-04:00,1.0
2011-04-22 01:50:21-04:00,1.0
2011-04-22 01:50:24-04:00,1.0
2011-04-22 01:50:27-04:00,1.0
2011-04-22 01:50:30-04:00,1.0
2011-04-22 01:50:33-04:00,1.0
2011-04-22 01:50:36-04:00,1.0
2011-04-22 01:50:39-04:00,1.0
2011-04-22 01:50:42-04:00,1.0
2011-04-22 01:50:45-04:00,1.0
2011-04-22 01:50:48-04:00,1.0
2011-04-22 01:50:51-04:00,1.0
2011-04-22 01:50:54-04:00,1.0
2011-04-22 01:50:57-04:00,1.0
2011-04-22 01:51:00-04:00,1.0
2011-04-22 01:51:03-04:00,1.0
2011-04-22 01:51:06-04:00,1.0
2011-04-22 01:51:09-04:00,1.0
2011-04-22 01:51:12-04:00,1.0
2011-04-22 01:51:15-04:00,1.0
2011-04-22 01:51:18-04:00,1.0
2011-04-22 01:51:21-04:00,1.0
2011-04-22 01:51:24-04:00,1.0
2011-04-22 01:51:27-04:00,1.0
2011-04-22 01:51:30-04:00,0.7777777777777778
2011-04-22 01:51:33-04:00,0.4444444444444444
2011-04-22 01:51:36-04:00,0.11111111111111116
2011-04-22 01:51:39-04:00,0.6666666666666666
2011-04-22 01:51:42-04:00,1.0
2011-04-22 01:51:45-04:00,1.0
2011-04-22 01:51:48-04:00,1.0
2011-04-22 01:51:51-04:00,1.0
2011-04-22 01:51:54-04:00,1.0
2011-04-22 01:51:57-04:00,1.0
2011-04-22 01:52:00-04:00,1.0
2011-04-22 01:52:03-04:00,1.0
2011-04-22 01:52:06-04:00,1.0
2011-04-22 01:52:09-04:00,1.0
2011-04-22 01:52:12-04:00,1.0
2011-04-22 01:52:15-04:00,1.0
2011-04-22 01:52:18-04:00,1.0
2011-04-22 01:52:21-04:00,1.0
2011-04-22 01:52:24-04:00,1.0
2011-04-22 01:52:27-04:00,1.0
2011-04-22 01:52:30-04:00,1.0
2011-04-22 01:52:33-04:00,1.0
2011-04-22 01:52:36-04:00,1.0
2011-04-22 01:52:39-04:00,1.0
2011-04-22 01:52:42-04:00,1.0
2011-04-22 01:52:45-04:00,1.0
2011-04-22 01:52:48-04:00,1.0
2011-04-22 01:52:51-04:00,1.0
2011-04-22 01:52:54-04:00,1.0
2011-04-22 01:52:57-04:00,1.0
2011-04-22 01:53:00-04:00,1.0
2011-04-22 01:53:03-04:00,1.0
2011-04-22 01:53:06-04:00,1.0
2011-04-22 01:53:09-04:00,1.0
2011-04-22 01:53:12-04:00,1.0
2011-04-22 01:53:15-04:00,1.0
2011-04-22 01:53:18-04:00,1.0
2011-04-22 01:53:21-04:00,1.0
2011-04-22 01:53:24-04:00,1.0
2011-04-22 01:53:27-04:00,1.0
2011-04-22 01:53:30-04:00,1.0
2011-04-22 01:53:33-04:00,1.0
2011-04-22 01:53:36-04:00,1.0
2011-04-22 01:53:39-04:00,1.0
2011-04-22 01:53:42-04:00,0.75
2011-04-22 01:53:45-04:00,0.0
2011-04-22 01:53:48-04:00,1.0
2011-04-22 01:53:51-04:00,1.0
2011-04-22 01:53:54-04:00,1.0
2011-04-22 01:53:57-04:00,1.0
2011-04-22 01:54:00-04:00,1.0
2011-04-22 01:54:03-04:00,1.0
2011-04-22 01:54:06-04:00,1.0
2011-04-22 01:54:09-04:00,1.0
2011-04-22 01:54:12-04:00,1.0
2011-04-22 01:54:15-04:00,1.0
2011-04-22 01:54:18-04:00,1.0
2011-04-22 01:54:21-04:00,1.0
2011-04-22 01:54:24-04:00,1.0
2011-04-22 01:54:27-04:00,1.0
2011-04-22 01:54:30-04:00,1.0
2011-04-22 01:54:33-04:00,1.0
2011-04-22 01:54:36-04:00,1.0
2011-04-22 01:54:39-04:00,1.0
2011-04-22 01:54:42-04:00,1.0
2011-04-22 01:54:45-04:00,1.0
2011-04-22 01:54:48-04:00,1.0
2011-04-22 01:54:51-04:00,1.0
2011-04-22 01:54:54-04:00,1.0
2011-04-22 01:54:57-04:00,1.0
2011-04-22 01:55:00-04:00,1.0
2011-04-22 01:55:03-04:00,0.75
2011-04-22 01:55:06-04:00,0.0
2011-04-22 01:55:09-04:00,1.0
2011-04-22 01:55:12-04:00,1.0
2011-04-22 01:55:15-04:00,1.0
2011-04-22 01:55:18-04:00,1.0
2011-04-22 01:55:21-04:00,1.0
2011-04-22 01:55:24-04:00,1.0
2011-04-22 01:55:27-04:00,1.0
2011-04-22 01:55:30-04:00,1.0
2011-04-22 01:55:33-04:00,1.0
2011-04-22 01:55:36-04:00,0.75
2011-04-22 01:55:39-04:00,0.0
2011-04-22 01:55:42-04:00,1.0
2011-04-22 01:55:45-04:00,1.0
2011-04-22 01:55:48-04:00,1.0
2011-04-22 01:55:51-04:00,1.0
2011-04-22 01:55:54-04:00,1.0
2011-04-22 01:55:57-04:00,1.0
2011-04-22 01:56:00-04:00,1.0
2011-04-22 01:56:03-04:00,1.0
2011-04-22 01:56:06-04:00,1.0
2011-04-22 01:56:09-04:00,1.0
2011-04-22 01:56:12-04:00,1.0
2011-04-22 01:56:15-04:00,1.0
2011-04-22 01:56:18-04:00,1.0
2011-04-22 01:56:21-04:00,1.0
2011-04-22 01:56:24-04:00,1.0
2011-04-22 01:56:27-04:00,1.0
2011-04-22 01:56:30-04:00,1.0
2011-04-22 01:56:33-04:00,1.0
2011-04-22 01:56:36-04:00,1.0
2011-04-22 01:56:39-04:00,1.0
2011-04-22 01:56:42-04:00,1.0
2011-04-22 01:56:45-04:00,1.0
2011-04-22 01:56:48-04:00,1.0
2011-04-22 01:56:51-04:00,1.0
2011-04-22 01:56:54-04:00,1.0
2011-04-22 01:56:57-04:00,1.0
2011-04-22 01:57:00-04:00,1.0
2011-04-22 01:57:03-04:00,1.0
2011-04-22 01:57:06-04:00,1.0
2011-04-22 01:57:09-04:00,1.0
2011-04-22 01:57:12-04:00,1.0
2011-04-22 01:57:15-04:00,1.0
2011-04-22 01:57:18-04:00,1.0
2011-04-22 01:57:21-04:00,1.0
2011-04-22 01:57:24-04:00,1.0
2011-04-22 01:57:27-04:00,1.0
2011-04-22 01:57:30-04:00,1.0
2011-04-22 01:57:33-04:00,1.0
2011-04-22 01:57:36-04:00,1.0
2011-04-22 01:57:39-04:00,1.0
2011-04-22 01:57:42-04:00,1.0
2011-04-22 01:57:45-04:00,1.0
2011-04-22 01:57:48-04:00,1.0
2011-04-22 01:57:51-04:00,1.0
2011-04-22 01:57:54-04:00,1.0
2011-04-22 01:57:57-04:00,1.0
2011-04-22 01:58:00-04:00,1.0
2011-04-22 01:58:03-04:00,1.0
2011-04-22 01:58:06-04:00,1.0
2011-04-22 01:58:09-04:00,1.0
2011-04-22 01:58:12-04:00,1.0
2011-04-22 01:58:15-04:00,1.0
2011-04-22 01:58:18-04:00,1.0
2011-04-22 01:58:21-04:00,1.0
2011-04-22 01:58:24-04:00,1.0
2011-04-22 01:58:27-04:00,1.0
2011-04-22 01:58:30-04:00,1.0
2011-04-22 01:58:33-04:00,1.0
2011-04-22 01:58:36-04:00,1.0
2011-04-22 01:58:39-04:00,1.0
2011-04-22 01:58:42-04:00,1.0
2011-04-22 01:58:45-04:00,1.0
2011-04-22 01:58:48-04:00,1.0
2011-04-22 01:58:51-04:00,1.0
2011-04-22 01:58:54-04:00,1.0
2011-04-22 01:58:57-04:00,1.0
2011-04-22 01:59:00-04:00,1.0
2011-04-22 01:59:03-04:00,1.0
2011-04-22 01:59:06-04:00,1.0
2011-04-22 01:59:09-04:00,1.0
2011-04-22 01:59:12-04:00,1.0
2011-04-22 01:59:15-04:00,1.0
2011-04-22 01:59:18-04:00,1.0
2011-04-22 01:59:21-04:00,1.0
2011-04-22 01:59:24-04:00,1.0
2011-04-22 01:59:27-04:00,1.0
2011-04-22 01:59:30-04:00,1.0
2011-04-22 01:59:33-04:00,1.0
2011-04-22 01:59:36-04:00,1.0
2011-04-22 01:59:39-04:00,1.0
2011-04-22 01:59:42-04:00,1.0
2011-04-22 01:59:45-04:00,1.0
2011-04-22 01:59:48-04:00,1.0
2011-04-22 01:59:51-04:00,0.0
2011-04-22 01:59:54-04:00,0.75
2011-04-22 01:59:57-04:00,1.0
2011-04-22 02:00:00-04:00,1.0
2011-04-22 02:00:03-04:00,1.0
2011-04-22 02:00:06-04:00,1.0
2011-04-22 02:00:09-04:00,1.0
2011-04-22 02:00:12-04:00,1.0
2011-04-22 02:00:15-04:00,1.0
2011-04-22 02:00:18-04:00,1.0
2011-04-22 02:00:21-04:00,1.0
2011-04-22 02:00:24-04:00,1.0
2011-04-22 02:00:27-04:00,1.0
2011-04-22 02:00:30-04:00,1.0
2011-04-22 02:00:33-04:00,1.0
2011-04-22 02:00:36-04:00,1.0
2011-04-22 02:00:39-04:00,1.0
2011-04-22 02:00:42-04:00,1.0
2011-04-22 02:00:45-04:00,1.0
2011-04-22 02:00:48-04:00,1.0
2011-04-22 02:00:51-04:00,1.0
2011-04-22 02:00:54-04:00,1.0
2011-04-22 02:00:57-04:00,1.0
2011-04-22 02:01:00-04:00,1.0
2011-04-22 02:01:03-04:00,1.0
2011-04-22 02:01:06-04:00,1.0
2011-04-22 02:01:09-04:00,1.0
2011-04-22 02:01:12-04:00,1.0
2011-04-22 02:01:15-04:00,1.0
2011-04-22 02:01:18-04:00,1.0
2011-04-22 02:01:21-04:00,1.0
2011-04-22 02:01:24-04:00,1.0
2011-04-22 02:01:27-04:00,1.0
2011-04-22 02:01:30-04:00,1.0
2011-04-22 02:01:33-04:00,1.0
2011-04-22 02:01:36-04:00,1.0
2011-04-22 02:01:39-04:00,1.0
2011-04-22 02:01:42-04:00,1.0
2011-04-22 02:01:45-04:00,1.0
2011-04-22 02:01:48-04:00,1.0
2011-04-22 02:01:51-04:00,1.0
2011-04-22 02:01:54-04:00,1.0
2011-04-22 02:01:57-04:00,1.0
2011-04-22 02:02:00-04:00,1.0
2011-04-22 02:02:03-04:00,1.0
2011-04-22 02:02:06-04:00,1.0
2011-04-22 02:02:09-04:00,1.0
2011-04-22 02:02:12-04:00,1.0
2011-04-22 02:02:15-04:00,1.0
2011-04-22 02:02:18-04:00,1.0
2011-04-22 02:02:21-04:00,1.0
2011-04-22 02:02:24-04:00,1.0
2011-04-22 02:02:27-04:00,1.0
2011-04-22 02:02:30-04:00,1.0
2011-04-22 02:02:33-04:00,1.0
2011-04-22 02:02:36-04:00,1.0
2011-04-22 02:02:39-04:00,1.0
2011-04-22 02:02:42-04:00,1.0
2011-04-22 02:02:45-04:00,1.0
2011-04-22 02:02:48-04:00,1.0
2011-04-22 02:02:51-04:00,1.0
2011-04-22 02:02:54-04:00,1.0
2011-04-22 02:02:57-04:00,1.0
2011-04-22 02:03:00-04:00,1.0
2011-04-22 02:03:03-04:00,1.0
2011-04-22 02:03:06-04:00,1.0
2011-04-22 02:03:09-04:00,1.0
2011-04-22 02:03:12-04:00,1.0
2011-04-22 02:03:15-04:00,1.0
2011-04-22 02:03:18-04:00,1.0
2011-04-22 02:03:21-04:00,0.5
2011-04-22 02:03:24-04:00,0.3333333333333333
2011-04-22 02:03:27-04:00,1.0
2011-04-22 02:03:30-04:00,1.0
2011-04-22 02:03:33-04:00,1.0
2011-04-22 02:03:36-04:00,1.0
2011-04-22 02:03:39-04:00,1.0
2011-04-22 02:03:42-04:00,1.0
2011-04-22 02:03:45-04:00,1.0
2011-04-22 02:03:48-04:00,1.0
2011-04-22 02:03:51-04:00,1.0
2011-04-22 02:03:54-04:00,1.0
2011-04-22 02:03:57-04:00,1.0
2011-04-22 02:04:00-04:00,1.0
2011-04-22 02:04:03-04:00,1.0
2011-04-22 02:04:06-04:00,1.0
2011-04-22 02:04:09-04:00,1.0
2011-04-22 02:04:12-04:00,1.0
2011-04-22 02:04:15-04:00,1.0
2011-04-22 02:04:18-04:00,1.0
2011-04-22 02:04:21-04:00,1.0
2011-04-22 02:04:24-04:00,1.0
2011-04-22 02:04:27-04:00,1.0
2011-04-22 02:04:30-04:00,1.0
2011-04-22 02:04:33-04:00,1.0
2011-04-22 02:04:36-04:00,1.0
2011-04-22 02:04:39-04:00,1.0
2011-04-22 02:04:42-04:00,1.0
2011-04-22 02:04:45-04:00,1.0
2011-04-22 02:04:48-04:00,1.0
2011-04-22 02:04:51-04:00,1.0
2011-04-22 02:04:54-04:00,1.0
2011-04-22 02:04:57-04:00,1.0
2011-04-22 02:05:00-04:00,1.0
2011-04-22 02:05:03-04:00,1.0
2011-04-22 02:05:06-04:00,1.0
2011-04-22 02:05:09-04:00,1.0
2011-04-22 02:05:12-04:00,1.0
2011-04-22 02:05:15-04:00,1.0
2011-04-22 02:05:18-04:00,1.0
2011-04-22 02:05:21-04:00,1.0
2011-04-22 02:05:24-04:00,0.75
2011-04-22 02:05:27-04:00,0.0
2011-04-22 02:05:30-04:00,0.3333333333333333
2011-04-22 02:05:33-04:00,0.6666666666666666
2011-04-22 02:05:36-04:00,1.0
2011-04-22 02:05:39-04:00,1.0
2011-04-22 02:05:42-04:00,1.0
2011-04-22 02:05:45-04:00,1.0
2011-04-22 02:05:48-04:00,1.0
2011-04-22 02:05:51-04:00,1.0
2011-04-22 02:05:54-04:00,1.0
2011-04-22 02:05:57-04:00,1.0
2011-04-22 02:06:00-04:00,1.0
2011-04-22 02:06:03-04:00,1.0
2011-04-22 02:06:06-04:00,1.0
2011-04-22 02:06:09-04:00,1.0
2011-04-22 02:06:12-04:00,1.0
2011-04-22 02:06:15-04:00,1.0
2011-04-22 02:06:18-04:00,1.0
2011-04-22 02:06:21-04:00,1.0
2011-04-22 02:06:24-04:00,1.0
2011-04-22 02:06:27-04:00,1.0
2011-04-22 02:06:30-04:00,1.0
2011-04-22 02:06:33-04:00,1.0
2011-04-22 02:06:36-04:00,1.0
2011-04-22 02:06:39-04:00,1.0
2011-04-22 02:06:42-04:00,1.0
2011-04-22 02:06:45-04:00,1.0
2011-04-22 02:06:48-04:00,1.0
2011-04-22 02:06:51-04:00,1.0
2011-04-22 02:06:54-04:00,1.0
2011-04-22 02:06:57-04:00,1.0
2011-04-22 02:07:00-04:00,1.0
2011-04-22 02:07:03-04:00,1.0
2011-04-22 02:07:06-04:00,1.0
2011-04-22 02:07:09-04:00,1.0
2011-04-22 02:07:12-04:00,1.0
2011-04-22 02:07:15-04:00,1.0
2011-04-22 02:07:18-04:00,1.0
2011-04-22 02:07:21-04:00,1.0
2011-04-22 02:07:24-04:00,1.0
2011-04-22 02:07:27-04:00,1.0
2011-04-22 02:07:30-04:00,1.0
2011-04-22 02:07:33-04:00,1.0
2011-04-22 02:07:36-04:00,1.0
2011-04-22 02:07:39-04:00,1.0
2011-04-22 02:07:42-04:00,1.0
2011-04-22 02:07:45-04:00,1.0
2011-04-22 02:07:48-04:00,1.0
2011-04-22 02:07:51-04:00,1.0
2011-04-22 02:07:54-04:00,1.0
2011-04-22 02:07:57-04:00,1.0
2011-04-22 02:08:00-04:00,1.0
2011-04-22 02:08:03-04:00,1.0
2011-04-22 02:08:06-04:00,1.0
2011-04-22 02:08:09-04:00,1.0
2011-04-22 02:08:12-04:00,1.0
2011-04-22 02:08:15-04:00,1.0
2011-04-22 02:08:18-04:00,1.0
2011-04-22 02:08:21-04:00,1.0
2011-04-22 02:08:24-04:00,1.0
2011-04-22 02:08:27-04:00,1.0
2011-04-22 02:08:30-04:00,1.0
2011-04-22 02:08:33-04:00,1.0
2011-04-22 02:08:36-04:00,1.0
2011-04-22 02:08:39-04:00,1.0
2011-04-22 02:08:42-04:00,1.0
2011-04-22 02:08:45-04:00,1.0
2011-04-22 02:08:48-04:00,1.0
2011-04-22 02:08:51-04:00,1.0
2011-04-22 02:08:54-04:00,1.0
2011-04-22 02:08:57-04:00,1.0
2011-04-22 02:09:00-04:00,1.0
2011-04-22 02:09:03-04:00,1.0
2011-04-22 02:09:06-04:00,1.0
2011-04-22 02:09:09-04:00,1.0
2011-04-22 02:09:12-04:00,1.0
2011-04-22 02:09:15-04:00,1.0
2011-04-22 02:09:18-04:00,1.0
2011-04-22 02:09:21-04:00,1.0
2011-04-22 02:09:24-04:00,1.0
2011-04-22 02:09:27-04:00,1.0
2011-04-22 02:09:30-04:00,1.0
2011-04-22 02:09:33-04:00,1.0
2011-04-22 02:09:36-04:00,1.0
2011-04-22 02:09:39-04:00,1.0
2011-04-22 02:09:42-04:00,1.0
2011-04-22 02:09:45-04:00,1.0
2011-04-22 02:09:48-04:00,1.0
2011-04-22 02:09:51-04:00,1.0
2011-04-22 02:09:54-04:00,1.0
2011-04-22 02:09:57-04:00,0.25
2011-04-22 02:10:00-04:00,0.6666666666666666
2011-04-22 02:10:03-04:00,1.0
2011-04-22 02:10:06-04:00,1.0
2011-04-22 02:10:09-04:00,1.0
2011-04-22 02:10:12-04:00,1.0
2011-04-22 02:10:15-04:00,1.0
2011-04-22 02:10:18-04:00,1.0
2011-04-22 02:10:21-04:00,1.0
2011-04-22 02:10:24-04:00,1.0
2011-04-22 02:10:27-04:00,1.0
2011-04-22 02:10:30-04:00,1.0
2011-04-22 02:10:33-04:00,1.0
2011-04-22 02:10:36-04:00,1.0
2011-04-22 02:10:39-04:00,1.0
2011-04-22 02:10:42-04:00,1.0
2011-04-22 02:10:45-04:00,1.0
2011-04-22 02:10:48-04:00,1.0
2011-04-22 02:10:51-04:00,1.0
2011-04-22 02:10:54-04:00,1.0
2011-04-22 02:10:57-04:00,1.0
2011-04-22 02:11:00-04:00,1.0
2011-04-22 02:11:03-04:00,1.0
2011-04-22 02:11:06-04:00,1.0
2011-04-22 02:11:09-04:00,1.0
2011-04-22 02:11:12-04:00,1.0
2011-04-22 02:11:15-04:00,1.0
2011-04-22 02:11:18-04:00,1.0
2011-04-22 02:11:21-04:00,1.0
2011-04-22 02:11:24-04:00,1.0
2011-04-22 02:11:27-04:00,1.0
2011-04-22 02:11:30-04:00,1.0
2011-04-22 02:11:33-04:00,1.0
2011-04-22 02:11:36-04:00,1.0
2011-04-22 02:11:39-04:00,1.0
2011-04-22 02:11:42-04:00,1.0
2011-04-22 02:11:45-04:00,1.0
2011-04-22 02:11:48-04:00,1.0
2011-04-22 02:11:51-04:00,1.0
2011-04-22 02:11:54-04:00,1.0
2011-04-22 02:11:57-04:00,1.0
2011-04-22 02:12:00-04:00,1.0
2011-04-22 02:12:03-04:00,1.0
2011-04-22 02:12:06-04:00,1.0
2011-04-22 02:12:09-04:00,1.0
2011-04-22 02:12:12-04:00,1.0
2011-04-22 02:12:15-04:00,1.0
2011-04-22 02:12:18-04:00,1.0
2011-04-22 02:12:21-04:00,1.0
2011-04-22 02:12:24-04:00,1.0
2011-04-22 02:12:27-04:00,1.0
2011-04-22 02:12:30-04:00,1.0
2011-04-22 02:12:33-04:00,1.0
2011-04-22 02:12:36-04:00,1.0
2011-04-22 02:12:39-04:00,1.0
2011-04-22 02:12:42-04:00,1.0
2011-04-22 02:12:45-04:00,1.0
2011-04-22 02:12:48-04:00,1.0
2011-04-22 02:12:51-04:00,1.0
2011-04-22 02:12:54-04:00,1.0
2011-04-22 02:12:57-04:00,1.0
2011-04-22 02:13:00-04:00,1.0
2011-04-22 02:13:03-04:00,1.0
2011-04-22 02:13:06-04:00,1.0
2011-04-22 02:13:09-04:00,1.0
2011-04-22 02:13:12-04:00,1.0
2011-04-22 02:13:15-04:00,1.0
2011-04-22 02:13:18-04:00,1.0
2011-04-22 02:13:21-04:00,1.0
2011-04-22 02:13:24-04:00,1.0
2011-04-22 02:13:27-04:00,1.0
2011-04-22 02:13:30-04:00,1.0
2011-04-22 02:13:33-04:00,1.0
2011-04-22 02:13:36-04:00,1.0
2011-04-22 02:13:39-04:00,1.0
2011-04-22 02:13:42-04:00,1.0
2011-04-22 02:13:45-04:00,1.0
2011-04-22 02:13:48-04:00,1.0
2011-04-22 02:13:51-04:00,1.0
2011-04-22 02:13:54-04:00,1.0
2011-04-22 02:13:57-04:00,1.0
2011-04-22 02:14:00-04:00,1.0
2011-04-22 02:14:03-04:00,1.0
2011-04-22 02:14:06-04:00,1.0
2011-04-22 02:14:09-04:00,1.0
2011-04-22 02:14:12-04:00,1.0
2011-04-22 02:14:15-04:00,1.0
2011-04-22 02:14:18-04:00,1.0
2011-04-22 02:14:21-04:00,1.0
2011-04-22 02:14:24-04:00,1.0
2011-04-22 02:14:27-04:00,1.0
2011-04-22 02:14:30-04:00,1.0
2011-04-22 02:14:33-04:00,1.0
2011-04-22 02:14:36-04:00,1.0
2011-04-22 02:14:39-04:00,1.0
2011-04-22 02:14:42-04:00,1.0
2011-04-22 02:14:45-04:00,1.0
2011-04-22 02:14:48-04:00,1.0
2011-04-22 02:14:51-04:00,1.0
2011-04-22 02:14:54-04:00,1.0
2011-04-22 02:14:57-04:00,1.0
2011-04-22 02:15:00-04:00,1.0
2011-04-22 02:15:03-04:00,1.0
2011-04-22 02:15:06-04:00,1.0
2011-04-22 02:15:09-04:00,1.0
2011-04-22 02:15:12-04:00,1.0
2011-04-22 02:15:15-04:00,1.0
2011-04-22 02:15:18-04:00,1.0
2011-04-22 02:15:21-04:00,1.0
2011-04-22 02:15:24-04:00,1.0
2011-04-22 02:15:27-04:00,1.0
2011-04-22 02:15:30-04:00,1.0
2011-04-22 02:15:33-04:00,1.0
2011-04-22 02:15:36-04:00,1.0
2011-04-22 02:15:39-04:00,1.0
2011-04-22 02:15:42-04:00,1.0
2011-04-22 02:15:45-04:00,1.0
2011-04-22 02:15:48-04:00,1.0
2011-04-22 02:15:51-04:00,1.0
2011-04-22 02:15:54-04:00,1.0
2011-04-22 02:15:57-04:00,1.0
2011-04-22 02:16:00-04:00,1.0
2011-04-22 02:16:03-04:00,1.0
2011-04-22 02:16:06-04:00,1.0
2011-04-22 02:16:09-04:00,1.0
2011-04-22 02:16:12-04:00,1.0
2011-04-22 02:16:15-04:00,1.0
2011-04-22 02:16:18-04:00,1.0
2011-04-22 02:16:21-04:00,1.0
2011-04-22 02:16:24-04:00,1.0
2011-04-22 02:16:27-04:00,1.0
2011-04-22 02:16:30-04:00,1.0
2011-04-22 02:16:33-04:00,1.0
2011-04-22 02:16:36-04:00,1.0
2011-04-22 02:16:39-04:00,1.0
2011-04-22 02:16:42-04:00,1.0
2011-04-22 02:16:45-04:00,1.0
2011-04-22 02:16:48-04:00,1.0
2011-04-22 02:16:51-04:00,1.0
2011-04-22 02:16:54-04:00,1.0
2011-04-22 02:16:57-04:00,1.0
2011-04-22 02:17:00-04:00,1.0
2011-04-22 02:17:03-04:00,1.0
2011-04-22 02:17:06-04:00,1.0
2011-04-22 02:17:09-04:00,1.0
2011-04-22 02:17:12-04:00,1.0
2011-04-22 02:17:15-04:00,1.0
2011-04-22 02:17:18-04:00,1.0
2011-04-22 02:17:21-04:00,1.0
2011-04-22 02:17:24-04:00,1.0
2011-04-22 02:17:27-04:00,1.0
2011-04-22 02:17:30-04:00,1.0
2011-04-22 02:17:33-04:00,1.0
2011-04-22 02:17:36-04:00,1.0
2011-04-22 02:17:39-04:00,1.0
2011-04-22 02:17:42-04:00,1.0
2011-04-22 02:17:45-04:00,1.0
2011-04-22 02:17:48-04:00,1.0
2011-04-22 02:17:51-04:00,1.0
2011-04-22 02:17:54-04:00,1.0
2011-04-22 02:17:57-04:00,1.0
2011-04-22 02:18:00-04:00,1.0
2011-04-22 02:18:03-04:00,1.0
2011-04-22 02:18:06-04:00,1.0
2011-04-22 02:18:09-04:00,1.0
2011-04-22 02:18:12-04:00,1.0
2011-04-22 02:18:15-04:00,1.0
2011-04-22 02:18:18-04:00,1.0
2011-04-22 02:18:21-04:00,1.0
2011-04-22 02:18:24-04:00,1.0
2011-04-22 02:18:27-04:00,1.0
2011-04-22 02:18:30-04:00,1.0
2011-04-22 02:18:33-04:00,1.0
2011-04-22 02:18:36-04:00,1.0
2011-04-22 02:18:39-04:00,0.0
2011-04-22 02:18:42-04:00,0.75
2011-04-22 02:18:45-04:00,1.0
2011-04-22 02:18:48-04:00,1.0
2011-04-22 02:18:51-04:00,1.0
2011-04-22 02:18:54-04:00,1.0
2011-04-22 02:18:57-04:00,1.0
2011-04-22 02:19:00-04:00,1.0
2011-04-22 02:19:03-04:00,1.0
2011-04-22 02:19:06-04:00,1.0
2011-04-22 02:19:09-04:00,1.0
2011-04-22 02:19:12-04:00,1.0
2011-04-22 02:19:15-04:00,1.0
2011-04-22 02:19:18-04:00,1.0
2011-04-22 02:19:21-04:00,1.0
2011-04-22 02:19:24-04:00,1.0
2011-04-22 02:19:27-04:00,1.0
2011-04-22 02:19:30-04:00,1.0
2011-04-22 02:19:33-04:00,1.0
2011-04-22 02:19:36-04:00,1.0
2011-04-22 02:19:39-04:00,1.0
2011-04-22 02:19:42-04:00,1.0
2011-04-22 02:19:45-04:00,1.0
2011-04-22 02:19:48-04:00,1.0
2011-04-22 02:19:51-04:00,1.0
2011-04-22 02:19:54-04:00,1.0
2011-04-22 02:19:57-04:00,1.0
2011-04-22 02:20:00-04:00,1.0
2011-04-22 02:20:03-04:00,1.0
2011-04-22 02:20:06-04:00,1.0
2011-04-22 02:20:09-04:00,1.0
2011-04-22 02:20:12-04:00,1.0
2011-04-22 02:20:15-04:00,1.0
2011-04-22 02:20:18-04:00,1.0
2011-04-22 02:20:21-04:00,1.0
2011-04-22 02:20:24-04:00,1.0
2011-04-22 02:20:27-04:00,1.0
2011-04-22 02:20:30-04:00,1.0
2011-04-22 02:20:33-04:00,1.0
2011-04-22 02:20:36-04:00,1.0
2011-04-22 02:20:39-04:00,1.0
2011-04-22 02:20:42-04:00,1.0
2011-04-22 02:20:45-04:00,1.0
2011-04-22 02:20:48-04:00,1.0
2011-04-22 02:20:51-04:00,1.0
2011-04-22 02:20:54-04:00,1.0
2011-04-22 02:20:57-04:00,1.0
2011-04-22 02:21:00-04:00,1.0
2011-04-22 02:21:03-04:00,1.0
2011-04-22 02:21:06-04:00,1.0
2011-04-22 02:21:09-04:00,1.0
2011-04-22 02:21:12-04:00,1.0
2011-04-22 02:21:15-04:00,1.0
2011-04-22 02:21:18-04:00,1.0
2011-04-22 02:21:21-04:00,1.0
2011-04-22 02:21:24-04:00,1.0
2011-04-22 02:21:27-04:00,1.0
2011-04-22 02:21:30-04:00,1.0
2011-04-22 02:21:33-04:00,1.0
2011-04-22 02:21:36-04:00,1.0
2011-04-22 02:21:39-04:00,1.0
2011-04-22 02:21:42-04:00,1.0
2011-04-22 02:21:45-04:00,1.0
2011-04-22 02:21:48-04:00,1.0
2011-04-22 02:21:51-04:00,1.0
2011-04-22 02:21:54-04:00,1.0
2011-04-22 02:21:57-04:00,1.0
2011-04-22 02:22:00-04:00,1.0
2011-04-22 02:22:03-04:00,1.0
2011-04-22 02:22:06-04:00,1.0
2011-04-22 02:22:09-04:00,1.0
2011-04-22 02:22:12-04:00,1.0
2011-04-22 02:22:15-04:00,1.0
2011-04-22 02:22:18-04:00,1.0
2011-04-22 02:22:21-04:00,1.0
2011-04-22 02:22:24-04:00,1.0
2011-04-22 02:22:27-04:00,1.0
2011-04-22 02:22:30-04:00,1.0
2011-04-22 02:22:33-04:00,1.0
2011-04-22 02:22:36-04:00,1.0
2011-04-22 02:22:39-04:00,1.0
2011-04-22 02:22:42-04:00,1.0
2011-04-22 02:22:45-04:00,1.0
2011-04-22 02:22:48-04:00,1.0
2011-04-22 02:22:51-04:00,1.0
2011-04-22 02:22:54-04:00,1.0
2011-04-22 02:22:57-04:00,1.0
2011-04-22 02:23:00-04:00,1.0
2011-04-22 02:23:03-04:00,1.0
2011-04-22 02:23:06-04:00,1.0
2011-04-22 02:23:09-04:00,1.0
2011-04-22 02:23:12-04:00,1.0
2011-04-22 02:23:15-04:00,1.0
2011-04-22 02:23:18-04:00,1.0
2011-04-22 02:23:21-04:00,1.0
2011-04-22 02:23:24-04:00,1.0
2011-04-22 02:23:27-04:00,1.0
2011-04-22 02:23:30-04:00,1.0
2011-04-22 02:23:33-04:00,1.0
2011-04-22 02:23:36-04:00,1.0
2011-04-22 02:23:39-04:00,1.0
2011-04-22 02:23:42-04:00,1.0
2011-04-22 02:23:45-04:00,1.0
2011-04-22 02:23:48-04:00,1.0
2011-04-22 02:23:51-04:00,1.0
2011-04-22 02:23:54-04:00,1.0
2011-04-22 02:23:57-04:00,1.0
2011-04-22 02:24:00-04:00,1.0
2011-04-22 02:24:03-04:00,1.0
2011-04-22 02:24:06-04:00,1.0
2011-04-22 02:24:09-04:00,1.0
2011-04-22 02:24:12-04:00,1.0
2011-04-22 02:24:15-04:00,1.0
2011-04-22 02:24:18-04:00,1.0
2011-04-22 02:24:21-04:00,1.0
2011-04-22 02:24:24-04:00,1.0
2011-04-22 02:24:27-04:00,1.0
2011-04-22 02:24:30-04:00,1.0
2011-04-22 02:24:33-04:00,1.0
2011-04-22 02:24:36-04:00,1.0
2011-04-22 02:24:39-04:00,1.0
2011-04-22 02:24:42-04:00,1.0
2011-04-22 02:24:45-04:00,1.0
2011-04-22 02:24:48-04:00,1.0
2011-04-22 02:24:51-04:00,1.0
2011-04-22 02:24:54-04:00,1.0
2011-04-22 02:24:57-04:00,1.0
2011-04-22 02:25:00-04:00,1.0
2011-04-22 02:25:03-04:00,1.0
2011-04-22 02:25:06-04:00,1.0
2011-04-22 02:25:09-04:00,1.0
2011-04-22 02:25:12-04:00,1.0
2011-04-22 02:25:15-04:00,1.0
2011-04-22 02:25:18-04:00,1.0
2011-04-22 02:25:21-04:00,1.0
2011-04-22 02:25:24-04:00,1.0
2011-04-22 02:25:27-04:00,1.0
2011-04-22 02:25:30-04:00,1.0
2011-04-22 02:25:33-04:00,1.0
2011-04-22 02:25:36-04:00,1.0
2011-04-22 02:25:39-04:00,1.0
2011-04-22 02:25:42-04:00,1.0
2011-04-22 02:25:45-04:00,1.0
2011-04-22 02:25:48-04:00,1.0
2011-04-22 02:25:51-04:00,1.0
2011-04-22 02:25:54-04:00,1.0
2011-04-22 02:25:57-04:00,1.0
2011-04-22 02:26:00-04:00,1.0
2011-04-22 02:26:03-04:00,1.0
2011-04-22 02:26:06-04:00,1.0
2011-04-22 02:26:09-04:00,1.0
2011-04-22 02:26:12-04:00,1.0
2011-04-22 02:26:15-04:00,1.0
2011-04-22 02:26:18-04:00,1.0
2011-04-22 02:26:21-04:00,1.0
2011-04-22 02:26:24-04:00,1.0
2011-04-22 02:26:27-04:00,1.0
2011-04-22 02:26:30-04:00,1.0
2011-04-22 02:26:33-04:00,1.0
2011-04-22 02:26:36-04:00,1.0
2011-04-22 02:26:39-04:00,1.0
2011-04-22 02:26:42-04:00,1.0
2011-04-22 02:26:45-04:00,1.0
2011-04-22 02:26:48-04:00,1.0
2011-04-22 02:26:51-04:00,1.0
2011-04-22 02:26:54-04:00,1.0
2011-04-22 02:26:57-04:00,1.0
2011-04-22 02:27:00-04:00,1.0
2011-04-22 02:27:03-04:00,1.0
2011-04-22 02:27:06-04:00,1.0
2011-04-22 02:27:09-04:00,1.0
2011-04-22 02:27:12-04:00,1.0
2011-04-22 02:27:15-04:00,1.0
2011-04-22 02:27:18-04:00,1.0
2011-04-22 02:27:21-04:00,1.0
2011-04-22 02:27:24-04:00,1.0
2011-04-22 02:27:27-04:00,1.0
2011-04-22 02:27:30-04:00,1.0
2011-04-22 02:27:33-04:00,1.0
2011-04-22 02:27:36-04:00,1.0
2011-04-22 02:27:39-04:00,1.0
2011-04-22 02:27:42-04:00,1.0
2011-04-22 02:27:45-04:00,1.0
2011-04-22 02:27:48-04:00,1.0
2011-04-22 02:27:51-04:00,1.0
2011-04-22 02:27:54-04:00,1.0
2011-04-22 02:27:57-04:00,1.0
2011-04-22 02:28:00-04:00,1.0
2011-04-22 02:28:03-04:00,1.0
2011-04-22 02:28:06-04:00,1.0
2011-04-22 02:28:09-04:00,1.0
2011-04-22 02:28:12-04:00,1.0
2011-04-22 02:28:15-04:00,1.0
2011-04-22 02:28:18-04:00,1.0
2011-04-22 02:28:21-04:00,1.0
2011-04-22 02:28:24-04:00,1.0
2011-04-22 02:28:27-04:00,1.0
2011-04-22 02:28:30-04:00,1.0
2011-04-22 02:28:33-04:00,1.0
2011-04-22 02:28:36-04:00,1.0
2011-04-22 02:28:39-04:00,1.0
2011-04-22 02:28:42-04:00,1.0
2011-04-22 02:28:45-04:00,1.0
2011-04-22 02:28:48-04:00,1.0
2011-04-22 02:28:51-04:00,1.0
2011-04-22 02:28:54-04:00,1.0
2011-04-22 02:28:57-04:00,1.0
2011-04-22 02:29:00-04:00,1.0
2011-04-22 02:29:03-04:00,1.0
2011-04-22 02:29:06-04:00,1.0
2011-04-22 02:29:09-04:00,1.0
2011-04-22 02:29:12-04:00,1.0
2011-04-22 02:29:15-04:00,1.0
2011-04-22 02:29:18-04:00,1.0
2011-04-22 02:29:21-04:00,1.0
2011-04-22 02:29:24-04:00,1.0
2011-04-22 02:29:27-04:00,1.0
2011-04-22 02:29:30-04:00,1.0
2011-04-22 02:29:33-04:00,1.0
2011-04-22 02:29:36-04:00,1.0
2011-04-22 02:29:39-04:00,1.0
2011-04-22 02:29:42-04:00,1.0
2011-04-22 02:29:45-04:00,1.0
2011-04-22 02:29:48-04:00,1.0
2011-04-22 02:29:51-04:00,1.0
2011-04-22 02:29:54-04:00,1.0
2011-04-22 02:29:57-04:00,1.0
2011-04-22 02:30:00-04:00,1.0
2011-04-22 02:30:03-04:00,1.0
2011-04-22 02:30:06-04:00,1.0
2011-04-22 02:30:09-04:00,1.0
2011-04-22 02:30:12-04:00,0.33333333333333337
2011-04-22 02:30:15-04:00,0.6666666666666666
2011-04-22 02:30:18-04:00,1.0
2011-04-22 02:30:21-04:00,1.0
2011-04-22 02:30:24-04:00,1.0
2011-04-22 02:30:27-04:00,1.0
2011-04-22 02:30:30-04:00,1.0
2011-04-22 02:30:33-04:00,1.0
2011-04-22 02:30:36-04:00,1.0
2011-04-22 02:30:39-04:00,1.0
2011-04-22 02:30:42-04:00,1.0
2011-04-22 02:30:45-04:00,1.0
2011-04-22 02:30:48-04:00,1.0
2011-04-22 02:30:51-04:00,1.0
2011-04-22 02:30:54-04:00,1.0
2011-04-22 02:30:57-04:00,1.0
2011-04-22 02:31:00-04:00,1.0
2011-04-22 02:31:03-04:00,1.0
2011-04-22 02:31:06-04:00,1.0
2011-04-22 02:31:09-04:00,1.0
2011-04-22 02:31:12-04:00,1.0
2011-04-22 02:31:15-04:00,1.0
2011-04-22 02:31:18-04:00,1.0
2011-04-22 02:31:21-04:00,1.0
2011-04-22 02:31:24-04:00,1.0
2011-04-22 02:31:27-04:00,1.0
2011-04-22 02:31:30-04:00,1.0
2011-04-22 02:31:33-04:00,1.0
2011-04-22 02:31:36-04:00,1.0
2011-04-22 02:31:39-04:00,1.0
2011-04-22 02:31:42-04:00,1.0
2011-04-22 02:31:45-04:00,1.0
2011-04-22 02:31:48-04:00,1.0
2011-04-22 02:31:51-04:00,1.0
2011-04-22 02:31:54-04:00,1.0
2011-04-22 02:31:57-04:00,1.0
2011-04-22 02:32:00-04:00,1.0
2011-04-22 02:32:03-04:00,1.0
2011-04-22 02:32:06-04:00,1.0
2011-04-22 02:32:09-04:00,1.0
2011-04-22 02:32:12-04:00,1.0
2011-04-22 02:32:15-04:00,1.0
2011-04-22 02:32:18-04:00,1.0
2011-04-22 02:32:21-04:00,1.0
2011-04-22 02:32:24-04:00,1.0
2011-04-22 02:32:27-04:00,1.0
2011-04-22 02:32:30-04:00,1.0
2011-04-22 02:32:33-04:00,1.0
2011-04-22 02:32:36-04:00,1.0
2011-04-22 02:32:39-04:00,1.0
2011-04-22 02:32:42-04:00,1.0
2011-04-22 02:32:45-04:00,0.33333333333333337
2011-04-22 02:32:48-04:00,0.5
2011-04-22 02:32:51-04:00,1.0
2011-04-22 02:32:54-04:00,1.0
2011-04-22 02:32:57-04:00,1.0
2011-04-22 02:33:00-04:00,1.0
2011-04-22 02:33:03-04:00,1.0
2011-04-22 02:33:06-04:00,1.0
2011-04-22 02:33:09-04:00,1.0
2011-04-22 02:33:12-04:00,1.0
2011-04-22 02:33:15-04:00,1.0
2011-04-22 02:33:18-04:00,1.0
2011-04-22 02:33:21-04:00,1.0
2011-04-22 02:33:24-04:00,1.0
2011-04-22 02:33:27-04:00,1.0
2011-04-22 02:33:30-04:00,1.0
2011-04-22 02:33:33-04:00,1.0
2011-04-22 02:33:36-04:00,1.0
2011-04-22 02:33:39-04:00,1.0
2011-04-22 02:33:42-04:00,1.0
2011-04-22 02:33:45-04:00,1.0
2011-04-22 02:33:48-04:00,1.0
2011-04-22 02:33:51-04:00,1.0
2011-04-22 02:33:54-04:00,1.0
2011-04-22 02:33:57-04:00,1.0
2011-04-22 02:34:00-04:00,1.0
2011-04-22 02:34:03-04:00,1.0
2011-04-22 02:34:06-04:00,1.0
2011-04-22 02:34:09-04:00,1.0
2011-04-22 02:34:12-04:00,1.0
2011-04-22 02:34:15-04:00,1.0
2011-04-22 02:34:18-04:00,1.0
2011-04-22 02:34:21-04:00,1.0
2011-04-22 02:34:24-04:00,1.0
2011-04-22 02:34:27-04:00,1.0
2011-04-22 02:34:30-04:00,1.0
2011-04-22 02:34:33-04:00,1.0
2011-04-22 02:34:36-04:00,1.0
2011-04-22 02:34:39-04:00,1.0
2011-04-22 02:34:42-04:00,1.0
2011-04-22 02:34:45-04:00,1.0
2011-04-22 02:34:48-04:00,1.0
2011-04-22 02:34:51-04:00,1.0
2011-04-22 02:34:54-04:00,1.0
2011-04-22 02:34:57-04:00,1.0
2011-04-22 02:35:00-04:00,1.0
2011-04-22 02:35:03-04:00,1.0
2011-04-22 02:35:06-04:00,1.0
2011-04-22 02:35:09-04:00,1.0
2011-04-22 02:35:12-04:00,1.0
2011-04-22 02:35:15-04:00,1.0
2011-04-22 02:35:18-04:00,1.0
2011-04-22 02:35:21-04:00,1.0
2011-04-22 02:35:24-04:00,1.0
2011-04-22 02:35:27-04:00,1.0
2011-04-22 02:35:30-04:00,1.0
2011-04-22 02:35:33-04:00,1.0
2011-04-22 02:35:36-04:00,1.0
2011-04-22 02:35:39-04:00,1.0
2011-04-22 02:35:42-04:00,1.0
2011-04-22 02:35:45-04:00,1.0
2011-04-22 02:35:48-04:00,1.0
2011-04-22 02:35:51-04:00,1.0
2011-04-22 02:35:54-04:00,1.0
2011-04-22 02:35:57-04:00,1.0
2011-04-22 02:36:00-04:00,1.0
2011-04-22 02:36:03-04:00,1.0
2011-04-22 02:36:06-04:00,1.0
2011-04-22 02:36:09-04:00,1.0
2011-04-22 02:36:12-04:00,1.0
2011-04-22 02:36:15-04:00,1.0
2011-04-22 02:36:18-04:00,1.0
2011-04-22 02:36:21-04:00,1.0
2011-04-22 02:36:24-04:00,1.0
2011-04-22 02:36:27-04:00,1.0
2011-04-22 02:36:30-04:00,1.0
2011-04-22 02:36:33-04:00,1.0
2011-04-22 02:36:36-04:00,1.0
2011-04-22 02:36:39-04:00,1.0
2011-04-22 02:36:42-04:00,1.0
2011-04-22 02:36:45-04:00,1.0
2011-04-22 02:36:48-04:00,1.0
2011-04-22 02:36:51-04:00,1.0
2011-04-22 02:36:54-04:00,1.0
2011-04-22 02:36:57-04:00,1.0
2011-04-22 02:37:00-04:00,1.0
2011-04-22 02:37:03-04:00,1.0
2011-04-22 02:37:06-04:00,1.0
2011-04-22 02:37:09-04:00,1.0
2011-04-22 02:37:12-04:00,1.0
2011-04-22 02:37:15-04:00,1.0
2011-04-22 02:37:18-04:00,1.0
2011-04-22 02:37:21-04:00,1.0
2011-04-22 02:37:24-04:00,1.0
2011-04-22 02:37:27-04:00,1.0
2011-04-22 02:37:30-04:00,1.0
2011-04-22 02:37:33-04:00,1.0
2011-04-22 02:37:36-04:00,1.0
2011-04-22 02:37:39-04:00,1.0
2011-04-22 02:37:42-04:00,1.0
2011-04-22 02:37:45-04:00,1.0
2011-04-22 02:37:48-04:00,1.0
2011-04-22 02:37:51-04:00,1.0
2011-04-22 02:37:54-04:00,1.0
2011-04-22 02:37:57-04:00,1.0
2011-04-22 02:38:00-04:00,1.0
2011-04-22 02:38:03-04:00,1.0
2011-04-22 02:38:06-04:00,1.0
2011-04-22 02:38:09-04:00,1.0
2011-04-22 02:38:12-04:00,1.0
2011-04-22 02:38:15-04:00,1.0
2011-04-22 02:38:18-04:00,1.0
2011-04-22 02:38:21-04:00,1.0
2011-04-22 02:38:24-04:00,1.0
2011-04-22 02:38:27-04:00,1.0
2011-04-22 02:38:30-04:00,1.0
2011-04-22 02:38:33-04:00,1.0
2011-04-22 02:38:36-04:00,1.0
2011-04-22 02:38:39-04:00,1.0
2011-04-22 02:38:42-04:00,1.0
2011-04-22 02:38:45-04:00,1.0
2011-04-22 02:38:48-04:00,1.0
2011-04-22 02:38:51-04:00,1.0
2011-04-22 02:38:54-04:00,1.0
2011-04-22 02:38:57-04:00,1.0
2011-04-22 02:39:00-04:00,1.0
2011-04-22 02:39:03-04:00,1.0
2011-04-22 02:39:06-04:00,1.0
2011-04-22 02:39:09-04:00,1.0
2011-04-22 02:39:12-04:00,1.0
2011-04-22 02:39:15-04:00,1.0
2011-04-22 02:39:18-04:00,1.0
2011-04-22 02:39:21-04:00,1.0
2011-04-22 02:39:24-04:00,1.0
2011-04-22 02:39:27-04:00,1.0
2011-04-22 02:39:30-04:00,1.0
2011-04-22 02:39:33-04:00,1.0
2011-04-22 02:39:36-04:00,1.0
2011-04-22 02:39:39-04:00,1.0
2011-04-22 02:39:42-04:00,1.0
2011-04-22 02:39:45-04:00,1.0
2011-04-22 02:39:48-04:00,1.0
2011-04-22 02:39:51-04:00,1.0
2011-04-22 02:39:54-04:00,1.0
2011-04-22 02:39:57-04:00,1.0
2011-04-22 02:40:00-04:00,1.0
2011-04-22 02:40:03-04:00,1.0
2011-04-22 02:40:06-04:00,1.0
2011-04-22 02:40:09-04:00,1.0
2011-04-22 02:40:12-04:00,1.0
2011-04-22 02:40:15-04:00,1.0
2011-04-22 02:40:18-04:00,1.0
2011-04-22 02:40:21-04:00,1.0
2011-04-22 02:40:24-04:00,1.0
2011-04-22 02:40:27-04:00,1.0
2011-04-22 02:40:30-04:00,1.0
2011-04-22 02:40:33-04:00,1.0
2011-04-22 02:40:36-04:00,1.0
2011-04-22 02:40:39-04:00,1.0
2011-04-22 02:40:42-04:00,1.0
2011-04-22 02:40:45-04:00,1.0
2011-04-22 02:40:48-04:00,1.0
2011-04-22 02:40:51-04:00,1.0
2011-04-22 02:40:54-04:00,1.0
2011-04-22 02:40:57-04:00,1.0
2011-04-22 02:41:00-04:00,1.0
2011-04-22 02:41:03-04:00,1.0
2011-04-22 02:41:06-04:00,1.0
2011-04-22 02:41:09-04:00,1.0
2011-04-22 02:41:12-04:00,1.0
2011-04-22 02:41:15-04:00,1.0
2011-04-22 02:41:18-04:00,1.0
2011-04-22 02:41:21-04:00,1.0
2011-04-22 02:41:24-04:00,1.0
2011-04-22 02:41:27-04:00,1.0
2011-04-22 02:41:30-04:00,1.0
2011-04-22 02:41:33-04:00,1.0
2011-04-22 02:41:36-04:00,1.0
2011-04-22 02:41:39-04:00,1.0
2011-04-22 02:41:42-04:00,1.0
2011-04-22 02:41:45-04:00,1.0
2011-04-22 02:41:48-04:00,1.0
2011-04-22 02:41:51-04:00,1.0
2011-04-22 02:41:54-04:00,1.0
2011-04-22 02:41:57-04:00,1.0
2011-04-22 02:42:00-04:00,1.0
2011-04-22 02:42:03-04:00,1.0
2011-04-22 02:42:06-04:00,1.0
2011-04-22 02:42:09-04:00,1.0
2011-04-22 02:42:12-04:00,1.0
2011-04-22 02:42:15-04:00,1.0
2011-04-22 02:42:18-04:00,1.0
2011-04-22 02:42:21-04:00,1.0
2011-04-22 02:42:24-04:00,1.0
2011-04-22 02:42:27-04:00,1.0
2011-04-22 02:42:30-04:00,1.0
2011-04-22 02:42:33-04:00,1.0
2011-04-22 02:42:36-04:00,1.0
2011-04-22 02:42:39-04:00,1.0
2011-04-22 02:42:42-04:00,1.0
2011-04-22 02:42:45-04:00,1.0
2011-04-22 02:42:48-04:00,1.0
2011-04-22 02:42:51-04:00,1.0
2011-04-22 02:42:54-04:00,1.0
2011-04-22 02:42:57-04:00,1.0
2011-04-22 02:43:00-04:00,1.0
2011-04-22 02:43:03-04:00,1.0
2011-04-22 02:43:06-04:00,1.0
2011-04-22 02:43:09-04:00,1.0
2011-04-22 02:43:12-04:00,1.0
2011-04-22 02:43:15-04:00,1.0
2011-04-22 02:43:18-04:00,0.75
2011-04-22 02:43:21-04:00,0.0
2011-04-22 02:43:24-04:00,1.0
2011-04-22 02:43:27-04:00,1.0
2011-04-22 02:43:30-04:00,1.0
2011-04-22 02:43:33-04:00,1.0
2011-04-22 02:43:36-04:00,1.0
2011-04-22 02:43:39-04:00,1.0
2011-04-22 02:43:42-04:00,0.33333333333333337
2011-04-22 02:43:45-04:00,0.5
2011-04-22 02:43:48-04:00,1.0
2011-04-22 02:43:51-04:00,1.0
2011-04-22 02:43:54-04:00,1.0
2011-04-22 02:43:57-04:00,1.0
2011-04-22 02:44:00-04:00,1.0
2011-04-22 02:44:03-04:00,1.0
2011-04-22 02:44:06-04:00,1.0
2011-04-22 02:44:09-04:00,1.0
2011-04-22 02:44:12-04:00,1.0
2011-04-22 02:44:15-04:00,1.0
2011-04-22 02:44:18-04:00,1.0
2011-04-22 02:44:21-04:00,1.0
2011-04-22 02:44:24-04:00,1.0
2011-04-22 02:44:27-04:00,1.0
2011-04-22 02:44:30-04:00,1.0
2011-04-22 02:44:33-04:00,1.0
2011-04-22 02:44:36-04:00,1.0
2011-04-22 02:44:39-04:00,1.0
2011-04-22 02:44:42-04:00,0.5
2011-04-22 02:44:45-04:00,0.3333333333333333
2011-04-22 02:44:48-04:00,1.0
2011-04-22 02:44:51-04:00,1.0
2011-04-22 02:44:54-04:00,1.0
2011-04-22 02:44:57-04:00,1.0
2011-04-22 02:45:00-04:00,1.0
2011-04-22 02:45:03-04:00,1.0
2011-04-22 02:45:06-04:00,1.0
2011-04-22 02:45:09-04:00,1.0
2011-04-22 02:45:12-04:00,1.0
2011-04-22 02:45:15-04:00,1.0
2011-04-22 02:45:18-04:00,1.0
2011-04-22 02:45:21-04:00,1.0
2011-04-22 02:45:24-04:00,1.0
2011-04-22 02:45:27-04:00,1.0
2011-04-22 02:45:30-04:00,1.0
2011-04-22 02:45:33-04:00,1.0
2011-04-22 02:45:36-04:00,1.0
2011-04-22 02:45:39-04:00,1.0
2011-04-22 02:45:42-04:00,1.0
2011-04-22 02:45:45-04:00,1.0
2011-04-22 02:45:48-04:00,1.0
2011-04-22 02:45:51-04:00,1.0
2011-04-22 02:45:54-04:00,1.0
2011-04-22 02:45:57-04:00,1.0
2011-04-22 02:46:00-04:00,1.0
2011-04-22 02:46:03-04:00,1.0
2011-04-22 02:46:06-04:00,1.0
2011-04-22 02:46:09-04:00,1.0
2011-04-22 02:46:12-04:00,1.0
2011-04-22 02:46:15-04:00,1.0
2011-04-22 02:46:18-04:00,1.0
2011-04-22 02:46:21-04:00,1.0
2011-04-22 02:46:24-04:00,1.0
2011-04-22 02:46:27-04:00,1.0
2011-04-22 02:46:30-04:00,1.0
2011-04-22 02:46:33-04:00,1.0
2011-04-22 02:46:36-04:00,1.0
2011-04-22 02:46:39-04:00,1.0
2011-04-22 02:46:42-04:00,1.0
2011-04-22 02:46:45-04:00,1.0
2011-04-22 02:46:48-04:00,1.0
2011-04-22 02:46:51-04:00,1.0
2011-04-22 02:46:54-04:00,1.0
2011-04-22 02:46:57-04:00,1.0
2011-04-22 02:47:00-04:00,1.0
2011-04-22 02:47:03-04:00,1.0
2011-04-22 02:47:06-04:00,1.0
2011-04-22 02:47:09-04:00,1.0
2011-04-22 02:47:12-04:00,1.0
2011-04-22 02:47:15-04:00,1.0
2011-04-22 02:47:18-04:00,1.0
2011-04-22 02:47:21-04:00,1.0
2011-04-22 02:47:24-04:00,1.0
2011-04-22 02:47:27-04:00,1.0
2011-04-22 02:47:30-04:00,1.0
2011-04-22 02:47:33-04:00,1.0
2011-04-22 02:47:36-04:00,1.0
2011-04-22 02:47:39-04:00,1.0
2011-04-22 02:47:42-04:00,1.0
2011-04-22 02:47:45-04:00,1.0
2011-04-22 02:47:48-04:00,1.0
2011-04-22 02:47:51-04:00,1.0
2011-04-22 02:47:54-04:00,1.0
2011-04-22 02:47:57-04:00,1.0
2011-04-22 02:48:00-04:00,1.0
2011-04-22 02:48:03-04:00,1.0
2011-04-22 02:48:06-04:00,1.0
2011-04-22 02:48:09-04:00,1.0
2011-04-22 02:48:12-04:00,1.0
2011-04-22 02:48:15-04:00,1.0
2011-04-22 02:48:18-04:00,1.0
2011-04-22 02:48:21-04:00,1.0
2011-04-22 02:48:24-04:00,1.0
2011-04-22 02:48:27-04:00,1.0
2011-04-22 02:48:30-04:00,1.0
2011-04-22 02:48:33-04:00,1.0
2011-04-22 02:48:36-04:00,1.0
2011-04-22 02:48:39-04:00,1.0
2011-04-22 02:48:42-04:00,1.0
2011-04-22 02:48:45-04:00,1.0
2011-04-22 02:48:48-04:00,1.0
2011-04-22 02:48:51-04:00,1.0
2011-04-22 02:48:54-04:00,1.0
2011-04-22 02:48:57-04:00,1.0
2011-04-22 02:49:00-04:00,1.0
2011-04-22 02:49:03-04:00,1.0
2011-04-22 02:49:06-04:00,1.0
2011-04-22 02:49:09-04:00,1.0
2011-04-22 02:49:12-04:00,1.0
2011-04-22 02:49:15-04:00,1.0
2011-04-22 02:49:18-04:00,1.0
2011-04-22 02:49:21-04:00,1.0
2011-04-22 02:49:24-04:00,1.0
2011-04-22 02:49:27-04:00,1.0
2011-04-22 02:49:30-04:00,1.0
2011-04-22 02:49:33-04:00,1.0
2011-04-22 02:49:36-04:00,1.0
2011-04-22 02:49:39-04:00,1.0
2011-04-22 02:49:42-04:00,1.0
2011-04-22 02:49:45-04:00,1.0
2011-04-22 02:49:48-04:00,1.0
2011-04-22 02:49:51-04:00,1.0
2011-04-22 02:49:54-04:00,1.0
2011-04-22 02:49:57-04:00,1.0
2011-04-22 02:50:00-04:00,1.0
2011-04-22 02:50:03-04:00,1.0
2011-04-22 02:50:06-04:00,1.0
2011-04-22 02:50:09-04:00,1.0
2011-04-22 02:50:12-04:00,1.0
2011-04-22 02:50:15-04:00,1.0
2011-04-22 02:50:18-04:00,1.0
2011-04-22 02:50:21-04:00,1.0
2011-04-22 02:50:24-04:00,1.0
2011-04-22 02:50:27-04:00,1.0
2011-04-22 02:50:30-04:00,1.0
2011-04-22 02:50:33-04:00,1.0
2011-04-22 02:50:36-04:00,1.0
2011-04-22 02:50:39-04:00,1.0
2011-04-22 02:50:42-04:00,1.0
2011-04-22 02:50:45-04:00,1.0
2011-04-22 02:50:48-04:00,1.0
2011-04-22 02:50:51-04:00,1.0
2011-04-22 02:50:54-04:00,1.0
2011-04-22 02:50:57-04:00,1.0
2011-04-22 02:51:00-04:00,1.0
2011-04-22 02:51:03-04:00,1.0
2011-04-22 02:51:06-04:00,1.0
2011-04-22 02:51:09-04:00,1.0
2011-04-22 02:51:12-04:00,1.0
2011-04-22 02:51:15-04:00,1.0
2011-04-22 02:51:18-04:00,1.0
2011-04-22 02:51:21-04:00,1.0
2011-04-22 02:51:24-04:00,1.0
2011-04-22 02:51:27-04:00,1.0
2011-04-22 02:51:30-04:00,1.0
2011-04-22 02:51:33-04:00,1.0
2011-04-22 02:51:36-04:00,1.0
2011-04-22 02:51:39-04:00,1.0
2011-04-22 02:51:42-04:00,1.0
2011-04-22 02:51:45-04:00,1.0
2011-04-22 02:51:48-04:00,1.0
2011-04-22 02:51:51-04:00,1.0
2011-04-22 02:51:54-04:00,1.0
2011-04-22 02:51:57-04:00,1.0
2011-04-22 02:52:00-04:00,1.0
2011-04-22 02:52:03-04:00,1.0
2011-04-22 02:52:06-04:00,1.0
2011-04-22 02:52:09-04:00,1.0
2011-04-22 02:52:12-04:00,1.0
2011-04-22 02:52:15-04:00,1.0
2011-04-22 02:52:18-04:00,1.0
2011-04-22 02:52:21-04:00,1.0
2011-04-22 02:52:24-04:00,1.0
2011-04-22 02:52:27-04:00,1.0
2011-04-22 02:52:30-04:00,1.0
2011-04-22 02:52:33-04:00,1.0
2011-04-22 02:52:36-04:00,1.0
2011-04-22 02:52:39-04:00,1.0
2011-04-22 02:52:42-04:00,1.0
2011-04-22 02:52:45-04:00,1.0
2011-04-22 02:52:48-04:00,1.0
2011-04-22 02:52:51-04:00,1.0
2011-04-22 02:52:54-04:00,1.0
2011-04-22 02:52:57-04:00,1.0
2011-04-22 02:53:00-04:00,1.0
2011-04-22 02:53:03-04:00,1.0
2011-04-22 02:53:06-04:00,1.0
2011-04-22 02:53:09-04:00,1.0
2011-04-22 02:53:12-04:00,1.0
2011-04-22 02:53:15-04:00,1.0
2011-04-22 02:53:18-04:00,1.0
2011-04-22 02:53:21-04:00,1.0
2011-04-22 02:53:24-04:00,1.0
2011-04-22 02:53:27-04:00,1.0
2011-04-22 02:53:30-04:00,1.0
2011-04-22 02:53:33-04:00,1.0
2011-04-22 02:53:36-04:00,1.0
2011-04-22 02:53:39-04:00,1.0
2011-04-22 02:53:42-04:00,1.0
2011-04-22 02:53:45-04:00,1.0
2011-04-22 02:53:48-04:00,1.0
2011-04-22 02:53:51-04:00,1.0
2011-04-22 02:53:54-04:00,1.0
2011-04-22 02:53:57-04:00,1.0
2011-04-22 02:54:00-04:00,1.0
2011-04-22 02:54:03-04:00,1.0
2011-04-22 02:54:06-04:00,1.0
2011-04-22 02:54:09-04:00,1.0
2011-04-22 02:54:12-04:00,1.0
2011-04-22 02:54:15-04:00,1.0
2011-04-22 02:54:18-04:00,1.0
2011-04-22 02:54:21-04:00,1.0
2011-04-22 02:54:24-04:00,1.0
2011-04-22 02:54:27-04:00,1.0
2011-04-22 02:54:30-04:00,1.0
2011-04-22 02:54:33-04:00,1.0
2011-04-22 02:54:36-04:00,1.0
2011-04-22 02:54:39-04:00,1.0
2011-04-22 02:54:42-04:00,1.0
2011-04-22 02:54:45-04:00,1.0
2011-04-22 02:54:48-04:00,1.0
2011-04-22 02:54:51-04:00,1.0
2011-04-22 02:54:54-04:00,1.0
2011-04-22 02:54:57-04:00,1.0
2011-04-22 02:55:00-04:00,1.0
2011-04-22 02:55:03-04:00,1.0
2011-04-22 02:55:06-04:00,1.0
2011-04-22 02:55:09-04:00,1.0
2011-04-22 02:55:12-04:00,1.0
2011-04-22 02:55:15-04:00,1.0
2011-04-22 02:55:18-04:00,1.0
2011-04-22 02:55:21-04:00,1.0
2011-04-22 02:55:24-04:00,1.0
2011-04-22 02:55:27-04:00,1.0
2011-04-22 02:55:30-04:00,1.0
2011-04-22 02:55:33-04:00,1.0
2011-04-22 02:55:36-04:00,1.0
2011-04-22 02:55:39-04:00,1.0
2011-04-22 02:55:42-04:00,1.0
2011-04-22 02:55:45-04:00,1.0
2011-04-22 02:55:48-04:00,1.0
2011-04-22 02:55:51-04:00,1.0
2011-04-22 02:55:54-04:00,1.0
2011-04-22 02:55:57-04:00,1.0
2011-04-22 02:56:00-04:00,1.0
2011-04-22 02:56:03-04:00,1.0
2011-04-22 02:56:06-04:00,1.0
2011-04-22 02:56:09-04:00,1.0
2011-04-22 02:56:12-04:00,1.0
2011-04-22 02:56:15-04:00,0.33333333333333337
2011-04-22 02:56:18-04:00,0.5
2011-04-22 02:56:21-04:00,1.0
2011-04-22 02:56:24-04:00,1.0
2011-04-22 02:56:27-04:00,1.0
2011-04-22 02:56:30-04:00,1.0
2011-04-22 02:56:33-04:00,1.0
2011-04-22 02:56:36-04:00,1.0
2011-04-22 02:56:39-04:00,1.0
2011-04-22 02:56:42-04:00,1.0
2011-04-22 02:56:45-04:00,1.0
2011-04-22 02:56:48-04:00,1.0
2011-04-22 02:56:51-04:00,1.0
2011-04-22 02:56:54-04:00,1.0
2011-04-22 02:56:57-04:00,1.0
2011-04-22 02:57:00-04:00,1.0
2011-04-22 02:57:03-04:00,1.0
2011-04-22 02:57:06-04:00,1.0
2011-04-22 02:57:09-04:00,1.0
2011-04-22 02:57:12-04:00,1.0
2011-04-22 02:57:15-04:00,1.0
2011-04-22 02:57:18-04:00,1.0
2011-04-22 02:57:21-04:00,1.0
2011-04-22 02:57:24-04:00,1.0
2011-04-22 02:57:27-04:00,1.0
2011-04-22 02:57:30-04:00,1.0
2011-04-22 02:57:33-04:00,1.0
2011-04-22 02:57:36-04:00,1.0
2011-04-22 02:57:39-04:00,1.0
2011-04-22 02:57:42-04:00,1.0
2011-04-22 02:57:45-04:00,1.0
2011-04-22 02:57:48-04:00,1.0
2011-04-22 02:57:51-04:00,1.0
2011-04-22 02:57:54-04:00,1.0
2011-04-22 02:57:57-04:00,1.0
2011-04-22 02:58:00-04:00,1.0
2011-04-22 02:58:03-04:00,1.0
2011-04-22 02:58:06-04:00,1.0
2011-04-22 02:58:09-04:00,1.0
2011-04-22 02:58:12-04:00,1.0
2011-04-22 02:58:15-04:00,1.0
2011-04-22 02:58:18-04:00,1.0
2011-04-22 02:58:21-04:00,1.0
2011-04-22 02:58:24-04:00,1.0
2011-04-22 02:58:27-04:00,1.0
2011-04-22 02:58:30-04:00,1.0
2011-04-22 02:58:33-04:00,1.0
2011-04-22 02:58:36-04:00,1.0
2011-04-22 02:58:39-04:00,0.6666666666666667
2011-04-22 02:58:42-04:00,0.25
2011-04-22 02:58:45-04:00,1.0
2011-04-22 02:58:48-04:00,1.0
2011-04-22 02:58:51-04:00,1.0
2011-04-22 02:58:54-04:00,1.0
2011-04-22 02:58:57-04:00,1.0
2011-04-22 02:59:00-04:00,1.0
2011-04-22 02:59:03-04:00,1.0
2011-04-22 02:59:06-04:00,1.0
2011-04-22 02:59:09-04:00,1.0
2011-04-22 02:59:12-04:00,1.0
2011-04-22 02:59:15-04:00,1.0
2011-04-22 02:59:18-04:00,1.0
2011-04-22 02:59:21-04:00,1.0
2011-04-22 02:59:24-04:00,1.0
2011-04-22 02:59:27-04:00,1.0
2011-04-22 02:59:30-04:00,1.0
2011-04-22 02:59:33-04:00,1.0
2011-04-22 02:59:36-04:00,1.0
2011-04-22 02:59:39-04:00,1.0
2011-04-22 02:59:42-04:00,1.0
2011-04-22 02:59:45-04:00,1.0
2011-04-22 02:59:48-04:00,1.0
2011-04-22 02:59:51-04:00,1.0
2011-04-22 02:59:54-04:00,1.0
2011-04-22 02:59:57-04:00,1.0
2011-04-22 03:00:00-04:00,1.0
2011-04-22 03:00:03-04:00,1.0
2011-04-22 03:00:06-04:00,1.0
2011-04-22 03:00:09-04:00,1.0
2011-04-22 03:00:12-04:00,1.0
2011-04-22 03:00:15-04:00,1.0
2011-04-22 03:00:18-04:00,1.0
2011-04-22 03:00:21-04:00,1.0
2011-04-22 03:00:24-04:00,1.0
2011-04-22 03:00:27-04:00,0.0
2011-04-22 03:00:30-04:00,0.3333333333333333
2011-04-22 03:00:33-04:00,0.6666666666666666
2011-04-22 03:00:36-04:00,1.0
2011-04-22 03:00:39-04:00,1.0
2011-04-22 03:00:42-04:00,1.0
2011-04-22 03:00:45-04:00,1.0
2011-04-22 03:00:48-04:00,1.0
2011-04-22 03:00:51-04:00,1.0
2011-04-22 03:00:54-04:00,1.0
2011-04-22 03:00:57-04:00,1.0
2011-04-22 03:01:00-04:00,1.0
2011-04-22 03:01:03-04:00,1.0
2011-04-22 03:01:06-04:00,1.0
2011-04-22 03:01:09-04:00,1.0
2011-04-22 03:01:12-04:00,1.0
2011-04-22 03:01:15-04:00,1.0
2011-04-22 03:01:18-04:00,1.0
2011-04-22 03:01:21-04:00,1.0
2011-04-22 03:01:24-04:00,1.0
2011-04-22 03:01:27-04:00,1.0
2011-04-22 03:01:30-04:00,1.0
2011-04-22 03:01:33-04:00,1.0
2011-04-22 03:01:36-04:00,1.0
2011-04-22 03:01:39-04:00,1.0
2011-04-22 03:01:42-04:00,1.0
2011-04-22 03:01:45-04:00,1.0
2011-04-22 03:01:48-04:00,1.0
2011-04-22 03:01:51-04:00,1.0
2011-04-22 03:01:54-04:00,1.0
2011-04-22 03:01:57-04:00,1.0
2011-04-22 03:02:00-04:00,1.0
2011-04-22 03:02:03-04:00,1.0
2011-04-22 03:02:06-04:00,1.0
2011-04-22 03:02:09-04:00,1.0
2011-04-22 03:02:12-04:00,1.0
2011-04-22 03:02:15-04:00,1.0
2011-04-22 03:02:18-04:00,1.0
2011-04-22 03:02:21-04:00,1.0
2011-04-22 03:02:24-04:00,1.0
2011-04-22 03:02:27-04:00,1.0
2011-04-22 03:02:30-04:00,1.0
2011-04-22 03:02:33-04:00,1.0
2011-04-22 03:02:36-04:00,1.0
2011-04-22 03:02:39-04:00,1.0
2011-04-22 03:02:42-04:00,1.0
2011-04-22 03:02:45-04:00,1.0
2011-04-22 03:02:48-04:00,1.0
2011-04-22 03:02:51-04:00,1.0
2011-04-22 03:02:54-04:00,1.0
2011-04-22 03:02:57-04:00,1.0
2011-04-22 03:03:00-04:00,1.0
2011-04-22 03:03:03-04:00,1.0
2011-04-22 03:03:06-04:00,1.0
2011-04-22 03:03:09-04:00,1.0
2011-04-22 03:03:12-04:00,1.0
2011-04-22 03:03:15-04:00,1.0
2011-04-22 03:03:18-04:00,1.0
2011-04-22 03:03:21-04:00,1.0
2011-04-22 03:03:24-04:00,1.0
2011-04-22 03:03:27-04:00,1.0
2011-04-22 03:03:30-04:00,1.0
2011-04-22 03:03:33-04:00,1.0
2011-04-22 03:03:36-04:00,1.0
2011-04-22 03:03:39-04:00,1.0
2011-04-22 03:03:42-04:00,1.0
2011-04-22 03:03:45-04:00,1.0
2011-04-22 03:03:48-04:00,1.0
2011-04-22 03:03:51-04:00,1.0
2011-04-22 03:03:54-04:00,0.25
2011-04-22 03:03:57-04:00,0.6666666666666666
2011-04-22 03:04:00-04:00,1.0
2011-04-22 03:04:03-04:00,1.0
2011-04-22 03:04:06-04:00,1.0
2011-04-22 03:04:09-04:00,1.0
2011-04-22 03:04:12-04:00,1.0
2011-04-22 03:04:15-04:00,0.25
2011-04-22 03:04:18-04:00,0.6666666666666666
2011-04-22 03:04:21-04:00,1.0
2011-04-22 03:04:24-04:00,1.0
2011-04-22 03:04:27-04:00,1.0
2011-04-22 03:04:30-04:00,1.0
2011-04-22 03:04:33-04:00,1.0
2011-04-22 03:04:36-04:00,1.0
2011-04-22 03:04:39-04:00,1.0
2011-04-22 03:04:42-04:00,1.0
2011-04-22 03:04:45-04:00,1.0
2011-04-22 03:04:48-04:00,1.0
2011-04-22 03:04:51-04:00,1.0
2011-04-22 03:04:54-04:00,0.6666666666666667
2011-04-22 03:04:57-04:00,0.3333333333333333
2011-04-22 03:05:00-04:00,1.0
2011-04-22 03:05:03-04:00,1.0
2011-04-22 03:05:06-04:00,1.0
2011-04-22 03:05:09-04:00,1.0
2011-04-22 03:05:12-04:00,1.0
2011-04-22 03:05:15-04:00,1.0
2011-04-22 03:05:18-04:00,1.0
2011-04-22 03:05:21-04:00,1.0
2011-04-22 03:05:24-04:00,1.0
2011-04-22 03:05:27-04:00,1.0
2011-04-22 03:05:30-04:00,1.0
2011-04-22 03:05:33-04:00,1.0
2011-04-22 03:05:36-04:00,1.0
2011-04-22 03:05:39-04:00,1.0
2011-04-22 03:05:42-04:00,1.0
2011-04-22 03:05:45-04:00,1.0
2011-04-22 03:05:48-04:00,1.0
2011-04-22 03:05:51-04:00,1.0
2011-04-22 03:05:54-04:00,1.0
2011-04-22 03:05:57-04:00,1.0
2011-04-22 03:06:00-04:00,1.0
2011-04-22 03:06:03-04:00,1.0
2011-04-22 03:06:06-04:00,1.0
2011-04-22 03:06:09-04:00,1.0
2011-04-22 03:06:12-04:00,1.0
2011-04-22 03:06:15-04:00,1.0
2011-04-22 03:06:18-04:00,1.0
2011-04-22 03:06:21-04:00,1.0
2011-04-22 03:06:24-04:00,1.0
2011-04-22 03:06:27-04:00,1.0
2011-04-22 03:06:30-04:00,1.0
2011-04-22 03:06:33-04:00,1.0
2011-04-22 03:06:36-04:00,1.0
2011-04-22 03:06:39-04:00,1.0
2011-04-22 03:06:42-04:00,1.0
2011-04-22 03:06:45-04:00,1.0
2011-04-22 03:06:48-04:00,1.0
2011-04-22 03:06:51-04:00,1.0
2011-04-22 03:06:54-04:00,1.0
2011-04-22 03:06:57-04:00,1.0
2011-04-22 03:07:00-04:00,1.0
2011-04-22 03:07:03-04:00,1.0
2011-04-22 03:07:06-04:00,1.0
2011-04-22 03:07:09-04:00,1.0
2011-04-22 03:07:12-04:00,1.0
2011-04-22 03:07:15-04:00,1.0
2011-04-22 03:07:18-04:00,1.0
2011-04-22 03:07:21-04:00,1.0
2011-04-22 03:07:24-04:00,1.0
2011-04-22 03:07:27-04:00,1.0
2011-04-22 03:07:30-04:00,1.0
2011-04-22 03:07:33-04:00,1.0
2011-04-22 03:07:36-04:00,1.0
2011-04-22 03:07:39-04:00,1.0
2011-04-22 03:07:42-04:00,1.0
2011-04-22 03:07:45-04:00,1.0
2011-04-22 03:07:48-04:00,1.0
2011-04-22 03:07:51-04:00,1.0
2011-04-22 03:07:54-04:00,1.0
2011-04-22 03:07:57-04:00,1.0
2011-04-22 03:08:00-04:00,1.0
2011-04-22 03:08:03-04:00,1.0
2011-04-22 03:08:06-04:00,1.0
2011-04-22 03:08:09-04:00,1.0
2011-04-22 03:08:12-04:00,1.0
2011-04-22 03:08:15-04:00,1.0
2011-04-22 03:08:18-04:00,1.0
2011-04-22 03:08:21-04:00,1.0
2011-04-22 03:08:24-04:00,1.0
2011-04-22 03:08:27-04:00,1.0
2011-04-22 03:08:30-04:00,1.0
2011-04-22 03:08:33-04:00,1.0
2011-04-22 03:08:36-04:00,1.0
2011-04-22 03:08:39-04:00,1.0
2011-04-22 03:08:42-04:00,1.0
2011-04-22 03:08:45-04:00,1.0
2011-04-22 03:08:48-04:00,1.0
2011-04-22 03:08:51-04:00,1.0
2011-04-22 03:08:54-04:00,1.0
2011-04-22 03:08:57-04:00,1.0
2011-04-22 03:09:00-04:00,1.0
2011-04-22 03:09:03-04:00,1.0
2011-04-22 03:09:06-04:00,1.0
2011-04-22 03:09:09-04:00,1.0
2011-04-22 03:09:12-04:00,1.0
2011-04-22 03:09:15-04:00,1.0
2011-04-22 03:09:18-04:00,1.0
2011-04-22 03:09:21-04:00,1.0
2011-04-22 03:09:24-04:00,1.0
2011-04-22 03:09:27-04:00,1.0
2011-04-22 03:09:30-04:00,1.0
2011-04-22 03:09:33-04:00,1.0
2011-04-22 03:09:36-04:00,1.0
2011-04-22 03:09:39-04:00,1.0
2011-04-22 03:09:42-04:00,1.0
2011-04-22 03:09:45-04:00,1.0
2011-04-22 03:09:48-04:00,1.0
2011-04-22 03:09:51-04:00,1.0
2011-04-22 03:09:54-04:00,1.0
2011-04-22 03:09:57-04:00,1.0
2011-04-22 03:10:00-04:00,1.0
2011-04-22 03:10:03-04:00,1.0
2011-04-22 03:10:06-04:00,1.0
2011-04-22 03:10:09-04:00,1.0
2011-04-22 03:10:12-04:00,1.0
2011-04-22 03:10:15-04:00,1.0
2011-04-22 03:10:18-04:00,1.0
2011-04-22 03:10:21-04:00,1.0
2011-04-22 03:10:24-04:00,1.0
2011-04-22 03:10:27-04:00,1.0
2011-04-22 03:10:30-04:00,1.0
2011-04-22 03:10:33-04:00,1.0
2011-04-22 03:10:36-04:00,1.0
2011-04-22 03:10:39-04:00,1.0
2011-04-22 03:10:42-04:00,1.0
2011-04-22 03:10:45-04:00,1.0
2011-04-22 03:10:48-04:00,1.0
2011-04-22 03:10:51-04:00,1.0
2011-04-22 03:10:54-04:00,1.0
2011-04-22 03:10:57-04:00,1.0
2011-04-22 03:11:00-04:00,1.0
2011-04-22 03:11:03-04:00,1.0
2011-04-22 03:11:06-04:00,1.0
2011-04-22 03:11:09-04:00,0.5
2011-04-22 03:11:12-04:00,0.3333333333333333
2011-04-22 03:11:15-04:00,1.0
2011-04-22 03:11:18-04:00,1.0
2011-04-22 03:11:21-04:00,1.0
2011-04-22 03:11:24-04:00,1.0
2011-04-22 03:11:27-04:00,1.0
2011-04-22 03:11:30-04:00,1.0
2011-04-22 03:11:33-04:00,1.0
2011-04-22 03:11:36-04:00,1.0
2011-04-22 03:11:39-04:00,1.0
2011-04-22 03:11:42-04:00,1.0
2011-04-22 03:11:45-04:00,1.0
2011-04-22 03:11:48-04:00,1.0
2011-04-22 03:11:51-04:00,1.0
2011-04-22 03:11:54-04:00,1.0
2011-04-22 03:11:57-04:00,1.0
2011-04-22 03:12:00-04:00,1.0
2011-04-22 03:12:03-04:00,1.0
2011-04-22 03:12:06-04:00,1.0
2011-04-22 03:12:09-04:00,1.0
2011-04-22 03:12:12-04:00,1.0
2011-04-22 03:12:15-04:00,1.0
2011-04-22 03:12:18-04:00,1.0
2011-04-22 03:12:21-04:00,1.0
2011-04-22 03:12:24-04:00,1.0
2011-04-22 03:12:27-04:00,1.0
2011-04-22 03:12:30-04:00,1.0
2011-04-22 03:12:33-04:00,1.0
2011-04-22 03:12:36-04:00,1.0
2011-04-22 03:12:39-04:00,1.0
2011-04-22 03:12:42-04:00,1.0
2011-04-22 03:12:45-04:00,1.0
2011-04-22 03:12:48-04:00,1.0
2011-04-22 03:12:51-04:00,1.0
2011-04-22 03:12:54-04:00,1.0
2011-04-22 03:12:57-04:00,1.0
2011-04-22 03:13:00-04:00,1.0
2011-04-22 03:13:03-04:00,1.0
2011-04-22 03:13:06-04:00,1.0
2011-04-22 03:13:09-04:00,1.0
2011-04-22 03:13:12-04:00,1.0
2011-04-22 03:13:15-04:00,1.0
2011-04-22 03:13:18-04:00,1.0
2011-04-22 03:13:21-04:00,1.0
2011-04-22 03:13:24-04:00,1.0
2011-04-22 03:13:27-04:00,1.0
2011-04-22 03:13:30-04:00,1.0
2011-04-22 03:13:33-04:00,1.0
2011-04-22 03:13:36-04:00,1.0
2011-04-22 03:13:39-04:00,1.0
2011-04-22 03:13:42-04:00,1.0
2011-04-22 03:13:45-04:00,1.0
2011-04-22 03:13:48-04:00,1.0
2011-04-22 03:13:51-04:00,1.0
2011-04-22 03:13:54-04:00,1.0
2011-04-22 03:13:57-04:00,1.0
2011-04-22 03:14:00-04:00,1.0
2011-04-22 03:14:03-04:00,1.0
2011-04-22 03:14:06-04:00,1.0
2011-04-22 03:14:09-04:00,1.0
2011-04-22 03:14:12-04:00,1.0
2011-04-22 03:14:15-04:00,1.0
2011-04-22 03:14:18-04:00,1.0
2011-04-22 03:14:21-04:00,1.0
2011-04-22 03:14:24-04:00,1.0
2011-04-22 03:14:27-04:00,1.0
2011-04-22 03:14:30-04:00,1.0
2011-04-22 03:14:33-04:00,1.0
2011-04-22 03:14:36-04:00,1.0
2011-04-22 03:14:39-04:00,1.0
2011-04-22 03:14:42-04:00,1.0
2011-04-22 03:14:45-04:00,1.0
2011-04-22 03:14:48-04:00,1.0
2011-04-22 03:14:51-04:00,1.0
2011-04-22 03:14:54-04:00,1.0
2011-04-22 03:14:57-04:00,1.0
2011-04-22 03:15:00-04:00,1.0
2011-04-22 03:15:03-04:00,1.0
2011-04-22 03:15:06-04:00,1.0
2011-04-22 03:15:09-04:00,1.0
2011-04-22 03:15:12-04:00,1.0
2011-04-22 03:15:15-04:00,1.0
2011-04-22 03:15:18-04:00,1.0
2011-04-22 03:15:21-04:00,1.0
2011-04-22 03:15:24-04:00,1.0
2011-04-22 03:15:27-04:00,0.7777777777777778
2011-04-22 03:15:30-04:00,0.4444444444444444
2011-04-22 03:15:33-04:00,0.11111111111111116
2011-04-22 03:15:36-04:00,0.5
2011-04-22 03:15:39-04:00,1.0
2011-04-22 03:15:42-04:00,1.0
2011-04-22 03:15:45-04:00,1.0
2011-04-22 03:15:48-04:00,1.0
2011-04-22 03:15:51-04:00,1.0
2011-04-22 03:15:54-04:00,1.0
2011-04-22 03:15:57-04:00,1.0
2011-04-22 03:16:00-04:00,1.0
2011-04-22 03:16:03-04:00,1.0
2011-04-22 03:16:06-04:00,1.0
2011-04-22 03:16:09-04:00,1.0
2011-04-22 03:16:12-04:00,1.0
2011-04-22 03:16:15-04:00,1.0
2011-04-22 03:16:18-04:00,1.0
2011-04-22 03:16:21-04:00,1.0
2011-04-22 03:16:24-04:00,1.0
2011-04-22 03:16:27-04:00,1.0
2011-04-22 03:16:30-04:00,1.0
2011-04-22 03:16:33-04:00,1.0
2011-04-22 03:16:36-04:00,1.0
2011-04-22 03:16:39-04:00,1.0
2011-04-22 03:16:42-04:00,1.0
2011-04-22 03:16:45-04:00,1.0
2011-04-22 03:16:48-04:00,1.0
2011-04-22 03:16:51-04:00,1.0
2011-04-22 03:16:54-04:00,1.0
2011-04-22 03:16:57-04:00,1.0
2011-04-22 03:17:00-04:00,1.0
2011-04-22 03:17:03-04:00,1.0
2011-04-22 03:17:06-04:00,1.0
2011-04-22 03:17:09-04:00,1.0
2011-04-22 03:17:12-04:00,1.0
2011-04-22 03:17:15-04:00,1.0
2011-04-22 03:17:18-04:00,1.0
2011-04-22 03:17:21-04:00,1.0
2011-04-22 03:17:24-04:00,1.0
2011-04-22 03:17:27-04:00,1.0
2011-04-22 03:17:30-04:00,1.0
2011-04-22 03:17:33-04:00,1.0
2011-04-22 03:17:36-04:00,1.0
2011-04-22 03:17:39-04:00,1.0
2011-04-22 03:17:42-04:00,1.0
2011-04-22 03:17:45-04:00,1.0
2011-04-22 03:17:48-04:00,1.0
2011-04-22 03:17:51-04:00,1.0
2011-04-22 03:17:54-04:00,1.0
2011-04-22 03:17:57-04:00,1.0
2011-04-22 03:18:00-04:00,1.0
2011-04-22 03:18:03-04:00,1.0
2011-04-22 03:18:06-04:00,1.0
2011-04-22 03:18:09-04:00,1.0
2011-04-22 03:18:12-04:00,1.0
2011-04-22 03:18:15-04:00,0.5
2011-04-22 03:18:18-04:00,0.3333333333333333
2011-04-22 03:18:21-04:00,1.0
2011-04-22 03:18:24-04:00,1.0
2011-04-22 03:18:27-04:00,1.0
2011-04-22 03:18:30-04:00,1.0
2011-04-22 03:18:33-04:00,1.0
2011-04-22 03:18:36-04:00,1.0
2011-04-22 03:18:39-04:00,1.0
2011-04-22 03:18:42-04:00,1.0
2011-04-22 03:18:45-04:00,1.0
2011-04-22 03:18:48-04:00,1.0
2011-04-22 03:18:51-04:00,1.0
2011-04-22 03:18:54-04:00,1.0
2011-04-22 03:18:57-04:00,1.0
2011-04-22 03:19:00-04:00,1.0
2011-04-22 03:19:03-04:00,1.0
2011-04-22 03:19:06-04:00,1.0
2011-04-22 03:19:09-04:00,1.0
2011-04-22 03:19:12-04:00,1.0
2011-04-22 03:19:15-04:00,1.0
2011-04-22 03:19:18-04:00,1.0
2011-04-22 03:19:21-04:00,1.0
2011-04-22 03:19:24-04:00,1.0
2011-04-22 03:19:27-04:00,1.0
2011-04-22 03:19:30-04:00,1.0
2011-04-22 03:19:33-04:00,1.0
2011-04-22 03:19:36-04:00,1.0
2011-04-22 03:19:39-04:00,1.0
2011-04-22 03:19:42-04:00,1.0
2011-04-22 03:19:45-04:00,1.0
2011-04-22 03:19:48-04:00,1.0
2011-04-22 03:19:51-04:00,1.0
2011-04-22 03:19:54-04:00,1.0
2011-04-22 03:19:57-04:00,1.0
2011-04-22 03:20:00-04:00,1.0
2011-04-22 03:20:03-04:00,1.0
2011-04-22 03:20:06-04:00,1.0
2011-04-22 03:20:09-04:00,1.0
2011-04-22 03:20:12-04:00,1.0
2011-04-22 03:20:15-04:00,1.0
2011-04-22 03:20:18-04:00,1.0
2011-04-22 03:20:21-04:00,1.0
2011-04-22 03:20:24-04:00,1.0
2011-04-22 03:20:27-04:00,1.0
2011-04-22 03:20:30-04:00,1.0
2011-04-22 03:20:33-04:00,1.0
2011-04-22 03:20:36-04:00,1.0
2011-04-22 03:20:39-04:00,1.0
2011-04-22 03:20:42-04:00,1.0
2011-04-22 03:20:45-04:00,1.0
2011-04-22 03:20:48-04:00,1.0
2011-04-22 03:20:51-04:00,1.0
2011-04-22 03:20:54-04:00,1.0
2011-04-22 03:20:57-04:00,1.0
2011-04-22 03:21:00-04:00,1.0
2011-04-22 03:21:03-04:00,1.0
2011-04-22 03:21:06-04:00,1.0
2011-04-22 03:21:09-04:00,1.0
2011-04-22 03:21:12-04:00,1.0
2011-04-22 03:21:15-04:00,1.0
2011-04-22 03:21:18-04:00,1.0
2011-04-22 03:21:21-04:00,1.0
2011-04-22 03:21:24-04:00,1.0
2011-04-22 03:21:27-04:00,1.0
2011-04-22 03:21:30-04:00,1.0
2011-04-22 03:21:33-04:00,1.0
2011-04-22 03:21:36-04:00,1.0
2011-04-22 03:21:39-04:00,1.0
2011-04-22 03:21:42-04:00,1.0
2011-04-22 03:21:45-04:00,1.0
2011-04-22 03:21:48-04:00,1.0
2011-04-22 03:21:51-04:00,1.0
2011-04-22 03:21:54-04:00,1.0
2011-04-22 03:21:57-04:00,1.0
2011-04-22 03:22:00-04:00,1.0
2011-04-22 03:22:03-04:00,1.0
2011-04-22 03:22:06-04:00,1.0
2011-04-22 03:22:09-04:00,1.0
2011-04-22 03:22:12-04:00,1.0
2011-04-22 03:22:15-04:00,1.0
2011-04-22 03:22:18-04:00,1.0
2011-04-22 03:22:21-04:00,1.0
2011-04-22 03:22:24-04:00,1.0
2011-04-22 03:22:27-04:00,1.0
2011-04-22 03:22:30-04:00,1.0
2011-04-22 03:22:33-04:00,1.0
2011-04-22 03:22:36-04:00,1.0
2011-04-22 03:22:39-04:00,1.0
2011-04-22 03:22:42-04:00,1.0
2011-04-22 03:22:45-04:00,1.0
2011-04-22 03:22:48-04:00,1.0
2011-04-22 03:22:51-04:00,1.0
2011-04-22 03:22:54-04:00,1.0
2011-04-22 03:22:57-04:00,1.0
2011-04-22 03:23:00-04:00,1.0
2011-04-22 03:23:03-04:00,1.0
2011-04-22 03:23:06-04:00,1.0
2011-04-22 03:23:09-04:00,1.0
2011-04-22 03:23:12-04:00,1.0
2011-04-22 03:23:15-04:00,1.0
2011-04-22 03:23:18-04:00,1.0
2011-04-22 03:23:21-04:00,1.0
2011-04-22 03:23:24-04:00,1.0
2011-04-22 03:23:27-04:00,1.0
2011-04-22 03:23:30-04:00,1.0
2011-04-22 03:23:33-04:00,1.0
2011-04-22 03:23:36-04:00,1.0
2011-04-22 03:23:39-04:00,1.0
2011-04-22 03:23:42-04:00,1.0
2011-04-22 03:23:45-04:00,1.0
2011-04-22 03:23:48-04:00,1.0
2011-04-22 03:23:51-04:00,1.0
2011-04-22 03:23:54-04:00,1.0
2011-04-22 03:23:57-04:00,1.0
2011-04-22 03:24:00-04:00,1.0
2011-04-22 03:24:03-04:00,1.0
2011-04-22 03:24:06-04:00,1.0
2011-04-22 03:24:09-04:00,1.0
2011-04-22 03:24:12-04:00,1.0
2011-04-22 03:24:15-04:00,1.0
2011-04-22 03:24:18-04:00,1.0
2011-04-22 03:24:21-04:00,1.0
2011-04-22 03:24:24-04:00,1.0
2011-04-22 03:24:27-04:00,1.0
2011-04-22 03:24:30-04:00,1.0
2011-04-22 03:24:33-04:00,1.0
2011-04-22 03:24:36-04:00,1.0
2011-04-22 03:24:39-04:00,1.0
2011-04-22 03:24:42-04:00,1.0
2011-04-22 03:24:45-04:00,1.0
2011-04-22 03:24:48-04:00,1.0
2011-04-22 03:24:51-04:00,1.0
2011-04-22 03:24:54-04:00,1.0
2011-04-22 03:24:57-04:00,1.0
2011-04-22 03:25:00-04:00,1.0
2011-04-22 03:25:03-04:00,1.0
2011-04-22 03:25:06-04:00,1.0
2011-04-22 03:25:09-04:00,1.0
2011-04-22 03:25:12-04:00,1.0
2011-04-22 03:25:15-04:00,1.0
2011-04-22 03:25:18-04:00,1.0
2011-04-22 03:25:21-04:00,1.0
2011-04-22 03:25:24-04:00,1.0
2011-04-22 03:25:27-04:00,1.0
2011-04-22 03:25:30-04:00,1.0
2011-04-22 03:25:33-04:00,1.0
2011-04-22 03:25:36-04:00,1.0
2011-04-22 03:25:39-04:00,1.0
2011-04-22 03:25:42-04:00,1.0
2011-04-22 03:25:45-04:00,1.0
2011-04-22 03:25:48-04:00,1.0
2011-04-22 03:25:51-04:00,1.0
2011-04-22 03:25:54-04:00,1.0
2011-04-22 03:25:57-04:00,1.0
2011-04-22 03:26:00-04:00,1.0
2011-04-22 03:26:03-04:00,1.0
2011-04-22 03:26:06-04:00,1.0
2011-04-22 03:26:09-04:00,1.0
2011-04-22 03:26:12-04:00,1.0
2011-04-22 03:26:15-04:00,1.0
2011-04-22 03:26:18-04:00,1.0
2011-04-22 03:26:21-04:00,1.0
2011-04-22 03:26:24-04:00,1.0
2011-04-22 03:26:27-04:00,1.0
2011-04-22 03:26:30-04:00,1.0
2011-04-22 03:26:33-04:00,1.0
2011-04-22 03:26:36-04:00,1.0
2011-04-22 03:26:39-04:00,1.0
2011-04-22 03:26:42-04:00,1.0
2011-04-22 03:26:45-04:00,1.0
2011-04-22 03:26:48-04:00,1.0
2011-04-22 03:26:51-04:00,1.0
2011-04-22 03:26:54-04:00,1.0
2011-04-22 03:26:57-04:00,1.0
2011-04-22 03:27:00-04:00,1.0
2011-04-22 03:27:03-04:00,1.0
2011-04-22 03:27:06-04:00,1.0
2011-04-22 03:27:09-04:00,1.0
2011-04-22 03:27:12-04:00,1.0
2011-04-22 03:27:15-04:00,1.0
2011-04-22 03:27:18-04:00,1.0
2011-04-22 03:27:21-04:00,1.0
2011-04-22 03:27:24-04:00,1.0
2011-04-22 03:27:27-04:00,1.0
2011-04-22 03:27:30-04:00,1.0
2011-04-22 03:27:33-04:00,1.0
2011-04-22 03:27:36-04:00,1.0
2011-04-22 03:27:39-04:00,1.0
2011-04-22 03:27:42-04:00,1.0
2011-04-22 03:27:45-04:00,1.0
2011-04-22 03:27:48-04:00,1.0
2011-04-22 03:27:51-04:00,1.0
2011-04-22 03:27:54-04:00,1.0
2011-04-22 03:27:57-04:00,1.0
2011-04-22 03:28:00-04:00,1.0
2011-04-22 03:28:03-04:00,1.0
2011-04-22 03:28:06-04:00,1.0
2011-04-22 03:28:09-04:00,1.0
2011-04-22 03:28:12-04:00,1.0
2011-04-22 03:28:15-04:00,1.0
2011-04-22 03:28:18-04:00,1.0
2011-04-22 03:28:21-04:00,1.0
2011-04-22 03:28:24-04:00,1.0
2011-04-22 03:28:27-04:00,1.0
2011-04-22 03:28:30-04:00,1.0
2011-04-22 03:28:33-04:00,1.0
2011-04-22 03:28:36-04:00,1.0
2011-04-22 03:28:39-04:00,1.0
2011-04-22 03:28:42-04:00,1.0
2011-04-22 03:28:45-04:00,1.0
2011-04-22 03:28:48-04:00,1.0
2011-04-22 03:28:51-04:00,1.0
2011-04-22 03:28:54-04:00,1.0
2011-04-22 03:28:57-04:00,1.0
2011-04-22 03:29:00-04:00,1.0
2011-04-22 03:29:03-04:00,1.0
2011-04-22 03:29:06-04:00,1.0
2011-04-22 03:29:09-04:00,1.0
2011-04-22 03:29:12-04:00,1.0
2011-04-22 03:29:15-04:00,1.0
2011-04-22 03:29:18-04:00,1.0
2011-04-22 03:29:21-04:00,1.0
2011-04-22 03:29:24-04:00,1.0
2011-04-22 03:29:27-04:00,1.0
2011-04-22 03:29:30-04:00,1.0
2011-04-22 03:29:33-04:00,1.0
2011-04-22 03:29:36-04:00,1.0
2011-04-22 03:29:39-04:00,1.0
2011-04-22 03:29:42-04:00,1.0
2011-04-22 03:29:45-04:00,1.0
2011-04-22 03:29:48-04:00,1.0
2011-04-22 03:29:51-04:00,1.0
2011-04-22 03:29:54-04:00,1.0
2011-04-22 03:29:57-04:00,1.0
2011-04-22 03:30:00-04:00,1.0
2011-04-22 03:30:03-04:00,1.0
2011-04-22 03:30:06-04:00,1.0
2011-04-22 03:30:09-04:00,1.0
2011-04-22 03:30:12-04:00,1.0
2011-04-22 03:30:15-04:00,1.0
2011-04-22 03:30:18-04:00,1.0
2011-04-22 03:30:21-04:00,1.0
2011-04-22 03:30:24-04:00,1.0
2011-04-22 03:30:27-04:00,1.0
2011-04-22 03:30:30-04:00,1.0
2011-04-22 03:30:33-04:00,1.0
2011-04-22 03:30:36-04:00,1.0
2011-04-22 03:30:39-04:00,1.0
2011-04-22 03:30:42-04:00,1.0
2011-04-22 03:30:45-04:00,1.0
2011-04-22 03:30:48-04:00,1.0
2011-04-22 03:30:51-04:00,1.0
2011-04-22 03:30:54-04:00,1.0
2011-04-22 03:30:57-04:00,1.0
2011-04-22 03:31:00-04:00,1.0
2011-04-22 03:31:03-04:00,1.0
2011-04-22 03:31:06-04:00,1.0
2011-04-22 03:31:09-04:00,1.0
2011-04-22 03:31:12-04:00,1.0
2011-04-22 03:31:15-04:00,1.0
2011-04-22 03:31:18-04:00,1.0
2011-04-22 03:31:21-04:00,1.0
2011-04-22 03:31:24-04:00,1.0
2011-04-22 03:31:27-04:00,1.0
2011-04-22 03:31:30-04:00,1.0
2011-04-22 03:31:33-04:00,1.0
2011-04-22 03:31:36-04:00,1.0
2011-04-22 03:31:39-04:00,1.0
2011-04-22 03:31:42-04:00,1.0
2011-04-22 03:31:45-04:00,1.0
2011-04-22 03:31:48-04:00,1.0
2011-04-22 03:31:51-04:00,1.0
2011-04-22 03:31:54-04:00,1.0
2011-04-22 03:31:57-04:00,1.0
2011-04-22 03:32:00-04:00,1.0
2011-04-22 03:32:03-04:00,1.0
2011-04-22 03:32:06-04:00,1.0
2011-04-22 03:32:09-04:00,1.0
2011-04-22 03:32:12-04:00,1.0
2011-04-22 03:32:15-04:00,1.0
2011-04-22 03:32:18-04:00,1.0
2011-04-22 03:32:21-04:00,1.0
2011-04-22 03:32:24-04:00,1.0
2011-04-22 03:32:27-04:00,1.0
2011-04-22 03:32:30-04:00,1.0
2011-04-22 03:32:33-04:00,1.0
2011-04-22 03:32:36-04:00,1.0
2011-04-22 03:32:39-04:00,1.0
2011-04-22 03:32:42-04:00,1.0
2011-04-22 03:32:45-04:00,1.0
2011-04-22 03:32:48-04:00,1.0
2011-04-22 03:32:51-04:00,1.0
2011-04-22 03:32:54-04:00,1.0
2011-04-22 03:32:57-04:00,1.0
2011-04-22 03:33:00-04:00,1.0
2011-04-22 03:33:03-04:00,1.0
2011-04-22 03:33:06-04:00,1.0
2011-04-22 03:33:09-04:00,1.0
2011-04-22 03:33:12-04:00,1.0
2011-04-22 03:33:15-04:00,1.0
2011-04-22 03:33:18-04:00,1.0
2011-04-22 03:33:21-04:00,1.0
2011-04-22 03:33:24-04:00,1.0
2011-04-22 03:33:27-04:00,1.0
2011-04-22 03:33:30-04:00,1.0
2011-04-22 03:33:33-04:00,1.0
2011-04-22 03:33:36-04:00,1.0
2011-04-22 03:33:39-04:00,1.0
2011-04-22 03:33:42-04:00,1.0
2011-04-22 03:33:45-04:00,1.0
2011-04-22 03:33:48-04:00,1.0
2011-04-22 03:33:51-04:00,1.0
2011-04-22 03:33:54-04:00,1.0
2011-04-22 03:33:57-04:00,1.0
2011-04-22 03:34:00-04:00,1.0
2011-04-22 03:34:03-04:00,1.0
2011-04-22 03:34:06-04:00,1.0
2011-04-22 03:34:09-04:00,1.0
2011-04-22 03:34:12-04:00,1.0
2011-04-22 03:34:15-04:00,1.0
2011-04-22 03:34:18-04:00,1.0
2011-04-22 03:34:21-04:00,1.0
2011-04-22 03:34:24-04:00,1.0
2011-04-22 03:34:27-04:00,1.0
2011-04-22 03:34:30-04:00,1.0
2011-04-22 03:34:33-04:00,1.0
2011-04-22 03:34:36-04:00,1.0
2011-04-22 03:34:39-04:00,1.0
2011-04-22 03:34:42-04:00,1.0
2011-04-22 03:34:45-04:00,1.0
2011-04-22 03:34:48-04:00,1.0
2011-04-22 03:34:51-04:00,1.0
2011-04-22 03:34:54-04:00,1.0
2011-04-22 03:34:57-04:00,1.0
2011-04-22 03:35:00-04:00,1.0
2011-04-22 03:35:03-04:00,1.0
2011-04-22 03:35:06-04:00,1.0
2011-04-22 03:35:09-04:00,1.0
2011-04-22 03:35:12-04:00,1.0
2011-04-22 03:35:15-04:00,1.0
2011-04-22 03:35:18-04:00,1.0
2011-04-22 03:35:21-04:00,1.0
2011-04-22 03:35:24-04:00,1.0
2011-04-22 03:35:27-04:00,1.0
2011-04-22 03:35:30-04:00,1.0
2011-04-22 03:35:33-04:00,1.0
2011-04-22 03:35:36-04:00,1.0
2011-04-22 03:35:39-04:00,1.0
2011-04-22 03:35:42-04:00,1.0
2011-04-22 03:35:45-04:00,1.0
2011-04-22 03:35:48-04:00,1.0
2011-04-22 03:35:51-04:00,1.0
2011-04-22 03:35:54-04:00,1.0
2011-04-22 03:35:57-04:00,1.0
2011-04-22 03:36:00-04:00,1.0
2011-04-22 03:36:03-04:00,1.0
2011-04-22 03:36:06-04:00,1.0
2011-04-22 03:36:09-04:00,1.0
2011-04-22 03:36:12-04:00,1.0
2011-04-22 03:36:15-04:00,1.0
2011-04-22 03:36:18-04:00,1.0
2011-04-22 03:36:21-04:00,1.0
2011-04-22 03:36:24-04:00,1.0
2011-04-22 03:36:27-04:00,1.0
2011-04-22 03:36:30-04:00,1.0
2011-04-22 03:36:33-04:00,1.0
2011-04-22 03:36:36-04:00,1.0
2011-04-22 03:36:39-04:00,1.0
2011-04-22 03:36:42-04:00,1.0
2011-04-22 03:36:45-04:00,1.0
2011-04-22 03:36:48-04:00,1.0
2011-04-22 03:36:51-04:00,1.0
2011-04-22 03:36:54-04:00,1.0
2011-04-22 03:36:57-04:00,1.0
2011-04-22 03:37:00-04:00,1.0
2011-04-22 03:37:03-04:00,1.0
2011-04-22 03:37:06-04:00,1.0
2011-04-22 03:37:09-04:00,1.0
2011-04-22 03:37:12-04:00,1.0
2011-04-22 03:37:15-04:00,1.0
2011-04-22 03:37:18-04:00,1.0
2011-04-22 03:37:21-04:00,1.0
2011-04-22 03:37:24-04:00,1.0
2011-04-22 03:37:27-04:00,1.0
2011-04-22 03:37:30-04:00,1.0
2011-04-22 03:37:33-04:00,1.0
2011-04-22 03:37:36-04:00,1.0
2011-04-22 03:37:39-04:00,0.25
2011-04-22 03:37:42-04:00,0.6666666666666666
2011-04-22 03:37:45-04:00,1.0
2011-04-22 03:37:48-04:00,1.0
2011-04-22 03:37:51-04:00,1.0
2011-04-22 03:37:54-04:00,1.0
2011-04-22 03:37:57-04:00,1.0
2011-04-22 03:38:00-04:00,1.0
2011-04-22 03:38:03-04:00,1.0
2011-04-22 03:38:06-04:00,1.0
2011-04-22 03:38:09-04:00,1.0
2011-04-22 03:38:12-04:00,1.0
2011-04-22 03:38:15-04:00,1.0
2011-04-22 03:38:18-04:00,1.0
2011-04-22 03:38:21-04:00,1.0
2011-04-22 03:38:24-04:00,1.0
2011-04-22 03:38:27-04:00,1.0
2011-04-22 03:38:30-04:00,1.0
2011-04-22 03:38:33-04:00,1.0
2011-04-22 03:38:36-04:00,1.0
2011-04-22 03:38:39-04:00,1.0
2011-04-22 03:38:42-04:00,1.0
2011-04-22 03:38:45-04:00,1.0
2011-04-22 03:38:48-04:00,1.0
2011-04-22 03:38:51-04:00,1.0
2011-04-22 03:38:54-04:00,1.0
2011-04-22 03:38:57-04:00,1.0
2011-04-22 03:39:00-04:00,1.0
2011-04-22 03:39:03-04:00,1.0
2011-04-22 03:39:06-04:00,1.0
2011-04-22 03:39:09-04:00,1.0
2011-04-22 03:39:12-04:00,1.0
2011-04-22 03:39:15-04:00,1.0
2011-04-22 03:39:18-04:00,1.0
2011-04-22 03:39:21-04:00,1.0
2011-04-22 03:39:24-04:00,1.0
2011-04-22 03:39:27-04:00,1.0
2011-04-22 03:39:30-04:00,1.0
2011-04-22 03:39:33-04:00,1.0
2011-04-22 03:39:36-04:00,1.0
2011-04-22 03:39:39-04:00,1.0
2011-04-22 03:39:42-04:00,1.0
2011-04-22 03:39:45-04:00,1.0
2011-04-22 03:39:48-04:00,1.0
2011-04-22 03:39:51-04:00,1.0
2011-04-22 03:39:54-04:00,1.0
2011-04-22 03:39:57-04:00,1.0
2011-04-22 03:40:00-04:00,1.0
2011-04-22 03:40:03-04:00,1.0
2011-04-22 03:40:06-04:00,1.0
2011-04-22 03:40:09-04:00,1.0
2011-04-22 03:40:12-04:00,1.0
2011-04-22 03:40:15-04:00,1.0
2011-04-22 03:40:18-04:00,1.0
2011-04-22 03:40:21-04:00,1.0
2011-04-22 03:40:24-04:00,1.0
2011-04-22 03:40:27-04:00,1.0
2011-04-22 03:40:30-04:00,1.0
2011-04-22 03:40:33-04:00,1.0
2011-04-22 03:40:36-04:00,1.0
2011-04-22 03:40:39-04:00,1.0
2011-04-22 03:40:42-04:00,1.0
2011-04-22 03:40:45-04:00,1.0
2011-04-22 03:40:48-04:00,1.0
2011-04-22 03:40:51-04:00,1.0
2011-04-22 03:40:54-04:00,1.0
2011-04-22 03:40:57-04:00,1.0
2011-04-22 03:41:00-04:00,1.0
2011-04-22 03:41:03-04:00,1.0
2011-04-22 03:41:06-04:00,1.0
2011-04-22 03:41:09-04:00,1.0
2011-04-22 03:41:12-04:00,1.0
2011-04-22 03:41:15-04:00,1.0
2011-04-22 03:41:18-04:00,1.0
2011-04-22 03:41:21-04:00,1.0
2011-04-22 03:41:24-04:00,1.0
2011-04-22 03:41:27-04:00,1.0
2011-04-22 03:41:30-04:00,1.0
2011-04-22 03:41:33-04:00,1.0
2011-04-22 03:41:36-04:00,1.0
2011-04-22 03:41:39-04:00,1.0
2011-04-22 03:41:42-04:00,1.0
2011-04-22 03:41:45-04:00,1.0
2011-04-22 03:41:48-04:00,1.0
2011-04-22 03:41:51-04:00,1.0
2011-04-22 03:41:54-04:00,1.0
2011-04-22 03:41:57-04:00,1.0
2011-04-22 03:42:00-04:00,1.0
2011-04-22 03:42:03-04:00,1.0
2011-04-22 03:42:06-04:00,1.0
2011-04-22 03:42:09-04:00,1.0
2011-04-22 03:42:12-04:00,1.0
2011-04-22 03:42:15-04:00,1.0
2011-04-22 03:42:18-04:00,1.0
2011-04-22 03:42:21-04:00,1.0
2011-04-22 03:42:24-04:00,1.0
2011-04-22 03:42:27-04:00,1.0
2011-04-22 03:42:30-04:00,1.0
2011-04-22 03:42:33-04:00,1.0
2011-04-22 03:42:36-04:00,1.0
2011-04-22 03:42:39-04:00,1.0
2011-04-22 03:42:42-04:00,1.0
2011-04-22 03:42:45-04:00,1.0
2011-04-22 03:42:48-04:00,1.0
2011-04-22 03:42:51-04:00,1.0
2011-04-22 03:42:54-04:00,1.0
2011-04-22 03:42:57-04:00,1.0
2011-04-22 03:43:00-04:00,1.0
2011-04-22 03:43:03-04:00,1.0
2011-04-22 03:43:06-04:00,1.0
2011-04-22 03:43:09-04:00,1.0
2011-04-22 03:43:12-04:00,1.0
2011-04-22 03:43:15-04:00,1.0
2011-04-22 03:43:18-04:00,1.0
2011-04-22 03:43:21-04:00,1.0
2011-04-22 03:43:24-04:00,1.0
2011-04-22 03:43:27-04:00,1.0
2011-04-22 03:43:30-04:00,1.0
2011-04-22 03:43:33-04:00,1.0
2011-04-22 03:43:36-04:00,1.0
2011-04-22 03:43:39-04:00,1.0
2011-04-22 03:43:42-04:00,1.0
2011-04-22 03:43:45-04:00,1.0
2011-04-22 03:43:48-04:00,1.0
2011-04-22 03:43:51-04:00,1.0
2011-04-22 03:43:54-04:00,1.0
2011-04-22 03:43:57-04:00,1.0
2011-04-22 03:44:00-04:00,1.0
2011-04-22 03:44:03-04:00,1.0
2011-04-22 03:44:06-04:00,1.0
2011-04-22 03:44:09-04:00,1.0
2011-04-22 03:44:12-04:00,1.0
2011-04-22 03:44:15-04:00,1.0
2011-04-22 03:44:18-04:00,1.0
2011-04-22 03:44:21-04:00,1.0
2011-04-22 03:44:24-04:00,1.0
2011-04-22 03:44:27-04:00,1.0
2011-04-22 03:44:30-04:00,1.0
2011-04-22 03:44:33-04:00,1.0
2011-04-22 03:44:36-04:00,1.0
2011-04-22 03:44:39-04:00,1.0
2011-04-22 03:44:42-04:00,1.0
2011-04-22 03:44:45-04:00,1.0
2011-04-22 03:44:48-04:00,1.0
2011-04-22 03:44:51-04:00,1.0
2011-04-22 03:44:54-04:00,1.0
2011-04-22 03:44:57-04:00,1.0
2011-04-22 03:45:00-04:00,1.0
2011-04-22 03:45:03-04:00,1.0
2011-04-22 03:45:06-04:00,1.0
2011-04-22 03:45:09-04:00,1.0
2011-04-22 03:45:12-04:00,1.0
2011-04-22 03:45:15-04:00,1.0
2011-04-22 03:45:18-04:00,1.0
2011-04-22 03:45:21-04:00,1.0
2011-04-22 03:45:24-04:00,1.0
2011-04-22 03:45:27-04:00,1.0
2011-04-22 03:45:30-04:00,1.0
2011-04-22 03:45:33-04:00,1.0
2011-04-22 03:45:36-04:00,1.0
2011-04-22 03:45:39-04:00,1.0
2011-04-22 03:45:42-04:00,1.0
2011-04-22 03:45:45-04:00,1.0
2011-04-22 03:45:48-04:00,1.0
2011-04-22 03:45:51-04:00,1.0
2011-04-22 03:45:54-04:00,1.0
2011-04-22 03:45:57-04:00,1.0
2011-04-22 03:46:00-04:00,1.0
2011-04-22 03:46:03-04:00,1.0
2011-04-22 03:46:06-04:00,1.0
2011-04-22 03:46:09-04:00,1.0
2011-04-22 03:46:12-04:00,1.0
2011-04-22 03:46:15-04:00,1.0
2011-04-22 03:46:18-04:00,1.0
2011-04-22 03:46:21-04:00,1.0
2011-04-22 03:46:24-04:00,1.0
2011-04-22 03:46:27-04:00,1.0
2011-04-22 03:46:30-04:00,1.0
2011-04-22 03:46:33-04:00,1.0
2011-04-22 03:46:36-04:00,1.0
2011-04-22 03:46:39-04:00,1.0
2011-04-22 03:46:42-04:00,1.0
2011-04-22 03:46:45-04:00,1.0
2011-04-22 03:46:48-04:00,1.0
2011-04-22 03:46:51-04:00,1.0
2011-04-22 03:46:54-04:00,1.0
2011-04-22 03:46:57-04:00,1.0
2011-04-22 03:47:00-04:00,1.0
2011-04-22 03:47:03-04:00,1.0
2011-04-22 03:47:06-04:00,1.0
2011-04-22 03:47:09-04:00,1.0
2011-04-22 03:47:12-04:00,1.0
2011-04-22 03:47:15-04:00,1.0
2011-04-22 03:47:18-04:00,1.0
2011-04-22 03:47:21-04:00,1.0
2011-04-22 03:47:24-04:00,1.0
2011-04-22 03:47:27-04:00,1.0
2011-04-22 03:47:30-04:00,1.0
2011-04-22 03:47:33-04:00,1.0
2011-04-22 03:47:36-04:00,1.0
2011-04-22 03:47:39-04:00,1.0
2011-04-22 03:47:42-04:00,1.0
2011-04-22 03:47:45-04:00,1.0
2011-04-22 03:47:48-04:00,1.0
2011-04-22 03:47:51-04:00,1.0
2011-04-22 03:47:54-04:00,1.0
2011-04-22 03:47:57-04:00,1.0
2011-04-22 03:48:00-04:00,1.0
2011-04-22 03:48:03-04:00,1.0
2011-04-22 03:48:06-04:00,1.0
2011-04-22 03:48:09-04:00,1.0
2011-04-22 03:48:12-04:00,1.0
2011-04-22 03:48:15-04:00,1.0
2011-04-22 03:48:18-04:00,1.0
2011-04-22 03:48:21-04:00,1.0
2011-04-22 03:48:24-04:00,1.0
2011-04-22 03:48:27-04:00,1.0
2011-04-22 03:48:30-04:00,1.0
2011-04-22 03:48:33-04:00,1.0
2011-04-22 03:48:36-04:00,1.0
2011-04-22 03:48:39-04:00,1.0
2011-04-22 03:48:42-04:00,1.0
2011-04-22 03:48:45-04:00,1.0
2011-04-22 03:48:48-04:00,1.0
2011-04-22 03:48:51-04:00,1.0
2011-04-22 03:48:54-04:00,1.0
2011-04-22 03:48:57-04:00,1.0
2011-04-22 03:49:00-04:00,1.0
2011-04-22 03:49:03-04:00,1.0
2011-04-22 03:49:06-04:00,1.0
2011-04-22 03:49:09-04:00,1.0
2011-04-22 03:49:12-04:00,1.0
2011-04-22 03:49:15-04:00,1.0
2011-04-22 03:49:18-04:00,1.0
2011-04-22 03:49:21-04:00,1.0
2011-04-22 03:49:24-04:00,1.0
2011-04-22 03:49:27-04:00,1.0
2011-04-22 03:49:30-04:00,1.0
2011-04-22 03:49:33-04:00,1.0
2011-04-22 03:49:36-04:00,1.0
2011-04-22 03:49:39-04:00,1.0
2011-04-22 03:49:42-04:00,1.0
2011-04-22 03:49:45-04:00,1.0
2011-04-22 03:49:48-04:00,1.0
2011-04-22 03:49:51-04:00,1.0
2011-04-22 03:49:54-04:00,1.0
2011-04-22 03:49:57-04:00,1.0
2011-04-22 03:50:00-04:00,1.0
2011-04-22 03:50:03-04:00,1.0
2011-04-22 03:50:06-04:00,1.0
2011-04-22 03:50:09-04:00,1.0
2011-04-22 03:50:12-04:00,1.0
2011-04-22 03:50:15-04:00,1.0
2011-04-22 03:50:18-04:00,1.0
2011-04-22 03:50:21-04:00,1.0
2011-04-22 03:50:24-04:00,1.0
2011-04-22 03:50:27-04:00,1.0
2011-04-22 03:50:30-04:00,1.0
2011-04-22 03:50:33-04:00,1.0
2011-04-22 03:50:36-04:00,1.0
2011-04-22 03:50:39-04:00,1.0
2011-04-22 03:50:42-04:00,1.0
2011-04-22 03:50:45-04:00,1.0
2011-04-22 03:50:48-04:00,1.0
2011-04-22 03:50:51-04:00,1.0
2011-04-22 03:50:54-04:00,1.0
2011-04-22 03:50:57-04:00,1.0
2011-04-22 03:51:00-04:00,1.0
2011-04-22 03:51:03-04:00,1.0
2011-04-22 03:51:06-04:00,1.0
2011-04-22 03:51:09-04:00,1.0
2011-04-22 03:51:12-04:00,1.0
2011-04-22 03:51:15-04:00,1.0
2011-04-22 03:51:18-04:00,1.0
2011-04-22 03:51:21-04:00,1.0
2011-04-22 03:51:24-04:00,1.0
2011-04-22 03:51:27-04:00,1.0
2011-04-22 03:51:30-04:00,1.0
2011-04-22 03:51:33-04:00,1.0
2011-04-22 03:51:36-04:00,1.0
2011-04-22 03:51:39-04:00,1.0
2011-04-22 03:51:42-04:00,1.0
2011-04-22 03:51:45-04:00,1.0
2011-04-22 03:51:48-04:00,1.0
2011-04-22 03:51:51-04:00,1.0
2011-04-22 03:51:54-04:00,1.0
2011-04-22 03:51:57-04:00,1.0
2011-04-22 03:52:00-04:00,1.0
2011-04-22 03:52:03-04:00,1.0
2011-04-22 03:52:06-04:00,1.0
2011-04-22 03:52:09-04:00,1.0
2011-04-22 03:52:12-04:00,1.0
2011-04-22 03:52:15-04:00,1.0
2011-04-22 03:52:18-04:00,1.0
2011-04-22 03:52:21-04:00,1.0
2011-04-22 03:52:24-04:00,1.0
2011-04-22 03:52:27-04:00,0.7777777777777778
2011-04-22 03:52:30-04:00,0.4444444444444444
2011-04-22 03:52:33-04:00,0.11111111111111116
2011-04-22 03:52:36-04:00,0.6666666666666666
2011-04-22 03:52:39-04:00,1.0
2011-04-22 03:52:42-04:00,1.0
2011-04-22 03:52:45-04:00,1.0
2011-04-22 03:52:48-04:00,1.0
2011-04-22 03:52:51-04:00,1.0
2011-04-22 03:52:54-04:00,1.0
2011-04-22 03:52:57-04:00,1.0
2011-04-22 03:53:00-04:00,1.0
2011-04-22 03:53:03-04:00,1.0
2011-04-22 03:53:06-04:00,1.0
2011-04-22 03:53:09-04:00,1.0
2011-04-22 03:53:12-04:00,1.0
2011-04-22 03:53:15-04:00,1.0
2011-04-22 03:53:18-04:00,1.0
2011-04-22 03:53:21-04:00,1.0
2011-04-22 03:53:24-04:00,1.0
2011-04-22 03:53:27-04:00,1.0
2011-04-22 03:53:30-04:00,1.0
2011-04-22 03:53:33-04:00,1.0
2011-04-22 03:53:36-04:00,1.0
2011-04-22 03:53:39-04:00,1.0
2011-04-22 03:53:42-04:00,1.0
2011-04-22 03:53:45-04:00,1.0
2011-04-22 03:53:48-04:00,1.0
2011-04-22 03:53:51-04:00,1.0
2011-04-22 03:53:54-04:00,1.0
2011-04-22 03:53:57-04:00,1.0
2011-04-22 03:54:00-04:00,1.0
2011-04-22 03:54:03-04:00,1.0
2011-04-22 03:54:06-04:00,1.0
2011-04-22 03:54:09-04:00,1.0
2011-04-22 03:54:12-04:00,1.0
2011-04-22 03:54:15-04:00,1.0
2011-04-22 03:54:18-04:00,1.0
2011-04-22 03:54:21-04:00,1.0
2011-04-22 03:54:24-04:00,1.0
2011-04-22 03:54:27-04:00,1.0
2011-04-22 03:54:30-04:00,1.0
2011-04-22 03:54:33-04:00,1.0
2011-04-22 03:54:36-04:00,1.0
2011-04-22 03:54:39-04:00,1.0
2011-04-22 03:54:42-04:00,1.0
2011-04-22 03:54:45-04:00,1.0
2011-04-22 03:54:48-04:00,1.0
2011-04-22 03:54:51-04:00,1.0
2011-04-22 03:54:54-04:00,1.0
2011-04-22 03:54:57-04:00,1.0
2011-04-22 03:55:00-04:00,1.0
2011-04-22 03:55:03-04:00,1.0
2011-04-22 03:55:06-04:00,1.0
2011-04-22 03:55:09-04:00,1.0
2011-04-22 03:55:12-04:00,1.0
2011-04-22 03:55:15-04:00,1.0
2011-04-22 03:55:18-04:00,1.0
2011-04-22 03:55:21-04:00,1.0
2011-04-22 03:55:24-04:00,1.0
2011-04-22 03:55:27-04:00,1.0
2011-04-22 03:55:30-04:00,1.0
2011-04-22 03:55:33-04:00,1.0
2011-04-22 03:55:36-04:00,1.0
2011-04-22 03:55:39-04:00,1.0
2011-04-22 03:55:42-04:00,1.0
2011-04-22 03:55:45-04:00,1.0
2011-04-22 03:55:48-04:00,1.0
2011-04-22 03:55:51-04:00,1.0
2011-04-22 03:55:54-04:00,1.0
2011-04-22 03:55:57-04:00,1.0
2011-04-22 03:56:00-04:00,1.0
2011-04-22 03:56:03-04:00,1.0
2011-04-22 03:56:06-04:00,1.0
2011-04-22 03:56:09-04:00,1.0
2011-04-22 03:56:12-04:00,1.0
2011-04-22 03:56:15-04:00,1.0
2011-04-22 03:56:18-04:00,1.0
2011-04-22 03:56:21-04:00,1.0
2011-04-22 03:56:24-04:00,1.0
2011-04-22 03:56:27-04:00,1.0
2011-04-22 03:56:30-04:00,1.0
2011-04-22 03:56:33-04:00,1.0
2011-04-22 03:56:36-04:00,1.0
2011-04-22 03:56:39-04:00,1.0
2011-04-22 03:56:42-04:00,1.0
2011-04-22 03:56:45-04:00,1.0
2011-04-22 03:56:48-04:00,1.0
2011-04-22 03:56:51-04:00,1.0
2011-04-22 03:56:54-04:00,1.0
2011-04-22 03:56:57-04:00,1.0
2011-04-22 03:57:00-04:00,1.0
2011-04-22 03:57:03-04:00,1.0
2011-04-22 03:57:06-04:00,1.0
2011-04-22 03:57:09-04:00,1.0
2011-04-22 03:57:12-04:00,1.0
2011-04-22 03:57:15-04:00,1.0
2011-04-22 03:57:18-04:00,1.0
2011-04-22 03:57:21-04:00,1.0
2011-04-22 03:57:24-04:00,1.0
2011-04-22 03:57:27-04:00,1.0
2011-04-22 03:57:30-04:00,1.0
2011-04-22 03:57:33-04:00,1.0
2011-04-22 03:57:36-04:00,1.0
2011-04-22 03:57:39-04:00,1.0
2011-04-22 03:57:42-04:00,1.0
2011-04-22 03:57:45-04:00,1.0
2011-04-22 03:57:48-04:00,1.0
2011-04-22 03:57:51-04:00,1.0
2011-04-22 03:57:54-04:00,1.0
2011-04-22 03:57:57-04:00,1.0
2011-04-22 03:58:00-04:00,1.0
2011-04-22 03:58:03-04:00,1.0
2011-04-22 03:58:06-04:00,1.0
2011-04-22 03:58:09-04:00,1.0
2011-04-22 03:58:12-04:00,1.0
2011-04-22 03:58:15-04:00,1.0
2011-04-22 03:58:18-04:00,1.0
2011-04-22 03:58:21-04:00,1.0
2011-04-22 03:58:24-04:00,1.0
2011-04-22 03:58:27-04:00,1.0
2011-04-22 03:58:30-04:00,1.0
2011-04-22 03:58:33-04:00,1.0
2011-04-22 03:58:36-04:00,1.0
2011-04-22 03:58:39-04:00,1.0
2011-04-22 03:58:42-04:00,1.0
2011-04-22 03:58:45-04:00,1.0
2011-04-22 03:58:48-04:00,1.0
2011-04-22 03:58:51-04:00,1.0
2011-04-22 03:58:54-04:00,1.0
2011-04-22 03:58:57-04:00,1.0
2011-04-22 03:59:00-04:00,1.0
2011-04-22 03:59:03-04:00,0.0
2011-04-22 03:59:06-04:00,0.75
2011-04-22 03:59:09-04:00,1.0
2011-04-22 03:59:12-04:00,1.0
2011-04-22 03:59:15-04:00,1.0
2011-04-22 03:59:18-04:00,1.0
2011-04-22 03:59:21-04:00,1.0
2011-04-22 03:59:24-04:00,1.0
2011-04-22 03:59:27-04:00,1.0
2011-04-22 03:59:30-04:00,1.0
2011-04-22 03:59:33-04:00,1.0
2011-04-22 03:59:36-04:00,1.0
2011-04-22 03:59:39-04:00,1.0
2011-04-22 03:59:42-04:00,1.0
2011-04-22 03:59:45-04:00,1.0
2011-04-22 03:59:48-04:00,1.0
2011-04-22 03:59:51-04:00,1.0
2011-04-22 03:59:54-04:00,1.0
2011-04-22 03:59:57-04:00,1.0
2011-04-22 04:00:00-04:00,1.0
2011-04-22 04:00:03-04:00,1.0
2011-04-22 04:00:06-04:00,1.0
2011-04-22 04:00:09-04:00,1.0
2011-04-22 04:00:12-04:00,1.0
2011-04-22 04:00:15-04:00,1.0
2011-04-22 04:00:18-04:00,1.0
2011-04-22 04:00:21-04:00,1.0
2011-04-22 04:00:24-04:00,1.0
2011-04-22 04:00:27-04:00,1.0
2011-04-22 04:00:30-04:00,1.0
2011-04-22 04:00:33-04:00,1.0
2011-04-22 04:00:36-04:00,1.0
2011-04-22 04:00:39-04:00,1.0
2011-04-22 04:00:42-04:00,1.0
2011-04-22 04:00:45-04:00,1.0
2011-04-22 04:00:48-04:00,1.0
2011-04-22 04:00:51-04:00,1.0
2011-04-22 04:00:54-04:00,1.0
2011-04-22 04:00:57-04:00,1.0
2011-04-22 04:01:00-04:00,1.0
2011-04-22 04:01:03-04:00,1.0
2011-04-22 04:01:06-04:00,1.0
2011-04-22 04:01:09-04:00,1.0
2011-04-22 04:01:12-04:00,1.0
2011-04-22 04:01:15-04:00,1.0
2011-04-22 04:01:18-04:00,1.0
2011-04-22 04:01:21-04:00,1.0
2011-04-22 04:01:24-04:00,1.0
2011-04-22 04:01:27-04:00,1.0
2011-04-22 04:01:30-04:00,1.0
2011-04-22 04:01:33-04:00,1.0
2011-04-22 04:01:36-04:00,1.0
2011-04-22 04:01:39-04:00,1.0
2011-04-22 04:01:42-04:00,1.0
2011-04-22 04:01:45-04:00,1.0
2011-04-22 04:01:48-04:00,1.0
2011-04-22 04:01:51-04:00,1.0
2011-04-22 04:01:54-04:00,1.0
2011-04-22 04:01:57-04:00,1.0
2011-04-22 04:02:00-04:00,1.0
2011-04-22 04:02:03-04:00,1.0
2011-04-22 04:02:06-04:00,1.0
2011-04-22 04:02:09-04:00,1.0
2011-04-22 04:02:12-04:00,1.0
2011-04-22 04:02:15-04:00,1.0
2011-04-22 04:02:18-04:00,1.0
2011-04-22 04:02:21-04:00,1.0
2011-04-22 04:02:24-04:00,1.0
2011-04-22 04:02:27-04:00,1.0
2011-04-22 04:02:30-04:00,1.0
2011-04-22 04:02:33-04:00,1.0
2011-04-22 04:02:36-04:00,1.0
2011-04-22 04:02:39-04:00,1.0
2011-04-22 04:02:42-04:00,1.0
2011-04-22 04:02:45-04:00,1.0
2011-04-22 04:02:48-04:00,1.0
2011-04-22 04:02:51-04:00,1.0
2011-04-22 04:02:54-04:00,1.0
2011-04-22 04:02:57-04:00,1.0
2011-04-22 04:03:00-04:00,1.0
2011-04-22 04:03:03-04:00,1.0
2011-04-22 04:03:06-04:00,1.0
2011-04-22 04:03:09-04:00,1.0
2011-04-22 04:03:12-04:00,1.0
2011-04-22 04:03:15-04:00,1.0
2011-04-22 04:03:18-04:00,1.0
2011-04-22 04:03:21-04:00,1.0
2011-04-22 04:03:24-04:00,1.0
2011-04-22 04:03:27-04:00,1.0
2011-04-22 04:03:30-04:00,1.0
2011-04-22 04:03:33-04:00,1.0
2011-04-22 04:03:36-04:00,1.0
2011-04-22 04:03:39-04:00,1.0
2011-04-22 04:03:42-04:00,1.0
2011-04-22 04:03:45-04:00,1.0
2011-04-22 04:03:48-04:00,1.0
2011-04-22 04:03:51-04:00,1.0
2011-04-22 04:03:54-04:00,1.0
2011-04-22 04:03:57-04:00,1.0
2011-04-22 04:04:00-04:00,0.25
2011-04-22 04:04:03-04:00,0.6666666666666666
2011-04-22 04:04:06-04:00,1.0
2011-04-22 04:04:09-04:00,1.0
2011-04-22 04:04:12-04:00,1.0
2011-04-22 04:04:15-04:00,1.0
2011-04-22 04:04:18-04:00,1.0
2011-04-22 04:04:21-04:00,1.0
2011-04-22 04:04:24-04:00,1.0
2011-04-22 04:04:27-04:00,1.0
2011-04-22 04:04:30-04:00,1.0
2011-04-22 04:04:33-04:00,1.0
2011-04-22 04:04:36-04:00,1.0
2011-04-22 04:04:39-04:00,0.33333333333333337
2011-04-22 04:04:42-04:00,0.5
2011-04-22 04:04:45-04:00,1.0
2011-04-22 04:04:48-04:00,1.0
2011-04-22 04:04:51-04:00,1.0
2011-04-22 04:04:54-04:00,1.0
2011-04-22 04:04:57-04:00,1.0
2011-04-22 04:05:00-04:00,1.0
2011-04-22 04:05:03-04:00,1.0
2011-04-22 04:05:06-04:00,1.0
2011-04-22 04:05:09-04:00,1.0
2011-04-22 04:05:12-04:00,1.0
2011-04-22 04:05:15-04:00,1.0
2011-04-22 04:05:18-04:00,1.0
2011-04-22 04:05:21-04:00,1.0
2011-04-22 04:05:24-04:00,1.0
2011-04-22 04:05:27-04:00,1.0
2011-04-22 04:05:30-04:00,1.0
2011-04-22 04:05:33-04:00,1.0
2011-04-22 04:05:36-04:00,1.0
2011-04-22 04:05:39-04:00,1.0
2011-04-22 04:05:42-04:00,1.0
2011-04-22 04:05:45-04:00,1.0
2011-04-22 04:05:48-04:00,1.0
2011-04-22 04:05:51-04:00,1.0
2011-04-22 04:05:54-04:00,1.0
2011-04-22 04:05:57-04:00,1.0
2011-04-22 04:06:00-04:00,1.0
2011-04-22 04:06:03-04:00,1.0
2011-04-22 04:06:06-04:00,1.0
2011-04-22 04:06:09-04:00,1.0
2011-04-22 04:06:12-04:00,1.0
2011-04-22 04:06:15-04:00,1.0
2011-04-22 04:06:18-04:00,1.0
2011-04-22 04:06:21-04:00,1.0
2011-04-22 04:06:24-04:00,1.0
2011-04-22 04:06:27-04:00,1.0
2011-04-22 04:06:30-04:00,1.0
2011-04-22 04:06:33-04:00,1.0
2011-04-22 04:06:36-04:00,1.0
2011-04-22 04:06:39-04:00,1.0
2011-04-22 04:06:42-04:00,1.0
2011-04-22 04:06:45-04:00,1.0
2011-04-22 04:06:48-04:00,1.0
2011-04-22 04:06:51-04:00,1.0
2011-04-22 04:06:54-04:00,1.0
2011-04-22 04:06:57-04:00,1.0
2011-04-22 04:07:00-04:00,1.0
2011-04-22 04:07:03-04:00,1.0
2011-04-22 04:07:06-04:00,1.0
2011-04-22 04:07:09-04:00,1.0
2011-04-22 04:07:12-04:00,1.0
2011-04-22 04:07:15-04:00,1.0
2011-04-22 04:07:18-04:00,1.0
2011-04-22 04:07:21-04:00,1.0
2011-04-22 04:07:24-04:00,1.0
2011-04-22 04:07:27-04:00,1.0
2011-04-22 04:07:30-04:00,1.0
2011-04-22 04:07:33-04:00,1.0
2011-04-22 04:07:36-04:00,1.0
2011-04-22 04:07:39-04:00,1.0
2011-04-22 04:07:42-04:00,1.0
2011-04-22 04:07:45-04:00,1.0
2011-04-22 04:07:48-04:00,1.0
2011-04-22 04:07:51-04:00,1.0
2011-04-22 04:07:54-04:00,1.0
2011-04-22 04:07:57-04:00,1.0
2011-04-22 04:08:00-04:00,1.0
2011-04-22 04:08:03-04:00,1.0
2011-04-22 04:08:06-04:00,1.0
2011-04-22 04:08:09-04:00,1.0
2011-04-22 04:08:12-04:00,1.0
2011-04-22 04:08:15-04:00,1.0
2011-04-22 04:08:18-04:00,1.0
2011-04-22 04:08:21-04:00,1.0
2011-04-22 04:08:24-04:00,1.0
2011-04-22 04:08:27-04:00,1.0
2011-04-22 04:08:30-04:00,1.0
2011-04-22 04:08:33-04:00,1.0
2011-04-22 04:08:36-04:00,1.0
2011-04-22 04:08:39-04:00,1.0
2011-04-22 04:08:42-04:00,1.0
2011-04-22 04:08:45-04:00,1.0
2011-04-22 04:08:48-04:00,1.0
2011-04-22 04:08:51-04:00,1.0
2011-04-22 04:08:54-04:00,1.0
2011-04-22 04:08:57-04:00,1.0
2011-04-22 04:09:00-04:00,1.0
2011-04-22 04:09:03-04:00,1.0
2011-04-22 04:09:06-04:00,1.0
2011-04-22 04:09:09-04:00,1.0
2011-04-22 04:09:12-04:00,1.0
2011-04-22 04:09:15-04:00,1.0
2011-04-22 04:09:18-04:00,1.0
2011-04-22 04:09:21-04:00,1.0
2011-04-22 04:09:24-04:00,1.0
2011-04-22 04:09:27-04:00,1.0
2011-04-22 04:09:30-04:00,1.0
2011-04-22 04:09:33-04:00,1.0
2011-04-22 04:09:36-04:00,1.0
2011-04-22 04:09:39-04:00,1.0
2011-04-22 04:09:42-04:00,1.0
2011-04-22 04:09:45-04:00,1.0
2011-04-22 04:09:48-04:00,1.0
2011-04-22 04:09:51-04:00,1.0
2011-04-22 04:09:54-04:00,1.0
2011-04-22 04:09:57-04:00,1.0
2011-04-22 04:10:00-04:00,1.0
2011-04-22 04:10:03-04:00,1.0
2011-04-22 04:10:06-04:00,1.0
2011-04-22 04:10:09-04:00,1.0
2011-04-22 04:10:12-04:00,1.0
2011-04-22 04:10:15-04:00,1.0
2011-04-22 04:10:18-04:00,1.0
2011-04-22 04:10:21-04:00,1.0
2011-04-22 04:10:24-04:00,1.0
2011-04-22 04:10:27-04:00,1.0
2011-04-22 04:10:30-04:00,1.0
2011-04-22 04:10:33-04:00,1.0
2011-04-22 04:10:36-04:00,1.0
2011-04-22 04:10:39-04:00,1.0
2011-04-22 04:10:42-04:00,1.0
2011-04-22 04:10:45-04:00,1.0
2011-04-22 04:10:48-04:00,1.0
2011-04-22 04:10:51-04:00,1.0
2011-04-22 04:10:54-04:00,1.0
2011-04-22 04:10:57-04:00,1.0
2011-04-22 04:11:00-04:00,1.0
2011-04-22 04:11:03-04:00,1.0
2011-04-22 04:11:06-04:00,1.0
2011-04-22 04:11:09-04:00,1.0
2011-04-22 04:11:12-04:00,1.0
2011-04-22 04:11:15-04:00,1.0
2011-04-22 04:11:18-04:00,1.0
2011-04-22 04:11:21-04:00,1.0
2011-04-22 04:11:24-04:00,1.0
2011-04-22 04:11:27-04:00,1.0
2011-04-22 04:11:30-04:00,1.0
2011-04-22 04:11:33-04:00,1.0
2011-04-22 04:11:36-04:00,1.0
2011-04-22 04:11:39-04:00,1.0
2011-04-22 04:11:42-04:00,1.0
2011-04-22 04:11:45-04:00,1.0
2011-04-22 04:11:48-04:00,1.0
2011-04-22 04:11:51-04:00,1.0
2011-04-22 04:11:54-04:00,1.0
2011-04-22 04:11:57-04:00,1.0
2011-04-22 04:12:00-04:00,1.0
2011-04-22 04:12:03-04:00,1.0
2011-04-22 04:12:06-04:00,1.0
2011-04-22 04:12:09-04:00,1.0
2011-04-22 04:12:12-04:00,1.0
2011-04-22 04:12:15-04:00,1.0
2011-04-22 04:12:18-04:00,1.0
2011-04-22 04:12:21-04:00,1.0
2011-04-22 04:12:24-04:00,1.0
2011-04-22 04:12:27-04:00,1.0
2011-04-22 04:12:30-04:00,1.0
2011-04-22 04:12:33-04:00,1.0
2011-04-22 04:12:36-04:00,1.0
2011-04-22 04:12:39-04:00,1.0
2011-04-22 04:12:42-04:00,1.0
2011-04-22 04:12:45-04:00,1.0
2011-04-22 04:12:48-04:00,1.0
2011-04-22 04:12:51-04:00,1.0
2011-04-22 04:12:54-04:00,1.0
2011-04-22 04:12:57-04:00,1.0
2011-04-22 04:13:00-04:00,1.0
2011-04-22 04:13:03-04:00,1.0
2011-04-22 04:13:06-04:00,1.0
2011-04-22 04:13:09-04:00,1.0
2011-04-22 04:13:12-04:00,1.0
2011-04-22 04:13:15-04:00,1.0
2011-04-22 04:13:18-04:00,1.0
2011-04-22 04:13:21-04:00,1.0
2011-04-22 04:13:24-04:00,1.0
2011-04-22 04:13:27-04:00,1.0
2011-04-22 04:13:30-04:00,1.0
2011-04-22 04:13:33-04:00,1.0
2011-04-22 04:13:36-04:00,1.0
2011-04-22 04:13:39-04:00,1.0
2011-04-22 04:13:42-04:00,1.0
2011-04-22 04:13:45-04:00,1.0
2011-04-22 04:13:48-04:00,1.0
2011-04-22 04:13:51-04:00,1.0
2011-04-22 04:13:54-04:00,1.0
2011-04-22 04:13:57-04:00,1.0
2011-04-22 04:14:00-04:00,1.0
2011-04-22 04:14:03-04:00,1.0
2011-04-22 04:14:06-04:00,1.0
2011-04-22 04:14:09-04:00,1.0
2011-04-22 04:14:12-04:00,1.0
2011-04-22 04:14:15-04:00,1.0
2011-04-22 04:14:18-04:00,1.0
2011-04-22 04:14:21-04:00,1.0
2011-04-22 04:14:24-04:00,1.0
2011-04-22 04:14:27-04:00,1.0
2011-04-22 04:14:30-04:00,1.0
2011-04-22 04:14:33-04:00,1.0
2011-04-22 04:14:36-04:00,1.0
2011-04-22 04:14:39-04:00,1.0
2011-04-22 04:14:42-04:00,1.0
2011-04-22 04:14:45-04:00,1.0
2011-04-22 04:14:48-04:00,1.0
2011-04-22 04:14:51-04:00,1.0
2011-04-22 04:14:54-04:00,1.0
2011-04-22 04:14:57-04:00,1.0
2011-04-22 04:15:00-04:00,1.0
2011-04-22 04:15:03-04:00,1.0
2011-04-22 04:15:06-04:00,1.0
2011-04-22 04:15:09-04:00,1.0
2011-04-22 04:15:12-04:00,1.0
2011-04-22 04:15:15-04:00,1.0
2011-04-22 04:15:18-04:00,1.0
2011-04-22 04:15:21-04:00,1.0
2011-04-22 04:15:24-04:00,1.0
2011-04-22 04:15:27-04:00,1.0
2011-04-22 04:15:30-04:00,1.0
2011-04-22 04:15:33-04:00,1.0
2011-04-22 04:15:36-04:00,1.0
2011-04-22 04:15:39-04:00,0.33333333333333337
2011-04-22 04:15:42-04:00,0.6666666666666666
2011-04-22 04:15:45-04:00,1.0
2011-04-22 04:15:48-04:00,1.0
2011-04-22 04:15:51-04:00,1.0
2011-04-22 04:15:54-04:00,1.0
2011-04-22 04:15:57-04:00,1.0
2011-04-22 04:16:00-04:00,1.0
2011-04-22 04:16:03-04:00,1.0
2011-04-22 04:16:06-04:00,1.0
2011-04-22 04:16:09-04:00,1.0
2011-04-22 04:16:12-04:00,1.0
2011-04-22 04:16:15-04:00,1.0
2011-04-22 04:16:18-04:00,1.0
2011-04-22 04:16:21-04:00,1.0
2011-04-22 04:16:24-04:00,1.0
2011-04-22 04:16:27-04:00,1.0
2011-04-22 04:16:30-04:00,1.0
2011-04-22 04:16:33-04:00,1.0
2011-04-22 04:16:36-04:00,1.0
2011-04-22 04:16:39-04:00,1.0
2011-04-22 04:16:42-04:00,1.0
2011-04-22 04:16:45-04:00,1.0
2011-04-22 04:16:48-04:00,1.0
2011-04-22 04:16:51-04:00,1.0
2011-04-22 04:16:54-04:00,1.0
2011-04-22 04:16:57-04:00,1.0
2011-04-22 04:17:00-04:00,1.0
2011-04-22 04:17:03-04:00,1.0
2011-04-22 04:17:06-04:00,1.0
2011-04-22 04:17:09-04:00,1.0
2011-04-22 04:17:12-04:00,1.0
2011-04-22 04:17:15-04:00,1.0
2011-04-22 04:17:18-04:00,1.0
2011-04-22 04:17:21-04:00,1.0
2011-04-22 04:17:24-04:00,1.0
2011-04-22 04:17:27-04:00,1.0
2011-04-22 04:17:30-04:00,1.0
2011-04-22 04:17:33-04:00,1.0
2011-04-22 04:17:36-04:00,1.0
2011-04-22 04:17:39-04:00,1.0
2011-04-22 04:17:42-04:00,1.0
2011-04-22 04:17:45-04:00,1.0
2011-04-22 04:17:48-04:00,1.0
2011-04-22 04:17:51-04:00,1.0
2011-04-22 04:17:54-04:00,1.0
2011-04-22 04:17:57-04:00,1.0
2011-04-22 04:18:00-04:00,1.0
2011-04-22 04:18:03-04:00,1.0
2011-04-22 04:18:06-04:00,1.0
2011-04-22 04:18:09-04:00,1.0
2011-04-22 04:18:12-04:00,1.0
2011-04-22 04:18:15-04:00,1.0
2011-04-22 04:18:18-04:00,1.0
2011-04-22 04:18:21-04:00,1.0
2011-04-22 04:18:24-04:00,1.0
2011-04-22 04:18:27-04:00,1.0
2011-04-22 04:18:30-04:00,1.0
2011-04-22 04:18:33-04:00,1.0
2011-04-22 04:18:36-04:00,1.0
2011-04-22 04:18:39-04:00,1.0
2011-04-22 04:18:42-04:00,1.0
2011-04-22 04:18:45-04:00,1.0
2011-04-22 04:18:48-04:00,1.0
2011-04-22 04:18:51-04:00,1.0
2011-04-22 04:18:54-04:00,1.0
2011-04-22 04:18:57-04:00,1.0
2011-04-22 04:19:00-04:00,1.0
2011-04-22 04:19:03-04:00,1.0
2011-04-22 04:19:06-04:00,1.0
2011-04-22 04:19:09-04:00,1.0
2011-04-22 04:19:12-04:00,1.0
2011-04-22 04:19:15-04:00,1.0
2011-04-22 04:19:18-04:00,1.0
2011-04-22 04:19:21-04:00,1.0
2011-04-22 04:19:24-04:00,1.0
2011-04-22 04:19:27-04:00,1.0
2011-04-22 04:19:30-04:00,1.0
2011-04-22 04:19:33-04:00,1.0
2011-04-22 04:19:36-04:00,1.0
2011-04-22 04:19:39-04:00,1.0
2011-04-22 04:19:42-04:00,1.0
2011-04-22 04:19:45-04:00,1.0
2011-04-22 04:19:48-04:00,1.0
2011-04-22 04:19:51-04:00,1.0
2011-04-22 04:19:54-04:00,1.0
2011-04-22 04:19:57-04:00,1.0
2011-04-22 04:20:00-04:00,1.0
2011-04-22 04:20:03-04:00,1.0
2011-04-22 04:20:06-04:00,1.0
2011-04-22 04:20:09-04:00,1.0
2011-04-22 04:20:12-04:00,1.0
2011-04-22 04:20:15-04:00,1.0
2011-04-22 04:20:18-04:00,1.0
2011-04-22 04:20:21-04:00,1.0
2011-04-22 04:20:24-04:00,1.0
2011-04-22 04:20:27-04:00,1.0
2011-04-22 04:20:30-04:00,1.0
2011-04-22 04:20:33-04:00,1.0
2011-04-22 04:20:36-04:00,1.0
2011-04-22 04:20:39-04:00,1.0
2011-04-22 04:20:42-04:00,1.0
2011-04-22 04:20:45-04:00,1.0
2011-04-22 04:20:48-04:00,1.0
2011-04-22 04:20:51-04:00,1.0
2011-04-22 04:20:54-04:00,1.0
2011-04-22 04:20:57-04:00,1.0
2011-04-22 04:21:00-04:00,1.0
2011-04-22 04:21:03-04:00,1.0
2011-04-22 04:21:06-04:00,1.0
2011-04-22 04:21:09-04:00,1.0
2011-04-22 04:21:12-04:00,1.0
2011-04-22 04:21:15-04:00,1.0
2011-04-22 04:21:18-04:00,1.0
2011-04-22 04:21:21-04:00,1.0
2011-04-22 04:21:24-04:00,1.0
2011-04-22 04:21:27-04:00,1.0
2011-04-22 04:21:30-04:00,1.0
2011-04-22 04:21:33-04:00,1.0
2011-04-22 04:21:36-04:00,1.0
2011-04-22 04:21:39-04:00,1.0
2011-04-22 04:21:42-04:00,1.0
2011-04-22 04:21:45-04:00,1.0
2011-04-22 04:21:48-04:00,1.0
2011-04-22 04:21:51-04:00,1.0
2011-04-22 04:21:54-04:00,1.0
2011-04-22 04:21:57-04:00,1.0
2011-04-22 04:22:00-04:00,1.0
2011-04-22 04:22:03-04:00,1.0
2011-04-22 04:22:06-04:00,1.0
2011-04-22 04:22:09-04:00,1.0
2011-04-22 04:22:12-04:00,1.0
2011-04-22 04:22:15-04:00,1.0
2011-04-22 04:22:18-04:00,1.0
2011-04-22 04:22:21-04:00,1.0
2011-04-22 04:22:24-04:00,1.0
2011-04-22 04:22:27-04:00,1.0
2011-04-22 04:22:30-04:00,1.0
2011-04-22 04:22:33-04:00,1.0
2011-04-22 04:22:36-04:00,1.0
2011-04-22 04:22:39-04:00,1.0
2011-04-22 04:22:42-04:00,1.0
2011-04-22 04:22:45-04:00,1.0
2011-04-22 04:22:48-04:00,1.0
2011-04-22 04:22:51-04:00,1.0
2011-04-22 04:22:54-04:00,1.0
2011-04-22 04:22:57-04:00,1.0
2011-04-22 04:23:00-04:00,1.0
2011-04-22 04:23:03-04:00,1.0
2011-04-22 04:23:06-04:00,1.0
2011-04-22 04:23:09-04:00,1.0
2011-04-22 04:23:12-04:00,1.0
2011-04-22 04:23:15-04:00,1.0
2011-04-22 04:23:18-04:00,1.0
2011-04-22 04:23:21-04:00,1.0
2011-04-22 04:23:24-04:00,1.0
2011-04-22 04:23:27-04:00,1.0
2011-04-22 04:23:30-04:00,1.0
2011-04-22 04:23:33-04:00,1.0
2011-04-22 04:23:36-04:00,1.0
2011-04-22 04:23:39-04:00,1.0
2011-04-22 04:23:42-04:00,1.0
2011-04-22 04:23:45-04:00,1.0
2011-04-22 04:23:48-04:00,1.0
2011-04-22 04:23:51-04:00,1.0
2011-04-22 04:23:54-04:00,1.0
2011-04-22 04:23:57-04:00,1.0
2011-04-22 04:24:00-04:00,1.0
2011-04-22 04:24:03-04:00,1.0
2011-04-22 04:24:06-04:00,1.0
2011-04-22 04:24:09-04:00,1.0
2011-04-22 04:24:12-04:00,1.0
2011-04-22 04:24:15-04:00,1.0
2011-04-22 04:24:18-04:00,1.0
2011-04-22 04:24:21-04:00,1.0
2011-04-22 04:24:24-04:00,1.0
2011-04-22 04:24:27-04:00,1.0
2011-04-22 04:24:30-04:00,1.0
2011-04-22 04:24:33-04:00,1.0
2011-04-22 04:24:36-04:00,1.0
2011-04-22 04:24:39-04:00,1.0
2011-04-22 04:24:42-04:00,1.0
2011-04-22 04:24:45-04:00,1.0
2011-04-22 04:24:48-04:00,1.0
2011-04-22 04:24:51-04:00,1.0
2011-04-22 04:24:54-04:00,1.0
2011-04-22 04:24:57-04:00,1.0
2011-04-22 04:25:00-04:00,1.0
2011-04-22 04:25:03-04:00,1.0
2011-04-22 04:25:06-04:00,1.0
2011-04-22 04:25:09-04:00,1.0
2011-04-22 04:25:12-04:00,1.0
2011-04-22 04:25:15-04:00,1.0
2011-04-22 04:25:18-04:00,1.0
2011-04-22 04:25:21-04:00,1.0
2011-04-22 04:25:24-04:00,1.0
2011-04-22 04:25:27-04:00,1.0
2011-04-22 04:25:30-04:00,1.0
2011-04-22 04:25:33-04:00,1.0
2011-04-22 04:25:36-04:00,1.0
2011-04-22 04:25:39-04:00,1.0
2011-04-22 04:25:42-04:00,1.0
2011-04-22 04:25:45-04:00,1.0
2011-04-22 04:25:48-04:00,1.0
2011-04-22 04:25:51-04:00,1.0
2011-04-22 04:25:54-04:00,1.0
2011-04-22 04:25:57-04:00,1.0
2011-04-22 04:26:00-04:00,1.0
2011-04-22 04:26:03-04:00,1.0
2011-04-22 04:26:06-04:00,1.0
2011-04-22 04:26:09-04:00,1.0
2011-04-22 04:26:12-04:00,1.0
2011-04-22 04:26:15-04:00,1.0
2011-04-22 04:26:18-04:00,1.0
2011-04-22 04:26:21-04:00,1.0
2011-04-22 04:26:24-04:00,1.0
2011-04-22 04:26:27-04:00,1.0
2011-04-22 04:26:30-04:00,1.0
2011-04-22 04:26:33-04:00,1.0
2011-04-22 04:26:36-04:00,1.0
2011-04-22 04:26:39-04:00,1.0
2011-04-22 04:26:42-04:00,1.0
2011-04-22 04:26:45-04:00,1.0
2011-04-22 04:26:48-04:00,1.0
2011-04-22 04:26:51-04:00,1.0
2011-04-22 04:26:54-04:00,1.0
2011-04-22 04:26:57-04:00,1.0
2011-04-22 04:27:00-04:00,1.0
2011-04-22 04:27:03-04:00,1.0
2011-04-22 04:27:06-04:00,1.0
2011-04-22 04:27:09-04:00,1.0
2011-04-22 04:27:12-04:00,1.0
2011-04-22 04:27:15-04:00,1.0
2011-04-22 04:27:18-04:00,1.0
2011-04-22 04:27:21-04:00,1.0
2011-04-22 04:27:24-04:00,1.0
2011-04-22 04:27:27-04:00,1.0
2011-04-22 04:27:30-04:00,1.0
2011-04-22 04:27:33-04:00,1.0
2011-04-22 04:27:36-04:00,1.0
2011-04-22 04:27:39-04:00,1.0
2011-04-22 04:27:42-04:00,1.0
2011-04-22 04:27:45-04:00,1.0
2011-04-22 04:27:48-04:00,1.0
2011-04-22 04:27:51-04:00,1.0
2011-04-22 04:27:54-04:00,1.0
2011-04-22 04:27:57-04:00,1.0
2011-04-22 04:28:00-04:00,1.0
2011-04-22 04:28:03-04:00,0.25
2011-04-22 04:28:06-04:00,0.6666666666666666
2011-04-22 04:28:09-04:00,1.0
2011-04-22 04:28:12-04:00,1.0
2011-04-22 04:28:15-04:00,1.0
2011-04-22 04:28:18-04:00,1.0
2011-04-22 04:28:21-04:00,1.0
2011-04-22 04:28:24-04:00,1.0
2011-04-22 04:28:27-04:00,1.0
2011-04-22 04:28:30-04:00,1.0
2011-04-22 04:28:33-04:00,1.0
2011-04-22 04:28:36-04:00,1.0
2011-04-22 04:28:39-04:00,1.0
2011-04-22 04:28:42-04:00,1.0
2011-04-22 04:28:45-04:00,1.0
2011-04-22 04:28:48-04:00,1.0
2011-04-22 04:28:51-04:00,1.0
2011-04-22 04:28:54-04:00,1.0
2011-04-22 04:28:57-04:00,1.0
2011-04-22 04:29:00-04:00,1.0
2011-04-22 04:29:03-04:00,1.0
2011-04-22 04:29:06-04:00,1.0
2011-04-22 04:29:09-04:00,1.0
2011-04-22 04:29:12-04:00,1.0
2011-04-22 04:29:15-04:00,1.0
2011-04-22 04:29:18-04:00,1.0
2011-04-22 04:29:21-04:00,1.0
2011-04-22 04:29:24-04:00,1.0
2011-04-22 04:29:27-04:00,1.0
2011-04-22 04:29:30-04:00,1.0
2011-04-22 04:29:33-04:00,1.0
2011-04-22 04:29:36-04:00,1.0
2011-04-22 04:29:39-04:00,1.0
2011-04-22 04:29:42-04:00,1.0
2011-04-22 04:29:45-04:00,1.0
2011-04-22 04:29:48-04:00,1.0
2011-04-22 04:29:51-04:00,1.0
2011-04-22 04:29:54-04:00,1.0
2011-04-22 04:29:57-04:00,1.0
2011-04-22 04:30:00-04:00,1.0
2011-04-22 04:30:03-04:00,1.0
2011-04-22 04:30:06-04:00,1.0
2011-04-22 04:30:09-04:00,1.0
2011-04-22 04:30:12-04:00,1.0
2011-04-22 04:30:15-04:00,1.0
2011-04-22 04:30:18-04:00,1.0
2011-04-22 04:30:21-04:00,1.0
2011-04-22 04:30:24-04:00,1.0
2011-04-22 04:30:27-04:00,1.0
2011-04-22 04:30:30-04:00,1.0
2011-04-22 04:30:33-04:00,1.0
2011-04-22 04:30:36-04:00,1.0
2011-04-22 04:30:39-04:00,1.0
2011-04-22 04:30:42-04:00,1.0
2011-04-22 04:30:45-04:00,1.0
2011-04-22 04:30:48-04:00,1.0
2011-04-22 04:30:51-04:00,1.0
2011-04-22 04:30:54-04:00,1.0
2011-04-22 04:30:57-04:00,1.0
2011-04-22 04:31:00-04:00,1.0
2011-04-22 04:31:03-04:00,1.0
2011-04-22 04:31:06-04:00,1.0
2011-04-22 04:31:09-04:00,1.0
2011-04-22 04:31:12-04:00,1.0
2011-04-22 04:31:15-04:00,1.0
2011-04-22 04:31:18-04:00,1.0
2011-04-22 04:31:21-04:00,1.0
2011-04-22 04:31:24-04:00,1.0
2011-04-22 04:31:27-04:00,1.0
2011-04-22 04:31:30-04:00,1.0
2011-04-22 04:31:33-04:00,1.0
2011-04-22 04:31:36-04:00,1.0
2011-04-22 04:31:39-04:00,1.0
2011-04-22 04:31:42-04:00,1.0
2011-04-22 04:31:45-04:00,1.0
2011-04-22 04:31:48-04:00,1.0
2011-04-22 04:31:51-04:00,1.0
2011-04-22 04:31:54-04:00,1.0
2011-04-22 04:31:57-04:00,1.0
2011-04-22 04:32:00-04:00,1.0
2011-04-22 04:32:03-04:00,1.0
2011-04-22 04:32:06-04:00,1.0
2011-04-22 04:32:09-04:00,1.0
2011-04-22 04:32:12-04:00,1.0
2011-04-22 04:32:15-04:00,1.0
2011-04-22 04:32:18-04:00,1.0
2011-04-22 04:32:21-04:00,1.0
2011-04-22 04:32:24-04:00,1.0
2011-04-22 04:32:27-04:00,1.0
2011-04-22 04:32:30-04:00,1.0
2011-04-22 04:32:33-04:00,1.0
2011-04-22 04:32:36-04:00,1.0
2011-04-22 04:32:39-04:00,1.0
2011-04-22 04:32:42-04:00,1.0
2011-04-22 04:32:45-04:00,1.0
2011-04-22 04:32:48-04:00,1.0
2011-04-22 04:32:51-04:00,1.0
2011-04-22 04:32:54-04:00,1.0
2011-04-22 04:32:57-04:00,1.0
2011-04-22 04:33:00-04:00,1.0
2011-04-22 04:33:03-04:00,1.0
2011-04-22 04:33:06-04:00,1.0
2011-04-22 04:33:09-04:00,1.0
2011-04-22 04:33:12-04:00,1.0
2011-04-22 04:33:15-04:00,1.0
2011-04-22 04:33:18-04:00,1.0
2011-04-22 04:33:21-04:00,1.0
2011-04-22 04:33:24-04:00,1.0
2011-04-22 04:33:27-04:00,1.0
2011-04-22 04:33:30-04:00,1.0
2011-04-22 04:33:33-04:00,1.0
2011-04-22 04:33:36-04:00,1.0
2011-04-22 04:33:39-04:00,1.0
2011-04-22 04:33:42-04:00,1.0
2011-04-22 04:33:45-04:00,1.0
2011-04-22 04:33:48-04:00,1.0
2011-04-22 04:33:51-04:00,1.0
2011-04-22 04:33:54-04:00,1.0
2011-04-22 04:33:57-04:00,1.0
2011-04-22 04:34:00-04:00,1.0
2011-04-22 04:34:03-04:00,1.0
2011-04-22 04:34:06-04:00,1.0
2011-04-22 04:34:09-04:00,1.0
2011-04-22 04:34:12-04:00,1.0
2011-04-22 04:34:15-04:00,1.0
2011-04-22 04:34:18-04:00,1.0
2011-04-22 04:34:21-04:00,1.0
2011-04-22 04:34:24-04:00,1.0
2011-04-22 04:34:27-04:00,1.0
2011-04-22 04:34:30-04:00,1.0
2011-04-22 04:34:33-04:00,1.0
2011-04-22 04:34:36-04:00,1.0
2011-04-22 04:34:39-04:00,1.0
2011-04-22 04:34:42-04:00,1.0
2011-04-22 04:34:45-04:00,1.0
2011-04-22 04:34:48-04:00,1.0
2011-04-22 04:34:51-04:00,1.0
2011-04-22 04:34:54-04:00,1.0
2011-04-22 04:34:57-04:00,1.0
2011-04-22 04:35:00-04:00,1.0
2011-04-22 04:35:03-04:00,1.0
2011-04-22 04:35:06-04:00,1.0
2011-04-22 04:35:09-04:00,1.0
2011-04-22 04:35:12-04:00,1.0
2011-04-22 04:35:15-04:00,1.0
2011-04-22 04:35:18-04:00,1.0
2011-04-22 04:35:21-04:00,1.0
2011-04-22 04:35:24-04:00,1.0
2011-04-22 04:35:27-04:00,1.0
2011-04-22 04:35:30-04:00,1.0
2011-04-22 04:35:33-04:00,1.0
2011-04-22 04:35:36-04:00,1.0
2011-04-22 04:35:39-04:00,1.0
2011-04-22 04:35:42-04:00,1.0
2011-04-22 04:35:45-04:00,1.0
2011-04-22 04:35:48-04:00,1.0
2011-04-22 04:35:51-04:00,1.0
2011-04-22 04:35:54-04:00,1.0
2011-04-22 04:35:57-04:00,1.0
2011-04-22 04:36:00-04:00,1.0
2011-04-22 04:36:03-04:00,1.0
2011-04-22 04:36:06-04:00,1.0
2011-04-22 04:36:09-04:00,1.0
2011-04-22 04:36:12-04:00,1.0
2011-04-22 04:36:15-04:00,1.0
2011-04-22 04:36:18-04:00,1.0
2011-04-22 04:36:21-04:00,1.0
2011-04-22 04:36:24-04:00,1.0
2011-04-22 04:36:27-04:00,1.0
2011-04-22 04:36:30-04:00,1.0
2011-04-22 04:36:33-04:00,1.0
2011-04-22 04:36:36-04:00,1.0
2011-04-22 04:36:39-04:00,1.0
2011-04-22 04:36:42-04:00,1.0
2011-04-22 04:36:45-04:00,1.0
2011-04-22 04:36:48-04:00,1.0
2011-04-22 04:36:51-04:00,1.0
2011-04-22 04:36:54-04:00,1.0
2011-04-22 04:36:57-04:00,0.75
2011-04-22 04:37:00-04:00,0.0
2011-04-22 04:37:03-04:00,1.0
2011-04-22 04:37:06-04:00,1.0
2011-04-22 04:37:09-04:00,1.0
2011-04-22 04:37:12-04:00,1.0
2011-04-22 04:37:15-04:00,1.0
2011-04-22 04:37:18-04:00,1.0
2011-04-22 04:37:21-04:00,1.0
2011-04-22 04:37:24-04:00,1.0
2011-04-22 04:37:27-04:00,1.0
2011-04-22 04:37:30-04:00,1.0
2011-04-22 04:37:33-04:00,1.0
2011-04-22 04:37:36-04:00,1.0
2011-04-22 04:37:39-04:00,1.0
2011-04-22 04:37:42-04:00,1.0
2011-04-22 04:37:45-04:00,1.0
2011-04-22 04:37:48-04:00,1.0
2011-04-22 04:37:51-04:00,1.0
2011-04-22 04:37:54-04:00,1.0
2011-04-22 04:37:57-04:00,1.0
2011-04-22 04:38:00-04:00,1.0
2011-04-22 04:38:03-04:00,1.0
2011-04-22 04:38:06-04:00,1.0
2011-04-22 04:38:09-04:00,1.0
2011-04-22 04:38:12-04:00,1.0
2011-04-22 04:38:15-04:00,1.0
2011-04-22 04:38:18-04:00,1.0
2011-04-22 04:38:21-04:00,1.0
2011-04-22 04:38:24-04:00,1.0
2011-04-22 04:38:27-04:00,1.0
2011-04-22 04:38:30-04:00,1.0
2011-04-22 04:38:33-04:00,1.0
2011-04-22 04:38:36-04:00,1.0
2011-04-22 04:38:39-04:00,1.0
2011-04-22 04:38:42-04:00,1.0
2011-04-22 04:38:45-04:00,1.0
2011-04-22 04:38:48-04:00,1.0
2011-04-22 04:38:51-04:00,1.0
2011-04-22 04:38:54-04:00,1.0
2011-04-22 04:38:57-04:00,1.0
2011-04-22 04:39:00-04:00,1.0
2011-04-22 04:39:03-04:00,1.0
2011-04-22 04:39:06-04:00,1.0
2011-04-22 04:39:09-04:00,1.0
2011-04-22 04:39:12-04:00,1.0
2011-04-22 04:39:15-04:00,1.0
2011-04-22 04:39:18-04:00,1.0
2011-04-22 04:39:21-04:00,1.0
2011-04-22 04:39:24-04:00,1.0
2011-04-22 04:39:27-04:00,1.0
2011-04-22 04:39:30-04:00,1.0
2011-04-22 04:39:33-04:00,1.0
2011-04-22 04:39:36-04:00,1.0
2011-04-22 04:39:39-04:00,1.0
2011-04-22 04:39:42-04:00,1.0
2011-04-22 04:39:45-04:00,1.0
2011-04-22 04:39:48-04:00,1.0
2011-04-22 04:39:51-04:00,1.0
2011-04-22 04:39:54-04:00,1.0
2011-04-22 04:39:57-04:00,1.0
2011-04-22 04:40:00-04:00,1.0
2011-04-22 04:40:03-04:00,1.0
2011-04-22 04:40:06-04:00,1.0
2011-04-22 04:40:09-04:00,1.0
2011-04-22 04:40:12-04:00,1.0
2011-04-22 04:40:15-04:00,1.0
2011-04-22 04:40:18-04:00,1.0
2011-04-22 04:40:21-04:00,1.0
2011-04-22 04:40:24-04:00,1.0
2011-04-22 04:40:27-04:00,1.0
2011-04-22 04:40:30-04:00,1.0
2011-04-22 04:40:33-04:00,1.0
2011-04-22 04:40:36-04:00,1.0
2011-04-22 04:40:39-04:00,1.0
2011-04-22 04:40:42-04:00,1.0
2011-04-22 04:40:45-04:00,1.0
2011-04-22 04:40:48-04:00,1.0
2011-04-22 04:40:51-04:00,1.0
2011-04-22 04:40:54-04:00,1.0
2011-04-22 04:40:57-04:00,1.0
2011-04-22 04:41:00-04:00,1.0
2011-04-22 04:41:03-04:00,1.0
2011-04-22 04:41:06-04:00,1.0
2011-04-22 04:41:09-04:00,1.0
2011-04-22 04:41:12-04:00,1.0
2011-04-22 04:41:15-04:00,1.0
2011-04-22 04:41:18-04:00,1.0
2011-04-22 04:41:21-04:00,1.0
2011-04-22 04:41:24-04:00,1.0
2011-04-22 04:41:27-04:00,1.0
2011-04-22 04:41:30-04:00,1.0
2011-04-22 04:41:33-04:00,1.0
2011-04-22 04:41:36-04:00,1.0
2011-04-22 04:41:39-04:00,1.0
2011-04-22 04:41:42-04:00,1.0
2011-04-22 04:41:45-04:00,1.0
2011-04-22 04:41:48-04:00,1.0
2011-04-22 04:41:51-04:00,1.0
2011-04-22 04:41:54-04:00,1.0
2011-04-22 04:41:57-04:00,1.0
2011-04-22 04:42:00-04:00,1.0
2011-04-22 04:42:03-04:00,1.0
2011-04-22 04:42:06-04:00,1.0
2011-04-22 04:42:09-04:00,1.0
2011-04-22 04:42:12-04:00,1.0
2011-04-22 04:42:15-04:00,1.0
2011-04-22 04:42:18-04:00,1.0
2011-04-22 04:42:21-04:00,1.0
2011-04-22 04:42:24-04:00,1.0
2011-04-22 04:42:27-04:00,1.0
2011-04-22 04:42:30-04:00,1.0
2011-04-22 04:42:33-04:00,1.0
2011-04-22 04:42:36-04:00,1.0
2011-04-22 04:42:39-04:00,1.0
2011-04-22 04:42:42-04:00,1.0
2011-04-22 04:42:45-04:00,1.0
2011-04-22 04:42:48-04:00,1.0
2011-04-22 04:42:51-04:00,1.0
2011-04-22 04:42:54-04:00,1.0
2011-04-22 04:42:57-04:00,1.0
2011-04-22 04:43:00-04:00,1.0
2011-04-22 04:43:03-04:00,1.0
2011-04-22 04:43:06-04:00,1.0
2011-04-22 04:43:09-04:00,1.0
2011-04-22 04:43:12-04:00,1.0
2011-04-22 04:43:15-04:00,1.0
2011-04-22 04:43:18-04:00,1.0
2011-04-22 04:43:21-04:00,1.0
2011-04-22 04:43:24-04:00,1.0
2011-04-22 04:43:27-04:00,1.0
2011-04-22 04:43:30-04:00,1.0
2011-04-22 04:43:33-04:00,1.0
2011-04-22 04:43:36-04:00,1.0
2011-04-22 04:43:39-04:00,1.0
2011-04-22 04:43:42-04:00,1.0
2011-04-22 04:43:45-04:00,1.0
2011-04-22 04:43:48-04:00,1.0
2011-04-22 04:43:51-04:00,1.0
2011-04-22 04:43:54-04:00,1.0
2011-04-22 04:43:57-04:00,1.0
2011-04-22 04:44:00-04:00,1.0
2011-04-22 04:44:03-04:00,1.0
2011-04-22 04:44:06-04:00,1.0
2011-04-22 04:44:09-04:00,1.0
2011-04-22 04:44:12-04:00,1.0
2011-04-22 04:44:15-04:00,1.0
2011-04-22 04:44:18-04:00,1.0
2011-04-22 04:44:21-04:00,1.0
2011-04-22 04:44:24-04:00,1.0
2011-04-22 04:44:27-04:00,1.0
2011-04-22 04:44:30-04:00,1.0
2011-04-22 04:44:33-04:00,1.0
2011-04-22 04:44:36-04:00,1.0
2011-04-22 04:44:39-04:00,1.0
2011-04-22 04:44:42-04:00,1.0
2011-04-22 04:44:45-04:00,1.0
2011-04-22 04:44:48-04:00,1.0
2011-04-22 04:44:51-04:00,1.0
2011-04-22 04:44:54-04:00,1.0
2011-04-22 04:44:57-04:00,1.0
2011-04-22 04:45:00-04:00,1.0
2011-04-22 04:45:03-04:00,1.0
2011-04-22 04:45:06-04:00,1.0
2011-04-22 04:45:09-04:00,1.0
2011-04-22 04:45:12-04:00,1.0
2011-04-22 04:45:15-04:00,1.0
2011-04-22 04:45:18-04:00,1.0
2011-04-22 04:45:21-04:00,1.0
2011-04-22 04:45:24-04:00,1.0
2011-04-22 04:45:27-04:00,1.0
2011-04-22 04:45:30-04:00,1.0
2011-04-22 04:45:33-04:00,1.0
2011-04-22 04:45:36-04:00,1.0
2011-04-22 04:45:39-04:00,1.0
2011-04-22 04:45:42-04:00,1.0
2011-04-22 04:45:45-04:00,1.0
2011-04-22 04:45:48-04:00,1.0
2011-04-22 04:45:51-04:00,1.0
2011-04-22 04:45:54-04:00,1.0
2011-04-22 04:45:57-04:00,1.0
2011-04-22 04:46:00-04:00,1.0
2011-04-22 04:46:03-04:00,1.0
2011-04-22 04:46:06-04:00,1.0
2011-04-22 04:46:09-04:00,1.0
2011-04-22 04:46:12-04:00,1.0
2011-04-22 04:46:15-04:00,1.0
2011-04-22 04:46:18-04:00,1.0
2011-04-22 04:46:21-04:00,1.0
2011-04-22 04:46:24-04:00,1.0
2011-04-22 04:46:27-04:00,1.0
2011-04-22 04:46:30-04:00,1.0
2011-04-22 04:46:33-04:00,1.0
2011-04-22 04:46:36-04:00,1.0
2011-04-22 04:46:39-04:00,1.0
2011-04-22 04:46:42-04:00,1.0
2011-04-22 04:46:45-04:00,1.0
2011-04-22 04:46:48-04:00,1.0
2011-04-22 04:46:51-04:00,1.0
2011-04-22 04:46:54-04:00,1.0
2011-04-22 04:46:57-04:00,1.0
2011-04-22 04:47:00-04:00,1.0
2011-04-22 04:47:03-04:00,1.0
2011-04-22 04:47:06-04:00,1.0
2011-04-22 04:47:09-04:00,1.0
2011-04-22 04:47:12-04:00,1.0
2011-04-22 04:47:15-04:00,1.0
2011-04-22 04:47:18-04:00,1.0
2011-04-22 04:47:21-04:00,1.0
2011-04-22 04:47:24-04:00,1.0
2011-04-22 04:47:27-04:00,1.0
2011-04-22 04:47:30-04:00,1.0
2011-04-22 04:47:33-04:00,1.0
2011-04-22 04:47:36-04:00,1.0
2011-04-22 04:47:39-04:00,1.0
2011-04-22 04:47:42-04:00,1.0
2011-04-22 04:47:45-04:00,1.0
2011-04-22 04:47:48-04:00,1.0
2011-04-22 04:47:51-04:00,1.0
2011-04-22 04:47:54-04:00,1.0
2011-04-22 04:47:57-04:00,1.0
2011-04-22 04:48:00-04:00,1.0
2011-04-22 04:48:03-04:00,1.0
2011-04-22 04:48:06-04:00,1.0
2011-04-22 04:48:09-04:00,1.0
2011-04-22 04:48:12-04:00,1.0
2011-04-22 04:48:15-04:00,1.0
2011-04-22 04:48:18-04:00,1.0
2011-04-22 04:48:21-04:00,1.0
2011-04-22 04:48:24-04:00,1.0
2011-04-22 04:48:27-04:00,1.0
2011-04-22 04:48:30-04:00,1.0
2011-04-22 04:48:33-04:00,1.0
2011-04-22 04:48:36-04:00,1.0
2011-04-22 04:48:39-04:00,1.0
2011-04-22 04:48:42-04:00,1.0
2011-04-22 04:48:45-04:00,1.0
2011-04-22 04:48:48-04:00,1.0
2011-04-22 04:48:51-04:00,1.0
2011-04-22 04:48:54-04:00,1.0
2011-04-22 04:48:57-04:00,1.0
2011-04-22 04:49:00-04:00,1.0
2011-04-22 04:49:03-04:00,1.0
2011-04-22 04:49:06-04:00,1.0
2011-04-22 04:49:09-04:00,1.0
2011-04-22 04:49:12-04:00,1.0
2011-04-22 04:49:15-04:00,1.0
2011-04-22 04:49:18-04:00,1.0
2011-04-22 04:49:21-04:00,1.0
2011-04-22 04:49:24-04:00,1.0
2011-04-22 04:49:27-04:00,1.0
2011-04-22 04:49:30-04:00,1.0
2011-04-22 04:49:33-04:00,1.0
2011-04-22 04:49:36-04:00,1.0
2011-04-22 04:49:39-04:00,1.0
2011-04-22 04:49:42-04:00,1.0
2011-04-22 04:49:45-04:00,1.0
2011-04-22 04:49:48-04:00,1.0
2011-04-22 04:49:51-04:00,1.0
2011-04-22 04:49:54-04:00,1.0
2011-04-22 04:49:57-04:00,1.0
2011-04-22 04:50:00-04:00,1.0
2011-04-22 04:50:03-04:00,1.0
2011-04-22 04:50:06-04:00,1.0
2011-04-22 04:50:09-04:00,1.0
2011-04-22 04:50:12-04:00,1.0
2011-04-22 04:50:15-04:00,1.0
2011-04-22 04:50:18-04:00,1.0
2011-04-22 04:50:21-04:00,1.0
2011-04-22 04:50:24-04:00,1.0
2011-04-22 04:50:27-04:00,1.0
2011-04-22 04:50:30-04:00,1.0
2011-04-22 04:50:33-04:00,1.0
2011-04-22 04:50:36-04:00,1.0
2011-04-22 04:50:39-04:00,1.0
2011-04-22 04:50:42-04:00,1.0
2011-04-22 04:50:45-04:00,1.0
2011-04-22 04:50:48-04:00,1.0
2011-04-22 04:50:51-04:00,1.0
2011-04-22 04:50:54-04:00,1.0
2011-04-22 04:50:57-04:00,1.0
2011-04-22 04:51:00-04:00,1.0
2011-04-22 04:51:03-04:00,1.0
2011-04-22 04:51:06-04:00,1.0
2011-04-22 04:51:09-04:00,1.0
2011-04-22 04:51:12-04:00,1.0
2011-04-22 04:51:15-04:00,1.0
2011-04-22 04:51:18-04:00,1.0
2011-04-22 04:51:21-04:00,1.0
2011-04-22 04:51:24-04:00,1.0
2011-04-22 04:51:27-04:00,1.0
2011-04-22 04:51:30-04:00,1.0
2011-04-22 04:51:33-04:00,1.0
2011-04-22 04:51:36-04:00,1.0
2011-04-22 04:51:39-04:00,1.0
2011-04-22 04:51:42-04:00,1.0
2011-04-22 04:51:45-04:00,1.0
2011-04-22 04:51:48-04:00,1.0
2011-04-22 04:51:51-04:00,1.0
2011-04-22 04:51:54-04:00,1.0
2011-04-22 04:51:57-04:00,1.0
2011-04-22 04:52:00-04:00,1.0
2011-04-22 04:52:03-04:00,1.0
2011-04-22 04:52:06-04:00,1.0
2011-04-22 04:52:09-04:00,1.0
2011-04-22 04:52:12-04:00,1.0
2011-04-22 04:52:15-04:00,1.0
2011-04-22 04:52:18-04:00,1.0
2011-04-22 04:52:21-04:00,1.0
2011-04-22 04:52:24-04:00,1.0
2011-04-22 04:52:27-04:00,1.0
2011-04-22 04:52:30-04:00,1.0
2011-04-22 04:52:33-04:00,1.0
2011-04-22 04:52:36-04:00,1.0
2011-04-22 04:52:39-04:00,1.0
2011-04-22 04:52:42-04:00,1.0
2011-04-22 04:52:45-04:00,1.0
2011-04-22 04:52:48-04:00,1.0
2011-04-22 04:52:51-04:00,1.0
2011-04-22 04:52:54-04:00,1.0
2011-04-22 04:52:57-04:00,1.0
2011-04-22 04:53:00-04:00,1.0
2011-04-22 04:53:03-04:00,1.0
2011-04-22 04:53:06-04:00,1.0
2011-04-22 04:53:09-04:00,1.0
2011-04-22 04:53:12-04:00,1.0
2011-04-22 04:53:15-04:00,1.0
2011-04-22 04:53:18-04:00,1.0
2011-04-22 04:53:21-04:00,1.0
2011-04-22 04:53:24-04:00,1.0
2011-04-22 04:53:27-04:00,1.0
2011-04-22 04:53:30-04:00,1.0
2011-04-22 04:53:33-04:00,1.0
2011-04-22 04:53:36-04:00,1.0
2011-04-22 04:53:39-04:00,1.0
2011-04-22 04:53:42-04:00,1.0
2011-04-22 04:53:45-04:00,1.0
2011-04-22 04:53:48-04:00,1.0
2011-04-22 04:53:51-04:00,1.0
2011-04-22 04:53:54-04:00,1.0
2011-04-22 04:53:57-04:00,1.0
2011-04-22 04:54:00-04:00,1.0
2011-04-22 04:54:03-04:00,1.0
2011-04-22 04:54:06-04:00,1.0
2011-04-22 04:54:09-04:00,1.0
2011-04-22 04:54:12-04:00,1.0
2011-04-22 04:54:15-04:00,1.0
2011-04-22 04:54:18-04:00,1.0
2011-04-22 04:54:21-04:00,1.0
2011-04-22 04:54:24-04:00,1.0
2011-04-22 04:54:27-04:00,1.0
2011-04-22 04:54:30-04:00,1.0
2011-04-22 04:54:33-04:00,1.0
2011-04-22 04:54:36-04:00,1.0
2011-04-22 04:54:39-04:00,1.0
2011-04-22 04:54:42-04:00,1.0
2011-04-22 04:54:45-04:00,1.0
2011-04-22 04:54:48-04:00,1.0
2011-04-22 04:54:51-04:00,1.0
2011-04-22 04:54:54-04:00,1.0
2011-04-22 04:54:57-04:00,1.0
2011-04-22 04:55:00-04:00,1.0
2011-04-22 04:55:03-04:00,1.0
2011-04-22 04:55:06-04:00,1.0
2011-04-22 04:55:09-04:00,1.0
2011-04-22 04:55:12-04:00,1.0
2011-04-22 04:55:15-04:00,1.0
2011-04-22 04:55:18-04:00,1.0
2011-04-22 04:55:21-04:00,1.0
2011-04-22 04:55:24-04:00,1.0
2011-04-22 04:55:27-04:00,1.0
2011-04-22 04:55:30-04:00,1.0
2011-04-22 04:55:33-04:00,1.0
2011-04-22 04:55:36-04:00,1.0
2011-04-22 04:55:39-04:00,1.0
2011-04-22 04:55:42-04:00,1.0
2011-04-22 04:55:45-04:00,1.0
2011-04-22 04:55:48-04:00,1.0
2011-04-22 04:55:51-04:00,1.0
2011-04-22 04:55:54-04:00,1.0
2011-04-22 04:55:57-04:00,1.0
2011-04-22 04:56:00-04:00,1.0
2011-04-22 04:56:03-04:00,1.0
2011-04-22 04:56:06-04:00,1.0
2011-04-22 04:56:09-04:00,1.0
2011-04-22 04:56:12-04:00,1.0
2011-04-22 04:56:15-04:00,1.0
2011-04-22 04:56:18-04:00,1.0
2011-04-22 04:56:21-04:00,1.0
2011-04-22 04:56:24-04:00,1.0
2011-04-22 04:56:27-04:00,1.0
2011-04-22 04:56:30-04:00,1.0
2011-04-22 04:56:33-04:00,1.0
2011-04-22 04:56:36-04:00,1.0
2011-04-22 04:56:39-04:00,1.0
2011-04-22 04:56:42-04:00,1.0
2011-04-22 04:56:45-04:00,1.0
2011-04-22 04:56:48-04:00,1.0
2011-04-22 04:56:51-04:00,1.0
2011-04-22 04:56:54-04:00,1.0
2011-04-22 04:56:57-04:00,1.0
2011-04-22 04:57:00-04:00,1.0
2011-04-22 04:57:03-04:00,1.0
2011-04-22 04:57:06-04:00,1.0
2011-04-22 04:57:09-04:00,1.0
2011-04-22 04:57:12-04:00,1.0
2011-04-22 04:57:15-04:00,1.0
2011-04-22 04:57:18-04:00,1.0
2011-04-22 04:57:21-04:00,1.0
2011-04-22 04:57:24-04:00,1.0
2011-04-22 04:57:27-04:00,1.0
2011-04-22 04:57:30-04:00,1.0
2011-04-22 04:57:33-04:00,1.0
2011-04-22 04:57:36-04:00,1.0
2011-04-22 04:57:39-04:00,1.0
2011-04-22 04:57:42-04:00,1.0
2011-04-22 04:57:45-04:00,1.0
2011-04-22 04:57:48-04:00,1.0
2011-04-22 04:57:51-04:00,1.0
2011-04-22 04:57:54-04:00,1.0
2011-04-22 04:57:57-04:00,1.0
2011-04-22 04:58:00-04:00,1.0
2011-04-22 04:58:03-04:00,1.0
2011-04-22 04:58:06-04:00,1.0
2011-04-22 04:58:09-04:00,1.0
2011-04-22 04:58:12-04:00,1.0
2011-04-22 04:58:15-04:00,1.0
2011-04-22 04:58:18-04:00,1.0
2011-04-22 04:58:21-04:00,1.0
2011-04-22 04:58:24-04:00,1.0
2011-04-22 04:58:27-04:00,1.0
2011-04-22 04:58:30-04:00,1.0
2011-04-22 04:58:33-04:00,1.0
2011-04-22 04:58:36-04:00,1.0
2011-04-22 04:58:39-04:00,1.0
2011-04-22 04:58:42-04:00,1.0
2011-04-22 04:58:45-04:00,1.0
2011-04-22 04:58:48-04:00,1.0
2011-04-22 04:58:51-04:00,1.0
2011-04-22 04:58:54-04:00,1.0
2011-04-22 04:58:57-04:00,1.0
2011-04-22 04:59:00-04:00,1.0
2011-04-22 04:59:03-04:00,1.0
2011-04-22 04:59:06-04:00,1.0
2011-04-22 04:59:09-04:00,1.0
2011-04-22 04:59:12-04:00,1.0
2011-04-22 04:59:15-04:00,1.0
2011-04-22 04:59:18-04:00,1.0
2011-04-22 04:59:21-04:00,1.0
2011-04-22 04:59:24-04:00,1.0
2011-04-22 04:59:27-04:00,1.0
2011-04-22 04:59:30-04:00,1.0
2011-04-22 04:59:33-04:00,1.0
2011-04-22 04:59:36-04:00,1.0
2011-04-22 04:59:39-04:00,1.0
2011-04-22 04:59:42-04:00,1.0
2011-04-22 04:59:45-04:00,1.0
2011-04-22 04:59:48-04:00,1.0
2011-04-22 04:59:51-04:00,1.0
2011-04-22 04:59:54-04:00,1.0
2011-04-22 04:59:57-04:00,1.0
2011-04-22 05:00:00-04:00,1.0
2011-04-22 05:00:03-04:00,1.0
2011-04-22 05:00:06-04:00,1.0
2011-04-22 05:00:09-04:00,1.0
2011-04-22 05:00:12-04:00,1.0
2011-04-22 05:00:15-04:00,1.0
2011-04-22 05:00:18-04:00,1.0
2011-04-22 05:00:21-04:00,1.0
2011-04-22 05:00:24-04:00,1.0
2011-04-22 05:00:27-04:00,1.0
2011-04-22 05:00:30-04:00,1.0
2011-04-22 05:00:33-04:00,1.0
2011-04-22 05:00:36-04:00,1.0
2011-04-22 05:00:39-04:00,1.0
2011-04-22 05:00:42-04:00,1.0
2011-04-22 05:00:45-04:00,1.0
2011-04-22 05:00:48-04:00,1.0
2011-04-22 05:00:51-04:00,1.0
2011-04-22 05:00:54-04:00,1.0
2011-04-22 05:00:57-04:00,1.0
2011-04-22 05:01:00-04:00,1.0
2011-04-22 05:01:03-04:00,1.0
2011-04-22 05:01:06-04:00,1.0
2011-04-22 05:01:09-04:00,1.0
2011-04-22 05:01:12-04:00,1.0
2011-04-22 05:01:15-04:00,1.0
2011-04-22 05:01:18-04:00,1.0
2011-04-22 05:01:21-04:00,1.0
2011-04-22 05:01:24-04:00,1.0
2011-04-22 05:01:27-04:00,1.0
2011-04-22 05:01:30-04:00,1.0
2011-04-22 05:01:33-04:00,1.0
2011-04-22 05:01:36-04:00,1.0
2011-04-22 05:01:39-04:00,1.0
2011-04-22 05:01:42-04:00,1.0
2011-04-22 05:01:45-04:00,1.0
2011-04-22 05:01:48-04:00,1.0
2011-04-22 05:01:51-04:00,1.0
2011-04-22 05:01:54-04:00,1.0
2011-04-22 05:01:57-04:00,1.0
2011-04-22 05:02:00-04:00,1.0
2011-04-22 05:02:03-04:00,1.0
2011-04-22 05:02:06-04:00,1.0
2011-04-22 05:02:09-04:00,1.0
2011-04-22 05:02:12-04:00,1.0
2011-04-22 05:02:15-04:00,1.0
2011-04-22 05:02:18-04:00,1.0
2011-04-22 05:02:21-04:00,1.0
2011-04-22 05:02:24-04:00,1.0
2011-04-22 05:02:27-04:00,1.0
2011-04-22 05:02:30-04:00,1.0
2011-04-22 05:02:33-04:00,1.0
2011-04-22 05:02:36-04:00,1.0
2011-04-22 05:02:39-04:00,1.0
2011-04-22 05:02:42-04:00,1.0
2011-04-22 05:02:45-04:00,1.0
2011-04-22 05:02:48-04:00,1.0
2011-04-22 05:02:51-04:00,1.0
2011-04-22 05:02:54-04:00,1.0
2011-04-22 05:02:57-04:00,1.0
2011-04-22 05:03:00-04:00,1.0
2011-04-22 05:03:03-04:00,1.0
2011-04-22 05:03:06-04:00,1.0
2011-04-22 05:03:09-04:00,1.0
2011-04-22 05:03:12-04:00,1.0
2011-04-22 05:03:15-04:00,1.0
2011-04-22 05:03:18-04:00,1.0
2011-04-22 05:03:21-04:00,1.0
2011-04-22 05:03:24-04:00,1.0
2011-04-22 05:03:27-04:00,1.0
2011-04-22 05:03:30-04:00,1.0
2011-04-22 05:03:33-04:00,1.0
2011-04-22 05:03:36-04:00,1.0
2011-04-22 05:03:39-04:00,1.0
2011-04-22 05:03:42-04:00,1.0
2011-04-22 05:03:45-04:00,1.0
2011-04-22 05:03:48-04:00,1.0
2011-04-22 05:03:51-04:00,1.0
2011-04-22 05:03:54-04:00,1.0
2011-04-22 05:03:57-04:00,1.0
2011-04-22 05:04:00-04:00,1.0
2011-04-22 05:04:03-04:00,1.0
2011-04-22 05:04:06-04:00,1.0
2011-04-22 05:04:09-04:00,1.0
2011-04-22 05:04:12-04:00,1.0
2011-04-22 05:04:15-04:00,1.0
2011-04-22 05:04:18-04:00,1.0
2011-04-22 05:04:21-04:00,1.0
2011-04-22 05:04:24-04:00,1.0
2011-04-22 05:04:27-04:00,1.0
2011-04-22 05:04:30-04:00,1.0
2011-04-22 05:04:33-04:00,1.0
2011-04-22 05:04:36-04:00,1.0
2011-04-22 05:04:39-04:00,1.0
2011-04-22 05:04:42-04:00,1.0
2011-04-22 05:04:45-04:00,1.0
2011-04-22 05:04:48-04:00,1.0
2011-04-22 05:04:51-04:00,1.0
2011-04-22 05:04:54-04:00,1.0
2011-04-22 05:04:57-04:00,1.0
2011-04-22 05:05:00-04:00,1.0
2011-04-22 05:05:03-04:00,1.0
2011-04-22 05:05:06-04:00,1.0
2011-04-22 05:05:09-04:00,1.0
2011-04-22 05:05:12-04:00,0.6666666666666667
2011-04-22 05:05:15-04:00,0.25
2011-04-22 05:05:18-04:00,1.0
2011-04-22 05:05:21-04:00,1.0
2011-04-22 05:05:24-04:00,1.0
2011-04-22 05:05:27-04:00,1.0
2011-04-22 05:05:30-04:00,1.0
2011-04-22 05:05:33-04:00,1.0
2011-04-22 05:05:36-04:00,1.0
2011-04-22 05:05:39-04:00,1.0
2011-04-22 05:05:42-04:00,1.0
2011-04-22 05:05:45-04:00,1.0
2011-04-22 05:05:48-04:00,1.0
2011-04-22 05:05:51-04:00,1.0
2011-04-22 05:05:54-04:00,1.0
2011-04-22 05:05:57-04:00,1.0
2011-04-22 05:06:00-04:00,1.0
2011-04-22 05:06:03-04:00,1.0
2011-04-22 05:06:06-04:00,1.0
2011-04-22 05:06:09-04:00,1.0
2011-04-22 05:06:12-04:00,1.0
2011-04-22 05:06:15-04:00,1.0
2011-04-22 05:06:18-04:00,1.0
2011-04-22 05:06:21-04:00,1.0
2011-04-22 05:06:24-04:00,1.0
2011-04-22 05:06:27-04:00,1.0
2011-04-22 05:06:30-04:00,1.0
2011-04-22 05:06:33-04:00,1.0
2011-04-22 05:06:36-04:00,1.0
2011-04-22 05:06:39-04:00,1.0
2011-04-22 05:06:42-04:00,1.0
2011-04-22 05:06:45-04:00,1.0
2011-04-22 05:06:48-04:00,1.0
2011-04-22 05:06:51-04:00,1.0
2011-04-22 05:06:54-04:00,1.0
2011-04-22 05:06:57-04:00,1.0
2011-04-22 05:07:00-04:00,1.0
2011-04-22 05:07:03-04:00,1.0
2011-04-22 05:07:06-04:00,1.0
2011-04-22 05:07:09-04:00,1.0
2011-04-22 05:07:12-04:00,1.0
2011-04-22 05:07:15-04:00,1.0
2011-04-22 05:07:18-04:00,1.0
2011-04-22 05:07:21-04:00,1.0
2011-04-22 05:07:24-04:00,1.0
2011-04-22 05:07:27-04:00,1.0
2011-04-22 05:07:30-04:00,1.0
2011-04-22 05:07:33-04:00,1.0
2011-04-22 05:07:36-04:00,1.0
2011-04-22 05:07:39-04:00,1.0
2011-04-22 05:07:42-04:00,1.0
2011-04-22 05:07:45-04:00,1.0
2011-04-22 05:07:48-04:00,1.0
2011-04-22 05:07:51-04:00,1.0
2011-04-22 05:07:54-04:00,1.0
2011-04-22 05:07:57-04:00,1.0
2011-04-22 05:08:00-04:00,1.0
2011-04-22 05:08:03-04:00,1.0
2011-04-22 05:08:06-04:00,1.0
2011-04-22 05:08:09-04:00,1.0
2011-04-22 05:08:12-04:00,1.0
2011-04-22 05:08:15-04:00,1.0
2011-04-22 05:08:18-04:00,1.0
2011-04-22 05:08:21-04:00,1.0
2011-04-22 05:08:24-04:00,1.0
2011-04-22 05:08:27-04:00,1.0
2011-04-22 05:08:30-04:00,1.0
2011-04-22 05:08:33-04:00,1.0
2011-04-22 05:08:36-04:00,1.0
2011-04-22 05:08:39-04:00,1.0
2011-04-22 05:08:42-04:00,1.0
2011-04-22 05:08:45-04:00,1.0
2011-04-22 05:08:48-04:00,1.0
2011-04-22 05:08:51-04:00,1.0
2011-04-22 05:08:54-04:00,1.0
2011-04-22 05:08:57-04:00,1.0
2011-04-22 05:09:00-04:00,1.0
2011-04-22 05:09:03-04:00,1.0
2011-04-22 05:09:06-04:00,1.0
2011-04-22 05:09:09-04:00,1.0
2011-04-22 05:09:12-04:00,1.0
2011-04-22 05:09:15-04:00,1.0
2011-04-22 05:09:18-04:00,1.0
2011-04-22 05:09:21-04:00,1.0
2011-04-22 05:09:24-04:00,1.0
2011-04-22 05:09:27-04:00,1.0
2011-04-22 05:09:30-04:00,1.0
2011-04-22 05:09:33-04:00,1.0
2011-04-22 05:09:36-04:00,1.0
2011-04-22 05:09:39-04:00,1.0
2011-04-22 05:09:42-04:00,1.0
2011-04-22 05:09:45-04:00,1.0
2011-04-22 05:09:48-04:00,1.0
2011-04-22 05:09:51-04:00,1.0
2011-04-22 05:09:54-04:00,1.0
2011-04-22 05:09:57-04:00,1.0
2011-04-22 05:10:00-04:00,1.0
2011-04-22 05:10:03-04:00,1.0
2011-04-22 05:10:06-04:00,1.0
2011-04-22 05:10:09-04:00,1.0
2011-04-22 05:10:12-04:00,1.0
2011-04-22 05:10:15-04:00,1.0
2011-04-22 05:10:18-04:00,1.0
2011-04-22 05:10:21-04:00,1.0
2011-04-22 05:10:24-04:00,1.0
2011-04-22 05:10:27-04:00,1.0
2011-04-22 05:10:30-04:00,1.0
2011-04-22 05:10:33-04:00,1.0
2011-04-22 05:10:36-04:00,1.0
2011-04-22 05:10:39-04:00,1.0
2011-04-22 05:10:42-04:00,1.0
2011-04-22 05:10:45-04:00,1.0
2011-04-22 05:10:48-04:00,1.0
2011-04-22 05:10:51-04:00,1.0
2011-04-22 05:10:54-04:00,1.0
2011-04-22 05:10:57-04:00,1.0
2011-04-22 05:11:00-04:00,1.0
2011-04-22 05:11:03-04:00,1.0
2011-04-22 05:11:06-04:00,1.0
2011-04-22 05:11:09-04:00,1.0
2011-04-22 05:11:12-04:00,1.0
2011-04-22 05:11:15-04:00,1.0
2011-04-22 05:11:18-04:00,1.0
2011-04-22 05:11:21-04:00,1.0
2011-04-22 05:11:24-04:00,1.0
2011-04-22 05:11:27-04:00,1.0
2011-04-22 05:11:30-04:00,1.0
2011-04-22 05:11:33-04:00,1.0
2011-04-22 05:11:36-04:00,1.0
2011-04-22 05:11:39-04:00,1.0
2011-04-22 05:11:42-04:00,1.0
2011-04-22 05:11:45-04:00,1.0
2011-04-22 05:11:48-04:00,1.0
2011-04-22 05:11:51-04:00,1.0
2011-04-22 05:11:54-04:00,1.0
2011-04-22 05:11:57-04:00,1.0
2011-04-22 05:12:00-04:00,1.0
2011-04-22 05:12:03-04:00,1.0
2011-04-22 05:12:06-04:00,1.0
2011-04-22 05:12:09-04:00,1.0
2011-04-22 05:12:12-04:00,1.0
2011-04-22 05:12:15-04:00,1.0
2011-04-22 05:12:18-04:00,1.0
2011-04-22 05:12:21-04:00,1.0
2011-04-22 05:12:24-04:00,1.0
2011-04-22 05:12:27-04:00,1.0
2011-04-22 05:12:30-04:00,1.0
2011-04-22 05:12:33-04:00,1.0
2011-04-22 05:12:36-04:00,1.0
2011-04-22 05:12:39-04:00,1.0
2011-04-22 05:12:42-04:00,1.0
2011-04-22 05:12:45-04:00,1.0
2011-04-22 05:12:48-04:00,1.0
2011-04-22 05:12:51-04:00,1.0
2011-04-22 05:12:54-04:00,0.6666666666666667
2011-04-22 05:12:57-04:00,0.3333333333333333
2011-04-22 05:13:00-04:00,1.0
2011-04-22 05:13:03-04:00,1.0
2011-04-22 05:13:06-04:00,0.0
2011-04-22 05:13:09-04:00,0.75
2011-04-22 05:13:12-04:00,1.0
2011-04-22 05:13:15-04:00,1.0
2011-04-22 05:13:18-04:00,1.0
2011-04-22 05:13:21-04:00,1.0
2011-04-22 05:13:24-04:00,1.0
2011-04-22 05:13:27-04:00,1.0
2011-04-22 05:13:30-04:00,1.0
2011-04-22 05:13:33-04:00,1.0
2011-04-22 05:13:36-04:00,1.0
2011-04-22 05:13:39-04:00,0.0
2011-04-22 05:13:42-04:00,1.0
2011-04-22 05:13:45-04:00,1.0
2011-04-22 05:13:48-04:00,1.0
2011-04-22 05:13:51-04:00,1.0
2011-04-22 05:13:54-04:00,1.0
2011-04-22 05:13:57-04:00,1.0
2011-04-22 05:14:00-04:00,1.0
2011-04-22 05:14:03-04:00,1.0
2011-04-22 05:14:06-04:00,1.0
2011-04-22 05:14:09-04:00,1.0
2011-04-22 05:14:12-04:00,1.0
2011-04-22 05:14:15-04:00,1.0
2011-04-22 05:14:18-04:00,1.0
2011-04-22 05:14:21-04:00,1.0
2011-04-22 05:14:24-04:00,1.0
2011-04-22 05:14:27-04:00,1.0
2011-04-22 05:14:30-04:00,1.0
2011-04-22 05:14:33-04:00,1.0
2011-04-22 05:14:36-04:00,1.0
2011-04-22 05:14:39-04:00,1.0
2011-04-22 05:14:42-04:00,0.6666666666666667
2011-04-22 05:14:45-04:00,0.25
2011-04-22 05:14:48-04:00,1.0
2011-04-22 05:14:51-04:00,1.0
2011-04-22 05:14:54-04:00,1.0
2011-04-22 05:14:57-04:00,1.0
2011-04-22 05:15:00-04:00,1.0
2011-04-22 05:15:03-04:00,1.0
2011-04-22 05:15:06-04:00,1.0
2011-04-22 05:15:09-04:00,1.0
2011-04-22 05:15:12-04:00,1.0
2011-04-22 05:15:15-04:00,1.0
2011-04-22 05:15:18-04:00,1.0
2011-04-22 05:15:21-04:00,1.0
2011-04-22 05:15:24-04:00,1.0
2011-04-22 05:15:27-04:00,0.8888888888888888
2011-04-22 05:15:30-04:00,0.5555555555555556
2011-04-22 05:15:33-04:00,0.2222222222222222
2011-04-22 05:15:36-04:00,0.25
2011-04-22 05:15:39-04:00,1.0
2011-04-22 05:15:42-04:00,1.0
2011-04-22 05:15:45-04:00,1.0
2011-04-22 05:15:48-04:00,1.0
2011-04-22 05:15:51-04:00,1.0
2011-04-22 05:15:54-04:00,1.0
2011-04-22 05:15:57-04:00,1.0
2011-04-22 05:16:00-04:00,1.0
2011-04-22 05:16:03-04:00,1.0
2011-04-22 05:16:06-04:00,1.0
2011-04-22 05:16:09-04:00,1.0
2011-04-22 05:16:12-04:00,1.0
2011-04-22 05:16:15-04:00,1.0
2011-04-22 05:16:18-04:00,1.0
2011-04-22 05:16:21-04:00,1.0
2011-04-22 05:16:24-04:00,1.0
2011-04-22 05:16:27-04:00,1.0
2011-04-22 05:16:30-04:00,1.0
2011-04-22 05:16:33-04:00,1.0
2011-04-22 05:16:36-04:00,1.0
2011-04-22 05:16:39-04:00,1.0
2011-04-22 05:16:42-04:00,1.0
2011-04-22 05:16:45-04:00,1.0
2011-04-22 05:16:48-04:00,1.0
2011-04-22 05:16:51-04:00,1.0
2011-04-22 05:16:54-04:00,1.0
2011-04-22 05:16:57-04:00,1.0
2011-04-22 05:17:00-04:00,1.0
2011-04-22 05:17:03-04:00,1.0
2011-04-22 05:17:06-04:00,1.0
2011-04-22 05:17:09-04:00,1.0
2011-04-22 05:17:12-04:00,1.0
2011-04-22 05:17:15-04:00,1.0
2011-04-22 05:17:18-04:00,1.0
2011-04-22 05:17:21-04:00,1.0
2011-04-22 05:17:24-04:00,1.0
2011-04-22 05:17:27-04:00,1.0
2011-04-22 05:17:30-04:00,1.0
2011-04-22 05:17:33-04:00,1.0
2011-04-22 05:17:36-04:00,1.0
2011-04-22 05:17:39-04:00,1.0
2011-04-22 05:17:42-04:00,1.0
2011-04-22 05:17:45-04:00,1.0
2011-04-22 05:17:48-04:00,1.0
2011-04-22 05:17:51-04:00,1.0
2011-04-22 05:17:54-04:00,1.0
2011-04-22 05:17:57-04:00,1.0
2011-04-22 05:18:00-04:00,1.0
2011-04-22 05:18:03-04:00,1.0
2011-04-22 05:18:06-04:00,1.0
2011-04-22 05:18:09-04:00,1.0
2011-04-22 05:18:12-04:00,1.0
2011-04-22 05:18:15-04:00,1.0
2011-04-22 05:18:18-04:00,1.0
2011-04-22 05:18:21-04:00,1.0
2011-04-22 05:18:24-04:00,1.0
2011-04-22 05:18:27-04:00,1.0
2011-04-22 05:18:30-04:00,0.7777777777777778
2011-04-22 05:18:33-04:00,0.4444444444444444
2011-04-22 05:18:36-04:00,0.11111111111111116
2011-04-22 05:18:39-04:00,0.5
2011-04-22 05:18:42-04:00,1.0
2011-04-22 05:18:45-04:00,1.0
2011-04-22 05:18:48-04:00,1.0
2011-04-22 05:18:51-04:00,1.0
2011-04-22 05:18:54-04:00,1.0
2011-04-22 05:18:57-04:00,1.0
2011-04-22 05:19:00-04:00,1.0
2011-04-22 05:19:03-04:00,1.0
2011-04-22 05:19:06-04:00,1.0
2011-04-22 05:19:09-04:00,1.0
2011-04-22 05:19:12-04:00,1.0
2011-04-22 05:19:15-04:00,1.0
2011-04-22 05:19:18-04:00,1.0
2011-04-22 05:19:21-04:00,1.0
2011-04-22 05:19:24-04:00,1.0
2011-04-22 05:19:27-04:00,1.0
2011-04-22 05:19:30-04:00,1.0
2011-04-22 05:19:33-04:00,1.0
2011-04-22 05:19:36-04:00,1.0
2011-04-22 05:19:39-04:00,0.75
2011-04-22 05:19:42-04:00,0.0
2011-04-22 05:19:45-04:00,1.0
2011-04-22 05:19:48-04:00,1.0
2011-04-22 05:19:51-04:00,1.0
2011-04-22 05:19:54-04:00,1.0
2011-04-22 05:19:57-04:00,1.0
2011-04-22 05:20:00-04:00,1.0
2011-04-22 05:20:03-04:00,1.0
2011-04-22 05:20:06-04:00,1.0
2011-04-22 05:20:09-04:00,1.0
2011-04-22 05:20:12-04:00,1.0
2011-04-22 05:20:15-04:00,1.0
2011-04-22 05:20:18-04:00,1.0
2011-04-22 05:20:21-04:00,1.0
2011-04-22 05:20:24-04:00,1.0
2011-04-22 05:20:27-04:00,1.0
2011-04-22 05:20:30-04:00,1.0
2011-04-22 05:20:33-04:00,1.0
2011-04-22 05:20:36-04:00,1.0
2011-04-22 05:20:39-04:00,1.0
2011-04-22 05:20:42-04:00,1.0
2011-04-22 05:20:45-04:00,1.0
2011-04-22 05:20:48-04:00,1.0
2011-04-22 05:20:51-04:00,1.0
2011-04-22 05:20:54-04:00,1.0
2011-04-22 05:20:57-04:00,1.0
2011-04-22 05:21:00-04:00,1.0
2011-04-22 05:21:03-04:00,1.0
2011-04-22 05:21:06-04:00,1.0
2011-04-22 05:21:09-04:00,1.0
2011-04-22 05:21:12-04:00,1.0
2011-04-22 05:21:15-04:00,1.0
2011-04-22 05:21:18-04:00,1.0
2011-04-22 05:21:21-04:00,1.0
2011-04-22 05:21:24-04:00,1.0
2011-04-22 05:21:27-04:00,1.0
2011-04-22 05:21:30-04:00,1.0
2011-04-22 05:21:33-04:00,1.0
2011-04-22 05:21:36-04:00,1.0
2011-04-22 05:21:39-04:00,1.0
2011-04-22 05:21:42-04:00,1.0
2011-04-22 05:21:45-04:00,1.0
2011-04-22 05:21:48-04:00,1.0
2011-04-22 05:21:51-04:00,1.0
2011-04-22 05:21:54-04:00,1.0
2011-04-22 05:21:57-04:00,1.0
2011-04-22 05:22:00-04:00,1.0
2011-04-22 05:22:03-04:00,1.0
2011-04-22 05:22:06-04:00,1.0
2011-04-22 05:22:09-04:00,1.0
2011-04-22 05:22:12-04:00,1.0
2011-04-22 05:22:15-04:00,1.0
2011-04-22 05:22:18-04:00,1.0
2011-04-22 05:22:21-04:00,1.0
2011-04-22 05:22:24-04:00,1.0
2011-04-22 05:22:27-04:00,1.0
2011-04-22 05:22:30-04:00,1.0
2011-04-22 05:22:33-04:00,1.0
2011-04-22 05:22:36-04:00,1.0
2011-04-22 05:22:39-04:00,1.0
2011-04-22 05:22:42-04:00,1.0
2011-04-22 05:22:45-04:00,1.0
2011-04-22 05:22:48-04:00,1.0
2011-04-22 05:22:51-04:00,1.0
2011-04-22 05:22:54-04:00,1.0
2011-04-22 05:22:57-04:00,1.0
2011-04-22 05:23:00-04:00,1.0
2011-04-22 05:23:03-04:00,1.0
2011-04-22 05:23:06-04:00,1.0
2011-04-22 05:23:09-04:00,1.0
2011-04-22 05:23:12-04:00,1.0
2011-04-22 05:23:15-04:00,1.0
2011-04-22 05:23:18-04:00,1.0
2011-04-22 05:23:21-04:00,1.0
2011-04-22 05:23:24-04:00,1.0
2011-04-22 05:23:27-04:00,1.0
2011-04-22 05:23:30-04:00,1.0
2011-04-22 05:23:33-04:00,1.0
2011-04-22 05:23:36-04:00,1.0
2011-04-22 05:23:39-04:00,1.0
2011-04-22 05:23:42-04:00,1.0
2011-04-22 05:23:45-04:00,1.0
2011-04-22 05:23:48-04:00,1.0
2011-04-22 05:23:51-04:00,1.0
2011-04-22 05:23:54-04:00,1.0
2011-04-22 05:23:57-04:00,1.0
2011-04-22 05:24:00-04:00,1.0
2011-04-22 05:24:03-04:00,1.0
2011-04-22 05:24:06-04:00,1.0
2011-04-22 05:24:09-04:00,1.0
2011-04-22 05:24:12-04:00,1.0
2011-04-22 05:24:15-04:00,1.0
2011-04-22 05:24:18-04:00,1.0
2011-04-22 05:24:21-04:00,1.0
2011-04-22 05:24:24-04:00,1.0
2011-04-22 05:24:27-04:00,1.0
2011-04-22 05:24:30-04:00,1.0
2011-04-22 05:24:33-04:00,1.0
2011-04-22 05:24:36-04:00,1.0
2011-04-22 05:24:39-04:00,1.0
2011-04-22 05:24:42-04:00,0.0
2011-04-22 05:24:45-04:00,0.75
2011-04-22 05:24:48-04:00,1.0
2011-04-22 05:24:51-04:00,1.0
2011-04-22 05:24:54-04:00,1.0
2011-04-22 05:24:57-04:00,1.0
2011-04-22 05:25:00-04:00,1.0
2011-04-22 05:25:03-04:00,1.0
2011-04-22 05:25:06-04:00,1.0
2011-04-22 05:25:09-04:00,1.0
2011-04-22 05:25:12-04:00,1.0
2011-04-22 05:25:15-04:00,1.0
2011-04-22 05:25:18-04:00,1.0
2011-04-22 05:25:21-04:00,1.0
2011-04-22 05:25:24-04:00,1.0
2011-04-22 05:25:27-04:00,1.0
2011-04-22 05:25:30-04:00,1.0
2011-04-22 05:25:33-04:00,1.0
2011-04-22 05:25:36-04:00,1.0
2011-04-22 05:25:39-04:00,1.0
2011-04-22 05:25:42-04:00,1.0
2011-04-22 05:25:45-04:00,1.0
2011-04-22 05:25:48-04:00,1.0
2011-04-22 05:25:51-04:00,0.5
2011-04-22 05:25:54-04:00,0.3333333333333333
2011-04-22 05:25:57-04:00,1.0
2011-04-22 05:26:00-04:00,1.0
2011-04-22 05:26:03-04:00,1.0
2011-04-22 05:26:06-04:00,1.0
2011-04-22 05:26:09-04:00,1.0
2011-04-22 05:26:12-04:00,1.0
2011-04-22 05:26:15-04:00,1.0
2011-04-22 05:26:18-04:00,1.0
2011-04-22 05:26:21-04:00,1.0
2011-04-22 05:26:24-04:00,1.0
2011-04-22 05:26:27-04:00,1.0
2011-04-22 05:26:30-04:00,1.0
2011-04-22 05:26:33-04:00,1.0
2011-04-22 05:26:36-04:00,1.0
2011-04-22 05:26:39-04:00,1.0
2011-04-22 05:26:42-04:00,1.0
2011-04-22 05:26:45-04:00,1.0
2011-04-22 05:26:48-04:00,1.0
2011-04-22 05:26:51-04:00,1.0
2011-04-22 05:26:54-04:00,1.0
2011-04-22 05:26:57-04:00,1.0
2011-04-22 05:27:00-04:00,1.0
2011-04-22 05:27:03-04:00,1.0
2011-04-22 05:27:06-04:00,1.0
2011-04-22 05:27:09-04:00,1.0
2011-04-22 05:27:12-04:00,1.0
2011-04-22 05:27:15-04:00,1.0
2011-04-22 05:27:18-04:00,1.0
2011-04-22 05:27:21-04:00,1.0
2011-04-22 05:27:24-04:00,1.0
2011-04-22 05:27:27-04:00,1.0
2011-04-22 05:27:30-04:00,1.0
2011-04-22 05:27:33-04:00,1.0
2011-04-22 05:27:36-04:00,1.0
2011-04-22 05:27:39-04:00,1.0
2011-04-22 05:27:42-04:00,1.0
2011-04-22 05:27:45-04:00,1.0
2011-04-22 05:27:48-04:00,1.0
2011-04-22 05:27:51-04:00,1.0
2011-04-22 05:27:54-04:00,1.0
2011-04-22 05:27:57-04:00,1.0
2011-04-22 05:28:00-04:00,1.0
2011-04-22 05:28:03-04:00,1.0
2011-04-22 05:28:06-04:00,1.0
2011-04-22 05:28:09-04:00,1.0
2011-04-22 05:28:12-04:00,1.0
2011-04-22 05:28:15-04:00,1.0
2011-04-22 05:28:18-04:00,1.0
2011-04-22 05:28:21-04:00,1.0
2011-04-22 05:28:24-04:00,1.0
2011-04-22 05:28:27-04:00,1.0
2011-04-22 05:28:30-04:00,1.0
2011-04-22 05:28:33-04:00,1.0
2011-04-22 05:28:36-04:00,1.0
2011-04-22 05:28:39-04:00,1.0
2011-04-22 05:28:42-04:00,1.0
2011-04-22 05:28:45-04:00,1.0
2011-04-22 05:28:48-04:00,1.0
2011-04-22 05:28:51-04:00,1.0
2011-04-22 05:28:54-04:00,1.0
2011-04-22 05:28:57-04:00,1.0
2011-04-22 05:29:00-04:00,1.0
2011-04-22 05:29:03-04:00,0.33333333333333337
2011-04-22 05:29:06-04:00,0.5
2011-04-22 05:29:09-04:00,1.0
2011-04-22 05:29:12-04:00,1.0
2011-04-22 05:29:15-04:00,1.0
2011-04-22 05:29:18-04:00,1.0
2011-04-22 05:29:21-04:00,1.0
2011-04-22 05:29:24-04:00,1.0
2011-04-22 05:29:27-04:00,1.0
2011-04-22 05:29:30-04:00,1.0
2011-04-22 05:29:33-04:00,1.0
2011-04-22 05:29:36-04:00,1.0
2011-04-22 05:29:39-04:00,1.0
2011-04-22 05:29:42-04:00,1.0
2011-04-22 05:29:45-04:00,1.0
2011-04-22 05:29:48-04:00,1.0
2011-04-22 05:29:51-04:00,1.0
2011-04-22 05:29:54-04:00,1.0
2011-04-22 05:29:57-04:00,1.0
2011-04-22 05:30:00-04:00,1.0
2011-04-22 05:30:03-04:00,1.0
2011-04-22 05:30:06-04:00,1.0
2011-04-22 05:30:09-04:00,0.75
2011-04-22 05:30:12-04:00,0.0
2011-04-22 05:30:15-04:00,1.0
2011-04-22 05:30:18-04:00,1.0
2011-04-22 05:30:21-04:00,1.0
2011-04-22 05:30:24-04:00,1.0
2011-04-22 05:30:27-04:00,1.0
2011-04-22 05:30:30-04:00,1.0
2011-04-22 05:30:33-04:00,1.0
2011-04-22 05:30:36-04:00,1.0
2011-04-22 05:30:39-04:00,1.0
2011-04-22 05:30:42-04:00,1.0
2011-04-22 05:30:45-04:00,1.0
2011-04-22 05:30:48-04:00,1.0
2011-04-22 05:30:51-04:00,1.0
2011-04-22 05:30:54-04:00,1.0
2011-04-22 05:30:57-04:00,1.0
2011-04-22 05:31:00-04:00,1.0
2011-04-22 05:31:03-04:00,1.0
2011-04-22 05:31:06-04:00,1.0
2011-04-22 05:31:09-04:00,1.0
2011-04-22 05:31:12-04:00,1.0
2011-04-22 05:31:15-04:00,1.0
2011-04-22 05:31:18-04:00,1.0
2011-04-22 05:31:21-04:00,1.0
2011-04-22 05:31:24-04:00,1.0
2011-04-22 05:31:27-04:00,1.0
2011-04-22 05:31:30-04:00,1.0
2011-04-22 05:31:33-04:00,1.0
2011-04-22 05:31:36-04:00,1.0
2011-04-22 05:31:39-04:00,1.0
2011-04-22 05:31:42-04:00,1.0
2011-04-22 05:31:45-04:00,1.0
2011-04-22 05:31:48-04:00,0.25
2011-04-22 05:31:51-04:00,0.6666666666666666
2011-04-22 05:31:54-04:00,1.0
2011-04-22 05:31:57-04:00,1.0
2011-04-22 05:32:00-04:00,1.0
2011-04-22 05:32:03-04:00,1.0
2011-04-22 05:32:06-04:00,1.0
2011-04-22 05:32:09-04:00,1.0
2011-04-22 05:32:12-04:00,1.0
2011-04-22 05:32:15-04:00,1.0
2011-04-22 05:32:18-04:00,1.0
2011-04-22 05:32:21-04:00,1.0
2011-04-22 05:32:24-04:00,1.0
2011-04-22 05:32:27-04:00,1.0
2011-04-22 05:32:30-04:00,1.0
2011-04-22 05:32:33-04:00,1.0
2011-04-22 05:32:36-04:00,1.0
2011-04-22 05:32:39-04:00,1.0
2011-04-22 05:32:42-04:00,1.0
2011-04-22 05:32:45-04:00,1.0
2011-04-22 05:32:48-04:00,1.0
2011-04-22 05:32:51-04:00,1.0
2011-04-22 05:32:54-04:00,1.0
2011-04-22 05:32:57-04:00,1.0
2011-04-22 05:33:00-04:00,1.0
2011-04-22 05:33:03-04:00,1.0
2011-04-22 05:33:06-04:00,1.0
2011-04-22 05:33:09-04:00,1.0
2011-04-22 05:33:12-04:00,1.0
2011-04-22 05:33:15-04:00,1.0
2011-04-22 05:33:18-04:00,1.0
2011-04-22 05:33:21-04:00,1.0
2011-04-22 05:33:24-04:00,1.0
2011-04-22 05:33:27-04:00,1.0
2011-04-22 05:33:30-04:00,1.0
2011-04-22 05:33:33-04:00,1.0
2011-04-22 05:33:36-04:00,1.0
2011-04-22 05:33:39-04:00,1.0
2011-04-22 05:33:42-04:00,1.0
2011-04-22 05:33:45-04:00,1.0
2011-04-22 05:33:48-04:00,1.0
2011-04-22 05:33:51-04:00,1.0
2011-04-22 05:33:54-04:00,1.0
2011-04-22 05:33:57-04:00,1.0
2011-04-22 05:34:00-04:00,1.0
2011-04-22 05:34:03-04:00,1.0
2011-04-22 05:34:06-04:00,1.0
2011-04-22 05:34:09-04:00,1.0
2011-04-22 05:34:12-04:00,1.0
2011-04-22 05:34:15-04:00,1.0
2011-04-22 05:34:18-04:00,1.0
2011-04-22 05:34:21-04:00,1.0
2011-04-22 05:34:24-04:00,1.0
2011-04-22 05:34:27-04:00,1.0
2011-04-22 05:34:30-04:00,1.0
2011-04-22 05:34:33-04:00,1.0
2011-04-22 05:34:36-04:00,1.0
2011-04-22 05:34:39-04:00,1.0
2011-04-22 05:34:42-04:00,1.0
2011-04-22 05:34:45-04:00,1.0
2011-04-22 05:34:48-04:00,1.0
2011-04-22 05:34:51-04:00,1.0
2011-04-22 05:34:54-04:00,1.0
2011-04-22 05:34:57-04:00,1.0
2011-04-22 05:35:00-04:00,1.0
2011-04-22 05:35:03-04:00,1.0
2011-04-22 05:35:06-04:00,1.0
2011-04-22 05:35:09-04:00,1.0
2011-04-22 05:35:12-04:00,1.0
2011-04-22 05:35:15-04:00,1.0
2011-04-22 05:35:18-04:00,1.0
2011-04-22 05:35:21-04:00,1.0
2011-04-22 05:35:24-04:00,1.0
2011-04-22 05:35:27-04:00,1.0
2011-04-22 05:35:30-04:00,1.0
2011-04-22 05:35:33-04:00,1.0
2011-04-22 05:35:36-04:00,1.0
2011-04-22 05:35:39-04:00,1.0
2011-04-22 05:35:42-04:00,1.0
2011-04-22 05:35:45-04:00,1.0
2011-04-22 05:35:48-04:00,1.0
2011-04-22 05:35:51-04:00,1.0
2011-04-22 05:35:54-04:00,1.0
2011-04-22 05:35:57-04:00,1.0
2011-04-22 05:36:00-04:00,1.0
2011-04-22 05:36:03-04:00,1.0
2011-04-22 05:36:06-04:00,1.0
2011-04-22 05:36:09-04:00,1.0
2011-04-22 05:36:12-04:00,0.5
2011-04-22 05:36:15-04:00,0.3333333333333333
2011-04-22 05:36:18-04:00,1.0
2011-04-22 05:36:21-04:00,1.0
2011-04-22 05:36:24-04:00,1.0
2011-04-22 05:36:27-04:00,1.0
2011-04-22 05:36:30-04:00,1.0
2011-04-22 05:36:33-04:00,1.0
2011-04-22 05:36:36-04:00,1.0
2011-04-22 05:36:39-04:00,1.0
2011-04-22 05:36:42-04:00,1.0
2011-04-22 05:36:45-04:00,1.0
2011-04-22 05:36:48-04:00,1.0
2011-04-22 05:36:51-04:00,1.0
2011-04-22 05:36:54-04:00,1.0
2011-04-22 05:36:57-04:00,1.0
2011-04-22 05:37:00-04:00,1.0
2011-04-22 05:37:03-04:00,1.0
2011-04-22 05:37:06-04:00,1.0
2011-04-22 05:37:09-04:00,1.0
2011-04-22 05:37:12-04:00,1.0
2011-04-22 05:37:15-04:00,1.0
2011-04-22 05:37:18-04:00,1.0
2011-04-22 05:37:21-04:00,1.0
2011-04-22 05:37:24-04:00,1.0
2011-04-22 05:37:27-04:00,1.0
2011-04-22 05:37:30-04:00,1.0
2011-04-22 05:37:33-04:00,1.0
2011-04-22 05:37:36-04:00,1.0
2011-04-22 05:37:39-04:00,1.0
2011-04-22 05:37:42-04:00,1.0
2011-04-22 05:37:45-04:00,1.0
2011-04-22 05:37:48-04:00,1.0
2011-04-22 05:37:51-04:00,1.0
2011-04-22 05:37:54-04:00,1.0
2011-04-22 05:37:57-04:00,1.0
2011-04-22 05:38:00-04:00,1.0
2011-04-22 05:38:03-04:00,1.0
2011-04-22 05:38:06-04:00,1.0
2011-04-22 05:38:09-04:00,1.0
2011-04-22 05:38:12-04:00,1.0
2011-04-22 05:38:15-04:00,1.0
2011-04-22 05:38:18-04:00,1.0
2011-04-22 05:38:21-04:00,1.0
2011-04-22 05:38:24-04:00,1.0
2011-04-22 05:38:27-04:00,1.0
2011-04-22 05:38:30-04:00,1.0
2011-04-22 05:38:33-04:00,1.0
2011-04-22 05:38:36-04:00,1.0
2011-04-22 05:38:39-04:00,1.0
2011-04-22 05:38:42-04:00,1.0
2011-04-22 05:38:45-04:00,1.0
2011-04-22 05:38:48-04:00,1.0
2011-04-22 05:38:51-04:00,1.0
2011-04-22 05:38:54-04:00,1.0
2011-04-22 05:38:57-04:00,1.0
2011-04-22 05:39:00-04:00,1.0
2011-04-22 05:39:03-04:00,1.0
2011-04-22 05:39:06-04:00,1.0
2011-04-22 05:39:09-04:00,1.0
2011-04-22 05:39:12-04:00,1.0
2011-04-22 05:39:15-04:00,1.0
2011-04-22 05:39:18-04:00,1.0
2011-04-22 05:39:21-04:00,1.0
2011-04-22 05:39:24-04:00,1.0
2011-04-22 05:39:27-04:00,1.0
2011-04-22 05:39:30-04:00,1.0
2011-04-22 05:39:33-04:00,1.0
2011-04-22 05:39:36-04:00,1.0
2011-04-22 05:39:39-04:00,1.0
2011-04-22 05:39:42-04:00,1.0
2011-04-22 05:39:45-04:00,1.0
2011-04-22 05:39:48-04:00,1.0
2011-04-22 05:39:51-04:00,1.0
2011-04-22 05:39:54-04:00,1.0
2011-04-22 05:39:57-04:00,0.0
2011-04-22 05:40:00-04:00,0.75
2011-04-22 05:40:03-04:00,1.0
2011-04-22 05:40:06-04:00,1.0
2011-04-22 05:40:09-04:00,1.0
2011-04-22 05:40:12-04:00,1.0
2011-04-22 05:40:15-04:00,1.0
2011-04-22 05:40:18-04:00,1.0
2011-04-22 05:40:21-04:00,1.0
2011-04-22 05:40:24-04:00,1.0
2011-04-22 05:40:27-04:00,1.0
2011-04-22 05:40:30-04:00,1.0
2011-04-22 05:40:33-04:00,1.0
2011-04-22 05:40:36-04:00,1.0
2011-04-22 05:40:39-04:00,1.0
2011-04-22 05:40:42-04:00,1.0
2011-04-22 05:40:45-04:00,1.0
2011-04-22 05:40:48-04:00,1.0
2011-04-22 05:40:51-04:00,1.0
2011-04-22 05:40:54-04:00,1.0
2011-04-22 05:40:57-04:00,1.0
2011-04-22 05:41:00-04:00,1.0
2011-04-22 05:41:03-04:00,1.0
2011-04-22 05:41:06-04:00,0.6666666666666667
2011-04-22 05:41:09-04:00,0.25
2011-04-22 05:41:12-04:00,1.0
2011-04-22 05:41:15-04:00,1.0
2011-04-22 05:41:18-04:00,1.0
2011-04-22 05:41:21-04:00,1.0
2011-04-22 05:41:24-04:00,1.0
2011-04-22 05:41:27-04:00,1.0
2011-04-22 05:41:30-04:00,1.0
2011-04-22 05:41:33-04:00,1.0
2011-04-22 05:41:36-04:00,1.0
2011-04-22 05:41:39-04:00,1.0
2011-04-22 05:41:42-04:00,1.0
2011-04-22 05:41:45-04:00,1.0
2011-04-22 05:41:48-04:00,0.0
2011-04-22 05:41:51-04:00,0.0
2011-04-22 05:41:54-04:00,0.6666666666666666
2011-04-22 05:41:57-04:00,1.0
2011-04-22 05:42:00-04:00,1.0
2011-04-22 05:42:03-04:00,1.0
2011-04-22 05:42:06-04:00,1.0
2011-04-22 05:42:09-04:00,1.0
2011-04-22 05:42:12-04:00,1.0
2011-04-22 05:42:15-04:00,1.0
2011-04-22 05:42:18-04:00,1.0
2011-04-22 05:42:21-04:00,1.0
2011-04-22 05:42:24-04:00,1.0
2011-04-22 05:42:27-04:00,1.0
2011-04-22 05:42:30-04:00,1.0
2011-04-22 05:42:33-04:00,1.0
2011-04-22 05:42:36-04:00,1.0
2011-04-22 05:42:39-04:00,1.0
2011-04-22 05:42:42-04:00,1.0
2011-04-22 05:42:45-04:00,1.0
2011-04-22 05:42:48-04:00,1.0
2011-04-22 05:42:51-04:00,1.0
2011-04-22 05:42:54-04:00,1.0
2011-04-22 05:42:57-04:00,1.0
2011-04-22 05:43:00-04:00,1.0
2011-04-22 05:43:03-04:00,1.0
2011-04-22 05:43:06-04:00,1.0
2011-04-22 05:43:09-04:00,1.0
2011-04-22 05:43:12-04:00,1.0
2011-04-22 05:43:15-04:00,1.0
2011-04-22 05:43:18-04:00,1.0
2011-04-22 05:43:21-04:00,1.0
2011-04-22 05:43:24-04:00,1.0
2011-04-22 05:43:27-04:00,1.0
2011-04-22 05:43:30-04:00,1.0
2011-04-22 05:43:33-04:00,1.0
2011-04-22 05:43:36-04:00,1.0
2011-04-22 05:43:39-04:00,1.0
2011-04-22 05:43:42-04:00,1.0
2011-04-22 05:43:45-04:00,1.0
2011-04-22 05:43:48-04:00,1.0
2011-04-22 05:43:51-04:00,1.0
2011-04-22 05:43:54-04:00,1.0
2011-04-22 05:43:57-04:00,1.0
2011-04-22 05:44:00-04:00,1.0
2011-04-22 05:44:03-04:00,1.0
2011-04-22 05:44:06-04:00,1.0
2011-04-22 05:44:09-04:00,1.0
2011-04-22 05:44:12-04:00,1.0
2011-04-22 05:44:15-04:00,1.0
2011-04-22 05:44:18-04:00,1.0
2011-04-22 05:44:21-04:00,1.0
2011-04-22 05:44:24-04:00,1.0
2011-04-22 05:44:27-04:00,1.0
2011-04-22 05:44:30-04:00,1.0
2011-04-22 05:44:33-04:00,1.0
2011-04-22 05:44:36-04:00,1.0
2011-04-22 05:44:39-04:00,1.0
2011-04-22 05:44:42-04:00,1.0
2011-04-22 05:44:45-04:00,1.0
2011-04-22 05:44:48-04:00,1.0
2011-04-22 05:44:51-04:00,1.0
2011-04-22 05:44:54-04:00,1.0
2011-04-22 05:44:57-04:00,1.0
2011-04-22 05:45:00-04:00,1.0
2011-04-22 05:45:03-04:00,1.0
2011-04-22 05:45:06-04:00,1.0
2011-04-22 05:45:09-04:00,1.0
2011-04-22 05:45:12-04:00,1.0
2011-04-22 05:45:15-04:00,1.0
2011-04-22 05:45:18-04:00,1.0
2011-04-22 05:45:21-04:00,1.0
2011-04-22 05:45:24-04:00,1.0
2011-04-22 05:45:27-04:00,1.0
2011-04-22 05:45:30-04:00,1.0
2011-04-22 05:45:33-04:00,1.0
2011-04-22 05:45:36-04:00,1.0
2011-04-22 05:45:39-04:00,1.0
2011-04-22 05:45:42-04:00,1.0
2011-04-22 05:45:45-04:00,1.0
2011-04-22 05:45:48-04:00,1.0
2011-04-22 05:45:51-04:00,1.0
2011-04-22 05:45:54-04:00,1.0
2011-04-22 05:45:57-04:00,1.0
2011-04-22 05:46:00-04:00,1.0
2011-04-22 05:46:03-04:00,1.0
2011-04-22 05:46:06-04:00,1.0
2011-04-22 05:46:09-04:00,1.0
2011-04-22 05:46:12-04:00,1.0
2011-04-22 05:46:15-04:00,1.0
2011-04-22 05:46:18-04:00,1.0
2011-04-22 05:46:21-04:00,1.0
2011-04-22 05:46:24-04:00,1.0
2011-04-22 05:46:27-04:00,1.0
2011-04-22 05:46:30-04:00,1.0
2011-04-22 05:46:33-04:00,1.0
2011-04-22 05:46:36-04:00,1.0
2011-04-22 05:46:39-04:00,1.0
2011-04-22 05:46:42-04:00,1.0
2011-04-22 05:46:45-04:00,1.0
2011-04-22 05:46:48-04:00,1.0
2011-04-22 05:46:51-04:00,1.0
2011-04-22 05:46:54-04:00,1.0
2011-04-22 05:46:57-04:00,1.0
2011-04-22 05:47:00-04:00,1.0
2011-04-22 05:47:03-04:00,1.0
2011-04-22 05:47:06-04:00,0.6666666666666667
2011-04-22 05:47:09-04:00,0.25
2011-04-22 05:47:12-04:00,1.0
2011-04-22 05:47:15-04:00,1.0
2011-04-22 05:47:18-04:00,1.0
2011-04-22 05:47:21-04:00,1.0
2011-04-22 05:47:24-04:00,1.0
2011-04-22 05:47:27-04:00,1.0
2011-04-22 05:47:30-04:00,1.0
2011-04-22 05:47:33-04:00,1.0
2011-04-22 05:47:36-04:00,1.0
2011-04-22 05:47:39-04:00,1.0
2011-04-22 05:47:42-04:00,1.0
2011-04-22 05:47:45-04:00,1.0
2011-04-22 05:47:48-04:00,1.0
2011-04-22 05:47:51-04:00,1.0
2011-04-22 05:47:54-04:00,1.0
2011-04-22 05:47:57-04:00,1.0
2011-04-22 05:48:00-04:00,1.0
2011-04-22 05:48:03-04:00,1.0
2011-04-22 05:48:06-04:00,1.0
2011-04-22 05:48:09-04:00,1.0
2011-04-22 05:48:12-04:00,1.0
2011-04-22 05:48:15-04:00,1.0
2011-04-22 05:48:18-04:00,1.0
2011-04-22 05:48:21-04:00,1.0
2011-04-22 05:48:24-04:00,1.0
2011-04-22 05:48:27-04:00,1.0
2011-04-22 05:48:30-04:00,1.0
2011-04-22 05:48:33-04:00,1.0
2011-04-22 05:48:36-04:00,1.0
2011-04-22 05:48:39-04:00,1.0
2011-04-22 05:48:42-04:00,1.0
2011-04-22 05:48:45-04:00,1.0
2011-04-22 05:48:48-04:00,1.0
2011-04-22 05:48:51-04:00,1.0
2011-04-22 05:48:54-04:00,1.0
2011-04-22 05:48:57-04:00,1.0
2011-04-22 05:49:00-04:00,1.0
2011-04-22 05:49:03-04:00,1.0
2011-04-22 05:49:06-04:00,1.0
2011-04-22 05:49:09-04:00,1.0
2011-04-22 05:49:12-04:00,1.0
2011-04-22 05:49:15-04:00,1.0
2011-04-22 05:49:18-04:00,1.0
2011-04-22 05:49:21-04:00,1.0
2011-04-22 05:49:24-04:00,1.0
2011-04-22 05:49:27-04:00,1.0
2011-04-22 05:49:30-04:00,1.0
2011-04-22 05:49:33-04:00,1.0
2011-04-22 05:49:36-04:00,1.0
2011-04-22 05:49:39-04:00,1.0
2011-04-22 05:49:42-04:00,1.0
2011-04-22 05:49:45-04:00,1.0
2011-04-22 05:49:48-04:00,1.0
2011-04-22 05:49:51-04:00,1.0
2011-04-22 05:49:54-04:00,1.0
2011-04-22 05:49:57-04:00,1.0
2011-04-22 05:50:00-04:00,1.0
2011-04-22 05:50:03-04:00,1.0
2011-04-22 05:50:06-04:00,1.0
2011-04-22 05:50:09-04:00,1.0
2011-04-22 05:50:12-04:00,1.0
2011-04-22 05:50:15-04:00,1.0
2011-04-22 05:50:18-04:00,1.0
2011-04-22 05:50:21-04:00,1.0
2011-04-22 05:50:24-04:00,1.0
2011-04-22 05:50:27-04:00,1.0
2011-04-22 05:50:30-04:00,1.0
2011-04-22 05:50:33-04:00,1.0
2011-04-22 05:50:36-04:00,1.0
2011-04-22 05:50:39-04:00,1.0
2011-04-22 05:50:42-04:00,1.0
2011-04-22 05:50:45-04:00,1.0
2011-04-22 05:50:48-04:00,1.0
2011-04-22 05:50:51-04:00,1.0
2011-04-22 05:50:54-04:00,1.0
2011-04-22 05:50:57-04:00,1.0
2011-04-22 05:51:00-04:00,1.0
2011-04-22 05:51:03-04:00,1.0
2011-04-22 05:51:06-04:00,1.0
2011-04-22 05:51:09-04:00,1.0
2011-04-22 05:51:12-04:00,1.0
2011-04-22 05:51:15-04:00,1.0
2011-04-22 05:51:18-04:00,1.0
2011-04-22 05:51:21-04:00,1.0
2011-04-22 05:51:24-04:00,1.0
2011-04-22 05:51:27-04:00,1.0
2011-04-22 05:51:30-04:00,1.0
2011-04-22 05:51:33-04:00,1.0
2011-04-22 05:51:36-04:00,1.0
2011-04-22 05:51:39-04:00,1.0
2011-04-22 05:51:42-04:00,1.0
2011-04-22 05:51:45-04:00,1.0
2011-04-22 05:51:48-04:00,1.0
2011-04-22 05:51:51-04:00,1.0
2011-04-22 05:51:54-04:00,1.0
2011-04-22 05:51:57-04:00,1.0
2011-04-22 05:52:00-04:00,1.0
2011-04-22 05:52:03-04:00,1.0
2011-04-22 05:52:06-04:00,1.0
2011-04-22 05:52:09-04:00,1.0
2011-04-22 05:52:12-04:00,1.0
2011-04-22 05:52:15-04:00,1.0
2011-04-22 05:52:18-04:00,1.0
2011-04-22 05:52:21-04:00,1.0
2011-04-22 05:52:24-04:00,1.0
2011-04-22 05:52:27-04:00,1.0
2011-04-22 05:52:30-04:00,1.0
2011-04-22 05:52:33-04:00,1.0
2011-04-22 05:52:36-04:00,1.0
2011-04-22 05:52:39-04:00,1.0
2011-04-22 05:52:42-04:00,1.0
2011-04-22 05:52:45-04:00,1.0
2011-04-22 05:52:48-04:00,1.0
2011-04-22 05:52:51-04:00,1.0
2011-04-22 05:52:54-04:00,1.0
2011-04-22 05:52:57-04:00,1.0
2011-04-22 05:53:00-04:00,1.0
2011-04-22 05:53:03-04:00,1.0
2011-04-22 05:53:06-04:00,1.0
2011-04-22 05:53:09-04:00,1.0
2011-04-22 05:53:12-04:00,1.0
2011-04-22 05:53:15-04:00,1.0
2011-04-22 05:53:18-04:00,1.0
2011-04-22 05:53:21-04:00,1.0
2011-04-22 05:53:24-04:00,1.0
2011-04-22 05:53:27-04:00,1.0
2011-04-22 05:53:30-04:00,1.0
2011-04-22 05:53:33-04:00,1.0
2011-04-22 05:53:36-04:00,1.0
2011-04-22 05:53:39-04:00,1.0
2011-04-22 05:53:42-04:00,1.0
2011-04-22 05:53:45-04:00,1.0
2011-04-22 05:53:48-04:00,1.0
2011-04-22 05:53:51-04:00,1.0
2011-04-22 05:53:54-04:00,1.0
2011-04-22 05:53:57-04:00,1.0
2011-04-22 05:54:00-04:00,1.0
2011-04-22 05:54:03-04:00,1.0
2011-04-22 05:54:06-04:00,1.0
2011-04-22 05:54:09-04:00,1.0
2011-04-22 05:54:12-04:00,1.0
2011-04-22 05:54:15-04:00,1.0
2011-04-22 05:54:18-04:00,1.0
2011-04-22 05:54:21-04:00,1.0
2011-04-22 05:54:24-04:00,1.0
2011-04-22 05:54:27-04:00,1.0
2011-04-22 05:54:30-04:00,1.0
2011-04-22 05:54:33-04:00,1.0
2011-04-22 05:54:36-04:00,1.0
2011-04-22 05:54:39-04:00,1.0
2011-04-22 05:54:42-04:00,1.0
2011-04-22 05:54:45-04:00,1.0
2011-04-22 05:54:48-04:00,1.0
2011-04-22 05:54:51-04:00,1.0
2011-04-22 05:54:54-04:00,1.0
2011-04-22 05:54:57-04:00,1.0
2011-04-22 05:55:00-04:00,1.0
2011-04-22 05:55:03-04:00,1.0
2011-04-22 05:55:06-04:00,1.0
2011-04-22 05:55:09-04:00,1.0
2011-04-22 05:55:12-04:00,1.0
2011-04-22 05:55:15-04:00,1.0
2011-04-22 05:55:18-04:00,1.0
2011-04-22 05:55:21-04:00,1.0
2011-04-22 05:55:24-04:00,1.0
2011-04-22 05:55:27-04:00,1.0
2011-04-22 05:55:30-04:00,1.0
2011-04-22 05:55:33-04:00,1.0
2011-04-22 05:55:36-04:00,1.0
2011-04-22 05:55:39-04:00,1.0
2011-04-22 05:55:42-04:00,1.0
2011-04-22 05:55:45-04:00,1.0
2011-04-22 05:55:48-04:00,1.0
2011-04-22 05:55:51-04:00,1.0
2011-04-22 05:55:54-04:00,1.0
2011-04-22 05:55:57-04:00,1.0
2011-04-22 05:56:00-04:00,1.0
2011-04-22 05:56:03-04:00,1.0
2011-04-22 05:56:06-04:00,1.0
2011-04-22 05:56:09-04:00,1.0
2011-04-22 05:56:12-04:00,1.0
2011-04-22 05:56:15-04:00,1.0
2011-04-22 05:56:18-04:00,1.0
2011-04-22 05:56:21-04:00,1.0
2011-04-22 05:56:24-04:00,1.0
2011-04-22 05:56:27-04:00,1.0
2011-04-22 05:56:30-04:00,1.0
2011-04-22 05:56:33-04:00,1.0
2011-04-22 05:56:36-04:00,1.0
2011-04-22 05:56:39-04:00,1.0
2011-04-22 05:56:42-04:00,1.0
2011-04-22 05:56:45-04:00,1.0
2011-04-22 05:56:48-04:00,1.0
2011-04-22 05:56:51-04:00,1.0
2011-04-22 05:56:54-04:00,1.0
2011-04-22 05:56:57-04:00,1.0
2011-04-22 05:57:00-04:00,1.0
2011-04-22 05:57:03-04:00,1.0
2011-04-22 05:57:06-04:00,1.0
2011-04-22 05:57:09-04:00,1.0
2011-04-22 05:57:12-04:00,1.0
2011-04-22 05:57:15-04:00,1.0
2011-04-22 05:57:18-04:00,1.0
2011-04-22 05:57:21-04:00,1.0
2011-04-22 05:57:24-04:00,1.0
2011-04-22 05:57:27-04:00,0.875
2011-04-22 05:57:30-04:00,0.5
2011-04-22 05:57:33-04:00,0.125
2011-04-22 05:57:36-04:00,0.5
2011-04-22 05:57:39-04:00,1.0
2011-04-22 05:57:42-04:00,1.0
2011-04-22 05:57:45-04:00,1.0
2011-04-22 05:57:48-04:00,1.0
2011-04-22 05:57:51-04:00,1.0
2011-04-22 05:57:54-04:00,1.0
2011-04-22 05:57:57-04:00,1.0
2011-04-22 05:58:00-04:00,1.0
2011-04-22 05:58:03-04:00,1.0
2011-04-22 05:58:06-04:00,1.0
2011-04-22 05:58:09-04:00,1.0
2011-04-22 05:58:12-04:00,1.0
2011-04-22 05:58:15-04:00,1.0
2011-04-22 05:58:18-04:00,0.0
2011-04-22 05:58:21-04:00,0.75
2011-04-22 05:58:24-04:00,1.0
2011-04-22 05:58:27-04:00,1.0
2011-04-22 05:58:30-04:00,1.0
2011-04-22 05:58:33-04:00,1.0
2011-04-22 05:58:36-04:00,0.5
2011-04-22 05:58:39-04:00,0.0
2011-04-22 05:58:42-04:00,0.25
2011-04-22 05:58:45-04:00,1.0
2011-04-22 05:58:48-04:00,1.0
2011-04-22 05:58:51-04:00,1.0
2011-04-22 05:58:54-04:00,1.0
2011-04-22 05:58:57-04:00,0.5
2011-04-22 05:59:00-04:00,0.3333333333333333
2011-04-22 05:59:03-04:00,1.0
2011-04-22 05:59:06-04:00,1.0
2011-04-22 05:59:09-04:00,1.0
2011-04-22 05:59:12-04:00,1.0
2011-04-22 05:59:15-04:00,1.0
2011-04-22 05:59:18-04:00,1.0
2011-04-22 05:59:21-04:00,0.33333333333333337
2011-04-22 05:59:24-04:00,0.5
2011-04-22 05:59:27-04:00,1.0
2011-04-22 05:59:30-04:00,1.0
2011-04-22 05:59:33-04:00,1.0
2011-04-22 05:59:36-04:00,1.0
2011-04-22 05:59:39-04:00,1.0
2011-04-22 05:59:42-04:00,1.0
2011-04-22 05:59:45-04:00,1.0
2011-04-22 05:59:48-04:00,1.0
2011-04-22 05:59:51-04:00,1.0
2011-04-22 05:59:54-04:00,1.0
2011-04-22 05:59:57-04:00,1.0
2011-04-22 06:00:00-04:00,1.0
2011-04-22 06:00:03-04:00,1.0
2011-04-22 06:00:06-04:00,1.0
2011-04-22 06:00:09-04:00,1.0
2011-04-22 06:00:12-04:00,0.0
2011-04-22 06:00:15-04:00,0.75
2011-04-22 06:00:18-04:00,1.0
2011-04-22 06:00:21-04:00,1.0
2011-04-22 06:00:24-04:00,1.0
2011-04-22 06:00:27-04:00,1.0
2011-04-22 06:00:30-04:00,1.0
2011-04-22 06:00:33-04:00,1.0
2011-04-22 06:00:36-04:00,1.0
2011-04-22 06:00:39-04:00,1.0
2011-04-22 06:00:42-04:00,1.0
2011-04-22 06:00:45-04:00,1.0
2011-04-22 06:00:48-04:00,1.0
2011-04-22 06:00:51-04:00,1.0
2011-04-22 06:00:54-04:00,1.0
2011-04-22 06:00:57-04:00,0.33333333333333337
2011-04-22 06:01:00-04:00,0.5
2011-04-22 06:01:03-04:00,1.0
2011-04-22 06:01:06-04:00,1.0
2011-04-22 06:01:09-04:00,1.0
2011-04-22 06:01:12-04:00,1.0
2011-04-22 06:01:15-04:00,1.0
2011-04-22 06:01:18-04:00,1.0
2011-04-22 06:01:21-04:00,1.0
2011-04-22 06:01:24-04:00,1.0
2011-04-22 06:01:27-04:00,1.0
2011-04-22 06:01:30-04:00,1.0
2011-04-22 06:01:33-04:00,1.0
2011-04-22 06:01:36-04:00,1.0
2011-04-22 06:01:39-04:00,1.0
2011-04-22 06:01:42-04:00,1.0
2011-04-22 06:01:45-04:00,1.0
2011-04-22 06:01:48-04:00,1.0
2011-04-22 06:01:51-04:00,1.0
2011-04-22 06:01:54-04:00,1.0
2011-04-22 06:01:57-04:00,1.0
2011-04-22 06:02:00-04:00,1.0
2011-04-22 06:02:03-04:00,1.0
2011-04-22 06:02:06-04:00,1.0
2011-04-22 06:02:09-04:00,1.0
2011-04-22 06:02:12-04:00,1.0
2011-04-22 06:02:15-04:00,0.0
2011-04-22 06:02:18-04:00,0.0
2011-04-22 06:02:21-04:00,0.6666666666666666
2011-04-22 06:02:24-04:00,0.5
2011-04-22 06:02:27-04:00,0.1111111111111111
2011-04-22 06:02:30-04:00,0.4444444444444444
2011-04-22 06:02:33-04:00,0.7777777777777778
2011-04-22 06:02:36-04:00,1.0
2011-04-22 06:02:39-04:00,1.0
2011-04-22 06:02:42-04:00,1.0
2011-04-22 06:02:45-04:00,1.0
2011-04-22 06:02:48-04:00,1.0
2011-04-22 06:02:51-04:00,1.0
2011-04-22 06:02:54-04:00,1.0
2011-04-22 06:02:57-04:00,1.0
2011-04-22 06:03:00-04:00,1.0
2011-04-22 06:03:03-04:00,1.0
2011-04-22 06:03:06-04:00,1.0
2011-04-22 06:03:09-04:00,1.0
2011-04-22 06:03:12-04:00,1.0
2011-04-22 06:03:15-04:00,1.0
2011-04-22 06:03:18-04:00,1.0
2011-04-22 06:03:21-04:00,1.0
2011-04-22 06:03:24-04:00,1.0
2011-04-22 06:03:27-04:00,1.0
2011-04-22 06:03:30-04:00,1.0
2011-04-22 06:03:33-04:00,1.0
2011-04-22 06:03:36-04:00,1.0
2011-04-22 06:03:39-04:00,1.0
2011-04-22 06:03:42-04:00,1.0
2011-04-22 06:03:45-04:00,1.0
2011-04-22 06:03:48-04:00,1.0
2011-04-22 06:03:51-04:00,1.0
2011-04-22 06:03:54-04:00,1.0
2011-04-22 06:03:57-04:00,1.0
2011-04-22 06:04:00-04:00,1.0
2011-04-22 06:04:03-04:00,1.0
2011-04-22 06:04:06-04:00,1.0
2011-04-22 06:04:09-04:00,1.0
2011-04-22 06:04:12-04:00,1.0
2011-04-22 06:04:15-04:00,1.0
2011-04-22 06:04:18-04:00,1.0
2011-04-22 06:04:21-04:00,1.0
2011-04-22 06:04:24-04:00,0.6666666666666667
2011-04-22 06:04:27-04:00,0.1111111111111111
2011-04-22 06:04:30-04:00,0.4444444444444444
2011-04-22 06:04:33-04:00,0.7777777777777778
2011-04-22 06:04:36-04:00,1.0
2011-04-22 06:04:39-04:00,1.0
2011-04-22 06:04:42-04:00,1.0
2011-04-22 06:04:45-04:00,1.0
2011-04-22 06:04:48-04:00,1.0
2011-04-22 06:04:51-04:00,1.0
2011-04-22 06:04:54-04:00,1.0
2011-04-22 06:04:57-04:00,0.6666666666666667
2011-04-22 06:05:00-04:00,0.25
2011-04-22 06:05:03-04:00,1.0
2011-04-22 06:05:06-04:00,1.0
2011-04-22 06:05:09-04:00,1.0
2011-04-22 06:05:12-04:00,1.0
2011-04-22 06:05:15-04:00,1.0
2011-04-22 06:05:18-04:00,1.0
2011-04-22 06:05:21-04:00,1.0
2011-04-22 06:05:24-04:00,1.0
2011-04-22 06:05:27-04:00,1.0
2011-04-22 06:05:30-04:00,1.0
2011-04-22 06:05:33-04:00,1.0
2011-04-22 06:05:36-04:00,1.0
2011-04-22 06:05:39-04:00,1.0
2011-04-22 06:05:42-04:00,1.0
2011-04-22 06:05:45-04:00,1.0
2011-04-22 06:05:48-04:00,1.0
2011-04-22 06:05:51-04:00,1.0
2011-04-22 06:05:54-04:00,1.0
2011-04-22 06:05:57-04:00,1.0
2011-04-22 06:06:00-04:00,1.0
2011-04-22 06:06:03-04:00,1.0
2011-04-22 06:06:06-04:00,1.0
2011-04-22 06:06:09-04:00,1.0
2011-04-22 06:06:12-04:00,1.0
2011-04-22 06:06:15-04:00,1.0
2011-04-22 06:06:18-04:00,1.0
2011-04-22 06:06:21-04:00,1.0
2011-04-22 06:06:24-04:00,1.0
2011-04-22 06:06:27-04:00,1.0
2011-04-22 06:06:30-04:00,1.0
2011-04-22 06:06:33-04:00,1.0
2011-04-22 06:06:36-04:00,1.0
2011-04-22 06:06:39-04:00,1.0
2011-04-22 06:06:42-04:00,1.0
2011-04-22 06:06:45-04:00,1.0
2011-04-22 06:06:48-04:00,1.0
2011-04-22 06:06:51-04:00,1.0
2011-04-22 06:06:54-04:00,1.0
2011-04-22 06:06:57-04:00,1.0
2011-04-22 06:07:00-04:00,1.0
2011-04-22 06:07:03-04:00,1.0
2011-04-22 06:07:06-04:00,1.0
2011-04-22 06:07:09-04:00,1.0
2011-04-22 06:07:12-04:00,1.0
2011-04-22 06:07:15-04:00,1.0
2011-04-22 06:07:18-04:00,1.0
2011-04-22 06:07:21-04:00,1.0
2011-04-22 06:07:24-04:00,1.0
2011-04-22 06:07:27-04:00,1.0
2011-04-22 06:07:30-04:00,1.0
2011-04-22 06:07:33-04:00,1.0
2011-04-22 06:07:36-04:00,1.0
2011-04-22 06:07:39-04:00,1.0
2011-04-22 06:07:42-04:00,1.0
2011-04-22 06:07:45-04:00,1.0
2011-04-22 06:07:48-04:00,1.0
2011-04-22 06:07:51-04:00,1.0
2011-04-22 06:07:54-04:00,1.0
2011-04-22 06:07:57-04:00,1.0
2011-04-22 06:08:00-04:00,1.0
2011-04-22 06:08:03-04:00,1.0
2011-04-22 06:08:06-04:00,1.0
2011-04-22 06:08:09-04:00,1.0
2011-04-22 06:08:12-04:00,1.0
2011-04-22 06:08:15-04:00,1.0
2011-04-22 06:08:18-04:00,1.0
2011-04-22 06:08:21-04:00,1.0
2011-04-22 06:08:24-04:00,1.0
2011-04-22 06:08:27-04:00,1.0
2011-04-22 06:08:30-04:00,1.0
2011-04-22 06:08:33-04:00,1.0
2011-04-22 06:08:36-04:00,1.0
2011-04-22 06:08:39-04:00,1.0
2011-04-22 06:08:42-04:00,1.0
2011-04-22 06:08:45-04:00,1.0
2011-04-22 06:08:48-04:00,1.0
2011-04-22 06:08:51-04:00,1.0
2011-04-22 06:08:54-04:00,1.0
2011-04-22 06:08:57-04:00,1.0
2011-04-22 06:09:00-04:00,1.0
2011-04-22 06:09:03-04:00,1.0
2011-04-22 06:09:06-04:00,1.0
2011-04-22 06:09:09-04:00,1.0
2011-04-22 06:09:12-04:00,1.0
2011-04-22 06:09:15-04:00,1.0
2011-04-22 06:09:18-04:00,1.0
2011-04-22 06:09:21-04:00,1.0
2011-04-22 06:09:24-04:00,1.0
2011-04-22 06:09:27-04:00,1.0
2011-04-22 06:09:30-04:00,1.0
2011-04-22 06:09:33-04:00,1.0
2011-04-22 06:09:36-04:00,1.0
2011-04-22 06:09:39-04:00,1.0
2011-04-22 06:09:42-04:00,1.0
2011-04-22 06:09:45-04:00,1.0
2011-04-22 06:09:48-04:00,1.0
2011-04-22 06:09:51-04:00,1.0
2011-04-22 06:09:54-04:00,1.0
2011-04-22 06:09:57-04:00,1.0
2011-04-22 06:10:00-04:00,1.0
2011-04-22 06:10:03-04:00,1.0
2011-04-22 06:10:06-04:00,1.0
2011-04-22 06:10:09-04:00,1.0
2011-04-22 06:10:12-04:00,1.0
2011-04-22 06:10:15-04:00,1.0
2011-04-22 06:10:18-04:00,1.0
2011-04-22 06:10:21-04:00,1.0
2011-04-22 06:10:24-04:00,1.0
2011-04-22 06:10:27-04:00,1.0
2011-04-22 06:10:30-04:00,1.0
2011-04-22 06:10:33-04:00,1.0
2011-04-22 06:10:36-04:00,1.0
2011-04-22 06:10:39-04:00,1.0
2011-04-22 06:10:42-04:00,1.0
2011-04-22 06:10:45-04:00,1.0
2011-04-22 06:10:48-04:00,1.0
2011-04-22 06:10:51-04:00,1.0
2011-04-22 06:10:54-04:00,1.0
2011-04-22 06:10:57-04:00,1.0
2011-04-22 06:11:00-04:00,1.0
2011-04-22 06:11:03-04:00,1.0
2011-04-22 06:11:06-04:00,0.75
2011-04-22 06:11:09-04:00,0.0
2011-04-22 06:11:12-04:00,1.0
2011-04-22 06:11:15-04:00,1.0
2011-04-22 06:11:18-04:00,1.0
2011-04-22 06:11:21-04:00,1.0
2011-04-22 06:11:24-04:00,1.0
2011-04-22 06:11:27-04:00,1.0
2011-04-22 06:11:30-04:00,1.0
2011-04-22 06:11:33-04:00,1.0
2011-04-22 06:11:36-04:00,1.0
2011-04-22 06:11:39-04:00,1.0
2011-04-22 06:11:42-04:00,1.0
2011-04-22 06:11:45-04:00,1.0
2011-04-22 06:11:48-04:00,1.0
2011-04-22 06:11:51-04:00,1.0
2011-04-22 06:11:54-04:00,1.0
2011-04-22 06:11:57-04:00,1.0
2011-04-22 06:12:00-04:00,1.0
2011-04-22 06:12:03-04:00,1.0
2011-04-22 06:12:06-04:00,1.0
2011-04-22 06:12:09-04:00,1.0
2011-04-22 06:12:12-04:00,1.0
2011-04-22 06:12:15-04:00,1.0
2011-04-22 06:12:18-04:00,1.0
2011-04-22 06:12:21-04:00,1.0
2011-04-22 06:12:24-04:00,1.0
2011-04-22 06:12:27-04:00,1.0
2011-04-22 06:12:30-04:00,1.0
2011-04-22 06:12:33-04:00,1.0
2011-04-22 06:12:36-04:00,1.0
2011-04-22 06:12:39-04:00,1.0
2011-04-22 06:12:42-04:00,1.0
2011-04-22 06:12:45-04:00,1.0
2011-04-22 06:12:48-04:00,1.0
2011-04-22 06:12:51-04:00,1.0
2011-04-22 06:12:54-04:00,1.0
2011-04-22 06:12:57-04:00,1.0
2011-04-22 06:13:00-04:00,1.0
2011-04-22 06:13:03-04:00,1.0
2011-04-22 06:13:06-04:00,1.0
2011-04-22 06:13:09-04:00,1.0
2011-04-22 06:13:12-04:00,1.0
2011-04-22 06:13:15-04:00,1.0
2011-04-22 06:13:18-04:00,1.0
2011-04-22 06:13:21-04:00,1.0
2011-04-22 06:13:24-04:00,1.0
2011-04-22 06:13:27-04:00,1.0
2011-04-22 06:13:30-04:00,1.0
2011-04-22 06:13:33-04:00,1.0
2011-04-22 06:13:36-04:00,1.0
2011-04-22 06:13:39-04:00,37.0
2011-04-22 06:13:42-04:00,37.0
2011-04-22 06:13:45-04:00,31.0
2011-04-22 06:13:48-04:00,31.0
2011-04-22 06:13:51-04:00,31.0
2011-04-22 06:13:54-04:00,31.0
2011-04-22 06:13:57-04:00,32.0
2011-04-22 06:14:00-04:00,32.0
2011-04-22 06:14:03-04:00,32.0
2011-04-22 06:14:06-04:00,32.666666666666664
2011-04-22 06:14:09-04:00,33.0
2011-04-22 06:14:12-04:00,33.0
2011-04-22 06:14:15-04:00,33.25
2011-04-22 06:14:18-04:00,34.0
2011-04-22 06:14:21-04:00,34.0
2011-04-22 06:14:24-04:00,34.0
2011-04-22 06:14:27-04:00,34.0
2011-04-22 06:14:30-04:00,34.22222222222222
2011-04-22 06:14:33-04:00,34.55555555555556
2011-04-22 06:14:36-04:00,34.888888888888886
2011-04-22 06:14:39-04:00,35.0
2011-04-22 06:14:42-04:00,35.0
2011-04-22 06:14:45-04:00,35.333333333333336
2011-04-22 06:14:48-04:00,36.0
2011-04-22 06:14:51-04:00,36.0
2011-04-22 06:14:54-04:00,36.0
2011-04-22 06:14:57-04:00,36.0
2011-04-22 06:15:00-04:00,36.0
2011-04-22 06:15:03-04:00,36.0
2011-04-22 06:15:06-04:00,36.0
2011-04-22 06:15:09-04:00,36.0
2011-04-22 06:15:12-04:00,36.0
2011-04-22 06:15:15-04:00,36.0
2011-04-22 06:15:18-04:00,36.0
2011-04-22 06:15:21-04:00,36.0
2011-04-22 06:15:24-04:00,36.0
2011-04-22 06:15:27-04:00,36.0
2011-04-22 06:15:30-04:00,36.0
2011-04-22 06:15:33-04:00,36.0
2011-04-22 06:15:36-04:00,36.0
2011-04-22 06:15:39-04:00,36.0
2011-04-22 06:15:42-04:00,36.0
2011-04-22 06:15:45-04:00,35.666666666666664
2011-04-22 06:15:48-04:00,35.25
2011-04-22 06:15:51-04:00,36.0
2011-04-22 06:15:54-04:00,36.0
2011-04-22 06:15:57-04:00,36.0
2011-04-22 06:16:00-04:00,36.0
2011-04-22 06:16:03-04:00,36.0
2011-04-22 06:16:06-04:00,36.0
2011-04-22 06:16:09-04:00,36.0
2011-04-22 06:16:12-04:00,36.0
2011-04-22 06:16:15-04:00,36.0
2011-04-22 06:16:18-04:00,36.0
2011-04-22 06:16:21-04:00,36.0
2011-04-22 06:16:24-04:00,36.0
2011-04-22 06:16:27-04:00,36.0
2011-04-22 06:16:30-04:00,36.0
2011-04-22 06:16:33-04:00,36.0
2011-04-22 06:16:36-04:00,36.0
2011-04-22 06:16:39-04:00,36.0
2011-04-22 06:16:42-04:00,36.0
2011-04-22 06:16:45-04:00,36.0
2011-04-22 06:16:48-04:00,36.0
2011-04-22 06:16:51-04:00,36.0
2011-04-22 06:16:54-04:00,36.0
2011-04-22 06:16:57-04:00,36.0
2011-04-22 06:17:00-04:00,36.0
2011-04-22 06:17:03-04:00,36.0
2011-04-22 06:17:06-04:00,36.0
2011-04-22 06:17:09-04:00,36.0
2011-04-22 06:17:12-04:00,36.0
2011-04-22 06:17:15-04:00,36.0
2011-04-22 06:17:18-04:00,36.0
2011-04-22 06:17:21-04:00,36.0
2011-04-22 06:17:24-04:00,36.0
2011-04-22 06:17:27-04:00,35.888888888888886
2011-04-22 06:17:30-04:00,35.55555555555556
2011-04-22 06:17:33-04:00,35.22222222222222
2011-04-22 06:17:36-04:00,35.333333333333336
2011-04-22 06:17:39-04:00,35.75
2011-04-22 06:17:42-04:00,35.0
2011-04-22 06:17:45-04:00,35.0
2011-04-22 06:17:48-04:00,35.0
2011-04-22 06:17:51-04:00,35.0
2011-04-22 06:17:54-04:00,35.0
2011-04-22 06:17:57-04:00,35.0
2011-04-22 06:18:00-04:00,35.0
2011-04-22 06:18:03-04:00,35.0
2011-04-22 06:18:06-04:00,35.0
2011-04-22 06:18:09-04:00,35.0
2011-04-22 06:18:12-04:00,35.0
2011-04-22 06:18:15-04:00,35.0
2011-04-22 06:18:18-04:00,35.0
2011-04-22 06:18:21-04:00,35.0
2011-04-22 06:18:24-04:00,35.0
2011-04-22 06:18:27-04:00,35.0
2011-04-22 06:18:30-04:00,35.0
2011-04-22 06:18:33-04:00,35.0
2011-04-22 06:18:36-04:00,35.0
2011-04-22 06:18:39-04:00,35.0
2011-04-22 06:18:42-04:00,35.0
2011-04-22 06:18:45-04:00,35.0
2011-04-22 06:18:48-04:00,35.0
2011-04-22 06:18:51-04:00,35.0
2011-04-22 06:18:54-04:00,35.0
2011-04-22 06:18:57-04:00,35.0
2011-04-22 06:19:00-04:00,35.0
2011-04-22 06:19:03-04:00,35.0
2011-04-22 06:19:06-04:00,35.0
2011-04-22 06:19:09-04:00,35.0
2011-04-22 06:19:12-04:00,35.0
2011-04-22 06:19:15-04:00,35.0
2011-04-22 06:19:18-04:00,35.0
2011-04-22 06:19:21-04:00,35.0
2011-04-22 06:19:24-04:00,35.0
2011-04-22 06:19:27-04:00,35.0
2011-04-22 06:19:30-04:00,35.0
2011-04-22 06:19:33-04:00,35.0
2011-04-22 06:19:36-04:00,35.0
2011-04-22 06:19:39-04:00,35.0
2011-04-22 06:19:42-04:00,35.0
2011-04-22 06:19:45-04:00,35.0
2011-04-22 06:19:48-04:00,35.0
2011-04-22 06:19:51-04:00,35.0
2011-04-22 06:19:54-04:00,34.666666666666664
2011-04-22 06:19:57-04:00,34.0
2011-04-22 06:20:00-04:00,34.0
2011-04-22 06:20:03-04:00,35.0
2011-04-22 06:20:06-04:00,34.25
2011-04-22 06:20:09-04:00,34.666666666666664
2011-04-22 06:20:12-04:00,35.0
2011-04-22 06:20:15-04:00,35.0
2011-04-22 06:20:18-04:00,35.0
2011-04-22 06:20:21-04:00,35.0
2011-04-22 06:20:24-04:00,34.0
2011-04-22 06:20:27-04:00,35.0
2011-04-22 06:20:30-04:00,35.0
2011-04-22 06:20:33-04:00,35.0
2011-04-22 06:20:36-04:00,35.0
2011-04-22 06:20:39-04:00,34.25
2011-04-22 06:20:42-04:00,34.666666666666664
2011-04-22 06:20:45-04:00,35.0
2011-04-22 06:20:48-04:00,34.666666666666664
2011-04-22 06:20:51-04:00,34.0
2011-04-22 06:20:54-04:00,34.0
2011-04-22 06:20:57-04:00,34.0
2011-04-22 06:21:00-04:00,34.0
2011-04-22 06:21:03-04:00,34.666666666666664
2011-04-22 06:21:06-04:00,34.333333333333336
2011-04-22 06:21:09-04:00,34.0
2011-04-22 06:21:12-04:00,34.0
2011-04-22 06:21:15-04:00,34.0
2011-04-22 06:21:18-04:00,34.0
2011-04-22 06:21:21-04:00,34.0
2011-04-22 06:21:24-04:00,34.0
2011-04-22 06:21:27-04:00,34.0
2011-04-22 06:21:30-04:00,34.0
2011-04-22 06:21:33-04:00,34.0
2011-04-22 06:21:36-04:00,34.0
2011-04-22 06:21:39-04:00,34.0
2011-04-22 06:21:42-04:00,34.0
2011-04-22 06:21:45-04:00,34.0
2011-04-22 06:21:48-04:00,34.0
2011-04-22 06:21:51-04:00,34.0
2011-04-22 06:21:54-04:00,34.0
2011-04-22 06:21:57-04:00,34.0
2011-04-22 06:22:00-04:00,34.0
2011-04-22 06:22:03-04:00,34.0
2011-04-22 06:22:06-04:00,34.0
2011-04-22 06:22:09-04:00,34.0
2011-04-22 06:22:12-04:00,34.0
2011-04-22 06:22:15-04:00,34.0
2011-04-22 06:22:18-04:00,34.0
2011-04-22 06:22:21-04:00,34.0
2011-04-22 06:22:24-04:00,34.0
2011-04-22 06:22:27-04:00,34.0
2011-04-22 06:22:30-04:00,34.0
2011-04-22 06:22:33-04:00,34.0
2011-04-22 06:22:36-04:00,34.0
2011-04-22 06:22:39-04:00,34.0
2011-04-22 06:22:42-04:00,34.0
2011-04-22 06:22:45-04:00,34.0
2011-04-22 06:22:48-04:00,34.0
2011-04-22 06:22:51-04:00,34.0
2011-04-22 06:22:54-04:00,34.0
2011-04-22 06:22:57-04:00,34.0
2011-04-22 06:23:00-04:00,34.0
2011-04-22 06:23:03-04:00,34.0
2011-04-22 06:23:06-04:00,34.0
2011-04-22 06:23:09-04:00,34.0
2011-04-22 06:23:12-04:00,33.0
2011-04-22 06:23:15-04:00,33.0
2011-04-22 06:23:18-04:00,33.75
2011-04-22 06:23:21-04:00,33.333333333333336
2011-04-22 06:23:24-04:00,33.5
2011-04-22 06:23:27-04:00,34.0
2011-04-22 06:23:30-04:00,34.0
2011-04-22 06:23:33-04:00,34.0
2011-04-22 06:23:36-04:00,34.0
2011-04-22 06:23:39-04:00,33.666666666666664
2011-04-22 06:23:42-04:00,33.0
2011-04-22 06:23:45-04:00,33.0
2011-04-22 06:23:48-04:00,33.0
2011-04-22 06:23:51-04:00,33.75
2011-04-22 06:23:54-04:00,33.333333333333336
2011-04-22 06:23:57-04:00,33.0
2011-04-22 06:24:00-04:00,33.0
2011-04-22 06:24:03-04:00,33.0
2011-04-22 06:24:06-04:00,33.0
2011-04-22 06:24:09-04:00,33.0
2011-04-22 06:24:12-04:00,33.0
2011-04-22 06:24:15-04:00,33.0
2011-04-22 06:24:18-04:00,33.0
2011-04-22 06:24:21-04:00,33.0
2011-04-22 06:24:24-04:00,33.0
2011-04-22 06:24:27-04:00,33.0
2011-04-22 06:24:30-04:00,33.0
2011-04-22 06:24:33-04:00,33.0
2011-04-22 06:24:36-04:00,33.0
2011-04-22 06:24:39-04:00,33.0
2011-04-22 06:24:42-04:00,33.0
2011-04-22 06:24:45-04:00,33.0
2011-04-22 06:24:48-04:00,33.0
2011-04-22 06:24:51-04:00,33.0
2011-04-22 06:24:54-04:00,33.0
2011-04-22 06:24:57-04:00,33.0
2011-04-22 06:25:00-04:00,33.0
2011-04-22 06:25:03-04:00,33.0
2011-04-22 06:25:06-04:00,33.0
2011-04-22 06:25:09-04:00,33.0
2011-04-22 06:25:12-04:00,33.0
2011-04-22 06:25:15-04:00,33.0
2011-04-22 06:25:18-04:00,33.0
2011-04-22 06:25:21-04:00,33.0
2011-04-22 06:25:24-04:00,33.0
2011-04-22 06:25:27-04:00,33.0
2011-04-22 06:25:30-04:00,33.0
2011-04-22 06:25:33-04:00,33.0
2011-04-22 06:25:36-04:00,33.0
2011-04-22 06:25:39-04:00,33.0
2011-04-22 06:25:42-04:00,33.0
2011-04-22 06:25:45-04:00,33.0
2011-04-22 06:25:48-04:00,33.0
2011-04-22 06:25:51-04:00,33.0
2011-04-22 06:25:54-04:00,33.0
2011-04-22 06:25:57-04:00,33.0
2011-04-22 06:26:00-04:00,33.0
2011-04-22 06:26:03-04:00,33.0
2011-04-22 06:26:06-04:00,33.0
2011-04-22 06:26:09-04:00,33.0
2011-04-22 06:26:12-04:00,33.0
2011-04-22 06:26:15-04:00,33.0
2011-04-22 06:26:18-04:00,33.0
2011-04-22 06:26:21-04:00,33.0
2011-04-22 06:26:24-04:00,33.0
2011-04-22 06:26:27-04:00,33.0
2011-04-22 06:26:30-04:00,33.0
2011-04-22 06:26:33-04:00,33.0
2011-04-22 06:26:36-04:00,33.0
2011-04-22 06:26:39-04:00,33.0
2011-04-22 06:26:42-04:00,33.0
2011-04-22 06:26:45-04:00,33.0
2011-04-22 06:26:48-04:00,33.0
2011-04-22 06:26:51-04:00,33.0
2011-04-22 06:26:54-04:00,33.0
2011-04-22 06:26:57-04:00,82.33333333333333
2011-04-22 06:27:00-04:00,181.0
2011-04-22 06:27:03-04:00,181.0
2011-04-22 06:27:06-04:00,181.0
2011-04-22 06:27:09-04:00,181.0
2011-04-22 06:27:12-04:00,181.0
2011-04-22 06:27:15-04:00,181.0
2011-04-22 06:27:18-04:00,181.0
2011-04-22 06:27:21-04:00,181.0
2011-04-22 06:27:24-04:00,181.0
2011-04-22 06:27:27-04:00,181.0
2011-04-22 06:27:30-04:00,181.0
2011-04-22 06:27:33-04:00,181.0
2011-04-22 06:27:36-04:00,181.0
2011-04-22 06:27:39-04:00,181.0
2011-04-22 06:27:42-04:00,181.0
2011-04-22 06:27:45-04:00,181.0
2011-04-22 06:27:48-04:00,181.0
2011-04-22 06:27:51-04:00,181.0
2011-04-22 06:27:54-04:00,181.0
2011-04-22 06:27:57-04:00,181.0
2011-04-22 06:28:00-04:00,181.0
2011-04-22 06:28:03-04:00,181.0
2011-04-22 06:28:06-04:00,181.0
2011-04-22 06:28:09-04:00,181.0
2011-04-22 06:28:12-04:00,181.0
2011-04-22 06:28:15-04:00,181.0
2011-04-22 06:28:18-04:00,181.0
2011-04-22 06:28:21-04:00,181.0
2011-04-22 06:28:24-04:00,181.0
2011-04-22 06:28:27-04:00,181.0
2011-04-22 06:28:30-04:00,181.0
2011-04-22 06:28:33-04:00,181.0
2011-04-22 06:28:36-04:00,181.0
2011-04-22 06:28:39-04:00,181.0
2011-04-22 06:28:42-04:00,181.0
2011-04-22 06:28:45-04:00,181.0
2011-04-22 06:28:48-04:00,181.0
2011-04-22 06:28:51-04:00,181.0
2011-04-22 06:28:54-04:00,181.0
2011-04-22 06:28:57-04:00,181.0
2011-04-22 06:29:00-04:00,181.0
2011-04-22 06:29:03-04:00,181.0
2011-04-22 06:29:06-04:00,181.0
2011-04-22 06:29:09-04:00,181.0
2011-04-22 06:29:12-04:00,181.0
2011-04-22 06:29:15-04:00,181.0
2011-04-22 06:29:18-04:00,181.0
2011-04-22 06:29:21-04:00,181.0
2011-04-22 06:29:24-04:00,181.0
2011-04-22 06:29:27-04:00,181.0
2011-04-22 06:29:30-04:00,181.0
2011-04-22 06:29:33-04:00,181.0
2011-04-22 06:29:36-04:00,181.0
2011-04-22 06:29:39-04:00,181.0
2011-04-22 06:29:42-04:00,181.0
2011-04-22 06:29:45-04:00,181.0
2011-04-22 06:29:48-04:00,180.75
2011-04-22 06:29:51-04:00,180.0
2011-04-22 06:29:54-04:00,181.0
2011-04-22 06:29:57-04:00,180.25
2011-04-22 06:30:00-04:00,180.0
2011-04-22 06:30:03-04:00,180.0
2011-04-22 06:30:06-04:00,180.0
2011-04-22 06:30:09-04:00,180.0
2011-04-22 06:30:12-04:00,180.0
2011-04-22 06:30:15-04:00,180.0
2011-04-22 06:30:18-04:00,180.0
2011-04-22 06:30:21-04:00,180.0
2011-04-22 06:30:24-04:00,180.0
2011-04-22 06:30:27-04:00,180.0
2011-04-22 06:30:30-04:00,180.0
2011-04-22 06:30:33-04:00,180.0
2011-04-22 06:30:36-04:00,180.0
2011-04-22 06:30:39-04:00,180.0
2011-04-22 06:30:42-04:00,180.0
2011-04-22 06:30:45-04:00,180.0
2011-04-22 06:30:48-04:00,180.0
2011-04-22 06:30:51-04:00,180.0
2011-04-22 06:30:54-04:00,180.0
2011-04-22 06:30:57-04:00,180.75
2011-04-22 06:31:00-04:00,180.33333333333334
2011-04-22 06:31:03-04:00,180.0
2011-04-22 06:31:06-04:00,180.0
2011-04-22 06:31:09-04:00,180.0
2011-04-22 06:31:12-04:00,180.0
2011-04-22 06:31:15-04:00,180.0
2011-04-22 06:31:18-04:00,180.0
2011-04-22 06:31:21-04:00,180.0
2011-04-22 06:31:24-04:00,180.0
2011-04-22 06:31:27-04:00,180.0
2011-04-22 06:31:30-04:00,180.0
2011-04-22 06:31:33-04:00,180.0
2011-04-22 06:31:36-04:00,180.0
2011-04-22 06:31:39-04:00,180.0
2011-04-22 06:31:42-04:00,180.25
2011-04-22 06:31:45-04:00,181.0
2011-04-22 06:31:48-04:00,181.0
2011-04-22 06:31:51-04:00,180.25
2011-04-22 06:31:54-04:00,180.0
2011-04-22 06:31:57-04:00,180.0
2011-04-22 06:32:00-04:00,180.0
2011-04-22 06:32:03-04:00,180.0
2011-04-22 06:32:06-04:00,135.25
2011-04-22 06:32:09-04:00,1.0
2011-04-22 06:32:12-04:00,1.0
2011-04-22 06:32:15-04:00,1.0
2011-04-22 06:32:18-04:00,1.0
2011-04-22 06:32:21-04:00,1.0
2011-04-22 06:32:24-04:00,1.0
2011-04-22 06:32:27-04:00,1.0
2011-04-22 06:32:30-04:00,1.0
2011-04-22 06:32:33-04:00,1.0
2011-04-22 06:32:36-04:00,1.0
2011-04-22 06:32:39-04:00,1.0
2011-04-22 06:32:42-04:00,1.0
2011-04-22 06:32:45-04:00,1.0
2011-04-22 06:32:48-04:00,1.0
2011-04-22 06:32:51-04:00,1.0
2011-04-22 06:32:54-04:00,1.0
2011-04-22 06:32:57-04:00,1.0
2011-04-22 06:33:00-04:00,1.0
2011-04-22 06:33:03-04:00,1.0
2011-04-22 06:33:06-04:00,1.0
2011-04-22 06:33:09-04:00,1.0
2011-04-22 06:33:12-04:00,1.0
2011-04-22 06:33:15-04:00,1.0
2011-04-22 06:33:18-04:00,1.0
2011-04-22 06:33:21-04:00,1.0
2011-04-22 06:33:24-04:00,1.0
2011-04-22 06:33:27-04:00,1.0
2011-04-22 06:33:30-04:00,1.0
2011-04-22 06:33:33-04:00,1.0
2011-04-22 06:33:36-04:00,1.0
2011-04-22 06:33:39-04:00,1.0
2011-04-22 06:33:42-04:00,1.0
2011-04-22 06:33:45-04:00,1.0
2011-04-22 06:33:48-04:00,1.0
2011-04-22 06:33:51-04:00,1.0
2011-04-22 06:33:54-04:00,1.0
2011-04-22 06:33:57-04:00,1.0
2011-04-22 06:34:00-04:00,1.0
2011-04-22 06:34:03-04:00,1.0
2011-04-22 06:34:06-04:00,1.0
2011-04-22 06:34:09-04:00,1.0
2011-04-22 06:34:12-04:00,1.0
2011-04-22 06:34:15-04:00,1.0
2011-04-22 06:34:18-04:00,1.0
2011-04-22 06:34:21-04:00,1.0
2011-04-22 06:34:24-04:00,1.0
2011-04-22 06:34:27-04:00,1.0
2011-04-22 06:34:30-04:00,1.0
2011-04-22 06:34:33-04:00,1.0
2011-04-22 06:34:36-04:00,1.0
2011-04-22 06:34:39-04:00,1.0
2011-04-22 06:34:42-04:00,1.0
2011-04-22 06:34:45-04:00,1.0
2011-04-22 06:34:48-04:00,1.0
2011-04-22 06:34:51-04:00,1.0
2011-04-22 06:34:54-04:00,1.0
2011-04-22 06:34:57-04:00,1.0
2011-04-22 06:35:00-04:00,1.0
2011-04-22 06:35:03-04:00,1.0
2011-04-22 06:35:06-04:00,1.0
2011-04-22 06:35:09-04:00,1.0
2011-04-22 06:35:12-04:00,1.0
2011-04-22 06:35:15-04:00,1.0
2011-04-22 06:35:18-04:00,1.0
2011-04-22 06:35:21-04:00,1.0
2011-04-22 06:35:24-04:00,1.0
2011-04-22 06:35:27-04:00,1.0
2011-04-22 06:35:30-04:00,1.0
2011-04-22 06:35:33-04:00,1.0
2011-04-22 06:35:36-04:00,1.0
2011-04-22 06:35:39-04:00,1.0
2011-04-22 06:35:42-04:00,1.0
2011-04-22 06:35:45-04:00,1.0
2011-04-22 06:35:48-04:00,1.0
2011-04-22 06:35:51-04:00,1.0
2011-04-22 06:35:54-04:00,1.0
2011-04-22 06:35:57-04:00,1.0
2011-04-22 06:36:00-04:00,1.0
2011-04-22 06:36:03-04:00,1.0
2011-04-22 06:36:06-04:00,1.0
2011-04-22 06:36:09-04:00,1.0
2011-04-22 06:36:12-04:00,1.0
2011-04-22 06:36:15-04:00,1.0
2011-04-22 06:36:18-04:00,1.0
2011-04-22 06:36:21-04:00,1.0
2011-04-22 06:36:24-04:00,1.0
2011-04-22 06:36:27-04:00,1.0
2011-04-22 06:36:30-04:00,1.0
2011-04-22 06:36:33-04:00,1.0
2011-04-22 06:36:36-04:00,1.0
2011-04-22 06:36:39-04:00,1.0
2011-04-22 06:36:42-04:00,1.0
2011-04-22 06:36:45-04:00,1.0
2011-04-22 06:36:48-04:00,1.0
2011-04-22 06:36:51-04:00,1.0
2011-04-22 06:36:54-04:00,1.0
2011-04-22 06:36:57-04:00,1.0
2011-04-22 06:37:00-04:00,1.0
2011-04-22 06:37:03-04:00,1.0
2011-04-22 06:37:06-04:00,1.0
2011-04-22 06:37:09-04:00,1.0
2011-04-22 06:37:12-04:00,1.0
2011-04-22 06:37:15-04:00,1.0
2011-04-22 06:37:18-04:00,1.0
2011-04-22 06:37:21-04:00,1.0
2011-04-22 06:37:24-04:00,1.0
2011-04-22 06:37:27-04:00,1.0
2011-04-22 06:37:30-04:00,1.0
2011-04-22 06:37:33-04:00,1.0
2011-04-22 06:37:36-04:00,1.0
2011-04-22 06:37:39-04:00,1.0
2011-04-22 06:37:42-04:00,1.0
2011-04-22 06:37:45-04:00,1.0
2011-04-22 06:37:48-04:00,1.0
2011-04-22 06:37:51-04:00,1.0
2011-04-22 06:37:54-04:00,34.0
2011-04-22 06:37:57-04:00,33.25
2011-04-22 06:38:00-04:00,33.0
2011-04-22 06:38:03-04:00,16.5
2011-04-22 06:38:06-04:00,0.0
2011-04-22 06:38:09-04:00,0.0
2011-04-22 06:38:12-04:00,0.0
2011-04-22 06:38:15-04:00,0.0
2011-04-22 06:38:18-04:00,0.75
2011-04-22 06:38:21-04:00,1.0
2011-04-22 06:38:24-04:00,1.0
2011-04-22 06:38:27-04:00,0.5
2011-04-22 06:38:30-04:00,0.0
2011-04-22 06:38:33-04:00,0.0
2011-04-22 06:38:36-04:00,0.0
2011-04-22 06:38:39-04:00,0.0
2011-04-22 06:38:42-04:00,0.0
2011-04-22 06:38:45-04:00,0.0
2011-04-22 06:38:48-04:00,0.0
2011-04-22 06:38:51-04:00,0.0
2011-04-22 06:38:54-04:00,0.0
2011-04-22 06:38:57-04:00,0.0
2011-04-22 06:39:00-04:00,0.0
2011-04-22 06:39:03-04:00,0.0
2011-04-22 06:39:06-04:00,0.0
2011-04-22 06:39:09-04:00,0.0
2011-04-22 06:39:12-04:00,0.0
2011-04-22 06:39:15-04:00,0.0
2011-04-22 06:39:18-04:00,0.0
2011-04-22 06:39:21-04:00,0.0
2011-04-22 06:39:24-04:00,0.0
2011-04-22 06:39:27-04:00,0.0
2011-04-22 06:39:30-04:00,0.0
2011-04-22 06:39:33-04:00,0.0
2011-04-22 06:39:36-04:00,0.0
2011-04-22 06:39:39-04:00,0.0
2011-04-22 06:39:42-04:00,0.0
2011-04-22 06:39:45-04:00,0.0
2011-04-22 06:39:48-04:00,0.0
2011-04-22 06:39:51-04:00,0.0
2011-04-22 06:39:54-04:00,0.0
2011-04-22 06:39:57-04:00,0.0
2011-04-22 06:40:00-04:00,0.0
2011-04-22 06:40:03-04:00,0.0
2011-04-22 06:40:06-04:00,0.0
2011-04-22 06:40:09-04:00,0.0
2011-04-22 06:40:12-04:00,0.0
2011-04-22 06:40:15-04:00,0.0
2011-04-22 06:40:18-04:00,0.0
2011-04-22 06:40:21-04:00,0.0
2011-04-22 06:40:24-04:00,0.0
2011-04-22 06:40:27-04:00,0.0
2011-04-22 06:40:30-04:00,0.0
2011-04-22 06:40:33-04:00,0.0
2011-04-22 06:40:36-04:00,0.0
2011-04-22 06:40:39-04:00,0.0
2011-04-22 06:40:42-04:00,0.0
2011-04-22 06:40:45-04:00,0.0
2011-04-22 06:40:48-04:00,0.0
2011-04-22 06:40:51-04:00,0.0
2011-04-22 06:40:54-04:00,0.0
2011-04-22 06:40:57-04:00,0.0
2011-04-22 06:41:00-04:00,0.0
2011-04-22 06:41:03-04:00,0.0
2011-04-22 06:41:06-04:00,0.0
2011-04-22 06:41:09-04:00,0.0
2011-04-22 06:41:12-04:00,0.0
2011-04-22 06:41:15-04:00,0.0
2011-04-22 06:41:18-04:00,0.0
2011-04-22 06:41:21-04:00,0.0
2011-04-22 06:41:24-04:00,0.0
2011-04-22 06:41:27-04:00,0.0
2011-04-22 06:41:30-04:00,0.0
2011-04-22 06:41:33-04:00,0.0
2011-04-22 06:41:36-04:00,0.0
2011-04-22 06:41:39-04:00,0.0
2011-04-22 06:41:42-04:00,0.0
2011-04-22 06:41:45-04:00,0.0
2011-04-22 06:41:48-04:00,0.0
2011-04-22 06:41:51-04:00,0.0
2011-04-22 06:41:54-04:00,0.0
2011-04-22 06:41:57-04:00,0.0
2011-04-22 06:42:00-04:00,0.0
2011-04-22 06:42:03-04:00,0.0
2011-04-22 06:42:06-04:00,0.0
2011-04-22 06:42:09-04:00,0.0
2011-04-22 06:42:12-04:00,0.0
2011-04-22 06:42:15-04:00,0.0
2011-04-22 06:42:18-04:00,0.0
2011-04-22 06:42:21-04:00,0.0
2011-04-22 06:42:24-04:00,0.0
2011-04-22 06:42:27-04:00,0.0
2011-04-22 06:42:30-04:00,0.0
2011-04-22 06:42:33-04:00,0.0
2011-04-22 06:42:36-04:00,0.0
2011-04-22 06:42:39-04:00,0.0
2011-04-22 06:42:42-04:00,0.0
2011-04-22 06:42:45-04:00,0.0
2011-04-22 06:42:48-04:00,0.0
2011-04-22 06:42:51-04:00,0.0
2011-04-22 06:42:54-04:00,0.0
2011-04-22 06:42:57-04:00,0.0
2011-04-22 06:43:00-04:00,0.0
2011-04-22 06:43:03-04:00,0.0
2011-04-22 06:43:06-04:00,0.0
2011-04-22 06:43:09-04:00,0.0
2011-04-22 06:43:12-04:00,0.0
2011-04-22 06:43:15-04:00,0.0
2011-04-22 06:43:18-04:00,0.0
2011-04-22 06:43:21-04:00,0.0
2011-04-22 06:43:24-04:00,0.0
2011-04-22 06:43:27-04:00,0.0
2011-04-22 06:43:30-04:00,0.0
2011-04-22 06:43:33-04:00,0.0
2011-04-22 06:43:36-04:00,0.0
2011-04-22 06:43:39-04:00,0.0
2011-04-22 06:43:42-04:00,0.0
2011-04-22 06:43:45-04:00,0.0
2011-04-22 06:43:48-04:00,0.0
2011-04-22 06:43:51-04:00,0.0
2011-04-22 06:43:54-04:00,0.0
2011-04-22 06:43:57-04:00,0.0
2011-04-22 06:44:00-04:00,0.0
2011-04-22 06:44:03-04:00,0.0
2011-04-22 06:44:06-04:00,0.0
2011-04-22 06:44:09-04:00,0.0
2011-04-22 06:44:12-04:00,0.0
2011-04-22 06:44:15-04:00,0.0
2011-04-22 06:44:18-04:00,0.0
2011-04-22 06:44:21-04:00,0.0
2011-04-22 06:44:24-04:00,0.0
2011-04-22 06:44:27-04:00,0.0
2011-04-22 06:44:30-04:00,0.0
2011-04-22 06:44:33-04:00,0.0
2011-04-22 06:44:36-04:00,0.0
2011-04-22 06:44:39-04:00,0.0
2011-04-22 06:44:42-04:00,0.0
2011-04-22 06:44:45-04:00,0.0
2011-04-22 06:44:48-04:00,0.0
2011-04-22 06:44:51-04:00,0.0
2011-04-22 06:44:54-04:00,22.0
2011-04-22 06:44:57-04:00,22.75
2011-04-22 06:45:00-04:00,23.0
2011-04-22 06:45:03-04:00,23.0
2011-04-22 06:45:06-04:00,23.5
2011-04-22 06:45:09-04:00,24.0
2011-04-22 06:45:12-04:00,24.0
2011-04-22 06:45:15-04:00,24.0
2011-04-22 06:45:18-04:00,25.0
2011-04-22 06:45:21-04:00,25.0
2011-04-22 06:45:24-04:00,25.0
2011-04-22 06:45:27-04:00,25.0
2011-04-22 06:45:30-04:00,25.0
2011-04-22 06:45:33-04:00,25.0
2011-04-22 06:45:36-04:00,25.0
2011-04-22 06:45:39-04:00,25.0
2011-04-22 06:45:42-04:00,25.0
2011-04-22 06:45:45-04:00,25.0
2011-04-22 06:45:48-04:00,25.0
2011-04-22 06:45:51-04:00,25.0
2011-04-22 06:45:54-04:00,25.0
2011-04-22 06:45:57-04:00,25.0
2011-04-22 06:46:00-04:00,25.0
2011-04-22 06:46:03-04:00,25.0
2011-04-22 06:46:06-04:00,25.0
2011-04-22 06:46:09-04:00,25.0
2011-04-22 06:46:12-04:00,25.0
2011-04-22 06:46:15-04:00,25.0
2011-04-22 06:46:18-04:00,24.0
2011-04-22 06:46:21-04:00,24.0
2011-04-22 06:46:24-04:00,24.0
2011-04-22 06:46:27-04:00,24.0
2011-04-22 06:46:30-04:00,24.0
2011-04-22 06:46:33-04:00,24.0
2011-04-22 06:46:36-04:00,24.0
2011-04-22 06:46:39-04:00,24.0
2011-04-22 06:46:42-04:00,24.0
2011-04-22 06:46:45-04:00,24.0
2011-04-22 06:46:48-04:00,24.0
2011-04-22 06:46:51-04:00,24.0
2011-04-22 06:46:54-04:00,24.0
2011-04-22 06:46:57-04:00,24.0
2011-04-22 06:47:00-04:00,24.0
2011-04-22 06:47:03-04:00,24.0
2011-04-22 06:47:06-04:00,24.0
2011-04-22 06:47:09-04:00,24.0
2011-04-22 06:47:12-04:00,24.0
2011-04-22 06:47:15-04:00,24.0
2011-04-22 06:47:18-04:00,24.0
2011-04-22 06:47:21-04:00,24.0
2011-04-22 06:47:24-04:00,24.0
2011-04-22 06:47:27-04:00,24.0
2011-04-22 06:47:30-04:00,24.0
2011-04-22 06:47:33-04:00,24.0
2011-04-22 06:47:36-04:00,24.0
2011-04-22 06:47:39-04:00,24.0
2011-04-22 06:47:42-04:00,24.0
2011-04-22 06:47:45-04:00,24.0
2011-04-22 06:47:48-04:00,24.0
2011-04-22 06:47:51-04:00,24.0
2011-04-22 06:47:54-04:00,24.0
2011-04-22 06:47:57-04:00,24.0
2011-04-22 06:48:00-04:00,24.0
2011-04-22 06:48:03-04:00,24.0
2011-04-22 06:48:06-04:00,24.0
2011-04-22 06:48:09-04:00,24.0
2011-04-22 06:48:12-04:00,24.0
2011-04-22 06:48:15-04:00,24.0
2011-04-22 06:48:18-04:00,24.0
2011-04-22 06:48:21-04:00,24.0
2011-04-22 06:48:24-04:00,24.0
2011-04-22 06:48:27-04:00,24.0
2011-04-22 06:48:30-04:00,24.0
2011-04-22 06:48:33-04:00,24.0
2011-04-22 06:48:36-04:00,24.0
2011-04-22 06:48:39-04:00,24.0
2011-04-22 06:48:42-04:00,24.0
2011-04-22 06:48:45-04:00,24.0
2011-04-22 06:48:48-04:00,24.0
2011-04-22 06:48:51-04:00,24.0
2011-04-22 06:48:54-04:00,24.0
2011-04-22 06:48:57-04:00,24.0
2011-04-22 06:49:00-04:00,24.0
2011-04-22 06:49:03-04:00,24.0
2011-04-22 06:49:06-04:00,24.0
2011-04-22 06:49:09-04:00,24.0
2011-04-22 06:49:12-04:00,24.0
2011-04-22 06:49:15-04:00,24.0
2011-04-22 06:49:18-04:00,24.0
2011-04-22 06:49:21-04:00,24.0
2011-04-22 06:49:24-04:00,24.0
2011-04-22 06:49:27-04:00,24.0
2011-04-22 06:49:30-04:00,24.0
2011-04-22 06:49:33-04:00,24.0
2011-04-22 06:49:36-04:00,24.0
2011-04-22 06:49:39-04:00,24.0
2011-04-22 06:49:42-04:00,24.0
2011-04-22 06:49:45-04:00,24.0
2011-04-22 06:49:48-04:00,24.0
2011-04-22 06:49:51-04:00,24.0
2011-04-22 06:49:54-04:00,24.0
2011-04-22 06:49:57-04:00,24.0
2011-04-22 06:50:00-04:00,24.0
2011-04-22 06:50:03-04:00,24.0
2011-04-22 06:50:06-04:00,24.0
2011-04-22 06:50:09-04:00,24.0
2011-04-22 06:50:12-04:00,24.0
2011-04-22 06:50:15-04:00,24.0
2011-04-22 06:50:18-04:00,24.0
2011-04-22 06:50:21-04:00,23.5
2011-04-22 06:50:24-04:00,23.333333333333332
2011-04-22 06:50:27-04:00,23.88888888888889
2011-04-22 06:50:30-04:00,23.555555555555557
2011-04-22 06:50:33-04:00,23.22222222222222
2011-04-22 06:50:36-04:00,23.0
2011-04-22 06:50:39-04:00,23.0
2011-04-22 06:50:42-04:00,23.0
2011-04-22 06:50:45-04:00,23.0
2011-04-22 06:50:48-04:00,23.75
2011-04-22 06:50:51-04:00,24.0
2011-04-22 06:50:54-04:00,23.5
2011-04-22 06:50:57-04:00,23.0
2011-04-22 06:51:00-04:00,23.0
2011-04-22 06:51:03-04:00,23.0
2011-04-22 06:51:06-04:00,23.0
2011-04-22 06:51:09-04:00,23.0
2011-04-22 06:51:12-04:00,23.0
2011-04-22 06:51:15-04:00,23.0
2011-04-22 06:51:18-04:00,23.0
2011-04-22 06:51:21-04:00,23.0
2011-04-22 06:51:24-04:00,23.0
2011-04-22 06:51:27-04:00,23.0
2011-04-22 06:51:30-04:00,23.0
2011-04-22 06:51:33-04:00,23.0
2011-04-22 06:51:36-04:00,23.0
2011-04-22 06:51:39-04:00,23.0
2011-04-22 06:51:42-04:00,23.0
2011-04-22 06:51:45-04:00,23.0
2011-04-22 06:51:48-04:00,23.0
2011-04-22 06:51:51-04:00,23.0
2011-04-22 06:51:54-04:00,23.0
2011-04-22 06:51:57-04:00,23.0
2011-04-22 06:52:00-04:00,23.0
2011-04-22 06:52:03-04:00,23.0
2011-04-22 06:52:06-04:00,23.0
2011-04-22 06:52:09-04:00,23.0
2011-04-22 06:52:12-04:00,23.0
2011-04-22 06:52:15-04:00,23.0
2011-04-22 06:52:18-04:00,23.0
2011-04-22 06:52:21-04:00,23.0
2011-04-22 06:52:24-04:00,23.0
2011-04-22 06:52:27-04:00,23.0
2011-04-22 06:52:30-04:00,23.0
2011-04-22 06:52:33-04:00,23.0
2011-04-22 06:52:36-04:00,23.0
2011-04-22 06:52:39-04:00,23.0
2011-04-22 06:52:42-04:00,23.0
2011-04-22 06:52:45-04:00,23.0
2011-04-22 06:52:48-04:00,23.0
2011-04-22 06:52:51-04:00,23.0
2011-04-22 06:52:54-04:00,23.0
2011-04-22 06:52:57-04:00,23.0
2011-04-22 06:53:00-04:00,22.666666666666668
2011-04-22 06:53:03-04:00,22.25
2011-04-22 06:53:06-04:00,23.0
2011-04-22 06:53:09-04:00,23.0
2011-04-22 06:53:12-04:00,23.0
2011-04-22 06:53:15-04:00,23.0
2011-04-22 06:53:18-04:00,23.0
2011-04-22 06:53:21-04:00,23.0
2011-04-22 06:53:24-04:00,22.25
2011-04-22 06:53:27-04:00,22.5
2011-04-22 06:53:30-04:00,22.875
2011-04-22 06:53:33-04:00,22.5
2011-04-22 06:53:36-04:00,22.125
2011-04-22 06:53:39-04:00,22.5
2011-04-22 06:53:42-04:00,23.0
2011-04-22 06:53:45-04:00,22.666666666666668
2011-04-22 06:53:48-04:00,22.0
2011-04-22 06:53:51-04:00,22.0
2011-04-22 06:53:54-04:00,22.75
2011-04-22 06:53:57-04:00,23.0
2011-04-22 06:54:00-04:00,23.0
2011-04-22 06:54:03-04:00,62.25
2011-04-22 06:54:06-04:00,180.0
2011-04-22 06:54:09-04:00,180.0
2011-04-22 06:54:12-04:00,180.0
2011-04-22 06:54:15-04:00,180.0
2011-04-22 06:54:18-04:00,180.0
2011-04-22 06:54:21-04:00,180.0
2011-04-22 06:54:24-04:00,179.0
2011-04-22 06:54:27-04:00,179.0
2011-04-22 06:54:30-04:00,179.22222222222223
2011-04-22 06:54:33-04:00,179.55555555555554
2011-04-22 06:54:36-04:00,179.88888888888889
2011-04-22 06:54:39-04:00,179.33333333333334
2011-04-22 06:54:42-04:00,179.66666666666666
2011-04-22 06:54:45-04:00,179.5
2011-04-22 06:54:48-04:00,179.0
2011-04-22 06:54:51-04:00,179.0
2011-04-22 06:54:54-04:00,179.0
2011-04-22 06:54:57-04:00,179.0
2011-04-22 06:55:00-04:00,179.0
2011-04-22 06:55:03-04:00,179.5
2011-04-22 06:55:06-04:00,180.0
2011-04-22 06:55:09-04:00,180.0
2011-04-22 06:55:12-04:00,180.0
2011-04-22 06:55:15-04:00,180.0
2011-04-22 06:55:18-04:00,180.0
2011-04-22 06:55:21-04:00,180.25
2011-04-22 06:55:24-04:00,181.0
2011-04-22 06:55:27-04:00,180.25
2011-04-22 06:55:30-04:00,179.75
2011-04-22 06:55:33-04:00,179.375
2011-04-22 06:55:36-04:00,179.0
2011-04-22 06:55:39-04:00,179.75
2011-04-22 06:55:42-04:00,179.33333333333334
2011-04-22 06:55:45-04:00,179.5
2011-04-22 06:55:48-04:00,179.66666666666666
2011-04-22 06:55:51-04:00,179.0
2011-04-22 06:55:54-04:00,179.0
2011-04-22 06:55:57-04:00,179.0
2011-04-22 06:56:00-04:00,179.0
2011-04-22 06:56:03-04:00,179.0
2011-04-22 06:56:06-04:00,179.33333333333334
2011-04-22 06:56:09-04:00,180.0
2011-04-22 06:56:12-04:00,180.0
2011-04-22 06:56:15-04:00,180.0
2011-04-22 06:56:18-04:00,180.0
2011-04-22 06:56:21-04:00,180.0
2011-04-22 06:56:24-04:00,179.75
2011-04-22 06:56:27-04:00,179.0
2011-04-22 06:56:30-04:00,178.66666666666666
2011-04-22 06:56:33-04:00,178.33333333333334
2011-04-22 06:56:36-04:00,178.0
2011-04-22 06:56:39-04:00,179.0
2011-04-22 06:56:42-04:00,179.0
2011-04-22 06:56:45-04:00,179.0
2011-04-22 06:56:48-04:00,178.33333333333334
2011-04-22 06:56:51-04:00,178.5
2011-04-22 06:56:54-04:00,179.0
2011-04-22 06:56:57-04:00,179.0
2011-04-22 06:57:00-04:00,179.0
2011-04-22 06:57:03-04:00,179.0
2011-04-22 06:57:06-04:00,178.5
2011-04-22 06:57:09-04:00,178.0
2011-04-22 06:57:12-04:00,178.0
2011-04-22 06:57:15-04:00,178.0
2011-04-22 06:57:18-04:00,178.0
2011-04-22 06:57:21-04:00,178.5
2011-04-22 06:57:24-04:00,179.0
2011-04-22 06:57:27-04:00,179.11111111111111
2011-04-22 06:57:30-04:00,179.44444444444446
2011-04-22 06:57:33-04:00,179.77777777777777
2011-04-22 06:57:36-04:00,179.75
2011-04-22 06:57:39-04:00,179.0
2011-04-22 06:57:42-04:00,179.0
2011-04-22 06:57:45-04:00,179.0
2011-04-22 06:57:48-04:00,179.0
2011-04-22 06:57:51-04:00,179.0
2011-04-22 06:57:54-04:00,179.0
2011-04-22 06:57:57-04:00,178.75
2011-04-22 06:58:00-04:00,178.0
2011-04-22 06:58:03-04:00,178.0
2011-04-22 06:58:06-04:00,178.66666666666666
2011-04-22 06:58:09-04:00,179.0
2011-04-22 06:58:12-04:00,179.0
2011-04-22 06:58:15-04:00,179.0
2011-04-22 06:58:18-04:00,179.0
2011-04-22 06:58:21-04:00,179.0
2011-04-22 06:58:24-04:00,178.5
2011-04-22 06:58:27-04:00,178.11111111111111
2011-04-22 06:58:30-04:00,178.44444444444446
2011-04-22 06:58:33-04:00,178.77777777777777
2011-04-22 06:58:36-04:00,178.66666666666666
2011-04-22 06:58:39-04:00,178.25
2011-04-22 06:58:42-04:00,179.0
2011-04-22 06:58:45-04:00,179.0
2011-04-22 06:58:48-04:00,178.0
2011-04-22 06:58:51-04:00,178.0
2011-04-22 06:58:54-04:00,178.0
2011-04-22 06:58:57-04:00,178.0
2011-04-22 06:59:00-04:00,178.0
2011-04-22 06:59:03-04:00,178.0
2011-04-22 06:59:06-04:00,178.0
2011-04-22 06:59:09-04:00,178.0
2011-04-22 06:59:12-04:00,178.0
2011-04-22 06:59:15-04:00,178.0
2011-04-22 06:59:18-04:00,178.0
2011-04-22 06:59:21-04:00,178.0
2011-04-22 06:59:24-04:00,178.0
2011-04-22 06:59:27-04:00,178.0
2011-04-22 06:59:30-04:00,178.0
2011-04-22 06:59:33-04:00,178.0
2011-04-22 06:59:36-04:00,178.0
2011-04-22 06:59:39-04:00,178.0
2011-04-22 06:59:42-04:00,178.25
2011-04-22 06:59:45-04:00,179.0
2011-04-22 06:59:48-04:00,178.0
2011-04-22 06:59:51-04:00,178.0
2011-04-22 06:59:54-04:00,178.0
2011-04-22 06:59:57-04:00,178.5
2011-04-22 07:00:00-04:00,179.0
2011-04-22 07:00:03-04:00,179.0
2011-04-22 07:00:06-04:00,179.0
2011-04-22 07:00:09-04:00,179.0
2011-04-22 07:00:12-04:00,179.0
2011-04-22 07:00:15-04:00,179.0
2011-04-22 07:00:18-04:00,179.0
2011-04-22 07:00:21-04:00,179.0
2011-04-22 07:00:24-04:00,179.0
2011-04-22 07:00:27-04:00,179.0
2011-04-22 07:00:30-04:00,179.0
2011-04-22 07:00:33-04:00,179.0
2011-04-22 07:00:36-04:00,179.0
2011-04-22 07:00:39-04:00,179.66666666666666
2011-04-22 07:00:42-04:00,179.5
2011-04-22 07:00:45-04:00,179.33333333333334
2011-04-22 07:00:48-04:00,179.75
2011-04-22 07:00:51-04:00,179.0
2011-04-22 07:00:54-04:00,179.0
2011-04-22 07:00:57-04:00,179.0
2011-04-22 07:01:00-04:00,179.66666666666666
2011-04-22 07:01:03-04:00,179.5
2011-04-22 07:01:06-04:00,179.33333333333334
2011-04-22 07:01:09-04:00,180.0
2011-04-22 07:01:12-04:00,180.0
2011-04-22 07:01:15-04:00,180.0
2011-04-22 07:01:18-04:00,180.0
2011-04-22 07:01:21-04:00,180.0
2011-04-22 07:01:24-04:00,179.33333333333334
2011-04-22 07:01:27-04:00,179.0
2011-04-22 07:01:30-04:00,179.0
2011-04-22 07:01:33-04:00,179.0
2011-04-22 07:01:36-04:00,180.33333333333334
2011-04-22 07:01:39-04:00,181.5
2011-04-22 07:01:42-04:00,181.66666666666666
2011-04-22 07:01:45-04:00,181.0
2011-04-22 07:01:48-04:00,181.0
2011-04-22 07:01:51-04:00,181.0
2011-04-22 07:01:54-04:00,181.0
2011-04-22 07:01:57-04:00,181.0
2011-04-22 07:02:00-04:00,181.0
2011-04-22 07:02:03-04:00,180.5
2011-04-22 07:02:06-04:00,180.0
2011-04-22 07:02:09-04:00,180.0
2011-04-22 07:02:12-04:00,180.0
2011-04-22 07:02:15-04:00,180.0
2011-04-22 07:02:18-04:00,180.0
2011-04-22 07:02:21-04:00,180.0
2011-04-22 07:02:24-04:00,180.0
2011-04-22 07:02:27-04:00,180.0
2011-04-22 07:02:30-04:00,180.0
2011-04-22 07:02:33-04:00,180.0
2011-04-22 07:02:36-04:00,180.0
2011-04-22 07:02:39-04:00,179.66666666666666
2011-04-22 07:02:42-04:00,179.0
2011-04-22 07:02:45-04:00,179.0
2011-04-22 07:02:48-04:00,179.0
2011-04-22 07:02:51-04:00,179.0
2011-04-22 07:02:54-04:00,179.0
2011-04-22 07:02:57-04:00,179.0
2011-04-22 07:03:00-04:00,179.33333333333334
2011-04-22 07:03:03-04:00,180.0
2011-04-22 07:03:06-04:00,180.0
2011-04-22 07:03:09-04:00,180.0
2011-04-22 07:03:12-04:00,180.0
2011-04-22 07:03:15-04:00,180.0
2011-04-22 07:03:18-04:00,180.0
2011-04-22 07:03:21-04:00,180.0
2011-04-22 07:03:24-04:00,180.0
2011-04-22 07:03:27-04:00,179.88888888888889
2011-04-22 07:03:30-04:00,179.55555555555554
2011-04-22 07:03:33-04:00,179.22222222222223
2011-04-22 07:03:36-04:00,179.0
2011-04-22 07:03:39-04:00,179.0
2011-04-22 07:03:42-04:00,179.0
2011-04-22 07:03:45-04:00,179.0
2011-04-22 07:03:48-04:00,179.0
2011-04-22 07:03:51-04:00,179.0
2011-04-22 07:03:54-04:00,179.0
2011-04-22 07:03:57-04:00,179.33333333333334
2011-04-22 07:04:00-04:00,179.66666666666666
2011-04-22 07:04:03-04:00,179.25
2011-04-22 07:04:06-04:00,180.0
2011-04-22 07:04:09-04:00,180.0
2011-04-22 07:04:12-04:00,180.0
2011-04-22 07:04:15-04:00,180.0
2011-04-22 07:04:18-04:00,180.0
2011-04-22 07:04:21-04:00,180.0
2011-04-22 07:04:24-04:00,180.0
2011-04-22 07:04:27-04:00,179.88888888888889
2011-04-22 07:04:30-04:00,179.55555555555554
2011-04-22 07:04:33-04:00,179.22222222222223
2011-04-22 07:04:36-04:00,179.0
2011-04-22 07:04:39-04:00,179.0
2011-04-22 07:04:42-04:00,179.0
2011-04-22 07:04:45-04:00,179.0
2011-04-22 07:04:48-04:00,179.0
2011-04-22 07:04:51-04:00,179.0
2011-04-22 07:04:54-04:00,179.0
2011-04-22 07:04:57-04:00,179.0
2011-04-22 07:05:00-04:00,179.0
2011-04-22 07:05:03-04:00,179.0
2011-04-22 07:05:06-04:00,179.0
2011-04-22 07:05:09-04:00,179.0
2011-04-22 07:05:12-04:00,179.0
2011-04-22 07:05:15-04:00,179.0
2011-04-22 07:05:18-04:00,179.0
2011-04-22 07:05:21-04:00,179.0
2011-04-22 07:05:24-04:00,179.0
2011-04-22 07:05:27-04:00,179.0
2011-04-22 07:05:30-04:00,179.0
2011-04-22 07:05:33-04:00,179.0
2011-04-22 07:05:36-04:00,179.0
2011-04-22 07:05:39-04:00,179.0
2011-04-22 07:05:42-04:00,179.0
2011-04-22 07:05:45-04:00,178.33333333333334
2011-04-22 07:05:48-04:00,178.5
2011-04-22 07:05:51-04:00,178.66666666666666
2011-04-22 07:05:54-04:00,178.33333333333334
2011-04-22 07:05:57-04:00,179.0
2011-04-22 07:06:00-04:00,179.0
2011-04-22 07:06:03-04:00,178.0
2011-04-22 07:06:06-04:00,178.0
2011-04-22 07:06:09-04:00,178.0
2011-04-22 07:06:12-04:00,178.0
2011-04-22 07:06:15-04:00,178.0
2011-04-22 07:06:18-04:00,178.25
2011-04-22 07:06:21-04:00,179.0
2011-04-22 07:06:24-04:00,178.0
2011-04-22 07:06:27-04:00,178.0
2011-04-22 07:06:30-04:00,178.0
2011-04-22 07:06:33-04:00,178.0
2011-04-22 07:06:36-04:00,178.0
2011-04-22 07:06:39-04:00,178.0
2011-04-22 07:06:42-04:00,178.0
2011-04-22 07:06:45-04:00,178.5
2011-04-22 07:06:48-04:00,178.66666666666666
2011-04-22 07:06:51-04:00,178.0
2011-04-22 07:06:54-04:00,178.0
2011-04-22 07:06:57-04:00,178.0
2011-04-22 07:07:00-04:00,178.75
2011-04-22 07:07:03-04:00,177.66666666666666
2011-04-22 07:07:06-04:00,177.5
2011-04-22 07:07:09-04:00,178.0
2011-04-22 07:07:12-04:00,178.0
2011-04-22 07:07:15-04:00,178.0
2011-04-22 07:07:18-04:00,178.0
2011-04-22 07:07:21-04:00,178.0
2011-04-22 07:07:24-04:00,179.0
2011-04-22 07:07:27-04:00,179.0
2011-04-22 07:07:30-04:00,179.0
2011-04-22 07:07:33-04:00,179.0
2011-04-22 07:07:36-04:00,179.0
2011-04-22 07:07:39-04:00,178.25
2011-04-22 07:07:42-04:00,178.66666666666666
2011-04-22 07:07:45-04:00,178.5
2011-04-22 07:07:48-04:00,178.33333333333334
2011-04-22 07:07:51-04:00,178.75
2011-04-22 07:07:54-04:00,178.0
2011-04-22 07:07:57-04:00,179.0
2011-04-22 07:08:00-04:00,178.25
2011-04-22 07:08:03-04:00,178.0
2011-04-22 07:08:06-04:00,178.5
2011-04-22 07:08:09-04:00,179.0
2011-04-22 07:08:12-04:00,178.75
2011-04-22 07:08:15-04:00,178.0
2011-04-22 07:08:18-04:00,179.0
2011-04-22 07:08:21-04:00,179.0
2011-04-22 07:08:24-04:00,178.25
2011-04-22 07:08:27-04:00,178.0
2011-04-22 07:08:30-04:00,178.22222222222223
2011-04-22 07:08:33-04:00,178.55555555555554
2011-04-22 07:08:36-04:00,178.88888888888889
2011-04-22 07:08:39-04:00,179.0
2011-04-22 07:08:42-04:00,179.0
2011-04-22 07:08:45-04:00,178.66666666666666
2011-04-22 07:08:48-04:00,178.25
2011-04-22 07:08:51-04:00,179.0
2011-04-22 07:08:54-04:00,179.0
2011-04-22 07:08:57-04:00,179.0
2011-04-22 07:09:00-04:00,179.0
2011-04-22 07:09:03-04:00,179.5
2011-04-22 07:09:06-04:00,179.66666666666666
2011-04-22 07:09:09-04:00,179.0
2011-04-22 07:09:12-04:00,179.0
2011-04-22 07:09:15-04:00,179.0
2011-04-22 07:09:18-04:00,180.0
2011-04-22 07:09:21-04:00,179.25
2011-04-22 07:09:24-04:00,179.66666666666666
2011-04-22 07:09:27-04:00,180.0
2011-04-22 07:09:30-04:00,179.77777777777777
2011-04-22 07:09:33-04:00,179.44444444444446
2011-04-22 07:09:36-04:00,179.11111111111111
2011-04-22 07:09:39-04:00,179.5
2011-04-22 07:09:42-04:00,179.66666666666666
2011-04-22 07:09:45-04:00,179.33333333333334
2011-04-22 07:09:48-04:00,180.0
2011-04-22 07:09:51-04:00,180.0
2011-04-22 07:09:54-04:00,179.0
2011-04-22 07:09:57-04:00,180.0
2011-04-22 07:10:00-04:00,179.25
2011-04-22 07:10:03-04:00,177.0
2011-04-22 07:10:06-04:00,177.0
2011-04-22 07:10:09-04:00,178.66666666666666
2011-04-22 07:10:12-04:00,179.75
2011-04-22 07:10:15-04:00,179.0
2011-04-22 07:10:18-04:00,179.0
2011-04-22 07:10:21-04:00,179.75
2011-04-22 07:10:24-04:00,180.0
2011-04-22 07:10:27-04:00,180.0
2011-04-22 07:10:30-04:00,179.75
2011-04-22 07:10:33-04:00,179.0
2011-04-22 07:10:36-04:00,178.25
2011-04-22 07:10:39-04:00,178.5
2011-04-22 07:10:42-04:00,179.0
2011-04-22 07:10:45-04:00,179.0
2011-04-22 07:10:48-04:00,179.0
2011-04-22 07:10:51-04:00,179.0
2011-04-22 07:10:54-04:00,179.75
2011-04-22 07:10:57-04:00,179.33333333333334
2011-04-22 07:11:00-04:00,179.0
2011-04-22 07:11:03-04:00,178.5
2011-04-22 07:11:06-04:00,178.66666666666666
2011-04-22 07:11:09-04:00,179.75
2011-04-22 07:11:12-04:00,179.0
2011-04-22 07:11:15-04:00,174.0
2011-04-22 07:11:18-04:00,177.0
2011-04-22 07:11:21-04:00,178.0
2011-04-22 07:11:24-04:00,178.0
2011-04-22 07:11:27-04:00,178.0
2011-04-22 07:11:30-04:00,178.0
2011-04-22 07:11:33-04:00,178.0
2011-04-22 07:11:36-04:00,178.0
2011-04-22 07:11:39-04:00,178.25
2011-04-22 07:11:42-04:00,179.0
2011-04-22 07:11:45-04:00,178.0
2011-04-22 07:11:48-04:00,178.75
2011-04-22 07:11:51-04:00,178.33333333333334
2011-04-22 07:11:54-04:00,178.5
2011-04-22 07:11:57-04:00,178.66666666666666
2011-04-22 07:12:00-04:00,178.0
2011-04-22 07:12:03-04:00,178.0
2011-04-22 07:12:06-04:00,178.0
2011-04-22 07:12:09-04:00,178.75
2011-04-22 07:12:12-04:00,179.0
2011-04-22 07:12:15-04:00,179.0
2011-04-22 07:12:18-04:00,178.5
2011-04-22 07:12:21-04:00,178.33333333333334
2011-04-22 07:12:24-04:00,179.0
2011-04-22 07:12:27-04:00,179.0
2011-04-22 07:12:30-04:00,179.0
2011-04-22 07:12:33-04:00,179.0
2011-04-22 07:12:36-04:00,179.0
2011-04-22 07:12:39-04:00,179.0
2011-04-22 07:12:42-04:00,179.0
2011-04-22 07:12:45-04:00,179.0
2011-04-22 07:12:48-04:00,179.0
2011-04-22 07:12:51-04:00,179.66666666666666
2011-04-22 07:12:54-04:00,180.0
2011-04-22 07:12:57-04:00,179.66666666666666
2011-04-22 07:13:00-04:00,179.0
2011-04-22 07:13:03-04:00,179.0
2011-04-22 07:13:06-04:00,178.0
2011-04-22 07:13:09-04:00,179.5
2011-04-22 07:13:12-04:00,179.33333333333334
2011-04-22 07:13:15-04:00,179.0
2011-04-22 07:13:18-04:00,179.33333333333334
2011-04-22 07:13:21-04:00,179.75
2011-04-22 07:13:24-04:00,179.0
2011-04-22 07:13:27-04:00,179.0
2011-04-22 07:13:30-04:00,179.0
2011-04-22 07:13:33-04:00,179.0
2011-04-22 07:13:36-04:00,179.0
2011-04-22 07:13:39-04:00,179.0
2011-04-22 07:13:42-04:00,179.0
2011-04-22 07:13:45-04:00,179.0
2011-04-22 07:13:48-04:00,179.0
2011-04-22 07:13:51-04:00,179.0
2011-04-22 07:13:54-04:00,179.0
2011-04-22 07:13:57-04:00,179.0
2011-04-22 07:14:00-04:00,179.0
2011-04-22 07:14:03-04:00,179.0
2011-04-22 07:14:06-04:00,179.0
2011-04-22 07:14:09-04:00,179.0
2011-04-22 07:14:12-04:00,179.0
2011-04-22 07:14:15-04:00,179.0
2011-04-22 07:14:18-04:00,179.0
2011-04-22 07:14:21-04:00,179.0
2011-04-22 07:14:24-04:00,179.0
2011-04-22 07:14:27-04:00,179.0
2011-04-22 07:14:30-04:00,179.0
2011-04-22 07:14:33-04:00,179.0
2011-04-22 07:14:36-04:00,179.0
2011-04-22 07:14:39-04:00,179.75
2011-04-22 07:14:42-04:00,179.33333333333334
2011-04-22 07:14:45-04:00,179.0
2011-04-22 07:14:48-04:00,179.0
2011-04-22 07:14:51-04:00,179.0
2011-04-22 07:14:54-04:00,179.0
2011-04-22 07:14:57-04:00,179.0
2011-04-22 07:15:00-04:00,179.0
2011-04-22 07:15:03-04:00,179.0
2011-04-22 07:15:06-04:00,179.0
2011-04-22 07:15:09-04:00,179.0
2011-04-22 07:15:12-04:00,179.0
2011-04-22 07:15:15-04:00,179.0
2011-04-22 07:15:18-04:00,179.0
2011-04-22 07:15:21-04:00,179.0
2011-04-22 07:15:24-04:00,179.0
2011-04-22 07:15:27-04:00,179.75
2011-04-22 07:15:30-04:00,180.0
2011-04-22 07:15:33-04:00,180.0
2011-04-22 07:15:36-04:00,180.0
2011-04-22 07:15:39-04:00,180.0
2011-04-22 07:15:42-04:00,180.0
2011-04-22 07:15:45-04:00,179.5
2011-04-22 07:15:48-04:00,179.0
2011-04-22 07:15:51-04:00,179.0
2011-04-22 07:15:54-04:00,179.0
2011-04-22 07:15:57-04:00,179.0
2011-04-22 07:16:00-04:00,179.0
2011-04-22 07:16:03-04:00,179.0
2011-04-22 07:16:06-04:00,179.5
2011-04-22 07:16:09-04:00,180.0
2011-04-22 07:16:12-04:00,179.66666666666666
2011-04-22 07:16:15-04:00,179.0
2011-04-22 07:16:18-04:00,179.0
2011-04-22 07:16:21-04:00,179.0
2011-04-22 07:16:24-04:00,179.75
2011-04-22 07:16:27-04:00,180.0
2011-04-22 07:16:30-04:00,180.0
2011-04-22 07:16:33-04:00,180.0
2011-04-22 07:16:36-04:00,180.0
2011-04-22 07:16:39-04:00,180.0
2011-04-22 07:16:42-04:00,180.0
2011-04-22 07:16:45-04:00,180.0
2011-04-22 07:16:48-04:00,180.0
2011-04-22 07:16:51-04:00,180.0
2011-04-22 07:16:54-04:00,180.0
2011-04-22 07:16:57-04:00,180.0
2011-04-22 07:17:00-04:00,179.25
2011-04-22 07:17:03-04:00,179.66666666666666
2011-04-22 07:17:06-04:00,180.0
2011-04-22 07:17:09-04:00,180.0
2011-04-22 07:17:12-04:00,180.0
2011-04-22 07:17:15-04:00,180.0
2011-04-22 07:17:18-04:00,180.0
2011-04-22 07:17:21-04:00,179.0
2011-04-22 07:17:24-04:00,179.75
2011-04-22 07:17:27-04:00,179.33333333333334
2011-04-22 07:17:30-04:00,179.22222222222223
2011-04-22 07:17:33-04:00,179.55555555555554
2011-04-22 07:17:36-04:00,179.88888888888889
2011-04-22 07:17:39-04:00,180.0
2011-04-22 07:17:42-04:00,180.0
2011-04-22 07:17:45-04:00,180.0
2011-04-22 07:17:48-04:00,180.0
2011-04-22 07:17:51-04:00,180.0
2011-04-22 07:17:54-04:00,180.0
2011-04-22 07:17:57-04:00,180.0
2011-04-22 07:18:00-04:00,180.0
2011-04-22 07:18:03-04:00,180.0
2011-04-22 07:18:06-04:00,181.33333333333334
2011-04-22 07:18:09-04:00,182.0
2011-04-22 07:18:12-04:00,181.75
2011-04-22 07:18:15-04:00,181.0
2011-04-22 07:18:18-04:00,181.0
2011-04-22 07:18:21-04:00,181.0
2011-04-22 07:18:24-04:00,181.0
2011-04-22 07:18:27-04:00,181.0
2011-04-22 07:18:30-04:00,181.0
2011-04-22 07:18:33-04:00,181.0
2011-04-22 07:18:36-04:00,181.0
2011-04-22 07:18:39-04:00,181.0
2011-04-22 07:18:42-04:00,181.0
2011-04-22 07:18:45-04:00,180.75
2011-04-22 07:18:48-04:00,180.0
2011-04-22 07:18:51-04:00,180.0
2011-04-22 07:18:54-04:00,180.0
2011-04-22 07:18:57-04:00,180.0
2011-04-22 07:19:00-04:00,180.66666666666666
2011-04-22 07:19:03-04:00,181.0
2011-04-22 07:19:06-04:00,181.0
2011-04-22 07:19:09-04:00,181.0
2011-04-22 07:19:12-04:00,181.0
2011-04-22 07:19:15-04:00,181.0
2011-04-22 07:19:18-04:00,181.0
2011-04-22 07:19:21-04:00,180.25
2011-04-22 07:19:24-04:00,180.0
2011-04-22 07:19:27-04:00,180.2
2011-04-22 07:19:30-04:00,180.5
2011-04-22 07:19:33-04:00,180.8
2011-04-22 07:19:36-04:00,181.0
2011-04-22 07:19:39-04:00,180.66666666666666
2011-04-22 07:19:42-04:00,180.0
2011-04-22 07:19:45-04:00,180.0
2011-04-22 07:19:48-04:00,181.0
2011-04-22 07:19:51-04:00,180.25
2011-04-22 07:19:54-04:00,180.66666666666666
2011-04-22 07:19:57-04:00,181.0
2011-04-22 07:20:00-04:00,181.0
2011-04-22 07:20:03-04:00,180.75
2011-04-22 07:20:06-04:00,180.0
2011-04-22 07:20:09-04:00,180.0
2011-04-22 07:20:12-04:00,180.0
2011-04-22 07:20:15-04:00,180.0
2011-04-22 07:20:18-04:00,180.66666666666666
2011-04-22 07:20:21-04:00,197.0
2011-04-22 07:20:24-04:00,205.0
2011-04-22 07:20:27-04:00,205.0
2011-04-22 07:20:30-04:00,205.0
2011-04-22 07:20:33-04:00,205.0
2011-04-22 07:20:36-04:00,205.33333333333334
2011-04-22 07:20:39-04:00,206.0
2011-04-22 07:20:42-04:00,206.0
2011-04-22 07:20:45-04:00,206.0
2011-04-22 07:20:48-04:00,206.0
2011-04-22 07:20:51-04:00,206.0
2011-04-22 07:20:54-04:00,206.5
2011-04-22 07:20:57-04:00,207.0
2011-04-22 07:21:00-04:00,207.25
2011-04-22 07:21:03-04:00,208.0
2011-04-22 07:21:06-04:00,209.0
2011-04-22 07:21:09-04:00,209.0
2011-04-22 07:21:12-04:00,209.0
2011-04-22 07:21:15-04:00,209.0
2011-04-22 07:21:18-04:00,209.0
2011-04-22 07:21:21-04:00,209.0
2011-04-22 07:21:24-04:00,209.0
2011-04-22 07:21:27-04:00,209.0
2011-04-22 07:21:30-04:00,209.0
2011-04-22 07:21:33-04:00,209.0
2011-04-22 07:21:36-04:00,209.0
2011-04-22 07:21:39-04:00,209.0
2011-04-22 07:21:42-04:00,209.0
2011-04-22 07:21:45-04:00,209.0
2011-04-22 07:21:48-04:00,208.5
2011-04-22 07:21:51-04:00,208.33333333333334
2011-04-22 07:21:54-04:00,208.66666666666666
2011-04-22 07:21:57-04:00,208.0
2011-04-22 07:22:00-04:00,208.0
2011-04-22 07:22:03-04:00,208.0
2011-04-22 07:22:06-04:00,208.0
2011-04-22 07:22:09-04:00,208.0
2011-04-22 07:22:12-04:00,208.0
2011-04-22 07:22:15-04:00,208.0
2011-04-22 07:22:18-04:00,207.66666666666666
2011-04-22 07:22:21-04:00,207.25
2011-04-22 07:22:24-04:00,208.0
2011-04-22 07:22:27-04:00,207.0
2011-04-22 07:22:30-04:00,207.33333333333334
2011-04-22 07:22:33-04:00,207.66666666666666
2011-04-22 07:22:36-04:00,208.0
2011-04-22 07:22:39-04:00,206.5
2011-04-22 07:22:42-04:00,208.0
2011-04-22 07:22:45-04:00,208.0
2011-04-22 07:22:48-04:00,207.33333333333334
2011-04-22 07:22:51-04:00,208.0
2011-04-22 07:22:54-04:00,208.0
2011-04-22 07:22:57-04:00,208.0
2011-04-22 07:23:00-04:00,207.25
2011-04-22 07:23:03-04:00,207.0
2011-04-22 07:23:06-04:00,207.5
2011-04-22 07:23:09-04:00,208.0
2011-04-22 07:23:12-04:00,207.5
2011-04-22 07:23:15-04:00,206.0
2011-04-22 07:23:18-04:00,208.0
2011-04-22 07:23:21-04:00,207.0
2011-04-22 07:23:24-04:00,206.25
2011-04-22 07:23:27-04:00,206.0
2011-04-22 07:23:30-04:00,206.44444444444446
2011-04-22 07:23:33-04:00,207.11111111111111
2011-04-22 07:23:36-04:00,207.77777777777777
2011-04-22 07:23:39-04:00,206.66666666666666
2011-04-22 07:23:42-04:00,206.5
2011-04-22 07:23:45-04:00,207.0
2011-04-22 07:23:48-04:00,206.75
2011-04-22 07:23:51-04:00,206.0
2011-04-22 07:23:54-04:00,208.0
2011-04-22 07:23:57-04:00,207.0
2011-04-22 07:24:00-04:00,207.0
2011-04-22 07:24:03-04:00,207.0
2011-04-22 07:24:06-04:00,207.0
2011-04-22 07:24:09-04:00,207.0
2011-04-22 07:24:12-04:00,207.25
2011-04-22 07:24:15-04:00,208.0
2011-04-22 07:24:18-04:00,207.0
2011-04-22 07:24:21-04:00,206.25
2011-04-22 07:24:24-04:00,206.66666666666666
2011-04-22 07:24:27-04:00,206.33333333333334
2011-04-22 07:24:30-04:00,206.0
2011-04-22 07:24:33-04:00,206.0
2011-04-22 07:24:36-04:00,206.0
2011-04-22 07:24:39-04:00,206.0
2011-04-22 07:24:42-04:00,206.0
2011-04-22 07:24:45-04:00,205.66666666666666
2011-04-22 07:24:48-04:00,205.0
2011-04-22 07:24:51-04:00,205.0
2011-04-22 07:24:54-04:00,207.0
2011-04-22 07:24:57-04:00,206.25
2011-04-22 07:25:00-04:00,206.0
2011-04-22 07:25:03-04:00,205.5
2011-04-22 07:25:06-04:00,205.33333333333334
2011-04-22 07:25:09-04:00,206.0
2011-04-22 07:25:12-04:00,206.0
2011-04-22 07:25:15-04:00,206.0
2011-04-22 07:25:18-04:00,205.25
2011-04-22 07:25:21-04:00,205.66666666666666
2011-04-22 07:25:24-04:00,205.0
2011-04-22 07:25:27-04:00,204.11111111111111
2011-04-22 07:25:30-04:00,204.44444444444446
2011-04-22 07:25:33-04:00,204.77777777777777
2011-04-22 07:25:36-04:00,204.75
2011-04-22 07:25:39-04:00,204.0
2011-04-22 07:25:42-04:00,204.0
2011-04-22 07:25:45-04:00,204.0
2011-04-22 07:25:48-04:00,204.0
2011-04-22 07:25:51-04:00,204.33333333333334
2011-04-22 07:25:54-04:00,205.0
2011-04-22 07:25:57-04:00,205.0
2011-04-22 07:26:00-04:00,205.0
2011-04-22 07:26:03-04:00,205.0
2011-04-22 07:26:06-04:00,205.0
2011-04-22 07:26:09-04:00,204.75
2011-04-22 07:26:12-04:00,204.0
2011-04-22 07:26:15-04:00,203.25
2011-04-22 07:26:18-04:00,203.66666666666666
2011-04-22 07:26:21-04:00,203.5
2011-04-22 07:26:24-04:00,203.0
2011-04-22 07:26:27-04:00,203.0
2011-04-22 07:26:30-04:00,203.66666666666666
2011-04-22 07:26:33-04:00,204.33333333333334
2011-04-22 07:26:36-04:00,205.0
2011-04-22 07:26:39-04:00,204.0
2011-04-22 07:26:42-04:00,203.25
2011-04-22 07:26:45-04:00,203.0
2011-04-22 07:26:48-04:00,203.0
2011-04-22 07:26:51-04:00,203.5
2011-04-22 07:26:54-04:00,204.25
2011-04-22 07:26:57-04:00,205.0
2011-04-22 07:27:00-04:00,205.0
2011-04-22 07:27:03-04:00,205.0
2011-04-22 07:27:06-04:00,205.0
2011-04-22 07:27:09-04:00,204.75
2011-04-22 07:27:12-04:00,204.0
2011-04-22 07:27:15-04:00,203.0
2011-04-22 07:27:18-04:00,203.75
2011-04-22 07:27:21-04:00,205.0
2011-04-22 07:27:24-04:00,206.0
2011-04-22 07:27:27-04:00,205.77777777777777
2011-04-22 07:27:30-04:00,205.11111111111111
2011-04-22 07:27:33-04:00,204.44444444444446
2011-04-22 07:27:36-04:00,204.25
2011-04-22 07:27:39-04:00,205.0
2011-04-22 07:27:42-04:00,206.0
2011-04-22 07:27:45-04:00,204.0
2011-04-22 07:27:48-04:00,204.75
2011-04-22 07:27:51-04:00,204.33333333333334
2011-04-22 07:27:54-04:00,204.0
2011-04-22 07:27:57-04:00,204.0
2011-04-22 07:28:00-04:00,204.0
2011-04-22 07:28:03-04:00,204.0
2011-04-22 07:28:06-04:00,204.66666666666666
2011-04-22 07:28:09-04:00,205.0
2011-04-22 07:28:12-04:00,204.5
2011-04-22 07:28:15-04:00,203.0
2011-04-22 07:28:18-04:00,204.0
2011-04-22 07:28:21-04:00,204.75
2011-04-22 07:28:24-04:00,205.0
2011-04-22 07:28:27-04:00,204.88888888888889
2011-04-22 07:28:30-04:00,204.55555555555554
2011-04-22 07:28:33-04:00,204.22222222222223
2011-04-22 07:28:36-04:00,204.0
2011-04-22 07:28:39-04:00,204.0
2011-04-22 07:28:42-04:00,204.0
2011-04-22 07:28:45-04:00,205.0
2011-04-22 07:28:48-04:00,204.0
2011-04-22 07:28:51-04:00,204.75
2011-04-22 07:28:54-04:00,204.5
2011-04-22 07:28:57-04:00,204.0
2011-04-22 07:29:00-04:00,203.75
2011-04-22 07:29:03-04:00,203.0
2011-04-22 07:29:06-04:00,203.0
2011-04-22 07:29:09-04:00,203.5
2011-04-22 07:29:12-04:00,203.66666666666666
2011-04-22 07:29:15-04:00,203.0
2011-04-22 07:29:18-04:00,203.0
2011-04-22 07:29:21-04:00,203.0
2011-04-22 07:29:24-04:00,203.0
2011-04-22 07:29:27-04:00,203.0
2011-04-22 07:29:30-04:00,203.0
2011-04-22 07:29:33-04:00,203.0
2011-04-22 07:29:36-04:00,203.5
2011-04-22 07:29:39-04:00,204.0
2011-04-22 07:29:42-04:00,204.0
2011-04-22 07:29:45-04:00,204.0
2011-04-22 07:29:48-04:00,204.0
2011-04-22 07:29:51-04:00,205.0
2011-04-22 07:29:54-04:00,205.0
2011-04-22 07:29:57-04:00,204.5
2011-04-22 07:30:00-04:00,204.25
2011-04-22 07:30:03-04:00,205.0
2011-04-22 07:30:06-04:00,205.0
2011-04-22 07:30:09-04:00,205.0
2011-04-22 07:30:12-04:00,204.5
2011-04-22 07:30:15-04:00,204.0
2011-04-22 07:30:18-04:00,203.75
2011-04-22 07:30:21-04:00,203.0
2011-04-22 07:30:24-04:00,203.75
2011-04-22 07:30:27-04:00,203.5
2011-04-22 07:30:30-04:00,203.125
2011-04-22 07:30:33-04:00,203.5
2011-04-22 07:30:36-04:00,203.875
2011-04-22 07:30:39-04:00,204.0
2011-04-22 07:30:42-04:00,204.0
2011-04-22 07:30:45-04:00,203.66666666666666
2011-04-22 07:30:48-04:00,203.0
2011-04-22 07:30:51-04:00,203.0
2011-04-22 07:30:54-04:00,203.75
2011-04-22 07:30:57-04:00,203.33333333333334
2011-04-22 07:31:00-04:00,203.5
2011-04-22 07:31:03-04:00,204.0
2011-04-22 07:31:06-04:00,204.0
2011-04-22 07:31:09-04:00,204.0
2011-04-22 07:31:12-04:00,204.0
2011-04-22 07:31:15-04:00,204.0
2011-04-22 07:31:18-04:00,204.0
2011-04-22 07:31:21-04:00,204.0
2011-04-22 07:31:24-04:00,204.0
2011-04-22 07:31:27-04:00,203.875
2011-04-22 07:31:30-04:00,203.5
2011-04-22 07:31:33-04:00,203.125
2011-04-22 07:31:36-04:00,203.5
2011-04-22 07:31:39-04:00,204.0
2011-04-22 07:31:42-04:00,204.0
2011-04-22 07:31:45-04:00,204.0
2011-04-22 07:31:48-04:00,203.0
2011-04-22 07:31:51-04:00,203.0
2011-04-22 07:31:54-04:00,203.0
2011-04-22 07:31:57-04:00,203.0
2011-04-22 07:32:00-04:00,203.25
2011-04-22 07:32:03-04:00,204.0
2011-04-22 07:32:06-04:00,203.25
2011-04-22 07:32:09-04:00,203.0
2011-04-22 07:32:12-04:00,203.0
2011-04-22 07:32:15-04:00,203.25
2011-04-22 07:32:18-04:00,204.0
2011-04-22 07:32:21-04:00,204.0
2011-04-22 07:32:24-04:00,204.0
2011-04-22 07:32:27-04:00,204.0
2011-04-22 07:32:30-04:00,204.0
2011-04-22 07:32:33-04:00,204.0
2011-04-22 07:32:36-04:00,204.0
2011-04-22 07:32:39-04:00,204.0
2011-04-22 07:32:42-04:00,204.0
2011-04-22 07:32:45-04:00,204.0
2011-04-22 07:32:48-04:00,204.0
2011-04-22 07:32:51-04:00,204.0
2011-04-22 07:32:54-04:00,204.0
2011-04-22 07:32:57-04:00,204.0
2011-04-22 07:33:00-04:00,204.0
2011-04-22 07:33:03-04:00,203.5
2011-04-22 07:33:06-04:00,203.0
2011-04-22 07:33:09-04:00,203.0
2011-04-22 07:33:12-04:00,204.0
2011-04-22 07:33:15-04:00,203.25
2011-04-22 07:33:18-04:00,203.5
2011-04-22 07:33:21-04:00,204.0
2011-04-22 07:33:24-04:00,204.0
2011-04-22 07:33:27-04:00,204.0
2011-04-22 07:33:30-04:00,204.0
2011-04-22 07:33:33-04:00,204.0
2011-04-22 07:33:36-04:00,204.0
2011-04-22 07:33:39-04:00,204.0
2011-04-22 07:33:42-04:00,204.0
2011-04-22 07:33:45-04:00,203.33333333333334
2011-04-22 07:33:48-04:00,203.0
2011-04-22 07:33:51-04:00,203.0
2011-04-22 07:33:54-04:00,203.0
2011-04-22 07:33:57-04:00,203.0
2011-04-22 07:34:00-04:00,203.75
2011-04-22 07:34:03-04:00,203.33333333333334
2011-04-22 07:34:06-04:00,203.0
2011-04-22 07:34:09-04:00,203.25
2011-04-22 07:34:12-04:00,204.0
2011-04-22 07:34:15-04:00,203.0
2011-04-22 07:34:18-04:00,203.75
2011-04-22 07:34:21-04:00,204.0
2011-04-22 07:34:24-04:00,204.0
2011-04-22 07:34:27-04:00,204.0
2011-04-22 07:34:30-04:00,204.0
2011-04-22 07:34:33-04:00,204.0
2011-04-22 07:34:36-04:00,204.0
2011-04-22 07:34:39-04:00,204.0
2011-04-22 07:34:42-04:00,203.0
2011-04-22 07:34:45-04:00,203.75
2011-04-22 07:34:48-04:00,203.33333333333334
2011-04-22 07:34:51-04:00,203.5
2011-04-22 07:34:54-04:00,203.66666666666666
2011-04-22 07:34:57-04:00,203.0
2011-04-22 07:35:00-04:00,203.0
2011-04-22 07:35:03-04:00,203.0
2011-04-22 07:35:06-04:00,203.0
2011-04-22 07:35:09-04:00,203.33333333333334
2011-04-22 07:35:12-04:00,203.75
2011-04-22 07:35:15-04:00,203.0
2011-04-22 07:35:18-04:00,203.0
2011-04-22 07:35:21-04:00,203.0
2011-04-22 07:35:24-04:00,203.0
2011-04-22 07:35:27-04:00,203.0
2011-04-22 07:35:30-04:00,203.0
2011-04-22 07:35:33-04:00,203.0
2011-04-22 07:35:36-04:00,203.0
2011-04-22 07:35:39-04:00,203.0
2011-04-22 07:35:42-04:00,203.25
2011-04-22 07:35:45-04:00,204.0
2011-04-22 07:35:48-04:00,203.25
2011-04-22 07:35:51-04:00,203.0
2011-04-22 07:35:54-04:00,203.0
2011-04-22 07:35:57-04:00,203.0
2011-04-22 07:36:00-04:00,203.0
2011-04-22 07:36:03-04:00,203.75
2011-04-22 07:36:06-04:00,204.0
2011-04-22 07:36:09-04:00,204.0
2011-04-22 07:36:12-04:00,204.0
2011-04-22 07:36:15-04:00,204.0
2011-04-22 07:36:18-04:00,205.0
2011-04-22 07:36:21-04:00,205.0
2011-04-22 07:36:24-04:00,204.5
2011-04-22 07:36:27-04:00,204.11111111111111
2011-04-22 07:36:30-04:00,204.44444444444446
2011-04-22 07:36:33-04:00,204.77777777777777
2011-04-22 07:36:36-04:00,205.0
2011-04-22 07:36:39-04:00,204.75
2011-04-22 07:36:42-04:00,204.0
2011-04-22 07:36:45-04:00,206.0
2011-04-22 07:36:48-04:00,205.0
2011-04-22 07:36:51-04:00,204.25
2011-04-22 07:36:54-04:00,204.0
2011-04-22 07:36:57-04:00,204.0
2011-04-22 07:37:00-04:00,204.25
2011-04-22 07:37:03-04:00,205.0
2011-04-22 07:37:06-04:00,204.25
2011-04-22 07:37:09-04:00,204.0
2011-04-22 07:37:12-04:00,204.5
2011-04-22 07:37:15-04:00,205.0
2011-04-22 07:37:18-04:00,205.0
2011-04-22 07:37:21-04:00,206.0
2011-04-22 07:37:24-04:00,205.25
2011-04-22 07:37:27-04:00,199.66666666666666
2011-04-22 07:37:30-04:00,191.66666666666666
2011-04-22 07:37:33-04:00,183.66666666666666
2011-04-22 07:37:36-04:00,181.0
2011-04-22 07:37:39-04:00,181.0
2011-04-22 07:37:42-04:00,181.33333333333334
2011-04-22 07:37:45-04:00,181.66666666666666
2011-04-22 07:37:48-04:00,181.0
2011-04-22 07:37:51-04:00,181.0
2011-04-22 07:37:54-04:00,181.0
2011-04-22 07:37:57-04:00,181.0
2011-04-22 07:38:00-04:00,181.0
2011-04-22 07:38:03-04:00,181.0
2011-04-22 07:38:06-04:00,181.0
2011-04-22 07:38:09-04:00,181.0
2011-04-22 07:38:12-04:00,181.0
2011-04-22 07:38:15-04:00,181.0
2011-04-22 07:38:18-04:00,181.0
2011-04-22 07:38:21-04:00,181.0
2011-04-22 07:38:24-04:00,181.0
2011-04-22 07:38:27-04:00,181.0
2011-04-22 07:38:30-04:00,181.0
2011-04-22 07:38:33-04:00,181.0
2011-04-22 07:38:36-04:00,181.0
2011-04-22 07:38:39-04:00,181.0
2011-04-22 07:38:42-04:00,181.0
2011-04-22 07:38:45-04:00,180.66666666666666
2011-04-22 07:38:48-04:00,180.0
2011-04-22 07:38:51-04:00,180.0
2011-04-22 07:38:54-04:00,180.0
2011-04-22 07:38:57-04:00,180.0
2011-04-22 07:39:00-04:00,180.0
2011-04-22 07:39:03-04:00,180.0
2011-04-22 07:39:06-04:00,180.0
2011-04-22 07:39:09-04:00,181.0
2011-04-22 07:39:12-04:00,180.25
2011-04-22 07:39:15-04:00,180.5
2011-04-22 07:39:18-04:00,180.66666666666666
2011-04-22 07:39:21-04:00,180.0
2011-04-22 07:39:24-04:00,180.0
2011-04-22 07:39:27-04:00,180.0
2011-04-22 07:39:30-04:00,180.0
2011-04-22 07:39:33-04:00,180.0
2011-04-22 07:39:36-04:00,180.0
2011-04-22 07:39:39-04:00,180.0
2011-04-22 07:39:42-04:00,180.0
2011-04-22 07:39:45-04:00,180.0
2011-04-22 07:39:48-04:00,180.5
2011-04-22 07:39:51-04:00,180.75
2011-04-22 07:39:54-04:00,180.0
2011-04-22 07:39:57-04:00,180.0
2011-04-22 07:40:00-04:00,180.66666666666666
2011-04-22 07:40:03-04:00,180.0
2011-04-22 07:40:06-04:00,179.5
2011-04-22 07:40:09-04:00,181.0
2011-04-22 07:40:12-04:00,180.0
2011-04-22 07:40:15-04:00,180.0
2011-04-22 07:40:18-04:00,180.0
2011-04-22 07:40:21-04:00,180.0
2011-04-22 07:40:24-04:00,180.0
2011-04-22 07:40:27-04:00,180.0
2011-04-22 07:40:30-04:00,180.0
2011-04-22 07:40:33-04:00,180.0
2011-04-22 07:40:36-04:00,180.0
2011-04-22 07:40:39-04:00,180.66666666666666
2011-04-22 07:40:42-04:00,181.0
2011-04-22 07:40:45-04:00,181.0
2011-04-22 07:40:48-04:00,181.0
2011-04-22 07:40:51-04:00,181.0
2011-04-22 07:40:54-04:00,181.0
2011-04-22 07:40:57-04:00,181.0
2011-04-22 07:41:00-04:00,181.0
2011-04-22 07:41:03-04:00,181.0
2011-04-22 07:41:06-04:00,181.0
2011-04-22 07:41:09-04:00,181.0
2011-04-22 07:41:12-04:00,181.0
2011-04-22 07:41:15-04:00,181.0
2011-04-22 07:41:18-04:00,181.0
2011-04-22 07:41:21-04:00,180.5
2011-04-22 07:41:24-04:00,180.0
2011-04-22 07:41:27-04:00,180.0
2011-04-22 07:41:30-04:00,180.0
2011-04-22 07:41:33-04:00,180.0
2011-04-22 07:41:36-04:00,180.0
2011-04-22 07:41:39-04:00,180.0
2011-04-22 07:41:42-04:00,180.0
2011-04-22 07:41:45-04:00,180.0
2011-04-22 07:41:48-04:00,180.0
2011-04-22 07:41:51-04:00,180.0
2011-04-22 07:41:54-04:00,180.0
2011-04-22 07:41:57-04:00,180.0
2011-04-22 07:42:00-04:00,180.0
2011-04-22 07:42:03-04:00,45.75
2011-04-22 07:42:06-04:00,1.0
2011-04-22 07:42:09-04:00,1.0
2011-04-22 07:42:12-04:00,1.0
2011-04-22 07:42:15-04:00,1.0
2011-04-22 07:42:18-04:00,1.0
2011-04-22 07:42:21-04:00,1.0
2011-04-22 07:42:24-04:00,1.0
2011-04-22 07:42:27-04:00,1.0
2011-04-22 07:42:30-04:00,1.0
2011-04-22 07:42:33-04:00,1.0
2011-04-22 07:42:36-04:00,1.0
2011-04-22 07:42:39-04:00,1.0
2011-04-22 07:42:42-04:00,1.0
2011-04-22 07:42:45-04:00,1.0
2011-04-22 07:42:48-04:00,1.0
2011-04-22 07:42:51-04:00,1.0
2011-04-22 07:42:54-04:00,1.0
2011-04-22 07:42:57-04:00,1.0
2011-04-22 07:43:00-04:00,1.0
2011-04-22 07:43:03-04:00,1.0
2011-04-22 07:43:06-04:00,1.0
2011-04-22 07:43:09-04:00,1.0
2011-04-22 07:43:12-04:00,1.0
2011-04-22 07:43:15-04:00,1.0
2011-04-22 07:43:18-04:00,1.0
2011-04-22 07:43:21-04:00,1.0
2011-04-22 07:43:24-04:00,1.0
2011-04-22 07:43:27-04:00,1.0
2011-04-22 07:43:30-04:00,1.0
2011-04-22 07:43:33-04:00,1.0
2011-04-22 07:43:36-04:00,1.0
2011-04-22 07:43:39-04:00,1.0
2011-04-22 07:43:42-04:00,1.0
2011-04-22 07:43:45-04:00,1.0
2011-04-22 07:43:48-04:00,1.0
2011-04-22 07:43:51-04:00,1.0
2011-04-22 07:43:54-04:00,1.0
2011-04-22 07:43:57-04:00,1.0
2011-04-22 07:44:00-04:00,1.0
2011-04-22 07:44:03-04:00,1.0
2011-04-22 07:44:06-04:00,1.0
2011-04-22 07:44:09-04:00,1.0
2011-04-22 07:44:12-04:00,1.0
2011-04-22 07:44:15-04:00,1.0
2011-04-22 07:44:18-04:00,1.0
2011-04-22 07:44:21-04:00,1.0
2011-04-22 07:44:24-04:00,1.0
2011-04-22 07:44:27-04:00,1.0
2011-04-22 07:44:30-04:00,1.0
2011-04-22 07:44:33-04:00,1.0
2011-04-22 07:44:36-04:00,1.0
2011-04-22 07:44:39-04:00,1.0
2011-04-22 07:44:42-04:00,1.0
2011-04-22 07:44:45-04:00,1.0
2011-04-22 07:44:48-04:00,1.0
2011-04-22 07:44:51-04:00,1.0
2011-04-22 07:44:54-04:00,1.0
2011-04-22 07:44:57-04:00,1.0
2011-04-22 07:45:00-04:00,1.0
2011-04-22 07:45:03-04:00,1.0
2011-04-22 07:45:06-04:00,1.0
2011-04-22 07:45:09-04:00,1.0
2011-04-22 07:45:12-04:00,1.0
2011-04-22 07:45:15-04:00,1.0
2011-04-22 07:45:18-04:00,1.0
2011-04-22 07:45:21-04:00,1.0
2011-04-22 07:45:24-04:00,1.0
2011-04-22 07:45:27-04:00,1.0
2011-04-22 07:45:30-04:00,1.0
2011-04-22 07:45:33-04:00,1.0
2011-04-22 07:45:36-04:00,1.0
2011-04-22 07:45:39-04:00,1.0
2011-04-22 07:45:42-04:00,1.0
2011-04-22 07:45:45-04:00,1.0
2011-04-22 07:45:48-04:00,1.0
2011-04-22 07:45:51-04:00,1.0
2011-04-22 07:45:54-04:00,1.0
2011-04-22 07:45:57-04:00,1.0
2011-04-22 07:46:00-04:00,1.0
2011-04-22 07:46:03-04:00,1.0
2011-04-22 07:46:06-04:00,1.0
2011-04-22 07:46:09-04:00,1.0
2011-04-22 07:46:12-04:00,1.0
2011-04-22 07:46:15-04:00,1.0
2011-04-22 07:46:18-04:00,1.0
2011-04-22 07:46:21-04:00,1.0
2011-04-22 07:46:24-04:00,1.0
2011-04-22 07:46:27-04:00,1.0
2011-04-22 07:46:30-04:00,1.0
2011-04-22 07:46:33-04:00,1.0
2011-04-22 07:46:36-04:00,1.0
2011-04-22 07:46:39-04:00,1.0
2011-04-22 07:46:42-04:00,1.0
2011-04-22 07:46:45-04:00,1.0
2011-04-22 07:46:48-04:00,1.0
2011-04-22 07:46:51-04:00,1.0
2011-04-22 07:46:54-04:00,1.0
2011-04-22 07:46:57-04:00,1.0
2011-04-22 07:47:00-04:00,1.0
2011-04-22 07:47:03-04:00,1.0
2011-04-22 07:47:06-04:00,1.0
2011-04-22 07:47:09-04:00,1.0
2011-04-22 07:47:12-04:00,1.0
2011-04-22 07:47:15-04:00,1.0
2011-04-22 07:47:18-04:00,1.0
2011-04-22 07:47:21-04:00,1.0
2011-04-22 07:47:24-04:00,1.0
2011-04-22 07:47:27-04:00,1.0
2011-04-22 07:47:30-04:00,1.0
2011-04-22 07:47:33-04:00,1.0
2011-04-22 07:47:36-04:00,1.0
2011-04-22 07:47:39-04:00,1.0
2011-04-22 07:47:42-04:00,1.0
2011-04-22 07:47:45-04:00,1.0
2011-04-22 07:47:48-04:00,1.0
2011-04-22 07:47:51-04:00,1.0
2011-04-22 07:47:54-04:00,1.0
2011-04-22 07:47:57-04:00,1.0
2011-04-22 07:48:00-04:00,1.0
2011-04-22 07:48:03-04:00,1.0
2011-04-22 07:48:06-04:00,1.0
2011-04-22 07:48:09-04:00,1.0
2011-04-22 07:48:12-04:00,1.0
2011-04-22 07:48:15-04:00,1.0
2011-04-22 07:48:18-04:00,1.0
2011-04-22 07:48:21-04:00,1.0
2011-04-22 07:48:24-04:00,1.0
2011-04-22 07:48:27-04:00,1.0
2011-04-22 07:48:30-04:00,1.0
2011-04-22 07:48:33-04:00,1.0
2011-04-22 07:48:36-04:00,1.0
2011-04-22 07:48:39-04:00,1.0
2011-04-22 07:48:42-04:00,1.0
2011-04-22 07:48:45-04:00,1.0
2011-04-22 07:48:48-04:00,1.0
2011-04-22 07:48:51-04:00,1.0
2011-04-22 07:48:54-04:00,1.0
2011-04-22 07:48:57-04:00,1.0
2011-04-22 07:49:00-04:00,1.0
2011-04-22 07:49:03-04:00,1.0
2011-04-22 07:49:06-04:00,1.0
2011-04-22 07:49:09-04:00,1.0
2011-04-22 07:49:12-04:00,1.0
2011-04-22 07:49:15-04:00,1.0
2011-04-22 07:49:18-04:00,1.0
2011-04-22 07:49:21-04:00,1.0
2011-04-22 07:49:24-04:00,1.0
2011-04-22 07:49:27-04:00,1.0
2011-04-22 07:49:30-04:00,1.0
2011-04-22 07:49:33-04:00,1.0
2011-04-22 07:49:36-04:00,1.0
2011-04-22 07:49:39-04:00,1.0
2011-04-22 07:49:42-04:00,1.0
2011-04-22 07:49:45-04:00,1.0
2011-04-22 07:49:48-04:00,1.0
2011-04-22 07:49:51-04:00,1.0
2011-04-22 07:49:54-04:00,1.0
2011-04-22 07:49:57-04:00,1.0
2011-04-22 07:50:00-04:00,1.0
2011-04-22 07:50:03-04:00,1.0
2011-04-22 07:50:06-04:00,1.0
2011-04-22 07:50:09-04:00,1.0
2011-04-22 07:50:12-04:00,1.0
2011-04-22 07:50:15-04:00,1.0
2011-04-22 07:50:18-04:00,1.0
2011-04-22 07:50:21-04:00,1.0
2011-04-22 07:50:24-04:00,1.0
2011-04-22 07:50:27-04:00,1.0
2011-04-22 07:50:30-04:00,1.0
2011-04-22 07:50:33-04:00,1.0
2011-04-22 07:50:36-04:00,1.0
2011-04-22 07:50:39-04:00,1.0
2011-04-22 07:50:42-04:00,1.0
2011-04-22 07:50:45-04:00,1.0
2011-04-22 07:50:48-04:00,1.0
2011-04-22 07:50:51-04:00,1.0
2011-04-22 07:50:54-04:00,1.0
2011-04-22 07:50:57-04:00,1.0
2011-04-22 07:51:00-04:00,1.0
2011-04-22 07:51:03-04:00,1.0
2011-04-22 07:51:06-04:00,1.0
2011-04-22 07:51:09-04:00,1.0
2011-04-22 07:51:12-04:00,1.0
2011-04-22 07:51:15-04:00,1.0
2011-04-22 07:51:18-04:00,1.0
2011-04-22 07:51:21-04:00,1.0
2011-04-22 07:51:24-04:00,1.0
2011-04-22 07:51:27-04:00,1.0
2011-04-22 07:51:30-04:00,1.0
2011-04-22 07:51:33-04:00,1.0
2011-04-22 07:51:36-04:00,1.0
2011-04-22 07:51:39-04:00,1.0
2011-04-22 07:51:42-04:00,1.0
2011-04-22 07:51:45-04:00,1.0
2011-04-22 07:51:48-04:00,1.0
2011-04-22 07:51:51-04:00,1.0
2011-04-22 07:51:54-04:00,1.0
2011-04-22 07:51:57-04:00,1.0
2011-04-22 07:52:00-04:00,1.0
2011-04-22 07:52:03-04:00,1.0
2011-04-22 07:52:06-04:00,1.0
2011-04-22 07:52:09-04:00,1.0
2011-04-22 07:52:12-04:00,1.0
2011-04-22 07:52:15-04:00,1.0
2011-04-22 07:52:18-04:00,1.0
2011-04-22 07:52:21-04:00,1.0
2011-04-22 07:52:24-04:00,1.0
2011-04-22 07:52:27-04:00,1.0
2011-04-22 07:52:30-04:00,1.0
2011-04-22 07:52:33-04:00,1.0
2011-04-22 07:52:36-04:00,1.0
2011-04-22 07:52:39-04:00,1.0
2011-04-22 07:52:42-04:00,1.0
2011-04-22 07:52:45-04:00,1.0
2011-04-22 07:52:48-04:00,1.0
2011-04-22 07:52:51-04:00,1.0
2011-04-22 07:52:54-04:00,1.0
2011-04-22 07:52:57-04:00,1.0
2011-04-22 07:53:00-04:00,1.0
2011-04-22 07:53:03-04:00,1.0
2011-04-22 07:53:06-04:00,1.0
2011-04-22 07:53:09-04:00,1.0
2011-04-22 07:53:12-04:00,1.0
2011-04-22 07:53:15-04:00,1.0
2011-04-22 07:53:18-04:00,1.0
2011-04-22 07:53:21-04:00,1.0
2011-04-22 07:53:24-04:00,1.0
2011-04-22 07:53:27-04:00,1.0
2011-04-22 07:53:30-04:00,1.0
2011-04-22 07:53:33-04:00,1.0
2011-04-22 07:53:36-04:00,1.0
2011-04-22 07:53:39-04:00,1.0
2011-04-22 07:53:42-04:00,1.0
2011-04-22 07:53:45-04:00,1.0
2011-04-22 07:53:48-04:00,1.0
2011-04-22 07:53:51-04:00,1.0
2011-04-22 07:53:54-04:00,1.0
2011-04-22 07:53:57-04:00,1.0
2011-04-22 07:54:00-04:00,1.0
2011-04-22 07:54:03-04:00,1.0
2011-04-22 07:54:06-04:00,1.0
2011-04-22 07:54:09-04:00,1.0
2011-04-22 07:54:12-04:00,1.0
2011-04-22 07:54:15-04:00,1.0
2011-04-22 07:54:18-04:00,1.0
2011-04-22 07:54:21-04:00,1.0
2011-04-22 07:54:24-04:00,0.5
2011-04-22 07:54:27-04:00,0.1111111111111111
2011-04-22 07:54:30-04:00,0.4444444444444444
2011-04-22 07:54:33-04:00,0.7777777777777778
2011-04-22 07:54:36-04:00,1.0
2011-04-22 07:54:39-04:00,1.0
2011-04-22 07:54:42-04:00,1.0
2011-04-22 07:54:45-04:00,1.0
2011-04-22 07:54:48-04:00,1.0
2011-04-22 07:54:51-04:00,1.0
2011-04-22 07:54:54-04:00,1.0
2011-04-22 07:54:57-04:00,1.0
2011-04-22 07:55:00-04:00,1.0
2011-04-22 07:55:03-04:00,1.0
2011-04-22 07:55:06-04:00,1.0
2011-04-22 07:55:09-04:00,1.0
2011-04-22 07:55:12-04:00,1.0
2011-04-22 07:55:15-04:00,1.0
2011-04-22 07:55:18-04:00,1.0
2011-04-22 07:55:21-04:00,1.0
2011-04-22 07:55:24-04:00,1.0
2011-04-22 07:55:27-04:00,1.0
2011-04-22 07:55:30-04:00,1.0
2011-04-22 07:55:33-04:00,1.0
2011-04-22 07:55:36-04:00,1.0
2011-04-22 07:55:39-04:00,1.0
2011-04-22 07:55:42-04:00,1.0
2011-04-22 07:55:45-04:00,1.0
2011-04-22 07:55:48-04:00,1.0
2011-04-22 07:55:51-04:00,1.0
2011-04-22 07:55:54-04:00,1.0
2011-04-22 07:55:57-04:00,1.0
2011-04-22 07:56:00-04:00,1.0
2011-04-22 07:56:03-04:00,1.0
2011-04-22 07:56:06-04:00,1.0
2011-04-22 07:56:09-04:00,1.0
2011-04-22 07:56:12-04:00,1.0
2011-04-22 07:56:15-04:00,1.0
2011-04-22 07:56:18-04:00,1.0
2011-04-22 07:56:21-04:00,1.0
2011-04-22 07:56:24-04:00,1.0
2011-04-22 07:56:27-04:00,1.0
2011-04-22 07:56:30-04:00,1.0
2011-04-22 07:56:33-04:00,1.0
2011-04-22 07:56:36-04:00,1.0
2011-04-22 07:56:39-04:00,1.0
2011-04-22 07:56:42-04:00,1.0
2011-04-22 07:56:45-04:00,1.0
2011-04-22 07:56:48-04:00,1.0
2011-04-22 07:56:51-04:00,1.0
2011-04-22 07:56:54-04:00,1.0
2011-04-22 07:56:57-04:00,1.0
2011-04-22 07:57:00-04:00,1.0
2011-04-22 07:57:03-04:00,1.0
2011-04-22 07:57:06-04:00,1.0
2011-04-22 07:57:09-04:00,1.0
2011-04-22 07:57:12-04:00,1.0
2011-04-22 07:57:15-04:00,1.0
2011-04-22 07:57:18-04:00,1.0
2011-04-22 07:57:21-04:00,1.0
2011-04-22 07:57:24-04:00,1.0
2011-04-22 07:57:27-04:00,1.0
2011-04-22 07:57:30-04:00,1.0
2011-04-22 07:57:33-04:00,1.0
2011-04-22 07:57:36-04:00,1.0
2011-04-22 07:57:39-04:00,1.0
2011-04-22 07:57:42-04:00,1.0
2011-04-22 07:57:45-04:00,1.0
2011-04-22 07:57:48-04:00,1.0
2011-04-22 07:57:51-04:00,1.0
2011-04-22 07:57:54-04:00,1.0
2011-04-22 07:57:57-04:00,1.0
2011-04-22 07:58:00-04:00,1.0
2011-04-22 07:58:03-04:00,1.0
2011-04-22 07:58:06-04:00,1.0
2011-04-22 07:58:09-04:00,1.0
2011-04-22 07:58:12-04:00,1.0
2011-04-22 07:58:15-04:00,1.0
2011-04-22 07:58:18-04:00,1.0
2011-04-22 07:58:21-04:00,1.0
2011-04-22 07:58:24-04:00,1.0
2011-04-22 07:58:27-04:00,1.0
2011-04-22 07:58:30-04:00,1.0
2011-04-22 07:58:33-04:00,1.0
2011-04-22 07:58:36-04:00,1.0
2011-04-22 07:58:39-04:00,1.0
2011-04-22 07:58:42-04:00,1.0
2011-04-22 07:58:45-04:00,1.0
2011-04-22 07:58:48-04:00,1.0
2011-04-22 07:58:51-04:00,1.0
2011-04-22 07:58:54-04:00,1.0
2011-04-22 07:58:57-04:00,1.0
2011-04-22 07:59:00-04:00,1.0
2011-04-22 07:59:03-04:00,1.0
2011-04-22 07:59:06-04:00,1.0
2011-04-22 07:59:09-04:00,1.0
2011-04-22 07:59:12-04:00,1.0
2011-04-22 07:59:15-04:00,1.0
2011-04-22 07:59:18-04:00,1.0
2011-04-22 07:59:21-04:00,1.0
2011-04-22 07:59:24-04:00,1.0
2011-04-22 07:59:27-04:00,1.0
2011-04-22 07:59:30-04:00,1.0
2011-04-22 07:59:33-04:00,1.0
2011-04-22 07:59:36-04:00,1.0
2011-04-22 07:59:39-04:00,1.0
2011-04-22 07:59:42-04:00,1.0
2011-04-22 07:59:45-04:00,1.0
2011-04-22 07:59:48-04:00,1.0
2011-04-22 07:59:51-04:00,1.0
2011-04-22 07:59:54-04:00,1.0
2011-04-22 07:59:57-04:00,1.0
2011-04-22 08:00:00-04:00,1.0
2011-04-22 08:00:03-04:00,1.0
2011-04-22 08:00:06-04:00,1.0
2011-04-22 08:00:09-04:00,1.0
2011-04-22 08:00:12-04:00,1.0
2011-04-22 08:00:15-04:00,1.0
2011-04-22 08:00:18-04:00,1.0
2011-04-22 08:00:21-04:00,1.0
2011-04-22 08:00:24-04:00,1.0
2011-04-22 08:00:27-04:00,1.0
2011-04-22 08:00:30-04:00,0.7777777777777778
2011-04-22 08:00:33-04:00,0.4444444444444444
2011-04-22 08:00:36-04:00,0.11111111111111116
2011-04-22 08:00:39-04:00,0.5
2011-04-22 08:00:42-04:00,1.0
2011-04-22 08:00:45-04:00,1.0
2011-04-22 08:00:48-04:00,1.0
2011-04-22 08:00:51-04:00,1.0
2011-04-22 08:00:54-04:00,1.0
2011-04-22 08:00:57-04:00,1.0
2011-04-22 08:01:00-04:00,1.0
2011-04-22 08:01:03-04:00,1.0
2011-04-22 08:01:06-04:00,1.0
2011-04-22 08:01:09-04:00,1.0
2011-04-22 08:01:12-04:00,1.0
2011-04-22 08:01:15-04:00,1.0
2011-04-22 08:01:18-04:00,1.0
2011-04-22 08:01:21-04:00,1.0
2011-04-22 08:01:24-04:00,1.0
2011-04-22 08:01:27-04:00,1.0
2011-04-22 08:01:30-04:00,1.0
2011-04-22 08:01:33-04:00,1.0
2011-04-22 08:01:36-04:00,1.0
2011-04-22 08:01:39-04:00,1.0
2011-04-22 08:01:42-04:00,1.0
2011-04-22 08:01:45-04:00,1.0
2011-04-22 08:01:48-04:00,1.0
2011-04-22 08:01:51-04:00,1.0
2011-04-22 08:01:54-04:00,1.0
2011-04-22 08:01:57-04:00,1.0
2011-04-22 08:02:00-04:00,1.0
2011-04-22 08:02:03-04:00,1.0
2011-04-22 08:02:06-04:00,1.0
2011-04-22 08:02:09-04:00,1.0
2011-04-22 08:02:12-04:00,1.0
2011-04-22 08:02:15-04:00,1.0
2011-04-22 08:02:18-04:00,1.0
2011-04-22 08:02:21-04:00,1.0
2011-04-22 08:02:24-04:00,1.0
2011-04-22 08:02:27-04:00,1.0
2011-04-22 08:02:30-04:00,1.0
2011-04-22 08:02:33-04:00,1.0
2011-04-22 08:02:36-04:00,1.0
2011-04-22 08:02:39-04:00,1.0
2011-04-22 08:02:42-04:00,1.0
2011-04-22 08:02:45-04:00,1.0
2011-04-22 08:02:48-04:00,1.0
2011-04-22 08:02:51-04:00,1.0
2011-04-22 08:02:54-04:00,1.0
2011-04-22 08:02:57-04:00,1.0
2011-04-22 08:03:00-04:00,1.0
2011-04-22 08:03:03-04:00,1.0
2011-04-22 08:03:06-04:00,1.0
2011-04-22 08:03:09-04:00,1.0
2011-04-22 08:03:12-04:00,1.0
2011-04-22 08:03:15-04:00,1.0
2011-04-22 08:03:18-04:00,1.0
2011-04-22 08:03:21-04:00,1.0
2011-04-22 08:03:24-04:00,1.0
2011-04-22 08:03:27-04:00,1.0
2011-04-22 08:03:30-04:00,1.0
2011-04-22 08:03:33-04:00,1.0
2011-04-22 08:03:36-04:00,1.0
2011-04-22 08:03:39-04:00,1.0
2011-04-22 08:03:42-04:00,1.0
2011-04-22 08:03:45-04:00,1.0
2011-04-22 08:03:48-04:00,1.0
2011-04-22 08:03:51-04:00,1.0
2011-04-22 08:03:54-04:00,1.0
2011-04-22 08:03:57-04:00,1.0
2011-04-22 08:04:00-04:00,1.0
2011-04-22 08:04:03-04:00,1.0
2011-04-22 08:04:06-04:00,1.0
2011-04-22 08:04:09-04:00,1.0
2011-04-22 08:04:12-04:00,1.0
2011-04-22 08:04:15-04:00,1.0
2011-04-22 08:04:18-04:00,1.0
2011-04-22 08:04:21-04:00,1.0
2011-04-22 08:04:24-04:00,1.0
2011-04-22 08:04:27-04:00,1.0
2011-04-22 08:04:30-04:00,1.0
2011-04-22 08:04:33-04:00,1.0
2011-04-22 08:04:36-04:00,1.0
2011-04-22 08:04:39-04:00,1.0
2011-04-22 08:04:42-04:00,1.0
2011-04-22 08:04:45-04:00,1.0
2011-04-22 08:04:48-04:00,1.0
2011-04-22 08:04:51-04:00,1.0
2011-04-22 08:04:54-04:00,1.0
2011-04-22 08:04:57-04:00,1.0
2011-04-22 08:05:00-04:00,1.0
2011-04-22 08:05:03-04:00,1.0
2011-04-22 08:05:06-04:00,1.0
2011-04-22 08:05:09-04:00,1.0
2011-04-22 08:05:12-04:00,1.0
2011-04-22 08:05:15-04:00,1.0
2011-04-22 08:05:18-04:00,1.0
2011-04-22 08:05:21-04:00,1.0
2011-04-22 08:05:24-04:00,1.0
2011-04-22 08:05:27-04:00,1.0
2011-04-22 08:05:30-04:00,1.0
2011-04-22 08:05:33-04:00,1.0
2011-04-22 08:05:36-04:00,1.0
2011-04-22 08:05:39-04:00,1.0
2011-04-22 08:05:42-04:00,1.0
2011-04-22 08:05:45-04:00,1.0
2011-04-22 08:05:48-04:00,1.0
2011-04-22 08:05:51-04:00,1.0
2011-04-22 08:05:54-04:00,1.0
2011-04-22 08:05:57-04:00,1.0
2011-04-22 08:06:00-04:00,1.0
2011-04-22 08:06:03-04:00,1.0
2011-04-22 08:06:06-04:00,1.0
2011-04-22 08:06:09-04:00,1.0
2011-04-22 08:06:12-04:00,1.0
2011-04-22 08:06:15-04:00,1.0
2011-04-22 08:06:18-04:00,1.0
2011-04-22 08:06:21-04:00,1.0
2011-04-22 08:06:24-04:00,1.0
2011-04-22 08:06:27-04:00,1.0
2011-04-22 08:06:30-04:00,1.0
2011-04-22 08:06:33-04:00,1.0
2011-04-22 08:06:36-04:00,1.0
2011-04-22 08:06:39-04:00,1.0
2011-04-22 08:06:42-04:00,1.0
2011-04-22 08:06:45-04:00,1.0
2011-04-22 08:06:48-04:00,1.0
2011-04-22 08:06:51-04:00,1.0
2011-04-22 08:06:54-04:00,1.0
2011-04-22 08:06:57-04:00,1.0
2011-04-22 08:07:00-04:00,1.0
2011-04-22 08:07:03-04:00,1.0
2011-04-22 08:07:06-04:00,1.0
2011-04-22 08:07:09-04:00,1.0
2011-04-22 08:07:12-04:00,1.0
2011-04-22 08:07:15-04:00,1.0
2011-04-22 08:07:18-04:00,1.0
2011-04-22 08:07:21-04:00,1.0
2011-04-22 08:07:24-04:00,1.0
2011-04-22 08:07:27-04:00,1.0
2011-04-22 08:07:30-04:00,1.0
2011-04-22 08:07:33-04:00,1.0
2011-04-22 08:07:36-04:00,1.0
2011-04-22 08:07:39-04:00,1.0
2011-04-22 08:07:42-04:00,1.0
2011-04-22 08:07:45-04:00,1.0
2011-04-22 08:07:48-04:00,1.0
2011-04-22 08:07:51-04:00,1.0
2011-04-22 08:07:54-04:00,1.0
2011-04-22 08:07:57-04:00,1.0
2011-04-22 08:08:00-04:00,1.0
2011-04-22 08:08:03-04:00,1.0
2011-04-22 08:08:06-04:00,1.0
2011-04-22 08:08:09-04:00,1.0
2011-04-22 08:08:12-04:00,1.0
2011-04-22 08:08:15-04:00,1.0
2011-04-22 08:08:18-04:00,1.0
2011-04-22 08:08:21-04:00,1.0
2011-04-22 08:08:24-04:00,1.0
2011-04-22 08:08:27-04:00,1.0
2011-04-22 08:08:30-04:00,1.0
2011-04-22 08:08:33-04:00,1.0
2011-04-22 08:08:36-04:00,1.0
2011-04-22 08:08:39-04:00,1.0
2011-04-22 08:08:42-04:00,1.0
2011-04-22 08:08:45-04:00,1.0
2011-04-22 08:08:48-04:00,1.0
2011-04-22 08:08:51-04:00,1.0
2011-04-22 08:08:54-04:00,1.0
2011-04-22 08:08:57-04:00,1.0
2011-04-22 08:09:00-04:00,1.0
2011-04-22 08:09:03-04:00,1.0
2011-04-22 08:09:06-04:00,1.0
2011-04-22 08:09:09-04:00,1.0
2011-04-22 08:09:12-04:00,1.0
2011-04-22 08:09:15-04:00,1.0
2011-04-22 08:09:18-04:00,1.0
2011-04-22 08:09:21-04:00,1.0
2011-04-22 08:09:24-04:00,1.0
2011-04-22 08:09:27-04:00,1.0
2011-04-22 08:09:30-04:00,1.0
2011-04-22 08:09:33-04:00,1.0
2011-04-22 08:09:36-04:00,1.0
2011-04-22 08:09:39-04:00,1.0
2011-04-22 08:09:42-04:00,1.0
2011-04-22 08:09:45-04:00,1.0
2011-04-22 08:09:48-04:00,1.0
2011-04-22 08:09:51-04:00,1.0
2011-04-22 08:09:54-04:00,1.0
2011-04-22 08:09:57-04:00,1.0
2011-04-22 08:10:00-04:00,1.0
2011-04-22 08:10:03-04:00,1.0
2011-04-22 08:10:06-04:00,1.0
2011-04-22 08:10:09-04:00,1.0
2011-04-22 08:10:12-04:00,1.0
2011-04-22 08:10:15-04:00,1.0
2011-04-22 08:10:18-04:00,1.0
2011-04-22 08:10:21-04:00,1.0
2011-04-22 08:10:24-04:00,1.0
2011-04-22 08:10:27-04:00,1.0
2011-04-22 08:10:30-04:00,1.0
2011-04-22 08:10:33-04:00,1.0
2011-04-22 08:10:36-04:00,1.0
2011-04-22 08:10:39-04:00,1.0
2011-04-22 08:10:42-04:00,1.0
2011-04-22 08:10:45-04:00,1.0
2011-04-22 08:10:48-04:00,1.0
2011-04-22 08:10:51-04:00,1.0
2011-04-22 08:10:54-04:00,1.0
2011-04-22 08:10:57-04:00,1.0
2011-04-22 08:11:00-04:00,1.0
2011-04-22 08:11:03-04:00,1.0
2011-04-22 08:11:06-04:00,1.0
2011-04-22 08:11:09-04:00,1.0
2011-04-22 08:11:12-04:00,1.0
2011-04-22 08:11:15-04:00,1.0
2011-04-22 08:11:18-04:00,1.0
2011-04-22 08:11:21-04:00,1.0
2011-04-22 08:11:24-04:00,1.0
2011-04-22 08:11:27-04:00,1.0
2011-04-22 08:11:30-04:00,1.0
2011-04-22 08:11:33-04:00,1.0
2011-04-22 08:11:36-04:00,1.0
2011-04-22 08:11:39-04:00,1.0
2011-04-22 08:11:42-04:00,1.0
2011-04-22 08:11:45-04:00,1.0
2011-04-22 08:11:48-04:00,1.0
2011-04-22 08:11:51-04:00,1.0
2011-04-22 08:11:54-04:00,1.0
2011-04-22 08:11:57-04:00,1.0
2011-04-22 08:12:00-04:00,1.0
2011-04-22 08:12:03-04:00,1.0
2011-04-22 08:12:06-04:00,1.0
2011-04-22 08:12:09-04:00,1.0
2011-04-22 08:12:12-04:00,1.0
2011-04-22 08:12:15-04:00,1.0
2011-04-22 08:12:18-04:00,1.0
2011-04-22 08:12:21-04:00,1.0
2011-04-22 08:12:24-04:00,1.0
2011-04-22 08:12:27-04:00,1.0
2011-04-22 08:12:30-04:00,1.0
2011-04-22 08:12:33-04:00,1.0
2011-04-22 08:12:36-04:00,1.0
2011-04-22 08:12:39-04:00,1.0
2011-04-22 08:12:42-04:00,1.0
2011-04-22 08:12:45-04:00,1.0
2011-04-22 08:12:48-04:00,1.0
2011-04-22 08:12:51-04:00,1.0
2011-04-22 08:12:54-04:00,1.0
2011-04-22 08:12:57-04:00,1.0
2011-04-22 08:13:00-04:00,1.0
2011-04-22 08:13:03-04:00,1.0
2011-04-22 08:13:06-04:00,1.0
2011-04-22 08:13:09-04:00,1.0
2011-04-22 08:13:12-04:00,1.0
2011-04-22 08:13:15-04:00,1.0
2011-04-22 08:13:18-04:00,1.0
2011-04-22 08:13:21-04:00,1.0
2011-04-22 08:13:24-04:00,1.0
2011-04-22 08:13:27-04:00,1.0
2011-04-22 08:13:30-04:00,1.0
2011-04-22 08:13:33-04:00,1.0
2011-04-22 08:13:36-04:00,1.0
2011-04-22 08:13:39-04:00,1.0
2011-04-22 08:13:42-04:00,1.0
2011-04-22 08:13:45-04:00,1.0
2011-04-22 08:13:48-04:00,1.0
2011-04-22 08:13:51-04:00,1.0
2011-04-22 08:13:54-04:00,1.0
2011-04-22 08:13:57-04:00,0.33333333333333337
2011-04-22 08:14:00-04:00,0.5
2011-04-22 08:14:03-04:00,1.0
2011-04-22 08:14:06-04:00,1.0
2011-04-22 08:14:09-04:00,1.0
2011-04-22 08:14:12-04:00,1.0
2011-04-22 08:14:15-04:00,1.0
2011-04-22 08:14:18-04:00,1.0
2011-04-22 08:14:21-04:00,1.0
2011-04-22 08:14:24-04:00,1.0
2011-04-22 08:14:27-04:00,1.0
2011-04-22 08:14:30-04:00,1.0
2011-04-22 08:14:33-04:00,1.0
2011-04-22 08:14:36-04:00,1.0
2011-04-22 08:14:39-04:00,1.0
2011-04-22 08:14:42-04:00,1.0
2011-04-22 08:14:45-04:00,1.0
2011-04-22 08:14:48-04:00,1.0
2011-04-22 08:14:51-04:00,1.0
2011-04-22 08:14:54-04:00,1.0
2011-04-22 08:14:57-04:00,1.0
2011-04-22 08:15:00-04:00,1.0
2011-04-22 08:15:03-04:00,1.0
2011-04-22 08:15:06-04:00,1.0
2011-04-22 08:15:09-04:00,1.0
2011-04-22 08:15:12-04:00,1.0
2011-04-22 08:15:15-04:00,1.0
2011-04-22 08:15:18-04:00,1.0
2011-04-22 08:15:21-04:00,1.0
2011-04-22 08:15:24-04:00,1.0
2011-04-22 08:15:27-04:00,1.0
2011-04-22 08:15:30-04:00,1.0
2011-04-22 08:15:33-04:00,1.0
2011-04-22 08:15:36-04:00,1.0
2011-04-22 08:15:39-04:00,1.0
2011-04-22 08:15:42-04:00,1.0
2011-04-22 08:15:45-04:00,1.0
2011-04-22 08:15:48-04:00,1.0
2011-04-22 08:15:51-04:00,1.0
2011-04-22 08:15:54-04:00,1.0
2011-04-22 08:15:57-04:00,1.0
2011-04-22 08:16:00-04:00,1.0
2011-04-22 08:16:03-04:00,1.0
2011-04-22 08:16:06-04:00,1.0
2011-04-22 08:16:09-04:00,1.0
2011-04-22 08:16:12-04:00,1.0
2011-04-22 08:16:15-04:00,1.0
2011-04-22 08:16:18-04:00,1.0
2011-04-22 08:16:21-04:00,1.0
2011-04-22 08:16:24-04:00,1.0
2011-04-22 08:16:27-04:00,1.0
2011-04-22 08:16:30-04:00,1.0
2011-04-22 08:16:33-04:00,1.0
2011-04-22 08:16:36-04:00,1.0
2011-04-22 08:16:39-04:00,1.0
2011-04-22 08:16:42-04:00,1.0
2011-04-22 08:16:45-04:00,1.0
2011-04-22 08:16:48-04:00,1.0
2011-04-22 08:16:51-04:00,1.0
2011-04-22 08:16:54-04:00,1.0
2011-04-22 08:16:57-04:00,1.0
2011-04-22 08:17:00-04:00,1.0
2011-04-22 08:17:03-04:00,1.0
2011-04-22 08:17:06-04:00,1.0
2011-04-22 08:17:09-04:00,1.0
2011-04-22 08:17:12-04:00,1.0
2011-04-22 08:17:15-04:00,1.0
2011-04-22 08:17:18-04:00,1.0
2011-04-22 08:17:21-04:00,1.0
2011-04-22 08:17:24-04:00,1.0
2011-04-22 08:17:27-04:00,1.0
2011-04-22 08:17:30-04:00,1.0
2011-04-22 08:17:33-04:00,1.0
2011-04-22 08:17:36-04:00,1.0
2011-04-22 08:17:39-04:00,1.0
2011-04-22 08:17:42-04:00,1.0
2011-04-22 08:17:45-04:00,1.0
2011-04-22 08:17:48-04:00,1.0
2011-04-22 08:17:51-04:00,1.0
2011-04-22 08:17:54-04:00,1.0
2011-04-22 08:17:57-04:00,1.0
2011-04-22 08:18:00-04:00,1.0
2011-04-22 08:18:03-04:00,1.0
2011-04-22 08:18:06-04:00,1.0
2011-04-22 08:18:09-04:00,1.0
2011-04-22 08:18:12-04:00,1.0
2011-04-22 08:18:15-04:00,1.0
2011-04-22 08:18:18-04:00,1.0
2011-04-22 08:18:21-04:00,1.0
2011-04-22 08:18:24-04:00,1.0
2011-04-22 08:18:27-04:00,1.0
2011-04-22 08:18:30-04:00,1.0
2011-04-22 08:18:33-04:00,1.0
2011-04-22 08:18:36-04:00,1.0
2011-04-22 08:18:39-04:00,1.0
2011-04-22 08:18:42-04:00,1.0
2011-04-22 08:18:45-04:00,1.0
2011-04-22 08:18:48-04:00,1.0
2011-04-22 08:18:51-04:00,1.0
2011-04-22 08:18:54-04:00,1.0
2011-04-22 08:18:57-04:00,1.0
2011-04-22 08:19:00-04:00,1.0
2011-04-22 08:19:03-04:00,1.0
2011-04-22 08:19:06-04:00,1.0
2011-04-22 08:19:09-04:00,1.0
2011-04-22 08:19:12-04:00,1.0
2011-04-22 08:19:15-04:00,1.0
2011-04-22 08:19:18-04:00,1.0
2011-04-22 08:19:21-04:00,1.0
2011-04-22 08:19:24-04:00,1.0
2011-04-22 08:19:27-04:00,1.0
2011-04-22 08:19:30-04:00,1.0
2011-04-22 08:19:33-04:00,1.0
2011-04-22 08:19:36-04:00,1.0
2011-04-22 08:19:39-04:00,1.0
2011-04-22 08:19:42-04:00,1.0
2011-04-22 08:19:45-04:00,1.0
2011-04-22 08:19:48-04:00,1.0
2011-04-22 08:19:51-04:00,1.0
2011-04-22 08:19:54-04:00,1.0
2011-04-22 08:19:57-04:00,1.0
2011-04-22 08:20:00-04:00,1.0
2011-04-22 08:20:03-04:00,1.0
2011-04-22 08:20:06-04:00,1.0
2011-04-22 08:20:09-04:00,1.0
2011-04-22 08:20:12-04:00,1.0
2011-04-22 08:20:15-04:00,1.0
2011-04-22 08:20:18-04:00,1.0
2011-04-22 08:20:21-04:00,1.0
2011-04-22 08:20:24-04:00,1.0
2011-04-22 08:20:27-04:00,1.0
2011-04-22 08:20:30-04:00,1.0
2011-04-22 08:20:33-04:00,1.0
2011-04-22 08:20:36-04:00,1.0
2011-04-22 08:20:39-04:00,1.0
2011-04-22 08:20:42-04:00,1.0
2011-04-22 08:20:45-04:00,1.0
2011-04-22 08:20:48-04:00,1.0
2011-04-22 08:20:51-04:00,1.0
2011-04-22 08:20:54-04:00,1.0
2011-04-22 08:20:57-04:00,1.0
2011-04-22 08:21:00-04:00,1.0
2011-04-22 08:21:03-04:00,1.0
2011-04-22 08:21:06-04:00,1.0
2011-04-22 08:21:09-04:00,1.0
2011-04-22 08:21:12-04:00,1.0
2011-04-22 08:21:15-04:00,1.0
2011-04-22 08:21:18-04:00,1.0
2011-04-22 08:21:21-04:00,1.0
2011-04-22 08:21:24-04:00,1.0
2011-04-22 08:21:27-04:00,1.0
2011-04-22 08:21:30-04:00,1.0
2011-04-22 08:21:33-04:00,1.0
2011-04-22 08:21:36-04:00,1.0
2011-04-22 08:21:39-04:00,1.0
2011-04-22 08:21:42-04:00,1.0
2011-04-22 08:21:45-04:00,1.0
2011-04-22 08:21:48-04:00,1.0
2011-04-22 08:21:51-04:00,1.0
2011-04-22 08:21:54-04:00,1.0
2011-04-22 08:21:57-04:00,1.0
2011-04-22 08:22:00-04:00,1.0
2011-04-22 08:22:03-04:00,1.0
2011-04-22 08:22:06-04:00,1.0
2011-04-22 08:22:09-04:00,1.0
2011-04-22 08:22:12-04:00,1.0
2011-04-22 08:22:15-04:00,1.0
2011-04-22 08:22:18-04:00,1.0
2011-04-22 08:22:21-04:00,1.0
2011-04-22 08:22:24-04:00,1.0
2011-04-22 08:22:27-04:00,1.0
2011-04-22 08:22:30-04:00,1.0
2011-04-22 08:22:33-04:00,1.0
2011-04-22 08:22:36-04:00,1.0
2011-04-22 08:22:39-04:00,1.0
2011-04-22 08:22:42-04:00,1.0
2011-04-22 08:22:45-04:00,1.0
2011-04-22 08:22:48-04:00,1.0
2011-04-22 08:22:51-04:00,1.0
2011-04-22 08:22:54-04:00,1.0
2011-04-22 08:22:57-04:00,1.0
2011-04-22 08:23:00-04:00,1.0
2011-04-22 08:23:03-04:00,1.0
2011-04-22 08:23:06-04:00,1.0
2011-04-22 08:23:09-04:00,1.0
2011-04-22 08:23:12-04:00,1.0
2011-04-22 08:23:15-04:00,1.0
2011-04-22 08:23:18-04:00,1.0
2011-04-22 08:23:21-04:00,1.0
2011-04-22 08:23:24-04:00,1.0
2011-04-22 08:23:27-04:00,1.0
2011-04-22 08:23:30-04:00,1.0
2011-04-22 08:23:33-04:00,1.0
2011-04-22 08:23:36-04:00,1.0
2011-04-22 08:23:39-04:00,1.0
2011-04-22 08:23:42-04:00,1.0
2011-04-22 08:23:45-04:00,1.0
2011-04-22 08:23:48-04:00,1.0
2011-04-22 08:23:51-04:00,1.0
2011-04-22 08:23:54-04:00,1.0
2011-04-22 08:23:57-04:00,1.0
2011-04-22 08:24:00-04:00,1.0
2011-04-22 08:24:03-04:00,1.0
2011-04-22 08:24:06-04:00,1.0
2011-04-22 08:24:09-04:00,1.0
2011-04-22 08:24:12-04:00,1.0
2011-04-22 08:24:15-04:00,1.0
2011-04-22 08:24:18-04:00,1.0
2011-04-22 08:24:21-04:00,1.0
2011-04-22 08:24:24-04:00,1.0
2011-04-22 08:24:27-04:00,1.0
2011-04-22 08:24:30-04:00,1.0
2011-04-22 08:24:33-04:00,1.0
2011-04-22 08:24:36-04:00,1.0
2011-04-22 08:24:39-04:00,1.0
2011-04-22 08:24:42-04:00,1.0
2011-04-22 08:24:45-04:00,1.0
2011-04-22 08:24:48-04:00,1.0
2011-04-22 08:24:51-04:00,1.0
2011-04-22 08:24:54-04:00,1.0
2011-04-22 08:24:57-04:00,1.0
2011-04-22 08:25:00-04:00,1.0
2011-04-22 08:25:03-04:00,1.0
2011-04-22 08:25:06-04:00,1.0
2011-04-22 08:25:09-04:00,1.0
2011-04-22 08:25:12-04:00,1.0
2011-04-22 08:25:15-04:00,1.0
2011-04-22 08:25:18-04:00,1.0
2011-04-22 08:25:21-04:00,1.0
2011-04-22 08:25:24-04:00,1.0
2011-04-22 08:25:27-04:00,1.0
2011-04-22 08:25:30-04:00,1.0
2011-04-22 08:25:33-04:00,1.0
2011-04-22 08:25:36-04:00,1.0
2011-04-22 08:25:39-04:00,1.0
2011-04-22 08:25:42-04:00,1.0
2011-04-22 08:25:45-04:00,1.0
2011-04-22 08:25:48-04:00,1.0
2011-04-22 08:25:51-04:00,1.0
2011-04-22 08:25:54-04:00,1.0
2011-04-22 08:25:57-04:00,1.0
2011-04-22 08:26:00-04:00,1.0
2011-04-22 08:26:03-04:00,1.0
2011-04-22 08:26:06-04:00,1.0
2011-04-22 08:26:09-04:00,1.0
2011-04-22 08:26:12-04:00,1.0
2011-04-22 08:26:15-04:00,1.0
2011-04-22 08:26:18-04:00,1.0
2011-04-22 08:26:21-04:00,1.0
2011-04-22 08:26:24-04:00,1.0
2011-04-22 08:26:27-04:00,1.0
2011-04-22 08:26:30-04:00,1.0
2011-04-22 08:26:33-04:00,1.0
2011-04-22 08:26:36-04:00,1.0
2011-04-22 08:26:39-04:00,1.0
2011-04-22 08:26:42-04:00,1.0
2011-04-22 08:26:45-04:00,1.0
2011-04-22 08:26:48-04:00,1.0
2011-04-22 08:26:51-04:00,1.0
2011-04-22 08:26:54-04:00,1.0
2011-04-22 08:26:57-04:00,1.0
2011-04-22 08:27:00-04:00,1.0
2011-04-22 08:27:03-04:00,1.0
2011-04-22 08:27:06-04:00,1.0
2011-04-22 08:27:09-04:00,1.0
2011-04-22 08:27:12-04:00,1.0
2011-04-22 08:27:15-04:00,1.0
2011-04-22 08:27:18-04:00,1.0
2011-04-22 08:27:21-04:00,1.0
2011-04-22 08:27:24-04:00,1.0
2011-04-22 08:27:27-04:00,1.0
2011-04-22 08:27:30-04:00,1.0
2011-04-22 08:27:33-04:00,1.0
2011-04-22 08:27:36-04:00,1.0
2011-04-22 08:27:39-04:00,1.0
2011-04-22 08:27:42-04:00,1.0
2011-04-22 08:27:45-04:00,1.0
2011-04-22 08:27:48-04:00,1.0
2011-04-22 08:27:51-04:00,1.0
2011-04-22 08:27:54-04:00,1.0
2011-04-22 08:27:57-04:00,1.0
2011-04-22 08:28:00-04:00,1.0
2011-04-22 08:28:03-04:00,1.0
2011-04-22 08:28:06-04:00,1.0
2011-04-22 08:28:09-04:00,1.0
2011-04-22 08:28:12-04:00,1.0
2011-04-22 08:28:15-04:00,1.0
2011-04-22 08:28:18-04:00,1.0
2011-04-22 08:28:21-04:00,1.0
2011-04-22 08:28:24-04:00,1.0
2011-04-22 08:28:27-04:00,1.0
2011-04-22 08:28:30-04:00,1.0
2011-04-22 08:28:33-04:00,1.0
2011-04-22 08:28:36-04:00,1.0
2011-04-22 08:28:39-04:00,1.0
2011-04-22 08:28:42-04:00,1.0
2011-04-22 08:28:45-04:00,1.0
2011-04-22 08:28:48-04:00,1.0
2011-04-22 08:28:51-04:00,1.0
2011-04-22 08:28:54-04:00,1.0
2011-04-22 08:28:57-04:00,1.0
2011-04-22 08:29:00-04:00,1.0
2011-04-22 08:29:03-04:00,1.0
2011-04-22 08:29:06-04:00,1.0
2011-04-22 08:29:09-04:00,1.0
2011-04-22 08:29:12-04:00,1.0
2011-04-22 08:29:15-04:00,1.0
2011-04-22 08:29:18-04:00,1.0
2011-04-22 08:29:21-04:00,1.0
2011-04-22 08:29:24-04:00,1.0
2011-04-22 08:29:27-04:00,1.0
2011-04-22 08:29:30-04:00,1.0
2011-04-22 08:29:33-04:00,1.0
2011-04-22 08:29:36-04:00,1.0
2011-04-22 08:29:39-04:00,1.0
2011-04-22 08:29:42-04:00,1.0
2011-04-22 08:29:45-04:00,1.0
2011-04-22 08:29:48-04:00,1.0
2011-04-22 08:29:51-04:00,1.0
2011-04-22 08:29:54-04:00,1.0
2011-04-22 08:29:57-04:00,1.0
2011-04-22 08:30:00-04:00,1.0
2011-04-22 08:30:03-04:00,1.0
2011-04-22 08:30:06-04:00,1.0
2011-04-22 08:30:09-04:00,1.0
2011-04-22 08:30:12-04:00,1.0
2011-04-22 08:30:15-04:00,1.0
2011-04-22 08:30:18-04:00,1.0
2011-04-22 08:30:21-04:00,1.0
2011-04-22 08:30:24-04:00,1.0
2011-04-22 08:30:27-04:00,1.0
2011-04-22 08:30:30-04:00,1.0
2011-04-22 08:30:33-04:00,1.0
2011-04-22 08:30:36-04:00,1.0
2011-04-22 08:30:39-04:00,1.0
2011-04-22 08:30:42-04:00,1.0
2011-04-22 08:30:45-04:00,1.0
2011-04-22 08:30:48-04:00,1.0
2011-04-22 08:30:51-04:00,1.0
2011-04-22 08:30:54-04:00,1.0
2011-04-22 08:30:57-04:00,1.0
2011-04-22 08:31:00-04:00,1.0
2011-04-22 08:31:03-04:00,1.0
2011-04-22 08:31:06-04:00,1.0
2011-04-22 08:31:09-04:00,1.0
2011-04-22 08:31:12-04:00,1.0
2011-04-22 08:31:15-04:00,1.0
2011-04-22 08:31:18-04:00,1.0
2011-04-22 08:31:21-04:00,1.0
2011-04-22 08:31:24-04:00,1.0
2011-04-22 08:31:27-04:00,1.0
2011-04-22 08:31:30-04:00,1.0
2011-04-22 08:31:33-04:00,1.0
2011-04-22 08:31:36-04:00,1.0
2011-04-22 08:31:39-04:00,1.0
2011-04-22 08:31:42-04:00,1.0
2011-04-22 08:31:45-04:00,1.0
2011-04-22 08:31:48-04:00,1.0
2011-04-22 08:31:51-04:00,1.0
2011-04-22 08:31:54-04:00,1.0
2011-04-22 08:31:57-04:00,1.0
2011-04-22 08:32:00-04:00,1.0
2011-04-22 08:32:03-04:00,1.0
2011-04-22 08:32:06-04:00,1.0
2011-04-22 08:32:09-04:00,1.0
2011-04-22 08:32:12-04:00,1.0
2011-04-22 08:32:15-04:00,1.0
2011-04-22 08:32:18-04:00,1.0
2011-04-22 08:32:21-04:00,1.0
2011-04-22 08:32:24-04:00,1.0
2011-04-22 08:32:27-04:00,1.0
2011-04-22 08:32:30-04:00,1.0
2011-04-22 08:32:33-04:00,1.0
2011-04-22 08:32:36-04:00,1.0
2011-04-22 08:32:39-04:00,1.0
2011-04-22 08:32:42-04:00,1.0
2011-04-22 08:32:45-04:00,1.0
2011-04-22 08:32:48-04:00,1.0
2011-04-22 08:32:51-04:00,1.0
2011-04-22 08:32:54-04:00,1.0
2011-04-22 08:32:57-04:00,1.0
2011-04-22 08:33:00-04:00,1.0
2011-04-22 08:33:03-04:00,1.0
2011-04-22 08:33:06-04:00,1.0
2011-04-22 08:33:09-04:00,1.0
2011-04-22 08:33:12-04:00,1.0
2011-04-22 08:33:15-04:00,1.0
2011-04-22 08:33:18-04:00,1.0
2011-04-22 08:33:21-04:00,1.0
2011-04-22 08:33:24-04:00,1.0
2011-04-22 08:33:27-04:00,1.0
2011-04-22 08:33:30-04:00,1.0
2011-04-22 08:33:33-04:00,1.0
2011-04-22 08:33:36-04:00,1.0
2011-04-22 08:33:39-04:00,1.0
2011-04-22 08:33:42-04:00,1.0
2011-04-22 08:33:45-04:00,1.0
2011-04-22 08:33:48-04:00,1.0
2011-04-22 08:33:51-04:00,1.0
2011-04-22 08:33:54-04:00,1.0
2011-04-22 08:33:57-04:00,1.0
2011-04-22 08:34:00-04:00,1.0
2011-04-22 08:34:03-04:00,1.0
2011-04-22 08:34:06-04:00,1.0
2011-04-22 08:34:09-04:00,1.0
2011-04-22 08:34:12-04:00,1.0
2011-04-22 08:34:15-04:00,1.0
2011-04-22 08:34:18-04:00,1.0
2011-04-22 08:34:21-04:00,1.0
2011-04-22 08:34:24-04:00,1.0
2011-04-22 08:34:27-04:00,1.0
2011-04-22 08:34:30-04:00,1.0
2011-04-22 08:34:33-04:00,1.0
2011-04-22 08:34:36-04:00,1.0
2011-04-22 08:34:39-04:00,1.0
2011-04-22 08:34:42-04:00,1.0
2011-04-22 08:34:45-04:00,1.0
2011-04-22 08:34:48-04:00,1.0
2011-04-22 08:34:51-04:00,1.0
2011-04-22 08:34:54-04:00,1.0
2011-04-22 08:34:57-04:00,1.0
2011-04-22 08:35:00-04:00,1.0
2011-04-22 08:35:03-04:00,1.0
2011-04-22 08:35:06-04:00,1.0
2011-04-22 08:35:09-04:00,1.0
2011-04-22 08:35:12-04:00,1.0
2011-04-22 08:35:15-04:00,1.0
2011-04-22 08:35:18-04:00,1.0
2011-04-22 08:35:21-04:00,1.0
2011-04-22 08:35:24-04:00,1.0
2011-04-22 08:35:27-04:00,1.0
2011-04-22 08:35:30-04:00,1.0
2011-04-22 08:35:33-04:00,1.0
2011-04-22 08:35:36-04:00,1.0
2011-04-22 08:35:39-04:00,1.0
2011-04-22 08:35:42-04:00,1.0
2011-04-22 08:35:45-04:00,1.0
2011-04-22 08:35:48-04:00,1.0
2011-04-22 08:35:51-04:00,1.0
2011-04-22 08:35:54-04:00,1.0
2011-04-22 08:35:57-04:00,1.0
2011-04-22 08:36:00-04:00,1.0
2011-04-22 08:36:03-04:00,1.0
2011-04-22 08:36:06-04:00,1.0
2011-04-22 08:36:09-04:00,1.0
2011-04-22 08:36:12-04:00,1.0
2011-04-22 08:36:15-04:00,1.0
2011-04-22 08:36:18-04:00,1.0
2011-04-22 08:36:21-04:00,1.0
2011-04-22 08:36:24-04:00,1.0
2011-04-22 08:36:27-04:00,1.0
2011-04-22 08:36:30-04:00,1.0
2011-04-22 08:36:33-04:00,1.0
2011-04-22 08:36:36-04:00,1.0
2011-04-22 08:36:39-04:00,1.0
2011-04-22 08:36:42-04:00,1.0
2011-04-22 08:36:45-04:00,1.0
2011-04-22 08:36:48-04:00,1.0
2011-04-22 08:36:51-04:00,1.0
2011-04-22 08:36:54-04:00,1.0
2011-04-22 08:36:57-04:00,1.0
2011-04-22 08:37:00-04:00,1.0
2011-04-22 08:37:03-04:00,1.0
2011-04-22 08:37:06-04:00,1.0
2011-04-22 08:37:09-04:00,1.0
2011-04-22 08:37:12-04:00,1.0
2011-04-22 08:37:15-04:00,1.0
2011-04-22 08:37:18-04:00,1.0
2011-04-22 08:37:21-04:00,1.0
2011-04-22 08:37:24-04:00,1.0
2011-04-22 08:37:27-04:00,1.0
2011-04-22 08:37:30-04:00,1.0
2011-04-22 08:37:33-04:00,1.0
2011-04-22 08:37:36-04:00,1.0
2011-04-22 08:37:39-04:00,1.0
2011-04-22 08:37:42-04:00,1.0
2011-04-22 08:37:45-04:00,1.0
2011-04-22 08:37:48-04:00,1.0
2011-04-22 08:37:51-04:00,1.0
2011-04-22 08:37:54-04:00,1.0
2011-04-22 08:37:57-04:00,1.0
2011-04-22 08:38:00-04:00,1.0
2011-04-22 08:38:03-04:00,1.0
2011-04-22 08:38:06-04:00,1.0
2011-04-22 08:38:09-04:00,1.0
2011-04-22 08:38:12-04:00,1.0
2011-04-22 08:38:15-04:00,1.0
2011-04-22 08:38:18-04:00,1.0
2011-04-22 08:38:21-04:00,1.0
2011-04-22 08:38:24-04:00,1.0
2011-04-22 08:38:27-04:00,1.0
2011-04-22 08:38:30-04:00,1.0
2011-04-22 08:38:33-04:00,1.0
2011-04-22 08:38:36-04:00,1.0
2011-04-22 08:38:39-04:00,1.0
2011-04-22 08:38:42-04:00,1.0
2011-04-22 08:38:45-04:00,1.0
2011-04-22 08:38:48-04:00,1.0
2011-04-22 08:38:51-04:00,1.0
2011-04-22 08:38:54-04:00,1.0
2011-04-22 08:38:57-04:00,1.0
2011-04-22 08:39:00-04:00,1.0
2011-04-22 08:39:03-04:00,1.0
2011-04-22 08:39:06-04:00,1.0
2011-04-22 08:39:09-04:00,1.0
2011-04-22 08:39:12-04:00,1.0
2011-04-22 08:39:15-04:00,1.0
2011-04-22 08:39:18-04:00,1.0
2011-04-22 08:39:21-04:00,1.0
2011-04-22 08:39:24-04:00,1.0
2011-04-22 08:39:27-04:00,1.0
2011-04-22 08:39:30-04:00,1.0
2011-04-22 08:39:33-04:00,1.0
2011-04-22 08:39:36-04:00,1.0
2011-04-22 08:39:39-04:00,1.0
2011-04-22 08:39:42-04:00,1.0
2011-04-22 08:39:45-04:00,1.0
2011-04-22 08:39:48-04:00,1.0
2011-04-22 08:39:51-04:00,0.75
2011-04-22 08:39:54-04:00,0.0
2011-04-22 08:39:57-04:00,1.0
2011-04-22 08:40:00-04:00,1.0
2011-04-22 08:40:03-04:00,1.0
2011-04-22 08:40:06-04:00,1.0
2011-04-22 08:40:09-04:00,1.0
2011-04-22 08:40:12-04:00,1.0
2011-04-22 08:40:15-04:00,1.0
2011-04-22 08:40:18-04:00,1.0
2011-04-22 08:40:21-04:00,1.0
2011-04-22 08:40:24-04:00,1.0
2011-04-22 08:40:27-04:00,1.0
2011-04-22 08:40:30-04:00,1.0
2011-04-22 08:40:33-04:00,1.0
2011-04-22 08:40:36-04:00,1.0
2011-04-22 08:40:39-04:00,1.0
2011-04-22 08:40:42-04:00,0.6666666666666667
2011-04-22 08:40:45-04:00,0.0
2011-04-22 08:40:48-04:00,0.0
2011-04-22 08:40:51-04:00,1.0
2011-04-22 08:40:54-04:00,1.0
2011-04-22 08:40:57-04:00,1.0
2011-04-22 08:41:00-04:00,1.0
2011-04-22 08:41:03-04:00,1.0
2011-04-22 08:41:06-04:00,1.0
2011-04-22 08:41:09-04:00,1.0
2011-04-22 08:41:12-04:00,1.0
2011-04-22 08:41:15-04:00,1.0
2011-04-22 08:41:18-04:00,1.0
2011-04-22 08:41:21-04:00,1.0
2011-04-22 08:41:24-04:00,1.0
2011-04-22 08:41:27-04:00,1.0
2011-04-22 08:41:30-04:00,1.0
2011-04-22 08:41:33-04:00,1.0
2011-04-22 08:41:36-04:00,1.0
2011-04-22 08:41:39-04:00,1.0
2011-04-22 08:41:42-04:00,1.0
2011-04-22 08:41:45-04:00,1.0
2011-04-22 08:41:48-04:00,1.0
2011-04-22 08:41:51-04:00,1.0
2011-04-22 08:41:54-04:00,1.0
2011-04-22 08:41:57-04:00,1.0
2011-04-22 08:42:00-04:00,1.0
2011-04-22 08:42:03-04:00,1.0
2011-04-22 08:42:06-04:00,1.0
2011-04-22 08:42:09-04:00,1.0
2011-04-22 08:42:12-04:00,1.0
2011-04-22 08:42:15-04:00,1.0
2011-04-22 08:42:18-04:00,1.0
2011-04-22 08:42:21-04:00,1.0
2011-04-22 08:42:24-04:00,1.0
2011-04-22 08:42:27-04:00,1.0
2011-04-22 08:42:30-04:00,1.0
2011-04-22 08:42:33-04:00,1.0
2011-04-22 08:42:36-04:00,1.0
2011-04-22 08:42:39-04:00,1.0
2011-04-22 08:42:42-04:00,1.0
2011-04-22 08:42:45-04:00,1.0
2011-04-22 08:42:48-04:00,1.0
2011-04-22 08:42:51-04:00,1.0
2011-04-22 08:42:54-04:00,1.0
2011-04-22 08:42:57-04:00,1.0
2011-04-22 08:43:00-04:00,1.0
2011-04-22 08:43:03-04:00,1.0
2011-04-22 08:43:06-04:00,1.0
2011-04-22 08:43:09-04:00,1.0
2011-04-22 08:43:12-04:00,1.0
2011-04-22 08:43:15-04:00,1.0
2011-04-22 08:43:18-04:00,1.0
2011-04-22 08:43:21-04:00,1.0
2011-04-22 08:43:24-04:00,1.0
2011-04-22 08:43:27-04:00,1.0
2011-04-22 08:43:30-04:00,1.0
2011-04-22 08:43:33-04:00,1.0
2011-04-22 08:43:36-04:00,1.0
2011-04-22 08:43:39-04:00,1.0
2011-04-22 08:43:42-04:00,1.0
2011-04-22 08:43:45-04:00,1.0
2011-04-22 08:43:48-04:00,1.0
2011-04-22 08:43:51-04:00,1.0
2011-04-22 08:43:54-04:00,1.0
2011-04-22 08:43:57-04:00,1.0
2011-04-22 08:44:00-04:00,1.0
2011-04-22 08:44:03-04:00,1.0
2011-04-22 08:44:06-04:00,1.0
2011-04-22 08:44:09-04:00,1.0
2011-04-22 08:44:12-04:00,1.0
2011-04-22 08:44:15-04:00,1.0
2011-04-22 08:44:18-04:00,1.0
2011-04-22 08:44:21-04:00,1.0
2011-04-22 08:44:24-04:00,1.0
2011-04-22 08:44:27-04:00,1.0
2011-04-22 08:44:30-04:00,1.0
2011-04-22 08:44:33-04:00,1.0
2011-04-22 08:44:36-04:00,1.0
2011-04-22 08:44:39-04:00,1.0
2011-04-22 08:44:42-04:00,1.0
2011-04-22 08:44:45-04:00,1.0
2011-04-22 08:44:48-04:00,1.0
2011-04-22 08:44:51-04:00,1.0
2011-04-22 08:44:54-04:00,1.0
2011-04-22 08:44:57-04:00,1.0
2011-04-22 08:45:00-04:00,1.0
2011-04-22 08:45:03-04:00,1.0
2011-04-22 08:45:06-04:00,1.0
2011-04-22 08:45:09-04:00,1.0
2011-04-22 08:45:12-04:00,1.0
2011-04-22 08:45:15-04:00,1.0
2011-04-22 08:45:18-04:00,1.0
2011-04-22 08:45:21-04:00,1.0
2011-04-22 08:45:24-04:00,1.0
2011-04-22 08:45:27-04:00,1.0
2011-04-22 08:45:30-04:00,1.0
2011-04-22 08:45:33-04:00,1.0
2011-04-22 08:45:36-04:00,1.0
2011-04-22 08:45:39-04:00,1.0
2011-04-22 08:45:42-04:00,1.0
2011-04-22 08:45:45-04:00,1.0
2011-04-22 08:45:48-04:00,1.0
2011-04-22 08:45:51-04:00,1.0
2011-04-22 08:45:54-04:00,1.0
2011-04-22 08:45:57-04:00,1.0
2011-04-22 08:46:00-04:00,1.0
2011-04-22 08:46:03-04:00,1.0
2011-04-22 08:46:06-04:00,1.0
2011-04-22 08:46:09-04:00,1.0
2011-04-22 08:46:12-04:00,1.0
2011-04-22 08:46:15-04:00,1.0
2011-04-22 08:46:18-04:00,1.0
2011-04-22 08:46:21-04:00,1.0
2011-04-22 08:46:24-04:00,1.0
2011-04-22 08:46:27-04:00,1.0
2011-04-22 08:46:30-04:00,1.0
2011-04-22 08:46:33-04:00,1.0
2011-04-22 08:46:36-04:00,1.0
2011-04-22 08:46:39-04:00,1.0
2011-04-22 08:46:42-04:00,1.0
2011-04-22 08:46:45-04:00,1.0
2011-04-22 08:46:48-04:00,1.0
2011-04-22 08:46:51-04:00,1.0
2011-04-22 08:46:54-04:00,1.0
2011-04-22 08:46:57-04:00,1.0
2011-04-22 08:47:00-04:00,1.0
2011-04-22 08:47:03-04:00,1.0
2011-04-22 08:47:06-04:00,1.0
2011-04-22 08:47:09-04:00,1.0
2011-04-22 08:47:12-04:00,1.0
2011-04-22 08:47:15-04:00,1.0
2011-04-22 08:47:18-04:00,1.0
2011-04-22 08:47:21-04:00,1.0
2011-04-22 08:47:24-04:00,1.0
2011-04-22 08:47:27-04:00,1.0
2011-04-22 08:47:30-04:00,1.0
2011-04-22 08:47:33-04:00,1.0
2011-04-22 08:47:36-04:00,1.0
2011-04-22 08:47:39-04:00,1.0
2011-04-22 08:47:42-04:00,1.0
2011-04-22 08:47:45-04:00,1.0
2011-04-22 08:47:48-04:00,1.0
2011-04-22 08:47:51-04:00,1.0
2011-04-22 08:47:54-04:00,1.0
2011-04-22 08:47:57-04:00,1.0
2011-04-22 08:48:00-04:00,1.0
2011-04-22 08:48:03-04:00,1.0
2011-04-22 08:48:06-04:00,1.0
2011-04-22 08:48:09-04:00,1.0
2011-04-22 08:48:12-04:00,1.0
2011-04-22 08:48:15-04:00,1.0
2011-04-22 08:48:18-04:00,1.0
2011-04-22 08:48:21-04:00,1.0
2011-04-22 08:48:24-04:00,1.0
2011-04-22 08:48:27-04:00,1.0
2011-04-22 08:48:30-04:00,1.0
2011-04-22 08:48:33-04:00,1.0
2011-04-22 08:48:36-04:00,1.0
2011-04-22 08:48:39-04:00,1.0
2011-04-22 08:48:42-04:00,1.0
2011-04-22 08:48:45-04:00,1.0
2011-04-22 08:48:48-04:00,1.0
2011-04-22 08:48:51-04:00,1.0
2011-04-22 08:48:54-04:00,1.0
2011-04-22 08:48:57-04:00,1.0
2011-04-22 08:49:00-04:00,1.0
2011-04-22 08:49:03-04:00,1.0
2011-04-22 08:49:06-04:00,1.0
2011-04-22 08:49:09-04:00,1.0
2011-04-22 08:49:12-04:00,1.0
2011-04-22 08:49:15-04:00,1.0
2011-04-22 08:49:18-04:00,1.0
2011-04-22 08:49:21-04:00,1.0
2011-04-22 08:49:24-04:00,1.0
2011-04-22 08:49:27-04:00,1.0
2011-04-22 08:49:30-04:00,1.0
2011-04-22 08:49:33-04:00,1.0
2011-04-22 08:49:36-04:00,1.0
2011-04-22 08:49:39-04:00,1.0
2011-04-22 08:49:42-04:00,1.0
2011-04-22 08:49:45-04:00,1.0
2011-04-22 08:49:48-04:00,1.0
2011-04-22 08:49:51-04:00,1.0
2011-04-22 08:49:54-04:00,1.0
2011-04-22 08:49:57-04:00,1.0
2011-04-22 08:50:00-04:00,1.0
2011-04-22 08:50:03-04:00,1.0
2011-04-22 08:50:06-04:00,1.0
2011-04-22 08:50:09-04:00,1.0
2011-04-22 08:50:12-04:00,1.0
2011-04-22 08:50:15-04:00,1.0
2011-04-22 08:50:18-04:00,1.0
2011-04-22 08:50:21-04:00,1.0
2011-04-22 08:50:24-04:00,1.0
2011-04-22 08:50:27-04:00,1.0
2011-04-22 08:50:30-04:00,1.0
2011-04-22 08:50:33-04:00,1.0
2011-04-22 08:50:36-04:00,1.0
2011-04-22 08:50:39-04:00,1.0
2011-04-22 08:50:42-04:00,1.0
2011-04-22 08:50:45-04:00,1.0
2011-04-22 08:50:48-04:00,1.0
2011-04-22 08:50:51-04:00,1.0
2011-04-22 08:50:54-04:00,1.0
2011-04-22 08:50:57-04:00,1.0
2011-04-22 08:51:00-04:00,1.0
2011-04-22 08:51:03-04:00,1.0
2011-04-22 08:51:06-04:00,1.0
2011-04-22 08:51:09-04:00,1.0
2011-04-22 08:51:12-04:00,1.0
2011-04-22 08:51:15-04:00,1.0
2011-04-22 08:51:18-04:00,1.0
2011-04-22 08:51:21-04:00,1.0
2011-04-22 08:51:24-04:00,1.0
2011-04-22 08:51:27-04:00,1.0
2011-04-22 08:51:30-04:00,1.0
2011-04-22 08:51:33-04:00,1.0
2011-04-22 08:51:36-04:00,1.0
2011-04-22 08:51:39-04:00,1.0
2011-04-22 08:51:42-04:00,1.0
2011-04-22 08:51:45-04:00,1.0
2011-04-22 08:51:48-04:00,1.0
2011-04-22 08:51:51-04:00,1.0
2011-04-22 08:51:54-04:00,1.0
2011-04-22 08:51:57-04:00,1.0
2011-04-22 08:52:00-04:00,1.0
2011-04-22 08:52:03-04:00,1.0
2011-04-22 08:52:06-04:00,1.0
2011-04-22 08:52:09-04:00,1.0
2011-04-22 08:52:12-04:00,1.0
2011-04-22 08:52:15-04:00,1.0
2011-04-22 08:52:18-04:00,1.0
2011-04-22 08:52:21-04:00,1.0
2011-04-22 08:52:24-04:00,1.0
2011-04-22 08:52:27-04:00,1.0
2011-04-22 08:52:30-04:00,1.0
2011-04-22 08:52:33-04:00,1.0
2011-04-22 08:52:36-04:00,1.0
2011-04-22 08:52:39-04:00,1.0
2011-04-22 08:52:42-04:00,1.0
2011-04-22 08:52:45-04:00,1.0
2011-04-22 08:52:48-04:00,1.0
2011-04-22 08:52:51-04:00,1.0
2011-04-22 08:52:54-04:00,1.0
2011-04-22 08:52:57-04:00,1.0
2011-04-22 08:53:00-04:00,1.0
2011-04-22 08:53:03-04:00,1.0
2011-04-22 08:53:06-04:00,1.0
2011-04-22 08:53:09-04:00,1.0
2011-04-22 08:53:12-04:00,1.0
2011-04-22 08:53:15-04:00,1.0
2011-04-22 08:53:18-04:00,1.0
2011-04-22 08:53:21-04:00,1.0
2011-04-22 08:53:24-04:00,1.0
2011-04-22 08:53:27-04:00,1.0
2011-04-22 08:53:30-04:00,1.0
2011-04-22 08:53:33-04:00,1.0
2011-04-22 08:53:36-04:00,1.0
2011-04-22 08:53:39-04:00,1.0
2011-04-22 08:53:42-04:00,1.0
2011-04-22 08:53:45-04:00,1.0
2011-04-22 08:53:48-04:00,1.0
2011-04-22 08:53:51-04:00,1.0
2011-04-22 08:53:54-04:00,1.0
2011-04-22 08:53:57-04:00,1.0
2011-04-22 08:54:00-04:00,1.0
2011-04-22 08:54:03-04:00,1.0
2011-04-22 08:54:06-04:00,1.0
2011-04-22 08:54:09-04:00,1.0
2011-04-22 08:54:12-04:00,1.0
2011-04-22 08:54:15-04:00,1.0
2011-04-22 08:54:18-04:00,1.0
2011-04-22 08:54:21-04:00,1.0
2011-04-22 08:54:24-04:00,1.0
2011-04-22 08:54:27-04:00,1.0
2011-04-22 08:54:30-04:00,1.0
2011-04-22 08:54:33-04:00,1.0
2011-04-22 08:54:36-04:00,1.0
2011-04-22 08:54:39-04:00,1.0
2011-04-22 08:54:42-04:00,1.0
2011-04-22 08:54:45-04:00,1.0
2011-04-22 08:54:48-04:00,1.0
2011-04-22 08:54:51-04:00,1.0
2011-04-22 08:54:54-04:00,1.0
2011-04-22 08:54:57-04:00,1.0
2011-04-22 08:55:00-04:00,1.0
2011-04-22 08:55:03-04:00,1.0
2011-04-22 08:55:06-04:00,1.0
2011-04-22 08:55:09-04:00,1.0
2011-04-22 08:55:12-04:00,1.0
2011-04-22 08:55:15-04:00,1.0
2011-04-22 08:55:18-04:00,1.0
2011-04-22 08:55:21-04:00,1.0
2011-04-22 08:55:24-04:00,1.0
2011-04-22 08:55:27-04:00,1.0
2011-04-22 08:55:30-04:00,1.0
2011-04-22 08:55:33-04:00,1.0
2011-04-22 08:55:36-04:00,1.0
2011-04-22 08:55:39-04:00,1.0
2011-04-22 08:55:42-04:00,1.0
2011-04-22 08:55:45-04:00,1.0
2011-04-22 08:55:48-04:00,1.0
2011-04-22 08:55:51-04:00,1.0
2011-04-22 08:55:54-04:00,1.0
2011-04-22 08:55:57-04:00,1.0
2011-04-22 08:56:00-04:00,1.0
2011-04-22 08:56:03-04:00,1.0
2011-04-22 08:56:06-04:00,1.0
2011-04-22 08:56:09-04:00,1.0
2011-04-22 08:56:12-04:00,1.0
2011-04-22 08:56:15-04:00,1.0
2011-04-22 08:56:18-04:00,1.0
2011-04-22 08:56:21-04:00,1.0
2011-04-22 08:56:24-04:00,1.0
2011-04-22 08:56:27-04:00,1.0
2011-04-22 08:56:30-04:00,1.0
2011-04-22 08:56:33-04:00,1.0
2011-04-22 08:56:36-04:00,1.0
2011-04-22 08:56:39-04:00,1.0
2011-04-22 08:56:42-04:00,1.0
2011-04-22 08:56:45-04:00,1.0
2011-04-22 08:56:48-04:00,1.0
2011-04-22 08:56:51-04:00,1.0
2011-04-22 08:56:54-04:00,1.0
2011-04-22 08:56:57-04:00,1.0
2011-04-22 08:57:00-04:00,1.0
2011-04-22 08:57:03-04:00,1.0
2011-04-22 08:57:06-04:00,1.0
2011-04-22 08:57:09-04:00,1.0
2011-04-22 08:57:12-04:00,1.0
2011-04-22 08:57:15-04:00,1.0
2011-04-22 08:57:18-04:00,1.0
2011-04-22 08:57:21-04:00,1.0
2011-04-22 08:57:24-04:00,1.0
2011-04-22 08:57:27-04:00,1.0
2011-04-22 08:57:30-04:00,1.0
2011-04-22 08:57:33-04:00,1.0
2011-04-22 08:57:36-04:00,1.0
2011-04-22 08:57:39-04:00,1.0
2011-04-22 08:57:42-04:00,1.0
2011-04-22 08:57:45-04:00,1.0
2011-04-22 08:57:48-04:00,1.0
2011-04-22 08:57:51-04:00,1.0
2011-04-22 08:57:54-04:00,1.0
2011-04-22 08:57:57-04:00,1.0
2011-04-22 08:58:00-04:00,1.0
2011-04-22 08:58:03-04:00,1.0
2011-04-22 08:58:06-04:00,1.0
2011-04-22 08:58:09-04:00,1.0
2011-04-22 08:58:12-04:00,1.0
2011-04-22 08:58:15-04:00,1.0
2011-04-22 08:58:18-04:00,1.0
2011-04-22 08:58:21-04:00,1.0
2011-04-22 08:58:24-04:00,1.0
2011-04-22 08:58:27-04:00,1.0
2011-04-22 08:58:30-04:00,1.0
2011-04-22 08:58:33-04:00,1.0
2011-04-22 08:58:36-04:00,1.0
2011-04-22 08:58:39-04:00,1.0
2011-04-22 08:58:42-04:00,1.0
2011-04-22 08:58:45-04:00,1.0
2011-04-22 08:58:48-04:00,1.0
2011-04-22 08:58:51-04:00,1.0
2011-04-22 08:58:54-04:00,1.0
2011-04-22 08:58:57-04:00,1.0
2011-04-22 08:59:00-04:00,1.0
2011-04-22 08:59:03-04:00,1.0
2011-04-22 08:59:06-04:00,1.0
2011-04-22 08:59:09-04:00,1.0
2011-04-22 08:59:12-04:00,1.0
2011-04-22 08:59:15-04:00,1.0
2011-04-22 08:59:18-04:00,1.0
2011-04-22 08:59:21-04:00,1.0
2011-04-22 08:59:24-04:00,1.0
2011-04-22 08:59:27-04:00,1.0
2011-04-22 08:59:30-04:00,1.0
2011-04-22 08:59:33-04:00,1.0
2011-04-22 08:59:36-04:00,1.0
2011-04-22 08:59:39-04:00,1.0
2011-04-22 08:59:42-04:00,1.0
2011-04-22 08:59:45-04:00,1.0
2011-04-22 08:59:48-04:00,1.0
2011-04-22 08:59:51-04:00,1.0
2011-04-22 08:59:54-04:00,1.0
2011-04-22 08:59:57-04:00,1.0
2011-04-22 09:00:00-04:00,1.0
2011-04-22 09:00:03-04:00,1.0
2011-04-22 09:00:06-04:00,1.0
2011-04-22 09:00:09-04:00,1.0
2011-04-22 09:00:12-04:00,1.0
2011-04-22 09:00:15-04:00,1.0
2011-04-22 09:00:18-04:00,1.0
2011-04-22 09:00:21-04:00,1.0
2011-04-22 09:00:24-04:00,1.0
2011-04-22 09:00:27-04:00,1.0
2011-04-22 09:00:30-04:00,1.0
2011-04-22 09:00:33-04:00,1.0
2011-04-22 09:00:36-04:00,1.0
2011-04-22 09:00:39-04:00,1.0
2011-04-22 09:00:42-04:00,1.0
2011-04-22 09:00:45-04:00,1.0
2011-04-22 09:00:48-04:00,1.0
2011-04-22 09:00:51-04:00,1.0
2011-04-22 09:00:54-04:00,1.0
2011-04-22 09:00:57-04:00,1.0
2011-04-22 09:01:00-04:00,1.0
2011-04-22 09:01:03-04:00,1.0
2011-04-22 09:01:06-04:00,1.0
2011-04-22 09:01:09-04:00,1.0
2011-04-22 09:01:12-04:00,1.0
2011-04-22 09:01:15-04:00,1.0
2011-04-22 09:01:18-04:00,1.0
2011-04-22 09:01:21-04:00,1.0
2011-04-22 09:01:24-04:00,1.0
2011-04-22 09:01:27-04:00,1.0
2011-04-22 09:01:30-04:00,1.0
2011-04-22 09:01:33-04:00,1.0
2011-04-22 09:01:36-04:00,1.0
2011-04-22 09:01:39-04:00,1.0
2011-04-22 09:01:42-04:00,1.0
2011-04-22 09:01:45-04:00,1.0
2011-04-22 09:01:48-04:00,1.0
2011-04-22 09:01:51-04:00,1.0
2011-04-22 09:01:54-04:00,1.0
2011-04-22 09:01:57-04:00,1.0
2011-04-22 09:02:00-04:00,1.0
2011-04-22 09:02:03-04:00,1.0
2011-04-22 09:02:06-04:00,1.0
2011-04-22 09:02:09-04:00,1.0
2011-04-22 09:02:12-04:00,1.0
2011-04-22 09:02:15-04:00,1.0
2011-04-22 09:02:18-04:00,1.0
2011-04-22 09:02:21-04:00,1.0
2011-04-22 09:02:24-04:00,1.0
2011-04-22 09:02:27-04:00,1.0
2011-04-22 09:02:30-04:00,1.0
2011-04-22 09:02:33-04:00,1.0
2011-04-22 09:02:36-04:00,1.0
2011-04-22 09:02:39-04:00,1.0
2011-04-22 09:02:42-04:00,1.0
2011-04-22 09:02:45-04:00,1.0
2011-04-22 09:02:48-04:00,1.0
2011-04-22 09:02:51-04:00,1.0
2011-04-22 09:02:54-04:00,1.0
2011-04-22 09:02:57-04:00,1.0
2011-04-22 09:03:00-04:00,1.0
2011-04-22 09:03:03-04:00,1.0
2011-04-22 09:03:06-04:00,1.0
2011-04-22 09:03:09-04:00,1.0
2011-04-22 09:03:12-04:00,1.0
2011-04-22 09:03:15-04:00,1.0
2011-04-22 09:03:18-04:00,1.0
2011-04-22 09:03:21-04:00,1.0
2011-04-22 09:03:24-04:00,1.0
2011-04-22 09:03:27-04:00,1.0
2011-04-22 09:03:30-04:00,1.0
2011-04-22 09:03:33-04:00,1.0
2011-04-22 09:03:36-04:00,1.0
2011-04-22 09:03:39-04:00,1.0
2011-04-22 09:03:42-04:00,1.0
2011-04-22 09:03:45-04:00,1.0
2011-04-22 09:03:48-04:00,1.0
2011-04-22 09:03:51-04:00,1.0
2011-04-22 09:03:54-04:00,1.0
2011-04-22 09:03:57-04:00,1.0
2011-04-22 09:04:00-04:00,1.0
2011-04-22 09:04:03-04:00,1.0
2011-04-22 09:04:06-04:00,1.0
2011-04-22 09:04:09-04:00,1.0
2011-04-22 09:04:12-04:00,1.0
2011-04-22 09:04:15-04:00,1.0
2011-04-22 09:04:18-04:00,1.0
2011-04-22 09:04:21-04:00,1.0
2011-04-22 09:04:24-04:00,1.0
2011-04-22 09:04:27-04:00,1.0
2011-04-22 09:04:30-04:00,1.0
2011-04-22 09:04:33-04:00,1.0
2011-04-22 09:04:36-04:00,1.0
2011-04-22 09:04:39-04:00,1.0
2011-04-22 09:04:42-04:00,1.0
2011-04-22 09:04:45-04:00,1.0
2011-04-22 09:04:48-04:00,1.0
2011-04-22 09:04:51-04:00,1.0
2011-04-22 09:04:54-04:00,1.0
2011-04-22 09:04:57-04:00,1.0
2011-04-22 09:05:00-04:00,1.0
2011-04-22 09:05:03-04:00,1.0
2011-04-22 09:05:06-04:00,1.0
2011-04-22 09:05:09-04:00,1.0
2011-04-22 09:05:12-04:00,1.0
2011-04-22 09:05:15-04:00,1.0
2011-04-22 09:05:18-04:00,1.0
2011-04-22 09:05:21-04:00,1.0
2011-04-22 09:05:24-04:00,1.0
2011-04-22 09:05:27-04:00,1.0
2011-04-22 09:05:30-04:00,1.0
2011-04-22 09:05:33-04:00,1.0
2011-04-22 09:05:36-04:00,1.0
2011-04-22 09:05:39-04:00,1.0
2011-04-22 09:05:42-04:00,1.0
2011-04-22 09:05:45-04:00,1.0
2011-04-22 09:05:48-04:00,1.0
2011-04-22 09:05:51-04:00,1.0
2011-04-22 09:05:54-04:00,1.0
2011-04-22 09:05:57-04:00,1.0
2011-04-22 09:06:00-04:00,1.0
2011-04-22 09:06:03-04:00,1.0
2011-04-22 09:06:06-04:00,1.0
2011-04-22 09:06:09-04:00,1.0
2011-04-22 09:06:12-04:00,1.0
2011-04-22 09:06:15-04:00,1.0
2011-04-22 09:06:18-04:00,1.0
2011-04-22 09:06:21-04:00,1.0
2011-04-22 09:06:24-04:00,1.0
2011-04-22 09:06:27-04:00,1.0
2011-04-22 09:06:30-04:00,1.0
2011-04-22 09:06:33-04:00,1.0
2011-04-22 09:06:36-04:00,1.0
2011-04-22 09:06:39-04:00,1.0
2011-04-22 09:06:42-04:00,1.0
2011-04-22 09:06:45-04:00,1.0
2011-04-22 09:06:48-04:00,1.0
2011-04-22 09:06:51-04:00,1.0
2011-04-22 09:06:54-04:00,1.0
2011-04-22 09:06:57-04:00,1.0
2011-04-22 09:07:00-04:00,1.0
2011-04-22 09:07:03-04:00,1.0
2011-04-22 09:07:06-04:00,1.0
2011-04-22 09:07:09-04:00,1.0
2011-04-22 09:07:12-04:00,1.0
2011-04-22 09:07:15-04:00,1.0
2011-04-22 09:07:18-04:00,0.25
2011-04-22 09:07:21-04:00,0.6666666666666666
2011-04-22 09:07:24-04:00,1.0
2011-04-22 09:07:27-04:00,1.0
2011-04-22 09:07:30-04:00,1.0
2011-04-22 09:07:33-04:00,1.0
2011-04-22 09:07:36-04:00,1.0
2011-04-22 09:07:39-04:00,1.0
2011-04-22 09:07:42-04:00,1.0
2011-04-22 09:07:45-04:00,1.0
2011-04-22 09:07:48-04:00,1.0
2011-04-22 09:07:51-04:00,1.0
2011-04-22 09:07:54-04:00,1.0
2011-04-22 09:07:57-04:00,1.0
2011-04-22 09:08:00-04:00,1.0
2011-04-22 09:08:03-04:00,1.0
2011-04-22 09:08:06-04:00,1.0
2011-04-22 09:08:09-04:00,1.0
2011-04-22 09:08:12-04:00,1.0
2011-04-22 09:08:15-04:00,1.0
2011-04-22 09:08:18-04:00,1.0
2011-04-22 09:08:21-04:00,1.0
2011-04-22 09:08:24-04:00,1.0
2011-04-22 09:08:27-04:00,1.0
2011-04-22 09:08:30-04:00,1.0
2011-04-22 09:08:33-04:00,1.0
2011-04-22 09:08:36-04:00,1.0
2011-04-22 09:08:39-04:00,1.0
2011-04-22 09:08:42-04:00,1.0
2011-04-22 09:08:45-04:00,1.0
2011-04-22 09:08:48-04:00,1.0
2011-04-22 09:08:51-04:00,1.0
2011-04-22 09:08:54-04:00,1.0
2011-04-22 09:08:57-04:00,1.0
2011-04-22 09:09:00-04:00,0.33333333333333337
2011-04-22 09:09:03-04:00,0.5
2011-04-22 09:09:06-04:00,1.0
2011-04-22 09:09:09-04:00,1.0
2011-04-22 09:09:12-04:00,1.0
2011-04-22 09:09:15-04:00,1.0
2011-04-22 09:09:18-04:00,1.0
2011-04-22 09:09:21-04:00,1.0
2011-04-22 09:09:24-04:00,1.0
2011-04-22 09:09:27-04:00,1.0
2011-04-22 09:09:30-04:00,1.0
2011-04-22 09:09:33-04:00,1.0
2011-04-22 09:09:36-04:00,1.0
2011-04-22 09:09:39-04:00,1.0
2011-04-22 09:09:42-04:00,1.0
2011-04-22 09:09:45-04:00,1.0
2011-04-22 09:09:48-04:00,1.0
2011-04-22 09:09:51-04:00,1.0
2011-04-22 09:09:54-04:00,1.0
2011-04-22 09:09:57-04:00,1.0
2011-04-22 09:10:00-04:00,1.0
2011-04-22 09:10:03-04:00,1.0
2011-04-22 09:10:06-04:00,1.0
2011-04-22 09:10:09-04:00,1.0
2011-04-22 09:10:12-04:00,1.0
2011-04-22 09:10:15-04:00,1.0
2011-04-22 09:10:18-04:00,1.0
2011-04-22 09:10:21-04:00,1.0
2011-04-22 09:10:24-04:00,1.0
2011-04-22 09:10:27-04:00,1.0
2011-04-22 09:10:30-04:00,1.0
2011-04-22 09:10:33-04:00,1.0
2011-04-22 09:10:36-04:00,1.0
2011-04-22 09:10:39-04:00,1.0
2011-04-22 09:10:42-04:00,1.0
2011-04-22 09:10:45-04:00,1.0
2011-04-22 09:10:48-04:00,1.0
2011-04-22 09:10:51-04:00,1.0
2011-04-22 09:10:54-04:00,1.0
2011-04-22 09:10:57-04:00,1.0
2011-04-22 09:11:00-04:00,1.0
2011-04-22 09:11:03-04:00,1.0
2011-04-22 09:11:06-04:00,1.0
2011-04-22 09:11:09-04:00,1.0
2011-04-22 09:11:12-04:00,1.0
2011-04-22 09:11:15-04:00,1.0
2011-04-22 09:11:18-04:00,1.0
2011-04-22 09:11:21-04:00,1.0
2011-04-22 09:11:24-04:00,1.0
2011-04-22 09:11:27-04:00,1.0
2011-04-22 09:11:30-04:00,1.0
2011-04-22 09:11:33-04:00,1.0
2011-04-22 09:11:36-04:00,1.0
2011-04-22 09:11:39-04:00,1.0
2011-04-22 09:11:42-04:00,1.0
2011-04-22 09:11:45-04:00,1.0
2011-04-22 09:11:48-04:00,1.0
2011-04-22 09:11:51-04:00,1.0
2011-04-22 09:11:54-04:00,1.0
2011-04-22 09:11:57-04:00,1.0
2011-04-22 09:12:00-04:00,1.0
2011-04-22 09:12:03-04:00,1.0
2011-04-22 09:12:06-04:00,1.0
2011-04-22 09:12:09-04:00,1.0
2011-04-22 09:12:12-04:00,1.0
2011-04-22 09:12:15-04:00,1.0
2011-04-22 09:12:18-04:00,1.0
2011-04-22 09:12:21-04:00,1.0
2011-04-22 09:12:24-04:00,1.0
2011-04-22 09:12:27-04:00,1.0
2011-04-22 09:12:30-04:00,1.0
2011-04-22 09:12:33-04:00,1.0
2011-04-22 09:12:36-04:00,1.0
2011-04-22 09:12:39-04:00,1.0
2011-04-22 09:12:42-04:00,1.0
2011-04-22 09:12:45-04:00,1.0
2011-04-22 09:12:48-04:00,1.0
2011-04-22 09:12:51-04:00,1.0
2011-04-22 09:12:54-04:00,1.0
2011-04-22 09:12:57-04:00,1.0
2011-04-22 09:13:00-04:00,1.0
2011-04-22 09:13:03-04:00,1.0
2011-04-22 09:13:06-04:00,1.0
2011-04-22 09:13:09-04:00,1.0
2011-04-22 09:13:12-04:00,1.0
2011-04-22 09:13:15-04:00,1.0
2011-04-22 09:13:18-04:00,1.0
2011-04-22 09:13:21-04:00,1.0
2011-04-22 09:13:24-04:00,1.0
2011-04-22 09:13:27-04:00,1.0
2011-04-22 09:13:30-04:00,1.0
2011-04-22 09:13:33-04:00,1.0
2011-04-22 09:13:36-04:00,1.0
2011-04-22 09:13:39-04:00,1.0
2011-04-22 09:13:42-04:00,1.0
2011-04-22 09:13:45-04:00,1.0
2011-04-22 09:13:48-04:00,1.0
2011-04-22 09:13:51-04:00,1.0
2011-04-22 09:13:54-04:00,1.0
2011-04-22 09:13:57-04:00,1.0
2011-04-22 09:14:00-04:00,1.0
2011-04-22 09:14:03-04:00,1.0
2011-04-22 09:14:06-04:00,1.0
2011-04-22 09:14:09-04:00,1.0
2011-04-22 09:14:12-04:00,1.0
2011-04-22 09:14:15-04:00,1.0
2011-04-22 09:14:18-04:00,1.0
2011-04-22 09:14:21-04:00,1.0
2011-04-22 09:14:24-04:00,1.0
2011-04-22 09:14:27-04:00,1.0
2011-04-22 09:14:30-04:00,1.0
2011-04-22 09:14:33-04:00,1.0
2011-04-22 09:14:36-04:00,1.0
2011-04-22 09:14:39-04:00,1.0
2011-04-22 09:14:42-04:00,1.0
2011-04-22 09:14:45-04:00,1.0
2011-04-22 09:14:48-04:00,1.0
2011-04-22 09:14:51-04:00,1.0
2011-04-22 09:14:54-04:00,1.0
2011-04-22 09:14:57-04:00,1.0
2011-04-22 09:15:00-04:00,1.0
2011-04-22 09:15:03-04:00,1.0
2011-04-22 09:15:06-04:00,1.0
2011-04-22 09:15:09-04:00,1.0
2011-04-22 09:15:12-04:00,1.0
2011-04-22 09:15:15-04:00,1.0
2011-04-22 09:15:18-04:00,1.0
2011-04-22 09:15:21-04:00,1.0
2011-04-22 09:15:24-04:00,1.0
2011-04-22 09:15:27-04:00,1.0
2011-04-22 09:15:30-04:00,1.0
2011-04-22 09:15:33-04:00,1.0
2011-04-22 09:15:36-04:00,1.0
2011-04-22 09:15:39-04:00,1.0
2011-04-22 09:15:42-04:00,1.0
2011-04-22 09:15:45-04:00,1.0
2011-04-22 09:15:48-04:00,1.0
2011-04-22 09:15:51-04:00,1.0
2011-04-22 09:15:54-04:00,1.0
2011-04-22 09:15:57-04:00,1.0
2011-04-22 09:16:00-04:00,1.0
2011-04-22 09:16:03-04:00,1.0
2011-04-22 09:16:06-04:00,1.0
2011-04-22 09:16:09-04:00,1.0
2011-04-22 09:16:12-04:00,1.0
2011-04-22 09:16:15-04:00,1.0
2011-04-22 09:16:18-04:00,1.0
2011-04-22 09:16:21-04:00,1.0
2011-04-22 09:16:24-04:00,1.0
2011-04-22 09:16:27-04:00,1.0
2011-04-22 09:16:30-04:00,1.0
2011-04-22 09:16:33-04:00,1.0
2011-04-22 09:16:36-04:00,1.0
2011-04-22 09:16:39-04:00,1.0
2011-04-22 09:16:42-04:00,1.0
2011-04-22 09:16:45-04:00,1.0
2011-04-22 09:16:48-04:00,1.0
2011-04-22 09:16:51-04:00,1.0
2011-04-22 09:16:54-04:00,1.0
2011-04-22 09:16:57-04:00,1.0
2011-04-22 09:17:00-04:00,1.0
2011-04-22 09:17:03-04:00,1.0
2011-04-22 09:17:06-04:00,1.0
2011-04-22 09:17:09-04:00,1.0
2011-04-22 09:17:12-04:00,1.0
2011-04-22 09:17:15-04:00,1.0
2011-04-22 09:17:18-04:00,1.0
2011-04-22 09:17:21-04:00,1.0
2011-04-22 09:17:24-04:00,1.0
2011-04-22 09:17:27-04:00,1.0
2011-04-22 09:17:30-04:00,1.0
2011-04-22 09:17:33-04:00,1.0
2011-04-22 09:17:36-04:00,1.0
2011-04-22 09:17:39-04:00,1.0
2011-04-22 09:17:42-04:00,1.0
2011-04-22 09:17:45-04:00,1.0
2011-04-22 09:17:48-04:00,1.0
2011-04-22 09:17:51-04:00,1.0
2011-04-22 09:17:54-04:00,1.0
2011-04-22 09:17:57-04:00,1.0
2011-04-22 09:18:00-04:00,1.0
2011-04-22 09:18:03-04:00,1.0
2011-04-22 09:18:06-04:00,1.0
2011-04-22 09:18:09-04:00,1.0
2011-04-22 09:18:12-04:00,1.0
2011-04-22 09:18:15-04:00,1.0
2011-04-22 09:18:18-04:00,1.0
2011-04-22 09:18:21-04:00,1.0
2011-04-22 09:18:24-04:00,1.0
2011-04-22 09:18:27-04:00,1.0
2011-04-22 09:18:30-04:00,1.0
2011-04-22 09:18:33-04:00,1.0
2011-04-22 09:18:36-04:00,1.0
2011-04-22 09:18:39-04:00,1.0
2011-04-22 09:18:42-04:00,1.0
2011-04-22 09:18:45-04:00,1.0
2011-04-22 09:18:48-04:00,1.0
2011-04-22 09:18:51-04:00,1.0
2011-04-22 09:18:54-04:00,1.0
2011-04-22 09:18:57-04:00,1.0
2011-04-22 09:19:00-04:00,1.0
2011-04-22 09:19:03-04:00,1.0
2011-04-22 09:19:06-04:00,1.0
2011-04-22 09:19:09-04:00,1.0
2011-04-22 09:19:12-04:00,1.0
2011-04-22 09:19:15-04:00,1.0
2011-04-22 09:19:18-04:00,1.0
2011-04-22 09:19:21-04:00,1.0
2011-04-22 09:19:24-04:00,1.0
2011-04-22 09:19:27-04:00,1.0
2011-04-22 09:19:30-04:00,1.0
2011-04-22 09:19:33-04:00,1.0
2011-04-22 09:19:36-04:00,1.0
2011-04-22 09:19:39-04:00,1.0
2011-04-22 09:19:42-04:00,1.0
2011-04-22 09:19:45-04:00,1.0
2011-04-22 09:19:48-04:00,1.0
2011-04-22 09:19:51-04:00,1.0
2011-04-22 09:19:54-04:00,1.0
2011-04-22 09:19:57-04:00,1.0
2011-04-22 09:20:00-04:00,1.0
2011-04-22 09:20:03-04:00,1.0
2011-04-22 09:20:06-04:00,1.0
2011-04-22 09:20:09-04:00,1.0
2011-04-22 09:20:12-04:00,1.0
2011-04-22 09:20:15-04:00,1.0
2011-04-22 09:20:18-04:00,1.0
2011-04-22 09:20:21-04:00,1.0
2011-04-22 09:20:24-04:00,1.0
2011-04-22 09:20:27-04:00,1.0
2011-04-22 09:20:30-04:00,1.0
2011-04-22 09:20:33-04:00,1.0
2011-04-22 09:20:36-04:00,1.0
2011-04-22 09:20:39-04:00,1.0
2011-04-22 09:20:42-04:00,1.0
2011-04-22 09:20:45-04:00,1.0
2011-04-22 09:20:48-04:00,1.0
2011-04-22 09:20:51-04:00,1.0
2011-04-22 09:20:54-04:00,1.0
2011-04-22 09:20:57-04:00,1.0
2011-04-22 09:21:00-04:00,1.0
2011-04-22 09:21:03-04:00,1.0
2011-04-22 09:21:06-04:00,1.0
2011-04-22 09:21:09-04:00,1.0
2011-04-22 09:21:12-04:00,1.0
2011-04-22 09:21:15-04:00,1.0
2011-04-22 09:21:18-04:00,1.0
2011-04-22 09:21:21-04:00,1.0
2011-04-22 09:21:24-04:00,1.0
2011-04-22 09:21:27-04:00,1.0
2011-04-22 09:21:30-04:00,1.0
2011-04-22 09:21:33-04:00,1.0
2011-04-22 09:21:36-04:00,1.0
2011-04-22 09:21:39-04:00,1.0
2011-04-22 09:21:42-04:00,1.0
2011-04-22 09:21:45-04:00,1.0
2011-04-22 09:21:48-04:00,1.0
2011-04-22 09:21:51-04:00,1.0
2011-04-22 09:21:54-04:00,1.0
2011-04-22 09:21:57-04:00,1.0
2011-04-22 09:22:00-04:00,1.0
2011-04-22 09:22:03-04:00,1.0
2011-04-22 09:22:06-04:00,1.0
2011-04-22 09:22:09-04:00,1.0
2011-04-22 09:22:12-04:00,1.0
2011-04-22 09:22:15-04:00,1.0
2011-04-22 09:22:18-04:00,1.0
2011-04-22 09:22:21-04:00,1.0
2011-04-22 09:22:24-04:00,1.0
2011-04-22 09:22:27-04:00,1.0
2011-04-22 09:22:30-04:00,1.0
2011-04-22 09:22:33-04:00,1.0
2011-04-22 09:22:36-04:00,1.0
2011-04-22 09:22:39-04:00,1.0
2011-04-22 09:22:42-04:00,1.0
2011-04-22 09:22:45-04:00,1.0
2011-04-22 09:22:48-04:00,1.0
2011-04-22 09:22:51-04:00,1.0
2011-04-22 09:22:54-04:00,1.0
2011-04-22 09:22:57-04:00,1.0
2011-04-22 09:23:00-04:00,1.0
2011-04-22 09:23:03-04:00,1.0
2011-04-22 09:23:06-04:00,1.0
2011-04-22 09:23:09-04:00,1.0
2011-04-22 09:23:12-04:00,1.0
2011-04-22 09:23:15-04:00,1.0
2011-04-22 09:23:18-04:00,1.0
2011-04-22 09:23:21-04:00,1.0
2011-04-22 09:23:24-04:00,1.0
2011-04-22 09:23:27-04:00,1.0
2011-04-22 09:23:30-04:00,1.0
2011-04-22 09:23:33-04:00,1.0
2011-04-22 09:23:36-04:00,1.0
2011-04-22 09:23:39-04:00,1.0
2011-04-22 09:23:42-04:00,1.0
2011-04-22 09:23:45-04:00,1.0
2011-04-22 09:23:48-04:00,1.0
2011-04-22 09:23:51-04:00,0.6666666666666667
2011-04-22 09:23:54-04:00,0.25
2011-04-22 09:23:57-04:00,1.0
2011-04-22 09:24:00-04:00,1.0
2011-04-22 09:24:03-04:00,1.0
2011-04-22 09:24:06-04:00,1.0
2011-04-22 09:24:09-04:00,1.0
2011-04-22 09:24:12-04:00,1.0
2011-04-22 09:24:15-04:00,1.0
2011-04-22 09:24:18-04:00,1.0
2011-04-22 09:24:21-04:00,1.0
2011-04-22 09:24:24-04:00,1.0
2011-04-22 09:24:27-04:00,1.0
2011-04-22 09:24:30-04:00,1.0
2011-04-22 09:24:33-04:00,1.0
2011-04-22 09:24:36-04:00,1.0
2011-04-22 09:24:39-04:00,1.0
2011-04-22 09:24:42-04:00,1.0
2011-04-22 09:24:45-04:00,1.0
2011-04-22 09:24:48-04:00,1.0
2011-04-22 09:24:51-04:00,1.0
2011-04-22 09:24:54-04:00,1.0
2011-04-22 09:24:57-04:00,1.0
2011-04-22 09:25:00-04:00,1.0
2011-04-22 09:25:03-04:00,1.0
2011-04-22 09:25:06-04:00,1.0
2011-04-22 09:25:09-04:00,1.0
2011-04-22 09:25:12-04:00,1.0
2011-04-22 09:25:15-04:00,1.0
2011-04-22 09:25:18-04:00,1.0
2011-04-22 09:25:21-04:00,1.0
2011-04-22 09:25:24-04:00,1.0
2011-04-22 09:25:27-04:00,1.0
2011-04-22 09:25:30-04:00,1.0
2011-04-22 09:25:33-04:00,1.0
2011-04-22 09:25:36-04:00,1.0
2011-04-22 09:25:39-04:00,1.0
2011-04-22 09:25:42-04:00,1.0
2011-04-22 09:25:45-04:00,1.0
2011-04-22 09:25:48-04:00,1.0
2011-04-22 09:25:51-04:00,1.0
2011-04-22 09:25:54-04:00,1.0
2011-04-22 09:25:57-04:00,1.0
2011-04-22 09:26:00-04:00,1.0
2011-04-22 09:26:03-04:00,1.0
2011-04-22 09:26:06-04:00,1.0
2011-04-22 09:26:09-04:00,1.0
2011-04-22 09:26:12-04:00,1.0
2011-04-22 09:26:15-04:00,1.0
2011-04-22 09:26:18-04:00,1.0
2011-04-22 09:26:21-04:00,1.0
2011-04-22 09:26:24-04:00,1.0
2011-04-22 09:26:27-04:00,1.0
2011-04-22 09:26:30-04:00,1.0
2011-04-22 09:26:33-04:00,1.0
2011-04-22 09:26:36-04:00,1.0
2011-04-22 09:26:39-04:00,1.0
2011-04-22 09:26:42-04:00,1.0
2011-04-22 09:26:45-04:00,1.0
2011-04-22 09:26:48-04:00,1.0
2011-04-22 09:26:51-04:00,1.0
2011-04-22 09:26:54-04:00,1.0
2011-04-22 09:26:57-04:00,1.0
2011-04-22 09:27:00-04:00,1.0
2011-04-22 09:27:03-04:00,1.0
2011-04-22 09:27:06-04:00,1.0
2011-04-22 09:27:09-04:00,1.0
2011-04-22 09:27:12-04:00,1.0
2011-04-22 09:27:15-04:00,1.0
2011-04-22 09:27:18-04:00,1.0
2011-04-22 09:27:21-04:00,1.0
2011-04-22 09:27:24-04:00,1.0
2011-04-22 09:27:27-04:00,1.0
2011-04-22 09:27:30-04:00,1.0
2011-04-22 09:27:33-04:00,1.0
2011-04-22 09:27:36-04:00,1.0
2011-04-22 09:27:39-04:00,1.0
2011-04-22 09:27:42-04:00,1.0
2011-04-22 09:27:45-04:00,1.0
2011-04-22 09:27:48-04:00,1.0
2011-04-22 09:27:51-04:00,1.0
2011-04-22 09:27:54-04:00,1.0
2011-04-22 09:27:57-04:00,1.0
2011-04-22 09:28:00-04:00,1.0
2011-04-22 09:28:03-04:00,1.0
2011-04-22 09:28:06-04:00,1.0
2011-04-22 09:28:09-04:00,1.0
2011-04-22 09:28:12-04:00,1.0
2011-04-22 09:28:15-04:00,1.0
2011-04-22 09:28:18-04:00,1.0
2011-04-22 09:28:21-04:00,1.0
2011-04-22 09:28:24-04:00,1.0
2011-04-22 09:28:27-04:00,1.0
2011-04-22 09:28:30-04:00,1.0
2011-04-22 09:28:33-04:00,1.0
2011-04-22 09:28:36-04:00,1.0
2011-04-22 09:28:39-04:00,1.0
2011-04-22 09:28:42-04:00,1.0
2011-04-22 09:28:45-04:00,1.0
2011-04-22 09:28:48-04:00,1.0
2011-04-22 09:28:51-04:00,1.0
2011-04-22 09:28:54-04:00,1.0
2011-04-22 09:28:57-04:00,1.0
2011-04-22 09:29:00-04:00,1.0
2011-04-22 09:29:03-04:00,1.0
2011-04-22 09:29:06-04:00,1.0
2011-04-22 09:29:09-04:00,1.0
2011-04-22 09:29:12-04:00,1.0
2011-04-22 09:29:15-04:00,1.0
2011-04-22 09:29:18-04:00,1.0
2011-04-22 09:29:21-04:00,1.0
2011-04-22 09:29:24-04:00,1.0
2011-04-22 09:29:27-04:00,1.0
2011-04-22 09:29:30-04:00,1.0
2011-04-22 09:29:33-04:00,1.0
2011-04-22 09:29:36-04:00,1.0
2011-04-22 09:29:39-04:00,1.0
2011-04-22 09:29:42-04:00,1.0
2011-04-22 09:29:45-04:00,1.0
2011-04-22 09:29:48-04:00,1.0
2011-04-22 09:29:51-04:00,1.0
2011-04-22 09:29:54-04:00,1.0
2011-04-22 09:29:57-04:00,1.0
2011-04-22 09:30:00-04:00,1.0
2011-04-22 09:30:03-04:00,1.0
2011-04-22 09:30:06-04:00,1.0
2011-04-22 09:30:09-04:00,1.0
2011-04-22 09:30:12-04:00,1.0
2011-04-22 09:30:15-04:00,1.0
2011-04-22 09:30:18-04:00,1.0
2011-04-22 09:30:21-04:00,1.0
2011-04-22 09:30:24-04:00,1.0
2011-04-22 09:30:27-04:00,1.0
2011-04-22 09:30:30-04:00,1.0
2011-04-22 09:30:33-04:00,1.0
2011-04-22 09:30:36-04:00,1.0
2011-04-22 09:30:39-04:00,1.0
2011-04-22 09:30:42-04:00,1.0
2011-04-22 09:30:45-04:00,1.0
2011-04-22 09:30:48-04:00,1.0
2011-04-22 09:30:51-04:00,1.0
2011-04-22 09:30:54-04:00,1.0
2011-04-22 09:30:57-04:00,1.0
2011-04-22 09:31:00-04:00,0.6666666666666667
2011-04-22 09:31:03-04:00,0.25
2011-04-22 09:31:06-04:00,1.0
2011-04-22 09:31:09-04:00,1.0
2011-04-22 09:31:12-04:00,1.0
2011-04-22 09:31:15-04:00,1.0
2011-04-22 09:31:18-04:00,1.0
2011-04-22 09:31:21-04:00,1.0
2011-04-22 09:31:24-04:00,1.0
2011-04-22 09:31:27-04:00,1.0
2011-04-22 09:31:30-04:00,1.0
2011-04-22 09:31:33-04:00,1.0
2011-04-22 09:31:36-04:00,1.0
2011-04-22 09:31:39-04:00,1.0
2011-04-22 09:31:42-04:00,1.0
2011-04-22 09:31:45-04:00,1.0
2011-04-22 09:31:48-04:00,1.0
2011-04-22 09:31:51-04:00,1.0
2011-04-22 09:31:54-04:00,1.0
2011-04-22 09:31:57-04:00,1.0
2011-04-22 09:32:00-04:00,1.0
2011-04-22 09:32:03-04:00,1.0
2011-04-22 09:32:06-04:00,1.0
2011-04-22 09:32:09-04:00,1.0
2011-04-22 09:32:12-04:00,1.0
2011-04-22 09:32:15-04:00,1.0
2011-04-22 09:32:18-04:00,1.0
2011-04-22 09:32:21-04:00,1.0
2011-04-22 09:32:24-04:00,1.0
2011-04-22 09:32:27-04:00,1.0
2011-04-22 09:32:30-04:00,1.0
2011-04-22 09:32:33-04:00,1.0
2011-04-22 09:32:36-04:00,1.0
2011-04-22 09:32:39-04:00,1.0
2011-04-22 09:32:42-04:00,1.0
2011-04-22 09:32:45-04:00,1.0
2011-04-22 09:32:48-04:00,1.0
2011-04-22 09:32:51-04:00,1.0
2011-04-22 09:32:54-04:00,1.0
2011-04-22 09:32:57-04:00,1.0
2011-04-22 09:33:00-04:00,1.0
2011-04-22 09:33:03-04:00,1.0
2011-04-22 09:33:06-04:00,1.0
2011-04-22 09:33:09-04:00,1.0
2011-04-22 09:33:12-04:00,1.0
2011-04-22 09:33:15-04:00,1.0
2011-04-22 09:33:18-04:00,1.0
2011-04-22 09:33:21-04:00,1.0
2011-04-22 09:33:24-04:00,1.0
2011-04-22 09:33:27-04:00,1.0
2011-04-22 09:33:30-04:00,1.0
2011-04-22 09:33:33-04:00,1.0
2011-04-22 09:33:36-04:00,1.0
2011-04-22 09:33:39-04:00,1.0
2011-04-22 09:33:42-04:00,1.0
2011-04-22 09:33:45-04:00,1.0
2011-04-22 09:33:48-04:00,1.0
2011-04-22 09:33:51-04:00,1.0
2011-04-22 09:33:54-04:00,1.0
2011-04-22 09:33:57-04:00,1.0
2011-04-22 09:34:00-04:00,1.0
2011-04-22 09:34:03-04:00,0.0
2011-04-22 09:34:06-04:00,0.75
2011-04-22 09:34:09-04:00,1.0
2011-04-22 09:34:12-04:00,1.0
2011-04-22 09:34:15-04:00,1.0
2011-04-22 09:34:18-04:00,1.0
2011-04-22 09:34:21-04:00,1.0
2011-04-22 09:34:24-04:00,1.0
2011-04-22 09:34:27-04:00,1.0
2011-04-22 09:34:30-04:00,1.0
2011-04-22 09:34:33-04:00,1.0
2011-04-22 09:34:36-04:00,1.0
2011-04-22 09:34:39-04:00,1.0
2011-04-22 09:34:42-04:00,1.0
2011-04-22 09:34:45-04:00,1.0
2011-04-22 09:34:48-04:00,1.0
2011-04-22 09:34:51-04:00,1.0
2011-04-22 09:34:54-04:00,1.0
2011-04-22 09:34:57-04:00,1.0
2011-04-22 09:35:00-04:00,1.0
2011-04-22 09:35:03-04:00,1.0
2011-04-22 09:35:06-04:00,1.0
2011-04-22 09:35:09-04:00,1.0
2011-04-22 09:35:12-04:00,1.0
2011-04-22 09:35:15-04:00,1.0
2011-04-22 09:35:18-04:00,1.0
2011-04-22 09:35:21-04:00,1.0
2011-04-22 09:35:24-04:00,1.0
2011-04-22 09:35:27-04:00,1.0
2011-04-22 09:35:30-04:00,1.0
2011-04-22 09:35:33-04:00,1.0
2011-04-22 09:35:36-04:00,1.0
2011-04-22 09:35:39-04:00,1.0
2011-04-22 09:35:42-04:00,1.0
2011-04-22 09:35:45-04:00,1.0
2011-04-22 09:35:48-04:00,1.0
2011-04-22 09:35:51-04:00,1.0
2011-04-22 09:35:54-04:00,1.0
2011-04-22 09:35:57-04:00,1.0
2011-04-22 09:36:00-04:00,1.0
2011-04-22 09:36:03-04:00,1.0
2011-04-22 09:36:06-04:00,1.0
2011-04-22 09:36:09-04:00,1.0
2011-04-22 09:36:12-04:00,1.0
2011-04-22 09:36:15-04:00,1.0
2011-04-22 09:36:18-04:00,1.0
2011-04-22 09:36:21-04:00,1.0
2011-04-22 09:36:24-04:00,1.0
2011-04-22 09:36:27-04:00,1.0
2011-04-22 09:36:30-04:00,1.0
2011-04-22 09:36:33-04:00,1.0
2011-04-22 09:36:36-04:00,1.0
2011-04-22 09:36:39-04:00,1.0
2011-04-22 09:36:42-04:00,1.0
2011-04-22 09:36:45-04:00,1.0
2011-04-22 09:36:48-04:00,1.0
2011-04-22 09:36:51-04:00,1.0
2011-04-22 09:36:54-04:00,1.0
2011-04-22 09:36:57-04:00,1.0
2011-04-22 09:37:00-04:00,1.0
2011-04-22 09:37:03-04:00,1.0
2011-04-22 09:37:06-04:00,1.0
2011-04-22 09:37:09-04:00,1.0
2011-04-22 09:37:12-04:00,1.0
2011-04-22 09:37:15-04:00,1.0
2011-04-22 09:37:18-04:00,1.0
2011-04-22 09:37:21-04:00,1.0
2011-04-22 09:37:24-04:00,1.0
2011-04-22 09:37:27-04:00,1.0
2011-04-22 09:37:30-04:00,1.0
2011-04-22 09:37:33-04:00,1.0
2011-04-22 09:37:36-04:00,1.0
2011-04-22 09:37:39-04:00,1.0
2011-04-22 09:37:42-04:00,1.0
2011-04-22 09:37:45-04:00,1.0
2011-04-22 09:37:48-04:00,1.0
2011-04-22 09:37:51-04:00,1.0
2011-04-22 09:37:54-04:00,1.0
2011-04-22 09:37:57-04:00,1.0
2011-04-22 09:38:00-04:00,1.0
2011-04-22 09:38:03-04:00,1.0
2011-04-22 09:38:06-04:00,1.0
2011-04-22 09:38:09-04:00,1.0
2011-04-22 09:38:12-04:00,1.0
2011-04-22 09:38:15-04:00,1.0
2011-04-22 09:38:18-04:00,1.0
2011-04-22 09:38:21-04:00,1.0
2011-04-22 09:38:24-04:00,1.0
2011-04-22 09:38:27-04:00,1.0
2011-04-22 09:38:30-04:00,1.0
2011-04-22 09:38:33-04:00,1.0
2011-04-22 09:38:36-04:00,1.0
2011-04-22 09:38:39-04:00,1.0
2011-04-22 09:38:42-04:00,1.0
2011-04-22 09:38:45-04:00,1.0
2011-04-22 09:38:48-04:00,1.0
2011-04-22 09:38:51-04:00,1.0
2011-04-22 09:38:54-04:00,1.0
2011-04-22 09:38:57-04:00,1.0
2011-04-22 09:39:00-04:00,1.0
2011-04-22 09:39:03-04:00,1.0
2011-04-22 09:39:06-04:00,1.0
2011-04-22 09:39:09-04:00,1.0
2011-04-22 09:39:12-04:00,1.0
2011-04-22 09:39:15-04:00,1.0
2011-04-22 09:39:18-04:00,1.0
2011-04-22 09:39:21-04:00,1.0
2011-04-22 09:39:24-04:00,1.0
2011-04-22 09:39:27-04:00,1.0
2011-04-22 09:39:30-04:00,1.0
2011-04-22 09:39:33-04:00,1.0
2011-04-22 09:39:36-04:00,1.0
2011-04-22 09:39:39-04:00,1.0
2011-04-22 09:39:42-04:00,1.0
2011-04-22 09:39:45-04:00,1.0
2011-04-22 09:39:48-04:00,1.0
2011-04-22 09:39:51-04:00,1.0
2011-04-22 09:39:54-04:00,1.0
2011-04-22 09:39:57-04:00,1.0
2011-04-22 09:40:00-04:00,1.0
2011-04-22 09:40:03-04:00,1.0
2011-04-22 09:40:06-04:00,1.0
2011-04-22 09:40:09-04:00,1.0
2011-04-22 09:40:12-04:00,1.0
2011-04-22 09:40:15-04:00,1.0
2011-04-22 09:40:18-04:00,1.0
2011-04-22 09:40:21-04:00,1.0
2011-04-22 09:40:24-04:00,1.0
2011-04-22 09:40:27-04:00,1.0
2011-04-22 09:40:30-04:00,1.0
2011-04-22 09:40:33-04:00,1.0
2011-04-22 09:40:36-04:00,1.0
2011-04-22 09:40:39-04:00,1.0
2011-04-22 09:40:42-04:00,1.0
2011-04-22 09:40:45-04:00,1.0
2011-04-22 09:40:48-04:00,1.0
2011-04-22 09:40:51-04:00,1.0
2011-04-22 09:40:54-04:00,1.0
2011-04-22 09:40:57-04:00,1.0
2011-04-22 09:41:00-04:00,1.0
2011-04-22 09:41:03-04:00,1.0
2011-04-22 09:41:06-04:00,1.0
2011-04-22 09:41:09-04:00,1.0
2011-04-22 09:41:12-04:00,1.0
2011-04-22 09:41:15-04:00,1.0
2011-04-22 09:41:18-04:00,1.0
2011-04-22 09:41:21-04:00,1.0
2011-04-22 09:41:24-04:00,1.0
2011-04-22 09:41:27-04:00,1.0
2011-04-22 09:41:30-04:00,1.0
2011-04-22 09:41:33-04:00,1.0
2011-04-22 09:41:36-04:00,1.0
2011-04-22 09:41:39-04:00,1.0
2011-04-22 09:41:42-04:00,1.0
2011-04-22 09:41:45-04:00,1.0
2011-04-22 09:41:48-04:00,1.0
2011-04-22 09:41:51-04:00,1.0
2011-04-22 09:41:54-04:00,1.0
2011-04-22 09:41:57-04:00,1.0
2011-04-22 09:42:00-04:00,1.0
2011-04-22 09:42:03-04:00,1.0
2011-04-22 09:42:06-04:00,1.0
2011-04-22 09:42:09-04:00,1.0
2011-04-22 09:42:12-04:00,1.0
2011-04-22 09:42:15-04:00,1.0
2011-04-22 09:42:18-04:00,1.0
2011-04-22 09:42:21-04:00,1.0
2011-04-22 09:42:24-04:00,1.0
2011-04-22 09:42:27-04:00,1.0
2011-04-22 09:42:30-04:00,1.0
2011-04-22 09:42:33-04:00,1.0
2011-04-22 09:42:36-04:00,1.0
2011-04-22 09:42:39-04:00,1.0
2011-04-22 09:42:42-04:00,1.0
2011-04-22 09:42:45-04:00,1.0
2011-04-22 09:42:48-04:00,1.0
2011-04-22 09:42:51-04:00,1.0
2011-04-22 09:42:54-04:00,1.0
2011-04-22 09:42:57-04:00,1.0
2011-04-22 09:43:00-04:00,1.0
2011-04-22 09:43:03-04:00,1.0
2011-04-22 09:43:06-04:00,1.0
2011-04-22 09:43:09-04:00,1.0
2011-04-22 09:43:12-04:00,1.0
2011-04-22 09:43:15-04:00,1.0
2011-04-22 09:43:18-04:00,1.0
2011-04-22 09:43:21-04:00,1.0
2011-04-22 09:43:24-04:00,1.0
2011-04-22 09:43:27-04:00,1.0
2011-04-22 09:43:30-04:00,1.0
2011-04-22 09:43:33-04:00,1.0
2011-04-22 09:43:36-04:00,1.0
2011-04-22 09:43:39-04:00,1.0
2011-04-22 09:43:42-04:00,1.0
2011-04-22 09:43:45-04:00,1.0
2011-04-22 09:43:48-04:00,1.0
2011-04-22 09:43:51-04:00,1.0
2011-04-22 09:43:54-04:00,1.0
2011-04-22 09:43:57-04:00,1.0
2011-04-22 09:44:00-04:00,1.0
2011-04-22 09:44:03-04:00,1.0
2011-04-22 09:44:06-04:00,1.0
2011-04-22 09:44:09-04:00,1.0
2011-04-22 09:44:12-04:00,1.0
2011-04-22 09:44:15-04:00,1.0
2011-04-22 09:44:18-04:00,1.0
2011-04-22 09:44:21-04:00,1.0
2011-04-22 09:44:24-04:00,1.0
2011-04-22 09:44:27-04:00,1.0
2011-04-22 09:44:30-04:00,1.0
2011-04-22 09:44:33-04:00,1.0
2011-04-22 09:44:36-04:00,1.0
2011-04-22 09:44:39-04:00,1.0
2011-04-22 09:44:42-04:00,1.0
2011-04-22 09:44:45-04:00,1.0
2011-04-22 09:44:48-04:00,1.0
2011-04-22 09:44:51-04:00,1.0
2011-04-22 09:44:54-04:00,1.0
2011-04-22 09:44:57-04:00,1.0
2011-04-22 09:45:00-04:00,1.0
2011-04-22 09:45:03-04:00,1.0
2011-04-22 09:45:06-04:00,1.0
2011-04-22 09:45:09-04:00,1.0
2011-04-22 09:45:12-04:00,1.0
2011-04-22 09:45:15-04:00,1.0
2011-04-22 09:45:18-04:00,1.0
2011-04-22 09:45:21-04:00,1.0
2011-04-22 09:45:24-04:00,1.0
2011-04-22 09:45:27-04:00,1.0
2011-04-22 09:45:30-04:00,1.0
2011-04-22 09:45:33-04:00,1.0
2011-04-22 09:45:36-04:00,1.0
2011-04-22 09:45:39-04:00,1.0
2011-04-22 09:45:42-04:00,1.0
2011-04-22 09:45:45-04:00,1.0
2011-04-22 09:45:48-04:00,1.0
2011-04-22 09:45:51-04:00,1.0
2011-04-22 09:45:54-04:00,1.0
2011-04-22 09:45:57-04:00,1.0
2011-04-22 09:46:00-04:00,1.0
2011-04-22 09:46:03-04:00,1.0
2011-04-22 09:46:06-04:00,1.0
2011-04-22 09:46:09-04:00,1.0
2011-04-22 09:46:12-04:00,1.0
2011-04-22 09:46:15-04:00,1.0
2011-04-22 09:46:18-04:00,1.0
2011-04-22 09:46:21-04:00,1.0
2011-04-22 09:46:24-04:00,1.0
2011-04-22 09:46:27-04:00,1.0
2011-04-22 09:46:30-04:00,1.0
2011-04-22 09:46:33-04:00,1.0
2011-04-22 09:46:36-04:00,1.0
2011-04-22 09:46:39-04:00,1.0
2011-04-22 09:46:42-04:00,1.0
2011-04-22 09:46:45-04:00,1.0
2011-04-22 09:46:48-04:00,1.0
2011-04-22 09:46:51-04:00,1.0
2011-04-22 09:46:54-04:00,1.0
2011-04-22 09:46:57-04:00,1.0
2011-04-22 09:47:00-04:00,1.0
2011-04-22 09:47:03-04:00,1.0
2011-04-22 09:47:06-04:00,1.0
2011-04-22 09:47:09-04:00,1.0
2011-04-22 09:47:12-04:00,1.0
2011-04-22 09:47:15-04:00,1.0
2011-04-22 09:47:18-04:00,1.0
2011-04-22 09:47:21-04:00,1.0
2011-04-22 09:47:24-04:00,1.0
2011-04-22 09:47:27-04:00,1.0
2011-04-22 09:47:30-04:00,1.0
2011-04-22 09:47:33-04:00,1.0
2011-04-22 09:47:36-04:00,1.0
2011-04-22 09:47:39-04:00,1.0
2011-04-22 09:47:42-04:00,1.0
2011-04-22 09:47:45-04:00,1.0
2011-04-22 09:47:48-04:00,1.0
2011-04-22 09:47:51-04:00,1.0
2011-04-22 09:47:54-04:00,1.0
2011-04-22 09:47:57-04:00,1.0
2011-04-22 09:48:00-04:00,1.0
2011-04-22 09:48:03-04:00,1.0
2011-04-22 09:48:06-04:00,1.0
2011-04-22 09:48:09-04:00,1.0
2011-04-22 09:48:12-04:00,1.0
2011-04-22 09:48:15-04:00,1.0
2011-04-22 09:48:18-04:00,1.0
2011-04-22 09:48:21-04:00,1.0
2011-04-22 09:48:24-04:00,1.0
2011-04-22 09:48:27-04:00,1.0
2011-04-22 09:48:30-04:00,1.0
2011-04-22 09:48:33-04:00,1.0
2011-04-22 09:48:36-04:00,1.0
2011-04-22 09:48:39-04:00,1.0
2011-04-22 09:48:42-04:00,1.0
2011-04-22 09:48:45-04:00,1.0
2011-04-22 09:48:48-04:00,1.0
2011-04-22 09:48:51-04:00,1.0
2011-04-22 09:48:54-04:00,1.0
2011-04-22 09:48:57-04:00,1.0
2011-04-22 09:49:00-04:00,1.0
2011-04-22 09:49:03-04:00,1.0
2011-04-22 09:49:06-04:00,1.0
2011-04-22 09:49:09-04:00,1.0
2011-04-22 09:49:12-04:00,1.0
2011-04-22 09:49:15-04:00,1.0
2011-04-22 09:49:18-04:00,1.0
2011-04-22 09:49:21-04:00,1.0
2011-04-22 09:49:24-04:00,1.0
2011-04-22 09:49:27-04:00,1.0
2011-04-22 09:49:30-04:00,1.0
2011-04-22 09:49:33-04:00,1.0
2011-04-22 09:49:36-04:00,1.0
2011-04-22 09:49:39-04:00,1.0
2011-04-22 09:49:42-04:00,1.0
2011-04-22 09:49:45-04:00,1.0
2011-04-22 09:49:48-04:00,1.0
2011-04-22 09:49:51-04:00,1.0
2011-04-22 09:49:54-04:00,1.0
2011-04-22 09:49:57-04:00,1.0
2011-04-22 09:50:00-04:00,1.0
2011-04-22 09:50:03-04:00,1.0
2011-04-22 09:50:06-04:00,1.0
2011-04-22 09:50:09-04:00,1.0
2011-04-22 09:50:12-04:00,1.0
2011-04-22 09:50:15-04:00,1.0
2011-04-22 09:50:18-04:00,1.0
2011-04-22 09:50:21-04:00,1.0
2011-04-22 09:50:24-04:00,1.0
2011-04-22 09:50:27-04:00,1.0
2011-04-22 09:50:30-04:00,1.0
2011-04-22 09:50:33-04:00,1.0
2011-04-22 09:50:36-04:00,1.0
2011-04-22 09:50:39-04:00,1.0
2011-04-22 09:50:42-04:00,1.0
2011-04-22 09:50:45-04:00,1.0
2011-04-22 09:50:48-04:00,1.0
2011-04-22 09:50:51-04:00,1.0
2011-04-22 09:50:54-04:00,1.0
2011-04-22 09:50:57-04:00,1.0
2011-04-22 09:51:00-04:00,1.0
2011-04-22 09:51:03-04:00,1.0
2011-04-22 09:51:06-04:00,1.0
2011-04-22 09:51:09-04:00,1.0
2011-04-22 09:51:12-04:00,1.0
2011-04-22 09:51:15-04:00,1.0
2011-04-22 09:51:18-04:00,1.0
2011-04-22 09:51:21-04:00,1.0
2011-04-22 09:51:24-04:00,1.0
2011-04-22 09:51:27-04:00,1.0
2011-04-22 09:51:30-04:00,1.0
2011-04-22 09:51:33-04:00,1.0
2011-04-22 09:51:36-04:00,1.0
2011-04-22 09:51:39-04:00,1.0
2011-04-22 09:51:42-04:00,1.0
2011-04-22 09:51:45-04:00,1.0
2011-04-22 09:51:48-04:00,1.0
2011-04-22 09:51:51-04:00,1.0
2011-04-22 09:51:54-04:00,1.0
2011-04-22 09:51:57-04:00,1.0
2011-04-22 09:52:00-04:00,1.0
2011-04-22 09:52:03-04:00,1.0
2011-04-22 09:52:06-04:00,1.0
2011-04-22 09:52:09-04:00,1.0
2011-04-22 09:52:12-04:00,1.0
2011-04-22 09:52:15-04:00,1.0
2011-04-22 09:52:18-04:00,1.0
2011-04-22 09:52:21-04:00,1.0
2011-04-22 09:52:24-04:00,1.0
2011-04-22 09:52:27-04:00,1.0
2011-04-22 09:52:30-04:00,1.0
2011-04-22 09:52:33-04:00,1.0
2011-04-22 09:52:36-04:00,1.0
2011-04-22 09:52:39-04:00,1.0
2011-04-22 09:52:42-04:00,1.0
2011-04-22 09:52:45-04:00,1.0
2011-04-22 09:52:48-04:00,1.0
2011-04-22 09:52:51-04:00,1.0
2011-04-22 09:52:54-04:00,1.0
2011-04-22 09:52:57-04:00,1.0
2011-04-22 09:53:00-04:00,1.0
2011-04-22 09:53:03-04:00,1.0
2011-04-22 09:53:06-04:00,1.0
2011-04-22 09:53:09-04:00,1.0
2011-04-22 09:53:12-04:00,1.0
2011-04-22 09:53:15-04:00,1.0
2011-04-22 09:53:18-04:00,1.0
2011-04-22 09:53:21-04:00,1.0
2011-04-22 09:53:24-04:00,1.0
2011-04-22 09:53:27-04:00,1.0
2011-04-22 09:53:30-04:00,1.0
2011-04-22 09:53:33-04:00,1.0
2011-04-22 09:53:36-04:00,1.0
2011-04-22 09:53:39-04:00,1.0
2011-04-22 09:53:42-04:00,1.0
2011-04-22 09:53:45-04:00,1.0
2011-04-22 09:53:48-04:00,1.0
2011-04-22 09:53:51-04:00,1.0
2011-04-22 09:53:54-04:00,1.0
2011-04-22 09:53:57-04:00,1.0
2011-04-22 09:54:00-04:00,1.0
2011-04-22 09:54:03-04:00,1.0
2011-04-22 09:54:06-04:00,1.0
2011-04-22 09:54:09-04:00,1.0
2011-04-22 09:54:12-04:00,1.0
2011-04-22 09:54:15-04:00,1.0
2011-04-22 09:54:18-04:00,1.0
2011-04-22 09:54:21-04:00,1.0
2011-04-22 09:54:24-04:00,1.0
2011-04-22 09:54:27-04:00,1.0
2011-04-22 09:54:30-04:00,1.0
2011-04-22 09:54:33-04:00,1.0
2011-04-22 09:54:36-04:00,1.0
2011-04-22 09:54:39-04:00,1.0
2011-04-22 09:54:42-04:00,1.0
2011-04-22 09:54:45-04:00,1.0
2011-04-22 09:54:48-04:00,1.0
2011-04-22 09:54:51-04:00,1.0
2011-04-22 09:54:54-04:00,1.0
2011-04-22 09:54:57-04:00,1.0
2011-04-22 09:55:00-04:00,1.0
2011-04-22 09:55:03-04:00,1.0
2011-04-22 09:55:06-04:00,1.0
2011-04-22 09:55:09-04:00,1.0
2011-04-22 09:55:12-04:00,1.0
2011-04-22 09:55:15-04:00,1.0
2011-04-22 09:55:18-04:00,1.0
2011-04-22 09:55:21-04:00,1.0
2011-04-22 09:55:24-04:00,1.0
2011-04-22 09:55:27-04:00,1.0
2011-04-22 09:55:30-04:00,1.0
2011-04-22 09:55:33-04:00,1.0
2011-04-22 09:55:36-04:00,1.0
2011-04-22 09:55:39-04:00,1.0
2011-04-22 09:55:42-04:00,1.0
2011-04-22 09:55:45-04:00,1.0
2011-04-22 09:55:48-04:00,1.0
2011-04-22 09:55:51-04:00,1.0
2011-04-22 09:55:54-04:00,1.0
2011-04-22 09:55:57-04:00,1.0
2011-04-22 09:56:00-04:00,1.0
2011-04-22 09:56:03-04:00,1.0
2011-04-22 09:56:06-04:00,1.0
2011-04-22 09:56:09-04:00,1.0
2011-04-22 09:56:12-04:00,1.0
2011-04-22 09:56:15-04:00,1.0
2011-04-22 09:56:18-04:00,1.0
2011-04-22 09:56:21-04:00,1.0
2011-04-22 09:56:24-04:00,1.0
2011-04-22 09:56:27-04:00,1.0
2011-04-22 09:56:30-04:00,1.0
2011-04-22 09:56:33-04:00,1.0
2011-04-22 09:56:36-04:00,1.0
2011-04-22 09:56:39-04:00,1.0
2011-04-22 09:56:42-04:00,1.0
2011-04-22 09:56:45-04:00,1.0
2011-04-22 09:56:48-04:00,1.0
2011-04-22 09:56:51-04:00,1.0
2011-04-22 09:56:54-04:00,1.0
2011-04-22 09:56:57-04:00,1.0
2011-04-22 09:57:00-04:00,1.0
2011-04-22 09:57:03-04:00,1.0
2011-04-22 09:57:06-04:00,1.0
2011-04-22 09:57:09-04:00,1.0
2011-04-22 09:57:12-04:00,1.0
2011-04-22 09:57:15-04:00,1.0
2011-04-22 09:57:18-04:00,1.0
2011-04-22 09:57:21-04:00,1.0
2011-04-22 09:57:24-04:00,1.0
2011-04-22 09:57:27-04:00,1.0
2011-04-22 09:57:30-04:00,1.0
2011-04-22 09:57:33-04:00,1.0
2011-04-22 09:57:36-04:00,1.0
2011-04-22 09:57:39-04:00,1.0
2011-04-22 09:57:42-04:00,1.0
2011-04-22 09:57:45-04:00,1.0
2011-04-22 09:57:48-04:00,1.0
2011-04-22 09:57:51-04:00,1.0
2011-04-22 09:57:54-04:00,1.0
2011-04-22 09:57:57-04:00,1.0
2011-04-22 09:58:00-04:00,1.0
2011-04-22 09:58:03-04:00,1.0
2011-04-22 09:58:06-04:00,1.0
2011-04-22 09:58:09-04:00,1.0
2011-04-22 09:58:12-04:00,1.0
2011-04-22 09:58:15-04:00,1.0
2011-04-22 09:58:18-04:00,1.0
2011-04-22 09:58:21-04:00,1.0
2011-04-22 09:58:24-04:00,1.0
2011-04-22 09:58:27-04:00,1.0
2011-04-22 09:58:30-04:00,1.0
2011-04-22 09:58:33-04:00,1.0
2011-04-22 09:58:36-04:00,1.0
2011-04-22 09:58:39-04:00,1.0
2011-04-22 09:58:42-04:00,1.0
2011-04-22 09:58:45-04:00,1.0
2011-04-22 09:58:48-04:00,1.0
2011-04-22 09:58:51-04:00,1.0
2011-04-22 09:58:54-04:00,1.0
2011-04-22 09:58:57-04:00,1.0
2011-04-22 09:59:00-04:00,1.0
2011-04-22 09:59:03-04:00,1.0
2011-04-22 09:59:06-04:00,1.0
2011-04-22 09:59:09-04:00,1.0
2011-04-22 09:59:12-04:00,1.0
2011-04-22 09:59:15-04:00,1.0
2011-04-22 09:59:18-04:00,1.0
2011-04-22 09:59:21-04:00,1.0
2011-04-22 09:59:24-04:00,1.0
2011-04-22 09:59:27-04:00,1.0
2011-04-22 09:59:30-04:00,1.0
2011-04-22 09:59:33-04:00,1.0
2011-04-22 09:59:36-04:00,1.0
2011-04-22 09:59:39-04:00,1.0
2011-04-22 09:59:42-04:00,1.0
2011-04-22 09:59:45-04:00,1.0
2011-04-22 09:59:48-04:00,1.0
2011-04-22 09:59:51-04:00,1.0
2011-04-22 09:59:54-04:00,1.0
2011-04-22 09:59:57-04:00,1.0
2011-04-22 10:00:00-04:00,1.0
2011-04-22 10:00:03-04:00,1.0
2011-04-22 10:00:06-04:00,1.0
2011-04-22 10:00:09-04:00,1.0
2011-04-22 10:00:12-04:00,1.0
2011-04-22 10:00:15-04:00,1.0
2011-04-22 10:00:18-04:00,1.0
2011-04-22 10:00:21-04:00,1.0
2011-04-22 10:00:24-04:00,1.0
2011-04-22 10:00:27-04:00,1.0
2011-04-22 10:00:30-04:00,1.0
2011-04-22 10:00:33-04:00,1.0
2011-04-22 10:00:36-04:00,1.0
2011-04-22 10:00:39-04:00,1.0
2011-04-22 10:00:42-04:00,1.0
2011-04-22 10:00:45-04:00,1.0
2011-04-22 10:00:48-04:00,1.0
2011-04-22 10:00:51-04:00,1.0
2011-04-22 10:00:54-04:00,1.0
2011-04-22 10:00:57-04:00,1.0
2011-04-22 10:01:00-04:00,1.0
2011-04-22 10:01:03-04:00,1.0
2011-04-22 10:01:06-04:00,1.0
2011-04-22 10:01:09-04:00,1.0
2011-04-22 10:01:12-04:00,1.0
2011-04-22 10:01:15-04:00,1.0
2011-04-22 10:01:18-04:00,1.0
2011-04-22 10:01:21-04:00,1.0
2011-04-22 10:01:24-04:00,1.0
2011-04-22 10:01:27-04:00,1.0
2011-04-22 10:01:30-04:00,1.0
2011-04-22 10:01:33-04:00,1.0
2011-04-22 10:01:36-04:00,1.0
2011-04-22 10:01:39-04:00,1.0
2011-04-22 10:01:42-04:00,1.0
2011-04-22 10:01:45-04:00,1.0
2011-04-22 10:01:48-04:00,1.0
2011-04-22 10:01:51-04:00,1.0
2011-04-22 10:01:54-04:00,1.0
2011-04-22 10:01:57-04:00,1.0
2011-04-22 10:02:00-04:00,1.0
2011-04-22 10:02:03-04:00,1.0
2011-04-22 10:02:06-04:00,1.0
2011-04-22 10:02:09-04:00,1.0
2011-04-22 10:02:12-04:00,1.0
2011-04-22 10:02:15-04:00,1.0
2011-04-22 10:02:18-04:00,1.0
2011-04-22 10:02:21-04:00,1.0
2011-04-22 10:02:24-04:00,1.0
2011-04-22 10:02:27-04:00,1.0
2011-04-22 10:02:30-04:00,1.0
2011-04-22 10:02:33-04:00,1.0
2011-04-22 10:02:36-04:00,1.0
2011-04-22 10:02:39-04:00,1.0
2011-04-22 10:02:42-04:00,1.0
2011-04-22 10:02:45-04:00,1.0
2011-04-22 10:02:48-04:00,1.0
2011-04-22 10:02:51-04:00,1.0
2011-04-22 10:02:54-04:00,1.0
2011-04-22 10:02:57-04:00,1.0
2011-04-22 10:03:00-04:00,1.0
2011-04-22 10:03:03-04:00,1.0
2011-04-22 10:03:06-04:00,1.0
2011-04-22 10:03:09-04:00,1.0
2011-04-22 10:03:12-04:00,1.0
2011-04-22 10:03:15-04:00,1.0
2011-04-22 10:03:18-04:00,1.0
2011-04-22 10:03:21-04:00,1.0
2011-04-22 10:03:24-04:00,1.0
2011-04-22 10:03:27-04:00,1.0
2011-04-22 10:03:30-04:00,1.0
2011-04-22 10:03:33-04:00,1.0
2011-04-22 10:03:36-04:00,1.0
2011-04-22 10:03:39-04:00,1.0
2011-04-22 10:03:42-04:00,1.0
2011-04-22 10:03:45-04:00,1.0
2011-04-22 10:03:48-04:00,1.0
2011-04-22 10:03:51-04:00,1.0
2011-04-22 10:03:54-04:00,1.0
2011-04-22 10:03:57-04:00,1.0
2011-04-22 10:04:00-04:00,1.0
2011-04-22 10:04:03-04:00,1.0
2011-04-22 10:04:06-04:00,1.0
2011-04-22 10:04:09-04:00,1.0
2011-04-22 10:04:12-04:00,1.0
2011-04-22 10:04:15-04:00,1.0
2011-04-22 10:04:18-04:00,1.0
2011-04-22 10:04:21-04:00,1.0
2011-04-22 10:04:24-04:00,1.0
2011-04-22 10:04:27-04:00,1.0
2011-04-22 10:04:30-04:00,1.0
2011-04-22 10:04:33-04:00,1.0
2011-04-22 10:04:36-04:00,1.0
2011-04-22 10:04:39-04:00,1.0
2011-04-22 10:04:42-04:00,1.0
2011-04-22 10:04:45-04:00,1.0
2011-04-22 10:04:48-04:00,1.0
2011-04-22 10:04:51-04:00,1.0
2011-04-22 10:04:54-04:00,1.0
2011-04-22 10:04:57-04:00,1.0
2011-04-22 10:05:00-04:00,1.0
2011-04-22 10:05:03-04:00,1.0
2011-04-22 10:05:06-04:00,1.0
2011-04-22 10:05:09-04:00,1.0
2011-04-22 10:05:12-04:00,1.0
2011-04-22 10:05:15-04:00,1.0
2011-04-22 10:05:18-04:00,1.0
2011-04-22 10:05:21-04:00,1.0
2011-04-22 10:05:24-04:00,1.0
2011-04-22 10:05:27-04:00,1.0
2011-04-22 10:05:30-04:00,1.0
2011-04-22 10:05:33-04:00,1.0
2011-04-22 10:05:36-04:00,1.0
2011-04-22 10:05:39-04:00,1.0
2011-04-22 10:05:42-04:00,1.0
2011-04-22 10:05:45-04:00,1.0
2011-04-22 10:05:48-04:00,1.0
2011-04-22 10:05:51-04:00,1.0
2011-04-22 10:05:54-04:00,1.0
2011-04-22 10:05:57-04:00,1.0
2011-04-22 10:06:00-04:00,1.0
2011-04-22 10:06:03-04:00,1.0
2011-04-22 10:06:06-04:00,1.0
2011-04-22 10:06:09-04:00,1.0
2011-04-22 10:06:12-04:00,1.0
2011-04-22 10:06:15-04:00,1.0
2011-04-22 10:06:18-04:00,1.0
2011-04-22 10:06:21-04:00,1.0
2011-04-22 10:06:24-04:00,1.0
2011-04-22 10:06:27-04:00,1.0
2011-04-22 10:06:30-04:00,1.0
2011-04-22 10:06:33-04:00,1.0
2011-04-22 10:06:36-04:00,1.0
2011-04-22 10:06:39-04:00,1.0
2011-04-22 10:06:42-04:00,1.0
2011-04-22 10:06:45-04:00,1.0
2011-04-22 10:06:48-04:00,1.0
2011-04-22 10:06:51-04:00,1.0
2011-04-22 10:06:54-04:00,1.0
2011-04-22 10:06:57-04:00,1.0
2011-04-22 10:07:00-04:00,1.0
2011-04-22 10:07:03-04:00,1.0
2011-04-22 10:07:06-04:00,1.0
2011-04-22 10:07:09-04:00,1.0
2011-04-22 10:07:12-04:00,1.0
2011-04-22 10:07:15-04:00,1.0
2011-04-22 10:07:18-04:00,1.0
2011-04-22 10:07:21-04:00,1.0
2011-04-22 10:07:24-04:00,1.0
2011-04-22 10:07:27-04:00,1.0
2011-04-22 10:07:30-04:00,1.0
2011-04-22 10:07:33-04:00,1.0
2011-04-22 10:07:36-04:00,1.0
2011-04-22 10:07:39-04:00,1.0
2011-04-22 10:07:42-04:00,1.0
2011-04-22 10:07:45-04:00,1.0
2011-04-22 10:07:48-04:00,1.0
2011-04-22 10:07:51-04:00,1.0
2011-04-22 10:07:54-04:00,1.0
2011-04-22 10:07:57-04:00,1.0
2011-04-22 10:08:00-04:00,1.0
2011-04-22 10:08:03-04:00,1.0
2011-04-22 10:08:06-04:00,1.0
2011-04-22 10:08:09-04:00,1.0
2011-04-22 10:08:12-04:00,1.0
2011-04-22 10:08:15-04:00,1.0
2011-04-22 10:08:18-04:00,1.0
2011-04-22 10:08:21-04:00,1.0
2011-04-22 10:08:24-04:00,1.0
2011-04-22 10:08:27-04:00,1.0
2011-04-22 10:08:30-04:00,1.0
2011-04-22 10:08:33-04:00,1.0
2011-04-22 10:08:36-04:00,1.0
2011-04-22 10:08:39-04:00,1.0
2011-04-22 10:08:42-04:00,1.0
2011-04-22 10:08:45-04:00,1.0
2011-04-22 10:08:48-04:00,1.0
2011-04-22 10:08:51-04:00,1.0
2011-04-22 10:08:54-04:00,1.0
2011-04-22 10:08:57-04:00,1.0
2011-04-22 10:09:00-04:00,1.0
2011-04-22 10:09:03-04:00,1.0
2011-04-22 10:09:06-04:00,1.0
2011-04-22 10:09:09-04:00,1.0
2011-04-22 10:09:12-04:00,1.0
2011-04-22 10:09:15-04:00,1.0
2011-04-22 10:09:18-04:00,1.0
2011-04-22 10:09:21-04:00,1.0
2011-04-22 10:09:24-04:00,1.0
2011-04-22 10:09:27-04:00,1.0
2011-04-22 10:09:30-04:00,1.0
2011-04-22 10:09:33-04:00,1.0
2011-04-22 10:09:36-04:00,1.0
2011-04-22 10:09:39-04:00,1.0
2011-04-22 10:09:42-04:00,1.0
2011-04-22 10:09:45-04:00,1.0
2011-04-22 10:09:48-04:00,1.0
2011-04-22 10:09:51-04:00,1.0
2011-04-22 10:09:54-04:00,1.0
2011-04-22 10:09:57-04:00,1.0
2011-04-22 10:10:00-04:00,1.0
2011-04-22 10:10:03-04:00,1.0
2011-04-22 10:10:06-04:00,1.0
2011-04-22 10:10:09-04:00,1.0
2011-04-22 10:10:12-04:00,1.0
2011-04-22 10:10:15-04:00,1.0
2011-04-22 10:10:18-04:00,1.0
2011-04-22 10:10:21-04:00,1.0
2011-04-22 10:10:24-04:00,1.0
2011-04-22 10:10:27-04:00,1.0
2011-04-22 10:10:30-04:00,1.0
2011-04-22 10:10:33-04:00,1.0
2011-04-22 10:10:36-04:00,1.0
2011-04-22 10:10:39-04:00,1.0
2011-04-22 10:10:42-04:00,1.0
2011-04-22 10:10:45-04:00,1.0
2011-04-22 10:10:48-04:00,1.0
2011-04-22 10:10:51-04:00,1.0
2011-04-22 10:10:54-04:00,1.0
2011-04-22 10:10:57-04:00,1.0
2011-04-22 10:11:00-04:00,1.0
2011-04-22 10:11:03-04:00,1.0
2011-04-22 10:11:06-04:00,1.0
2011-04-22 10:11:09-04:00,1.0
2011-04-22 10:11:12-04:00,0.25
2011-04-22 10:11:15-04:00,0.6666666666666666
2011-04-22 10:11:18-04:00,1.0
2011-04-22 10:11:21-04:00,1.0
2011-04-22 10:11:24-04:00,1.0
2011-04-22 10:11:27-04:00,1.0
2011-04-22 10:11:30-04:00,1.0
2011-04-22 10:11:33-04:00,1.0
2011-04-22 10:11:36-04:00,1.0
2011-04-22 10:11:39-04:00,1.0
2011-04-22 10:11:42-04:00,1.0
2011-04-22 10:11:45-04:00,1.0
2011-04-22 10:11:48-04:00,1.0
2011-04-22 10:11:51-04:00,1.0
2011-04-22 10:11:54-04:00,1.0
2011-04-22 10:11:57-04:00,1.0
2011-04-22 10:12:00-04:00,1.0
2011-04-22 10:12:03-04:00,1.0
2011-04-22 10:12:06-04:00,1.0
2011-04-22 10:12:09-04:00,1.0
2011-04-22 10:12:12-04:00,1.0
2011-04-22 10:12:15-04:00,1.0
2011-04-22 10:12:18-04:00,1.0
2011-04-22 10:12:21-04:00,1.0
2011-04-22 10:12:24-04:00,1.0
2011-04-22 10:12:27-04:00,1.0
2011-04-22 10:12:30-04:00,1.0
2011-04-22 10:12:33-04:00,1.0
2011-04-22 10:12:36-04:00,1.0
2011-04-22 10:12:39-04:00,1.0
2011-04-22 10:12:42-04:00,1.0
2011-04-22 10:12:45-04:00,1.0
2011-04-22 10:12:48-04:00,1.0
2011-04-22 10:12:51-04:00,1.0
2011-04-22 10:12:54-04:00,1.0
2011-04-22 10:12:57-04:00,1.0
2011-04-22 10:13:00-04:00,1.0
2011-04-22 10:13:03-04:00,1.0
2011-04-22 10:13:06-04:00,1.0
2011-04-22 10:13:09-04:00,1.0
2011-04-22 10:13:12-04:00,1.0
2011-04-22 10:13:15-04:00,1.0
2011-04-22 10:13:18-04:00,1.0
2011-04-22 10:13:21-04:00,1.0
2011-04-22 10:13:24-04:00,1.0
2011-04-22 10:13:27-04:00,1.0
2011-04-22 10:13:30-04:00,1.0
2011-04-22 10:13:33-04:00,1.0
2011-04-22 10:13:36-04:00,1.0
2011-04-22 10:13:39-04:00,1.0
2011-04-22 10:13:42-04:00,1.0
2011-04-22 10:13:45-04:00,1.0
2011-04-22 10:13:48-04:00,1.0
2011-04-22 10:13:51-04:00,1.0
2011-04-22 10:13:54-04:00,1.0
2011-04-22 10:13:57-04:00,1.0
2011-04-22 10:14:00-04:00,1.0
2011-04-22 10:14:03-04:00,1.0
2011-04-22 10:14:06-04:00,1.0
2011-04-22 10:14:09-04:00,1.0
2011-04-22 10:14:12-04:00,1.0
2011-04-22 10:14:15-04:00,1.0
2011-04-22 10:14:18-04:00,1.0
2011-04-22 10:14:21-04:00,1.0
2011-04-22 10:14:24-04:00,1.0
2011-04-22 10:14:27-04:00,1.0
2011-04-22 10:14:30-04:00,1.0
2011-04-22 10:14:33-04:00,1.0
2011-04-22 10:14:36-04:00,1.0
2011-04-22 10:14:39-04:00,1.0
2011-04-22 10:14:42-04:00,1.0
2011-04-22 10:14:45-04:00,1.0
2011-04-22 10:14:48-04:00,1.0
2011-04-22 10:14:51-04:00,1.0
2011-04-22 10:14:54-04:00,1.0
2011-04-22 10:14:57-04:00,1.0
2011-04-22 10:15:00-04:00,1.0
2011-04-22 10:15:03-04:00,1.0
2011-04-22 10:15:06-04:00,1.0
2011-04-22 10:15:09-04:00,1.0
2011-04-22 10:15:12-04:00,1.0
2011-04-22 10:15:15-04:00,1.0
2011-04-22 10:15:18-04:00,1.0
2011-04-22 10:15:21-04:00,1.0
2011-04-22 10:15:24-04:00,1.0
2011-04-22 10:15:27-04:00,1.0
2011-04-22 10:15:30-04:00,1.0
2011-04-22 10:15:33-04:00,1.0
2011-04-22 10:15:36-04:00,1.0
2011-04-22 10:15:39-04:00,1.0
2011-04-22 10:15:42-04:00,1.0
2011-04-22 10:15:45-04:00,1.0
2011-04-22 10:15:48-04:00,1.0
2011-04-22 10:15:51-04:00,1.0
2011-04-22 10:15:54-04:00,1.0
2011-04-22 10:15:57-04:00,1.0
2011-04-22 10:16:00-04:00,1.0
2011-04-22 10:16:03-04:00,1.0
2011-04-22 10:16:06-04:00,1.0
2011-04-22 10:16:09-04:00,1.0
2011-04-22 10:16:12-04:00,1.0
2011-04-22 10:16:15-04:00,1.0
2011-04-22 10:16:18-04:00,1.0
2011-04-22 10:16:21-04:00,1.0
2011-04-22 10:16:24-04:00,1.0
2011-04-22 10:16:27-04:00,1.0
2011-04-22 10:16:30-04:00,1.0
2011-04-22 10:16:33-04:00,1.0
2011-04-22 10:16:36-04:00,1.0
2011-04-22 10:16:39-04:00,1.0
2011-04-22 10:16:42-04:00,1.0
2011-04-22 10:16:45-04:00,1.0
2011-04-22 10:16:48-04:00,1.0
2011-04-22 10:16:51-04:00,1.0
2011-04-22 10:16:54-04:00,1.0
2011-04-22 10:16:57-04:00,1.0
2011-04-22 10:17:00-04:00,1.0
2011-04-22 10:17:03-04:00,1.0
2011-04-22 10:17:06-04:00,1.0
2011-04-22 10:17:09-04:00,1.0
2011-04-22 10:17:12-04:00,1.0
2011-04-22 10:17:15-04:00,1.0
2011-04-22 10:17:18-04:00,1.0
2011-04-22 10:17:21-04:00,1.0
2011-04-22 10:17:24-04:00,1.0
2011-04-22 10:17:27-04:00,1.0
2011-04-22 10:17:30-04:00,1.0
2011-04-22 10:17:33-04:00,1.0
2011-04-22 10:17:36-04:00,1.0
2011-04-22 10:17:39-04:00,1.0
2011-04-22 10:17:42-04:00,1.0
2011-04-22 10:17:45-04:00,1.0
2011-04-22 10:17:48-04:00,1.0
2011-04-22 10:17:51-04:00,1.0
2011-04-22 10:17:54-04:00,1.0
2011-04-22 10:17:57-04:00,1.0
2011-04-22 10:18:00-04:00,1.0
2011-04-22 10:18:03-04:00,1.0
2011-04-22 10:18:06-04:00,1.0
2011-04-22 10:18:09-04:00,1.0
2011-04-22 10:18:12-04:00,1.0
2011-04-22 10:18:15-04:00,1.0
2011-04-22 10:18:18-04:00,1.0
2011-04-22 10:18:21-04:00,1.0
2011-04-22 10:18:24-04:00,1.0
2011-04-22 10:18:27-04:00,1.0
2011-04-22 10:18:30-04:00,1.0
2011-04-22 10:18:33-04:00,1.0
2011-04-22 10:18:36-04:00,1.0
2011-04-22 10:18:39-04:00,1.0
2011-04-22 10:18:42-04:00,1.0
2011-04-22 10:18:45-04:00,1.0
2011-04-22 10:18:48-04:00,1.0
2011-04-22 10:18:51-04:00,1.0
2011-04-22 10:18:54-04:00,1.0
2011-04-22 10:18:57-04:00,1.0
2011-04-22 10:19:00-04:00,1.0
2011-04-22 10:19:03-04:00,1.0
2011-04-22 10:19:06-04:00,1.0
2011-04-22 10:19:09-04:00,1.0
2011-04-22 10:19:12-04:00,1.0
2011-04-22 10:19:15-04:00,1.0
2011-04-22 10:19:18-04:00,1.0
2011-04-22 10:19:21-04:00,1.0
2011-04-22 10:19:24-04:00,1.0
2011-04-22 10:19:27-04:00,1.0
2011-04-22 10:19:30-04:00,1.0
2011-04-22 10:19:33-04:00,1.0
2011-04-22 10:19:36-04:00,1.0
2011-04-22 10:19:39-04:00,1.0
2011-04-22 10:19:42-04:00,1.0
2011-04-22 10:19:45-04:00,1.0
2011-04-22 10:19:48-04:00,1.0
2011-04-22 10:19:51-04:00,1.0
2011-04-22 10:19:54-04:00,1.0
2011-04-22 10:19:57-04:00,1.0
2011-04-22 10:20:00-04:00,1.0
2011-04-22 10:20:03-04:00,1.0
2011-04-22 10:20:06-04:00,1.0
2011-04-22 10:20:09-04:00,1.0
2011-04-22 10:20:12-04:00,1.0
2011-04-22 10:20:15-04:00,1.0
2011-04-22 10:20:18-04:00,1.0
2011-04-22 10:20:21-04:00,1.0
2011-04-22 10:20:24-04:00,1.0
2011-04-22 10:20:27-04:00,1.0
2011-04-22 10:20:30-04:00,1.0
2011-04-22 10:20:33-04:00,1.0
2011-04-22 10:20:36-04:00,1.0
2011-04-22 10:20:39-04:00,1.0
2011-04-22 10:20:42-04:00,1.0
2011-04-22 10:20:45-04:00,1.0
2011-04-22 10:20:48-04:00,1.0
2011-04-22 10:20:51-04:00,1.0
2011-04-22 10:20:54-04:00,1.0
2011-04-22 10:20:57-04:00,1.0
2011-04-22 10:21:00-04:00,1.0
2011-04-22 10:21:03-04:00,1.0
2011-04-22 10:21:06-04:00,1.0
2011-04-22 10:21:09-04:00,1.0
2011-04-22 10:21:12-04:00,1.0
2011-04-22 10:21:15-04:00,1.0
2011-04-22 10:21:18-04:00,1.0
2011-04-22 10:21:21-04:00,1.0
2011-04-22 10:21:24-04:00,1.0
2011-04-22 10:21:27-04:00,1.0
2011-04-22 10:21:30-04:00,1.0
2011-04-22 10:21:33-04:00,1.0
2011-04-22 10:21:36-04:00,1.0
2011-04-22 10:21:39-04:00,1.0
2011-04-22 10:21:42-04:00,1.0
2011-04-22 10:21:45-04:00,1.0
2011-04-22 10:21:48-04:00,1.0
2011-04-22 10:21:51-04:00,1.0
2011-04-22 10:21:54-04:00,1.0
2011-04-22 10:21:57-04:00,1.0
2011-04-22 10:22:00-04:00,1.0
2011-04-22 10:22:03-04:00,1.0
2011-04-22 10:22:06-04:00,1.0
2011-04-22 10:22:09-04:00,1.0
2011-04-22 10:22:12-04:00,1.0
2011-04-22 10:22:15-04:00,1.0
2011-04-22 10:22:18-04:00,1.0
2011-04-22 10:22:21-04:00,1.0
2011-04-22 10:22:24-04:00,1.0
2011-04-22 10:22:27-04:00,1.0
2011-04-22 10:22:30-04:00,1.0
2011-04-22 10:22:33-04:00,1.0
2011-04-22 10:22:36-04:00,1.0
2011-04-22 10:22:39-04:00,1.0
2011-04-22 10:22:42-04:00,1.0
2011-04-22 10:22:45-04:00,1.0
2011-04-22 10:22:48-04:00,1.0
2011-04-22 10:22:51-04:00,1.0
2011-04-22 10:22:54-04:00,1.0
2011-04-22 10:22:57-04:00,1.0
2011-04-22 10:23:00-04:00,1.0
2011-04-22 10:23:03-04:00,1.0
2011-04-22 10:23:06-04:00,1.0
2011-04-22 10:23:09-04:00,1.0
2011-04-22 10:23:12-04:00,1.0
2011-04-22 10:23:15-04:00,1.0
2011-04-22 10:23:18-04:00,1.0
2011-04-22 10:23:21-04:00,1.0
2011-04-22 10:23:24-04:00,1.0
2011-04-22 10:23:27-04:00,1.0
2011-04-22 10:23:30-04:00,1.0
2011-04-22 10:23:33-04:00,1.0
2011-04-22 10:23:36-04:00,1.0
2011-04-22 10:23:39-04:00,1.0
2011-04-22 10:23:42-04:00,1.0
2011-04-22 10:23:45-04:00,1.0
2011-04-22 10:23:48-04:00,1.0
2011-04-22 10:23:51-04:00,1.0
2011-04-22 10:23:54-04:00,1.0
2011-04-22 10:23:57-04:00,1.0
2011-04-22 10:24:00-04:00,1.0
2011-04-22 10:24:03-04:00,1.0
2011-04-22 10:24:06-04:00,1.0
2011-04-22 10:24:09-04:00,1.0
2011-04-22 10:24:12-04:00,1.0
2011-04-22 10:24:15-04:00,1.0
2011-04-22 10:24:18-04:00,1.0
2011-04-22 10:24:21-04:00,1.0
2011-04-22 10:24:24-04:00,1.0
2011-04-22 10:24:27-04:00,1.0
2011-04-22 10:24:30-04:00,1.0
2011-04-22 10:24:33-04:00,1.0
2011-04-22 10:24:36-04:00,1.0
2011-04-22 10:24:39-04:00,1.0
2011-04-22 10:24:42-04:00,1.0
2011-04-22 10:24:45-04:00,1.0
2011-04-22 10:24:48-04:00,1.0
2011-04-22 10:24:51-04:00,1.0
2011-04-22 10:24:54-04:00,1.0
2011-04-22 10:24:57-04:00,1.0
2011-04-22 10:25:00-04:00,1.0
2011-04-22 10:25:03-04:00,1.0
2011-04-22 10:25:06-04:00,1.0
2011-04-22 10:25:09-04:00,1.0
2011-04-22 10:25:12-04:00,1.0
2011-04-22 10:25:15-04:00,1.0
2011-04-22 10:25:18-04:00,1.0
2011-04-22 10:25:21-04:00,1.0
2011-04-22 10:25:24-04:00,1.0
2011-04-22 10:25:27-04:00,1.0
2011-04-22 10:25:30-04:00,1.0
2011-04-22 10:25:33-04:00,1.0
2011-04-22 10:25:36-04:00,1.0
2011-04-22 10:25:39-04:00,1.0
2011-04-22 10:25:42-04:00,1.0
2011-04-22 10:25:45-04:00,1.0
2011-04-22 10:25:48-04:00,1.0
2011-04-22 10:25:51-04:00,1.0
2011-04-22 10:25:54-04:00,0.75
2011-04-22 10:25:57-04:00,0.0
2011-04-22 10:26:00-04:00,1.0
2011-04-22 10:26:03-04:00,1.0
2011-04-22 10:26:06-04:00,1.0
2011-04-22 10:26:09-04:00,1.0
2011-04-22 10:26:12-04:00,1.0
2011-04-22 10:26:15-04:00,1.0
2011-04-22 10:26:18-04:00,1.0
2011-04-22 10:26:21-04:00,1.0
2011-04-22 10:26:24-04:00,1.0
2011-04-22 10:26:27-04:00,1.0
2011-04-22 10:26:30-04:00,1.0
2011-04-22 10:26:33-04:00,1.0
2011-04-22 10:26:36-04:00,1.0
2011-04-22 10:26:39-04:00,1.0
2011-04-22 10:26:42-04:00,1.0
2011-04-22 10:26:45-04:00,1.0
2011-04-22 10:26:48-04:00,1.0
2011-04-22 10:26:51-04:00,1.0
2011-04-22 10:26:54-04:00,1.0
2011-04-22 10:26:57-04:00,1.0
2011-04-22 10:27:00-04:00,1.0
2011-04-22 10:27:03-04:00,1.0
2011-04-22 10:27:06-04:00,1.0
2011-04-22 10:27:09-04:00,1.0
2011-04-22 10:27:12-04:00,1.0
2011-04-22 10:27:15-04:00,1.0
2011-04-22 10:27:18-04:00,1.0
2011-04-22 10:27:21-04:00,1.0
2011-04-22 10:27:24-04:00,1.0
2011-04-22 10:27:27-04:00,1.0
2011-04-22 10:27:30-04:00,1.0
2011-04-22 10:27:33-04:00,1.0
2011-04-22 10:27:36-04:00,1.0
2011-04-22 10:27:39-04:00,1.0
2011-04-22 10:27:42-04:00,1.0
2011-04-22 10:27:45-04:00,1.0
2011-04-22 10:27:48-04:00,1.0
2011-04-22 10:27:51-04:00,1.0
2011-04-22 10:27:54-04:00,1.0
2011-04-22 10:27:57-04:00,1.0
2011-04-22 10:28:00-04:00,1.0
2011-04-22 10:28:03-04:00,1.0
2011-04-22 10:28:06-04:00,1.0
2011-04-22 10:28:09-04:00,1.0
2011-04-22 10:28:12-04:00,1.0
2011-04-22 10:28:15-04:00,1.0
2011-04-22 10:28:18-04:00,1.0
2011-04-22 10:28:21-04:00,1.0
2011-04-22 10:28:24-04:00,1.0
2011-04-22 10:28:27-04:00,1.0
2011-04-22 10:28:30-04:00,1.0
2011-04-22 10:28:33-04:00,1.0
2011-04-22 10:28:36-04:00,1.0
2011-04-22 10:28:39-04:00,1.0
2011-04-22 10:28:42-04:00,1.0
2011-04-22 10:28:45-04:00,1.0
2011-04-22 10:28:48-04:00,1.0
2011-04-22 10:28:51-04:00,1.0
2011-04-22 10:28:54-04:00,1.0
2011-04-22 10:28:57-04:00,1.0
2011-04-22 10:29:00-04:00,1.0
2011-04-22 10:29:03-04:00,1.0
2011-04-22 10:29:06-04:00,1.0
2011-04-22 10:29:09-04:00,1.0
2011-04-22 10:29:12-04:00,1.0
2011-04-22 10:29:15-04:00,1.0
2011-04-22 10:29:18-04:00,1.0
2011-04-22 10:29:21-04:00,1.0
2011-04-22 10:29:24-04:00,1.0
2011-04-22 10:29:27-04:00,1.0
2011-04-22 10:29:30-04:00,1.0
2011-04-22 10:29:33-04:00,1.0
2011-04-22 10:29:36-04:00,1.0
2011-04-22 10:29:39-04:00,1.0
2011-04-22 10:29:42-04:00,1.0
2011-04-22 10:29:45-04:00,1.0
2011-04-22 10:29:48-04:00,1.0
2011-04-22 10:29:51-04:00,1.0
2011-04-22 10:29:54-04:00,1.0
2011-04-22 10:29:57-04:00,1.0
2011-04-22 10:30:00-04:00,1.0
2011-04-22 10:30:03-04:00,1.0
2011-04-22 10:30:06-04:00,1.0
2011-04-22 10:30:09-04:00,1.0
2011-04-22 10:30:12-04:00,1.0
2011-04-22 10:30:15-04:00,1.0
2011-04-22 10:30:18-04:00,1.0
2011-04-22 10:30:21-04:00,1.0
2011-04-22 10:30:24-04:00,1.0
2011-04-22 10:30:27-04:00,1.0
2011-04-22 10:30:30-04:00,1.0
2011-04-22 10:30:33-04:00,1.0
2011-04-22 10:30:36-04:00,1.0
2011-04-22 10:30:39-04:00,1.0
2011-04-22 10:30:42-04:00,1.0
2011-04-22 10:30:45-04:00,1.0
2011-04-22 10:30:48-04:00,1.0
2011-04-22 10:30:51-04:00,1.0
2011-04-22 10:30:54-04:00,1.0
2011-04-22 10:30:57-04:00,1.0
2011-04-22 10:31:00-04:00,1.0
2011-04-22 10:31:03-04:00,1.0
2011-04-22 10:31:06-04:00,1.0
2011-04-22 10:31:09-04:00,1.0
2011-04-22 10:31:12-04:00,1.0
2011-04-22 10:31:15-04:00,1.0
2011-04-22 10:31:18-04:00,1.0
2011-04-22 10:31:21-04:00,1.0
2011-04-22 10:31:24-04:00,1.0
2011-04-22 10:31:27-04:00,1.0
2011-04-22 10:31:30-04:00,1.0
2011-04-22 10:31:33-04:00,1.0
2011-04-22 10:31:36-04:00,1.0
2011-04-22 10:31:39-04:00,1.0
2011-04-22 10:31:42-04:00,1.0
2011-04-22 10:31:45-04:00,1.0
2011-04-22 10:31:48-04:00,1.0
2011-04-22 10:31:51-04:00,1.0
2011-04-22 10:31:54-04:00,1.0
2011-04-22 10:31:57-04:00,1.0
2011-04-22 10:32:00-04:00,1.0
2011-04-22 10:32:03-04:00,1.0
2011-04-22 10:32:06-04:00,1.0
2011-04-22 10:32:09-04:00,1.0
2011-04-22 10:32:12-04:00,1.0
2011-04-22 10:32:15-04:00,1.0
2011-04-22 10:32:18-04:00,1.0
2011-04-22 10:32:21-04:00,1.0
2011-04-22 10:32:24-04:00,1.0
2011-04-22 10:32:27-04:00,1.0
2011-04-22 10:32:30-04:00,1.0
2011-04-22 10:32:33-04:00,1.0
2011-04-22 10:32:36-04:00,1.0
2011-04-22 10:32:39-04:00,1.0
2011-04-22 10:32:42-04:00,1.0
2011-04-22 10:32:45-04:00,1.0
2011-04-22 10:32:48-04:00,1.0
2011-04-22 10:32:51-04:00,1.0
2011-04-22 10:32:54-04:00,1.0
2011-04-22 10:32:57-04:00,1.0
2011-04-22 10:33:00-04:00,1.0
2011-04-22 10:33:03-04:00,1.0
2011-04-22 10:33:06-04:00,1.0
2011-04-22 10:33:09-04:00,1.0
2011-04-22 10:33:12-04:00,1.0
2011-04-22 10:33:15-04:00,1.0
2011-04-22 10:33:18-04:00,1.0
2011-04-22 10:33:21-04:00,1.0
2011-04-22 10:33:24-04:00,1.0
2011-04-22 10:33:27-04:00,1.0
2011-04-22 10:33:30-04:00,1.0
2011-04-22 10:33:33-04:00,1.0
2011-04-22 10:33:36-04:00,1.0
2011-04-22 10:33:39-04:00,1.0
2011-04-22 10:33:42-04:00,1.0
2011-04-22 10:33:45-04:00,1.0
2011-04-22 10:33:48-04:00,1.0
2011-04-22 10:33:51-04:00,1.0
2011-04-22 10:33:54-04:00,1.0
2011-04-22 10:33:57-04:00,1.0
2011-04-22 10:34:00-04:00,1.0
2011-04-22 10:34:03-04:00,1.0
2011-04-22 10:34:06-04:00,1.0
2011-04-22 10:34:09-04:00,1.0
2011-04-22 10:34:12-04:00,1.0
2011-04-22 10:34:15-04:00,1.0
2011-04-22 10:34:18-04:00,1.0
2011-04-22 10:34:21-04:00,1.0
2011-04-22 10:34:24-04:00,1.0
2011-04-22 10:34:27-04:00,1.0
2011-04-22 10:34:30-04:00,1.0
2011-04-22 10:34:33-04:00,1.0
2011-04-22 10:34:36-04:00,1.0
2011-04-22 10:34:39-04:00,1.0
2011-04-22 10:34:42-04:00,1.0
2011-04-22 10:34:45-04:00,1.0
2011-04-22 10:34:48-04:00,1.0
2011-04-22 10:34:51-04:00,1.0
2011-04-22 10:34:54-04:00,1.0
2011-04-22 10:34:57-04:00,1.0
2011-04-22 10:35:00-04:00,1.0
2011-04-22 10:35:03-04:00,1.0
2011-04-22 10:35:06-04:00,1.0
2011-04-22 10:35:09-04:00,1.0
2011-04-22 10:35:12-04:00,1.0
2011-04-22 10:35:15-04:00,1.0
2011-04-22 10:35:18-04:00,1.0
2011-04-22 10:35:21-04:00,1.0
2011-04-22 10:35:24-04:00,1.0
2011-04-22 10:35:27-04:00,1.0
2011-04-22 10:35:30-04:00,1.0
2011-04-22 10:35:33-04:00,1.0
2011-04-22 10:35:36-04:00,1.0
2011-04-22 10:35:39-04:00,1.0
2011-04-22 10:35:42-04:00,1.0
2011-04-22 10:35:45-04:00,1.0
2011-04-22 10:35:48-04:00,1.0
2011-04-22 10:35:51-04:00,1.0
2011-04-22 10:35:54-04:00,1.0
2011-04-22 10:35:57-04:00,1.0
2011-04-22 10:36:00-04:00,1.0
2011-04-22 10:36:03-04:00,1.0
2011-04-22 10:36:06-04:00,1.0
2011-04-22 10:36:09-04:00,1.0
2011-04-22 10:36:12-04:00,1.0
2011-04-22 10:36:15-04:00,1.0
2011-04-22 10:36:18-04:00,1.0
2011-04-22 10:36:21-04:00,1.0
2011-04-22 10:36:24-04:00,1.0
2011-04-22 10:36:27-04:00,1.0
2011-04-22 10:36:30-04:00,1.0
2011-04-22 10:36:33-04:00,1.0
2011-04-22 10:36:36-04:00,1.0
2011-04-22 10:36:39-04:00,1.0
2011-04-22 10:36:42-04:00,1.0
2011-04-22 10:36:45-04:00,1.0
2011-04-22 10:36:48-04:00,1.0
2011-04-22 10:36:51-04:00,1.0
2011-04-22 10:36:54-04:00,1.0
2011-04-22 10:36:57-04:00,1.0
2011-04-22 10:37:00-04:00,1.0
2011-04-22 10:37:03-04:00,1.0
2011-04-22 10:37:06-04:00,1.0
2011-04-22 10:37:09-04:00,1.0
2011-04-22 10:37:12-04:00,1.0
2011-04-22 10:37:15-04:00,1.0
2011-04-22 10:37:18-04:00,1.0
2011-04-22 10:37:21-04:00,1.0
2011-04-22 10:37:24-04:00,1.0
2011-04-22 10:37:27-04:00,1.0
2011-04-22 10:37:30-04:00,1.0
2011-04-22 10:37:33-04:00,1.0
2011-04-22 10:37:36-04:00,1.0
2011-04-22 10:37:39-04:00,1.0
2011-04-22 10:37:42-04:00,1.0
2011-04-22 10:37:45-04:00,1.0
2011-04-22 10:37:48-04:00,1.0
2011-04-22 10:37:51-04:00,1.0
2011-04-22 10:37:54-04:00,1.0
2011-04-22 10:37:57-04:00,1.0
2011-04-22 10:38:00-04:00,1.0
2011-04-22 10:38:03-04:00,1.0
2011-04-22 10:38:06-04:00,1.0
2011-04-22 10:38:09-04:00,1.0
2011-04-22 10:38:12-04:00,1.0
2011-04-22 10:38:15-04:00,1.0
2011-04-22 10:38:18-04:00,1.0
2011-04-22 10:38:21-04:00,1.0
2011-04-22 10:38:24-04:00,1.0
2011-04-22 10:38:27-04:00,1.0
2011-04-22 10:38:30-04:00,1.0
2011-04-22 10:38:33-04:00,1.0
2011-04-22 10:38:36-04:00,1.0
2011-04-22 10:38:39-04:00,1.0
2011-04-22 10:38:42-04:00,1.0
2011-04-22 10:38:45-04:00,1.0
2011-04-22 10:38:48-04:00,1.0
2011-04-22 10:38:51-04:00,1.0
2011-04-22 10:38:54-04:00,1.0
2011-04-22 10:38:57-04:00,1.0
2011-04-22 10:39:00-04:00,1.0
2011-04-22 10:39:03-04:00,1.0
2011-04-22 10:39:06-04:00,1.0
2011-04-22 10:39:09-04:00,1.0
2011-04-22 10:39:12-04:00,1.0
2011-04-22 10:39:15-04:00,1.0
2011-04-22 10:39:18-04:00,1.0
2011-04-22 10:39:21-04:00,1.0
2011-04-22 10:39:24-04:00,1.0
2011-04-22 10:39:27-04:00,1.0
2011-04-22 10:39:30-04:00,1.0
2011-04-22 10:39:33-04:00,1.0
2011-04-22 10:39:36-04:00,1.0
2011-04-22 10:39:39-04:00,1.0
2011-04-22 10:39:42-04:00,1.0
2011-04-22 10:39:45-04:00,1.0
2011-04-22 10:39:48-04:00,1.0
2011-04-22 10:39:51-04:00,1.0
2011-04-22 10:39:54-04:00,1.0
2011-04-22 10:39:57-04:00,1.0
2011-04-22 10:40:00-04:00,1.0
2011-04-22 10:40:03-04:00,1.0
2011-04-22 10:40:06-04:00,1.0
2011-04-22 10:40:09-04:00,1.0
2011-04-22 10:40:12-04:00,1.0
2011-04-22 10:40:15-04:00,1.0
2011-04-22 10:40:18-04:00,1.0
2011-04-22 10:40:21-04:00,1.0
2011-04-22 10:40:24-04:00,1.0
2011-04-22 10:40:27-04:00,1.0
2011-04-22 10:40:30-04:00,1.0
2011-04-22 10:40:33-04:00,1.0
2011-04-22 10:40:36-04:00,1.0
2011-04-22 10:40:39-04:00,1.0
2011-04-22 10:40:42-04:00,1.0
2011-04-22 10:40:45-04:00,1.0
2011-04-22 10:40:48-04:00,1.0
2011-04-22 10:40:51-04:00,1.0
2011-04-22 10:40:54-04:00,1.0
2011-04-22 10:40:57-04:00,1.0
2011-04-22 10:41:00-04:00,1.0
2011-04-22 10:41:03-04:00,1.0
2011-04-22 10:41:06-04:00,1.0
2011-04-22 10:41:09-04:00,1.0
2011-04-22 10:41:12-04:00,1.0
2011-04-22 10:41:15-04:00,1.0
2011-04-22 10:41:18-04:00,1.0
2011-04-22 10:41:21-04:00,1.0
2011-04-22 10:41:24-04:00,1.0
2011-04-22 10:41:27-04:00,1.0
2011-04-22 10:41:30-04:00,1.0
2011-04-22 10:41:33-04:00,1.0
2011-04-22 10:41:36-04:00,1.0
2011-04-22 10:41:39-04:00,1.0
2011-04-22 10:41:42-04:00,1.0
2011-04-22 10:41:45-04:00,1.0
2011-04-22 10:41:48-04:00,1.0
2011-04-22 10:41:51-04:00,1.0
2011-04-22 10:41:54-04:00,1.0
2011-04-22 10:41:57-04:00,1.0
2011-04-22 10:42:00-04:00,1.0
2011-04-22 10:42:03-04:00,1.0
2011-04-22 10:42:06-04:00,1.0
2011-04-22 10:42:09-04:00,1.0
2011-04-22 10:42:12-04:00,1.0
2011-04-22 10:42:15-04:00,1.0
2011-04-22 10:42:18-04:00,1.0
2011-04-22 10:42:21-04:00,1.0
2011-04-22 10:42:24-04:00,1.0
2011-04-22 10:42:27-04:00,1.0
2011-04-22 10:42:30-04:00,1.0
2011-04-22 10:42:33-04:00,1.0
2011-04-22 10:42:36-04:00,1.0
2011-04-22 10:42:39-04:00,1.0
2011-04-22 10:42:42-04:00,1.0
2011-04-22 10:42:45-04:00,1.0
2011-04-22 10:42:48-04:00,1.0
2011-04-22 10:42:51-04:00,1.0
2011-04-22 10:42:54-04:00,1.0
2011-04-22 10:42:57-04:00,1.0
2011-04-22 10:43:00-04:00,1.0
2011-04-22 10:43:03-04:00,1.0
2011-04-22 10:43:06-04:00,1.0
2011-04-22 10:43:09-04:00,1.0
2011-04-22 10:43:12-04:00,1.0
2011-04-22 10:43:15-04:00,1.0
2011-04-22 10:43:18-04:00,1.0
2011-04-22 10:43:21-04:00,1.0
2011-04-22 10:43:24-04:00,1.0
2011-04-22 10:43:27-04:00,1.0
2011-04-22 10:43:30-04:00,1.0
2011-04-22 10:43:33-04:00,1.0
2011-04-22 10:43:36-04:00,1.0
2011-04-22 10:43:39-04:00,1.0
2011-04-22 10:43:42-04:00,1.0
2011-04-22 10:43:45-04:00,1.0
2011-04-22 10:43:48-04:00,1.0
2011-04-22 10:43:51-04:00,1.0
2011-04-22 10:43:54-04:00,1.0
2011-04-22 10:43:57-04:00,1.0
2011-04-22 10:44:00-04:00,1.0
2011-04-22 10:44:03-04:00,1.0
2011-04-22 10:44:06-04:00,1.0
2011-04-22 10:44:09-04:00,1.0
2011-04-22 10:44:12-04:00,1.0
2011-04-22 10:44:15-04:00,1.0
2011-04-22 10:44:18-04:00,1.0
2011-04-22 10:44:21-04:00,1.0
2011-04-22 10:44:24-04:00,1.0
2011-04-22 10:44:27-04:00,1.0
2011-04-22 10:44:30-04:00,1.0
2011-04-22 10:44:33-04:00,1.0
2011-04-22 10:44:36-04:00,1.0
2011-04-22 10:44:39-04:00,1.0
2011-04-22 10:44:42-04:00,1.0
2011-04-22 10:44:45-04:00,1.0
2011-04-22 10:44:48-04:00,1.0
2011-04-22 10:44:51-04:00,1.0
2011-04-22 10:44:54-04:00,1.0
2011-04-22 10:44:57-04:00,1.0
2011-04-22 10:45:00-04:00,1.0
2011-04-22 10:45:03-04:00,1.0
2011-04-22 10:45:06-04:00,1.0
2011-04-22 10:45:09-04:00,1.0
2011-04-22 10:45:12-04:00,1.0
2011-04-22 10:45:15-04:00,1.0
2011-04-22 10:45:18-04:00,1.0
2011-04-22 10:45:21-04:00,1.0
2011-04-22 10:45:24-04:00,1.0
2011-04-22 10:45:27-04:00,1.0
2011-04-22 10:45:30-04:00,1.0
2011-04-22 10:45:33-04:00,1.0
2011-04-22 10:45:36-04:00,1.0
2011-04-22 10:45:39-04:00,1.0
2011-04-22 10:45:42-04:00,1.0
2011-04-22 10:45:45-04:00,1.0
2011-04-22 10:45:48-04:00,1.0
2011-04-22 10:45:51-04:00,1.0
2011-04-22 10:45:54-04:00,1.0
2011-04-22 10:45:57-04:00,1.0
2011-04-22 10:46:00-04:00,1.0
2011-04-22 10:46:03-04:00,1.0
2011-04-22 10:46:06-04:00,1.0
2011-04-22 10:46:09-04:00,1.0
2011-04-22 10:46:12-04:00,1.0
2011-04-22 10:46:15-04:00,1.0
2011-04-22 10:46:18-04:00,1.0
2011-04-22 10:46:21-04:00,1.0
2011-04-22 10:46:24-04:00,1.0
2011-04-22 10:46:27-04:00,1.0
2011-04-22 10:46:30-04:00,1.0
2011-04-22 10:46:33-04:00,1.0
2011-04-22 10:46:36-04:00,1.0
2011-04-22 10:46:39-04:00,1.0
2011-04-22 10:46:42-04:00,1.0
2011-04-22 10:46:45-04:00,1.0
2011-04-22 10:46:48-04:00,1.0
2011-04-22 10:46:51-04:00,1.0
2011-04-22 10:46:54-04:00,1.0
2011-04-22 10:46:57-04:00,1.0
2011-04-22 10:47:00-04:00,1.0
2011-04-22 10:47:03-04:00,1.0
2011-04-22 10:47:06-04:00,1.0
2011-04-22 10:47:09-04:00,1.0
2011-04-22 10:47:12-04:00,1.0
2011-04-22 10:47:15-04:00,1.0
2011-04-22 10:47:18-04:00,1.0
2011-04-22 10:47:21-04:00,1.0
2011-04-22 10:47:24-04:00,1.0
2011-04-22 10:47:27-04:00,1.0
2011-04-22 10:47:30-04:00,1.0
2011-04-22 10:47:33-04:00,1.0
2011-04-22 10:47:36-04:00,1.0
2011-04-22 10:47:39-04:00,1.0
2011-04-22 10:47:42-04:00,1.0
2011-04-22 10:47:45-04:00,1.0
2011-04-22 10:47:48-04:00,1.0
2011-04-22 10:47:51-04:00,1.0
2011-04-22 10:47:54-04:00,1.0
2011-04-22 10:47:57-04:00,1.0
2011-04-22 10:48:00-04:00,1.0
2011-04-22 10:48:03-04:00,1.0
2011-04-22 10:48:06-04:00,1.0
2011-04-22 10:48:09-04:00,1.0
2011-04-22 10:48:12-04:00,1.0
2011-04-22 10:48:15-04:00,1.0
2011-04-22 10:48:18-04:00,1.0
2011-04-22 10:48:21-04:00,1.0
2011-04-22 10:48:24-04:00,1.0
2011-04-22 10:48:27-04:00,1.0
2011-04-22 10:48:30-04:00,1.0
2011-04-22 10:48:33-04:00,1.0
2011-04-22 10:48:36-04:00,1.0
2011-04-22 10:48:39-04:00,1.0
2011-04-22 10:48:42-04:00,1.0
2011-04-22 10:48:45-04:00,1.0
2011-04-22 10:48:48-04:00,1.0
2011-04-22 10:48:51-04:00,1.0
2011-04-22 10:48:54-04:00,1.0
2011-04-22 10:48:57-04:00,1.0
2011-04-22 10:49:00-04:00,1.0
2011-04-22 10:49:03-04:00,1.0
2011-04-22 10:49:06-04:00,1.0
2011-04-22 10:49:09-04:00,1.0
2011-04-22 10:49:12-04:00,1.0
2011-04-22 10:49:15-04:00,1.0
2011-04-22 10:49:18-04:00,1.0
2011-04-22 10:49:21-04:00,1.0
2011-04-22 10:49:24-04:00,1.0
2011-04-22 10:49:27-04:00,1.0
2011-04-22 10:49:30-04:00,1.0
2011-04-22 10:49:33-04:00,1.0
2011-04-22 10:49:36-04:00,1.0
2011-04-22 10:49:39-04:00,1.0
2011-04-22 10:49:42-04:00,1.0
2011-04-22 10:49:45-04:00,1.0
2011-04-22 10:49:48-04:00,1.0
2011-04-22 10:49:51-04:00,1.0
2011-04-22 10:49:54-04:00,1.0
2011-04-22 10:49:57-04:00,1.0
2011-04-22 10:50:00-04:00,1.0
2011-04-22 10:50:03-04:00,1.0
2011-04-22 10:50:06-04:00,1.0
2011-04-22 10:50:09-04:00,1.0
2011-04-22 10:50:12-04:00,1.0
2011-04-22 10:50:15-04:00,1.0
2011-04-22 10:50:18-04:00,1.0
2011-04-22 10:50:21-04:00,1.0
2011-04-22 10:50:24-04:00,1.0
2011-04-22 10:50:27-04:00,1.0
2011-04-22 10:50:30-04:00,1.0
2011-04-22 10:50:33-04:00,1.0
2011-04-22 10:50:36-04:00,1.0
2011-04-22 10:50:39-04:00,1.0
2011-04-22 10:50:42-04:00,1.0
2011-04-22 10:50:45-04:00,1.0
2011-04-22 10:50:48-04:00,1.0
2011-04-22 10:50:51-04:00,1.0
2011-04-22 10:50:54-04:00,1.0
2011-04-22 10:50:57-04:00,1.0
2011-04-22 10:51:00-04:00,1.0
2011-04-22 10:51:03-04:00,1.0
2011-04-22 10:51:06-04:00,1.0
2011-04-22 10:51:09-04:00,1.0
2011-04-22 10:51:12-04:00,1.0
2011-04-22 10:51:15-04:00,1.0
2011-04-22 10:51:18-04:00,1.0
2011-04-22 10:51:21-04:00,1.0
2011-04-22 10:51:24-04:00,1.0
2011-04-22 10:51:27-04:00,1.0
2011-04-22 10:51:30-04:00,1.0
2011-04-22 10:51:33-04:00,1.0
2011-04-22 10:51:36-04:00,1.0
2011-04-22 10:51:39-04:00,1.0
2011-04-22 10:51:42-04:00,1.0
2011-04-22 10:51:45-04:00,1.0
2011-04-22 10:51:48-04:00,1.0
2011-04-22 10:51:51-04:00,1.0
2011-04-22 10:51:54-04:00,1.0
2011-04-22 10:51:57-04:00,1.0
2011-04-22 10:52:00-04:00,1.0
2011-04-22 10:52:03-04:00,1.0
2011-04-22 10:52:06-04:00,1.0
2011-04-22 10:52:09-04:00,0.75
2011-04-22 10:52:12-04:00,0.0
2011-04-22 10:52:15-04:00,1.0
2011-04-22 10:52:18-04:00,1.0
2011-04-22 10:52:21-04:00,1.0
2011-04-22 10:52:24-04:00,1.0
2011-04-22 10:52:27-04:00,1.0
2011-04-22 10:52:30-04:00,1.0
2011-04-22 10:52:33-04:00,1.0
2011-04-22 10:52:36-04:00,1.0
2011-04-22 10:52:39-04:00,1.0
2011-04-22 10:52:42-04:00,1.0
2011-04-22 10:52:45-04:00,1.0
2011-04-22 10:52:48-04:00,1.0
2011-04-22 10:52:51-04:00,1.0
2011-04-22 10:52:54-04:00,1.0
2011-04-22 10:52:57-04:00,1.0
2011-04-22 10:53:00-04:00,1.0
2011-04-22 10:53:03-04:00,1.0
2011-04-22 10:53:06-04:00,1.0
2011-04-22 10:53:09-04:00,1.0
2011-04-22 10:53:12-04:00,1.0
2011-04-22 10:53:15-04:00,1.0
2011-04-22 10:53:18-04:00,1.0
2011-04-22 10:53:21-04:00,1.0
2011-04-22 10:53:24-04:00,1.0
2011-04-22 10:53:27-04:00,1.0
2011-04-22 10:53:30-04:00,1.0
2011-04-22 10:53:33-04:00,1.0
2011-04-22 10:53:36-04:00,1.0
2011-04-22 10:53:39-04:00,1.0
2011-04-22 10:53:42-04:00,1.0
2011-04-22 10:53:45-04:00,1.0
2011-04-22 10:53:48-04:00,1.0
2011-04-22 10:53:51-04:00,1.0
2011-04-22 10:53:54-04:00,1.0
2011-04-22 10:53:57-04:00,1.0
2011-04-22 10:54:00-04:00,1.0
2011-04-22 10:54:03-04:00,1.0
2011-04-22 10:54:06-04:00,1.0
2011-04-22 10:54:09-04:00,1.0
2011-04-22 10:54:12-04:00,1.0
2011-04-22 10:54:15-04:00,1.0
2011-04-22 10:54:18-04:00,1.0
2011-04-22 10:54:21-04:00,1.0
2011-04-22 10:54:24-04:00,1.0
2011-04-22 10:54:27-04:00,1.0
2011-04-22 10:54:30-04:00,1.0
2011-04-22 10:54:33-04:00,1.0
2011-04-22 10:54:36-04:00,1.0
2011-04-22 10:54:39-04:00,1.0
2011-04-22 10:54:42-04:00,1.0
2011-04-22 10:54:45-04:00,1.0
2011-04-22 10:54:48-04:00,1.0
2011-04-22 10:54:51-04:00,1.0
2011-04-22 10:54:54-04:00,1.0
2011-04-22 10:54:57-04:00,1.0
2011-04-22 10:55:00-04:00,1.0
2011-04-22 10:55:03-04:00,1.0
2011-04-22 10:55:06-04:00,1.0
2011-04-22 10:55:09-04:00,1.0
2011-04-22 10:55:12-04:00,1.0
2011-04-22 10:55:15-04:00,1.0
2011-04-22 10:55:18-04:00,1.0
2011-04-22 10:55:21-04:00,1.0
2011-04-22 10:55:24-04:00,1.0
2011-04-22 10:55:27-04:00,1.0
2011-04-22 10:55:30-04:00,1.0
2011-04-22 10:55:33-04:00,1.0
2011-04-22 10:55:36-04:00,1.0
2011-04-22 10:55:39-04:00,1.0
2011-04-22 10:55:42-04:00,1.0
2011-04-22 10:55:45-04:00,1.0
2011-04-22 10:55:48-04:00,1.0
2011-04-22 10:55:51-04:00,1.0
2011-04-22 10:55:54-04:00,1.0
2011-04-22 10:55:57-04:00,1.0
2011-04-22 10:56:00-04:00,1.0
2011-04-22 10:56:03-04:00,1.0
2011-04-22 10:56:06-04:00,1.0
2011-04-22 10:56:09-04:00,1.0
2011-04-22 10:56:12-04:00,1.0
2011-04-22 10:56:15-04:00,1.0
2011-04-22 10:56:18-04:00,1.0
2011-04-22 10:56:21-04:00,1.0
2011-04-22 10:56:24-04:00,1.0
2011-04-22 10:56:27-04:00,1.0
2011-04-22 10:56:30-04:00,1.0
2011-04-22 10:56:33-04:00,1.0
2011-04-22 10:56:36-04:00,1.0
2011-04-22 10:56:39-04:00,1.0
2011-04-22 10:56:42-04:00,1.0
2011-04-22 10:56:45-04:00,1.0
2011-04-22 10:56:48-04:00,1.0
2011-04-22 10:56:51-04:00,1.0
2011-04-22 10:56:54-04:00,1.0
2011-04-22 10:56:57-04:00,1.0
2011-04-22 10:57:00-04:00,1.0
2011-04-22 10:57:03-04:00,1.0
2011-04-22 10:57:06-04:00,1.0
2011-04-22 10:57:09-04:00,1.0
2011-04-22 10:57:12-04:00,1.0
2011-04-22 10:57:15-04:00,1.0
2011-04-22 10:57:18-04:00,1.0
2011-04-22 10:57:21-04:00,1.0
2011-04-22 10:57:24-04:00,1.0
2011-04-22 10:57:27-04:00,1.0
2011-04-22 10:57:30-04:00,1.0
2011-04-22 10:57:33-04:00,1.0
2011-04-22 10:57:36-04:00,1.0
2011-04-22 10:57:39-04:00,1.0
2011-04-22 10:57:42-04:00,1.0
2011-04-22 10:57:45-04:00,1.0
2011-04-22 10:57:48-04:00,1.0
2011-04-22 10:57:51-04:00,1.0
2011-04-22 10:57:54-04:00,1.0
2011-04-22 10:57:57-04:00,1.0
2011-04-22 10:58:00-04:00,1.0
2011-04-22 10:58:03-04:00,1.0
2011-04-22 10:58:06-04:00,1.0
2011-04-22 10:58:09-04:00,1.0
2011-04-22 10:58:12-04:00,1.0
2011-04-22 10:58:15-04:00,1.0
2011-04-22 10:58:18-04:00,1.0
2011-04-22 10:58:21-04:00,1.0
2011-04-22 10:58:24-04:00,1.0
2011-04-22 10:58:27-04:00,1.0
2011-04-22 10:58:30-04:00,1.0
2011-04-22 10:58:33-04:00,1.0
2011-04-22 10:58:36-04:00,1.0
2011-04-22 10:58:39-04:00,1.0
2011-04-22 10:58:42-04:00,1.0
2011-04-22 10:58:45-04:00,1.0
2011-04-22 10:58:48-04:00,1.0
2011-04-22 10:58:51-04:00,1.0
2011-04-22 10:58:54-04:00,1.0
2011-04-22 10:58:57-04:00,1.0
2011-04-22 10:59:00-04:00,1.0
2011-04-22 10:59:03-04:00,1.0
2011-04-22 10:59:06-04:00,1.0
2011-04-22 10:59:09-04:00,1.0
2011-04-22 10:59:12-04:00,1.0
2011-04-22 10:59:15-04:00,1.0
2011-04-22 10:59:18-04:00,1.0
2011-04-22 10:59:21-04:00,1.0
2011-04-22 10:59:24-04:00,1.0
2011-04-22 10:59:27-04:00,1.0
2011-04-22 10:59:30-04:00,1.0
2011-04-22 10:59:33-04:00,1.0
2011-04-22 10:59:36-04:00,1.0
2011-04-22 10:59:39-04:00,1.0
2011-04-22 10:59:42-04:00,1.0
2011-04-22 10:59:45-04:00,1.0
2011-04-22 10:59:48-04:00,1.0
2011-04-22 10:59:51-04:00,1.0
2011-04-22 10:59:54-04:00,1.0
2011-04-22 10:59:57-04:00,1.0
2011-04-22 11:00:00-04:00,1.0
2011-04-22 11:00:03-04:00,1.0
2011-04-22 11:00:06-04:00,1.0
2011-04-22 11:00:09-04:00,1.0
2011-04-22 11:00:12-04:00,1.0
2011-04-22 11:00:15-04:00,1.0
2011-04-22 11:00:18-04:00,1.0
2011-04-22 11:00:21-04:00,1.0
2011-04-22 11:00:24-04:00,1.0
2011-04-22 11:00:27-04:00,1.0
2011-04-22 11:00:30-04:00,1.0
2011-04-22 11:00:33-04:00,1.0
2011-04-22 11:00:36-04:00,1.0
2011-04-22 11:00:39-04:00,1.0
2011-04-22 11:00:42-04:00,1.0
2011-04-22 11:00:45-04:00,1.0
2011-04-22 11:00:48-04:00,1.0
2011-04-22 11:00:51-04:00,1.0
2011-04-22 11:00:54-04:00,1.0
2011-04-22 11:00:57-04:00,1.0
2011-04-22 11:01:00-04:00,1.0
2011-04-22 11:01:03-04:00,1.0
2011-04-22 11:01:06-04:00,1.0
2011-04-22 11:01:09-04:00,1.0
2011-04-22 11:01:12-04:00,1.0
2011-04-22 11:01:15-04:00,1.0
2011-04-22 11:01:18-04:00,1.0
2011-04-22 11:01:21-04:00,1.0
2011-04-22 11:01:24-04:00,1.0
2011-04-22 11:01:27-04:00,1.0
2011-04-22 11:01:30-04:00,1.0
2011-04-22 11:01:33-04:00,1.0
2011-04-22 11:01:36-04:00,1.0
2011-04-22 11:01:39-04:00,1.0
2011-04-22 11:01:42-04:00,1.0
2011-04-22 11:01:45-04:00,1.0
2011-04-22 11:01:48-04:00,1.0
2011-04-22 11:01:51-04:00,1.0
2011-04-22 11:01:54-04:00,1.0
2011-04-22 11:01:57-04:00,1.0
2011-04-22 11:02:00-04:00,1.0
2011-04-22 11:02:03-04:00,1.0
2011-04-22 11:02:06-04:00,1.0
2011-04-22 11:02:09-04:00,1.0
2011-04-22 11:02:12-04:00,1.0
2011-04-22 11:02:15-04:00,1.0
2011-04-22 11:02:18-04:00,1.0
2011-04-22 11:02:21-04:00,1.0
2011-04-22 11:02:24-04:00,1.0
2011-04-22 11:02:27-04:00,1.0
2011-04-22 11:02:30-04:00,1.0
2011-04-22 11:02:33-04:00,1.0
2011-04-22 11:02:36-04:00,1.0
2011-04-22 11:02:39-04:00,1.0
2011-04-22 11:02:42-04:00,1.0
2011-04-22 11:02:45-04:00,1.0
2011-04-22 11:02:48-04:00,1.0
2011-04-22 11:02:51-04:00,1.0
2011-04-22 11:02:54-04:00,1.0
2011-04-22 11:02:57-04:00,1.0
2011-04-22 11:03:00-04:00,1.0
2011-04-22 11:03:03-04:00,1.0
2011-04-22 11:03:06-04:00,1.0
2011-04-22 11:03:09-04:00,1.0
2011-04-22 11:03:12-04:00,1.0
2011-04-22 11:03:15-04:00,1.0
2011-04-22 11:03:18-04:00,1.0
2011-04-22 11:03:21-04:00,1.0
2011-04-22 11:03:24-04:00,1.0
2011-04-22 11:03:27-04:00,1.0
2011-04-22 11:03:30-04:00,1.0
2011-04-22 11:03:33-04:00,1.0
2011-04-22 11:03:36-04:00,1.0
2011-04-22 11:03:39-04:00,1.0
2011-04-22 11:03:42-04:00,1.0
2011-04-22 11:03:45-04:00,1.0
2011-04-22 11:03:48-04:00,1.0
2011-04-22 11:03:51-04:00,1.0
2011-04-22 11:03:54-04:00,1.0
2011-04-22 11:03:57-04:00,1.0
2011-04-22 11:04:00-04:00,1.0
2011-04-22 11:04:03-04:00,1.0
2011-04-22 11:04:06-04:00,1.0
2011-04-22 11:04:09-04:00,1.0
2011-04-22 11:04:12-04:00,1.0
2011-04-22 11:04:15-04:00,1.0
2011-04-22 11:04:18-04:00,1.0
2011-04-22 11:04:21-04:00,1.0
2011-04-22 11:04:24-04:00,1.0
2011-04-22 11:04:27-04:00,1.0
2011-04-22 11:04:30-04:00,1.0
2011-04-22 11:04:33-04:00,1.0
2011-04-22 11:04:36-04:00,1.0
2011-04-22 11:04:39-04:00,1.0
2011-04-22 11:04:42-04:00,1.0
2011-04-22 11:04:45-04:00,1.0
2011-04-22 11:04:48-04:00,1.0
2011-04-22 11:04:51-04:00,1.0
2011-04-22 11:04:54-04:00,1.0
2011-04-22 11:04:57-04:00,1.0
2011-04-22 11:05:00-04:00,1.0
2011-04-22 11:05:03-04:00,1.0
2011-04-22 11:05:06-04:00,1.0
2011-04-22 11:05:09-04:00,1.0
2011-04-22 11:05:12-04:00,1.0
2011-04-22 11:05:15-04:00,1.0
2011-04-22 11:05:18-04:00,1.0
2011-04-22 11:05:21-04:00,1.0
2011-04-22 11:05:24-04:00,1.0
2011-04-22 11:05:27-04:00,1.0
2011-04-22 11:05:30-04:00,1.0
2011-04-22 11:05:33-04:00,1.0
2011-04-22 11:05:36-04:00,1.0
2011-04-22 11:05:39-04:00,1.0
2011-04-22 11:05:42-04:00,1.0
2011-04-22 11:05:45-04:00,1.0
2011-04-22 11:05:48-04:00,1.0
2011-04-22 11:05:51-04:00,1.0
2011-04-22 11:05:54-04:00,1.0
2011-04-22 11:05:57-04:00,1.0
2011-04-22 11:06:00-04:00,1.0
2011-04-22 11:06:03-04:00,1.0
2011-04-22 11:06:06-04:00,1.0
2011-04-22 11:06:09-04:00,1.0
2011-04-22 11:06:12-04:00,1.0
2011-04-22 11:06:15-04:00,1.0
2011-04-22 11:06:18-04:00,1.0
2011-04-22 11:06:21-04:00,1.0
2011-04-22 11:06:24-04:00,1.0
2011-04-22 11:06:27-04:00,1.0
2011-04-22 11:06:30-04:00,1.0
2011-04-22 11:06:33-04:00,1.0
2011-04-22 11:06:36-04:00,1.0
2011-04-22 11:06:39-04:00,1.0
2011-04-22 11:06:42-04:00,1.0
2011-04-22 11:06:45-04:00,1.0
2011-04-22 11:06:48-04:00,1.0
2011-04-22 11:06:51-04:00,1.0
2011-04-22 11:06:54-04:00,1.0
2011-04-22 11:06:57-04:00,1.0
2011-04-22 11:07:00-04:00,1.0
2011-04-22 11:07:03-04:00,1.0
2011-04-22 11:07:06-04:00,1.0
2011-04-22 11:07:09-04:00,1.0
2011-04-22 11:07:12-04:00,1.0
2011-04-22 11:07:15-04:00,1.0
2011-04-22 11:07:18-04:00,1.0
2011-04-22 11:07:21-04:00,1.0
2011-04-22 11:07:24-04:00,1.0
2011-04-22 11:07:27-04:00,1.0
2011-04-22 11:07:30-04:00,1.0
2011-04-22 11:07:33-04:00,1.0
2011-04-22 11:07:36-04:00,1.0
2011-04-22 11:07:39-04:00,1.0
2011-04-22 11:07:42-04:00,1.0
2011-04-22 11:07:45-04:00,1.0
2011-04-22 11:07:48-04:00,1.0
2011-04-22 11:07:51-04:00,1.0
2011-04-22 11:07:54-04:00,1.0
2011-04-22 11:07:57-04:00,1.0
2011-04-22 11:08:00-04:00,1.0
2011-04-22 11:08:03-04:00,1.0
2011-04-22 11:08:06-04:00,1.0
2011-04-22 11:08:09-04:00,1.0
2011-04-22 11:08:12-04:00,1.0
2011-04-22 11:08:15-04:00,1.0
2011-04-22 11:08:18-04:00,1.0
2011-04-22 11:08:21-04:00,1.0
2011-04-22 11:08:24-04:00,1.0
2011-04-22 11:08:27-04:00,1.0
2011-04-22 11:08:30-04:00,1.0
2011-04-22 11:08:33-04:00,1.0
2011-04-22 11:08:36-04:00,1.0
2011-04-22 11:08:39-04:00,1.0
2011-04-22 11:08:42-04:00,1.0
2011-04-22 11:08:45-04:00,1.0
2011-04-22 11:08:48-04:00,1.0
2011-04-22 11:08:51-04:00,1.0
2011-04-22 11:08:54-04:00,1.0
2011-04-22 11:08:57-04:00,1.0
2011-04-22 11:09:00-04:00,1.0
2011-04-22 11:09:03-04:00,1.0
2011-04-22 11:09:06-04:00,1.0
2011-04-22 11:09:09-04:00,1.0
2011-04-22 11:09:12-04:00,1.0
2011-04-22 11:09:15-04:00,1.0
2011-04-22 11:09:18-04:00,1.0
2011-04-22 11:09:21-04:00,1.0
2011-04-22 11:09:24-04:00,1.0
2011-04-22 11:09:27-04:00,1.0
2011-04-22 11:09:30-04:00,1.0
2011-04-22 11:09:33-04:00,1.0
2011-04-22 11:09:36-04:00,1.0
2011-04-22 11:09:39-04:00,1.0
2011-04-22 11:09:42-04:00,1.0
2011-04-22 11:09:45-04:00,1.0
2011-04-22 11:09:48-04:00,1.0
2011-04-22 11:09:51-04:00,1.0
2011-04-22 11:09:54-04:00,1.0
2011-04-22 11:09:57-04:00,1.0
2011-04-22 11:10:00-04:00,1.0
2011-04-22 11:10:03-04:00,1.0
2011-04-22 11:10:06-04:00,1.0
2011-04-22 11:10:09-04:00,1.0
2011-04-22 11:10:12-04:00,1.0
2011-04-22 11:10:15-04:00,1.0
2011-04-22 11:10:18-04:00,1.0
2011-04-22 11:10:21-04:00,1.0
2011-04-22 11:10:24-04:00,1.0
2011-04-22 11:10:27-04:00,0.0
2011-04-22 11:10:30-04:00,0.3333333333333333
2011-04-22 11:10:33-04:00,0.6666666666666666
2011-04-22 11:10:36-04:00,1.0
2011-04-22 11:10:39-04:00,1.0
2011-04-22 11:10:42-04:00,1.0
2011-04-22 11:10:45-04:00,1.0
2011-04-22 11:10:48-04:00,1.0
2011-04-22 11:10:51-04:00,1.0
2011-04-22 11:10:54-04:00,1.0
2011-04-22 11:10:57-04:00,1.0
2011-04-22 11:11:00-04:00,1.0
2011-04-22 11:11:03-04:00,1.0
2011-04-22 11:11:06-04:00,1.0
2011-04-22 11:11:09-04:00,1.0
2011-04-22 11:11:12-04:00,1.0
2011-04-22 11:11:15-04:00,1.0
2011-04-22 11:11:18-04:00,1.0
2011-04-22 11:11:21-04:00,1.0
2011-04-22 11:11:24-04:00,1.0
2011-04-22 11:11:27-04:00,1.0
2011-04-22 11:11:30-04:00,1.0
2011-04-22 11:11:33-04:00,1.0
2011-04-22 11:11:36-04:00,1.0
2011-04-22 11:11:39-04:00,1.0
2011-04-22 11:11:42-04:00,1.0
2011-04-22 11:11:45-04:00,1.0
2011-04-22 11:11:48-04:00,1.0
2011-04-22 11:11:51-04:00,1.0
2011-04-22 11:11:54-04:00,1.0
2011-04-22 11:11:57-04:00,1.0
2011-04-22 11:12:00-04:00,1.0
2011-04-22 11:12:03-04:00,1.0
2011-04-22 11:12:06-04:00,1.0
2011-04-22 11:12:09-04:00,1.0
2011-04-22 11:12:12-04:00,1.0
2011-04-22 11:12:15-04:00,1.0
2011-04-22 11:12:18-04:00,1.0
2011-04-22 11:12:21-04:00,1.0
2011-04-22 11:12:24-04:00,1.0
2011-04-22 11:12:27-04:00,1.0
2011-04-22 11:12:30-04:00,1.0
2011-04-22 11:12:33-04:00,1.0
2011-04-22 11:12:36-04:00,1.0
2011-04-22 11:12:39-04:00,1.0
2011-04-22 11:12:42-04:00,1.0
2011-04-22 11:12:45-04:00,1.0
2011-04-22 11:12:48-04:00,1.0
2011-04-22 11:12:51-04:00,1.0
2011-04-22 11:12:54-04:00,1.0
2011-04-22 11:12:57-04:00,1.0
2011-04-22 11:13:00-04:00,1.0
2011-04-22 11:13:03-04:00,1.0
2011-04-22 11:13:06-04:00,1.0
2011-04-22 11:13:09-04:00,1.0
2011-04-22 11:13:12-04:00,1.0
2011-04-22 11:13:15-04:00,1.0
2011-04-22 11:13:18-04:00,1.0
2011-04-22 11:13:21-04:00,1.0
2011-04-22 11:13:24-04:00,1.0
2011-04-22 11:13:27-04:00,1.0
2011-04-22 11:13:30-04:00,1.0
2011-04-22 11:13:33-04:00,1.0
2011-04-22 11:13:36-04:00,1.0
2011-04-22 11:13:39-04:00,1.0
2011-04-22 11:13:42-04:00,1.0
2011-04-22 11:13:45-04:00,1.0
2011-04-22 11:13:48-04:00,1.0
2011-04-22 11:13:51-04:00,1.0
2011-04-22 11:13:54-04:00,1.0
2011-04-22 11:13:57-04:00,1.0
2011-04-22 11:14:00-04:00,1.0
2011-04-22 11:14:03-04:00,1.0
2011-04-22 11:14:06-04:00,1.0
2011-04-22 11:14:09-04:00,1.0
2011-04-22 11:14:12-04:00,1.0
2011-04-22 11:14:15-04:00,1.0
2011-04-22 11:14:18-04:00,1.0
2011-04-22 11:14:21-04:00,1.0
2011-04-22 11:14:24-04:00,1.0
2011-04-22 11:14:27-04:00,1.0
2011-04-22 11:14:30-04:00,1.0
2011-04-22 11:14:33-04:00,1.0
2011-04-22 11:14:36-04:00,1.0
2011-04-22 11:14:39-04:00,1.0
2011-04-22 11:14:42-04:00,1.0
2011-04-22 11:14:45-04:00,1.0
2011-04-22 11:14:48-04:00,1.0
2011-04-22 11:14:51-04:00,1.0
2011-04-22 11:14:54-04:00,1.0
2011-04-22 11:14:57-04:00,1.0
2011-04-22 11:15:00-04:00,1.0
2011-04-22 11:15:03-04:00,1.0
2011-04-22 11:15:06-04:00,1.0
2011-04-22 11:15:09-04:00,1.0
2011-04-22 11:15:12-04:00,1.0
2011-04-22 11:15:15-04:00,1.0
2011-04-22 11:15:18-04:00,1.0
2011-04-22 11:15:21-04:00,1.0
2011-04-22 11:15:24-04:00,1.0
2011-04-22 11:15:27-04:00,1.0
2011-04-22 11:15:30-04:00,1.0
2011-04-22 11:15:33-04:00,1.0
2011-04-22 11:15:36-04:00,1.0
2011-04-22 11:15:39-04:00,1.0
2011-04-22 11:15:42-04:00,1.0
2011-04-22 11:15:45-04:00,1.0
2011-04-22 11:15:48-04:00,1.0
2011-04-22 11:15:51-04:00,1.0
2011-04-22 11:15:54-04:00,1.0
2011-04-22 11:15:57-04:00,1.0
2011-04-22 11:16:00-04:00,1.0
2011-04-22 11:16:03-04:00,1.0
2011-04-22 11:16:06-04:00,1.0
2011-04-22 11:16:09-04:00,1.0
2011-04-22 11:16:12-04:00,1.0
2011-04-22 11:16:15-04:00,1.0
2011-04-22 11:16:18-04:00,1.0
2011-04-22 11:16:21-04:00,1.0
2011-04-22 11:16:24-04:00,1.0
2011-04-22 11:16:27-04:00,1.0
2011-04-22 11:16:30-04:00,1.0
2011-04-22 11:16:33-04:00,1.0
2011-04-22 11:16:36-04:00,1.0
2011-04-22 11:16:39-04:00,1.0
2011-04-22 11:16:42-04:00,1.0
2011-04-22 11:16:45-04:00,1.0
2011-04-22 11:16:48-04:00,1.0
2011-04-22 11:16:51-04:00,1.0
2011-04-22 11:16:54-04:00,1.0
2011-04-22 11:16:57-04:00,1.0
2011-04-22 11:17:00-04:00,1.0
2011-04-22 11:17:03-04:00,1.0
2011-04-22 11:17:06-04:00,1.0
2011-04-22 11:17:09-04:00,1.0
2011-04-22 11:17:12-04:00,1.0
2011-04-22 11:17:15-04:00,1.0
2011-04-22 11:17:18-04:00,1.0
2011-04-22 11:17:21-04:00,1.0
2011-04-22 11:17:24-04:00,1.0
2011-04-22 11:17:27-04:00,1.0
2011-04-22 11:17:30-04:00,1.0
2011-04-22 11:17:33-04:00,1.0
2011-04-22 11:17:36-04:00,1.0
2011-04-22 11:17:39-04:00,1.0
2011-04-22 11:17:42-04:00,1.0
2011-04-22 11:17:45-04:00,1.0
2011-04-22 11:17:48-04:00,1.0
2011-04-22 11:17:51-04:00,1.0
2011-04-22 11:17:54-04:00,1.0
2011-04-22 11:17:57-04:00,1.0
2011-04-22 11:18:00-04:00,1.0
2011-04-22 11:18:03-04:00,1.0
2011-04-22 11:18:06-04:00,1.0
2011-04-22 11:18:09-04:00,1.0
2011-04-22 11:18:12-04:00,1.0
2011-04-22 11:18:15-04:00,1.0
2011-04-22 11:18:18-04:00,1.0
2011-04-22 11:18:21-04:00,1.0
2011-04-22 11:18:24-04:00,1.0
2011-04-22 11:18:27-04:00,1.0
2011-04-22 11:18:30-04:00,1.0
2011-04-22 11:18:33-04:00,1.0
2011-04-22 11:18:36-04:00,1.0
2011-04-22 11:18:39-04:00,1.0
2011-04-22 11:18:42-04:00,1.0
2011-04-22 11:18:45-04:00,1.0
2011-04-22 11:18:48-04:00,1.0
2011-04-22 11:18:51-04:00,1.0
2011-04-22 11:18:54-04:00,1.0
2011-04-22 11:18:57-04:00,1.0
2011-04-22 11:19:00-04:00,1.0
2011-04-22 11:19:03-04:00,1.0
2011-04-22 11:19:06-04:00,1.0
2011-04-22 11:19:09-04:00,1.0
2011-04-22 11:19:12-04:00,1.0
2011-04-22 11:19:15-04:00,1.0
2011-04-22 11:19:18-04:00,1.0
2011-04-22 11:19:21-04:00,1.0
2011-04-22 11:19:24-04:00,1.0
2011-04-22 11:19:27-04:00,1.0
2011-04-22 11:19:30-04:00,1.0
2011-04-22 11:19:33-04:00,1.0
2011-04-22 11:19:36-04:00,1.0
2011-04-22 11:19:39-04:00,1.0
2011-04-22 11:19:42-04:00,1.0
2011-04-22 11:19:45-04:00,1.0
2011-04-22 11:19:48-04:00,1.0
2011-04-22 11:19:51-04:00,1.0
2011-04-22 11:19:54-04:00,1.0
2011-04-22 11:19:57-04:00,1.0
2011-04-22 11:20:00-04:00,1.0
2011-04-22 11:20:03-04:00,0.75
2011-04-22 11:20:06-04:00,0.0
2011-04-22 11:20:09-04:00,1.0
2011-04-22 11:20:12-04:00,1.0
2011-04-22 11:20:15-04:00,1.0
2011-04-22 11:20:18-04:00,1.0
2011-04-22 11:20:21-04:00,1.0
2011-04-22 11:20:24-04:00,1.0
2011-04-22 11:20:27-04:00,1.0
2011-04-22 11:20:30-04:00,1.0
2011-04-22 11:20:33-04:00,1.0
2011-04-22 11:20:36-04:00,1.0
2011-04-22 11:20:39-04:00,1.0
2011-04-22 11:20:42-04:00,1.0
2011-04-22 11:20:45-04:00,1.0
2011-04-22 11:20:48-04:00,1.0
2011-04-22 11:20:51-04:00,1.0
2011-04-22 11:20:54-04:00,1.0
2011-04-22 11:20:57-04:00,1.0
2011-04-22 11:21:00-04:00,1.0
2011-04-22 11:21:03-04:00,1.0
2011-04-22 11:21:06-04:00,1.0
2011-04-22 11:21:09-04:00,1.0
2011-04-22 11:21:12-04:00,1.0
2011-04-22 11:21:15-04:00,1.0
2011-04-22 11:21:18-04:00,1.0
2011-04-22 11:21:21-04:00,1.0
2011-04-22 11:21:24-04:00,1.0
2011-04-22 11:21:27-04:00,1.0
2011-04-22 11:21:30-04:00,1.0
2011-04-22 11:21:33-04:00,1.0
2011-04-22 11:21:36-04:00,1.0
2011-04-22 11:21:39-04:00,1.0
2011-04-22 11:21:42-04:00,1.0
2011-04-22 11:21:45-04:00,1.0
2011-04-22 11:21:48-04:00,1.0
2011-04-22 11:21:51-04:00,1.0
2011-04-22 11:21:54-04:00,1.0
2011-04-22 11:21:57-04:00,1.0
2011-04-22 11:22:00-04:00,1.0
2011-04-22 11:22:03-04:00,1.0
2011-04-22 11:22:06-04:00,1.0
2011-04-22 11:22:09-04:00,1.0
2011-04-22 11:22:12-04:00,1.0
2011-04-22 11:22:15-04:00,1.0
2011-04-22 11:22:18-04:00,1.0
2011-04-22 11:22:21-04:00,1.0
2011-04-22 11:22:24-04:00,1.0
2011-04-22 11:22:27-04:00,1.0
2011-04-22 11:22:30-04:00,1.0
2011-04-22 11:22:33-04:00,1.0
2011-04-22 11:22:36-04:00,1.0
2011-04-22 11:22:39-04:00,1.0
2011-04-22 11:22:42-04:00,1.0
2011-04-22 11:22:45-04:00,1.0
2011-04-22 11:22:48-04:00,1.0
2011-04-22 11:22:51-04:00,1.0
2011-04-22 11:22:54-04:00,1.0
2011-04-22 11:22:57-04:00,1.0
2011-04-22 11:23:00-04:00,1.0
2011-04-22 11:23:03-04:00,1.0
2011-04-22 11:23:06-04:00,1.0
2011-04-22 11:23:09-04:00,1.0
2011-04-22 11:23:12-04:00,1.0
2011-04-22 11:23:15-04:00,1.0
2011-04-22 11:23:18-04:00,1.0
2011-04-22 11:23:21-04:00,1.0
2011-04-22 11:23:24-04:00,1.0
2011-04-22 11:23:27-04:00,1.0
2011-04-22 11:23:30-04:00,1.0
2011-04-22 11:23:33-04:00,1.0
2011-04-22 11:23:36-04:00,1.0
2011-04-22 11:23:39-04:00,1.0
2011-04-22 11:23:42-04:00,1.0
2011-04-22 11:23:45-04:00,1.0
2011-04-22 11:23:48-04:00,1.0
2011-04-22 11:23:51-04:00,1.0
2011-04-22 11:23:54-04:00,1.0
2011-04-22 11:23:57-04:00,1.0
2011-04-22 11:24:00-04:00,1.0
2011-04-22 11:24:03-04:00,1.0
2011-04-22 11:24:06-04:00,1.0
2011-04-22 11:24:09-04:00,1.0
2011-04-22 11:24:12-04:00,1.0
2011-04-22 11:24:15-04:00,1.0
2011-04-22 11:24:18-04:00,1.0
2011-04-22 11:24:21-04:00,1.0
2011-04-22 11:24:24-04:00,1.0
2011-04-22 11:24:27-04:00,1.0
2011-04-22 11:24:30-04:00,1.0
2011-04-22 11:24:33-04:00,1.0
2011-04-22 11:24:36-04:00,1.0
2011-04-22 11:24:39-04:00,1.0
2011-04-22 11:24:42-04:00,1.0
2011-04-22 11:24:45-04:00,1.0
2011-04-22 11:24:48-04:00,1.0
2011-04-22 11:24:51-04:00,1.0
2011-04-22 11:24:54-04:00,1.0
2011-04-22 11:24:57-04:00,1.0
2011-04-22 11:25:00-04:00,1.0
2011-04-22 11:25:03-04:00,1.0
2011-04-22 11:25:06-04:00,1.0
2011-04-22 11:25:09-04:00,1.0
2011-04-22 11:25:12-04:00,1.0
2011-04-22 11:25:15-04:00,1.0
2011-04-22 11:25:18-04:00,1.0
2011-04-22 11:25:21-04:00,1.0
2011-04-22 11:25:24-04:00,1.0
2011-04-22 11:25:27-04:00,1.0
2011-04-22 11:25:30-04:00,1.0
2011-04-22 11:25:33-04:00,1.0
2011-04-22 11:25:36-04:00,1.0
2011-04-22 11:25:39-04:00,1.0
2011-04-22 11:25:42-04:00,1.0
2011-04-22 11:25:45-04:00,1.0
2011-04-22 11:25:48-04:00,1.0
2011-04-22 11:25:51-04:00,1.0
2011-04-22 11:25:54-04:00,1.0
2011-04-22 11:25:57-04:00,1.0
2011-04-22 11:26:00-04:00,1.0
2011-04-22 11:26:03-04:00,1.0
2011-04-22 11:26:06-04:00,0.25
2011-04-22 11:26:09-04:00,0.6666666666666666
2011-04-22 11:26:12-04:00,1.0
2011-04-22 11:26:15-04:00,1.0
2011-04-22 11:26:18-04:00,1.0
2011-04-22 11:26:21-04:00,1.0
2011-04-22 11:26:24-04:00,1.0
2011-04-22 11:26:27-04:00,1.0
2011-04-22 11:26:30-04:00,1.0
2011-04-22 11:26:33-04:00,1.0
2011-04-22 11:26:36-04:00,1.0
2011-04-22 11:26:39-04:00,1.0
2011-04-22 11:26:42-04:00,1.0
2011-04-22 11:26:45-04:00,1.0
2011-04-22 11:26:48-04:00,1.0
2011-04-22 11:26:51-04:00,1.0
2011-04-22 11:26:54-04:00,1.0
2011-04-22 11:26:57-04:00,1.0
2011-04-22 11:27:00-04:00,1.0
2011-04-22 11:27:03-04:00,1.0
2011-04-22 11:27:06-04:00,1.0
2011-04-22 11:27:09-04:00,1.0
2011-04-22 11:27:12-04:00,1.0
2011-04-22 11:27:15-04:00,1.0
2011-04-22 11:27:18-04:00,1.0
2011-04-22 11:27:21-04:00,1.0
2011-04-22 11:27:24-04:00,1.0
2011-04-22 11:27:27-04:00,1.0
2011-04-22 11:27:30-04:00,1.0
2011-04-22 11:27:33-04:00,1.0
2011-04-22 11:27:36-04:00,1.0
2011-04-22 11:27:39-04:00,1.0
2011-04-22 11:27:42-04:00,1.0
2011-04-22 11:27:45-04:00,1.0
2011-04-22 11:27:48-04:00,1.0
2011-04-22 11:27:51-04:00,1.0
2011-04-22 11:27:54-04:00,1.0
2011-04-22 11:27:57-04:00,1.0
2011-04-22 11:28:00-04:00,1.0
2011-04-22 11:28:03-04:00,1.0
2011-04-22 11:28:06-04:00,1.0
2011-04-22 11:28:09-04:00,1.0
2011-04-22 11:28:12-04:00,1.0
2011-04-22 11:28:15-04:00,1.0
2011-04-22 11:28:18-04:00,1.0
2011-04-22 11:28:21-04:00,1.0
2011-04-22 11:28:24-04:00,1.0
2011-04-22 11:28:27-04:00,1.0
2011-04-22 11:28:30-04:00,1.0
2011-04-22 11:28:33-04:00,1.0
2011-04-22 11:28:36-04:00,1.0
2011-04-22 11:28:39-04:00,1.0
2011-04-22 11:28:42-04:00,1.0
2011-04-22 11:28:45-04:00,1.0
2011-04-22 11:28:48-04:00,1.0
2011-04-22 11:28:51-04:00,1.0
2011-04-22 11:28:54-04:00,1.0
2011-04-22 11:28:57-04:00,1.0
2011-04-22 11:29:00-04:00,1.0
2011-04-22 11:29:03-04:00,1.0
2011-04-22 11:29:06-04:00,1.0
2011-04-22 11:29:09-04:00,1.0
2011-04-22 11:29:12-04:00,1.0
2011-04-22 11:29:15-04:00,1.0
2011-04-22 11:29:18-04:00,1.0
2011-04-22 11:29:21-04:00,1.0
2011-04-22 11:29:24-04:00,1.0
2011-04-22 11:29:27-04:00,1.0
2011-04-22 11:29:30-04:00,1.0
2011-04-22 11:29:33-04:00,1.0
2011-04-22 11:29:36-04:00,1.0
2011-04-22 11:29:39-04:00,1.0
2011-04-22 11:29:42-04:00,1.0
2011-04-22 11:29:45-04:00,1.0
2011-04-22 11:29:48-04:00,1.0
2011-04-22 11:29:51-04:00,1.0
2011-04-22 11:29:54-04:00,1.0
2011-04-22 11:29:57-04:00,1.0
2011-04-22 11:30:00-04:00,1.0
2011-04-22 11:30:03-04:00,1.0
2011-04-22 11:30:06-04:00,1.0
2011-04-22 11:30:09-04:00,1.0
2011-04-22 11:30:12-04:00,1.0
2011-04-22 11:30:15-04:00,1.0
2011-04-22 11:30:18-04:00,1.0
2011-04-22 11:30:21-04:00,1.0
2011-04-22 11:30:24-04:00,1.0
2011-04-22 11:30:27-04:00,1.0
2011-04-22 11:30:30-04:00,1.0
2011-04-22 11:30:33-04:00,1.0
2011-04-22 11:30:36-04:00,1.0
2011-04-22 11:30:39-04:00,1.0
2011-04-22 11:30:42-04:00,1.0
2011-04-22 11:30:45-04:00,1.0
2011-04-22 11:30:48-04:00,1.0
2011-04-22 11:30:51-04:00,1.0
2011-04-22 11:30:54-04:00,1.0
2011-04-22 11:30:57-04:00,1.0
2011-04-22 11:31:00-04:00,1.0
2011-04-22 11:31:03-04:00,1.0
2011-04-22 11:31:06-04:00,1.0
2011-04-22 11:31:09-04:00,1.0
2011-04-22 11:31:12-04:00,1.0
2011-04-22 11:31:15-04:00,1.0
2011-04-22 11:31:18-04:00,1.0
2011-04-22 11:31:21-04:00,1.0
2011-04-22 11:31:24-04:00,1.0
2011-04-22 11:31:27-04:00,1.0
2011-04-22 11:31:30-04:00,1.0
2011-04-22 11:31:33-04:00,1.0
2011-04-22 11:31:36-04:00,1.0
2011-04-22 11:31:39-04:00,1.0
2011-04-22 11:31:42-04:00,1.0
2011-04-22 11:31:45-04:00,1.0
2011-04-22 11:31:48-04:00,1.0
2011-04-22 11:31:51-04:00,1.0
2011-04-22 11:31:54-04:00,1.0
2011-04-22 11:31:57-04:00,1.0
2011-04-22 11:32:00-04:00,1.0
2011-04-22 11:32:03-04:00,1.0
2011-04-22 11:32:06-04:00,1.0
2011-04-22 11:32:09-04:00,1.0
2011-04-22 11:32:12-04:00,1.0
2011-04-22 11:32:15-04:00,1.0
2011-04-22 11:32:18-04:00,1.0
2011-04-22 11:32:21-04:00,1.0
2011-04-22 11:32:24-04:00,1.0
2011-04-22 11:32:27-04:00,1.0
2011-04-22 11:32:30-04:00,1.0
2011-04-22 11:32:33-04:00,1.0
2011-04-22 11:32:36-04:00,1.0
2011-04-22 11:32:39-04:00,1.0
2011-04-22 11:32:42-04:00,1.0
2011-04-22 11:32:45-04:00,1.0
2011-04-22 11:32:48-04:00,1.0
2011-04-22 11:32:51-04:00,1.0
2011-04-22 11:32:54-04:00,1.0
2011-04-22 11:32:57-04:00,1.0
2011-04-22 11:33:00-04:00,1.0
2011-04-22 11:33:03-04:00,1.0
2011-04-22 11:33:06-04:00,1.0
2011-04-22 11:33:09-04:00,1.0
2011-04-22 11:33:12-04:00,1.0
2011-04-22 11:33:15-04:00,1.0
2011-04-22 11:33:18-04:00,1.0
2011-04-22 11:33:21-04:00,1.0
2011-04-22 11:33:24-04:00,1.0
2011-04-22 11:33:27-04:00,1.0
2011-04-22 11:33:30-04:00,1.0
2011-04-22 11:33:33-04:00,1.0
2011-04-22 11:33:36-04:00,1.0
2011-04-22 11:33:39-04:00,1.0
2011-04-22 11:33:42-04:00,1.0
2011-04-22 11:33:45-04:00,1.0
2011-04-22 11:33:48-04:00,1.0
2011-04-22 11:33:51-04:00,1.0
2011-04-22 11:33:54-04:00,1.0
2011-04-22 11:33:57-04:00,1.0
2011-04-22 11:34:00-04:00,1.0
2011-04-22 11:34:03-04:00,1.0
2011-04-22 11:34:06-04:00,1.0
2011-04-22 11:34:09-04:00,1.0
2011-04-22 11:34:12-04:00,1.0
2011-04-22 11:34:15-04:00,1.0
2011-04-22 11:34:18-04:00,1.0
2011-04-22 11:34:21-04:00,1.0
2011-04-22 11:34:24-04:00,1.0
2011-04-22 11:34:27-04:00,1.0
2011-04-22 11:34:30-04:00,1.0
2011-04-22 11:34:33-04:00,1.0
2011-04-22 11:34:36-04:00,1.0
2011-04-22 11:34:39-04:00,1.0
2011-04-22 11:34:42-04:00,1.0
2011-04-22 11:34:45-04:00,1.0
2011-04-22 11:34:48-04:00,1.0
2011-04-22 11:34:51-04:00,1.0
2011-04-22 11:34:54-04:00,1.0
2011-04-22 11:34:57-04:00,1.0
2011-04-22 11:35:00-04:00,1.0
2011-04-22 11:35:03-04:00,1.0
2011-04-22 11:35:06-04:00,1.0
2011-04-22 11:35:09-04:00,1.0
2011-04-22 11:35:12-04:00,1.0
2011-04-22 11:35:15-04:00,1.0
2011-04-22 11:35:18-04:00,1.0
2011-04-22 11:35:21-04:00,1.0
2011-04-22 11:35:24-04:00,1.0
2011-04-22 11:35:27-04:00,1.0
2011-04-22 11:35:30-04:00,1.0
2011-04-22 11:35:33-04:00,1.0
2011-04-22 11:35:36-04:00,1.0
2011-04-22 11:35:39-04:00,1.0
2011-04-22 11:35:42-04:00,1.0
2011-04-22 11:35:45-04:00,1.0
2011-04-22 11:35:48-04:00,1.0
2011-04-22 11:35:51-04:00,1.0
2011-04-22 11:35:54-04:00,1.0
2011-04-22 11:35:57-04:00,1.0
2011-04-22 11:36:00-04:00,1.0
2011-04-22 11:36:03-04:00,1.0
2011-04-22 11:36:06-04:00,1.0
2011-04-22 11:36:09-04:00,1.0
2011-04-22 11:36:12-04:00,1.0
2011-04-22 11:36:15-04:00,1.0
2011-04-22 11:36:18-04:00,1.0
2011-04-22 11:36:21-04:00,1.0
2011-04-22 11:36:24-04:00,1.0
2011-04-22 11:36:27-04:00,1.0
2011-04-22 11:36:30-04:00,1.0
2011-04-22 11:36:33-04:00,1.0
2011-04-22 11:36:36-04:00,1.0
2011-04-22 11:36:39-04:00,1.0
2011-04-22 11:36:42-04:00,1.0
2011-04-22 11:36:45-04:00,1.0
2011-04-22 11:36:48-04:00,1.0
2011-04-22 11:36:51-04:00,1.0
2011-04-22 11:36:54-04:00,1.0
2011-04-22 11:36:57-04:00,1.0
2011-04-22 11:37:00-04:00,1.0
2011-04-22 11:37:03-04:00,1.0
2011-04-22 11:37:06-04:00,1.0
2011-04-22 11:37:09-04:00,1.0
2011-04-22 11:37:12-04:00,1.0
2011-04-22 11:37:15-04:00,1.0
2011-04-22 11:37:18-04:00,1.0
2011-04-22 11:37:21-04:00,1.0
2011-04-22 11:37:24-04:00,1.0
2011-04-22 11:37:27-04:00,1.0
2011-04-22 11:37:30-04:00,1.0
2011-04-22 11:37:33-04:00,1.0
2011-04-22 11:37:36-04:00,1.0
2011-04-22 11:37:39-04:00,1.0
2011-04-22 11:37:42-04:00,1.0
2011-04-22 11:37:45-04:00,1.0
2011-04-22 11:37:48-04:00,1.0
2011-04-22 11:37:51-04:00,1.0
2011-04-22 11:37:54-04:00,1.0
2011-04-22 11:37:57-04:00,1.0
2011-04-22 11:38:00-04:00,1.0
2011-04-22 11:38:03-04:00,1.0
2011-04-22 11:38:06-04:00,1.0
2011-04-22 11:38:09-04:00,1.0
2011-04-22 11:38:12-04:00,1.0
2011-04-22 11:38:15-04:00,1.0
2011-04-22 11:38:18-04:00,1.0
2011-04-22 11:38:21-04:00,1.0
2011-04-22 11:38:24-04:00,1.0
2011-04-22 11:38:27-04:00,1.0
2011-04-22 11:38:30-04:00,1.0
2011-04-22 11:38:33-04:00,1.0
2011-04-22 11:38:36-04:00,1.0
2011-04-22 11:38:39-04:00,1.0
2011-04-22 11:38:42-04:00,1.0
2011-04-22 11:38:45-04:00,1.0
2011-04-22 11:38:48-04:00,1.0
2011-04-22 11:38:51-04:00,1.0
2011-04-22 11:38:54-04:00,1.0
2011-04-22 11:38:57-04:00,1.0
2011-04-22 11:39:00-04:00,1.0
2011-04-22 11:39:03-04:00,1.0
2011-04-22 11:39:06-04:00,1.0
2011-04-22 11:39:09-04:00,1.0
2011-04-22 11:39:12-04:00,1.0
2011-04-22 11:39:15-04:00,1.0
2011-04-22 11:39:18-04:00,1.0
2011-04-22 11:39:21-04:00,1.0
2011-04-22 11:39:24-04:00,1.0
2011-04-22 11:39:27-04:00,1.0
2011-04-22 11:39:30-04:00,1.0
2011-04-22 11:39:33-04:00,1.0
2011-04-22 11:39:36-04:00,1.0
2011-04-22 11:39:39-04:00,1.0
2011-04-22 11:39:42-04:00,1.0
2011-04-22 11:39:45-04:00,1.0
2011-04-22 11:39:48-04:00,1.0
2011-04-22 11:39:51-04:00,1.0
2011-04-22 11:39:54-04:00,1.0
2011-04-22 11:39:57-04:00,1.0
2011-04-22 11:40:00-04:00,1.0
2011-04-22 11:40:03-04:00,1.0
2011-04-22 11:40:06-04:00,1.0
2011-04-22 11:40:09-04:00,1.0
2011-04-22 11:40:12-04:00,1.0
2011-04-22 11:40:15-04:00,1.0
2011-04-22 11:40:18-04:00,1.0
2011-04-22 11:40:21-04:00,1.0
2011-04-22 11:40:24-04:00,1.0
2011-04-22 11:40:27-04:00,1.0
2011-04-22 11:40:30-04:00,1.0
2011-04-22 11:40:33-04:00,1.0
2011-04-22 11:40:36-04:00,1.0
2011-04-22 11:40:39-04:00,1.0
2011-04-22 11:40:42-04:00,1.0
2011-04-22 11:40:45-04:00,1.0
2011-04-22 11:40:48-04:00,1.0
2011-04-22 11:40:51-04:00,1.0
2011-04-22 11:40:54-04:00,1.0
2011-04-22 11:40:57-04:00,1.0
2011-04-22 11:41:00-04:00,1.0
2011-04-22 11:41:03-04:00,1.0
2011-04-22 11:41:06-04:00,1.0
2011-04-22 11:41:09-04:00,1.0
2011-04-22 11:41:12-04:00,1.0
2011-04-22 11:41:15-04:00,1.0
2011-04-22 11:41:18-04:00,1.0
2011-04-22 11:41:21-04:00,1.0
2011-04-22 11:41:24-04:00,1.0
2011-04-22 11:41:27-04:00,1.0
2011-04-22 11:41:30-04:00,1.0
2011-04-22 11:41:33-04:00,1.0
2011-04-22 11:41:36-04:00,1.0
2011-04-22 11:41:39-04:00,1.0
2011-04-22 11:41:42-04:00,1.0
2011-04-22 11:41:45-04:00,1.0
2011-04-22 11:41:48-04:00,1.0
2011-04-22 11:41:51-04:00,1.0
2011-04-22 11:41:54-04:00,1.0
2011-04-22 11:41:57-04:00,1.0
2011-04-22 11:42:00-04:00,1.0
2011-04-22 11:42:03-04:00,1.0
2011-04-22 11:42:06-04:00,1.0
2011-04-22 11:42:09-04:00,1.0
2011-04-22 11:42:12-04:00,1.0
2011-04-22 11:42:15-04:00,1.0
2011-04-22 11:42:18-04:00,1.0
2011-04-22 11:42:21-04:00,1.0
2011-04-22 11:42:24-04:00,1.0
2011-04-22 11:42:27-04:00,1.0
2011-04-22 11:42:30-04:00,1.0
2011-04-22 11:42:33-04:00,1.0
2011-04-22 11:42:36-04:00,1.0
2011-04-22 11:42:39-04:00,1.0
2011-04-22 11:42:42-04:00,1.0
2011-04-22 11:42:45-04:00,1.0
2011-04-22 11:42:48-04:00,1.0
2011-04-22 11:42:51-04:00,1.0
2011-04-22 11:42:54-04:00,1.0
2011-04-22 11:42:57-04:00,1.0
2011-04-22 11:43:00-04:00,1.0
2011-04-22 11:43:03-04:00,1.0
2011-04-22 11:43:06-04:00,1.0
2011-04-22 11:43:09-04:00,1.0
2011-04-22 11:43:12-04:00,1.0
2011-04-22 11:43:15-04:00,1.0
2011-04-22 11:43:18-04:00,1.0
2011-04-22 11:43:21-04:00,1.0
2011-04-22 11:43:24-04:00,1.0
2011-04-22 11:43:27-04:00,1.0
2011-04-22 11:43:30-04:00,1.0
2011-04-22 11:43:33-04:00,1.0
2011-04-22 11:43:36-04:00,1.0
2011-04-22 11:43:39-04:00,1.0
2011-04-22 11:43:42-04:00,1.0
2011-04-22 11:43:45-04:00,1.0
2011-04-22 11:43:48-04:00,1.0
2011-04-22 11:43:51-04:00,1.0
2011-04-22 11:43:54-04:00,1.0
2011-04-22 11:43:57-04:00,1.0
2011-04-22 11:44:00-04:00,1.0
2011-04-22 11:44:03-04:00,1.0
2011-04-22 11:44:06-04:00,1.0
2011-04-22 11:44:09-04:00,1.0
2011-04-22 11:44:12-04:00,1.0
2011-04-22 11:44:15-04:00,1.0
2011-04-22 11:44:18-04:00,1.0
2011-04-22 11:44:21-04:00,1.0
2011-04-22 11:44:24-04:00,1.0
2011-04-22 11:44:27-04:00,1.0
2011-04-22 11:44:30-04:00,1.0
2011-04-22 11:44:33-04:00,1.0
2011-04-22 11:44:36-04:00,1.0
2011-04-22 11:44:39-04:00,1.0
2011-04-22 11:44:42-04:00,1.0
2011-04-22 11:44:45-04:00,1.0
2011-04-22 11:44:48-04:00,1.0
2011-04-22 11:44:51-04:00,1.0
2011-04-22 11:44:54-04:00,1.0
2011-04-22 11:44:57-04:00,1.0
2011-04-22 11:45:00-04:00,1.0
2011-04-22 11:45:03-04:00,1.0
2011-04-22 11:45:06-04:00,1.0
2011-04-22 11:45:09-04:00,1.0
2011-04-22 11:45:12-04:00,1.0
2011-04-22 11:45:15-04:00,1.0
2011-04-22 11:45:18-04:00,1.0
2011-04-22 11:45:21-04:00,1.0
2011-04-22 11:45:24-04:00,1.0
2011-04-22 11:45:27-04:00,1.0
2011-04-22 11:45:30-04:00,1.0
2011-04-22 11:45:33-04:00,1.0
2011-04-22 11:45:36-04:00,1.0
2011-04-22 11:45:39-04:00,1.0
2011-04-22 11:45:42-04:00,1.0
2011-04-22 11:45:45-04:00,1.0
2011-04-22 11:45:48-04:00,1.0
2011-04-22 11:45:51-04:00,1.0
2011-04-22 11:45:54-04:00,1.0
2011-04-22 11:45:57-04:00,1.0
2011-04-22 11:46:00-04:00,1.0
2011-04-22 11:46:03-04:00,1.0
2011-04-22 11:46:06-04:00,1.0
2011-04-22 11:46:09-04:00,1.0
2011-04-22 11:46:12-04:00,1.0
2011-04-22 11:46:15-04:00,1.0
2011-04-22 11:46:18-04:00,1.0
2011-04-22 11:46:21-04:00,1.0
2011-04-22 11:46:24-04:00,1.0
2011-04-22 11:46:27-04:00,1.0
2011-04-22 11:46:30-04:00,1.0
2011-04-22 11:46:33-04:00,1.0
2011-04-22 11:46:36-04:00,1.0
2011-04-22 11:46:39-04:00,1.0
2011-04-22 11:46:42-04:00,1.0
2011-04-22 11:46:45-04:00,1.0
2011-04-22 11:46:48-04:00,1.0
2011-04-22 11:46:51-04:00,1.0
2011-04-22 11:46:54-04:00,1.0
2011-04-22 11:46:57-04:00,1.0
2011-04-22 11:47:00-04:00,1.0
2011-04-22 11:47:03-04:00,1.0
2011-04-22 11:47:06-04:00,1.0
2011-04-22 11:47:09-04:00,1.0
2011-04-22 11:47:12-04:00,1.0
2011-04-22 11:47:15-04:00,1.0
2011-04-22 11:47:18-04:00,1.0
2011-04-22 11:47:21-04:00,1.0
2011-04-22 11:47:24-04:00,1.0
2011-04-22 11:47:27-04:00,1.0
2011-04-22 11:47:30-04:00,1.0
2011-04-22 11:47:33-04:00,1.0
2011-04-22 11:47:36-04:00,1.0
2011-04-22 11:47:39-04:00,1.0
2011-04-22 11:47:42-04:00,1.0
2011-04-22 11:47:45-04:00,1.0
2011-04-22 11:47:48-04:00,1.0
2011-04-22 11:47:51-04:00,1.0
2011-04-22 11:47:54-04:00,1.0
2011-04-22 11:47:57-04:00,1.0
2011-04-22 11:48:00-04:00,1.0
2011-04-22 11:48:03-04:00,1.0
2011-04-22 11:48:06-04:00,1.0
2011-04-22 11:48:09-04:00,1.0
2011-04-22 11:48:12-04:00,1.0
2011-04-22 11:48:15-04:00,1.0
2011-04-22 11:48:18-04:00,1.0
2011-04-22 11:48:21-04:00,1.0
2011-04-22 11:48:24-04:00,1.0
2011-04-22 11:48:27-04:00,1.0
2011-04-22 11:48:30-04:00,1.0
2011-04-22 11:48:33-04:00,1.0
2011-04-22 11:48:36-04:00,1.0
2011-04-22 11:48:39-04:00,1.0
2011-04-22 11:48:42-04:00,1.0
2011-04-22 11:48:45-04:00,1.0
2011-04-22 11:48:48-04:00,1.0
2011-04-22 11:48:51-04:00,1.0
2011-04-22 11:48:54-04:00,1.0
2011-04-22 11:48:57-04:00,1.0
2011-04-22 11:49:00-04:00,1.0
2011-04-22 11:49:03-04:00,1.0
2011-04-22 11:49:06-04:00,1.0
2011-04-22 11:49:09-04:00,1.0
2011-04-22 11:49:12-04:00,1.0
2011-04-22 11:49:15-04:00,1.0
2011-04-22 11:49:18-04:00,1.0
2011-04-22 11:49:21-04:00,1.0
2011-04-22 11:49:24-04:00,1.0
2011-04-22 11:49:27-04:00,1.0
2011-04-22 11:49:30-04:00,1.0
2011-04-22 11:49:33-04:00,1.0
2011-04-22 11:49:36-04:00,1.0
2011-04-22 11:49:39-04:00,1.0
2011-04-22 11:49:42-04:00,1.0
2011-04-22 11:49:45-04:00,1.0
2011-04-22 11:49:48-04:00,1.0
2011-04-22 11:49:51-04:00,1.0
2011-04-22 11:49:54-04:00,1.0
2011-04-22 11:49:57-04:00,1.0
2011-04-22 11:50:00-04:00,1.0
2011-04-22 11:50:03-04:00,1.0
2011-04-22 11:50:06-04:00,1.0
2011-04-22 11:50:09-04:00,1.0
2011-04-22 11:50:12-04:00,1.0
2011-04-22 11:50:15-04:00,1.0
2011-04-22 11:50:18-04:00,1.0
2011-04-22 11:50:21-04:00,1.0
2011-04-22 11:50:24-04:00,1.0
2011-04-22 11:50:27-04:00,1.0
2011-04-22 11:50:30-04:00,1.0
2011-04-22 11:50:33-04:00,1.0
2011-04-22 11:50:36-04:00,1.0
2011-04-22 11:50:39-04:00,1.0
2011-04-22 11:50:42-04:00,1.0
2011-04-22 11:50:45-04:00,1.0
2011-04-22 11:50:48-04:00,1.0
2011-04-22 11:50:51-04:00,1.0
2011-04-22 11:50:54-04:00,1.0
2011-04-22 11:50:57-04:00,1.0
2011-04-22 11:51:00-04:00,1.0
2011-04-22 11:51:03-04:00,1.0
2011-04-22 11:51:06-04:00,1.0
2011-04-22 11:51:09-04:00,1.0
2011-04-22 11:51:12-04:00,1.0
2011-04-22 11:51:15-04:00,1.0
2011-04-22 11:51:18-04:00,1.0
2011-04-22 11:51:21-04:00,1.0
2011-04-22 11:51:24-04:00,1.0
2011-04-22 11:51:27-04:00,1.0
2011-04-22 11:51:30-04:00,1.0
2011-04-22 11:51:33-04:00,1.0
2011-04-22 11:51:36-04:00,1.0
2011-04-22 11:51:39-04:00,1.0
2011-04-22 11:51:42-04:00,1.0
2011-04-22 11:51:45-04:00,1.0
2011-04-22 11:51:48-04:00,1.0
2011-04-22 11:51:51-04:00,1.0
2011-04-22 11:51:54-04:00,1.0
2011-04-22 11:51:57-04:00,1.0
2011-04-22 11:52:00-04:00,1.0
2011-04-22 11:52:03-04:00,1.0
2011-04-22 11:52:06-04:00,1.0
2011-04-22 11:52:09-04:00,1.0
2011-04-22 11:52:12-04:00,1.0
2011-04-22 11:52:15-04:00,1.0
2011-04-22 11:52:18-04:00,1.0
2011-04-22 11:52:21-04:00,1.0
2011-04-22 11:52:24-04:00,1.0
2011-04-22 11:52:27-04:00,1.0
2011-04-22 11:52:30-04:00,1.0
2011-04-22 11:52:33-04:00,1.0
2011-04-22 11:52:36-04:00,1.0
2011-04-22 11:52:39-04:00,1.0
2011-04-22 11:52:42-04:00,1.0
2011-04-22 11:52:45-04:00,1.0
2011-04-22 11:52:48-04:00,1.0
2011-04-22 11:52:51-04:00,1.0
2011-04-22 11:52:54-04:00,1.0
2011-04-22 11:52:57-04:00,1.0
2011-04-22 11:53:00-04:00,1.0
2011-04-22 11:53:03-04:00,1.0
2011-04-22 11:53:06-04:00,1.0
2011-04-22 11:53:09-04:00,1.0
2011-04-22 11:53:12-04:00,1.0
2011-04-22 11:53:15-04:00,1.0
2011-04-22 11:53:18-04:00,1.0
2011-04-22 11:53:21-04:00,1.0
2011-04-22 11:53:24-04:00,1.0
2011-04-22 11:53:27-04:00,1.0
2011-04-22 11:53:30-04:00,1.0
2011-04-22 11:53:33-04:00,1.0
2011-04-22 11:53:36-04:00,0.75
2011-04-22 11:53:39-04:00,0.0
2011-04-22 11:53:42-04:00,1.0
2011-04-22 11:53:45-04:00,1.0
2011-04-22 11:53:48-04:00,1.0
2011-04-22 11:53:51-04:00,1.0
2011-04-22 11:53:54-04:00,1.0
2011-04-22 11:53:57-04:00,1.0
2011-04-22 11:54:00-04:00,1.0
2011-04-22 11:54:03-04:00,1.0
2011-04-22 11:54:06-04:00,1.0
2011-04-22 11:54:09-04:00,1.0
2011-04-22 11:54:12-04:00,1.0
2011-04-22 11:54:15-04:00,1.0
2011-04-22 11:54:18-04:00,1.0
2011-04-22 11:54:21-04:00,1.0
2011-04-22 11:54:24-04:00,1.0
2011-04-22 11:54:27-04:00,1.0
2011-04-22 11:54:30-04:00,1.0
2011-04-22 11:54:33-04:00,1.0
2011-04-22 11:54:36-04:00,1.0
2011-04-22 11:54:39-04:00,1.0
2011-04-22 11:54:42-04:00,1.0
2011-04-22 11:54:45-04:00,1.0
2011-04-22 11:54:48-04:00,1.0
2011-04-22 11:54:51-04:00,1.0
2011-04-22 11:54:54-04:00,1.0
2011-04-22 11:54:57-04:00,1.0
2011-04-22 11:55:00-04:00,1.0
2011-04-22 11:55:03-04:00,1.0
2011-04-22 11:55:06-04:00,1.0
2011-04-22 11:55:09-04:00,1.0
2011-04-22 11:55:12-04:00,1.0
2011-04-22 11:55:15-04:00,1.0
2011-04-22 11:55:18-04:00,1.0
2011-04-22 11:55:21-04:00,1.0
2011-04-22 11:55:24-04:00,1.0
2011-04-22 11:55:27-04:00,1.0
2011-04-22 11:55:30-04:00,1.0
2011-04-22 11:55:33-04:00,1.0
2011-04-22 11:55:36-04:00,1.0
2011-04-22 11:55:39-04:00,1.0
2011-04-22 11:55:42-04:00,1.0
2011-04-22 11:55:45-04:00,1.0
2011-04-22 11:55:48-04:00,1.0
2011-04-22 11:55:51-04:00,1.0
2011-04-22 11:55:54-04:00,1.0
2011-04-22 11:55:57-04:00,1.0
2011-04-22 11:56:00-04:00,1.0
2011-04-22 11:56:03-04:00,1.0
2011-04-22 11:56:06-04:00,1.0
2011-04-22 11:56:09-04:00,1.0
2011-04-22 11:56:12-04:00,1.0
2011-04-22 11:56:15-04:00,1.0
2011-04-22 11:56:18-04:00,1.0
2011-04-22 11:56:21-04:00,1.0
2011-04-22 11:56:24-04:00,1.0
2011-04-22 11:56:27-04:00,1.0
2011-04-22 11:56:30-04:00,1.0
2011-04-22 11:56:33-04:00,1.0
2011-04-22 11:56:36-04:00,1.0
2011-04-22 11:56:39-04:00,1.0
2011-04-22 11:56:42-04:00,1.0
2011-04-22 11:56:45-04:00,1.0
2011-04-22 11:56:48-04:00,1.0
2011-04-22 11:56:51-04:00,1.0
2011-04-22 11:56:54-04:00,1.0
2011-04-22 11:56:57-04:00,1.0
2011-04-22 11:57:00-04:00,1.0
2011-04-22 11:57:03-04:00,1.0
2011-04-22 11:57:06-04:00,1.0
2011-04-22 11:57:09-04:00,1.0
2011-04-22 11:57:12-04:00,1.0
2011-04-22 11:57:15-04:00,1.0
2011-04-22 11:57:18-04:00,1.0
2011-04-22 11:57:21-04:00,1.0
2011-04-22 11:57:24-04:00,1.0
2011-04-22 11:57:27-04:00,1.0
2011-04-22 11:57:30-04:00,1.0
2011-04-22 11:57:33-04:00,1.0
2011-04-22 11:57:36-04:00,1.0
2011-04-22 11:57:39-04:00,1.0
2011-04-22 11:57:42-04:00,1.0
2011-04-22 11:57:45-04:00,1.0
2011-04-22 11:57:48-04:00,1.0
2011-04-22 11:57:51-04:00,1.0
2011-04-22 11:57:54-04:00,1.0
2011-04-22 11:57:57-04:00,1.0
2011-04-22 11:58:00-04:00,1.0
2011-04-22 11:58:03-04:00,1.0
2011-04-22 11:58:06-04:00,1.0
2011-04-22 11:58:09-04:00,1.0
2011-04-22 11:58:12-04:00,1.0
2011-04-22 11:58:15-04:00,1.0
2011-04-22 11:58:18-04:00,1.0
2011-04-22 11:58:21-04:00,1.0
2011-04-22 11:58:24-04:00,1.0
2011-04-22 11:58:27-04:00,1.0
2011-04-22 11:58:30-04:00,1.0
2011-04-22 11:58:33-04:00,1.0
2011-04-22 11:58:36-04:00,1.0
2011-04-22 11:58:39-04:00,1.0
2011-04-22 11:58:42-04:00,1.0
2011-04-22 11:58:45-04:00,1.0
2011-04-22 11:58:48-04:00,1.0
2011-04-22 11:58:51-04:00,1.0
2011-04-22 11:58:54-04:00,1.0
2011-04-22 11:58:57-04:00,1.0
2011-04-22 11:59:00-04:00,1.0
2011-04-22 11:59:03-04:00,1.0
2011-04-22 11:59:06-04:00,1.0
2011-04-22 11:59:09-04:00,1.0
2011-04-22 11:59:12-04:00,1.0
2011-04-22 11:59:15-04:00,1.0
2011-04-22 11:59:18-04:00,1.0
2011-04-22 11:59:21-04:00,1.0
2011-04-22 11:59:24-04:00,1.0
2011-04-22 11:59:27-04:00,1.0
2011-04-22 11:59:30-04:00,1.0
2011-04-22 11:59:33-04:00,1.0
2011-04-22 11:59:36-04:00,1.0
2011-04-22 11:59:39-04:00,1.0
2011-04-22 11:59:42-04:00,1.0
2011-04-22 11:59:45-04:00,1.0
2011-04-22 11:59:48-04:00,1.0
2011-04-22 11:59:51-04:00,1.0
2011-04-22 11:59:54-04:00,1.0
2011-04-22 11:59:57-04:00,1.0
2011-04-22 12:00:00-04:00,1.0
2011-04-22 12:00:03-04:00,1.0
2011-04-22 12:00:06-04:00,1.0
2011-04-22 12:00:09-04:00,1.0
2011-04-22 12:00:12-04:00,1.0
2011-04-22 12:00:15-04:00,1.0
2011-04-22 12:00:18-04:00,1.0
2011-04-22 12:00:21-04:00,1.0
2011-04-22 12:00:24-04:00,1.0
2011-04-22 12:00:27-04:00,1.0
2011-04-22 12:00:30-04:00,1.0
2011-04-22 12:00:33-04:00,1.0
2011-04-22 12:00:36-04:00,1.0
2011-04-22 12:00:39-04:00,1.0
2011-04-22 12:00:42-04:00,1.0
2011-04-22 12:00:45-04:00,1.0
2011-04-22 12:00:48-04:00,1.0
2011-04-22 12:00:51-04:00,1.0
2011-04-22 12:00:54-04:00,1.0
2011-04-22 12:00:57-04:00,1.0
2011-04-22 12:01:00-04:00,1.0
2011-04-22 12:01:03-04:00,1.0
2011-04-22 12:01:06-04:00,1.0
2011-04-22 12:01:09-04:00,1.0
2011-04-22 12:01:12-04:00,1.0
2011-04-22 12:01:15-04:00,1.0
2011-04-22 12:01:18-04:00,1.0
2011-04-22 12:01:21-04:00,1.0
2011-04-22 12:01:24-04:00,1.0
2011-04-22 12:01:27-04:00,1.0
2011-04-22 12:01:30-04:00,1.0
2011-04-22 12:01:33-04:00,1.0
2011-04-22 12:01:36-04:00,1.0
2011-04-22 12:01:39-04:00,1.0
2011-04-22 12:01:42-04:00,1.0
2011-04-22 12:01:45-04:00,1.0
2011-04-22 12:01:48-04:00,1.0
2011-04-22 12:01:51-04:00,1.0
2011-04-22 12:01:54-04:00,1.0
2011-04-22 12:01:57-04:00,1.0
2011-04-22 12:02:00-04:00,1.0
2011-04-22 12:02:03-04:00,1.0
2011-04-22 12:02:06-04:00,1.0
2011-04-22 12:02:09-04:00,1.0
2011-04-22 12:02:12-04:00,1.0
2011-04-22 12:02:15-04:00,1.0
2011-04-22 12:02:18-04:00,1.0
2011-04-22 12:02:21-04:00,1.0
2011-04-22 12:02:24-04:00,1.0
2011-04-22 12:02:27-04:00,1.0
2011-04-22 12:02:30-04:00,1.0
2011-04-22 12:02:33-04:00,1.0
2011-04-22 12:02:36-04:00,1.0
2011-04-22 12:02:39-04:00,1.0
2011-04-22 12:02:42-04:00,1.0
2011-04-22 12:02:45-04:00,1.0
2011-04-22 12:02:48-04:00,1.0
2011-04-22 12:02:51-04:00,1.0
2011-04-22 12:02:54-04:00,1.0
2011-04-22 12:02:57-04:00,1.0
2011-04-22 12:03:00-04:00,1.0
2011-04-22 12:03:03-04:00,1.0
2011-04-22 12:03:06-04:00,1.0
2011-04-22 12:03:09-04:00,1.0
2011-04-22 12:03:12-04:00,1.0
2011-04-22 12:03:15-04:00,1.0
2011-04-22 12:03:18-04:00,1.0
2011-04-22 12:03:21-04:00,1.0
2011-04-22 12:03:24-04:00,1.0
2011-04-22 12:03:27-04:00,1.0
2011-04-22 12:03:30-04:00,1.0
2011-04-22 12:03:33-04:00,1.0
2011-04-22 12:03:36-04:00,1.0
2011-04-22 12:03:39-04:00,1.0
2011-04-22 12:03:42-04:00,1.0
2011-04-22 12:03:45-04:00,1.0
2011-04-22 12:03:48-04:00,1.0
2011-04-22 12:03:51-04:00,1.0
2011-04-22 12:03:54-04:00,1.0
2011-04-22 12:03:57-04:00,1.0
2011-04-22 12:04:00-04:00,1.0
2011-04-22 12:04:03-04:00,1.0
2011-04-22 12:04:06-04:00,1.0
2011-04-22 12:04:09-04:00,1.0
2011-04-22 12:04:12-04:00,1.0
2011-04-22 12:04:15-04:00,1.0
2011-04-22 12:04:18-04:00,1.0
2011-04-22 12:04:21-04:00,1.0
2011-04-22 12:04:24-04:00,1.0
2011-04-22 12:04:27-04:00,1.0
2011-04-22 12:04:30-04:00,1.0
2011-04-22 12:04:33-04:00,1.0
2011-04-22 12:04:36-04:00,1.0
2011-04-22 12:04:39-04:00,1.0
2011-04-22 12:04:42-04:00,1.0
2011-04-22 12:04:45-04:00,1.0
2011-04-22 12:04:48-04:00,1.0
2011-04-22 12:04:51-04:00,1.0
2011-04-22 12:04:54-04:00,1.0
2011-04-22 12:04:57-04:00,1.0
2011-04-22 12:05:00-04:00,1.0
2011-04-22 12:05:03-04:00,1.0
2011-04-22 12:05:06-04:00,1.0
2011-04-22 12:05:09-04:00,1.0
2011-04-22 12:05:12-04:00,1.0
2011-04-22 12:05:15-04:00,1.0
2011-04-22 12:05:18-04:00,1.0
2011-04-22 12:05:21-04:00,1.0
2011-04-22 12:05:24-04:00,1.0
2011-04-22 12:05:27-04:00,1.0
2011-04-22 12:05:30-04:00,1.0
2011-04-22 12:05:33-04:00,1.0
2011-04-22 12:05:36-04:00,1.0
2011-04-22 12:05:39-04:00,1.0
2011-04-22 12:05:42-04:00,1.0
2011-04-22 12:05:45-04:00,1.0
2011-04-22 12:05:48-04:00,1.0
2011-04-22 12:05:51-04:00,1.0
2011-04-22 12:05:54-04:00,1.0
2011-04-22 12:05:57-04:00,1.0
2011-04-22 12:06:00-04:00,1.0
2011-04-22 12:06:03-04:00,1.0
2011-04-22 12:06:06-04:00,1.0
2011-04-22 12:06:09-04:00,1.0
2011-04-22 12:06:12-04:00,1.0
2011-04-22 12:06:15-04:00,1.0
2011-04-22 12:06:18-04:00,1.0
2011-04-22 12:06:21-04:00,1.0
2011-04-22 12:06:24-04:00,1.0
2011-04-22 12:06:27-04:00,1.0
2011-04-22 12:06:30-04:00,1.0
2011-04-22 12:06:33-04:00,1.0
2011-04-22 12:06:36-04:00,1.0
2011-04-22 12:06:39-04:00,1.0
2011-04-22 12:06:42-04:00,1.0
2011-04-22 12:06:45-04:00,1.0
2011-04-22 12:06:48-04:00,1.0
2011-04-22 12:06:51-04:00,1.0
2011-04-22 12:06:54-04:00,1.0
2011-04-22 12:06:57-04:00,1.0
2011-04-22 12:07:00-04:00,1.0
2011-04-22 12:07:03-04:00,1.0
2011-04-22 12:07:06-04:00,1.0
2011-04-22 12:07:09-04:00,1.0
2011-04-22 12:07:12-04:00,1.0
2011-04-22 12:07:15-04:00,1.0
2011-04-22 12:07:18-04:00,1.0
2011-04-22 12:07:21-04:00,1.0
2011-04-22 12:07:24-04:00,1.0
2011-04-22 12:07:27-04:00,1.0
2011-04-22 12:07:30-04:00,1.0
2011-04-22 12:07:33-04:00,1.0
2011-04-22 12:07:36-04:00,1.0
2011-04-22 12:07:39-04:00,1.0
2011-04-22 12:07:42-04:00,1.0
2011-04-22 12:07:45-04:00,1.0
2011-04-22 12:07:48-04:00,1.0
2011-04-22 12:07:51-04:00,1.0
2011-04-22 12:07:54-04:00,1.0
2011-04-22 12:07:57-04:00,1.0
2011-04-22 12:08:00-04:00,1.0
2011-04-22 12:08:03-04:00,1.0
2011-04-22 12:08:06-04:00,1.0
2011-04-22 12:08:09-04:00,1.0
2011-04-22 12:08:12-04:00,1.0
2011-04-22 12:08:15-04:00,1.0
2011-04-22 12:08:18-04:00,1.0
2011-04-22 12:08:21-04:00,1.0
2011-04-22 12:08:24-04:00,0.6666666666666667
2011-04-22 12:08:27-04:00,0.1111111111111111
2011-04-22 12:08:30-04:00,0.4444444444444444
2011-04-22 12:08:33-04:00,0.7777777777777778
2011-04-22 12:08:36-04:00,1.0
2011-04-22 12:08:39-04:00,1.0
2011-04-22 12:08:42-04:00,1.0
2011-04-22 12:08:45-04:00,1.0
2011-04-22 12:08:48-04:00,1.0
2011-04-22 12:08:51-04:00,1.0
2011-04-22 12:08:54-04:00,1.0
2011-04-22 12:08:57-04:00,1.0
2011-04-22 12:09:00-04:00,1.0
2011-04-22 12:09:03-04:00,1.0
2011-04-22 12:09:06-04:00,1.0
2011-04-22 12:09:09-04:00,1.0
2011-04-22 12:09:12-04:00,1.0
2011-04-22 12:09:15-04:00,1.0
2011-04-22 12:09:18-04:00,1.0
2011-04-22 12:09:21-04:00,1.0
2011-04-22 12:09:24-04:00,1.0
2011-04-22 12:09:27-04:00,1.0
2011-04-22 12:09:30-04:00,1.0
2011-04-22 12:09:33-04:00,1.0
2011-04-22 12:09:36-04:00,1.0
2011-04-22 12:09:39-04:00,1.0
2011-04-22 12:09:42-04:00,1.0
2011-04-22 12:09:45-04:00,1.0
2011-04-22 12:09:48-04:00,1.0
2011-04-22 12:09:51-04:00,1.0
2011-04-22 12:09:54-04:00,1.0
2011-04-22 12:09:57-04:00,1.0
2011-04-22 12:10:00-04:00,1.0
2011-04-22 12:10:03-04:00,1.0
2011-04-22 12:10:06-04:00,1.0
2011-04-22 12:10:09-04:00,1.0
2011-04-22 12:10:12-04:00,1.0
2011-04-22 12:10:15-04:00,1.0
2011-04-22 12:10:18-04:00,1.0
2011-04-22 12:10:21-04:00,1.0
2011-04-22 12:10:24-04:00,1.0
2011-04-22 12:10:27-04:00,1.0
2011-04-22 12:10:30-04:00,1.0
2011-04-22 12:10:33-04:00,1.0
2011-04-22 12:10:36-04:00,1.0
2011-04-22 12:10:39-04:00,1.0
2011-04-22 12:10:42-04:00,1.0
2011-04-22 12:10:45-04:00,1.0
2011-04-22 12:10:48-04:00,1.0
2011-04-22 12:10:51-04:00,1.0
2011-04-22 12:10:54-04:00,1.0
2011-04-22 12:10:57-04:00,1.0
2011-04-22 12:11:00-04:00,1.0
2011-04-22 12:11:03-04:00,1.0
2011-04-22 12:11:06-04:00,1.0
2011-04-22 12:11:09-04:00,1.0
2011-04-22 12:11:12-04:00,1.0
2011-04-22 12:11:15-04:00,1.0
2011-04-22 12:11:18-04:00,1.0
2011-04-22 12:11:21-04:00,1.0
2011-04-22 12:11:24-04:00,1.0
2011-04-22 12:11:27-04:00,1.0
2011-04-22 12:11:30-04:00,1.0
2011-04-22 12:11:33-04:00,1.0
2011-04-22 12:11:36-04:00,1.0
2011-04-22 12:11:39-04:00,1.0
2011-04-22 12:11:42-04:00,1.0
2011-04-22 12:11:45-04:00,1.0
2011-04-22 12:11:48-04:00,1.0
2011-04-22 12:11:51-04:00,1.0
2011-04-22 12:11:54-04:00,1.0
2011-04-22 12:11:57-04:00,0.25
2011-04-22 12:12:00-04:00,0.6666666666666666
2011-04-22 12:12:03-04:00,1.0
2011-04-22 12:12:06-04:00,1.0
2011-04-22 12:12:09-04:00,1.0
2011-04-22 12:12:12-04:00,1.0
2011-04-22 12:12:15-04:00,1.0
2011-04-22 12:12:18-04:00,1.0
2011-04-22 12:12:21-04:00,1.0
2011-04-22 12:12:24-04:00,1.0
2011-04-22 12:12:27-04:00,1.0
2011-04-22 12:12:30-04:00,1.0
2011-04-22 12:12:33-04:00,1.0
2011-04-22 12:12:36-04:00,1.0
2011-04-22 12:12:39-04:00,1.0
2011-04-22 12:12:42-04:00,1.0
2011-04-22 12:12:45-04:00,1.0
2011-04-22 12:12:48-04:00,1.0
2011-04-22 12:12:51-04:00,1.0
2011-04-22 12:12:54-04:00,1.0
2011-04-22 12:12:57-04:00,1.0
2011-04-22 12:13:00-04:00,1.0
2011-04-22 12:13:03-04:00,1.0
2011-04-22 12:13:06-04:00,1.0
2011-04-22 12:13:09-04:00,1.0
2011-04-22 12:13:12-04:00,1.0
2011-04-22 12:13:15-04:00,1.0
2011-04-22 12:13:18-04:00,1.0
2011-04-22 12:13:21-04:00,1.0
2011-04-22 12:13:24-04:00,1.0
2011-04-22 12:13:27-04:00,1.0
2011-04-22 12:13:30-04:00,1.0
2011-04-22 12:13:33-04:00,1.0
2011-04-22 12:13:36-04:00,1.0
2011-04-22 12:13:39-04:00,1.0
2011-04-22 12:13:42-04:00,1.0
2011-04-22 12:13:45-04:00,1.0
2011-04-22 12:13:48-04:00,1.0
2011-04-22 12:13:51-04:00,1.0
2011-04-22 12:13:54-04:00,1.0
2011-04-22 12:13:57-04:00,1.0
2011-04-22 12:14:00-04:00,1.0
2011-04-22 12:14:03-04:00,1.0
2011-04-22 12:14:06-04:00,1.0
2011-04-22 12:14:09-04:00,1.0
2011-04-22 12:14:12-04:00,1.0
2011-04-22 12:14:15-04:00,1.0
2011-04-22 12:14:18-04:00,1.0
2011-04-22 12:14:21-04:00,1.0
2011-04-22 12:14:24-04:00,1.0
2011-04-22 12:14:27-04:00,1.0
2011-04-22 12:14:30-04:00,1.0
2011-04-22 12:14:33-04:00,1.0
2011-04-22 12:14:36-04:00,1.0
2011-04-22 12:14:39-04:00,1.0
2011-04-22 12:14:42-04:00,1.0
2011-04-22 12:14:45-04:00,1.0
2011-04-22 12:14:48-04:00,1.0
2011-04-22 12:14:51-04:00,1.0
2011-04-22 12:14:54-04:00,1.0
2011-04-22 12:14:57-04:00,1.0
2011-04-22 12:15:00-04:00,1.0
2011-04-22 12:15:03-04:00,1.0
2011-04-22 12:15:06-04:00,1.0
2011-04-22 12:15:09-04:00,1.0
2011-04-22 12:15:12-04:00,1.0
2011-04-22 12:15:15-04:00,1.0
2011-04-22 12:15:18-04:00,1.0
2011-04-22 12:15:21-04:00,1.0
2011-04-22 12:15:24-04:00,1.0
2011-04-22 12:15:27-04:00,1.0
2011-04-22 12:15:30-04:00,1.0
2011-04-22 12:15:33-04:00,1.0
2011-04-22 12:15:36-04:00,1.0
2011-04-22 12:15:39-04:00,1.0
2011-04-22 12:15:42-04:00,1.0
2011-04-22 12:15:45-04:00,1.0
2011-04-22 12:15:48-04:00,1.0
2011-04-22 12:15:51-04:00,1.0
2011-04-22 12:15:54-04:00,1.0
2011-04-22 12:15:57-04:00,1.0
2011-04-22 12:16:00-04:00,1.0
2011-04-22 12:16:03-04:00,1.0
2011-04-22 12:16:06-04:00,1.0
2011-04-22 12:16:09-04:00,1.0
2011-04-22 12:16:12-04:00,1.0
2011-04-22 12:16:15-04:00,1.0
2011-04-22 12:16:18-04:00,1.0
2011-04-22 12:16:21-04:00,1.0
2011-04-22 12:16:24-04:00,1.0
2011-04-22 12:16:27-04:00,1.0
2011-04-22 12:16:30-04:00,1.0
2011-04-22 12:16:33-04:00,1.0
2011-04-22 12:16:36-04:00,1.0
2011-04-22 12:16:39-04:00,1.0
2011-04-22 12:16:42-04:00,1.0
2011-04-22 12:16:45-04:00,1.0
2011-04-22 12:16:48-04:00,1.0
2011-04-22 12:16:51-04:00,1.0
2011-04-22 12:16:54-04:00,1.0
2011-04-22 12:16:57-04:00,1.0
2011-04-22 12:17:00-04:00,1.0
2011-04-22 12:17:03-04:00,1.0
2011-04-22 12:17:06-04:00,1.0
2011-04-22 12:17:09-04:00,1.0
2011-04-22 12:17:12-04:00,1.0
2011-04-22 12:17:15-04:00,1.0
2011-04-22 12:17:18-04:00,1.0
2011-04-22 12:17:21-04:00,1.0
2011-04-22 12:17:24-04:00,1.0
2011-04-22 12:17:27-04:00,1.0
2011-04-22 12:17:30-04:00,1.0
2011-04-22 12:17:33-04:00,1.0
2011-04-22 12:17:36-04:00,1.0
2011-04-22 12:17:39-04:00,1.0
2011-04-22 12:17:42-04:00,1.0
2011-04-22 12:17:45-04:00,1.0
2011-04-22 12:17:48-04:00,1.0
2011-04-22 12:17:51-04:00,1.0
2011-04-22 12:17:54-04:00,1.0
2011-04-22 12:17:57-04:00,1.0
2011-04-22 12:18:00-04:00,1.0
2011-04-22 12:18:03-04:00,1.0
2011-04-22 12:18:06-04:00,1.0
2011-04-22 12:18:09-04:00,1.0
2011-04-22 12:18:12-04:00,1.0
2011-04-22 12:18:15-04:00,1.0
2011-04-22 12:18:18-04:00,1.0
2011-04-22 12:18:21-04:00,1.0
2011-04-22 12:18:24-04:00,1.0
2011-04-22 12:18:27-04:00,1.0
2011-04-22 12:18:30-04:00,1.0
2011-04-22 12:18:33-04:00,1.0
2011-04-22 12:18:36-04:00,1.0
2011-04-22 12:18:39-04:00,1.0
2011-04-22 12:18:42-04:00,1.0
2011-04-22 12:18:45-04:00,1.0
2011-04-22 12:18:48-04:00,1.0
2011-04-22 12:18:51-04:00,1.0
2011-04-22 12:18:54-04:00,1.0
2011-04-22 12:18:57-04:00,1.0
2011-04-22 12:19:00-04:00,1.0
2011-04-22 12:19:03-04:00,1.0
2011-04-22 12:19:06-04:00,1.0
2011-04-22 12:19:09-04:00,1.0
2011-04-22 12:19:12-04:00,1.0
2011-04-22 12:19:15-04:00,1.0
2011-04-22 12:19:18-04:00,1.0
2011-04-22 12:19:21-04:00,1.0
2011-04-22 12:19:24-04:00,1.0
2011-04-22 12:19:27-04:00,1.0
2011-04-22 12:19:30-04:00,1.0
2011-04-22 12:19:33-04:00,1.0
2011-04-22 12:19:36-04:00,1.0
2011-04-22 12:19:39-04:00,1.0
2011-04-22 12:19:42-04:00,1.0
2011-04-22 12:19:45-04:00,1.0
2011-04-22 12:19:48-04:00,1.0
2011-04-22 12:19:51-04:00,1.0
2011-04-22 12:19:54-04:00,1.0
2011-04-22 12:19:57-04:00,1.0
2011-04-22 12:20:00-04:00,1.0
2011-04-22 12:20:03-04:00,1.0
2011-04-22 12:20:06-04:00,1.0
2011-04-22 12:20:09-04:00,1.0
2011-04-22 12:20:12-04:00,1.0
2011-04-22 12:20:15-04:00,1.0
2011-04-22 12:20:18-04:00,1.0
2011-04-22 12:20:21-04:00,1.0
2011-04-22 12:20:24-04:00,1.0
2011-04-22 12:20:27-04:00,1.0
2011-04-22 12:20:30-04:00,1.0
2011-04-22 12:20:33-04:00,1.0
2011-04-22 12:20:36-04:00,1.0
2011-04-22 12:20:39-04:00,1.0
2011-04-22 12:20:42-04:00,1.0
2011-04-22 12:20:45-04:00,1.0
2011-04-22 12:20:48-04:00,1.0
2011-04-22 12:20:51-04:00,1.0
2011-04-22 12:20:54-04:00,1.0
2011-04-22 12:20:57-04:00,1.0
2011-04-22 12:21:00-04:00,1.0
2011-04-22 12:21:03-04:00,1.0
2011-04-22 12:21:06-04:00,1.0
2011-04-22 12:21:09-04:00,1.0
2011-04-22 12:21:12-04:00,1.0
2011-04-22 12:21:15-04:00,1.0
2011-04-22 12:21:18-04:00,1.0
2011-04-22 12:21:21-04:00,1.0
2011-04-22 12:21:24-04:00,1.0
2011-04-22 12:21:27-04:00,1.0
2011-04-22 12:21:30-04:00,1.0
2011-04-22 12:21:33-04:00,1.0
2011-04-22 12:21:36-04:00,1.0
2011-04-22 12:21:39-04:00,1.0
2011-04-22 12:21:42-04:00,1.0
2011-04-22 12:21:45-04:00,1.0
2011-04-22 12:21:48-04:00,1.0
2011-04-22 12:21:51-04:00,1.0
2011-04-22 12:21:54-04:00,1.0
2011-04-22 12:21:57-04:00,1.0
2011-04-22 12:22:00-04:00,1.0
2011-04-22 12:22:03-04:00,1.0
2011-04-22 12:22:06-04:00,1.0
2011-04-22 12:22:09-04:00,1.0
2011-04-22 12:22:12-04:00,1.0
2011-04-22 12:22:15-04:00,1.0
2011-04-22 12:22:18-04:00,1.0
2011-04-22 12:22:21-04:00,1.0
2011-04-22 12:22:24-04:00,1.0
2011-04-22 12:22:27-04:00,1.0
2011-04-22 12:22:30-04:00,1.0
2011-04-22 12:22:33-04:00,1.0
2011-04-22 12:22:36-04:00,1.0
2011-04-22 12:22:39-04:00,1.0
2011-04-22 12:22:42-04:00,1.0
2011-04-22 12:22:45-04:00,1.0
2011-04-22 12:22:48-04:00,1.0
2011-04-22 12:22:51-04:00,1.0
2011-04-22 12:22:54-04:00,1.0
2011-04-22 12:22:57-04:00,1.0
2011-04-22 12:23:00-04:00,1.0
2011-04-22 12:23:03-04:00,1.0
2011-04-22 12:23:06-04:00,1.0
2011-04-22 12:23:09-04:00,1.0
2011-04-22 12:23:12-04:00,1.0
2011-04-22 12:23:15-04:00,1.0
2011-04-22 12:23:18-04:00,1.0
2011-04-22 12:23:21-04:00,1.0
2011-04-22 12:23:24-04:00,1.0
2011-04-22 12:23:27-04:00,1.0
2011-04-22 12:23:30-04:00,1.0
2011-04-22 12:23:33-04:00,1.0
2011-04-22 12:23:36-04:00,1.0
2011-04-22 12:23:39-04:00,1.0
2011-04-22 12:23:42-04:00,1.0
2011-04-22 12:23:45-04:00,1.0
2011-04-22 12:23:48-04:00,1.0
2011-04-22 12:23:51-04:00,1.0
2011-04-22 12:23:54-04:00,1.0
2011-04-22 12:23:57-04:00,1.0
2011-04-22 12:24:00-04:00,1.0
2011-04-22 12:24:03-04:00,1.0
2011-04-22 12:24:06-04:00,1.0
2011-04-22 12:24:09-04:00,1.0
2011-04-22 12:24:12-04:00,1.0
2011-04-22 12:24:15-04:00,1.0
2011-04-22 12:24:18-04:00,1.0
2011-04-22 12:24:21-04:00,1.0
2011-04-22 12:24:24-04:00,1.0
2011-04-22 12:24:27-04:00,1.0
2011-04-22 12:24:30-04:00,1.0
2011-04-22 12:24:33-04:00,1.0
2011-04-22 12:24:36-04:00,1.0
2011-04-22 12:24:39-04:00,1.0
2011-04-22 12:24:42-04:00,1.0
2011-04-22 12:24:45-04:00,1.0
2011-04-22 12:24:48-04:00,1.0
2011-04-22 12:24:51-04:00,1.0
2011-04-22 12:24:54-04:00,1.0
2011-04-22 12:24:57-04:00,1.0
2011-04-22 12:25:00-04:00,1.0
2011-04-22 12:25:03-04:00,1.0
2011-04-22 12:25:06-04:00,1.0
2011-04-22 12:25:09-04:00,1.0
2011-04-22 12:25:12-04:00,1.0
2011-04-22 12:25:15-04:00,1.0
2011-04-22 12:25:18-04:00,1.0
2011-04-22 12:25:21-04:00,1.0
2011-04-22 12:25:24-04:00,1.0
2011-04-22 12:25:27-04:00,1.0
2011-04-22 12:25:30-04:00,1.0
2011-04-22 12:25:33-04:00,1.0
2011-04-22 12:25:36-04:00,1.0
2011-04-22 12:25:39-04:00,1.0
2011-04-22 12:25:42-04:00,1.0
2011-04-22 12:25:45-04:00,1.0
2011-04-22 12:25:48-04:00,1.0
2011-04-22 12:25:51-04:00,1.0
2011-04-22 12:25:54-04:00,1.0
2011-04-22 12:25:57-04:00,1.0
2011-04-22 12:26:00-04:00,1.0
2011-04-22 12:26:03-04:00,1.0
2011-04-22 12:26:06-04:00,1.0
2011-04-22 12:26:09-04:00,1.0
2011-04-22 12:26:12-04:00,1.0
2011-04-22 12:26:15-04:00,1.0
2011-04-22 12:26:18-04:00,1.0
2011-04-22 12:26:21-04:00,1.0
2011-04-22 12:26:24-04:00,1.0
2011-04-22 12:26:27-04:00,1.0
2011-04-22 12:26:30-04:00,1.0
2011-04-22 12:26:33-04:00,1.0
2011-04-22 12:26:36-04:00,1.0
2011-04-22 12:26:39-04:00,1.0
2011-04-22 12:26:42-04:00,1.0
2011-04-22 12:26:45-04:00,1.0
2011-04-22 12:26:48-04:00,1.0
2011-04-22 12:26:51-04:00,1.0
2011-04-22 12:26:54-04:00,1.0
2011-04-22 12:26:57-04:00,1.0
2011-04-22 12:27:00-04:00,1.0
2011-04-22 12:27:03-04:00,1.0
2011-04-22 12:27:06-04:00,1.0
2011-04-22 12:27:09-04:00,1.0
2011-04-22 12:27:12-04:00,1.0
2011-04-22 12:27:15-04:00,1.0
2011-04-22 12:27:18-04:00,1.0
2011-04-22 12:27:21-04:00,1.0
2011-04-22 12:27:24-04:00,1.0
2011-04-22 12:27:27-04:00,1.0
2011-04-22 12:27:30-04:00,1.0
2011-04-22 12:27:33-04:00,1.0
2011-04-22 12:27:36-04:00,1.0
2011-04-22 12:27:39-04:00,1.0
2011-04-22 12:27:42-04:00,1.0
2011-04-22 12:27:45-04:00,1.0
2011-04-22 12:27:48-04:00,1.0
2011-04-22 12:27:51-04:00,1.0
2011-04-22 12:27:54-04:00,1.0
2011-04-22 12:27:57-04:00,1.0
2011-04-22 12:28:00-04:00,1.0
2011-04-22 12:28:03-04:00,1.0
2011-04-22 12:28:06-04:00,1.0
2011-04-22 12:28:09-04:00,1.0
2011-04-22 12:28:12-04:00,1.0
2011-04-22 12:28:15-04:00,1.0
2011-04-22 12:28:18-04:00,1.0
2011-04-22 12:28:21-04:00,1.0
2011-04-22 12:28:24-04:00,1.0
2011-04-22 12:28:27-04:00,1.0
2011-04-22 12:28:30-04:00,1.0
2011-04-22 12:28:33-04:00,1.0
2011-04-22 12:28:36-04:00,1.0
2011-04-22 12:28:39-04:00,1.0
2011-04-22 12:28:42-04:00,1.0
2011-04-22 12:28:45-04:00,1.0
2011-04-22 12:28:48-04:00,1.0
2011-04-22 12:28:51-04:00,1.0
2011-04-22 12:28:54-04:00,1.0
2011-04-22 12:28:57-04:00,1.0
2011-04-22 12:29:00-04:00,1.0
2011-04-22 12:29:03-04:00,1.0
2011-04-22 12:29:06-04:00,1.0
2011-04-22 12:29:09-04:00,1.0
2011-04-22 12:29:12-04:00,1.0
2011-04-22 12:29:15-04:00,1.0
2011-04-22 12:29:18-04:00,1.0
2011-04-22 12:29:21-04:00,1.0
2011-04-22 12:29:24-04:00,1.0
2011-04-22 12:29:27-04:00,1.0
2011-04-22 12:29:30-04:00,1.0
2011-04-22 12:29:33-04:00,1.0
2011-04-22 12:29:36-04:00,1.0
2011-04-22 12:29:39-04:00,1.0
2011-04-22 12:29:42-04:00,1.0
2011-04-22 12:29:45-04:00,1.0
2011-04-22 12:29:48-04:00,1.0
2011-04-22 12:29:51-04:00,1.0
2011-04-22 12:29:54-04:00,1.0
2011-04-22 12:29:57-04:00,1.0
2011-04-22 12:30:00-04:00,1.0
2011-04-22 12:30:03-04:00,1.0
2011-04-22 12:30:06-04:00,1.0
2011-04-22 12:30:09-04:00,1.0
2011-04-22 12:30:12-04:00,1.0
2011-04-22 12:30:15-04:00,1.0
2011-04-22 12:30:18-04:00,1.0
2011-04-22 12:30:21-04:00,1.0
2011-04-22 12:30:24-04:00,1.0
2011-04-22 12:30:27-04:00,1.0
2011-04-22 12:30:30-04:00,1.0
2011-04-22 12:30:33-04:00,1.0
2011-04-22 12:30:36-04:00,1.0
2011-04-22 12:30:39-04:00,1.0
2011-04-22 12:30:42-04:00,1.0
2011-04-22 12:30:45-04:00,1.0
2011-04-22 12:30:48-04:00,1.0
2011-04-22 12:30:51-04:00,1.0
2011-04-22 12:30:54-04:00,1.0
2011-04-22 12:30:57-04:00,1.0
2011-04-22 12:31:00-04:00,1.0
2011-04-22 12:31:03-04:00,1.0
2011-04-22 12:31:06-04:00,1.0
2011-04-22 12:31:09-04:00,1.0
2011-04-22 12:31:12-04:00,1.0
2011-04-22 12:31:15-04:00,1.0
2011-04-22 12:31:18-04:00,1.0
2011-04-22 12:31:21-04:00,1.0
2011-04-22 12:31:24-04:00,1.0
2011-04-22 12:31:27-04:00,1.0
2011-04-22 12:31:30-04:00,1.0
2011-04-22 12:31:33-04:00,1.0
2011-04-22 12:31:36-04:00,1.0
2011-04-22 12:31:39-04:00,1.0
2011-04-22 12:31:42-04:00,1.0
2011-04-22 12:31:45-04:00,1.0
2011-04-22 12:31:48-04:00,1.0
2011-04-22 12:31:51-04:00,1.0
2011-04-22 12:31:54-04:00,1.0
2011-04-22 12:31:57-04:00,1.0
2011-04-22 12:32:00-04:00,1.0
2011-04-22 12:32:03-04:00,1.0
2011-04-22 12:32:06-04:00,1.0
2011-04-22 12:32:09-04:00,1.0
2011-04-22 12:32:12-04:00,1.0
2011-04-22 12:32:15-04:00,1.0
2011-04-22 12:32:18-04:00,1.0
2011-04-22 12:32:21-04:00,1.0
2011-04-22 12:32:24-04:00,1.0
2011-04-22 12:32:27-04:00,1.0
2011-04-22 12:32:30-04:00,1.0
2011-04-22 12:32:33-04:00,1.0
2011-04-22 12:32:36-04:00,1.0
2011-04-22 12:32:39-04:00,1.0
2011-04-22 12:32:42-04:00,1.0
2011-04-22 12:32:45-04:00,1.0
2011-04-22 12:32:48-04:00,1.0
2011-04-22 12:32:51-04:00,1.0
2011-04-22 12:32:54-04:00,1.0
2011-04-22 12:32:57-04:00,1.0
2011-04-22 12:33:00-04:00,1.0
2011-04-22 12:33:03-04:00,1.0
2011-04-22 12:33:06-04:00,1.0
2011-04-22 12:33:09-04:00,1.0
2011-04-22 12:33:12-04:00,1.0
2011-04-22 12:33:15-04:00,1.0
2011-04-22 12:33:18-04:00,1.0
2011-04-22 12:33:21-04:00,1.0
2011-04-22 12:33:24-04:00,1.0
2011-04-22 12:33:27-04:00,1.0
2011-04-22 12:33:30-04:00,1.0
2011-04-22 12:33:33-04:00,1.0
2011-04-22 12:33:36-04:00,1.0
2011-04-22 12:33:39-04:00,1.0
2011-04-22 12:33:42-04:00,1.0
2011-04-22 12:33:45-04:00,1.0
2011-04-22 12:33:48-04:00,1.0
2011-04-22 12:33:51-04:00,1.0
2011-04-22 12:33:54-04:00,1.0
2011-04-22 12:33:57-04:00,1.0
2011-04-22 12:34:00-04:00,1.0
2011-04-22 12:34:03-04:00,1.0
2011-04-22 12:34:06-04:00,1.0
2011-04-22 12:34:09-04:00,1.0
2011-04-22 12:34:12-04:00,1.0
2011-04-22 12:34:15-04:00,1.0
2011-04-22 12:34:18-04:00,1.0
2011-04-22 12:34:21-04:00,1.0
2011-04-22 12:34:24-04:00,1.0
2011-04-22 12:34:27-04:00,1.0
2011-04-22 12:34:30-04:00,1.0
2011-04-22 12:34:33-04:00,1.0
2011-04-22 12:34:36-04:00,1.0
2011-04-22 12:34:39-04:00,1.0
2011-04-22 12:34:42-04:00,1.0
2011-04-22 12:34:45-04:00,1.0
2011-04-22 12:34:48-04:00,1.0
2011-04-22 12:34:51-04:00,1.0
2011-04-22 12:34:54-04:00,1.0
2011-04-22 12:34:57-04:00,1.0
2011-04-22 12:35:00-04:00,1.0
2011-04-22 12:35:03-04:00,1.0
2011-04-22 12:35:06-04:00,1.0
2011-04-22 12:35:09-04:00,1.0
2011-04-22 12:35:12-04:00,1.0
2011-04-22 12:35:15-04:00,1.0
2011-04-22 12:35:18-04:00,1.0
2011-04-22 12:35:21-04:00,1.0
2011-04-22 12:35:24-04:00,1.0
2011-04-22 12:35:27-04:00,1.0
2011-04-22 12:35:30-04:00,1.0
2011-04-22 12:35:33-04:00,1.0
2011-04-22 12:35:36-04:00,1.0
2011-04-22 12:35:39-04:00,1.0
2011-04-22 12:35:42-04:00,1.0
2011-04-22 12:35:45-04:00,0.75
2011-04-22 12:35:48-04:00,0.0
2011-04-22 12:35:51-04:00,1.0
2011-04-22 12:35:54-04:00,1.0
2011-04-22 12:35:57-04:00,1.0
2011-04-22 12:36:00-04:00,1.0
2011-04-22 12:36:03-04:00,1.0
2011-04-22 12:36:06-04:00,1.0
2011-04-22 12:36:09-04:00,1.0
2011-04-22 12:36:12-04:00,1.0
2011-04-22 12:36:15-04:00,1.0
2011-04-22 12:36:18-04:00,1.0
2011-04-22 12:36:21-04:00,1.0
2011-04-22 12:36:24-04:00,1.0
2011-04-22 12:36:27-04:00,1.0
2011-04-22 12:36:30-04:00,1.0
2011-04-22 12:36:33-04:00,1.0
2011-04-22 12:36:36-04:00,1.0
2011-04-22 12:36:39-04:00,1.0
2011-04-22 12:36:42-04:00,1.0
2011-04-22 12:36:45-04:00,1.0
2011-04-22 12:36:48-04:00,1.0
2011-04-22 12:36:51-04:00,1.0
2011-04-22 12:36:54-04:00,1.0
2011-04-22 12:36:57-04:00,1.0
2011-04-22 12:37:00-04:00,1.0
2011-04-22 12:37:03-04:00,1.0
2011-04-22 12:37:06-04:00,1.0
2011-04-22 12:37:09-04:00,1.0
2011-04-22 12:37:12-04:00,1.0
2011-04-22 12:37:15-04:00,1.0
2011-04-22 12:37:18-04:00,1.0
2011-04-22 12:37:21-04:00,1.0
2011-04-22 12:37:24-04:00,1.0
2011-04-22 12:37:27-04:00,1.0
2011-04-22 12:37:30-04:00,1.0
2011-04-22 12:37:33-04:00,1.0
2011-04-22 12:37:36-04:00,1.0
2011-04-22 12:37:39-04:00,1.0
2011-04-22 12:37:42-04:00,1.0
2011-04-22 12:37:45-04:00,1.0
2011-04-22 12:37:48-04:00,1.0
2011-04-22 12:37:51-04:00,1.0
2011-04-22 12:37:54-04:00,1.0
2011-04-22 12:37:57-04:00,1.0
2011-04-22 12:38:00-04:00,1.0
2011-04-22 12:38:03-04:00,1.0
2011-04-22 12:38:06-04:00,1.0
2011-04-22 12:38:09-04:00,1.0
2011-04-22 12:38:12-04:00,0.25
2011-04-22 12:38:15-04:00,0.0
2011-04-22 12:38:18-04:00,0.0
2011-04-22 12:38:21-04:00,0.0
2011-04-22 12:38:24-04:00,0.0
2011-04-22 12:38:27-04:00,1.0
2011-04-22 12:38:30-04:00,0.6666666666666667
2011-04-22 12:38:33-04:00,0.33333333333333337
2011-04-22 12:38:36-04:00,0.0
2011-04-22 12:38:39-04:00,0.75
2011-04-22 12:38:42-04:00,0.33333333333333337
2011-04-22 12:38:45-04:00,0.0
2011-04-22 12:38:48-04:00,0.0
2011-04-22 12:38:51-04:00,0.0
2011-04-22 12:38:54-04:00,0.0
2011-04-22 12:38:57-04:00,1.0
2011-04-22 12:39:00-04:00,0.25
2011-04-22 12:39:03-04:00,0.5
2011-04-22 12:39:06-04:00,1.0
2011-04-22 12:39:09-04:00,0.75
2011-04-22 12:39:12-04:00,0.0
2011-04-22 12:39:15-04:00,0.0
2011-04-22 12:39:18-04:00,0.0
2011-04-22 12:39:21-04:00,0.0
2011-04-22 12:39:24-04:00,0.25
2011-04-22 12:39:27-04:00,1.0
2011-04-22 12:39:30-04:00,1.0
2011-04-22 12:39:33-04:00,1.0
2011-04-22 12:39:36-04:00,1.0
2011-04-22 12:39:39-04:00,1.0
2011-04-22 12:39:42-04:00,0.25
2011-04-22 12:39:45-04:00,0.0
2011-04-22 12:39:48-04:00,0.0
2011-04-22 12:39:51-04:00,0.0
2011-04-22 12:39:54-04:00,0.25
2011-04-22 12:39:57-04:00,1.0
2011-04-22 12:40:00-04:00,1.0
2011-04-22 12:40:03-04:00,1.0
2011-04-22 12:40:06-04:00,1.0
2011-04-22 12:40:09-04:00,1.0
2011-04-22 12:40:12-04:00,1.0
2011-04-22 12:40:15-04:00,1.0
2011-04-22 12:40:18-04:00,1.0
2011-04-22 12:40:21-04:00,1.0
2011-04-22 12:40:24-04:00,1.0
2011-04-22 12:40:27-04:00,1.0
2011-04-22 12:40:30-04:00,1.0
2011-04-22 12:40:33-04:00,1.0
2011-04-22 12:40:36-04:00,1.0
2011-04-22 12:40:39-04:00,1.0
2011-04-22 12:40:42-04:00,1.0
2011-04-22 12:40:45-04:00,0.25
2011-04-22 12:40:48-04:00,0.0
2011-04-22 12:40:51-04:00,0.0
2011-04-22 12:40:54-04:00,0.0
2011-04-22 12:40:57-04:00,0.0
2011-04-22 12:41:00-04:00,0.0
2011-04-22 12:41:03-04:00,0.0
2011-04-22 12:41:06-04:00,0.0
2011-04-22 12:41:09-04:00,0.0
2011-04-22 12:41:12-04:00,0.0
2011-04-22 12:41:15-04:00,0.0
2011-04-22 12:41:18-04:00,0.0
2011-04-22 12:41:21-04:00,0.0
2011-04-22 12:41:24-04:00,0.0
2011-04-22 12:41:27-04:00,0.0
2011-04-22 12:41:30-04:00,0.0
2011-04-22 12:41:33-04:00,0.0
2011-04-22 12:41:36-04:00,0.0
2011-04-22 12:41:39-04:00,0.25
2011-04-22 12:41:42-04:00,1.0
2011-04-22 12:41:45-04:00,1.0
2011-04-22 12:41:48-04:00,0.0
2011-04-22 12:41:51-04:00,0.0
2011-04-22 12:41:54-04:00,0.0
2011-04-22 12:41:57-04:00,0.0
2011-04-22 12:42:00-04:00,0.0
2011-04-22 12:42:03-04:00,0.0
2011-04-22 12:42:06-04:00,0.0
2011-04-22 12:42:09-04:00,0.0
2011-04-22 12:42:12-04:00,0.0
2011-04-22 12:42:15-04:00,0.0
2011-04-22 12:42:18-04:00,0.0
2011-04-22 12:42:21-04:00,0.0
2011-04-22 12:42:24-04:00,0.0
2011-04-22 12:42:27-04:00,0.0
2011-04-22 12:42:30-04:00,0.0
2011-04-22 12:42:33-04:00,0.0
2011-04-22 12:42:36-04:00,0.0
2011-04-22 12:42:39-04:00,0.0
2011-04-22 12:42:42-04:00,0.0
2011-04-22 12:42:45-04:00,0.0
2011-04-22 12:42:48-04:00,0.0
2011-04-22 12:42:51-04:00,0.0
2011-04-22 12:42:54-04:00,0.0
2011-04-22 12:42:57-04:00,0.0
2011-04-22 12:43:00-04:00,0.0
2011-04-22 12:43:03-04:00,0.0
2011-04-22 12:43:06-04:00,0.0
2011-04-22 12:43:09-04:00,0.0
2011-04-22 12:43:12-04:00,0.0
2011-04-22 12:43:15-04:00,0.25
2011-04-22 12:43:18-04:00,1.0
2011-04-22 12:43:21-04:00,1.0
2011-04-22 12:43:24-04:00,1.0
2011-04-22 12:43:27-04:00,1.0
2011-04-22 12:43:30-04:00,1.0
2011-04-22 12:43:33-04:00,1.0
2011-04-22 12:43:36-04:00,1.0
2011-04-22 12:43:39-04:00,1.0
2011-04-22 12:43:42-04:00,1.0
2011-04-22 12:43:45-04:00,1.0
2011-04-22 12:43:48-04:00,1.0
2011-04-22 12:43:51-04:00,1.0
2011-04-22 12:43:54-04:00,1.0
2011-04-22 12:43:57-04:00,1.0
2011-04-22 12:44:00-04:00,1.0
2011-04-22 12:44:03-04:00,1.0
2011-04-22 12:44:06-04:00,1.0
2011-04-22 12:44:09-04:00,1.0
2011-04-22 12:44:12-04:00,1.0
2011-04-22 12:44:15-04:00,1.0
2011-04-22 12:44:18-04:00,1.0
2011-04-22 12:44:21-04:00,1.0
2011-04-22 12:44:24-04:00,1.0
2011-04-22 12:44:27-04:00,1.0
2011-04-22 12:44:30-04:00,1.0
2011-04-22 12:44:33-04:00,1.0
2011-04-22 12:44:36-04:00,1.0
2011-04-22 12:44:39-04:00,1.0
2011-04-22 12:44:42-04:00,1.0
2011-04-22 12:44:45-04:00,1.0
2011-04-22 12:44:48-04:00,1.0
2011-04-22 12:44:51-04:00,1.0
2011-04-22 12:44:54-04:00,1.0
2011-04-22 12:44:57-04:00,1.0
2011-04-22 12:45:00-04:00,1.0
2011-04-22 12:45:03-04:00,1.0
2011-04-22 12:45:06-04:00,1.0
2011-04-22 12:45:09-04:00,1.0
2011-04-22 12:45:12-04:00,1.0
2011-04-22 12:45:15-04:00,1.0
2011-04-22 12:45:18-04:00,1.0
2011-04-22 12:45:21-04:00,1.0
2011-04-22 12:45:24-04:00,1.0
2011-04-22 12:45:27-04:00,1.0
2011-04-22 12:45:30-04:00,1.0
2011-04-22 12:45:33-04:00,1.0
2011-04-22 12:45:36-04:00,1.0
2011-04-22 12:45:39-04:00,1.0
2011-04-22 12:45:42-04:00,1.0
2011-04-22 12:45:45-04:00,1.0
2011-04-22 12:45:48-04:00,1.0
2011-04-22 12:45:51-04:00,1.0
2011-04-22 12:45:54-04:00,1.0
2011-04-22 12:45:57-04:00,1.0
2011-04-22 12:46:00-04:00,1.0
2011-04-22 12:46:03-04:00,1.0
2011-04-22 12:46:06-04:00,1.0
2011-04-22 12:46:09-04:00,1.0
2011-04-22 12:46:12-04:00,1.0
2011-04-22 12:46:15-04:00,1.0
2011-04-22 12:46:18-04:00,1.0
2011-04-22 12:46:21-04:00,1.0
2011-04-22 12:46:24-04:00,1.0
2011-04-22 12:46:27-04:00,1.0
2011-04-22 12:46:30-04:00,1.0
2011-04-22 12:46:33-04:00,1.0
2011-04-22 12:46:36-04:00,1.0
2011-04-22 12:46:39-04:00,1.0
2011-04-22 12:46:42-04:00,1.0
2011-04-22 12:46:45-04:00,1.0
2011-04-22 12:46:48-04:00,1.0
2011-04-22 12:46:51-04:00,1.0
2011-04-22 12:46:54-04:00,1.0
2011-04-22 12:46:57-04:00,1.0
2011-04-22 12:47:00-04:00,1.0
2011-04-22 12:47:03-04:00,1.0
2011-04-22 12:47:06-04:00,1.0
2011-04-22 12:47:09-04:00,1.0
2011-04-22 12:47:12-04:00,1.0
2011-04-22 12:47:15-04:00,1.0
2011-04-22 12:47:18-04:00,1.0
2011-04-22 12:47:21-04:00,1.0
2011-04-22 12:47:24-04:00,1.0
2011-04-22 12:47:27-04:00,1.0
2011-04-22 12:47:30-04:00,0.75
2011-04-22 12:47:33-04:00,0.375
2011-04-22 12:47:36-04:00,0.0
2011-04-22 12:47:39-04:00,0.75
2011-04-22 12:47:42-04:00,0.33333333333333337
2011-04-22 12:47:45-04:00,0.5
2011-04-22 12:47:48-04:00,1.0
2011-04-22 12:47:51-04:00,1.0
2011-04-22 12:47:54-04:00,1.0
2011-04-22 12:47:57-04:00,1.0
2011-04-22 12:48:00-04:00,1.0
2011-04-22 12:48:03-04:00,1.0
2011-04-22 12:48:06-04:00,1.0
2011-04-22 12:48:09-04:00,1.0
2011-04-22 12:48:12-04:00,1.0
2011-04-22 12:48:15-04:00,1.0
2011-04-22 12:48:18-04:00,1.0
2011-04-22 12:48:21-04:00,0.0
2011-04-22 12:48:24-04:00,0.75
2011-04-22 12:48:27-04:00,1.0
2011-04-22 12:48:30-04:00,1.0
2011-04-22 12:48:33-04:00,1.0
2011-04-22 12:48:36-04:00,1.0
2011-04-22 12:48:39-04:00,1.0
2011-04-22 12:48:42-04:00,1.0
2011-04-22 12:48:45-04:00,1.0
2011-04-22 12:48:48-04:00,0.75
2011-04-22 12:48:51-04:00,0.0
2011-04-22 12:48:54-04:00,1.0
2011-04-22 12:48:57-04:00,0.25
2011-04-22 12:49:00-04:00,0.6666666666666666
2011-04-22 12:49:03-04:00,1.0
2011-04-22 12:49:06-04:00,1.0
2011-04-22 12:49:09-04:00,1.0
2011-04-22 12:49:12-04:00,1.0
2011-04-22 12:49:15-04:00,1.0
2011-04-22 12:49:18-04:00,1.0
2011-04-22 12:49:21-04:00,1.0
2011-04-22 12:49:24-04:00,1.0
2011-04-22 12:49:27-04:00,1.0
2011-04-22 12:49:30-04:00,1.0
2011-04-22 12:49:33-04:00,1.0
2011-04-22 12:49:36-04:00,1.0
2011-04-22 12:49:39-04:00,1.0
2011-04-22 12:49:42-04:00,1.0
2011-04-22 12:49:45-04:00,0.6666666666666667
2011-04-22 12:49:48-04:00,0.25
2011-04-22 12:49:51-04:00,1.0
2011-04-22 12:49:54-04:00,1.0
2011-04-22 12:49:57-04:00,1.0
2011-04-22 12:50:00-04:00,1.0
2011-04-22 12:50:03-04:00,1.0
2011-04-22 12:50:06-04:00,1.0
2011-04-22 12:50:09-04:00,1.0
2011-04-22 12:50:12-04:00,1.0
2011-04-22 12:50:15-04:00,1.0
2011-04-22 12:50:18-04:00,1.0
2011-04-22 12:50:21-04:00,1.0
2011-04-22 12:50:24-04:00,0.25
2011-04-22 12:50:27-04:00,0.6666666666666666
2011-04-22 12:50:30-04:00,1.0
2011-04-22 12:50:33-04:00,1.0
2011-04-22 12:50:36-04:00,1.0
2011-04-22 12:50:39-04:00,1.0
2011-04-22 12:50:42-04:00,1.0
2011-04-22 12:50:45-04:00,1.0
2011-04-22 12:50:48-04:00,1.0
2011-04-22 12:50:51-04:00,1.0
2011-04-22 12:50:54-04:00,1.0
2011-04-22 12:50:57-04:00,1.0
2011-04-22 12:51:00-04:00,1.0
2011-04-22 12:51:03-04:00,1.0
2011-04-22 12:51:06-04:00,1.0
2011-04-22 12:51:09-04:00,1.0
2011-04-22 12:51:12-04:00,1.0
2011-04-22 12:51:15-04:00,1.0
2011-04-22 12:51:18-04:00,1.0
2011-04-22 12:51:21-04:00,1.0
2011-04-22 12:51:24-04:00,1.0
2011-04-22 12:51:27-04:00,1.0
2011-04-22 12:51:30-04:00,1.0
2011-04-22 12:51:33-04:00,1.0
2011-04-22 12:51:36-04:00,1.0
2011-04-22 12:51:39-04:00,1.0
2011-04-22 12:51:42-04:00,1.0
2011-04-22 12:51:45-04:00,0.6666666666666667
2011-04-22 12:51:48-04:00,0.0
2011-04-22 12:51:51-04:00,0.0
2011-04-22 12:51:54-04:00,1.0
2011-04-22 12:51:57-04:00,1.0
2011-04-22 12:52:00-04:00,0.33333333333333337
2011-04-22 12:52:03-04:00,0.5
2011-04-22 12:52:06-04:00,1.0
2011-04-22 12:52:09-04:00,1.0
2011-04-22 12:52:12-04:00,1.0
2011-04-22 12:52:15-04:00,1.0
2011-04-22 12:52:18-04:00,1.0
2011-04-22 12:52:21-04:00,0.25
2011-04-22 12:52:24-04:00,0.6666666666666666
2011-04-22 12:52:27-04:00,1.0
2011-04-22 12:52:30-04:00,1.0
2011-04-22 12:52:33-04:00,1.0
2011-04-22 12:52:36-04:00,1.0
2011-04-22 12:52:39-04:00,1.0
2011-04-22 12:52:42-04:00,1.0
2011-04-22 12:52:45-04:00,1.0
2011-04-22 12:52:48-04:00,1.0
2011-04-22 12:52:51-04:00,1.0
2011-04-22 12:52:54-04:00,1.0
2011-04-22 12:52:57-04:00,1.0
2011-04-22 12:53:00-04:00,1.0
2011-04-22 12:53:03-04:00,1.0
2011-04-22 12:53:06-04:00,1.0
2011-04-22 12:53:09-04:00,1.0
2011-04-22 12:53:12-04:00,1.0
2011-04-22 12:53:15-04:00,1.0
2011-04-22 12:53:18-04:00,1.0
2011-04-22 12:53:21-04:00,1.0
2011-04-22 12:53:24-04:00,1.0
2011-04-22 12:53:27-04:00,1.0
2011-04-22 12:53:30-04:00,1.0
2011-04-22 12:53:33-04:00,1.0
2011-04-22 12:53:36-04:00,1.0
2011-04-22 12:53:39-04:00,0.33333333333333337
2011-04-22 12:53:42-04:00,0.0
2011-04-22 12:53:45-04:00,0.3333333333333333
2011-04-22 12:53:48-04:00,1.0
2011-04-22 12:53:51-04:00,1.0
2011-04-22 12:53:54-04:00,0.0
2011-04-22 12:53:57-04:00,1.0
2011-04-22 12:54:00-04:00,0.25
2011-04-22 12:54:03-04:00,0.0
2011-04-22 12:54:06-04:00,0.5
2011-04-22 12:54:09-04:00,1.0
2011-04-22 12:54:12-04:00,1.0
2011-04-22 12:54:15-04:00,1.0
2011-04-22 12:54:18-04:00,1.0
2011-04-22 12:54:21-04:00,1.0
2011-04-22 12:54:24-04:00,1.0
2011-04-22 12:54:27-04:00,1.0
2011-04-22 12:54:30-04:00,1.0
2011-04-22 12:54:33-04:00,1.0
2011-04-22 12:54:36-04:00,1.0
2011-04-22 12:54:39-04:00,1.0
2011-04-22 12:54:42-04:00,1.0
2011-04-22 12:54:45-04:00,1.0
2011-04-22 12:54:48-04:00,1.0
2011-04-22 12:54:51-04:00,1.0
2011-04-22 12:54:54-04:00,0.25
2011-04-22 12:54:57-04:00,0.6666666666666666
2011-04-22 12:55:00-04:00,1.0
2011-04-22 12:55:03-04:00,1.0
2011-04-22 12:55:06-04:00,1.0
2011-04-22 12:55:09-04:00,0.6666666666666667
2011-04-22 12:55:12-04:00,0.25
2011-04-22 12:55:15-04:00,1.0
2011-04-22 12:55:18-04:00,1.0
2011-04-22 12:55:21-04:00,1.0
2011-04-22 12:55:24-04:00,1.0
2011-04-22 12:55:27-04:00,0.33333333333333337
2011-04-22 12:55:30-04:00,0.0
2011-04-22 12:55:33-04:00,0.0
2011-04-22 12:55:36-04:00,0.0
2011-04-22 12:55:39-04:00,0.5
2011-04-22 12:55:42-04:00,0.6666666666666667
2011-04-22 12:55:45-04:00,0.25
2011-04-22 12:55:48-04:00,1.0
2011-04-22 12:55:51-04:00,1.0
2011-04-22 12:55:54-04:00,1.0
2011-04-22 12:55:57-04:00,1.0
2011-04-22 12:56:00-04:00,1.0
2011-04-22 12:56:03-04:00,1.0
2011-04-22 12:56:06-04:00,1.0
2011-04-22 12:56:09-04:00,1.0
2011-04-22 12:56:12-04:00,1.0
2011-04-22 12:56:15-04:00,1.0
2011-04-22 12:56:18-04:00,1.0
2011-04-22 12:56:21-04:00,0.25
2011-04-22 12:56:24-04:00,0.6666666666666666
2011-04-22 12:56:27-04:00,1.0
2011-04-22 12:56:30-04:00,1.0
2011-04-22 12:56:33-04:00,1.0
2011-04-22 12:56:36-04:00,1.0
2011-04-22 12:56:39-04:00,1.0
2011-04-22 12:56:42-04:00,1.0
2011-04-22 12:56:45-04:00,1.0
2011-04-22 12:56:48-04:00,1.0
2011-04-22 12:56:51-04:00,1.0
2011-04-22 12:56:54-04:00,1.0
2011-04-22 12:56:57-04:00,1.0
2011-04-22 12:57:00-04:00,0.33333333333333337
2011-04-22 12:57:03-04:00,0.5
2011-04-22 12:57:06-04:00,1.0
2011-04-22 12:57:09-04:00,1.0
2011-04-22 12:57:12-04:00,1.0
2011-04-22 12:57:15-04:00,1.0
2011-04-22 12:57:18-04:00,1.0
2011-04-22 12:57:21-04:00,1.0
2011-04-22 12:57:24-04:00,1.0
2011-04-22 12:57:27-04:00,1.0
2011-04-22 12:57:30-04:00,1.0
2011-04-22 12:57:33-04:00,1.0
2011-04-22 12:57:36-04:00,1.0
2011-04-22 12:57:39-04:00,1.0
2011-04-22 12:57:42-04:00,0.5
2011-04-22 12:57:45-04:00,0.3333333333333333
2011-04-22 12:57:48-04:00,1.0
2011-04-22 12:57:51-04:00,1.0
2011-04-22 12:57:54-04:00,0.0
2011-04-22 12:57:57-04:00,1.0
2011-04-22 12:58:00-04:00,1.0
2011-04-22 12:58:03-04:00,1.0
2011-04-22 12:58:06-04:00,1.0
2011-04-22 12:58:09-04:00,0.6666666666666667
2011-04-22 12:58:12-04:00,0.0
2011-04-22 12:58:15-04:00,0.0
2011-04-22 12:58:18-04:00,1.0
2011-04-22 12:58:21-04:00,1.0
2011-04-22 12:58:24-04:00,1.0
2011-04-22 12:58:27-04:00,1.0
2011-04-22 12:58:30-04:00,1.0
2011-04-22 12:58:33-04:00,1.0
2011-04-22 12:58:36-04:00,1.0
2011-04-22 12:58:39-04:00,1.0
2011-04-22 12:58:42-04:00,1.0
2011-04-22 12:58:45-04:00,1.0
2011-04-22 12:58:48-04:00,0.6666666666666667
2011-04-22 12:58:51-04:00,0.25
2011-04-22 12:58:54-04:00,1.0
2011-04-22 12:58:57-04:00,1.0
2011-04-22 12:59:00-04:00,0.25
2011-04-22 12:59:03-04:00,0.6666666666666666
2011-04-22 12:59:06-04:00,1.0
2011-04-22 12:59:09-04:00,1.0
2011-04-22 12:59:12-04:00,0.6666666666666667
2011-04-22 12:59:15-04:00,0.0
2011-04-22 12:59:18-04:00,0.0
2011-04-22 12:59:21-04:00,1.0
2011-04-22 12:59:24-04:00,1.0
2011-04-22 12:59:27-04:00,1.0
2011-04-22 12:59:30-04:00,1.0
2011-04-22 12:59:33-04:00,1.0
2011-04-22 12:59:36-04:00,1.0
2011-04-22 12:59:39-04:00,1.0
2011-04-22 12:59:42-04:00,1.0
2011-04-22 12:59:45-04:00,1.0
2011-04-22 12:59:48-04:00,1.0
2011-04-22 12:59:51-04:00,1.0
2011-04-22 12:59:54-04:00,1.0
2011-04-22 12:59:57-04:00,1.0
2011-04-22 13:00:00-04:00,1.0
2011-04-22 13:00:03-04:00,1.0
2011-04-22 13:00:06-04:00,1.0
2011-04-22 13:00:09-04:00,1.0
2011-04-22 13:00:12-04:00,1.0
2011-04-22 13:00:15-04:00,0.75
2011-04-22 13:00:18-04:00,0.0
2011-04-22 13:00:21-04:00,1.0
2011-04-22 13:00:24-04:00,1.0
2011-04-22 13:00:27-04:00,1.0
2011-04-22 13:00:30-04:00,1.0
2011-04-22 13:00:33-04:00,1.0
2011-04-22 13:00:36-04:00,1.0
2011-04-22 13:00:39-04:00,1.0
2011-04-22 13:00:42-04:00,1.0
2011-04-22 13:00:45-04:00,0.5
2011-04-22 13:00:48-04:00,0.3333333333333333
2011-04-22 13:00:51-04:00,1.0
2011-04-22 13:00:54-04:00,1.0
2011-04-22 13:00:57-04:00,1.0
2011-04-22 13:01:00-04:00,1.0
2011-04-22 13:01:03-04:00,1.0
2011-04-22 13:01:06-04:00,1.0
2011-04-22 13:01:09-04:00,1.0
2011-04-22 13:01:12-04:00,1.0
2011-04-22 13:01:15-04:00,0.75
2011-04-22 13:01:18-04:00,0.0
2011-04-22 13:01:21-04:00,1.0
2011-04-22 13:01:24-04:00,1.0
2011-04-22 13:01:27-04:00,1.0
2011-04-22 13:01:30-04:00,1.0
2011-04-22 13:01:33-04:00,1.0
2011-04-22 13:01:36-04:00,1.0
2011-04-22 13:01:39-04:00,1.0
2011-04-22 13:01:42-04:00,1.0
2011-04-22 13:01:45-04:00,1.0
2011-04-22 13:01:48-04:00,1.0
2011-04-22 13:01:51-04:00,1.0
2011-04-22 13:01:54-04:00,1.0
2011-04-22 13:01:57-04:00,1.0
2011-04-22 13:02:00-04:00,1.0
2011-04-22 13:02:03-04:00,1.0
2011-04-22 13:02:06-04:00,1.0
2011-04-22 13:02:09-04:00,1.0
2011-04-22 13:02:12-04:00,1.0
2011-04-22 13:02:15-04:00,1.0
2011-04-22 13:02:18-04:00,1.0
2011-04-22 13:02:21-04:00,1.0
2011-04-22 13:02:24-04:00,1.0
2011-04-22 13:02:27-04:00,1.0
2011-04-22 13:02:30-04:00,1.0
2011-04-22 13:02:33-04:00,1.0
2011-04-22 13:02:36-04:00,1.0
2011-04-22 13:02:39-04:00,1.0
2011-04-22 13:02:42-04:00,1.0
2011-04-22 13:02:45-04:00,1.0
2011-04-22 13:02:48-04:00,0.0
2011-04-22 13:02:51-04:00,0.75
2011-04-22 13:02:54-04:00,0.33333333333333337
2011-04-22 13:02:57-04:00,0.5
2011-04-22 13:03:00-04:00,1.0
2011-04-22 13:03:03-04:00,1.0
2011-04-22 13:03:06-04:00,1.0
2011-04-22 13:03:09-04:00,1.0
2011-04-22 13:03:12-04:00,1.0
2011-04-22 13:03:15-04:00,1.0
2011-04-22 13:03:18-04:00,1.0
2011-04-22 13:03:21-04:00,1.0
2011-04-22 13:03:24-04:00,1.0
2011-04-22 13:03:27-04:00,1.0
2011-04-22 13:03:30-04:00,1.0
2011-04-22 13:03:33-04:00,1.0
2011-04-22 13:03:36-04:00,1.0
2011-04-22 13:03:39-04:00,1.0
2011-04-22 13:03:42-04:00,1.0
2011-04-22 13:03:45-04:00,1.0
2011-04-22 13:03:48-04:00,1.0
2011-04-22 13:03:51-04:00,1.0
2011-04-22 13:03:54-04:00,1.0
2011-04-22 13:03:57-04:00,1.0
2011-04-22 13:04:00-04:00,1.0
2011-04-22 13:04:03-04:00,1.0
2011-04-22 13:04:06-04:00,1.0
2011-04-22 13:04:09-04:00,1.0
2011-04-22 13:04:12-04:00,1.0
2011-04-22 13:04:15-04:00,1.0
2011-04-22 13:04:18-04:00,1.0
2011-04-22 13:04:21-04:00,0.6666666666666667
2011-04-22 13:04:24-04:00,0.25
2011-04-22 13:04:27-04:00,1.0
2011-04-22 13:04:30-04:00,1.0
2011-04-22 13:04:33-04:00,1.0
2011-04-22 13:04:36-04:00,1.0
2011-04-22 13:04:39-04:00,1.0
2011-04-22 13:04:42-04:00,0.0
2011-04-22 13:04:45-04:00,0.0
2011-04-22 13:04:48-04:00,0.6666666666666666
2011-04-22 13:04:51-04:00,1.0
2011-04-22 13:04:54-04:00,1.0
2011-04-22 13:04:57-04:00,1.0
2011-04-22 13:05:00-04:00,1.0
2011-04-22 13:05:03-04:00,1.0
2011-04-22 13:05:06-04:00,1.0
2011-04-22 13:05:09-04:00,1.0
2011-04-22 13:05:12-04:00,1.0
2011-04-22 13:05:15-04:00,1.0
2011-04-22 13:05:18-04:00,1.0
2011-04-22 13:05:21-04:00,1.0
2011-04-22 13:05:24-04:00,1.0
2011-04-22 13:05:27-04:00,1.0
2011-04-22 13:05:30-04:00,0.6666666666666667
2011-04-22 13:05:33-04:00,0.33333333333333337
2011-04-22 13:05:36-04:00,0.0
2011-04-22 13:05:39-04:00,1.0
2011-04-22 13:05:42-04:00,1.0
2011-04-22 13:05:45-04:00,1.0
2011-04-22 13:05:48-04:00,1.0
2011-04-22 13:05:51-04:00,1.0
2011-04-22 13:05:54-04:00,1.0
2011-04-22 13:05:57-04:00,1.0
2011-04-22 13:06:00-04:00,1.0
2011-04-22 13:06:03-04:00,1.0
2011-04-22 13:06:06-04:00,1.0
2011-04-22 13:06:09-04:00,1.0
2011-04-22 13:06:12-04:00,1.0
2011-04-22 13:06:15-04:00,1.0
2011-04-22 13:06:18-04:00,1.0
2011-04-22 13:06:21-04:00,1.0
2011-04-22 13:06:24-04:00,1.0
2011-04-22 13:06:27-04:00,1.0
2011-04-22 13:06:30-04:00,1.0
2011-04-22 13:06:33-04:00,1.0
2011-04-22 13:06:36-04:00,1.0
2011-04-22 13:06:39-04:00,1.0
2011-04-22 13:06:42-04:00,0.33333333333333337
2011-04-22 13:06:45-04:00,0.5
2011-04-22 13:06:48-04:00,1.0
2011-04-22 13:06:51-04:00,1.0
2011-04-22 13:06:54-04:00,1.0
2011-04-22 13:06:57-04:00,1.0
2011-04-22 13:07:00-04:00,1.0
2011-04-22 13:07:03-04:00,1.0
2011-04-22 13:07:06-04:00,1.0
2011-04-22 13:07:09-04:00,1.0
2011-04-22 13:07:12-04:00,1.0
2011-04-22 13:07:15-04:00,1.0
2011-04-22 13:07:18-04:00,1.0
2011-04-22 13:07:21-04:00,1.0
2011-04-22 13:07:24-04:00,1.0
2011-04-22 13:07:27-04:00,1.0
2011-04-22 13:07:30-04:00,1.0
2011-04-22 13:07:33-04:00,1.0
2011-04-22 13:07:36-04:00,1.0
2011-04-22 13:07:39-04:00,1.0
2011-04-22 13:07:42-04:00,1.0
2011-04-22 13:07:45-04:00,1.0
2011-04-22 13:07:48-04:00,1.0
2011-04-22 13:07:51-04:00,1.0
2011-04-22 13:07:54-04:00,1.0
2011-04-22 13:07:57-04:00,0.33333333333333337
2011-04-22 13:08:00-04:00,0.6666666666666666
2011-04-22 13:08:03-04:00,0.5
2011-04-22 13:08:06-04:00,0.25
2011-04-22 13:08:09-04:00,1.0
2011-04-22 13:08:12-04:00,0.0
2011-04-22 13:08:15-04:00,0.75
2011-04-22 13:08:18-04:00,1.0
2011-04-22 13:08:21-04:00,1.0
2011-04-22 13:08:24-04:00,1.0
2011-04-22 13:08:27-04:00,1.0
2011-04-22 13:08:30-04:00,1.0
2011-04-22 13:08:33-04:00,1.0
2011-04-22 13:08:36-04:00,1.0
2011-04-22 13:08:39-04:00,1.0
2011-04-22 13:08:42-04:00,0.0
2011-04-22 13:08:45-04:00,0.75
2011-04-22 13:08:48-04:00,1.0
2011-04-22 13:08:51-04:00,1.0
2011-04-22 13:08:54-04:00,1.0
2011-04-22 13:08:57-04:00,1.0
2011-04-22 13:09:00-04:00,1.0
2011-04-22 13:09:03-04:00,1.0
2011-04-22 13:09:06-04:00,1.0
2011-04-22 13:09:09-04:00,1.0
2011-04-22 13:09:12-04:00,1.0
2011-04-22 13:09:15-04:00,1.0
2011-04-22 13:09:18-04:00,1.0
2011-04-22 13:09:21-04:00,1.0
2011-04-22 13:09:24-04:00,1.0
2011-04-22 13:09:27-04:00,1.0
2011-04-22 13:09:30-04:00,1.0
2011-04-22 13:09:33-04:00,1.0
2011-04-22 13:09:36-04:00,1.0
2011-04-22 13:09:39-04:00,1.0
2011-04-22 13:09:42-04:00,1.0
2011-04-22 13:09:45-04:00,1.0
2011-04-22 13:09:48-04:00,1.0
2011-04-22 13:09:51-04:00,1.0
2011-04-22 13:09:54-04:00,1.0
2011-04-22 13:09:57-04:00,1.0
2011-04-22 13:10:00-04:00,1.0
2011-04-22 13:10:03-04:00,1.0
2011-04-22 13:10:06-04:00,1.0
2011-04-22 13:10:09-04:00,1.0
2011-04-22 13:10:12-04:00,1.0
2011-04-22 13:10:15-04:00,1.0
2011-04-22 13:10:18-04:00,1.0
2011-04-22 13:10:21-04:00,1.0
2011-04-22 13:10:24-04:00,1.0
2011-04-22 13:10:27-04:00,1.0
2011-04-22 13:10:30-04:00,1.0
2011-04-22 13:10:33-04:00,1.0
2011-04-22 13:10:36-04:00,1.0
2011-04-22 13:10:39-04:00,1.0
2011-04-22 13:10:42-04:00,1.0
2011-04-22 13:10:45-04:00,1.0
2011-04-22 13:10:48-04:00,1.0
2011-04-22 13:10:51-04:00,1.0
2011-04-22 13:10:54-04:00,0.0
2011-04-22 13:10:57-04:00,0.75
2011-04-22 13:11:00-04:00,1.0
2011-04-22 13:11:03-04:00,1.0
2011-04-22 13:11:06-04:00,1.0
2011-04-22 13:11:09-04:00,1.0
2011-04-22 13:11:12-04:00,1.0
2011-04-22 13:11:15-04:00,1.0
2011-04-22 13:11:18-04:00,1.0
2011-04-22 13:11:21-04:00,1.0
2011-04-22 13:11:24-04:00,1.0
2011-04-22 13:11:27-04:00,1.0
2011-04-22 13:11:30-04:00,1.0
2011-04-22 13:11:33-04:00,1.0
2011-04-22 13:11:36-04:00,1.0
2011-04-22 13:11:39-04:00,1.0
2011-04-22 13:11:42-04:00,1.0
2011-04-22 13:11:45-04:00,1.0
2011-04-22 13:11:48-04:00,1.0
2011-04-22 13:11:51-04:00,1.0
2011-04-22 13:11:54-04:00,1.0
2011-04-22 13:11:57-04:00,1.0
2011-04-22 13:12:00-04:00,1.0
2011-04-22 13:12:03-04:00,1.0
2011-04-22 13:12:06-04:00,1.0
2011-04-22 13:12:09-04:00,1.0
2011-04-22 13:12:12-04:00,1.0
2011-04-22 13:12:15-04:00,1.0
2011-04-22 13:12:18-04:00,1.0
2011-04-22 13:12:21-04:00,1.0
2011-04-22 13:12:24-04:00,1.0
2011-04-22 13:12:27-04:00,1.0
2011-04-22 13:12:30-04:00,1.0
2011-04-22 13:12:33-04:00,1.0
2011-04-22 13:12:36-04:00,1.0
2011-04-22 13:12:39-04:00,1.0
2011-04-22 13:12:42-04:00,0.0
2011-04-22 13:12:45-04:00,0.75
2011-04-22 13:12:48-04:00,1.0
2011-04-22 13:12:51-04:00,1.0
2011-04-22 13:12:54-04:00,0.6666666666666667
2011-04-22 13:12:57-04:00,0.0
2011-04-22 13:13:00-04:00,0.25
2011-04-22 13:13:03-04:00,1.0
2011-04-22 13:13:06-04:00,1.0
2011-04-22 13:13:09-04:00,1.0
2011-04-22 13:13:12-04:00,1.0
2011-04-22 13:13:15-04:00,1.0
2011-04-22 13:13:18-04:00,1.0
2011-04-22 13:13:21-04:00,1.0
2011-04-22 13:13:24-04:00,1.0
2011-04-22 13:13:27-04:00,1.0
2011-04-22 13:13:30-04:00,1.0
2011-04-22 13:13:33-04:00,1.0
2011-04-22 13:13:36-04:00,1.0
2011-04-22 13:13:39-04:00,0.33333333333333337
2011-04-22 13:13:42-04:00,0.5
2011-04-22 13:13:45-04:00,1.0
2011-04-22 13:13:48-04:00,0.6666666666666667
2011-04-22 13:13:51-04:00,0.25
2011-04-22 13:13:54-04:00,1.0
2011-04-22 13:13:57-04:00,1.0
2011-04-22 13:14:00-04:00,1.0
2011-04-22 13:14:03-04:00,1.0
2011-04-22 13:14:06-04:00,0.5
2011-04-22 13:14:09-04:00,0.3333333333333333
2011-04-22 13:14:12-04:00,0.6666666666666667
2011-04-22 13:14:15-04:00,0.0
2011-04-22 13:14:18-04:00,0.0
2011-04-22 13:14:21-04:00,1.0
2011-04-22 13:14:24-04:00,1.0
2011-04-22 13:14:27-04:00,1.0
2011-04-22 13:14:30-04:00,0.7777777777777778
2011-04-22 13:14:33-04:00,0.4444444444444444
2011-04-22 13:14:36-04:00,0.11111111111111116
2011-04-22 13:14:39-04:00,0.6666666666666666
2011-04-22 13:14:42-04:00,0.33333333333333337
2011-04-22 13:14:45-04:00,0.5
2011-04-22 13:14:48-04:00,1.0
2011-04-22 13:14:51-04:00,1.0
2011-04-22 13:14:54-04:00,1.0
2011-04-22 13:14:57-04:00,1.0
2011-04-22 13:15:00-04:00,1.0
2011-04-22 13:15:03-04:00,1.0
2011-04-22 13:15:06-04:00,1.0
2011-04-22 13:15:09-04:00,1.0
2011-04-22 13:15:12-04:00,1.0
2011-04-22 13:15:15-04:00,1.0
2011-04-22 13:15:18-04:00,1.0
2011-04-22 13:15:21-04:00,1.0
2011-04-22 13:15:24-04:00,1.0
2011-04-22 13:15:27-04:00,1.0
2011-04-22 13:15:30-04:00,1.0
2011-04-22 13:15:33-04:00,1.0
2011-04-22 13:15:36-04:00,1.0
2011-04-22 13:15:39-04:00,1.0
2011-04-22 13:15:42-04:00,1.0
2011-04-22 13:15:45-04:00,0.33333333333333337
2011-04-22 13:15:48-04:00,0.0
2011-04-22 13:15:51-04:00,0.3333333333333333
2011-04-22 13:15:54-04:00,1.0
2011-04-22 13:15:57-04:00,1.0
2011-04-22 13:16:00-04:00,1.0
2011-04-22 13:16:03-04:00,1.0
2011-04-22 13:16:06-04:00,0.33333333333333337
2011-04-22 13:16:09-04:00,0.5
2011-04-22 13:16:12-04:00,1.0
2011-04-22 13:16:15-04:00,1.0
2011-04-22 13:16:18-04:00,1.0
2011-04-22 13:16:21-04:00,0.0
2011-04-22 13:16:24-04:00,1.0
2011-04-22 13:16:27-04:00,1.0
2011-04-22 13:16:30-04:00,1.0
2011-04-22 13:16:33-04:00,1.0
2011-04-22 13:16:36-04:00,1.0
2011-04-22 13:16:39-04:00,1.0
2011-04-22 13:16:42-04:00,0.25
2011-04-22 13:16:45-04:00,0.6666666666666666
2011-04-22 13:16:48-04:00,0.33333333333333337
2011-04-22 13:16:51-04:00,0.5
2011-04-22 13:16:54-04:00,1.0
2011-04-22 13:16:57-04:00,1.0
2011-04-22 13:17:00-04:00,1.0
2011-04-22 13:17:03-04:00,1.0
2011-04-22 13:17:06-04:00,1.0
2011-04-22 13:17:09-04:00,1.0
2011-04-22 13:17:12-04:00,0.5
2011-04-22 13:17:15-04:00,0.3333333333333333
2011-04-22 13:17:18-04:00,1.0
2011-04-22 13:17:21-04:00,1.0
2011-04-22 13:17:24-04:00,0.0
2011-04-22 13:17:27-04:00,0.75
2011-04-22 13:17:30-04:00,1.0
2011-04-22 13:17:33-04:00,1.0
2011-04-22 13:17:36-04:00,1.0
2011-04-22 13:17:39-04:00,1.0
2011-04-22 13:17:42-04:00,0.33333333333333337
2011-04-22 13:17:45-04:00,0.5
2011-04-22 13:17:48-04:00,1.0
2011-04-22 13:17:51-04:00,0.75
2011-04-22 13:17:54-04:00,0.0
2011-04-22 13:17:57-04:00,1.0
2011-04-22 13:18:00-04:00,1.0
2011-04-22 13:18:03-04:00,0.25
2011-04-22 13:18:06-04:00,0.6666666666666666
2011-04-22 13:18:09-04:00,1.0
2011-04-22 13:18:12-04:00,1.0
2011-04-22 13:18:15-04:00,1.0
2011-04-22 13:18:18-04:00,1.0
2011-04-22 13:18:21-04:00,0.0
2011-04-22 13:18:24-04:00,0.0
2011-04-22 13:18:27-04:00,0.75
2011-04-22 13:18:30-04:00,0.7777777777777778
2011-04-22 13:18:33-04:00,0.4444444444444444
2011-04-22 13:18:36-04:00,0.11111111111111116
2011-04-22 13:18:39-04:00,0.6666666666666666
2011-04-22 13:18:42-04:00,0.5
2011-04-22 13:18:45-04:00,0.3333333333333333
2011-04-22 13:18:48-04:00,0.6666666666666667
2011-04-22 13:18:51-04:00,0.25
2011-04-22 13:18:54-04:00,1.0
2011-04-22 13:18:57-04:00,1.0
2011-04-22 13:19:00-04:00,1.0
2011-04-22 13:19:03-04:00,0.33333333333333337
2011-04-22 13:19:06-04:00,0.6666666666666666
2011-04-22 13:19:09-04:00,1.0
2011-04-22 13:19:12-04:00,1.0
2011-04-22 13:19:15-04:00,1.0
2011-04-22 13:19:18-04:00,1.0
2011-04-22 13:19:21-04:00,0.0
2011-04-22 13:19:24-04:00,0.0
2011-04-22 13:19:27-04:00,0.6666666666666666
2011-04-22 13:19:30-04:00,1.0
2011-04-22 13:19:33-04:00,1.0
2011-04-22 13:19:36-04:00,1.0
2011-04-22 13:19:39-04:00,1.0
2011-04-22 13:19:42-04:00,1.0
2011-04-22 13:19:45-04:00,0.5
2011-04-22 13:19:48-04:00,0.3333333333333333
2011-04-22 13:19:51-04:00,0.75
2011-04-22 13:19:54-04:00,0.0
2011-04-22 13:19:57-04:00,1.0
2011-04-22 13:20:00-04:00,0.25
2011-04-22 13:20:03-04:00,0.0
2011-04-22 13:20:06-04:00,0.6666666666666666
2011-04-22 13:20:09-04:00,1.0
2011-04-22 13:20:12-04:00,1.0
2011-04-22 13:20:15-04:00,1.0
2011-04-22 13:20:18-04:00,1.0
2011-04-22 13:20:21-04:00,1.0
2011-04-22 13:20:24-04:00,1.0
2011-04-22 13:20:27-04:00,1.0
2011-04-22 13:20:30-04:00,1.0
2011-04-22 13:20:33-04:00,1.0
2011-04-22 13:20:36-04:00,1.0
2011-04-22 13:20:39-04:00,0.33333333333333337
2011-04-22 13:20:42-04:00,0.5
2011-04-22 13:20:45-04:00,1.0
2011-04-22 13:20:48-04:00,1.0
2011-04-22 13:20:51-04:00,0.75
2011-04-22 13:20:54-04:00,0.0
2011-04-22 13:20:57-04:00,1.0
2011-04-22 13:21:00-04:00,1.0
2011-04-22 13:21:03-04:00,1.0
2011-04-22 13:21:06-04:00,1.0
2011-04-22 13:21:09-04:00,1.0
2011-04-22 13:21:12-04:00,1.0
2011-04-22 13:21:15-04:00,1.0
2011-04-22 13:21:18-04:00,1.0
2011-04-22 13:21:21-04:00,1.0
2011-04-22 13:21:24-04:00,1.0
2011-04-22 13:21:27-04:00,1.0
2011-04-22 13:21:30-04:00,1.0
2011-04-22 13:21:33-04:00,1.0
2011-04-22 13:21:36-04:00,1.0
2011-04-22 13:21:39-04:00,1.0
2011-04-22 13:21:42-04:00,1.0
2011-04-22 13:21:45-04:00,1.0
2011-04-22 13:21:48-04:00,1.0
2011-04-22 13:21:51-04:00,1.0
2011-04-22 13:21:54-04:00,1.0
2011-04-22 13:21:57-04:00,1.0
2011-04-22 13:22:00-04:00,1.0
2011-04-22 13:22:03-04:00,1.0
2011-04-22 13:22:06-04:00,1.0
2011-04-22 13:22:09-04:00,0.6666666666666667
2011-04-22 13:22:12-04:00,0.25
2011-04-22 13:22:15-04:00,1.0
2011-04-22 13:22:18-04:00,1.0
2011-04-22 13:22:21-04:00,1.0
2011-04-22 13:22:24-04:00,1.0
2011-04-22 13:22:27-04:00,1.0
2011-04-22 13:22:30-04:00,1.0
2011-04-22 13:22:33-04:00,1.0
2011-04-22 13:22:36-04:00,1.0
2011-04-22 13:22:39-04:00,1.0
2011-04-22 13:22:42-04:00,1.0
2011-04-22 13:22:45-04:00,1.0
2011-04-22 13:22:48-04:00,1.0
2011-04-22 13:22:51-04:00,1.0
2011-04-22 13:22:54-04:00,1.0
2011-04-22 13:22:57-04:00,1.0
2011-04-22 13:23:00-04:00,1.0
2011-04-22 13:23:03-04:00,1.0
2011-04-22 13:23:06-04:00,1.0
2011-04-22 13:23:09-04:00,1.0
2011-04-22 13:23:12-04:00,1.0
2011-04-22 13:23:15-04:00,1.0
2011-04-22 13:23:18-04:00,1.0
2011-04-22 13:23:21-04:00,1.0
2011-04-22 13:23:24-04:00,1.0
2011-04-22 13:23:27-04:00,1.0
2011-04-22 13:23:30-04:00,1.0
2011-04-22 13:23:33-04:00,1.0
2011-04-22 13:23:36-04:00,1.0
2011-04-22 13:23:39-04:00,1.0
2011-04-22 13:23:42-04:00,1.0
2011-04-22 13:23:45-04:00,1.0
2011-04-22 13:23:48-04:00,1.0
2011-04-22 13:23:51-04:00,1.0
2011-04-22 13:23:54-04:00,1.0
2011-04-22 13:23:57-04:00,1.0
2011-04-22 13:24:00-04:00,1.0
2011-04-22 13:24:03-04:00,1.0
2011-04-22 13:24:06-04:00,1.0
2011-04-22 13:24:09-04:00,1.0
2011-04-22 13:24:12-04:00,1.0
2011-04-22 13:24:15-04:00,1.0
2011-04-22 13:24:18-04:00,1.0
2011-04-22 13:24:21-04:00,1.0
2011-04-22 13:24:24-04:00,1.0
2011-04-22 13:24:27-04:00,1.0
2011-04-22 13:24:30-04:00,1.0
2011-04-22 13:24:33-04:00,1.0
2011-04-22 13:24:36-04:00,1.0
2011-04-22 13:24:39-04:00,1.0
2011-04-22 13:24:42-04:00,1.0
2011-04-22 13:24:45-04:00,1.0
2011-04-22 13:24:48-04:00,1.0
2011-04-22 13:24:51-04:00,1.0
2011-04-22 13:24:54-04:00,1.0
2011-04-22 13:24:57-04:00,1.0
2011-04-22 13:25:00-04:00,1.0
2011-04-22 13:25:03-04:00,1.0
2011-04-22 13:25:06-04:00,1.0
2011-04-22 13:25:09-04:00,1.0
2011-04-22 13:25:12-04:00,1.0
2011-04-22 13:25:15-04:00,1.0
2011-04-22 13:25:18-04:00,1.0
2011-04-22 13:25:21-04:00,0.5
2011-04-22 13:25:24-04:00,0.3333333333333333
2011-04-22 13:25:27-04:00,1.0
2011-04-22 13:25:30-04:00,1.0
2011-04-22 13:25:33-04:00,1.0
2011-04-22 13:25:36-04:00,1.0
2011-04-22 13:25:39-04:00,1.0
2011-04-22 13:25:42-04:00,1.0
2011-04-22 13:25:45-04:00,1.0
2011-04-22 13:25:48-04:00,1.0
2011-04-22 13:25:51-04:00,1.0
2011-04-22 13:25:54-04:00,1.0
2011-04-22 13:25:57-04:00,1.0
2011-04-22 13:26:00-04:00,1.0
2011-04-22 13:26:03-04:00,1.0
2011-04-22 13:26:06-04:00,1.0
2011-04-22 13:26:09-04:00,1.0
2011-04-22 13:26:12-04:00,1.0
2011-04-22 13:26:15-04:00,1.0
2011-04-22 13:26:18-04:00,0.75
2011-04-22 13:26:21-04:00,0.0
2011-04-22 13:26:24-04:00,1.0
2011-04-22 13:26:27-04:00,0.25
2011-04-22 13:26:30-04:00,0.0
2011-04-22 13:26:33-04:00,0.0
2011-04-22 13:26:36-04:00,0.0
2011-04-22 13:26:39-04:00,0.75
2011-04-22 13:26:42-04:00,1.0
2011-04-22 13:26:45-04:00,1.0
2011-04-22 13:26:48-04:00,1.0
2011-04-22 13:26:51-04:00,1.0
2011-04-22 13:26:54-04:00,1.0
2011-04-22 13:26:57-04:00,1.0
2011-04-22 13:27:00-04:00,1.0
2011-04-22 13:27:03-04:00,1.0
2011-04-22 13:27:06-04:00,1.0
2011-04-22 13:27:09-04:00,1.0
2011-04-22 13:27:12-04:00,1.0
2011-04-22 13:27:15-04:00,1.0
2011-04-22 13:27:18-04:00,1.0
2011-04-22 13:27:21-04:00,1.0
2011-04-22 13:27:24-04:00,0.25
2011-04-22 13:27:27-04:00,0.0
2011-04-22 13:27:30-04:00,0.2222222222222222
2011-04-22 13:27:33-04:00,0.5555555555555556
2011-04-22 13:27:36-04:00,0.8888888888888888
2011-04-22 13:27:39-04:00,1.0
2011-04-22 13:27:42-04:00,1.0
2011-04-22 13:27:45-04:00,1.0
2011-04-22 13:27:48-04:00,1.0
2011-04-22 13:27:51-04:00,1.0
2011-04-22 13:27:54-04:00,1.0
2011-04-22 13:27:57-04:00,1.0
2011-04-22 13:28:00-04:00,1.0
2011-04-22 13:28:03-04:00,0.5
2011-04-22 13:28:06-04:00,0.3333333333333333
2011-04-22 13:28:09-04:00,1.0
2011-04-22 13:28:12-04:00,1.0
2011-04-22 13:28:15-04:00,1.0
2011-04-22 13:28:18-04:00,0.25
2011-04-22 13:28:21-04:00,0.6666666666666666
2011-04-22 13:28:24-04:00,1.0
2011-04-22 13:28:27-04:00,1.0
2011-04-22 13:28:30-04:00,1.0
2011-04-22 13:28:33-04:00,1.0
2011-04-22 13:28:36-04:00,1.0
2011-04-22 13:28:39-04:00,1.0
2011-04-22 13:28:42-04:00,1.0
2011-04-22 13:28:45-04:00,0.6666666666666667
2011-04-22 13:28:48-04:00,0.25
2011-04-22 13:28:51-04:00,1.0
2011-04-22 13:28:54-04:00,1.0
2011-04-22 13:28:57-04:00,0.25
2011-04-22 13:29:00-04:00,0.6666666666666666
2011-04-22 13:29:03-04:00,1.0
2011-04-22 13:29:06-04:00,1.0
2011-04-22 13:29:09-04:00,1.0
2011-04-22 13:29:12-04:00,1.0
2011-04-22 13:29:15-04:00,1.0
2011-04-22 13:29:18-04:00,1.0
2011-04-22 13:29:21-04:00,1.0
2011-04-22 13:29:24-04:00,1.0
2011-04-22 13:29:27-04:00,1.0
2011-04-22 13:29:30-04:00,0.8888888888888888
2011-04-22 13:29:33-04:00,0.5555555555555556
2011-04-22 13:29:36-04:00,0.2222222222222222
2011-04-22 13:29:39-04:00,0.3333333333333333
2011-04-22 13:29:42-04:00,1.0
2011-04-22 13:29:45-04:00,1.0
2011-04-22 13:29:48-04:00,1.0
2011-04-22 13:29:51-04:00,1.0
2011-04-22 13:29:54-04:00,1.0
2011-04-22 13:29:57-04:00,1.0
2011-04-22 13:30:00-04:00,0.5
2011-04-22 13:30:03-04:00,0.3333333333333333
2011-04-22 13:30:06-04:00,1.0
2011-04-22 13:30:09-04:00,1.0
2011-04-22 13:30:12-04:00,1.0
2011-04-22 13:30:15-04:00,1.0
2011-04-22 13:30:18-04:00,1.0
2011-04-22 13:30:21-04:00,1.0
2011-04-22 13:30:24-04:00,1.0
2011-04-22 13:30:27-04:00,1.0
2011-04-22 13:30:30-04:00,0.625
2011-04-22 13:30:33-04:00,0.25
2011-04-22 13:30:36-04:00,0.25
2011-04-22 13:30:39-04:00,1.0
2011-04-22 13:30:42-04:00,1.0
2011-04-22 13:30:45-04:00,1.0
2011-04-22 13:30:48-04:00,1.0
2011-04-22 13:30:51-04:00,1.0
2011-04-22 13:30:54-04:00,1.0
2011-04-22 13:30:57-04:00,1.0
2011-04-22 13:31:00-04:00,1.0
2011-04-22 13:31:03-04:00,1.0
2011-04-22 13:31:06-04:00,1.0
2011-04-22 13:31:09-04:00,1.0
2011-04-22 13:31:12-04:00,1.0
2011-04-22 13:31:15-04:00,1.0
2011-04-22 13:31:18-04:00,1.0
2011-04-22 13:31:21-04:00,1.0
2011-04-22 13:31:24-04:00,1.0
2011-04-22 13:31:27-04:00,1.0
2011-04-22 13:31:30-04:00,1.0
2011-04-22 13:31:33-04:00,1.0
2011-04-22 13:31:36-04:00,1.0
2011-04-22 13:31:39-04:00,1.0
2011-04-22 13:31:42-04:00,0.25
2011-04-22 13:31:45-04:00,0.6666666666666666
2011-04-22 13:31:48-04:00,1.0
2011-04-22 13:31:51-04:00,1.0
2011-04-22 13:31:54-04:00,1.0
2011-04-22 13:31:57-04:00,1.0
2011-04-22 13:32:00-04:00,1.0
2011-04-22 13:32:03-04:00,1.0
2011-04-22 13:32:06-04:00,1.0
2011-04-22 13:32:09-04:00,1.0
2011-04-22 13:32:12-04:00,1.0
2011-04-22 13:32:15-04:00,1.0
2011-04-22 13:32:18-04:00,1.0
2011-04-22 13:32:21-04:00,1.0
2011-04-22 13:32:24-04:00,1.0
2011-04-22 13:32:27-04:00,1.0
2011-04-22 13:32:30-04:00,1.0
2011-04-22 13:32:33-04:00,1.0
2011-04-22 13:32:36-04:00,1.0
2011-04-22 13:32:39-04:00,1.0
2011-04-22 13:32:42-04:00,1.0
2011-04-22 13:32:45-04:00,1.0
2011-04-22 13:32:48-04:00,1.0
2011-04-22 13:32:51-04:00,1.0
2011-04-22 13:32:54-04:00,1.0
2011-04-22 13:32:57-04:00,0.33333333333333337
2011-04-22 13:33:00-04:00,0.6666666666666666
2011-04-22 13:33:03-04:00,1.0
2011-04-22 13:33:06-04:00,1.0
2011-04-22 13:33:09-04:00,1.0
2011-04-22 13:33:12-04:00,1.0
2011-04-22 13:33:15-04:00,1.0
2011-04-22 13:33:18-04:00,1.0
2011-04-22 13:33:21-04:00,1.0
2011-04-22 13:33:24-04:00,1.0
2011-04-22 13:33:27-04:00,1.0
2011-04-22 13:33:30-04:00,0.8888888888888888
2011-04-22 13:33:33-04:00,0.5555555555555556
2011-04-22 13:33:36-04:00,0.2222222222222222
2011-04-22 13:33:39-04:00,0.3333333333333333
2011-04-22 13:33:42-04:00,1.0
2011-04-22 13:33:45-04:00,1.0
2011-04-22 13:33:48-04:00,1.0
2011-04-22 13:33:51-04:00,0.25
2011-04-22 13:33:54-04:00,0.5
2011-04-22 13:33:57-04:00,1.0
2011-04-22 13:34:00-04:00,1.0
2011-04-22 13:34:03-04:00,1.0
2011-04-22 13:34:06-04:00,1.0
2011-04-22 13:34:09-04:00,1.0
2011-04-22 13:34:12-04:00,0.33333333333333337
2011-04-22 13:34:15-04:00,0.6666666666666666
2011-04-22 13:34:18-04:00,0.5
2011-04-22 13:34:21-04:00,0.3333333333333333
2011-04-22 13:34:24-04:00,1.0
2011-04-22 13:34:27-04:00,1.0
2011-04-22 13:34:30-04:00,1.0
2011-04-22 13:34:33-04:00,1.0
2011-04-22 13:34:36-04:00,1.0
2011-04-22 13:34:39-04:00,1.0
2011-04-22 13:34:42-04:00,1.0
2011-04-22 13:34:45-04:00,1.0
2011-04-22 13:34:48-04:00,1.0
2011-04-22 13:34:51-04:00,1.0
2011-04-22 13:34:54-04:00,1.0
2011-04-22 13:34:57-04:00,1.0
2011-04-22 13:35:00-04:00,1.0
2011-04-22 13:35:03-04:00,1.0
2011-04-22 13:35:06-04:00,1.0
2011-04-22 13:35:09-04:00,1.0
2011-04-22 13:35:12-04:00,1.0
2011-04-22 13:35:15-04:00,1.0
2011-04-22 13:35:18-04:00,1.0
2011-04-22 13:35:21-04:00,1.0
2011-04-22 13:35:24-04:00,1.0
2011-04-22 13:35:27-04:00,1.0
2011-04-22 13:35:30-04:00,1.0
2011-04-22 13:35:33-04:00,1.0
2011-04-22 13:35:36-04:00,1.0
2011-04-22 13:35:39-04:00,1.0
2011-04-22 13:35:42-04:00,1.0
2011-04-22 13:35:45-04:00,1.0
2011-04-22 13:35:48-04:00,0.6666666666666667
2011-04-22 13:35:51-04:00,0.3333333333333333
2011-04-22 13:35:54-04:00,1.0
2011-04-22 13:35:57-04:00,1.0
2011-04-22 13:36:00-04:00,1.0
2011-04-22 13:36:03-04:00,1.0
2011-04-22 13:36:06-04:00,1.0
2011-04-22 13:36:09-04:00,1.0
2011-04-22 13:36:12-04:00,1.0
2011-04-22 13:36:15-04:00,1.0
2011-04-22 13:36:18-04:00,1.0
2011-04-22 13:36:21-04:00,1.0
2011-04-22 13:36:24-04:00,1.0
2011-04-22 13:36:27-04:00,1.0
2011-04-22 13:36:30-04:00,1.0
2011-04-22 13:36:33-04:00,1.0
2011-04-22 13:36:36-04:00,1.0
2011-04-22 13:36:39-04:00,1.0
2011-04-22 13:36:42-04:00,1.0
2011-04-22 13:36:45-04:00,1.0
2011-04-22 13:36:48-04:00,1.0
2011-04-22 13:36:51-04:00,1.0
2011-04-22 13:36:54-04:00,1.0
2011-04-22 13:36:57-04:00,0.0
2011-04-22 13:37:00-04:00,1.0
2011-04-22 13:37:03-04:00,1.0
2011-04-22 13:37:06-04:00,1.0
2011-04-22 13:37:09-04:00,1.0
2011-04-22 13:37:12-04:00,1.0
2011-04-22 13:37:15-04:00,1.0
2011-04-22 13:37:18-04:00,1.0
2011-04-22 13:37:21-04:00,1.0
2011-04-22 13:37:24-04:00,1.0
2011-04-22 13:37:27-04:00,1.0
2011-04-22 13:37:30-04:00,1.0
2011-04-22 13:37:33-04:00,1.0
2011-04-22 13:37:36-04:00,1.0
2011-04-22 13:37:39-04:00,1.0
2011-04-22 13:37:42-04:00,1.0
2011-04-22 13:37:45-04:00,1.0
2011-04-22 13:37:48-04:00,0.6666666666666667
2011-04-22 13:37:51-04:00,0.25
2011-04-22 13:37:54-04:00,1.0
2011-04-22 13:37:57-04:00,0.0
2011-04-22 13:38:00-04:00,0.75
2011-04-22 13:38:03-04:00,0.33333333333333337
2011-04-22 13:38:06-04:00,0.5
2011-04-22 13:38:09-04:00,0.6666666666666667
2011-04-22 13:38:12-04:00,0.3333333333333333
2011-04-22 13:38:15-04:00,1.0
2011-04-22 13:38:18-04:00,1.0
2011-04-22 13:38:21-04:00,1.0
2011-04-22 13:38:24-04:00,1.0
2011-04-22 13:38:27-04:00,1.0
2011-04-22 13:38:30-04:00,1.0
2011-04-22 13:38:33-04:00,1.0
2011-04-22 13:38:36-04:00,1.0
2011-04-22 13:38:39-04:00,0.33333333333333337
2011-04-22 13:38:42-04:00,0.5
2011-04-22 13:38:45-04:00,1.0
2011-04-22 13:38:48-04:00,1.0
2011-04-22 13:38:51-04:00,1.0
2011-04-22 13:38:54-04:00,1.0
2011-04-22 13:38:57-04:00,1.0
2011-04-22 13:39:00-04:00,1.0
2011-04-22 13:39:03-04:00,1.0
2011-04-22 13:39:06-04:00,1.0
2011-04-22 13:39:09-04:00,1.0
2011-04-22 13:39:12-04:00,1.0
2011-04-22 13:39:15-04:00,1.0
2011-04-22 13:39:18-04:00,1.0
2011-04-22 13:39:21-04:00,0.25
2011-04-22 13:39:24-04:00,0.6666666666666666
2011-04-22 13:39:27-04:00,1.0
2011-04-22 13:39:30-04:00,1.0
2011-04-22 13:39:33-04:00,1.0
2011-04-22 13:39:36-04:00,1.0
2011-04-22 13:39:39-04:00,1.0
2011-04-22 13:39:42-04:00,1.0
2011-04-22 13:39:45-04:00,1.0
2011-04-22 13:39:48-04:00,1.0
2011-04-22 13:39:51-04:00,1.0
2011-04-22 13:39:54-04:00,1.0
2011-04-22 13:39:57-04:00,1.0
2011-04-22 13:40:00-04:00,1.0
2011-04-22 13:40:03-04:00,1.0
2011-04-22 13:40:06-04:00,1.0
2011-04-22 13:40:09-04:00,1.0
2011-04-22 13:40:12-04:00,1.0
2011-04-22 13:40:15-04:00,1.0
2011-04-22 13:40:18-04:00,0.25
2011-04-22 13:40:21-04:00,0.5
2011-04-22 13:40:24-04:00,1.0
2011-04-22 13:40:27-04:00,1.0
2011-04-22 13:40:30-04:00,1.0
2011-04-22 13:40:33-04:00,1.0
2011-04-22 13:40:36-04:00,1.0
2011-04-22 13:40:39-04:00,1.0
2011-04-22 13:40:42-04:00,1.0
2011-04-22 13:40:45-04:00,1.0
2011-04-22 13:40:48-04:00,1.0
2011-04-22 13:40:51-04:00,1.0
2011-04-22 13:40:54-04:00,1.0
2011-04-22 13:40:57-04:00,1.0
2011-04-22 13:41:00-04:00,1.0
2011-04-22 13:41:03-04:00,1.0
2011-04-22 13:41:06-04:00,1.0
2011-04-22 13:41:09-04:00,1.0
2011-04-22 13:41:12-04:00,1.0
2011-04-22 13:41:15-04:00,0.5
2011-04-22 13:41:18-04:00,0.3333333333333333
2011-04-22 13:41:21-04:00,1.0
2011-04-22 13:41:24-04:00,1.0
2011-04-22 13:41:27-04:00,0.0
2011-04-22 13:41:30-04:00,0.3333333333333333
2011-04-22 13:41:33-04:00,0.6666666666666666
2011-04-22 13:41:36-04:00,1.0
2011-04-22 13:41:39-04:00,1.0
2011-04-22 13:41:42-04:00,1.0
2011-04-22 13:41:45-04:00,1.0
2011-04-22 13:41:48-04:00,1.0
2011-04-22 13:41:51-04:00,1.0
2011-04-22 13:41:54-04:00,1.0
2011-04-22 13:41:57-04:00,1.0
2011-04-22 13:42:00-04:00,1.0
2011-04-22 13:42:03-04:00,0.0
2011-04-22 13:42:06-04:00,0.75
2011-04-22 13:42:09-04:00,1.0
2011-04-22 13:42:12-04:00,1.0
2011-04-22 13:42:15-04:00,1.0
2011-04-22 13:42:18-04:00,0.6666666666666667
2011-04-22 13:42:21-04:00,0.25
2011-04-22 13:42:24-04:00,1.0
2011-04-22 13:42:27-04:00,1.0
2011-04-22 13:42:30-04:00,1.0
2011-04-22 13:42:33-04:00,1.0
2011-04-22 13:42:36-04:00,1.0
2011-04-22 13:42:39-04:00,1.0
2011-04-22 13:42:42-04:00,1.0
2011-04-22 13:42:45-04:00,1.0
2011-04-22 13:42:48-04:00,1.0
2011-04-22 13:42:51-04:00,1.0
2011-04-22 13:42:54-04:00,0.6666666666666667
2011-04-22 13:42:57-04:00,0.0
2011-04-22 13:43:00-04:00,0.0
2011-04-22 13:43:03-04:00,1.0
2011-04-22 13:43:06-04:00,1.0
2011-04-22 13:43:09-04:00,1.0
2011-04-22 13:43:12-04:00,1.0
2011-04-22 13:43:15-04:00,1.0
2011-04-22 13:43:18-04:00,0.6666666666666667
2011-04-22 13:43:21-04:00,0.3333333333333333
2011-04-22 13:43:24-04:00,1.0
2011-04-22 13:43:27-04:00,1.0
2011-04-22 13:43:30-04:00,1.0
2011-04-22 13:43:33-04:00,1.0
2011-04-22 13:43:36-04:00,1.0
2011-04-22 13:43:39-04:00,1.0
2011-04-22 13:43:42-04:00,1.0
2011-04-22 13:43:45-04:00,1.0
2011-04-22 13:43:48-04:00,1.0
2011-04-22 13:43:51-04:00,1.0
2011-04-22 13:43:54-04:00,1.0
2011-04-22 13:43:57-04:00,1.0
2011-04-22 13:44:00-04:00,1.0
2011-04-22 13:44:03-04:00,0.0
2011-04-22 13:44:06-04:00,0.75
2011-04-22 13:44:09-04:00,1.0
2011-04-22 13:44:12-04:00,1.0
2011-04-22 13:44:15-04:00,1.0
2011-04-22 13:44:18-04:00,1.0
2011-04-22 13:44:21-04:00,1.0
2011-04-22 13:44:24-04:00,1.0
2011-04-22 13:44:27-04:00,1.0
2011-04-22 13:44:30-04:00,0.6666666666666667
2011-04-22 13:44:33-04:00,0.33333333333333337
2011-04-22 13:44:36-04:00,0.0
2011-04-22 13:44:39-04:00,1.0
2011-04-22 13:44:42-04:00,1.0
2011-04-22 13:44:45-04:00,0.33333333333333337
2011-04-22 13:44:48-04:00,0.5
2011-04-22 13:44:51-04:00,1.0
2011-04-22 13:44:54-04:00,1.0
2011-04-22 13:44:57-04:00,1.0
2011-04-22 13:45:00-04:00,1.0
2011-04-22 13:45:03-04:00,1.0
2011-04-22 13:45:06-04:00,1.0
2011-04-22 13:45:09-04:00,1.0
2011-04-22 13:45:12-04:00,1.0
2011-04-22 13:45:15-04:00,1.0
2011-04-22 13:45:18-04:00,1.0
2011-04-22 13:45:21-04:00,1.0
2011-04-22 13:45:24-04:00,1.0
2011-04-22 13:45:27-04:00,1.0
2011-04-22 13:45:30-04:00,1.0
2011-04-22 13:45:33-04:00,1.0
2011-04-22 13:45:36-04:00,1.0
2011-04-22 13:45:39-04:00,1.0
2011-04-22 13:45:42-04:00,1.0
2011-04-22 13:45:45-04:00,1.0
2011-04-22 13:45:48-04:00,1.0
2011-04-22 13:45:51-04:00,1.0
2011-04-22 13:45:54-04:00,1.0
2011-04-22 13:45:57-04:00,1.0
2011-04-22 13:46:00-04:00,1.0
2011-04-22 13:46:03-04:00,0.0
2011-04-22 13:46:06-04:00,1.0
2011-04-22 13:46:09-04:00,0.25
2011-04-22 13:46:12-04:00,0.6666666666666666
2011-04-22 13:46:15-04:00,1.0
2011-04-22 13:46:18-04:00,1.0
2011-04-22 13:46:21-04:00,1.0
2011-04-22 13:46:24-04:00,1.0
2011-04-22 13:46:27-04:00,1.0
2011-04-22 13:46:30-04:00,1.0
2011-04-22 13:46:33-04:00,1.0
2011-04-22 13:46:36-04:00,1.0
2011-04-22 13:46:39-04:00,1.0
2011-04-22 13:46:42-04:00,1.0
2011-04-22 13:46:45-04:00,1.0
2011-04-22 13:46:48-04:00,1.0
2011-04-22 13:46:51-04:00,1.0
2011-04-22 13:46:54-04:00,1.0
2011-04-22 13:46:57-04:00,1.0
2011-04-22 13:47:00-04:00,1.0
2011-04-22 13:47:03-04:00,1.0
2011-04-22 13:47:06-04:00,1.0
2011-04-22 13:47:09-04:00,1.0
2011-04-22 13:47:12-04:00,1.0
2011-04-22 13:47:15-04:00,1.0
2011-04-22 13:47:18-04:00,1.0
2011-04-22 13:47:21-04:00,0.6666666666666667
2011-04-22 13:47:24-04:00,0.25
2011-04-22 13:47:27-04:00,1.0
2011-04-22 13:47:30-04:00,1.0
2011-04-22 13:47:33-04:00,1.0
2011-04-22 13:47:36-04:00,1.0
2011-04-22 13:47:39-04:00,1.0
2011-04-22 13:47:42-04:00,1.0
2011-04-22 13:47:45-04:00,1.0
2011-04-22 13:47:48-04:00,1.0
2011-04-22 13:47:51-04:00,1.0
2011-04-22 13:47:54-04:00,1.0
2011-04-22 13:47:57-04:00,1.0
2011-04-22 13:48:00-04:00,1.0
2011-04-22 13:48:03-04:00,1.0
2011-04-22 13:48:06-04:00,1.0
2011-04-22 13:48:09-04:00,0.25
2011-04-22 13:48:12-04:00,0.6666666666666666
2011-04-22 13:48:15-04:00,1.0
2011-04-22 13:48:18-04:00,1.0
2011-04-22 13:48:21-04:00,0.6666666666666667
2011-04-22 13:48:24-04:00,0.25
2011-04-22 13:48:27-04:00,1.0
2011-04-22 13:48:30-04:00,1.0
2011-04-22 13:48:33-04:00,1.0
2011-04-22 13:48:36-04:00,1.0
2011-04-22 13:48:39-04:00,1.0
2011-04-22 13:48:42-04:00,0.25
2011-04-22 13:48:45-04:00,0.6666666666666666
2011-04-22 13:48:48-04:00,1.0
2011-04-22 13:48:51-04:00,1.0
2011-04-22 13:48:54-04:00,1.0
2011-04-22 13:48:57-04:00,1.0
2011-04-22 13:49:00-04:00,1.0
2011-04-22 13:49:03-04:00,1.0
2011-04-22 13:49:06-04:00,1.0
2011-04-22 13:49:09-04:00,1.0
2011-04-22 13:49:12-04:00,0.5
2011-04-22 13:49:15-04:00,0.3333333333333333
2011-04-22 13:49:18-04:00,1.0
2011-04-22 13:49:21-04:00,1.0
2011-04-22 13:49:24-04:00,1.0
2011-04-22 13:49:27-04:00,1.0
2011-04-22 13:49:30-04:00,1.0
2011-04-22 13:49:33-04:00,1.0
2011-04-22 13:49:36-04:00,1.0
2011-04-22 13:49:39-04:00,1.0
2011-04-22 13:49:42-04:00,1.0
2011-04-22 13:49:45-04:00,1.0
2011-04-22 13:49:48-04:00,0.5
2011-04-22 13:49:51-04:00,0.3333333333333333
2011-04-22 13:49:54-04:00,1.0
2011-04-22 13:49:57-04:00,1.0
2011-04-22 13:50:00-04:00,1.0
2011-04-22 13:50:03-04:00,1.0
2011-04-22 13:50:06-04:00,1.0
2011-04-22 13:50:09-04:00,1.0
2011-04-22 13:50:12-04:00,1.0
2011-04-22 13:50:15-04:00,1.0
2011-04-22 13:50:18-04:00,1.0
2011-04-22 13:50:21-04:00,1.0
2011-04-22 13:50:24-04:00,1.0
2011-04-22 13:50:27-04:00,1.0
2011-04-22 13:50:30-04:00,1.0
2011-04-22 13:50:33-04:00,1.0
2011-04-22 13:50:36-04:00,1.0
2011-04-22 13:50:39-04:00,1.0
2011-04-22 13:50:42-04:00,1.0
2011-04-22 13:50:45-04:00,0.5
2011-04-22 13:50:48-04:00,0.3333333333333333
2011-04-22 13:50:51-04:00,1.0
2011-04-22 13:50:54-04:00,1.0
2011-04-22 13:50:57-04:00,1.0
2011-04-22 13:51:00-04:00,1.0
2011-04-22 13:51:03-04:00,1.0
2011-04-22 13:51:06-04:00,1.0
2011-04-22 13:51:09-04:00,1.0
2011-04-22 13:51:12-04:00,0.6666666666666667
2011-04-22 13:51:15-04:00,0.25
2011-04-22 13:51:18-04:00,1.0
2011-04-22 13:51:21-04:00,1.0
2011-04-22 13:51:24-04:00,1.0
2011-04-22 13:51:27-04:00,1.0
2011-04-22 13:51:30-04:00,1.0
2011-04-22 13:51:33-04:00,1.0
2011-04-22 13:51:36-04:00,1.0
2011-04-22 13:51:39-04:00,1.0
2011-04-22 13:51:42-04:00,1.0
2011-04-22 13:51:45-04:00,1.0
2011-04-22 13:51:48-04:00,1.0
2011-04-22 13:51:51-04:00,1.0
2011-04-22 13:51:54-04:00,1.0
2011-04-22 13:51:57-04:00,1.0
2011-04-22 13:52:00-04:00,1.0
2011-04-22 13:52:03-04:00,1.0
2011-04-22 13:52:06-04:00,1.0
2011-04-22 13:52:09-04:00,1.0
2011-04-22 13:52:12-04:00,1.0
2011-04-22 13:52:15-04:00,0.75
2011-04-22 13:52:18-04:00,0.0
2011-04-22 13:52:21-04:00,1.0
2011-04-22 13:52:24-04:00,1.0
2011-04-22 13:52:27-04:00,1.0
2011-04-22 13:52:30-04:00,1.0
2011-04-22 13:52:33-04:00,1.0
2011-04-22 13:52:36-04:00,1.0
2011-04-22 13:52:39-04:00,1.0
2011-04-22 13:52:42-04:00,1.0
2011-04-22 13:52:45-04:00,1.0
2011-04-22 13:52:48-04:00,0.6666666666666667
2011-04-22 13:52:51-04:00,0.25
2011-04-22 13:52:54-04:00,1.0
2011-04-22 13:52:57-04:00,1.0
2011-04-22 13:53:00-04:00,1.0
2011-04-22 13:53:03-04:00,1.0
2011-04-22 13:53:06-04:00,1.0
2011-04-22 13:53:09-04:00,0.6666666666666667
2011-04-22 13:53:12-04:00,0.3333333333333333
2011-04-22 13:53:15-04:00,0.75
2011-04-22 13:53:18-04:00,0.0
2011-04-22 13:53:21-04:00,1.0
2011-04-22 13:53:24-04:00,1.0
2011-04-22 13:53:27-04:00,0.33333333333333337
2011-04-22 13:53:30-04:00,0.25
2011-04-22 13:53:33-04:00,0.625
2011-04-22 13:53:36-04:00,1.0
2011-04-22 13:53:39-04:00,1.0
2011-04-22 13:53:42-04:00,1.0
2011-04-22 13:53:45-04:00,1.0
2011-04-22 13:53:48-04:00,1.0
2011-04-22 13:53:51-04:00,1.0
2011-04-22 13:53:54-04:00,1.0
2011-04-22 13:53:57-04:00,1.0
2011-04-22 13:54:00-04:00,1.0
2011-04-22 13:54:03-04:00,1.0
2011-04-22 13:54:06-04:00,1.0
2011-04-22 13:54:09-04:00,1.0
2011-04-22 13:54:12-04:00,1.0
2011-04-22 13:54:15-04:00,1.0
2011-04-22 13:54:18-04:00,1.0
2011-04-22 13:54:21-04:00,1.0
2011-04-22 13:54:24-04:00,0.0
2011-04-22 13:54:27-04:00,0.75
2011-04-22 13:54:30-04:00,1.0
2011-04-22 13:54:33-04:00,1.0
2011-04-22 13:54:36-04:00,1.0
2011-04-22 13:54:39-04:00,1.0
2011-04-22 13:54:42-04:00,1.0
2011-04-22 13:54:45-04:00,1.0
2011-04-22 13:54:48-04:00,1.0
2011-04-22 13:54:51-04:00,1.0
2011-04-22 13:54:54-04:00,1.0
2011-04-22 13:54:57-04:00,1.0
2011-04-22 13:55:00-04:00,1.0
2011-04-22 13:55:03-04:00,1.0
2011-04-22 13:55:06-04:00,0.5
2011-04-22 13:55:09-04:00,0.3333333333333333
2011-04-22 13:55:12-04:00,1.0
2011-04-22 13:55:15-04:00,1.0
2011-04-22 13:55:18-04:00,1.0
2011-04-22 13:55:21-04:00,1.0
2011-04-22 13:55:24-04:00,0.25
2011-04-22 13:55:27-04:00,0.6666666666666666
2011-04-22 13:55:30-04:00,1.0
2011-04-22 13:55:33-04:00,1.0
2011-04-22 13:55:36-04:00,1.0
2011-04-22 13:55:39-04:00,1.0
2011-04-22 13:55:42-04:00,1.0
2011-04-22 13:55:45-04:00,0.6666666666666667
2011-04-22 13:55:48-04:00,0.25
2011-04-22 13:55:51-04:00,1.0
2011-04-22 13:55:54-04:00,1.0
2011-04-22 13:55:57-04:00,1.0
2011-04-22 13:56:00-04:00,1.0
2011-04-22 13:56:03-04:00,1.0
2011-04-22 13:56:06-04:00,1.0
2011-04-22 13:56:09-04:00,1.0
2011-04-22 13:56:12-04:00,1.0
2011-04-22 13:56:15-04:00,1.0
2011-04-22 13:56:18-04:00,0.0
2011-04-22 13:56:21-04:00,0.75
2011-04-22 13:56:24-04:00,0.33333333333333337
2011-04-22 13:56:27-04:00,0.5
2011-04-22 13:56:30-04:00,0.875
2011-04-22 13:56:33-04:00,0.5
2011-04-22 13:56:36-04:00,0.125
2011-04-22 13:56:39-04:00,0.5
2011-04-22 13:56:42-04:00,1.0
2011-04-22 13:56:45-04:00,1.0
2011-04-22 13:56:48-04:00,1.0
2011-04-22 13:56:51-04:00,1.0
2011-04-22 13:56:54-04:00,1.0
2011-04-22 13:56:57-04:00,1.0
2011-04-22 13:57:00-04:00,1.0
2011-04-22 13:57:03-04:00,1.0
2011-04-22 13:57:06-04:00,1.0
2011-04-22 13:57:09-04:00,1.0
2011-04-22 13:57:12-04:00,1.0
2011-04-22 13:57:15-04:00,1.0
2011-04-22 13:57:18-04:00,1.0
2011-04-22 13:57:21-04:00,1.0
2011-04-22 13:57:24-04:00,1.0
2011-04-22 13:57:27-04:00,0.5
2011-04-22 13:57:30-04:00,0.1111111111111111
2011-04-22 13:57:33-04:00,0.4444444444444444
2011-04-22 13:57:36-04:00,0.7777777777777778
2011-04-22 13:57:39-04:00,1.0
2011-04-22 13:57:42-04:00,1.0
2011-04-22 13:57:45-04:00,1.0
2011-04-22 13:57:48-04:00,1.0
2011-04-22 13:57:51-04:00,1.0
2011-04-22 13:57:54-04:00,0.25
2011-04-22 13:57:57-04:00,0.6666666666666666
2011-04-22 13:58:00-04:00,1.0
2011-04-22 13:58:03-04:00,1.0
2011-04-22 13:58:06-04:00,1.0
2011-04-22 13:58:09-04:00,0.75
2011-04-22 13:58:12-04:00,0.0
2011-04-22 13:58:15-04:00,1.0
2011-04-22 13:58:18-04:00,1.0
2011-04-22 13:58:21-04:00,1.0
2011-04-22 13:58:24-04:00,1.0
2011-04-22 13:58:27-04:00,1.0
2011-04-22 13:58:30-04:00,1.0
2011-04-22 13:58:33-04:00,1.0
2011-04-22 13:58:36-04:00,1.0
2011-04-22 13:58:39-04:00,1.0
2011-04-22 13:58:42-04:00,1.0
2011-04-22 13:58:45-04:00,1.0
2011-04-22 13:58:48-04:00,1.0
2011-04-22 13:58:51-04:00,1.0
2011-04-22 13:58:54-04:00,1.0
2011-04-22 13:58:57-04:00,1.0
2011-04-22 13:59:00-04:00,1.0
2011-04-22 13:59:03-04:00,1.0
2011-04-22 13:59:06-04:00,1.0
2011-04-22 13:59:09-04:00,1.0
2011-04-22 13:59:12-04:00,0.0
2011-04-22 13:59:15-04:00,0.75
2011-04-22 13:59:18-04:00,1.0
2011-04-22 13:59:21-04:00,1.0
2011-04-22 13:59:24-04:00,1.0
2011-04-22 13:59:27-04:00,1.0
2011-04-22 13:59:30-04:00,1.0
2011-04-22 13:59:33-04:00,1.0
2011-04-22 13:59:36-04:00,1.0
2011-04-22 13:59:39-04:00,0.75
2011-04-22 13:59:42-04:00,0.0
2011-04-22 13:59:45-04:00,0.75
2011-04-22 13:59:48-04:00,1.0
2011-04-22 13:59:51-04:00,1.0
2011-04-22 13:59:54-04:00,1.0
2011-04-22 13:59:57-04:00,0.6666666666666667
2011-04-22 14:00:00-04:00,0.25
2011-04-22 14:00:03-04:00,1.0
2011-04-22 14:00:06-04:00,1.0
2011-04-22 14:00:09-04:00,1.0
2011-04-22 14:00:12-04:00,1.0
2011-04-22 14:00:15-04:00,1.0
2011-04-22 14:00:18-04:00,0.5
2011-04-22 14:00:21-04:00,0.25
2011-04-22 14:00:24-04:00,1.0
2011-04-22 14:00:27-04:00,0.0
2011-04-22 14:00:30-04:00,0.3333333333333333
2011-04-22 14:00:33-04:00,0.6666666666666666
2011-04-22 14:00:36-04:00,1.0
2011-04-22 14:00:39-04:00,1.0
2011-04-22 14:00:42-04:00,1.0
2011-04-22 14:00:45-04:00,0.25
2011-04-22 14:00:48-04:00,0.5
2011-04-22 14:00:51-04:00,1.0
2011-04-22 14:00:54-04:00,1.0
2011-04-22 14:00:57-04:00,1.0
2011-04-22 14:01:00-04:00,1.0
2011-04-22 14:01:03-04:00,1.0
2011-04-22 14:01:06-04:00,1.0
2011-04-22 14:01:09-04:00,1.0
2011-04-22 14:01:12-04:00,1.0
2011-04-22 14:01:15-04:00,1.0
2011-04-22 14:01:18-04:00,1.0
2011-04-22 14:01:21-04:00,1.0
2011-04-22 14:01:24-04:00,0.0
2011-04-22 14:01:27-04:00,0.75
2011-04-22 14:01:30-04:00,0.7777777777777778
2011-04-22 14:01:33-04:00,0.4444444444444444
2011-04-22 14:01:36-04:00,0.11111111111111116
2011-04-22 14:01:39-04:00,0.6666666666666666
2011-04-22 14:01:42-04:00,1.0
2011-04-22 14:01:45-04:00,0.6666666666666667
2011-04-22 14:01:48-04:00,0.3333333333333333
2011-04-22 14:01:51-04:00,1.0
2011-04-22 14:01:54-04:00,1.0
2011-04-22 14:01:57-04:00,1.0
2011-04-22 14:02:00-04:00,1.0
2011-04-22 14:02:03-04:00,1.0
2011-04-22 14:02:06-04:00,1.0
2011-04-22 14:02:09-04:00,1.0
2011-04-22 14:02:12-04:00,1.0
2011-04-22 14:02:15-04:00,1.0
2011-04-22 14:02:18-04:00,1.0
2011-04-22 14:02:21-04:00,1.0
2011-04-22 14:02:24-04:00,0.5
2011-04-22 14:02:27-04:00,0.0
2011-04-22 14:02:30-04:00,0.0
2011-04-22 14:02:33-04:00,0.0
2011-04-22 14:02:36-04:00,0.3333333333333333
2011-04-22 14:02:39-04:00,1.0
2011-04-22 14:02:42-04:00,1.0
2011-04-22 14:02:45-04:00,1.0
2011-04-22 14:02:48-04:00,1.0
2011-04-22 14:02:51-04:00,1.0
2011-04-22 14:02:54-04:00,1.0
2011-04-22 14:02:57-04:00,0.6666666666666667
2011-04-22 14:03:00-04:00,0.25
2011-04-22 14:03:03-04:00,1.0
2011-04-22 14:03:06-04:00,1.0
2011-04-22 14:03:09-04:00,1.0
2011-04-22 14:03:12-04:00,1.0
2011-04-22 14:03:15-04:00,1.0
2011-04-22 14:03:18-04:00,1.0
2011-04-22 14:03:21-04:00,0.6666666666666667
2011-04-22 14:03:24-04:00,0.3333333333333333
2011-04-22 14:03:27-04:00,1.0
2011-04-22 14:03:30-04:00,1.0
2011-04-22 14:03:33-04:00,1.0
2011-04-22 14:03:36-04:00,1.0
2011-04-22 14:03:39-04:00,1.0
2011-04-22 14:03:42-04:00,1.0
2011-04-22 14:03:45-04:00,0.25
2011-04-22 14:03:48-04:00,0.6666666666666666
2011-04-22 14:03:51-04:00,1.0
2011-04-22 14:03:54-04:00,1.0
2011-04-22 14:03:57-04:00,1.0
2011-04-22 14:04:00-04:00,1.0
2011-04-22 14:04:03-04:00,1.0
2011-04-22 14:04:06-04:00,0.0
2011-04-22 14:04:09-04:00,0.75
2011-04-22 14:04:12-04:00,1.0
2011-04-22 14:04:15-04:00,0.33333333333333337
2011-04-22 14:04:18-04:00,0.5
2011-04-22 14:04:21-04:00,1.0
2011-04-22 14:04:24-04:00,1.0
2011-04-22 14:04:27-04:00,1.0
2011-04-22 14:04:30-04:00,1.0
2011-04-22 14:04:33-04:00,1.0
2011-04-22 14:04:36-04:00,1.0
2011-04-22 14:04:39-04:00,1.0
2011-04-22 14:04:42-04:00,1.0
2011-04-22 14:04:45-04:00,1.0
2011-04-22 14:04:48-04:00,1.0
2011-04-22 14:04:51-04:00,1.0
2011-04-22 14:04:54-04:00,0.75
2011-04-22 14:04:57-04:00,0.0
2011-04-22 14:05:00-04:00,1.0
2011-04-22 14:05:03-04:00,1.0
2011-04-22 14:05:06-04:00,1.0
2011-04-22 14:05:09-04:00,1.0
2011-04-22 14:05:12-04:00,1.0
2011-04-22 14:05:15-04:00,1.0
2011-04-22 14:05:18-04:00,1.0
2011-04-22 14:05:21-04:00,1.0
2011-04-22 14:05:24-04:00,1.0
2011-04-22 14:05:27-04:00,1.0
2011-04-22 14:05:30-04:00,1.0
2011-04-22 14:05:33-04:00,1.0
2011-04-22 14:05:36-04:00,1.0
2011-04-22 14:05:39-04:00,1.0
2011-04-22 14:05:42-04:00,1.0
2011-04-22 14:05:45-04:00,1.0
2011-04-22 14:05:48-04:00,1.0
2011-04-22 14:05:51-04:00,0.75
2011-04-22 14:05:54-04:00,0.0
2011-04-22 14:05:57-04:00,1.0
2011-04-22 14:06:00-04:00,1.0
2011-04-22 14:06:03-04:00,1.0
2011-04-22 14:06:06-04:00,1.0
2011-04-22 14:06:09-04:00,1.0
2011-04-22 14:06:12-04:00,1.0
2011-04-22 14:06:15-04:00,1.0
2011-04-22 14:06:18-04:00,1.0
2011-04-22 14:06:21-04:00,1.0
2011-04-22 14:06:24-04:00,1.0
2011-04-22 14:06:27-04:00,1.0
2011-04-22 14:06:30-04:00,1.0
2011-04-22 14:06:33-04:00,1.0
2011-04-22 14:06:36-04:00,1.0
2011-04-22 14:06:39-04:00,1.0
2011-04-22 14:06:42-04:00,1.0
2011-04-22 14:06:45-04:00,1.0
2011-04-22 14:06:48-04:00,1.0
2011-04-22 14:06:51-04:00,1.0
2011-04-22 14:06:54-04:00,1.0
2011-04-22 14:06:57-04:00,0.25
2011-04-22 14:07:00-04:00,0.6666666666666666
2011-04-22 14:07:03-04:00,1.0
2011-04-22 14:07:06-04:00,0.6666666666666667
2011-04-22 14:07:09-04:00,0.25
2011-04-22 14:07:12-04:00,1.0
2011-04-22 14:07:15-04:00,1.0
2011-04-22 14:07:18-04:00,1.0
2011-04-22 14:07:21-04:00,1.0
2011-04-22 14:07:24-04:00,1.0
2011-04-22 14:07:27-04:00,1.0
2011-04-22 14:07:30-04:00,1.0
2011-04-22 14:07:33-04:00,1.0
2011-04-22 14:07:36-04:00,1.0
2011-04-22 14:07:39-04:00,1.0
2011-04-22 14:07:42-04:00,1.0
2011-04-22 14:07:45-04:00,1.0
2011-04-22 14:07:48-04:00,0.25
2011-04-22 14:07:51-04:00,0.0
2011-04-22 14:07:54-04:00,0.0
2011-04-22 14:07:57-04:00,0.3333333333333333
2011-04-22 14:08:00-04:00,1.0
2011-04-22 14:08:03-04:00,1.0
2011-04-22 14:08:06-04:00,1.0
2011-04-22 14:08:09-04:00,1.0
2011-04-22 14:08:12-04:00,0.0
2011-04-22 14:08:15-04:00,0.0
2011-04-22 14:08:18-04:00,0.5
2011-04-22 14:08:21-04:00,1.0
2011-04-22 14:08:24-04:00,1.0
2011-04-22 14:08:27-04:00,1.0
2011-04-22 14:08:30-04:00,1.0
2011-04-22 14:08:33-04:00,1.0
2011-04-22 14:08:36-04:00,1.0
2011-04-22 14:08:39-04:00,1.0
2011-04-22 14:08:42-04:00,1.0
2011-04-22 14:08:45-04:00,1.0
2011-04-22 14:08:48-04:00,0.5
2011-04-22 14:08:51-04:00,0.3333333333333333
2011-04-22 14:08:54-04:00,0.75
2011-04-22 14:08:57-04:00,0.0
2011-04-22 14:09:00-04:00,1.0
2011-04-22 14:09:03-04:00,1.0
2011-04-22 14:09:06-04:00,1.0
2011-04-22 14:09:09-04:00,1.0
2011-04-22 14:09:12-04:00,1.0
2011-04-22 14:09:15-04:00,1.0
2011-04-22 14:09:18-04:00,1.0
2011-04-22 14:09:21-04:00,1.0
2011-04-22 14:09:24-04:00,0.0
2011-04-22 14:09:27-04:00,0.75
2011-04-22 14:09:30-04:00,1.0
2011-04-22 14:09:33-04:00,1.0
2011-04-22 14:09:36-04:00,1.0
2011-04-22 14:09:39-04:00,1.0
2011-04-22 14:09:42-04:00,1.0
2011-04-22 14:09:45-04:00,1.0
2011-04-22 14:09:48-04:00,1.0
2011-04-22 14:09:51-04:00,1.0
2011-04-22 14:09:54-04:00,1.0
2011-04-22 14:09:57-04:00,1.0
2011-04-22 14:10:00-04:00,1.0
2011-04-22 14:10:03-04:00,1.0
2011-04-22 14:10:06-04:00,0.33333333333333337
2011-04-22 14:10:09-04:00,0.0
2011-04-22 14:10:12-04:00,0.3333333333333333
2011-04-22 14:10:15-04:00,0.75
2011-04-22 14:10:18-04:00,0.0
2011-04-22 14:10:21-04:00,1.0
2011-04-22 14:10:24-04:00,1.0
2011-04-22 14:10:27-04:00,1.0
2011-04-22 14:10:30-04:00,1.0
2011-04-22 14:10:33-04:00,1.0
2011-04-22 14:10:36-04:00,1.0
2011-04-22 14:10:39-04:00,1.0
2011-04-22 14:10:42-04:00,1.0
2011-04-22 14:10:45-04:00,1.0
2011-04-22 14:10:48-04:00,1.0
2011-04-22 14:10:51-04:00,1.0
2011-04-22 14:10:54-04:00,1.0
2011-04-22 14:10:57-04:00,1.0
2011-04-22 14:11:00-04:00,1.0
2011-04-22 14:11:03-04:00,1.0
2011-04-22 14:11:06-04:00,1.0
2011-04-22 14:11:09-04:00,1.0
2011-04-22 14:11:12-04:00,1.0
2011-04-22 14:11:15-04:00,1.0
2011-04-22 14:11:18-04:00,1.0
2011-04-22 14:11:21-04:00,1.0
2011-04-22 14:11:24-04:00,1.0
2011-04-22 14:11:27-04:00,1.0
2011-04-22 14:11:30-04:00,0.7777777777777778
2011-04-22 14:11:33-04:00,0.4444444444444444
2011-04-22 14:11:36-04:00,0.11111111111111116
2011-04-22 14:11:39-04:00,0.6666666666666666
2011-04-22 14:11:42-04:00,1.0
2011-04-22 14:11:45-04:00,1.0
2011-04-22 14:11:48-04:00,1.0
2011-04-22 14:11:51-04:00,1.0
2011-04-22 14:11:54-04:00,1.0
2011-04-22 14:11:57-04:00,1.0
2011-04-22 14:12:00-04:00,1.0
2011-04-22 14:12:03-04:00,1.0
2011-04-22 14:12:06-04:00,1.0
2011-04-22 14:12:09-04:00,1.0
2011-04-22 14:12:12-04:00,1.0
2011-04-22 14:12:15-04:00,1.0
2011-04-22 14:12:18-04:00,1.0
2011-04-22 14:12:21-04:00,1.0
2011-04-22 14:12:24-04:00,0.33333333333333337
2011-04-22 14:12:27-04:00,0.6666666666666666
2011-04-22 14:12:30-04:00,1.0
2011-04-22 14:12:33-04:00,1.0
2011-04-22 14:12:36-04:00,1.0
2011-04-22 14:12:39-04:00,1.0
2011-04-22 14:12:42-04:00,1.0
2011-04-22 14:12:45-04:00,1.0
2011-04-22 14:12:48-04:00,1.0
2011-04-22 14:12:51-04:00,1.0
2011-04-22 14:12:54-04:00,1.0
2011-04-22 14:12:57-04:00,1.0
2011-04-22 14:13:00-04:00,1.0
2011-04-22 14:13:03-04:00,0.33333333333333337
2011-04-22 14:13:06-04:00,0.5
2011-04-22 14:13:09-04:00,1.0
2011-04-22 14:13:12-04:00,0.6666666666666667
2011-04-22 14:13:15-04:00,0.25
2011-04-22 14:13:18-04:00,1.0
2011-04-22 14:13:21-04:00,1.0
2011-04-22 14:13:24-04:00,0.0
2011-04-22 14:13:27-04:00,0.75
2011-04-22 14:13:30-04:00,1.0
2011-04-22 14:13:33-04:00,1.0
2011-04-22 14:13:36-04:00,1.0
2011-04-22 14:13:39-04:00,1.0
2011-04-22 14:13:42-04:00,0.33333333333333337
2011-04-22 14:13:45-04:00,0.5
2011-04-22 14:13:48-04:00,1.0
2011-04-22 14:13:51-04:00,1.0
2011-04-22 14:13:54-04:00,1.0
2011-04-22 14:13:57-04:00,1.0
2011-04-22 14:14:00-04:00,1.0
2011-04-22 14:14:03-04:00,0.33333333333333337
2011-04-22 14:14:06-04:00,0.5
2011-04-22 14:14:09-04:00,1.0
2011-04-22 14:14:12-04:00,1.0
2011-04-22 14:14:15-04:00,1.0
2011-04-22 14:14:18-04:00,1.0
2011-04-22 14:14:21-04:00,0.0
2011-04-22 14:14:24-04:00,0.75
2011-04-22 14:14:27-04:00,0.33333333333333337
2011-04-22 14:14:30-04:00,0.2222222222222222
2011-04-22 14:14:33-04:00,0.5555555555555556
2011-04-22 14:14:36-04:00,0.8888888888888888
2011-04-22 14:14:39-04:00,1.0
2011-04-22 14:14:42-04:00,1.0
2011-04-22 14:14:45-04:00,1.0
2011-04-22 14:14:48-04:00,1.0
2011-04-22 14:14:51-04:00,1.0
2011-04-22 14:14:54-04:00,1.0
2011-04-22 14:14:57-04:00,1.0
2011-04-22 14:15:00-04:00,1.0
2011-04-22 14:15:03-04:00,1.0
2011-04-22 14:15:06-04:00,1.0
2011-04-22 14:15:09-04:00,1.0
2011-04-22 14:15:12-04:00,1.0
2011-04-22 14:15:15-04:00,1.0
2011-04-22 14:15:18-04:00,1.0
2011-04-22 14:15:21-04:00,1.0
2011-04-22 14:15:24-04:00,0.33333333333333337
2011-04-22 14:15:27-04:00,0.0
2011-04-22 14:15:30-04:00,0.0
2011-04-22 14:15:33-04:00,0.0
2011-04-22 14:15:36-04:00,0.0
2011-04-22 14:15:39-04:00,0.0
2011-04-22 14:15:42-04:00,0.3333333333333333
2011-04-22 14:15:45-04:00,1.0
2011-04-22 14:15:48-04:00,1.0
2011-04-22 14:15:51-04:00,1.0
2011-04-22 14:15:54-04:00,1.0
2011-04-22 14:15:57-04:00,1.0
2011-04-22 14:16:00-04:00,0.33333333333333337
2011-04-22 14:16:03-04:00,0.6666666666666666
2011-04-22 14:16:06-04:00,1.0
2011-04-22 14:16:09-04:00,1.0
2011-04-22 14:16:12-04:00,1.0
2011-04-22 14:16:15-04:00,1.0
2011-04-22 14:16:18-04:00,1.0
2011-04-22 14:16:21-04:00,1.0
2011-04-22 14:16:24-04:00,1.0
2011-04-22 14:16:27-04:00,1.0
2011-04-22 14:16:30-04:00,0.7777777777777778
2011-04-22 14:16:33-04:00,0.4444444444444444
2011-04-22 14:16:36-04:00,0.11111111111111116
2011-04-22 14:16:39-04:00,0.5
2011-04-22 14:16:42-04:00,1.0
2011-04-22 14:16:45-04:00,1.0
2011-04-22 14:16:48-04:00,1.0
2011-04-22 14:16:51-04:00,1.0
2011-04-22 14:16:54-04:00,1.0
2011-04-22 14:16:57-04:00,0.33333333333333337
2011-04-22 14:17:00-04:00,0.6666666666666666
2011-04-22 14:17:03-04:00,1.0
2011-04-22 14:17:06-04:00,1.0
2011-04-22 14:17:09-04:00,1.0
2011-04-22 14:17:12-04:00,1.0
2011-04-22 14:17:15-04:00,1.0
2011-04-22 14:17:18-04:00,1.0
2011-04-22 14:17:21-04:00,1.0
2011-04-22 14:17:24-04:00,1.0
2011-04-22 14:17:27-04:00,1.0
2011-04-22 14:17:30-04:00,1.0
2011-04-22 14:17:33-04:00,1.0
2011-04-22 14:17:36-04:00,1.0
2011-04-22 14:17:39-04:00,1.0
2011-04-22 14:17:42-04:00,1.0
2011-04-22 14:17:45-04:00,1.0
2011-04-22 14:17:48-04:00,1.0
2011-04-22 14:17:51-04:00,1.0
2011-04-22 14:17:54-04:00,1.0
2011-04-22 14:17:57-04:00,1.0
2011-04-22 14:18:00-04:00,1.0
2011-04-22 14:18:03-04:00,1.0
2011-04-22 14:18:06-04:00,1.0
2011-04-22 14:18:09-04:00,1.0
2011-04-22 14:18:12-04:00,1.0
2011-04-22 14:18:15-04:00,1.0
2011-04-22 14:18:18-04:00,1.0
2011-04-22 14:18:21-04:00,1.0
2011-04-22 14:18:24-04:00,0.5
2011-04-22 14:18:27-04:00,0.3333333333333333
2011-04-22 14:18:30-04:00,1.0
2011-04-22 14:18:33-04:00,1.0
2011-04-22 14:18:36-04:00,1.0
2011-04-22 14:18:39-04:00,1.0
2011-04-22 14:18:42-04:00,1.0
2011-04-22 14:18:45-04:00,1.0
2011-04-22 14:18:48-04:00,1.0
2011-04-22 14:18:51-04:00,1.0
2011-04-22 14:18:54-04:00,1.0
2011-04-22 14:18:57-04:00,0.6666666666666667
2011-04-22 14:19:00-04:00,0.25
2011-04-22 14:19:03-04:00,1.0
2011-04-22 14:19:06-04:00,1.0
2011-04-22 14:19:09-04:00,1.0
2011-04-22 14:19:12-04:00,1.0
2011-04-22 14:19:15-04:00,1.0
2011-04-22 14:19:18-04:00,1.0
2011-04-22 14:19:21-04:00,1.0
2011-04-22 14:19:24-04:00,1.0
2011-04-22 14:19:27-04:00,1.0
2011-04-22 14:19:30-04:00,1.0
2011-04-22 14:19:33-04:00,1.0
2011-04-22 14:19:36-04:00,1.0
2011-04-22 14:19:39-04:00,1.0
2011-04-22 14:19:42-04:00,1.0
2011-04-22 14:19:45-04:00,0.6666666666666667
2011-04-22 14:19:48-04:00,0.25
2011-04-22 14:19:51-04:00,1.0
2011-04-22 14:19:54-04:00,1.0
2011-04-22 14:19:57-04:00,0.25
2011-04-22 14:20:00-04:00,0.6666666666666666
2011-04-22 14:20:03-04:00,0.5
2011-04-22 14:20:06-04:00,0.0
2011-04-22 14:20:09-04:00,0.25
2011-04-22 14:20:12-04:00,1.0
2011-04-22 14:20:15-04:00,0.0
2011-04-22 14:20:18-04:00,0.75
2011-04-22 14:20:21-04:00,1.0
2011-04-22 14:20:24-04:00,1.0
2011-04-22 14:20:27-04:00,1.0
2011-04-22 14:20:30-04:00,1.0
2011-04-22 14:20:33-04:00,1.0
2011-04-22 14:20:36-04:00,1.0
2011-04-22 14:20:39-04:00,1.0
2011-04-22 14:20:42-04:00,1.0
2011-04-22 14:20:45-04:00,1.0
2011-04-22 14:20:48-04:00,1.0
2011-04-22 14:20:51-04:00,1.0
2011-04-22 14:20:54-04:00,1.0
2011-04-22 14:20:57-04:00,1.0
2011-04-22 14:21:00-04:00,1.0
2011-04-22 14:21:03-04:00,1.0
2011-04-22 14:21:06-04:00,1.0
2011-04-22 14:21:09-04:00,1.0
2011-04-22 14:21:12-04:00,1.0
2011-04-22 14:21:15-04:00,1.0
2011-04-22 14:21:18-04:00,1.0
2011-04-22 14:21:21-04:00,1.0
2011-04-22 14:21:24-04:00,1.0
2011-04-22 14:21:27-04:00,1.0
2011-04-22 14:21:30-04:00,1.0
2011-04-22 14:21:33-04:00,1.0
2011-04-22 14:21:36-04:00,1.0
2011-04-22 14:21:39-04:00,1.0
2011-04-22 14:21:42-04:00,1.0
2011-04-22 14:21:45-04:00,1.0
2011-04-22 14:21:48-04:00,1.0
2011-04-22 14:21:51-04:00,1.0
2011-04-22 14:21:54-04:00,1.0
2011-04-22 14:21:57-04:00,1.0
2011-04-22 14:22:00-04:00,1.0
2011-04-22 14:22:03-04:00,0.0
2011-04-22 14:22:06-04:00,1.0
2011-04-22 14:22:09-04:00,0.25
2011-04-22 14:22:12-04:00,0.6666666666666666
2011-04-22 14:22:15-04:00,0.5
2011-04-22 14:22:18-04:00,0.3333333333333333
2011-04-22 14:22:21-04:00,1.0
2011-04-22 14:22:24-04:00,1.0
2011-04-22 14:22:27-04:00,1.0
2011-04-22 14:22:30-04:00,1.0
2011-04-22 14:22:33-04:00,1.0
2011-04-22 14:22:36-04:00,1.0
2011-04-22 14:22:39-04:00,0.0
2011-04-22 14:22:42-04:00,0.75
2011-04-22 14:22:45-04:00,0.33333333333333337
2011-04-22 14:22:48-04:00,0.5
2011-04-22 14:22:51-04:00,1.0
2011-04-22 14:22:54-04:00,1.0
2011-04-22 14:22:57-04:00,1.0
2011-04-22 14:23:00-04:00,1.0
2011-04-22 14:23:03-04:00,1.0
2011-04-22 14:23:06-04:00,0.5
2011-04-22 14:23:09-04:00,0.3333333333333333
2011-04-22 14:23:12-04:00,1.0
2011-04-22 14:23:15-04:00,1.0
2011-04-22 14:23:18-04:00,1.0
2011-04-22 14:23:21-04:00,1.0
2011-04-22 14:23:24-04:00,1.0
2011-04-22 14:23:27-04:00,1.0
2011-04-22 14:23:30-04:00,1.0
2011-04-22 14:23:33-04:00,1.0
2011-04-22 14:23:36-04:00,1.0
2011-04-22 14:23:39-04:00,1.0
2011-04-22 14:23:42-04:00,1.0
2011-04-22 14:23:45-04:00,1.0
2011-04-22 14:23:48-04:00,1.0
2011-04-22 14:23:51-04:00,1.0
2011-04-22 14:23:54-04:00,1.0
2011-04-22 14:23:57-04:00,0.0
2011-04-22 14:24:00-04:00,0.75
2011-04-22 14:24:03-04:00,0.33333333333333337
2011-04-22 14:24:06-04:00,0.0
2011-04-22 14:24:09-04:00,0.25
2011-04-22 14:24:12-04:00,1.0
2011-04-22 14:24:15-04:00,1.0
2011-04-22 14:24:18-04:00,1.0
2011-04-22 14:24:21-04:00,1.0
2011-04-22 14:24:24-04:00,1.0
2011-04-22 14:24:27-04:00,1.0
2011-04-22 14:24:30-04:00,1.0
2011-04-22 14:24:33-04:00,1.0
2011-04-22 14:24:36-04:00,1.0
2011-04-22 14:24:39-04:00,1.0
2011-04-22 14:24:42-04:00,1.0
2011-04-22 14:24:45-04:00,1.0
2011-04-22 14:24:48-04:00,1.0
2011-04-22 14:24:51-04:00,1.0
2011-04-22 14:24:54-04:00,1.0
2011-04-22 14:24:57-04:00,1.0
2011-04-22 14:25:00-04:00,1.0
2011-04-22 14:25:03-04:00,1.0
2011-04-22 14:25:06-04:00,1.0
2011-04-22 14:25:09-04:00,1.0
2011-04-22 14:25:12-04:00,1.0
2011-04-22 14:25:15-04:00,1.0
2011-04-22 14:25:18-04:00,1.0
2011-04-22 14:25:21-04:00,1.0
2011-04-22 14:25:24-04:00,0.75
2011-04-22 14:25:27-04:00,0.0
2011-04-22 14:25:30-04:00,0.375
2011-04-22 14:25:33-04:00,0.75
2011-04-22 14:25:36-04:00,1.0
2011-04-22 14:25:39-04:00,1.0
2011-04-22 14:25:42-04:00,1.0
2011-04-22 14:25:45-04:00,1.0
2011-04-22 14:25:48-04:00,1.0
2011-04-22 14:25:51-04:00,1.0
2011-04-22 14:25:54-04:00,1.0
2011-04-22 14:25:57-04:00,1.0
2011-04-22 14:26:00-04:00,1.0
2011-04-22 14:26:03-04:00,1.0
2011-04-22 14:26:06-04:00,1.0
2011-04-22 14:26:09-04:00,1.0
2011-04-22 14:26:12-04:00,1.0
2011-04-22 14:26:15-04:00,1.0
2011-04-22 14:26:18-04:00,1.0
2011-04-22 14:26:21-04:00,1.0
2011-04-22 14:26:24-04:00,1.0
2011-04-22 14:26:27-04:00,0.0
2011-04-22 14:26:30-04:00,0.3333333333333333
2011-04-22 14:26:33-04:00,0.6666666666666666
2011-04-22 14:26:36-04:00,1.0
2011-04-22 14:26:39-04:00,1.0
2011-04-22 14:26:42-04:00,1.0
2011-04-22 14:26:45-04:00,1.0
2011-04-22 14:26:48-04:00,1.0
2011-04-22 14:26:51-04:00,1.0
2011-04-22 14:26:54-04:00,1.0
2011-04-22 14:26:57-04:00,1.0
2011-04-22 14:27:00-04:00,1.0
2011-04-22 14:27:03-04:00,0.0
2011-04-22 14:27:06-04:00,0.0
2011-04-22 14:27:09-04:00,0.6666666666666666
2011-04-22 14:27:12-04:00,1.0
2011-04-22 14:27:15-04:00,1.0
2011-04-22 14:27:18-04:00,1.0
2011-04-22 14:27:21-04:00,0.0
2011-04-22 14:27:24-04:00,0.75
2011-04-22 14:27:27-04:00,1.0
2011-04-22 14:27:30-04:00,1.0
2011-04-22 14:27:33-04:00,1.0
2011-04-22 14:27:36-04:00,1.0
2011-04-22 14:27:39-04:00,1.0
2011-04-22 14:27:42-04:00,1.0
2011-04-22 14:27:45-04:00,1.0
2011-04-22 14:27:48-04:00,1.0
2011-04-22 14:27:51-04:00,1.0
2011-04-22 14:27:54-04:00,1.0
2011-04-22 14:27:57-04:00,1.0
2011-04-22 14:28:00-04:00,1.0
2011-04-22 14:28:03-04:00,0.6666666666666667
2011-04-22 14:28:06-04:00,0.3333333333333333
2011-04-22 14:28:09-04:00,0.75
2011-04-22 14:28:12-04:00,0.0
2011-04-22 14:28:15-04:00,1.0
2011-04-22 14:28:18-04:00,1.0
2011-04-22 14:28:21-04:00,0.33333333333333337
2011-04-22 14:28:24-04:00,0.5
2011-04-22 14:28:27-04:00,1.0
2011-04-22 14:28:30-04:00,1.0
2011-04-22 14:28:33-04:00,1.0
2011-04-22 14:28:36-04:00,1.0
2011-04-22 14:28:39-04:00,1.0
2011-04-22 14:28:42-04:00,1.0
2011-04-22 14:28:45-04:00,1.0
2011-04-22 14:28:48-04:00,1.0
2011-04-22 14:28:51-04:00,1.0
2011-04-22 14:28:54-04:00,1.0
2011-04-22 14:28:57-04:00,1.0
2011-04-22 14:29:00-04:00,1.0
2011-04-22 14:29:03-04:00,1.0
2011-04-22 14:29:06-04:00,1.0
2011-04-22 14:29:09-04:00,1.0
2011-04-22 14:29:12-04:00,0.75
2011-04-22 14:29:15-04:00,0.0
2011-04-22 14:29:18-04:00,1.0
2011-04-22 14:29:21-04:00,1.0
2011-04-22 14:29:24-04:00,1.0
2011-04-22 14:29:27-04:00,1.0
2011-04-22 14:29:30-04:00,1.0
2011-04-22 14:29:33-04:00,1.0
2011-04-22 14:29:36-04:00,1.0
2011-04-22 14:29:39-04:00,1.0
2011-04-22 14:29:42-04:00,1.0
2011-04-22 14:29:45-04:00,1.0
2011-04-22 14:29:48-04:00,1.0
2011-04-22 14:29:51-04:00,1.0
2011-04-22 14:29:54-04:00,1.0
2011-04-22 14:29:57-04:00,1.0
2011-04-22 14:30:00-04:00,1.0
2011-04-22 14:30:03-04:00,1.0
2011-04-22 14:30:06-04:00,1.0
2011-04-22 14:30:09-04:00,1.0
2011-04-22 14:30:12-04:00,1.0
2011-04-22 14:30:15-04:00,1.0
2011-04-22 14:30:18-04:00,1.0
2011-04-22 14:30:21-04:00,1.0
2011-04-22 14:30:24-04:00,1.0
2011-04-22 14:30:27-04:00,1.0
2011-04-22 14:30:30-04:00,1.0
2011-04-22 14:30:33-04:00,1.0
2011-04-22 14:30:36-04:00,1.0
2011-04-22 14:30:39-04:00,1.0
2011-04-22 14:30:42-04:00,1.0
2011-04-22 14:30:45-04:00,1.0
2011-04-22 14:30:48-04:00,1.0
2011-04-22 14:30:51-04:00,1.0
2011-04-22 14:30:54-04:00,1.0
2011-04-22 14:30:57-04:00,1.0
2011-04-22 14:31:00-04:00,1.0
2011-04-22 14:31:03-04:00,1.0
2011-04-22 14:31:06-04:00,1.0
2011-04-22 14:31:09-04:00,1.0
2011-04-22 14:31:12-04:00,1.0
2011-04-22 14:31:15-04:00,1.0
2011-04-22 14:31:18-04:00,1.0
2011-04-22 14:31:21-04:00,1.0
2011-04-22 14:31:24-04:00,1.0
2011-04-22 14:31:27-04:00,1.0
2011-04-22 14:31:30-04:00,1.0
2011-04-22 14:31:33-04:00,1.0
2011-04-22 14:31:36-04:00,1.0
2011-04-22 14:31:39-04:00,1.0
2011-04-22 14:31:42-04:00,1.0
2011-04-22 14:31:45-04:00,10.0
2011-04-22 14:31:48-04:00,19.75
2011-04-22 14:31:51-04:00,23.0
2011-04-22 14:31:54-04:00,23.0
2011-04-22 14:31:57-04:00,23.0
2011-04-22 14:32:00-04:00,23.0
2011-04-22 14:32:03-04:00,23.0
2011-04-22 14:32:06-04:00,24.0
2011-04-22 14:32:09-04:00,24.0
2011-04-22 14:32:12-04:00,24.0
2011-04-22 14:32:15-04:00,24.5
2011-04-22 14:32:18-04:00,25.0
2011-04-22 14:32:21-04:00,25.0
2011-04-22 14:32:24-04:00,25.0
2011-04-22 14:32:27-04:00,25.0
2011-04-22 14:32:30-04:00,25.333333333333332
2011-04-22 14:32:33-04:00,25.666666666666668
2011-04-22 14:32:36-04:00,26.0
2011-04-22 14:32:39-04:00,26.0
2011-04-22 14:32:42-04:00,26.0
2011-04-22 14:32:45-04:00,26.0
2011-04-22 14:32:48-04:00,26.0
2011-04-22 14:32:51-04:00,26.666666666666668
2011-04-22 14:32:54-04:00,27.0
2011-04-22 14:32:57-04:00,27.0
2011-04-22 14:33:00-04:00,27.0
2011-04-22 14:33:03-04:00,27.0
2011-04-22 14:33:06-04:00,27.0
2011-04-22 14:33:09-04:00,27.0
2011-04-22 14:33:12-04:00,27.0
2011-04-22 14:33:15-04:00,27.0
2011-04-22 14:33:18-04:00,27.0
2011-04-22 14:33:21-04:00,27.0
2011-04-22 14:33:24-04:00,27.0
2011-04-22 14:33:27-04:00,27.0
2011-04-22 14:33:30-04:00,27.0
2011-04-22 14:33:33-04:00,27.0
2011-04-22 14:33:36-04:00,27.0
2011-04-22 14:33:39-04:00,27.0
2011-04-22 14:33:42-04:00,27.0
2011-04-22 14:33:45-04:00,27.0
2011-04-22 14:33:48-04:00,27.0
2011-04-22 14:33:51-04:00,27.0
2011-04-22 14:33:54-04:00,27.0
2011-04-22 14:33:57-04:00,27.0
2011-04-22 14:34:00-04:00,27.0
2011-04-22 14:34:03-04:00,27.0
2011-04-22 14:34:06-04:00,27.0
2011-04-22 14:34:09-04:00,27.0
2011-04-22 14:34:12-04:00,27.0
2011-04-22 14:34:15-04:00,27.0
2011-04-22 14:34:18-04:00,27.0
2011-04-22 14:34:21-04:00,27.0
2011-04-22 14:34:24-04:00,27.0
2011-04-22 14:34:27-04:00,27.0
2011-04-22 14:34:30-04:00,27.0
2011-04-22 14:34:33-04:00,27.0
2011-04-22 14:34:36-04:00,27.0
2011-04-22 14:34:39-04:00,27.0
2011-04-22 14:34:42-04:00,27.0
2011-04-22 14:34:45-04:00,27.0
2011-04-22 14:34:48-04:00,27.0
2011-04-22 14:34:51-04:00,27.0
2011-04-22 14:34:54-04:00,27.0
2011-04-22 14:34:57-04:00,27.0
2011-04-22 14:35:00-04:00,27.0
2011-04-22 14:35:03-04:00,27.0
2011-04-22 14:35:06-04:00,27.0
2011-04-22 14:35:09-04:00,27.0
2011-04-22 14:35:12-04:00,27.0
2011-04-22 14:35:15-04:00,27.0
2011-04-22 14:35:18-04:00,27.0
2011-04-22 14:35:21-04:00,26.0
2011-04-22 14:35:24-04:00,26.0
2011-04-22 14:35:27-04:00,26.0
2011-04-22 14:35:30-04:00,26.0
2011-04-22 14:35:33-04:00,26.0
2011-04-22 14:35:36-04:00,26.0
2011-04-22 14:35:39-04:00,26.0
2011-04-22 14:35:42-04:00,26.0
2011-04-22 14:35:45-04:00,26.0
2011-04-22 14:35:48-04:00,26.0
2011-04-22 14:35:51-04:00,26.0
2011-04-22 14:35:54-04:00,26.0
2011-04-22 14:35:57-04:00,26.0
2011-04-22 14:36:00-04:00,26.0
2011-04-22 14:36:03-04:00,26.666666666666668
2011-04-22 14:36:06-04:00,27.0
2011-04-22 14:36:09-04:00,26.666666666666668
2011-04-22 14:36:12-04:00,26.0
2011-04-22 14:36:15-04:00,26.0
2011-04-22 14:36:18-04:00,26.0
2011-04-22 14:36:21-04:00,26.0
2011-04-22 14:36:24-04:00,26.0
2011-04-22 14:36:27-04:00,26.0
2011-04-22 14:36:30-04:00,26.0
2011-04-22 14:36:33-04:00,26.0
2011-04-22 14:36:36-04:00,26.0
2011-04-22 14:36:39-04:00,26.0
2011-04-22 14:36:42-04:00,26.5
2011-04-22 14:36:45-04:00,26.666666666666668
2011-04-22 14:36:48-04:00,26.0
2011-04-22 14:36:51-04:00,26.0
2011-04-22 14:36:54-04:00,26.0
2011-04-22 14:36:57-04:00,26.0
2011-04-22 14:37:00-04:00,26.0
2011-04-22 14:37:03-04:00,26.0
2011-04-22 14:37:06-04:00,26.5
2011-04-22 14:37:09-04:00,26.666666666666668
2011-04-22 14:37:12-04:00,26.0
2011-04-22 14:37:15-04:00,26.0
2011-04-22 14:37:18-04:00,26.0
2011-04-22 14:37:21-04:00,26.0
2011-04-22 14:37:24-04:00,26.0
2011-04-22 14:37:27-04:00,26.0
2011-04-22 14:37:30-04:00,26.0
2011-04-22 14:37:33-04:00,26.0
2011-04-22 14:37:36-04:00,26.0
2011-04-22 14:37:39-04:00,26.0
2011-04-22 14:37:42-04:00,26.0
2011-04-22 14:37:45-04:00,26.0
2011-04-22 14:37:48-04:00,26.0
2011-04-22 14:37:51-04:00,26.0
2011-04-22 14:37:54-04:00,26.0
2011-04-22 14:37:57-04:00,26.0
2011-04-22 14:38:00-04:00,26.0
2011-04-22 14:38:03-04:00,26.0
2011-04-22 14:38:06-04:00,26.0
2011-04-22 14:38:09-04:00,26.0
2011-04-22 14:38:12-04:00,26.0
2011-04-22 14:38:15-04:00,26.0
2011-04-22 14:38:18-04:00,26.0
2011-04-22 14:38:21-04:00,26.0
2011-04-22 14:38:24-04:00,26.0
2011-04-22 14:38:27-04:00,26.0
2011-04-22 14:38:30-04:00,26.0
2011-04-22 14:38:33-04:00,26.0
2011-04-22 14:38:36-04:00,26.0
2011-04-22 14:38:39-04:00,26.0
2011-04-22 14:38:42-04:00,26.0
2011-04-22 14:38:45-04:00,26.0
2011-04-22 14:38:48-04:00,26.0
2011-04-22 14:38:51-04:00,26.0
2011-04-22 14:38:54-04:00,26.0
2011-04-22 14:38:57-04:00,26.0
2011-04-22 14:39:00-04:00,26.0
2011-04-22 14:39:03-04:00,26.0
2011-04-22 14:39:06-04:00,26.0
2011-04-22 14:39:09-04:00,26.0
2011-04-22 14:39:12-04:00,26.0
2011-04-22 14:39:15-04:00,26.0
2011-04-22 14:39:18-04:00,26.0
2011-04-22 14:39:21-04:00,26.0
2011-04-22 14:39:24-04:00,26.0
2011-04-22 14:39:27-04:00,26.0
2011-04-22 14:39:30-04:00,26.0
2011-04-22 14:39:33-04:00,26.0
2011-04-22 14:39:36-04:00,26.0
2011-04-22 14:39:39-04:00,26.0
2011-04-22 14:39:42-04:00,26.0
2011-04-22 14:39:45-04:00,26.0
2011-04-22 14:39:48-04:00,26.0
2011-04-22 14:39:51-04:00,26.0
2011-04-22 14:39:54-04:00,26.0
2011-04-22 14:39:57-04:00,26.0
2011-04-22 14:40:00-04:00,26.0
2011-04-22 14:40:03-04:00,25.25
2011-04-22 14:40:06-04:00,25.0
2011-04-22 14:40:09-04:00,25.0
2011-04-22 14:40:12-04:00,25.25
2011-04-22 14:40:15-04:00,26.0
2011-04-22 14:40:18-04:00,25.25
2011-04-22 14:40:21-04:00,25.666666666666668
2011-04-22 14:40:24-04:00,26.0
2011-04-22 14:40:27-04:00,25.88888888888889
2011-04-22 14:40:30-04:00,25.555555555555557
2011-04-22 14:40:33-04:00,25.22222222222222
2011-04-22 14:40:36-04:00,25.0
2011-04-22 14:40:39-04:00,25.0
2011-04-22 14:40:42-04:00,25.0
2011-04-22 14:40:45-04:00,25.0
2011-04-22 14:40:48-04:00,26.0
2011-04-22 14:40:51-04:00,25.25
2011-04-22 14:40:54-04:00,25.0
2011-04-22 14:40:57-04:00,25.0
2011-04-22 14:41:00-04:00,25.0
2011-04-22 14:41:03-04:00,25.0
2011-04-22 14:41:06-04:00,25.0
2011-04-22 14:41:09-04:00,25.0
2011-04-22 14:41:12-04:00,25.0
2011-04-22 14:41:15-04:00,25.0
2011-04-22 14:41:18-04:00,25.0
2011-04-22 14:41:21-04:00,25.0
2011-04-22 14:41:24-04:00,25.0
2011-04-22 14:41:27-04:00,25.0
2011-04-22 14:41:30-04:00,25.0
2011-04-22 14:41:33-04:00,25.0
2011-04-22 14:41:36-04:00,25.0
2011-04-22 14:41:39-04:00,25.0
2011-04-22 14:41:42-04:00,25.0
2011-04-22 14:41:45-04:00,25.0
2011-04-22 14:41:48-04:00,25.0
2011-04-22 14:41:51-04:00,25.0
2011-04-22 14:41:54-04:00,25.0
2011-04-22 14:41:57-04:00,25.0
2011-04-22 14:42:00-04:00,25.0
2011-04-22 14:42:03-04:00,25.0
2011-04-22 14:42:06-04:00,25.0
2011-04-22 14:42:09-04:00,25.0
2011-04-22 14:42:12-04:00,25.0
2011-04-22 14:42:15-04:00,25.0
2011-04-22 14:42:18-04:00,25.0
2011-04-22 14:42:21-04:00,25.0
2011-04-22 14:42:24-04:00,25.0
2011-04-22 14:42:27-04:00,25.0
2011-04-22 14:42:30-04:00,25.0
2011-04-22 14:42:33-04:00,25.0
2011-04-22 14:42:36-04:00,25.0
2011-04-22 14:42:39-04:00,25.0
2011-04-22 14:42:42-04:00,25.0
2011-04-22 14:42:45-04:00,25.0
2011-04-22 14:42:48-04:00,25.0
2011-04-22 14:42:51-04:00,25.0
2011-04-22 14:42:54-04:00,25.0
2011-04-22 14:42:57-04:00,25.0
2011-04-22 14:43:00-04:00,25.0
2011-04-22 14:43:03-04:00,25.0
2011-04-22 14:43:06-04:00,25.0
2011-04-22 14:43:09-04:00,25.0
2011-04-22 14:43:12-04:00,25.0
2011-04-22 14:43:15-04:00,25.0
2011-04-22 14:43:18-04:00,25.0
2011-04-22 14:43:21-04:00,25.0
2011-04-22 14:43:24-04:00,25.0
2011-04-22 14:43:27-04:00,25.0
2011-04-22 14:43:30-04:00,25.0
2011-04-22 14:43:33-04:00,25.0
2011-04-22 14:43:36-04:00,25.0
2011-04-22 14:43:39-04:00,25.0
2011-04-22 14:43:42-04:00,25.0
2011-04-22 14:43:45-04:00,24.666666666666668
2011-04-22 14:43:48-04:00,24.333333333333332
2011-04-22 14:43:51-04:00,25.0
2011-04-22 14:43:54-04:00,25.0
2011-04-22 14:43:57-04:00,25.0
2011-04-22 14:44:00-04:00,24.25
2011-04-22 14:44:03-04:00,24.0
2011-04-22 14:44:06-04:00,24.5
2011-04-22 14:44:09-04:00,24.666666666666668
2011-04-22 14:44:12-04:00,24.25
2011-04-22 14:44:15-04:00,25.0
2011-04-22 14:44:18-04:00,24.0
2011-04-22 14:44:21-04:00,24.0
2011-04-22 14:44:24-04:00,24.0
2011-04-22 14:44:27-04:00,24.666666666666668
2011-04-22 14:44:30-04:00,25.0
2011-04-22 14:44:33-04:00,25.0
2011-04-22 14:44:36-04:00,25.0
2011-04-22 14:44:39-04:00,24.333333333333332
2011-04-22 14:44:42-04:00,24.0
2011-04-22 14:44:45-04:00,24.333333333333332
2011-04-22 14:44:48-04:00,25.0
2011-04-22 14:44:51-04:00,25.0
2011-04-22 14:44:54-04:00,25.0
2011-04-22 14:44:57-04:00,25.0
2011-04-22 14:45:00-04:00,24.25
2011-04-22 14:45:03-04:00,24.0
2011-04-22 14:45:06-04:00,24.0
2011-04-22 14:45:09-04:00,24.0
2011-04-22 14:45:12-04:00,24.0
2011-04-22 14:45:15-04:00,24.0
2011-04-22 14:45:18-04:00,24.0
2011-04-22 14:45:21-04:00,24.0
2011-04-22 14:45:24-04:00,24.0
2011-04-22 14:45:27-04:00,24.0
2011-04-22 14:45:30-04:00,24.0
2011-04-22 14:45:33-04:00,24.0
2011-04-22 14:45:36-04:00,24.0
2011-04-22 14:45:39-04:00,24.0
2011-04-22 14:45:42-04:00,24.0
2011-04-22 14:45:45-04:00,24.0
2011-04-22 14:45:48-04:00,24.0
2011-04-22 14:45:51-04:00,24.0
2011-04-22 14:45:54-04:00,24.0
2011-04-22 14:45:57-04:00,24.0
2011-04-22 14:46:00-04:00,24.0
2011-04-22 14:46:03-04:00,24.0
2011-04-22 14:46:06-04:00,24.0
2011-04-22 14:46:09-04:00,24.0
2011-04-22 14:46:12-04:00,24.0
2011-04-22 14:46:15-04:00,24.0
2011-04-22 14:46:18-04:00,24.0
2011-04-22 14:46:21-04:00,24.0
2011-04-22 14:46:24-04:00,24.0
2011-04-22 14:46:27-04:00,24.0
2011-04-22 14:46:30-04:00,24.0
2011-04-22 14:46:33-04:00,24.0
2011-04-22 14:46:36-04:00,24.0
2011-04-22 14:46:39-04:00,24.0
2011-04-22 14:46:42-04:00,24.0
2011-04-22 14:46:45-04:00,24.0
2011-04-22 14:46:48-04:00,24.0
2011-04-22 14:46:51-04:00,24.0
2011-04-22 14:46:54-04:00,24.0
2011-04-22 14:46:57-04:00,24.0
2011-04-22 14:47:00-04:00,24.0
2011-04-22 14:47:03-04:00,24.0
2011-04-22 14:47:06-04:00,24.0
2011-04-22 14:47:09-04:00,24.0
2011-04-22 14:47:12-04:00,24.0
2011-04-22 14:47:15-04:00,24.0
2011-04-22 14:47:18-04:00,24.0
2011-04-22 14:47:21-04:00,24.0
2011-04-22 14:47:24-04:00,24.0
2011-04-22 14:47:27-04:00,24.0
2011-04-22 14:47:30-04:00,24.0
2011-04-22 14:47:33-04:00,24.0
2011-04-22 14:47:36-04:00,24.0
2011-04-22 14:47:39-04:00,24.0
2011-04-22 14:47:42-04:00,24.0
2011-04-22 14:47:45-04:00,24.0
2011-04-22 14:47:48-04:00,24.0
2011-04-22 14:47:51-04:00,24.0
2011-04-22 14:47:54-04:00,24.0
2011-04-22 14:47:57-04:00,24.0
2011-04-22 14:48:00-04:00,24.0
2011-04-22 14:48:03-04:00,24.0
2011-04-22 14:48:06-04:00,24.0
2011-04-22 14:48:09-04:00,24.0
2011-04-22 14:48:12-04:00,24.0
2011-04-22 14:48:15-04:00,24.0
2011-04-22 14:48:18-04:00,24.0
2011-04-22 14:48:21-04:00,24.0
2011-04-22 14:48:24-04:00,24.0
2011-04-22 14:48:27-04:00,24.0
2011-04-22 14:48:30-04:00,24.0
2011-04-22 14:48:33-04:00,24.0
2011-04-22 14:48:36-04:00,24.0
2011-04-22 14:48:39-04:00,24.0
2011-04-22 14:48:42-04:00,24.0
2011-04-22 14:48:45-04:00,24.0
2011-04-22 14:48:48-04:00,24.0
2011-04-22 14:48:51-04:00,24.0
2011-04-22 14:48:54-04:00,24.0
2011-04-22 14:48:57-04:00,24.0
2011-04-22 14:49:00-04:00,24.0
2011-04-22 14:49:03-04:00,24.0
2011-04-22 14:49:06-04:00,24.0
2011-04-22 14:49:09-04:00,24.0
2011-04-22 14:49:12-04:00,24.0
2011-04-22 14:49:15-04:00,24.0
2011-04-22 14:49:18-04:00,24.0
2011-04-22 14:49:21-04:00,24.0
2011-04-22 14:49:24-04:00,24.0
2011-04-22 14:49:27-04:00,24.0
2011-04-22 14:49:30-04:00,24.0
2011-04-22 14:49:33-04:00,24.0
2011-04-22 14:49:36-04:00,24.0
2011-04-22 14:49:39-04:00,24.0
2011-04-22 14:49:42-04:00,24.0
2011-04-22 14:49:45-04:00,24.0
2011-04-22 14:49:48-04:00,24.0
2011-04-22 14:49:51-04:00,24.0
2011-04-22 14:49:54-04:00,24.0
2011-04-22 14:49:57-04:00,24.0
2011-04-22 14:50:00-04:00,24.0
2011-04-22 14:50:03-04:00,24.0
2011-04-22 14:50:06-04:00,24.0
2011-04-22 14:50:09-04:00,24.0
2011-04-22 14:50:12-04:00,24.0
2011-04-22 14:50:15-04:00,24.0
2011-04-22 14:50:18-04:00,24.0
2011-04-22 14:50:21-04:00,24.0
2011-04-22 14:50:24-04:00,24.0
2011-04-22 14:50:27-04:00,24.0
2011-04-22 14:50:30-04:00,24.0
2011-04-22 14:50:33-04:00,24.0
2011-04-22 14:50:36-04:00,24.0
2011-04-22 14:50:39-04:00,24.0
2011-04-22 14:50:42-04:00,24.0
2011-04-22 14:50:45-04:00,24.0
2011-04-22 14:50:48-04:00,24.0
2011-04-22 14:50:51-04:00,24.0
2011-04-22 14:50:54-04:00,24.0
2011-04-22 14:50:57-04:00,24.0
2011-04-22 14:51:00-04:00,24.0
2011-04-22 14:51:03-04:00,24.0
2011-04-22 14:51:06-04:00,24.0
2011-04-22 14:51:09-04:00,24.0
2011-04-22 14:51:12-04:00,24.0
2011-04-22 14:51:15-04:00,24.0
2011-04-22 14:51:18-04:00,24.0
2011-04-22 14:51:21-04:00,24.0
2011-04-22 14:51:24-04:00,24.0
2011-04-22 14:51:27-04:00,24.0
2011-04-22 14:51:30-04:00,24.0
2011-04-22 14:51:33-04:00,24.0
2011-04-22 14:51:36-04:00,24.0
2011-04-22 14:51:39-04:00,24.0
2011-04-22 14:51:42-04:00,24.0
2011-04-22 14:51:45-04:00,24.0
2011-04-22 14:51:48-04:00,24.0
2011-04-22 14:51:51-04:00,24.0
2011-04-22 14:51:54-04:00,24.0
2011-04-22 14:51:57-04:00,24.0
2011-04-22 14:52:00-04:00,24.0
2011-04-22 14:52:03-04:00,24.0
2011-04-22 14:52:06-04:00,24.0
2011-04-22 14:52:09-04:00,24.0
2011-04-22 14:52:12-04:00,24.0
2011-04-22 14:52:15-04:00,24.0
2011-04-22 14:52:18-04:00,24.0
2011-04-22 14:52:21-04:00,24.0
2011-04-22 14:52:24-04:00,24.0
2011-04-22 14:52:27-04:00,24.0
2011-04-22 14:52:30-04:00,24.0
2011-04-22 14:52:33-04:00,24.0
2011-04-22 14:52:36-04:00,24.0
2011-04-22 14:52:39-04:00,24.0
2011-04-22 14:52:42-04:00,24.0
2011-04-22 14:52:45-04:00,24.0
2011-04-22 14:52:48-04:00,24.0
2011-04-22 14:52:51-04:00,24.0
2011-04-22 14:52:54-04:00,24.0
2011-04-22 14:52:57-04:00,24.0
2011-04-22 14:53:00-04:00,24.0
2011-04-22 14:53:03-04:00,24.0
2011-04-22 14:53:06-04:00,24.0
2011-04-22 14:53:09-04:00,24.0
2011-04-22 14:53:12-04:00,24.0
2011-04-22 14:53:15-04:00,24.0
2011-04-22 14:53:18-04:00,24.0
2011-04-22 14:53:21-04:00,24.0
2011-04-22 14:53:24-04:00,24.0
2011-04-22 14:53:27-04:00,24.0
2011-04-22 14:53:30-04:00,24.0
2011-04-22 14:53:33-04:00,24.0
2011-04-22 14:53:36-04:00,24.0
2011-04-22 14:53:39-04:00,24.0
2011-04-22 14:53:42-04:00,24.0
2011-04-22 14:53:45-04:00,24.0
2011-04-22 14:53:48-04:00,24.0
2011-04-22 14:53:51-04:00,24.0
2011-04-22 14:53:54-04:00,24.0
2011-04-22 14:53:57-04:00,24.0
2011-04-22 14:54:00-04:00,24.0
2011-04-22 14:54:03-04:00,24.0
2011-04-22 14:54:06-04:00,24.0
2011-04-22 14:54:09-04:00,24.0
2011-04-22 14:54:12-04:00,24.0
2011-04-22 14:54:15-04:00,24.0
2011-04-22 14:54:18-04:00,24.0
2011-04-22 14:54:21-04:00,24.0
2011-04-22 14:54:24-04:00,24.0
2011-04-22 14:54:27-04:00,24.0
2011-04-22 14:54:30-04:00,24.0
2011-04-22 14:54:33-04:00,24.0
2011-04-22 14:54:36-04:00,24.0
2011-04-22 14:54:39-04:00,24.0
2011-04-22 14:54:42-04:00,24.0
2011-04-22 14:54:45-04:00,24.0
2011-04-22 14:54:48-04:00,24.0
2011-04-22 14:54:51-04:00,24.0
2011-04-22 14:54:54-04:00,24.0
2011-04-22 14:54:57-04:00,24.0
2011-04-22 14:55:00-04:00,24.0
2011-04-22 14:55:03-04:00,24.0
2011-04-22 14:55:06-04:00,24.0
2011-04-22 14:55:09-04:00,24.0
2011-04-22 14:55:12-04:00,24.0
2011-04-22 14:55:15-04:00,24.0
2011-04-22 14:55:18-04:00,24.0
2011-04-22 14:55:21-04:00,24.0
2011-04-22 14:55:24-04:00,24.0
2011-04-22 14:55:27-04:00,24.0
2011-04-22 14:55:30-04:00,24.0
2011-04-22 14:55:33-04:00,24.0
2011-04-22 14:55:36-04:00,24.0
2011-04-22 14:55:39-04:00,24.0
2011-04-22 14:55:42-04:00,24.0
2011-04-22 14:55:45-04:00,24.0
2011-04-22 14:55:48-04:00,24.0
2011-04-22 14:55:51-04:00,24.0
2011-04-22 14:55:54-04:00,24.0
2011-04-22 14:55:57-04:00,24.0
2011-04-22 14:56:00-04:00,24.0
2011-04-22 14:56:03-04:00,24.0
2011-04-22 14:56:06-04:00,24.0
2011-04-22 14:56:09-04:00,24.0
2011-04-22 14:56:12-04:00,24.0
2011-04-22 14:56:15-04:00,24.0
2011-04-22 14:56:18-04:00,24.0
2011-04-22 14:56:21-04:00,24.0
2011-04-22 14:56:24-04:00,24.0
2011-04-22 14:56:27-04:00,24.0
2011-04-22 14:56:30-04:00,24.0
2011-04-22 14:56:33-04:00,24.0
2011-04-22 14:56:36-04:00,24.0
2011-04-22 14:56:39-04:00,24.0
2011-04-22 14:56:42-04:00,24.0
2011-04-22 14:56:45-04:00,24.0
2011-04-22 14:56:48-04:00,24.0
2011-04-22 14:56:51-04:00,24.0
2011-04-22 14:56:54-04:00,24.0
2011-04-22 14:56:57-04:00,24.0
2011-04-22 14:57:00-04:00,24.0
2011-04-22 14:57:03-04:00,24.0
2011-04-22 14:57:06-04:00,24.0
2011-04-22 14:57:09-04:00,24.0
2011-04-22 14:57:12-04:00,24.0
2011-04-22 14:57:15-04:00,24.0
2011-04-22 14:57:18-04:00,24.0
2011-04-22 14:57:21-04:00,24.0
2011-04-22 14:57:24-04:00,24.0
2011-04-22 14:57:27-04:00,24.0
2011-04-22 14:57:30-04:00,24.0
2011-04-22 14:57:33-04:00,24.0
2011-04-22 14:57:36-04:00,24.0
2011-04-22 14:57:39-04:00,24.0
2011-04-22 14:57:42-04:00,24.0
2011-04-22 14:57:45-04:00,24.0
2011-04-22 14:57:48-04:00,24.0
2011-04-22 14:57:51-04:00,24.0
2011-04-22 14:57:54-04:00,24.0
2011-04-22 14:57:57-04:00,24.0
2011-04-22 14:58:00-04:00,24.0
2011-04-22 14:58:03-04:00,24.0
2011-04-22 14:58:06-04:00,24.0
2011-04-22 14:58:09-04:00,24.0
2011-04-22 14:58:12-04:00,24.0
2011-04-22 14:58:15-04:00,24.0
2011-04-22 14:58:18-04:00,24.0
2011-04-22 14:58:21-04:00,24.0
2011-04-22 14:58:24-04:00,24.0
2011-04-22 14:58:27-04:00,24.0
2011-04-22 14:58:30-04:00,24.0
2011-04-22 14:58:33-04:00,24.0
2011-04-22 14:58:36-04:00,24.0
2011-04-22 14:58:39-04:00,24.0
2011-04-22 14:58:42-04:00,24.0
2011-04-22 14:58:45-04:00,24.0
2011-04-22 14:58:48-04:00,24.0
2011-04-22 14:58:51-04:00,24.0
2011-04-22 14:58:54-04:00,24.0
2011-04-22 14:58:57-04:00,24.0
2011-04-22 14:59:00-04:00,24.0
2011-04-22 14:59:03-04:00,24.0
2011-04-22 14:59:06-04:00,24.0
2011-04-22 14:59:09-04:00,24.0
2011-04-22 14:59:12-04:00,24.0
2011-04-22 14:59:15-04:00,24.0
2011-04-22 14:59:18-04:00,24.0
2011-04-22 14:59:21-04:00,24.0
2011-04-22 14:59:24-04:00,24.0
2011-04-22 14:59:27-04:00,24.0
2011-04-22 14:59:30-04:00,24.0
2011-04-22 14:59:33-04:00,24.0
2011-04-22 14:59:36-04:00,24.0
2011-04-22 14:59:39-04:00,24.0
2011-04-22 14:59:42-04:00,24.0
2011-04-22 14:59:45-04:00,24.0
2011-04-22 14:59:48-04:00,24.0
2011-04-22 14:59:51-04:00,24.0
2011-04-22 14:59:54-04:00,24.0
2011-04-22 14:59:57-04:00,24.0
2011-04-22 15:00:00-04:00,24.0
2011-04-22 15:00:03-04:00,24.0
2011-04-22 15:00:06-04:00,24.0
2011-04-22 15:00:09-04:00,24.0
2011-04-22 15:00:12-04:00,24.0
2011-04-22 15:00:15-04:00,24.0
2011-04-22 15:00:18-04:00,24.0
2011-04-22 15:00:21-04:00,24.0
2011-04-22 15:00:24-04:00,24.0
2011-04-22 15:00:27-04:00,24.0
2011-04-22 15:00:30-04:00,24.333333333333332
2011-04-22 15:00:33-04:00,24.666666666666668
2011-04-22 15:00:36-04:00,25.0
2011-04-22 15:00:39-04:00,24.25
2011-04-22 15:00:42-04:00,24.0
2011-04-22 15:00:45-04:00,24.666666666666668
2011-04-22 15:00:48-04:00,24.5
2011-04-22 15:00:51-04:00,24.0
2011-04-22 15:00:54-04:00,24.0
2011-04-22 15:00:57-04:00,24.0
2011-04-22 15:01:00-04:00,24.0
2011-04-22 15:01:03-04:00,24.0
2011-04-22 15:01:06-04:00,24.0
2011-04-22 15:01:09-04:00,24.0
2011-04-22 15:01:12-04:00,24.0
2011-04-22 15:01:15-04:00,24.333333333333332
2011-04-22 15:01:18-04:00,25.0
2011-04-22 15:01:21-04:00,25.0
2011-04-22 15:01:24-04:00,24.0
2011-04-22 15:01:27-04:00,24.0
2011-04-22 15:01:30-04:00,24.0
2011-04-22 15:01:33-04:00,24.0
2011-04-22 15:01:36-04:00,24.0
2011-04-22 15:01:39-04:00,24.0
2011-04-22 15:01:42-04:00,24.666666666666668
2011-04-22 15:01:45-04:00,24.5
2011-04-22 15:01:48-04:00,24.0
2011-04-22 15:01:51-04:00,24.25
2011-04-22 15:01:54-04:00,25.0
2011-04-22 15:01:57-04:00,24.0
2011-04-22 15:02:00-04:00,25.0
2011-04-22 15:02:03-04:00,24.25
2011-04-22 15:02:06-04:00,24.0
2011-04-22 15:02:09-04:00,24.0
2011-04-22 15:02:12-04:00,24.333333333333332
2011-04-22 15:02:15-04:00,25.0
2011-04-22 15:02:18-04:00,25.0
2011-04-22 15:02:21-04:00,25.0
2011-04-22 15:02:24-04:00,25.0
2011-04-22 15:02:27-04:00,25.0
2011-04-22 15:02:30-04:00,25.0
2011-04-22 15:02:33-04:00,25.0
2011-04-22 15:02:36-04:00,25.0
2011-04-22 15:02:39-04:00,25.0
2011-04-22 15:02:42-04:00,25.0
2011-04-22 15:02:45-04:00,25.0
2011-04-22 15:02:48-04:00,24.75
2011-04-22 15:02:51-04:00,24.0
2011-04-22 15:02:54-04:00,25.0
2011-04-22 15:02:57-04:00,25.0
2011-04-22 15:03:00-04:00,25.0
2011-04-22 15:03:03-04:00,24.333333333333332
2011-04-22 15:03:06-04:00,24.0
2011-04-22 15:03:09-04:00,24.333333333333332
2011-04-22 15:03:12-04:00,24.666666666666668
2011-04-22 15:03:15-04:00,24.25
2011-04-22 15:03:18-04:00,25.0
2011-04-22 15:03:21-04:00,25.0
2011-04-22 15:03:24-04:00,24.25
2011-04-22 15:03:27-04:00,24.0
2011-04-22 15:03:30-04:00,24.22222222222222
2011-04-22 15:03:33-04:00,24.555555555555557
2011-04-22 15:03:36-04:00,24.88888888888889
2011-04-22 15:03:39-04:00,24.333333333333332
2011-04-22 15:03:42-04:00,24.5
2011-04-22 15:03:45-04:00,25.0
2011-04-22 15:03:48-04:00,25.0
2011-04-22 15:03:51-04:00,25.0
2011-04-22 15:03:54-04:00,24.0
2011-04-22 15:03:57-04:00,24.75
2011-04-22 15:04:00-04:00,24.333333333333332
2011-04-22 15:04:03-04:00,24.0
2011-04-22 15:04:06-04:00,24.0
2011-04-22 15:04:09-04:00,24.0
2011-04-22 15:04:12-04:00,24.0
2011-04-22 15:04:15-04:00,24.0
2011-04-22 15:04:18-04:00,24.0
2011-04-22 15:04:21-04:00,24.0
2011-04-22 15:04:24-04:00,24.0
2011-04-22 15:04:27-04:00,24.666666666666668
2011-04-22 15:04:30-04:00,24.77777777777778
2011-04-22 15:04:33-04:00,24.444444444444443
2011-04-22 15:04:36-04:00,24.11111111111111
2011-04-22 15:04:39-04:00,24.0
2011-04-22 15:04:42-04:00,24.0
2011-04-22 15:04:45-04:00,24.333333333333332
2011-04-22 15:04:48-04:00,25.0
2011-04-22 15:04:51-04:00,25.0
2011-04-22 15:04:54-04:00,25.0
2011-04-22 15:04:57-04:00,24.25
2011-04-22 15:05:00-04:00,24.666666666666668
2011-04-22 15:05:03-04:00,24.5
2011-04-22 15:05:06-04:00,24.333333333333332
2011-04-22 15:05:09-04:00,24.666666666666668
2011-04-22 15:05:12-04:00,24.25
2011-04-22 15:05:15-04:00,25.0
2011-04-22 15:05:18-04:00,25.0
2011-04-22 15:05:21-04:00,25.0
2011-04-22 15:05:24-04:00,25.0
2011-04-22 15:05:27-04:00,25.0
2011-04-22 15:05:30-04:00,25.0
2011-04-22 15:05:33-04:00,25.0
2011-04-22 15:05:36-04:00,25.0
2011-04-22 15:05:39-04:00,25.0
2011-04-22 15:05:42-04:00,24.666666666666668
2011-04-22 15:05:45-04:00,24.25
2011-04-22 15:05:48-04:00,25.0
2011-04-22 15:05:51-04:00,25.0
2011-04-22 15:05:54-04:00,25.0
2011-04-22 15:05:57-04:00,25.0
2011-04-22 15:06:00-04:00,25.0
2011-04-22 15:06:03-04:00,25.0
2011-04-22 15:06:06-04:00,25.0
2011-04-22 15:06:09-04:00,25.0
2011-04-22 15:06:12-04:00,25.0
2011-04-22 15:06:15-04:00,25.0
2011-04-22 15:06:18-04:00,24.0
2011-04-22 15:06:21-04:00,24.75
2011-04-22 15:06:24-04:00,25.0
2011-04-22 15:06:27-04:00,25.0
2011-04-22 15:06:30-04:00,25.0
2011-04-22 15:06:33-04:00,25.0
2011-04-22 15:06:36-04:00,25.0
2011-04-22 15:06:39-04:00,25.0
2011-04-22 15:06:42-04:00,24.666666666666668
2011-04-22 15:06:45-04:00,24.0
2011-04-22 15:06:48-04:00,24.0
2011-04-22 15:06:51-04:00,24.0
2011-04-22 15:06:54-04:00,25.0
2011-04-22 15:06:57-04:00,25.0
2011-04-22 15:07:00-04:00,24.333333333333332
2011-04-22 15:07:03-04:00,24.666666666666668
2011-04-22 15:07:06-04:00,24.5
2011-04-22 15:07:09-04:00,24.333333333333332
2011-04-22 15:07:12-04:00,25.0
2011-04-22 15:07:15-04:00,25.0
2011-04-22 15:07:18-04:00,25.0
2011-04-22 15:07:21-04:00,24.25
2011-04-22 15:07:24-04:00,24.666666666666668
2011-04-22 15:07:27-04:00,24.5
2011-04-22 15:07:30-04:00,24.0
2011-04-22 15:07:33-04:00,24.0
2011-04-22 15:07:36-04:00,24.0
2011-04-22 15:07:39-04:00,24.0
2011-04-22 15:07:42-04:00,24.0
2011-04-22 15:07:45-04:00,24.0
2011-04-22 15:07:48-04:00,24.0
2011-04-22 15:07:51-04:00,24.0
2011-04-22 15:07:54-04:00,24.0
2011-04-22 15:07:57-04:00,24.0
2011-04-22 15:08:00-04:00,24.0
2011-04-22 15:08:03-04:00,24.0
2011-04-22 15:08:06-04:00,24.0
2011-04-22 15:08:09-04:00,24.333333333333332
2011-04-22 15:08:12-04:00,25.0
2011-04-22 15:08:15-04:00,25.0
2011-04-22 15:08:18-04:00,25.0
2011-04-22 15:08:21-04:00,25.0
2011-04-22 15:08:24-04:00,25.0
2011-04-22 15:08:27-04:00,25.0
2011-04-22 15:08:30-04:00,24.88888888888889
2011-04-22 15:08:33-04:00,24.555555555555557
2011-04-22 15:08:36-04:00,24.22222222222222
2011-04-22 15:08:39-04:00,24.0
2011-04-22 15:08:42-04:00,24.25
2011-04-22 15:08:45-04:00,25.0
2011-04-22 15:08:48-04:00,25.0
2011-04-22 15:08:51-04:00,24.25
2011-04-22 15:08:54-04:00,24.0
2011-04-22 15:08:57-04:00,24.0
2011-04-22 15:09:00-04:00,24.0
2011-04-22 15:09:03-04:00,24.333333333333332
2011-04-22 15:09:06-04:00,25.0
2011-04-22 15:09:09-04:00,25.0
2011-04-22 15:09:12-04:00,25.0
2011-04-22 15:09:15-04:00,25.0
2011-04-22 15:09:18-04:00,25.0
2011-04-22 15:09:21-04:00,25.0
2011-04-22 15:09:24-04:00,25.0
2011-04-22 15:09:27-04:00,25.0
2011-04-22 15:09:30-04:00,25.0
2011-04-22 15:09:33-04:00,25.0
2011-04-22 15:09:36-04:00,25.0
2011-04-22 15:09:39-04:00,25.0
2011-04-22 15:09:42-04:00,25.0
2011-04-22 15:09:45-04:00,25.0
2011-04-22 15:09:48-04:00,25.0
2011-04-22 15:09:51-04:00,25.0
2011-04-22 15:09:54-04:00,25.0
2011-04-22 15:09:57-04:00,25.0
2011-04-22 15:10:00-04:00,25.0
2011-04-22 15:10:03-04:00,25.0
2011-04-22 15:10:06-04:00,25.0
2011-04-22 15:10:09-04:00,25.0
2011-04-22 15:10:12-04:00,25.0
2011-04-22 15:10:15-04:00,25.0
2011-04-22 15:10:18-04:00,25.0
2011-04-22 15:10:21-04:00,25.0
2011-04-22 15:10:24-04:00,25.0
2011-04-22 15:10:27-04:00,25.0
2011-04-22 15:10:30-04:00,25.0
2011-04-22 15:10:33-04:00,25.0
2011-04-22 15:10:36-04:00,25.0
2011-04-22 15:10:39-04:00,25.0
2011-04-22 15:10:42-04:00,25.0
2011-04-22 15:10:45-04:00,24.25
2011-04-22 15:10:48-04:00,24.666666666666668
2011-04-22 15:10:51-04:00,25.0
2011-04-22 15:10:54-04:00,25.0
2011-04-22 15:10:57-04:00,25.0
2011-04-22 15:11:00-04:00,25.0
2011-04-22 15:11:03-04:00,25.0
2011-04-22 15:11:06-04:00,25.0
2011-04-22 15:11:09-04:00,25.0
2011-04-22 15:11:12-04:00,24.333333333333332
2011-04-22 15:11:15-04:00,24.666666666666668
2011-04-22 15:11:18-04:00,25.0
2011-04-22 15:11:21-04:00,25.0
2011-04-22 15:11:24-04:00,25.0
2011-04-22 15:11:27-04:00,25.0
2011-04-22 15:11:30-04:00,25.0
2011-04-22 15:11:33-04:00,25.0
2011-04-22 15:11:36-04:00,25.0
2011-04-22 15:11:39-04:00,25.0
2011-04-22 15:11:42-04:00,25.0
2011-04-22 15:11:45-04:00,25.0
2011-04-22 15:11:48-04:00,25.0
2011-04-22 15:11:51-04:00,25.0
2011-04-22 15:11:54-04:00,25.0
2011-04-22 15:11:57-04:00,25.0
2011-04-22 15:12:00-04:00,25.0
2011-04-22 15:12:03-04:00,25.0
2011-04-22 15:12:06-04:00,25.0
2011-04-22 15:12:09-04:00,25.0
2011-04-22 15:12:12-04:00,25.0
2011-04-22 15:12:15-04:00,25.0
2011-04-22 15:12:18-04:00,25.0
2011-04-22 15:12:21-04:00,25.0
2011-04-22 15:12:24-04:00,25.0
2011-04-22 15:12:27-04:00,25.0
2011-04-22 15:12:30-04:00,25.0
2011-04-22 15:12:33-04:00,25.0
2011-04-22 15:12:36-04:00,25.0
2011-04-22 15:12:39-04:00,25.0
2011-04-22 15:12:42-04:00,25.0
2011-04-22 15:12:45-04:00,25.0
2011-04-22 15:12:48-04:00,25.0
2011-04-22 15:12:51-04:00,25.0
2011-04-22 15:12:54-04:00,25.0
2011-04-22 15:12:57-04:00,25.0
2011-04-22 15:13:00-04:00,25.0
2011-04-22 15:13:03-04:00,25.0
2011-04-22 15:13:06-04:00,25.0
2011-04-22 15:13:09-04:00,25.0
2011-04-22 15:13:12-04:00,25.0
2011-04-22 15:13:15-04:00,25.0
2011-04-22 15:13:18-04:00,25.0
2011-04-22 15:13:21-04:00,25.0
2011-04-22 15:13:24-04:00,25.0
2011-04-22 15:13:27-04:00,25.0
2011-04-22 15:13:30-04:00,25.0
2011-04-22 15:13:33-04:00,25.0
2011-04-22 15:13:36-04:00,25.0
2011-04-22 15:13:39-04:00,25.0
2011-04-22 15:13:42-04:00,25.0
2011-04-22 15:13:45-04:00,25.0
2011-04-22 15:13:48-04:00,25.0
2011-04-22 15:13:51-04:00,25.0
2011-04-22 15:13:54-04:00,25.0
2011-04-22 15:13:57-04:00,25.0
2011-04-22 15:14:00-04:00,25.0
2011-04-22 15:14:03-04:00,25.0
2011-04-22 15:14:06-04:00,25.0
2011-04-22 15:14:09-04:00,25.0
2011-04-22 15:14:12-04:00,24.75
2011-04-22 15:14:15-04:00,24.0
2011-04-22 15:14:18-04:00,24.0
2011-04-22 15:14:21-04:00,24.0
2011-04-22 15:14:24-04:00,24.75
2011-04-22 15:14:27-04:00,24.333333333333332
2011-04-22 15:14:30-04:00,24.0
2011-04-22 15:14:33-04:00,24.0
2011-04-22 15:14:36-04:00,24.0
2011-04-22 15:14:39-04:00,24.0
2011-04-22 15:14:42-04:00,24.0
2011-04-22 15:14:45-04:00,24.0
2011-04-22 15:14:48-04:00,24.0
2011-04-22 15:14:51-04:00,24.0
2011-04-22 15:14:54-04:00,24.0
2011-04-22 15:14:57-04:00,24.0
2011-04-22 15:15:00-04:00,24.0
2011-04-22 15:15:03-04:00,24.0
2011-04-22 15:15:06-04:00,24.0
2011-04-22 15:15:09-04:00,24.0
2011-04-22 15:15:12-04:00,24.0
2011-04-22 15:15:15-04:00,24.0
2011-04-22 15:15:18-04:00,24.0
2011-04-22 15:15:21-04:00,24.0
2011-04-22 15:15:24-04:00,24.0
2011-04-22 15:15:27-04:00,24.0
2011-04-22 15:15:30-04:00,24.0
2011-04-22 15:15:33-04:00,24.0
2011-04-22 15:15:36-04:00,24.0
2011-04-22 15:15:39-04:00,24.0
2011-04-22 15:15:42-04:00,24.0
2011-04-22 15:15:45-04:00,24.0
2011-04-22 15:15:48-04:00,24.0
2011-04-22 15:15:51-04:00,24.0
2011-04-22 15:15:54-04:00,24.0
2011-04-22 15:15:57-04:00,24.0
2011-04-22 15:16:00-04:00,24.0
2011-04-22 15:16:03-04:00,24.0
2011-04-22 15:16:06-04:00,24.0
2011-04-22 15:16:09-04:00,24.0
2011-04-22 15:16:12-04:00,24.0
2011-04-22 15:16:15-04:00,24.0
2011-04-22 15:16:18-04:00,24.0
2011-04-22 15:16:21-04:00,24.0
2011-04-22 15:16:24-04:00,24.0
2011-04-22 15:16:27-04:00,24.0
2011-04-22 15:16:30-04:00,24.0
2011-04-22 15:16:33-04:00,24.0
2011-04-22 15:16:36-04:00,24.0
2011-04-22 15:16:39-04:00,24.0
2011-04-22 15:16:42-04:00,24.0
2011-04-22 15:16:45-04:00,24.0
2011-04-22 15:16:48-04:00,24.0
2011-04-22 15:16:51-04:00,24.0
2011-04-22 15:16:54-04:00,24.0
2011-04-22 15:16:57-04:00,24.0
2011-04-22 15:17:00-04:00,24.0
2011-04-22 15:17:03-04:00,24.0
2011-04-22 15:17:06-04:00,24.0
2011-04-22 15:17:09-04:00,24.0
2011-04-22 15:17:12-04:00,24.0
2011-04-22 15:17:15-04:00,24.0
2011-04-22 15:17:18-04:00,24.0
2011-04-22 15:17:21-04:00,24.0
2011-04-22 15:17:24-04:00,24.0
2011-04-22 15:17:27-04:00,24.0
2011-04-22 15:17:30-04:00,24.0
2011-04-22 15:17:33-04:00,24.0
2011-04-22 15:17:36-04:00,24.0
2011-04-22 15:17:39-04:00,24.0
2011-04-22 15:17:42-04:00,24.0
2011-04-22 15:17:45-04:00,24.0
2011-04-22 15:17:48-04:00,24.0
2011-04-22 15:17:51-04:00,24.0
2011-04-22 15:17:54-04:00,24.0
2011-04-22 15:17:57-04:00,24.0
2011-04-22 15:18:00-04:00,24.0
2011-04-22 15:18:03-04:00,24.0
2011-04-22 15:18:06-04:00,24.0
2011-04-22 15:18:09-04:00,24.0
2011-04-22 15:18:12-04:00,24.0
2011-04-22 15:18:15-04:00,24.0
2011-04-22 15:18:18-04:00,24.0
2011-04-22 15:18:21-04:00,24.0
2011-04-22 15:18:24-04:00,24.0
2011-04-22 15:18:27-04:00,24.0
2011-04-22 15:18:30-04:00,24.0
2011-04-22 15:18:33-04:00,24.0
2011-04-22 15:18:36-04:00,24.0
2011-04-22 15:18:39-04:00,24.0
2011-04-22 15:18:42-04:00,24.0
2011-04-22 15:18:45-04:00,24.0
2011-04-22 15:18:48-04:00,24.0
2011-04-22 15:18:51-04:00,24.0
2011-04-22 15:18:54-04:00,24.0
2011-04-22 15:18:57-04:00,24.0
2011-04-22 15:19:00-04:00,24.0
2011-04-22 15:19:03-04:00,24.0
2011-04-22 15:19:06-04:00,24.0
2011-04-22 15:19:09-04:00,24.0
2011-04-22 15:19:12-04:00,24.0
2011-04-22 15:19:15-04:00,24.0
2011-04-22 15:19:18-04:00,24.0
2011-04-22 15:19:21-04:00,24.0
2011-04-22 15:19:24-04:00,24.0
2011-04-22 15:19:27-04:00,24.0
2011-04-22 15:19:30-04:00,24.0
2011-04-22 15:19:33-04:00,24.0
2011-04-22 15:19:36-04:00,24.0
2011-04-22 15:19:39-04:00,24.0
2011-04-22 15:19:42-04:00,24.0
2011-04-22 15:19:45-04:00,24.0
2011-04-22 15:19:48-04:00,24.0
2011-04-22 15:19:51-04:00,24.0
2011-04-22 15:19:54-04:00,24.0
2011-04-22 15:19:57-04:00,24.0
2011-04-22 15:20:00-04:00,24.0
2011-04-22 15:20:03-04:00,24.0
2011-04-22 15:20:06-04:00,24.0
2011-04-22 15:20:09-04:00,24.0
2011-04-22 15:20:12-04:00,24.0
2011-04-22 15:20:15-04:00,24.0
2011-04-22 15:20:18-04:00,24.0
2011-04-22 15:20:21-04:00,24.0
2011-04-22 15:20:24-04:00,24.0
2011-04-22 15:20:27-04:00,24.0
2011-04-22 15:20:30-04:00,24.0
2011-04-22 15:20:33-04:00,24.0
2011-04-22 15:20:36-04:00,24.0
2011-04-22 15:20:39-04:00,24.0
2011-04-22 15:20:42-04:00,24.0
2011-04-22 15:20:45-04:00,23.75
2011-04-22 15:20:48-04:00,23.0
2011-04-22 15:20:51-04:00,24.0
2011-04-22 15:20:54-04:00,24.0
2011-04-22 15:20:57-04:00,24.0
2011-04-22 15:21:00-04:00,23.333333333333332
2011-04-22 15:21:03-04:00,23.666666666666668
2011-04-22 15:21:06-04:00,24.0
2011-04-22 15:21:09-04:00,24.0
2011-04-22 15:21:12-04:00,23.75
2011-04-22 15:21:15-04:00,23.0
2011-04-22 15:21:18-04:00,24.0
2011-04-22 15:21:21-04:00,24.0
2011-04-22 15:21:24-04:00,23.25
2011-04-22 15:21:27-04:00,23.666666666666668
2011-04-22 15:21:30-04:00,24.0
2011-04-22 15:21:33-04:00,24.0
2011-04-22 15:21:36-04:00,24.0
2011-04-22 15:21:39-04:00,24.0
2011-04-22 15:21:42-04:00,24.0
2011-04-22 15:21:45-04:00,24.0
2011-04-22 15:21:48-04:00,24.0
2011-04-22 15:21:51-04:00,24.0
2011-04-22 15:21:54-04:00,24.0
2011-04-22 15:21:57-04:00,24.0
2011-04-22 15:22:00-04:00,24.0
2011-04-22 15:22:03-04:00,24.0
2011-04-22 15:22:06-04:00,24.0
2011-04-22 15:22:09-04:00,24.0
2011-04-22 15:22:12-04:00,24.0
2011-04-22 15:22:15-04:00,24.0
2011-04-22 15:22:18-04:00,24.0
2011-04-22 15:22:21-04:00,24.0
2011-04-22 15:22:24-04:00,24.0
2011-04-22 15:22:27-04:00,24.0
2011-04-22 15:22:30-04:00,23.75
2011-04-22 15:22:33-04:00,23.375
2011-04-22 15:22:36-04:00,23.0
2011-04-22 15:22:39-04:00,23.75
2011-04-22 15:22:42-04:00,24.0
2011-04-22 15:22:45-04:00,24.0
2011-04-22 15:22:48-04:00,24.0
2011-04-22 15:22:51-04:00,24.0
2011-04-22 15:22:54-04:00,24.0
2011-04-22 15:22:57-04:00,24.0
2011-04-22 15:23:00-04:00,24.0
2011-04-22 15:23:03-04:00,24.0
2011-04-22 15:23:06-04:00,24.0
2011-04-22 15:23:09-04:00,24.0
2011-04-22 15:23:12-04:00,24.0
2011-04-22 15:23:15-04:00,24.0
2011-04-22 15:23:18-04:00,24.0
2011-04-22 15:23:21-04:00,24.0
2011-04-22 15:23:24-04:00,24.0
2011-04-22 15:23:27-04:00,24.0
2011-04-22 15:23:30-04:00,24.0
2011-04-22 15:23:33-04:00,24.0
2011-04-22 15:23:36-04:00,24.0
2011-04-22 15:23:39-04:00,24.0
2011-04-22 15:23:42-04:00,24.0
2011-04-22 15:23:45-04:00,24.0
2011-04-22 15:23:48-04:00,24.0
2011-04-22 15:23:51-04:00,24.0
2011-04-22 15:23:54-04:00,24.0
2011-04-22 15:23:57-04:00,24.0
2011-04-22 15:24:00-04:00,24.0
2011-04-22 15:24:03-04:00,24.0
2011-04-22 15:24:06-04:00,24.0
2011-04-22 15:24:09-04:00,24.0
2011-04-22 15:24:12-04:00,24.0
2011-04-22 15:24:15-04:00,24.0
2011-04-22 15:24:18-04:00,24.0
2011-04-22 15:24:21-04:00,24.0
2011-04-22 15:24:24-04:00,24.0
2011-04-22 15:24:27-04:00,24.0
2011-04-22 15:24:30-04:00,24.0
2011-04-22 15:24:33-04:00,24.0
2011-04-22 15:24:36-04:00,24.0
2011-04-22 15:24:39-04:00,24.0
2011-04-22 15:24:42-04:00,24.0
2011-04-22 15:24:45-04:00,24.0
2011-04-22 15:24:48-04:00,24.0
2011-04-22 15:24:51-04:00,24.0
2011-04-22 15:24:54-04:00,24.0
2011-04-22 15:24:57-04:00,24.0
2011-04-22 15:25:00-04:00,24.0
2011-04-22 15:25:03-04:00,24.0
2011-04-22 15:25:06-04:00,24.0
2011-04-22 15:25:09-04:00,24.0
2011-04-22 15:25:12-04:00,24.0
2011-04-22 15:25:15-04:00,24.0
2011-04-22 15:25:18-04:00,24.0
2011-04-22 15:25:21-04:00,24.0
2011-04-22 15:25:24-04:00,24.0
2011-04-22 15:25:27-04:00,24.0
2011-04-22 15:25:30-04:00,24.0
2011-04-22 15:25:33-04:00,24.0
2011-04-22 15:25:36-04:00,24.0
2011-04-22 15:25:39-04:00,24.0
2011-04-22 15:25:42-04:00,24.0
2011-04-22 15:25:45-04:00,24.0
2011-04-22 15:25:48-04:00,24.0
2011-04-22 15:25:51-04:00,25.0
2011-04-22 15:25:54-04:00,25.0
2011-04-22 15:25:57-04:00,24.333333333333332
2011-04-22 15:26:00-04:00,24.0
2011-04-22 15:26:03-04:00,24.0
2011-04-22 15:26:06-04:00,24.0
2011-04-22 15:26:09-04:00,24.0
2011-04-22 15:26:12-04:00,25.0
2011-04-22 15:26:15-04:00,24.0
2011-04-22 15:26:18-04:00,24.75
2011-04-22 15:26:21-04:00,24.333333333333332
2011-04-22 15:26:24-04:00,24.0
2011-04-22 15:26:27-04:00,24.0
2011-04-22 15:26:30-04:00,24.11111111111111
2011-04-22 15:26:33-04:00,24.444444444444443
2011-04-22 15:26:36-04:00,24.77777777777778
2011-04-22 15:26:39-04:00,24.666666666666668
2011-04-22 15:26:42-04:00,24.0
2011-04-22 15:26:45-04:00,24.0
2011-04-22 15:26:48-04:00,24.0
2011-04-22 15:26:51-04:00,25.0
2011-04-22 15:26:54-04:00,25.0
2011-04-22 15:26:57-04:00,24.333333333333332
2011-04-22 15:27:00-04:00,24.0
2011-04-22 15:27:03-04:00,24.0
2011-04-22 15:27:06-04:00,24.0
2011-04-22 15:27:09-04:00,24.0
2011-04-22 15:27:12-04:00,24.0
2011-04-22 15:27:15-04:00,24.0
2011-04-22 15:27:18-04:00,24.0
2011-04-22 15:27:21-04:00,24.0
2011-04-22 15:27:24-04:00,24.0
2011-04-22 15:27:27-04:00,24.0
2011-04-22 15:27:30-04:00,24.0
2011-04-22 15:27:33-04:00,24.0
2011-04-22 15:27:36-04:00,24.0
2011-04-22 15:27:39-04:00,24.0
2011-04-22 15:27:42-04:00,24.0
2011-04-22 15:27:45-04:00,24.0
2011-04-22 15:27:48-04:00,24.0
2011-04-22 15:27:51-04:00,24.0
2011-04-22 15:27:54-04:00,24.0
2011-04-22 15:27:57-04:00,24.0
2011-04-22 15:28:00-04:00,24.0
2011-04-22 15:28:03-04:00,24.0
2011-04-22 15:28:06-04:00,24.0
2011-04-22 15:28:09-04:00,24.0
2011-04-22 15:28:12-04:00,24.0
2011-04-22 15:28:15-04:00,24.0
2011-04-22 15:28:18-04:00,24.0
2011-04-22 15:28:21-04:00,24.0
2011-04-22 15:28:24-04:00,24.0
2011-04-22 15:28:27-04:00,24.333333333333332
2011-04-22 15:28:30-04:00,24.88888888888889
2011-04-22 15:28:33-04:00,24.555555555555557
2011-04-22 15:28:36-04:00,24.22222222222222
2011-04-22 15:28:39-04:00,24.25
2011-04-22 15:28:42-04:00,25.0
2011-04-22 15:28:45-04:00,25.0
2011-04-22 15:28:48-04:00,24.25
2011-04-22 15:28:51-04:00,24.0
2011-04-22 15:28:54-04:00,24.0
2011-04-22 15:28:57-04:00,24.0
2011-04-22 15:29:00-04:00,24.0
2011-04-22 15:29:03-04:00,24.0
2011-04-22 15:29:06-04:00,24.0
2011-04-22 15:29:09-04:00,24.0
2011-04-22 15:29:12-04:00,25.0
2011-04-22 15:29:15-04:00,25.0
2011-04-22 15:29:18-04:00,24.333333333333332
2011-04-22 15:29:21-04:00,24.5
2011-04-22 15:29:24-04:00,25.0
2011-04-22 15:29:27-04:00,25.0
2011-04-22 15:29:30-04:00,25.0
2011-04-22 15:29:33-04:00,25.0
2011-04-22 15:29:36-04:00,25.0
2011-04-22 15:29:39-04:00,24.75
2011-04-22 15:29:42-04:00,24.0
2011-04-22 15:29:45-04:00,25.0
2011-04-22 15:29:48-04:00,25.0
2011-04-22 15:29:51-04:00,25.0
2011-04-22 15:29:54-04:00,25.0
2011-04-22 15:29:57-04:00,25.0
2011-04-22 15:30:00-04:00,25.0
2011-04-22 15:30:03-04:00,25.0
2011-04-22 15:30:06-04:00,25.0
2011-04-22 15:30:09-04:00,25.0
2011-04-22 15:30:12-04:00,25.0
2011-04-22 15:30:15-04:00,25.0
2011-04-22 15:30:18-04:00,25.0
2011-04-22 15:30:21-04:00,25.0
2011-04-22 15:30:24-04:00,25.0
2011-04-22 15:30:27-04:00,25.0
2011-04-22 15:30:30-04:00,25.0
2011-04-22 15:30:33-04:00,25.0
2011-04-22 15:30:36-04:00,25.0
2011-04-22 15:30:39-04:00,25.0
2011-04-22 15:30:42-04:00,25.0
2011-04-22 15:30:45-04:00,25.0
2011-04-22 15:30:48-04:00,25.0
2011-04-22 15:30:51-04:00,25.0
2011-04-22 15:30:54-04:00,25.0
2011-04-22 15:30:57-04:00,25.0
2011-04-22 15:31:00-04:00,25.0
2011-04-22 15:31:03-04:00,25.0
2011-04-22 15:31:06-04:00,25.0
2011-04-22 15:31:09-04:00,25.0
2011-04-22 15:31:12-04:00,24.333333333333332
2011-04-22 15:31:15-04:00,24.666666666666668
2011-04-22 15:31:18-04:00,25.0
2011-04-22 15:31:21-04:00,25.0
2011-04-22 15:31:24-04:00,25.0
2011-04-22 15:31:27-04:00,25.0
2011-04-22 15:31:30-04:00,25.0
2011-04-22 15:31:33-04:00,25.0
2011-04-22 15:31:36-04:00,25.0
2011-04-22 15:31:39-04:00,25.0
2011-04-22 15:31:42-04:00,25.0
2011-04-22 15:31:45-04:00,25.0
2011-04-22 15:31:48-04:00,25.0
2011-04-22 15:31:51-04:00,25.0
2011-04-22 15:31:54-04:00,25.0
2011-04-22 15:31:57-04:00,25.0
2011-04-22 15:32:00-04:00,25.0
2011-04-22 15:32:03-04:00,25.0
2011-04-22 15:32:06-04:00,25.0
2011-04-22 15:32:09-04:00,25.0
2011-04-22 15:32:12-04:00,25.0
2011-04-22 15:32:15-04:00,25.0
2011-04-22 15:32:18-04:00,25.0
2011-04-22 15:32:21-04:00,25.0
2011-04-22 15:32:24-04:00,25.0
2011-04-22 15:32:27-04:00,25.0
2011-04-22 15:32:30-04:00,25.0
2011-04-22 15:32:33-04:00,25.0
2011-04-22 15:32:36-04:00,25.0
2011-04-22 15:32:39-04:00,25.0
2011-04-22 15:32:42-04:00,25.0
2011-04-22 15:32:45-04:00,25.0
2011-04-22 15:32:48-04:00,25.0
2011-04-22 15:32:51-04:00,25.0
2011-04-22 15:32:54-04:00,25.0
2011-04-22 15:32:57-04:00,25.0
2011-04-22 15:33:00-04:00,25.0
2011-04-22 15:33:03-04:00,25.0
2011-04-22 15:33:06-04:00,25.0
2011-04-22 15:33:09-04:00,25.0
2011-04-22 15:33:12-04:00,25.0
2011-04-22 15:33:15-04:00,25.0
2011-04-22 15:33:18-04:00,25.0
2011-04-22 15:33:21-04:00,25.0
2011-04-22 15:33:24-04:00,25.0
2011-04-22 15:33:27-04:00,25.0
2011-04-22 15:33:30-04:00,25.0
2011-04-22 15:33:33-04:00,25.0
2011-04-22 15:33:36-04:00,25.0
2011-04-22 15:33:39-04:00,25.0
2011-04-22 15:33:42-04:00,25.0
2011-04-22 15:33:45-04:00,25.0
2011-04-22 15:33:48-04:00,25.0
2011-04-22 15:33:51-04:00,25.0
2011-04-22 15:33:54-04:00,25.0
2011-04-22 15:33:57-04:00,25.0
2011-04-22 15:34:00-04:00,25.0
2011-04-22 15:34:03-04:00,25.0
2011-04-22 15:34:06-04:00,25.0
2011-04-22 15:34:09-04:00,25.0
2011-04-22 15:34:12-04:00,25.0
2011-04-22 15:34:15-04:00,25.0
2011-04-22 15:34:18-04:00,25.0
2011-04-22 15:34:21-04:00,25.0
2011-04-22 15:34:24-04:00,25.0
2011-04-22 15:34:27-04:00,25.0
2011-04-22 15:34:30-04:00,25.0
2011-04-22 15:34:33-04:00,25.0
2011-04-22 15:34:36-04:00,25.0
2011-04-22 15:34:39-04:00,25.0
2011-04-22 15:34:42-04:00,25.0
2011-04-22 15:34:45-04:00,25.0
2011-04-22 15:34:48-04:00,25.0
2011-04-22 15:34:51-04:00,25.0
2011-04-22 15:34:54-04:00,25.0
2011-04-22 15:34:57-04:00,25.0
2011-04-22 15:35:00-04:00,25.0
2011-04-22 15:35:03-04:00,25.0
2011-04-22 15:35:06-04:00,25.0
2011-04-22 15:35:09-04:00,25.0
2011-04-22 15:35:12-04:00,25.0
2011-04-22 15:35:15-04:00,25.0
2011-04-22 15:35:18-04:00,25.0
2011-04-22 15:35:21-04:00,25.0
2011-04-22 15:35:24-04:00,25.0
2011-04-22 15:35:27-04:00,25.0
2011-04-22 15:35:30-04:00,25.0
2011-04-22 15:35:33-04:00,25.0
2011-04-22 15:35:36-04:00,25.0
2011-04-22 15:35:39-04:00,25.0
2011-04-22 15:35:42-04:00,25.0
2011-04-22 15:35:45-04:00,25.0
2011-04-22 15:35:48-04:00,25.0
2011-04-22 15:35:51-04:00,25.0
2011-04-22 15:35:54-04:00,25.0
2011-04-22 15:35:57-04:00,25.0
2011-04-22 15:36:00-04:00,25.0
2011-04-22 15:36:03-04:00,25.0
2011-04-22 15:36:06-04:00,25.0
2011-04-22 15:36:09-04:00,25.0
2011-04-22 15:36:12-04:00,25.0
2011-04-22 15:36:15-04:00,25.0
2011-04-22 15:36:18-04:00,25.0
2011-04-22 15:36:21-04:00,24.25
2011-04-22 15:36:24-04:00,24.666666666666668
2011-04-22 15:36:27-04:00,25.0
2011-04-22 15:36:30-04:00,25.0
2011-04-22 15:36:33-04:00,25.0
2011-04-22 15:36:36-04:00,25.0
2011-04-22 15:36:39-04:00,25.0
2011-04-22 15:36:42-04:00,25.0
2011-04-22 15:36:45-04:00,25.0
2011-04-22 15:36:48-04:00,25.0
2011-04-22 15:36:51-04:00,25.0
2011-04-22 15:36:54-04:00,25.0
2011-04-22 15:36:57-04:00,25.0
2011-04-22 15:37:00-04:00,25.0
2011-04-22 15:37:03-04:00,25.0
2011-04-22 15:37:06-04:00,25.0
2011-04-22 15:37:09-04:00,25.0
2011-04-22 15:37:12-04:00,25.0
2011-04-22 15:37:15-04:00,25.0
2011-04-22 15:37:18-04:00,25.0
2011-04-22 15:37:21-04:00,25.0
2011-04-22 15:37:24-04:00,25.0
2011-04-22 15:37:27-04:00,25.0
2011-04-22 15:37:30-04:00,25.0
2011-04-22 15:37:33-04:00,25.0
2011-04-22 15:37:36-04:00,25.0
2011-04-22 15:37:39-04:00,25.0
2011-04-22 15:37:42-04:00,25.0
2011-04-22 15:37:45-04:00,25.0
2011-04-22 15:37:48-04:00,25.0
2011-04-22 15:37:51-04:00,25.0
2011-04-22 15:37:54-04:00,25.0
2011-04-22 15:37:57-04:00,25.0
2011-04-22 15:38:00-04:00,25.0
2011-04-22 15:38:03-04:00,25.0
2011-04-22 15:38:06-04:00,25.0
2011-04-22 15:38:09-04:00,25.0
2011-04-22 15:38:12-04:00,25.0
2011-04-22 15:38:15-04:00,25.0
2011-04-22 15:38:18-04:00,25.0
2011-04-22 15:38:21-04:00,25.0
2011-04-22 15:38:24-04:00,25.0
2011-04-22 15:38:27-04:00,25.0
2011-04-22 15:38:30-04:00,25.0
2011-04-22 15:38:33-04:00,25.0
2011-04-22 15:38:36-04:00,25.0
2011-04-22 15:38:39-04:00,25.0
2011-04-22 15:38:42-04:00,25.0
2011-04-22 15:38:45-04:00,25.0
2011-04-22 15:38:48-04:00,25.0
2011-04-22 15:38:51-04:00,25.0
2011-04-22 15:38:54-04:00,25.0
2011-04-22 15:38:57-04:00,25.0
2011-04-22 15:39:00-04:00,25.0
2011-04-22 15:39:03-04:00,25.0
2011-04-22 15:39:06-04:00,25.0
2011-04-22 15:39:09-04:00,25.0
2011-04-22 15:39:12-04:00,25.0
2011-04-22 15:39:15-04:00,25.0
2011-04-22 15:39:18-04:00,25.0
2011-04-22 15:39:21-04:00,25.0
2011-04-22 15:39:24-04:00,25.0
2011-04-22 15:39:27-04:00,25.0
2011-04-22 15:39:30-04:00,25.0
2011-04-22 15:39:33-04:00,25.0
2011-04-22 15:39:36-04:00,25.0
2011-04-22 15:39:39-04:00,25.0
2011-04-22 15:39:42-04:00,25.0
2011-04-22 15:39:45-04:00,25.0
2011-04-22 15:39:48-04:00,25.0
2011-04-22 15:39:51-04:00,25.0
2011-04-22 15:39:54-04:00,25.0
2011-04-22 15:39:57-04:00,25.0
2011-04-22 15:40:00-04:00,25.0
2011-04-22 15:40:03-04:00,25.0
2011-04-22 15:40:06-04:00,25.0
2011-04-22 15:40:09-04:00,25.0
2011-04-22 15:40:12-04:00,25.0
2011-04-22 15:40:15-04:00,25.0
2011-04-22 15:40:18-04:00,25.0
2011-04-22 15:40:21-04:00,25.0
2011-04-22 15:40:24-04:00,25.0
2011-04-22 15:40:27-04:00,25.0
2011-04-22 15:40:30-04:00,25.0
2011-04-22 15:40:33-04:00,25.0
2011-04-22 15:40:36-04:00,25.0
2011-04-22 15:40:39-04:00,25.0
2011-04-22 15:40:42-04:00,25.0
2011-04-22 15:40:45-04:00,25.0
2011-04-22 15:40:48-04:00,25.0
2011-04-22 15:40:51-04:00,25.0
2011-04-22 15:40:54-04:00,25.0
2011-04-22 15:40:57-04:00,25.0
2011-04-22 15:41:00-04:00,25.0
2011-04-22 15:41:03-04:00,25.0
2011-04-22 15:41:06-04:00,25.0
2011-04-22 15:41:09-04:00,25.0
2011-04-22 15:41:12-04:00,25.0
2011-04-22 15:41:15-04:00,25.0
2011-04-22 15:41:18-04:00,25.0
2011-04-22 15:41:21-04:00,25.0
