timestamp,power
2011-04-21 15:41:24-04:00,
2011-04-21 15:41:27-04:00,0.0
2011-04-21 15:41:30-04:00,0.0
2011-04-21 15:41:33-04:00,0.0
2011-04-21 15:41:36-04:00,0.0
2011-04-21 15:41:39-04:00,0.0
2011-04-21 15:41:42-04:00,0.0
2011-04-21 15:41:45-04:00,0.0
2011-04-21 15:41:48-04:00,0.0
2011-04-21 15:41:51-04:00,0.0
2011-04-21 15:41:54-04:00,0.0
2011-04-21 15:41:57-04:00,0.0
2011-04-21 15:42:00-04:00,0.0
2011-04-21 15:42:03-04:00,0.0
2011-04-21 15:42:06-04:00,0.0
2011-04-21 15:42:09-04:00,0.0
2011-04-21 15:42:12-04:00,0.0
2011-04-21 15:42:15-04:00,0.0
2011-04-21 15:42:18-04:00,0.0
2011-04-21 15:42:21-04:00,0.0
2011-04-21 15:42:24-04:00,0.0
2011-04-21 15:42:27-04:00,0.0
2011-04-21 15:42:30-04:00,0.0
2011-04-21 15:42:33-04:00,0.0
2011-04-21 15:42:36-04:00,0.0
2011-04-21 15:42:39-04:00,0.0
2011-04-21 15:42:42-04:00,0.0
2011-04-21 15:42:45-04:00,0.0
2011-04-21 15:42:48-04:00,0.0
2011-04-21 15:42:51-04:00,0.0
2011-04-21 15:42:54-04:00,0.0
2011-04-21 15:42:57-04:00,0.0
2011-04-21 15:43:00-04:00,0.0
2011-04-21 15:43:03-04:00,0.0
2011-04-21 15:43:06-04:00,0.0
2011-04-21 15:43:09-04:00,0.0
2011-04-21 15:43:12-04:00,0.0
2011-04-21 15:43:15-04:00,0.0
2011-04-21 15:43:18-04:00,0.0
2011-04-21 15:43:21-04:00,0.0
2011-04-21 15:43:24-04:00,0.0
2011-04-21 15:43:27-04:00,0.0
2011-04-21 15:43:30-04:00,0.0
2011-04-21 15:43:33-04:00,0.0
2011-04-21 15:43:36-04:00,0.0
2011-04-21 15:43:39-04:00,0.0
2011-04-21 15:43:42-04:00,0.0
2011-04-21 15:43:45-04:00,0.0
2011-04-21 15:43:48-04:00,0.0
2011-04-21 15:43:51-04:00,0.0
2011-04-21 15:43:54-04:00,0.0
2011-04-21 15:43:57-04:00,0.0
2011-04-21 15:44:00-04:00,0.0
2011-04-21 15:44:03-04:00,0.0
2011-04-21 15:44:06-04:00,0.0
2011-04-21 15:44:09-04:00,0.0
2011-04-21 15:44:12-04:00,0.0
2011-04-21 15:44:15-04:00,0.0
2011-04-21 15:44:18-04:00,0.0
2011-04-21 15:44:21-04:00,0.0
2011-04-21 15:44:24-04:00,0.0
2011-04-21 15:44:27-04:00,0.0
2011-04-21 15:44:30-04:00,0.0
2011-04-21 15:44:33-04:00,0.0
2011-04-21 15:44:36-04:00,0.0
2011-04-21 15:44:39-04:00,0.0
2011-04-21 15:44:42-04:00,0.0
2011-04-21 15:44:45-04:00,0.0
2011-04-21 15:44:48-04:00,0.0
2011-04-21 15:44:51-04:00,0.0
2011-04-21 15:44:54-04:00,0.0
2011-04-21 15:44:57-04:00,0.0
2011-04-21 15:45:00-04:00,0.0
2011-04-21 15:45:03-04:00,0.0
2011-04-21 15:45:06-04:00,0.0
2011-04-21 15:45:09-04:00,0.0
2011-04-21 15:45:12-04:00,0.0
2011-04-21 15:45:15-04:00,0.0
2011-04-21 15:45:18-04:00,0.0
2011-04-21 15:45:21-04:00,0.0
2011-04-21 15:45:24-04:00,0.0
2011-04-21 15:45:27-04:00,0.0
2011-04-21 15:45:30-04:00,0.0
2011-04-21 15:45:33-04:00,0.0
2011-04-21 15:45:36-04:00,0.0
2011-04-21 15:45:39-04:00,0.0
2011-04-21 15:45:42-04:00,0.0
2011-04-21 15:45:45-04:00,0.0
2011-04-21 15:45:48-04:00,0.0
2011-04-21 15:45:51-04:00,0.0
2011-04-21 15:45:54-04:00,0.0
2011-04-21 15:45:57-04:00,0.0
2011-04-21 15:46:00-04:00,0.0
2011-04-21 15:46:03-04:00,0.0
2011-04-21 15:46:06-04:00,0.0
2011-04-21 15:46:09-04:00,0.0
2011-04-21 15:46:12-04:00,0.0
2011-04-21 15:46:15-04:00,0.0
2011-04-21 15:46:18-04:00,0.0
2011-04-21 15:46:21-04:00,0.0
2011-04-21 15:46:24-04:00,0.0
2011-04-21 15:46:27-04:00,0.0
2011-04-21 15:46:30-04:00,0.0
2011-04-21 15:46:33-04:00,0.0
2011-04-21 15:46:36-04:00,0.0
2011-04-21 15:46:39-04:00,0.0
2011-04-21 15:46:42-04:00,0.0
2011-04-21 15:46:45-04:00,0.0
2011-04-21 15:46:48-04:00,0.0
2011-04-21 15:46:51-04:00,0.0
2011-04-21 15:46:54-04:00,0.0
2011-04-21 15:46:57-04:00,0.0
2011-04-21 15:47:00-04:00,0.0
2011-04-21 15:47:03-04:00,0.0
2011-04-21 15:47:06-04:00,0.0
2011-04-21 15:47:09-04:00,0.0
2011-04-21 15:47:12-04:00,0.0
2011-04-21 15:47:15-04:00,0.0
2011-04-21 15:47:18-04:00,0.0
2011-04-21 15:47:21-04:00,0.0
2011-04-21 15:47:24-04:00,0.0
2011-04-21 15:47:27-04:00,0.0
2011-04-21 15:47:30-04:00,0.0
2011-04-21 15:47:33-04:00,0.0
2011-04-21 15:47:36-04:00,0.0
2011-04-21 15:47:39-04:00,0.0
2011-04-21 15:47:42-04:00,0.0
2011-04-21 15:47:45-04:00,0.0
2011-04-21 15:47:48-04:00,0.0
2011-04-21 15:47:51-04:00,0.0
2011-04-21 15:47:54-04:00,0.0
2011-04-21 15:47:57-04:00,0.0
2011-04-21 15:48:00-04:00,0.0
2011-04-21 15:48:03-04:00,0.0
2011-04-21 15:48:06-04:00,0.0
2011-04-21 15:48:09-04:00,0.0
2011-04-21 15:48:12-04:00,0.0
2011-04-21 15:48:15-04:00,0.0
2011-04-21 15:48:18-04:00,0.0
2011-04-21 15:48:21-04:00,0.0
2011-04-21 15:48:24-04:00,0.0
2011-04-21 15:48:27-04:00,0.0
2011-04-21 15:48:30-04:00,0.0
2011-04-21 15:48:33-04:00,0.0
2011-04-21 15:48:36-04:00,0.0
2011-04-21 15:48:39-04:00,0.0
2011-04-21 15:48:42-04:00,0.0
2011-04-21 15:48:45-04:00,0.0
2011-04-21 15:48:48-04:00,0.0
2011-04-21 15:48:51-04:00,0.0
2011-04-21 15:48:54-04:00,0.0
2011-04-21 15:48:57-04:00,0.0
2011-04-21 15:49:00-04:00,0.0
2011-04-21 15:49:03-04:00,0.0
2011-04-21 15:49:06-04:00,0.0
2011-04-21 15:49:09-04:00,0.0
2011-04-21 15:49:12-04:00,0.0
2011-04-21 15:49:15-04:00,0.0
2011-04-21 15:49:18-04:00,0.0
2011-04-21 15:49:21-04:00,0.0
2011-04-21 15:49:24-04:00,0.0
2011-04-21 15:49:27-04:00,0.0
2011-04-21 15:49:30-04:00,0.0
2011-04-21 15:49:33-04:00,0.0
2011-04-21 15:49:36-04:00,0.0
2011-04-21 15:49:39-04:00,0.0
2011-04-21 15:49:42-04:00,0.0
2011-04-21 15:49:45-04:00,0.0
2011-04-21 15:49:48-04:00,0.0
2011-04-21 15:49:51-04:00,0.0
2011-04-21 15:49:54-04:00,0.0
2011-04-21 15:49:57-04:00,0.0
2011-04-21 15:50:00-04:00,0.0
2011-04-21 15:50:03-04:00,0.0
2011-04-21 15:50:06-04:00,0.0
2011-04-21 15:50:09-04:00,0.0
2011-04-21 15:50:12-04:00,0.0
2011-04-21 15:50:15-04:00,0.0
2011-04-21 15:50:18-04:00,0.0
2011-04-21 15:50:21-04:00,0.0
2011-04-21 15:50:24-04:00,0.0
2011-04-21 15:50:27-04:00,0.0
2011-04-21 15:50:30-04:00,0.0
2011-04-21 15:50:33-04:00,0.0
2011-04-21 15:50:36-04:00,0.0
2011-04-21 15:50:39-04:00,0.0
2011-04-21 15:50:42-04:00,0.0
2011-04-21 15:50:45-04:00,0.0
2011-04-21 15:50:48-04:00,0.0
2011-04-21 15:50:51-04:00,0.0
2011-04-21 15:50:54-04:00,0.0
2011-04-21 15:50:57-04:00,0.0
2011-04-21 15:51:00-04:00,0.0
2011-04-21 15:51:03-04:00,0.0
2011-04-21 15:51:06-04:00,0.0
2011-04-21 15:51:09-04:00,0.0
2011-04-21 15:51:12-04:00,0.0
2011-04-21 15:51:15-04:00,0.0
2011-04-21 15:51:18-04:00,0.0
2011-04-21 15:51:21-04:00,0.0
2011-04-21 15:51:24-04:00,0.0
2011-04-21 15:51:27-04:00,0.0
2011-04-21 15:51:30-04:00,0.0
2011-04-21 15:51:33-04:00,0.0
2011-04-21 15:51:36-04:00,0.0
2011-04-21 15:51:39-04:00,0.0
2011-04-21 15:51:42-04:00,0.0
2011-04-21 15:51:45-04:00,0.0
2011-04-21 15:51:48-04:00,0.0
2011-04-21 15:51:51-04:00,0.0
2011-04-21 15:51:54-04:00,0.0
2011-04-21 15:51:57-04:00,0.0
2011-04-21 15:52:00-04:00,0.0
2011-04-21 15:52:03-04:00,0.0
2011-04-21 15:52:06-04:00,0.0
2011-04-21 15:52:09-04:00,0.0
2011-04-21 15:52:12-04:00,0.0
2011-04-21 15:52:15-04:00,0.0
2011-04-21 15:52:18-04:00,0.0
2011-04-21 15:52:21-04:00,0.0
2011-04-21 15:52:24-04:00,0.0
2011-04-21 15:52:27-04:00,0.0
2011-04-21 15:52:30-04:00,0.0
2011-04-21 15:52:33-04:00,0.0
2011-04-21 15:52:36-04:00,0.0
2011-04-21 15:52:39-04:00,0.0
2011-04-21 15:52:42-04:00,0.0
2011-04-21 15:52:45-04:00,0.0
2011-04-21 15:52:48-04:00,0.0
2011-04-21 15:52:51-04:00,0.0
2011-04-21 15:52:54-04:00,0.0
2011-04-21 15:52:57-04:00,0.0
2011-04-21 15:53:00-04:00,0.0
2011-04-21 15:53:03-04:00,0.0
2011-04-21 15:53:06-04:00,0.0
2011-04-21 15:53:09-04:00,0.0
2011-04-21 15:53:12-04:00,0.0
2011-04-21 15:53:15-04:00,0.0
2011-04-21 15:53:18-04:00,0.0
2011-04-21 15:53:21-04:00,0.0
2011-04-21 15:53:24-04:00,0.0
2011-04-21 15:53:27-04:00,0.0
2011-04-21 15:53:30-04:00,0.0
2011-04-21 15:53:33-04:00,0.0
2011-04-21 15:53:36-04:00,0.0
2011-04-21 15:53:39-04:00,0.0
2011-04-21 15:53:42-04:00,0.0
2011-04-21 15:53:45-04:00,0.0
2011-04-21 15:53:48-04:00,0.0
2011-04-21 15:53:51-04:00,0.0
2011-04-21 15:53:54-04:00,0.0
2011-04-21 15:53:57-04:00,0.0
2011-04-21 15:54:00-04:00,0.0
2011-04-21 15:54:03-04:00,0.0
2011-04-21 15:54:06-04:00,0.0
2011-04-21 15:54:09-04:00,0.0
2011-04-21 15:54:12-04:00,0.0
2011-04-21 15:54:15-04:00,0.0
2011-04-21 15:54:18-04:00,0.0
2011-04-21 15:54:21-04:00,0.0
2011-04-21 15:54:24-04:00,0.0
2011-04-21 15:54:27-04:00,0.0
2011-04-21 15:54:30-04:00,0.0
2011-04-21 15:54:33-04:00,0.0
2011-04-21 15:54:36-04:00,0.0
2011-04-21 15:54:39-04:00,0.0
2011-04-21 15:54:42-04:00,0.0
2011-04-21 15:54:45-04:00,0.0
2011-04-21 15:54:48-04:00,0.0
2011-04-21 15:54:51-04:00,0.0
2011-04-21 15:54:54-04:00,0.0
2011-04-21 15:54:57-04:00,0.0
2011-04-21 15:55:00-04:00,0.0
2011-04-21 15:55:03-04:00,0.0
2011-04-21 15:55:06-04:00,0.0
2011-04-21 15:55:09-04:00,0.0
2011-04-21 15:55:12-04:00,0.0
2011-04-21 15:55:15-04:00,0.0
2011-04-21 15:55:18-04:00,0.0
2011-04-21 15:55:21-04:00,0.0
2011-04-21 15:55:24-04:00,0.0
2011-04-21 15:55:27-04:00,0.0
2011-04-21 15:55:30-04:00,0.0
2011-04-21 15:55:33-04:00,0.0
2011-04-21 15:55:36-04:00,0.0
2011-04-21 15:55:39-04:00,0.0
2011-04-21 15:55:42-04:00,0.0
2011-04-21 15:55:45-04:00,0.0
2011-04-21 15:55:48-04:00,0.0
2011-04-21 15:55:51-04:00,0.0
2011-04-21 15:55:54-04:00,0.0
2011-04-21 15:55:57-04:00,0.0
2011-04-21 15:56:00-04:00,0.0
2011-04-21 15:56:03-04:00,0.0
2011-04-21 15:56:06-04:00,0.0
2011-04-21 15:56:09-04:00,0.0
2011-04-21 15:56:12-04:00,0.0
2011-04-21 15:56:15-04:00,0.0
2011-04-21 15:56:18-04:00,0.0
2011-04-21 15:56:21-04:00,0.0
2011-04-21 15:56:24-04:00,0.0
2011-04-21 15:56:27-04:00,0.0
2011-04-21 15:56:30-04:00,0.0
2011-04-21 15:56:33-04:00,0.0
2011-04-21 15:56:36-04:00,0.0
2011-04-21 15:56:39-04:00,0.0
2011-04-21 15:56:42-04:00,0.0
2011-04-21 15:56:45-04:00,0.0
2011-04-21 15:56:48-04:00,0.0
2011-04-21 15:56:51-04:00,0.0
2011-04-21 15:56:54-04:00,0.0
2011-04-21 15:56:57-04:00,0.0
2011-04-21 15:57:00-04:00,0.0
2011-04-21 15:57:03-04:00,0.0
2011-04-21 15:57:06-04:00,0.0
2011-04-21 15:57:09-04:00,0.0
2011-04-21 15:57:12-04:00,0.0
2011-04-21 15:57:15-04:00,0.0
2011-04-21 15:57:18-04:00,0.0
2011-04-21 15:57:21-04:00,0.0
2011-04-21 15:57:24-04:00,0.0
2011-04-21 15:57:27-04:00,0.0
2011-04-21 15:57:30-04:00,0.0
2011-04-21 15:57:33-04:00,0.0
2011-04-21 15:57:36-04:00,0.0
2011-04-21 15:57:39-04:00,0.0
2011-04-21 15:57:42-04:00,0.0
2011-04-21 15:57:45-04:00,0.0
2011-04-21 15:57:48-04:00,0.0
2011-04-21 15:57:51-04:00,0.0
2011-04-21 15:57:54-04:00,0.0
2011-04-21 15:57:57-04:00,0.0
2011-04-21 15:58:00-04:00,0.0
2011-04-21 15:58:03-04:00,0.0
2011-04-21 15:58:06-04:00,0.0
2011-04-21 15:58:09-04:00,0.0
2011-04-21 15:58:12-04:00,0.0
2011-04-21 15:58:15-04:00,0.0
2011-04-21 15:58:18-04:00,0.0
2011-04-21 15:58:21-04:00,0.0
2011-04-21 15:58:24-04:00,0.0
2011-04-21 15:58:27-04:00,0.0
2011-04-21 15:58:30-04:00,0.0
2011-04-21 15:58:33-04:00,0.0
2011-04-21 15:58:36-04:00,0.0
2011-04-21 15:58:39-04:00,0.0
2011-04-21 15:58:42-04:00,0.0
2011-04-21 15:58:45-04:00,0.0
2011-04-21 15:58:48-04:00,0.0
2011-04-21 15:58:51-04:00,0.0
2011-04-21 15:58:54-04:00,0.0
2011-04-21 15:58:57-04:00,0.0
2011-04-21 15:59:00-04:00,0.0
2011-04-21 15:59:03-04:00,0.0
2011-04-21 15:59:06-04:00,0.0
2011-04-21 15:59:09-04:00,0.0
2011-04-21 15:59:12-04:00,0.0
2011-04-21 15:59:15-04:00,0.0
2011-04-21 15:59:18-04:00,0.0
2011-04-21 15:59:21-04:00,0.0
2011-04-21 15:59:24-04:00,0.0
2011-04-21 15:59:27-04:00,0.0
2011-04-21 15:59:30-04:00,0.0
2011-04-21 15:59:33-04:00,0.0
2011-04-21 15:59:36-04:00,0.0
2011-04-21 15:59:39-04:00,0.0
2011-04-21 15:59:42-04:00,0.0
2011-04-21 15:59:45-04:00,0.0
2011-04-21 15:59:48-04:00,0.0
2011-04-21 15:59:51-04:00,0.0
2011-04-21 15:59:54-04:00,0.0
2011-04-21 15:59:57-04:00,0.0
2011-04-21 16:00:00-04:00,0.0
2011-04-21 16:00:03-04:00,0.0
2011-04-21 16:00:06-04:00,0.0
2011-04-21 16:00:09-04:00,0.0
2011-04-21 16:00:12-04:00,0.0
2011-04-21 16:00:15-04:00,0.0
2011-04-21 16:00:18-04:00,0.0
2011-04-21 16:00:21-04:00,0.0
2011-04-21 16:00:24-04:00,0.0
2011-04-21 16:00:27-04:00,0.0
2011-04-21 16:00:30-04:00,0.0
2011-04-21 16:00:33-04:00,0.0
2011-04-21 16:00:36-04:00,0.0
2011-04-21 16:00:39-04:00,0.0
2011-04-21 16:00:42-04:00,0.0
2011-04-21 16:00:45-04:00,0.0
2011-04-21 16:00:48-04:00,0.0
2011-04-21 16:00:51-04:00,0.0
2011-04-21 16:00:54-04:00,0.0
2011-04-21 16:00:57-04:00,0.0
2011-04-21 16:01:00-04:00,0.0
2011-04-21 16:01:03-04:00,0.0
2011-04-21 16:01:06-04:00,0.0
2011-04-21 16:01:09-04:00,0.0
2011-04-21 16:01:12-04:00,0.0
2011-04-21 16:01:15-04:00,0.0
2011-04-21 16:01:18-04:00,0.0
2011-04-21 16:01:21-04:00,0.0
2011-04-21 16:01:24-04:00,0.0
2011-04-21 16:01:27-04:00,0.0
2011-04-21 16:01:30-04:00,0.0
2011-04-21 16:01:33-04:00,0.0
2011-04-21 16:01:36-04:00,0.0
2011-04-21 16:01:39-04:00,0.0
2011-04-21 16:01:42-04:00,0.0
2011-04-21 16:01:45-04:00,0.0
2011-04-21 16:01:48-04:00,0.0
2011-04-21 16:01:51-04:00,0.0
2011-04-21 16:01:54-04:00,0.0
2011-04-21 16:01:57-04:00,0.0
2011-04-21 16:02:00-04:00,0.0
2011-04-21 16:02:03-04:00,0.0
2011-04-21 16:02:06-04:00,0.0
2011-04-21 16:02:09-04:00,0.0
2011-04-21 16:02:12-04:00,0.0
2011-04-21 16:02:15-04:00,0.0
2011-04-21 16:02:18-04:00,0.0
2011-04-21 16:02:21-04:00,0.0
2011-04-21 16:02:24-04:00,0.0
2011-04-21 16:02:27-04:00,0.0
2011-04-21 16:02:30-04:00,0.0
2011-04-21 16:02:33-04:00,0.0
2011-04-21 16:02:36-04:00,0.0
2011-04-21 16:02:39-04:00,0.0
2011-04-21 16:02:42-04:00,0.0
2011-04-21 16:02:45-04:00,0.0
2011-04-21 16:02:48-04:00,0.0
2011-04-21 16:02:51-04:00,0.0
2011-04-21 16:02:54-04:00,0.0
2011-04-21 16:02:57-04:00,0.0
2011-04-21 16:03:00-04:00,0.0
2011-04-21 16:03:03-04:00,0.0
2011-04-21 16:03:06-04:00,0.0
2011-04-21 16:03:09-04:00,0.0
2011-04-21 16:03:12-04:00,0.0
2011-04-21 16:03:15-04:00,0.0
2011-04-21 16:03:18-04:00,0.0
2011-04-21 16:03:21-04:00,0.0
2011-04-21 16:03:24-04:00,0.0
2011-04-21 16:03:27-04:00,0.0
2011-04-21 16:03:30-04:00,0.0
2011-04-21 16:03:33-04:00,0.0
2011-04-21 16:03:36-04:00,0.0
2011-04-21 16:03:39-04:00,0.0
2011-04-21 16:03:42-04:00,0.0
2011-04-21 16:03:45-04:00,0.0
2011-04-21 16:03:48-04:00,0.0
2011-04-21 16:03:51-04:00,0.0
2011-04-21 16:03:54-04:00,0.0
2011-04-21 16:03:57-04:00,0.0
2011-04-21 16:04:00-04:00,0.0
2011-04-21 16:04:03-04:00,0.0
2011-04-21 16:04:06-04:00,0.0
2011-04-21 16:04:09-04:00,0.0
2011-04-21 16:04:12-04:00,0.0
2011-04-21 16:04:15-04:00,0.0
2011-04-21 16:04:18-04:00,0.0
2011-04-21 16:04:21-04:00,0.0
2011-04-21 16:04:24-04:00,0.0
2011-04-21 16:04:27-04:00,0.0
2011-04-21 16:04:30-04:00,0.0
2011-04-21 16:04:33-04:00,0.0
2011-04-21 16:04:36-04:00,0.0
2011-04-21 16:04:39-04:00,0.0
2011-04-21 16:04:42-04:00,0.0
2011-04-21 16:04:45-04:00,0.0
2011-04-21 16:04:48-04:00,0.0
2011-04-21 16:04:51-04:00,0.0
2011-04-21 16:04:54-04:00,0.0
2011-04-21 16:04:57-04:00,0.0
2011-04-21 16:05:00-04:00,0.0
2011-04-21 16:05:03-04:00,0.0
2011-04-21 16:05:06-04:00,0.0
2011-04-21 16:05:09-04:00,0.0
2011-04-21 16:05:12-04:00,0.0
2011-04-21 16:05:15-04:00,0.0
2011-04-21 16:05:18-04:00,0.0
2011-04-21 16:05:21-04:00,0.0
2011-04-21 16:05:24-04:00,0.0
2011-04-21 16:05:27-04:00,0.0
2011-04-21 16:05:30-04:00,0.0
2011-04-21 16:05:33-04:00,0.0
2011-04-21 16:05:36-04:00,0.0
2011-04-21 16:05:39-04:00,0.0
2011-04-21 16:05:42-04:00,0.0
2011-04-21 16:05:45-04:00,0.0
2011-04-21 16:05:48-04:00,0.0
2011-04-21 16:05:51-04:00,0.0
2011-04-21 16:05:54-04:00,0.0
2011-04-21 16:05:57-04:00,0.0
2011-04-21 16:06:00-04:00,0.0
2011-04-21 16:06:03-04:00,0.0
2011-04-21 16:06:06-04:00,0.0
2011-04-21 16:06:09-04:00,0.0
2011-04-21 16:06:12-04:00,0.0
2011-04-21 16:06:15-04:00,0.0
2011-04-21 16:06:18-04:00,0.0
2011-04-21 16:06:21-04:00,0.0
2011-04-21 16:06:24-04:00,0.0
2011-04-21 16:06:27-04:00,0.0
2011-04-21 16:06:30-04:00,0.0
2011-04-21 16:06:33-04:00,0.0
2011-04-21 16:06:36-04:00,0.0
2011-04-21 16:06:39-04:00,0.0
2011-04-21 16:06:42-04:00,0.0
2011-04-21 16:06:45-04:00,0.0
2011-04-21 16:06:48-04:00,0.0
2011-04-21 16:06:51-04:00,0.0
2011-04-21 16:06:54-04:00,0.0
2011-04-21 16:06:57-04:00,0.0
2011-04-21 16:07:00-04:00,0.0
2011-04-21 16:07:03-04:00,0.0
2011-04-21 16:07:06-04:00,0.0
2011-04-21 16:07:09-04:00,0.0
2011-04-21 16:07:12-04:00,0.0
2011-04-21 16:07:15-04:00,0.0
2011-04-21 16:07:18-04:00,0.0
2011-04-21 16:07:21-04:00,0.0
2011-04-21 16:07:24-04:00,0.0
2011-04-21 16:07:27-04:00,0.0
2011-04-21 16:07:30-04:00,0.0
2011-04-21 16:07:33-04:00,0.0
2011-04-21 16:07:36-04:00,0.0
2011-04-21 16:07:39-04:00,0.0
2011-04-21 16:07:42-04:00,0.0
2011-04-21 16:07:45-04:00,0.0
2011-04-21 16:07:48-04:00,0.0
2011-04-21 16:07:51-04:00,0.0
2011-04-21 16:07:54-04:00,0.0
2011-04-21 16:07:57-04:00,0.0
2011-04-21 16:08:00-04:00,0.0
2011-04-21 16:08:03-04:00,0.0
2011-04-21 16:08:06-04:00,0.0
2011-04-21 16:08:09-04:00,0.0
2011-04-21 16:08:12-04:00,0.0
2011-04-21 16:08:15-04:00,0.0
2011-04-21 16:08:18-04:00,0.0
2011-04-21 16:08:21-04:00,0.0
2011-04-21 16:08:24-04:00,0.0
2011-04-21 16:08:27-04:00,0.0
2011-04-21 16:08:30-04:00,0.0
2011-04-21 16:08:33-04:00,0.0
2011-04-21 16:08:36-04:00,0.0
2011-04-21 16:08:39-04:00,0.0
2011-04-21 16:08:42-04:00,0.0
2011-04-21 16:08:45-04:00,0.0
2011-04-21 16:08:48-04:00,0.0
2011-04-21 16:08:51-04:00,0.0
2011-04-21 16:08:54-04:00,0.0
2011-04-21 16:08:57-04:00,0.0
2011-04-21 16:09:00-04:00,0.0
2011-04-21 16:09:03-04:00,0.0
2011-04-21 16:09:06-04:00,0.0
2011-04-21 16:09:09-04:00,0.0
2011-04-21 16:09:12-04:00,0.0
2011-04-21 16:09:15-04:00,0.0
2011-04-21 16:09:18-04:00,0.0
2011-04-21 16:09:21-04:00,0.0
2011-04-21 16:09:24-04:00,0.0
2011-04-21 16:09:27-04:00,0.0
2011-04-21 16:09:30-04:00,0.0
2011-04-21 16:09:33-04:00,0.0
2011-04-21 16:09:36-04:00,0.0
2011-04-21 16:09:39-04:00,0.0
2011-04-21 16:09:42-04:00,0.0
2011-04-21 16:09:45-04:00,0.0
2011-04-21 16:09:48-04:00,0.0
2011-04-21 16:09:51-04:00,0.0
2011-04-21 16:09:54-04:00,0.0
2011-04-21 16:09:57-04:00,0.0
2011-04-21 16:10:00-04:00,0.0
2011-04-21 16:10:03-04:00,0.0
2011-04-21 16:10:06-04:00,0.0
2011-04-21 16:10:09-04:00,0.0
2011-04-21 16:10:12-04:00,0.0
2011-04-21 16:10:15-04:00,0.0
2011-04-21 16:10:18-04:00,0.0
2011-04-21 16:10:21-04:00,0.0
2011-04-21 16:10:24-04:00,0.0
2011-04-21 16:10:27-04:00,0.0
2011-04-21 16:10:30-04:00,0.0
2011-04-21 16:10:33-04:00,0.0
2011-04-21 16:10:36-04:00,0.0
2011-04-21 16:10:39-04:00,0.0
2011-04-21 16:10:42-04:00,0.0
2011-04-21 16:10:45-04:00,0.0
2011-04-21 16:10:48-04:00,0.0
2011-04-21 16:10:51-04:00,0.0
2011-04-21 16:10:54-04:00,0.0
2011-04-21 16:10:57-04:00,0.0
2011-04-21 16:11:00-04:00,0.0
2011-04-21 16:11:03-04:00,0.0
2011-04-21 16:11:06-04:00,0.0
2011-04-21 16:11:09-04:00,0.0
2011-04-21 16:11:12-04:00,0.0
2011-04-21 16:11:15-04:00,0.0
2011-04-21 16:11:18-04:00,0.0
2011-04-21 16:11:21-04:00,0.0
2011-04-21 16:11:24-04:00,0.0
2011-04-21 16:11:27-04:00,0.0
2011-04-21 16:11:30-04:00,0.0
2011-04-21 16:11:33-04:00,0.0
2011-04-21 16:11:36-04:00,0.0
2011-04-21 16:11:39-04:00,0.0
2011-04-21 16:11:42-04:00,0.0
2011-04-21 16:11:45-04:00,0.0
2011-04-21 16:11:48-04:00,0.0
2011-04-21 16:11:51-04:00,0.0
2011-04-21 16:11:54-04:00,0.0
2011-04-21 16:11:57-04:00,0.0
2011-04-21 16:12:00-04:00,0.0
2011-04-21 16:12:03-04:00,0.0
2011-04-21 16:12:06-04:00,0.0
2011-04-21 16:12:09-04:00,0.0
2011-04-21 16:12:12-04:00,0.0
2011-04-21 16:12:15-04:00,0.0
2011-04-21 16:12:18-04:00,0.0
2011-04-21 16:12:21-04:00,0.0
2011-04-21 16:12:24-04:00,0.0
2011-04-21 16:12:27-04:00,0.0
2011-04-21 16:12:30-04:00,0.0
2011-04-21 16:12:33-04:00,0.0
2011-04-21 16:12:36-04:00,0.0
2011-04-21 16:12:39-04:00,0.0
2011-04-21 16:12:42-04:00,0.0
2011-04-21 16:12:45-04:00,0.0
2011-04-21 16:12:48-04:00,0.0
2011-04-21 16:12:51-04:00,0.0
2011-04-21 16:12:54-04:00,0.0
2011-04-21 16:12:57-04:00,0.0
2011-04-21 16:13:00-04:00,0.0
2011-04-21 16:13:03-04:00,0.0
2011-04-21 16:13:06-04:00,0.0
2011-04-21 16:13:09-04:00,0.0
2011-04-21 16:13:12-04:00,0.0
2011-04-21 16:13:15-04:00,0.0
2011-04-21 16:13:18-04:00,0.0
2011-04-21 16:13:21-04:00,0.0
2011-04-21 16:13:24-04:00,0.0
2011-04-21 16:13:27-04:00,0.0
2011-04-21 16:13:30-04:00,0.0
2011-04-21 16:13:33-04:00,0.0
2011-04-21 16:13:36-04:00,0.0
2011-04-21 16:13:39-04:00,0.0
2011-04-21 16:13:42-04:00,0.0
2011-04-21 16:13:45-04:00,0.0
2011-04-21 16:13:48-04:00,0.0
2011-04-21 16:13:51-04:00,0.0
2011-04-21 16:13:54-04:00,0.0
2011-04-21 16:13:57-04:00,0.0
2011-04-21 16:14:00-04:00,0.0
2011-04-21 16:14:03-04:00,0.0
2011-04-21 16:14:06-04:00,0.0
2011-04-21 16:14:09-04:00,0.0
2011-04-21 16:14:12-04:00,0.0
2011-04-21 16:14:15-04:00,0.0
2011-04-21 16:14:18-04:00,0.0
2011-04-21 16:14:21-04:00,0.0
2011-04-21 16:14:24-04:00,0.0
2011-04-21 16:14:27-04:00,0.0
2011-04-21 16:14:30-04:00,0.0
2011-04-21 16:14:33-04:00,0.0
2011-04-21 16:14:36-04:00,0.0
2011-04-21 16:14:39-04:00,0.0
2011-04-21 16:14:42-04:00,0.0
2011-04-21 16:14:45-04:00,0.0
2011-04-21 16:14:48-04:00,0.0
2011-04-21 16:14:51-04:00,0.0
2011-04-21 16:14:54-04:00,0.0
2011-04-21 16:14:57-04:00,0.0
2011-04-21 16:15:00-04:00,0.0
2011-04-21 16:15:03-04:00,0.0
2011-04-21 16:15:06-04:00,0.0
2011-04-21 16:15:09-04:00,0.0
2011-04-21 16:15:12-04:00,0.0
2011-04-21 16:15:15-04:00,0.0
2011-04-21 16:15:18-04:00,0.0
2011-04-21 16:15:21-04:00,0.0
2011-04-21 16:15:24-04:00,0.0
2011-04-21 16:15:27-04:00,0.0
2011-04-21 16:15:30-04:00,0.0
2011-04-21 16:15:33-04:00,0.0
2011-04-21 16:15:36-04:00,0.0
2011-04-21 16:15:39-04:00,0.0
2011-04-21 16:15:42-04:00,0.0
2011-04-21 16:15:45-04:00,0.0
2011-04-21 16:15:48-04:00,0.0
2011-04-21 16:15:51-04:00,0.0
2011-04-21 16:15:54-04:00,0.0
2011-04-21 16:15:57-04:00,0.0
2011-04-21 16:16:00-04:00,0.0
2011-04-21 16:16:03-04:00,0.0
2011-04-21 16:16:06-04:00,0.0
2011-04-21 16:16:09-04:00,0.0
2011-04-21 16:16:12-04:00,0.0
2011-04-21 16:16:15-04:00,0.0
2011-04-21 16:16:18-04:00,0.0
2011-04-21 16:16:21-04:00,0.0
2011-04-21 16:16:24-04:00,0.0
2011-04-21 16:16:27-04:00,0.0
2011-04-21 16:16:30-04:00,0.0
2011-04-21 16:16:33-04:00,0.0
2011-04-21 16:16:36-04:00,0.0
2011-04-21 16:16:39-04:00,0.0
2011-04-21 16:16:42-04:00,0.0
2011-04-21 16:16:45-04:00,0.0
2011-04-21 16:16:48-04:00,0.0
2011-04-21 16:16:51-04:00,0.0
2011-04-21 16:16:54-04:00,0.0
2011-04-21 16:16:57-04:00,0.0
2011-04-21 16:17:00-04:00,0.0
2011-04-21 16:17:03-04:00,0.0
2011-04-21 16:17:06-04:00,0.0
2011-04-21 16:17:09-04:00,0.0
2011-04-21 16:17:12-04:00,0.0
2011-04-21 16:17:15-04:00,0.0
2011-04-21 16:17:18-04:00,0.0
2011-04-21 16:17:21-04:00,0.0
2011-04-21 16:17:24-04:00,0.0
2011-04-21 16:17:27-04:00,0.0
2011-04-21 16:17:30-04:00,0.0
2011-04-21 16:17:33-04:00,0.0
2011-04-21 16:17:36-04:00,0.0
2011-04-21 16:17:39-04:00,0.0
2011-04-21 16:17:42-04:00,0.0
2011-04-21 16:17:45-04:00,0.0
2011-04-21 16:17:48-04:00,0.0
2011-04-21 16:17:51-04:00,0.0
2011-04-21 16:17:54-04:00,0.0
2011-04-21 16:17:57-04:00,0.0
2011-04-21 16:18:00-04:00,0.0
2011-04-21 16:18:03-04:00,0.0
2011-04-21 16:18:06-04:00,0.0
2011-04-21 16:18:09-04:00,0.0
2011-04-21 16:18:12-04:00,0.0
2011-04-21 16:18:15-04:00,0.0
2011-04-21 16:18:18-04:00,0.0
2011-04-21 16:18:21-04:00,0.0
2011-04-21 16:18:24-04:00,0.0
2011-04-21 16:18:27-04:00,0.0
2011-04-21 16:18:30-04:00,0.0
2011-04-21 16:18:33-04:00,0.0
2011-04-21 16:18:36-04:00,0.0
2011-04-21 16:18:39-04:00,0.0
2011-04-21 16:18:42-04:00,0.0
2011-04-21 16:18:45-04:00,0.0
2011-04-21 16:18:48-04:00,0.0
2011-04-21 16:18:51-04:00,0.0
2011-04-21 16:18:54-04:00,0.0
2011-04-21 16:18:57-04:00,0.0
2011-04-21 16:19:00-04:00,0.0
2011-04-21 16:19:03-04:00,0.0
2011-04-21 16:19:06-04:00,0.0
2011-04-21 16:19:09-04:00,0.0
2011-04-21 16:19:12-04:00,0.0
2011-04-21 16:19:15-04:00,0.0
2011-04-21 16:19:18-04:00,0.0
2011-04-21 16:19:21-04:00,0.0
2011-04-21 16:19:24-04:00,0.0
2011-04-21 16:19:27-04:00,0.0
2011-04-21 16:19:30-04:00,0.0
2011-04-21 16:19:33-04:00,0.0
2011-04-21 16:19:36-04:00,0.0
2011-04-21 16:19:39-04:00,0.0
2011-04-21 16:19:42-04:00,0.0
2011-04-21 16:19:45-04:00,0.0
2011-04-21 16:19:48-04:00,0.0
2011-04-21 16:19:51-04:00,0.0
2011-04-21 16:19:54-04:00,0.0
2011-04-21 16:19:57-04:00,0.0
2011-04-21 16:20:00-04:00,0.0
2011-04-21 16:20:03-04:00,0.0
2011-04-21 16:20:06-04:00,0.0
2011-04-21 16:20:09-04:00,0.0
2011-04-21 16:20:12-04:00,0.0
2011-04-21 16:20:15-04:00,0.0
2011-04-21 16:20:18-04:00,0.0
2011-04-21 16:20:21-04:00,0.0
2011-04-21 16:20:24-04:00,0.0
2011-04-21 16:20:27-04:00,0.0
2011-04-21 16:20:30-04:00,0.0
2011-04-21 16:20:33-04:00,0.0
2011-04-21 16:20:36-04:00,0.0
2011-04-21 16:20:39-04:00,0.0
2011-04-21 16:20:42-04:00,0.0
2011-04-21 16:20:45-04:00,0.0
2011-04-21 16:20:48-04:00,0.0
2011-04-21 16:20:51-04:00,0.0
2011-04-21 16:20:54-04:00,0.0
2011-04-21 16:20:57-04:00,0.0
2011-04-21 16:21:00-04:00,0.0
2011-04-21 16:21:03-04:00,0.0
2011-04-21 16:21:06-04:00,0.0
2011-04-21 16:21:09-04:00,0.0
2011-04-21 16:21:12-04:00,0.0
2011-04-21 16:21:15-04:00,0.0
2011-04-21 16:21:18-04:00,0.0
2011-04-21 16:21:21-04:00,0.0
2011-04-21 16:21:24-04:00,0.0
2011-04-21 16:21:27-04:00,0.0
2011-04-21 16:21:30-04:00,0.0
2011-04-21 16:21:33-04:00,0.0
2011-04-21 16:21:36-04:00,0.0
2011-04-21 16:21:39-04:00,0.0
2011-04-21 16:21:42-04:00,0.0
2011-04-21 16:21:45-04:00,0.0
2011-04-21 16:21:48-04:00,0.0
2011-04-21 16:21:51-04:00,0.0
2011-04-21 16:21:54-04:00,0.0
2011-04-21 16:21:57-04:00,0.0
2011-04-21 16:22:00-04:00,0.0
2011-04-21 16:22:03-04:00,0.0
2011-04-21 16:22:06-04:00,0.0
2011-04-21 16:22:09-04:00,0.0
2011-04-21 16:22:12-04:00,0.0
2011-04-21 16:22:15-04:00,0.0
2011-04-21 16:22:18-04:00,0.0
2011-04-21 16:22:21-04:00,0.0
2011-04-21 16:22:24-04:00,0.0
2011-04-21 16:22:27-04:00,0.0
2011-04-21 16:22:30-04:00,0.0
2011-04-21 16:22:33-04:00,0.0
2011-04-21 16:22:36-04:00,0.0
2011-04-21 16:22:39-04:00,0.0
2011-04-21 16:22:42-04:00,0.0
2011-04-21 16:22:45-04:00,0.0
2011-04-21 16:22:48-04:00,0.0
2011-04-21 16:22:51-04:00,0.0
2011-04-21 16:22:54-04:00,0.0
2011-04-21 16:22:57-04:00,0.0
2011-04-21 16:23:00-04:00,0.0
2011-04-21 16:23:03-04:00,0.0
2011-04-21 16:23:06-04:00,0.0
2011-04-21 16:23:09-04:00,0.0
2011-04-21 16:23:12-04:00,0.0
2011-04-21 16:23:15-04:00,0.0
2011-04-21 16:23:18-04:00,0.0
2011-04-21 16:23:21-04:00,0.0
2011-04-21 16:23:24-04:00,0.0
2011-04-21 16:23:27-04:00,0.0
2011-04-21 16:23:30-04:00,0.0
2011-04-21 16:23:33-04:00,0.0
2011-04-21 16:23:36-04:00,0.0
2011-04-21 16:23:39-04:00,0.0
2011-04-21 16:23:42-04:00,0.0
2011-04-21 16:23:45-04:00,0.0
2011-04-21 16:23:48-04:00,0.0
2011-04-21 16:23:51-04:00,0.0
2011-04-21 16:23:54-04:00,0.0
2011-04-21 16:23:57-04:00,0.0
2011-04-21 16:24:00-04:00,0.0
2011-04-21 16:24:03-04:00,0.0
2011-04-21 16:24:06-04:00,0.0
2011-04-21 16:24:09-04:00,0.0
2011-04-21 16:24:12-04:00,0.0
2011-04-21 16:24:15-04:00,0.0
2011-04-21 16:24:18-04:00,0.0
2011-04-21 16:24:21-04:00,0.0
2011-04-21 16:24:24-04:00,0.0
2011-04-21 16:24:27-04:00,0.0
2011-04-21 16:24:30-04:00,0.0
2011-04-21 16:24:33-04:00,0.0
2011-04-21 16:24:36-04:00,0.0
2011-04-21 16:24:39-04:00,0.0
2011-04-21 16:24:42-04:00,0.0
2011-04-21 16:24:45-04:00,0.0
2011-04-21 16:24:48-04:00,0.0
2011-04-21 16:24:51-04:00,0.0
2011-04-21 16:24:54-04:00,0.0
2011-04-21 16:24:57-04:00,0.0
2011-04-21 16:25:00-04:00,0.0
2011-04-21 16:25:03-04:00,0.0
2011-04-21 16:25:06-04:00,0.0
2011-04-21 16:25:09-04:00,0.0
2011-04-21 16:25:12-04:00,0.0
2011-04-21 16:25:15-04:00,0.0
2011-04-21 16:25:18-04:00,0.0
2011-04-21 16:25:21-04:00,0.0
2011-04-21 16:25:24-04:00,0.0
2011-04-21 16:25:27-04:00,0.0
2011-04-21 16:25:30-04:00,0.0
2011-04-21 16:25:33-04:00,0.0
2011-04-21 16:25:36-04:00,0.0
2011-04-21 16:25:39-04:00,0.0
2011-04-21 16:25:42-04:00,0.0
2011-04-21 16:25:45-04:00,0.0
2011-04-21 16:25:48-04:00,0.0
2011-04-21 16:25:51-04:00,0.0
2011-04-21 16:25:54-04:00,0.0
2011-04-21 16:25:57-04:00,0.0
2011-04-21 16:26:00-04:00,0.0
2011-04-21 16:26:03-04:00,0.0
2011-04-21 16:26:06-04:00,0.0
2011-04-21 16:26:09-04:00,0.0
2011-04-21 16:26:12-04:00,0.0
2011-04-21 16:26:15-04:00,0.0
2011-04-21 16:26:18-04:00,0.0
2011-04-21 16:26:21-04:00,0.0
2011-04-21 16:26:24-04:00,0.0
2011-04-21 16:26:27-04:00,0.0
2011-04-21 16:26:30-04:00,0.0
2011-04-21 16:26:33-04:00,0.0
2011-04-21 16:26:36-04:00,0.0
2011-04-21 16:26:39-04:00,0.0
2011-04-21 16:26:42-04:00,0.0
2011-04-21 16:26:45-04:00,0.0
2011-04-21 16:26:48-04:00,0.0
2011-04-21 16:26:51-04:00,0.0
2011-04-21 16:26:54-04:00,0.0
2011-04-21 16:26:57-04:00,0.0
2011-04-21 16:27:00-04:00,0.0
2011-04-21 16:27:03-04:00,0.0
2011-04-21 16:27:06-04:00,0.0
2011-04-21 16:27:09-04:00,0.0
2011-04-21 16:27:12-04:00,0.0
2011-04-21 16:27:15-04:00,0.0
2011-04-21 16:27:18-04:00,0.0
2011-04-21 16:27:21-04:00,0.0
2011-04-21 16:27:24-04:00,0.0
2011-04-21 16:27:27-04:00,0.0
2011-04-21 16:27:30-04:00,0.0
2011-04-21 16:27:33-04:00,0.0
2011-04-21 16:27:36-04:00,0.0
2011-04-21 16:27:39-04:00,0.0
2011-04-21 16:27:42-04:00,0.0
2011-04-21 16:27:45-04:00,0.0
2011-04-21 16:27:48-04:00,0.0
2011-04-21 16:27:51-04:00,0.0
2011-04-21 16:27:54-04:00,0.0
2011-04-21 16:27:57-04:00,0.0
2011-04-21 16:28:00-04:00,0.0
2011-04-21 16:28:03-04:00,0.0
2011-04-21 16:28:06-04:00,0.0
2011-04-21 16:28:09-04:00,0.0
2011-04-21 16:28:12-04:00,0.0
2011-04-21 16:28:15-04:00,0.0
2011-04-21 16:28:18-04:00,0.0
2011-04-21 16:28:21-04:00,0.0
2011-04-21 16:28:24-04:00,0.0
2011-04-21 16:28:27-04:00,0.0
2011-04-21 16:28:30-04:00,0.0
2011-04-21 16:28:33-04:00,0.0
2011-04-21 16:28:36-04:00,0.0
2011-04-21 16:28:39-04:00,0.0
2011-04-21 16:28:42-04:00,0.0
2011-04-21 16:28:45-04:00,0.0
2011-04-21 16:28:48-04:00,0.0
2011-04-21 16:28:51-04:00,0.0
2011-04-21 16:28:54-04:00,0.0
2011-04-21 16:28:57-04:00,0.0
2011-04-21 16:29:00-04:00,0.0
2011-04-21 16:29:03-04:00,0.0
2011-04-21 16:29:06-04:00,0.0
2011-04-21 16:29:09-04:00,0.0
2011-04-21 16:29:12-04:00,0.0
2011-04-21 16:29:15-04:00,0.0
2011-04-21 16:29:18-04:00,0.0
2011-04-21 16:29:21-04:00,0.0
2011-04-21 16:29:24-04:00,0.0
2011-04-21 16:29:27-04:00,0.0
2011-04-21 16:29:30-04:00,0.0
2011-04-21 16:29:33-04:00,0.0
2011-04-21 16:29:36-04:00,0.0
2011-04-21 16:29:39-04:00,0.0
2011-04-21 16:29:42-04:00,0.0
2011-04-21 16:29:45-04:00,0.0
2011-04-21 16:29:48-04:00,0.0
2011-04-21 16:29:51-04:00,0.0
2011-04-21 16:29:54-04:00,0.0
2011-04-21 16:29:57-04:00,0.0
2011-04-21 16:30:00-04:00,0.0
2011-04-21 16:30:03-04:00,0.0
2011-04-21 16:30:06-04:00,0.0
2011-04-21 16:30:09-04:00,0.0
2011-04-21 16:30:12-04:00,0.0
2011-04-21 16:30:15-04:00,0.0
2011-04-21 16:30:18-04:00,0.0
2011-04-21 16:30:21-04:00,0.0
2011-04-21 16:30:24-04:00,0.0
2011-04-21 16:30:27-04:00,0.0
2011-04-21 16:30:30-04:00,0.0
2011-04-21 16:30:33-04:00,0.0
2011-04-21 16:30:36-04:00,0.0
2011-04-21 16:30:39-04:00,0.0
2011-04-21 16:30:42-04:00,0.0
2011-04-21 16:30:45-04:00,0.0
2011-04-21 16:30:48-04:00,0.0
2011-04-21 16:30:51-04:00,0.0
2011-04-21 16:30:54-04:00,0.0
2011-04-21 16:30:57-04:00,0.0
2011-04-21 16:31:00-04:00,0.0
2011-04-21 16:31:03-04:00,0.0
2011-04-21 16:31:06-04:00,0.0
2011-04-21 16:31:09-04:00,0.0
2011-04-21 16:31:12-04:00,0.0
2011-04-21 16:31:15-04:00,0.0
2011-04-21 16:31:18-04:00,0.0
2011-04-21 16:31:21-04:00,0.0
2011-04-21 16:31:24-04:00,0.0
2011-04-21 16:31:27-04:00,0.0
2011-04-21 16:31:30-04:00,0.0
2011-04-21 16:31:33-04:00,0.0
2011-04-21 16:31:36-04:00,0.0
2011-04-21 16:31:39-04:00,0.0
2011-04-21 16:31:42-04:00,0.0
2011-04-21 16:31:45-04:00,0.0
2011-04-21 16:31:48-04:00,0.0
2011-04-21 16:31:51-04:00,0.0
2011-04-21 16:31:54-04:00,0.0
2011-04-21 16:31:57-04:00,0.0
2011-04-21 16:32:00-04:00,0.0
2011-04-21 16:32:03-04:00,0.0
2011-04-21 16:32:06-04:00,0.0
2011-04-21 16:32:09-04:00,0.0
2011-04-21 16:32:12-04:00,0.0
2011-04-21 16:32:15-04:00,0.0
2011-04-21 16:32:18-04:00,0.0
2011-04-21 16:32:21-04:00,0.0
2011-04-21 16:32:24-04:00,0.0
2011-04-21 16:32:27-04:00,0.0
2011-04-21 16:32:30-04:00,0.0
2011-04-21 16:32:33-04:00,0.0
2011-04-21 16:32:36-04:00,0.0
2011-04-21 16:32:39-04:00,0.0
2011-04-21 16:32:42-04:00,0.0
2011-04-21 16:32:45-04:00,0.0
2011-04-21 16:32:48-04:00,0.0
2011-04-21 16:32:51-04:00,0.0
2011-04-21 16:32:54-04:00,0.0
2011-04-21 16:32:57-04:00,0.0
2011-04-21 16:33:00-04:00,0.0
2011-04-21 16:33:03-04:00,0.0
2011-04-21 16:33:06-04:00,0.0
2011-04-21 16:33:09-04:00,0.0
2011-04-21 16:33:12-04:00,0.0
2011-04-21 16:33:15-04:00,0.0
2011-04-21 16:33:18-04:00,0.0
2011-04-21 16:33:21-04:00,0.0
2011-04-21 16:33:24-04:00,0.0
2011-04-21 16:33:27-04:00,0.0
2011-04-21 16:33:30-04:00,0.0
2011-04-21 16:33:33-04:00,0.0
2011-04-21 16:33:36-04:00,0.0
2011-04-21 16:33:39-04:00,0.0
2011-04-21 16:33:42-04:00,0.0
2011-04-21 16:33:45-04:00,0.0
2011-04-21 16:33:48-04:00,0.0
2011-04-21 16:33:51-04:00,0.0
2011-04-21 16:33:54-04:00,0.0
2011-04-21 16:33:57-04:00,0.0
2011-04-21 16:34:00-04:00,0.0
2011-04-21 16:34:03-04:00,0.0
2011-04-21 16:34:06-04:00,0.0
2011-04-21 16:34:09-04:00,0.0
2011-04-21 16:34:12-04:00,0.0
2011-04-21 16:34:15-04:00,0.0
2011-04-21 16:34:18-04:00,0.0
2011-04-21 16:34:21-04:00,0.0
2011-04-21 16:34:24-04:00,0.0
2011-04-21 16:34:27-04:00,0.0
2011-04-21 16:34:30-04:00,0.0
2011-04-21 16:34:33-04:00,0.0
2011-04-21 16:34:36-04:00,0.0
2011-04-21 16:34:39-04:00,0.0
2011-04-21 16:34:42-04:00,0.0
2011-04-21 16:34:45-04:00,0.0
2011-04-21 16:34:48-04:00,0.0
2011-04-21 16:34:51-04:00,0.0
2011-04-21 16:34:54-04:00,0.0
2011-04-21 16:34:57-04:00,0.0
2011-04-21 16:35:00-04:00,0.0
2011-04-21 16:35:03-04:00,0.0
2011-04-21 16:35:06-04:00,0.0
2011-04-21 16:35:09-04:00,0.0
2011-04-21 16:35:12-04:00,0.0
2011-04-21 16:35:15-04:00,0.0
2011-04-21 16:35:18-04:00,0.0
2011-04-21 16:35:21-04:00,0.0
2011-04-21 16:35:24-04:00,0.0
2011-04-21 16:35:27-04:00,0.0
2011-04-21 16:35:30-04:00,0.0
2011-04-21 16:35:33-04:00,0.0
2011-04-21 16:35:36-04:00,0.0
2011-04-21 16:35:39-04:00,0.0
2011-04-21 16:35:42-04:00,0.0
2011-04-21 16:35:45-04:00,0.0
2011-04-21 16:35:48-04:00,0.0
2011-04-21 16:35:51-04:00,0.0
2011-04-21 16:35:54-04:00,0.0
2011-04-21 16:35:57-04:00,0.0
2011-04-21 16:36:00-04:00,0.0
2011-04-21 16:36:03-04:00,0.0
2011-04-21 16:36:06-04:00,0.0
2011-04-21 16:36:09-04:00,0.0
2011-04-21 16:36:12-04:00,0.0
2011-04-21 16:36:15-04:00,0.0
2011-04-21 16:36:18-04:00,0.0
2011-04-21 16:36:21-04:00,0.0
2011-04-21 16:36:24-04:00,0.0
2011-04-21 16:36:27-04:00,0.0
2011-04-21 16:36:30-04:00,0.0
2011-04-21 16:36:33-04:00,0.0
2011-04-21 16:36:36-04:00,0.0
2011-04-21 16:36:39-04:00,0.0
2011-04-21 16:36:42-04:00,0.0
2011-04-21 16:36:45-04:00,0.0
2011-04-21 16:36:48-04:00,0.0
2011-04-21 16:36:51-04:00,0.0
2011-04-21 16:36:54-04:00,0.0
2011-04-21 16:36:57-04:00,0.0
2011-04-21 16:37:00-04:00,0.0
2011-04-21 16:37:03-04:00,0.0
2011-04-21 16:37:06-04:00,0.0
2011-04-21 16:37:09-04:00,0.0
2011-04-21 16:37:12-04:00,0.0
2011-04-21 16:37:15-04:00,0.0
2011-04-21 16:37:18-04:00,0.0
2011-04-21 16:37:21-04:00,0.0
2011-04-21 16:37:24-04:00,0.0
2011-04-21 16:37:27-04:00,0.0
2011-04-21 16:37:30-04:00,0.0
2011-04-21 16:37:33-04:00,0.0
2011-04-21 16:37:36-04:00,0.0
2011-04-21 16:37:39-04:00,0.0
2011-04-21 16:37:42-04:00,0.0
2011-04-21 16:37:45-04:00,0.0
2011-04-21 16:37:48-04:00,0.0
2011-04-21 16:37:51-04:00,0.0
2011-04-21 16:37:54-04:00,0.0
2011-04-21 16:37:57-04:00,0.0
2011-04-21 16:38:00-04:00,0.0
2011-04-21 16:38:03-04:00,0.0
2011-04-21 16:38:06-04:00,0.0
2011-04-21 16:38:09-04:00,0.0
2011-04-21 16:38:12-04:00,0.0
2011-04-21 16:38:15-04:00,0.0
2011-04-21 16:38:18-04:00,0.0
2011-04-21 16:38:21-04:00,0.0
2011-04-21 16:38:24-04:00,0.0
2011-04-21 16:38:27-04:00,0.0
2011-04-21 16:38:30-04:00,0.0
2011-04-21 16:38:33-04:00,0.0
2011-04-21 16:38:36-04:00,0.0
2011-04-21 16:38:39-04:00,0.0
2011-04-21 16:38:42-04:00,0.0
2011-04-21 16:38:45-04:00,0.0
2011-04-21 16:38:48-04:00,0.0
2011-04-21 16:38:51-04:00,0.0
2011-04-21 16:38:54-04:00,0.0
2011-04-21 16:38:57-04:00,0.0
2011-04-21 16:39:00-04:00,0.0
2011-04-21 16:39:03-04:00,0.0
2011-04-21 16:39:06-04:00,0.0
2011-04-21 16:39:09-04:00,0.0
2011-04-21 16:39:12-04:00,0.0
2011-04-21 16:39:15-04:00,0.0
2011-04-21 16:39:18-04:00,0.0
2011-04-21 16:39:21-04:00,0.0
2011-04-21 16:39:24-04:00,0.0
2011-04-21 16:39:27-04:00,0.0
2011-04-21 16:39:30-04:00,0.0
2011-04-21 16:39:33-04:00,0.0
2011-04-21 16:39:36-04:00,0.0
2011-04-21 16:39:39-04:00,0.0
2011-04-21 16:39:42-04:00,0.0
2011-04-21 16:39:45-04:00,0.0
2011-04-21 16:39:48-04:00,0.0
2011-04-21 16:39:51-04:00,0.0
2011-04-21 16:39:54-04:00,0.0
2011-04-21 16:39:57-04:00,0.0
2011-04-21 16:40:00-04:00,0.0
2011-04-21 16:40:03-04:00,0.0
2011-04-21 16:40:06-04:00,0.0
2011-04-21 16:40:09-04:00,0.0
2011-04-21 16:40:12-04:00,0.0
2011-04-21 16:40:15-04:00,0.0
2011-04-21 16:40:18-04:00,0.0
2011-04-21 16:40:21-04:00,0.0
2011-04-21 16:40:24-04:00,0.0
2011-04-21 16:40:27-04:00,0.0
2011-04-21 16:40:30-04:00,0.0
2011-04-21 16:40:33-04:00,0.0
2011-04-21 16:40:36-04:00,0.0
2011-04-21 16:40:39-04:00,0.0
2011-04-21 16:40:42-04:00,0.0
2011-04-21 16:40:45-04:00,0.0
2011-04-21 16:40:48-04:00,0.0
2011-04-21 16:40:51-04:00,0.0
2011-04-21 16:40:54-04:00,0.0
2011-04-21 16:40:57-04:00,0.0
2011-04-21 16:41:00-04:00,0.0
2011-04-21 16:41:03-04:00,0.0
2011-04-21 16:41:06-04:00,0.0
2011-04-21 16:41:09-04:00,0.0
2011-04-21 16:41:12-04:00,0.0
2011-04-21 16:41:15-04:00,0.0
2011-04-21 16:41:18-04:00,0.0
2011-04-21 16:41:21-04:00,0.0
2011-04-21 16:41:24-04:00,0.0
2011-04-21 16:41:27-04:00,0.0
2011-04-21 16:41:30-04:00,0.0
2011-04-21 16:41:33-04:00,0.0
2011-04-21 16:41:36-04:00,0.0
2011-04-21 16:41:39-04:00,0.0
2011-04-21 16:41:42-04:00,0.0
2011-04-21 16:41:45-04:00,0.0
2011-04-21 16:41:48-04:00,0.0
2011-04-21 16:41:51-04:00,0.0
2011-04-21 16:41:54-04:00,0.0
2011-04-21 16:41:57-04:00,0.0
2011-04-21 16:42:00-04:00,0.0
2011-04-21 16:42:03-04:00,0.0
2011-04-21 16:42:06-04:00,0.0
2011-04-21 16:42:09-04:00,0.0
2011-04-21 16:42:12-04:00,0.0
2011-04-21 16:42:15-04:00,0.0
2011-04-21 16:42:18-04:00,0.0
2011-04-21 16:42:21-04:00,0.0
2011-04-21 16:42:24-04:00,0.0
2011-04-21 16:42:27-04:00,0.0
2011-04-21 16:42:30-04:00,0.0
2011-04-21 16:42:33-04:00,0.0
2011-04-21 16:42:36-04:00,0.0
2011-04-21 16:42:39-04:00,0.0
2011-04-21 16:42:42-04:00,0.0
2011-04-21 16:42:45-04:00,0.0
2011-04-21 16:42:48-04:00,0.0
2011-04-21 16:42:51-04:00,0.0
2011-04-21 16:42:54-04:00,0.0
2011-04-21 16:42:57-04:00,0.0
2011-04-21 16:43:00-04:00,0.0
2011-04-21 16:43:03-04:00,0.0
2011-04-21 16:43:06-04:00,0.0
2011-04-21 16:43:09-04:00,0.0
2011-04-21 16:43:12-04:00,0.0
2011-04-21 16:43:15-04:00,0.0
2011-04-21 16:43:18-04:00,0.0
2011-04-21 16:43:21-04:00,0.0
2011-04-21 16:43:24-04:00,0.0
2011-04-21 16:43:27-04:00,0.0
2011-04-21 16:43:30-04:00,0.0
2011-04-21 16:43:33-04:00,0.0
2011-04-21 16:43:36-04:00,0.0
2011-04-21 16:43:39-04:00,0.0
2011-04-21 16:43:42-04:00,0.0
2011-04-21 16:43:45-04:00,0.0
2011-04-21 16:43:48-04:00,0.0
2011-04-21 16:43:51-04:00,0.0
2011-04-21 16:43:54-04:00,0.0
2011-04-21 16:43:57-04:00,0.0
2011-04-21 16:44:00-04:00,0.0
2011-04-21 16:44:03-04:00,0.0
2011-04-21 16:44:06-04:00,0.0
2011-04-21 16:44:09-04:00,0.0
2011-04-21 16:44:12-04:00,0.0
2011-04-21 16:44:15-04:00,0.0
2011-04-21 16:44:18-04:00,0.0
2011-04-21 16:44:21-04:00,0.0
2011-04-21 16:44:24-04:00,0.0
2011-04-21 16:44:27-04:00,0.0
2011-04-21 16:44:30-04:00,0.0
2011-04-21 16:44:33-04:00,0.0
2011-04-21 16:44:36-04:00,0.0
2011-04-21 16:44:39-04:00,0.0
2011-04-21 16:44:42-04:00,0.0
2011-04-21 16:44:45-04:00,0.0
2011-04-21 16:44:48-04:00,0.0
2011-04-21 16:44:51-04:00,0.0
2011-04-21 16:44:54-04:00,0.0
2011-04-21 16:44:57-04:00,0.0
2011-04-21 16:45:00-04:00,0.0
2011-04-21 16:45:03-04:00,0.0
2011-04-21 16:45:06-04:00,0.0
2011-04-21 16:45:09-04:00,0.0
2011-04-21 16:45:12-04:00,0.0
2011-04-21 16:45:15-04:00,0.0
2011-04-21 16:45:18-04:00,0.0
2011-04-21 16:45:21-04:00,0.0
2011-04-21 16:45:24-04:00,0.0
2011-04-21 16:45:27-04:00,0.0
2011-04-21 16:45:30-04:00,0.0
2011-04-21 16:45:33-04:00,0.0
2011-04-21 16:45:36-04:00,0.0
2011-04-21 16:45:39-04:00,0.0
2011-04-21 16:45:42-04:00,0.0
2011-04-21 16:45:45-04:00,0.0
2011-04-21 16:45:48-04:00,0.0
2011-04-21 16:45:51-04:00,0.0
2011-04-21 16:45:54-04:00,0.0
2011-04-21 16:45:57-04:00,0.0
2011-04-21 16:46:00-04:00,0.0
2011-04-21 16:46:03-04:00,0.0
2011-04-21 16:46:06-04:00,0.0
2011-04-21 16:46:09-04:00,0.0
2011-04-21 16:46:12-04:00,0.0
2011-04-21 16:46:15-04:00,0.0
2011-04-21 16:46:18-04:00,0.0
2011-04-21 16:46:21-04:00,0.0
2011-04-21 16:46:24-04:00,0.0
2011-04-21 16:46:27-04:00,0.0
2011-04-21 16:46:30-04:00,0.0
2011-04-21 16:46:33-04:00,0.0
2011-04-21 16:46:36-04:00,0.0
2011-04-21 16:46:39-04:00,0.0
2011-04-21 16:46:42-04:00,0.0
2011-04-21 16:46:45-04:00,0.0
2011-04-21 16:46:48-04:00,0.0
2011-04-21 16:46:51-04:00,0.0
2011-04-21 16:46:54-04:00,0.0
2011-04-21 16:46:57-04:00,0.0
2011-04-21 16:47:00-04:00,0.0
2011-04-21 16:47:03-04:00,0.0
2011-04-21 16:47:06-04:00,0.0
2011-04-21 16:47:09-04:00,0.0
2011-04-21 16:47:12-04:00,0.0
2011-04-21 16:47:15-04:00,0.0
2011-04-21 16:47:18-04:00,0.0
2011-04-21 16:47:21-04:00,0.0
2011-04-21 16:47:24-04:00,0.0
2011-04-21 16:47:27-04:00,0.0
2011-04-21 16:47:30-04:00,0.0
2011-04-21 16:47:33-04:00,0.0
2011-04-21 16:47:36-04:00,0.0
2011-04-21 16:47:39-04:00,0.0
2011-04-21 16:47:42-04:00,0.0
2011-04-21 16:47:45-04:00,0.0
2011-04-21 16:47:48-04:00,0.0
2011-04-21 16:47:51-04:00,0.0
2011-04-21 16:47:54-04:00,0.0
2011-04-21 16:47:57-04:00,0.0
2011-04-21 16:48:00-04:00,0.0
2011-04-21 16:48:03-04:00,0.0
2011-04-21 16:48:06-04:00,0.0
2011-04-21 16:48:09-04:00,0.0
2011-04-21 16:48:12-04:00,0.0
2011-04-21 16:48:15-04:00,0.0
2011-04-21 16:48:18-04:00,0.0
2011-04-21 16:48:21-04:00,0.0
2011-04-21 16:48:24-04:00,0.0
2011-04-21 16:48:27-04:00,0.0
2011-04-21 16:48:30-04:00,0.0
2011-04-21 16:48:33-04:00,0.0
2011-04-21 16:48:36-04:00,0.0
2011-04-21 16:48:39-04:00,0.0
2011-04-21 16:48:42-04:00,0.0
2011-04-21 16:48:45-04:00,0.0
2011-04-21 16:48:48-04:00,0.0
2011-04-21 16:48:51-04:00,0.0
2011-04-21 16:48:54-04:00,0.0
2011-04-21 16:48:57-04:00,0.0
2011-04-21 16:49:00-04:00,0.0
2011-04-21 16:49:03-04:00,0.0
2011-04-21 16:49:06-04:00,0.0
2011-04-21 16:49:09-04:00,0.0
2011-04-21 16:49:12-04:00,0.0
2011-04-21 16:49:15-04:00,0.0
2011-04-21 16:49:18-04:00,0.0
2011-04-21 16:49:21-04:00,0.0
2011-04-21 16:49:24-04:00,0.0
2011-04-21 16:49:27-04:00,0.0
2011-04-21 16:49:30-04:00,0.0
2011-04-21 16:49:33-04:00,0.0
2011-04-21 16:49:36-04:00,0.0
2011-04-21 16:49:39-04:00,0.0
2011-04-21 16:49:42-04:00,0.0
2011-04-21 16:49:45-04:00,0.0
2011-04-21 16:49:48-04:00,0.0
2011-04-21 16:49:51-04:00,0.0
2011-04-21 16:49:54-04:00,0.0
2011-04-21 16:49:57-04:00,0.0
2011-04-21 16:50:00-04:00,0.0
2011-04-21 16:50:03-04:00,0.0
2011-04-21 16:50:06-04:00,0.0
2011-04-21 16:50:09-04:00,0.0
2011-04-21 16:50:12-04:00,0.0
2011-04-21 16:50:15-04:00,0.0
2011-04-21 16:50:18-04:00,0.0
2011-04-21 16:50:21-04:00,0.0
2011-04-21 16:50:24-04:00,0.0
2011-04-21 16:50:27-04:00,0.0
2011-04-21 16:50:30-04:00,0.0
2011-04-21 16:50:33-04:00,0.0
2011-04-21 16:50:36-04:00,0.0
2011-04-21 16:50:39-04:00,0.0
2011-04-21 16:50:42-04:00,0.0
2011-04-21 16:50:45-04:00,0.0
2011-04-21 16:50:48-04:00,0.0
2011-04-21 16:50:51-04:00,0.0
2011-04-21 16:50:54-04:00,0.0
2011-04-21 16:50:57-04:00,0.0
2011-04-21 16:51:00-04:00,0.0
2011-04-21 16:51:03-04:00,0.0
2011-04-21 16:51:06-04:00,0.0
2011-04-21 16:51:09-04:00,0.0
2011-04-21 16:51:12-04:00,0.0
2011-04-21 16:51:15-04:00,0.0
2011-04-21 16:51:18-04:00,0.0
2011-04-21 16:51:21-04:00,0.0
2011-04-21 16:51:24-04:00,0.0
2011-04-21 16:51:27-04:00,0.0
2011-04-21 16:51:30-04:00,0.0
2011-04-21 16:51:33-04:00,0.0
2011-04-21 16:51:36-04:00,0.0
2011-04-21 16:51:39-04:00,0.0
2011-04-21 16:51:42-04:00,0.0
2011-04-21 16:51:45-04:00,0.0
2011-04-21 16:51:48-04:00,0.0
2011-04-21 16:51:51-04:00,0.0
2011-04-21 16:51:54-04:00,0.0
2011-04-21 16:51:57-04:00,0.0
2011-04-21 16:52:00-04:00,0.0
2011-04-21 16:52:03-04:00,0.0
2011-04-21 16:52:06-04:00,0.0
2011-04-21 16:52:09-04:00,0.0
2011-04-21 16:52:12-04:00,0.0
2011-04-21 16:52:15-04:00,0.0
2011-04-21 16:52:18-04:00,0.0
2011-04-21 16:52:21-04:00,0.0
2011-04-21 16:52:24-04:00,0.0
2011-04-21 16:52:27-04:00,0.0
2011-04-21 16:52:30-04:00,0.0
2011-04-21 16:52:33-04:00,0.0
2011-04-21 16:52:36-04:00,0.0
2011-04-21 16:52:39-04:00,0.0
2011-04-21 16:52:42-04:00,0.0
2011-04-21 16:52:45-04:00,0.0
2011-04-21 16:52:48-04:00,0.0
2011-04-21 16:52:51-04:00,0.0
2011-04-21 16:52:54-04:00,0.0
2011-04-21 16:52:57-04:00,0.0
2011-04-21 16:53:00-04:00,0.0
2011-04-21 16:53:03-04:00,0.0
2011-04-21 16:53:06-04:00,0.0
2011-04-21 16:53:09-04:00,0.0
2011-04-21 16:53:12-04:00,0.0
2011-04-21 16:53:15-04:00,0.0
2011-04-21 16:53:18-04:00,0.0
2011-04-21 16:53:21-04:00,0.0
2011-04-21 16:53:24-04:00,0.0
2011-04-21 16:53:27-04:00,0.0
2011-04-21 16:53:30-04:00,0.0
2011-04-21 16:53:33-04:00,0.0
2011-04-21 16:53:36-04:00,0.0
2011-04-21 16:53:39-04:00,0.0
2011-04-21 16:53:42-04:00,0.0
2011-04-21 16:53:45-04:00,0.0
2011-04-21 16:53:48-04:00,0.0
2011-04-21 16:53:51-04:00,0.0
2011-04-21 16:53:54-04:00,0.0
2011-04-21 16:53:57-04:00,0.0
2011-04-21 16:54:00-04:00,0.0
2011-04-21 16:54:03-04:00,0.0
2011-04-21 16:54:06-04:00,0.0
2011-04-21 16:54:09-04:00,0.0
2011-04-21 16:54:12-04:00,0.0
2011-04-21 16:54:15-04:00,0.0
2011-04-21 16:54:18-04:00,0.0
2011-04-21 16:54:21-04:00,0.0
2011-04-21 16:54:24-04:00,0.0
2011-04-21 16:54:27-04:00,0.0
2011-04-21 16:54:30-04:00,0.0
2011-04-21 16:54:33-04:00,0.0
2011-04-21 16:54:36-04:00,0.0
2011-04-21 16:54:39-04:00,0.0
2011-04-21 16:54:42-04:00,0.0
2011-04-21 16:54:45-04:00,0.0
2011-04-21 16:54:48-04:00,0.0
2011-04-21 16:54:51-04:00,0.0
2011-04-21 16:54:54-04:00,0.0
2011-04-21 16:54:57-04:00,0.0
2011-04-21 16:55:00-04:00,0.0
2011-04-21 16:55:03-04:00,0.0
2011-04-21 16:55:06-04:00,0.0
2011-04-21 16:55:09-04:00,0.0
2011-04-21 16:55:12-04:00,0.0
2011-04-21 16:55:15-04:00,0.0
2011-04-21 16:55:18-04:00,0.0
2011-04-21 16:55:21-04:00,0.0
2011-04-21 16:55:24-04:00,0.0
2011-04-21 16:55:27-04:00,0.0
2011-04-21 16:55:30-04:00,0.0
2011-04-21 16:55:33-04:00,0.0
2011-04-21 16:55:36-04:00,0.0
2011-04-21 16:55:39-04:00,0.0
2011-04-21 16:55:42-04:00,0.0
2011-04-21 16:55:45-04:00,0.0
2011-04-21 16:55:48-04:00,0.0
2011-04-21 16:55:51-04:00,0.0
2011-04-21 16:55:54-04:00,0.0
2011-04-21 16:55:57-04:00,0.0
2011-04-21 16:56:00-04:00,0.0
2011-04-21 16:56:03-04:00,0.0
2011-04-21 16:56:06-04:00,0.0
2011-04-21 16:56:09-04:00,0.0
2011-04-21 16:56:12-04:00,0.0
2011-04-21 16:56:15-04:00,0.0
2011-04-21 16:56:18-04:00,0.0
2011-04-21 16:56:21-04:00,0.0
2011-04-21 16:56:24-04:00,0.0
2011-04-21 16:56:27-04:00,0.0
2011-04-21 16:56:30-04:00,0.0
2011-04-21 16:56:33-04:00,0.0
2011-04-21 16:56:36-04:00,0.0
2011-04-21 16:56:39-04:00,0.0
2011-04-21 16:56:42-04:00,0.0
2011-04-21 16:56:45-04:00,0.0
2011-04-21 16:56:48-04:00,0.0
2011-04-21 16:56:51-04:00,0.0
2011-04-21 16:56:54-04:00,0.0
2011-04-21 16:56:57-04:00,0.0
2011-04-21 16:57:00-04:00,0.0
2011-04-21 16:57:03-04:00,0.0
2011-04-21 16:57:06-04:00,0.0
2011-04-21 16:57:09-04:00,0.0
2011-04-21 16:57:12-04:00,0.0
2011-04-21 16:57:15-04:00,0.0
2011-04-21 16:57:18-04:00,0.0
2011-04-21 16:57:21-04:00,0.0
2011-04-21 16:57:24-04:00,0.0
2011-04-21 16:57:27-04:00,0.0
2011-04-21 16:57:30-04:00,0.0
2011-04-21 16:57:33-04:00,0.0
2011-04-21 16:57:36-04:00,0.0
2011-04-21 16:57:39-04:00,0.0
2011-04-21 16:57:42-04:00,0.0
2011-04-21 16:57:45-04:00,0.0
2011-04-21 16:57:48-04:00,0.0
2011-04-21 16:57:51-04:00,0.0
2011-04-21 16:57:54-04:00,0.0
2011-04-21 16:57:57-04:00,0.0
2011-04-21 16:58:00-04:00,0.0
2011-04-21 16:58:03-04:00,0.0
2011-04-21 16:58:06-04:00,0.0
2011-04-21 16:58:09-04:00,0.0
2011-04-21 16:58:12-04:00,0.0
2011-04-21 16:58:15-04:00,0.0
2011-04-21 16:58:18-04:00,0.0
2011-04-21 16:58:21-04:00,0.0
2011-04-21 16:58:24-04:00,0.0
2011-04-21 16:58:27-04:00,0.0
2011-04-21 16:58:30-04:00,0.0
2011-04-21 16:58:33-04:00,0.0
2011-04-21 16:58:36-04:00,0.0
2011-04-21 16:58:39-04:00,0.0
2011-04-21 16:58:42-04:00,0.0
2011-04-21 16:58:45-04:00,0.0
2011-04-21 16:58:48-04:00,0.0
2011-04-21 16:58:51-04:00,0.0
2011-04-21 16:58:54-04:00,0.0
2011-04-21 16:58:57-04:00,0.0
2011-04-21 16:59:00-04:00,0.0
2011-04-21 16:59:03-04:00,0.0
2011-04-21 16:59:06-04:00,0.0
2011-04-21 16:59:09-04:00,0.0
2011-04-21 16:59:12-04:00,0.0
2011-04-21 16:59:15-04:00,0.0
2011-04-21 16:59:18-04:00,0.0
2011-04-21 16:59:21-04:00,0.0
2011-04-21 16:59:24-04:00,0.0
2011-04-21 16:59:27-04:00,0.0
2011-04-21 16:59:30-04:00,0.0
2011-04-21 16:59:33-04:00,0.0
2011-04-21 16:59:36-04:00,0.0
2011-04-21 16:59:39-04:00,0.0
2011-04-21 16:59:42-04:00,0.0
2011-04-21 16:59:45-04:00,0.0
2011-04-21 16:59:48-04:00,0.0
2011-04-21 16:59:51-04:00,0.0
2011-04-21 16:59:54-04:00,0.0
2011-04-21 16:59:57-04:00,0.0
2011-04-21 17:00:00-04:00,0.0
2011-04-21 17:00:03-04:00,0.0
2011-04-21 17:00:06-04:00,0.0
2011-04-21 17:00:09-04:00,0.0
2011-04-21 17:00:12-04:00,0.0
2011-04-21 17:00:15-04:00,0.0
2011-04-21 17:00:18-04:00,0.0
2011-04-21 17:00:21-04:00,0.0
2011-04-21 17:00:24-04:00,0.0
2011-04-21 17:00:27-04:00,0.0
2011-04-21 17:00:30-04:00,0.0
2011-04-21 17:00:33-04:00,0.0
2011-04-21 17:00:36-04:00,0.0
2011-04-21 17:00:39-04:00,0.0
2011-04-21 17:00:42-04:00,0.0
2011-04-21 17:00:45-04:00,0.0
2011-04-21 17:00:48-04:00,0.0
2011-04-21 17:00:51-04:00,0.0
2011-04-21 17:00:54-04:00,0.0
2011-04-21 17:00:57-04:00,0.0
2011-04-21 17:01:00-04:00,0.0
2011-04-21 17:01:03-04:00,0.0
2011-04-21 17:01:06-04:00,0.0
2011-04-21 17:01:09-04:00,0.0
2011-04-21 17:01:12-04:00,0.0
2011-04-21 17:01:15-04:00,0.0
2011-04-21 17:01:18-04:00,0.0
2011-04-21 17:01:21-04:00,0.0
2011-04-21 17:01:24-04:00,0.0
2011-04-21 17:01:27-04:00,0.0
2011-04-21 17:01:30-04:00,0.0
2011-04-21 17:01:33-04:00,0.0
2011-04-21 17:01:36-04:00,0.0
2011-04-21 17:01:39-04:00,0.0
2011-04-21 17:01:42-04:00,0.0
2011-04-21 17:01:45-04:00,0.0
2011-04-21 17:01:48-04:00,0.0
2011-04-21 17:01:51-04:00,0.0
2011-04-21 17:01:54-04:00,0.0
2011-04-21 17:01:57-04:00,0.0
2011-04-21 17:02:00-04:00,0.0
2011-04-21 17:02:03-04:00,0.0
2011-04-21 17:02:06-04:00,0.0
2011-04-21 17:02:09-04:00,0.0
2011-04-21 17:02:12-04:00,0.0
2011-04-21 17:02:15-04:00,0.0
2011-04-21 17:02:18-04:00,0.0
2011-04-21 17:02:21-04:00,0.0
2011-04-21 17:02:24-04:00,0.0
2011-04-21 17:02:27-04:00,0.0
2011-04-21 17:02:30-04:00,0.0
2011-04-21 17:02:33-04:00,0.0
2011-04-21 17:02:36-04:00,0.0
2011-04-21 17:02:39-04:00,0.0
2011-04-21 17:02:42-04:00,0.0
2011-04-21 17:02:45-04:00,0.0
2011-04-21 17:02:48-04:00,0.0
2011-04-21 17:02:51-04:00,0.0
2011-04-21 17:02:54-04:00,0.0
2011-04-21 17:02:57-04:00,0.0
2011-04-21 17:03:00-04:00,0.0
2011-04-21 17:03:03-04:00,0.0
2011-04-21 17:03:06-04:00,0.0
2011-04-21 17:03:09-04:00,0.0
2011-04-21 17:03:12-04:00,0.0
2011-04-21 17:03:15-04:00,0.0
2011-04-21 17:03:18-04:00,0.0
2011-04-21 17:03:21-04:00,0.0
2011-04-21 17:03:24-04:00,0.0
2011-04-21 17:03:27-04:00,0.0
2011-04-21 17:03:30-04:00,0.0
2011-04-21 17:03:33-04:00,0.0
2011-04-21 17:03:36-04:00,0.0
2011-04-21 17:03:39-04:00,0.0
2011-04-21 17:03:42-04:00,0.0
2011-04-21 17:03:45-04:00,0.0
2011-04-21 17:03:48-04:00,0.0
2011-04-21 17:03:51-04:00,0.0
2011-04-21 17:03:54-04:00,0.0
2011-04-21 17:03:57-04:00,0.0
2011-04-21 17:04:00-04:00,0.0
2011-04-21 17:04:03-04:00,0.0
2011-04-21 17:04:06-04:00,0.0
2011-04-21 17:04:09-04:00,0.0
2011-04-21 17:04:12-04:00,0.0
2011-04-21 17:04:15-04:00,0.0
2011-04-21 17:04:18-04:00,0.0
2011-04-21 17:04:21-04:00,0.0
2011-04-21 17:04:24-04:00,0.0
2011-04-21 17:04:27-04:00,0.0
2011-04-21 17:04:30-04:00,0.0
2011-04-21 17:04:33-04:00,0.0
2011-04-21 17:04:36-04:00,0.0
2011-04-21 17:04:39-04:00,0.0
2011-04-21 17:04:42-04:00,0.0
2011-04-21 17:04:45-04:00,0.0
2011-04-21 17:04:48-04:00,0.0
2011-04-21 17:04:51-04:00,0.0
2011-04-21 17:04:54-04:00,0.0
2011-04-21 17:04:57-04:00,0.0
2011-04-21 17:05:00-04:00,0.0
2011-04-21 17:05:03-04:00,0.0
2011-04-21 17:05:06-04:00,0.0
2011-04-21 17:05:09-04:00,0.0
2011-04-21 17:05:12-04:00,0.0
2011-04-21 17:05:15-04:00,0.0
2011-04-21 17:05:18-04:00,0.0
2011-04-21 17:05:21-04:00,0.0
2011-04-21 17:05:24-04:00,0.0
2011-04-21 17:05:27-04:00,0.0
2011-04-21 17:05:30-04:00,0.0
2011-04-21 17:05:33-04:00,0.0
2011-04-21 17:05:36-04:00,0.0
2011-04-21 17:05:39-04:00,0.0
2011-04-21 17:05:42-04:00,0.0
2011-04-21 17:05:45-04:00,0.0
2011-04-21 17:05:48-04:00,0.0
2011-04-21 17:05:51-04:00,0.0
2011-04-21 17:05:54-04:00,0.0
2011-04-21 17:05:57-04:00,0.0
2011-04-21 17:06:00-04:00,0.0
2011-04-21 17:06:03-04:00,0.0
2011-04-21 17:06:06-04:00,0.0
2011-04-21 17:06:09-04:00,0.0
2011-04-21 17:06:12-04:00,0.0
2011-04-21 17:06:15-04:00,0.0
2011-04-21 17:06:18-04:00,0.0
2011-04-21 17:06:21-04:00,0.0
2011-04-21 17:06:24-04:00,0.0
2011-04-21 17:06:27-04:00,0.0
2011-04-21 17:06:30-04:00,0.0
2011-04-21 17:06:33-04:00,0.0
2011-04-21 17:06:36-04:00,0.0
2011-04-21 17:06:39-04:00,0.0
2011-04-21 17:06:42-04:00,0.0
2011-04-21 17:06:45-04:00,0.0
2011-04-21 17:06:48-04:00,0.0
2011-04-21 17:06:51-04:00,0.0
2011-04-21 17:06:54-04:00,0.0
2011-04-21 17:06:57-04:00,0.0
2011-04-21 17:07:00-04:00,0.0
2011-04-21 17:07:03-04:00,0.0
2011-04-21 17:07:06-04:00,0.0
2011-04-21 17:07:09-04:00,0.0
2011-04-21 17:07:12-04:00,0.0
2011-04-21 17:07:15-04:00,0.0
2011-04-21 17:07:18-04:00,0.0
2011-04-21 17:07:21-04:00,0.0
2011-04-21 17:07:24-04:00,0.0
2011-04-21 17:07:27-04:00,0.0
2011-04-21 17:07:30-04:00,0.0
2011-04-21 17:07:33-04:00,0.0
2011-04-21 17:07:36-04:00,0.0
2011-04-21 17:07:39-04:00,0.0
2011-04-21 17:07:42-04:00,0.0
2011-04-21 17:07:45-04:00,0.0
2011-04-21 17:07:48-04:00,0.0
2011-04-21 17:07:51-04:00,0.0
2011-04-21 17:07:54-04:00,0.0
2011-04-21 17:07:57-04:00,0.0
2011-04-21 17:08:00-04:00,0.0
2011-04-21 17:08:03-04:00,0.0
2011-04-21 17:08:06-04:00,0.0
2011-04-21 17:08:09-04:00,0.0
2011-04-21 17:08:12-04:00,0.0
2011-04-21 17:08:15-04:00,0.0
2011-04-21 17:08:18-04:00,0.0
2011-04-21 17:08:21-04:00,0.0
2011-04-21 17:08:24-04:00,0.0
2011-04-21 17:08:27-04:00,0.0
2011-04-21 17:08:30-04:00,0.0
2011-04-21 17:08:33-04:00,0.0
2011-04-21 17:08:36-04:00,0.0
2011-04-21 17:08:39-04:00,0.0
2011-04-21 17:08:42-04:00,0.0
2011-04-21 17:08:45-04:00,0.0
2011-04-21 17:08:48-04:00,0.0
2011-04-21 17:08:51-04:00,0.0
2011-04-21 17:08:54-04:00,0.0
2011-04-21 17:08:57-04:00,0.0
2011-04-21 17:09:00-04:00,0.0
2011-04-21 17:09:03-04:00,0.0
2011-04-21 17:09:06-04:00,0.0
2011-04-21 17:09:09-04:00,0.0
2011-04-21 17:09:12-04:00,0.0
2011-04-21 17:09:15-04:00,0.0
2011-04-21 17:09:18-04:00,0.0
2011-04-21 17:09:21-04:00,0.0
2011-04-21 17:09:24-04:00,0.0
2011-04-21 17:09:27-04:00,0.0
2011-04-21 17:09:30-04:00,0.0
2011-04-21 17:09:33-04:00,0.0
2011-04-21 17:09:36-04:00,0.0
2011-04-21 17:09:39-04:00,0.0
2011-04-21 17:09:42-04:00,0.0
2011-04-21 17:09:45-04:00,0.0
2011-04-21 17:09:48-04:00,0.0
2011-04-21 17:09:51-04:00,0.0
2011-04-21 17:09:54-04:00,0.0
2011-04-21 17:09:57-04:00,0.0
2011-04-21 17:10:00-04:00,0.0
2011-04-21 17:10:03-04:00,0.0
2011-04-21 17:10:06-04:00,0.0
2011-04-21 17:10:09-04:00,0.0
2011-04-21 17:10:12-04:00,0.0
2011-04-21 17:10:15-04:00,0.0
2011-04-21 17:10:18-04:00,0.0
2011-04-21 17:10:21-04:00,0.0
2011-04-21 17:10:24-04:00,0.0
2011-04-21 17:10:27-04:00,0.0
2011-04-21 17:10:30-04:00,0.0
2011-04-21 17:10:33-04:00,0.0
2011-04-21 17:10:36-04:00,0.0
2011-04-21 17:10:39-04:00,0.0
2011-04-21 17:10:42-04:00,0.0
2011-04-21 17:10:45-04:00,0.0
2011-04-21 17:10:48-04:00,0.0
2011-04-21 17:10:51-04:00,0.0
2011-04-21 17:10:54-04:00,0.0
2011-04-21 17:10:57-04:00,0.0
2011-04-21 17:11:00-04:00,0.0
2011-04-21 17:11:03-04:00,0.0
2011-04-21 17:11:06-04:00,0.0
2011-04-21 17:11:09-04:00,0.0
2011-04-21 17:11:12-04:00,0.0
2011-04-21 17:11:15-04:00,0.0
2011-04-21 17:11:18-04:00,0.0
2011-04-21 17:11:21-04:00,0.0
2011-04-21 17:11:24-04:00,0.0
2011-04-21 17:11:27-04:00,0.0
2011-04-21 17:11:30-04:00,0.0
2011-04-21 17:11:33-04:00,0.0
2011-04-21 17:11:36-04:00,0.0
2011-04-21 17:11:39-04:00,0.0
2011-04-21 17:11:42-04:00,0.0
2011-04-21 17:11:45-04:00,0.0
2011-04-21 17:11:48-04:00,0.0
2011-04-21 17:11:51-04:00,0.0
2011-04-21 17:11:54-04:00,0.0
2011-04-21 17:11:57-04:00,0.0
2011-04-21 17:12:00-04:00,0.0
2011-04-21 17:12:03-04:00,0.0
2011-04-21 17:12:06-04:00,0.0
2011-04-21 17:12:09-04:00,0.0
2011-04-21 17:12:12-04:00,0.0
2011-04-21 17:12:15-04:00,0.0
2011-04-21 17:12:18-04:00,0.0
2011-04-21 17:12:21-04:00,0.0
2011-04-21 17:12:24-04:00,0.0
2011-04-21 17:12:27-04:00,0.0
2011-04-21 17:12:30-04:00,0.0
2011-04-21 17:12:33-04:00,0.0
2011-04-21 17:12:36-04:00,0.0
2011-04-21 17:12:39-04:00,0.0
2011-04-21 17:12:42-04:00,0.0
2011-04-21 17:12:45-04:00,0.0
2011-04-21 17:12:48-04:00,0.0
2011-04-21 17:12:51-04:00,0.0
2011-04-21 17:12:54-04:00,0.0
2011-04-21 17:12:57-04:00,0.0
2011-04-21 17:13:00-04:00,0.0
2011-04-21 17:13:03-04:00,0.0
2011-04-21 17:13:06-04:00,0.0
2011-04-21 17:13:09-04:00,0.0
2011-04-21 17:13:12-04:00,0.0
2011-04-21 17:13:15-04:00,0.0
2011-04-21 17:13:18-04:00,0.0
2011-04-21 17:13:21-04:00,0.0
2011-04-21 17:13:24-04:00,0.0
2011-04-21 17:13:27-04:00,0.0
2011-04-21 17:13:30-04:00,0.0
2011-04-21 17:13:33-04:00,0.0
2011-04-21 17:13:36-04:00,0.0
2011-04-21 17:13:39-04:00,0.0
2011-04-21 17:13:42-04:00,0.0
2011-04-21 17:13:45-04:00,0.0
2011-04-21 17:13:48-04:00,0.0
2011-04-21 17:13:51-04:00,0.0
2011-04-21 17:13:54-04:00,0.0
2011-04-21 17:13:57-04:00,0.0
2011-04-21 17:14:00-04:00,0.0
2011-04-21 17:14:03-04:00,0.0
2011-04-21 17:14:06-04:00,0.0
2011-04-21 17:14:09-04:00,0.0
2011-04-21 17:14:12-04:00,0.0
2011-04-21 17:14:15-04:00,0.0
2011-04-21 17:14:18-04:00,0.0
2011-04-21 17:14:21-04:00,0.0
2011-04-21 17:14:24-04:00,0.0
2011-04-21 17:14:27-04:00,0.0
2011-04-21 17:14:30-04:00,0.0
2011-04-21 17:14:33-04:00,0.0
2011-04-21 17:14:36-04:00,0.0
2011-04-21 17:14:39-04:00,0.0
2011-04-21 17:14:42-04:00,0.0
2011-04-21 17:14:45-04:00,0.0
2011-04-21 17:14:48-04:00,0.0
2011-04-21 17:14:51-04:00,0.0
2011-04-21 17:14:54-04:00,0.0
2011-04-21 17:14:57-04:00,0.0
2011-04-21 17:15:00-04:00,0.0
2011-04-21 17:15:03-04:00,0.0
2011-04-21 17:15:06-04:00,0.0
2011-04-21 17:15:09-04:00,0.0
2011-04-21 17:15:12-04:00,0.0
2011-04-21 17:15:15-04:00,0.0
2011-04-21 17:15:18-04:00,0.0
2011-04-21 17:15:21-04:00,0.0
2011-04-21 17:15:24-04:00,0.0
2011-04-21 17:15:27-04:00,0.0
2011-04-21 17:15:30-04:00,0.0
2011-04-21 17:15:33-04:00,0.0
2011-04-21 17:15:36-04:00,0.0
2011-04-21 17:15:39-04:00,0.0
2011-04-21 17:15:42-04:00,0.0
2011-04-21 17:15:45-04:00,0.0
2011-04-21 17:15:48-04:00,0.0
2011-04-21 17:15:51-04:00,0.0
2011-04-21 17:15:54-04:00,0.0
2011-04-21 17:15:57-04:00,0.0
2011-04-21 17:16:00-04:00,0.0
2011-04-21 17:16:03-04:00,0.0
2011-04-21 17:16:06-04:00,0.0
2011-04-21 17:16:09-04:00,0.0
2011-04-21 17:16:12-04:00,0.0
2011-04-21 17:16:15-04:00,0.0
2011-04-21 17:16:18-04:00,0.0
2011-04-21 17:16:21-04:00,0.0
2011-04-21 17:16:24-04:00,0.0
2011-04-21 17:16:27-04:00,0.0
2011-04-21 17:16:30-04:00,0.0
2011-04-21 17:16:33-04:00,0.0
2011-04-21 17:16:36-04:00,0.0
2011-04-21 17:16:39-04:00,0.0
2011-04-21 17:16:42-04:00,0.0
2011-04-21 17:16:45-04:00,0.0
2011-04-21 17:16:48-04:00,0.0
2011-04-21 17:16:51-04:00,0.0
2011-04-21 17:16:54-04:00,0.0
2011-04-21 17:16:57-04:00,0.0
2011-04-21 17:17:00-04:00,0.0
2011-04-21 17:17:03-04:00,0.0
2011-04-21 17:17:06-04:00,0.0
2011-04-21 17:17:09-04:00,0.0
2011-04-21 17:17:12-04:00,0.0
2011-04-21 17:17:15-04:00,0.0
2011-04-21 17:17:18-04:00,0.0
2011-04-21 17:17:21-04:00,0.0
2011-04-21 17:17:24-04:00,0.0
2011-04-21 17:17:27-04:00,0.0
2011-04-21 17:17:30-04:00,0.0
2011-04-21 17:17:33-04:00,0.0
2011-04-21 17:17:36-04:00,0.0
2011-04-21 17:17:39-04:00,0.0
2011-04-21 17:17:42-04:00,0.0
2011-04-21 17:17:45-04:00,0.0
2011-04-21 17:17:48-04:00,0.0
2011-04-21 17:17:51-04:00,0.0
2011-04-21 17:17:54-04:00,0.0
2011-04-21 17:17:57-04:00,0.0
2011-04-21 17:18:00-04:00,0.0
2011-04-21 17:18:03-04:00,0.0
2011-04-21 17:18:06-04:00,0.0
2011-04-21 17:18:09-04:00,0.0
2011-04-21 17:18:12-04:00,0.0
2011-04-21 17:18:15-04:00,0.0
2011-04-21 17:18:18-04:00,0.0
2011-04-21 17:18:21-04:00,0.0
2011-04-21 17:18:24-04:00,0.0
2011-04-21 17:18:27-04:00,0.0
2011-04-21 17:18:30-04:00,0.0
2011-04-21 17:18:33-04:00,0.0
2011-04-21 17:18:36-04:00,0.0
2011-04-21 17:18:39-04:00,0.0
2011-04-21 17:18:42-04:00,0.0
2011-04-21 17:18:45-04:00,0.0
2011-04-21 17:18:48-04:00,0.0
2011-04-21 17:18:51-04:00,0.0
2011-04-21 17:18:54-04:00,0.0
2011-04-21 17:18:57-04:00,0.0
2011-04-21 17:19:00-04:00,0.0
2011-04-21 17:19:03-04:00,0.0
2011-04-21 17:19:06-04:00,0.0
2011-04-21 17:19:09-04:00,0.0
2011-04-21 17:19:12-04:00,0.0
2011-04-21 17:19:15-04:00,0.0
2011-04-21 17:19:18-04:00,0.0
2011-04-21 17:19:21-04:00,0.0
2011-04-21 17:19:24-04:00,0.0
2011-04-21 17:19:27-04:00,0.0
2011-04-21 17:19:30-04:00,0.0
2011-04-21 17:19:33-04:00,0.0
2011-04-21 17:19:36-04:00,0.0
2011-04-21 17:19:39-04:00,0.0
2011-04-21 17:19:42-04:00,0.0
2011-04-21 17:19:45-04:00,0.0
2011-04-21 17:19:48-04:00,0.0
2011-04-21 17:19:51-04:00,0.0
2011-04-21 17:19:54-04:00,0.0
2011-04-21 17:19:57-04:00,0.0
2011-04-21 17:20:00-04:00,0.0
2011-04-21 17:20:03-04:00,0.0
2011-04-21 17:20:06-04:00,0.0
2011-04-21 17:20:09-04:00,0.0
2011-04-21 17:20:12-04:00,0.0
2011-04-21 17:20:15-04:00,0.0
2011-04-21 17:20:18-04:00,0.0
2011-04-21 17:20:21-04:00,0.0
2011-04-21 17:20:24-04:00,0.0
2011-04-21 17:20:27-04:00,0.0
2011-04-21 17:20:30-04:00,0.0
2011-04-21 17:20:33-04:00,0.0
2011-04-21 17:20:36-04:00,0.0
2011-04-21 17:20:39-04:00,0.0
2011-04-21 17:20:42-04:00,0.0
2011-04-21 17:20:45-04:00,0.0
2011-04-21 17:20:48-04:00,0.0
2011-04-21 17:20:51-04:00,0.0
2011-04-21 17:20:54-04:00,0.0
2011-04-21 17:20:57-04:00,0.0
2011-04-21 17:21:00-04:00,0.0
2011-04-21 17:21:03-04:00,0.0
2011-04-21 17:21:06-04:00,0.0
2011-04-21 17:21:09-04:00,0.0
2011-04-21 17:21:12-04:00,0.0
2011-04-21 17:21:15-04:00,0.0
2011-04-21 17:21:18-04:00,0.0
2011-04-21 17:21:21-04:00,0.0
2011-04-21 17:21:24-04:00,0.0
2011-04-21 17:21:27-04:00,0.0
2011-04-21 17:21:30-04:00,0.0
2011-04-21 17:21:33-04:00,0.0
2011-04-21 17:21:36-04:00,0.0
2011-04-21 17:21:39-04:00,0.0
2011-04-21 17:21:42-04:00,0.0
2011-04-21 17:21:45-04:00,0.0
2011-04-21 17:21:48-04:00,0.0
2011-04-21 17:21:51-04:00,0.0
2011-04-21 17:21:54-04:00,0.0
2011-04-21 17:21:57-04:00,0.0
2011-04-21 17:22:00-04:00,0.0
2011-04-21 17:22:03-04:00,0.0
2011-04-21 17:22:06-04:00,0.0
2011-04-21 17:22:09-04:00,0.0
2011-04-21 17:22:12-04:00,0.0
2011-04-21 17:22:15-04:00,0.0
2011-04-21 17:22:18-04:00,0.0
2011-04-21 17:22:21-04:00,0.0
2011-04-21 17:22:24-04:00,0.0
2011-04-21 17:22:27-04:00,0.0
2011-04-21 17:22:30-04:00,0.0
2011-04-21 17:22:33-04:00,0.0
2011-04-21 17:22:36-04:00,0.0
2011-04-21 17:22:39-04:00,0.0
2011-04-21 17:22:42-04:00,0.0
2011-04-21 17:22:45-04:00,0.0
2011-04-21 17:22:48-04:00,0.0
2011-04-21 17:22:51-04:00,0.0
2011-04-21 17:22:54-04:00,0.0
2011-04-21 17:22:57-04:00,0.0
2011-04-21 17:23:00-04:00,0.0
2011-04-21 17:23:03-04:00,0.0
2011-04-21 17:23:06-04:00,0.0
2011-04-21 17:23:09-04:00,0.0
2011-04-21 17:23:12-04:00,0.0
2011-04-21 17:23:15-04:00,0.0
2011-04-21 17:23:18-04:00,0.0
2011-04-21 17:23:21-04:00,0.0
2011-04-21 17:23:24-04:00,0.0
2011-04-21 17:23:27-04:00,0.0
2011-04-21 17:23:30-04:00,0.0
2011-04-21 17:23:33-04:00,0.0
2011-04-21 17:23:36-04:00,0.0
2011-04-21 17:23:39-04:00,0.0
2011-04-21 17:23:42-04:00,0.0
2011-04-21 17:23:45-04:00,0.0
2011-04-21 17:23:48-04:00,0.0
2011-04-21 17:23:51-04:00,0.0
2011-04-21 17:23:54-04:00,0.0
2011-04-21 17:23:57-04:00,0.0
2011-04-21 17:24:00-04:00,0.0
2011-04-21 17:24:03-04:00,0.0
2011-04-21 17:24:06-04:00,0.0
2011-04-21 17:24:09-04:00,0.0
2011-04-21 17:24:12-04:00,0.0
2011-04-21 17:24:15-04:00,0.0
2011-04-21 17:24:18-04:00,0.0
2011-04-21 17:24:21-04:00,0.0
2011-04-21 17:24:24-04:00,0.0
2011-04-21 17:24:27-04:00,0.0
2011-04-21 17:24:30-04:00,0.0
2011-04-21 17:24:33-04:00,0.0
2011-04-21 17:24:36-04:00,0.0
2011-04-21 17:24:39-04:00,0.0
2011-04-21 17:24:42-04:00,0.0
2011-04-21 17:24:45-04:00,0.0
2011-04-21 17:24:48-04:00,0.0
2011-04-21 17:24:51-04:00,0.0
2011-04-21 17:24:54-04:00,0.0
2011-04-21 17:24:57-04:00,0.0
2011-04-21 17:25:00-04:00,0.0
2011-04-21 17:25:03-04:00,0.0
2011-04-21 17:25:06-04:00,0.0
2011-04-21 17:25:09-04:00,0.0
2011-04-21 17:25:12-04:00,0.0
2011-04-21 17:25:15-04:00,0.0
2011-04-21 17:25:18-04:00,0.0
2011-04-21 17:25:21-04:00,0.0
2011-04-21 17:25:24-04:00,0.0
2011-04-21 17:25:27-04:00,0.0
2011-04-21 17:25:30-04:00,0.0
2011-04-21 17:25:33-04:00,0.0
2011-04-21 17:25:36-04:00,0.0
2011-04-21 17:25:39-04:00,0.0
2011-04-21 17:25:42-04:00,0.0
2011-04-21 17:25:45-04:00,0.0
2011-04-21 17:25:48-04:00,0.0
2011-04-21 17:25:51-04:00,0.0
2011-04-21 17:25:54-04:00,0.0
2011-04-21 17:25:57-04:00,0.0
2011-04-21 17:26:00-04:00,0.0
2011-04-21 17:26:03-04:00,0.0
2011-04-21 17:26:06-04:00,0.0
2011-04-21 17:26:09-04:00,0.0
2011-04-21 17:26:12-04:00,0.0
2011-04-21 17:26:15-04:00,0.0
2011-04-21 17:26:18-04:00,0.0
2011-04-21 17:26:21-04:00,0.0
2011-04-21 17:26:24-04:00,0.0
2011-04-21 17:26:27-04:00,0.0
2011-04-21 17:26:30-04:00,0.0
2011-04-21 17:26:33-04:00,0.0
2011-04-21 17:26:36-04:00,0.0
2011-04-21 17:26:39-04:00,0.0
2011-04-21 17:26:42-04:00,0.0
2011-04-21 17:26:45-04:00,0.0
2011-04-21 17:26:48-04:00,0.0
2011-04-21 17:26:51-04:00,0.0
2011-04-21 17:26:54-04:00,0.0
2011-04-21 17:26:57-04:00,0.0
2011-04-21 17:27:00-04:00,0.0
2011-04-21 17:27:03-04:00,0.0
2011-04-21 17:27:06-04:00,0.0
2011-04-21 17:27:09-04:00,0.0
2011-04-21 17:27:12-04:00,0.0
2011-04-21 17:27:15-04:00,0.0
2011-04-21 17:27:18-04:00,0.0
2011-04-21 17:27:21-04:00,0.0
2011-04-21 17:27:24-04:00,0.0
2011-04-21 17:27:27-04:00,0.0
2011-04-21 17:27:30-04:00,0.0
2011-04-21 17:27:33-04:00,0.0
2011-04-21 17:27:36-04:00,0.0
2011-04-21 17:27:39-04:00,0.0
2011-04-21 17:27:42-04:00,0.0
2011-04-21 17:27:45-04:00,0.0
2011-04-21 17:27:48-04:00,0.0
2011-04-21 17:27:51-04:00,0.0
2011-04-21 17:27:54-04:00,0.0
2011-04-21 17:27:57-04:00,0.0
2011-04-21 17:28:00-04:00,0.0
2011-04-21 17:28:03-04:00,0.0
2011-04-21 17:28:06-04:00,0.0
2011-04-21 17:28:09-04:00,0.0
2011-04-21 17:28:12-04:00,0.0
2011-04-21 17:28:15-04:00,0.0
2011-04-21 17:28:18-04:00,0.0
2011-04-21 17:28:21-04:00,0.0
2011-04-21 17:28:24-04:00,0.0
2011-04-21 17:28:27-04:00,0.0
2011-04-21 17:28:30-04:00,0.0
2011-04-21 17:28:33-04:00,0.0
2011-04-21 17:28:36-04:00,0.0
2011-04-21 17:28:39-04:00,0.0
2011-04-21 17:28:42-04:00,0.0
2011-04-21 17:28:45-04:00,0.0
2011-04-21 17:28:48-04:00,0.0
2011-04-21 17:28:51-04:00,0.0
2011-04-21 17:28:54-04:00,0.0
2011-04-21 17:28:57-04:00,0.0
2011-04-21 17:29:00-04:00,0.0
2011-04-21 17:29:03-04:00,0.0
2011-04-21 17:29:06-04:00,0.0
2011-04-21 17:29:09-04:00,0.0
2011-04-21 17:29:12-04:00,0.0
2011-04-21 17:29:15-04:00,0.0
2011-04-21 17:29:18-04:00,0.0
2011-04-21 17:29:21-04:00,0.0
2011-04-21 17:29:24-04:00,0.0
2011-04-21 17:29:27-04:00,0.0
2011-04-21 17:29:30-04:00,0.0
2011-04-21 17:29:33-04:00,0.0
2011-04-21 17:29:36-04:00,0.0
2011-04-21 17:29:39-04:00,0.0
2011-04-21 17:29:42-04:00,0.0
2011-04-21 17:29:45-04:00,0.0
2011-04-21 17:29:48-04:00,0.0
2011-04-21 17:29:51-04:00,0.0
2011-04-21 17:29:54-04:00,0.0
2011-04-21 17:29:57-04:00,0.0
2011-04-21 17:30:00-04:00,0.0
2011-04-21 17:30:03-04:00,0.0
2011-04-21 17:30:06-04:00,0.0
2011-04-21 17:30:09-04:00,0.0
2011-04-21 17:30:12-04:00,0.0
2011-04-21 17:30:15-04:00,0.0
2011-04-21 17:30:18-04:00,0.0
2011-04-21 17:30:21-04:00,0.0
2011-04-21 17:30:24-04:00,0.0
2011-04-21 17:30:27-04:00,0.0
2011-04-21 17:30:30-04:00,0.0
2011-04-21 17:30:33-04:00,0.0
2011-04-21 17:30:36-04:00,0.0
2011-04-21 17:30:39-04:00,0.0
2011-04-21 17:30:42-04:00,0.0
2011-04-21 17:30:45-04:00,0.0
2011-04-21 17:30:48-04:00,0.0
2011-04-21 17:30:51-04:00,0.0
2011-04-21 17:30:54-04:00,0.0
2011-04-21 17:30:57-04:00,0.0
2011-04-21 17:31:00-04:00,0.0
2011-04-21 17:31:03-04:00,0.0
2011-04-21 17:31:06-04:00,0.0
2011-04-21 17:31:09-04:00,0.0
2011-04-21 17:31:12-04:00,0.0
2011-04-21 17:31:15-04:00,0.0
2011-04-21 17:31:18-04:00,0.0
2011-04-21 17:31:21-04:00,0.0
2011-04-21 17:31:24-04:00,0.0
2011-04-21 17:31:27-04:00,0.0
2011-04-21 17:31:30-04:00,0.0
2011-04-21 17:31:33-04:00,0.0
2011-04-21 17:31:36-04:00,0.0
2011-04-21 17:31:39-04:00,0.0
2011-04-21 17:31:42-04:00,0.0
2011-04-21 17:31:45-04:00,0.0
2011-04-21 17:31:48-04:00,0.0
2011-04-21 17:31:51-04:00,0.0
2011-04-21 17:31:54-04:00,0.0
2011-04-21 17:31:57-04:00,0.0
2011-04-21 17:32:00-04:00,0.0
2011-04-21 17:32:03-04:00,0.0
2011-04-21 17:32:06-04:00,0.0
2011-04-21 17:32:09-04:00,0.0
2011-04-21 17:32:12-04:00,0.0
2011-04-21 17:32:15-04:00,0.0
2011-04-21 17:32:18-04:00,0.0
2011-04-21 17:32:21-04:00,0.0
2011-04-21 17:32:24-04:00,0.0
2011-04-21 17:32:27-04:00,0.0
2011-04-21 17:32:30-04:00,0.0
2011-04-21 17:32:33-04:00,0.0
2011-04-21 17:32:36-04:00,0.0
2011-04-21 17:32:39-04:00,0.0
2011-04-21 17:32:42-04:00,0.0
2011-04-21 17:32:45-04:00,0.0
2011-04-21 17:32:48-04:00,0.0
2011-04-21 17:32:51-04:00,0.0
2011-04-21 17:32:54-04:00,0.0
2011-04-21 17:32:57-04:00,0.0
2011-04-21 17:33:00-04:00,0.0
2011-04-21 17:33:03-04:00,0.0
2011-04-21 17:33:06-04:00,0.0
2011-04-21 17:33:09-04:00,0.0
2011-04-21 17:33:12-04:00,0.0
2011-04-21 17:33:15-04:00,0.0
2011-04-21 17:33:18-04:00,0.0
2011-04-21 17:33:21-04:00,0.0
2011-04-21 17:33:24-04:00,0.0
2011-04-21 17:33:27-04:00,0.0
2011-04-21 17:33:30-04:00,0.0
2011-04-21 17:33:33-04:00,0.0
2011-04-21 17:33:36-04:00,0.0
2011-04-21 17:33:39-04:00,0.0
2011-04-21 17:33:42-04:00,0.0
2011-04-21 17:33:45-04:00,0.0
2011-04-21 17:33:48-04:00,0.0
2011-04-21 17:33:51-04:00,0.0
2011-04-21 17:33:54-04:00,0.0
2011-04-21 17:33:57-04:00,0.0
2011-04-21 17:34:00-04:00,0.0
2011-04-21 17:34:03-04:00,0.0
2011-04-21 17:34:06-04:00,0.0
2011-04-21 17:34:09-04:00,0.0
2011-04-21 17:34:12-04:00,0.0
2011-04-21 17:34:15-04:00,0.0
2011-04-21 17:34:18-04:00,0.0
2011-04-21 17:34:21-04:00,0.0
2011-04-21 17:34:24-04:00,0.0
2011-04-21 17:34:27-04:00,0.0
2011-04-21 17:34:30-04:00,0.0
2011-04-21 17:34:33-04:00,0.0
2011-04-21 17:34:36-04:00,0.0
2011-04-21 17:34:39-04:00,0.0
2011-04-21 17:34:42-04:00,0.0
2011-04-21 17:34:45-04:00,0.0
2011-04-21 17:34:48-04:00,0.0
2011-04-21 17:34:51-04:00,0.0
2011-04-21 17:34:54-04:00,0.0
2011-04-21 17:34:57-04:00,0.0
2011-04-21 17:35:00-04:00,0.0
2011-04-21 17:35:03-04:00,0.0
2011-04-21 17:35:06-04:00,0.0
2011-04-21 17:35:09-04:00,0.0
2011-04-21 17:35:12-04:00,0.0
2011-04-21 17:35:15-04:00,0.0
2011-04-21 17:35:18-04:00,0.0
2011-04-21 17:35:21-04:00,0.0
2011-04-21 17:35:24-04:00,0.0
2011-04-21 17:35:27-04:00,0.0
2011-04-21 17:35:30-04:00,0.0
2011-04-21 17:35:33-04:00,0.0
2011-04-21 17:35:36-04:00,0.0
2011-04-21 17:35:39-04:00,0.0
2011-04-21 17:35:42-04:00,0.0
2011-04-21 17:35:45-04:00,0.0
2011-04-21 17:35:48-04:00,0.0
2011-04-21 17:35:51-04:00,0.0
2011-04-21 17:35:54-04:00,0.0
2011-04-21 17:35:57-04:00,0.0
2011-04-21 17:36:00-04:00,0.0
2011-04-21 17:36:03-04:00,0.0
2011-04-21 17:36:06-04:00,0.0
2011-04-21 17:36:09-04:00,0.0
2011-04-21 17:36:12-04:00,0.0
2011-04-21 17:36:15-04:00,0.0
2011-04-21 17:36:18-04:00,0.0
2011-04-21 17:36:21-04:00,0.0
2011-04-21 17:36:24-04:00,0.0
2011-04-21 17:36:27-04:00,0.0
2011-04-21 17:36:30-04:00,0.0
2011-04-21 17:36:33-04:00,0.0
2011-04-21 17:36:36-04:00,0.0
2011-04-21 17:36:39-04:00,0.0
2011-04-21 17:36:42-04:00,0.0
2011-04-21 17:36:45-04:00,0.0
2011-04-21 17:36:48-04:00,0.0
2011-04-21 17:36:51-04:00,0.0
2011-04-21 17:36:54-04:00,0.0
2011-04-21 17:36:57-04:00,0.0
2011-04-21 17:37:00-04:00,0.0
2011-04-21 17:37:03-04:00,0.0
2011-04-21 17:37:06-04:00,0.0
2011-04-21 17:37:09-04:00,0.0
2011-04-21 17:37:12-04:00,0.0
2011-04-21 17:37:15-04:00,0.0
2011-04-21 17:37:18-04:00,0.0
2011-04-21 17:37:21-04:00,0.0
2011-04-21 17:37:24-04:00,0.0
2011-04-21 17:37:27-04:00,0.0
2011-04-21 17:37:30-04:00,0.0
2011-04-21 17:37:33-04:00,0.0
2011-04-21 17:37:36-04:00,0.0
2011-04-21 17:37:39-04:00,0.0
2011-04-21 17:37:42-04:00,0.0
2011-04-21 17:37:45-04:00,0.0
2011-04-21 17:37:48-04:00,0.0
2011-04-21 17:37:51-04:00,0.0
2011-04-21 17:37:54-04:00,0.0
2011-04-21 17:37:57-04:00,0.0
2011-04-21 17:38:00-04:00,0.0
2011-04-21 17:38:03-04:00,0.0
2011-04-21 17:38:06-04:00,0.0
2011-04-21 17:38:09-04:00,0.0
2011-04-21 17:38:12-04:00,0.0
2011-04-21 17:38:15-04:00,0.0
2011-04-21 17:38:18-04:00,0.0
2011-04-21 17:38:21-04:00,0.0
2011-04-21 17:38:24-04:00,0.0
2011-04-21 17:38:27-04:00,0.0
2011-04-21 17:38:30-04:00,0.0
2011-04-21 17:38:33-04:00,0.0
2011-04-21 17:38:36-04:00,0.0
2011-04-21 17:38:39-04:00,0.0
2011-04-21 17:38:42-04:00,0.0
2011-04-21 17:38:45-04:00,0.0
2011-04-21 17:38:48-04:00,0.0
2011-04-21 17:38:51-04:00,0.0
2011-04-21 17:38:54-04:00,0.0
2011-04-21 17:38:57-04:00,0.0
2011-04-21 17:39:00-04:00,0.0
2011-04-21 17:39:03-04:00,0.0
2011-04-21 17:39:06-04:00,0.0
2011-04-21 17:39:09-04:00,0.0
2011-04-21 17:39:12-04:00,0.0
2011-04-21 17:39:15-04:00,0.0
2011-04-21 17:39:18-04:00,0.0
2011-04-21 17:39:21-04:00,0.0
2011-04-21 17:39:24-04:00,0.0
2011-04-21 17:39:27-04:00,0.0
2011-04-21 17:39:30-04:00,0.0
2011-04-21 17:39:33-04:00,0.0
2011-04-21 17:39:36-04:00,0.0
2011-04-21 17:39:39-04:00,0.0
2011-04-21 17:39:42-04:00,0.0
2011-04-21 17:39:45-04:00,0.0
2011-04-21 17:39:48-04:00,0.0
2011-04-21 17:39:51-04:00,0.0
2011-04-21 17:39:54-04:00,0.0
2011-04-21 17:39:57-04:00,0.0
2011-04-21 17:40:00-04:00,0.0
2011-04-21 17:40:03-04:00,0.0
2011-04-21 17:40:06-04:00,0.0
2011-04-21 17:40:09-04:00,0.0
2011-04-21 17:40:12-04:00,0.0
2011-04-21 17:40:15-04:00,0.0
2011-04-21 17:40:18-04:00,0.0
2011-04-21 17:40:21-04:00,0.0
2011-04-21 17:40:24-04:00,0.0
2011-04-21 17:40:27-04:00,0.0
2011-04-21 17:40:30-04:00,0.0
2011-04-21 17:40:33-04:00,0.0
2011-04-21 17:40:36-04:00,0.0
2011-04-21 17:40:39-04:00,0.0
2011-04-21 17:40:42-04:00,0.0
2011-04-21 17:40:45-04:00,0.0
2011-04-21 17:40:48-04:00,0.0
2011-04-21 17:40:51-04:00,0.0
2011-04-21 17:40:54-04:00,0.0
2011-04-21 17:40:57-04:00,0.0
2011-04-21 17:41:00-04:00,0.0
2011-04-21 17:41:03-04:00,0.0
2011-04-21 17:41:06-04:00,0.0
2011-04-21 17:41:09-04:00,0.0
2011-04-21 17:41:12-04:00,0.0
2011-04-21 17:41:15-04:00,0.0
2011-04-21 17:41:18-04:00,0.0
2011-04-21 17:41:21-04:00,0.0
2011-04-21 17:41:24-04:00,0.0
2011-04-21 17:41:27-04:00,0.0
2011-04-21 17:41:30-04:00,0.0
2011-04-21 17:41:33-04:00,0.0
2011-04-21 17:41:36-04:00,0.0
2011-04-21 17:41:39-04:00,0.0
2011-04-21 17:41:42-04:00,0.0
2011-04-21 17:41:45-04:00,0.0
2011-04-21 17:41:48-04:00,0.0
2011-04-21 17:41:51-04:00,0.0
2011-04-21 17:41:54-04:00,0.0
2011-04-21 17:41:57-04:00,0.0
2011-04-21 17:42:00-04:00,0.0
2011-04-21 17:42:03-04:00,0.0
2011-04-21 17:42:06-04:00,0.0
2011-04-21 17:42:09-04:00,0.0
2011-04-21 17:42:12-04:00,0.0
2011-04-21 17:42:15-04:00,0.0
2011-04-21 17:42:18-04:00,0.0
2011-04-21 17:42:21-04:00,0.0
2011-04-21 17:42:24-04:00,0.0
2011-04-21 17:42:27-04:00,0.0
2011-04-21 17:42:30-04:00,0.0
2011-04-21 17:42:33-04:00,0.0
2011-04-21 17:42:36-04:00,0.0
2011-04-21 17:42:39-04:00,0.0
2011-04-21 17:42:42-04:00,0.0
2011-04-21 17:42:45-04:00,0.0
2011-04-21 17:42:48-04:00,0.0
2011-04-21 17:42:51-04:00,0.0
2011-04-21 17:42:54-04:00,0.0
2011-04-21 17:42:57-04:00,0.0
2011-04-21 17:43:00-04:00,0.0
2011-04-21 17:43:03-04:00,0.0
2011-04-21 17:43:06-04:00,0.0
2011-04-21 17:43:09-04:00,0.0
2011-04-21 17:43:12-04:00,0.0
2011-04-21 17:43:15-04:00,0.0
2011-04-21 17:43:18-04:00,0.0
2011-04-21 17:43:21-04:00,0.0
2011-04-21 17:43:24-04:00,0.0
2011-04-21 17:43:27-04:00,0.0
2011-04-21 17:43:30-04:00,0.0
2011-04-21 17:43:33-04:00,0.0
2011-04-21 17:43:36-04:00,0.0
2011-04-21 17:43:39-04:00,0.0
2011-04-21 17:43:42-04:00,0.0
2011-04-21 17:43:45-04:00,0.0
2011-04-21 17:43:48-04:00,0.0
2011-04-21 17:43:51-04:00,0.0
2011-04-21 17:43:54-04:00,0.0
2011-04-21 17:43:57-04:00,0.0
2011-04-21 17:44:00-04:00,0.0
2011-04-21 17:44:03-04:00,0.0
2011-04-21 17:44:06-04:00,0.0
2011-04-21 17:44:09-04:00,0.0
2011-04-21 17:44:12-04:00,0.0
2011-04-21 17:44:15-04:00,0.0
2011-04-21 17:44:18-04:00,0.0
2011-04-21 17:44:21-04:00,0.0
2011-04-21 17:44:24-04:00,0.0
2011-04-21 17:44:27-04:00,0.0
2011-04-21 17:44:30-04:00,0.0
2011-04-21 17:44:33-04:00,0.0
2011-04-21 17:44:36-04:00,0.0
2011-04-21 17:44:39-04:00,0.0
2011-04-21 17:44:42-04:00,0.0
2011-04-21 17:44:45-04:00,0.0
2011-04-21 17:44:48-04:00,0.0
2011-04-21 17:44:51-04:00,0.0
2011-04-21 17:44:54-04:00,0.0
2011-04-21 17:44:57-04:00,0.0
2011-04-21 17:45:00-04:00,0.0
2011-04-21 17:45:03-04:00,0.02004868967492482
2011-04-21 17:45:06-04:00,0.08019475869969928
2011-04-21 17:45:09-04:00,0.14034082772447373
2011-04-21 17:45:12-04:00,0.2004868967492482
2011-04-21 17:45:15-04:00,0.2606329657740226
2011-04-21 17:45:18-04:00,0.3207790347987971
2011-04-21 17:45:21-04:00,0.38092510382357153
2011-04-21 17:45:24-04:00,0.441071172848346
2011-04-21 17:45:27-04:00,0.5012172418731204
2011-04-21 17:45:30-04:00,0.5613633108978949
2011-04-21 17:45:33-04:00,0.6215093799226694
2011-04-21 17:45:36-04:00,0.6816554489474438
2011-04-21 17:45:39-04:00,0.7418015179722183
2011-04-21 17:45:42-04:00,0.8019475869969928
2011-04-21 17:45:45-04:00,0.8620936560217672
2011-04-21 17:45:48-04:00,0.9222397250465416
2011-04-21 17:45:51-04:00,0.9823857940713161
2011-04-21 17:45:54-04:00,1.0425318630960905
2011-04-21 17:45:57-04:00,1.102677932120865
2011-04-21 17:46:00-04:00,1.1628240011456394
2011-04-21 17:46:03-04:00,1.222970070170414
2011-04-21 17:46:06-04:00,1.2831161391951884
2011-04-21 17:46:09-04:00,1.3432622082199628
2011-04-21 17:46:12-04:00,1.4034082772447374
2011-04-21 17:46:15-04:00,1.4635543462695118
2011-04-21 17:46:18-04:00,1.5237004152942861
2011-04-21 17:46:21-04:00,1.5838464843190607
2011-04-21 17:46:24-04:00,1.643992553343835
2011-04-21 17:46:27-04:00,1.7041386223686097
2011-04-21 17:46:30-04:00,1.764284691393384
2011-04-21 17:46:33-04:00,1.8244307604181584
2011-04-21 17:46:36-04:00,1.884576829442933
2011-04-21 17:46:39-04:00,1.9447228984677074
2011-04-21 17:46:42-04:00,2.004868967492482
2011-04-21 17:46:45-04:00,2.065015036517256
2011-04-21 17:46:48-04:00,2.125161105542031
2011-04-21 17:46:51-04:00,2.1853071745668053
2011-04-21 17:46:54-04:00,2.2454532435915797
2011-04-21 17:46:57-04:00,2.305599312616354
2011-04-21 17:47:00-04:00,2.3657453816411285
2011-04-21 17:47:03-04:00,2.4258914506659033
2011-04-21 17:47:06-04:00,2.4860375196906777
2011-04-21 17:47:09-04:00,2.546183588715452
2011-04-21 17:47:12-04:00,2.6063296577402264
2011-04-21 17:47:15-04:00,2.6664757267650008
2011-04-21 17:47:18-04:00,2.726621795789775
2011-04-21 17:47:21-04:00,2.78676786481455
2011-04-21 17:47:24-04:00,2.8469139338393243
2011-04-21 17:47:27-04:00,2.9070600028640987
2011-04-21 17:47:30-04:00,2.967206071888873
2011-04-21 17:47:33-04:00,3.0273521409136475
2011-04-21 17:47:36-04:00,3.0874982099384223
2011-04-21 17:47:39-04:00,3.1476442789631967
2011-04-21 17:47:42-04:00,3.207790347987971
2011-04-21 17:47:45-04:00,3.2679364170127454
2011-04-21 17:47:48-04:00,3.3280824860375198
2011-04-21 17:47:51-04:00,3.388228555062294
2011-04-21 17:47:54-04:00,3.448374624087069
2011-04-21 17:47:57-04:00,3.5085206931118433
2011-04-21 17:48:00-04:00,3.5686667621366177
2011-04-21 17:48:03-04:00,3.628812831161392
2011-04-21 17:48:06-04:00,3.6889589001861665
2011-04-21 17:48:09-04:00,3.7491049692109413
2011-04-21 17:48:12-04:00,3.8092510382357156
2011-04-21 17:48:15-04:00,3.86939710726049
2011-04-21 17:48:18-04:00,3.9295431762852644
2011-04-21 17:48:21-04:00,3.9896892453100388
2011-04-21 17:48:24-04:00,4.049835314334813
2011-04-21 17:48:27-04:00,4.109981383359588
2011-04-21 17:48:30-04:00,4.170127452384362
2011-04-21 17:48:33-04:00,4.230273521409137
2011-04-21 17:48:36-04:00,4.2904195904339115
2011-04-21 17:48:39-04:00,4.3505656594586855
2011-04-21 17:48:42-04:00,4.41071172848346
2011-04-21 17:48:45-04:00,4.470857797508234
2011-04-21 17:48:48-04:00,4.531003866533009
2011-04-21 17:48:51-04:00,4.591149935557784
2011-04-21 17:48:54-04:00,4.651296004582558
2011-04-21 17:48:57-04:00,4.711442073607333
2011-04-21 17:49:00-04:00,4.7715881426321065
2011-04-21 17:49:03-04:00,4.831734211656881
2011-04-21 17:49:06-04:00,4.891880280681656
2011-04-21 17:49:09-04:00,4.95202634970643
2011-04-21 17:49:12-04:00,5.012172418731205
2011-04-21 17:49:15-04:00,5.072318487755979
2011-04-21 17:49:18-04:00,5.132464556780754
2011-04-21 17:49:21-04:00,5.1926106258055285
2011-04-21 17:49:24-04:00,5.252756694830302
2011-04-21 17:49:27-04:00,5.312902763855077
2011-04-21 17:49:30-04:00,5.373048832879851
2011-04-21 17:49:33-04:00,5.433194901904626
2011-04-21 17:49:36-04:00,5.493340970929401
2011-04-21 17:49:39-04:00,5.553487039954175
2011-04-21 17:49:42-04:00,5.6136331089789495
2011-04-21 17:49:45-04:00,5.6737791780037234
2011-04-21 17:49:48-04:00,5.733925247028498
2011-04-21 17:49:51-04:00,5.794071316053272
2011-04-21 17:49:54-04:00,5.854217385078047
2011-04-21 17:49:57-04:00,5.914363454102822
2011-04-21 17:50:00-04:00,5.974509523127596
2011-04-21 17:50:03-04:00,6.034655592152371
2011-04-21 17:50:06-04:00,6.0948016611771445
2011-04-21 17:50:09-04:00,6.154947730201919
2011-04-21 17:50:12-04:00,6.215093799226694
2011-04-21 17:50:15-04:00,6.275239868251468
2011-04-21 17:50:18-04:00,6.335385937276243
2011-04-21 17:50:21-04:00,6.395532006301017
2011-04-21 17:50:24-04:00,6.455678075325792
2011-04-21 17:50:27-04:00,6.5158241443505664
2011-04-21 17:50:30-04:00,6.57597021337534
2011-04-21 17:50:33-04:00,6.636116282400115
2011-04-21 17:50:36-04:00,6.696262351424889
2011-04-21 17:50:39-04:00,6.756408420449664
2011-04-21 17:50:42-04:00,6.816554489474439
2011-04-21 17:50:45-04:00,6.876700558499213
2011-04-21 17:50:48-04:00,6.9368466275239875
2011-04-21 17:50:51-04:00,6.996992696548761
2011-04-21 17:50:54-04:00,7.057138765573536
2011-04-21 17:50:57-04:00,7.117284834598311
2011-04-21 17:51:00-04:00,7.177430903623085
2011-04-21 17:51:03-04:00,7.23757697264786
2011-04-21 17:51:06-04:00,7.297723041672634
2011-04-21 17:51:09-04:00,7.357869110697409
2011-04-21 17:51:12-04:00,7.4180151797221825
2011-04-21 17:51:15-04:00,7.478161248746957
2011-04-21 17:51:18-04:00,7.538307317771732
2011-04-21 17:51:21-04:00,7.598453386796506
2011-04-21 17:51:24-04:00,7.658599455821281
2011-04-21 17:51:27-04:00,7.718745524846055
2011-04-21 17:51:30-04:00,7.77889159387083
2011-04-21 17:51:33-04:00,7.839037662895604
2011-04-21 17:51:36-04:00,7.899183731920378
2011-04-21 17:51:39-04:00,7.959329800945153
2011-04-21 17:51:42-04:00,8.019475869969927
2011-04-21 17:51:45-04:00,8.079621938994702
2011-04-21 17:51:48-04:00,8.139768008019477
2011-04-21 17:51:51-04:00,8.199914077044252
2011-04-21 17:51:54-04:00,8.260060146069025
2011-04-21 17:51:57-04:00,8.3202062150938
2011-04-21 17:52:00-04:00,8.380352284118574
2011-04-21 17:52:03-04:00,8.440498353143349
2011-04-21 17:52:06-04:00,8.500644422168124
2011-04-21 17:52:09-04:00,8.560790491192897
2011-04-21 17:52:12-04:00,8.620936560217672
2011-04-21 17:52:15-04:00,8.681082629242447
2011-04-21 17:52:18-04:00,8.741228698267221
2011-04-21 17:52:21-04:00,8.801374767291996
2011-04-21 17:52:24-04:00,8.86152083631677
2011-04-21 17:52:27-04:00,8.921666905341544
2011-04-21 17:52:30-04:00,8.981812974366319
2011-04-21 17:52:33-04:00,9.041959043391094
2011-04-21 17:52:36-04:00,9.102105112415869
2011-04-21 17:52:39-04:00,9.162251181440642
2011-04-21 17:52:42-04:00,9.222397250465416
2011-04-21 17:52:45-04:00,9.282543319490191
2011-04-21 17:52:48-04:00,9.342689388514966
2011-04-21 17:52:51-04:00,9.40283545753974
2011-04-21 17:52:54-04:00,9.462981526564514
2011-04-21 17:52:57-04:00,9.523127595589289
2011-04-21 17:53:00-04:00,9.583273664614063
2011-04-21 17:53:03-04:00,9.643419733638838
2011-04-21 17:53:06-04:00,9.703565802663613
2011-04-21 17:53:09-04:00,9.763711871688386
2011-04-21 17:53:12-04:00,9.823857940713161
2011-04-21 17:53:15-04:00,9.884004009737936
2011-04-21 17:53:18-04:00,9.94415007876271
2011-04-21 17:53:21-04:00,10.004296147787484
2011-04-21 17:53:24-04:00,10.064442216812258
2011-04-21 17:53:27-04:00,10.124588285837033
2011-04-21 17:53:30-04:00,10.184734354861808
2011-04-21 17:53:33-04:00,10.244880423886583
2011-04-21 17:53:36-04:00,10.305026492911356
2011-04-21 17:53:39-04:00,10.36517256193613
2011-04-21 17:53:42-04:00,10.425318630960906
2011-04-21 17:53:45-04:00,10.48546469998568
2011-04-21 17:53:48-04:00,10.545610769010455
2011-04-21 17:53:51-04:00,10.605756838035228
2011-04-21 17:53:54-04:00,10.665902907060003
2011-04-21 17:53:57-04:00,10.726048976084778
2011-04-21 17:54:00-04:00,10.786195045109553
2011-04-21 17:54:03-04:00,10.846341114134328
2011-04-21 17:54:06-04:00,10.9064871831591
2011-04-21 17:54:09-04:00,10.966633252183875
2011-04-21 17:54:12-04:00,11.02677932120865
2011-04-21 17:54:15-04:00,11.086925390233425
2011-04-21 17:54:18-04:00,11.1470714592582
2011-04-21 17:54:21-04:00,11.207217528282973
2011-04-21 17:54:24-04:00,11.267363597307748
2011-04-21 17:54:27-04:00,11.327509666332523
2011-04-21 17:54:30-04:00,11.387655735357297
2011-04-21 17:54:33-04:00,11.447801804382072
2011-04-21 17:54:36-04:00,11.507947873406845
2011-04-21 17:54:39-04:00,11.56809394243162
2011-04-21 17:54:42-04:00,11.628240011456395
2011-04-21 17:54:45-04:00,11.68838608048117
2011-04-21 17:54:48-04:00,11.748532149505944
2011-04-21 17:54:51-04:00,11.808678218530718
2011-04-21 17:54:54-04:00,11.868824287555492
2011-04-21 17:54:57-04:00,11.928970356580267
2011-04-21 17:55:00-04:00,11.989116425605042
2011-04-21 17:55:03-04:00,12.049262494629817
2011-04-21 17:55:06-04:00,12.10940856365459
2011-04-21 17:55:09-04:00,12.169554632679365
2011-04-21 17:55:12-04:00,12.22970070170414
2011-04-21 17:55:15-04:00,12.289846770728914
2011-04-21 17:55:18-04:00,12.349992839753689
2011-04-21 17:55:21-04:00,12.410138908778462
2011-04-21 17:55:24-04:00,12.470284977803237
2011-04-21 17:55:27-04:00,12.530431046828012
2011-04-21 17:55:30-04:00,12.590577115852787
2011-04-21 17:55:33-04:00,12.650723184877561
2011-04-21 17:55:36-04:00,12.710869253902334
2011-04-21 17:55:39-04:00,12.77101532292711
2011-04-21 17:55:42-04:00,12.831161391951884
2011-04-21 17:55:45-04:00,12.891307460976659
2011-04-21 17:55:48-04:00,12.951453530001434
2011-04-21 17:55:51-04:00,13.011599599026207
2011-04-21 17:55:54-04:00,13.071745668050982
2011-04-21 17:55:57-04:00,13.131891737075756
2011-04-21 17:56:00-04:00,13.192037806100531
2011-04-21 17:56:03-04:00,13.252183875125306
2011-04-21 17:56:06-04:00,13.312329944150079
2011-04-21 17:56:09-04:00,13.372476013174854
2011-04-21 17:56:12-04:00,13.432622082199629
2011-04-21 17:56:15-04:00,13.492768151224404
2011-04-21 17:56:18-04:00,13.552914220249177
2011-04-21 17:56:21-04:00,13.613060289273951
2011-04-21 17:56:24-04:00,13.673206358298726
2011-04-21 17:56:27-04:00,13.733352427323501
2011-04-21 17:56:30-04:00,13.793498496348276
2011-04-21 17:56:33-04:00,13.853644565373049
2011-04-21 17:56:36-04:00,13.913790634397824
2011-04-21 17:56:39-04:00,13.973936703422599
2011-04-21 17:56:42-04:00,14.034082772447373
2011-04-21 17:56:45-04:00,14.094228841472148
2011-04-21 17:56:48-04:00,14.154374910496921
2011-04-21 17:56:51-04:00,14.214520979521696
2011-04-21 17:56:54-04:00,14.27466704854647
2011-04-21 17:56:57-04:00,14.334813117571246
2011-04-21 17:57:00-04:00,14.39495918659602
2011-04-21 17:57:03-04:00,14.455105255620794
2011-04-21 17:57:06-04:00,14.515251324645568
2011-04-21 17:57:09-04:00,14.575397393670343
2011-04-21 17:57:12-04:00,14.635543462695118
2011-04-21 17:57:15-04:00,14.695689531719893
2011-04-21 17:57:18-04:00,14.755835600744666
2011-04-21 17:57:21-04:00,14.81598166976944
2011-04-21 17:57:24-04:00,14.876127738794215
2011-04-21 17:57:27-04:00,14.93627380781899
2011-04-21 17:57:30-04:00,14.996419876843765
2011-04-21 17:57:33-04:00,15.056565945868538
2011-04-21 17:57:36-04:00,15.116712014893313
2011-04-21 17:57:39-04:00,15.176858083918088
2011-04-21 17:57:42-04:00,15.237004152942863
2011-04-21 17:57:45-04:00,15.297150221967637
2011-04-21 17:57:48-04:00,15.35729629099241
2011-04-21 17:57:51-04:00,15.417442360017185
2011-04-21 17:57:54-04:00,15.47758842904196
2011-04-21 17:57:57-04:00,15.537734498066735
2011-04-21 17:58:00-04:00,15.59788056709151
2011-04-21 17:58:03-04:00,15.658026636116283
2011-04-21 17:58:06-04:00,15.718172705141058
2011-04-21 17:58:09-04:00,15.778318774165832
2011-04-21 17:58:12-04:00,15.838464843190607
2011-04-21 17:58:15-04:00,15.898610912215382
2011-04-21 17:58:18-04:00,15.958756981240155
2011-04-21 17:58:21-04:00,16.01890305026493
2011-04-21 17:58:24-04:00,16.079049119289703
2011-04-21 17:58:27-04:00,16.139195188314478
2011-04-21 17:58:30-04:00,16.199341257339253
2011-04-21 17:58:33-04:00,16.259487326364027
2011-04-21 17:58:36-04:00,16.319633395388802
2011-04-21 17:58:39-04:00,16.379779464413577
2011-04-21 17:58:42-04:00,16.439925533438352
2011-04-21 17:58:45-04:00,16.500071602463127
2011-04-21 17:58:48-04:00,16.5602176714879
2011-04-21 17:58:51-04:00,16.620363740512676
2011-04-21 17:58:54-04:00,16.680509809537448
2011-04-21 17:58:57-04:00,16.740655878562222
2011-04-21 17:59:00-04:00,16.800801947586997
2011-04-21 17:59:03-04:00,16.860948016611772
2011-04-21 17:59:06-04:00,16.921094085636547
2011-04-21 17:59:09-04:00,16.98124015466132
2011-04-21 17:59:12-04:00,17.041386223686096
2011-04-21 17:59:15-04:00,17.10153229271087
2011-04-21 17:59:18-04:00,17.161678361735646
2011-04-21 17:59:21-04:00,17.22182443076042
2011-04-21 17:59:24-04:00,17.281970499785192
2011-04-21 17:59:27-04:00,17.342116568809967
2011-04-21 17:59:30-04:00,17.402262637834742
2011-04-21 17:59:33-04:00,17.462408706859517
2011-04-21 17:59:36-04:00,17.52255477588429
2011-04-21 17:59:39-04:00,17.582700844909066
2011-04-21 17:59:42-04:00,17.64284691393384
2011-04-21 17:59:45-04:00,17.702992982958616
2011-04-21 17:59:48-04:00,17.76313905198339
2011-04-21 17:59:51-04:00,17.823285121008166
2011-04-21 17:59:54-04:00,17.883431190032937
2011-04-21 17:59:57-04:00,17.94357725905771
2011-04-21 18:00:00-04:00,18.003723328082486
2011-04-21 18:00:03-04:00,18.06386939710726
2011-04-21 18:00:06-04:00,18.124015466132036
2011-04-21 18:00:09-04:00,18.18416153515681
2011-04-21 18:00:12-04:00,18.244307604181586
2011-04-21 18:00:15-04:00,18.30445367320636
2011-04-21 18:00:18-04:00,18.364599742231135
2011-04-21 18:00:21-04:00,18.42474581125591
2011-04-21 18:00:24-04:00,18.48489188028068
2011-04-21 18:00:27-04:00,18.545037949305456
2011-04-21 18:00:30-04:00,18.60518401833023
2011-04-21 18:00:33-04:00,18.665330087355006
2011-04-21 18:00:36-04:00,18.72547615637978
2011-04-21 18:00:39-04:00,18.785622225404556
2011-04-21 18:00:42-04:00,18.84576829442933
2011-04-21 18:00:45-04:00,18.905914363454105
2011-04-21 18:00:48-04:00,18.96606043247888
2011-04-21 18:00:51-04:00,19.02620650150365
2011-04-21 18:00:54-04:00,19.086352570528426
2011-04-21 18:00:57-04:00,19.1464986395532
2011-04-21 18:01:00-04:00,19.206644708577976
2011-04-21 18:01:03-04:00,19.26679077760275
2011-04-21 18:01:06-04:00,19.326936846627525
2011-04-21 18:01:09-04:00,19.3870829156523
2011-04-21 18:01:12-04:00,19.447228984677075
2011-04-21 18:01:15-04:00,19.50737505370185
2011-04-21 18:01:18-04:00,19.567521122726625
2011-04-21 18:01:21-04:00,19.627667191751396
2011-04-21 18:01:24-04:00,19.68781326077617
2011-04-21 18:01:27-04:00,19.747959329800945
2011-04-21 18:01:30-04:00,19.80810539882572
2011-04-21 18:01:33-04:00,19.868251467850495
2011-04-21 18:01:36-04:00,19.92839753687527
2011-04-21 18:01:39-04:00,19.988543605900045
2011-04-21 18:01:42-04:00,20.04868967492482
2011-04-21 18:01:45-04:00,20.108835743949594
2011-04-21 18:01:48-04:00,20.16898181297437
2011-04-21 18:01:51-04:00,20.22912788199914
2011-04-21 18:01:54-04:00,20.289273951023915
2011-04-21 18:01:57-04:00,20.34942002004869
2011-04-21 18:02:00-04:00,20.409566089073465
2011-04-21 18:02:03-04:00,20.46971215809824
2011-04-21 18:02:06-04:00,20.529858227123015
2011-04-21 18:02:09-04:00,20.59000429614779
2011-04-21 18:02:12-04:00,20.650150365172564
2011-04-21 18:02:15-04:00,20.71029643419734
2011-04-21 18:02:18-04:00,20.770442503222114
2011-04-21 18:02:21-04:00,20.830588572246885
2011-04-21 18:02:24-04:00,20.89073464127166
2011-04-21 18:02:27-04:00,20.950880710296435
2011-04-21 18:02:30-04:00,21.01102677932121
2011-04-21 18:02:33-04:00,21.071172848345984
2011-04-21 18:02:36-04:00,21.13131891737076
2011-04-21 18:02:39-04:00,21.191464986395534
2011-04-21 18:02:42-04:00,21.25161105542031
2011-04-21 18:02:45-04:00,21.311757124445084
2011-04-21 18:02:48-04:00,21.37190319346986
2011-04-21 18:02:51-04:00,21.43204926249463
2011-04-21 18:02:54-04:00,21.492195331519405
2011-04-21 18:02:57-04:00,21.55234140054418
2011-04-21 18:03:00-04:00,21.612487469568954
2011-04-21 18:03:03-04:00,21.67263353859373
2011-04-21 18:03:06-04:00,21.732779607618504
2011-04-21 18:03:09-04:00,21.79292567664328
2011-04-21 18:03:12-04:00,21.853071745668053
2011-04-21 18:03:15-04:00,21.91321781469283
2011-04-21 18:03:18-04:00,21.973363883717603
2011-04-21 18:03:21-04:00,22.033509952742374
2011-04-21 18:03:24-04:00,22.09365602176715
2011-04-21 18:03:27-04:00,22.153802090791924
2011-04-21 18:03:30-04:00,22.2139481598167
2011-04-21 18:03:33-04:00,22.274094228841474
2011-04-21 18:03:36-04:00,22.33424029786625
2011-04-21 18:03:39-04:00,22.394386366891023
2011-04-21 18:03:42-04:00,22.454532435915798
2011-04-21 18:03:45-04:00,22.514678504940573
2011-04-21 18:03:48-04:00,22.574824573965344
2011-04-21 18:03:51-04:00,22.63497064299012
2011-04-21 18:03:54-04:00,22.695116712014894
2011-04-21 18:03:57-04:00,22.75526278103967
2011-04-21 18:04:00-04:00,22.815408850064443
2011-04-21 18:04:03-04:00,22.87555491908922
2011-04-21 18:04:06-04:00,22.935700988113993
2011-04-21 18:04:09-04:00,22.995847057138768
2011-04-21 18:04:12-04:00,23.055993126163543
2011-04-21 18:04:15-04:00,23.116139195188318
2011-04-21 18:04:18-04:00,23.17628526421309
2011-04-21 18:04:21-04:00,23.236431333237864
2011-04-21 18:04:24-04:00,23.29657740226264
2011-04-21 18:04:27-04:00,23.356723471287413
2011-04-21 18:04:30-04:00,23.416869540312188
2011-04-21 18:04:33-04:00,23.477015609336963
2011-04-21 18:04:36-04:00,23.537161678361738
2011-04-21 18:04:39-04:00,23.597307747386512
2011-04-21 18:04:42-04:00,23.657453816411287
2011-04-21 18:04:45-04:00,23.717599885436062
2011-04-21 18:04:48-04:00,23.777745954460833
2011-04-21 18:04:51-04:00,23.837892023485608
2011-04-21 18:04:54-04:00,23.898038092510383
2011-04-21 18:04:57-04:00,23.958184161535158
2011-04-21 18:05:00-04:00,24.018330230559933
2011-04-21 18:05:03-04:00,24.078476299584707
2011-04-21 18:05:06-04:00,24.138622368609482
2011-04-21 18:05:09-04:00,24.198768437634257
2011-04-21 18:05:12-04:00,24.258914506659032
2011-04-21 18:05:15-04:00,24.319060575683807
2011-04-21 18:05:18-04:00,24.379206644708578
2011-04-21 18:05:21-04:00,24.439352713733353
2011-04-21 18:05:24-04:00,24.499498782758128
2011-04-21 18:05:27-04:00,24.559644851782902
2011-04-21 18:05:30-04:00,24.619790920807677
2011-04-21 18:05:33-04:00,24.679936989832452
2011-04-21 18:05:36-04:00,24.740083058857227
2011-04-21 18:05:39-04:00,24.800229127882
2011-04-21 18:05:42-04:00,24.860375196906777
2011-04-21 18:05:45-04:00,24.92052126593155
2011-04-21 18:05:48-04:00,24.980667334956323
2011-04-21 18:05:51-04:00,25.040813403981097
2011-04-21 18:05:54-04:00,25.100959473005872
2011-04-21 18:05:57-04:00,25.161105542030647
2011-04-21 18:06:00-04:00,25.221251611055422
2011-04-21 18:06:03-04:00,25.281397680080197
2011-04-21 18:06:06-04:00,25.34154374910497
2011-04-21 18:06:09-04:00,25.401689818129746
2011-04-21 18:06:12-04:00,25.46183588715452
2011-04-21 18:06:15-04:00,25.521981956179296
2011-04-21 18:06:18-04:00,25.582128025204067
2011-04-21 18:06:21-04:00,25.642274094228842
2011-04-21 18:06:24-04:00,25.702420163253617
2011-04-21 18:06:27-04:00,25.76256623227839
2011-04-21 18:06:30-04:00,25.822712301303167
2011-04-21 18:06:33-04:00,25.88285837032794
2011-04-21 18:06:36-04:00,25.943004439352716
2011-04-21 18:06:39-04:00,26.00315050837749
2011-04-21 18:06:42-04:00,26.063296577402266
2011-04-21 18:06:45-04:00,26.123442646427037
2011-04-21 18:06:48-04:00,26.183588715451812
2011-04-21 18:06:51-04:00,26.243734784476587
2011-04-21 18:06:54-04:00,26.30388085350136
2011-04-21 18:06:57-04:00,26.364026922526136
2011-04-21 18:07:00-04:00,26.42417299155091
2011-04-21 18:07:03-04:00,26.484319060575686
2011-04-21 18:07:06-04:00,26.54446512960046
2011-04-21 18:07:09-04:00,26.604611198625236
2011-04-21 18:07:12-04:00,26.66475726765001
2011-04-21 18:07:15-04:00,26.72490333667478
2011-04-21 18:07:18-04:00,26.785049405699557
2011-04-21 18:07:21-04:00,26.84519547472433
2011-04-21 18:07:24-04:00,26.905341543749106
2011-04-21 18:07:27-04:00,26.96548761277388
2011-04-21 18:07:30-04:00,27.025633681798656
2011-04-21 18:07:33-04:00,27.08577975082343
2011-04-21 18:07:36-04:00,27.145925819848205
2011-04-21 18:07:39-04:00,27.20607188887298
2011-04-21 18:07:42-04:00,27.266217957897755
2011-04-21 18:07:45-04:00,27.326364026922526
2011-04-21 18:07:48-04:00,27.3865100959473
2011-04-21 18:07:51-04:00,27.446656164972076
2011-04-21 18:07:54-04:00,27.50680223399685
2011-04-21 18:07:57-04:00,27.566948303021626
2011-04-21 18:08:00-04:00,27.6270943720464
2011-04-21 18:08:03-04:00,27.687240441071175
2011-04-21 18:08:06-04:00,27.74738651009595
2011-04-21 18:08:09-04:00,27.807532579120725
2011-04-21 18:08:12-04:00,27.8676786481455
2011-04-21 18:08:15-04:00,27.92782471717027
2011-04-21 18:08:18-04:00,27.987970786195046
2011-04-21 18:08:21-04:00,28.04811685521982
2011-04-21 18:08:24-04:00,28.108262924244595
2011-04-21 18:08:27-04:00,28.16840899326937
2011-04-21 18:08:30-04:00,28.228555062294145
2011-04-21 18:08:33-04:00,28.28870113131892
2011-04-21 18:08:36-04:00,28.348847200343695
2011-04-21 18:08:39-04:00,28.40899326936847
2011-04-21 18:08:42-04:00,28.469139338393244
2011-04-21 18:08:45-04:00,28.529285407418016
2011-04-21 18:08:48-04:00,28.58943147644279
2011-04-21 18:08:51-04:00,28.649577545467565
2011-04-21 18:08:54-04:00,28.70972361449234
2011-04-21 18:08:57-04:00,28.769869683517115
2011-04-21 18:09:00-04:00,28.83001575254189
2011-04-21 18:09:03-04:00,28.890161821566664
2011-04-21 18:09:06-04:00,28.95030789059144
2011-04-21 18:09:09-04:00,29.010453959616214
2011-04-21 18:09:12-04:00,29.07060002864099
2011-04-21 18:09:15-04:00,29.13074609766576
2011-04-21 18:09:18-04:00,29.190892166690535
2011-04-21 18:09:21-04:00,29.25103823571531
2011-04-21 18:09:24-04:00,29.311184304740085
2011-04-21 18:09:27-04:00,29.37133037376486
2011-04-21 18:09:30-04:00,29.431476442789634
2011-04-21 18:09:33-04:00,29.49162251181441
2011-04-21 18:09:36-04:00,29.551768580839184
2011-04-21 18:09:39-04:00,29.61191464986396
2011-04-21 18:09:42-04:00,29.67206071888873
2011-04-21 18:09:45-04:00,29.732206787913505
2011-04-21 18:09:48-04:00,29.79235285693828
2011-04-21 18:09:51-04:00,29.852498925963054
2011-04-21 18:09:54-04:00,29.91264499498783
2011-04-21 18:09:57-04:00,29.972791064012604
2011-04-21 18:10:00-04:00,30.03293713303738
2011-04-21 18:10:03-04:00,30.093083202062154
2011-04-21 18:10:06-04:00,30.15322927108693
2011-04-21 18:10:09-04:00,30.213375340111703
2011-04-21 18:10:12-04:00,30.273521409136475
2011-04-21 18:10:15-04:00,30.33366747816125
2011-04-21 18:10:18-04:00,30.393813547186024
2011-04-21 18:10:21-04:00,30.4539596162108
2011-04-21 18:10:24-04:00,30.514105685235574
2011-04-21 18:10:27-04:00,30.57425175426035
2011-04-21 18:10:30-04:00,30.634397823285124
2011-04-21 18:10:33-04:00,30.6945438923099
2011-04-21 18:10:36-04:00,30.754689961334673
2011-04-21 18:10:39-04:00,30.814836030359448
2011-04-21 18:10:42-04:00,30.87498209938422
2011-04-21 18:10:45-04:00,30.935128168408994
2011-04-21 18:10:48-04:00,30.99527423743377
2011-04-21 18:10:51-04:00,31.055420306458544
2011-04-21 18:10:54-04:00,31.11556637548332
2011-04-21 18:10:57-04:00,31.175712444508093
2011-04-21 18:11:00-04:00,31.235858513532868
2011-04-21 18:11:03-04:00,31.296004582557643
2011-04-21 18:11:06-04:00,31.356150651582418
2011-04-21 18:11:09-04:00,31.416296720607193
2011-04-21 18:11:12-04:00,31.476442789631964
2011-04-21 18:11:15-04:00,31.53658885865674
2011-04-21 18:11:18-04:00,31.596734927681513
2011-04-21 18:11:21-04:00,31.65688099670629
2011-04-21 18:11:24-04:00,31.717027065731063
2011-04-21 18:11:27-04:00,31.777173134755838
2011-04-21 18:11:30-04:00,31.837319203780613
2011-04-21 18:11:33-04:00,31.897465272805388
2011-04-21 18:11:36-04:00,31.957611341830162
2011-04-21 18:11:39-04:00,32.017757410854934
2011-04-21 18:11:42-04:00,32.07790347987971
2011-04-21 18:11:45-04:00,32.13804954890448
2011-04-21 18:11:48-04:00,32.19819561792926
2011-04-21 18:11:51-04:00,32.25834168695403
2011-04-21 18:11:54-04:00,32.31848775597881
2011-04-21 18:11:57-04:00,32.37863382500358
2011-04-21 18:12:00-04:00,32.43877989402836
2011-04-21 18:12:03-04:00,32.49892596305313
2011-04-21 18:12:06-04:00,32.55907203207791
2011-04-21 18:12:09-04:00,32.61921810110268
2011-04-21 18:12:12-04:00,32.67936417012746
2011-04-21 18:12:15-04:00,32.73951023915223
2011-04-21 18:12:18-04:00,32.799656308177006
2011-04-21 18:12:21-04:00,32.85980237720178
2011-04-21 18:12:24-04:00,32.919948446226556
2011-04-21 18:12:27-04:00,32.980094515251324
2011-04-21 18:12:30-04:00,33.0402405842761
2011-04-21 18:12:33-04:00,33.10038665330087
2011-04-21 18:12:36-04:00,33.16053272232565
2011-04-21 18:12:39-04:00,33.22067879135042
2011-04-21 18:12:42-04:00,33.2808248603752
2011-04-21 18:12:45-04:00,33.34097092939997
2011-04-21 18:12:48-04:00,33.40111699842475
2011-04-21 18:12:51-04:00,33.46126306744952
2011-04-21 18:12:54-04:00,33.5214091364743
2011-04-21 18:12:57-04:00,33.58155520549907
2011-04-21 18:13:00-04:00,33.64170127452385
2011-04-21 18:13:03-04:00,33.70184734354862
2011-04-21 18:13:06-04:00,33.761993412573396
2011-04-21 18:13:09-04:00,33.82213948159817
2011-04-21 18:13:12-04:00,33.882285550622946
2011-04-21 18:13:15-04:00,33.94243161964772
2011-04-21 18:13:18-04:00,34.002577688672496
2011-04-21 18:13:21-04:00,34.06272375769727
2011-04-21 18:13:24-04:00,34.12286982672204
2011-04-21 18:13:27-04:00,34.18301589574681
2011-04-21 18:13:30-04:00,34.24316196477159
2011-04-21 18:13:33-04:00,34.30330803379636
2011-04-21 18:13:36-04:00,34.36345410282114
2011-04-21 18:13:39-04:00,34.42360017184591
2011-04-21 18:13:42-04:00,34.48374624087069
2011-04-21 18:13:45-04:00,34.54389230989546
2011-04-21 18:13:48-04:00,34.60403837892024
2011-04-21 18:13:51-04:00,34.66418444794501
2011-04-21 18:13:54-04:00,34.724330516969786
2011-04-21 18:13:57-04:00,34.78447658599456
2011-04-21 18:14:00-04:00,34.844622655019336
2011-04-21 18:14:03-04:00,34.90476872404411
2011-04-21 18:14:06-04:00,34.964914793068886
2011-04-21 18:14:09-04:00,35.02506086209366
2011-04-21 18:14:12-04:00,35.085206931118435
2011-04-21 18:14:15-04:00,35.14535300014321
2011-04-21 18:14:18-04:00,35.205499069167985
2011-04-21 18:14:21-04:00,35.26564513819276
2011-04-21 18:14:24-04:00,35.32579120721753
2011-04-21 18:14:27-04:00,35.3859372762423
2011-04-21 18:14:30-04:00,35.44608334526708
2011-04-21 18:14:33-04:00,35.50622941429185
2011-04-21 18:14:36-04:00,35.56637548331663
2011-04-21 18:14:39-04:00,35.6265215523414
2011-04-21 18:14:42-04:00,35.686667621366176
2011-04-21 18:14:45-04:00,35.74681369039095
2011-04-21 18:14:48-04:00,35.806959759415726
2011-04-21 18:14:51-04:00,35.8671058284405
2011-04-21 18:14:54-04:00,35.927251897465275
2011-04-21 18:14:57-04:00,35.98739796649005
2011-04-21 18:15:00-04:00,36.047544035514825
2011-04-21 18:15:03-04:00,36.1076901045396
2011-04-21 18:15:06-04:00,36.167836173564375
2011-04-21 18:15:09-04:00,36.22798224258915
2011-04-21 18:15:12-04:00,36.288128311613924
2011-04-21 18:15:15-04:00,36.3482743806387
2011-04-21 18:15:18-04:00,36.408420449663474
2011-04-21 18:15:21-04:00,36.46856651868825
2011-04-21 18:15:24-04:00,36.52871258771302
2011-04-21 18:15:27-04:00,36.58885865673779
2011-04-21 18:15:30-04:00,36.649004725762566
2011-04-21 18:15:33-04:00,36.70915079478734
2011-04-21 18:15:36-04:00,36.769296863812116
2011-04-21 18:15:39-04:00,36.82944293283689
2011-04-21 18:15:42-04:00,36.889589001861665
2011-04-21 18:15:45-04:00,36.94973507088644
2011-04-21 18:15:48-04:00,37.009881139911215
2011-04-21 18:15:51-04:00,37.07002720893599
2011-04-21 18:15:54-04:00,37.130173277960765
2011-04-21 18:15:57-04:00,37.19031934698554
2011-04-21 18:16:00-04:00,37.250465416010314
2011-04-21 18:16:03-04:00,37.31061148503509
2011-04-21 18:16:06-04:00,37.370757554059864
2011-04-21 18:16:09-04:00,37.43090362308464
2011-04-21 18:16:12-04:00,37.491049692109414
2011-04-21 18:16:15-04:00,37.55119576113419
2011-04-21 18:16:18-04:00,37.61134183015896
2011-04-21 18:16:21-04:00,37.67148789918373
2011-04-21 18:16:24-04:00,37.731633968208506
2011-04-21 18:16:27-04:00,37.79178003723328
2011-04-21 18:16:30-04:00,37.851926106258055
2011-04-21 18:16:33-04:00,37.91207217528283
2011-04-21 18:16:36-04:00,37.972218244307605
2011-04-21 18:16:39-04:00,38.03236431333238
2011-04-21 18:16:42-04:00,38.092510382357155
2011-04-21 18:16:45-04:00,38.15265645138193
2011-04-21 18:16:48-04:00,38.212802520406704
2011-04-21 18:16:51-04:00,38.27294858943148
2011-04-21 18:16:54-04:00,38.333094658456254
2011-04-21 18:16:57-04:00,38.39324072748103
2011-04-21 18:17:00-04:00,38.453386796505804
2011-04-21 18:17:03-04:00,38.51353286553058
2011-04-21 18:17:06-04:00,38.57367893455535
2011-04-21 18:17:09-04:00,38.63382500358013
2011-04-21 18:17:12-04:00,38.6939710726049
2011-04-21 18:17:15-04:00,38.75411714162968
2011-04-21 18:17:18-04:00,38.81426321065445
2011-04-21 18:17:21-04:00,38.87440927967922
2011-04-21 18:17:24-04:00,38.934555348703995
2011-04-21 18:17:27-04:00,38.99470141772877
2011-04-21 18:17:30-04:00,39.054847486753545
2011-04-21 18:17:33-04:00,39.11499355577832
2011-04-21 18:17:36-04:00,39.175139624803094
2011-04-21 18:17:39-04:00,39.23528569382787
2011-04-21 18:17:42-04:00,39.295431762852644
2011-04-21 18:17:45-04:00,39.35557783187742
2011-04-21 18:17:48-04:00,39.415723900902194
2011-04-21 18:17:51-04:00,39.47586996992697
2011-04-21 18:17:54-04:00,39.53601603895174
2011-04-21 18:17:57-04:00,39.59616210797652
2011-04-21 18:18:00-04:00,39.65630817700129
2011-04-21 18:18:03-04:00,39.71645424602607
2011-04-21 18:18:06-04:00,39.77660031505084
2011-04-21 18:18:09-04:00,39.83674638407562
2011-04-21 18:18:12-04:00,39.89689245310039
2011-04-21 18:18:15-04:00,39.95703852212517
2011-04-21 18:18:18-04:00,40.017184591149935
2011-04-21 18:18:21-04:00,40.07733066017471
2011-04-21 18:18:24-04:00,40.137476729199484
2011-04-21 18:18:27-04:00,40.19762279822426
2011-04-21 18:18:30-04:00,40.257768867249034
2011-04-21 18:18:33-04:00,40.31791493627381
2011-04-21 18:18:36-04:00,40.37806100529858
2011-04-21 18:18:39-04:00,40.43820707432336
2011-04-21 18:18:42-04:00,40.49835314334813
2011-04-21 18:18:45-04:00,40.55849921237291
2011-04-21 18:18:48-04:00,40.61864528139768
2011-04-21 18:18:51-04:00,40.67879135042246
2011-04-21 18:18:54-04:00,40.73893741944723
2011-04-21 18:18:57-04:00,40.79908348847201
2011-04-21 18:19:00-04:00,40.85922955749678
2011-04-21 18:19:03-04:00,40.91937562652156
2011-04-21 18:19:06-04:00,40.97952169554633
2011-04-21 18:19:09-04:00,41.03966776457111
2011-04-21 18:19:12-04:00,41.09981383359588
2011-04-21 18:19:15-04:00,41.159959902620656
2011-04-21 18:19:18-04:00,41.220105971645424
2011-04-21 18:19:21-04:00,41.2802520406702
2011-04-21 18:19:24-04:00,41.34039810969497
2011-04-21 18:19:27-04:00,41.40054417871975
2011-04-21 18:19:30-04:00,41.46069024774452
2011-04-21 18:19:33-04:00,41.5208363167693
2011-04-21 18:19:36-04:00,41.58098238579407
2011-04-21 18:19:39-04:00,41.64112845481885
2011-04-21 18:19:42-04:00,41.70127452384362
2011-04-21 18:19:45-04:00,41.7614205928684
2011-04-21 18:19:48-04:00,41.82156666189317
2011-04-21 18:19:51-04:00,41.88171273091795
2011-04-21 18:19:54-04:00,41.94185879994272
2011-04-21 18:19:57-04:00,42.0020048689675
2011-04-21 18:20:00-04:00,42.06215093799227
2011-04-21 18:20:03-04:00,42.122297007017046
2011-04-21 18:20:06-04:00,42.18244307604182
2011-04-21 18:20:09-04:00,42.242589145066596
2011-04-21 18:20:12-04:00,42.30273521409137
2011-04-21 18:20:15-04:00,42.362881283116145
2011-04-21 18:20:18-04:00,42.42302735214091
2011-04-21 18:20:21-04:00,42.48317342116569
2011-04-21 18:20:24-04:00,42.54331949019046
2011-04-21 18:20:27-04:00,42.60346555921524
2011-04-21 18:20:30-04:00,42.66361162824001
2011-04-21 18:20:33-04:00,42.72375769726479
2011-04-21 18:20:36-04:00,42.78390376628956
2011-04-21 18:20:39-04:00,42.84404983531434
2011-04-21 18:20:42-04:00,42.90419590433911
2011-04-21 18:20:45-04:00,42.96434197336389
2011-04-21 18:20:48-04:00,43.02448804238866
2011-04-21 18:20:51-04:00,43.084634111413436
2011-04-21 18:20:54-04:00,43.14478018043821
2011-04-21 18:20:57-04:00,43.204926249462986
2011-04-21 18:21:00-04:00,43.26507231848776
2011-04-21 18:21:03-04:00,43.325218387512535
2011-04-21 18:21:06-04:00,43.38536445653731
2011-04-21 18:21:09-04:00,43.445510525562085
2011-04-21 18:21:12-04:00,43.50565659458686
2011-04-21 18:21:15-04:00,43.56580266361163
2011-04-21 18:21:18-04:00,43.6259487326364
2011-04-21 18:21:21-04:00,43.68609480166118
2011-04-21 18:21:24-04:00,43.74624087068595
2011-04-21 18:21:27-04:00,43.80638693971073
2011-04-21 18:21:30-04:00,43.8665330087355
2011-04-21 18:21:33-04:00,43.92667907776028
2011-04-21 18:21:36-04:00,43.98682514678505
2011-04-21 18:21:39-04:00,44.046971215809826
2011-04-21 18:21:42-04:00,44.1071172848346
2011-04-21 18:21:45-04:00,44.167263353859376
2011-04-21 18:21:48-04:00,44.22740942288415
2011-04-21 18:21:51-04:00,44.287555491908925
2011-04-21 18:21:54-04:00,44.3477015609337
2011-04-21 18:21:57-04:00,44.407847629958475
2011-04-21 18:22:00-04:00,44.46799369898325
2011-04-21 18:22:03-04:00,44.528139768008025
2011-04-21 18:22:06-04:00,44.5882858370328
2011-04-21 18:22:09-04:00,44.648431906057574
2011-04-21 18:22:12-04:00,44.70857797508235
2011-04-21 18:22:15-04:00,44.76872404410712
2011-04-21 18:22:18-04:00,44.82887011313189
2011-04-21 18:22:21-04:00,44.889016182156666
2011-04-21 18:22:24-04:00,44.94916225118144
2011-04-21 18:22:27-04:00,45.009308320206216
2011-04-21 18:22:30-04:00,45.06945438923099
2011-04-21 18:22:33-04:00,45.129600458255766
2011-04-21 18:22:36-04:00,45.18974652728054
2011-04-21 18:22:39-04:00,45.249892596305315
2011-04-21 18:22:42-04:00,45.31003866533009
2011-04-21 18:22:45-04:00,45.370184734354865
2011-04-21 18:22:48-04:00,45.43033080337964
2011-04-21 18:22:51-04:00,45.490476872404415
2011-04-21 18:22:54-04:00,45.55062294142919
2011-04-21 18:22:57-04:00,45.610769010453964
2011-04-21 18:23:00-04:00,45.67091507947874
2011-04-21 18:23:03-04:00,45.731061148503514
2011-04-21 18:23:06-04:00,45.79120721752829
2011-04-21 18:23:09-04:00,45.85135328655306
2011-04-21 18:23:12-04:00,45.91149935557784
2011-04-21 18:23:15-04:00,45.971645424602606
2011-04-21 18:23:18-04:00,46.03179149362738
2011-04-21 18:23:21-04:00,46.091937562652156
2011-04-21 18:23:24-04:00,46.15208363167693
2011-04-21 18:23:27-04:00,46.212229700701705
2011-04-21 18:23:30-04:00,46.27237576972648
2011-04-21 18:23:33-04:00,46.332521838751255
2011-04-21 18:23:36-04:00,46.39266790777603
2011-04-21 18:23:39-04:00,46.452813976800805
2011-04-21 18:23:42-04:00,46.51296004582558
2011-04-21 18:23:45-04:00,46.573106114850354
2011-04-21 18:23:48-04:00,46.63325218387513
2011-04-21 18:23:51-04:00,46.693398252899904
2011-04-21 18:23:54-04:00,46.75354432192468
2011-04-21 18:23:57-04:00,46.81369039094945
2011-04-21 18:24:00-04:00,46.87383645997423
2011-04-21 18:24:03-04:00,46.933982528999
2011-04-21 18:24:06-04:00,46.99412859802378
2011-04-21 18:24:09-04:00,47.05427466704855
2011-04-21 18:24:12-04:00,47.11442073607332
2011-04-21 18:24:15-04:00,47.174566805098095
2011-04-21 18:24:18-04:00,47.23471287412287
2011-04-21 18:24:21-04:00,47.294858943147645
2011-04-21 18:24:24-04:00,47.35500501217242
2011-04-21 18:24:27-04:00,47.415151081197195
2011-04-21 18:24:30-04:00,47.47529715022197
2011-04-21 18:24:33-04:00,47.535443219246744
2011-04-21 18:24:36-04:00,47.59558928827152
2011-04-21 18:24:39-04:00,47.655735357296294
2011-04-21 18:24:42-04:00,47.71588142632107
2011-04-21 18:24:45-04:00,47.77602749534584
2011-04-21 18:24:48-04:00,47.83617356437062
2011-04-21 18:24:51-04:00,47.89631963339539
2011-04-21 18:24:54-04:00,47.95646570242017
2011-04-21 18:24:57-04:00,48.01661177144494
2011-04-21 18:25:00-04:00,48.07675784046972
2011-04-21 18:25:03-04:00,48.13690390949449
2011-04-21 18:25:06-04:00,48.19704997851927
2011-04-21 18:25:09-04:00,48.25719604754404
2011-04-21 18:25:12-04:00,48.31734211656881
2011-04-21 18:25:15-04:00,48.377488185593585
2011-04-21 18:25:18-04:00,48.43763425461836
2011-04-21 18:25:21-04:00,48.497780323643134
2011-04-21 18:25:24-04:00,48.55792639266791
2011-04-21 18:25:27-04:00,48.618072461692684
2011-04-21 18:25:30-04:00,48.67821853071746
2011-04-21 18:25:33-04:00,48.73836459974223
2011-04-21 18:25:36-04:00,48.79851066876701
2011-04-21 18:25:39-04:00,48.85865673779178
2011-04-21 18:25:42-04:00,48.91880280681656
2011-04-21 18:25:45-04:00,48.97894887584133
2011-04-21 18:25:48-04:00,49.03909494486611
2011-04-21 18:25:51-04:00,49.09924101389088
2011-04-21 18:25:54-04:00,49.15938708291566
2011-04-21 18:25:57-04:00,49.21953315194043
2011-04-21 18:26:00-04:00,49.27967922096521
2011-04-21 18:26:03-04:00,49.33982528998998
2011-04-21 18:26:06-04:00,49.399971359014756
2011-04-21 18:26:09-04:00,49.46011742803953
2011-04-21 18:26:12-04:00,49.5202634970643
2011-04-21 18:26:15-04:00,49.580409566089074
2011-04-21 18:26:18-04:00,49.64055563511385
2011-04-21 18:26:21-04:00,49.70070170413862
2011-04-21 18:26:24-04:00,49.7608477731634
2011-04-21 18:26:27-04:00,49.82099384218817
2011-04-21 18:26:30-04:00,49.88113991121295
2011-04-21 18:26:33-04:00,49.94128598023772
2011-04-21 18:26:36-04:00,50.0014320492625
2011-04-21 18:26:39-04:00,50.06157811828727
2011-04-21 18:26:42-04:00,50.12172418731205
2011-04-21 18:26:45-04:00,50.18187025633682
2011-04-21 18:26:48-04:00,50.2420163253616
2011-04-21 18:26:51-04:00,50.30216239438637
2011-04-21 18:26:54-04:00,50.362308463411146
2011-04-21 18:26:57-04:00,50.42245453243592
2011-04-21 18:27:00-04:00,50.482600601460696
2011-04-21 18:27:03-04:00,50.54274667048547
2011-04-21 18:27:06-04:00,50.602892739510246
2011-04-21 18:27:09-04:00,50.66303880853501
2011-04-21 18:27:12-04:00,50.72318487755979
2011-04-21 18:27:15-04:00,50.78333094658456
2011-04-21 18:27:18-04:00,50.84347701560934
2011-04-21 18:27:21-04:00,50.90362308463411
2011-04-21 18:27:24-04:00,50.96376915365889
2011-04-21 18:27:27-04:00,51.02391522268366
2011-04-21 18:27:30-04:00,51.08406129170844
2011-04-21 18:27:33-04:00,51.14420736073321
2011-04-21 18:27:36-04:00,51.20435342975799
2011-04-21 18:27:39-04:00,51.26449949878276
2011-04-21 18:27:42-04:00,51.324645567807536
2011-04-21 18:27:45-04:00,51.38479163683231
2011-04-21 18:27:48-04:00,51.444937705857086
2011-04-21 18:27:51-04:00,51.50508377488186
2011-04-21 18:27:54-04:00,51.565229843906636
2011-04-21 18:27:57-04:00,51.62537591293141
2011-04-21 18:28:00-04:00,51.685521981956185
2011-04-21 18:28:03-04:00,51.74566805098096
2011-04-21 18:28:06-04:00,51.805814120005735
2011-04-21 18:28:09-04:00,51.8659601890305
2011-04-21 18:28:12-04:00,51.92610625805528
2011-04-21 18:28:15-04:00,51.98625232708005
2011-04-21 18:28:18-04:00,52.04639839610483
2011-04-21 18:28:21-04:00,52.1065444651296
2011-04-21 18:28:24-04:00,52.16669053415438
2011-04-21 18:28:27-04:00,52.22683660317915
2011-04-21 18:28:30-04:00,52.286982672203926
2011-04-21 18:28:33-04:00,52.3471287412287
2011-04-21 18:28:36-04:00,52.407274810253476
2011-04-21 18:28:39-04:00,52.46742087927825
2011-04-21 18:28:42-04:00,52.527566948303026
2011-04-21 18:28:45-04:00,52.5877130173278
2011-04-21 18:28:48-04:00,52.647859086352575
2011-04-21 18:28:51-04:00,52.70800515537735
2011-04-21 18:28:54-04:00,52.768151224402125
2011-04-21 18:28:57-04:00,52.8282972934269
2011-04-21 18:29:00-04:00,52.888443362451675
2011-04-21 18:29:03-04:00,52.94858943147645
2011-04-21 18:29:06-04:00,53.008735500501224
2011-04-21 18:29:09-04:00,53.06888156952599
2011-04-21 18:29:12-04:00,53.12902763855077
2011-04-21 18:29:15-04:00,53.18917370757554
2011-04-21 18:29:18-04:00,53.249319776600316
2011-04-21 18:29:21-04:00,53.30946584562509
2011-04-21 18:29:24-04:00,53.369611914649866
2011-04-21 18:29:27-04:00,53.42975798367464
2011-04-21 18:29:30-04:00,53.489904052699416
2011-04-21 18:29:33-04:00,53.55005012172419
2011-04-21 18:29:36-04:00,53.610196190748965
2011-04-21 18:29:39-04:00,53.67034225977374
2011-04-21 18:29:42-04:00,53.730488328798515
2011-04-21 18:29:45-04:00,53.79063439782329
2011-04-21 18:29:48-04:00,53.850780466848065
2011-04-21 18:29:51-04:00,53.91092653587284
2011-04-21 18:29:54-04:00,53.971072604897614
2011-04-21 18:29:57-04:00,54.03121867392239
2011-04-21 18:30:00-04:00,54.091364742947164
2011-04-21 18:30:03-04:00,54.15151081197194
2011-04-21 18:30:06-04:00,54.211656880996706
2011-04-21 18:30:09-04:00,54.27180295002148
2011-04-21 18:30:12-04:00,54.331949019046256
2011-04-21 18:30:15-04:00,54.39209508807103
2011-04-21 18:30:18-04:00,54.452241157095806
2011-04-21 18:30:21-04:00,54.51238722612058
2011-04-21 18:30:24-04:00,54.572533295145355
2011-04-21 18:30:27-04:00,54.63267936417013
2011-04-21 18:30:30-04:00,54.692825433194905
2011-04-21 18:30:33-04:00,54.75297150221968
2011-04-21 18:30:36-04:00,54.813117571244454
2011-04-21 18:30:39-04:00,54.87326364026923
2011-04-21 18:30:42-04:00,54.933409709294004
2011-04-21 18:30:45-04:00,54.99355577831878
2011-04-21 18:30:48-04:00,55.053701847343554
2011-04-21 18:30:51-04:00,55.11384791636833
2011-04-21 18:30:54-04:00,55.1739939853931
2011-04-21 18:30:57-04:00,55.23414005441788
2011-04-21 18:31:00-04:00,55.29428612344265
2011-04-21 18:31:03-04:00,55.35443219246743
2011-04-21 18:31:06-04:00,55.414578261492196
2011-04-21 18:31:09-04:00,55.47472433051697
2011-04-21 18:31:12-04:00,55.534870399541745
2011-04-21 18:31:15-04:00,55.59501646856652
2011-04-21 18:31:18-04:00,55.655162537591295
2011-04-21 18:31:21-04:00,55.71530860661607
2011-04-21 18:31:24-04:00,55.775454675640844
2011-04-21 18:31:27-04:00,55.83560074466562
2011-04-21 18:31:30-04:00,55.895746813690394
2011-04-21 18:31:33-04:00,55.95589288271517
2011-04-21 18:31:36-04:00,56.016038951739944
2011-04-21 18:31:39-04:00,56.07618502076472
2011-04-21 18:31:42-04:00,56.13633108978949
2011-04-21 18:31:45-04:00,56.19647715881427
2011-04-21 18:31:48-04:00,56.25662322783904
2011-04-21 18:31:51-04:00,56.31676929686382
2011-04-21 18:31:54-04:00,56.37691536588859
2011-04-21 18:31:57-04:00,56.43706143491337
2011-04-21 18:32:00-04:00,56.49720750393814
2011-04-21 18:32:03-04:00,56.55735357296292
2011-04-21 18:32:06-04:00,56.617499641987685
2011-04-21 18:32:09-04:00,56.67764571101246
2011-04-21 18:32:12-04:00,56.737791780037234
2011-04-21 18:32:15-04:00,56.79793784906201
2011-04-21 18:32:18-04:00,56.858083918086784
2011-04-21 18:32:21-04:00,56.91822998711156
2011-04-21 18:32:24-04:00,56.978376056136334
2011-04-21 18:32:27-04:00,57.03852212516111
2011-04-21 18:32:30-04:00,57.09866819418588
2011-04-21 18:32:33-04:00,57.15881426321066
2011-04-21 18:32:36-04:00,57.21896033223543
2011-04-21 18:32:39-04:00,57.27910640126021
2011-04-21 18:32:42-04:00,57.33925247028498
2011-04-21 18:32:45-04:00,57.39939853930976
2011-04-21 18:32:48-04:00,57.45954460833453
2011-04-21 18:32:51-04:00,57.51969067735931
2011-04-21 18:32:54-04:00,57.57983674638408
2011-04-21 18:32:57-04:00,57.63998281540886
2011-04-21 18:33:00-04:00,57.70012888443363
2011-04-21 18:33:03-04:00,57.7602749534584
2011-04-21 18:33:06-04:00,57.820421022483174
2011-04-21 18:33:09-04:00,57.88056709150795
2011-04-21 18:33:12-04:00,57.940713160532724
2011-04-21 18:33:15-04:00,58.0008592295575
2011-04-21 18:33:18-04:00,58.06100529858227
2011-04-21 18:33:21-04:00,58.12115136760705
2011-04-21 18:33:24-04:00,58.18129743663182
2011-04-21 18:33:27-04:00,58.2414435056566
2011-04-21 18:33:30-04:00,58.30158957468137
2011-04-21 18:33:33-04:00,58.36173564370615
2011-04-21 18:33:36-04:00,58.42188171273092
2011-04-21 18:33:39-04:00,58.4820277817557
2011-04-21 18:33:42-04:00,58.54217385078047
2011-04-21 18:33:45-04:00,58.60231991980525
2011-04-21 18:33:48-04:00,58.66246598883002
2011-04-21 18:33:51-04:00,58.722612057854796
2011-04-21 18:33:54-04:00,58.78275812687957
2011-04-21 18:33:57-04:00,58.842904195904346
2011-04-21 18:34:00-04:00,58.90305026492912
2011-04-21 18:34:03-04:00,58.96319633395389
2011-04-21 18:34:06-04:00,59.02334240297866
2011-04-21 18:34:09-04:00,59.08348847200344
2011-04-21 18:34:12-04:00,59.14363454102821
2011-04-21 18:34:15-04:00,59.20378061005299
2011-04-21 18:34:18-04:00,59.26392667907776
2011-04-21 18:34:21-04:00,59.32407274810254
2011-04-21 18:34:24-04:00,59.38421881712731
2011-04-21 18:34:27-04:00,59.44436488615209
2011-04-21 18:34:30-04:00,59.50451095517686
2011-04-21 18:34:33-04:00,59.56465702420164
2011-04-21 18:34:36-04:00,59.62480309322641
2011-04-21 18:34:39-04:00,59.684949162251186
2011-04-21 18:34:42-04:00,59.74509523127596
2011-04-21 18:34:45-04:00,59.805241300300736
2011-04-21 18:34:48-04:00,59.86538736932551
2011-04-21 18:34:51-04:00,59.925533438350286
2011-04-21 18:34:54-04:00,59.98567950737506
2011-04-21 18:34:57-04:00,60.045825576399835
2011-04-21 18:35:00-04:00,60.10597164542461
2011-04-21 18:35:03-04:00,60.16611771444938
2011-04-21 18:35:06-04:00,60.22626378347415
2011-04-21 18:35:09-04:00,60.28640985249893
2011-04-21 18:35:12-04:00,60.3465559215237
2011-04-21 18:35:15-04:00,60.40670199054848
2011-04-21 18:35:18-04:00,60.46684805957325
2011-04-21 18:35:21-04:00,60.52699412859803
2011-04-21 18:35:24-04:00,60.5871401976228
2011-04-21 18:35:27-04:00,60.647286266647576
2011-04-21 18:35:30-04:00,60.70743233567235
2011-04-21 18:35:33-04:00,60.767578404697126
2011-04-21 18:35:36-04:00,60.8277244737219
2011-04-21 18:35:39-04:00,60.887870542746676
2011-04-21 18:35:42-04:00,60.94801661177145
2011-04-21 18:35:45-04:00,61.008162680796225
2011-04-21 18:35:48-04:00,61.068308749821
2011-04-21 18:35:51-04:00,61.128454818845775
2011-04-21 18:35:54-04:00,61.18860088787055
2011-04-21 18:35:57-04:00,61.248746956895324
2011-04-21 18:36:00-04:00,61.30889302592009
2011-04-21 18:36:03-04:00,61.36903909494487
2011-04-21 18:36:06-04:00,61.42918516396964
2011-04-21 18:36:09-04:00,61.48933123299442
2011-04-21 18:36:12-04:00,61.54947730201919
2011-04-21 18:36:15-04:00,61.609623371043966
2011-04-21 18:36:18-04:00,61.66976944006874
2011-04-21 18:36:21-04:00,61.729915509093516
2011-04-21 18:36:24-04:00,61.79006157811829
2011-04-21 18:36:27-04:00,61.850207647143066
2011-04-21 18:36:30-04:00,61.91035371616784
2011-04-21 18:36:33-04:00,61.970499785192615
2011-04-21 18:36:36-04:00,62.03064585421739
2011-04-21 18:36:39-04:00,62.090791923242165
2011-04-21 18:36:42-04:00,62.15093799226694
2011-04-21 18:36:45-04:00,62.211084061291714
2011-04-21 18:36:48-04:00,62.27123013031649
2011-04-21 18:36:51-04:00,62.331376199341264
2011-04-21 18:36:54-04:00,62.39152226836604
2011-04-21 18:36:57-04:00,62.451668337390814
2011-04-21 18:37:00-04:00,62.51181440641558
2011-04-21 18:37:03-04:00,62.571960475440356
2011-04-21 18:37:06-04:00,62.63210654446513
2011-04-21 18:37:09-04:00,62.692252613489906
2011-04-21 18:37:12-04:00,62.75239868251468
2011-04-21 18:37:15-04:00,62.812544751539455
2011-04-21 18:37:18-04:00,62.87269082056423
2011-04-21 18:37:21-04:00,62.932836889589005
2011-04-21 18:37:24-04:00,62.99298295861378
2011-04-21 18:37:27-04:00,63.053129027638555
2011-04-21 18:37:30-04:00,63.11327509666333
2011-04-21 18:37:33-04:00,63.173421165688104
2011-04-21 18:37:36-04:00,63.23356723471288
2011-04-21 18:37:39-04:00,63.293713303737654
2011-04-21 18:37:42-04:00,63.35385937276243
2011-04-21 18:37:45-04:00,63.414005441787204
2011-04-21 18:37:48-04:00,63.47415151081198
2011-04-21 18:37:51-04:00,63.53429757983675
2011-04-21 18:37:54-04:00,63.59444364886153
2011-04-21 18:37:57-04:00,63.6545897178863
2011-04-21 18:38:00-04:00,63.71473578691107
2011-04-21 18:38:03-04:00,63.774881855935845
2011-04-21 18:38:06-04:00,63.83502792496062
2011-04-21 18:38:09-04:00,63.895173993985395
2011-04-21 18:38:12-04:00,63.95532006301017
2011-04-21 18:38:15-04:00,64.01546613203494
2011-04-21 18:38:18-04:00,64.07561220105973
2011-04-21 18:38:21-04:00,64.1357582700845
2011-04-21 18:38:24-04:00,64.19590433910928
2011-04-21 18:38:27-04:00,64.25605040813404
2011-04-21 18:38:30-04:00,64.31619647715881
2011-04-21 18:38:33-04:00,64.3763425461836
2011-04-21 18:38:36-04:00,64.43648861520836
2011-04-21 18:38:39-04:00,64.49663468423314
2011-04-21 18:38:42-04:00,64.55678075325791
2011-04-21 18:38:45-04:00,64.6169268222827
2011-04-21 18:38:48-04:00,64.67707289130746
2011-04-21 18:38:51-04:00,64.73721896033224
2011-04-21 18:38:54-04:00,64.79736502935701
2011-04-21 18:38:57-04:00,64.85751109838179
2011-04-21 18:39:00-04:00,64.91765716740656
2011-04-21 18:39:03-04:00,64.97780323643134
2011-04-21 18:39:06-04:00,65.03794930545611
2011-04-21 18:39:09-04:00,65.09809537448089
2011-04-21 18:39:12-04:00,65.15824144350566
2011-04-21 18:39:15-04:00,65.21838751253044
2011-04-21 18:39:18-04:00,65.27853358155521
2011-04-21 18:39:21-04:00,65.33867965057999
2011-04-21 18:39:24-04:00,65.39882571960476
2011-04-21 18:39:27-04:00,65.45897178862953
2011-04-21 18:39:30-04:00,65.51911785765431
2011-04-21 18:39:33-04:00,65.57926392667908
2011-04-21 18:39:36-04:00,65.63940999570386
2011-04-21 18:39:39-04:00,65.69955606472863
2011-04-21 18:39:42-04:00,65.75970213375341
2011-04-21 18:39:45-04:00,65.81984820277818
2011-04-21 18:39:48-04:00,65.87999427180296
2011-04-21 18:39:51-04:00,65.94014034082772
2011-04-21 18:39:54-04:00,66.0002864098525
2011-04-21 18:39:57-04:00,66.06043247887727
2011-04-21 18:40:00-04:00,66.12057854790206
2011-04-21 18:40:03-04:00,66.18072461692682
2011-04-21 18:40:06-04:00,66.2408706859516
2011-04-21 18:40:09-04:00,66.30101675497637
2011-04-21 18:40:12-04:00,66.36116282400116
2011-04-21 18:40:15-04:00,66.42130889302592
2011-04-21 18:40:18-04:00,66.4814549620507
2011-04-21 18:40:21-04:00,66.54160103107547
2011-04-21 18:40:24-04:00,66.60174710010025
2011-04-21 18:40:27-04:00,66.66189316912502
2011-04-21 18:40:30-04:00,66.72203923814979
2011-04-21 18:40:33-04:00,66.78218530717457
2011-04-21 18:40:36-04:00,66.84233137619934
2011-04-21 18:40:39-04:00,66.90247744522412
2011-04-21 18:40:42-04:00,66.96262351424889
2011-04-21 18:40:45-04:00,67.02276958327367
2011-04-21 18:40:48-04:00,67.08291565229844
2011-04-21 18:40:51-04:00,67.14306172132322
2011-04-21 18:40:54-04:00,67.20320779034799
2011-04-21 18:40:57-04:00,67.26335385937277
2011-04-21 18:41:00-04:00,67.32349992839754
2011-04-21 18:41:03-04:00,67.38364599742232
2011-04-21 18:41:06-04:00,67.44379206644709
2011-04-21 18:41:09-04:00,67.50393813547187
2011-04-21 18:41:12-04:00,67.56408420449664
2011-04-21 18:41:15-04:00,67.62423027352142
2011-04-21 18:41:18-04:00,67.68437634254619
2011-04-21 18:41:21-04:00,67.74452241157097
2011-04-21 18:41:24-04:00,67.80466848059574
2011-04-21 18:41:27-04:00,67.8648145496205
2011-04-21 18:41:30-04:00,67.92496061864529
2011-04-21 18:41:33-04:00,67.98510668767005
2011-04-21 18:41:36-04:00,68.04525275669484
2011-04-21 18:41:39-04:00,68.1053988257196
2011-04-21 18:41:42-04:00,68.16554489474439
2011-04-21 18:41:45-04:00,68.22569096376915
2011-04-21 18:41:48-04:00,68.28583703279394
2011-04-21 18:41:51-04:00,68.3459831018187
2011-04-21 18:41:54-04:00,68.40612917084349
2011-04-21 18:41:57-04:00,68.46627523986825
2011-04-21 18:42:00-04:00,68.52642130889303
2011-04-21 18:42:03-04:00,68.5865673779178
2011-04-21 18:42:06-04:00,68.64671344694258
2011-04-21 18:42:09-04:00,68.70685951596735
2011-04-21 18:42:12-04:00,68.76700558499213
2011-04-21 18:42:15-04:00,68.8271516540169
2011-04-21 18:42:18-04:00,68.88729772304168
2011-04-21 18:42:21-04:00,68.94744379206645
2011-04-21 18:42:24-04:00,69.00758986109122
2011-04-21 18:42:27-04:00,69.067735930116
2011-04-21 18:42:30-04:00,69.12788199914077
2011-04-21 18:42:33-04:00,69.18802806816555
2011-04-21 18:42:36-04:00,69.24817413719032
2011-04-21 18:42:39-04:00,69.3083202062151
2011-04-21 18:42:42-04:00,69.36846627523987
2011-04-21 18:42:45-04:00,69.42861234426465
2011-04-21 18:42:48-04:00,69.48875841328942
2011-04-21 18:42:51-04:00,69.5489044823142
2011-04-21 18:42:54-04:00,69.60905055133897
2011-04-21 18:42:57-04:00,69.66919662036375
2011-04-21 18:43:00-04:00,69.72934268938852
2011-04-21 18:43:03-04:00,69.7894887584133
2011-04-21 18:43:06-04:00,69.84963482743807
2011-04-21 18:43:09-04:00,69.90978089646285
2011-04-21 18:43:12-04:00,69.96992696548762
2011-04-21 18:43:15-04:00,70.0300730345124
2011-04-21 18:43:18-04:00,70.09021910353717
2011-04-21 18:43:21-04:00,70.15036517256195
2011-04-21 18:43:24-04:00,70.21051124158672
2011-04-21 18:43:27-04:00,70.27065731061148
2011-04-21 18:43:30-04:00,70.33080337963627
2011-04-21 18:43:33-04:00,70.39094944866103
2011-04-21 18:43:36-04:00,70.45109551768581
2011-04-21 18:43:39-04:00,70.51124158671058
2011-04-21 18:43:42-04:00,70.57138765573536
2011-04-21 18:43:45-04:00,70.63153372476013
2011-04-21 18:43:48-04:00,70.69167979378491
2011-04-21 18:43:51-04:00,70.75182586280968
2011-04-21 18:43:54-04:00,70.81197193183446
2011-04-21 18:43:57-04:00,70.87211800085923
2011-04-21 18:44:00-04:00,70.93226406988401
2011-04-21 18:44:03-04:00,70.99241013890878
2011-04-21 18:44:06-04:00,71.05255620793356
2011-04-21 18:44:09-04:00,71.11270227695833
2011-04-21 18:44:12-04:00,71.17284834598311
2011-04-21 18:44:15-04:00,71.23299441500788
2011-04-21 18:44:18-04:00,71.29314048403266
2011-04-21 18:44:21-04:00,71.35328655305743
2011-04-21 18:44:24-04:00,71.4134326220822
2011-04-21 18:44:27-04:00,71.47357869110698
2011-04-21 18:44:30-04:00,71.53372476013175
2011-04-21 18:44:33-04:00,71.59387082915653
2011-04-21 18:44:36-04:00,71.6540168981813
2011-04-21 18:44:39-04:00,71.71416296720608
2011-04-21 18:44:42-04:00,71.77430903623085
2011-04-21 18:44:45-04:00,71.83445510525563
2011-04-21 18:44:48-04:00,71.8946011742804
2011-04-21 18:44:51-04:00,71.95474724330518
2011-04-21 18:44:54-04:00,72.01489331232995
2011-04-21 18:44:57-04:00,72.07503938135473
2011-04-21 18:45:00-04:00,72.1351854503795
2011-04-21 18:45:03-04:00,72.19533151940428
2011-04-21 18:45:06-04:00,72.25547758842904
2011-04-21 18:45:09-04:00,72.31562365745383
2011-04-21 18:45:12-04:00,72.3757697264786
2011-04-21 18:45:15-04:00,72.43591579550338
2011-04-21 18:45:18-04:00,72.49606186452814
2011-04-21 18:45:21-04:00,72.55620793355291
2011-04-21 18:45:24-04:00,72.6163540025777
2011-04-21 18:45:27-04:00,72.67650007160246
2011-04-21 18:45:30-04:00,72.73664614062724
2011-04-21 18:45:33-04:00,72.79679220965201
2011-04-21 18:45:36-04:00,72.8569382786768
2011-04-21 18:45:39-04:00,72.91708434770156
2011-04-21 18:45:42-04:00,72.97723041672634
2011-04-21 18:45:45-04:00,73.03737648575111
2011-04-21 18:45:48-04:00,73.09752255477589
2011-04-21 18:45:51-04:00,73.15766862380066
2011-04-21 18:45:54-04:00,73.21781469282544
2011-04-21 18:45:57-04:00,73.27796076185021
2011-04-21 18:46:00-04:00,73.33810683087499
2011-04-21 18:46:03-04:00,73.39825289989976
2011-04-21 18:46:06-04:00,73.45839896892454
2011-04-21 18:46:09-04:00,73.51854503794931
2011-04-21 18:46:12-04:00,73.57869110697409
2011-04-21 18:46:15-04:00,73.63883717599886
2011-04-21 18:46:18-04:00,73.69898324502364
2011-04-21 18:46:21-04:00,73.75912931404841
2011-04-21 18:46:24-04:00,73.81927538307318
2011-04-21 18:46:27-04:00,73.87942145209796
2011-04-21 18:46:30-04:00,73.93956752112273
2011-04-21 18:46:33-04:00,73.99971359014751
2011-04-21 18:46:36-04:00,74.05985965917228
2011-04-21 18:46:39-04:00,74.12000572819706
2011-04-21 18:46:42-04:00,74.18015179722182
2011-04-21 18:46:45-04:00,74.2402978662466
2011-04-21 18:46:48-04:00,74.30044393527137
2011-04-21 18:46:51-04:00,74.36059000429616
2011-04-21 18:46:54-04:00,74.42073607332092
2011-04-21 18:46:57-04:00,74.4808821423457
2011-04-21 18:47:00-04:00,74.54102821137047
2011-04-21 18:47:03-04:00,74.60117428039526
2011-04-21 18:47:06-04:00,74.66132034942002
2011-04-21 18:47:09-04:00,74.7214664184448
2011-04-21 18:47:12-04:00,74.78161248746957
2011-04-21 18:47:15-04:00,74.84175855649436
2011-04-21 18:47:18-04:00,74.90190462551912
2011-04-21 18:47:21-04:00,74.96205069454389
2011-04-21 18:47:24-04:00,75.02219676356867
2011-04-21 18:47:27-04:00,75.08234283259344
2011-04-21 18:47:30-04:00,75.14248890161822
2011-04-21 18:47:33-04:00,75.20263497064299
2011-04-21 18:47:36-04:00,75.26278103966777
2011-04-21 18:47:39-04:00,75.32292710869254
2011-04-21 18:47:42-04:00,75.38307317771732
2011-04-21 18:47:45-04:00,75.44321924674209
2011-04-21 18:47:48-04:00,75.50336531576687
2011-04-21 18:47:51-04:00,75.56351138479164
2011-04-21 18:47:54-04:00,75.62365745381642
2011-04-21 18:47:57-04:00,75.68380352284119
2011-04-21 18:48:00-04:00,75.74394959186597
2011-04-21 18:48:03-04:00,75.80409566089074
2011-04-21 18:48:06-04:00,75.86424172991552
2011-04-21 18:48:09-04:00,75.92438779894029
2011-04-21 18:48:12-04:00,75.98453386796507
2011-04-21 18:48:15-04:00,76.04467993698984
2011-04-21 18:48:18-04:00,76.1048260060146
2011-04-21 18:48:21-04:00,76.16497207503939
2011-04-21 18:48:24-04:00,76.22511814406415
2011-04-21 18:48:27-04:00,76.28526421308894
2011-04-21 18:48:30-04:00,76.3454102821137
2011-04-21 18:48:33-04:00,76.40555635113849
2011-04-21 18:48:36-04:00,76.46570242016325
2011-04-21 18:48:39-04:00,76.52584848918804
2011-04-21 18:48:42-04:00,76.5859945582128
2011-04-21 18:48:45-04:00,76.64614062723759
2011-04-21 18:48:48-04:00,76.70628669626235
2011-04-21 18:48:51-04:00,76.76643276528713
2011-04-21 18:48:54-04:00,76.8265788343119
2011-04-21 18:48:57-04:00,76.88672490333668
2011-04-21 18:49:00-04:00,76.94687097236145
2011-04-21 18:49:03-04:00,77.00701704138623
2011-04-21 18:49:06-04:00,77.067163110411
2011-04-21 18:49:09-04:00,77.12730917943578
2011-04-21 18:49:12-04:00,77.18745524846055
2011-04-21 18:49:15-04:00,77.24760131748533
2011-04-21 18:49:18-04:00,77.3077473865101
2011-04-21 18:49:21-04:00,77.36789345553487
2011-04-21 18:49:24-04:00,77.42803952455965
2011-04-21 18:49:27-04:00,77.48818559358442
2011-04-21 18:49:30-04:00,77.5483316626092
2011-04-21 18:49:33-04:00,77.60847773163397
2011-04-21 18:49:36-04:00,77.66862380065875
2011-04-21 18:49:39-04:00,77.72876986968352
2011-04-21 18:49:42-04:00,77.7889159387083
2011-04-21 18:49:45-04:00,77.84906200773307
2011-04-21 18:49:48-04:00,77.90920807675785
2011-04-21 18:49:51-04:00,77.96935414578262
2011-04-21 18:49:54-04:00,78.0295002148074
2011-04-21 18:49:57-04:00,78.08964628383217
2011-04-21 18:50:00-04:00,78.14979235285695
2011-04-21 18:50:03-04:00,78.20993842188172
2011-04-21 18:50:06-04:00,78.2700844909065
2011-04-21 18:50:09-04:00,78.33023055993127
2011-04-21 18:50:12-04:00,78.39037662895605
2011-04-21 18:50:15-04:00,78.45052269798082
2011-04-21 18:50:18-04:00,78.51066876700558
2011-04-21 18:50:21-04:00,78.57081483603037
2011-04-21 18:50:24-04:00,78.63096090505513
2011-04-21 18:50:27-04:00,78.69110697407991
2011-04-21 18:50:30-04:00,78.75125304310468
2011-04-21 18:50:33-04:00,78.81139911212946
2011-04-21 18:50:36-04:00,78.87154518115423
2011-04-21 18:50:39-04:00,78.93169125017901
2011-04-21 18:50:42-04:00,78.99183731920378
2011-04-21 18:50:45-04:00,79.05198338822856
2011-04-21 18:50:48-04:00,79.11212945725333
2011-04-21 18:50:51-04:00,79.17227552627811
2011-04-21 18:50:54-04:00,79.23242159530288
2011-04-21 18:50:57-04:00,79.29256766432766
2011-04-21 18:51:00-04:00,79.35271373335243
2011-04-21 18:51:03-04:00,79.41285980237721
2011-04-21 18:51:06-04:00,79.47300587140198
2011-04-21 18:51:09-04:00,79.53315194042676
2011-04-21 18:51:12-04:00,79.59329800945153
2011-04-21 18:51:15-04:00,79.6534440784763
2011-04-21 18:51:18-04:00,79.71359014750108
2011-04-21 18:51:21-04:00,79.77373621652585
2011-04-21 18:51:24-04:00,79.83388228555063
2011-04-21 18:51:27-04:00,79.8940283545754
2011-04-21 18:51:30-04:00,79.95417442360018
2011-04-21 18:51:33-04:00,80.01432049262495
2011-04-21 18:51:36-04:00,80.07446656164973
2011-04-21 18:51:39-04:00,80.1346126306745
2011-04-21 18:51:42-04:00,80.19475869969928
2011-04-21 18:51:45-04:00,80.25490476872405
2011-04-21 18:51:48-04:00,80.31505083774883
2011-04-21 18:51:51-04:00,80.3751969067736
2011-04-21 18:51:54-04:00,80.43534297579838
2011-04-21 18:51:57-04:00,80.49548904482315
2011-04-21 18:52:00-04:00,80.55563511384793
2011-04-21 18:52:03-04:00,80.6157811828727
2011-04-21 18:52:06-04:00,80.67592725189748
2011-04-21 18:52:09-04:00,80.73607332092224
2011-04-21 18:52:12-04:00,80.79621938994703
2011-04-21 18:52:15-04:00,80.8563654589718
2011-04-21 18:52:18-04:00,80.91651152799656
2011-04-21 18:52:21-04:00,80.97665759702134
2011-04-21 18:52:24-04:00,81.03680366604611
2011-04-21 18:52:27-04:00,81.0969497350709
2011-04-21 18:52:30-04:00,81.15709580409566
2011-04-21 18:52:33-04:00,81.21724187312044
2011-04-21 18:52:36-04:00,81.27738794214521
2011-04-21 18:52:39-04:00,81.33753401116999
2011-04-21 18:52:42-04:00,81.39768008019476
2011-04-21 18:52:45-04:00,81.45782614921954
2011-04-21 18:52:48-04:00,81.51797221824431
2011-04-21 18:52:51-04:00,81.57811828726909
2011-04-21 18:52:54-04:00,81.63826435629386
2011-04-21 18:52:57-04:00,81.69841042531864
2011-04-21 18:53:00-04:00,81.75855649434341
2011-04-21 18:53:03-04:00,81.81870256336819
2011-04-21 18:53:06-04:00,81.87884863239296
2011-04-21 18:53:09-04:00,81.93899470141774
2011-04-21 18:53:12-04:00,81.99914077044251
2011-04-21 18:53:15-04:00,82.05928683946728
2011-04-21 18:53:18-04:00,82.11943290849206
2011-04-21 18:53:21-04:00,82.17957897751683
2011-04-21 18:53:24-04:00,82.23972504654161
2011-04-21 18:53:27-04:00,82.29987111556638
2011-04-21 18:53:30-04:00,82.36001718459116
2011-04-21 18:53:33-04:00,82.42016325361593
2011-04-21 18:53:36-04:00,82.48030932264071
2011-04-21 18:53:39-04:00,82.54045539166547
2011-04-21 18:53:42-04:00,82.60060146069026
2011-04-21 18:53:45-04:00,82.66074752971502
2011-04-21 18:53:48-04:00,82.7208935987398
2011-04-21 18:53:51-04:00,82.78103966776457
2011-04-21 18:53:54-04:00,82.84118573678936
2011-04-21 18:53:57-04:00,82.90133180581412
2011-04-21 18:54:00-04:00,82.9614778748389
2011-04-21 18:54:03-04:00,83.02162394386367
2011-04-21 18:54:06-04:00,83.08177001288846
2011-04-21 18:54:09-04:00,83.14191608191322
2011-04-21 18:54:12-04:00,83.20206215093799
2011-04-21 18:54:15-04:00,83.26220821996277
2011-04-21 18:54:18-04:00,83.32235428898754
2011-04-21 18:54:21-04:00,83.38250035801232
2011-04-21 18:54:24-04:00,83.44264642703709
2011-04-21 18:54:27-04:00,83.50279249606187
2011-04-21 18:54:30-04:00,83.56293856508664
2011-04-21 18:54:33-04:00,83.62308463411142
2011-04-21 18:54:36-04:00,83.68323070313619
2011-04-21 18:54:39-04:00,83.74337677216097
2011-04-21 18:54:42-04:00,83.80352284118574
2011-04-21 18:54:45-04:00,83.86366891021052
2011-04-21 18:54:48-04:00,83.92381497923529
2011-04-21 18:54:51-04:00,83.98396104826007
2011-04-21 18:54:54-04:00,84.04410711728484
2011-04-21 18:54:57-04:00,84.10425318630962
2011-04-21 18:55:00-04:00,84.16439925533439
2011-04-21 18:55:03-04:00,84.22454532435917
2011-04-21 18:55:06-04:00,84.28469139338394
2011-04-21 18:55:09-04:00,84.34483746240872
2011-04-21 18:55:12-04:00,84.40498353143349
2011-04-21 18:55:15-04:00,84.46512960045825
2011-04-21 18:55:18-04:00,84.52527566948304
2011-04-21 18:55:21-04:00,84.5854217385078
2011-04-21 18:55:24-04:00,84.64556780753259
2011-04-21 18:55:27-04:00,84.70571387655735
2011-04-21 18:55:30-04:00,84.76585994558214
2011-04-21 18:55:33-04:00,84.8260060146069
2011-04-21 18:55:36-04:00,84.88615208363169
2011-04-21 18:55:39-04:00,84.94629815265645
2011-04-21 18:55:42-04:00,85.00644422168124
2011-04-21 18:55:45-04:00,85.066590290706
2011-04-21 18:55:48-04:00,85.12673635973078
2011-04-21 18:55:51-04:00,85.18688242875555
2011-04-21 18:55:54-04:00,85.24702849778033
2011-04-21 18:55:57-04:00,85.3071745668051
2011-04-21 18:56:00-04:00,85.36732063582988
2011-04-21 18:56:03-04:00,85.42746670485465
2011-04-21 18:56:06-04:00,85.48761277387943
2011-04-21 18:56:09-04:00,85.5477588429042
2011-04-21 18:56:12-04:00,85.60790491192897
2011-04-21 18:56:15-04:00,85.66805098095375
2011-04-21 18:56:18-04:00,85.72819704997852
2011-04-21 18:56:21-04:00,85.7883431190033
2011-04-21 18:56:24-04:00,85.84848918802807
2011-04-21 18:56:27-04:00,85.90863525705285
2011-04-21 18:56:30-04:00,85.96878132607762
2011-04-21 18:56:33-04:00,86.0289273951024
2011-04-21 18:56:36-04:00,86.08907346412717
2011-04-21 18:56:39-04:00,86.14921953315195
2011-04-21 18:56:42-04:00,86.20936560217672
2011-04-21 18:56:45-04:00,86.2695116712015
2011-04-21 18:56:48-04:00,86.32965774022627
2011-04-21 18:56:51-04:00,86.38980380925105
2011-04-21 18:56:54-04:00,86.44994987827582
2011-04-21 18:56:57-04:00,86.5100959473006
2011-04-21 18:57:00-04:00,86.57024201632537
2011-04-21 18:57:03-04:00,86.63038808535015
2011-04-21 18:57:06-04:00,86.69053415437492
2011-04-21 18:57:09-04:00,86.75068022339968
2011-04-21 18:57:12-04:00,86.81082629242447
2011-04-21 18:57:15-04:00,86.87097236144923
2011-04-21 18:57:18-04:00,86.93111843047402
2011-04-21 18:57:21-04:00,86.99126449949878
2011-04-21 18:57:24-04:00,87.05141056852356
2011-04-21 18:57:27-04:00,87.11155663754833
2011-04-21 18:57:30-04:00,87.17170270657311
2011-04-21 18:57:33-04:00,87.23184877559788
2011-04-21 18:57:36-04:00,87.29199484462266
2011-04-21 18:57:39-04:00,87.35214091364743
2011-04-21 18:57:42-04:00,87.41228698267221
2011-04-21 18:57:45-04:00,87.47243305169698
2011-04-21 18:57:48-04:00,87.53257912072176
2011-04-21 18:57:51-04:00,87.59272518974653
2011-04-21 18:57:54-04:00,87.65287125877131
2011-04-21 18:57:57-04:00,87.71301732779608
2011-04-21 18:58:00-04:00,87.77316339682086
2011-04-21 18:58:03-04:00,87.83330946584563
2011-04-21 18:58:06-04:00,87.89345553487041
2011-04-21 18:58:09-04:00,87.95360160389518
2011-04-21 18:58:12-04:00,88.01374767291995
2011-04-21 18:58:15-04:00,88.07389374194473
2011-04-21 18:58:18-04:00,88.1340398109695
2011-04-21 18:58:21-04:00,88.19418587999428
2011-04-21 18:58:24-04:00,88.25433194901905
2011-04-21 18:58:27-04:00,88.31447801804383
2011-04-21 18:58:30-04:00,88.3746240870686
2011-04-21 18:58:33-04:00,88.43477015609338
2011-04-21 18:58:36-04:00,88.49491622511815
2011-04-21 18:58:39-04:00,88.55506229414293
2011-04-21 18:58:42-04:00,88.6152083631677
2011-04-21 18:58:45-04:00,88.67535443219248
2011-04-21 18:58:48-04:00,88.73550050121725
2011-04-21 18:58:51-04:00,88.79564657024203
2011-04-21 18:58:54-04:00,88.8557926392668
2011-04-21 18:58:57-04:00,88.91593870829158
2011-04-21 18:59:00-04:00,88.97608477731634
2011-04-21 18:59:03-04:00,89.03623084634113
2011-04-21 18:59:06-04:00,89.0963769153659
2011-04-21 18:59:09-04:00,89.15652298439066
2011-04-21 18:59:12-04:00,89.21666905341544
2011-04-21 18:59:15-04:00,89.27681512244021
2011-04-21 18:59:18-04:00,89.336961191465
2011-04-21 18:59:21-04:00,89.39710726048976
2011-04-21 18:59:24-04:00,89.45725332951454
2011-04-21 18:59:27-04:00,89.51739939853931
2011-04-21 18:59:30-04:00,89.5775454675641
2011-04-21 18:59:33-04:00,89.63769153658886
2011-04-21 18:59:36-04:00,89.69783760561364
2011-04-21 18:59:39-04:00,89.75798367463841
2011-04-21 18:59:42-04:00,89.81812974366319
2011-04-21 18:59:45-04:00,89.87827581268796
2011-04-21 18:59:48-04:00,89.93842188171274
2011-04-21 18:59:51-04:00,89.99856795073751
2011-04-21 18:59:54-04:00,90.05871401976229
2011-04-21 18:59:57-04:00,90.11886008878706
2011-04-21 19:00:00-04:00,90.17900615781184
2011-04-21 19:00:03-04:00,90.23915222683661
2011-04-21 19:00:06-04:00,90.29929829586138
2011-04-21 19:00:09-04:00,90.35944436488616
2011-04-21 19:00:12-04:00,90.41959043391093
2011-04-21 19:00:15-04:00,90.47973650293571
2011-04-21 19:00:18-04:00,90.53988257196048
2011-04-21 19:00:21-04:00,90.60002864098526
2011-04-21 19:00:24-04:00,90.66017471001003
2011-04-21 19:00:27-04:00,90.72032077903481
2011-04-21 19:00:30-04:00,90.78046684805958
2011-04-21 19:00:33-04:00,90.84061291708436
2011-04-21 19:00:36-04:00,90.90075898610912
2011-04-21 19:00:39-04:00,90.9609050551339
2011-04-21 19:00:42-04:00,91.02105112415867
2011-04-21 19:00:45-04:00,91.08119719318346
2011-04-21 19:00:48-04:00,91.14134326220822
2011-04-21 19:00:51-04:00,91.201489331233
2011-04-21 19:00:54-04:00,91.26163540025777
2011-04-21 19:00:57-04:00,91.32178146928256
2011-04-21 19:01:00-04:00,91.38192753830732
2011-04-21 19:01:03-04:00,91.4420736073321
2011-04-21 19:01:06-04:00,91.50221967635687
2011-04-21 19:01:09-04:00,91.56236574538164
2011-04-21 19:01:12-04:00,91.62251181440642
2011-04-21 19:01:15-04:00,91.68265788343119
2011-04-21 19:01:18-04:00,91.74280395245597
2011-04-21 19:01:21-04:00,91.80295002148074
2011-04-21 19:01:24-04:00,91.86309609050552
2011-04-21 19:01:27-04:00,91.92324215953029
2011-04-21 19:01:30-04:00,91.98338822855507
2011-04-21 19:01:33-04:00,92.04353429757984
2011-04-21 19:01:36-04:00,92.10368036660462
2011-04-21 19:01:39-04:00,92.16382643562939
2011-04-21 19:01:42-04:00,92.22397250465417
2011-04-21 19:01:45-04:00,92.28411857367894
2011-04-21 19:01:48-04:00,92.34426464270372
2011-04-21 19:01:51-04:00,92.40441071172849
2011-04-21 19:01:54-04:00,92.46455678075327
2011-04-21 19:01:57-04:00,92.52470284977804
2011-04-21 19:02:00-04:00,92.58484891880282
2011-04-21 19:02:03-04:00,92.64499498782759
2011-04-21 19:02:06-04:00,92.70514105685236
2011-04-21 19:02:09-04:00,92.76528712587714
2011-04-21 19:02:12-04:00,92.8254331949019
2011-04-21 19:02:15-04:00,92.88557926392669
2011-04-21 19:02:18-04:00,92.94572533295145
2011-04-21 19:02:21-04:00,93.00587140197624
2011-04-21 19:02:24-04:00,93.066017471001
2011-04-21 19:02:27-04:00,93.12616354002579
2011-04-21 19:02:30-04:00,93.18630960905055
2011-04-21 19:02:33-04:00,93.24645567807534
2011-04-21 19:02:36-04:00,93.3066017471001
2011-04-21 19:02:39-04:00,93.36674781612489
2011-04-21 19:02:42-04:00,93.42689388514965
2011-04-21 19:02:45-04:00,93.48703995417443
2011-04-21 19:02:48-04:00,93.5471860231992
2011-04-21 19:02:51-04:00,93.60733209222398
2011-04-21 19:02:54-04:00,93.66747816124875
2011-04-21 19:02:57-04:00,93.72762423027353
2011-04-21 19:03:00-04:00,93.7877702992983
2011-04-21 19:03:03-04:00,93.84791636832307
2011-04-21 19:03:06-04:00,93.90806243734785
2011-04-21 19:03:09-04:00,93.96820850637262
2011-04-21 19:03:12-04:00,94.0283545753974
2011-04-21 19:03:15-04:00,94.08850064442217
2011-04-21 19:03:18-04:00,94.14864671344695
2011-04-21 19:03:21-04:00,94.20879278247172
2011-04-21 19:03:24-04:00,94.2689388514965
2011-04-21 19:03:27-04:00,94.32908492052127
2011-04-21 19:03:30-04:00,94.38923098954605
2011-04-21 19:03:33-04:00,94.44937705857082
2011-04-21 19:03:36-04:00,94.5095231275956
2011-04-21 19:03:39-04:00,94.56966919662037
2011-04-21 19:03:42-04:00,94.62981526564515
2011-04-21 19:03:45-04:00,94.68996133466992
2011-04-21 19:03:48-04:00,94.7501074036947
2011-04-21 19:03:51-04:00,94.81025347271947
2011-04-21 19:03:54-04:00,94.87039954174425
2011-04-21 19:03:57-04:00,94.93054561076902
2011-04-21 19:04:00-04:00,94.9906916797938
2011-04-21 19:04:03-04:00,95.05083774881857
2011-04-21 19:04:06-04:00,95.11098381784333
2011-04-21 19:04:09-04:00,95.17112988686812
2011-04-21 19:04:12-04:00,95.23127595589288
2011-04-21 19:04:15-04:00,95.29142202491767
2011-04-21 19:04:18-04:00,95.35156809394243
2011-04-21 19:04:21-04:00,95.41171416296721
2011-04-21 19:04:24-04:00,95.47186023199198
2011-04-21 19:04:27-04:00,95.53200630101676
2011-04-21 19:04:30-04:00,95.59215237004153
2011-04-21 19:04:33-04:00,95.65229843906631
2011-04-21 19:04:36-04:00,95.71244450809108
2011-04-21 19:04:39-04:00,95.77259057711586
2011-04-21 19:04:42-04:00,95.83273664614063
2011-04-21 19:04:45-04:00,95.89288271516541
2011-04-21 19:04:48-04:00,95.95302878419018
2011-04-21 19:04:51-04:00,96.01317485321496
2011-04-21 19:04:54-04:00,96.07332092223973
2011-04-21 19:04:57-04:00,96.13346699126451
2011-04-21 19:05:00-04:00,96.19361306028928
2011-04-21 19:05:03-04:00,96.25375912931405
2011-04-21 19:05:06-04:00,96.31390519833883
2011-04-21 19:05:09-04:00,96.3740512673636
2011-04-21 19:05:12-04:00,96.43419733638838
2011-04-21 19:05:15-04:00,96.49434340541315
2011-04-21 19:05:18-04:00,96.55448947443793
2011-04-21 19:05:21-04:00,96.6146355434627
2011-04-21 19:05:24-04:00,96.67478161248748
2011-04-21 19:05:27-04:00,96.73492768151225
2011-04-21 19:05:30-04:00,96.79507375053703
2011-04-21 19:05:33-04:00,96.8552198195618
2011-04-21 19:05:36-04:00,96.91536588858658
2011-04-21 19:05:39-04:00,96.97551195761135
2011-04-21 19:05:42-04:00,97.03565802663613
2011-04-21 19:05:45-04:00,97.0958040956609
2011-04-21 19:05:48-04:00,97.15595016468568
2011-04-21 19:05:51-04:00,97.21609623371045
2011-04-21 19:05:54-04:00,97.27624230273523
2011-04-21 19:05:57-04:00,97.33638837176
2011-04-21 19:06:00-04:00,97.39653444078476
2011-04-21 19:06:03-04:00,97.45668050980954
2011-04-21 19:06:06-04:00,97.51682657883431
2011-04-21 19:06:09-04:00,97.5769726478591
2011-04-21 19:06:12-04:00,97.63711871688386
2011-04-21 19:06:15-04:00,97.69726478590864
2011-04-21 19:06:18-04:00,97.75741085493341
2011-04-21 19:06:21-04:00,97.8175569239582
2011-04-21 19:06:24-04:00,97.87770299298296
2011-04-21 19:06:27-04:00,97.93784906200774
2011-04-21 19:06:30-04:00,97.99799513103251
2011-04-21 19:06:33-04:00,98.05814120005729
2011-04-21 19:06:36-04:00,98.11828726908206
2011-04-21 19:06:39-04:00,98.17843333810684
2011-04-21 19:06:42-04:00,98.23857940713161
2011-04-21 19:06:45-04:00,98.29872547615639
2011-04-21 19:06:48-04:00,98.35887154518116
2011-04-21 19:06:51-04:00,98.41901761420594
2011-04-21 19:06:54-04:00,98.47916368323071
2011-04-21 19:06:57-04:00,98.53930975225549
2011-04-21 19:07:00-04:00,98.59945582128026
2011-04-21 19:07:03-04:00,98.65960189030503
2011-04-21 19:07:06-04:00,98.71974795932981
2011-04-21 19:07:09-04:00,98.77989402835458
2011-04-21 19:07:12-04:00,98.84004009737936
2011-04-21 19:07:15-04:00,98.90018616640413
2011-04-21 19:07:18-04:00,98.96033223542891
2011-04-21 19:07:21-04:00,99.02047830445368
2011-04-21 19:07:24-04:00,99.08062437347846
2011-04-21 19:07:27-04:00,99.14077044250323
2011-04-21 19:07:30-04:00,99.200916511528
2011-04-21 19:07:33-04:00,99.26106258055277
2011-04-21 19:07:36-04:00,99.32120864957756
2011-04-21 19:07:39-04:00,99.38135471860232
2011-04-21 19:07:42-04:00,99.4415007876271
2011-04-21 19:07:45-04:00,99.50164685665187
2011-04-21 19:07:48-04:00,99.56179292567666
2011-04-21 19:07:51-04:00,99.62193899470142
2011-04-21 19:07:54-04:00,99.6820850637262
2011-04-21 19:07:57-04:00,99.74223113275097
2011-04-21 19:08:00-04:00,99.80237720177574
2011-04-21 19:08:03-04:00,99.86252327080052
2011-04-21 19:08:06-04:00,99.92266933982529
2011-04-21 19:08:09-04:00,99.98281540885007
2011-04-21 19:08:12-04:00,100.04296147787484
2011-04-21 19:08:15-04:00,100.10310754689962
2011-04-21 19:08:18-04:00,100.16325361592439
2011-04-21 19:08:21-04:00,100.22339968494917
2011-04-21 19:08:24-04:00,100.28354575397394
2011-04-21 19:08:27-04:00,100.34369182299872
2011-04-21 19:08:30-04:00,100.40383789202349
2011-04-21 19:08:33-04:00,100.46398396104827
2011-04-21 19:08:36-04:00,100.52413003007304
2011-04-21 19:08:39-04:00,100.58427609909782
2011-04-21 19:08:42-04:00,100.64442216812259
2011-04-21 19:08:45-04:00,100.70456823714737
2011-04-21 19:08:48-04:00,100.76471430617214
2011-04-21 19:08:51-04:00,100.82486037519692
2011-04-21 19:08:54-04:00,100.88500644422169
2011-04-21 19:08:57-04:00,100.94515251324646
2011-04-21 19:09:00-04:00,101.00529858227124
2011-04-21 19:09:03-04:00,101.065444651296
2011-04-21 19:09:06-04:00,101.12559072032079
2011-04-21 19:09:09-04:00,101.18573678934555
2011-04-21 19:09:12-04:00,101.24588285837034
2011-04-21 19:09:15-04:00,101.3060289273951
2011-04-21 19:09:18-04:00,101.36617499641989
2011-04-21 19:09:21-04:00,101.42632106544465
2011-04-21 19:09:24-04:00,101.48646713446944
2011-04-21 19:09:27-04:00,101.5466132034942
2011-04-21 19:09:30-04:00,101.60675927251899
2011-04-21 19:09:33-04:00,101.66690534154375
2011-04-21 19:09:36-04:00,101.72705141056854
2011-04-21 19:09:39-04:00,101.7871974795933
2011-04-21 19:09:42-04:00,101.84734354861808
2011-04-21 19:09:45-04:00,101.90748961764285
2011-04-21 19:09:48-04:00,101.96763568666763
2011-04-21 19:09:51-04:00,102.0277817556924
2011-04-21 19:09:54-04:00,102.08792782471718
2011-04-21 19:09:57-04:00,102.14807389374195
2011-04-21 19:10:00-04:00,102.20821996276672
2011-04-21 19:10:03-04:00,102.2683660317915
2011-04-21 19:10:06-04:00,102.32851210081627
2011-04-21 19:10:09-04:00,102.38865816984105
2011-04-21 19:10:12-04:00,102.44880423886582
2011-04-21 19:10:15-04:00,102.5089503078906
2011-04-21 19:10:18-04:00,102.56909637691537
2011-04-21 19:10:21-04:00,102.62924244594015
2011-04-21 19:10:24-04:00,102.68938851496492
2011-04-21 19:10:27-04:00,102.7495345839897
2011-04-21 19:10:30-04:00,102.80968065301447
2011-04-21 19:10:33-04:00,102.86982672203925
2011-04-21 19:10:36-04:00,102.92997279106402
2011-04-21 19:10:39-04:00,102.9901188600888
2011-04-21 19:10:42-04:00,103.05026492911357
2011-04-21 19:10:45-04:00,103.11041099813835
2011-04-21 19:10:48-04:00,103.17055706716312
2011-04-21 19:10:51-04:00,103.2307031361879
2011-04-21 19:10:54-04:00,103.29084920521267
2011-04-21 19:10:57-04:00,103.35099527423743
2011-04-21 19:11:00-04:00,103.41114134326222
2011-04-21 19:11:03-04:00,103.47128741228698
2011-04-21 19:11:06-04:00,103.53143348131177
2011-04-21 19:11:09-04:00,103.59157955033653
2011-04-21 19:11:12-04:00,103.65172561936132
2011-04-21 19:11:15-04:00,103.71187168838608
2011-04-21 19:11:18-04:00,103.77201775741086
2011-04-21 19:11:21-04:00,103.83216382643563
2011-04-21 19:11:24-04:00,103.89230989546041
2011-04-21 19:11:27-04:00,103.95245596448518
2011-04-21 19:11:30-04:00,104.01260203350996
2011-04-21 19:11:33-04:00,104.07274810253473
2011-04-21 19:11:36-04:00,104.13289417155951
2011-04-21 19:11:39-04:00,104.19304024058428
2011-04-21 19:11:42-04:00,104.25318630960906
2011-04-21 19:11:45-04:00,104.31333237863383
2011-04-21 19:11:48-04:00,104.37347844765861
2011-04-21 19:11:51-04:00,104.43362451668338
2011-04-21 19:11:54-04:00,104.49377058570815
2011-04-21 19:11:57-04:00,104.55391665473293
2011-04-21 19:12:00-04:00,104.6140627237577
2011-04-21 19:12:03-04:00,104.67420879278248
2011-04-21 19:12:06-04:00,104.73435486180725
2011-04-21 19:12:09-04:00,104.79450093083203
2011-04-21 19:12:12-04:00,104.8546469998568
2011-04-21 19:12:15-04:00,104.91479306888158
2011-04-21 19:12:18-04:00,104.97493913790635
2011-04-21 19:12:21-04:00,105.03508520693113
2011-04-21 19:12:24-04:00,105.0952312759559
2011-04-21 19:12:27-04:00,105.15537734498068
2011-04-21 19:12:30-04:00,105.21552341400545
2011-04-21 19:12:33-04:00,105.27566948303023
2011-04-21 19:12:36-04:00,105.335815552055
2011-04-21 19:12:39-04:00,105.39596162107978
2011-04-21 19:12:42-04:00,105.45610769010455
2011-04-21 19:12:45-04:00,105.51625375912933
2011-04-21 19:12:48-04:00,105.5763998281541
2011-04-21 19:12:51-04:00,105.63654589717888
2011-04-21 19:12:54-04:00,105.69669196620364
2011-04-21 19:12:57-04:00,105.75683803522841
2011-04-21 19:13:00-04:00,105.8169841042532
2011-04-21 19:13:03-04:00,105.87713017327796
2011-04-21 19:13:06-04:00,105.93727624230274
2011-04-21 19:13:09-04:00,105.99742231132751
2011-04-21 19:13:12-04:00,106.0575683803523
2011-04-21 19:13:15-04:00,106.11771444937706
2011-04-21 19:13:18-04:00,106.17786051840184
2011-04-21 19:13:21-04:00,106.23800658742661
2011-04-21 19:13:24-04:00,106.29815265645139
2011-04-21 19:13:27-04:00,106.35829872547616
2011-04-21 19:13:30-04:00,106.41844479450094
2011-04-21 19:13:33-04:00,106.47859086352571
2011-04-21 19:13:36-04:00,106.53873693255049
2011-04-21 19:13:39-04:00,106.59888300157526
2011-04-21 19:13:42-04:00,106.65902907060004
2011-04-21 19:13:45-04:00,106.71917513962481
2011-04-21 19:13:48-04:00,106.77932120864959
2011-04-21 19:13:51-04:00,106.83946727767436
2011-04-21 19:13:54-04:00,106.89961334669913
2011-04-21 19:13:57-04:00,106.95975941572391
2011-04-21 19:14:00-04:00,107.01990548474868
2011-04-21 19:14:03-04:00,107.08005155377346
2011-04-21 19:14:06-04:00,107.14019762279823
2011-04-21 19:14:09-04:00,107.20034369182301
2011-04-21 19:14:12-04:00,107.26048976084778
2011-04-21 19:14:15-04:00,107.32063582987256
2011-04-21 19:14:18-04:00,107.38078189889733
2011-04-21 19:14:21-04:00,107.44092796792211
2011-04-21 19:14:24-04:00,107.50107403694687
2011-04-21 19:14:27-04:00,107.56122010597166
2011-04-21 19:14:30-04:00,107.62136617499642
2011-04-21 19:14:33-04:00,107.6815122440212
2011-04-21 19:14:36-04:00,107.74165831304597
2011-04-21 19:14:39-04:00,107.80180438207076
2011-04-21 19:14:42-04:00,107.86195045109552
2011-04-21 19:14:45-04:00,107.9220965201203
2011-04-21 19:14:48-04:00,107.98224258914507
2011-04-21 19:14:51-04:00,108.04238865816984
2011-04-21 19:14:54-04:00,108.10253472719462
2011-04-21 19:14:57-04:00,108.16268079621939
2011-04-21 19:15:00-04:00,108.22282686524417
2011-04-21 19:15:03-04:00,108.28297293426894
2011-04-21 19:15:06-04:00,108.34311900329372
2011-04-21 19:15:09-04:00,108.40326507231849
2011-04-21 19:15:12-04:00,108.46341114134327
2011-04-21 19:15:15-04:00,108.52355721036804
2011-04-21 19:15:18-04:00,108.58370327939282
2011-04-21 19:15:21-04:00,108.64384934841759
2011-04-21 19:15:24-04:00,108.70399541744237
2011-04-21 19:15:27-04:00,108.76414148646714
2011-04-21 19:15:30-04:00,108.82428755549192
2011-04-21 19:15:33-04:00,108.88443362451669
2011-04-21 19:15:36-04:00,108.94457969354147
2011-04-21 19:15:39-04:00,109.00472576256624
2011-04-21 19:15:42-04:00,109.06487183159102
2011-04-21 19:15:45-04:00,109.12501790061579
2011-04-21 19:15:48-04:00,109.18516396964057
2011-04-21 19:15:51-04:00,109.24531003866534
2011-04-21 19:15:54-04:00,109.3054561076901
2011-04-21 19:15:57-04:00,109.36560217671489
2011-04-21 19:16:00-04:00,109.42574824573965
2011-04-21 19:16:03-04:00,109.48589431476444
2011-04-21 19:16:06-04:00,109.5460403837892
2011-04-21 19:16:09-04:00,109.60618645281399
2011-04-21 19:16:12-04:00,109.66633252183875
2011-04-21 19:16:15-04:00,109.72647859086354
2011-04-21 19:16:18-04:00,109.7866246598883
2011-04-21 19:16:21-04:00,109.84677072891309
2011-04-21 19:16:24-04:00,109.90691679793785
2011-04-21 19:16:27-04:00,109.96706286696264
2011-04-21 19:16:30-04:00,110.0272089359874
2011-04-21 19:16:33-04:00,110.08735500501218
2011-04-21 19:16:36-04:00,110.14750107403695
2011-04-21 19:16:39-04:00,110.20764714306173
2011-04-21 19:16:42-04:00,110.2677932120865
2011-04-21 19:16:45-04:00,110.32793928111128
2011-04-21 19:16:48-04:00,110.38808535013605
2011-04-21 19:16:51-04:00,110.44823141916082
2011-04-21 19:16:54-04:00,110.5083774881856
2011-04-21 19:16:57-04:00,110.56852355721037
2011-04-21 19:17:00-04:00,110.62866962623515
2011-04-21 19:17:03-04:00,110.68881569525992
2011-04-21 19:17:06-04:00,110.7489617642847
2011-04-21 19:17:09-04:00,110.80910783330947
2011-04-21 19:17:12-04:00,110.86925390233425
2011-04-21 19:17:15-04:00,110.92939997135902
2011-04-21 19:17:18-04:00,110.9895460403838
2011-04-21 19:17:21-04:00,111.04969210940857
2011-04-21 19:17:24-04:00,111.10983817843335
2011-04-21 19:17:27-04:00,111.16998424745812
2011-04-21 19:17:30-04:00,111.2301303164829
2011-04-21 19:17:33-04:00,111.29027638550767
2011-04-21 19:17:36-04:00,111.35042245453245
2011-04-21 19:17:39-04:00,111.41056852355722
2011-04-21 19:17:42-04:00,111.470714592582
2011-04-21 19:17:45-04:00,111.53086066160677
2011-04-21 19:17:48-04:00,111.59100673063153
2011-04-21 19:17:51-04:00,111.65115279965632
2011-04-21 19:17:54-04:00,111.71129886868108
2011-04-21 19:17:57-04:00,111.77144493770587
2011-04-21 19:18:00-04:00,111.83159100673063
2011-04-21 19:18:03-04:00,111.89173707575542
2011-04-21 19:18:06-04:00,111.95188314478018
2011-04-21 19:18:09-04:00,112.01202921380496
2011-04-21 19:18:12-04:00,112.07217528282973
2011-04-21 19:18:15-04:00,112.13232135185451
2011-04-21 19:18:18-04:00,112.19246742087928
2011-04-21 19:18:21-04:00,112.25261348990406
2011-04-21 19:18:24-04:00,112.31275955892883
2011-04-21 19:18:27-04:00,112.37290562795361
2011-04-21 19:18:30-04:00,112.43305169697838
2011-04-21 19:18:33-04:00,112.49319776600316
2011-04-21 19:18:36-04:00,112.55334383502793
2011-04-21 19:18:39-04:00,112.61348990405271
2011-04-21 19:18:42-04:00,112.67363597307748
2011-04-21 19:18:45-04:00,112.73378204210226
2011-04-21 19:18:48-04:00,112.79392811112703
2011-04-21 19:18:51-04:00,112.8540741801518
2011-04-21 19:18:54-04:00,112.91422024917658
2011-04-21 19:18:57-04:00,112.97436631820135
2011-04-21 19:19:00-04:00,113.03451238722613
2011-04-21 19:19:03-04:00,113.0946584562509
2011-04-21 19:19:06-04:00,113.15480452527568
2011-04-21 19:19:09-04:00,113.21495059430045
2011-04-21 19:19:12-04:00,113.27509666332523
2011-04-21 19:19:15-04:00,113.33524273235
2011-04-21 19:19:18-04:00,113.39538880137478
2011-04-21 19:19:21-04:00,113.45553487039955
2011-04-21 19:19:24-04:00,113.51568093942433
2011-04-21 19:19:27-04:00,113.5758270084491
2011-04-21 19:19:30-04:00,113.63597307747388
2011-04-21 19:19:33-04:00,113.69611914649865
2011-04-21 19:19:36-04:00,113.75626521552343
2011-04-21 19:19:39-04:00,113.8164112845482
2011-04-21 19:19:42-04:00,113.87655735357298
2011-04-21 19:19:45-04:00,113.93670342259774
2011-04-21 19:19:48-04:00,113.99684949162251
2011-04-21 19:19:51-04:00,114.0569955606473
2011-04-21 19:19:54-04:00,114.11714162967206
2011-04-21 19:19:57-04:00,114.17728769869684
2011-04-21 19:20:00-04:00,114.23743376772161
2011-04-21 19:20:03-04:00,114.2975798367464
2011-04-21 19:20:06-04:00,114.35772590577116
2011-04-21 19:20:09-04:00,114.41787197479594
2011-04-21 19:20:12-04:00,114.47801804382071
2011-04-21 19:20:15-04:00,114.5381641128455
2011-04-21 19:20:18-04:00,114.59831018187026
2011-04-21 19:20:21-04:00,114.65845625089504
2011-04-21 19:20:24-04:00,114.71860231991981
2011-04-21 19:20:27-04:00,114.77874838894459
2011-04-21 19:20:30-04:00,114.83889445796936
2011-04-21 19:20:33-04:00,114.89904052699414
2011-04-21 19:20:36-04:00,114.95918659601891
2011-04-21 19:20:39-04:00,115.01933266504369
2011-04-21 19:20:42-04:00,115.07947873406846
2011-04-21 19:20:45-04:00,115.13962480309323
2011-04-21 19:20:48-04:00,115.19977087211801
2011-04-21 19:20:51-04:00,115.25991694114278
2011-04-21 19:20:54-04:00,115.32006301016756
2011-04-21 19:20:57-04:00,115.38020907919233
2011-04-21 19:21:00-04:00,115.44035514821711
2011-04-21 19:21:03-04:00,115.50050121724188
2011-04-21 19:21:06-04:00,115.56064728626666
2011-04-21 19:21:09-04:00,115.62079335529143
2011-04-21 19:21:12-04:00,115.68093942431621
2011-04-21 19:21:15-04:00,115.74108549334098
2011-04-21 19:21:18-04:00,115.80123156236576
2011-04-21 19:21:21-04:00,115.86137763139052
2011-04-21 19:21:24-04:00,115.9215237004153
2011-04-21 19:21:27-04:00,115.98166976944007
2011-04-21 19:21:30-04:00,116.04181583846486
2011-04-21 19:21:33-04:00,116.10196190748962
2011-04-21 19:21:36-04:00,116.1621079765144
2011-04-21 19:21:39-04:00,116.22225404553917
2011-04-21 19:21:42-04:00,116.28240011456396
2011-04-21 19:21:45-04:00,116.34254618358872
2011-04-21 19:21:48-04:00,116.40269225261349
2011-04-21 19:21:51-04:00,116.46283832163827
2011-04-21 19:21:54-04:00,116.52298439066304
2011-04-21 19:21:57-04:00,116.58313045968782
2011-04-21 19:22:00-04:00,116.64327652871259
2011-04-21 19:22:03-04:00,116.70342259773737
2011-04-21 19:22:06-04:00,116.76356866676214
2011-04-21 19:22:09-04:00,116.82371473578692
2011-04-21 19:22:12-04:00,116.88386080481169
2011-04-21 19:22:15-04:00,116.94400687383647
2011-04-21 19:22:18-04:00,117.00415294286124
2011-04-21 19:22:21-04:00,117.06429901188602
2011-04-21 19:22:24-04:00,117.12444508091079
2011-04-21 19:22:27-04:00,117.18459114993557
2011-04-21 19:22:30-04:00,117.24473721896034
2011-04-21 19:22:33-04:00,117.30488328798512
2011-04-21 19:22:36-04:00,117.36502935700989
2011-04-21 19:22:39-04:00,117.42517542603467
2011-04-21 19:22:42-04:00,117.48532149505944
2011-04-21 19:22:45-04:00,117.5454675640842
2011-04-21 19:22:48-04:00,117.60561363310899
2011-04-21 19:22:51-04:00,117.66575970213376
2011-04-21 19:22:54-04:00,117.72590577115854
2011-04-21 19:22:57-04:00,117.7860518401833
2011-04-21 19:23:00-04:00,117.84619790920809
2011-04-21 19:23:03-04:00,117.90634397823285
2011-04-21 19:23:06-04:00,117.96649004725764
2011-04-21 19:23:09-04:00,118.0266361162824
2011-04-21 19:23:12-04:00,118.08678218530719
2011-04-21 19:23:15-04:00,118.14692825433195
2011-04-21 19:23:18-04:00,118.20707432335674
2011-04-21 19:23:21-04:00,118.2672203923815
2011-04-21 19:23:24-04:00,118.32736646140629
2011-04-21 19:23:27-04:00,118.38751253043105
2011-04-21 19:23:30-04:00,118.44765859945583
2011-04-21 19:23:33-04:00,118.5078046684806
2011-04-21 19:23:36-04:00,118.56795073750538
2011-04-21 19:23:39-04:00,118.62809680653015
2011-04-21 19:23:42-04:00,118.68824287555492
2011-04-21 19:23:45-04:00,118.7483889445797
2011-04-21 19:23:48-04:00,118.80853501360447
2011-04-21 19:23:51-04:00,118.86868108262925
2011-04-21 19:23:54-04:00,118.92882715165402
2011-04-21 19:23:57-04:00,118.9889732206788
2011-04-21 19:24:00-04:00,119.04911928970357
2011-04-21 19:24:03-04:00,119.10926535872835
2011-04-21 19:24:06-04:00,119.16941142775312
2011-04-21 19:24:09-04:00,119.2295574967779
2011-04-21 19:24:12-04:00,119.28970356580267
2011-04-21 19:24:15-04:00,119.34984963482745
2011-04-21 19:24:18-04:00,119.40999570385222
2011-04-21 19:24:21-04:00,119.470141772877
2011-04-21 19:24:24-04:00,119.53028784190177
2011-04-21 19:24:27-04:00,119.59043391092655
2011-04-21 19:24:30-04:00,119.65057997995132
2011-04-21 19:24:33-04:00,119.7107260489761
2011-04-21 19:24:36-04:00,119.77087211800087
2011-04-21 19:24:39-04:00,119.83101818702565
2011-04-21 19:24:42-04:00,119.89116425605042
2011-04-21 19:24:45-04:00,119.95131032507518
2011-04-21 19:24:48-04:00,120.01145639409997
2011-04-21 19:24:51-04:00,120.07160246312473
2011-04-21 19:24:54-04:00,120.13174853214952
2011-04-21 19:24:57-04:00,120.19189460117428
2011-04-21 19:25:00-04:00,120.25204067019907
2011-04-21 19:25:03-04:00,120.31218673922383
2011-04-21 19:25:06-04:00,120.37233280824861
2011-04-21 19:25:09-04:00,120.43247887727338
2011-04-21 19:25:12-04:00,120.49262494629816
2011-04-21 19:25:15-04:00,120.55277101532293
2011-04-21 19:25:18-04:00,120.61291708434771
2011-04-21 19:25:21-04:00,120.67306315337248
2011-04-21 19:25:24-04:00,120.73320922239726
2011-04-21 19:25:27-04:00,120.79335529142203
2011-04-21 19:25:30-04:00,120.85350136044681
2011-04-21 19:25:33-04:00,120.91364742947158
2011-04-21 19:25:36-04:00,120.97379349849636
2011-04-21 19:25:39-04:00,121.03393956752113
2011-04-21 19:25:42-04:00,121.0940856365459
2011-04-21 19:25:45-04:00,121.15423170557068
2011-04-21 19:25:48-04:00,121.21437777459545
2011-04-21 19:25:51-04:00,121.27452384362023
2011-04-21 19:25:54-04:00,121.334669912645
2011-04-21 19:25:57-04:00,121.39481598166978
2011-04-21 19:26:00-04:00,121.45496205069455
2011-04-21 19:26:03-04:00,121.51510811971933
2011-04-21 19:26:06-04:00,121.5752541887441
2011-04-21 19:26:09-04:00,121.63540025776888
2011-04-21 19:26:12-04:00,121.69554632679365
2011-04-21 19:26:15-04:00,121.75569239581843
2011-04-21 19:26:18-04:00,121.8158384648432
2011-04-21 19:26:21-04:00,121.87598453386798
2011-04-21 19:26:24-04:00,121.93613060289275
2011-04-21 19:26:27-04:00,121.99627667191753
2011-04-21 19:26:30-04:00,122.0564227409423
2011-04-21 19:26:33-04:00,122.11656880996708
2011-04-21 19:26:36-04:00,122.17671487899185
2011-04-21 19:26:39-04:00,122.23686094801661
2011-04-21 19:26:42-04:00,122.2970070170414
2011-04-21 19:26:45-04:00,122.35715308606616
2011-04-21 19:26:48-04:00,122.41729915509094
2011-04-21 19:26:51-04:00,122.47744522411571
2011-04-21 19:26:54-04:00,122.5375912931405
2011-04-21 19:26:57-04:00,122.59773736216526
2011-04-21 19:27:00-04:00,122.65788343119004
2011-04-21 19:27:03-04:00,122.71802950021481
2011-04-21 19:27:06-04:00,122.7781755692396
2011-04-21 19:27:09-04:00,122.83832163826436
2011-04-21 19:27:12-04:00,122.89846770728914
2011-04-21 19:27:15-04:00,122.95861377631391
2011-04-21 19:27:18-04:00,123.01875984533869
2011-04-21 19:27:21-04:00,123.07890591436346
2011-04-21 19:27:24-04:00,123.13905198338824
2011-04-21 19:27:27-04:00,123.19919805241301
2011-04-21 19:27:30-04:00,123.25934412143779
2011-04-21 19:27:33-04:00,123.31949019046256
2011-04-21 19:27:36-04:00,123.37963625948734
2011-04-21 19:27:39-04:00,123.43978232851211
2011-04-21 19:27:42-04:00,123.49992839753688
2011-04-21 19:27:45-04:00,123.56007446656166
2011-04-21 19:27:48-04:00,123.62022053558643
2011-04-21 19:27:51-04:00,123.68036660461121
2011-04-21 19:27:54-04:00,123.74051267363598
2011-04-21 19:27:57-04:00,123.80065874266076
2011-04-21 19:28:00-04:00,123.86080481168553
2011-04-21 19:28:03-04:00,123.92095088071031
2011-04-21 19:28:06-04:00,123.98109694973508
2011-04-21 19:28:09-04:00,124.04124301875986
2011-04-21 19:28:12-04:00,124.10138908778463
2011-04-21 19:28:15-04:00,124.1615351568094
2011-04-21 19:28:18-04:00,124.22168122583417
2011-04-21 19:28:21-04:00,124.28182729485896
2011-04-21 19:28:24-04:00,124.34197336388372
2011-04-21 19:28:27-04:00,124.4021194329085
2011-04-21 19:28:30-04:00,124.46226550193327
2011-04-21 19:28:33-04:00,124.52241157095806
2011-04-21 19:28:36-04:00,124.58255763998282
2011-04-21 19:28:39-04:00,124.64270370900759
2011-04-21 19:28:42-04:00,124.70284977803237
2011-04-21 19:28:45-04:00,124.76299584705714
2011-04-21 19:28:48-04:00,124.82314191608192
2011-04-21 19:28:51-04:00,124.88328798510669
2011-04-21 19:28:54-04:00,124.94343405413147
2011-04-21 19:28:57-04:00,125.00358012315624
2011-04-21 19:29:00-04:00,125.06372619218102
2011-04-21 19:29:03-04:00,125.12387226120579
2011-04-21 19:29:06-04:00,125.18401833023057
2011-04-21 19:29:09-04:00,125.24416439925534
2011-04-21 19:29:12-04:00,125.30431046828012
2011-04-21 19:29:15-04:00,125.36445653730489
2011-04-21 19:29:18-04:00,125.42460260632967
2011-04-21 19:29:21-04:00,125.48474867535444
2011-04-21 19:29:24-04:00,125.54489474437922
2011-04-21 19:29:27-04:00,125.60504081340399
2011-04-21 19:29:30-04:00,125.66518688242877
2011-04-21 19:29:33-04:00,125.72533295145354
2011-04-21 19:29:36-04:00,125.7854790204783
2011-04-21 19:29:39-04:00,125.84562508950309
2011-04-21 19:29:42-04:00,125.90577115852786
2011-04-21 19:29:45-04:00,125.96591722755264
2011-04-21 19:29:48-04:00,126.0260632965774
2011-04-21 19:29:51-04:00,126.08620936560219
2011-04-21 19:29:54-04:00,126.14635543462695
2011-04-21 19:29:57-04:00,126.20650150365174
2011-04-21 19:30:00-04:00,126.2666475726765
2011-04-21 19:30:03-04:00,126.32679364170129
2011-04-21 19:30:06-04:00,126.38693971072605
2011-04-21 19:30:09-04:00,126.44708577975084
2011-04-21 19:30:12-04:00,126.5072318487756
2011-04-21 19:30:15-04:00,126.56737791780039
2011-04-21 19:30:18-04:00,126.62752398682515
2011-04-21 19:30:21-04:00,126.68767005584994
2011-04-21 19:30:24-04:00,126.7478161248747
2011-04-21 19:30:27-04:00,126.80796219389948
2011-04-21 19:30:30-04:00,126.86810826292425
2011-04-21 19:30:33-04:00,126.92825433194903
2011-04-21 19:30:36-04:00,126.9884004009738
2011-04-21 19:30:39-04:00,127.04854646999857
2011-04-21 19:30:42-04:00,127.10869253902335
2011-04-21 19:30:45-04:00,127.16883860804812
2011-04-21 19:30:48-04:00,127.2289846770729
2011-04-21 19:30:51-04:00,127.28913074609767
2011-04-21 19:30:54-04:00,127.34927681512245
2011-04-21 19:30:57-04:00,127.40942288414722
2011-04-21 19:31:00-04:00,127.469568953172
2011-04-21 19:31:03-04:00,127.52971502219677
2011-04-21 19:31:06-04:00,127.58986109122155
2011-04-21 19:31:09-04:00,127.65000716024632
2011-04-21 19:31:12-04:00,127.7101532292711
2011-04-21 19:31:15-04:00,127.77029929829587
2011-04-21 19:31:18-04:00,127.83044536732065
2011-04-21 19:31:21-04:00,127.89059143634542
2011-04-21 19:31:24-04:00,127.9507375053702
2011-04-21 19:31:27-04:00,128.01088357439497
2011-04-21 19:31:30-04:00,128.07102964341973
2011-04-21 19:31:33-04:00,128.13117571244453
2011-04-21 19:31:36-04:00,128.1913217814693
2011-04-21 19:31:39-04:00,128.25146785049407
2011-04-21 19:31:42-04:00,128.31161391951883
2011-04-21 19:31:45-04:00,128.3717599885436
2011-04-21 19:31:48-04:00,128.4319060575684
2011-04-21 19:31:51-04:00,128.49205212659317
2011-04-21 19:31:54-04:00,128.55219819561793
2011-04-21 19:31:57-04:00,128.6123442646427
2011-04-21 19:32:00-04:00,128.6724903336675
2011-04-21 19:32:03-04:00,128.73263640269226
2011-04-21 19:32:06-04:00,128.79278247171703
2011-04-21 19:32:09-04:00,128.8529285407418
2011-04-21 19:32:12-04:00,128.9130746097666
2011-04-21 19:32:15-04:00,128.97322067879136
2011-04-21 19:32:18-04:00,129.03336674781613
2011-04-21 19:32:21-04:00,129.0935128168409
2011-04-21 19:32:24-04:00,129.1536588858657
2011-04-21 19:32:27-04:00,129.21380495489046
2011-04-21 19:32:30-04:00,129.27395102391523
2011-04-21 19:32:33-04:00,129.33409709294
2011-04-21 19:32:36-04:00,129.39424316196477
2011-04-21 19:32:39-04:00,129.45438923098956
2011-04-21 19:32:42-04:00,129.51453530001433
2011-04-21 19:32:45-04:00,129.5746813690391
2011-04-21 19:32:48-04:00,129.63482743806387
2011-04-21 19:32:51-04:00,129.69497350708866
2011-04-21 19:32:54-04:00,129.75511957611343
2011-04-21 19:32:57-04:00,129.8152656451382
2011-04-21 19:33:00-04:00,129.87541171416296
2011-04-21 19:33:03-04:00,129.93555778318776
2011-04-21 19:33:06-04:00,129.99570385221253
2011-04-21 19:33:09-04:00,130.0558499212373
2011-04-21 19:33:12-04:00,130.11599599026206
2011-04-21 19:33:15-04:00,130.17614205928686
2011-04-21 19:33:18-04:00,130.23628812831163
2011-04-21 19:33:21-04:00,130.2964341973364
2011-04-21 19:33:24-04:00,130.35658026636116
2011-04-21 19:33:27-04:00,130.41672633538596
2011-04-21 19:33:30-04:00,130.47687240441073
2011-04-21 19:33:33-04:00,130.5370184734355
2011-04-21 19:33:36-04:00,130.59716454246026
2011-04-21 19:33:39-04:00,130.65731061148503
2011-04-21 19:33:42-04:00,130.71745668050983
2011-04-21 19:33:45-04:00,130.7776027495346
2011-04-21 19:33:48-04:00,130.83774881855936
2011-04-21 19:33:51-04:00,130.89789488758413
2011-04-21 19:33:54-04:00,130.95804095660893
2011-04-21 19:33:57-04:00,131.0181870256337
2011-04-21 19:34:00-04:00,131.07833309465846
2011-04-21 19:34:03-04:00,131.13847916368323
2011-04-21 19:34:06-04:00,131.19862523270803
2011-04-21 19:34:09-04:00,131.2587713017328
2011-04-21 19:34:12-04:00,131.31891737075756
2011-04-21 19:34:15-04:00,131.37906343978233
2011-04-21 19:34:18-04:00,131.43920950880712
2011-04-21 19:34:21-04:00,131.4993555778319
2011-04-21 19:34:24-04:00,131.55950164685666
2011-04-21 19:34:27-04:00,131.61964771588143
2011-04-21 19:34:30-04:00,131.67979378490622
2011-04-21 19:34:33-04:00,131.739939853931
2011-04-21 19:34:36-04:00,131.80008592295576
2011-04-21 19:34:39-04:00,131.86023199198053
2011-04-21 19:34:42-04:00,131.9203780610053
2011-04-21 19:34:45-04:00,131.9805241300301
2011-04-21 19:34:48-04:00,132.04067019905486
2011-04-21 19:34:51-04:00,132.10081626807963
2011-04-21 19:34:54-04:00,132.1609623371044
2011-04-21 19:34:57-04:00,132.2211084061292
2011-04-21 19:35:00-04:00,132.28125447515396
2011-04-21 19:35:03-04:00,132.34140054417873
2011-04-21 19:35:06-04:00,132.4015466132035
2011-04-21 19:35:09-04:00,132.4616926822283
2011-04-21 19:35:12-04:00,132.52183875125306
2011-04-21 19:35:15-04:00,132.58198482027782
2011-04-21 19:35:18-04:00,132.6421308893026
2011-04-21 19:35:21-04:00,132.7022769583274
2011-04-21 19:35:24-04:00,132.76242302735216
2011-04-21 19:35:27-04:00,132.82256909637692
2011-04-21 19:35:30-04:00,132.8827151654017
2011-04-21 19:35:33-04:00,132.94286123442646
2011-04-21 19:35:36-04:00,133.00300730345126
2011-04-21 19:35:39-04:00,133.06315337247602
2011-04-21 19:35:42-04:00,133.1232994415008
2011-04-21 19:35:45-04:00,133.18344551052556
2011-04-21 19:35:48-04:00,133.24359157955035
2011-04-21 19:35:51-04:00,133.30373764857512
2011-04-21 19:35:54-04:00,133.3638837175999
2011-04-21 19:35:57-04:00,133.42402978662466
2011-04-21 19:36:00-04:00,133.48417585564945
2011-04-21 19:36:03-04:00,133.54432192467422
2011-04-21 19:36:06-04:00,133.604467993699
2011-04-21 19:36:09-04:00,133.66461406272376
2011-04-21 19:36:12-04:00,133.72476013174855
2011-04-21 19:36:15-04:00,133.78490620077332
2011-04-21 19:36:18-04:00,133.8450522697981
2011-04-21 19:36:21-04:00,133.90519833882286
2011-04-21 19:36:24-04:00,133.96534440784765
2011-04-21 19:36:27-04:00,134.02549047687242
2011-04-21 19:36:30-04:00,134.0856365458972
2011-04-21 19:36:33-04:00,134.14578261492196
2011-04-21 19:36:36-04:00,134.20592868394672
2011-04-21 19:36:39-04:00,134.26607475297152
2011-04-21 19:36:42-04:00,134.3262208219963
2011-04-21 19:36:45-04:00,134.38636689102105
2011-04-21 19:36:48-04:00,134.44651296004582
2011-04-21 19:36:51-04:00,134.50665902907062
2011-04-21 19:36:54-04:00,134.5668050980954
2011-04-21 19:36:57-04:00,134.62695116712015
2011-04-21 19:37:00-04:00,134.68709723614492
2011-04-21 19:37:03-04:00,134.74724330516972
2011-04-21 19:37:06-04:00,134.80738937419449
2011-04-21 19:37:09-04:00,134.86753544321925
2011-04-21 19:37:12-04:00,134.92768151224402
2011-04-21 19:37:15-04:00,134.98782758126882
2011-04-21 19:37:18-04:00,135.04797365029359
2011-04-21 19:37:21-04:00,135.10811971931835
2011-04-21 19:37:24-04:00,135.16826578834312
2011-04-21 19:37:27-04:00,135.22841185736792
2011-04-21 19:37:30-04:00,135.28855792639268
2011-04-21 19:37:33-04:00,135.34870399541745
2011-04-21 19:37:36-04:00,135.40885006444222
2011-04-21 19:37:39-04:00,135.468996133467
2011-04-21 19:37:42-04:00,135.52914220249178
2011-04-21 19:37:45-04:00,135.58928827151655
2011-04-21 19:37:48-04:00,135.64943434054132
2011-04-21 19:37:51-04:00,135.7095804095661
2011-04-21 19:37:54-04:00,135.76972647859088
2011-04-21 19:37:57-04:00,135.82987254761565
2011-04-21 19:38:00-04:00,135.89001861664042
2011-04-21 19:38:03-04:00,135.9501646856652
2011-04-21 19:38:06-04:00,136.01031075468998
2011-04-21 19:38:09-04:00,136.07045682371475
2011-04-21 19:38:12-04:00,136.13060289273952
2011-04-21 19:38:15-04:00,136.19074896176429
2011-04-21 19:38:18-04:00,136.25089503078908
2011-04-21 19:38:21-04:00,136.31104109981385
2011-04-21 19:38:24-04:00,136.37118716883862
2011-04-21 19:38:27-04:00,136.43133323786338
2011-04-21 19:38:30-04:00,136.49147930688815
2011-04-21 19:38:33-04:00,136.55162537591295
2011-04-21 19:38:36-04:00,136.61177144493772
2011-04-21 19:38:39-04:00,136.67191751396248
2011-04-21 19:38:42-04:00,136.73206358298725
2011-04-21 19:38:45-04:00,136.79220965201205
2011-04-21 19:38:48-04:00,136.85235572103682
2011-04-21 19:38:51-04:00,136.91250179006158
2011-04-21 19:38:54-04:00,136.97264785908635
2011-04-21 19:38:57-04:00,137.03279392811115
2011-04-21 19:39:00-04:00,137.09293999713591
2011-04-21 19:39:03-04:00,137.15308606616068
2011-04-21 19:39:06-04:00,137.21323213518545
2011-04-21 19:39:09-04:00,137.27337820421025
2011-04-21 19:39:12-04:00,137.333524273235
2011-04-21 19:39:15-04:00,137.39367034225978
2011-04-21 19:39:18-04:00,137.45381641128455
2011-04-21 19:39:21-04:00,137.51396248030935
2011-04-21 19:39:24-04:00,137.5741085493341
2011-04-21 19:39:27-04:00,137.63425461835888
2011-04-21 19:39:30-04:00,137.69440068738365
2011-04-21 19:39:33-04:00,137.75454675640842
2011-04-21 19:39:36-04:00,137.8146928254332
2011-04-21 19:39:39-04:00,137.87483889445798
2011-04-21 19:39:42-04:00,137.93498496348275
2011-04-21 19:39:45-04:00,137.99513103250752
2011-04-21 19:39:48-04:00,138.0552771015323
2011-04-21 19:39:51-04:00,138.11542317055708
2011-04-21 19:39:54-04:00,138.17556923958185
2011-04-21 19:39:57-04:00,138.23571530860661
2011-04-21 19:40:00-04:00,138.2958613776314
2011-04-21 19:40:03-04:00,138.35600744665618
2011-04-21 19:40:06-04:00,138.41615351568095
2011-04-21 19:40:09-04:00,138.4762995847057
2011-04-21 19:40:12-04:00,138.5364456537305
2011-04-21 19:40:15-04:00,138.59659172275528
2011-04-21 19:40:18-04:00,138.65673779178005
2011-04-21 19:40:21-04:00,138.7168838608048
2011-04-21 19:40:24-04:00,138.7770299298296
2011-04-21 19:40:27-04:00,138.83717599885438
2011-04-21 19:40:30-04:00,138.89732206787914
2011-04-21 19:40:33-04:00,138.9574681369039
2011-04-21 19:40:36-04:00,139.01761420592868
2011-04-21 19:40:39-04:00,139.07776027495348
2011-04-21 19:40:42-04:00,139.13790634397824
2011-04-21 19:40:45-04:00,139.198052413003
2011-04-21 19:40:48-04:00,139.25819848202778
2011-04-21 19:40:51-04:00,139.31834455105258
2011-04-21 19:40:54-04:00,139.37849062007734
2011-04-21 19:40:57-04:00,139.4386366891021
2011-04-21 19:41:00-04:00,139.49878275812688
2011-04-21 19:41:03-04:00,139.55892882715168
2011-04-21 19:41:06-04:00,139.61907489617644
2011-04-21 19:41:09-04:00,139.6792209652012
2011-04-21 19:41:12-04:00,139.73936703422598
2011-04-21 19:41:15-04:00,139.79951310325077
2011-04-21 19:41:18-04:00,139.85965917227554
2011-04-21 19:41:21-04:00,139.9198052413003
2011-04-21 19:41:24-04:00,139.97995131032508
2011-04-21 19:41:27-04:00,140.0
2011-04-21 19:41:30-04:00,140.0
2011-04-21 19:41:33-04:00,140.0
2011-04-21 19:41:36-04:00,140.0
2011-04-21 19:41:39-04:00,140.0
2011-04-21 19:41:42-04:00,140.0
2011-04-21 19:41:45-04:00,140.0
2011-04-21 19:41:48-04:00,140.25
2011-04-21 19:41:51-04:00,141.0
2011-04-21 19:41:54-04:00,141.0
2011-04-21 19:41:57-04:00,141.0
2011-04-21 19:42:00-04:00,140.33333333333334
2011-04-21 19:42:03-04:00,140.5
2011-04-21 19:42:06-04:00,141.0
2011-04-21 19:42:09-04:00,141.0
2011-04-21 19:42:12-04:00,141.0
2011-04-21 19:42:15-04:00,140.0
2011-04-21 19:42:18-04:00,140.0
2011-04-21 19:42:21-04:00,140.0
2011-04-21 19:42:24-04:00,140.0
2011-04-21 19:42:27-04:00,140.0
2011-04-21 19:42:30-04:00,140.0
2011-04-21 19:42:33-04:00,140.0
2011-04-21 19:42:36-04:00,140.0
2011-04-21 19:42:39-04:00,139.0
2011-04-21 19:42:42-04:00,138.0
2011-04-21 19:42:45-04:00,138.0
2011-04-21 19:42:48-04:00,138.0
2011-04-21 19:42:51-04:00,139.0
2011-04-21 19:42:54-04:00,138.0
2011-04-21 19:42:57-04:00,138.0
2011-04-21 19:43:00-04:00,138.0
2011-04-21 19:43:03-04:00,138.5
2011-04-21 19:43:06-04:00,138.66666666666666
2011-04-21 19:43:09-04:00,138.0
2011-04-21 19:43:12-04:00,138.0
2011-04-21 19:43:15-04:00,138.0
2011-04-21 19:43:18-04:00,138.0
2011-04-21 19:43:21-04:00,138.0
2011-04-21 19:43:24-04:00,138.66666666666666
2011-04-21 19:43:27-04:00,139.0
2011-04-21 19:43:30-04:00,139.0
2011-04-21 19:43:33-04:00,139.0
2011-04-21 19:43:36-04:00,138.5
2011-04-21 19:43:39-04:00,138.0
2011-04-21 19:43:42-04:00,138.0
2011-04-21 19:43:45-04:00,138.0
2011-04-21 19:43:48-04:00,138.0
2011-04-21 19:43:51-04:00,138.0
2011-04-21 19:43:54-04:00,138.0
2011-04-21 19:43:57-04:00,138.0
2011-04-21 19:44:00-04:00,138.0
2011-04-21 19:44:03-04:00,138.0
2011-04-21 19:44:06-04:00,138.0
2011-04-21 19:44:09-04:00,138.0
2011-04-21 19:44:12-04:00,138.0
2011-04-21 19:44:15-04:00,138.0
2011-04-21 19:44:18-04:00,138.0
2011-04-21 19:44:21-04:00,138.0
2011-04-21 19:44:24-04:00,138.0
2011-04-21 19:44:27-04:00,138.0
2011-04-21 19:44:30-04:00,138.0
2011-04-21 19:44:33-04:00,138.0
2011-04-21 19:44:36-04:00,138.0
2011-04-21 19:44:39-04:00,138.0
2011-04-21 19:44:42-04:00,138.0
2011-04-21 19:44:45-04:00,138.0
2011-04-21 19:44:48-04:00,138.0
2011-04-21 19:44:51-04:00,138.0
2011-04-21 19:44:54-04:00,138.0
2011-04-21 19:44:57-04:00,138.0
2011-04-21 19:45:00-04:00,138.0
2011-04-21 19:45:03-04:00,138.0
2011-04-21 19:45:06-04:00,138.0
2011-04-21 19:45:09-04:00,138.0
2011-04-21 19:45:12-04:00,138.0
2011-04-21 19:45:15-04:00,138.0
2011-04-21 19:45:18-04:00,138.0
2011-04-21 19:45:21-04:00,138.0
2011-04-21 19:45:24-04:00,138.0
2011-04-21 19:45:27-04:00,138.0
2011-04-21 19:45:30-04:00,138.0
2011-04-21 19:45:33-04:00,138.0
2011-04-21 19:45:36-04:00,138.0
2011-04-21 19:45:39-04:00,138.0
2011-04-21 19:45:42-04:00,138.0
2011-04-21 19:45:45-04:00,138.0
2011-04-21 19:45:48-04:00,138.0
2011-04-21 19:45:51-04:00,138.0
2011-04-21 19:45:54-04:00,138.0
2011-04-21 19:45:57-04:00,138.0
2011-04-21 19:46:00-04:00,138.0
2011-04-21 19:46:03-04:00,138.0
2011-04-21 19:46:06-04:00,138.0
2011-04-21 19:46:09-04:00,138.0
2011-04-21 19:46:12-04:00,138.0
2011-04-21 19:46:15-04:00,138.0
2011-04-21 19:46:18-04:00,138.0
2011-04-21 19:46:21-04:00,138.0
2011-04-21 19:46:24-04:00,138.0
2011-04-21 19:46:27-04:00,138.0
2011-04-21 19:46:30-04:00,138.0
2011-04-21 19:46:33-04:00,138.0
2011-04-21 19:46:36-04:00,138.0
2011-04-21 19:46:39-04:00,138.0
2011-04-21 19:46:42-04:00,138.0
2011-04-21 19:46:45-04:00,138.0
2011-04-21 19:46:48-04:00,138.0
2011-04-21 19:46:51-04:00,138.0
2011-04-21 19:46:54-04:00,138.0
2011-04-21 19:46:57-04:00,138.0
2011-04-21 19:47:00-04:00,138.0
2011-04-21 19:47:03-04:00,138.0
2011-04-21 19:47:06-04:00,138.0
2011-04-21 19:47:09-04:00,138.0
2011-04-21 19:47:12-04:00,138.0
2011-04-21 19:47:15-04:00,138.0
2011-04-21 19:47:18-04:00,138.0
2011-04-21 19:47:21-04:00,138.0
2011-04-21 19:47:24-04:00,138.0
2011-04-21 19:47:27-04:00,138.0
2011-04-21 19:47:30-04:00,138.0
2011-04-21 19:47:33-04:00,138.0
2011-04-21 19:47:36-04:00,138.0
2011-04-21 19:47:39-04:00,138.0
2011-04-21 19:47:42-04:00,138.0
2011-04-21 19:47:45-04:00,138.0
2011-04-21 19:47:48-04:00,138.0
2011-04-21 19:47:51-04:00,138.0
2011-04-21 19:47:54-04:00,138.0
2011-04-21 19:47:57-04:00,138.0
2011-04-21 19:48:00-04:00,138.0
2011-04-21 19:48:03-04:00,138.0
2011-04-21 19:48:06-04:00,138.0
2011-04-21 19:48:09-04:00,138.0
2011-04-21 19:48:12-04:00,138.0
2011-04-21 19:48:15-04:00,138.0
2011-04-21 19:48:18-04:00,138.0
2011-04-21 19:48:21-04:00,138.0
2011-04-21 19:48:24-04:00,138.0
2011-04-21 19:48:27-04:00,138.0
2011-04-21 19:48:30-04:00,138.0
2011-04-21 19:48:33-04:00,138.0
2011-04-21 19:48:36-04:00,138.0
2011-04-21 19:48:39-04:00,138.0
2011-04-21 19:48:42-04:00,138.0
2011-04-21 19:48:45-04:00,138.0
2011-04-21 19:48:48-04:00,138.0
2011-04-21 19:48:51-04:00,138.0
2011-04-21 19:48:54-04:00,137.5
2011-04-21 19:48:57-04:00,137.66666666666666
2011-04-21 19:49:00-04:00,139.0
2011-04-21 19:49:03-04:00,139.0
2011-04-21 19:49:06-04:00,139.0
2011-04-21 19:49:09-04:00,139.0
2011-04-21 19:49:12-04:00,139.0
2011-04-21 19:49:15-04:00,139.0
2011-04-21 19:49:18-04:00,139.0
2011-04-21 19:49:21-04:00,139.0
2011-04-21 19:49:24-04:00,139.0
2011-04-21 19:49:27-04:00,139.0
2011-04-21 19:49:30-04:00,139.0
2011-04-21 19:49:33-04:00,139.0
2011-04-21 19:49:36-04:00,139.0
2011-04-21 19:49:39-04:00,139.0
2011-04-21 19:49:42-04:00,139.75
2011-04-21 19:49:45-04:00,139.33333333333334
2011-04-21 19:49:48-04:00,139.0
2011-04-21 19:49:51-04:00,139.0
2011-04-21 19:49:54-04:00,139.0
2011-04-21 19:49:57-04:00,139.0
2011-04-21 19:50:00-04:00,137.0
2011-04-21 19:50:03-04:00,137.75
2011-04-21 19:50:06-04:00,138.0
2011-04-21 19:50:09-04:00,138.0
2011-04-21 19:50:12-04:00,138.0
2011-04-21 19:50:15-04:00,138.0
2011-04-21 19:50:18-04:00,138.0
2011-04-21 19:50:21-04:00,138.0
2011-04-21 19:50:24-04:00,137.0
2011-04-21 19:50:27-04:00,137.75
2011-04-21 19:50:30-04:00,138.0
2011-04-21 19:50:33-04:00,138.0
2011-04-21 19:50:36-04:00,138.0
2011-04-21 19:50:39-04:00,138.0
2011-04-21 19:50:42-04:00,138.0
2011-04-21 19:50:45-04:00,138.0
2011-04-21 19:50:48-04:00,137.5
2011-04-21 19:50:51-04:00,137.33333333333334
2011-04-21 19:50:54-04:00,137.75
2011-04-21 19:50:57-04:00,137.0
2011-04-21 19:51:00-04:00,138.0
2011-04-21 19:51:03-04:00,138.0
2011-04-21 19:51:06-04:00,138.0
2011-04-21 19:51:09-04:00,138.0
2011-04-21 19:51:12-04:00,138.0
2011-04-21 19:51:15-04:00,138.0
2011-04-21 19:51:18-04:00,137.75
2011-04-21 19:51:21-04:00,137.0
2011-04-21 19:51:24-04:00,137.0
2011-04-21 19:51:27-04:00,137.0
2011-04-21 19:51:30-04:00,137.0
2011-04-21 19:51:33-04:00,137.0
2011-04-21 19:51:36-04:00,137.0
2011-04-21 19:51:39-04:00,137.0
2011-04-21 19:51:42-04:00,51.66666666666667
2011-04-21 19:51:45-04:00,9.0
2011-04-21 19:51:48-04:00,9.0
2011-04-21 19:51:51-04:00,9.0
2011-04-21 19:51:54-04:00,9.0
2011-04-21 19:51:57-04:00,9.0
2011-04-21 19:52:00-04:00,9.0
2011-04-21 19:52:03-04:00,9.0
2011-04-21 19:52:06-04:00,9.0
2011-04-21 19:52:09-04:00,9.0
2011-04-21 19:52:12-04:00,9.333333333333334
2011-04-21 19:52:15-04:00,10.0
2011-04-21 19:52:18-04:00,10.0
2011-04-21 19:52:21-04:00,10.0
2011-04-21 19:52:24-04:00,10.0
2011-04-21 19:52:27-04:00,10.0
2011-04-21 19:52:30-04:00,10.0
2011-04-21 19:52:33-04:00,10.0
2011-04-21 19:52:36-04:00,10.0
2011-04-21 19:52:39-04:00,10.0
2011-04-21 19:52:42-04:00,10.0
2011-04-21 19:52:45-04:00,10.0
2011-04-21 19:52:48-04:00,10.0
2011-04-21 19:52:51-04:00,10.0
2011-04-21 19:52:54-04:00,10.0
2011-04-21 19:52:57-04:00,10.0
2011-04-21 19:53:00-04:00,10.0
2011-04-21 19:53:03-04:00,10.0
2011-04-21 19:53:06-04:00,10.0
2011-04-21 19:53:09-04:00,9.5
2011-04-21 19:53:12-04:00,8.0
2011-04-21 19:53:15-04:00,9.0
2011-04-21 19:53:18-04:00,9.0
2011-04-21 19:53:21-04:00,9.0
2011-04-21 19:53:24-04:00,9.0
2011-04-21 19:53:27-04:00,9.0
2011-04-21 19:53:30-04:00,9.0
2011-04-21 19:53:33-04:00,9.0
2011-04-21 19:53:36-04:00,9.0
2011-04-21 19:53:39-04:00,9.0
2011-04-21 19:53:42-04:00,9.0
2011-04-21 19:53:45-04:00,9.0
2011-04-21 19:53:48-04:00,9.0
2011-04-21 19:53:51-04:00,9.0
2011-04-21 19:53:54-04:00,9.0
2011-04-21 19:53:57-04:00,9.0
2011-04-21 19:54:00-04:00,9.0
2011-04-21 19:54:03-04:00,9.0
2011-04-21 19:54:06-04:00,9.0
2011-04-21 19:54:09-04:00,9.0
2011-04-21 19:54:12-04:00,9.0
2011-04-21 19:54:15-04:00,9.0
2011-04-21 19:54:18-04:00,9.0
2011-04-21 19:54:21-04:00,9.0
2011-04-21 19:54:24-04:00,9.0
2011-04-21 19:54:27-04:00,9.0
2011-04-21 19:54:30-04:00,9.0
2011-04-21 19:54:33-04:00,9.0
2011-04-21 19:54:36-04:00,9.0
2011-04-21 19:54:39-04:00,9.0
2011-04-21 19:54:42-04:00,9.0
2011-04-21 19:54:45-04:00,9.0
2011-04-21 19:54:48-04:00,9.0
2011-04-21 19:54:51-04:00,9.0
2011-04-21 19:54:54-04:00,9.0
2011-04-21 19:54:57-04:00,9.0
2011-04-21 19:55:00-04:00,9.0
2011-04-21 19:55:03-04:00,9.0
2011-04-21 19:55:06-04:00,9.0
2011-04-21 19:55:09-04:00,9.0
2011-04-21 19:55:12-04:00,9.0
2011-04-21 19:55:15-04:00,9.666666666666666
2011-04-21 19:55:18-04:00,10.0
2011-04-21 19:55:21-04:00,10.0
2011-04-21 19:55:24-04:00,10.0
2011-04-21 19:55:27-04:00,10.0
2011-04-21 19:55:30-04:00,10.0
2011-04-21 19:55:33-04:00,10.0
2011-04-21 19:55:36-04:00,10.0
2011-04-21 19:55:39-04:00,10.0
2011-04-21 19:55:42-04:00,10.0
2011-04-21 19:55:45-04:00,10.0
2011-04-21 19:55:48-04:00,10.0
2011-04-21 19:55:51-04:00,10.0
2011-04-21 19:55:54-04:00,10.0
2011-04-21 19:55:57-04:00,10.0
2011-04-21 19:56:00-04:00,10.0
2011-04-21 19:56:03-04:00,10.0
2011-04-21 19:56:06-04:00,10.0
2011-04-21 19:56:09-04:00,10.0
2011-04-21 19:56:12-04:00,10.0
2011-04-21 19:56:15-04:00,9.666666666666666
2011-04-21 19:56:18-04:00,9.0
2011-04-21 19:56:21-04:00,9.0
2011-04-21 19:56:24-04:00,9.0
2011-04-21 19:56:27-04:00,9.0
2011-04-21 19:56:30-04:00,9.0
2011-04-21 19:56:33-04:00,9.0
2011-04-21 19:56:36-04:00,9.0
2011-04-21 19:56:39-04:00,9.0
2011-04-21 19:56:42-04:00,9.0
2011-04-21 19:56:45-04:00,9.0
2011-04-21 19:56:48-04:00,9.0
2011-04-21 19:56:51-04:00,9.0
2011-04-21 19:56:54-04:00,9.0
2011-04-21 19:56:57-04:00,9.0
2011-04-21 19:57:00-04:00,9.0
2011-04-21 19:57:03-04:00,9.0
2011-04-21 19:57:06-04:00,9.0
2011-04-21 19:57:09-04:00,9.0
2011-04-21 19:57:12-04:00,9.0
2011-04-21 19:57:15-04:00,9.0
2011-04-21 19:57:18-04:00,9.0
2011-04-21 19:57:21-04:00,9.0
2011-04-21 19:57:24-04:00,9.0
2011-04-21 19:57:27-04:00,9.0
2011-04-21 19:57:30-04:00,9.0
2011-04-21 19:57:33-04:00,9.0
2011-04-21 19:57:36-04:00,9.0
2011-04-21 19:57:39-04:00,9.0
2011-04-21 19:57:42-04:00,9.0
2011-04-21 19:57:45-04:00,9.0
2011-04-21 19:57:48-04:00,9.0
2011-04-21 19:57:51-04:00,9.0
2011-04-21 19:57:54-04:00,9.0
2011-04-21 19:57:57-04:00,9.0
2011-04-21 19:58:00-04:00,9.0
2011-04-21 19:58:03-04:00,9.0
2011-04-21 19:58:06-04:00,9.0
2011-04-21 19:58:09-04:00,9.0
2011-04-21 19:58:12-04:00,9.0
2011-04-21 19:58:15-04:00,9.333333333333334
2011-04-21 19:58:18-04:00,10.0
2011-04-21 19:58:21-04:00,10.0
2011-04-21 19:58:24-04:00,10.0
2011-04-21 19:58:27-04:00,10.0
2011-04-21 19:58:30-04:00,10.0
2011-04-21 19:58:33-04:00,10.0
2011-04-21 19:58:36-04:00,10.0
2011-04-21 19:58:39-04:00,10.0
2011-04-21 19:58:42-04:00,10.0
2011-04-21 19:58:45-04:00,10.0
2011-04-21 19:58:48-04:00,10.0
2011-04-21 19:58:51-04:00,10.0
2011-04-21 19:58:54-04:00,10.0
2011-04-21 19:58:57-04:00,10.0
2011-04-21 19:59:00-04:00,10.0
2011-04-21 19:59:03-04:00,10.0
2011-04-21 19:59:06-04:00,10.0
2011-04-21 19:59:09-04:00,10.0
2011-04-21 19:59:12-04:00,10.0
2011-04-21 19:59:15-04:00,10.0
2011-04-21 19:59:18-04:00,10.0
2011-04-21 19:59:21-04:00,9.0
2011-04-21 19:59:24-04:00,9.0
2011-04-21 19:59:27-04:00,9.0
2011-04-21 19:59:30-04:00,9.0
2011-04-21 19:59:33-04:00,9.0
2011-04-21 19:59:36-04:00,9.0
2011-04-21 19:59:39-04:00,9.0
2011-04-21 19:59:42-04:00,9.0
2011-04-21 19:59:45-04:00,9.0
2011-04-21 19:59:48-04:00,9.0
2011-04-21 19:59:51-04:00,9.0
2011-04-21 19:59:54-04:00,9.0
2011-04-21 19:59:57-04:00,9.0
2011-04-21 20:00:00-04:00,9.0
2011-04-21 20:00:03-04:00,9.0
2011-04-21 20:00:06-04:00,9.0
2011-04-21 20:00:09-04:00,9.0
2011-04-21 20:00:12-04:00,9.0
2011-04-21 20:00:15-04:00,9.0
2011-04-21 20:00:18-04:00,9.0
2011-04-21 20:00:21-04:00,9.0
2011-04-21 20:00:24-04:00,9.0
2011-04-21 20:00:27-04:00,9.0
2011-04-21 20:00:30-04:00,9.0
2011-04-21 20:00:33-04:00,9.0
2011-04-21 20:00:36-04:00,9.0
2011-04-21 20:00:39-04:00,9.0
2011-04-21 20:00:42-04:00,9.0
2011-04-21 20:00:45-04:00,9.0
2011-04-21 20:00:48-04:00,9.0
2011-04-21 20:00:51-04:00,9.0
2011-04-21 20:00:54-04:00,9.0
2011-04-21 20:00:57-04:00,9.0
2011-04-21 20:01:00-04:00,9.0
2011-04-21 20:01:03-04:00,9.0
2011-04-21 20:01:06-04:00,9.0
2011-04-21 20:01:09-04:00,9.0
2011-04-21 20:01:12-04:00,9.0
2011-04-21 20:01:15-04:00,9.0
2011-04-21 20:01:18-04:00,9.0
2011-04-21 20:01:21-04:00,9.0
2011-04-21 20:01:24-04:00,9.333333333333334
2011-04-21 20:01:27-04:00,10.0
2011-04-21 20:01:30-04:00,10.0
2011-04-21 20:01:33-04:00,10.0
2011-04-21 20:01:36-04:00,10.0
2011-04-21 20:01:39-04:00,10.0
2011-04-21 20:01:42-04:00,10.0
2011-04-21 20:01:45-04:00,10.0
2011-04-21 20:01:48-04:00,10.0
2011-04-21 20:01:51-04:00,10.0
2011-04-21 20:01:54-04:00,10.0
2011-04-21 20:01:57-04:00,10.0
2011-04-21 20:02:00-04:00,10.0
2011-04-21 20:02:03-04:00,10.0
2011-04-21 20:02:06-04:00,10.0
2011-04-21 20:02:09-04:00,10.0
2011-04-21 20:02:12-04:00,10.0
2011-04-21 20:02:15-04:00,10.0
2011-04-21 20:02:18-04:00,10.0
2011-04-21 20:02:21-04:00,10.0
2011-04-21 20:02:24-04:00,10.0
2011-04-21 20:02:27-04:00,9.88888888888889
2011-04-21 20:02:30-04:00,9.555555555555555
2011-04-21 20:02:33-04:00,9.222222222222221
2011-04-21 20:02:36-04:00,9.0
2011-04-21 20:02:39-04:00,9.0
2011-04-21 20:02:42-04:00,9.0
2011-04-21 20:02:45-04:00,9.0
2011-04-21 20:02:48-04:00,9.0
2011-04-21 20:02:51-04:00,9.0
2011-04-21 20:02:54-04:00,9.0
2011-04-21 20:02:57-04:00,9.0
2011-04-21 20:03:00-04:00,9.0
2011-04-21 20:03:03-04:00,9.0
2011-04-21 20:03:06-04:00,9.0
2011-04-21 20:03:09-04:00,9.0
2011-04-21 20:03:12-04:00,9.0
2011-04-21 20:03:15-04:00,9.0
2011-04-21 20:03:18-04:00,9.0
2011-04-21 20:03:21-04:00,9.0
2011-04-21 20:03:24-04:00,9.0
2011-04-21 20:03:27-04:00,9.0
2011-04-21 20:03:30-04:00,9.0
2011-04-21 20:03:33-04:00,9.0
2011-04-21 20:03:36-04:00,9.0
2011-04-21 20:03:39-04:00,9.0
2011-04-21 20:03:42-04:00,9.0
2011-04-21 20:03:45-04:00,9.0
2011-04-21 20:03:48-04:00,9.0
2011-04-21 20:03:51-04:00,9.0
2011-04-21 20:03:54-04:00,9.0
2011-04-21 20:03:57-04:00,9.0
2011-04-21 20:04:00-04:00,9.0
2011-04-21 20:04:03-04:00,9.0
2011-04-21 20:04:06-04:00,9.0
2011-04-21 20:04:09-04:00,9.0
2011-04-21 20:04:12-04:00,9.0
2011-04-21 20:04:15-04:00,9.0
2011-04-21 20:04:18-04:00,9.0
2011-04-21 20:04:21-04:00,9.333333333333334
2011-04-21 20:04:24-04:00,10.0
2011-04-21 20:04:27-04:00,10.0
2011-04-21 20:04:30-04:00,10.0
2011-04-21 20:04:33-04:00,10.0
2011-04-21 20:04:36-04:00,10.0
2011-04-21 20:04:39-04:00,10.0
2011-04-21 20:04:42-04:00,10.0
2011-04-21 20:04:45-04:00,10.0
2011-04-21 20:04:48-04:00,10.0
2011-04-21 20:04:51-04:00,10.0
2011-04-21 20:04:54-04:00,10.0
2011-04-21 20:04:57-04:00,10.0
2011-04-21 20:05:00-04:00,10.0
2011-04-21 20:05:03-04:00,10.0
2011-04-21 20:05:06-04:00,10.0
2011-04-21 20:05:09-04:00,10.0
2011-04-21 20:05:12-04:00,10.0
2011-04-21 20:05:15-04:00,10.0
2011-04-21 20:05:18-04:00,10.0
2011-04-21 20:05:21-04:00,10.0
2011-04-21 20:05:24-04:00,10.0
2011-04-21 20:05:27-04:00,9.25
2011-04-21 20:05:30-04:00,9.0
2011-04-21 20:05:33-04:00,9.0
2011-04-21 20:05:36-04:00,9.0
2011-04-21 20:05:39-04:00,9.0
2011-04-21 20:05:42-04:00,9.0
2011-04-21 20:05:45-04:00,9.0
2011-04-21 20:05:48-04:00,9.0
2011-04-21 20:05:51-04:00,9.0
2011-04-21 20:05:54-04:00,9.0
2011-04-21 20:05:57-04:00,9.0
2011-04-21 20:06:00-04:00,9.0
2011-04-21 20:06:03-04:00,9.0
2011-04-21 20:06:06-04:00,9.0
2011-04-21 20:06:09-04:00,9.0
2011-04-21 20:06:12-04:00,9.0
2011-04-21 20:06:15-04:00,9.0
2011-04-21 20:06:18-04:00,9.0
2011-04-21 20:06:21-04:00,9.0
2011-04-21 20:06:24-04:00,9.0
2011-04-21 20:06:27-04:00,9.0
2011-04-21 20:06:30-04:00,9.0
2011-04-21 20:06:33-04:00,9.0
2011-04-21 20:06:36-04:00,9.0
2011-04-21 20:06:39-04:00,9.0
2011-04-21 20:06:42-04:00,9.0
2011-04-21 20:06:45-04:00,9.0
2011-04-21 20:06:48-04:00,9.0
2011-04-21 20:06:51-04:00,9.0
2011-04-21 20:06:54-04:00,9.0
2011-04-21 20:06:57-04:00,9.0
2011-04-21 20:07:00-04:00,9.0
2011-04-21 20:07:03-04:00,9.0
2011-04-21 20:07:06-04:00,9.0
2011-04-21 20:07:09-04:00,9.0
2011-04-21 20:07:12-04:00,9.0
2011-04-21 20:07:15-04:00,9.0
2011-04-21 20:07:18-04:00,9.0
2011-04-21 20:07:21-04:00,9.0
2011-04-21 20:07:24-04:00,10.0
2011-04-21 20:07:27-04:00,10.0
2011-04-21 20:07:30-04:00,10.0
2011-04-21 20:07:33-04:00,10.0
2011-04-21 20:07:36-04:00,10.0
2011-04-21 20:07:39-04:00,10.0
2011-04-21 20:07:42-04:00,10.0
2011-04-21 20:07:45-04:00,10.0
2011-04-21 20:07:48-04:00,10.0
2011-04-21 20:07:51-04:00,10.0
2011-04-21 20:07:54-04:00,10.0
2011-04-21 20:07:57-04:00,10.0
2011-04-21 20:08:00-04:00,10.0
2011-04-21 20:08:03-04:00,10.0
2011-04-21 20:08:06-04:00,10.0
2011-04-21 20:08:09-04:00,10.0
2011-04-21 20:08:12-04:00,10.0
2011-04-21 20:08:15-04:00,10.0
2011-04-21 20:08:18-04:00,10.0
2011-04-21 20:08:21-04:00,10.0
2011-04-21 20:08:24-04:00,10.0
2011-04-21 20:08:27-04:00,10.0
2011-04-21 20:08:30-04:00,9.666666666666666
2011-04-21 20:08:33-04:00,9.333333333333334
2011-04-21 20:08:36-04:00,9.0
2011-04-21 20:08:39-04:00,9.0
2011-04-21 20:08:42-04:00,9.0
2011-04-21 20:08:45-04:00,9.0
2011-04-21 20:08:48-04:00,9.0
2011-04-21 20:08:51-04:00,9.0
2011-04-21 20:08:54-04:00,9.0
2011-04-21 20:08:57-04:00,9.0
2011-04-21 20:09:00-04:00,9.0
2011-04-21 20:09:03-04:00,9.0
2011-04-21 20:09:06-04:00,9.0
2011-04-21 20:09:09-04:00,9.0
2011-04-21 20:09:12-04:00,9.0
2011-04-21 20:09:15-04:00,9.0
2011-04-21 20:09:18-04:00,9.0
2011-04-21 20:09:21-04:00,9.0
2011-04-21 20:09:24-04:00,9.0
2011-04-21 20:09:27-04:00,9.0
2011-04-21 20:09:30-04:00,9.0
2011-04-21 20:09:33-04:00,9.0
2011-04-21 20:09:36-04:00,9.0
2011-04-21 20:09:39-04:00,9.0
2011-04-21 20:09:42-04:00,9.0
2011-04-21 20:09:45-04:00,9.0
2011-04-21 20:09:48-04:00,9.0
2011-04-21 20:09:51-04:00,9.0
2011-04-21 20:09:54-04:00,9.0
2011-04-21 20:09:57-04:00,9.0
2011-04-21 20:10:00-04:00,9.0
2011-04-21 20:10:03-04:00,9.0
2011-04-21 20:10:06-04:00,9.0
2011-04-21 20:10:09-04:00,9.0
2011-04-21 20:10:12-04:00,9.333333333333334
2011-04-21 20:10:15-04:00,10.0
2011-04-21 20:10:18-04:00,10.0
2011-04-21 20:10:21-04:00,10.0
2011-04-21 20:10:24-04:00,10.0
2011-04-21 20:10:27-04:00,10.0
2011-04-21 20:10:30-04:00,10.0
2011-04-21 20:10:33-04:00,10.0
2011-04-21 20:10:36-04:00,10.0
2011-04-21 20:10:39-04:00,10.0
2011-04-21 20:10:42-04:00,10.0
2011-04-21 20:10:45-04:00,10.0
2011-04-21 20:10:48-04:00,10.0
2011-04-21 20:10:51-04:00,10.0
2011-04-21 20:10:54-04:00,10.0
2011-04-21 20:10:57-04:00,10.0
2011-04-21 20:11:00-04:00,10.0
2011-04-21 20:11:03-04:00,10.0
2011-04-21 20:11:06-04:00,10.0
2011-04-21 20:11:09-04:00,10.0
2011-04-21 20:11:12-04:00,10.0
2011-04-21 20:11:15-04:00,10.0
2011-04-21 20:11:18-04:00,10.0
2011-04-21 20:11:21-04:00,10.0
2011-04-21 20:11:24-04:00,9.5
2011-04-21 20:11:27-04:00,8.0
2011-04-21 20:11:30-04:00,8.375
2011-04-21 20:11:33-04:00,8.75
2011-04-21 20:11:36-04:00,9.0
2011-04-21 20:11:39-04:00,9.0
2011-04-21 20:11:42-04:00,9.0
2011-04-21 20:11:45-04:00,9.0
2011-04-21 20:11:48-04:00,9.0
2011-04-21 20:11:51-04:00,9.0
2011-04-21 20:11:54-04:00,9.0
2011-04-21 20:11:57-04:00,9.0
2011-04-21 20:12:00-04:00,9.0
2011-04-21 20:12:03-04:00,9.0
2011-04-21 20:12:06-04:00,9.0
2011-04-21 20:12:09-04:00,9.0
2011-04-21 20:12:12-04:00,9.0
2011-04-21 20:12:15-04:00,9.0
2011-04-21 20:12:18-04:00,9.0
2011-04-21 20:12:21-04:00,9.0
2011-04-21 20:12:24-04:00,9.0
2011-04-21 20:12:27-04:00,9.0
2011-04-21 20:12:30-04:00,9.0
2011-04-21 20:12:33-04:00,9.0
2011-04-21 20:12:36-04:00,9.0
2011-04-21 20:12:39-04:00,9.0
2011-04-21 20:12:42-04:00,9.0
2011-04-21 20:12:45-04:00,9.0
2011-04-21 20:12:48-04:00,9.0
2011-04-21 20:12:51-04:00,9.0
2011-04-21 20:12:54-04:00,9.0
2011-04-21 20:12:57-04:00,9.0
2011-04-21 20:13:00-04:00,9.0
2011-04-21 20:13:03-04:00,9.0
2011-04-21 20:13:06-04:00,9.666666666666666
2011-04-21 20:13:09-04:00,10.0
2011-04-21 20:13:12-04:00,10.0
2011-04-21 20:13:15-04:00,10.0
2011-04-21 20:13:18-04:00,10.0
2011-04-21 20:13:21-04:00,10.0
2011-04-21 20:13:24-04:00,10.0
2011-04-21 20:13:27-04:00,10.0
2011-04-21 20:13:30-04:00,10.0
2011-04-21 20:13:33-04:00,10.0
2011-04-21 20:13:36-04:00,10.0
2011-04-21 20:13:39-04:00,10.0
2011-04-21 20:13:42-04:00,10.0
2011-04-21 20:13:45-04:00,10.0
2011-04-21 20:13:48-04:00,10.0
2011-04-21 20:13:51-04:00,10.0
2011-04-21 20:13:54-04:00,10.0
2011-04-21 20:13:57-04:00,10.0
2011-04-21 20:14:00-04:00,10.0
2011-04-21 20:14:03-04:00,10.0
2011-04-21 20:14:06-04:00,10.0
2011-04-21 20:14:09-04:00,10.0
2011-04-21 20:14:12-04:00,10.0
2011-04-21 20:14:15-04:00,10.0
2011-04-21 20:14:18-04:00,8.5
2011-04-21 20:14:21-04:00,8.666666666666666
2011-04-21 20:14:24-04:00,9.0
2011-04-21 20:14:27-04:00,9.0
2011-04-21 20:14:30-04:00,9.0
2011-04-21 20:14:33-04:00,9.0
2011-04-21 20:14:36-04:00,9.0
2011-04-21 20:14:39-04:00,9.0
2011-04-21 20:14:42-04:00,9.0
2011-04-21 20:14:45-04:00,9.0
2011-04-21 20:14:48-04:00,9.0
2011-04-21 20:14:51-04:00,9.0
2011-04-21 20:14:54-04:00,9.0
2011-04-21 20:14:57-04:00,9.0
2011-04-21 20:15:00-04:00,9.0
2011-04-21 20:15:03-04:00,9.0
2011-04-21 20:15:06-04:00,9.0
2011-04-21 20:15:09-04:00,9.0
2011-04-21 20:15:12-04:00,9.0
2011-04-21 20:15:15-04:00,9.0
2011-04-21 20:15:18-04:00,9.0
2011-04-21 20:15:21-04:00,9.0
2011-04-21 20:15:24-04:00,9.0
2011-04-21 20:15:27-04:00,9.0
2011-04-21 20:15:30-04:00,9.0
2011-04-21 20:15:33-04:00,9.0
2011-04-21 20:15:36-04:00,9.0
2011-04-21 20:15:39-04:00,9.0
2011-04-21 20:15:42-04:00,9.0
2011-04-21 20:15:45-04:00,9.0
2011-04-21 20:15:48-04:00,9.0
2011-04-21 20:15:51-04:00,9.0
2011-04-21 20:15:54-04:00,9.5
2011-04-21 20:15:57-04:00,10.0
2011-04-21 20:16:00-04:00,10.0
2011-04-21 20:16:03-04:00,10.0
2011-04-21 20:16:06-04:00,10.0
2011-04-21 20:16:09-04:00,10.0
2011-04-21 20:16:12-04:00,10.0
2011-04-21 20:16:15-04:00,10.0
2011-04-21 20:16:18-04:00,10.0
2011-04-21 20:16:21-04:00,10.0
2011-04-21 20:16:24-04:00,10.0
2011-04-21 20:16:27-04:00,10.0
2011-04-21 20:16:30-04:00,10.0
2011-04-21 20:16:33-04:00,10.0
2011-04-21 20:16:36-04:00,10.0
2011-04-21 20:16:39-04:00,10.0
2011-04-21 20:16:42-04:00,10.0
2011-04-21 20:16:45-04:00,10.0
2011-04-21 20:16:48-04:00,10.0
2011-04-21 20:16:51-04:00,10.0
2011-04-21 20:16:54-04:00,10.0
2011-04-21 20:16:57-04:00,10.0
2011-04-21 20:17:00-04:00,10.0
2011-04-21 20:17:03-04:00,10.0
2011-04-21 20:17:06-04:00,10.0
2011-04-21 20:17:09-04:00,10.0
2011-04-21 20:17:12-04:00,9.5
2011-04-21 20:17:15-04:00,9.0
2011-04-21 20:17:18-04:00,9.0
2011-04-21 20:17:21-04:00,9.0
2011-04-21 20:17:24-04:00,9.0
2011-04-21 20:17:27-04:00,9.0
2011-04-21 20:17:30-04:00,9.0
2011-04-21 20:17:33-04:00,9.0
2011-04-21 20:17:36-04:00,9.0
2011-04-21 20:17:39-04:00,9.0
2011-04-21 20:17:42-04:00,9.0
2011-04-21 20:17:45-04:00,9.0
2011-04-21 20:17:48-04:00,9.0
2011-04-21 20:17:51-04:00,9.0
2011-04-21 20:17:54-04:00,9.0
2011-04-21 20:17:57-04:00,9.0
2011-04-21 20:18:00-04:00,9.0
2011-04-21 20:18:03-04:00,9.0
2011-04-21 20:18:06-04:00,9.0
2011-04-21 20:18:09-04:00,9.0
2011-04-21 20:18:12-04:00,9.0
2011-04-21 20:18:15-04:00,9.0
2011-04-21 20:18:18-04:00,9.0
2011-04-21 20:18:21-04:00,9.0
2011-04-21 20:18:24-04:00,9.0
2011-04-21 20:18:27-04:00,9.0
2011-04-21 20:18:30-04:00,9.0
2011-04-21 20:18:33-04:00,9.0
2011-04-21 20:18:36-04:00,9.0
2011-04-21 20:18:39-04:00,9.0
2011-04-21 20:18:42-04:00,9.0
2011-04-21 20:18:45-04:00,9.333333333333334
2011-04-21 20:18:48-04:00,10.0
2011-04-21 20:18:51-04:00,10.0
2011-04-21 20:18:54-04:00,10.0
2011-04-21 20:18:57-04:00,10.0
2011-04-21 20:19:00-04:00,10.0
2011-04-21 20:19:03-04:00,10.0
2011-04-21 20:19:06-04:00,10.0
2011-04-21 20:19:09-04:00,10.0
2011-04-21 20:19:12-04:00,10.0
2011-04-21 20:19:15-04:00,10.0
2011-04-21 20:19:18-04:00,10.0
2011-04-21 20:19:21-04:00,10.0
2011-04-21 20:19:24-04:00,10.0
2011-04-21 20:19:27-04:00,10.0
2011-04-21 20:19:30-04:00,10.0
2011-04-21 20:19:33-04:00,10.0
2011-04-21 20:19:36-04:00,10.0
2011-04-21 20:19:39-04:00,10.0
2011-04-21 20:19:42-04:00,10.0
2011-04-21 20:19:45-04:00,10.0
2011-04-21 20:19:48-04:00,10.0
2011-04-21 20:19:51-04:00,10.0
2011-04-21 20:19:54-04:00,10.0
2011-04-21 20:19:57-04:00,10.0
2011-04-21 20:20:00-04:00,10.0
2011-04-21 20:20:03-04:00,10.0
2011-04-21 20:20:06-04:00,8.666666666666666
2011-04-21 20:20:09-04:00,8.5
2011-04-21 20:20:12-04:00,9.0
2011-04-21 20:20:15-04:00,9.0
2011-04-21 20:20:18-04:00,9.0
2011-04-21 20:20:21-04:00,9.0
2011-04-21 20:20:24-04:00,9.0
2011-04-21 20:20:27-04:00,9.0
2011-04-21 20:20:30-04:00,9.0
2011-04-21 20:20:33-04:00,9.0
2011-04-21 20:20:36-04:00,9.0
2011-04-21 20:20:39-04:00,9.0
2011-04-21 20:20:42-04:00,9.0
2011-04-21 20:20:45-04:00,9.0
2011-04-21 20:20:48-04:00,9.0
2011-04-21 20:20:51-04:00,9.0
2011-04-21 20:20:54-04:00,9.0
2011-04-21 20:20:57-04:00,9.0
2011-04-21 20:21:00-04:00,9.0
2011-04-21 20:21:03-04:00,9.0
2011-04-21 20:21:06-04:00,9.0
2011-04-21 20:21:09-04:00,9.0
2011-04-21 20:21:12-04:00,9.0
2011-04-21 20:21:15-04:00,9.0
2011-04-21 20:21:18-04:00,9.0
2011-04-21 20:21:21-04:00,9.0
2011-04-21 20:21:24-04:00,9.0
2011-04-21 20:21:27-04:00,9.0
2011-04-21 20:21:30-04:00,9.25
2011-04-21 20:21:33-04:00,9.625
2011-04-21 20:21:36-04:00,10.0
2011-04-21 20:21:39-04:00,10.0
2011-04-21 20:21:42-04:00,10.0
2011-04-21 20:21:45-04:00,10.0
2011-04-21 20:21:48-04:00,10.0
2011-04-21 20:21:51-04:00,10.0
2011-04-21 20:21:54-04:00,10.0
2011-04-21 20:21:57-04:00,10.0
2011-04-21 20:22:00-04:00,10.0
2011-04-21 20:22:03-04:00,10.0
2011-04-21 20:22:06-04:00,10.0
2011-04-21 20:22:09-04:00,10.0
2011-04-21 20:22:12-04:00,10.0
2011-04-21 20:22:15-04:00,10.0
2011-04-21 20:22:18-04:00,10.0
2011-04-21 20:22:21-04:00,10.0
2011-04-21 20:22:24-04:00,10.0
2011-04-21 20:22:27-04:00,10.0
2011-04-21 20:22:30-04:00,10.0
2011-04-21 20:22:33-04:00,10.0
2011-04-21 20:22:36-04:00,10.0
2011-04-21 20:22:39-04:00,10.0
2011-04-21 20:22:42-04:00,10.0
2011-04-21 20:22:45-04:00,10.0
2011-04-21 20:22:48-04:00,10.0
2011-04-21 20:22:51-04:00,9.666666666666666
2011-04-21 20:22:54-04:00,9.0
2011-04-21 20:22:57-04:00,9.0
2011-04-21 20:23:00-04:00,9.0
2011-04-21 20:23:03-04:00,9.0
2011-04-21 20:23:06-04:00,9.0
2011-04-21 20:23:09-04:00,9.0
2011-04-21 20:23:12-04:00,9.0
2011-04-21 20:23:15-04:00,9.0
2011-04-21 20:23:18-04:00,9.0
2011-04-21 20:23:21-04:00,9.0
2011-04-21 20:23:24-04:00,9.0
2011-04-21 20:23:27-04:00,9.0
2011-04-21 20:23:30-04:00,9.0
2011-04-21 20:23:33-04:00,9.0
2011-04-21 20:23:36-04:00,9.0
2011-04-21 20:23:39-04:00,9.0
2011-04-21 20:23:42-04:00,9.0
2011-04-21 20:23:45-04:00,9.0
2011-04-21 20:23:48-04:00,9.0
2011-04-21 20:23:51-04:00,9.0
2011-04-21 20:23:54-04:00,9.0
2011-04-21 20:23:57-04:00,9.0
2011-04-21 20:24:00-04:00,9.0
2011-04-21 20:24:03-04:00,9.0
2011-04-21 20:24:06-04:00,9.0
2011-04-21 20:24:09-04:00,9.0
2011-04-21 20:24:12-04:00,9.666666666666666
2011-04-21 20:24:15-04:00,10.0
2011-04-21 20:24:18-04:00,10.0
2011-04-21 20:24:21-04:00,10.0
2011-04-21 20:24:24-04:00,10.0
2011-04-21 20:24:27-04:00,10.0
2011-04-21 20:24:30-04:00,10.0
2011-04-21 20:24:33-04:00,10.0
2011-04-21 20:24:36-04:00,10.0
2011-04-21 20:24:39-04:00,10.0
2011-04-21 20:24:42-04:00,10.0
2011-04-21 20:24:45-04:00,10.0
2011-04-21 20:24:48-04:00,10.0
2011-04-21 20:24:51-04:00,10.0
2011-04-21 20:24:54-04:00,10.0
2011-04-21 20:24:57-04:00,10.0
2011-04-21 20:25:00-04:00,10.0
2011-04-21 20:25:03-04:00,10.0
2011-04-21 20:25:06-04:00,10.0
2011-04-21 20:25:09-04:00,10.0
2011-04-21 20:25:12-04:00,10.0
2011-04-21 20:25:15-04:00,10.0
2011-04-21 20:25:18-04:00,10.0
2011-04-21 20:25:21-04:00,10.0
2011-04-21 20:25:24-04:00,10.0
2011-04-21 20:25:27-04:00,10.0
2011-04-21 20:25:30-04:00,9.5
2011-04-21 20:25:33-04:00,8.75
2011-04-21 20:25:36-04:00,8.0
2011-04-21 20:25:39-04:00,8.0
2011-04-21 20:25:42-04:00,8.666666666666666
2011-04-21 20:25:45-04:00,9.0
2011-04-21 20:25:48-04:00,9.0
2011-04-21 20:25:51-04:00,9.0
2011-04-21 20:25:54-04:00,9.0
2011-04-21 20:25:57-04:00,8.0
2011-04-21 20:26:00-04:00,8.75
2011-04-21 20:26:03-04:00,9.0
2011-04-21 20:26:06-04:00,9.0
2011-04-21 20:26:09-04:00,9.0
2011-04-21 20:26:12-04:00,8.666666666666666
2011-04-21 20:26:15-04:00,8.333333333333334
2011-04-21 20:26:18-04:00,9.0
2011-04-21 20:26:21-04:00,9.0
2011-04-21 20:26:24-04:00,9.0
2011-04-21 20:26:27-04:00,9.0
2011-04-21 20:26:30-04:00,9.0
2011-04-21 20:26:33-04:00,9.0
2011-04-21 20:26:36-04:00,9.0
2011-04-21 20:26:39-04:00,9.0
2011-04-21 20:26:42-04:00,9.0
2011-04-21 20:26:45-04:00,9.0
2011-04-21 20:26:48-04:00,9.0
2011-04-21 20:26:51-04:00,8.75
2011-04-21 20:26:54-04:00,8.0
2011-04-21 20:26:57-04:00,9.0
2011-04-21 20:27:00-04:00,9.75
2011-04-21 20:27:03-04:00,10.0
2011-04-21 20:27:06-04:00,10.0
2011-04-21 20:27:09-04:00,10.0
2011-04-21 20:27:12-04:00,10.0
2011-04-21 20:27:15-04:00,10.0
2011-04-21 20:27:18-04:00,10.0
2011-04-21 20:27:21-04:00,10.0
2011-04-21 20:27:24-04:00,10.0
2011-04-21 20:27:27-04:00,10.0
2011-04-21 20:27:30-04:00,10.0
2011-04-21 20:27:33-04:00,10.0
2011-04-21 20:27:36-04:00,10.0
2011-04-21 20:27:39-04:00,10.0
2011-04-21 20:27:42-04:00,10.0
2011-04-21 20:27:45-04:00,10.0
2011-04-21 20:27:48-04:00,10.0
2011-04-21 20:27:51-04:00,10.0
2011-04-21 20:27:54-04:00,10.0
2011-04-21 20:27:57-04:00,10.0
2011-04-21 20:28:00-04:00,10.0
2011-04-21 20:28:03-04:00,10.0
2011-04-21 20:28:06-04:00,10.0
2011-04-21 20:28:09-04:00,10.0
2011-04-21 20:28:12-04:00,10.0
2011-04-21 20:28:15-04:00,10.0
2011-04-21 20:28:18-04:00,10.0
2011-04-21 20:28:21-04:00,10.0
2011-04-21 20:28:24-04:00,10.0
2011-04-21 20:28:27-04:00,10.0
2011-04-21 20:28:30-04:00,9.333333333333334
2011-04-21 20:28:33-04:00,8.666666666666666
2011-04-21 20:28:36-04:00,8.0
2011-04-21 20:28:39-04:00,9.0
2011-04-21 20:28:42-04:00,9.0
2011-04-21 20:28:45-04:00,9.0
2011-04-21 20:28:48-04:00,9.0
2011-04-21 20:28:51-04:00,9.0
2011-04-21 20:28:54-04:00,9.0
2011-04-21 20:28:57-04:00,9.0
2011-04-21 20:29:00-04:00,9.0
2011-04-21 20:29:03-04:00,9.0
2011-04-21 20:29:06-04:00,9.0
2011-04-21 20:29:09-04:00,9.0
2011-04-21 20:29:12-04:00,9.0
2011-04-21 20:29:15-04:00,9.0
2011-04-21 20:29:18-04:00,9.0
2011-04-21 20:29:21-04:00,9.0
2011-04-21 20:29:24-04:00,9.0
2011-04-21 20:29:27-04:00,9.0
2011-04-21 20:29:30-04:00,9.0
2011-04-21 20:29:33-04:00,9.0
2011-04-21 20:29:36-04:00,9.0
2011-04-21 20:29:39-04:00,9.0
2011-04-21 20:29:42-04:00,8.0
2011-04-21 20:29:45-04:00,8.75
2011-04-21 20:29:48-04:00,9.666666666666666
2011-04-21 20:29:51-04:00,10.0
2011-04-21 20:29:54-04:00,10.0
2011-04-21 20:29:57-04:00,10.0
2011-04-21 20:30:00-04:00,10.0
2011-04-21 20:30:03-04:00,10.0
2011-04-21 20:30:06-04:00,10.0
2011-04-21 20:30:09-04:00,10.0
2011-04-21 20:30:12-04:00,10.0
2011-04-21 20:30:15-04:00,10.0
2011-04-21 20:30:18-04:00,10.0
2011-04-21 20:30:21-04:00,10.0
2011-04-21 20:30:24-04:00,10.0
2011-04-21 20:30:27-04:00,10.0
2011-04-21 20:30:30-04:00,10.0
2011-04-21 20:30:33-04:00,10.0
2011-04-21 20:30:36-04:00,10.0
2011-04-21 20:30:39-04:00,10.0
2011-04-21 20:30:42-04:00,10.0
2011-04-21 20:30:45-04:00,10.0
2011-04-21 20:30:48-04:00,10.0
2011-04-21 20:30:51-04:00,10.0
2011-04-21 20:30:54-04:00,10.0
2011-04-21 20:30:57-04:00,10.0
2011-04-21 20:31:00-04:00,10.0
2011-04-21 20:31:03-04:00,10.0
2011-04-21 20:31:06-04:00,10.0
2011-04-21 20:31:09-04:00,10.0
2011-04-21 20:31:12-04:00,10.0
2011-04-21 20:31:15-04:00,10.0
2011-04-21 20:31:18-04:00,10.0
2011-04-21 20:31:21-04:00,10.0
2011-04-21 20:31:24-04:00,10.0
2011-04-21 20:31:27-04:00,9.0
2011-04-21 20:31:30-04:00,9.0
2011-04-21 20:31:33-04:00,9.0
2011-04-21 20:31:36-04:00,9.0
2011-04-21 20:31:39-04:00,9.0
2011-04-21 20:31:42-04:00,9.0
2011-04-21 20:31:45-04:00,9.0
2011-04-21 20:31:48-04:00,8.5
2011-04-21 20:31:51-04:00,8.333333333333334
2011-04-21 20:31:54-04:00,9.0
2011-04-21 20:31:57-04:00,9.0
2011-04-21 20:32:00-04:00,9.0
2011-04-21 20:32:03-04:00,9.0
2011-04-21 20:32:06-04:00,9.0
2011-04-21 20:32:09-04:00,9.0
2011-04-21 20:32:12-04:00,9.0
2011-04-21 20:32:15-04:00,9.0
2011-04-21 20:32:18-04:00,9.0
2011-04-21 20:32:21-04:00,9.0
2011-04-21 20:32:24-04:00,9.0
2011-04-21 20:32:27-04:00,124.0
2011-04-21 20:32:30-04:00,123.66666666666667
2011-04-21 20:32:33-04:00,123.33333333333333
2011-04-21 20:32:36-04:00,123.0
2011-04-21 20:32:39-04:00,124.0
2011-04-21 20:32:42-04:00,124.0
2011-04-21 20:32:45-04:00,124.0
2011-04-21 20:32:48-04:00,124.0
2011-04-21 20:32:51-04:00,124.33333333333333
2011-04-21 20:32:54-04:00,124.66666666666667
2011-04-21 20:32:57-04:00,124.0
2011-04-21 20:33:00-04:00,124.0
2011-04-21 20:33:03-04:00,125.0
2011-04-21 20:33:06-04:00,124.25
2011-04-21 20:33:09-04:00,124.66666666666667
2011-04-21 20:33:12-04:00,125.0
2011-04-21 20:33:15-04:00,125.0
2011-04-21 20:33:18-04:00,125.25
2011-04-21 20:33:21-04:00,126.0
2011-04-21 20:33:24-04:00,125.0
2011-04-21 20:33:27-04:00,126.0
2011-04-21 20:33:30-04:00,126.0
2011-04-21 20:33:33-04:00,126.0
2011-04-21 20:33:36-04:00,126.0
2011-04-21 20:33:39-04:00,126.0
2011-04-21 20:33:42-04:00,126.75
2011-04-21 20:33:45-04:00,127.0
2011-04-21 20:33:48-04:00,127.0
2011-04-21 20:33:51-04:00,127.33333333333333
2011-04-21 20:33:54-04:00,128.0
2011-04-21 20:33:57-04:00,128.0
2011-04-21 20:34:00-04:00,128.0
2011-04-21 20:34:03-04:00,128.0
2011-04-21 20:34:06-04:00,128.75
2011-04-21 20:34:09-04:00,129.0
2011-04-21 20:34:12-04:00,129.0
2011-04-21 20:34:15-04:00,129.0
2011-04-21 20:34:18-04:00,129.33333333333334
2011-04-21 20:34:21-04:00,130.0
2011-04-21 20:34:24-04:00,130.0
2011-04-21 20:34:27-04:00,130.0
2011-04-21 20:34:30-04:00,129.66666666666666
2011-04-21 20:34:33-04:00,129.33333333333334
2011-04-21 20:34:36-04:00,129.0
2011-04-21 20:34:39-04:00,129.75
2011-04-21 20:34:42-04:00,130.0
2011-04-21 20:34:45-04:00,130.0
2011-04-21 20:34:48-04:00,130.33333333333334
2011-04-21 20:34:51-04:00,130.75
2011-04-21 20:34:54-04:00,130.0
2011-04-21 20:34:57-04:00,131.0
2011-04-21 20:35:00-04:00,131.0
2011-04-21 20:35:03-04:00,131.66666666666666
2011-04-21 20:35:06-04:00,132.0
2011-04-21 20:35:09-04:00,132.0
2011-04-21 20:35:12-04:00,132.33333333333334
2011-04-21 20:35:15-04:00,133.0
2011-04-21 20:35:18-04:00,133.0
2011-04-21 20:35:21-04:00,133.0
2011-04-21 20:35:24-04:00,133.0
2011-04-21 20:35:27-04:00,133.75
2011-04-21 20:35:30-04:00,134.44444444444446
2011-04-21 20:35:33-04:00,135.11111111111111
2011-04-21 20:35:36-04:00,135.77777777777777
2011-04-21 20:35:39-04:00,136.0
2011-04-21 20:35:42-04:00,136.0
2011-04-21 20:35:45-04:00,136.0
2011-04-21 20:35:48-04:00,136.0
2011-04-21 20:35:51-04:00,136.25
2011-04-21 20:35:54-04:00,137.0
2011-04-21 20:35:57-04:00,137.0
2011-04-21 20:36:00-04:00,137.0
2011-04-21 20:36:03-04:00,137.0
2011-04-21 20:36:06-04:00,137.0
2011-04-21 20:36:09-04:00,137.5
2011-04-21 20:36:12-04:00,138.0
2011-04-21 20:36:15-04:00,138.0
2011-04-21 20:36:18-04:00,138.0
2011-04-21 20:36:21-04:00,138.0
2011-04-21 20:36:24-04:00,138.0
2011-04-21 20:36:27-04:00,138.0
2011-04-21 20:36:30-04:00,138.0
2011-04-21 20:36:33-04:00,138.0
2011-04-21 20:36:36-04:00,138.75
2011-04-21 20:36:39-04:00,139.0
2011-04-21 20:36:42-04:00,139.0
2011-04-21 20:36:45-04:00,139.0
2011-04-21 20:36:48-04:00,139.0
2011-04-21 20:36:51-04:00,139.0
2011-04-21 20:36:54-04:00,139.0
2011-04-21 20:36:57-04:00,139.0
2011-04-21 20:37:00-04:00,139.0
2011-04-21 20:37:03-04:00,139.66666666666666
2011-04-21 20:37:06-04:00,139.5
2011-04-21 20:37:09-04:00,139.33333333333334
2011-04-21 20:37:12-04:00,140.0
2011-04-21 20:37:15-04:00,140.0
2011-04-21 20:37:18-04:00,140.0
2011-04-21 20:37:21-04:00,140.0
2011-04-21 20:37:24-04:00,140.0
2011-04-21 20:37:27-04:00,139.55555555555554
2011-04-21 20:37:30-04:00,138.88888888888889
2011-04-21 20:37:33-04:00,138.22222222222223
2011-04-21 20:37:36-04:00,138.66666666666666
2011-04-21 20:37:39-04:00,139.0
2011-04-21 20:37:42-04:00,139.0
2011-04-21 20:37:45-04:00,139.0
2011-04-21 20:37:48-04:00,139.0
2011-04-21 20:37:51-04:00,139.0
2011-04-21 20:37:54-04:00,139.0
2011-04-21 20:37:57-04:00,139.0
2011-04-21 20:38:00-04:00,139.0
2011-04-21 20:38:03-04:00,139.0
2011-04-21 20:38:06-04:00,139.0
2011-04-21 20:38:09-04:00,139.0
2011-04-21 20:38:12-04:00,139.0
2011-04-21 20:38:15-04:00,139.0
2011-04-21 20:38:18-04:00,140.0
2011-04-21 20:38:21-04:00,139.25
2011-04-21 20:38:24-04:00,139.66666666666666
2011-04-21 20:38:27-04:00,140.22222222222223
2011-04-21 20:38:30-04:00,140.55555555555554
2011-04-21 20:38:33-04:00,140.88888888888889
2011-04-21 20:38:36-04:00,141.0
2011-04-21 20:38:39-04:00,141.0
2011-04-21 20:38:42-04:00,141.0
2011-04-21 20:38:45-04:00,141.0
2011-04-21 20:38:48-04:00,141.0
2011-04-21 20:38:51-04:00,141.0
2011-04-21 20:38:54-04:00,141.0
2011-04-21 20:38:57-04:00,141.0
2011-04-21 20:39:00-04:00,141.0
2011-04-21 20:39:03-04:00,141.0
2011-04-21 20:39:06-04:00,141.0
2011-04-21 20:39:09-04:00,141.0
2011-04-21 20:39:12-04:00,141.0
2011-04-21 20:39:15-04:00,141.0
2011-04-21 20:39:18-04:00,141.0
2011-04-21 20:39:21-04:00,141.0
2011-04-21 20:39:24-04:00,141.0
2011-04-21 20:39:27-04:00,141.0
2011-04-21 20:39:30-04:00,141.0
2011-04-21 20:39:33-04:00,141.0
2011-04-21 20:39:36-04:00,141.0
2011-04-21 20:39:39-04:00,141.0
2011-04-21 20:39:42-04:00,141.0
2011-04-21 20:39:45-04:00,141.0
2011-04-21 20:39:48-04:00,141.0
2011-04-21 20:39:51-04:00,141.0
2011-04-21 20:39:54-04:00,140.25
2011-04-21 20:39:57-04:00,140.0
2011-04-21 20:40:00-04:00,140.0
2011-04-21 20:40:03-04:00,140.0
2011-04-21 20:40:06-04:00,140.0
2011-04-21 20:40:09-04:00,140.0
2011-04-21 20:40:12-04:00,140.0
2011-04-21 20:40:15-04:00,140.0
2011-04-21 20:40:18-04:00,140.0
2011-04-21 20:40:21-04:00,140.0
2011-04-21 20:40:24-04:00,140.0
2011-04-21 20:40:27-04:00,139.75
2011-04-21 20:40:30-04:00,139.0
2011-04-21 20:40:33-04:00,138.25
2011-04-21 20:40:36-04:00,138.0
2011-04-21 20:40:39-04:00,138.0
2011-04-21 20:40:42-04:00,138.25
2011-04-21 20:40:45-04:00,139.0
2011-04-21 20:40:48-04:00,138.0
2011-04-21 20:40:51-04:00,138.0
2011-04-21 20:40:54-04:00,138.0
2011-04-21 20:40:57-04:00,138.0
2011-04-21 20:41:00-04:00,138.0
2011-04-21 20:41:03-04:00,138.0
2011-04-21 20:41:06-04:00,138.0
2011-04-21 20:41:09-04:00,138.0
2011-04-21 20:41:12-04:00,138.0
2011-04-21 20:41:15-04:00,138.0
2011-04-21 20:41:18-04:00,138.0
2011-04-21 20:41:21-04:00,138.0
2011-04-21 20:41:24-04:00,138.0
2011-04-21 20:41:27-04:00,138.0
2011-04-21 20:41:30-04:00,138.0
2011-04-21 20:41:33-04:00,138.0
2011-04-21 20:41:36-04:00,138.25
2011-04-21 20:41:39-04:00,139.0
2011-04-21 20:41:42-04:00,139.0
2011-04-21 20:41:45-04:00,139.0
2011-04-21 20:41:48-04:00,139.0
2011-04-21 20:41:51-04:00,139.0
2011-04-21 20:41:54-04:00,139.0
2011-04-21 20:41:57-04:00,139.0
2011-04-21 20:42:00-04:00,139.0
2011-04-21 20:42:03-04:00,139.0
2011-04-21 20:42:06-04:00,140.0
2011-04-21 20:42:09-04:00,140.0
2011-04-21 20:42:12-04:00,139.25
2011-04-21 20:42:15-04:00,139.0
2011-04-21 20:42:18-04:00,139.0
2011-04-21 20:42:21-04:00,139.0
2011-04-21 20:42:24-04:00,139.0
2011-04-21 20:42:27-04:00,139.0
2011-04-21 20:42:30-04:00,139.0
2011-04-21 20:42:33-04:00,139.0
2011-04-21 20:42:36-04:00,139.0
2011-04-21 20:42:39-04:00,139.0
2011-04-21 20:42:42-04:00,139.0
2011-04-21 20:42:45-04:00,139.0
2011-04-21 20:42:48-04:00,139.0
2011-04-21 20:42:51-04:00,139.0
2011-04-21 20:42:54-04:00,139.0
2011-04-21 20:42:57-04:00,139.0
2011-04-21 20:43:00-04:00,139.0
2011-04-21 20:43:03-04:00,139.0
2011-04-21 20:43:06-04:00,139.0
2011-04-21 20:43:09-04:00,139.0
2011-04-21 20:43:12-04:00,139.0
2011-04-21 20:43:15-04:00,139.0
2011-04-21 20:43:18-04:00,139.0
2011-04-21 20:43:21-04:00,139.0
2011-04-21 20:43:24-04:00,139.0
2011-04-21 20:43:27-04:00,139.0
2011-04-21 20:43:30-04:00,139.0
2011-04-21 20:43:33-04:00,139.0
2011-04-21 20:43:36-04:00,139.0
2011-04-21 20:43:39-04:00,139.0
2011-04-21 20:43:42-04:00,139.0
2011-04-21 20:43:45-04:00,138.25
2011-04-21 20:43:48-04:00,138.0
2011-04-21 20:43:51-04:00,138.0
2011-04-21 20:43:54-04:00,138.0
2011-04-21 20:43:57-04:00,138.0
2011-04-21 20:44:00-04:00,138.0
2011-04-21 20:44:03-04:00,138.0
2011-04-21 20:44:06-04:00,138.0
2011-04-21 20:44:09-04:00,138.0
2011-04-21 20:44:12-04:00,138.0
2011-04-21 20:44:15-04:00,138.0
2011-04-21 20:44:18-04:00,138.0
2011-04-21 20:44:21-04:00,138.0
2011-04-21 20:44:24-04:00,138.0
2011-04-21 20:44:27-04:00,138.0
2011-04-21 20:44:30-04:00,138.0
2011-04-21 20:44:33-04:00,138.0
2011-04-21 20:44:36-04:00,138.0
2011-04-21 20:44:39-04:00,138.0
2011-04-21 20:44:42-04:00,138.0
2011-04-21 20:44:45-04:00,138.0
2011-04-21 20:44:48-04:00,138.5
2011-04-21 20:44:51-04:00,139.0
2011-04-21 20:44:54-04:00,139.0
2011-04-21 20:44:57-04:00,139.0
2011-04-21 20:45:00-04:00,139.0
2011-04-21 20:45:03-04:00,139.0
2011-04-21 20:45:06-04:00,139.0
2011-04-21 20:45:09-04:00,139.0
2011-04-21 20:45:12-04:00,139.0
2011-04-21 20:45:15-04:00,139.0
2011-04-21 20:45:18-04:00,139.0
2011-04-21 20:45:21-04:00,139.0
2011-04-21 20:45:24-04:00,139.0
2011-04-21 20:45:27-04:00,139.0
2011-04-21 20:45:30-04:00,139.0
2011-04-21 20:45:33-04:00,139.0
2011-04-21 20:45:36-04:00,139.0
2011-04-21 20:45:39-04:00,139.0
2011-04-21 20:45:42-04:00,139.0
2011-04-21 20:45:45-04:00,139.0
2011-04-21 20:45:48-04:00,139.0
2011-04-21 20:45:51-04:00,139.0
2011-04-21 20:45:54-04:00,139.0
2011-04-21 20:45:57-04:00,139.0
2011-04-21 20:46:00-04:00,139.0
2011-04-21 20:46:03-04:00,139.0
2011-04-21 20:46:06-04:00,139.0
2011-04-21 20:46:09-04:00,139.0
2011-04-21 20:46:12-04:00,139.0
2011-04-21 20:46:15-04:00,139.0
2011-04-21 20:46:18-04:00,139.25
2011-04-21 20:46:21-04:00,140.0
2011-04-21 20:46:24-04:00,139.0
2011-04-21 20:46:27-04:00,139.0
2011-04-21 20:46:30-04:00,139.0
2011-04-21 20:46:33-04:00,139.0
2011-04-21 20:46:36-04:00,139.0
2011-04-21 20:46:39-04:00,139.0
2011-04-21 20:46:42-04:00,139.0
2011-04-21 20:46:45-04:00,139.0
2011-04-21 20:46:48-04:00,139.0
2011-04-21 20:46:51-04:00,139.0
2011-04-21 20:46:54-04:00,139.0
2011-04-21 20:46:57-04:00,139.0
2011-04-21 20:47:00-04:00,138.0
2011-04-21 20:47:03-04:00,138.0
2011-04-21 20:47:06-04:00,137.25
2011-04-21 20:47:09-04:00,137.66666666666666
2011-04-21 20:47:12-04:00,138.0
2011-04-21 20:47:15-04:00,138.0
2011-04-21 20:47:18-04:00,138.0
2011-04-21 20:47:21-04:00,138.0
2011-04-21 20:47:24-04:00,138.0
2011-04-21 20:47:27-04:00,138.0
2011-04-21 20:47:30-04:00,138.0
2011-04-21 20:47:33-04:00,138.0
2011-04-21 20:47:36-04:00,138.0
2011-04-21 20:47:39-04:00,138.0
2011-04-21 20:47:42-04:00,138.0
2011-04-21 20:47:45-04:00,138.5
2011-04-21 20:47:48-04:00,138.66666666666666
2011-04-21 20:47:51-04:00,138.0
2011-04-21 20:47:54-04:00,138.0
2011-04-21 20:47:57-04:00,138.0
2011-04-21 20:48:00-04:00,139.5
2011-04-21 20:48:03-04:00,140.0
2011-04-21 20:48:06-04:00,140.0
2011-04-21 20:48:09-04:00,140.0
2011-04-21 20:48:12-04:00,140.0
2011-04-21 20:48:15-04:00,140.0
2011-04-21 20:48:18-04:00,140.0
2011-04-21 20:48:21-04:00,140.0
2011-04-21 20:48:24-04:00,139.0
2011-04-21 20:48:27-04:00,139.0
2011-04-21 20:48:30-04:00,139.0
2011-04-21 20:48:33-04:00,139.0
2011-04-21 20:48:36-04:00,139.0
2011-04-21 20:48:39-04:00,139.0
2011-04-21 20:48:42-04:00,139.0
2011-04-21 20:48:45-04:00,139.0
2011-04-21 20:48:48-04:00,139.0
2011-04-21 20:48:51-04:00,139.0
2011-04-21 20:48:54-04:00,139.0
2011-04-21 20:48:57-04:00,139.0
2011-04-21 20:49:00-04:00,139.0
2011-04-21 20:49:03-04:00,139.0
2011-04-21 20:49:06-04:00,139.0
2011-04-21 20:49:09-04:00,139.0
2011-04-21 20:49:12-04:00,139.0
2011-04-21 20:49:15-04:00,139.0
2011-04-21 20:49:18-04:00,139.0
2011-04-21 20:49:21-04:00,139.0
2011-04-21 20:49:24-04:00,139.0
2011-04-21 20:49:27-04:00,139.0
2011-04-21 20:49:30-04:00,139.0
2011-04-21 20:49:33-04:00,139.0
2011-04-21 20:49:36-04:00,139.0
2011-04-21 20:49:39-04:00,139.0
2011-04-21 20:49:42-04:00,139.0
2011-04-21 20:49:45-04:00,139.0
2011-04-21 20:49:48-04:00,139.0
2011-04-21 20:49:51-04:00,139.0
2011-04-21 20:49:54-04:00,139.0
2011-04-21 20:49:57-04:00,139.0
2011-04-21 20:50:00-04:00,139.0
2011-04-21 20:50:03-04:00,139.0
2011-04-21 20:50:06-04:00,139.0
2011-04-21 20:50:09-04:00,139.0
2011-04-21 20:50:12-04:00,138.33333333333334
2011-04-21 20:50:15-04:00,137.0
2011-04-21 20:50:18-04:00,137.0
2011-04-21 20:50:21-04:00,137.0
2011-04-21 20:50:24-04:00,137.0
2011-04-21 20:50:27-04:00,137.0
2011-04-21 20:50:30-04:00,137.0
2011-04-21 20:50:33-04:00,137.0
2011-04-21 20:50:36-04:00,137.0
2011-04-21 20:50:39-04:00,137.0
2011-04-21 20:50:42-04:00,137.0
2011-04-21 20:50:45-04:00,137.0
2011-04-21 20:50:48-04:00,137.0
2011-04-21 20:50:51-04:00,137.0
2011-04-21 20:50:54-04:00,137.0
2011-04-21 20:50:57-04:00,138.0
2011-04-21 20:51:00-04:00,137.25
2011-04-21 20:51:03-04:00,137.0
2011-04-21 20:51:06-04:00,137.0
2011-04-21 20:51:09-04:00,137.0
2011-04-21 20:51:12-04:00,137.25
2011-04-21 20:51:15-04:00,138.0
2011-04-21 20:51:18-04:00,140.0
2011-04-21 20:51:21-04:00,139.25
2011-04-21 20:51:24-04:00,139.66666666666666
2011-04-21 20:51:27-04:00,140.0
2011-04-21 20:51:30-04:00,140.0
2011-04-21 20:51:33-04:00,140.0
2011-04-21 20:51:36-04:00,140.0
2011-04-21 20:51:39-04:00,140.0
2011-04-21 20:51:42-04:00,139.5
2011-04-21 20:51:45-04:00,139.33333333333334
2011-04-21 20:51:48-04:00,140.0
2011-04-21 20:51:51-04:00,139.75
2011-04-21 20:51:54-04:00,139.0
2011-04-21 20:51:57-04:00,140.0
2011-04-21 20:52:00-04:00,140.0
2011-04-21 20:52:03-04:00,140.0
2011-04-21 20:52:06-04:00,139.5
2011-04-21 20:52:09-04:00,139.0
2011-04-21 20:52:12-04:00,139.0
2011-04-21 20:52:15-04:00,139.0
2011-04-21 20:52:18-04:00,139.0
2011-04-21 20:52:21-04:00,139.0
2011-04-21 20:52:24-04:00,138.33333333333334
2011-04-21 20:52:27-04:00,138.22222222222223
2011-04-21 20:52:30-04:00,138.55555555555554
2011-04-21 20:52:33-04:00,138.88888888888889
2011-04-21 20:52:36-04:00,139.0
2011-04-21 20:52:39-04:00,139.0
2011-04-21 20:52:42-04:00,139.33333333333334
2011-04-21 20:52:45-04:00,140.0
2011-04-21 20:52:48-04:00,140.0
2011-04-21 20:52:51-04:00,141.0
2011-04-21 20:52:54-04:00,141.0
2011-04-21 20:52:57-04:00,141.66666666666666
2011-04-21 20:53:00-04:00,142.0
2011-04-21 20:53:03-04:00,142.0
2011-04-21 20:53:06-04:00,142.0
2011-04-21 20:53:09-04:00,142.33333333333334
2011-04-21 20:53:12-04:00,142.75
2011-04-21 20:53:15-04:00,142.0
2011-04-21 20:53:18-04:00,142.0
2011-04-21 20:53:21-04:00,142.0
2011-04-21 20:53:24-04:00,142.0
2011-04-21 20:53:27-04:00,142.0
2011-04-21 20:53:30-04:00,142.0
2011-04-21 20:53:33-04:00,142.0
2011-04-21 20:53:36-04:00,141.33333333333334
2011-04-21 20:53:39-04:00,141.5
2011-04-21 20:53:42-04:00,141.66666666666666
2011-04-21 20:53:45-04:00,141.25
2011-04-21 20:53:48-04:00,142.0
2011-04-21 20:53:51-04:00,140.0
2011-04-21 20:53:54-04:00,140.0
2011-04-21 20:53:57-04:00,140.66666666666666
2011-04-21 20:54:00-04:00,140.5
2011-04-21 20:54:03-04:00,140.33333333333334
2011-04-21 20:54:06-04:00,140.75
2011-04-21 20:54:09-04:00,140.0
2011-04-21 20:54:12-04:00,141.0
2011-04-21 20:54:15-04:00,141.0
2011-04-21 20:54:18-04:00,141.0
2011-04-21 20:54:21-04:00,140.33333333333334
2011-04-21 20:54:24-04:00,140.0
2011-04-21 20:54:27-04:00,140.0
2011-04-21 20:54:30-04:00,140.0
2011-04-21 20:54:33-04:00,140.0
2011-04-21 20:54:36-04:00,140.0
2011-04-21 20:54:39-04:00,140.0
2011-04-21 20:54:42-04:00,141.0
2011-04-21 20:54:45-04:00,141.0
2011-04-21 20:54:48-04:00,141.0
2011-04-21 20:54:51-04:00,141.66666666666666
2011-04-21 20:54:54-04:00,142.0
2011-04-21 20:54:57-04:00,142.0
2011-04-21 20:55:00-04:00,142.0
2011-04-21 20:55:03-04:00,142.0
2011-04-21 20:55:06-04:00,142.0
2011-04-21 20:55:09-04:00,142.0
2011-04-21 20:55:12-04:00,142.0
2011-04-21 20:55:15-04:00,142.0
2011-04-21 20:55:18-04:00,142.0
2011-04-21 20:55:21-04:00,142.0
2011-04-21 20:55:24-04:00,142.0
2011-04-21 20:55:27-04:00,142.0
2011-04-21 20:55:30-04:00,142.0
2011-04-21 20:55:33-04:00,142.0
2011-04-21 20:55:36-04:00,142.0
2011-04-21 20:55:39-04:00,142.0
2011-04-21 20:55:42-04:00,142.0
2011-04-21 20:55:45-04:00,141.25
2011-04-21 20:55:48-04:00,141.0
2011-04-21 20:55:51-04:00,141.0
2011-04-21 20:55:54-04:00,141.0
2011-04-21 20:55:57-04:00,141.0
2011-04-21 20:56:00-04:00,141.0
2011-04-21 20:56:03-04:00,141.0
2011-04-21 20:56:06-04:00,141.0
2011-04-21 20:56:09-04:00,141.0
2011-04-21 20:56:12-04:00,141.0
2011-04-21 20:56:15-04:00,141.66666666666666
2011-04-21 20:56:18-04:00,141.5
2011-04-21 20:56:21-04:00,141.33333333333334
2011-04-21 20:56:24-04:00,142.0
2011-04-21 20:56:27-04:00,142.0
2011-04-21 20:56:30-04:00,142.0
2011-04-21 20:56:33-04:00,142.0
2011-04-21 20:56:36-04:00,142.0
2011-04-21 20:56:39-04:00,142.0
2011-04-21 20:56:42-04:00,142.0
2011-04-21 20:56:45-04:00,142.0
2011-04-21 20:56:48-04:00,142.0
2011-04-21 20:56:51-04:00,142.0
2011-04-21 20:56:54-04:00,141.66666666666666
2011-04-21 20:56:57-04:00,141.25
2011-04-21 20:57:00-04:00,142.0
2011-04-21 20:57:03-04:00,142.0
2011-04-21 20:57:06-04:00,142.0
2011-04-21 20:57:09-04:00,142.0
2011-04-21 20:57:12-04:00,141.33333333333334
2011-04-21 20:57:15-04:00,141.66666666666666
2011-04-21 20:57:18-04:00,142.0
2011-04-21 20:57:21-04:00,142.0
2011-04-21 20:57:24-04:00,141.75
2011-04-21 20:57:27-04:00,141.0
2011-04-21 20:57:30-04:00,141.0
2011-04-21 20:57:33-04:00,141.0
2011-04-21 20:57:36-04:00,141.0
2011-04-21 20:57:39-04:00,142.0
2011-04-21 20:57:42-04:00,142.0
2011-04-21 20:57:45-04:00,141.33333333333334
2011-04-21 20:57:48-04:00,141.5
2011-04-21 20:57:51-04:00,142.0
2011-04-21 20:57:54-04:00,142.0
2011-04-21 20:57:57-04:00,142.0
2011-04-21 20:58:00-04:00,142.0
2011-04-21 20:58:03-04:00,142.0
2011-04-21 20:58:06-04:00,142.0
2011-04-21 20:58:09-04:00,142.0
2011-04-21 20:58:12-04:00,142.0
2011-04-21 20:58:15-04:00,142.0
2011-04-21 20:58:18-04:00,142.0
2011-04-21 20:58:21-04:00,142.0
2011-04-21 20:58:24-04:00,142.0
2011-04-21 20:58:27-04:00,142.0
2011-04-21 20:58:30-04:00,142.0
2011-04-21 20:58:33-04:00,142.0
2011-04-21 20:58:36-04:00,142.0
2011-04-21 20:58:39-04:00,142.0
2011-04-21 20:58:42-04:00,142.0
2011-04-21 20:58:45-04:00,142.0
2011-04-21 20:58:48-04:00,142.0
2011-04-21 20:58:51-04:00,142.0
2011-04-21 20:58:54-04:00,142.33333333333334
2011-04-21 20:58:57-04:00,143.0
2011-04-21 20:59:00-04:00,143.0
2011-04-21 20:59:03-04:00,143.0
2011-04-21 20:59:06-04:00,142.25
2011-04-21 20:59:09-04:00,141.33333333333334
2011-04-21 20:59:12-04:00,141.5
2011-04-21 20:59:15-04:00,142.0
2011-04-21 20:59:18-04:00,142.0
2011-04-21 20:59:21-04:00,142.0
2011-04-21 20:59:24-04:00,142.0
2011-04-21 20:59:27-04:00,142.0
2011-04-21 20:59:30-04:00,142.0
2011-04-21 20:59:33-04:00,142.0
2011-04-21 20:59:36-04:00,142.0
2011-04-21 20:59:39-04:00,142.0
2011-04-21 20:59:42-04:00,142.0
2011-04-21 20:59:45-04:00,142.0
2011-04-21 20:59:48-04:00,141.33333333333334
2011-04-21 20:59:51-04:00,141.5
2011-04-21 20:59:54-04:00,142.0
2011-04-21 20:59:57-04:00,142.0
2011-04-21 21:00:00-04:00,142.0
2011-04-21 21:00:03-04:00,142.0
2011-04-21 21:00:06-04:00,142.0
2011-04-21 21:00:09-04:00,142.0
2011-04-21 21:00:12-04:00,142.0
2011-04-21 21:00:15-04:00,142.0
2011-04-21 21:00:18-04:00,141.66666666666666
2011-04-21 21:00:21-04:00,141.0
2011-04-21 21:00:24-04:00,141.0
2011-04-21 21:00:27-04:00,141.0
2011-04-21 21:00:30-04:00,141.0
2011-04-21 21:00:33-04:00,141.0
2011-04-21 21:00:36-04:00,141.0
2011-04-21 21:00:39-04:00,141.0
2011-04-21 21:00:42-04:00,141.0
2011-04-21 21:00:45-04:00,141.0
2011-04-21 21:00:48-04:00,141.0
2011-04-21 21:00:51-04:00,141.0
2011-04-21 21:00:54-04:00,141.0
2011-04-21 21:00:57-04:00,141.0
2011-04-21 21:01:00-04:00,141.0
2011-04-21 21:01:03-04:00,141.0
2011-04-21 21:01:06-04:00,141.0
2011-04-21 21:01:09-04:00,141.0
2011-04-21 21:01:12-04:00,141.0
2011-04-21 21:01:15-04:00,141.0
2011-04-21 21:01:18-04:00,141.33333333333334
2011-04-21 21:01:21-04:00,142.0
2011-04-21 21:01:24-04:00,142.0
2011-04-21 21:01:27-04:00,142.0
2011-04-21 21:01:30-04:00,142.0
2011-04-21 21:01:33-04:00,142.0
2011-04-21 21:01:36-04:00,142.0
2011-04-21 21:01:39-04:00,142.0
2011-04-21 21:01:42-04:00,142.0
2011-04-21 21:01:45-04:00,142.0
2011-04-21 21:01:48-04:00,142.0
2011-04-21 21:01:51-04:00,142.0
2011-04-21 21:01:54-04:00,142.0
2011-04-21 21:01:57-04:00,142.0
2011-04-21 21:02:00-04:00,142.0
2011-04-21 21:02:03-04:00,142.0
2011-04-21 21:02:06-04:00,142.0
2011-04-21 21:02:09-04:00,142.0
2011-04-21 21:02:12-04:00,142.0
2011-04-21 21:02:15-04:00,142.0
2011-04-21 21:02:18-04:00,142.0
2011-04-21 21:02:21-04:00,142.0
2011-04-21 21:02:24-04:00,142.0
2011-04-21 21:02:27-04:00,141.0
2011-04-21 21:02:30-04:00,141.0
2011-04-21 21:02:33-04:00,141.0
2011-04-21 21:02:36-04:00,141.0
2011-04-21 21:02:39-04:00,141.0
2011-04-21 21:02:42-04:00,141.0
2011-04-21 21:02:45-04:00,141.66666666666666
2011-04-21 21:02:48-04:00,141.5
2011-04-21 21:02:51-04:00,141.0
2011-04-21 21:02:54-04:00,141.0
2011-04-21 21:02:57-04:00,141.0
2011-04-21 21:03:00-04:00,141.0
2011-04-21 21:03:03-04:00,142.0
2011-04-21 21:03:06-04:00,142.0
2011-04-21 21:03:09-04:00,142.0
2011-04-21 21:03:12-04:00,142.0
2011-04-21 21:03:15-04:00,142.0
2011-04-21 21:03:18-04:00,142.0
2011-04-21 21:03:21-04:00,142.0
2011-04-21 21:03:24-04:00,142.0
2011-04-21 21:03:27-04:00,142.0
2011-04-21 21:03:30-04:00,142.0
2011-04-21 21:03:33-04:00,142.0
2011-04-21 21:03:36-04:00,142.0
2011-04-21 21:03:39-04:00,142.0
2011-04-21 21:03:42-04:00,142.0
2011-04-21 21:03:45-04:00,142.0
2011-04-21 21:03:48-04:00,142.0
2011-04-21 21:03:51-04:00,141.66666666666666
2011-04-21 21:03:54-04:00,141.25
2011-04-21 21:03:57-04:00,142.0
2011-04-21 21:04:00-04:00,142.0
2011-04-21 21:04:03-04:00,142.0
2011-04-21 21:04:06-04:00,142.0
2011-04-21 21:04:09-04:00,141.33333333333334
2011-04-21 21:04:12-04:00,141.5
2011-04-21 21:04:15-04:00,142.0
2011-04-21 21:04:18-04:00,142.0
2011-04-21 21:04:21-04:00,142.0
2011-04-21 21:04:24-04:00,142.0
2011-04-21 21:04:27-04:00,142.0
2011-04-21 21:04:30-04:00,142.0
2011-04-21 21:04:33-04:00,142.0
2011-04-21 21:04:36-04:00,142.0
2011-04-21 21:04:39-04:00,142.0
2011-04-21 21:04:42-04:00,142.0
2011-04-21 21:04:45-04:00,142.0
2011-04-21 21:04:48-04:00,142.0
2011-04-21 21:04:51-04:00,142.0
2011-04-21 21:04:54-04:00,142.0
2011-04-21 21:04:57-04:00,142.0
2011-04-21 21:05:00-04:00,142.0
2011-04-21 21:05:03-04:00,142.0
2011-04-21 21:05:06-04:00,142.0
2011-04-21 21:05:09-04:00,142.0
2011-04-21 21:05:12-04:00,142.0
2011-04-21 21:05:15-04:00,142.0
2011-04-21 21:05:18-04:00,142.0
2011-04-21 21:05:21-04:00,142.0
2011-04-21 21:05:24-04:00,141.0
2011-04-21 21:05:27-04:00,141.0
2011-04-21 21:05:30-04:00,141.0
2011-04-21 21:05:33-04:00,141.0
2011-04-21 21:05:36-04:00,141.0
2011-04-21 21:05:39-04:00,141.0
2011-04-21 21:05:42-04:00,141.0
2011-04-21 21:05:45-04:00,141.0
2011-04-21 21:05:48-04:00,141.5
2011-04-21 21:05:51-04:00,141.66666666666666
2011-04-21 21:05:54-04:00,141.0
2011-04-21 21:05:57-04:00,141.0
2011-04-21 21:06:00-04:00,142.0
2011-04-21 21:06:03-04:00,142.0
2011-04-21 21:06:06-04:00,142.0
2011-04-21 21:06:09-04:00,142.0
2011-04-21 21:06:12-04:00,142.0
2011-04-21 21:06:15-04:00,142.0
2011-04-21 21:06:18-04:00,142.0
2011-04-21 21:06:21-04:00,142.0
2011-04-21 21:06:24-04:00,142.0
2011-04-21 21:06:27-04:00,142.0
2011-04-21 21:06:30-04:00,142.0
2011-04-21 21:06:33-04:00,142.0
2011-04-21 21:06:36-04:00,142.0
2011-04-21 21:06:39-04:00,142.0
2011-04-21 21:06:42-04:00,142.0
2011-04-21 21:06:45-04:00,141.33333333333334
2011-04-21 21:06:48-04:00,141.5
2011-04-21 21:06:51-04:00,142.0
2011-04-21 21:06:54-04:00,142.0
2011-04-21 21:06:57-04:00,142.25
2011-04-21 21:07:00-04:00,143.0
2011-04-21 21:07:03-04:00,142.0
2011-04-21 21:07:06-04:00,142.0
2011-04-21 21:07:09-04:00,142.0
2011-04-21 21:07:12-04:00,142.0
2011-04-21 21:07:15-04:00,142.0
2011-04-21 21:07:18-04:00,142.0
2011-04-21 21:07:21-04:00,142.0
2011-04-21 21:07:24-04:00,142.0
2011-04-21 21:07:27-04:00,142.0
2011-04-21 21:07:30-04:00,142.0
2011-04-21 21:07:33-04:00,142.0
2011-04-21 21:07:36-04:00,142.0
2011-04-21 21:07:39-04:00,142.0
2011-04-21 21:07:42-04:00,142.0
2011-04-21 21:07:45-04:00,142.0
2011-04-21 21:07:48-04:00,142.0
2011-04-21 21:07:51-04:00,142.0
2011-04-21 21:07:54-04:00,142.0
2011-04-21 21:07:57-04:00,142.0
2011-04-21 21:08:00-04:00,142.0
2011-04-21 21:08:03-04:00,142.0
2011-04-21 21:08:06-04:00,142.0
2011-04-21 21:08:09-04:00,141.33333333333334
2011-04-21 21:08:12-04:00,141.0
2011-04-21 21:08:15-04:00,141.33333333333334
2011-04-21 21:08:18-04:00,141.75
2011-04-21 21:08:21-04:00,141.0
2011-04-21 21:08:24-04:00,141.0
2011-04-21 21:08:27-04:00,142.0
2011-04-21 21:08:30-04:00,141.66666666666666
2011-04-21 21:08:33-04:00,141.33333333333334
2011-04-21 21:08:36-04:00,141.0
2011-04-21 21:08:39-04:00,141.0
2011-04-21 21:08:42-04:00,141.0
2011-04-21 21:08:45-04:00,141.0
2011-04-21 21:08:48-04:00,141.0
2011-04-21 21:08:51-04:00,141.0
2011-04-21 21:08:54-04:00,141.0
2011-04-21 21:08:57-04:00,141.0
2011-04-21 21:09:00-04:00,141.0
2011-04-21 21:09:03-04:00,141.0
2011-04-21 21:09:06-04:00,141.75
2011-04-21 21:09:09-04:00,141.33333333333334
2011-04-21 21:09:12-04:00,141.0
2011-04-21 21:09:15-04:00,141.0
2011-04-21 21:09:18-04:00,141.0
2011-04-21 21:09:21-04:00,141.0
2011-04-21 21:09:24-04:00,142.0
2011-04-21 21:09:27-04:00,141.66666666666666
2011-04-21 21:09:30-04:00,141.33333333333334
2011-04-21 21:09:33-04:00,141.0
2011-04-21 21:09:36-04:00,141.0
2011-04-21 21:09:39-04:00,141.66666666666666
2011-04-21 21:09:42-04:00,141.5
2011-04-21 21:09:45-04:00,141.33333333333334
2011-04-21 21:09:48-04:00,142.0
2011-04-21 21:09:51-04:00,142.0
2011-04-21 21:09:54-04:00,142.0
2011-04-21 21:09:57-04:00,142.0
2011-04-21 21:10:00-04:00,142.0
2011-04-21 21:10:03-04:00,142.0
2011-04-21 21:10:06-04:00,142.0
2011-04-21 21:10:09-04:00,142.0
2011-04-21 21:10:12-04:00,142.0
2011-04-21 21:10:15-04:00,142.0
2011-04-21 21:10:18-04:00,142.0
2011-04-21 21:10:21-04:00,142.0
2011-04-21 21:10:24-04:00,142.0
2011-04-21 21:10:27-04:00,142.0
2011-04-21 21:10:30-04:00,142.0
2011-04-21 21:10:33-04:00,142.0
2011-04-21 21:10:36-04:00,142.0
2011-04-21 21:10:39-04:00,142.0
2011-04-21 21:10:42-04:00,142.0
2011-04-21 21:10:45-04:00,142.0
2011-04-21 21:10:48-04:00,142.0
2011-04-21 21:10:51-04:00,142.0
2011-04-21 21:10:54-04:00,142.0
2011-04-21 21:10:57-04:00,142.0
2011-04-21 21:11:00-04:00,142.0
2011-04-21 21:11:03-04:00,141.66666666666666
2011-04-21 21:11:06-04:00,141.0
2011-04-21 21:11:09-04:00,141.0
2011-04-21 21:11:12-04:00,141.0
2011-04-21 21:11:15-04:00,141.0
2011-04-21 21:11:18-04:00,141.0
2011-04-21 21:11:21-04:00,141.0
2011-04-21 21:11:24-04:00,141.0
2011-04-21 21:11:27-04:00,141.11111111111111
2011-04-21 21:11:30-04:00,141.44444444444446
2011-04-21 21:11:33-04:00,141.77777777777777
2011-04-21 21:11:36-04:00,141.66666666666666
2011-04-21 21:11:39-04:00,141.0
2011-04-21 21:11:42-04:00,141.0
2011-04-21 21:11:45-04:00,141.0
2011-04-21 21:11:48-04:00,141.0
2011-04-21 21:11:51-04:00,141.0
2011-04-21 21:11:54-04:00,141.5
2011-04-21 21:11:57-04:00,141.66666666666666
2011-04-21 21:12:00-04:00,141.33333333333334
2011-04-21 21:12:03-04:00,141.75
2011-04-21 21:12:06-04:00,141.0
2011-04-21 21:12:09-04:00,141.0
2011-04-21 21:12:12-04:00,141.66666666666666
2011-04-21 21:12:15-04:00,142.0
2011-04-21 21:12:18-04:00,141.75
2011-04-21 21:12:21-04:00,141.0
2011-04-21 21:12:24-04:00,141.0
2011-04-21 21:12:27-04:00,141.33333333333334
2011-04-21 21:12:30-04:00,141.66666666666666
2011-04-21 21:12:33-04:00,142.0
2011-04-21 21:12:36-04:00,142.0
2011-04-21 21:12:39-04:00,142.0
2011-04-21 21:12:42-04:00,142.0
2011-04-21 21:12:45-04:00,142.0
2011-04-21 21:12:48-04:00,142.0
2011-04-21 21:12:51-04:00,142.0
2011-04-21 21:12:54-04:00,142.0
2011-04-21 21:12:57-04:00,142.0
2011-04-21 21:13:00-04:00,142.0
2011-04-21 21:13:03-04:00,142.0
2011-04-21 21:13:06-04:00,142.0
2011-04-21 21:13:09-04:00,142.0
2011-04-21 21:13:12-04:00,142.0
2011-04-21 21:13:15-04:00,142.0
2011-04-21 21:13:18-04:00,142.0
2011-04-21 21:13:21-04:00,142.0
2011-04-21 21:13:24-04:00,142.0
2011-04-21 21:13:27-04:00,142.0
2011-04-21 21:13:30-04:00,142.0
2011-04-21 21:13:33-04:00,142.0
2011-04-21 21:13:36-04:00,142.0
2011-04-21 21:13:39-04:00,142.0
2011-04-21 21:13:42-04:00,142.0
2011-04-21 21:13:45-04:00,142.0
2011-04-21 21:13:48-04:00,142.0
2011-04-21 21:13:51-04:00,142.0
2011-04-21 21:13:54-04:00,142.0
2011-04-21 21:13:57-04:00,141.0
2011-04-21 21:14:00-04:00,141.0
2011-04-21 21:14:03-04:00,141.0
2011-04-21 21:14:06-04:00,141.0
2011-04-21 21:14:09-04:00,141.0
2011-04-21 21:14:12-04:00,141.0
2011-04-21 21:14:15-04:00,141.0
2011-04-21 21:14:18-04:00,141.0
2011-04-21 21:14:21-04:00,141.0
2011-04-21 21:14:24-04:00,141.0
2011-04-21 21:14:27-04:00,141.0
2011-04-21 21:14:30-04:00,140.33333333333334
2011-04-21 21:14:33-04:00,139.66666666666666
2011-04-21 21:14:36-04:00,139.0
2011-04-21 21:14:39-04:00,139.0
2011-04-21 21:14:42-04:00,139.0
2011-04-21 21:14:45-04:00,139.0
2011-04-21 21:14:48-04:00,139.0
2011-04-21 21:14:51-04:00,139.0
2011-04-21 21:14:54-04:00,139.0
2011-04-21 21:14:57-04:00,139.0
2011-04-21 21:15:00-04:00,139.0
2011-04-21 21:15:03-04:00,139.0
2011-04-21 21:15:06-04:00,139.0
2011-04-21 21:15:09-04:00,139.0
2011-04-21 21:15:12-04:00,139.0
2011-04-21 21:15:15-04:00,139.0
2011-04-21 21:15:18-04:00,139.0
2011-04-21 21:15:21-04:00,139.0
2011-04-21 21:15:24-04:00,139.0
2011-04-21 21:15:27-04:00,139.0
2011-04-21 21:15:30-04:00,139.0
2011-04-21 21:15:33-04:00,139.0
2011-04-21 21:15:36-04:00,139.0
2011-04-21 21:15:39-04:00,139.0
2011-04-21 21:15:42-04:00,139.75
2011-04-21 21:15:45-04:00,139.33333333333334
2011-04-21 21:15:48-04:00,139.0
2011-04-21 21:15:51-04:00,139.0
2011-04-21 21:15:54-04:00,139.0
2011-04-21 21:15:57-04:00,139.0
2011-04-21 21:16:00-04:00,139.0
2011-04-21 21:16:03-04:00,139.0
2011-04-21 21:16:06-04:00,139.0
2011-04-21 21:16:09-04:00,139.0
2011-04-21 21:16:12-04:00,139.0
2011-04-21 21:16:15-04:00,139.33333333333334
2011-04-21 21:16:18-04:00,140.0
2011-04-21 21:16:21-04:00,140.0
2011-04-21 21:16:24-04:00,139.0
2011-04-21 21:16:27-04:00,140.0
2011-04-21 21:16:30-04:00,140.0
2011-04-21 21:16:33-04:00,140.0
2011-04-21 21:16:36-04:00,140.0
2011-04-21 21:16:39-04:00,140.0
2011-04-21 21:16:42-04:00,140.0
2011-04-21 21:16:45-04:00,140.0
2011-04-21 21:16:48-04:00,140.0
2011-04-21 21:16:51-04:00,139.66666666666666
2011-04-21 21:16:54-04:00,139.0
2011-04-21 21:16:57-04:00,139.0
2011-04-21 21:17:00-04:00,139.0
2011-04-21 21:17:03-04:00,139.0
2011-04-21 21:17:06-04:00,139.0
2011-04-21 21:17:09-04:00,139.0
2011-04-21 21:17:12-04:00,139.0
2011-04-21 21:17:15-04:00,139.0
2011-04-21 21:17:18-04:00,139.0
2011-04-21 21:17:21-04:00,139.0
2011-04-21 21:17:24-04:00,139.0
2011-04-21 21:17:27-04:00,139.0
2011-04-21 21:17:30-04:00,139.0
2011-04-21 21:17:33-04:00,139.0
2011-04-21 21:17:36-04:00,139.0
2011-04-21 21:17:39-04:00,139.0
2011-04-21 21:17:42-04:00,139.0
2011-04-21 21:17:45-04:00,139.0
2011-04-21 21:17:48-04:00,139.0
2011-04-21 21:17:51-04:00,139.0
2011-04-21 21:17:54-04:00,139.0
2011-04-21 21:17:57-04:00,139.0
2011-04-21 21:18:00-04:00,139.0
2011-04-21 21:18:03-04:00,139.0
2011-04-21 21:18:06-04:00,139.0
2011-04-21 21:18:09-04:00,139.66666666666666
2011-04-21 21:18:12-04:00,140.0
2011-04-21 21:18:15-04:00,140.0
2011-04-21 21:18:18-04:00,140.0
2011-04-21 21:18:21-04:00,140.0
2011-04-21 21:18:24-04:00,140.0
2011-04-21 21:18:27-04:00,140.0
2011-04-21 21:18:30-04:00,140.0
2011-04-21 21:18:33-04:00,140.0
2011-04-21 21:18:36-04:00,140.0
2011-04-21 21:18:39-04:00,139.25
2011-04-21 21:18:42-04:00,139.0
2011-04-21 21:18:45-04:00,139.0
2011-04-21 21:18:48-04:00,139.0
2011-04-21 21:18:51-04:00,139.0
2011-04-21 21:18:54-04:00,139.0
2011-04-21 21:18:57-04:00,139.0
2011-04-21 21:19:00-04:00,139.0
2011-04-21 21:19:03-04:00,139.0
2011-04-21 21:19:06-04:00,139.0
2011-04-21 21:19:09-04:00,139.0
2011-04-21 21:19:12-04:00,139.0
2011-04-21 21:19:15-04:00,139.0
2011-04-21 21:19:18-04:00,139.0
2011-04-21 21:19:21-04:00,139.0
2011-04-21 21:19:24-04:00,139.0
2011-04-21 21:19:27-04:00,139.0
2011-04-21 21:19:30-04:00,139.0
2011-04-21 21:19:33-04:00,139.0
2011-04-21 21:19:36-04:00,139.0
2011-04-21 21:19:39-04:00,139.0
2011-04-21 21:19:42-04:00,139.0
2011-04-21 21:19:45-04:00,138.33333333333334
2011-04-21 21:19:48-04:00,138.0
2011-04-21 21:19:51-04:00,138.33333333333334
2011-04-21 21:19:54-04:00,139.0
2011-04-21 21:19:57-04:00,139.0
2011-04-21 21:20:00-04:00,139.0
2011-04-21 21:20:03-04:00,138.25
2011-04-21 21:20:06-04:00,138.66666666666666
2011-04-21 21:20:09-04:00,139.0
2011-04-21 21:20:12-04:00,139.0
2011-04-21 21:20:15-04:00,139.0
2011-04-21 21:20:18-04:00,139.0
2011-04-21 21:20:21-04:00,139.0
2011-04-21 21:20:24-04:00,139.0
2011-04-21 21:20:27-04:00,139.0
2011-04-21 21:20:30-04:00,139.0
2011-04-21 21:20:33-04:00,139.0
2011-04-21 21:20:36-04:00,139.0
2011-04-21 21:20:39-04:00,139.0
2011-04-21 21:20:42-04:00,139.0
2011-04-21 21:20:45-04:00,139.0
2011-04-21 21:20:48-04:00,139.0
2011-04-21 21:20:51-04:00,139.0
2011-04-21 21:20:54-04:00,139.0
2011-04-21 21:20:57-04:00,139.0
2011-04-21 21:21:00-04:00,139.0
2011-04-21 21:21:03-04:00,139.0
2011-04-21 21:21:06-04:00,139.0
2011-04-21 21:21:09-04:00,139.0
2011-04-21 21:21:12-04:00,139.0
2011-04-21 21:21:15-04:00,139.0
2011-04-21 21:21:18-04:00,139.0
2011-04-21 21:21:21-04:00,139.0
2011-04-21 21:21:24-04:00,139.0
2011-04-21 21:21:27-04:00,139.0
2011-04-21 21:21:30-04:00,139.0
2011-04-21 21:21:33-04:00,139.0
2011-04-21 21:21:36-04:00,139.0
2011-04-21 21:21:39-04:00,139.0
2011-04-21 21:21:42-04:00,139.0
2011-04-21 21:21:45-04:00,139.0
2011-04-21 21:21:48-04:00,139.0
2011-04-21 21:21:51-04:00,139.0
2011-04-21 21:21:54-04:00,139.0
2011-04-21 21:21:57-04:00,139.0
2011-04-21 21:22:00-04:00,139.0
2011-04-21 21:22:03-04:00,139.0
2011-04-21 21:22:06-04:00,139.0
2011-04-21 21:22:09-04:00,139.0
2011-04-21 21:22:12-04:00,139.0
2011-04-21 21:22:15-04:00,139.0
2011-04-21 21:22:18-04:00,139.0
2011-04-21 21:22:21-04:00,139.0
2011-04-21 21:22:24-04:00,140.0
2011-04-21 21:22:27-04:00,139.25
2011-04-21 21:22:30-04:00,139.22222222222223
2011-04-21 21:22:33-04:00,139.55555555555554
2011-04-21 21:22:36-04:00,139.88888888888889
2011-04-21 21:22:39-04:00,139.33333333333334
2011-04-21 21:22:42-04:00,139.0
2011-04-21 21:22:45-04:00,139.0
2011-04-21 21:22:48-04:00,139.0
2011-04-21 21:22:51-04:00,139.0
2011-04-21 21:22:54-04:00,139.0
2011-04-21 21:22:57-04:00,139.0
2011-04-21 21:23:00-04:00,139.0
2011-04-21 21:23:03-04:00,139.0
2011-04-21 21:23:06-04:00,139.0
2011-04-21 21:23:09-04:00,139.0
2011-04-21 21:23:12-04:00,139.0
2011-04-21 21:23:15-04:00,138.5
2011-04-21 21:23:18-04:00,137.0
2011-04-21 21:23:21-04:00,138.0
2011-04-21 21:23:24-04:00,138.0
2011-04-21 21:23:27-04:00,138.0
2011-04-21 21:23:30-04:00,138.0
2011-04-21 21:23:33-04:00,138.0
2011-04-21 21:23:36-04:00,138.75
2011-04-21 21:23:39-04:00,138.33333333333334
2011-04-21 21:23:42-04:00,138.0
2011-04-21 21:23:45-04:00,138.33333333333334
2011-04-21 21:23:48-04:00,139.0
2011-04-21 21:23:51-04:00,139.0
2011-04-21 21:23:54-04:00,139.0
2011-04-21 21:23:57-04:00,139.0
2011-04-21 21:24:00-04:00,139.0
2011-04-21 21:24:03-04:00,139.0
2011-04-21 21:24:06-04:00,139.0
2011-04-21 21:24:09-04:00,139.0
2011-04-21 21:24:12-04:00,139.0
2011-04-21 21:24:15-04:00,139.0
2011-04-21 21:24:18-04:00,139.0
2011-04-21 21:24:21-04:00,139.0
2011-04-21 21:24:24-04:00,139.0
2011-04-21 21:24:27-04:00,139.0
2011-04-21 21:24:30-04:00,139.0
2011-04-21 21:24:33-04:00,139.0
2011-04-21 21:24:36-04:00,139.0
2011-04-21 21:24:39-04:00,139.0
2011-04-21 21:24:42-04:00,139.0
2011-04-21 21:24:45-04:00,139.0
2011-04-21 21:24:48-04:00,139.0
2011-04-21 21:24:51-04:00,139.0
2011-04-21 21:24:54-04:00,139.0
2011-04-21 21:24:57-04:00,139.0
2011-04-21 21:25:00-04:00,139.0
2011-04-21 21:25:03-04:00,138.5
2011-04-21 21:25:06-04:00,138.33333333333334
2011-04-21 21:25:09-04:00,139.0
2011-04-21 21:25:12-04:00,139.0
2011-04-21 21:25:15-04:00,139.0
2011-04-21 21:25:18-04:00,139.0
2011-04-21 21:25:21-04:00,139.0
2011-04-21 21:25:24-04:00,139.0
2011-04-21 21:25:27-04:00,138.77777777777777
2011-04-21 21:25:30-04:00,138.44444444444446
2011-04-21 21:25:33-04:00,138.11111111111111
2011-04-21 21:25:36-04:00,138.0
2011-04-21 21:25:39-04:00,138.0
2011-04-21 21:25:42-04:00,138.0
2011-04-21 21:25:45-04:00,138.0
2011-04-21 21:25:48-04:00,138.0
2011-04-21 21:25:51-04:00,138.0
2011-04-21 21:25:54-04:00,138.0
2011-04-21 21:25:57-04:00,138.0
2011-04-21 21:26:00-04:00,138.0
2011-04-21 21:26:03-04:00,138.0
2011-04-21 21:26:06-04:00,138.0
2011-04-21 21:26:09-04:00,138.0
2011-04-21 21:26:12-04:00,138.0
2011-04-21 21:26:15-04:00,138.0
2011-04-21 21:26:18-04:00,138.0
2011-04-21 21:26:21-04:00,138.0
2011-04-21 21:26:24-04:00,138.0
2011-04-21 21:26:27-04:00,138.0
2011-04-21 21:26:30-04:00,138.375
2011-04-21 21:26:33-04:00,138.75
2011-04-21 21:26:36-04:00,138.75
2011-04-21 21:26:39-04:00,138.0
2011-04-21 21:26:42-04:00,139.0
2011-04-21 21:26:45-04:00,139.0
2011-04-21 21:26:48-04:00,139.0
2011-04-21 21:26:51-04:00,139.0
2011-04-21 21:26:54-04:00,139.0
2011-04-21 21:26:57-04:00,139.0
2011-04-21 21:27:00-04:00,139.0
2011-04-21 21:27:03-04:00,139.0
2011-04-21 21:27:06-04:00,139.0
2011-04-21 21:27:09-04:00,139.0
2011-04-21 21:27:12-04:00,139.0
2011-04-21 21:27:15-04:00,139.0
2011-04-21 21:27:18-04:00,139.0
2011-04-21 21:27:21-04:00,139.0
2011-04-21 21:27:24-04:00,139.0
2011-04-21 21:27:27-04:00,139.0
2011-04-21 21:27:30-04:00,139.0
2011-04-21 21:27:33-04:00,139.0
2011-04-21 21:27:36-04:00,139.0
2011-04-21 21:27:39-04:00,139.0
2011-04-21 21:27:42-04:00,139.0
2011-04-21 21:27:45-04:00,139.0
2011-04-21 21:27:48-04:00,139.0
2011-04-21 21:27:51-04:00,139.0
2011-04-21 21:27:54-04:00,139.0
2011-04-21 21:27:57-04:00,139.0
2011-04-21 21:28:00-04:00,139.0
2011-04-21 21:28:03-04:00,139.0
2011-04-21 21:28:06-04:00,139.0
2011-04-21 21:28:09-04:00,139.0
2011-04-21 21:28:12-04:00,139.0
2011-04-21 21:28:15-04:00,139.0
2011-04-21 21:28:18-04:00,138.5
2011-04-21 21:28:21-04:00,138.0
2011-04-21 21:28:24-04:00,138.0
2011-04-21 21:28:27-04:00,138.0
2011-04-21 21:28:30-04:00,138.0
2011-04-21 21:28:33-04:00,138.0
2011-04-21 21:28:36-04:00,138.0
2011-04-21 21:28:39-04:00,138.0
2011-04-21 21:28:42-04:00,138.0
2011-04-21 21:28:45-04:00,138.0
2011-04-21 21:28:48-04:00,138.0
2011-04-21 21:28:51-04:00,138.0
2011-04-21 21:28:54-04:00,138.0
2011-04-21 21:28:57-04:00,138.0
2011-04-21 21:29:00-04:00,138.0
2011-04-21 21:29:03-04:00,138.0
2011-04-21 21:29:06-04:00,138.0
2011-04-21 21:29:09-04:00,138.0
2011-04-21 21:29:12-04:00,138.0
2011-04-21 21:29:15-04:00,138.0
2011-04-21 21:29:18-04:00,139.0
2011-04-21 21:29:21-04:00,138.25
2011-04-21 21:29:24-04:00,138.0
2011-04-21 21:29:27-04:00,138.22222222222223
2011-04-21 21:29:30-04:00,138.55555555555554
2011-04-21 21:29:33-04:00,138.88888888888889
2011-04-21 21:29:36-04:00,139.0
2011-04-21 21:29:39-04:00,139.0
2011-04-21 21:29:42-04:00,139.0
2011-04-21 21:29:45-04:00,139.0
2011-04-21 21:29:48-04:00,139.0
2011-04-21 21:29:51-04:00,139.0
2011-04-21 21:29:54-04:00,139.0
2011-04-21 21:29:57-04:00,139.0
2011-04-21 21:30:00-04:00,139.0
2011-04-21 21:30:03-04:00,139.0
2011-04-21 21:30:06-04:00,139.0
2011-04-21 21:30:09-04:00,139.0
2011-04-21 21:30:12-04:00,139.0
2011-04-21 21:30:15-04:00,139.0
2011-04-21 21:30:18-04:00,139.0
2011-04-21 21:30:21-04:00,139.0
2011-04-21 21:30:24-04:00,139.0
2011-04-21 21:30:27-04:00,139.0
2011-04-21 21:30:30-04:00,139.0
2011-04-21 21:30:33-04:00,139.0
2011-04-21 21:30:36-04:00,139.0
2011-04-21 21:30:39-04:00,139.0
2011-04-21 21:30:42-04:00,139.0
2011-04-21 21:30:45-04:00,139.0
2011-04-21 21:30:48-04:00,139.0
2011-04-21 21:30:51-04:00,139.0
2011-04-21 21:30:54-04:00,139.0
2011-04-21 21:30:57-04:00,138.66666666666666
2011-04-21 21:31:00-04:00,138.25
2011-04-21 21:31:03-04:00,139.0
2011-04-21 21:31:06-04:00,139.0
2011-04-21 21:31:09-04:00,139.0
2011-04-21 21:31:12-04:00,139.0
2011-04-21 21:31:15-04:00,139.0
2011-04-21 21:31:18-04:00,138.66666666666666
2011-04-21 21:31:21-04:00,138.0
2011-04-21 21:31:24-04:00,138.0
2011-04-21 21:31:27-04:00,138.0
2011-04-21 21:31:30-04:00,138.375
2011-04-21 21:31:33-04:00,138.75
2011-04-21 21:31:36-04:00,139.0
2011-04-21 21:31:39-04:00,138.75
2011-04-21 21:31:42-04:00,138.0
2011-04-21 21:31:45-04:00,138.0
2011-04-21 21:31:48-04:00,139.0
2011-04-21 21:31:51-04:00,139.0
2011-04-21 21:31:54-04:00,139.0
2011-04-21 21:31:57-04:00,139.0
2011-04-21 21:32:00-04:00,139.0
2011-04-21 21:32:03-04:00,139.0
2011-04-21 21:32:06-04:00,139.0
2011-04-21 21:32:09-04:00,139.0
2011-04-21 21:32:12-04:00,139.0
2011-04-21 21:32:15-04:00,139.0
2011-04-21 21:32:18-04:00,139.0
2011-04-21 21:32:21-04:00,139.0
2011-04-21 21:32:24-04:00,139.0
2011-04-21 21:32:27-04:00,139.0
2011-04-21 21:32:30-04:00,139.0
2011-04-21 21:32:33-04:00,139.0
2011-04-21 21:32:36-04:00,139.0
2011-04-21 21:32:39-04:00,139.0
2011-04-21 21:32:42-04:00,139.0
2011-04-21 21:32:45-04:00,139.0
2011-04-21 21:32:48-04:00,139.0
2011-04-21 21:32:51-04:00,139.0
2011-04-21 21:32:54-04:00,139.0
2011-04-21 21:32:57-04:00,139.0
2011-04-21 21:33:00-04:00,139.0
2011-04-21 21:33:03-04:00,139.0
2011-04-21 21:33:06-04:00,139.0
2011-04-21 21:33:09-04:00,139.0
2011-04-21 21:33:12-04:00,139.0
2011-04-21 21:33:15-04:00,139.0
2011-04-21 21:33:18-04:00,139.0
2011-04-21 21:33:21-04:00,139.0
2011-04-21 21:33:24-04:00,139.0
2011-04-21 21:33:27-04:00,139.0
2011-04-21 21:33:30-04:00,139.0
2011-04-21 21:33:33-04:00,139.0
2011-04-21 21:33:36-04:00,139.0
2011-04-21 21:33:39-04:00,139.0
2011-04-21 21:33:42-04:00,139.0
2011-04-21 21:33:45-04:00,139.0
2011-04-21 21:33:48-04:00,139.0
2011-04-21 21:33:51-04:00,139.0
2011-04-21 21:33:54-04:00,139.0
2011-04-21 21:33:57-04:00,139.0
2011-04-21 21:34:00-04:00,139.0
2011-04-21 21:34:03-04:00,139.0
2011-04-21 21:34:06-04:00,139.0
2011-04-21 21:34:09-04:00,139.0
2011-04-21 21:34:12-04:00,139.0
2011-04-21 21:34:15-04:00,139.0
2011-04-21 21:34:18-04:00,139.0
2011-04-21 21:34:21-04:00,139.0
2011-04-21 21:34:24-04:00,139.0
2011-04-21 21:34:27-04:00,139.0
2011-04-21 21:34:30-04:00,139.0
2011-04-21 21:34:33-04:00,139.0
2011-04-21 21:34:36-04:00,139.0
2011-04-21 21:34:39-04:00,139.0
2011-04-21 21:34:42-04:00,139.0
2011-04-21 21:34:45-04:00,139.0
2011-04-21 21:34:48-04:00,139.0
2011-04-21 21:34:51-04:00,139.0
2011-04-21 21:34:54-04:00,139.0
2011-04-21 21:34:57-04:00,139.0
2011-04-21 21:35:00-04:00,139.0
2011-04-21 21:35:03-04:00,139.0
2011-04-21 21:35:06-04:00,139.33333333333334
2011-04-21 21:35:09-04:00,139.75
2011-04-21 21:35:12-04:00,139.0
2011-04-21 21:35:15-04:00,139.0
2011-04-21 21:35:18-04:00,139.75
2011-04-21 21:35:21-04:00,139.33333333333334
2011-04-21 21:35:24-04:00,139.0
2011-04-21 21:35:27-04:00,139.0
2011-04-21 21:35:30-04:00,139.0
2011-04-21 21:35:33-04:00,139.0
2011-04-21 21:35:36-04:00,139.0
2011-04-21 21:35:39-04:00,139.0
2011-04-21 21:35:42-04:00,139.0
2011-04-21 21:35:45-04:00,139.0
2011-04-21 21:35:48-04:00,139.0
2011-04-21 21:35:51-04:00,139.0
2011-04-21 21:35:54-04:00,139.0
2011-04-21 21:35:57-04:00,139.0
2011-04-21 21:36:00-04:00,139.0
2011-04-21 21:36:03-04:00,139.0
2011-04-21 21:36:06-04:00,139.0
2011-04-21 21:36:09-04:00,139.0
2011-04-21 21:36:12-04:00,139.0
2011-04-21 21:36:15-04:00,139.0
2011-04-21 21:36:18-04:00,139.0
2011-04-21 21:36:21-04:00,139.0
2011-04-21 21:36:24-04:00,139.0
2011-04-21 21:36:27-04:00,139.11111111111111
2011-04-21 21:36:30-04:00,139.44444444444446
2011-04-21 21:36:33-04:00,139.77777777777777
2011-04-21 21:36:36-04:00,139.75
2011-04-21 21:36:39-04:00,139.0
2011-04-21 21:36:42-04:00,139.0
2011-04-21 21:36:45-04:00,139.0
2011-04-21 21:36:48-04:00,139.0
2011-04-21 21:36:51-04:00,133.5
2011-04-21 21:36:54-04:00,128.0
2011-04-21 21:36:57-04:00,128.0
2011-04-21 21:37:00-04:00,128.0
2011-04-21 21:37:03-04:00,128.0
2011-04-21 21:37:06-04:00,128.0
2011-04-21 21:37:09-04:00,128.0
2011-04-21 21:37:12-04:00,128.0
2011-04-21 21:37:15-04:00,128.0
2011-04-21 21:37:18-04:00,128.0
2011-04-21 21:37:21-04:00,128.0
2011-04-21 21:37:24-04:00,128.0
2011-04-21 21:37:27-04:00,128.0
2011-04-21 21:37:30-04:00,85.33333333333334
2011-04-21 21:37:33-04:00,42.66666666666667
2011-04-21 21:37:36-04:00,0.0
2011-04-21 21:37:39-04:00,0.0
2011-04-21 21:37:42-04:00,0.0
2011-04-21 21:37:45-04:00,0.0
2011-04-21 21:37:48-04:00,0.0
2011-04-21 21:37:51-04:00,0.0
2011-04-21 21:37:54-04:00,0.0
2011-04-21 21:37:57-04:00,0.0
2011-04-21 21:38:00-04:00,0.0
2011-04-21 21:38:03-04:00,0.0
2011-04-21 21:38:06-04:00,0.75
2011-04-21 21:38:09-04:00,0.33333333333333337
2011-04-21 21:38:12-04:00,0.0
2011-04-21 21:38:15-04:00,0.0
2011-04-21 21:38:18-04:00,0.0
2011-04-21 21:38:21-04:00,0.0
2011-04-21 21:38:24-04:00,0.0
2011-04-21 21:38:27-04:00,0.0
2011-04-21 21:38:30-04:00,0.0
2011-04-21 21:38:33-04:00,0.0
2011-04-21 21:38:36-04:00,0.0
2011-04-21 21:38:39-04:00,0.0
2011-04-21 21:38:42-04:00,0.0
2011-04-21 21:38:45-04:00,0.0
2011-04-21 21:38:48-04:00,0.0
2011-04-21 21:38:51-04:00,0.0
2011-04-21 21:38:54-04:00,0.0
2011-04-21 21:38:57-04:00,0.0
2011-04-21 21:39:00-04:00,1.0
2011-04-21 21:39:03-04:00,0.0
2011-04-21 21:39:06-04:00,0.75
2011-04-21 21:39:09-04:00,1.0
2011-04-21 21:39:12-04:00,1.0
2011-04-21 21:39:15-04:00,0.6666666666666667
2011-04-21 21:39:18-04:00,0.0
2011-04-21 21:39:21-04:00,0.0
2011-04-21 21:39:24-04:00,1.0
2011-04-21 21:39:27-04:00,0.25
2011-04-21 21:39:30-04:00,0.0
2011-04-21 21:39:33-04:00,0.0
2011-04-21 21:39:36-04:00,0.0
2011-04-21 21:39:39-04:00,0.0
2011-04-21 21:39:42-04:00,0.6666666666666666
2011-04-21 21:39:45-04:00,0.5
2011-04-21 21:39:48-04:00,0.0
2011-04-21 21:39:51-04:00,0.25
2011-04-21 21:39:54-04:00,1.0
2011-04-21 21:39:57-04:00,1.0
2011-04-21 21:40:00-04:00,1.0
2011-04-21 21:40:03-04:00,0.25
2011-04-21 21:40:06-04:00,0.0
2011-04-21 21:40:09-04:00,0.5
2011-04-21 21:40:12-04:00,1.0
2011-04-21 21:40:15-04:00,1.0
2011-04-21 21:40:18-04:00,0.75
2011-04-21 21:40:21-04:00,0.0
2011-04-21 21:40:24-04:00,1.0
2011-04-21 21:40:27-04:00,0.25
2011-04-21 21:40:30-04:00,0.2222222222222222
2011-04-21 21:40:33-04:00,0.5555555555555556
2011-04-21 21:40:36-04:00,0.8888888888888888
2011-04-21 21:40:39-04:00,0.33333333333333337
2011-04-21 21:40:42-04:00,0.5
2011-04-21 21:40:45-04:00,1.0
2011-04-21 21:40:48-04:00,1.0
2011-04-21 21:40:51-04:00,1.0
2011-04-21 21:40:54-04:00,1.0
2011-04-21 21:40:57-04:00,1.0
2011-04-21 21:41:00-04:00,1.0
2011-04-21 21:41:03-04:00,0.33333333333333337
2011-04-21 21:41:06-04:00,0.5
2011-04-21 21:41:09-04:00,1.0
2011-04-21 21:41:12-04:00,0.75
2011-04-21 21:41:15-04:00,0.0
2011-04-21 21:41:18-04:00,1.0
2011-04-21 21:41:21-04:00,1.0
2011-04-21 21:41:24-04:00,1.0
2011-04-21 21:41:27-04:00,0.75
2011-04-21 21:41:30-04:00,0.375
2011-04-21 21:41:33-04:00,0.0
2011-04-21 21:41:36-04:00,0.75
2011-04-21 21:41:39-04:00,1.0
2011-04-21 21:41:42-04:00,0.33333333333333337
2011-04-21 21:41:45-04:00,0.0
2011-04-21 21:41:48-04:00,0.0
2011-04-21 21:41:51-04:00,0.25
2011-04-21 21:41:54-04:00,1.0
2011-04-21 21:41:57-04:00,0.0
2011-04-21 21:42:00-04:00,0.75
2011-04-21 21:42:03-04:00,1.0
2011-04-21 21:42:06-04:00,0.5
2011-04-21 21:42:09-04:00,0.3333333333333333
2011-04-21 21:42:12-04:00,1.0
2011-04-21 21:42:15-04:00,0.75
2011-04-21 21:42:18-04:00,0.0
2011-04-21 21:42:21-04:00,0.0
2011-04-21 21:42:24-04:00,1.0
2011-04-21 21:42:27-04:00,0.25
2011-04-21 21:42:30-04:00,0.0
2011-04-21 21:42:33-04:00,0.0
2011-04-21 21:42:36-04:00,0.0
2011-04-21 21:42:39-04:00,0.6666666666666666
2011-04-21 21:42:42-04:00,1.0
2011-04-21 21:42:45-04:00,1.0
2011-04-21 21:42:48-04:00,0.6666666666666667
2011-04-21 21:42:51-04:00,0.0
2011-04-21 21:42:54-04:00,0.0
2011-04-21 21:42:57-04:00,0.0
2011-04-21 21:43:00-04:00,0.0
2011-04-21 21:43:03-04:00,0.0
2011-04-21 21:43:06-04:00,0.0
2011-04-21 21:43:09-04:00,0.0
2011-04-21 21:43:12-04:00,0.0
2011-04-21 21:43:15-04:00,0.25
2011-04-21 21:43:18-04:00,1.0
2011-04-21 21:43:21-04:00,1.0
2011-04-21 21:43:24-04:00,1.0
2011-04-21 21:43:27-04:00,1.0
2011-04-21 21:43:30-04:00,1.0
2011-04-21 21:43:33-04:00,1.0
2011-04-21 21:43:36-04:00,1.0
2011-04-21 21:43:39-04:00,0.33333333333333337
2011-04-21 21:43:42-04:00,0.0
2011-04-21 21:43:45-04:00,0.3333333333333333
2011-04-21 21:43:48-04:00,1.0
2011-04-21 21:43:51-04:00,1.0
2011-04-21 21:43:54-04:00,1.0
2011-04-21 21:43:57-04:00,0.0
2011-04-21 21:44:00-04:00,0.0
2011-04-21 21:44:03-04:00,0.75
2011-04-21 21:44:06-04:00,0.33333333333333337
2011-04-21 21:44:09-04:00,0.0
2011-04-21 21:44:12-04:00,0.3333333333333333
2011-04-21 21:44:15-04:00,1.0
2011-04-21 21:44:18-04:00,1.0
2011-04-21 21:44:21-04:00,1.0
2011-04-21 21:44:24-04:00,1.0
2011-04-21 21:44:27-04:00,1.0
2011-04-21 21:44:30-04:00,1.0
2011-04-21 21:44:33-04:00,1.0
2011-04-21 21:44:36-04:00,0.33333333333333337
2011-04-21 21:44:39-04:00,0.5
2011-04-21 21:44:42-04:00,0.6666666666666667
2011-04-21 21:44:45-04:00,0.0
2011-04-21 21:44:48-04:00,0.0
2011-04-21 21:44:51-04:00,1.0
2011-04-21 21:44:54-04:00,0.25
2011-04-21 21:44:57-04:00,0.6666666666666666
2011-04-21 21:45:00-04:00,1.0
2011-04-21 21:45:03-04:00,0.5
2011-04-21 21:45:06-04:00,0.3333333333333333
2011-04-21 21:45:09-04:00,1.0
2011-04-21 21:45:12-04:00,1.0
2011-04-21 21:45:15-04:00,1.0
2011-04-21 21:45:18-04:00,0.25
2011-04-21 21:45:21-04:00,0.6666666666666666
2011-04-21 21:45:24-04:00,1.0
2011-04-21 21:45:27-04:00,1.0
2011-04-21 21:45:30-04:00,1.0
2011-04-21 21:45:33-04:00,1.0
2011-04-21 21:45:36-04:00,0.5
2011-04-21 21:45:39-04:00,0.3333333333333333
2011-04-21 21:45:42-04:00,1.0
2011-04-21 21:45:45-04:00,1.0
2011-04-21 21:45:48-04:00,1.0
2011-04-21 21:45:51-04:00,1.0
2011-04-21 21:45:54-04:00,0.33333333333333337
2011-04-21 21:45:57-04:00,0.5
2011-04-21 21:46:00-04:00,1.0
2011-04-21 21:46:03-04:00,0.75
2011-04-21 21:46:06-04:00,0.0
2011-04-21 21:46:09-04:00,0.0
2011-04-21 21:46:12-04:00,0.0
2011-04-21 21:46:15-04:00,0.0
2011-04-21 21:46:18-04:00,0.0
2011-04-21 21:46:21-04:00,0.0
2011-04-21 21:46:24-04:00,0.0
2011-04-21 21:46:27-04:00,0.0
2011-04-21 21:46:30-04:00,0.0
2011-04-21 21:46:33-04:00,0.0
2011-04-21 21:46:36-04:00,0.0
2011-04-21 21:46:39-04:00,0.0
2011-04-21 21:46:42-04:00,0.0
2011-04-21 21:46:45-04:00,0.0
2011-04-21 21:46:48-04:00,0.0
2011-04-21 21:46:51-04:00,0.0
2011-04-21 21:46:54-04:00,0.0
2011-04-21 21:46:57-04:00,0.0
2011-04-21 21:47:00-04:00,0.0
2011-04-21 21:47:03-04:00,0.0
2011-04-21 21:47:06-04:00,0.0
2011-04-21 21:47:09-04:00,0.0
2011-04-21 21:47:12-04:00,0.0
2011-04-21 21:47:15-04:00,0.0
2011-04-21 21:47:18-04:00,0.0
2011-04-21 21:47:21-04:00,0.0
2011-04-21 21:47:24-04:00,0.0
2011-04-21 21:47:27-04:00,0.0
2011-04-21 21:47:30-04:00,0.0
2011-04-21 21:47:33-04:00,0.0
2011-04-21 21:47:36-04:00,0.0
2011-04-21 21:47:39-04:00,0.0
2011-04-21 21:47:42-04:00,0.0
2011-04-21 21:47:45-04:00,0.0
2011-04-21 21:47:48-04:00,0.0
2011-04-21 21:47:51-04:00,0.0
2011-04-21 21:47:54-04:00,0.0
2011-04-21 21:47:57-04:00,0.0
2011-04-21 21:48:00-04:00,0.0
2011-04-21 21:48:03-04:00,0.0
2011-04-21 21:48:06-04:00,0.0
2011-04-21 21:48:09-04:00,0.0
2011-04-21 21:48:12-04:00,0.0
2011-04-21 21:48:15-04:00,0.0
2011-04-21 21:48:18-04:00,0.0
2011-04-21 21:48:21-04:00,0.0
2011-04-21 21:48:24-04:00,0.0
2011-04-21 21:48:27-04:00,0.0
2011-04-21 21:48:30-04:00,0.0
2011-04-21 21:48:33-04:00,0.0
2011-04-21 21:48:36-04:00,0.0
2011-04-21 21:48:39-04:00,0.0
2011-04-21 21:48:42-04:00,0.0
2011-04-21 21:48:45-04:00,0.0
2011-04-21 21:48:48-04:00,0.0
2011-04-21 21:48:51-04:00,0.0
2011-04-21 21:48:54-04:00,0.0
2011-04-21 21:48:57-04:00,0.0
2011-04-21 21:49:00-04:00,0.0
2011-04-21 21:49:03-04:00,0.0
2011-04-21 21:49:06-04:00,0.0
2011-04-21 21:49:09-04:00,0.0
2011-04-21 21:49:12-04:00,0.0
2011-04-21 21:49:15-04:00,0.0
2011-04-21 21:49:18-04:00,0.0
2011-04-21 21:49:21-04:00,0.0
2011-04-21 21:49:24-04:00,0.0
2011-04-21 21:49:27-04:00,0.0
2011-04-21 21:49:30-04:00,0.0
2011-04-21 21:49:33-04:00,0.0
2011-04-21 21:49:36-04:00,0.0
2011-04-21 21:49:39-04:00,0.0
2011-04-21 21:49:42-04:00,0.0
2011-04-21 21:49:45-04:00,0.0
2011-04-21 21:49:48-04:00,0.0
2011-04-21 21:49:51-04:00,0.0
2011-04-21 21:49:54-04:00,0.0
2011-04-21 21:49:57-04:00,0.0
2011-04-21 21:50:00-04:00,0.0
2011-04-21 21:50:03-04:00,0.0
2011-04-21 21:50:06-04:00,0.0
2011-04-21 21:50:09-04:00,0.0
2011-04-21 21:50:12-04:00,0.0
2011-04-21 21:50:15-04:00,0.0
2011-04-21 21:50:18-04:00,0.0
2011-04-21 21:50:21-04:00,0.0
2011-04-21 21:50:24-04:00,0.0
2011-04-21 21:50:27-04:00,0.0
2011-04-21 21:50:30-04:00,0.0
2011-04-21 21:50:33-04:00,0.0
2011-04-21 21:50:36-04:00,0.0
2011-04-21 21:50:39-04:00,0.0
2011-04-21 21:50:42-04:00,0.0
2011-04-21 21:50:45-04:00,0.0
2011-04-21 21:50:48-04:00,0.0
2011-04-21 21:50:51-04:00,0.0
2011-04-21 21:50:54-04:00,0.0
2011-04-21 21:50:57-04:00,0.0
2011-04-21 21:51:00-04:00,0.0
2011-04-21 21:51:03-04:00,0.0
2011-04-21 21:51:06-04:00,0.0
2011-04-21 21:51:09-04:00,0.0
2011-04-21 21:51:12-04:00,0.0
2011-04-21 21:51:15-04:00,0.0
2011-04-21 21:51:18-04:00,0.0
2011-04-21 21:51:21-04:00,0.0
2011-04-21 21:51:24-04:00,0.0
2011-04-21 21:51:27-04:00,0.0
2011-04-21 21:51:30-04:00,0.0
2011-04-21 21:51:33-04:00,0.0
2011-04-21 21:51:36-04:00,0.0
2011-04-21 21:51:39-04:00,0.0
2011-04-21 21:51:42-04:00,0.0
2011-04-21 21:51:45-04:00,0.0
2011-04-21 21:51:48-04:00,0.0
2011-04-21 21:51:51-04:00,0.0
2011-04-21 21:51:54-04:00,0.0
2011-04-21 21:51:57-04:00,0.0
2011-04-21 21:52:00-04:00,0.0
2011-04-21 21:52:03-04:00,0.0
2011-04-21 21:52:06-04:00,0.0
2011-04-21 21:52:09-04:00,0.0
2011-04-21 21:52:12-04:00,0.0
2011-04-21 21:52:15-04:00,0.0
2011-04-21 21:52:18-04:00,0.0
2011-04-21 21:52:21-04:00,0.0
2011-04-21 21:52:24-04:00,0.0
2011-04-21 21:52:27-04:00,0.0
2011-04-21 21:52:30-04:00,0.0
2011-04-21 21:52:33-04:00,0.0
2011-04-21 21:52:36-04:00,0.0
2011-04-21 21:52:39-04:00,0.0
2011-04-21 21:52:42-04:00,0.0
2011-04-21 21:52:45-04:00,0.0
2011-04-21 21:52:48-04:00,0.0
2011-04-21 21:52:51-04:00,0.0
2011-04-21 21:52:54-04:00,0.0
2011-04-21 21:52:57-04:00,0.0
2011-04-21 21:53:00-04:00,0.0
2011-04-21 21:53:03-04:00,0.0
2011-04-21 21:53:06-04:00,0.0
2011-04-21 21:53:09-04:00,0.0
2011-04-21 21:53:12-04:00,0.0
2011-04-21 21:53:15-04:00,0.0
2011-04-21 21:53:18-04:00,0.0
2011-04-21 21:53:21-04:00,0.0
2011-04-21 21:53:24-04:00,0.0
2011-04-21 21:53:27-04:00,0.0
2011-04-21 21:53:30-04:00,0.0
2011-04-21 21:53:33-04:00,0.0
2011-04-21 21:53:36-04:00,0.0
2011-04-21 21:53:39-04:00,0.0
2011-04-21 21:53:42-04:00,0.0
2011-04-21 21:53:45-04:00,0.0
2011-04-21 21:53:48-04:00,0.0
2011-04-21 21:53:51-04:00,0.0
2011-04-21 21:53:54-04:00,0.0
2011-04-21 21:53:57-04:00,0.0
2011-04-21 21:54:00-04:00,0.0
2011-04-21 21:54:03-04:00,0.0
2011-04-21 21:54:06-04:00,0.0
2011-04-21 21:54:09-04:00,0.0
2011-04-21 21:54:12-04:00,0.0
2011-04-21 21:54:15-04:00,0.0
2011-04-21 21:54:18-04:00,0.0
2011-04-21 21:54:21-04:00,0.0
2011-04-21 21:54:24-04:00,0.0
2011-04-21 21:54:27-04:00,0.0
2011-04-21 21:54:30-04:00,0.0
2011-04-21 21:54:33-04:00,0.0
2011-04-21 21:54:36-04:00,0.0
2011-04-21 21:54:39-04:00,0.0
2011-04-21 21:54:42-04:00,0.0
2011-04-21 21:54:45-04:00,0.0
2011-04-21 21:54:48-04:00,0.0
2011-04-21 21:54:51-04:00,0.0
2011-04-21 21:54:54-04:00,0.0
2011-04-21 21:54:57-04:00,0.0
2011-04-21 21:55:00-04:00,0.0
2011-04-21 21:55:03-04:00,0.0
2011-04-21 21:55:06-04:00,0.0
2011-04-21 21:55:09-04:00,0.0
2011-04-21 21:55:12-04:00,0.0
2011-04-21 21:55:15-04:00,0.0
2011-04-21 21:55:18-04:00,0.0
2011-04-21 21:55:21-04:00,0.0
2011-04-21 21:55:24-04:00,0.0
2011-04-21 21:55:27-04:00,0.0
2011-04-21 21:55:30-04:00,0.0
2011-04-21 21:55:33-04:00,0.0
2011-04-21 21:55:36-04:00,0.0
2011-04-21 21:55:39-04:00,0.0
2011-04-21 21:55:42-04:00,0.0
2011-04-21 21:55:45-04:00,0.0
2011-04-21 21:55:48-04:00,0.75
2011-04-21 21:55:51-04:00,0.5
2011-04-21 21:55:54-04:00,0.0
2011-04-21 21:55:57-04:00,0.0
2011-04-21 21:56:00-04:00,0.0
2011-04-21 21:56:03-04:00,0.0
2011-04-21 21:56:06-04:00,0.0
2011-04-21 21:56:09-04:00,0.0
2011-04-21 21:56:12-04:00,0.0
2011-04-21 21:56:15-04:00,0.0
2011-04-21 21:56:18-04:00,0.0
2011-04-21 21:56:21-04:00,0.0
2011-04-21 21:56:24-04:00,0.5
2011-04-21 21:56:27-04:00,0.8888888888888888
2011-04-21 21:56:30-04:00,0.5555555555555556
2011-04-21 21:56:33-04:00,0.2222222222222222
2011-04-21 21:56:36-04:00,0.0
2011-04-21 21:56:39-04:00,0.0
2011-04-21 21:56:42-04:00,0.0
2011-04-21 21:56:45-04:00,0.0
2011-04-21 21:56:48-04:00,0.0
2011-04-21 21:56:51-04:00,0.0
2011-04-21 21:56:54-04:00,0.0
2011-04-21 21:56:57-04:00,0.0
2011-04-21 21:57:00-04:00,0.0
2011-04-21 21:57:03-04:00,0.0
2011-04-21 21:57:06-04:00,0.0
2011-04-21 21:57:09-04:00,0.0
2011-04-21 21:57:12-04:00,0.0
2011-04-21 21:57:15-04:00,0.0
2011-04-21 21:57:18-04:00,0.0
2011-04-21 21:57:21-04:00,0.0
2011-04-21 21:57:24-04:00,0.0
2011-04-21 21:57:27-04:00,0.0
2011-04-21 21:57:30-04:00,0.0
2011-04-21 21:57:33-04:00,0.0
2011-04-21 21:57:36-04:00,0.0
2011-04-21 21:57:39-04:00,0.0
2011-04-21 21:57:42-04:00,0.0
2011-04-21 21:57:45-04:00,0.0
2011-04-21 21:57:48-04:00,0.0
2011-04-21 21:57:51-04:00,0.0
2011-04-21 21:57:54-04:00,0.0
2011-04-21 21:57:57-04:00,0.0
2011-04-21 21:58:00-04:00,0.0
2011-04-21 21:58:03-04:00,0.0
2011-04-21 21:58:06-04:00,0.0
2011-04-21 21:58:09-04:00,0.0
2011-04-21 21:58:12-04:00,0.0
2011-04-21 21:58:15-04:00,0.0
2011-04-21 21:58:18-04:00,0.0
2011-04-21 21:58:21-04:00,0.0
2011-04-21 21:58:24-04:00,0.0
2011-04-21 21:58:27-04:00,0.0
2011-04-21 21:58:30-04:00,0.0
2011-04-21 21:58:33-04:00,0.0
2011-04-21 21:58:36-04:00,0.0
2011-04-21 21:58:39-04:00,0.0
2011-04-21 21:58:42-04:00,0.0
2011-04-21 21:58:45-04:00,0.0
2011-04-21 21:58:48-04:00,0.0
2011-04-21 21:58:51-04:00,0.0
2011-04-21 21:58:54-04:00,0.0
2011-04-21 21:58:57-04:00,0.0
2011-04-21 21:59:00-04:00,0.0
2011-04-21 21:59:03-04:00,0.5
2011-04-21 21:59:06-04:00,1.0
2011-04-21 21:59:09-04:00,1.0
2011-04-21 21:59:12-04:00,1.0
2011-04-21 21:59:15-04:00,0.0
2011-04-21 21:59:18-04:00,0.75
2011-04-21 21:59:21-04:00,1.0
2011-04-21 21:59:24-04:00,1.0
2011-04-21 21:59:27-04:00,1.0
2011-04-21 21:59:30-04:00,1.0
2011-04-21 21:59:33-04:00,1.0
2011-04-21 21:59:36-04:00,1.0
2011-04-21 21:59:39-04:00,1.0
2011-04-21 21:59:42-04:00,1.0
2011-04-21 21:59:45-04:00,1.0
2011-04-21 21:59:48-04:00,1.0
2011-04-21 21:59:51-04:00,1.0
2011-04-21 21:59:54-04:00,1.0
2011-04-21 21:59:57-04:00,1.0
2011-04-21 22:00:00-04:00,1.0
2011-04-21 22:00:03-04:00,1.0
2011-04-21 22:00:06-04:00,1.0
2011-04-21 22:00:09-04:00,0.0
2011-04-21 22:00:12-04:00,0.75
2011-04-21 22:00:15-04:00,1.0
2011-04-21 22:00:18-04:00,0.33333333333333337
2011-04-21 22:00:21-04:00,0.0
2011-04-21 22:00:24-04:00,0.3333333333333333
2011-04-21 22:00:27-04:00,1.0
2011-04-21 22:00:30-04:00,1.0
2011-04-21 22:00:33-04:00,1.0
2011-04-21 22:00:36-04:00,1.0
2011-04-21 22:00:39-04:00,1.0
2011-04-21 22:00:42-04:00,1.0
2011-04-21 22:00:45-04:00,1.0
2011-04-21 22:00:48-04:00,1.0
2011-04-21 22:00:51-04:00,1.0
2011-04-21 22:00:54-04:00,1.0
2011-04-21 22:00:57-04:00,1.0
2011-04-21 22:01:00-04:00,1.0
2011-04-21 22:01:03-04:00,1.0
2011-04-21 22:01:06-04:00,1.0
2011-04-21 22:01:09-04:00,1.0
2011-04-21 22:01:12-04:00,1.0
2011-04-21 22:01:15-04:00,1.0
2011-04-21 22:01:18-04:00,1.0
2011-04-21 22:01:21-04:00,0.33333333333333337
2011-04-21 22:01:24-04:00,0.5
2011-04-21 22:01:27-04:00,0.8888888888888888
2011-04-21 22:01:30-04:00,0.5555555555555556
2011-04-21 22:01:33-04:00,0.2222222222222222
2011-04-21 22:01:36-04:00,0.3333333333333333
2011-04-21 22:01:39-04:00,1.0
2011-04-21 22:01:42-04:00,1.0
2011-04-21 22:01:45-04:00,1.0
2011-04-21 22:01:48-04:00,1.0
2011-04-21 22:01:51-04:00,1.0
2011-04-21 22:01:54-04:00,1.0
2011-04-21 22:01:57-04:00,0.5
2011-04-21 22:02:00-04:00,0.3333333333333333
2011-04-21 22:02:03-04:00,1.0
2011-04-21 22:02:06-04:00,1.0
2011-04-21 22:02:09-04:00,1.0
2011-04-21 22:02:12-04:00,1.0
2011-04-21 22:02:15-04:00,1.0
2011-04-21 22:02:18-04:00,0.5
2011-04-21 22:02:21-04:00,0.3333333333333333
2011-04-21 22:02:24-04:00,1.0
2011-04-21 22:02:27-04:00,1.0
2011-04-21 22:02:30-04:00,1.0
2011-04-21 22:02:33-04:00,1.0
2011-04-21 22:02:36-04:00,1.0
2011-04-21 22:02:39-04:00,1.0
2011-04-21 22:02:42-04:00,1.0
2011-04-21 22:02:45-04:00,1.0
2011-04-21 22:02:48-04:00,1.0
2011-04-21 22:02:51-04:00,1.0
2011-04-21 22:02:54-04:00,1.0
2011-04-21 22:02:57-04:00,1.0
2011-04-21 22:03:00-04:00,1.0
2011-04-21 22:03:03-04:00,1.0
2011-04-21 22:03:06-04:00,1.0
2011-04-21 22:03:09-04:00,1.0
2011-04-21 22:03:12-04:00,1.0
2011-04-21 22:03:15-04:00,1.0
2011-04-21 22:03:18-04:00,1.0
2011-04-21 22:03:21-04:00,1.0
2011-04-21 22:03:24-04:00,0.0
2011-04-21 22:03:27-04:00,0.0
2011-04-21 22:03:30-04:00,0.25
2011-04-21 22:03:33-04:00,0.625
2011-04-21 22:03:36-04:00,1.0
2011-04-21 22:03:39-04:00,1.0
2011-04-21 22:03:42-04:00,1.0
2011-04-21 22:03:45-04:00,1.0
2011-04-21 22:03:48-04:00,1.0
2011-04-21 22:03:51-04:00,1.0
2011-04-21 22:03:54-04:00,1.0
2011-04-21 22:03:57-04:00,1.0
2011-04-21 22:04:00-04:00,1.0
2011-04-21 22:04:03-04:00,1.0
2011-04-21 22:04:06-04:00,1.0
2011-04-21 22:04:09-04:00,1.0
2011-04-21 22:04:12-04:00,1.0
2011-04-21 22:04:15-04:00,1.0
2011-04-21 22:04:18-04:00,1.0
2011-04-21 22:04:21-04:00,1.0
2011-04-21 22:04:24-04:00,0.0
2011-04-21 22:04:27-04:00,0.0
2011-04-21 22:04:30-04:00,0.2222222222222222
2011-04-21 22:04:33-04:00,0.5555555555555556
2011-04-21 22:04:36-04:00,0.8888888888888888
2011-04-21 22:04:39-04:00,1.0
2011-04-21 22:04:42-04:00,0.33333333333333337
2011-04-21 22:04:45-04:00,0.5
2011-04-21 22:04:48-04:00,1.0
2011-04-21 22:04:51-04:00,0.75
2011-04-21 22:04:54-04:00,0.0
2011-04-21 22:04:57-04:00,0.0
2011-04-21 22:05:00-04:00,0.75
2011-04-21 22:05:03-04:00,1.0
2011-04-21 22:05:06-04:00,1.0
2011-04-21 22:05:09-04:00,1.0
2011-04-21 22:05:12-04:00,1.0
2011-04-21 22:05:15-04:00,1.0
2011-04-21 22:05:18-04:00,1.0
2011-04-21 22:05:21-04:00,1.0
2011-04-21 22:05:24-04:00,1.0
2011-04-21 22:05:27-04:00,1.0
2011-04-21 22:05:30-04:00,1.0
2011-04-21 22:05:33-04:00,1.0
2011-04-21 22:05:36-04:00,0.25
2011-04-21 22:05:39-04:00,0.6666666666666666
2011-04-21 22:05:42-04:00,1.0
2011-04-21 22:05:45-04:00,1.0
2011-04-21 22:05:48-04:00,1.0
2011-04-21 22:05:51-04:00,1.0
2011-04-21 22:05:54-04:00,1.0
2011-04-21 22:05:57-04:00,1.0
2011-04-21 22:06:00-04:00,1.0
2011-04-21 22:06:03-04:00,1.0
2011-04-21 22:06:06-04:00,1.0
2011-04-21 22:06:09-04:00,1.0
2011-04-21 22:06:12-04:00,1.0
2011-04-21 22:06:15-04:00,1.0
2011-04-21 22:06:18-04:00,1.0
2011-04-21 22:06:21-04:00,1.0
2011-04-21 22:06:24-04:00,0.33333333333333337
2011-04-21 22:06:27-04:00,0.2222222222222222
2011-04-21 22:06:30-04:00,0.5555555555555556
2011-04-21 22:06:33-04:00,0.8888888888888888
2011-04-21 22:06:36-04:00,1.0
2011-04-21 22:06:39-04:00,1.0
2011-04-21 22:06:42-04:00,0.6666666666666667
2011-04-21 22:06:45-04:00,0.0
2011-04-21 22:06:48-04:00,0.0
2011-04-21 22:06:51-04:00,1.0
2011-04-21 22:06:54-04:00,1.0
2011-04-21 22:06:57-04:00,1.0
2011-04-21 22:07:00-04:00,1.0
2011-04-21 22:07:03-04:00,1.0
2011-04-21 22:07:06-04:00,1.0
2011-04-21 22:07:09-04:00,1.0
2011-04-21 22:07:12-04:00,1.0
2011-04-21 22:07:15-04:00,0.0
2011-04-21 22:07:18-04:00,0.75
2011-04-21 22:07:21-04:00,1.0
2011-04-21 22:07:24-04:00,1.0
2011-04-21 22:07:27-04:00,1.0
2011-04-21 22:07:30-04:00,1.0
2011-04-21 22:07:33-04:00,1.0
2011-04-21 22:07:36-04:00,1.0
2011-04-21 22:07:39-04:00,1.0
2011-04-21 22:07:42-04:00,1.0
2011-04-21 22:07:45-04:00,1.0
2011-04-21 22:07:48-04:00,1.0
2011-04-21 22:07:51-04:00,1.0
2011-04-21 22:07:54-04:00,1.0
2011-04-21 22:07:57-04:00,1.0
2011-04-21 22:08:00-04:00,1.0
2011-04-21 22:08:03-04:00,1.0
2011-04-21 22:08:06-04:00,1.0
2011-04-21 22:08:09-04:00,1.0
2011-04-21 22:08:12-04:00,1.0
2011-04-21 22:08:15-04:00,1.0
2011-04-21 22:08:18-04:00,1.0
2011-04-21 22:08:21-04:00,1.0
2011-04-21 22:08:24-04:00,1.0
2011-04-21 22:08:27-04:00,1.0
2011-04-21 22:08:30-04:00,1.0
2011-04-21 22:08:33-04:00,1.0
2011-04-21 22:08:36-04:00,1.0
2011-04-21 22:08:39-04:00,1.0
2011-04-21 22:08:42-04:00,1.0
2011-04-21 22:08:45-04:00,1.0
2011-04-21 22:08:48-04:00,1.0
2011-04-21 22:08:51-04:00,1.0
2011-04-21 22:08:54-04:00,1.0
2011-04-21 22:08:57-04:00,1.0
2011-04-21 22:09:00-04:00,1.0
2011-04-21 22:09:03-04:00,1.0
2011-04-21 22:09:06-04:00,1.0
2011-04-21 22:09:09-04:00,1.0
2011-04-21 22:09:12-04:00,1.0
2011-04-21 22:09:15-04:00,1.0
2011-04-21 22:09:18-04:00,1.0
2011-04-21 22:09:21-04:00,1.0
2011-04-21 22:09:24-04:00,1.0
2011-04-21 22:09:27-04:00,1.0
2011-04-21 22:09:30-04:00,1.0
2011-04-21 22:09:33-04:00,1.0
2011-04-21 22:09:36-04:00,1.0
2011-04-21 22:09:39-04:00,1.0
2011-04-21 22:09:42-04:00,1.0
2011-04-21 22:09:45-04:00,1.0
2011-04-21 22:09:48-04:00,1.0
2011-04-21 22:09:51-04:00,1.0
2011-04-21 22:09:54-04:00,1.0
2011-04-21 22:09:57-04:00,1.0
2011-04-21 22:10:00-04:00,1.0
2011-04-21 22:10:03-04:00,1.0
2011-04-21 22:10:06-04:00,1.0
2011-04-21 22:10:09-04:00,1.0
2011-04-21 22:10:12-04:00,1.0
2011-04-21 22:10:15-04:00,1.0
2011-04-21 22:10:18-04:00,1.0
2011-04-21 22:10:21-04:00,1.0
2011-04-21 22:10:24-04:00,1.0
2011-04-21 22:10:27-04:00,1.0
2011-04-21 22:10:30-04:00,1.0
2011-04-21 22:10:33-04:00,1.0
2011-04-21 22:10:36-04:00,1.0
2011-04-21 22:10:39-04:00,1.0
2011-04-21 22:10:42-04:00,1.0
2011-04-21 22:10:45-04:00,1.0
2011-04-21 22:10:48-04:00,1.0
2011-04-21 22:10:51-04:00,1.0
2011-04-21 22:10:54-04:00,1.0
2011-04-21 22:10:57-04:00,1.0
2011-04-21 22:11:00-04:00,1.0
2011-04-21 22:11:03-04:00,1.0
2011-04-21 22:11:06-04:00,1.0
2011-04-21 22:11:09-04:00,1.0
2011-04-21 22:11:12-04:00,1.0
2011-04-21 22:11:15-04:00,1.0
2011-04-21 22:11:18-04:00,1.0
2011-04-21 22:11:21-04:00,1.0
2011-04-21 22:11:24-04:00,1.0
2011-04-21 22:11:27-04:00,1.0
2011-04-21 22:11:30-04:00,1.0
2011-04-21 22:11:33-04:00,1.0
2011-04-21 22:11:36-04:00,1.0
2011-04-21 22:11:39-04:00,1.0
2011-04-21 22:11:42-04:00,1.0
2011-04-21 22:11:45-04:00,1.0
2011-04-21 22:11:48-04:00,1.0
2011-04-21 22:11:51-04:00,1.0
2011-04-21 22:11:54-04:00,1.0
2011-04-21 22:11:57-04:00,1.0
2011-04-21 22:12:00-04:00,1.0
2011-04-21 22:12:03-04:00,1.0
2011-04-21 22:12:06-04:00,1.0
2011-04-21 22:12:09-04:00,1.0
2011-04-21 22:12:12-04:00,1.0
2011-04-21 22:12:15-04:00,1.0
2011-04-21 22:12:18-04:00,1.0
2011-04-21 22:12:21-04:00,1.0
2011-04-21 22:12:24-04:00,1.0
2011-04-21 22:12:27-04:00,1.0
2011-04-21 22:12:30-04:00,1.0
2011-04-21 22:12:33-04:00,1.0
2011-04-21 22:12:36-04:00,1.0
2011-04-21 22:12:39-04:00,1.0
2011-04-21 22:12:42-04:00,1.0
2011-04-21 22:12:45-04:00,1.0
2011-04-21 22:12:48-04:00,1.0
2011-04-21 22:12:51-04:00,1.0
2011-04-21 22:12:54-04:00,1.0
2011-04-21 22:12:57-04:00,1.0
2011-04-21 22:13:00-04:00,1.0
2011-04-21 22:13:03-04:00,1.0
2011-04-21 22:13:06-04:00,1.0
2011-04-21 22:13:09-04:00,1.0
2011-04-21 22:13:12-04:00,1.0
2011-04-21 22:13:15-04:00,1.0
2011-04-21 22:13:18-04:00,1.0
2011-04-21 22:13:21-04:00,1.0
2011-04-21 22:13:24-04:00,1.0
2011-04-21 22:13:27-04:00,1.0
2011-04-21 22:13:30-04:00,1.0
2011-04-21 22:13:33-04:00,1.0
2011-04-21 22:13:36-04:00,1.0
2011-04-21 22:13:39-04:00,1.0
2011-04-21 22:13:42-04:00,1.0
2011-04-21 22:13:45-04:00,1.0
2011-04-21 22:13:48-04:00,1.0
2011-04-21 22:13:51-04:00,1.0
2011-04-21 22:13:54-04:00,1.0
2011-04-21 22:13:57-04:00,1.0
2011-04-21 22:14:00-04:00,1.0
2011-04-21 22:14:03-04:00,1.0
2011-04-21 22:14:06-04:00,1.0
2011-04-21 22:14:09-04:00,1.0
2011-04-21 22:14:12-04:00,1.0
2011-04-21 22:14:15-04:00,1.0
2011-04-21 22:14:18-04:00,1.0
2011-04-21 22:14:21-04:00,1.0
2011-04-21 22:14:24-04:00,1.0
2011-04-21 22:14:27-04:00,1.0
2011-04-21 22:14:30-04:00,1.0
2011-04-21 22:14:33-04:00,1.0
2011-04-21 22:14:36-04:00,1.0
2011-04-21 22:14:39-04:00,1.0
2011-04-21 22:14:42-04:00,1.0
2011-04-21 22:14:45-04:00,1.0
2011-04-21 22:14:48-04:00,1.0
2011-04-21 22:14:51-04:00,1.0
2011-04-21 22:14:54-04:00,1.0
2011-04-21 22:14:57-04:00,1.0
2011-04-21 22:15:00-04:00,1.0
2011-04-21 22:15:03-04:00,1.0
2011-04-21 22:15:06-04:00,1.0
2011-04-21 22:15:09-04:00,1.0
2011-04-21 22:15:12-04:00,1.0
2011-04-21 22:15:15-04:00,1.0
2011-04-21 22:15:18-04:00,1.0
2011-04-21 22:15:21-04:00,1.0
2011-04-21 22:15:24-04:00,1.0
2011-04-21 22:15:27-04:00,1.0
2011-04-21 22:15:30-04:00,1.0
2011-04-21 22:15:33-04:00,1.0
2011-04-21 22:15:36-04:00,1.0
2011-04-21 22:15:39-04:00,1.0
2011-04-21 22:15:42-04:00,1.0
2011-04-21 22:15:45-04:00,1.0
2011-04-21 22:15:48-04:00,1.0
2011-04-21 22:15:51-04:00,1.0
2011-04-21 22:15:54-04:00,1.0
2011-04-21 22:15:57-04:00,1.0
2011-04-21 22:16:00-04:00,1.0
2011-04-21 22:16:03-04:00,1.0
2011-04-21 22:16:06-04:00,1.0
2011-04-21 22:16:09-04:00,1.0
2011-04-21 22:16:12-04:00,1.0
2011-04-21 22:16:15-04:00,1.0
2011-04-21 22:16:18-04:00,1.0
2011-04-21 22:16:21-04:00,1.0
2011-04-21 22:16:24-04:00,1.0
2011-04-21 22:16:27-04:00,1.0
2011-04-21 22:16:30-04:00,1.0
2011-04-21 22:16:33-04:00,1.0
2011-04-21 22:16:36-04:00,1.0
2011-04-21 22:16:39-04:00,1.0
2011-04-21 22:16:42-04:00,1.0
2011-04-21 22:16:45-04:00,1.0
2011-04-21 22:16:48-04:00,1.0
2011-04-21 22:16:51-04:00,1.0
2011-04-21 22:16:54-04:00,1.0
2011-04-21 22:16:57-04:00,1.0
2011-04-21 22:17:00-04:00,0.0
2011-04-21 22:17:03-04:00,0.75
2011-04-21 22:17:06-04:00,1.0
2011-04-21 22:17:09-04:00,1.0
2011-04-21 22:17:12-04:00,0.6666666666666667
2011-04-21 22:17:15-04:00,0.25
2011-04-21 22:17:18-04:00,1.0
2011-04-21 22:17:21-04:00,1.0
2011-04-21 22:17:24-04:00,1.0
2011-04-21 22:17:27-04:00,1.0
2011-04-21 22:17:30-04:00,1.0
2011-04-21 22:17:33-04:00,1.0
2011-04-21 22:17:36-04:00,1.0
2011-04-21 22:17:39-04:00,1.0
2011-04-21 22:17:42-04:00,1.0
2011-04-21 22:17:45-04:00,1.0
2011-04-21 22:17:48-04:00,1.0
2011-04-21 22:17:51-04:00,1.0
2011-04-21 22:17:54-04:00,1.0
2011-04-21 22:17:57-04:00,1.0
2011-04-21 22:18:00-04:00,1.0
2011-04-21 22:18:03-04:00,0.5
2011-04-21 22:18:06-04:00,0.3333333333333333
2011-04-21 22:18:09-04:00,1.0
2011-04-21 22:18:12-04:00,1.0
2011-04-21 22:18:15-04:00,1.0
2011-04-21 22:18:18-04:00,1.0
2011-04-21 22:18:21-04:00,1.0
2011-04-21 22:18:24-04:00,1.0
2011-04-21 22:18:27-04:00,1.0
2011-04-21 22:18:30-04:00,1.0
2011-04-21 22:18:33-04:00,1.0
2011-04-21 22:18:36-04:00,0.33333333333333337
2011-04-21 22:18:39-04:00,0.5
2011-04-21 22:18:42-04:00,1.0
2011-04-21 22:18:45-04:00,1.0
2011-04-21 22:18:48-04:00,1.0
2011-04-21 22:18:51-04:00,1.0
2011-04-21 22:18:54-04:00,1.0
2011-04-21 22:18:57-04:00,1.0
2011-04-21 22:19:00-04:00,1.0
2011-04-21 22:19:03-04:00,1.0
2011-04-21 22:19:06-04:00,1.0
2011-04-21 22:19:09-04:00,1.0
2011-04-21 22:19:12-04:00,1.0
2011-04-21 22:19:15-04:00,1.0
2011-04-21 22:19:18-04:00,1.0
2011-04-21 22:19:21-04:00,1.0
2011-04-21 22:19:24-04:00,1.0
2011-04-21 22:19:27-04:00,1.0
2011-04-21 22:19:30-04:00,1.0
2011-04-21 22:19:33-04:00,1.0
2011-04-21 22:19:36-04:00,1.0
2011-04-21 22:19:39-04:00,1.0
2011-04-21 22:19:42-04:00,1.0
2011-04-21 22:19:45-04:00,1.0
2011-04-21 22:19:48-04:00,1.0
2011-04-21 22:19:51-04:00,1.0
2011-04-21 22:19:54-04:00,1.0
2011-04-21 22:19:57-04:00,1.0
2011-04-21 22:20:00-04:00,1.0
2011-04-21 22:20:03-04:00,1.0
2011-04-21 22:20:06-04:00,1.0
2011-04-21 22:20:09-04:00,1.0
2011-04-21 22:20:12-04:00,1.0
2011-04-21 22:20:15-04:00,1.0
2011-04-21 22:20:18-04:00,1.0
2011-04-21 22:20:21-04:00,1.0
2011-04-21 22:20:24-04:00,1.0
2011-04-21 22:20:27-04:00,1.0
2011-04-21 22:20:30-04:00,1.0
2011-04-21 22:20:33-04:00,1.0
2011-04-21 22:20:36-04:00,1.0
2011-04-21 22:20:39-04:00,1.0
2011-04-21 22:20:42-04:00,1.0
2011-04-21 22:20:45-04:00,1.0
2011-04-21 22:20:48-04:00,1.0
2011-04-21 22:20:51-04:00,1.0
2011-04-21 22:20:54-04:00,1.0
2011-04-21 22:20:57-04:00,1.0
2011-04-21 22:21:00-04:00,1.0
2011-04-21 22:21:03-04:00,1.0
2011-04-21 22:21:06-04:00,1.0
2011-04-21 22:21:09-04:00,1.0
2011-04-21 22:21:12-04:00,76.33333333333333
2011-04-21 22:21:15-04:00,113.33333333333333
2011-04-21 22:21:18-04:00,113.0
2011-04-21 22:21:21-04:00,113.0
2011-04-21 22:21:24-04:00,113.0
2011-04-21 22:21:27-04:00,113.0
2011-04-21 22:21:30-04:00,113.0
2011-04-21 22:21:33-04:00,113.0
2011-04-21 22:21:36-04:00,113.0
2011-04-21 22:21:39-04:00,113.0
2011-04-21 22:21:42-04:00,113.0
2011-04-21 22:21:45-04:00,113.0
2011-04-21 22:21:48-04:00,113.0
2011-04-21 22:21:51-04:00,113.0
2011-04-21 22:21:54-04:00,113.5
2011-04-21 22:21:57-04:00,114.0
2011-04-21 22:22:00-04:00,114.0
2011-04-21 22:22:03-04:00,114.0
2011-04-21 22:22:06-04:00,114.0
2011-04-21 22:22:09-04:00,114.0
2011-04-21 22:22:12-04:00,114.0
2011-04-21 22:22:15-04:00,114.5
2011-04-21 22:22:18-04:00,115.0
2011-04-21 22:22:21-04:00,115.0
2011-04-21 22:22:24-04:00,115.0
2011-04-21 22:22:27-04:00,115.0
2011-04-21 22:22:30-04:00,115.33333333333333
2011-04-21 22:22:33-04:00,115.66666666666667
2011-04-21 22:22:36-04:00,116.0
2011-04-21 22:22:39-04:00,116.0
2011-04-21 22:22:42-04:00,116.0
2011-04-21 22:22:45-04:00,116.66666666666667
2011-04-21 22:22:48-04:00,117.0
2011-04-21 22:22:51-04:00,117.0
2011-04-21 22:22:54-04:00,117.25
2011-04-21 22:22:57-04:00,118.0
2011-04-21 22:23:00-04:00,118.0
2011-04-21 22:23:03-04:00,118.0
2011-04-21 22:23:06-04:00,118.0
2011-04-21 22:23:09-04:00,118.33333333333333
2011-04-21 22:23:12-04:00,119.0
2011-04-21 22:23:15-04:00,119.0
2011-04-21 22:23:18-04:00,119.0
2011-04-21 22:23:21-04:00,119.5
2011-04-21 22:23:24-04:00,120.0
2011-04-21 22:23:27-04:00,120.11111111111111
2011-04-21 22:23:30-04:00,120.44444444444444
2011-04-21 22:23:33-04:00,120.77777777777777
2011-04-21 22:23:36-04:00,121.0
2011-04-21 22:23:39-04:00,121.0
2011-04-21 22:23:42-04:00,122.0
2011-04-21 22:23:45-04:00,122.0
2011-04-21 22:23:48-04:00,122.0
2011-04-21 22:23:51-04:00,122.0
2011-04-21 22:23:54-04:00,122.5
2011-04-21 22:23:57-04:00,123.0
2011-04-21 22:24:00-04:00,123.0
2011-04-21 22:24:03-04:00,123.0
2011-04-21 22:24:06-04:00,123.75
2011-04-21 22:24:09-04:00,124.0
2011-04-21 22:24:12-04:00,124.0
2011-04-21 22:24:15-04:00,124.0
2011-04-21 22:24:18-04:00,124.0
2011-04-21 22:24:21-04:00,124.75
2011-04-21 22:24:24-04:00,125.0
2011-04-21 22:24:27-04:00,125.0
2011-04-21 22:24:30-04:00,125.0
2011-04-21 22:24:33-04:00,125.0
2011-04-21 22:24:36-04:00,125.33333333333333
2011-04-21 22:24:39-04:00,126.0
2011-04-21 22:24:42-04:00,126.0
2011-04-21 22:24:45-04:00,126.0
2011-04-21 22:24:48-04:00,126.0
2011-04-21 22:24:51-04:00,126.0
2011-04-21 22:24:54-04:00,126.0
2011-04-21 22:24:57-04:00,126.33333333333333
2011-04-21 22:25:00-04:00,127.0
2011-04-21 22:25:03-04:00,127.0
2011-04-21 22:25:06-04:00,127.0
2011-04-21 22:25:09-04:00,127.0
2011-04-21 22:25:12-04:00,127.5
2011-04-21 22:25:15-04:00,128.0
2011-04-21 22:25:18-04:00,128.0
2011-04-21 22:25:21-04:00,128.0
2011-04-21 22:25:24-04:00,128.0
2011-04-21 22:25:27-04:00,128.0
2011-04-21 22:25:30-04:00,128.0
2011-04-21 22:25:33-04:00,128.0
2011-04-21 22:25:36-04:00,128.0
2011-04-21 22:25:39-04:00,128.0
2011-04-21 22:25:42-04:00,128.0
2011-04-21 22:25:45-04:00,128.25
2011-04-21 22:25:48-04:00,129.0
2011-04-21 22:25:51-04:00,129.0
2011-04-21 22:25:54-04:00,129.0
2011-04-21 22:25:57-04:00,129.5
2011-04-21 22:26:00-04:00,130.33333333333334
2011-04-21 22:26:03-04:00,131.0
2011-04-21 22:26:06-04:00,131.0
2011-04-21 22:26:09-04:00,131.75
2011-04-21 22:26:12-04:00,132.0
2011-04-21 22:26:15-04:00,132.33333333333334
2011-04-21 22:26:18-04:00,133.0
2011-04-21 22:26:21-04:00,133.0
2011-04-21 22:26:24-04:00,133.0
2011-04-21 22:26:27-04:00,132.77777777777777
2011-04-21 22:26:30-04:00,132.44444444444446
2011-04-21 22:26:33-04:00,132.11111111111111
2011-04-21 22:26:36-04:00,132.66666666666666
2011-04-21 22:26:39-04:00,132.5
2011-04-21 22:26:42-04:00,132.0
2011-04-21 22:26:45-04:00,132.0
2011-04-21 22:26:48-04:00,132.0
2011-04-21 22:26:51-04:00,132.0
2011-04-21 22:26:54-04:00,132.75
2011-04-21 22:26:57-04:00,133.0
2011-04-21 22:27:00-04:00,133.0
2011-04-21 22:27:03-04:00,133.0
2011-04-21 22:27:06-04:00,133.0
2011-04-21 22:27:09-04:00,133.0
2011-04-21 22:27:12-04:00,133.0
2011-04-21 22:27:15-04:00,133.0
2011-04-21 22:27:18-04:00,132.75
2011-04-21 22:27:21-04:00,132.0
2011-04-21 22:27:24-04:00,133.0
2011-04-21 22:27:27-04:00,133.0
2011-04-21 22:27:30-04:00,103.66666666666666
2011-04-21 22:27:33-04:00,59.66666666666666
2011-04-21 22:27:36-04:00,15.666666666666657
2011-04-21 22:27:39-04:00,89.0
2011-04-21 22:27:42-04:00,133.0
2011-04-21 22:27:45-04:00,133.0
2011-04-21 22:27:48-04:00,133.0
2011-04-21 22:27:51-04:00,133.0
2011-04-21 22:27:54-04:00,133.0
2011-04-21 22:27:57-04:00,133.0
2011-04-21 22:28:00-04:00,133.0
2011-04-21 22:28:03-04:00,133.0
2011-04-21 22:28:06-04:00,133.0
2011-04-21 22:28:09-04:00,133.0
2011-04-21 22:28:12-04:00,133.0
2011-04-21 22:28:15-04:00,133.0
2011-04-21 22:28:18-04:00,133.0
2011-04-21 22:28:21-04:00,133.0
2011-04-21 22:28:24-04:00,133.0
2011-04-21 22:28:27-04:00,133.0
2011-04-21 22:28:30-04:00,133.0
2011-04-21 22:28:33-04:00,133.0
2011-04-21 22:28:36-04:00,133.0
2011-04-21 22:28:39-04:00,133.0
2011-04-21 22:28:42-04:00,133.0
2011-04-21 22:28:45-04:00,45.0
2011-04-21 22:28:48-04:00,1.5
2011-04-21 22:28:51-04:00,1.6666666666666667
2011-04-21 22:28:54-04:00,1.25
2011-04-21 22:28:57-04:00,2.0
2011-04-21 22:29:00-04:00,2.0
2011-04-21 22:29:03-04:00,2.0
2011-04-21 22:29:06-04:00,1.3333333333333335
2011-04-21 22:29:09-04:00,1.6666666666666665
2011-04-21 22:29:12-04:00,2.0
2011-04-21 22:29:15-04:00,2.0
2011-04-21 22:29:18-04:00,2.0
2011-04-21 22:29:21-04:00,2.0
2011-04-21 22:29:24-04:00,2.0
2011-04-21 22:29:27-04:00,2.0
2011-04-21 22:29:30-04:00,2.0
2011-04-21 22:29:33-04:00,2.0
2011-04-21 22:29:36-04:00,2.0
2011-04-21 22:29:39-04:00,2.0
2011-04-21 22:29:42-04:00,2.0
2011-04-21 22:29:45-04:00,2.0
2011-04-21 22:29:48-04:00,2.0
2011-04-21 22:29:51-04:00,2.0
2011-04-21 22:29:54-04:00,2.0
2011-04-21 22:29:57-04:00,2.0
2011-04-21 22:30:00-04:00,2.0
2011-04-21 22:30:03-04:00,2.0
2011-04-21 22:30:06-04:00,2.0
2011-04-21 22:30:09-04:00,2.0
2011-04-21 22:30:12-04:00,2.0
2011-04-21 22:30:15-04:00,1.0
2011-04-21 22:30:18-04:00,1.0
2011-04-21 22:30:21-04:00,1.0
2011-04-21 22:30:24-04:00,1.0
2011-04-21 22:30:27-04:00,1.0
2011-04-21 22:30:30-04:00,1.0
2011-04-21 22:30:33-04:00,1.0
2011-04-21 22:30:36-04:00,1.0
2011-04-21 22:30:39-04:00,1.0
2011-04-21 22:30:42-04:00,1.0
2011-04-21 22:30:45-04:00,1.0
2011-04-21 22:30:48-04:00,1.0
2011-04-21 22:30:51-04:00,1.0
2011-04-21 22:30:54-04:00,1.0
2011-04-21 22:30:57-04:00,1.0
2011-04-21 22:31:00-04:00,1.0
2011-04-21 22:31:03-04:00,1.0
2011-04-21 22:31:06-04:00,1.6666666666666665
2011-04-21 22:31:09-04:00,1.5
2011-04-21 22:31:12-04:00,1.25
2011-04-21 22:31:15-04:00,2.0
2011-04-21 22:31:18-04:00,1.25
2011-04-21 22:31:21-04:00,1.0
2011-04-21 22:31:24-04:00,1.0
2011-04-21 22:31:27-04:00,1.0
2011-04-21 22:31:30-04:00,1.0
2011-04-21 22:31:33-04:00,1.0
2011-04-21 22:31:36-04:00,1.0
2011-04-21 22:31:39-04:00,1.0
2011-04-21 22:31:42-04:00,1.0
2011-04-21 22:31:45-04:00,1.0
2011-04-21 22:31:48-04:00,1.0
2011-04-21 22:31:51-04:00,1.0
2011-04-21 22:31:54-04:00,1.0
2011-04-21 22:31:57-04:00,1.0
2011-04-21 22:32:00-04:00,1.0
2011-04-21 22:32:03-04:00,1.0
2011-04-21 22:32:06-04:00,1.0
2011-04-21 22:32:09-04:00,1.0
2011-04-21 22:32:12-04:00,1.0
2011-04-21 22:32:15-04:00,1.0
2011-04-21 22:32:18-04:00,1.0
2011-04-21 22:32:21-04:00,1.75
2011-04-21 22:32:24-04:00,1.5
2011-04-21 22:32:27-04:00,1.0
2011-04-21 22:32:30-04:00,1.0
2011-04-21 22:32:33-04:00,1.0
2011-04-21 22:32:36-04:00,1.0
2011-04-21 22:32:39-04:00,1.0
2011-04-21 22:32:42-04:00,1.0
2011-04-21 22:32:45-04:00,1.0
2011-04-21 22:32:48-04:00,1.0
2011-04-21 22:32:51-04:00,1.0
2011-04-21 22:32:54-04:00,1.0
2011-04-21 22:32:57-04:00,1.5
2011-04-21 22:33:00-04:00,1.75
2011-04-21 22:33:03-04:00,1.0
2011-04-21 22:33:06-04:00,1.0
2011-04-21 22:33:09-04:00,1.0
2011-04-21 22:33:12-04:00,1.0
2011-04-21 22:33:15-04:00,1.25
2011-04-21 22:33:18-04:00,2.0
2011-04-21 22:33:21-04:00,1.0
2011-04-21 22:33:24-04:00,1.0
2011-04-21 22:33:27-04:00,1.0
2011-04-21 22:33:30-04:00,1.0
2011-04-21 22:33:33-04:00,1.0
2011-04-21 22:33:36-04:00,1.0
2011-04-21 22:33:39-04:00,1.5
2011-04-21 22:33:42-04:00,1.6666666666666667
2011-04-21 22:33:45-04:00,1.0
2011-04-21 22:33:48-04:00,1.0
2011-04-21 22:33:51-04:00,1.0
2011-04-21 22:33:54-04:00,1.75
2011-04-21 22:33:57-04:00,1.3333333333333335
2011-04-21 22:34:00-04:00,1.0
2011-04-21 22:34:03-04:00,1.0
2011-04-21 22:34:06-04:00,1.0
2011-04-21 22:34:09-04:00,1.0
2011-04-21 22:34:12-04:00,1.0
2011-04-21 22:34:15-04:00,1.5
2011-04-21 22:34:18-04:00,1.75
2011-04-21 22:34:21-04:00,1.0
2011-04-21 22:34:24-04:00,1.75
2011-04-21 22:34:27-04:00,2.0
2011-04-21 22:34:30-04:00,2.0
2011-04-21 22:34:33-04:00,2.0
2011-04-21 22:34:36-04:00,1.25
2011-04-21 22:34:39-04:00,1.0
2011-04-21 22:34:42-04:00,1.0
2011-04-21 22:34:45-04:00,1.0
2011-04-21 22:34:48-04:00,1.0
2011-04-21 22:34:51-04:00,1.0
2011-04-21 22:34:54-04:00,1.0
2011-04-21 22:34:57-04:00,1.0
2011-04-21 22:35:00-04:00,1.0
2011-04-21 22:35:03-04:00,1.0
2011-04-21 22:35:06-04:00,1.0
2011-04-21 22:35:09-04:00,1.0
2011-04-21 22:35:12-04:00,1.0
2011-04-21 22:35:15-04:00,1.0
2011-04-21 22:35:18-04:00,1.0
2011-04-21 22:35:21-04:00,1.0
2011-04-21 22:35:24-04:00,1.0
2011-04-21 22:35:27-04:00,1.0
2011-04-21 22:35:30-04:00,1.0
2011-04-21 22:35:33-04:00,1.0
2011-04-21 22:35:36-04:00,1.0
2011-04-21 22:35:39-04:00,1.0
2011-04-21 22:35:42-04:00,1.0
2011-04-21 22:35:45-04:00,1.0
2011-04-21 22:35:48-04:00,1.0
2011-04-21 22:35:51-04:00,1.0
2011-04-21 22:35:54-04:00,1.0
2011-04-21 22:35:57-04:00,1.0
2011-04-21 22:36:00-04:00,1.0
2011-04-21 22:36:03-04:00,1.0
2011-04-21 22:36:06-04:00,1.0
2011-04-21 22:36:09-04:00,1.0
2011-04-21 22:36:12-04:00,1.0
2011-04-21 22:36:15-04:00,1.0
2011-04-21 22:36:18-04:00,1.0
2011-04-21 22:36:21-04:00,1.0
2011-04-21 22:36:24-04:00,1.0
2011-04-21 22:36:27-04:00,1.0
2011-04-21 22:36:30-04:00,1.0
2011-04-21 22:36:33-04:00,1.0
2011-04-21 22:36:36-04:00,1.0
2011-04-21 22:36:39-04:00,1.0
2011-04-21 22:36:42-04:00,1.0
2011-04-21 22:36:45-04:00,1.0
2011-04-21 22:36:48-04:00,1.0
2011-04-21 22:36:51-04:00,1.6666666666666665
2011-04-21 22:36:54-04:00,2.0
2011-04-21 22:36:57-04:00,1.6666666666666667
2011-04-21 22:37:00-04:00,1.0
2011-04-21 22:37:03-04:00,1.0
2011-04-21 22:37:06-04:00,1.0
2011-04-21 22:37:09-04:00,1.0
2011-04-21 22:37:12-04:00,1.0
2011-04-21 22:37:15-04:00,1.0
2011-04-21 22:37:18-04:00,1.0
2011-04-21 22:37:21-04:00,1.0
2011-04-21 22:37:24-04:00,1.0
2011-04-21 22:37:27-04:00,1.0
2011-04-21 22:37:30-04:00,1.0
2011-04-21 22:37:33-04:00,1.0
2011-04-21 22:37:36-04:00,1.0
2011-04-21 22:37:39-04:00,1.0
2011-04-21 22:37:42-04:00,1.0
2011-04-21 22:37:45-04:00,1.0
2011-04-21 22:37:48-04:00,1.0
2011-04-21 22:37:51-04:00,1.6666666666666665
2011-04-21 22:37:54-04:00,1.5
2011-04-21 22:37:57-04:00,1.0
2011-04-21 22:38:00-04:00,1.0
2011-04-21 22:38:03-04:00,1.0
2011-04-21 22:38:06-04:00,1.0
2011-04-21 22:38:09-04:00,1.0
2011-04-21 22:38:12-04:00,1.0
2011-04-21 22:38:15-04:00,1.0
2011-04-21 22:38:18-04:00,1.0
2011-04-21 22:38:21-04:00,1.0
2011-04-21 22:38:24-04:00,1.0
2011-04-21 22:38:27-04:00,1.0
2011-04-21 22:38:30-04:00,1.0
2011-04-21 22:38:33-04:00,1.0
2011-04-21 22:38:36-04:00,1.0
2011-04-21 22:38:39-04:00,1.0
2011-04-21 22:38:42-04:00,1.0
2011-04-21 22:38:45-04:00,1.0
2011-04-21 22:38:48-04:00,1.0
2011-04-21 22:38:51-04:00,1.0
2011-04-21 22:38:54-04:00,1.0
2011-04-21 22:38:57-04:00,1.0
2011-04-21 22:39:00-04:00,1.0
2011-04-21 22:39:03-04:00,1.0
2011-04-21 22:39:06-04:00,1.0
2011-04-21 22:39:09-04:00,1.0
2011-04-21 22:39:12-04:00,1.0
2011-04-21 22:39:15-04:00,1.0
2011-04-21 22:39:18-04:00,1.0
2011-04-21 22:39:21-04:00,1.0
2011-04-21 22:39:24-04:00,1.0
2011-04-21 22:39:27-04:00,1.0
2011-04-21 22:39:30-04:00,1.0
2011-04-21 22:39:33-04:00,1.0
2011-04-21 22:39:36-04:00,1.0
2011-04-21 22:39:39-04:00,1.0
2011-04-21 22:39:42-04:00,1.0
2011-04-21 22:39:45-04:00,1.0
2011-04-21 22:39:48-04:00,1.0
2011-04-21 22:39:51-04:00,1.0
2011-04-21 22:39:54-04:00,1.0
2011-04-21 22:39:57-04:00,1.0
2011-04-21 22:40:00-04:00,1.0
2011-04-21 22:40:03-04:00,1.0
2011-04-21 22:40:06-04:00,1.0
2011-04-21 22:40:09-04:00,1.0
2011-04-21 22:40:12-04:00,1.0
2011-04-21 22:40:15-04:00,1.0
2011-04-21 22:40:18-04:00,1.0
2011-04-21 22:40:21-04:00,1.0
2011-04-21 22:40:24-04:00,1.0
2011-04-21 22:40:27-04:00,1.0
2011-04-21 22:40:30-04:00,1.0
2011-04-21 22:40:33-04:00,1.0
2011-04-21 22:40:36-04:00,1.0
2011-04-21 22:40:39-04:00,1.0
2011-04-21 22:40:42-04:00,1.0
2011-04-21 22:40:45-04:00,1.0
2011-04-21 22:40:48-04:00,1.0
2011-04-21 22:40:51-04:00,1.0
2011-04-21 22:40:54-04:00,1.0
2011-04-21 22:40:57-04:00,1.0
2011-04-21 22:41:00-04:00,1.0
2011-04-21 22:41:03-04:00,1.0
2011-04-21 22:41:06-04:00,1.0
2011-04-21 22:41:09-04:00,1.0
2011-04-21 22:41:12-04:00,1.3333333333333333
2011-04-21 22:41:15-04:00,1.6666666666666667
2011-04-21 22:41:18-04:00,1.0
2011-04-21 22:41:21-04:00,1.0
2011-04-21 22:41:24-04:00,1.0
2011-04-21 22:41:27-04:00,1.0
2011-04-21 22:41:30-04:00,1.0
2011-04-21 22:41:33-04:00,1.0
2011-04-21 22:41:36-04:00,1.0
2011-04-21 22:41:39-04:00,1.0
2011-04-21 22:41:42-04:00,1.0
2011-04-21 22:41:45-04:00,1.0
2011-04-21 22:41:48-04:00,1.0
2011-04-21 22:41:51-04:00,1.0
2011-04-21 22:41:54-04:00,1.0
2011-04-21 22:41:57-04:00,1.0
2011-04-21 22:42:00-04:00,0.0
2011-04-21 22:42:03-04:00,0.0
2011-04-21 22:42:06-04:00,0.0
2011-04-21 22:42:09-04:00,0.0
2011-04-21 22:42:12-04:00,0.3333333333333333
2011-04-21 22:42:15-04:00,1.0
2011-04-21 22:42:18-04:00,0.75
2011-04-21 22:42:21-04:00,0.0
2011-04-21 22:42:24-04:00,0.0
2011-04-21 22:42:27-04:00,0.0
2011-04-21 22:42:30-04:00,0.0
2011-04-21 22:42:33-04:00,0.0
2011-04-21 22:42:36-04:00,0.0
2011-04-21 22:42:39-04:00,0.0
2011-04-21 22:42:42-04:00,0.0
2011-04-21 22:42:45-04:00,0.6666666666666666
2011-04-21 22:42:48-04:00,0.5
2011-04-21 22:42:51-04:00,0.3333333333333333
2011-04-21 22:42:54-04:00,0.75
2011-04-21 22:42:57-04:00,0.0
2011-04-21 22:43:00-04:00,0.0
2011-04-21 22:43:03-04:00,0.75
2011-04-21 22:43:06-04:00,0.33333333333333337
2011-04-21 22:43:09-04:00,0.0
2011-04-21 22:43:12-04:00,0.0
2011-04-21 22:43:15-04:00,0.3333333333333333
2011-04-21 22:43:18-04:00,0.75
2011-04-21 22:43:21-04:00,0.0
2011-04-21 22:43:24-04:00,0.0
2011-04-21 22:43:27-04:00,1.0
2011-04-21 22:43:30-04:00,1.0
2011-04-21 22:43:33-04:00,1.0
2011-04-21 22:43:36-04:00,1.0
2011-04-21 22:43:39-04:00,0.0
2011-04-21 22:43:42-04:00,0.75
2011-04-21 22:43:45-04:00,1.0
2011-04-21 22:43:48-04:00,0.5
2011-04-21 22:43:51-04:00,0.3333333333333333
2011-04-21 22:43:54-04:00,0.6666666666666667
2011-04-21 22:43:57-04:00,0.25
2011-04-21 22:44:00-04:00,1.0
2011-04-21 22:44:03-04:00,0.0
2011-04-21 22:44:06-04:00,0.0
2011-04-21 22:44:09-04:00,0.0
2011-04-21 22:44:12-04:00,0.0
2011-04-21 22:44:15-04:00,0.3333333333333333
2011-04-21 22:44:18-04:00,1.0
2011-04-21 22:44:21-04:00,1.0
2011-04-21 22:44:24-04:00,1.0
2011-04-21 22:44:27-04:00,0.0
2011-04-21 22:44:30-04:00,0.3333333333333333
2011-04-21 22:44:33-04:00,0.6666666666666666
2011-04-21 22:44:36-04:00,1.0
2011-04-21 22:44:39-04:00,1.0
2011-04-21 22:44:42-04:00,1.0
2011-04-21 22:44:45-04:00,0.33333333333333337
2011-04-21 22:44:48-04:00,0.0
2011-04-21 22:44:51-04:00,0.3333333333333333
2011-04-21 22:44:54-04:00,0.6666666666666667
2011-04-21 22:44:57-04:00,0.25
2011-04-21 22:45:00-04:00,1.0
2011-04-21 22:45:03-04:00,0.0
2011-04-21 22:45:06-04:00,0.75
2011-04-21 22:45:09-04:00,1.0
2011-04-21 22:45:12-04:00,1.0
2011-04-21 22:45:15-04:00,1.0
2011-04-21 22:45:18-04:00,1.0
2011-04-21 22:45:21-04:00,1.0
2011-04-21 22:45:24-04:00,1.0
2011-04-21 22:45:27-04:00,1.0
2011-04-21 22:45:30-04:00,1.0
2011-04-21 22:45:33-04:00,1.0
2011-04-21 22:45:36-04:00,1.0
2011-04-21 22:45:39-04:00,1.0
2011-04-21 22:45:42-04:00,1.0
2011-04-21 22:45:45-04:00,0.5
2011-04-21 22:45:48-04:00,0.3333333333333333
2011-04-21 22:45:51-04:00,1.0
2011-04-21 22:45:54-04:00,0.75
2011-04-21 22:45:57-04:00,0.0
2011-04-21 22:46:00-04:00,1.0
2011-04-21 22:46:03-04:00,0.0
2011-04-21 22:46:06-04:00,0.75
2011-04-21 22:46:09-04:00,0.33333333333333337
2011-04-21 22:46:12-04:00,0.5
2011-04-21 22:46:15-04:00,1.0
2011-04-21 22:46:18-04:00,1.0
2011-04-21 22:46:21-04:00,1.0
2011-04-21 22:46:24-04:00,1.0
2011-04-21 22:46:27-04:00,0.25
2011-04-21 22:46:30-04:00,0.25
2011-04-21 22:46:33-04:00,0.625
2011-04-21 22:46:36-04:00,1.0
2011-04-21 22:46:39-04:00,0.25
2011-04-21 22:46:42-04:00,0.6666666666666666
2011-04-21 22:46:45-04:00,1.0
2011-04-21 22:46:48-04:00,1.0
2011-04-21 22:46:51-04:00,1.0
2011-04-21 22:46:54-04:00,1.0
2011-04-21 22:46:57-04:00,0.0
2011-04-21 22:47:00-04:00,0.0
2011-04-21 22:47:03-04:00,0.6666666666666666
2011-04-21 22:47:06-04:00,1.0
2011-04-21 22:47:09-04:00,1.0
2011-04-21 22:47:12-04:00,1.0
2011-04-21 22:47:15-04:00,0.75
2011-04-21 22:47:18-04:00,0.0
2011-04-21 22:47:21-04:00,1.0
2011-04-21 22:47:24-04:00,0.25
2011-04-21 22:47:27-04:00,0.2222222222222222
2011-04-21 22:47:30-04:00,0.5555555555555556
2011-04-21 22:47:33-04:00,0.8888888888888888
2011-04-21 22:47:36-04:00,1.0
2011-04-21 22:47:39-04:00,1.0
2011-04-21 22:47:42-04:00,1.0
2011-04-21 22:47:45-04:00,1.0
2011-04-21 22:47:48-04:00,0.75
2011-04-21 22:47:51-04:00,0.0
2011-04-21 22:47:54-04:00,0.0
2011-04-21 22:47:57-04:00,0.75
2011-04-21 22:48:00-04:00,0.33333333333333337
2011-04-21 22:48:03-04:00,0.5
2011-04-21 22:48:06-04:00,1.0
2011-04-21 22:48:09-04:00,1.0
2011-04-21 22:48:12-04:00,1.0
2011-04-21 22:48:15-04:00,1.0
2011-04-21 22:48:18-04:00,1.0
2011-04-21 22:48:21-04:00,1.0
2011-04-21 22:48:24-04:00,0.33333333333333337
2011-04-21 22:48:27-04:00,0.0
2011-04-21 22:48:30-04:00,0.0
2011-04-21 22:48:33-04:00,0.0
2011-04-21 22:48:36-04:00,0.0
2011-04-21 22:48:39-04:00,0.0
2011-04-21 22:48:42-04:00,0.0
2011-04-21 22:48:45-04:00,0.0
2011-04-21 22:48:48-04:00,0.0
2011-04-21 22:48:51-04:00,0.0
2011-04-21 22:48:54-04:00,0.0
2011-04-21 22:48:57-04:00,0.0
2011-04-21 22:49:00-04:00,0.0
2011-04-21 22:49:03-04:00,0.0
2011-04-21 22:49:06-04:00,0.0
2011-04-21 22:49:09-04:00,0.0
2011-04-21 22:49:12-04:00,0.0
2011-04-21 22:49:15-04:00,0.0
2011-04-21 22:49:18-04:00,0.0
2011-04-21 22:49:21-04:00,0.0
2011-04-21 22:49:24-04:00,0.0
2011-04-21 22:49:27-04:00,0.0
2011-04-21 22:49:30-04:00,0.0
2011-04-21 22:49:33-04:00,0.0
2011-04-21 22:49:36-04:00,0.0
2011-04-21 22:49:39-04:00,0.0
2011-04-21 22:49:42-04:00,0.0
2011-04-21 22:49:45-04:00,0.0
2011-04-21 22:49:48-04:00,0.0
2011-04-21 22:49:51-04:00,0.0
2011-04-21 22:49:54-04:00,0.0
2011-04-21 22:49:57-04:00,0.0
2011-04-21 22:50:00-04:00,0.0
2011-04-21 22:50:03-04:00,0.0
2011-04-21 22:50:06-04:00,0.0
2011-04-21 22:50:09-04:00,0.0
2011-04-21 22:50:12-04:00,0.0
2011-04-21 22:50:15-04:00,0.0
2011-04-21 22:50:18-04:00,0.0
2011-04-21 22:50:21-04:00,0.0
2011-04-21 22:50:24-04:00,0.0
2011-04-21 22:50:27-04:00,0.0
2011-04-21 22:50:30-04:00,0.0
2011-04-21 22:50:33-04:00,0.0
2011-04-21 22:50:36-04:00,0.0
2011-04-21 22:50:39-04:00,0.0
2011-04-21 22:50:42-04:00,0.0
2011-04-21 22:50:45-04:00,0.0
2011-04-21 22:50:48-04:00,0.0
2011-04-21 22:50:51-04:00,0.0
2011-04-21 22:50:54-04:00,0.0
2011-04-21 22:50:57-04:00,0.0
2011-04-21 22:51:00-04:00,0.0
2011-04-21 22:51:03-04:00,0.0
2011-04-21 22:51:06-04:00,0.0
2011-04-21 22:51:09-04:00,0.0
2011-04-21 22:51:12-04:00,0.0
2011-04-21 22:51:15-04:00,0.0
2011-04-21 22:51:18-04:00,0.0
2011-04-21 22:51:21-04:00,0.0
2011-04-21 22:51:24-04:00,0.0
2011-04-21 22:51:27-04:00,0.0
2011-04-21 22:51:30-04:00,0.0
2011-04-21 22:51:33-04:00,0.0
2011-04-21 22:51:36-04:00,0.0
2011-04-21 22:51:39-04:00,0.0
2011-04-21 22:51:42-04:00,0.0
2011-04-21 22:51:45-04:00,0.0
2011-04-21 22:51:48-04:00,0.0
2011-04-21 22:51:51-04:00,0.0
2011-04-21 22:51:54-04:00,0.0
2011-04-21 22:51:57-04:00,0.0
2011-04-21 22:52:00-04:00,0.0
2011-04-21 22:52:03-04:00,0.0
2011-04-21 22:52:06-04:00,0.0
2011-04-21 22:52:09-04:00,0.0
2011-04-21 22:52:12-04:00,0.0
2011-04-21 22:52:15-04:00,0.0
2011-04-21 22:52:18-04:00,0.0
2011-04-21 22:52:21-04:00,0.0
2011-04-21 22:52:24-04:00,0.0
2011-04-21 22:52:27-04:00,115.0
2011-04-21 22:52:30-04:00,115.0
2011-04-21 22:52:33-04:00,115.0
2011-04-21 22:52:36-04:00,115.0
2011-04-21 22:52:39-04:00,114.0
2011-04-21 22:52:42-04:00,114.0
2011-04-21 22:52:45-04:00,114.0
2011-04-21 22:52:48-04:00,114.0
2011-04-21 22:52:51-04:00,114.0
2011-04-21 22:52:54-04:00,114.0
2011-04-21 22:52:57-04:00,114.0
2011-04-21 22:53:00-04:00,114.25
2011-04-21 22:53:03-04:00,115.0
2011-04-21 22:53:06-04:00,115.0
2011-04-21 22:53:09-04:00,115.0
2011-04-21 22:53:12-04:00,115.0
2011-04-21 22:53:15-04:00,115.0
2011-04-21 22:53:18-04:00,115.0
2011-04-21 22:53:21-04:00,115.0
2011-04-21 22:53:24-04:00,115.25
2011-04-21 22:53:27-04:00,116.0
2011-04-21 22:53:30-04:00,116.0
2011-04-21 22:53:33-04:00,116.0
2011-04-21 22:53:36-04:00,116.0
2011-04-21 22:53:39-04:00,116.0
2011-04-21 22:53:42-04:00,116.0
2011-04-21 22:53:45-04:00,117.0
2011-04-21 22:53:48-04:00,126.75
2011-04-21 22:53:51-04:00,130.0
2011-04-21 22:53:54-04:00,130.0
2011-04-21 22:53:57-04:00,130.33333333333334
2011-04-21 22:54:00-04:00,127.75
2011-04-21 22:54:03-04:00,118.0
2011-04-21 22:54:06-04:00,0.0
2011-04-21 22:54:09-04:00,0.0
2011-04-21 22:54:12-04:00,0.0
2011-04-21 22:54:15-04:00,0.0
2011-04-21 22:54:18-04:00,0.0
2011-04-21 22:54:21-04:00,0.0
2011-04-21 22:54:24-04:00,0.0
2011-04-21 22:54:27-04:00,117.0
2011-04-21 22:54:30-04:00,117.33333333333333
2011-04-21 22:54:33-04:00,117.66666666666667
2011-04-21 22:54:36-04:00,118.0
2011-04-21 22:54:39-04:00,118.0
2011-04-21 22:54:42-04:00,118.0
2011-04-21 22:54:45-04:00,118.0
2011-04-21 22:54:48-04:00,59.0
2011-04-21 22:54:51-04:00,0.0
2011-04-21 22:54:54-04:00,0.0
2011-04-21 22:54:57-04:00,0.0
2011-04-21 22:55:00-04:00,0.0
2011-04-21 22:55:03-04:00,0.0
2011-04-21 22:55:06-04:00,0.0
2011-04-21 22:55:09-04:00,0.0
2011-04-21 22:55:12-04:00,0.0
2011-04-21 22:55:15-04:00,0.0
2011-04-21 22:55:18-04:00,0.0
2011-04-21 22:55:21-04:00,0.0
2011-04-21 22:55:24-04:00,0.0
2011-04-21 22:55:27-04:00,0.0
2011-04-21 22:55:30-04:00,0.0
2011-04-21 22:55:33-04:00,0.0
2011-04-21 22:55:36-04:00,0.0
2011-04-21 22:55:39-04:00,0.0
2011-04-21 22:55:42-04:00,0.0
2011-04-21 22:55:45-04:00,0.0
2011-04-21 22:55:48-04:00,0.0
2011-04-21 22:55:51-04:00,22.0
2011-04-21 22:55:54-04:00,88.0
2011-04-21 22:55:57-04:00,52.0
2011-04-21 22:56:00-04:00,51.25
2011-04-21 22:56:03-04:00,51.0
2011-04-21 22:56:06-04:00,51.5
2011-04-21 22:56:09-04:00,52.0
2011-04-21 22:56:12-04:00,52.25
2011-04-21 22:56:15-04:00,53.0
2011-04-21 22:56:18-04:00,54.0
2011-04-21 22:56:21-04:00,0.0
2011-04-21 22:56:24-04:00,0.0
2011-04-21 22:56:27-04:00,0.0
2011-04-21 22:56:30-04:00,0.0
2011-04-21 22:56:33-04:00,0.0
2011-04-21 22:56:36-04:00,0.0
2011-04-21 22:56:39-04:00,0.0
2011-04-21 22:56:42-04:00,0.0
2011-04-21 22:56:45-04:00,0.0
2011-04-21 22:56:48-04:00,0.0
2011-04-21 22:56:51-04:00,0.0
2011-04-21 22:56:54-04:00,0.0
2011-04-21 22:56:57-04:00,0.0
2011-04-21 22:57:00-04:00,0.0
2011-04-21 22:57:03-04:00,0.0
2011-04-21 22:57:06-04:00,0.0
2011-04-21 22:57:09-04:00,0.0
2011-04-21 22:57:12-04:00,0.0
2011-04-21 22:57:15-04:00,0.0
2011-04-21 22:57:18-04:00,0.0
2011-04-21 22:57:21-04:00,0.0
2011-04-21 22:57:24-04:00,0.0
2011-04-21 22:57:27-04:00,0.0
2011-04-21 22:57:30-04:00,0.0
2011-04-21 22:57:33-04:00,0.0
2011-04-21 22:57:36-04:00,0.0
2011-04-21 22:57:39-04:00,0.0
2011-04-21 22:57:42-04:00,0.0
2011-04-21 22:57:45-04:00,0.0
2011-04-21 22:57:48-04:00,0.0
2011-04-21 22:57:51-04:00,0.0
2011-04-21 22:57:54-04:00,0.0
2011-04-21 22:57:57-04:00,0.0
2011-04-21 22:58:00-04:00,0.0
2011-04-21 22:58:03-04:00,0.0
2011-04-21 22:58:06-04:00,0.0
2011-04-21 22:58:09-04:00,0.0
2011-04-21 22:58:12-04:00,0.0
2011-04-21 22:58:15-04:00,0.0
2011-04-21 22:58:18-04:00,0.0
2011-04-21 22:58:21-04:00,0.0
2011-04-21 22:58:24-04:00,0.0
2011-04-21 22:58:27-04:00,0.0
2011-04-21 22:58:30-04:00,0.0
2011-04-21 22:58:33-04:00,0.0
2011-04-21 22:58:36-04:00,0.0
2011-04-21 22:58:39-04:00,0.0
2011-04-21 22:58:42-04:00,0.0
2011-04-21 22:58:45-04:00,0.0
2011-04-21 22:58:48-04:00,0.0
2011-04-21 22:58:51-04:00,0.0
2011-04-21 22:58:54-04:00,0.0
2011-04-21 22:58:57-04:00,0.0
2011-04-21 22:59:00-04:00,0.0
2011-04-21 22:59:03-04:00,0.0
2011-04-21 22:59:06-04:00,0.0
2011-04-21 22:59:09-04:00,0.0
2011-04-21 22:59:12-04:00,0.0
2011-04-21 22:59:15-04:00,0.0
2011-04-21 22:59:18-04:00,0.0
2011-04-21 22:59:21-04:00,0.0
2011-04-21 22:59:24-04:00,0.0
2011-04-21 22:59:27-04:00,0.0
2011-04-21 22:59:30-04:00,0.0
2011-04-21 22:59:33-04:00,0.0
2011-04-21 22:59:36-04:00,0.0
2011-04-21 22:59:39-04:00,0.0
2011-04-21 22:59:42-04:00,0.0
2011-04-21 22:59:45-04:00,0.0
2011-04-21 22:59:48-04:00,0.0
2011-04-21 22:59:51-04:00,0.0
2011-04-21 22:59:54-04:00,0.0
2011-04-21 22:59:57-04:00,0.0
2011-04-21 23:00:00-04:00,0.0
2011-04-21 23:00:03-04:00,0.0
2011-04-21 23:00:06-04:00,0.0
2011-04-21 23:00:09-04:00,0.0
2011-04-21 23:00:12-04:00,0.0
2011-04-21 23:00:15-04:00,0.0
2011-04-21 23:00:18-04:00,0.0
2011-04-21 23:00:21-04:00,0.0
2011-04-21 23:00:24-04:00,0.0
2011-04-21 23:00:27-04:00,0.0
2011-04-21 23:00:30-04:00,0.0
2011-04-21 23:00:33-04:00,0.0
2011-04-21 23:00:36-04:00,0.0
2011-04-21 23:00:39-04:00,0.0
2011-04-21 23:00:42-04:00,0.0
2011-04-21 23:00:45-04:00,0.0
2011-04-21 23:00:48-04:00,0.0
2011-04-21 23:00:51-04:00,0.0
2011-04-21 23:00:54-04:00,0.0
2011-04-21 23:00:57-04:00,0.0
2011-04-21 23:01:00-04:00,0.0
2011-04-21 23:01:03-04:00,0.0
2011-04-21 23:01:06-04:00,0.0
2011-04-21 23:01:09-04:00,0.0
2011-04-21 23:01:12-04:00,0.0
2011-04-21 23:01:15-04:00,0.0
2011-04-21 23:01:18-04:00,0.0
2011-04-21 23:01:21-04:00,0.0
2011-04-21 23:01:24-04:00,0.0
2011-04-21 23:01:27-04:00,0.0
2011-04-21 23:01:30-04:00,0.0
2011-04-21 23:01:33-04:00,0.0
2011-04-21 23:01:36-04:00,0.0
2011-04-21 23:01:39-04:00,0.0
2011-04-21 23:01:42-04:00,0.0
2011-04-21 23:01:45-04:00,0.0
2011-04-21 23:01:48-04:00,0.0
2011-04-21 23:01:51-04:00,0.0
2011-04-21 23:01:54-04:00,0.0
2011-04-21 23:01:57-04:00,0.0
2011-04-21 23:02:00-04:00,0.0
2011-04-21 23:02:03-04:00,0.0
2011-04-21 23:02:06-04:00,0.0
2011-04-21 23:02:09-04:00,0.0
2011-04-21 23:02:12-04:00,0.0
2011-04-21 23:02:15-04:00,0.0
2011-04-21 23:02:18-04:00,0.0
2011-04-21 23:02:21-04:00,0.0
2011-04-21 23:02:24-04:00,0.0
2011-04-21 23:02:27-04:00,0.0
2011-04-21 23:02:30-04:00,0.0
2011-04-21 23:02:33-04:00,0.0
2011-04-21 23:02:36-04:00,0.0
2011-04-21 23:02:39-04:00,0.0
2011-04-21 23:02:42-04:00,0.0
2011-04-21 23:02:45-04:00,0.0
2011-04-21 23:02:48-04:00,0.0
2011-04-21 23:02:51-04:00,0.0
2011-04-21 23:02:54-04:00,0.0
2011-04-21 23:02:57-04:00,0.0
2011-04-21 23:03:00-04:00,0.0
2011-04-21 23:03:03-04:00,0.0
2011-04-21 23:03:06-04:00,0.0
2011-04-21 23:03:09-04:00,0.0
2011-04-21 23:03:12-04:00,0.0
2011-04-21 23:03:15-04:00,0.0
2011-04-21 23:03:18-04:00,0.0
2011-04-21 23:03:21-04:00,0.0
2011-04-21 23:03:24-04:00,0.0
2011-04-21 23:03:27-04:00,0.0
2011-04-21 23:03:30-04:00,0.0
2011-04-21 23:03:33-04:00,0.0
2011-04-21 23:03:36-04:00,0.0
2011-04-21 23:03:39-04:00,0.0
2011-04-21 23:03:42-04:00,0.0
2011-04-21 23:03:45-04:00,0.0
2011-04-21 23:03:48-04:00,0.0
2011-04-21 23:03:51-04:00,0.0
2011-04-21 23:03:54-04:00,0.0
2011-04-21 23:03:57-04:00,0.0
2011-04-21 23:04:00-04:00,0.0
2011-04-21 23:04:03-04:00,0.0
2011-04-21 23:04:06-04:00,0.0
2011-04-21 23:04:09-04:00,0.0
2011-04-21 23:04:12-04:00,0.0
2011-04-21 23:04:15-04:00,0.0
2011-04-21 23:04:18-04:00,0.0
2011-04-21 23:04:21-04:00,0.0
2011-04-21 23:04:24-04:00,0.0
2011-04-21 23:04:27-04:00,0.0
2011-04-21 23:04:30-04:00,0.0
2011-04-21 23:04:33-04:00,0.0
2011-04-21 23:04:36-04:00,0.0
2011-04-21 23:04:39-04:00,0.0
2011-04-21 23:04:42-04:00,0.0
2011-04-21 23:04:45-04:00,0.0
2011-04-21 23:04:48-04:00,0.0
2011-04-21 23:04:51-04:00,0.0
2011-04-21 23:04:54-04:00,0.0
2011-04-21 23:04:57-04:00,0.0
2011-04-21 23:05:00-04:00,0.0
2011-04-21 23:05:03-04:00,0.0
2011-04-21 23:05:06-04:00,0.0
2011-04-21 23:05:09-04:00,0.0
2011-04-21 23:05:12-04:00,0.0
2011-04-21 23:05:15-04:00,0.0
2011-04-21 23:05:18-04:00,0.0
2011-04-21 23:05:21-04:00,0.0
2011-04-21 23:05:24-04:00,0.0
2011-04-21 23:05:27-04:00,0.0
2011-04-21 23:05:30-04:00,0.0
2011-04-21 23:05:33-04:00,0.0
2011-04-21 23:05:36-04:00,0.0
2011-04-21 23:05:39-04:00,0.0
2011-04-21 23:05:42-04:00,0.0
2011-04-21 23:05:45-04:00,0.0
2011-04-21 23:05:48-04:00,0.0
2011-04-21 23:05:51-04:00,0.0
2011-04-21 23:05:54-04:00,0.0
2011-04-21 23:05:57-04:00,0.0
2011-04-21 23:06:00-04:00,0.0
2011-04-21 23:06:03-04:00,0.0
2011-04-21 23:06:06-04:00,0.0
2011-04-21 23:06:09-04:00,0.0
2011-04-21 23:06:12-04:00,0.0
2011-04-21 23:06:15-04:00,0.0
2011-04-21 23:06:18-04:00,0.0
2011-04-21 23:06:21-04:00,0.0
2011-04-21 23:06:24-04:00,0.0
2011-04-21 23:06:27-04:00,0.0
2011-04-21 23:06:30-04:00,0.0
2011-04-21 23:06:33-04:00,0.0
2011-04-21 23:06:36-04:00,0.0
2011-04-21 23:06:39-04:00,0.0
2011-04-21 23:06:42-04:00,0.0
2011-04-21 23:06:45-04:00,0.0
2011-04-21 23:06:48-04:00,0.0
2011-04-21 23:06:51-04:00,0.0
2011-04-21 23:06:54-04:00,0.0
2011-04-21 23:06:57-04:00,0.0
2011-04-21 23:07:00-04:00,0.0
2011-04-21 23:07:03-04:00,0.0
2011-04-21 23:07:06-04:00,0.0
2011-04-21 23:07:09-04:00,0.0
2011-04-21 23:07:12-04:00,0.0
2011-04-21 23:07:15-04:00,0.0
2011-04-21 23:07:18-04:00,0.0
2011-04-21 23:07:21-04:00,0.0
2011-04-21 23:07:24-04:00,0.0
2011-04-21 23:07:27-04:00,0.0
2011-04-21 23:07:30-04:00,0.0
2011-04-21 23:07:33-04:00,0.0
2011-04-21 23:07:36-04:00,0.0
2011-04-21 23:07:39-04:00,0.0
2011-04-21 23:07:42-04:00,0.0
2011-04-21 23:07:45-04:00,0.0
2011-04-21 23:07:48-04:00,0.0
2011-04-21 23:07:51-04:00,0.0
2011-04-21 23:07:54-04:00,0.0
2011-04-21 23:07:57-04:00,0.0
2011-04-21 23:08:00-04:00,0.0
2011-04-21 23:08:03-04:00,0.0
2011-04-21 23:08:06-04:00,0.0
2011-04-21 23:08:09-04:00,0.0
2011-04-21 23:08:12-04:00,0.0
2011-04-21 23:08:15-04:00,0.0
2011-04-21 23:08:18-04:00,0.0
2011-04-21 23:08:21-04:00,0.0
2011-04-21 23:08:24-04:00,0.0
2011-04-21 23:08:27-04:00,0.0
2011-04-21 23:08:30-04:00,0.0
2011-04-21 23:08:33-04:00,0.0
2011-04-21 23:08:36-04:00,0.0
2011-04-21 23:08:39-04:00,0.0
2011-04-21 23:08:42-04:00,0.0
2011-04-21 23:08:45-04:00,0.0
2011-04-21 23:08:48-04:00,0.0
2011-04-21 23:08:51-04:00,0.0
2011-04-21 23:08:54-04:00,0.0
2011-04-21 23:08:57-04:00,0.0
2011-04-21 23:09:00-04:00,0.0
2011-04-21 23:09:03-04:00,0.0
2011-04-21 23:09:06-04:00,0.0
2011-04-21 23:09:09-04:00,0.0
2011-04-21 23:09:12-04:00,0.0
2011-04-21 23:09:15-04:00,0.0
2011-04-21 23:09:18-04:00,0.0
2011-04-21 23:09:21-04:00,0.0
2011-04-21 23:09:24-04:00,0.0
2011-04-21 23:09:27-04:00,0.0
2011-04-21 23:09:30-04:00,0.0
2011-04-21 23:09:33-04:00,0.0
2011-04-21 23:09:36-04:00,0.0
2011-04-21 23:09:39-04:00,0.0
2011-04-21 23:09:42-04:00,0.0
2011-04-21 23:09:45-04:00,0.0
2011-04-21 23:09:48-04:00,0.0
2011-04-21 23:09:51-04:00,0.0
2011-04-21 23:09:54-04:00,0.0
2011-04-21 23:09:57-04:00,0.0
2011-04-21 23:10:00-04:00,0.0
2011-04-21 23:10:03-04:00,0.0
2011-04-21 23:10:06-04:00,0.0
2011-04-21 23:10:09-04:00,0.0
2011-04-21 23:10:12-04:00,0.0
2011-04-21 23:10:15-04:00,0.0
2011-04-21 23:10:18-04:00,0.0
2011-04-21 23:10:21-04:00,0.0
2011-04-21 23:10:24-04:00,0.0
2011-04-21 23:10:27-04:00,0.0
2011-04-21 23:10:30-04:00,0.0
2011-04-21 23:10:33-04:00,0.0
2011-04-21 23:10:36-04:00,0.0
2011-04-21 23:10:39-04:00,0.0
2011-04-21 23:10:42-04:00,0.0
2011-04-21 23:10:45-04:00,0.0
2011-04-21 23:10:48-04:00,0.0
2011-04-21 23:10:51-04:00,0.0
2011-04-21 23:10:54-04:00,0.0
2011-04-21 23:10:57-04:00,0.0
2011-04-21 23:11:00-04:00,0.0
2011-04-21 23:11:03-04:00,0.0
2011-04-21 23:11:06-04:00,0.0
2011-04-21 23:11:09-04:00,0.0
2011-04-21 23:11:12-04:00,0.0
2011-04-21 23:11:15-04:00,0.0
2011-04-21 23:11:18-04:00,0.0
2011-04-21 23:11:21-04:00,0.0
2011-04-21 23:11:24-04:00,0.0
2011-04-21 23:11:27-04:00,0.0
2011-04-21 23:11:30-04:00,0.0
2011-04-21 23:11:33-04:00,0.0
2011-04-21 23:11:36-04:00,0.0
2011-04-21 23:11:39-04:00,0.0
2011-04-21 23:11:42-04:00,0.0
2011-04-21 23:11:45-04:00,0.0
2011-04-21 23:11:48-04:00,0.0
2011-04-21 23:11:51-04:00,0.0
2011-04-21 23:11:54-04:00,0.0
2011-04-21 23:11:57-04:00,0.0
2011-04-21 23:12:00-04:00,0.0
2011-04-21 23:12:03-04:00,0.0
2011-04-21 23:12:06-04:00,0.0
2011-04-21 23:12:09-04:00,0.0
2011-04-21 23:12:12-04:00,0.0
2011-04-21 23:12:15-04:00,0.0
2011-04-21 23:12:18-04:00,0.0
2011-04-21 23:12:21-04:00,0.0
2011-04-21 23:12:24-04:00,0.0
2011-04-21 23:12:27-04:00,0.0
2011-04-21 23:12:30-04:00,0.0
2011-04-21 23:12:33-04:00,0.0
2011-04-21 23:12:36-04:00,0.0
2011-04-21 23:12:39-04:00,0.0
2011-04-21 23:12:42-04:00,0.0
2011-04-21 23:12:45-04:00,0.0
2011-04-21 23:12:48-04:00,0.0
2011-04-21 23:12:51-04:00,0.0
2011-04-21 23:12:54-04:00,0.0
2011-04-21 23:12:57-04:00,0.0
2011-04-21 23:13:00-04:00,0.0
2011-04-21 23:13:03-04:00,0.0
2011-04-21 23:13:06-04:00,0.0
2011-04-21 23:13:09-04:00,0.0
2011-04-21 23:13:12-04:00,0.0
2011-04-21 23:13:15-04:00,0.0
2011-04-21 23:13:18-04:00,0.0
2011-04-21 23:13:21-04:00,0.0
2011-04-21 23:13:24-04:00,0.0
2011-04-21 23:13:27-04:00,0.0
2011-04-21 23:13:30-04:00,0.0
2011-04-21 23:13:33-04:00,0.0
2011-04-21 23:13:36-04:00,0.0
2011-04-21 23:13:39-04:00,0.0
2011-04-21 23:13:42-04:00,0.0
2011-04-21 23:13:45-04:00,0.0
2011-04-21 23:13:48-04:00,0.0
2011-04-21 23:13:51-04:00,0.0
2011-04-21 23:13:54-04:00,0.0
2011-04-21 23:13:57-04:00,0.0
2011-04-21 23:14:00-04:00,0.0
2011-04-21 23:14:03-04:00,0.0
2011-04-21 23:14:06-04:00,0.0
2011-04-21 23:14:09-04:00,0.0
2011-04-21 23:14:12-04:00,0.0
2011-04-21 23:14:15-04:00,0.0
2011-04-21 23:14:18-04:00,0.0
2011-04-21 23:14:21-04:00,0.0
2011-04-21 23:14:24-04:00,0.0
2011-04-21 23:14:27-04:00,0.0
2011-04-21 23:14:30-04:00,0.0
2011-04-21 23:14:33-04:00,0.0
2011-04-21 23:14:36-04:00,0.0
2011-04-21 23:14:39-04:00,0.0
2011-04-21 23:14:42-04:00,0.0
2011-04-21 23:14:45-04:00,0.0
2011-04-21 23:14:48-04:00,0.0
2011-04-21 23:14:51-04:00,0.0
2011-04-21 23:14:54-04:00,0.0
2011-04-21 23:14:57-04:00,0.0
2011-04-21 23:15:00-04:00,0.0
2011-04-21 23:15:03-04:00,0.0
2011-04-21 23:15:06-04:00,0.0
2011-04-21 23:15:09-04:00,0.0
2011-04-21 23:15:12-04:00,0.0
2011-04-21 23:15:15-04:00,0.0
2011-04-21 23:15:18-04:00,0.0
2011-04-21 23:15:21-04:00,0.0
2011-04-21 23:15:24-04:00,0.0
2011-04-21 23:15:27-04:00,0.0
2011-04-21 23:15:30-04:00,0.0
2011-04-21 23:15:33-04:00,0.0
2011-04-21 23:15:36-04:00,0.0
2011-04-21 23:15:39-04:00,0.0
2011-04-21 23:15:42-04:00,0.0
2011-04-21 23:15:45-04:00,0.0
2011-04-21 23:15:48-04:00,0.0
2011-04-21 23:15:51-04:00,0.0
2011-04-21 23:15:54-04:00,0.0
2011-04-21 23:15:57-04:00,0.0
2011-04-21 23:16:00-04:00,0.0
2011-04-21 23:16:03-04:00,0.0
2011-04-21 23:16:06-04:00,0.0
2011-04-21 23:16:09-04:00,0.0
2011-04-21 23:16:12-04:00,0.0
2011-04-21 23:16:15-04:00,0.0
2011-04-21 23:16:18-04:00,0.0
2011-04-21 23:16:21-04:00,0.0
2011-04-21 23:16:24-04:00,0.0
2011-04-21 23:16:27-04:00,0.0
2011-04-21 23:16:30-04:00,0.0
2011-04-21 23:16:33-04:00,0.0
2011-04-21 23:16:36-04:00,0.0
2011-04-21 23:16:39-04:00,0.0
2011-04-21 23:16:42-04:00,0.0
2011-04-21 23:16:45-04:00,0.0
2011-04-21 23:16:48-04:00,0.0
2011-04-21 23:16:51-04:00,0.0
2011-04-21 23:16:54-04:00,0.0
2011-04-21 23:16:57-04:00,0.0
2011-04-21 23:17:00-04:00,0.0
2011-04-21 23:17:03-04:00,0.0
2011-04-21 23:17:06-04:00,0.0
2011-04-21 23:17:09-04:00,0.0
2011-04-21 23:17:12-04:00,0.0
2011-04-21 23:17:15-04:00,0.0
2011-04-21 23:17:18-04:00,0.0
2011-04-21 23:17:21-04:00,0.0
2011-04-21 23:17:24-04:00,0.0
2011-04-21 23:17:27-04:00,0.0
2011-04-21 23:17:30-04:00,0.0
2011-04-21 23:17:33-04:00,0.0
2011-04-21 23:17:36-04:00,0.0
2011-04-21 23:17:39-04:00,0.0
2011-04-21 23:17:42-04:00,0.0
2011-04-21 23:17:45-04:00,0.0
2011-04-21 23:17:48-04:00,0.0
2011-04-21 23:17:51-04:00,0.0
2011-04-21 23:17:54-04:00,0.0
2011-04-21 23:17:57-04:00,0.0
2011-04-21 23:18:00-04:00,0.0
2011-04-21 23:18:03-04:00,0.0
2011-04-21 23:18:06-04:00,0.0
2011-04-21 23:18:09-04:00,0.0
2011-04-21 23:18:12-04:00,0.0
2011-04-21 23:18:15-04:00,0.0
2011-04-21 23:18:18-04:00,0.0
2011-04-21 23:18:21-04:00,0.0
2011-04-21 23:18:24-04:00,0.0
2011-04-21 23:18:27-04:00,0.0
2011-04-21 23:18:30-04:00,0.0
2011-04-21 23:18:33-04:00,0.0
2011-04-21 23:18:36-04:00,0.0
2011-04-21 23:18:39-04:00,0.0
2011-04-21 23:18:42-04:00,0.0
2011-04-21 23:18:45-04:00,0.0
2011-04-21 23:18:48-04:00,0.0
2011-04-21 23:18:51-04:00,0.0
2011-04-21 23:18:54-04:00,0.0
2011-04-21 23:18:57-04:00,0.0
2011-04-21 23:19:00-04:00,0.0
2011-04-21 23:19:03-04:00,0.0
2011-04-21 23:19:06-04:00,0.0
2011-04-21 23:19:09-04:00,0.0
2011-04-21 23:19:12-04:00,0.0
2011-04-21 23:19:15-04:00,0.0
2011-04-21 23:19:18-04:00,0.0
2011-04-21 23:19:21-04:00,0.0
2011-04-21 23:19:24-04:00,0.0
2011-04-21 23:19:27-04:00,0.0
2011-04-21 23:19:30-04:00,0.0
2011-04-21 23:19:33-04:00,0.0
2011-04-21 23:19:36-04:00,0.0
2011-04-21 23:19:39-04:00,0.0
2011-04-21 23:19:42-04:00,0.0
2011-04-21 23:19:45-04:00,0.0
2011-04-21 23:19:48-04:00,0.0
2011-04-21 23:19:51-04:00,0.0
2011-04-21 23:19:54-04:00,0.0
2011-04-21 23:19:57-04:00,0.0
2011-04-21 23:20:00-04:00,0.0
2011-04-21 23:20:03-04:00,0.0
2011-04-21 23:20:06-04:00,0.0
2011-04-21 23:20:09-04:00,0.0
2011-04-21 23:20:12-04:00,0.0
2011-04-21 23:20:15-04:00,0.0
2011-04-21 23:20:18-04:00,0.0
2011-04-21 23:20:21-04:00,0.0
2011-04-21 23:20:24-04:00,0.0
2011-04-21 23:20:27-04:00,0.0
2011-04-21 23:20:30-04:00,0.0
2011-04-21 23:20:33-04:00,0.0
2011-04-21 23:20:36-04:00,0.0
2011-04-21 23:20:39-04:00,0.0
2011-04-21 23:20:42-04:00,0.0
2011-04-21 23:20:45-04:00,0.0
2011-04-21 23:20:48-04:00,0.0
2011-04-21 23:20:51-04:00,0.0
2011-04-21 23:20:54-04:00,0.0
2011-04-21 23:20:57-04:00,0.0
2011-04-21 23:21:00-04:00,0.0
2011-04-21 23:21:03-04:00,0.0
2011-04-21 23:21:06-04:00,0.0
2011-04-21 23:21:09-04:00,0.0
2011-04-21 23:21:12-04:00,0.0
2011-04-21 23:21:15-04:00,0.0
2011-04-21 23:21:18-04:00,0.0
2011-04-21 23:21:21-04:00,0.0
2011-04-21 23:21:24-04:00,0.0
2011-04-21 23:21:27-04:00,0.0
2011-04-21 23:21:30-04:00,0.0
2011-04-21 23:21:33-04:00,0.0
2011-04-21 23:21:36-04:00,0.0
2011-04-21 23:21:39-04:00,0.0
2011-04-21 23:21:42-04:00,0.0
2011-04-21 23:21:45-04:00,0.0
2011-04-21 23:21:48-04:00,0.0
2011-04-21 23:21:51-04:00,0.0
2011-04-21 23:21:54-04:00,0.0
2011-04-21 23:21:57-04:00,0.0
2011-04-21 23:22:00-04:00,0.0
2011-04-21 23:22:03-04:00,0.0
2011-04-21 23:22:06-04:00,0.0
2011-04-21 23:22:09-04:00,0.0
2011-04-21 23:22:12-04:00,0.0
2011-04-21 23:22:15-04:00,0.0
2011-04-21 23:22:18-04:00,0.0
2011-04-21 23:22:21-04:00,0.0
2011-04-21 23:22:24-04:00,0.0
2011-04-21 23:22:27-04:00,0.0
2011-04-21 23:22:30-04:00,0.0
2011-04-21 23:22:33-04:00,0.0
2011-04-21 23:22:36-04:00,0.0
2011-04-21 23:22:39-04:00,0.0
2011-04-21 23:22:42-04:00,0.0
2011-04-21 23:22:45-04:00,0.0
2011-04-21 23:22:48-04:00,0.0
2011-04-21 23:22:51-04:00,0.0
2011-04-21 23:22:54-04:00,0.0
2011-04-21 23:22:57-04:00,0.0
2011-04-21 23:23:00-04:00,0.0
2011-04-21 23:23:03-04:00,0.0
2011-04-21 23:23:06-04:00,0.0
2011-04-21 23:23:09-04:00,0.0
2011-04-21 23:23:12-04:00,0.0
2011-04-21 23:23:15-04:00,0.0
2011-04-21 23:23:18-04:00,0.0
2011-04-21 23:23:21-04:00,0.0
2011-04-21 23:23:24-04:00,0.0
2011-04-21 23:23:27-04:00,0.0
2011-04-21 23:23:30-04:00,0.0
2011-04-21 23:23:33-04:00,0.0
2011-04-21 23:23:36-04:00,0.0
2011-04-21 23:23:39-04:00,0.0
2011-04-21 23:23:42-04:00,0.0
2011-04-21 23:23:45-04:00,0.0
2011-04-21 23:23:48-04:00,0.0
2011-04-21 23:23:51-04:00,0.0
2011-04-21 23:23:54-04:00,0.0
2011-04-21 23:23:57-04:00,0.0
2011-04-21 23:24:00-04:00,0.0
2011-04-21 23:24:03-04:00,0.0
2011-04-21 23:24:06-04:00,0.0
2011-04-21 23:24:09-04:00,0.0
2011-04-21 23:24:12-04:00,0.0
2011-04-21 23:24:15-04:00,0.0
2011-04-21 23:24:18-04:00,0.0
2011-04-21 23:24:21-04:00,0.0
2011-04-21 23:24:24-04:00,0.0
2011-04-21 23:24:27-04:00,0.0
2011-04-21 23:24:30-04:00,0.0
2011-04-21 23:24:33-04:00,0.0
2011-04-21 23:24:36-04:00,0.0
2011-04-21 23:24:39-04:00,0.0
2011-04-21 23:24:42-04:00,0.0
2011-04-21 23:24:45-04:00,0.0
2011-04-21 23:24:48-04:00,0.0
2011-04-21 23:24:51-04:00,0.0
2011-04-21 23:24:54-04:00,0.0
2011-04-21 23:24:57-04:00,0.0
2011-04-21 23:25:00-04:00,0.0
2011-04-21 23:25:03-04:00,0.0
2011-04-21 23:25:06-04:00,0.0
2011-04-21 23:25:09-04:00,0.0
2011-04-21 23:25:12-04:00,0.0
2011-04-21 23:25:15-04:00,0.0
2011-04-21 23:25:18-04:00,0.0
2011-04-21 23:25:21-04:00,0.0
2011-04-21 23:25:24-04:00,0.0
2011-04-21 23:25:27-04:00,0.0
2011-04-21 23:25:30-04:00,0.0
2011-04-21 23:25:33-04:00,0.0
2011-04-21 23:25:36-04:00,0.0
2011-04-21 23:25:39-04:00,0.0
2011-04-21 23:25:42-04:00,0.0
2011-04-21 23:25:45-04:00,0.0
2011-04-21 23:25:48-04:00,0.0
2011-04-21 23:25:51-04:00,0.0
2011-04-21 23:25:54-04:00,0.0
2011-04-21 23:25:57-04:00,0.0
2011-04-21 23:26:00-04:00,0.0
2011-04-21 23:26:03-04:00,0.0
2011-04-21 23:26:06-04:00,0.0
2011-04-21 23:26:09-04:00,0.0
2011-04-21 23:26:12-04:00,0.0
2011-04-21 23:26:15-04:00,0.0
2011-04-21 23:26:18-04:00,0.0
2011-04-21 23:26:21-04:00,0.0
2011-04-21 23:26:24-04:00,0.0
2011-04-21 23:26:27-04:00,0.0
2011-04-21 23:26:30-04:00,0.0
2011-04-21 23:26:33-04:00,0.0
2011-04-21 23:26:36-04:00,0.0
2011-04-21 23:26:39-04:00,0.0
2011-04-21 23:26:42-04:00,0.0
2011-04-21 23:26:45-04:00,0.0
2011-04-21 23:26:48-04:00,0.0
2011-04-21 23:26:51-04:00,0.0
2011-04-21 23:26:54-04:00,0.0
2011-04-21 23:26:57-04:00,0.0
2011-04-21 23:27:00-04:00,0.0
2011-04-21 23:27:03-04:00,0.0
2011-04-21 23:27:06-04:00,0.0
2011-04-21 23:27:09-04:00,0.0
2011-04-21 23:27:12-04:00,0.0
2011-04-21 23:27:15-04:00,0.0
2011-04-21 23:27:18-04:00,0.0
2011-04-21 23:27:21-04:00,0.0
2011-04-21 23:27:24-04:00,0.0
2011-04-21 23:27:27-04:00,0.0
2011-04-21 23:27:30-04:00,0.0
2011-04-21 23:27:33-04:00,0.0
2011-04-21 23:27:36-04:00,0.0
2011-04-21 23:27:39-04:00,0.0
2011-04-21 23:27:42-04:00,0.0
2011-04-21 23:27:45-04:00,0.0
2011-04-21 23:27:48-04:00,0.0
2011-04-21 23:27:51-04:00,0.0
2011-04-21 23:27:54-04:00,0.0
2011-04-21 23:27:57-04:00,0.0
2011-04-21 23:28:00-04:00,0.0
2011-04-21 23:28:03-04:00,0.0
2011-04-21 23:28:06-04:00,0.0
2011-04-21 23:28:09-04:00,0.0
2011-04-21 23:28:12-04:00,0.0
2011-04-21 23:28:15-04:00,0.0
2011-04-21 23:28:18-04:00,0.0
2011-04-21 23:28:21-04:00,0.0
2011-04-21 23:28:24-04:00,0.0
2011-04-21 23:28:27-04:00,0.0
2011-04-21 23:28:30-04:00,0.0
2011-04-21 23:28:33-04:00,0.0
2011-04-21 23:28:36-04:00,0.0
2011-04-21 23:28:39-04:00,0.0
2011-04-21 23:28:42-04:00,0.0
2011-04-21 23:28:45-04:00,0.0
2011-04-21 23:28:48-04:00,0.0
2011-04-21 23:28:51-04:00,0.0
2011-04-21 23:28:54-04:00,0.0
2011-04-21 23:28:57-04:00,0.0
2011-04-21 23:29:00-04:00,0.0
2011-04-21 23:29:03-04:00,0.0
2011-04-21 23:29:06-04:00,0.0
2011-04-21 23:29:09-04:00,0.0
2011-04-21 23:29:12-04:00,0.0
2011-04-21 23:29:15-04:00,0.0
2011-04-21 23:29:18-04:00,0.0
2011-04-21 23:29:21-04:00,0.0
2011-04-21 23:29:24-04:00,0.0
2011-04-21 23:29:27-04:00,0.0
2011-04-21 23:29:30-04:00,0.0
2011-04-21 23:29:33-04:00,0.0
2011-04-21 23:29:36-04:00,0.0
2011-04-21 23:29:39-04:00,0.0
2011-04-21 23:29:42-04:00,0.0
2011-04-21 23:29:45-04:00,0.0
2011-04-21 23:29:48-04:00,0.0
2011-04-21 23:29:51-04:00,0.0
2011-04-21 23:29:54-04:00,0.0
2011-04-21 23:29:57-04:00,0.0
2011-04-21 23:30:00-04:00,0.0
2011-04-21 23:30:03-04:00,0.0
2011-04-21 23:30:06-04:00,0.0
2011-04-21 23:30:09-04:00,0.0
2011-04-21 23:30:12-04:00,0.0
2011-04-21 23:30:15-04:00,0.0
2011-04-21 23:30:18-04:00,0.0
2011-04-21 23:30:21-04:00,0.0
2011-04-21 23:30:24-04:00,0.0
2011-04-21 23:30:27-04:00,0.0
2011-04-21 23:30:30-04:00,0.0
2011-04-21 23:30:33-04:00,0.0
2011-04-21 23:30:36-04:00,0.0
2011-04-21 23:30:39-04:00,0.0
2011-04-21 23:30:42-04:00,0.0
2011-04-21 23:30:45-04:00,0.0
2011-04-21 23:30:48-04:00,0.0
2011-04-21 23:30:51-04:00,0.0
2011-04-21 23:30:54-04:00,0.0
2011-04-21 23:30:57-04:00,0.0
2011-04-21 23:31:00-04:00,0.0
2011-04-21 23:31:03-04:00,0.0
2011-04-21 23:31:06-04:00,0.0
2011-04-21 23:31:09-04:00,0.0
2011-04-21 23:31:12-04:00,0.0
2011-04-21 23:31:15-04:00,0.0
2011-04-21 23:31:18-04:00,0.0
2011-04-21 23:31:21-04:00,0.0
2011-04-21 23:31:24-04:00,0.0
2011-04-21 23:31:27-04:00,0.0
2011-04-21 23:31:30-04:00,0.0
2011-04-21 23:31:33-04:00,0.0
2011-04-21 23:31:36-04:00,0.0
2011-04-21 23:31:39-04:00,0.0
2011-04-21 23:31:42-04:00,0.0
2011-04-21 23:31:45-04:00,0.0
2011-04-21 23:31:48-04:00,0.0
2011-04-21 23:31:51-04:00,0.0
2011-04-21 23:31:54-04:00,0.0
2011-04-21 23:31:57-04:00,0.0
2011-04-21 23:32:00-04:00,0.0
2011-04-21 23:32:03-04:00,0.0
2011-04-21 23:32:06-04:00,0.0
2011-04-21 23:32:09-04:00,0.0
2011-04-21 23:32:12-04:00,0.0
2011-04-21 23:32:15-04:00,0.0
2011-04-21 23:32:18-04:00,0.0
2011-04-21 23:32:21-04:00,0.0
2011-04-21 23:32:24-04:00,0.0
2011-04-21 23:32:27-04:00,0.0
2011-04-21 23:32:30-04:00,0.0
2011-04-21 23:32:33-04:00,0.0
2011-04-21 23:32:36-04:00,0.0
2011-04-21 23:32:39-04:00,0.0
2011-04-21 23:32:42-04:00,0.0
2011-04-21 23:32:45-04:00,0.0
2011-04-21 23:32:48-04:00,0.0
2011-04-21 23:32:51-04:00,0.0
2011-04-21 23:32:54-04:00,0.0
2011-04-21 23:32:57-04:00,0.0
2011-04-21 23:33:00-04:00,0.0
2011-04-21 23:33:03-04:00,0.0
2011-04-21 23:33:06-04:00,0.0
2011-04-21 23:33:09-04:00,0.0
2011-04-21 23:33:12-04:00,0.0
2011-04-21 23:33:15-04:00,0.0
2011-04-21 23:33:18-04:00,0.0
2011-04-21 23:33:21-04:00,0.0
2011-04-21 23:33:24-04:00,0.0
2011-04-21 23:33:27-04:00,0.0
2011-04-21 23:33:30-04:00,0.0
2011-04-21 23:33:33-04:00,0.0
2011-04-21 23:33:36-04:00,0.0
2011-04-21 23:33:39-04:00,0.0
2011-04-21 23:33:42-04:00,0.0
2011-04-21 23:33:45-04:00,0.0
2011-04-21 23:33:48-04:00,0.0
2011-04-21 23:33:51-04:00,0.0
2011-04-21 23:33:54-04:00,0.0
2011-04-21 23:33:57-04:00,0.0
2011-04-21 23:34:00-04:00,0.0
2011-04-21 23:34:03-04:00,0.0
2011-04-21 23:34:06-04:00,0.0
2011-04-21 23:34:09-04:00,0.0
2011-04-21 23:34:12-04:00,0.0
2011-04-21 23:34:15-04:00,0.0
2011-04-21 23:34:18-04:00,0.0
2011-04-21 23:34:21-04:00,0.0
2011-04-21 23:34:24-04:00,0.0
2011-04-21 23:34:27-04:00,0.0
2011-04-21 23:34:30-04:00,0.0
2011-04-21 23:34:33-04:00,0.0
2011-04-21 23:34:36-04:00,0.0
2011-04-21 23:34:39-04:00,0.0
2011-04-21 23:34:42-04:00,0.0
2011-04-21 23:34:45-04:00,0.0
2011-04-21 23:34:48-04:00,0.0
2011-04-21 23:34:51-04:00,0.0
2011-04-21 23:34:54-04:00,0.0
2011-04-21 23:34:57-04:00,0.0
2011-04-21 23:35:00-04:00,0.0
2011-04-21 23:35:03-04:00,0.0
2011-04-21 23:35:06-04:00,0.0
2011-04-21 23:35:09-04:00,0.0
2011-04-21 23:35:12-04:00,0.0
2011-04-21 23:35:15-04:00,0.0
2011-04-21 23:35:18-04:00,0.0
2011-04-21 23:35:21-04:00,0.0
2011-04-21 23:35:24-04:00,0.0
2011-04-21 23:35:27-04:00,0.0
2011-04-21 23:35:30-04:00,0.0
2011-04-21 23:35:33-04:00,0.0
2011-04-21 23:35:36-04:00,0.0
2011-04-21 23:35:39-04:00,0.0
2011-04-21 23:35:42-04:00,0.0
2011-04-21 23:35:45-04:00,0.0
2011-04-21 23:35:48-04:00,0.0
2011-04-21 23:35:51-04:00,0.0
2011-04-21 23:35:54-04:00,0.0
2011-04-21 23:35:57-04:00,0.0
2011-04-21 23:36:00-04:00,0.0
2011-04-21 23:36:03-04:00,0.0
2011-04-21 23:36:06-04:00,0.0
2011-04-21 23:36:09-04:00,0.0
2011-04-21 23:36:12-04:00,0.0
2011-04-21 23:36:15-04:00,0.0
2011-04-21 23:36:18-04:00,0.0
2011-04-21 23:36:21-04:00,0.0
2011-04-21 23:36:24-04:00,0.0
2011-04-21 23:36:27-04:00,0.0
2011-04-21 23:36:30-04:00,0.0
2011-04-21 23:36:33-04:00,0.0
2011-04-21 23:36:36-04:00,0.0
2011-04-21 23:36:39-04:00,0.0
2011-04-21 23:36:42-04:00,0.0
2011-04-21 23:36:45-04:00,0.0
2011-04-21 23:36:48-04:00,0.0
2011-04-21 23:36:51-04:00,0.0
2011-04-21 23:36:54-04:00,0.0
2011-04-21 23:36:57-04:00,0.0
2011-04-21 23:37:00-04:00,0.0
2011-04-21 23:37:03-04:00,0.0
2011-04-21 23:37:06-04:00,0.0
2011-04-21 23:37:09-04:00,0.0
2011-04-21 23:37:12-04:00,0.0
2011-04-21 23:37:15-04:00,0.0
2011-04-21 23:37:18-04:00,0.0
2011-04-21 23:37:21-04:00,0.0
2011-04-21 23:37:24-04:00,0.0
2011-04-21 23:37:27-04:00,0.0
2011-04-21 23:37:30-04:00,0.0
2011-04-21 23:37:33-04:00,0.0
2011-04-21 23:37:36-04:00,0.0
2011-04-21 23:37:39-04:00,0.0
2011-04-21 23:37:42-04:00,0.0
2011-04-21 23:37:45-04:00,0.0
2011-04-21 23:37:48-04:00,0.0
2011-04-21 23:37:51-04:00,0.0
2011-04-21 23:37:54-04:00,0.0
2011-04-21 23:37:57-04:00,0.0
2011-04-21 23:38:00-04:00,0.0
2011-04-21 23:38:03-04:00,0.0
2011-04-21 23:38:06-04:00,0.0
2011-04-21 23:38:09-04:00,0.0
2011-04-21 23:38:12-04:00,0.0
2011-04-21 23:38:15-04:00,0.0
2011-04-21 23:38:18-04:00,0.0
2011-04-21 23:38:21-04:00,0.0
2011-04-21 23:38:24-04:00,0.0
2011-04-21 23:38:27-04:00,0.0
2011-04-21 23:38:30-04:00,0.0
2011-04-21 23:38:33-04:00,0.0
2011-04-21 23:38:36-04:00,0.0
2011-04-21 23:38:39-04:00,0.0
2011-04-21 23:38:42-04:00,0.0
2011-04-21 23:38:45-04:00,0.0
2011-04-21 23:38:48-04:00,0.0
2011-04-21 23:38:51-04:00,0.0
2011-04-21 23:38:54-04:00,0.0
2011-04-21 23:38:57-04:00,0.0
2011-04-21 23:39:00-04:00,0.0
2011-04-21 23:39:03-04:00,0.0
2011-04-21 23:39:06-04:00,0.0
2011-04-21 23:39:09-04:00,0.0
2011-04-21 23:39:12-04:00,0.0
2011-04-21 23:39:15-04:00,0.0
2011-04-21 23:39:18-04:00,0.0
2011-04-21 23:39:21-04:00,0.0
2011-04-21 23:39:24-04:00,0.0
2011-04-21 23:39:27-04:00,0.0
2011-04-21 23:39:30-04:00,0.0
2011-04-21 23:39:33-04:00,0.0
2011-04-21 23:39:36-04:00,0.0
2011-04-21 23:39:39-04:00,0.0
2011-04-21 23:39:42-04:00,0.0
2011-04-21 23:39:45-04:00,0.0
2011-04-21 23:39:48-04:00,0.0
2011-04-21 23:39:51-04:00,0.0
2011-04-21 23:39:54-04:00,0.0
2011-04-21 23:39:57-04:00,0.0
2011-04-21 23:40:00-04:00,0.0
2011-04-21 23:40:03-04:00,0.0
2011-04-21 23:40:06-04:00,0.0
2011-04-21 23:40:09-04:00,0.0
2011-04-21 23:40:12-04:00,0.0
2011-04-21 23:40:15-04:00,0.0
2011-04-21 23:40:18-04:00,0.0
2011-04-21 23:40:21-04:00,0.0
2011-04-21 23:40:24-04:00,0.0
2011-04-21 23:40:27-04:00,0.0
2011-04-21 23:40:30-04:00,0.0
2011-04-21 23:40:33-04:00,0.0
2011-04-21 23:40:36-04:00,0.0
2011-04-21 23:40:39-04:00,0.0
2011-04-21 23:40:42-04:00,0.0
2011-04-21 23:40:45-04:00,0.0
2011-04-21 23:40:48-04:00,0.0
2011-04-21 23:40:51-04:00,0.0
2011-04-21 23:40:54-04:00,0.0
2011-04-21 23:40:57-04:00,0.0
2011-04-21 23:41:00-04:00,0.0
2011-04-21 23:41:03-04:00,0.0
2011-04-21 23:41:06-04:00,0.0
2011-04-21 23:41:09-04:00,0.0
2011-04-21 23:41:12-04:00,0.0
2011-04-21 23:41:15-04:00,0.0
2011-04-21 23:41:18-04:00,0.0
2011-04-21 23:41:21-04:00,0.0
2011-04-21 23:41:24-04:00,0.0
2011-04-21 23:41:27-04:00,0.0
2011-04-21 23:41:30-04:00,0.0
2011-04-21 23:41:33-04:00,0.0
2011-04-21 23:41:36-04:00,0.0
2011-04-21 23:41:39-04:00,0.0
2011-04-21 23:41:42-04:00,0.0
2011-04-21 23:41:45-04:00,0.0
2011-04-21 23:41:48-04:00,0.0
2011-04-21 23:41:51-04:00,0.0
2011-04-21 23:41:54-04:00,0.0
2011-04-21 23:41:57-04:00,0.0
2011-04-21 23:42:00-04:00,0.0
2011-04-21 23:42:03-04:00,0.0
2011-04-21 23:42:06-04:00,0.0
2011-04-21 23:42:09-04:00,0.0
2011-04-21 23:42:12-04:00,0.0
2011-04-21 23:42:15-04:00,0.0
2011-04-21 23:42:18-04:00,0.0
2011-04-21 23:42:21-04:00,0.0
2011-04-21 23:42:24-04:00,0.0
2011-04-21 23:42:27-04:00,0.0
2011-04-21 23:42:30-04:00,0.0
2011-04-21 23:42:33-04:00,0.0
2011-04-21 23:42:36-04:00,0.0
2011-04-21 23:42:39-04:00,0.0
2011-04-21 23:42:42-04:00,0.0
2011-04-21 23:42:45-04:00,0.0
2011-04-21 23:42:48-04:00,0.0
2011-04-21 23:42:51-04:00,0.0
2011-04-21 23:42:54-04:00,0.0
2011-04-21 23:42:57-04:00,0.0
2011-04-21 23:43:00-04:00,0.0
2011-04-21 23:43:03-04:00,0.0
2011-04-21 23:43:06-04:00,0.0
2011-04-21 23:43:09-04:00,0.0
2011-04-21 23:43:12-04:00,0.0
2011-04-21 23:43:15-04:00,0.0
2011-04-21 23:43:18-04:00,0.0
2011-04-21 23:43:21-04:00,0.0
2011-04-21 23:43:24-04:00,0.0
2011-04-21 23:43:27-04:00,0.0
2011-04-21 23:43:30-04:00,0.0
2011-04-21 23:43:33-04:00,0.0
2011-04-21 23:43:36-04:00,0.0
2011-04-21 23:43:39-04:00,0.0
2011-04-21 23:43:42-04:00,0.0
2011-04-21 23:43:45-04:00,0.0
2011-04-21 23:43:48-04:00,0.0
2011-04-21 23:43:51-04:00,0.0
2011-04-21 23:43:54-04:00,0.0
2011-04-21 23:43:57-04:00,0.0
2011-04-21 23:44:00-04:00,0.0
2011-04-21 23:44:03-04:00,0.0
2011-04-21 23:44:06-04:00,0.0
2011-04-21 23:44:09-04:00,0.0
2011-04-21 23:44:12-04:00,0.0
2011-04-21 23:44:15-04:00,0.0
2011-04-21 23:44:18-04:00,0.0
2011-04-21 23:44:21-04:00,0.0
2011-04-21 23:44:24-04:00,0.0
2011-04-21 23:44:27-04:00,0.0
2011-04-21 23:44:30-04:00,0.0
2011-04-21 23:44:33-04:00,0.0
2011-04-21 23:44:36-04:00,0.0
2011-04-21 23:44:39-04:00,0.0
2011-04-21 23:44:42-04:00,0.0
2011-04-21 23:44:45-04:00,0.0
2011-04-21 23:44:48-04:00,0.0
2011-04-21 23:44:51-04:00,0.0
2011-04-21 23:44:54-04:00,0.0
2011-04-21 23:44:57-04:00,0.0
2011-04-21 23:45:00-04:00,0.0
2011-04-21 23:45:03-04:00,0.0
2011-04-21 23:45:06-04:00,0.0
2011-04-21 23:45:09-04:00,0.0
2011-04-21 23:45:12-04:00,0.0
2011-04-21 23:45:15-04:00,0.0
2011-04-21 23:45:18-04:00,0.0
2011-04-21 23:45:21-04:00,0.0
2011-04-21 23:45:24-04:00,0.0
2011-04-21 23:45:27-04:00,0.0
2011-04-21 23:45:30-04:00,0.0
2011-04-21 23:45:33-04:00,0.0
2011-04-21 23:45:36-04:00,0.0
2011-04-21 23:45:39-04:00,0.0
2011-04-21 23:45:42-04:00,0.0
2011-04-21 23:45:45-04:00,0.0
2011-04-21 23:45:48-04:00,0.0
2011-04-21 23:45:51-04:00,0.0
2011-04-21 23:45:54-04:00,0.0
2011-04-21 23:45:57-04:00,0.0
2011-04-21 23:46:00-04:00,0.0
2011-04-21 23:46:03-04:00,0.0
2011-04-21 23:46:06-04:00,0.0
2011-04-21 23:46:09-04:00,0.0
2011-04-21 23:46:12-04:00,0.0
2011-04-21 23:46:15-04:00,0.0
2011-04-21 23:46:18-04:00,0.0
2011-04-21 23:46:21-04:00,0.0
2011-04-21 23:46:24-04:00,0.0
2011-04-21 23:46:27-04:00,0.0
2011-04-21 23:46:30-04:00,0.0
2011-04-21 23:46:33-04:00,0.0
2011-04-21 23:46:36-04:00,0.0
2011-04-21 23:46:39-04:00,0.0
2011-04-21 23:46:42-04:00,0.0
2011-04-21 23:46:45-04:00,0.0
2011-04-21 23:46:48-04:00,0.0
2011-04-21 23:46:51-04:00,0.0
2011-04-21 23:46:54-04:00,0.0
2011-04-21 23:46:57-04:00,0.0
2011-04-21 23:47:00-04:00,0.0
2011-04-21 23:47:03-04:00,0.0
2011-04-21 23:47:06-04:00,0.0
2011-04-21 23:47:09-04:00,0.0
2011-04-21 23:47:12-04:00,0.0
2011-04-21 23:47:15-04:00,0.0
2011-04-21 23:47:18-04:00,0.0
2011-04-21 23:47:21-04:00,0.0
2011-04-21 23:47:24-04:00,0.0
2011-04-21 23:47:27-04:00,0.0
2011-04-21 23:47:30-04:00,0.0
2011-04-21 23:47:33-04:00,0.0
2011-04-21 23:47:36-04:00,0.0
2011-04-21 23:47:39-04:00,0.0
2011-04-21 23:47:42-04:00,0.0
2011-04-21 23:47:45-04:00,0.0
2011-04-21 23:47:48-04:00,0.0
2011-04-21 23:47:51-04:00,0.0
2011-04-21 23:47:54-04:00,0.0
2011-04-21 23:47:57-04:00,0.0
2011-04-21 23:48:00-04:00,0.0
2011-04-21 23:48:03-04:00,0.0
2011-04-21 23:48:06-04:00,0.0
2011-04-21 23:48:09-04:00,0.0
2011-04-21 23:48:12-04:00,0.0
2011-04-21 23:48:15-04:00,0.0
2011-04-21 23:48:18-04:00,0.0
2011-04-21 23:48:21-04:00,0.0
2011-04-21 23:48:24-04:00,0.0
2011-04-21 23:48:27-04:00,0.0
2011-04-21 23:48:30-04:00,0.0
2011-04-21 23:48:33-04:00,0.0
2011-04-21 23:48:36-04:00,0.0
2011-04-21 23:48:39-04:00,0.0
2011-04-21 23:48:42-04:00,0.0
2011-04-21 23:48:45-04:00,0.0
2011-04-21 23:48:48-04:00,0.0
2011-04-21 23:48:51-04:00,0.0
2011-04-21 23:48:54-04:00,0.0
2011-04-21 23:48:57-04:00,0.0
2011-04-21 23:49:00-04:00,0.0
2011-04-21 23:49:03-04:00,0.0
2011-04-21 23:49:06-04:00,0.0
2011-04-21 23:49:09-04:00,0.0
2011-04-21 23:49:12-04:00,0.0
2011-04-21 23:49:15-04:00,0.0
2011-04-21 23:49:18-04:00,0.0
2011-04-21 23:49:21-04:00,0.0
2011-04-21 23:49:24-04:00,0.0
2011-04-21 23:49:27-04:00,0.0
2011-04-21 23:49:30-04:00,0.0
2011-04-21 23:49:33-04:00,0.0
2011-04-21 23:49:36-04:00,0.0
2011-04-21 23:49:39-04:00,0.0
2011-04-21 23:49:42-04:00,0.0
2011-04-21 23:49:45-04:00,0.0
2011-04-21 23:49:48-04:00,0.0
2011-04-21 23:49:51-04:00,0.0
2011-04-21 23:49:54-04:00,0.0
2011-04-21 23:49:57-04:00,0.0
2011-04-21 23:50:00-04:00,0.0
2011-04-21 23:50:03-04:00,0.0
2011-04-21 23:50:06-04:00,0.0
2011-04-21 23:50:09-04:00,0.0
2011-04-21 23:50:12-04:00,0.0
2011-04-21 23:50:15-04:00,0.0
2011-04-21 23:50:18-04:00,0.0
2011-04-21 23:50:21-04:00,0.0
2011-04-21 23:50:24-04:00,0.0
2011-04-21 23:50:27-04:00,0.0
2011-04-21 23:50:30-04:00,0.0
2011-04-21 23:50:33-04:00,0.0
2011-04-21 23:50:36-04:00,0.0
2011-04-21 23:50:39-04:00,0.0
2011-04-21 23:50:42-04:00,0.0
2011-04-21 23:50:45-04:00,0.0
2011-04-21 23:50:48-04:00,0.0
2011-04-21 23:50:51-04:00,0.0
2011-04-21 23:50:54-04:00,0.0
2011-04-21 23:50:57-04:00,0.0
2011-04-21 23:51:00-04:00,0.0
2011-04-21 23:51:03-04:00,0.0
2011-04-21 23:51:06-04:00,0.0
2011-04-21 23:51:09-04:00,0.0
2011-04-21 23:51:12-04:00,0.0
2011-04-21 23:51:15-04:00,0.0
2011-04-21 23:51:18-04:00,0.0
2011-04-21 23:51:21-04:00,0.0
2011-04-21 23:51:24-04:00,0.0
2011-04-21 23:51:27-04:00,0.0
2011-04-21 23:51:30-04:00,0.0
2011-04-21 23:51:33-04:00,0.0
2011-04-21 23:51:36-04:00,0.0
2011-04-21 23:51:39-04:00,0.0
2011-04-21 23:51:42-04:00,0.0
2011-04-21 23:51:45-04:00,0.0
2011-04-21 23:51:48-04:00,0.0
2011-04-21 23:51:51-04:00,0.0
2011-04-21 23:51:54-04:00,0.0
2011-04-21 23:51:57-04:00,0.0
2011-04-21 23:52:00-04:00,0.0
2011-04-21 23:52:03-04:00,0.0
2011-04-21 23:52:06-04:00,0.0
2011-04-21 23:52:09-04:00,0.0
2011-04-21 23:52:12-04:00,0.0
2011-04-21 23:52:15-04:00,0.0
2011-04-21 23:52:18-04:00,0.0
2011-04-21 23:52:21-04:00,0.0
2011-04-21 23:52:24-04:00,0.0
2011-04-21 23:52:27-04:00,0.0
2011-04-21 23:52:30-04:00,0.0
2011-04-21 23:52:33-04:00,0.0
2011-04-21 23:52:36-04:00,0.0
2011-04-21 23:52:39-04:00,0.0
2011-04-21 23:52:42-04:00,0.0
2011-04-21 23:52:45-04:00,0.0
2011-04-21 23:52:48-04:00,0.0
2011-04-21 23:52:51-04:00,0.0
2011-04-21 23:52:54-04:00,0.0
2011-04-21 23:52:57-04:00,0.0
2011-04-21 23:53:00-04:00,0.0
2011-04-21 23:53:03-04:00,0.0
2011-04-21 23:53:06-04:00,0.0
2011-04-21 23:53:09-04:00,0.0
2011-04-21 23:53:12-04:00,0.0
2011-04-21 23:53:15-04:00,0.0
2011-04-21 23:53:18-04:00,0.0
2011-04-21 23:53:21-04:00,0.0
2011-04-21 23:53:24-04:00,0.0
2011-04-21 23:53:27-04:00,0.0
2011-04-21 23:53:30-04:00,0.0
2011-04-21 23:53:33-04:00,0.0
2011-04-21 23:53:36-04:00,0.0
2011-04-21 23:53:39-04:00,0.0
2011-04-21 23:53:42-04:00,0.0
2011-04-21 23:53:45-04:00,0.0
2011-04-21 23:53:48-04:00,0.0
2011-04-21 23:53:51-04:00,0.0
2011-04-21 23:53:54-04:00,0.0
2011-04-21 23:53:57-04:00,0.0
2011-04-21 23:54:00-04:00,0.0
2011-04-21 23:54:03-04:00,0.0
2011-04-21 23:54:06-04:00,0.0
2011-04-21 23:54:09-04:00,0.0
2011-04-21 23:54:12-04:00,0.0
2011-04-21 23:54:15-04:00,0.0
2011-04-21 23:54:18-04:00,0.0
2011-04-21 23:54:21-04:00,0.0
2011-04-21 23:54:24-04:00,0.0
2011-04-21 23:54:27-04:00,0.0
2011-04-21 23:54:30-04:00,0.0
2011-04-21 23:54:33-04:00,0.0
2011-04-21 23:54:36-04:00,0.0
2011-04-21 23:54:39-04:00,0.0
2011-04-21 23:54:42-04:00,0.0
2011-04-21 23:54:45-04:00,0.0
2011-04-21 23:54:48-04:00,0.0
2011-04-21 23:54:51-04:00,0.0
2011-04-21 23:54:54-04:00,0.0
2011-04-21 23:54:57-04:00,0.0
2011-04-21 23:55:00-04:00,0.0
2011-04-21 23:55:03-04:00,0.0
2011-04-21 23:55:06-04:00,0.0
2011-04-21 23:55:09-04:00,0.0
2011-04-21 23:55:12-04:00,0.0
2011-04-21 23:55:15-04:00,0.0
2011-04-21 23:55:18-04:00,0.0
2011-04-21 23:55:21-04:00,0.0
2011-04-21 23:55:24-04:00,0.0
2011-04-21 23:55:27-04:00,0.0
2011-04-21 23:55:30-04:00,0.0
2011-04-21 23:55:33-04:00,0.0
2011-04-21 23:55:36-04:00,0.0
2011-04-21 23:55:39-04:00,0.0
2011-04-21 23:55:42-04:00,0.0
2011-04-21 23:55:45-04:00,0.0
2011-04-21 23:55:48-04:00,0.0
2011-04-21 23:55:51-04:00,0.0
2011-04-21 23:55:54-04:00,0.0
2011-04-21 23:55:57-04:00,0.0
2011-04-21 23:56:00-04:00,0.0
2011-04-21 23:56:03-04:00,0.0
2011-04-21 23:56:06-04:00,0.0
2011-04-21 23:56:09-04:00,0.0
2011-04-21 23:56:12-04:00,0.0
2011-04-21 23:56:15-04:00,0.0
2011-04-21 23:56:18-04:00,0.0
2011-04-21 23:56:21-04:00,0.0
2011-04-21 23:56:24-04:00,0.0
2011-04-21 23:56:27-04:00,0.0
2011-04-21 23:56:30-04:00,0.0
2011-04-21 23:56:33-04:00,0.0
2011-04-21 23:56:36-04:00,0.0
2011-04-21 23:56:39-04:00,0.0
2011-04-21 23:56:42-04:00,0.0
2011-04-21 23:56:45-04:00,0.0
2011-04-21 23:56:48-04:00,0.0
2011-04-21 23:56:51-04:00,0.0
2011-04-21 23:56:54-04:00,0.0
2011-04-21 23:56:57-04:00,0.0
2011-04-21 23:57:00-04:00,0.0
2011-04-21 23:57:03-04:00,0.0
2011-04-21 23:57:06-04:00,0.0
2011-04-21 23:57:09-04:00,0.0
2011-04-21 23:57:12-04:00,0.0
2011-04-21 23:57:15-04:00,0.0
2011-04-21 23:57:18-04:00,0.0
2011-04-21 23:57:21-04:00,0.0
2011-04-21 23:57:24-04:00,0.0
2011-04-21 23:57:27-04:00,0.0
2011-04-21 23:57:30-04:00,0.0
2011-04-21 23:57:33-04:00,0.0
2011-04-21 23:57:36-04:00,0.0
2011-04-21 23:57:39-04:00,0.0
2011-04-21 23:57:42-04:00,0.0
2011-04-21 23:57:45-04:00,0.0
2011-04-21 23:57:48-04:00,0.0
2011-04-21 23:57:51-04:00,0.0
2011-04-21 23:57:54-04:00,0.0
2011-04-21 23:57:57-04:00,0.0
2011-04-21 23:58:00-04:00,0.0
2011-04-21 23:58:03-04:00,0.0
2011-04-21 23:58:06-04:00,0.0
2011-04-21 23:58:09-04:00,0.0
2011-04-21 23:58:12-04:00,0.0
2011-04-21 23:58:15-04:00,0.0
2011-04-21 23:58:18-04:00,0.0
2011-04-21 23:58:21-04:00,0.0
2011-04-21 23:58:24-04:00,0.0
2011-04-21 23:58:27-04:00,0.0
2011-04-21 23:58:30-04:00,0.0
2011-04-21 23:58:33-04:00,0.0
2011-04-21 23:58:36-04:00,0.0
2011-04-21 23:58:39-04:00,0.0
2011-04-21 23:58:42-04:00,0.0
2011-04-21 23:58:45-04:00,0.0
2011-04-21 23:58:48-04:00,0.0
2011-04-21 23:58:51-04:00,0.0
2011-04-21 23:58:54-04:00,0.0
2011-04-21 23:58:57-04:00,0.0
2011-04-21 23:59:00-04:00,0.0
2011-04-21 23:59:03-04:00,0.0
2011-04-21 23:59:06-04:00,0.0
2011-04-21 23:59:09-04:00,0.0
2011-04-21 23:59:12-04:00,0.0
2011-04-21 23:59:15-04:00,0.0
2011-04-21 23:59:18-04:00,0.0
2011-04-21 23:59:21-04:00,0.0
2011-04-21 23:59:24-04:00,0.0
2011-04-21 23:59:27-04:00,0.0
2011-04-21 23:59:30-04:00,0.0
2011-04-21 23:59:33-04:00,0.0
2011-04-21 23:59:36-04:00,0.0
2011-04-21 23:59:39-04:00,0.0
2011-04-21 23:59:42-04:00,0.0
2011-04-21 23:59:45-04:00,0.0
2011-04-21 23:59:48-04:00,0.0
2011-04-21 23:59:51-04:00,0.0
2011-04-21 23:59:54-04:00,0.0
2011-04-21 23:59:57-04:00,0.0
2011-04-22 00:00:00-04:00,0.0
2011-04-22 00:00:03-04:00,0.0
2011-04-22 00:00:06-04:00,0.0
2011-04-22 00:00:09-04:00,0.0
2011-04-22 00:00:12-04:00,0.0
2011-04-22 00:00:15-04:00,0.0
2011-04-22 00:00:18-04:00,0.0
2011-04-22 00:00:21-04:00,0.0
2011-04-22 00:00:24-04:00,0.0
2011-04-22 00:00:27-04:00,0.0
2011-04-22 00:00:30-04:00,0.0
2011-04-22 00:00:33-04:00,0.0
2011-04-22 00:00:36-04:00,0.0
2011-04-22 00:00:39-04:00,0.0
2011-04-22 00:00:42-04:00,0.0
2011-04-22 00:00:45-04:00,0.0
2011-04-22 00:00:48-04:00,0.0
2011-04-22 00:00:51-04:00,0.0
2011-04-22 00:00:54-04:00,0.0
2011-04-22 00:00:57-04:00,0.0
2011-04-22 00:01:00-04:00,0.0
2011-04-22 00:01:03-04:00,0.0
2011-04-22 00:01:06-04:00,0.0
2011-04-22 00:01:09-04:00,0.0
2011-04-22 00:01:12-04:00,0.0
2011-04-22 00:01:15-04:00,0.0
2011-04-22 00:01:18-04:00,0.0
2011-04-22 00:01:21-04:00,0.0
2011-04-22 00:01:24-04:00,0.0
2011-04-22 00:01:27-04:00,0.0
2011-04-22 00:01:30-04:00,0.0
2011-04-22 00:01:33-04:00,0.0
2011-04-22 00:01:36-04:00,0.0
2011-04-22 00:01:39-04:00,0.0
2011-04-22 00:01:42-04:00,0.0
2011-04-22 00:01:45-04:00,0.0
2011-04-22 00:01:48-04:00,0.0
2011-04-22 00:01:51-04:00,0.0
2011-04-22 00:01:54-04:00,0.0
2011-04-22 00:01:57-04:00,0.0
2011-04-22 00:02:00-04:00,0.0
2011-04-22 00:02:03-04:00,0.0
2011-04-22 00:02:06-04:00,0.0
2011-04-22 00:02:09-04:00,0.0
2011-04-22 00:02:12-04:00,0.0
2011-04-22 00:02:15-04:00,0.0
2011-04-22 00:02:18-04:00,0.0
2011-04-22 00:02:21-04:00,0.0
2011-04-22 00:02:24-04:00,0.0
2011-04-22 00:02:27-04:00,0.0
2011-04-22 00:02:30-04:00,0.0
2011-04-22 00:02:33-04:00,0.0
2011-04-22 00:02:36-04:00,0.0
2011-04-22 00:02:39-04:00,0.0
2011-04-22 00:02:42-04:00,0.0
2011-04-22 00:02:45-04:00,0.0
2011-04-22 00:02:48-04:00,0.0
2011-04-22 00:02:51-04:00,0.0
2011-04-22 00:02:54-04:00,0.0
2011-04-22 00:02:57-04:00,0.0
2011-04-22 00:03:00-04:00,0.0
2011-04-22 00:03:03-04:00,0.0
2011-04-22 00:03:06-04:00,0.0
2011-04-22 00:03:09-04:00,0.0
2011-04-22 00:03:12-04:00,0.0
2011-04-22 00:03:15-04:00,0.0
2011-04-22 00:03:18-04:00,0.0
2011-04-22 00:03:21-04:00,0.0
2011-04-22 00:03:24-04:00,0.0
2011-04-22 00:03:27-04:00,0.0
2011-04-22 00:03:30-04:00,0.0
2011-04-22 00:03:33-04:00,0.0
2011-04-22 00:03:36-04:00,0.0
2011-04-22 00:03:39-04:00,0.0
2011-04-22 00:03:42-04:00,0.0
2011-04-22 00:03:45-04:00,0.0
2011-04-22 00:03:48-04:00,0.0
2011-04-22 00:03:51-04:00,0.0
2011-04-22 00:03:54-04:00,0.0
2011-04-22 00:03:57-04:00,0.0
2011-04-22 00:04:00-04:00,0.0
2011-04-22 00:04:03-04:00,0.0
2011-04-22 00:04:06-04:00,0.0
2011-04-22 00:04:09-04:00,0.0
2011-04-22 00:04:12-04:00,0.0
2011-04-22 00:04:15-04:00,0.0
2011-04-22 00:04:18-04:00,0.0
2011-04-22 00:04:21-04:00,0.0
2011-04-22 00:04:24-04:00,0.0
2011-04-22 00:04:27-04:00,0.0
2011-04-22 00:04:30-04:00,0.0
2011-04-22 00:04:33-04:00,0.0
2011-04-22 00:04:36-04:00,0.0
2011-04-22 00:04:39-04:00,0.0
2011-04-22 00:04:42-04:00,0.0
2011-04-22 00:04:45-04:00,0.0
2011-04-22 00:04:48-04:00,0.0
2011-04-22 00:04:51-04:00,0.0
2011-04-22 00:04:54-04:00,0.0
2011-04-22 00:04:57-04:00,0.0
2011-04-22 00:05:00-04:00,0.0
2011-04-22 00:05:03-04:00,0.0
2011-04-22 00:05:06-04:00,0.0
2011-04-22 00:05:09-04:00,0.0
2011-04-22 00:05:12-04:00,0.0
2011-04-22 00:05:15-04:00,0.0
2011-04-22 00:05:18-04:00,0.0
2011-04-22 00:05:21-04:00,0.0
2011-04-22 00:05:24-04:00,0.0
2011-04-22 00:05:27-04:00,0.0
2011-04-22 00:05:30-04:00,0.0
2011-04-22 00:05:33-04:00,0.0
2011-04-22 00:05:36-04:00,0.0
2011-04-22 00:05:39-04:00,0.0
2011-04-22 00:05:42-04:00,0.0
2011-04-22 00:05:45-04:00,0.0
2011-04-22 00:05:48-04:00,0.0
2011-04-22 00:05:51-04:00,0.0
2011-04-22 00:05:54-04:00,0.0
2011-04-22 00:05:57-04:00,0.0
2011-04-22 00:06:00-04:00,0.0
2011-04-22 00:06:03-04:00,0.0
2011-04-22 00:06:06-04:00,0.0
2011-04-22 00:06:09-04:00,0.0
2011-04-22 00:06:12-04:00,0.0
2011-04-22 00:06:15-04:00,0.0
2011-04-22 00:06:18-04:00,0.0
2011-04-22 00:06:21-04:00,0.0
2011-04-22 00:06:24-04:00,0.0
2011-04-22 00:06:27-04:00,0.0
2011-04-22 00:06:30-04:00,0.0
2011-04-22 00:06:33-04:00,0.0
2011-04-22 00:06:36-04:00,0.0
2011-04-22 00:06:39-04:00,0.0
2011-04-22 00:06:42-04:00,0.0
2011-04-22 00:06:45-04:00,0.0
2011-04-22 00:06:48-04:00,0.0
2011-04-22 00:06:51-04:00,0.0
2011-04-22 00:06:54-04:00,0.0
2011-04-22 00:06:57-04:00,0.0
2011-04-22 00:07:00-04:00,0.0
2011-04-22 00:07:03-04:00,0.0
2011-04-22 00:07:06-04:00,0.0
2011-04-22 00:07:09-04:00,0.0
2011-04-22 00:07:12-04:00,0.0
2011-04-22 00:07:15-04:00,0.0
2011-04-22 00:07:18-04:00,0.0
2011-04-22 00:07:21-04:00,0.0
2011-04-22 00:07:24-04:00,0.0
2011-04-22 00:07:27-04:00,0.0
2011-04-22 00:07:30-04:00,0.0
2011-04-22 00:07:33-04:00,0.0
2011-04-22 00:07:36-04:00,0.0
2011-04-22 00:07:39-04:00,0.0
2011-04-22 00:07:42-04:00,0.0
2011-04-22 00:07:45-04:00,0.0
2011-04-22 00:07:48-04:00,0.0
2011-04-22 00:07:51-04:00,0.0
2011-04-22 00:07:54-04:00,0.0
2011-04-22 00:07:57-04:00,0.0
2011-04-22 00:08:00-04:00,0.0
2011-04-22 00:08:03-04:00,0.0
2011-04-22 00:08:06-04:00,0.0
2011-04-22 00:08:09-04:00,0.0
2011-04-22 00:08:12-04:00,0.0
2011-04-22 00:08:15-04:00,0.0
2011-04-22 00:08:18-04:00,0.0
2011-04-22 00:08:21-04:00,0.0
2011-04-22 00:08:24-04:00,0.0
2011-04-22 00:08:27-04:00,0.0
2011-04-22 00:08:30-04:00,0.0
2011-04-22 00:08:33-04:00,0.0
2011-04-22 00:08:36-04:00,0.0
2011-04-22 00:08:39-04:00,0.0
2011-04-22 00:08:42-04:00,0.0
2011-04-22 00:08:45-04:00,0.0
2011-04-22 00:08:48-04:00,0.0
2011-04-22 00:08:51-04:00,0.0
2011-04-22 00:08:54-04:00,0.0
2011-04-22 00:08:57-04:00,0.0
2011-04-22 00:09:00-04:00,0.0
2011-04-22 00:09:03-04:00,0.0
2011-04-22 00:09:06-04:00,0.0
2011-04-22 00:09:09-04:00,0.0
2011-04-22 00:09:12-04:00,0.0
2011-04-22 00:09:15-04:00,0.0
2011-04-22 00:09:18-04:00,0.0
2011-04-22 00:09:21-04:00,0.0
2011-04-22 00:09:24-04:00,0.0
2011-04-22 00:09:27-04:00,0.0
2011-04-22 00:09:30-04:00,0.0
2011-04-22 00:09:33-04:00,0.0
2011-04-22 00:09:36-04:00,0.0
2011-04-22 00:09:39-04:00,0.0
2011-04-22 00:09:42-04:00,0.0
2011-04-22 00:09:45-04:00,0.0
2011-04-22 00:09:48-04:00,0.0
2011-04-22 00:09:51-04:00,0.0
2011-04-22 00:09:54-04:00,0.0
2011-04-22 00:09:57-04:00,0.0
2011-04-22 00:10:00-04:00,0.0
2011-04-22 00:10:03-04:00,0.0
2011-04-22 00:10:06-04:00,0.0
2011-04-22 00:10:09-04:00,0.0
2011-04-22 00:10:12-04:00,0.0
2011-04-22 00:10:15-04:00,0.0
2011-04-22 00:10:18-04:00,0.0
2011-04-22 00:10:21-04:00,0.0
2011-04-22 00:10:24-04:00,0.0
2011-04-22 00:10:27-04:00,0.0
2011-04-22 00:10:30-04:00,0.0
2011-04-22 00:10:33-04:00,0.0
2011-04-22 00:10:36-04:00,0.0
2011-04-22 00:10:39-04:00,0.0
2011-04-22 00:10:42-04:00,0.0
2011-04-22 00:10:45-04:00,0.0
2011-04-22 00:10:48-04:00,0.0
2011-04-22 00:10:51-04:00,0.0
2011-04-22 00:10:54-04:00,0.0
2011-04-22 00:10:57-04:00,0.0
2011-04-22 00:11:00-04:00,0.0
2011-04-22 00:11:03-04:00,0.0
2011-04-22 00:11:06-04:00,0.0
2011-04-22 00:11:09-04:00,0.0
2011-04-22 00:11:12-04:00,0.0
2011-04-22 00:11:15-04:00,0.0
2011-04-22 00:11:18-04:00,0.0
2011-04-22 00:11:21-04:00,0.0
2011-04-22 00:11:24-04:00,0.0
2011-04-22 00:11:27-04:00,0.0
2011-04-22 00:11:30-04:00,0.0
2011-04-22 00:11:33-04:00,0.0
2011-04-22 00:11:36-04:00,0.0
2011-04-22 00:11:39-04:00,0.0
2011-04-22 00:11:42-04:00,0.0
2011-04-22 00:11:45-04:00,0.0
2011-04-22 00:11:48-04:00,0.0
2011-04-22 00:11:51-04:00,0.0
2011-04-22 00:11:54-04:00,0.0
2011-04-22 00:11:57-04:00,0.0
2011-04-22 00:12:00-04:00,0.0
2011-04-22 00:12:03-04:00,0.0
2011-04-22 00:12:06-04:00,0.0
2011-04-22 00:12:09-04:00,0.0
2011-04-22 00:12:12-04:00,0.0
2011-04-22 00:12:15-04:00,0.0
2011-04-22 00:12:18-04:00,0.0
2011-04-22 00:12:21-04:00,0.0
2011-04-22 00:12:24-04:00,0.0
2011-04-22 00:12:27-04:00,0.0
2011-04-22 00:12:30-04:00,0.0
2011-04-22 00:12:33-04:00,0.0
2011-04-22 00:12:36-04:00,0.0
2011-04-22 00:12:39-04:00,0.0
2011-04-22 00:12:42-04:00,0.0
2011-04-22 00:12:45-04:00,0.0
2011-04-22 00:12:48-04:00,0.0
2011-04-22 00:12:51-04:00,0.0
2011-04-22 00:12:54-04:00,0.0
2011-04-22 00:12:57-04:00,0.0
2011-04-22 00:13:00-04:00,0.0
2011-04-22 00:13:03-04:00,0.0
2011-04-22 00:13:06-04:00,0.0
2011-04-22 00:13:09-04:00,0.0
2011-04-22 00:13:12-04:00,0.0
2011-04-22 00:13:15-04:00,0.0
2011-04-22 00:13:18-04:00,0.0
2011-04-22 00:13:21-04:00,0.0
2011-04-22 00:13:24-04:00,0.0
2011-04-22 00:13:27-04:00,0.0
2011-04-22 00:13:30-04:00,0.0
2011-04-22 00:13:33-04:00,0.0
2011-04-22 00:13:36-04:00,0.0
2011-04-22 00:13:39-04:00,0.0
2011-04-22 00:13:42-04:00,0.0
2011-04-22 00:13:45-04:00,0.0
2011-04-22 00:13:48-04:00,0.0
2011-04-22 00:13:51-04:00,0.0
2011-04-22 00:13:54-04:00,0.0
2011-04-22 00:13:57-04:00,0.0
2011-04-22 00:14:00-04:00,0.0
2011-04-22 00:14:03-04:00,0.0
2011-04-22 00:14:06-04:00,0.0
2011-04-22 00:14:09-04:00,0.0
2011-04-22 00:14:12-04:00,0.0
2011-04-22 00:14:15-04:00,0.0
2011-04-22 00:14:18-04:00,0.0
2011-04-22 00:14:21-04:00,0.0
2011-04-22 00:14:24-04:00,0.0
2011-04-22 00:14:27-04:00,0.0
2011-04-22 00:14:30-04:00,0.0
2011-04-22 00:14:33-04:00,0.0
2011-04-22 00:14:36-04:00,0.0
2011-04-22 00:14:39-04:00,0.0
2011-04-22 00:14:42-04:00,0.0
2011-04-22 00:14:45-04:00,0.0
2011-04-22 00:14:48-04:00,0.0
2011-04-22 00:14:51-04:00,0.0
2011-04-22 00:14:54-04:00,0.0
2011-04-22 00:14:57-04:00,0.0
2011-04-22 00:15:00-04:00,0.0
2011-04-22 00:15:03-04:00,0.0
2011-04-22 00:15:06-04:00,0.0
2011-04-22 00:15:09-04:00,0.0
2011-04-22 00:15:12-04:00,0.0
2011-04-22 00:15:15-04:00,0.0
2011-04-22 00:15:18-04:00,0.0
2011-04-22 00:15:21-04:00,0.0
2011-04-22 00:15:24-04:00,0.0
2011-04-22 00:15:27-04:00,0.0
2011-04-22 00:15:30-04:00,0.0
2011-04-22 00:15:33-04:00,0.0
2011-04-22 00:15:36-04:00,0.0
2011-04-22 00:15:39-04:00,0.0
2011-04-22 00:15:42-04:00,0.0
2011-04-22 00:15:45-04:00,0.0
2011-04-22 00:15:48-04:00,0.0
2011-04-22 00:15:51-04:00,0.0
2011-04-22 00:15:54-04:00,0.0
2011-04-22 00:15:57-04:00,0.0
2011-04-22 00:16:00-04:00,0.0
2011-04-22 00:16:03-04:00,0.0
2011-04-22 00:16:06-04:00,0.0
2011-04-22 00:16:09-04:00,0.0
2011-04-22 00:16:12-04:00,0.0
2011-04-22 00:16:15-04:00,0.0
2011-04-22 00:16:18-04:00,0.0
2011-04-22 00:16:21-04:00,0.0
2011-04-22 00:16:24-04:00,0.0
2011-04-22 00:16:27-04:00,0.0
2011-04-22 00:16:30-04:00,0.0
2011-04-22 00:16:33-04:00,0.0
2011-04-22 00:16:36-04:00,0.0
2011-04-22 00:16:39-04:00,0.0
2011-04-22 00:16:42-04:00,0.0
2011-04-22 00:16:45-04:00,0.0
2011-04-22 00:16:48-04:00,0.0
2011-04-22 00:16:51-04:00,0.0
2011-04-22 00:16:54-04:00,0.0
2011-04-22 00:16:57-04:00,0.0
2011-04-22 00:17:00-04:00,0.0
2011-04-22 00:17:03-04:00,0.0
2011-04-22 00:17:06-04:00,0.0
2011-04-22 00:17:09-04:00,0.0
2011-04-22 00:17:12-04:00,0.0
2011-04-22 00:17:15-04:00,0.0
2011-04-22 00:17:18-04:00,0.0
2011-04-22 00:17:21-04:00,0.0
2011-04-22 00:17:24-04:00,0.0
2011-04-22 00:17:27-04:00,0.0
2011-04-22 00:17:30-04:00,0.0
2011-04-22 00:17:33-04:00,0.0
2011-04-22 00:17:36-04:00,0.0
2011-04-22 00:17:39-04:00,0.0
2011-04-22 00:17:42-04:00,0.0
2011-04-22 00:17:45-04:00,0.0
2011-04-22 00:17:48-04:00,0.0
2011-04-22 00:17:51-04:00,0.0
2011-04-22 00:17:54-04:00,0.0
2011-04-22 00:17:57-04:00,0.0
2011-04-22 00:18:00-04:00,0.0
2011-04-22 00:18:03-04:00,0.0
2011-04-22 00:18:06-04:00,0.0
2011-04-22 00:18:09-04:00,0.0
2011-04-22 00:18:12-04:00,0.0
2011-04-22 00:18:15-04:00,0.0
2011-04-22 00:18:18-04:00,0.0
2011-04-22 00:18:21-04:00,0.0
2011-04-22 00:18:24-04:00,0.0
2011-04-22 00:18:27-04:00,0.0
2011-04-22 00:18:30-04:00,0.0
2011-04-22 00:18:33-04:00,0.0
2011-04-22 00:18:36-04:00,0.0
2011-04-22 00:18:39-04:00,0.0
2011-04-22 00:18:42-04:00,0.0
2011-04-22 00:18:45-04:00,0.0
2011-04-22 00:18:48-04:00,0.0
2011-04-22 00:18:51-04:00,0.0
2011-04-22 00:18:54-04:00,0.0
2011-04-22 00:18:57-04:00,0.0
2011-04-22 00:19:00-04:00,0.0
2011-04-22 00:19:03-04:00,0.0
2011-04-22 00:19:06-04:00,0.0
2011-04-22 00:19:09-04:00,0.0
2011-04-22 00:19:12-04:00,0.0
2011-04-22 00:19:15-04:00,0.0
2011-04-22 00:19:18-04:00,0.0
2011-04-22 00:19:21-04:00,0.0
2011-04-22 00:19:24-04:00,0.0
2011-04-22 00:19:27-04:00,0.0
2011-04-22 00:19:30-04:00,0.0
2011-04-22 00:19:33-04:00,0.0
2011-04-22 00:19:36-04:00,0.0
2011-04-22 00:19:39-04:00,0.0
2011-04-22 00:19:42-04:00,0.0
2011-04-22 00:19:45-04:00,0.0
2011-04-22 00:19:48-04:00,0.0
2011-04-22 00:19:51-04:00,0.0
2011-04-22 00:19:54-04:00,0.0
2011-04-22 00:19:57-04:00,0.0
2011-04-22 00:20:00-04:00,0.0
2011-04-22 00:20:03-04:00,0.0
2011-04-22 00:20:06-04:00,0.0
2011-04-22 00:20:09-04:00,0.0
2011-04-22 00:20:12-04:00,0.0
2011-04-22 00:20:15-04:00,0.0
2011-04-22 00:20:18-04:00,0.0
2011-04-22 00:20:21-04:00,0.0
2011-04-22 00:20:24-04:00,0.0
2011-04-22 00:20:27-04:00,0.0
2011-04-22 00:20:30-04:00,0.0
2011-04-22 00:20:33-04:00,0.0
2011-04-22 00:20:36-04:00,0.0
2011-04-22 00:20:39-04:00,0.0
2011-04-22 00:20:42-04:00,0.0
2011-04-22 00:20:45-04:00,0.0
2011-04-22 00:20:48-04:00,0.0
2011-04-22 00:20:51-04:00,0.0
2011-04-22 00:20:54-04:00,0.0
2011-04-22 00:20:57-04:00,0.0
2011-04-22 00:21:00-04:00,0.0
2011-04-22 00:21:03-04:00,0.0
2011-04-22 00:21:06-04:00,0.0
2011-04-22 00:21:09-04:00,0.0
2011-04-22 00:21:12-04:00,0.0
2011-04-22 00:21:15-04:00,0.0
2011-04-22 00:21:18-04:00,0.0
2011-04-22 00:21:21-04:00,0.0
2011-04-22 00:21:24-04:00,0.0
2011-04-22 00:21:27-04:00,0.0
2011-04-22 00:21:30-04:00,0.0
2011-04-22 00:21:33-04:00,0.0
2011-04-22 00:21:36-04:00,0.0
2011-04-22 00:21:39-04:00,0.0
2011-04-22 00:21:42-04:00,0.0
2011-04-22 00:21:45-04:00,0.0
2011-04-22 00:21:48-04:00,0.0
2011-04-22 00:21:51-04:00,0.0
2011-04-22 00:21:54-04:00,0.0
2011-04-22 00:21:57-04:00,0.0
2011-04-22 00:22:00-04:00,0.0
2011-04-22 00:22:03-04:00,0.0
2011-04-22 00:22:06-04:00,0.0
2011-04-22 00:22:09-04:00,0.0
2011-04-22 00:22:12-04:00,0.0
2011-04-22 00:22:15-04:00,0.0
2011-04-22 00:22:18-04:00,0.0
2011-04-22 00:22:21-04:00,0.0
2011-04-22 00:22:24-04:00,0.0
2011-04-22 00:22:27-04:00,0.0
2011-04-22 00:22:30-04:00,0.0
2011-04-22 00:22:33-04:00,0.0
2011-04-22 00:22:36-04:00,0.0
2011-04-22 00:22:39-04:00,0.0
2011-04-22 00:22:42-04:00,0.0
2011-04-22 00:22:45-04:00,0.0
2011-04-22 00:22:48-04:00,0.0
2011-04-22 00:22:51-04:00,0.0
2011-04-22 00:22:54-04:00,0.0
2011-04-22 00:22:57-04:00,0.0
2011-04-22 00:23:00-04:00,0.0
2011-04-22 00:23:03-04:00,0.0
2011-04-22 00:23:06-04:00,0.0
2011-04-22 00:23:09-04:00,0.0
2011-04-22 00:23:12-04:00,0.0
2011-04-22 00:23:15-04:00,0.0
2011-04-22 00:23:18-04:00,0.0
2011-04-22 00:23:21-04:00,0.0
2011-04-22 00:23:24-04:00,0.0
2011-04-22 00:23:27-04:00,0.0
2011-04-22 00:23:30-04:00,0.0
2011-04-22 00:23:33-04:00,0.0
2011-04-22 00:23:36-04:00,0.0
2011-04-22 00:23:39-04:00,0.0
2011-04-22 00:23:42-04:00,0.0
2011-04-22 00:23:45-04:00,0.0
2011-04-22 00:23:48-04:00,0.0
2011-04-22 00:23:51-04:00,0.0
2011-04-22 00:23:54-04:00,0.0
2011-04-22 00:23:57-04:00,0.0
2011-04-22 00:24:00-04:00,0.0
2011-04-22 00:24:03-04:00,0.0
2011-04-22 00:24:06-04:00,0.0
2011-04-22 00:24:09-04:00,0.0
2011-04-22 00:24:12-04:00,0.0
2011-04-22 00:24:15-04:00,0.0
2011-04-22 00:24:18-04:00,0.0
2011-04-22 00:24:21-04:00,0.0
2011-04-22 00:24:24-04:00,0.0
2011-04-22 00:24:27-04:00,0.0
2011-04-22 00:24:30-04:00,0.0
2011-04-22 00:24:33-04:00,0.0
2011-04-22 00:24:36-04:00,0.0
2011-04-22 00:24:39-04:00,0.0
2011-04-22 00:24:42-04:00,0.0
2011-04-22 00:24:45-04:00,0.0
2011-04-22 00:24:48-04:00,0.0
2011-04-22 00:24:51-04:00,0.0
2011-04-22 00:24:54-04:00,0.0
2011-04-22 00:24:57-04:00,0.0
2011-04-22 00:25:00-04:00,0.0
2011-04-22 00:25:03-04:00,0.0
2011-04-22 00:25:06-04:00,0.0
2011-04-22 00:25:09-04:00,0.0
2011-04-22 00:25:12-04:00,0.0
2011-04-22 00:25:15-04:00,0.0
2011-04-22 00:25:18-04:00,0.0
2011-04-22 00:25:21-04:00,0.0
2011-04-22 00:25:24-04:00,0.0
2011-04-22 00:25:27-04:00,0.0
2011-04-22 00:25:30-04:00,0.0
2011-04-22 00:25:33-04:00,0.0
2011-04-22 00:25:36-04:00,0.0
2011-04-22 00:25:39-04:00,0.0
2011-04-22 00:25:42-04:00,0.0
2011-04-22 00:25:45-04:00,0.0
2011-04-22 00:25:48-04:00,0.0
2011-04-22 00:25:51-04:00,0.0
2011-04-22 00:25:54-04:00,0.0
2011-04-22 00:25:57-04:00,0.0
2011-04-22 00:26:00-04:00,0.0
2011-04-22 00:26:03-04:00,0.0
2011-04-22 00:26:06-04:00,0.0
2011-04-22 00:26:09-04:00,0.0
2011-04-22 00:26:12-04:00,0.0
2011-04-22 00:26:15-04:00,0.0
2011-04-22 00:26:18-04:00,0.0
2011-04-22 00:26:21-04:00,0.0
2011-04-22 00:26:24-04:00,0.0
2011-04-22 00:26:27-04:00,0.0
2011-04-22 00:26:30-04:00,0.0
2011-04-22 00:26:33-04:00,0.0
2011-04-22 00:26:36-04:00,0.0
2011-04-22 00:26:39-04:00,0.0
2011-04-22 00:26:42-04:00,0.0
2011-04-22 00:26:45-04:00,0.0
2011-04-22 00:26:48-04:00,0.0
2011-04-22 00:26:51-04:00,0.0
2011-04-22 00:26:54-04:00,0.0
2011-04-22 00:26:57-04:00,0.0
2011-04-22 00:27:00-04:00,0.0
2011-04-22 00:27:03-04:00,0.0
2011-04-22 00:27:06-04:00,0.0
2011-04-22 00:27:09-04:00,0.0
2011-04-22 00:27:12-04:00,0.0
2011-04-22 00:27:15-04:00,0.0
2011-04-22 00:27:18-04:00,0.0
2011-04-22 00:27:21-04:00,0.0
2011-04-22 00:27:24-04:00,0.0
2011-04-22 00:27:27-04:00,0.0
2011-04-22 00:27:30-04:00,0.0
2011-04-22 00:27:33-04:00,0.0
2011-04-22 00:27:36-04:00,0.0
2011-04-22 00:27:39-04:00,0.0
2011-04-22 00:27:42-04:00,0.0
2011-04-22 00:27:45-04:00,0.0
2011-04-22 00:27:48-04:00,0.0
2011-04-22 00:27:51-04:00,0.0
2011-04-22 00:27:54-04:00,0.0
2011-04-22 00:27:57-04:00,0.0
2011-04-22 00:28:00-04:00,0.0
2011-04-22 00:28:03-04:00,0.0
2011-04-22 00:28:06-04:00,0.0
2011-04-22 00:28:09-04:00,0.0
2011-04-22 00:28:12-04:00,0.0
2011-04-22 00:28:15-04:00,0.0
2011-04-22 00:28:18-04:00,0.0
2011-04-22 00:28:21-04:00,0.0
2011-04-22 00:28:24-04:00,0.0
2011-04-22 00:28:27-04:00,0.0
2011-04-22 00:28:30-04:00,0.0
2011-04-22 00:28:33-04:00,0.0
2011-04-22 00:28:36-04:00,0.0
2011-04-22 00:28:39-04:00,0.0
2011-04-22 00:28:42-04:00,0.0
2011-04-22 00:28:45-04:00,0.0
2011-04-22 00:28:48-04:00,0.0
2011-04-22 00:28:51-04:00,0.0
2011-04-22 00:28:54-04:00,0.0
2011-04-22 00:28:57-04:00,0.0
2011-04-22 00:29:00-04:00,0.0
2011-04-22 00:29:03-04:00,0.0
2011-04-22 00:29:06-04:00,0.0
2011-04-22 00:29:09-04:00,0.0
2011-04-22 00:29:12-04:00,0.0
2011-04-22 00:29:15-04:00,0.0
2011-04-22 00:29:18-04:00,0.0
2011-04-22 00:29:21-04:00,0.0
2011-04-22 00:29:24-04:00,0.0
2011-04-22 00:29:27-04:00,0.0
2011-04-22 00:29:30-04:00,0.0
2011-04-22 00:29:33-04:00,0.0
2011-04-22 00:29:36-04:00,0.0
2011-04-22 00:29:39-04:00,0.0
2011-04-22 00:29:42-04:00,0.0
2011-04-22 00:29:45-04:00,0.0
2011-04-22 00:29:48-04:00,0.0
2011-04-22 00:29:51-04:00,0.0
2011-04-22 00:29:54-04:00,0.0
2011-04-22 00:29:57-04:00,0.0
2011-04-22 00:30:00-04:00,0.0
2011-04-22 00:30:03-04:00,0.0
2011-04-22 00:30:06-04:00,0.0
2011-04-22 00:30:09-04:00,0.0
2011-04-22 00:30:12-04:00,0.0
2011-04-22 00:30:15-04:00,0.0
2011-04-22 00:30:18-04:00,0.0
2011-04-22 00:30:21-04:00,0.0
2011-04-22 00:30:24-04:00,0.0
2011-04-22 00:30:27-04:00,0.0
2011-04-22 00:30:30-04:00,0.0
2011-04-22 00:30:33-04:00,0.0
2011-04-22 00:30:36-04:00,0.0
2011-04-22 00:30:39-04:00,0.0
2011-04-22 00:30:42-04:00,0.0
2011-04-22 00:30:45-04:00,0.0
2011-04-22 00:30:48-04:00,0.0
2011-04-22 00:30:51-04:00,0.0
2011-04-22 00:30:54-04:00,0.0
2011-04-22 00:30:57-04:00,0.0
2011-04-22 00:31:00-04:00,0.0
2011-04-22 00:31:03-04:00,0.0
2011-04-22 00:31:06-04:00,0.0
2011-04-22 00:31:09-04:00,0.0
2011-04-22 00:31:12-04:00,0.0
2011-04-22 00:31:15-04:00,0.0
2011-04-22 00:31:18-04:00,0.0
2011-04-22 00:31:21-04:00,0.0
2011-04-22 00:31:24-04:00,0.0
2011-04-22 00:31:27-04:00,0.0
2011-04-22 00:31:30-04:00,0.0
2011-04-22 00:31:33-04:00,0.0
2011-04-22 00:31:36-04:00,0.0
2011-04-22 00:31:39-04:00,0.0
2011-04-22 00:31:42-04:00,0.0
2011-04-22 00:31:45-04:00,0.0
2011-04-22 00:31:48-04:00,0.0
2011-04-22 00:31:51-04:00,0.0
2011-04-22 00:31:54-04:00,0.0
2011-04-22 00:31:57-04:00,0.0
2011-04-22 00:32:00-04:00,0.0
2011-04-22 00:32:03-04:00,0.0
2011-04-22 00:32:06-04:00,0.0
2011-04-22 00:32:09-04:00,0.0
2011-04-22 00:32:12-04:00,0.0
2011-04-22 00:32:15-04:00,0.0
2011-04-22 00:32:18-04:00,0.0
2011-04-22 00:32:21-04:00,0.0
2011-04-22 00:32:24-04:00,0.0
2011-04-22 00:32:27-04:00,0.0
2011-04-22 00:32:30-04:00,0.0
2011-04-22 00:32:33-04:00,0.0
2011-04-22 00:32:36-04:00,0.0
2011-04-22 00:32:39-04:00,0.0
2011-04-22 00:32:42-04:00,0.0
2011-04-22 00:32:45-04:00,0.0
2011-04-22 00:32:48-04:00,0.0
2011-04-22 00:32:51-04:00,0.0
2011-04-22 00:32:54-04:00,0.0
2011-04-22 00:32:57-04:00,0.0
2011-04-22 00:33:00-04:00,0.0
2011-04-22 00:33:03-04:00,0.0
2011-04-22 00:33:06-04:00,0.0
2011-04-22 00:33:09-04:00,0.0
2011-04-22 00:33:12-04:00,0.0
2011-04-22 00:33:15-04:00,0.0
2011-04-22 00:33:18-04:00,0.0
2011-04-22 00:33:21-04:00,0.0
2011-04-22 00:33:24-04:00,0.0
2011-04-22 00:33:27-04:00,0.0
2011-04-22 00:33:30-04:00,0.0
2011-04-22 00:33:33-04:00,0.0
2011-04-22 00:33:36-04:00,0.0
2011-04-22 00:33:39-04:00,0.0
2011-04-22 00:33:42-04:00,0.0
2011-04-22 00:33:45-04:00,0.0
2011-04-22 00:33:48-04:00,0.0
2011-04-22 00:33:51-04:00,0.0
2011-04-22 00:33:54-04:00,0.0
2011-04-22 00:33:57-04:00,0.0
2011-04-22 00:34:00-04:00,0.0
2011-04-22 00:34:03-04:00,0.0
2011-04-22 00:34:06-04:00,0.0
2011-04-22 00:34:09-04:00,0.0
2011-04-22 00:34:12-04:00,0.0
2011-04-22 00:34:15-04:00,0.0
2011-04-22 00:34:18-04:00,0.0
2011-04-22 00:34:21-04:00,0.0
2011-04-22 00:34:24-04:00,0.0
2011-04-22 00:34:27-04:00,0.0
2011-04-22 00:34:30-04:00,0.0
2011-04-22 00:34:33-04:00,0.0
2011-04-22 00:34:36-04:00,0.0
2011-04-22 00:34:39-04:00,0.0
2011-04-22 00:34:42-04:00,0.0
2011-04-22 00:34:45-04:00,0.0
2011-04-22 00:34:48-04:00,0.0
2011-04-22 00:34:51-04:00,0.0
2011-04-22 00:34:54-04:00,0.0
2011-04-22 00:34:57-04:00,0.0
2011-04-22 00:35:00-04:00,0.0
2011-04-22 00:35:03-04:00,0.0
2011-04-22 00:35:06-04:00,0.0
2011-04-22 00:35:09-04:00,0.0
2011-04-22 00:35:12-04:00,0.0
2011-04-22 00:35:15-04:00,0.0
2011-04-22 00:35:18-04:00,0.0
2011-04-22 00:35:21-04:00,0.0
2011-04-22 00:35:24-04:00,0.0
2011-04-22 00:35:27-04:00,0.0
2011-04-22 00:35:30-04:00,0.0
2011-04-22 00:35:33-04:00,0.0
2011-04-22 00:35:36-04:00,0.0
2011-04-22 00:35:39-04:00,0.0
2011-04-22 00:35:42-04:00,0.0
2011-04-22 00:35:45-04:00,0.0
2011-04-22 00:35:48-04:00,0.0
2011-04-22 00:35:51-04:00,0.0
2011-04-22 00:35:54-04:00,0.0
2011-04-22 00:35:57-04:00,0.0
2011-04-22 00:36:00-04:00,0.0
2011-04-22 00:36:03-04:00,0.0
2011-04-22 00:36:06-04:00,0.0
2011-04-22 00:36:09-04:00,0.0
2011-04-22 00:36:12-04:00,0.0
2011-04-22 00:36:15-04:00,0.0
2011-04-22 00:36:18-04:00,0.0
2011-04-22 00:36:21-04:00,0.0
2011-04-22 00:36:24-04:00,0.0
2011-04-22 00:36:27-04:00,0.0
2011-04-22 00:36:30-04:00,0.0
2011-04-22 00:36:33-04:00,0.0
2011-04-22 00:36:36-04:00,0.0
2011-04-22 00:36:39-04:00,0.0
2011-04-22 00:36:42-04:00,0.0
2011-04-22 00:36:45-04:00,0.0
2011-04-22 00:36:48-04:00,0.0
2011-04-22 00:36:51-04:00,0.0
2011-04-22 00:36:54-04:00,0.0
2011-04-22 00:36:57-04:00,0.0
2011-04-22 00:37:00-04:00,0.0
2011-04-22 00:37:03-04:00,0.0
2011-04-22 00:37:06-04:00,0.0
2011-04-22 00:37:09-04:00,0.0
2011-04-22 00:37:12-04:00,0.0
2011-04-22 00:37:15-04:00,0.0
2011-04-22 00:37:18-04:00,0.0
2011-04-22 00:37:21-04:00,0.0
2011-04-22 00:37:24-04:00,0.0
2011-04-22 00:37:27-04:00,0.0
2011-04-22 00:37:30-04:00,0.0
2011-04-22 00:37:33-04:00,0.0
2011-04-22 00:37:36-04:00,0.0
2011-04-22 00:37:39-04:00,0.0
2011-04-22 00:37:42-04:00,0.0
2011-04-22 00:37:45-04:00,0.0
2011-04-22 00:37:48-04:00,0.0
2011-04-22 00:37:51-04:00,0.0
2011-04-22 00:37:54-04:00,0.0
2011-04-22 00:37:57-04:00,0.0
2011-04-22 00:38:00-04:00,0.0
2011-04-22 00:38:03-04:00,0.0
2011-04-22 00:38:06-04:00,0.0
2011-04-22 00:38:09-04:00,0.0
2011-04-22 00:38:12-04:00,0.0
2011-04-22 00:38:15-04:00,0.0
2011-04-22 00:38:18-04:00,0.0
2011-04-22 00:38:21-04:00,0.0
2011-04-22 00:38:24-04:00,0.0
2011-04-22 00:38:27-04:00,0.0
2011-04-22 00:38:30-04:00,0.0
2011-04-22 00:38:33-04:00,0.0
2011-04-22 00:38:36-04:00,0.0
2011-04-22 00:38:39-04:00,0.0
2011-04-22 00:38:42-04:00,0.0
2011-04-22 00:38:45-04:00,0.0
2011-04-22 00:38:48-04:00,0.0
2011-04-22 00:38:51-04:00,0.0
2011-04-22 00:38:54-04:00,0.0
2011-04-22 00:38:57-04:00,0.0
2011-04-22 00:39:00-04:00,0.0
2011-04-22 00:39:03-04:00,0.0
2011-04-22 00:39:06-04:00,0.0
2011-04-22 00:39:09-04:00,0.0
2011-04-22 00:39:12-04:00,0.0
2011-04-22 00:39:15-04:00,0.0
2011-04-22 00:39:18-04:00,0.0
2011-04-22 00:39:21-04:00,0.0
2011-04-22 00:39:24-04:00,0.0
2011-04-22 00:39:27-04:00,0.0
2011-04-22 00:39:30-04:00,0.0
2011-04-22 00:39:33-04:00,0.0
2011-04-22 00:39:36-04:00,0.0
2011-04-22 00:39:39-04:00,0.0
2011-04-22 00:39:42-04:00,0.0
2011-04-22 00:39:45-04:00,0.0
2011-04-22 00:39:48-04:00,0.0
2011-04-22 00:39:51-04:00,0.0
2011-04-22 00:39:54-04:00,0.0
2011-04-22 00:39:57-04:00,0.0
2011-04-22 00:40:00-04:00,0.0
2011-04-22 00:40:03-04:00,0.0
2011-04-22 00:40:06-04:00,0.0
2011-04-22 00:40:09-04:00,0.0
2011-04-22 00:40:12-04:00,0.0
2011-04-22 00:40:15-04:00,0.0
2011-04-22 00:40:18-04:00,0.0
2011-04-22 00:40:21-04:00,0.0
2011-04-22 00:40:24-04:00,0.0
2011-04-22 00:40:27-04:00,0.0
2011-04-22 00:40:30-04:00,0.0
2011-04-22 00:40:33-04:00,0.0
2011-04-22 00:40:36-04:00,0.0
2011-04-22 00:40:39-04:00,0.0
2011-04-22 00:40:42-04:00,0.0
2011-04-22 00:40:45-04:00,0.0
2011-04-22 00:40:48-04:00,0.0
2011-04-22 00:40:51-04:00,0.0
2011-04-22 00:40:54-04:00,0.0
2011-04-22 00:40:57-04:00,0.0
2011-04-22 00:41:00-04:00,0.0
2011-04-22 00:41:03-04:00,0.0
2011-04-22 00:41:06-04:00,0.0
2011-04-22 00:41:09-04:00,0.0
2011-04-22 00:41:12-04:00,0.0
2011-04-22 00:41:15-04:00,0.0
2011-04-22 00:41:18-04:00,0.0
2011-04-22 00:41:21-04:00,0.0
2011-04-22 00:41:24-04:00,0.0
2011-04-22 00:41:27-04:00,0.0
2011-04-22 00:41:30-04:00,0.0
2011-04-22 00:41:33-04:00,0.0
2011-04-22 00:41:36-04:00,0.0
2011-04-22 00:41:39-04:00,0.0
2011-04-22 00:41:42-04:00,0.0
2011-04-22 00:41:45-04:00,0.0
2011-04-22 00:41:48-04:00,0.0
2011-04-22 00:41:51-04:00,0.0
2011-04-22 00:41:54-04:00,0.0
2011-04-22 00:41:57-04:00,0.0
2011-04-22 00:42:00-04:00,0.0
2011-04-22 00:42:03-04:00,0.0
2011-04-22 00:42:06-04:00,0.0
2011-04-22 00:42:09-04:00,0.0
2011-04-22 00:42:12-04:00,0.0
2011-04-22 00:42:15-04:00,0.0
2011-04-22 00:42:18-04:00,0.0
2011-04-22 00:42:21-04:00,0.0
2011-04-22 00:42:24-04:00,0.0
2011-04-22 00:42:27-04:00,0.0
2011-04-22 00:42:30-04:00,0.0
2011-04-22 00:42:33-04:00,0.0
2011-04-22 00:42:36-04:00,0.0
2011-04-22 00:42:39-04:00,0.0
2011-04-22 00:42:42-04:00,0.0
2011-04-22 00:42:45-04:00,0.0
2011-04-22 00:42:48-04:00,0.0
2011-04-22 00:42:51-04:00,0.0
2011-04-22 00:42:54-04:00,0.0
2011-04-22 00:42:57-04:00,0.0
2011-04-22 00:43:00-04:00,0.0
2011-04-22 00:43:03-04:00,0.0
2011-04-22 00:43:06-04:00,0.0
2011-04-22 00:43:09-04:00,0.0
2011-04-22 00:43:12-04:00,0.0
2011-04-22 00:43:15-04:00,0.0
2011-04-22 00:43:18-04:00,0.0
2011-04-22 00:43:21-04:00,0.0
2011-04-22 00:43:24-04:00,0.0
2011-04-22 00:43:27-04:00,0.0
2011-04-22 00:43:30-04:00,0.0
2011-04-22 00:43:33-04:00,0.0
2011-04-22 00:43:36-04:00,0.0
2011-04-22 00:43:39-04:00,0.0
2011-04-22 00:43:42-04:00,0.0
2011-04-22 00:43:45-04:00,0.0
2011-04-22 00:43:48-04:00,0.0
2011-04-22 00:43:51-04:00,0.0
2011-04-22 00:43:54-04:00,0.0
2011-04-22 00:43:57-04:00,0.0
2011-04-22 00:44:00-04:00,0.0
2011-04-22 00:44:03-04:00,0.0
2011-04-22 00:44:06-04:00,0.0
2011-04-22 00:44:09-04:00,0.0
2011-04-22 00:44:12-04:00,0.0
2011-04-22 00:44:15-04:00,0.0
2011-04-22 00:44:18-04:00,0.0
2011-04-22 00:44:21-04:00,0.0
2011-04-22 00:44:24-04:00,0.0
2011-04-22 00:44:27-04:00,0.0
2011-04-22 00:44:30-04:00,0.0
2011-04-22 00:44:33-04:00,0.0
2011-04-22 00:44:36-04:00,0.0
2011-04-22 00:44:39-04:00,0.0
2011-04-22 00:44:42-04:00,0.0
2011-04-22 00:44:45-04:00,0.0
2011-04-22 00:44:48-04:00,0.0
2011-04-22 00:44:51-04:00,0.0
2011-04-22 00:44:54-04:00,0.0
2011-04-22 00:44:57-04:00,0.0
2011-04-22 00:45:00-04:00,0.0
2011-04-22 00:45:03-04:00,0.0
2011-04-22 00:45:06-04:00,0.0
2011-04-22 00:45:09-04:00,0.0
2011-04-22 00:45:12-04:00,0.0
2011-04-22 00:45:15-04:00,0.0
2011-04-22 00:45:18-04:00,0.0
2011-04-22 00:45:21-04:00,0.0
2011-04-22 00:45:24-04:00,0.0
2011-04-22 00:45:27-04:00,0.0
2011-04-22 00:45:30-04:00,0.0
2011-04-22 00:45:33-04:00,0.0
2011-04-22 00:45:36-04:00,0.0
2011-04-22 00:45:39-04:00,0.0
2011-04-22 00:45:42-04:00,0.0
2011-04-22 00:45:45-04:00,0.0
2011-04-22 00:45:48-04:00,0.0
2011-04-22 00:45:51-04:00,0.0
2011-04-22 00:45:54-04:00,0.0
2011-04-22 00:45:57-04:00,0.0
2011-04-22 00:46:00-04:00,0.0
2011-04-22 00:46:03-04:00,0.0
2011-04-22 00:46:06-04:00,0.0
2011-04-22 00:46:09-04:00,0.0
2011-04-22 00:46:12-04:00,0.0
2011-04-22 00:46:15-04:00,0.0
2011-04-22 00:46:18-04:00,0.0
2011-04-22 00:46:21-04:00,0.0
2011-04-22 00:46:24-04:00,0.0
2011-04-22 00:46:27-04:00,0.0
2011-04-22 00:46:30-04:00,0.0
2011-04-22 00:46:33-04:00,0.0
2011-04-22 00:46:36-04:00,0.0
2011-04-22 00:46:39-04:00,0.0
2011-04-22 00:46:42-04:00,0.0
2011-04-22 00:46:45-04:00,0.0
2011-04-22 00:46:48-04:00,0.0
2011-04-22 00:46:51-04:00,0.0
2011-04-22 00:46:54-04:00,0.0
2011-04-22 00:46:57-04:00,0.0
2011-04-22 00:47:00-04:00,0.0
2011-04-22 00:47:03-04:00,0.0
2011-04-22 00:47:06-04:00,0.0
2011-04-22 00:47:09-04:00,0.0
2011-04-22 00:47:12-04:00,0.0
2011-04-22 00:47:15-04:00,0.0
2011-04-22 00:47:18-04:00,0.0
2011-04-22 00:47:21-04:00,0.0
2011-04-22 00:47:24-04:00,0.0
2011-04-22 00:47:27-04:00,0.0
2011-04-22 00:47:30-04:00,0.0
2011-04-22 00:47:33-04:00,0.0
2011-04-22 00:47:36-04:00,0.0
2011-04-22 00:47:39-04:00,0.0
2011-04-22 00:47:42-04:00,0.0
2011-04-22 00:47:45-04:00,0.0
2011-04-22 00:47:48-04:00,0.0
2011-04-22 00:47:51-04:00,0.0
2011-04-22 00:47:54-04:00,0.0
2011-04-22 00:47:57-04:00,0.0
2011-04-22 00:48:00-04:00,0.0
2011-04-22 00:48:03-04:00,0.0
2011-04-22 00:48:06-04:00,0.0
2011-04-22 00:48:09-04:00,0.0
2011-04-22 00:48:12-04:00,0.0
2011-04-22 00:48:15-04:00,0.0
2011-04-22 00:48:18-04:00,0.0
2011-04-22 00:48:21-04:00,0.0
2011-04-22 00:48:24-04:00,0.0
2011-04-22 00:48:27-04:00,0.0
2011-04-22 00:48:30-04:00,0.0
2011-04-22 00:48:33-04:00,0.0
2011-04-22 00:48:36-04:00,0.0
2011-04-22 00:48:39-04:00,0.0
2011-04-22 00:48:42-04:00,0.0
2011-04-22 00:48:45-04:00,0.0
2011-04-22 00:48:48-04:00,0.0
2011-04-22 00:48:51-04:00,0.0
2011-04-22 00:48:54-04:00,0.0
2011-04-22 00:48:57-04:00,0.0
2011-04-22 00:49:00-04:00,0.0
2011-04-22 00:49:03-04:00,0.0
2011-04-22 00:49:06-04:00,0.0
2011-04-22 00:49:09-04:00,0.0
2011-04-22 00:49:12-04:00,0.0
2011-04-22 00:49:15-04:00,0.0
2011-04-22 00:49:18-04:00,0.0
2011-04-22 00:49:21-04:00,0.0
2011-04-22 00:49:24-04:00,0.0
2011-04-22 00:49:27-04:00,0.0
2011-04-22 00:49:30-04:00,0.0
2011-04-22 00:49:33-04:00,0.0
2011-04-22 00:49:36-04:00,0.0
2011-04-22 00:49:39-04:00,0.0
2011-04-22 00:49:42-04:00,0.0
2011-04-22 00:49:45-04:00,0.0
2011-04-22 00:49:48-04:00,0.0
2011-04-22 00:49:51-04:00,0.0
2011-04-22 00:49:54-04:00,0.0
2011-04-22 00:49:57-04:00,0.0
2011-04-22 00:50:00-04:00,0.0
2011-04-22 00:50:03-04:00,0.0
2011-04-22 00:50:06-04:00,0.0
2011-04-22 00:50:09-04:00,0.0
2011-04-22 00:50:12-04:00,0.0
2011-04-22 00:50:15-04:00,0.0
2011-04-22 00:50:18-04:00,0.0
2011-04-22 00:50:21-04:00,0.0
2011-04-22 00:50:24-04:00,0.0
2011-04-22 00:50:27-04:00,0.0
2011-04-22 00:50:30-04:00,0.0
2011-04-22 00:50:33-04:00,0.0
2011-04-22 00:50:36-04:00,0.0
2011-04-22 00:50:39-04:00,0.0
2011-04-22 00:50:42-04:00,0.0
2011-04-22 00:50:45-04:00,0.0
2011-04-22 00:50:48-04:00,0.0
2011-04-22 00:50:51-04:00,0.0
2011-04-22 00:50:54-04:00,0.0
2011-04-22 00:50:57-04:00,0.0
2011-04-22 00:51:00-04:00,0.0
2011-04-22 00:51:03-04:00,0.0
2011-04-22 00:51:06-04:00,0.0
2011-04-22 00:51:09-04:00,0.0
2011-04-22 00:51:12-04:00,0.0
2011-04-22 00:51:15-04:00,0.0
2011-04-22 00:51:18-04:00,0.0
2011-04-22 00:51:21-04:00,0.0
2011-04-22 00:51:24-04:00,0.0
2011-04-22 00:51:27-04:00,0.0
2011-04-22 00:51:30-04:00,0.0
2011-04-22 00:51:33-04:00,0.0
2011-04-22 00:51:36-04:00,0.0
2011-04-22 00:51:39-04:00,0.0
2011-04-22 00:51:42-04:00,0.0
2011-04-22 00:51:45-04:00,0.0
2011-04-22 00:51:48-04:00,0.0
2011-04-22 00:51:51-04:00,0.0
2011-04-22 00:51:54-04:00,0.0
2011-04-22 00:51:57-04:00,0.0
2011-04-22 00:52:00-04:00,0.0
2011-04-22 00:52:03-04:00,0.0
2011-04-22 00:52:06-04:00,0.0
2011-04-22 00:52:09-04:00,0.0
2011-04-22 00:52:12-04:00,0.0
2011-04-22 00:52:15-04:00,0.0
2011-04-22 00:52:18-04:00,0.0
2011-04-22 00:52:21-04:00,0.0
2011-04-22 00:52:24-04:00,0.0
2011-04-22 00:52:27-04:00,0.0
2011-04-22 00:52:30-04:00,0.0
2011-04-22 00:52:33-04:00,0.0
2011-04-22 00:52:36-04:00,0.0
2011-04-22 00:52:39-04:00,0.0
2011-04-22 00:52:42-04:00,0.0
2011-04-22 00:52:45-04:00,0.0
2011-04-22 00:52:48-04:00,0.0
2011-04-22 00:52:51-04:00,0.0
2011-04-22 00:52:54-04:00,0.0
2011-04-22 00:52:57-04:00,0.0
2011-04-22 00:53:00-04:00,0.0
2011-04-22 00:53:03-04:00,0.0
2011-04-22 00:53:06-04:00,0.0
2011-04-22 00:53:09-04:00,0.0
2011-04-22 00:53:12-04:00,0.0
2011-04-22 00:53:15-04:00,0.0
2011-04-22 00:53:18-04:00,0.0
2011-04-22 00:53:21-04:00,0.0
2011-04-22 00:53:24-04:00,0.0
2011-04-22 00:53:27-04:00,0.0
2011-04-22 00:53:30-04:00,0.0
2011-04-22 00:53:33-04:00,0.0
2011-04-22 00:53:36-04:00,0.0
2011-04-22 00:53:39-04:00,0.0
2011-04-22 00:53:42-04:00,0.0
2011-04-22 00:53:45-04:00,0.0
2011-04-22 00:53:48-04:00,0.0
2011-04-22 00:53:51-04:00,0.0
2011-04-22 00:53:54-04:00,0.0
2011-04-22 00:53:57-04:00,0.0
2011-04-22 00:54:00-04:00,0.0
2011-04-22 00:54:03-04:00,0.0
2011-04-22 00:54:06-04:00,0.0
2011-04-22 00:54:09-04:00,0.0
2011-04-22 00:54:12-04:00,0.0
2011-04-22 00:54:15-04:00,0.0
2011-04-22 00:54:18-04:00,0.0
2011-04-22 00:54:21-04:00,0.0
2011-04-22 00:54:24-04:00,0.0
2011-04-22 00:54:27-04:00,0.0
2011-04-22 00:54:30-04:00,0.0
2011-04-22 00:54:33-04:00,0.0
2011-04-22 00:54:36-04:00,0.0
2011-04-22 00:54:39-04:00,0.0
2011-04-22 00:54:42-04:00,0.0
2011-04-22 00:54:45-04:00,0.0
2011-04-22 00:54:48-04:00,0.0
2011-04-22 00:54:51-04:00,0.0
2011-04-22 00:54:54-04:00,0.0
2011-04-22 00:54:57-04:00,0.0
2011-04-22 00:55:00-04:00,0.0
2011-04-22 00:55:03-04:00,0.0
2011-04-22 00:55:06-04:00,0.0
2011-04-22 00:55:09-04:00,0.0
2011-04-22 00:55:12-04:00,0.0
2011-04-22 00:55:15-04:00,0.0
2011-04-22 00:55:18-04:00,0.0
2011-04-22 00:55:21-04:00,0.0
2011-04-22 00:55:24-04:00,0.0
2011-04-22 00:55:27-04:00,0.0
2011-04-22 00:55:30-04:00,0.0
2011-04-22 00:55:33-04:00,0.0
2011-04-22 00:55:36-04:00,0.0
2011-04-22 00:55:39-04:00,0.0
2011-04-22 00:55:42-04:00,0.0
2011-04-22 00:55:45-04:00,0.0
2011-04-22 00:55:48-04:00,0.0
2011-04-22 00:55:51-04:00,0.0
2011-04-22 00:55:54-04:00,0.0
2011-04-22 00:55:57-04:00,0.0
2011-04-22 00:56:00-04:00,0.0
2011-04-22 00:56:03-04:00,0.0
2011-04-22 00:56:06-04:00,0.0
2011-04-22 00:56:09-04:00,0.0
2011-04-22 00:56:12-04:00,0.0
2011-04-22 00:56:15-04:00,0.0
2011-04-22 00:56:18-04:00,0.0
2011-04-22 00:56:21-04:00,0.0
2011-04-22 00:56:24-04:00,0.0
2011-04-22 00:56:27-04:00,0.0
2011-04-22 00:56:30-04:00,0.0
2011-04-22 00:56:33-04:00,0.0
2011-04-22 00:56:36-04:00,0.0
2011-04-22 00:56:39-04:00,0.0
2011-04-22 00:56:42-04:00,0.0
2011-04-22 00:56:45-04:00,0.0
2011-04-22 00:56:48-04:00,0.0
2011-04-22 00:56:51-04:00,0.0
2011-04-22 00:56:54-04:00,0.0
2011-04-22 00:56:57-04:00,0.0
2011-04-22 00:57:00-04:00,0.0
2011-04-22 00:57:03-04:00,0.0
2011-04-22 00:57:06-04:00,0.0
2011-04-22 00:57:09-04:00,0.0
2011-04-22 00:57:12-04:00,0.0
2011-04-22 00:57:15-04:00,0.0
2011-04-22 00:57:18-04:00,0.0
2011-04-22 00:57:21-04:00,0.0
2011-04-22 00:57:24-04:00,0.0
2011-04-22 00:57:27-04:00,0.0
2011-04-22 00:57:30-04:00,0.0
2011-04-22 00:57:33-04:00,0.0
2011-04-22 00:57:36-04:00,0.0
2011-04-22 00:57:39-04:00,0.0
2011-04-22 00:57:42-04:00,0.0
2011-04-22 00:57:45-04:00,0.0
2011-04-22 00:57:48-04:00,0.0
2011-04-22 00:57:51-04:00,0.0
2011-04-22 00:57:54-04:00,0.0
2011-04-22 00:57:57-04:00,0.0
2011-04-22 00:58:00-04:00,0.0
2011-04-22 00:58:03-04:00,0.0
2011-04-22 00:58:06-04:00,0.0
2011-04-22 00:58:09-04:00,0.0
2011-04-22 00:58:12-04:00,0.0
2011-04-22 00:58:15-04:00,0.0
2011-04-22 00:58:18-04:00,0.0
2011-04-22 00:58:21-04:00,0.0
2011-04-22 00:58:24-04:00,0.0
2011-04-22 00:58:27-04:00,0.0
2011-04-22 00:58:30-04:00,0.0
2011-04-22 00:58:33-04:00,0.0
2011-04-22 00:58:36-04:00,0.0
2011-04-22 00:58:39-04:00,0.0
2011-04-22 00:58:42-04:00,0.0
2011-04-22 00:58:45-04:00,0.0
2011-04-22 00:58:48-04:00,0.0
2011-04-22 00:58:51-04:00,0.0
2011-04-22 00:58:54-04:00,0.0
2011-04-22 00:58:57-04:00,0.0
2011-04-22 00:59:00-04:00,0.0
2011-04-22 00:59:03-04:00,0.0
2011-04-22 00:59:06-04:00,0.0
2011-04-22 00:59:09-04:00,0.0
2011-04-22 00:59:12-04:00,0.0
2011-04-22 00:59:15-04:00,0.0
2011-04-22 00:59:18-04:00,0.0
2011-04-22 00:59:21-04:00,0.0
2011-04-22 00:59:24-04:00,0.0
2011-04-22 00:59:27-04:00,0.0
2011-04-22 00:59:30-04:00,0.0
2011-04-22 00:59:33-04:00,0.0
2011-04-22 00:59:36-04:00,0.0
2011-04-22 00:59:39-04:00,0.0
2011-04-22 00:59:42-04:00,0.0
2011-04-22 00:59:45-04:00,0.0
2011-04-22 00:59:48-04:00,0.0
2011-04-22 00:59:51-04:00,0.0
2011-04-22 00:59:54-04:00,0.0
2011-04-22 00:59:57-04:00,0.0
2011-04-22 01:00:00-04:00,0.0
2011-04-22 01:00:03-04:00,0.0
2011-04-22 01:00:06-04:00,0.0
2011-04-22 01:00:09-04:00,0.0
2011-04-22 01:00:12-04:00,0.0
2011-04-22 01:00:15-04:00,0.0
2011-04-22 01:00:18-04:00,0.0
2011-04-22 01:00:21-04:00,0.0
2011-04-22 01:00:24-04:00,0.0
2011-04-22 01:00:27-04:00,0.0
2011-04-22 01:00:30-04:00,0.0
2011-04-22 01:00:33-04:00,0.0
2011-04-22 01:00:36-04:00,0.0
2011-04-22 01:00:39-04:00,0.0
2011-04-22 01:00:42-04:00,0.0
2011-04-22 01:00:45-04:00,0.0
2011-04-22 01:00:48-04:00,0.0
2011-04-22 01:00:51-04:00,0.0
2011-04-22 01:00:54-04:00,0.0
2011-04-22 01:00:57-04:00,0.0
2011-04-22 01:01:00-04:00,0.0
2011-04-22 01:01:03-04:00,0.0
2011-04-22 01:01:06-04:00,0.0
2011-04-22 01:01:09-04:00,0.0
2011-04-22 01:01:12-04:00,0.0
2011-04-22 01:01:15-04:00,0.0
2011-04-22 01:01:18-04:00,0.0
2011-04-22 01:01:21-04:00,0.0
2011-04-22 01:01:24-04:00,0.0
2011-04-22 01:01:27-04:00,0.0
2011-04-22 01:01:30-04:00,0.0
2011-04-22 01:01:33-04:00,0.0
2011-04-22 01:01:36-04:00,0.0
2011-04-22 01:01:39-04:00,0.0
2011-04-22 01:01:42-04:00,0.0
2011-04-22 01:01:45-04:00,0.0
2011-04-22 01:01:48-04:00,0.0
2011-04-22 01:01:51-04:00,0.0
2011-04-22 01:01:54-04:00,0.0
2011-04-22 01:01:57-04:00,0.0
2011-04-22 01:02:00-04:00,0.0
2011-04-22 01:02:03-04:00,0.0
2011-04-22 01:02:06-04:00,0.0
2011-04-22 01:02:09-04:00,0.0
2011-04-22 01:02:12-04:00,0.0
2011-04-22 01:02:15-04:00,0.0
2011-04-22 01:02:18-04:00,0.0
2011-04-22 01:02:21-04:00,0.0
2011-04-22 01:02:24-04:00,0.0
2011-04-22 01:02:27-04:00,0.0
2011-04-22 01:02:30-04:00,0.0
2011-04-22 01:02:33-04:00,0.0
2011-04-22 01:02:36-04:00,0.0
2011-04-22 01:02:39-04:00,0.0
2011-04-22 01:02:42-04:00,0.0
2011-04-22 01:02:45-04:00,0.0
2011-04-22 01:02:48-04:00,0.0
2011-04-22 01:02:51-04:00,0.0
2011-04-22 01:02:54-04:00,0.0
2011-04-22 01:02:57-04:00,0.0
2011-04-22 01:03:00-04:00,0.0
2011-04-22 01:03:03-04:00,0.0
2011-04-22 01:03:06-04:00,0.0
2011-04-22 01:03:09-04:00,0.0
2011-04-22 01:03:12-04:00,0.0
2011-04-22 01:03:15-04:00,0.0
2011-04-22 01:03:18-04:00,0.0
2011-04-22 01:03:21-04:00,0.0
2011-04-22 01:03:24-04:00,0.0
2011-04-22 01:03:27-04:00,0.0
2011-04-22 01:03:30-04:00,0.0
2011-04-22 01:03:33-04:00,0.0
2011-04-22 01:03:36-04:00,0.0
2011-04-22 01:03:39-04:00,0.0
2011-04-22 01:03:42-04:00,0.0
2011-04-22 01:03:45-04:00,0.0
2011-04-22 01:03:48-04:00,0.0
2011-04-22 01:03:51-04:00,0.0
2011-04-22 01:03:54-04:00,0.0
2011-04-22 01:03:57-04:00,0.0
2011-04-22 01:04:00-04:00,0.0
2011-04-22 01:04:03-04:00,0.0
2011-04-22 01:04:06-04:00,0.0
2011-04-22 01:04:09-04:00,0.0
2011-04-22 01:04:12-04:00,0.0
2011-04-22 01:04:15-04:00,0.0
2011-04-22 01:04:18-04:00,0.0
2011-04-22 01:04:21-04:00,0.0
2011-04-22 01:04:24-04:00,0.0
2011-04-22 01:04:27-04:00,0.0
2011-04-22 01:04:30-04:00,0.0
2011-04-22 01:04:33-04:00,0.0
2011-04-22 01:04:36-04:00,0.0
2011-04-22 01:04:39-04:00,0.0
2011-04-22 01:04:42-04:00,0.0
2011-04-22 01:04:45-04:00,0.0
2011-04-22 01:04:48-04:00,0.0
2011-04-22 01:04:51-04:00,0.0
2011-04-22 01:04:54-04:00,0.0
2011-04-22 01:04:57-04:00,0.0
2011-04-22 01:05:00-04:00,0.0
2011-04-22 01:05:03-04:00,0.0
2011-04-22 01:05:06-04:00,0.0
2011-04-22 01:05:09-04:00,0.0
2011-04-22 01:05:12-04:00,0.0
2011-04-22 01:05:15-04:00,0.0
2011-04-22 01:05:18-04:00,0.0
2011-04-22 01:05:21-04:00,0.0
2011-04-22 01:05:24-04:00,0.0
2011-04-22 01:05:27-04:00,0.0
2011-04-22 01:05:30-04:00,0.0
2011-04-22 01:05:33-04:00,0.0
2011-04-22 01:05:36-04:00,0.0
2011-04-22 01:05:39-04:00,0.0
2011-04-22 01:05:42-04:00,0.0
2011-04-22 01:05:45-04:00,0.0
2011-04-22 01:05:48-04:00,0.0
2011-04-22 01:05:51-04:00,0.0
2011-04-22 01:05:54-04:00,0.0
2011-04-22 01:05:57-04:00,0.0
2011-04-22 01:06:00-04:00,0.0
2011-04-22 01:06:03-04:00,0.0
2011-04-22 01:06:06-04:00,0.0
2011-04-22 01:06:09-04:00,0.0
2011-04-22 01:06:12-04:00,0.0
2011-04-22 01:06:15-04:00,0.0
2011-04-22 01:06:18-04:00,0.0
2011-04-22 01:06:21-04:00,0.0
2011-04-22 01:06:24-04:00,0.0
2011-04-22 01:06:27-04:00,0.0
2011-04-22 01:06:30-04:00,0.0
2011-04-22 01:06:33-04:00,0.0
2011-04-22 01:06:36-04:00,0.0
2011-04-22 01:06:39-04:00,0.0
2011-04-22 01:06:42-04:00,0.0
2011-04-22 01:06:45-04:00,0.0
2011-04-22 01:06:48-04:00,0.0
2011-04-22 01:06:51-04:00,0.0
2011-04-22 01:06:54-04:00,0.0
2011-04-22 01:06:57-04:00,0.0
2011-04-22 01:07:00-04:00,0.0
2011-04-22 01:07:03-04:00,0.0
2011-04-22 01:07:06-04:00,0.0
2011-04-22 01:07:09-04:00,0.0
2011-04-22 01:07:12-04:00,0.0
2011-04-22 01:07:15-04:00,0.0
2011-04-22 01:07:18-04:00,0.0
2011-04-22 01:07:21-04:00,0.0
2011-04-22 01:07:24-04:00,0.0
2011-04-22 01:07:27-04:00,0.0
2011-04-22 01:07:30-04:00,0.0
2011-04-22 01:07:33-04:00,0.0
2011-04-22 01:07:36-04:00,0.0
2011-04-22 01:07:39-04:00,0.0
2011-04-22 01:07:42-04:00,0.0
2011-04-22 01:07:45-04:00,0.0
2011-04-22 01:07:48-04:00,0.0
2011-04-22 01:07:51-04:00,0.0
2011-04-22 01:07:54-04:00,0.0
2011-04-22 01:07:57-04:00,0.0
2011-04-22 01:08:00-04:00,0.0
2011-04-22 01:08:03-04:00,0.0
2011-04-22 01:08:06-04:00,0.0
2011-04-22 01:08:09-04:00,0.0
2011-04-22 01:08:12-04:00,0.0
2011-04-22 01:08:15-04:00,0.0
2011-04-22 01:08:18-04:00,0.0
2011-04-22 01:08:21-04:00,0.0
2011-04-22 01:08:24-04:00,0.0
2011-04-22 01:08:27-04:00,0.0
2011-04-22 01:08:30-04:00,0.0
2011-04-22 01:08:33-04:00,0.0
2011-04-22 01:08:36-04:00,0.0
2011-04-22 01:08:39-04:00,0.0
2011-04-22 01:08:42-04:00,0.0
2011-04-22 01:08:45-04:00,0.0
2011-04-22 01:08:48-04:00,0.0
2011-04-22 01:08:51-04:00,0.0
2011-04-22 01:08:54-04:00,0.0
2011-04-22 01:08:57-04:00,0.0
2011-04-22 01:09:00-04:00,0.0
2011-04-22 01:09:03-04:00,0.0
2011-04-22 01:09:06-04:00,0.0
2011-04-22 01:09:09-04:00,0.0
2011-04-22 01:09:12-04:00,0.0
2011-04-22 01:09:15-04:00,0.0
2011-04-22 01:09:18-04:00,0.0
2011-04-22 01:09:21-04:00,0.0
2011-04-22 01:09:24-04:00,0.0
2011-04-22 01:09:27-04:00,0.0
2011-04-22 01:09:30-04:00,0.0
2011-04-22 01:09:33-04:00,0.0
2011-04-22 01:09:36-04:00,0.0
2011-04-22 01:09:39-04:00,0.0
2011-04-22 01:09:42-04:00,0.0
2011-04-22 01:09:45-04:00,0.0
2011-04-22 01:09:48-04:00,0.0
2011-04-22 01:09:51-04:00,0.0
2011-04-22 01:09:54-04:00,0.0
2011-04-22 01:09:57-04:00,0.0
2011-04-22 01:10:00-04:00,0.0
2011-04-22 01:10:03-04:00,0.0
2011-04-22 01:10:06-04:00,0.0
2011-04-22 01:10:09-04:00,0.0
2011-04-22 01:10:12-04:00,0.0
2011-04-22 01:10:15-04:00,0.0
2011-04-22 01:10:18-04:00,0.0
2011-04-22 01:10:21-04:00,0.0
2011-04-22 01:10:24-04:00,0.0
2011-04-22 01:10:27-04:00,0.0
2011-04-22 01:10:30-04:00,0.0
2011-04-22 01:10:33-04:00,0.0
2011-04-22 01:10:36-04:00,0.0
2011-04-22 01:10:39-04:00,0.0
2011-04-22 01:10:42-04:00,0.0
2011-04-22 01:10:45-04:00,0.0
2011-04-22 01:10:48-04:00,0.0
2011-04-22 01:10:51-04:00,0.0
2011-04-22 01:10:54-04:00,0.0
2011-04-22 01:10:57-04:00,0.0
2011-04-22 01:11:00-04:00,0.0
2011-04-22 01:11:03-04:00,0.0
2011-04-22 01:11:06-04:00,0.0
2011-04-22 01:11:09-04:00,0.0
2011-04-22 01:11:12-04:00,0.0
2011-04-22 01:11:15-04:00,0.0
2011-04-22 01:11:18-04:00,0.0
2011-04-22 01:11:21-04:00,0.0
2011-04-22 01:11:24-04:00,0.0
2011-04-22 01:11:27-04:00,0.0
2011-04-22 01:11:30-04:00,0.0
2011-04-22 01:11:33-04:00,0.0
2011-04-22 01:11:36-04:00,0.0
2011-04-22 01:11:39-04:00,0.0
2011-04-22 01:11:42-04:00,0.0
2011-04-22 01:11:45-04:00,0.0
2011-04-22 01:11:48-04:00,0.0
2011-04-22 01:11:51-04:00,0.0
2011-04-22 01:11:54-04:00,0.0
2011-04-22 01:11:57-04:00,0.0
2011-04-22 01:12:00-04:00,0.0
2011-04-22 01:12:03-04:00,0.0
2011-04-22 01:12:06-04:00,0.0
2011-04-22 01:12:09-04:00,0.0
2011-04-22 01:12:12-04:00,0.0
2011-04-22 01:12:15-04:00,0.0
2011-04-22 01:12:18-04:00,0.0
2011-04-22 01:12:21-04:00,0.0
2011-04-22 01:12:24-04:00,0.0
2011-04-22 01:12:27-04:00,0.0
2011-04-22 01:12:30-04:00,0.0
2011-04-22 01:12:33-04:00,0.0
2011-04-22 01:12:36-04:00,0.0
2011-04-22 01:12:39-04:00,0.0
2011-04-22 01:12:42-04:00,0.0
2011-04-22 01:12:45-04:00,0.0
2011-04-22 01:12:48-04:00,0.0
2011-04-22 01:12:51-04:00,0.0
2011-04-22 01:12:54-04:00,0.0
2011-04-22 01:12:57-04:00,0.0
2011-04-22 01:13:00-04:00,0.0
2011-04-22 01:13:03-04:00,0.0
2011-04-22 01:13:06-04:00,0.0
2011-04-22 01:13:09-04:00,0.0
2011-04-22 01:13:12-04:00,0.0
2011-04-22 01:13:15-04:00,0.0
2011-04-22 01:13:18-04:00,0.0
2011-04-22 01:13:21-04:00,0.0
2011-04-22 01:13:24-04:00,0.0
2011-04-22 01:13:27-04:00,0.0
2011-04-22 01:13:30-04:00,0.0
2011-04-22 01:13:33-04:00,0.0
2011-04-22 01:13:36-04:00,0.0
2011-04-22 01:13:39-04:00,0.0
2011-04-22 01:13:42-04:00,0.0
2011-04-22 01:13:45-04:00,0.0
2011-04-22 01:13:48-04:00,0.0
2011-04-22 01:13:51-04:00,0.0
2011-04-22 01:13:54-04:00,0.0
2011-04-22 01:13:57-04:00,0.0
2011-04-22 01:14:00-04:00,0.0
2011-04-22 01:14:03-04:00,0.0
2011-04-22 01:14:06-04:00,0.0
2011-04-22 01:14:09-04:00,0.0
2011-04-22 01:14:12-04:00,0.0
2011-04-22 01:14:15-04:00,0.0
2011-04-22 01:14:18-04:00,0.0
2011-04-22 01:14:21-04:00,0.0
2011-04-22 01:14:24-04:00,0.0
2011-04-22 01:14:27-04:00,0.0
2011-04-22 01:14:30-04:00,0.0
2011-04-22 01:14:33-04:00,0.0
2011-04-22 01:14:36-04:00,0.0
2011-04-22 01:14:39-04:00,0.0
2011-04-22 01:14:42-04:00,0.0
2011-04-22 01:14:45-04:00,0.0
2011-04-22 01:14:48-04:00,0.0
2011-04-22 01:14:51-04:00,0.0
2011-04-22 01:14:54-04:00,0.0
2011-04-22 01:14:57-04:00,0.0
2011-04-22 01:15:00-04:00,0.0
2011-04-22 01:15:03-04:00,0.0
2011-04-22 01:15:06-04:00,0.0
2011-04-22 01:15:09-04:00,0.0
2011-04-22 01:15:12-04:00,0.0
2011-04-22 01:15:15-04:00,0.0
2011-04-22 01:15:18-04:00,0.0
2011-04-22 01:15:21-04:00,0.0
2011-04-22 01:15:24-04:00,0.0
2011-04-22 01:15:27-04:00,0.0
2011-04-22 01:15:30-04:00,0.0
2011-04-22 01:15:33-04:00,0.0
2011-04-22 01:15:36-04:00,0.0
2011-04-22 01:15:39-04:00,0.0
2011-04-22 01:15:42-04:00,0.0
2011-04-22 01:15:45-04:00,0.0
2011-04-22 01:15:48-04:00,0.0
2011-04-22 01:15:51-04:00,0.0
2011-04-22 01:15:54-04:00,0.0
2011-04-22 01:15:57-04:00,0.0
2011-04-22 01:16:00-04:00,0.0
2011-04-22 01:16:03-04:00,0.0
2011-04-22 01:16:06-04:00,0.0
2011-04-22 01:16:09-04:00,0.0
2011-04-22 01:16:12-04:00,0.0
2011-04-22 01:16:15-04:00,0.0
2011-04-22 01:16:18-04:00,0.0
2011-04-22 01:16:21-04:00,0.0
2011-04-22 01:16:24-04:00,0.0
2011-04-22 01:16:27-04:00,0.0
2011-04-22 01:16:30-04:00,0.0
2011-04-22 01:16:33-04:00,0.0
2011-04-22 01:16:36-04:00,0.0
2011-04-22 01:16:39-04:00,0.0
2011-04-22 01:16:42-04:00,0.0
2011-04-22 01:16:45-04:00,0.0
2011-04-22 01:16:48-04:00,0.0
2011-04-22 01:16:51-04:00,0.0
2011-04-22 01:16:54-04:00,0.0
2011-04-22 01:16:57-04:00,0.0
2011-04-22 01:17:00-04:00,0.0
2011-04-22 01:17:03-04:00,0.0
2011-04-22 01:17:06-04:00,0.0
2011-04-22 01:17:09-04:00,0.0
2011-04-22 01:17:12-04:00,0.0
2011-04-22 01:17:15-04:00,0.0
2011-04-22 01:17:18-04:00,0.0
2011-04-22 01:17:21-04:00,0.0
2011-04-22 01:17:24-04:00,0.0
2011-04-22 01:17:27-04:00,0.0
2011-04-22 01:17:30-04:00,0.0
2011-04-22 01:17:33-04:00,0.0
2011-04-22 01:17:36-04:00,0.0
2011-04-22 01:17:39-04:00,0.0
2011-04-22 01:17:42-04:00,0.0
2011-04-22 01:17:45-04:00,0.0
2011-04-22 01:17:48-04:00,0.0
2011-04-22 01:17:51-04:00,0.0
2011-04-22 01:17:54-04:00,0.0
2011-04-22 01:17:57-04:00,0.0
2011-04-22 01:18:00-04:00,0.0
2011-04-22 01:18:03-04:00,0.0
2011-04-22 01:18:06-04:00,0.0
2011-04-22 01:18:09-04:00,0.0
2011-04-22 01:18:12-04:00,0.0
2011-04-22 01:18:15-04:00,0.0
2011-04-22 01:18:18-04:00,0.0
2011-04-22 01:18:21-04:00,0.0
2011-04-22 01:18:24-04:00,0.0
2011-04-22 01:18:27-04:00,0.0
2011-04-22 01:18:30-04:00,0.0
2011-04-22 01:18:33-04:00,0.0
2011-04-22 01:18:36-04:00,0.0
2011-04-22 01:18:39-04:00,0.0
2011-04-22 01:18:42-04:00,0.0
2011-04-22 01:18:45-04:00,0.0
2011-04-22 01:18:48-04:00,0.0
2011-04-22 01:18:51-04:00,0.0
2011-04-22 01:18:54-04:00,0.0
2011-04-22 01:18:57-04:00,0.0
2011-04-22 01:19:00-04:00,0.0
2011-04-22 01:19:03-04:00,0.0
2011-04-22 01:19:06-04:00,0.0
2011-04-22 01:19:09-04:00,0.0
2011-04-22 01:19:12-04:00,0.0
2011-04-22 01:19:15-04:00,0.0
2011-04-22 01:19:18-04:00,0.0
2011-04-22 01:19:21-04:00,0.0
2011-04-22 01:19:24-04:00,0.0
2011-04-22 01:19:27-04:00,0.0
2011-04-22 01:19:30-04:00,0.0
2011-04-22 01:19:33-04:00,0.0
2011-04-22 01:19:36-04:00,0.0
2011-04-22 01:19:39-04:00,0.0
2011-04-22 01:19:42-04:00,0.0
2011-04-22 01:19:45-04:00,0.0
2011-04-22 01:19:48-04:00,0.0
2011-04-22 01:19:51-04:00,0.0
2011-04-22 01:19:54-04:00,0.0
2011-04-22 01:19:57-04:00,0.0
2011-04-22 01:20:00-04:00,0.0
2011-04-22 01:20:03-04:00,0.0
2011-04-22 01:20:06-04:00,0.0
2011-04-22 01:20:09-04:00,0.0
2011-04-22 01:20:12-04:00,0.0
2011-04-22 01:20:15-04:00,0.0
2011-04-22 01:20:18-04:00,0.0
2011-04-22 01:20:21-04:00,0.0
2011-04-22 01:20:24-04:00,0.0
2011-04-22 01:20:27-04:00,0.0
2011-04-22 01:20:30-04:00,0.0
2011-04-22 01:20:33-04:00,0.0
2011-04-22 01:20:36-04:00,0.0
2011-04-22 01:20:39-04:00,0.0
2011-04-22 01:20:42-04:00,0.0
2011-04-22 01:20:45-04:00,0.0
2011-04-22 01:20:48-04:00,0.0
2011-04-22 01:20:51-04:00,0.0
2011-04-22 01:20:54-04:00,0.0
2011-04-22 01:20:57-04:00,0.0
2011-04-22 01:21:00-04:00,0.0
2011-04-22 01:21:03-04:00,0.0
2011-04-22 01:21:06-04:00,0.0
2011-04-22 01:21:09-04:00,0.0
2011-04-22 01:21:12-04:00,0.0
2011-04-22 01:21:15-04:00,0.0
2011-04-22 01:21:18-04:00,0.0
2011-04-22 01:21:21-04:00,0.0
2011-04-22 01:21:24-04:00,0.0
2011-04-22 01:21:27-04:00,0.0
2011-04-22 01:21:30-04:00,0.0
2011-04-22 01:21:33-04:00,0.0
2011-04-22 01:21:36-04:00,0.0
2011-04-22 01:21:39-04:00,0.0
2011-04-22 01:21:42-04:00,0.0
2011-04-22 01:21:45-04:00,0.0
2011-04-22 01:21:48-04:00,0.0
2011-04-22 01:21:51-04:00,0.0
2011-04-22 01:21:54-04:00,0.0
2011-04-22 01:21:57-04:00,0.0
2011-04-22 01:22:00-04:00,0.0
2011-04-22 01:22:03-04:00,0.0
2011-04-22 01:22:06-04:00,0.0
2011-04-22 01:22:09-04:00,0.0
2011-04-22 01:22:12-04:00,0.0
2011-04-22 01:22:15-04:00,0.0
2011-04-22 01:22:18-04:00,0.0
2011-04-22 01:22:21-04:00,0.0
2011-04-22 01:22:24-04:00,0.0
2011-04-22 01:22:27-04:00,0.0
2011-04-22 01:22:30-04:00,0.0
2011-04-22 01:22:33-04:00,0.0
2011-04-22 01:22:36-04:00,0.0
2011-04-22 01:22:39-04:00,0.0
2011-04-22 01:22:42-04:00,0.0
2011-04-22 01:22:45-04:00,0.0
2011-04-22 01:22:48-04:00,0.0
2011-04-22 01:22:51-04:00,0.0
2011-04-22 01:22:54-04:00,0.0
2011-04-22 01:22:57-04:00,0.0
2011-04-22 01:23:00-04:00,0.0
2011-04-22 01:23:03-04:00,0.0
2011-04-22 01:23:06-04:00,0.0
2011-04-22 01:23:09-04:00,0.0
2011-04-22 01:23:12-04:00,0.0
2011-04-22 01:23:15-04:00,0.0
2011-04-22 01:23:18-04:00,0.0
2011-04-22 01:23:21-04:00,0.0
2011-04-22 01:23:24-04:00,0.0
2011-04-22 01:23:27-04:00,0.0
2011-04-22 01:23:30-04:00,0.0
2011-04-22 01:23:33-04:00,0.0
2011-04-22 01:23:36-04:00,0.0
2011-04-22 01:23:39-04:00,0.0
2011-04-22 01:23:42-04:00,0.0
2011-04-22 01:23:45-04:00,0.0
2011-04-22 01:23:48-04:00,0.0
2011-04-22 01:23:51-04:00,0.0
2011-04-22 01:23:54-04:00,0.0
2011-04-22 01:23:57-04:00,0.0
2011-04-22 01:24:00-04:00,0.0
2011-04-22 01:24:03-04:00,0.0
2011-04-22 01:24:06-04:00,0.0
2011-04-22 01:24:09-04:00,0.0
2011-04-22 01:24:12-04:00,0.0
2011-04-22 01:24:15-04:00,0.0
2011-04-22 01:24:18-04:00,0.0
2011-04-22 01:24:21-04:00,0.0
2011-04-22 01:24:24-04:00,0.0
2011-04-22 01:24:27-04:00,0.0
2011-04-22 01:24:30-04:00,0.0
2011-04-22 01:24:33-04:00,0.0
2011-04-22 01:24:36-04:00,0.0
2011-04-22 01:24:39-04:00,0.0
2011-04-22 01:24:42-04:00,0.0
2011-04-22 01:24:45-04:00,0.0
2011-04-22 01:24:48-04:00,0.0
2011-04-22 01:24:51-04:00,0.0
2011-04-22 01:24:54-04:00,0.0
2011-04-22 01:24:57-04:00,0.0
2011-04-22 01:25:00-04:00,0.0
2011-04-22 01:25:03-04:00,0.0
2011-04-22 01:25:06-04:00,0.0
2011-04-22 01:25:09-04:00,0.0
2011-04-22 01:25:12-04:00,0.0
2011-04-22 01:25:15-04:00,0.0
2011-04-22 01:25:18-04:00,0.0
2011-04-22 01:25:21-04:00,0.0
2011-04-22 01:25:24-04:00,0.0
2011-04-22 01:25:27-04:00,0.0
2011-04-22 01:25:30-04:00,0.0
2011-04-22 01:25:33-04:00,0.0
2011-04-22 01:25:36-04:00,0.0
2011-04-22 01:25:39-04:00,0.0
2011-04-22 01:25:42-04:00,0.0
2011-04-22 01:25:45-04:00,0.0
2011-04-22 01:25:48-04:00,0.0
2011-04-22 01:25:51-04:00,0.0
2011-04-22 01:25:54-04:00,0.0
2011-04-22 01:25:57-04:00,0.0
2011-04-22 01:26:00-04:00,0.0
2011-04-22 01:26:03-04:00,0.0
2011-04-22 01:26:06-04:00,0.0
2011-04-22 01:26:09-04:00,0.0
2011-04-22 01:26:12-04:00,0.0
2011-04-22 01:26:15-04:00,0.0
2011-04-22 01:26:18-04:00,0.0
2011-04-22 01:26:21-04:00,0.0
2011-04-22 01:26:24-04:00,0.0
2011-04-22 01:26:27-04:00,0.0
2011-04-22 01:26:30-04:00,0.0
2011-04-22 01:26:33-04:00,0.0
2011-04-22 01:26:36-04:00,0.0
2011-04-22 01:26:39-04:00,0.0
2011-04-22 01:26:42-04:00,0.0
2011-04-22 01:26:45-04:00,0.0
2011-04-22 01:26:48-04:00,0.0
2011-04-22 01:26:51-04:00,0.0
2011-04-22 01:26:54-04:00,0.0
2011-04-22 01:26:57-04:00,0.0
2011-04-22 01:27:00-04:00,0.0
2011-04-22 01:27:03-04:00,0.0
2011-04-22 01:27:06-04:00,0.0
2011-04-22 01:27:09-04:00,0.0
2011-04-22 01:27:12-04:00,0.0
2011-04-22 01:27:15-04:00,0.0
2011-04-22 01:27:18-04:00,0.0
2011-04-22 01:27:21-04:00,0.0
2011-04-22 01:27:24-04:00,0.0
2011-04-22 01:27:27-04:00,0.0
2011-04-22 01:27:30-04:00,0.0
2011-04-22 01:27:33-04:00,0.0
2011-04-22 01:27:36-04:00,0.0
2011-04-22 01:27:39-04:00,0.0
2011-04-22 01:27:42-04:00,0.0
2011-04-22 01:27:45-04:00,0.0
2011-04-22 01:27:48-04:00,0.0
2011-04-22 01:27:51-04:00,0.0
2011-04-22 01:27:54-04:00,0.0
2011-04-22 01:27:57-04:00,0.0
2011-04-22 01:28:00-04:00,0.0
2011-04-22 01:28:03-04:00,0.0
2011-04-22 01:28:06-04:00,0.0
2011-04-22 01:28:09-04:00,0.0
2011-04-22 01:28:12-04:00,0.0
2011-04-22 01:28:15-04:00,0.0
2011-04-22 01:28:18-04:00,0.0
2011-04-22 01:28:21-04:00,0.0
2011-04-22 01:28:24-04:00,0.0
2011-04-22 01:28:27-04:00,0.0
2011-04-22 01:28:30-04:00,0.0
2011-04-22 01:28:33-04:00,0.0
2011-04-22 01:28:36-04:00,0.0
2011-04-22 01:28:39-04:00,0.0
2011-04-22 01:28:42-04:00,0.0
2011-04-22 01:28:45-04:00,0.0
2011-04-22 01:28:48-04:00,0.0
2011-04-22 01:28:51-04:00,0.0
2011-04-22 01:28:54-04:00,0.0
2011-04-22 01:28:57-04:00,0.0
2011-04-22 01:29:00-04:00,0.0
2011-04-22 01:29:03-04:00,0.0
2011-04-22 01:29:06-04:00,0.0
2011-04-22 01:29:09-04:00,0.0
2011-04-22 01:29:12-04:00,0.0
2011-04-22 01:29:15-04:00,0.0
2011-04-22 01:29:18-04:00,0.0
2011-04-22 01:29:21-04:00,0.0
2011-04-22 01:29:24-04:00,0.0
2011-04-22 01:29:27-04:00,0.0
2011-04-22 01:29:30-04:00,0.0
2011-04-22 01:29:33-04:00,0.0
2011-04-22 01:29:36-04:00,0.0
2011-04-22 01:29:39-04:00,0.0
2011-04-22 01:29:42-04:00,0.0
2011-04-22 01:29:45-04:00,0.0
2011-04-22 01:29:48-04:00,0.0
2011-04-22 01:29:51-04:00,0.0
2011-04-22 01:29:54-04:00,0.0
2011-04-22 01:29:57-04:00,0.0
2011-04-22 01:30:00-04:00,0.0
2011-04-22 01:30:03-04:00,0.0
2011-04-22 01:30:06-04:00,0.0
2011-04-22 01:30:09-04:00,0.0
2011-04-22 01:30:12-04:00,0.0
2011-04-22 01:30:15-04:00,0.0
2011-04-22 01:30:18-04:00,0.0
2011-04-22 01:30:21-04:00,0.0
2011-04-22 01:30:24-04:00,0.0
2011-04-22 01:30:27-04:00,0.0
2011-04-22 01:30:30-04:00,0.0
2011-04-22 01:30:33-04:00,0.0
2011-04-22 01:30:36-04:00,0.0
2011-04-22 01:30:39-04:00,0.0
2011-04-22 01:30:42-04:00,0.0
2011-04-22 01:30:45-04:00,0.0
2011-04-22 01:30:48-04:00,0.0
2011-04-22 01:30:51-04:00,0.0
2011-04-22 01:30:54-04:00,0.0
2011-04-22 01:30:57-04:00,0.0
2011-04-22 01:31:00-04:00,0.0
2011-04-22 01:31:03-04:00,0.0
2011-04-22 01:31:06-04:00,0.0
2011-04-22 01:31:09-04:00,0.0
2011-04-22 01:31:12-04:00,0.0
2011-04-22 01:31:15-04:00,0.0
2011-04-22 01:31:18-04:00,0.0
2011-04-22 01:31:21-04:00,0.0
2011-04-22 01:31:24-04:00,0.0
2011-04-22 01:31:27-04:00,0.0
2011-04-22 01:31:30-04:00,0.0
2011-04-22 01:31:33-04:00,0.0
2011-04-22 01:31:36-04:00,0.0
2011-04-22 01:31:39-04:00,0.0
2011-04-22 01:31:42-04:00,0.0
2011-04-22 01:31:45-04:00,0.0
2011-04-22 01:31:48-04:00,0.0
2011-04-22 01:31:51-04:00,0.0
2011-04-22 01:31:54-04:00,0.0
2011-04-22 01:31:57-04:00,0.0
2011-04-22 01:32:00-04:00,0.0
2011-04-22 01:32:03-04:00,0.0
2011-04-22 01:32:06-04:00,0.0
2011-04-22 01:32:09-04:00,0.0
2011-04-22 01:32:12-04:00,0.0
2011-04-22 01:32:15-04:00,0.0
2011-04-22 01:32:18-04:00,0.0
2011-04-22 01:32:21-04:00,0.0
2011-04-22 01:32:24-04:00,0.0
2011-04-22 01:32:27-04:00,0.0
2011-04-22 01:32:30-04:00,0.0
2011-04-22 01:32:33-04:00,0.0
2011-04-22 01:32:36-04:00,0.0
2011-04-22 01:32:39-04:00,0.0
2011-04-22 01:32:42-04:00,0.0
2011-04-22 01:32:45-04:00,0.0
2011-04-22 01:32:48-04:00,0.0
2011-04-22 01:32:51-04:00,0.0
2011-04-22 01:32:54-04:00,0.0
2011-04-22 01:32:57-04:00,0.0
2011-04-22 01:33:00-04:00,0.0
2011-04-22 01:33:03-04:00,0.0
2011-04-22 01:33:06-04:00,0.0
2011-04-22 01:33:09-04:00,0.0
2011-04-22 01:33:12-04:00,0.0
2011-04-22 01:33:15-04:00,0.0
2011-04-22 01:33:18-04:00,0.0
2011-04-22 01:33:21-04:00,0.0
2011-04-22 01:33:24-04:00,0.0
2011-04-22 01:33:27-04:00,0.0
2011-04-22 01:33:30-04:00,0.0
2011-04-22 01:33:33-04:00,0.0
2011-04-22 01:33:36-04:00,0.0
2011-04-22 01:33:39-04:00,0.0
2011-04-22 01:33:42-04:00,0.0
2011-04-22 01:33:45-04:00,0.0
2011-04-22 01:33:48-04:00,0.0
2011-04-22 01:33:51-04:00,0.0
2011-04-22 01:33:54-04:00,0.0
2011-04-22 01:33:57-04:00,0.0
2011-04-22 01:34:00-04:00,0.0
2011-04-22 01:34:03-04:00,0.0
2011-04-22 01:34:06-04:00,0.0
2011-04-22 01:34:09-04:00,0.0
2011-04-22 01:34:12-04:00,0.0
2011-04-22 01:34:15-04:00,0.0
2011-04-22 01:34:18-04:00,0.0
2011-04-22 01:34:21-04:00,0.0
2011-04-22 01:34:24-04:00,0.0
2011-04-22 01:34:27-04:00,0.0
2011-04-22 01:34:30-04:00,0.0
2011-04-22 01:34:33-04:00,0.0
2011-04-22 01:34:36-04:00,0.0
2011-04-22 01:34:39-04:00,0.0
2011-04-22 01:34:42-04:00,0.0
2011-04-22 01:34:45-04:00,0.0
2011-04-22 01:34:48-04:00,0.0
2011-04-22 01:34:51-04:00,0.0
2011-04-22 01:34:54-04:00,0.0
2011-04-22 01:34:57-04:00,0.0
2011-04-22 01:35:00-04:00,0.0
2011-04-22 01:35:03-04:00,0.0
2011-04-22 01:35:06-04:00,0.0
2011-04-22 01:35:09-04:00,0.0
2011-04-22 01:35:12-04:00,0.0
2011-04-22 01:35:15-04:00,0.0
2011-04-22 01:35:18-04:00,0.0
2011-04-22 01:35:21-04:00,0.0
2011-04-22 01:35:24-04:00,0.0
2011-04-22 01:35:27-04:00,0.0
2011-04-22 01:35:30-04:00,0.0
2011-04-22 01:35:33-04:00,0.0
2011-04-22 01:35:36-04:00,0.0
2011-04-22 01:35:39-04:00,0.0
2011-04-22 01:35:42-04:00,0.0
2011-04-22 01:35:45-04:00,0.0
2011-04-22 01:35:48-04:00,0.0
2011-04-22 01:35:51-04:00,0.0
2011-04-22 01:35:54-04:00,0.0
2011-04-22 01:35:57-04:00,0.0
2011-04-22 01:36:00-04:00,0.0
2011-04-22 01:36:03-04:00,0.0
2011-04-22 01:36:06-04:00,0.0
2011-04-22 01:36:09-04:00,0.0
2011-04-22 01:36:12-04:00,0.0
2011-04-22 01:36:15-04:00,0.0
2011-04-22 01:36:18-04:00,0.0
2011-04-22 01:36:21-04:00,0.0
2011-04-22 01:36:24-04:00,0.0
2011-04-22 01:36:27-04:00,0.0
2011-04-22 01:36:30-04:00,0.0
2011-04-22 01:36:33-04:00,0.0
2011-04-22 01:36:36-04:00,0.0
2011-04-22 01:36:39-04:00,0.0
2011-04-22 01:36:42-04:00,0.0
2011-04-22 01:36:45-04:00,0.0
2011-04-22 01:36:48-04:00,0.0
2011-04-22 01:36:51-04:00,0.0
2011-04-22 01:36:54-04:00,0.0
2011-04-22 01:36:57-04:00,0.0
2011-04-22 01:37:00-04:00,0.0
2011-04-22 01:37:03-04:00,0.0
2011-04-22 01:37:06-04:00,0.0
2011-04-22 01:37:09-04:00,0.0
2011-04-22 01:37:12-04:00,0.0
2011-04-22 01:37:15-04:00,0.0
2011-04-22 01:37:18-04:00,0.0
2011-04-22 01:37:21-04:00,0.0
2011-04-22 01:37:24-04:00,0.0
2011-04-22 01:37:27-04:00,0.0
2011-04-22 01:37:30-04:00,0.0
2011-04-22 01:37:33-04:00,0.0
2011-04-22 01:37:36-04:00,0.0
2011-04-22 01:37:39-04:00,0.0
2011-04-22 01:37:42-04:00,0.0
2011-04-22 01:37:45-04:00,0.0
2011-04-22 01:37:48-04:00,0.0
2011-04-22 01:37:51-04:00,0.0
2011-04-22 01:37:54-04:00,0.0
2011-04-22 01:37:57-04:00,0.0
2011-04-22 01:38:00-04:00,0.0
2011-04-22 01:38:03-04:00,0.0
2011-04-22 01:38:06-04:00,0.0
2011-04-22 01:38:09-04:00,0.0
2011-04-22 01:38:12-04:00,0.0
2011-04-22 01:38:15-04:00,0.0
2011-04-22 01:38:18-04:00,0.0
2011-04-22 01:38:21-04:00,0.0
2011-04-22 01:38:24-04:00,0.0
2011-04-22 01:38:27-04:00,0.0
2011-04-22 01:38:30-04:00,0.0
2011-04-22 01:38:33-04:00,0.0
2011-04-22 01:38:36-04:00,0.0
2011-04-22 01:38:39-04:00,0.0
2011-04-22 01:38:42-04:00,0.0
2011-04-22 01:38:45-04:00,0.0
2011-04-22 01:38:48-04:00,0.0
2011-04-22 01:38:51-04:00,0.0
2011-04-22 01:38:54-04:00,0.0
2011-04-22 01:38:57-04:00,0.0
2011-04-22 01:39:00-04:00,0.0
2011-04-22 01:39:03-04:00,0.0
2011-04-22 01:39:06-04:00,0.0
2011-04-22 01:39:09-04:00,0.0
2011-04-22 01:39:12-04:00,0.0
2011-04-22 01:39:15-04:00,0.0
2011-04-22 01:39:18-04:00,0.0
2011-04-22 01:39:21-04:00,0.0
2011-04-22 01:39:24-04:00,0.0
2011-04-22 01:39:27-04:00,0.0
2011-04-22 01:39:30-04:00,0.0
2011-04-22 01:39:33-04:00,0.0
2011-04-22 01:39:36-04:00,0.0
2011-04-22 01:39:39-04:00,0.0
2011-04-22 01:39:42-04:00,0.0
2011-04-22 01:39:45-04:00,0.0
2011-04-22 01:39:48-04:00,0.0
2011-04-22 01:39:51-04:00,0.0
2011-04-22 01:39:54-04:00,0.0
2011-04-22 01:39:57-04:00,0.0
2011-04-22 01:40:00-04:00,0.0
2011-04-22 01:40:03-04:00,0.0
2011-04-22 01:40:06-04:00,0.0
2011-04-22 01:40:09-04:00,0.0
2011-04-22 01:40:12-04:00,0.0
2011-04-22 01:40:15-04:00,0.0
2011-04-22 01:40:18-04:00,0.0
2011-04-22 01:40:21-04:00,0.0
2011-04-22 01:40:24-04:00,0.0
2011-04-22 01:40:27-04:00,0.0
2011-04-22 01:40:30-04:00,0.0
2011-04-22 01:40:33-04:00,0.0
2011-04-22 01:40:36-04:00,0.0
2011-04-22 01:40:39-04:00,0.0
2011-04-22 01:40:42-04:00,0.0
2011-04-22 01:40:45-04:00,0.0
2011-04-22 01:40:48-04:00,0.0
2011-04-22 01:40:51-04:00,0.0
2011-04-22 01:40:54-04:00,0.0
2011-04-22 01:40:57-04:00,0.0
2011-04-22 01:41:00-04:00,0.0
2011-04-22 01:41:03-04:00,0.0
2011-04-22 01:41:06-04:00,0.0
2011-04-22 01:41:09-04:00,0.0
2011-04-22 01:41:12-04:00,0.0
2011-04-22 01:41:15-04:00,0.0
2011-04-22 01:41:18-04:00,0.0
2011-04-22 01:41:21-04:00,0.0
2011-04-22 01:41:24-04:00,0.0
2011-04-22 01:41:27-04:00,0.0
2011-04-22 01:41:30-04:00,0.0
2011-04-22 01:41:33-04:00,0.0
2011-04-22 01:41:36-04:00,0.0
2011-04-22 01:41:39-04:00,0.0
2011-04-22 01:41:42-04:00,0.0
2011-04-22 01:41:45-04:00,0.0
2011-04-22 01:41:48-04:00,0.0
2011-04-22 01:41:51-04:00,0.0
2011-04-22 01:41:54-04:00,0.0
2011-04-22 01:41:57-04:00,0.0
2011-04-22 01:42:00-04:00,0.0
2011-04-22 01:42:03-04:00,0.0
2011-04-22 01:42:06-04:00,0.0
2011-04-22 01:42:09-04:00,0.0
2011-04-22 01:42:12-04:00,0.0
2011-04-22 01:42:15-04:00,0.0
2011-04-22 01:42:18-04:00,0.0
2011-04-22 01:42:21-04:00,0.0
2011-04-22 01:42:24-04:00,0.0
2011-04-22 01:42:27-04:00,0.0
2011-04-22 01:42:30-04:00,0.0
2011-04-22 01:42:33-04:00,0.0
2011-04-22 01:42:36-04:00,0.0
2011-04-22 01:42:39-04:00,0.0
2011-04-22 01:42:42-04:00,0.0
2011-04-22 01:42:45-04:00,0.0
2011-04-22 01:42:48-04:00,0.0
2011-04-22 01:42:51-04:00,0.0
2011-04-22 01:42:54-04:00,0.0
2011-04-22 01:42:57-04:00,0.0
2011-04-22 01:43:00-04:00,0.0
2011-04-22 01:43:03-04:00,0.0
2011-04-22 01:43:06-04:00,0.0
2011-04-22 01:43:09-04:00,0.0
2011-04-22 01:43:12-04:00,0.0
2011-04-22 01:43:15-04:00,0.0
2011-04-22 01:43:18-04:00,0.0
2011-04-22 01:43:21-04:00,0.0
2011-04-22 01:43:24-04:00,0.0
2011-04-22 01:43:27-04:00,0.0
2011-04-22 01:43:30-04:00,0.0
2011-04-22 01:43:33-04:00,0.0
2011-04-22 01:43:36-04:00,0.0
2011-04-22 01:43:39-04:00,0.0
2011-04-22 01:43:42-04:00,0.0
2011-04-22 01:43:45-04:00,0.0
2011-04-22 01:43:48-04:00,0.0
2011-04-22 01:43:51-04:00,0.0
2011-04-22 01:43:54-04:00,0.0
2011-04-22 01:43:57-04:00,0.0
2011-04-22 01:44:00-04:00,0.0
2011-04-22 01:44:03-04:00,0.0
2011-04-22 01:44:06-04:00,0.0
2011-04-22 01:44:09-04:00,0.0
2011-04-22 01:44:12-04:00,0.0
2011-04-22 01:44:15-04:00,0.0
2011-04-22 01:44:18-04:00,0.0
2011-04-22 01:44:21-04:00,0.0
2011-04-22 01:44:24-04:00,0.0
2011-04-22 01:44:27-04:00,0.0
2011-04-22 01:44:30-04:00,0.0
2011-04-22 01:44:33-04:00,0.0
2011-04-22 01:44:36-04:00,0.0
2011-04-22 01:44:39-04:00,0.0
2011-04-22 01:44:42-04:00,0.0
2011-04-22 01:44:45-04:00,0.0
2011-04-22 01:44:48-04:00,0.0
2011-04-22 01:44:51-04:00,0.0
2011-04-22 01:44:54-04:00,0.0
2011-04-22 01:44:57-04:00,0.0
2011-04-22 01:45:00-04:00,0.0
2011-04-22 01:45:03-04:00,0.0
2011-04-22 01:45:06-04:00,0.0
2011-04-22 01:45:09-04:00,0.0
2011-04-22 01:45:12-04:00,0.0
2011-04-22 01:45:15-04:00,0.0
2011-04-22 01:45:18-04:00,0.0
2011-04-22 01:45:21-04:00,0.0
2011-04-22 01:45:24-04:00,0.0
2011-04-22 01:45:27-04:00,0.0
2011-04-22 01:45:30-04:00,0.0
2011-04-22 01:45:33-04:00,0.0
2011-04-22 01:45:36-04:00,0.0
2011-04-22 01:45:39-04:00,0.0
2011-04-22 01:45:42-04:00,0.0
2011-04-22 01:45:45-04:00,0.0
2011-04-22 01:45:48-04:00,0.0
2011-04-22 01:45:51-04:00,0.0
2011-04-22 01:45:54-04:00,0.0
2011-04-22 01:45:57-04:00,0.0
2011-04-22 01:46:00-04:00,0.0
2011-04-22 01:46:03-04:00,0.0
2011-04-22 01:46:06-04:00,0.0
2011-04-22 01:46:09-04:00,0.0
2011-04-22 01:46:12-04:00,0.0
2011-04-22 01:46:15-04:00,0.0
2011-04-22 01:46:18-04:00,0.0
2011-04-22 01:46:21-04:00,0.0
2011-04-22 01:46:24-04:00,0.0
2011-04-22 01:46:27-04:00,0.0
2011-04-22 01:46:30-04:00,0.0
2011-04-22 01:46:33-04:00,0.0
2011-04-22 01:46:36-04:00,0.0
2011-04-22 01:46:39-04:00,0.0
2011-04-22 01:46:42-04:00,0.0
2011-04-22 01:46:45-04:00,0.0
2011-04-22 01:46:48-04:00,0.0
2011-04-22 01:46:51-04:00,0.0
2011-04-22 01:46:54-04:00,0.0
2011-04-22 01:46:57-04:00,0.0
2011-04-22 01:47:00-04:00,0.0
2011-04-22 01:47:03-04:00,0.0
2011-04-22 01:47:06-04:00,0.0
2011-04-22 01:47:09-04:00,0.0
2011-04-22 01:47:12-04:00,0.0
2011-04-22 01:47:15-04:00,0.0
2011-04-22 01:47:18-04:00,0.0
2011-04-22 01:47:21-04:00,0.0
2011-04-22 01:47:24-04:00,0.0
2011-04-22 01:47:27-04:00,0.0
2011-04-22 01:47:30-04:00,0.0
2011-04-22 01:47:33-04:00,0.0
2011-04-22 01:47:36-04:00,0.0
2011-04-22 01:47:39-04:00,0.0
2011-04-22 01:47:42-04:00,0.0
2011-04-22 01:47:45-04:00,0.0
2011-04-22 01:47:48-04:00,0.0
2011-04-22 01:47:51-04:00,0.0
2011-04-22 01:47:54-04:00,0.0
2011-04-22 01:47:57-04:00,0.0
2011-04-22 01:48:00-04:00,0.0
2011-04-22 01:48:03-04:00,0.0
2011-04-22 01:48:06-04:00,0.0
2011-04-22 01:48:09-04:00,0.0
2011-04-22 01:48:12-04:00,0.0
2011-04-22 01:48:15-04:00,0.0
2011-04-22 01:48:18-04:00,0.0
2011-04-22 01:48:21-04:00,0.0
2011-04-22 01:48:24-04:00,0.0
2011-04-22 01:48:27-04:00,0.0
2011-04-22 01:48:30-04:00,0.0
2011-04-22 01:48:33-04:00,0.0
2011-04-22 01:48:36-04:00,0.0
2011-04-22 01:48:39-04:00,0.0
2011-04-22 01:48:42-04:00,0.0
2011-04-22 01:48:45-04:00,0.0
2011-04-22 01:48:48-04:00,0.0
2011-04-22 01:48:51-04:00,0.0
2011-04-22 01:48:54-04:00,0.0
2011-04-22 01:48:57-04:00,0.0
2011-04-22 01:49:00-04:00,0.0
2011-04-22 01:49:03-04:00,0.0
2011-04-22 01:49:06-04:00,0.0
2011-04-22 01:49:09-04:00,0.0
2011-04-22 01:49:12-04:00,0.0
2011-04-22 01:49:15-04:00,0.0
2011-04-22 01:49:18-04:00,0.0
2011-04-22 01:49:21-04:00,0.0
2011-04-22 01:49:24-04:00,0.0
2011-04-22 01:49:27-04:00,0.0
2011-04-22 01:49:30-04:00,0.0
2011-04-22 01:49:33-04:00,0.0
2011-04-22 01:49:36-04:00,0.0
2011-04-22 01:49:39-04:00,0.0
2011-04-22 01:49:42-04:00,0.0
2011-04-22 01:49:45-04:00,0.0
2011-04-22 01:49:48-04:00,0.0
2011-04-22 01:49:51-04:00,0.0
2011-04-22 01:49:54-04:00,0.0
2011-04-22 01:49:57-04:00,0.0
2011-04-22 01:50:00-04:00,0.0
2011-04-22 01:50:03-04:00,0.0
2011-04-22 01:50:06-04:00,0.0
2011-04-22 01:50:09-04:00,0.0
2011-04-22 01:50:12-04:00,0.0
2011-04-22 01:50:15-04:00,0.0
2011-04-22 01:50:18-04:00,0.0
2011-04-22 01:50:21-04:00,0.0
2011-04-22 01:50:24-04:00,0.0
2011-04-22 01:50:27-04:00,0.0
2011-04-22 01:50:30-04:00,0.0
2011-04-22 01:50:33-04:00,0.0
2011-04-22 01:50:36-04:00,0.0
2011-04-22 01:50:39-04:00,0.0
2011-04-22 01:50:42-04:00,0.0
2011-04-22 01:50:45-04:00,0.0
2011-04-22 01:50:48-04:00,0.0
2011-04-22 01:50:51-04:00,0.0
2011-04-22 01:50:54-04:00,0.0
2011-04-22 01:50:57-04:00,0.0
2011-04-22 01:51:00-04:00,0.0
2011-04-22 01:51:03-04:00,0.0
2011-04-22 01:51:06-04:00,0.0
2011-04-22 01:51:09-04:00,0.0
2011-04-22 01:51:12-04:00,0.0
2011-04-22 01:51:15-04:00,0.0
2011-04-22 01:51:18-04:00,0.0
2011-04-22 01:51:21-04:00,0.0
2011-04-22 01:51:24-04:00,0.0
2011-04-22 01:51:27-04:00,0.0
2011-04-22 01:51:30-04:00,0.0
2011-04-22 01:51:33-04:00,0.0
2011-04-22 01:51:36-04:00,0.0
2011-04-22 01:51:39-04:00,0.0
2011-04-22 01:51:42-04:00,0.0
2011-04-22 01:51:45-04:00,0.0
2011-04-22 01:51:48-04:00,0.0
2011-04-22 01:51:51-04:00,0.0
2011-04-22 01:51:54-04:00,0.0
2011-04-22 01:51:57-04:00,0.0
2011-04-22 01:52:00-04:00,0.0
2011-04-22 01:52:03-04:00,0.0
2011-04-22 01:52:06-04:00,0.0
2011-04-22 01:52:09-04:00,0.0
2011-04-22 01:52:12-04:00,0.0
2011-04-22 01:52:15-04:00,0.0
2011-04-22 01:52:18-04:00,0.0
2011-04-22 01:52:21-04:00,0.0
2011-04-22 01:52:24-04:00,0.0
2011-04-22 01:52:27-04:00,0.0
2011-04-22 01:52:30-04:00,0.0
2011-04-22 01:52:33-04:00,0.0
2011-04-22 01:52:36-04:00,0.0
2011-04-22 01:52:39-04:00,0.0
2011-04-22 01:52:42-04:00,0.0
2011-04-22 01:52:45-04:00,0.0
2011-04-22 01:52:48-04:00,0.0
2011-04-22 01:52:51-04:00,0.0
2011-04-22 01:52:54-04:00,0.0
2011-04-22 01:52:57-04:00,0.0
2011-04-22 01:53:00-04:00,0.0
2011-04-22 01:53:03-04:00,0.0
2011-04-22 01:53:06-04:00,0.0
2011-04-22 01:53:09-04:00,0.0
2011-04-22 01:53:12-04:00,0.0
2011-04-22 01:53:15-04:00,0.0
2011-04-22 01:53:18-04:00,0.0
2011-04-22 01:53:21-04:00,0.0
2011-04-22 01:53:24-04:00,0.0
2011-04-22 01:53:27-04:00,0.0
2011-04-22 01:53:30-04:00,0.0
2011-04-22 01:53:33-04:00,0.0
2011-04-22 01:53:36-04:00,0.0
2011-04-22 01:53:39-04:00,0.0
2011-04-22 01:53:42-04:00,0.0
2011-04-22 01:53:45-04:00,0.0
2011-04-22 01:53:48-04:00,0.0
2011-04-22 01:53:51-04:00,0.0
2011-04-22 01:53:54-04:00,0.0
2011-04-22 01:53:57-04:00,0.0
2011-04-22 01:54:00-04:00,0.0
2011-04-22 01:54:03-04:00,0.0
2011-04-22 01:54:06-04:00,0.0
2011-04-22 01:54:09-04:00,0.0
2011-04-22 01:54:12-04:00,0.0
2011-04-22 01:54:15-04:00,0.0
2011-04-22 01:54:18-04:00,0.0
2011-04-22 01:54:21-04:00,0.0
2011-04-22 01:54:24-04:00,0.0
2011-04-22 01:54:27-04:00,0.0
2011-04-22 01:54:30-04:00,0.0
2011-04-22 01:54:33-04:00,0.0
2011-04-22 01:54:36-04:00,0.0
2011-04-22 01:54:39-04:00,0.0
2011-04-22 01:54:42-04:00,0.0
2011-04-22 01:54:45-04:00,0.0
2011-04-22 01:54:48-04:00,0.0
2011-04-22 01:54:51-04:00,0.0
2011-04-22 01:54:54-04:00,0.0
2011-04-22 01:54:57-04:00,0.0
2011-04-22 01:55:00-04:00,0.0
2011-04-22 01:55:03-04:00,0.0
2011-04-22 01:55:06-04:00,0.0
2011-04-22 01:55:09-04:00,0.0
2011-04-22 01:55:12-04:00,0.0
2011-04-22 01:55:15-04:00,0.0
2011-04-22 01:55:18-04:00,0.0
2011-04-22 01:55:21-04:00,0.0
2011-04-22 01:55:24-04:00,0.0
2011-04-22 01:55:27-04:00,0.0
2011-04-22 01:55:30-04:00,0.0
2011-04-22 01:55:33-04:00,0.0
2011-04-22 01:55:36-04:00,0.0
2011-04-22 01:55:39-04:00,0.0
2011-04-22 01:55:42-04:00,0.0
2011-04-22 01:55:45-04:00,0.0
2011-04-22 01:55:48-04:00,0.0
2011-04-22 01:55:51-04:00,0.0
2011-04-22 01:55:54-04:00,0.0
2011-04-22 01:55:57-04:00,0.0
2011-04-22 01:56:00-04:00,0.0
2011-04-22 01:56:03-04:00,0.0
2011-04-22 01:56:06-04:00,0.0
2011-04-22 01:56:09-04:00,0.0
2011-04-22 01:56:12-04:00,0.0
2011-04-22 01:56:15-04:00,0.0
2011-04-22 01:56:18-04:00,0.0
2011-04-22 01:56:21-04:00,0.0
2011-04-22 01:56:24-04:00,0.0
2011-04-22 01:56:27-04:00,0.0
2011-04-22 01:56:30-04:00,0.0
2011-04-22 01:56:33-04:00,0.0
2011-04-22 01:56:36-04:00,0.0
2011-04-22 01:56:39-04:00,0.0
2011-04-22 01:56:42-04:00,0.0
2011-04-22 01:56:45-04:00,0.0
2011-04-22 01:56:48-04:00,0.0
2011-04-22 01:56:51-04:00,0.0
2011-04-22 01:56:54-04:00,0.0
2011-04-22 01:56:57-04:00,0.0
2011-04-22 01:57:00-04:00,0.0
2011-04-22 01:57:03-04:00,0.0
2011-04-22 01:57:06-04:00,0.0
2011-04-22 01:57:09-04:00,0.0
2011-04-22 01:57:12-04:00,0.0
2011-04-22 01:57:15-04:00,0.0
2011-04-22 01:57:18-04:00,0.0
2011-04-22 01:57:21-04:00,0.0
2011-04-22 01:57:24-04:00,0.0
2011-04-22 01:57:27-04:00,0.0
2011-04-22 01:57:30-04:00,0.0
2011-04-22 01:57:33-04:00,0.0
2011-04-22 01:57:36-04:00,0.0
2011-04-22 01:57:39-04:00,0.0
2011-04-22 01:57:42-04:00,0.0
2011-04-22 01:57:45-04:00,0.0
2011-04-22 01:57:48-04:00,0.0
2011-04-22 01:57:51-04:00,0.0
2011-04-22 01:57:54-04:00,0.0
2011-04-22 01:57:57-04:00,0.0
2011-04-22 01:58:00-04:00,0.0
2011-04-22 01:58:03-04:00,0.0
2011-04-22 01:58:06-04:00,0.0
2011-04-22 01:58:09-04:00,0.0
2011-04-22 01:58:12-04:00,0.0
2011-04-22 01:58:15-04:00,0.0
2011-04-22 01:58:18-04:00,0.0
2011-04-22 01:58:21-04:00,0.0
2011-04-22 01:58:24-04:00,0.0
2011-04-22 01:58:27-04:00,0.0
2011-04-22 01:58:30-04:00,0.0
2011-04-22 01:58:33-04:00,0.0
2011-04-22 01:58:36-04:00,0.0
2011-04-22 01:58:39-04:00,0.0
2011-04-22 01:58:42-04:00,0.0
2011-04-22 01:58:45-04:00,0.0
2011-04-22 01:58:48-04:00,0.0
2011-04-22 01:58:51-04:00,0.0
2011-04-22 01:58:54-04:00,0.0
2011-04-22 01:58:57-04:00,0.0
2011-04-22 01:59:00-04:00,0.0
2011-04-22 01:59:03-04:00,0.0
2011-04-22 01:59:06-04:00,0.0
2011-04-22 01:59:09-04:00,0.0
2011-04-22 01:59:12-04:00,0.0
2011-04-22 01:59:15-04:00,0.0
2011-04-22 01:59:18-04:00,0.0
2011-04-22 01:59:21-04:00,0.0
2011-04-22 01:59:24-04:00,0.0
2011-04-22 01:59:27-04:00,0.0
2011-04-22 01:59:30-04:00,0.0
2011-04-22 01:59:33-04:00,0.0
2011-04-22 01:59:36-04:00,0.0
2011-04-22 01:59:39-04:00,0.0
2011-04-22 01:59:42-04:00,0.0
2011-04-22 01:59:45-04:00,0.0
2011-04-22 01:59:48-04:00,0.0
2011-04-22 01:59:51-04:00,0.0
2011-04-22 01:59:54-04:00,0.0
2011-04-22 01:59:57-04:00,0.0
2011-04-22 02:00:00-04:00,0.0
2011-04-22 02:00:03-04:00,0.0
2011-04-22 02:00:06-04:00,0.0
2011-04-22 02:00:09-04:00,0.0
2011-04-22 02:00:12-04:00,0.0
2011-04-22 02:00:15-04:00,0.0
2011-04-22 02:00:18-04:00,0.0
2011-04-22 02:00:21-04:00,0.0
2011-04-22 02:00:24-04:00,0.0
2011-04-22 02:00:27-04:00,0.0
2011-04-22 02:00:30-04:00,0.0
2011-04-22 02:00:33-04:00,0.0
2011-04-22 02:00:36-04:00,0.0
2011-04-22 02:00:39-04:00,0.0
2011-04-22 02:00:42-04:00,0.0
2011-04-22 02:00:45-04:00,0.0
2011-04-22 02:00:48-04:00,0.0
2011-04-22 02:00:51-04:00,0.0
2011-04-22 02:00:54-04:00,0.0
2011-04-22 02:00:57-04:00,0.0
2011-04-22 02:01:00-04:00,0.0
2011-04-22 02:01:03-04:00,0.0
2011-04-22 02:01:06-04:00,0.0
2011-04-22 02:01:09-04:00,0.0
2011-04-22 02:01:12-04:00,0.0
2011-04-22 02:01:15-04:00,0.0
2011-04-22 02:01:18-04:00,0.0
2011-04-22 02:01:21-04:00,0.0
2011-04-22 02:01:24-04:00,0.0
2011-04-22 02:01:27-04:00,0.0
2011-04-22 02:01:30-04:00,0.0
2011-04-22 02:01:33-04:00,0.0
2011-04-22 02:01:36-04:00,0.0
2011-04-22 02:01:39-04:00,0.0
2011-04-22 02:01:42-04:00,0.0
2011-04-22 02:01:45-04:00,0.0
2011-04-22 02:01:48-04:00,0.0
2011-04-22 02:01:51-04:00,0.0
2011-04-22 02:01:54-04:00,0.0
2011-04-22 02:01:57-04:00,0.0
2011-04-22 02:02:00-04:00,0.0
2011-04-22 02:02:03-04:00,0.0
2011-04-22 02:02:06-04:00,0.0
2011-04-22 02:02:09-04:00,0.0
2011-04-22 02:02:12-04:00,0.0
2011-04-22 02:02:15-04:00,0.0
2011-04-22 02:02:18-04:00,0.0
2011-04-22 02:02:21-04:00,0.0
2011-04-22 02:02:24-04:00,0.0
2011-04-22 02:02:27-04:00,0.0
2011-04-22 02:02:30-04:00,0.0
2011-04-22 02:02:33-04:00,0.0
2011-04-22 02:02:36-04:00,0.0
2011-04-22 02:02:39-04:00,0.0
2011-04-22 02:02:42-04:00,0.0
2011-04-22 02:02:45-04:00,0.0
2011-04-22 02:02:48-04:00,0.0
2011-04-22 02:02:51-04:00,0.0
2011-04-22 02:02:54-04:00,0.0
2011-04-22 02:02:57-04:00,0.0
2011-04-22 02:03:00-04:00,0.0
2011-04-22 02:03:03-04:00,0.0
2011-04-22 02:03:06-04:00,0.0
2011-04-22 02:03:09-04:00,0.0
2011-04-22 02:03:12-04:00,0.0
2011-04-22 02:03:15-04:00,0.0
2011-04-22 02:03:18-04:00,0.0
2011-04-22 02:03:21-04:00,0.0
2011-04-22 02:03:24-04:00,0.0
2011-04-22 02:03:27-04:00,0.0
2011-04-22 02:03:30-04:00,0.0
2011-04-22 02:03:33-04:00,0.0
2011-04-22 02:03:36-04:00,0.0
2011-04-22 02:03:39-04:00,0.0
2011-04-22 02:03:42-04:00,0.0
2011-04-22 02:03:45-04:00,0.0
2011-04-22 02:03:48-04:00,0.0
2011-04-22 02:03:51-04:00,0.0
2011-04-22 02:03:54-04:00,0.0
2011-04-22 02:03:57-04:00,0.0
2011-04-22 02:04:00-04:00,0.0
2011-04-22 02:04:03-04:00,0.0
2011-04-22 02:04:06-04:00,0.0
2011-04-22 02:04:09-04:00,0.0
2011-04-22 02:04:12-04:00,0.0
2011-04-22 02:04:15-04:00,0.0
2011-04-22 02:04:18-04:00,0.0
2011-04-22 02:04:21-04:00,0.0
2011-04-22 02:04:24-04:00,0.0
2011-04-22 02:04:27-04:00,0.0
2011-04-22 02:04:30-04:00,0.0
2011-04-22 02:04:33-04:00,0.0
2011-04-22 02:04:36-04:00,0.0
2011-04-22 02:04:39-04:00,0.0
2011-04-22 02:04:42-04:00,0.0
2011-04-22 02:04:45-04:00,0.0
2011-04-22 02:04:48-04:00,0.0
2011-04-22 02:04:51-04:00,0.0
2011-04-22 02:04:54-04:00,0.0
2011-04-22 02:04:57-04:00,0.0
2011-04-22 02:05:00-04:00,0.0
2011-04-22 02:05:03-04:00,0.0
2011-04-22 02:05:06-04:00,0.0
2011-04-22 02:05:09-04:00,0.0
2011-04-22 02:05:12-04:00,0.0
2011-04-22 02:05:15-04:00,0.0
2011-04-22 02:05:18-04:00,0.0
2011-04-22 02:05:21-04:00,0.0
2011-04-22 02:05:24-04:00,0.0
2011-04-22 02:05:27-04:00,0.0
2011-04-22 02:05:30-04:00,0.0
2011-04-22 02:05:33-04:00,0.0
2011-04-22 02:05:36-04:00,0.0
2011-04-22 02:05:39-04:00,0.0
2011-04-22 02:05:42-04:00,0.0
2011-04-22 02:05:45-04:00,0.0
2011-04-22 02:05:48-04:00,0.0
2011-04-22 02:05:51-04:00,0.0
2011-04-22 02:05:54-04:00,0.0
2011-04-22 02:05:57-04:00,0.0
2011-04-22 02:06:00-04:00,0.0
2011-04-22 02:06:03-04:00,0.0
2011-04-22 02:06:06-04:00,0.0
2011-04-22 02:06:09-04:00,0.0
2011-04-22 02:06:12-04:00,0.0
2011-04-22 02:06:15-04:00,0.0
2011-04-22 02:06:18-04:00,0.0
2011-04-22 02:06:21-04:00,0.0
2011-04-22 02:06:24-04:00,0.0
2011-04-22 02:06:27-04:00,0.0
2011-04-22 02:06:30-04:00,0.0
2011-04-22 02:06:33-04:00,0.0
2011-04-22 02:06:36-04:00,0.0
2011-04-22 02:06:39-04:00,0.0
2011-04-22 02:06:42-04:00,0.0
2011-04-22 02:06:45-04:00,0.0
2011-04-22 02:06:48-04:00,0.0
2011-04-22 02:06:51-04:00,0.0
2011-04-22 02:06:54-04:00,0.0
2011-04-22 02:06:57-04:00,0.0
2011-04-22 02:07:00-04:00,0.0
2011-04-22 02:07:03-04:00,0.0
2011-04-22 02:07:06-04:00,0.0
2011-04-22 02:07:09-04:00,0.0
2011-04-22 02:07:12-04:00,0.0
2011-04-22 02:07:15-04:00,0.0
2011-04-22 02:07:18-04:00,0.0
2011-04-22 02:07:21-04:00,0.0
2011-04-22 02:07:24-04:00,0.0
2011-04-22 02:07:27-04:00,0.0
2011-04-22 02:07:30-04:00,0.0
2011-04-22 02:07:33-04:00,0.0
2011-04-22 02:07:36-04:00,0.0
2011-04-22 02:07:39-04:00,0.0
2011-04-22 02:07:42-04:00,0.0
2011-04-22 02:07:45-04:00,0.0
2011-04-22 02:07:48-04:00,0.0
2011-04-22 02:07:51-04:00,0.0
2011-04-22 02:07:54-04:00,0.0
2011-04-22 02:07:57-04:00,0.0
2011-04-22 02:08:00-04:00,0.0
2011-04-22 02:08:03-04:00,0.0
2011-04-22 02:08:06-04:00,0.0
2011-04-22 02:08:09-04:00,0.0
2011-04-22 02:08:12-04:00,0.0
2011-04-22 02:08:15-04:00,0.0
2011-04-22 02:08:18-04:00,0.0
2011-04-22 02:08:21-04:00,0.0
2011-04-22 02:08:24-04:00,0.0
2011-04-22 02:08:27-04:00,0.0
2011-04-22 02:08:30-04:00,0.0
2011-04-22 02:08:33-04:00,0.0
2011-04-22 02:08:36-04:00,0.0
2011-04-22 02:08:39-04:00,0.0
2011-04-22 02:08:42-04:00,0.0
2011-04-22 02:08:45-04:00,0.0
2011-04-22 02:08:48-04:00,0.0
2011-04-22 02:08:51-04:00,0.0
2011-04-22 02:08:54-04:00,0.0
2011-04-22 02:08:57-04:00,0.0
2011-04-22 02:09:00-04:00,0.0
2011-04-22 02:09:03-04:00,0.0
2011-04-22 02:09:06-04:00,0.0
2011-04-22 02:09:09-04:00,0.0
2011-04-22 02:09:12-04:00,0.0
2011-04-22 02:09:15-04:00,0.0
2011-04-22 02:09:18-04:00,0.0
2011-04-22 02:09:21-04:00,0.0
2011-04-22 02:09:24-04:00,0.0
2011-04-22 02:09:27-04:00,0.0
2011-04-22 02:09:30-04:00,0.0
2011-04-22 02:09:33-04:00,0.0
2011-04-22 02:09:36-04:00,0.0
2011-04-22 02:09:39-04:00,0.0
2011-04-22 02:09:42-04:00,0.0
2011-04-22 02:09:45-04:00,0.0
2011-04-22 02:09:48-04:00,0.0
2011-04-22 02:09:51-04:00,0.0
2011-04-22 02:09:54-04:00,0.0
2011-04-22 02:09:57-04:00,0.0
2011-04-22 02:10:00-04:00,0.0
2011-04-22 02:10:03-04:00,0.0
2011-04-22 02:10:06-04:00,0.0
2011-04-22 02:10:09-04:00,0.0
2011-04-22 02:10:12-04:00,0.0
2011-04-22 02:10:15-04:00,0.0
2011-04-22 02:10:18-04:00,0.0
2011-04-22 02:10:21-04:00,0.0
2011-04-22 02:10:24-04:00,0.0
2011-04-22 02:10:27-04:00,0.0
2011-04-22 02:10:30-04:00,0.0
2011-04-22 02:10:33-04:00,0.0
2011-04-22 02:10:36-04:00,0.0
2011-04-22 02:10:39-04:00,0.0
2011-04-22 02:10:42-04:00,0.0
2011-04-22 02:10:45-04:00,0.0
2011-04-22 02:10:48-04:00,0.0
2011-04-22 02:10:51-04:00,0.0
2011-04-22 02:10:54-04:00,0.0
2011-04-22 02:10:57-04:00,0.0
2011-04-22 02:11:00-04:00,0.0
2011-04-22 02:11:03-04:00,0.0
2011-04-22 02:11:06-04:00,0.0
2011-04-22 02:11:09-04:00,0.0
2011-04-22 02:11:12-04:00,0.0
2011-04-22 02:11:15-04:00,0.0
2011-04-22 02:11:18-04:00,0.0
2011-04-22 02:11:21-04:00,0.0
2011-04-22 02:11:24-04:00,0.0
2011-04-22 02:11:27-04:00,0.0
2011-04-22 02:11:30-04:00,0.0
2011-04-22 02:11:33-04:00,0.0
2011-04-22 02:11:36-04:00,0.0
2011-04-22 02:11:39-04:00,0.0
2011-04-22 02:11:42-04:00,0.0
2011-04-22 02:11:45-04:00,0.0
2011-04-22 02:11:48-04:00,0.0
2011-04-22 02:11:51-04:00,0.0
2011-04-22 02:11:54-04:00,0.0
2011-04-22 02:11:57-04:00,0.0
2011-04-22 02:12:00-04:00,0.0
2011-04-22 02:12:03-04:00,0.0
2011-04-22 02:12:06-04:00,0.0
2011-04-22 02:12:09-04:00,0.0
2011-04-22 02:12:12-04:00,0.0
2011-04-22 02:12:15-04:00,0.0
2011-04-22 02:12:18-04:00,0.0
2011-04-22 02:12:21-04:00,0.0
2011-04-22 02:12:24-04:00,0.0
2011-04-22 02:12:27-04:00,0.0
2011-04-22 02:12:30-04:00,0.0
2011-04-22 02:12:33-04:00,0.0
2011-04-22 02:12:36-04:00,0.0
2011-04-22 02:12:39-04:00,0.0
2011-04-22 02:12:42-04:00,0.0
2011-04-22 02:12:45-04:00,0.0
2011-04-22 02:12:48-04:00,0.0
2011-04-22 02:12:51-04:00,0.0
2011-04-22 02:12:54-04:00,0.0
2011-04-22 02:12:57-04:00,0.0
2011-04-22 02:13:00-04:00,0.0
2011-04-22 02:13:03-04:00,0.0
2011-04-22 02:13:06-04:00,0.0
2011-04-22 02:13:09-04:00,0.0
2011-04-22 02:13:12-04:00,0.0
2011-04-22 02:13:15-04:00,0.0
2011-04-22 02:13:18-04:00,0.0
2011-04-22 02:13:21-04:00,0.0
2011-04-22 02:13:24-04:00,0.0
2011-04-22 02:13:27-04:00,0.0
2011-04-22 02:13:30-04:00,0.0
2011-04-22 02:13:33-04:00,0.0
2011-04-22 02:13:36-04:00,0.0
2011-04-22 02:13:39-04:00,0.0
2011-04-22 02:13:42-04:00,0.0
2011-04-22 02:13:45-04:00,0.0
2011-04-22 02:13:48-04:00,0.0
2011-04-22 02:13:51-04:00,0.0
2011-04-22 02:13:54-04:00,0.0
2011-04-22 02:13:57-04:00,0.0
2011-04-22 02:14:00-04:00,0.0
2011-04-22 02:14:03-04:00,0.0
2011-04-22 02:14:06-04:00,0.0
2011-04-22 02:14:09-04:00,0.0
2011-04-22 02:14:12-04:00,0.0
2011-04-22 02:14:15-04:00,0.0
2011-04-22 02:14:18-04:00,0.0
2011-04-22 02:14:21-04:00,0.0
2011-04-22 02:14:24-04:00,0.0
2011-04-22 02:14:27-04:00,0.0
2011-04-22 02:14:30-04:00,0.0
2011-04-22 02:14:33-04:00,0.0
2011-04-22 02:14:36-04:00,0.0
2011-04-22 02:14:39-04:00,0.0
2011-04-22 02:14:42-04:00,0.0
2011-04-22 02:14:45-04:00,0.0
2011-04-22 02:14:48-04:00,0.0
2011-04-22 02:14:51-04:00,0.0
2011-04-22 02:14:54-04:00,0.0
2011-04-22 02:14:57-04:00,0.0
2011-04-22 02:15:00-04:00,0.0
2011-04-22 02:15:03-04:00,0.0
2011-04-22 02:15:06-04:00,0.0
2011-04-22 02:15:09-04:00,0.0
2011-04-22 02:15:12-04:00,0.0
2011-04-22 02:15:15-04:00,0.0
2011-04-22 02:15:18-04:00,0.0
2011-04-22 02:15:21-04:00,0.0
2011-04-22 02:15:24-04:00,0.0
2011-04-22 02:15:27-04:00,0.0
2011-04-22 02:15:30-04:00,0.0
2011-04-22 02:15:33-04:00,0.0
2011-04-22 02:15:36-04:00,0.0
2011-04-22 02:15:39-04:00,0.0
2011-04-22 02:15:42-04:00,0.0
2011-04-22 02:15:45-04:00,0.0
2011-04-22 02:15:48-04:00,0.0
2011-04-22 02:15:51-04:00,0.0
2011-04-22 02:15:54-04:00,0.0
2011-04-22 02:15:57-04:00,0.0
2011-04-22 02:16:00-04:00,0.0
2011-04-22 02:16:03-04:00,0.0
2011-04-22 02:16:06-04:00,0.0
2011-04-22 02:16:09-04:00,0.0
2011-04-22 02:16:12-04:00,0.0
2011-04-22 02:16:15-04:00,0.0
2011-04-22 02:16:18-04:00,0.0
2011-04-22 02:16:21-04:00,0.0
2011-04-22 02:16:24-04:00,0.0
2011-04-22 02:16:27-04:00,0.0
2011-04-22 02:16:30-04:00,0.0
2011-04-22 02:16:33-04:00,0.0
2011-04-22 02:16:36-04:00,0.0
2011-04-22 02:16:39-04:00,0.0
2011-04-22 02:16:42-04:00,0.0
2011-04-22 02:16:45-04:00,0.0
2011-04-22 02:16:48-04:00,0.0
2011-04-22 02:16:51-04:00,0.0
2011-04-22 02:16:54-04:00,0.0
2011-04-22 02:16:57-04:00,0.0
2011-04-22 02:17:00-04:00,0.0
2011-04-22 02:17:03-04:00,0.0
2011-04-22 02:17:06-04:00,0.0
2011-04-22 02:17:09-04:00,0.0
2011-04-22 02:17:12-04:00,0.0
2011-04-22 02:17:15-04:00,0.0
2011-04-22 02:17:18-04:00,0.0
2011-04-22 02:17:21-04:00,0.0
2011-04-22 02:17:24-04:00,0.0
2011-04-22 02:17:27-04:00,0.0
2011-04-22 02:17:30-04:00,0.0
2011-04-22 02:17:33-04:00,0.0
2011-04-22 02:17:36-04:00,0.0
2011-04-22 02:17:39-04:00,0.0
2011-04-22 02:17:42-04:00,0.0
2011-04-22 02:17:45-04:00,0.0
2011-04-22 02:17:48-04:00,0.0
2011-04-22 02:17:51-04:00,0.0
2011-04-22 02:17:54-04:00,0.0
2011-04-22 02:17:57-04:00,0.0
2011-04-22 02:18:00-04:00,0.0
2011-04-22 02:18:03-04:00,0.0
2011-04-22 02:18:06-04:00,0.0
2011-04-22 02:18:09-04:00,0.0
2011-04-22 02:18:12-04:00,0.0
2011-04-22 02:18:15-04:00,0.0
2011-04-22 02:18:18-04:00,0.0
2011-04-22 02:18:21-04:00,0.0
2011-04-22 02:18:24-04:00,0.0
2011-04-22 02:18:27-04:00,0.0
2011-04-22 02:18:30-04:00,0.0
2011-04-22 02:18:33-04:00,0.0
2011-04-22 02:18:36-04:00,0.0
2011-04-22 02:18:39-04:00,0.0
2011-04-22 02:18:42-04:00,0.0
2011-04-22 02:18:45-04:00,0.0
2011-04-22 02:18:48-04:00,0.0
2011-04-22 02:18:51-04:00,0.0
2011-04-22 02:18:54-04:00,0.0
2011-04-22 02:18:57-04:00,0.0
2011-04-22 02:19:00-04:00,0.0
2011-04-22 02:19:03-04:00,0.0
2011-04-22 02:19:06-04:00,0.0
2011-04-22 02:19:09-04:00,0.0
2011-04-22 02:19:12-04:00,0.0
2011-04-22 02:19:15-04:00,0.0
2011-04-22 02:19:18-04:00,0.0
2011-04-22 02:19:21-04:00,0.0
2011-04-22 02:19:24-04:00,0.0
2011-04-22 02:19:27-04:00,0.0
2011-04-22 02:19:30-04:00,0.0
2011-04-22 02:19:33-04:00,0.0
2011-04-22 02:19:36-04:00,0.0
2011-04-22 02:19:39-04:00,0.0
2011-04-22 02:19:42-04:00,0.0
2011-04-22 02:19:45-04:00,0.0
2011-04-22 02:19:48-04:00,0.0
2011-04-22 02:19:51-04:00,0.0
2011-04-22 02:19:54-04:00,0.0
2011-04-22 02:19:57-04:00,0.0
2011-04-22 02:20:00-04:00,0.0
2011-04-22 02:20:03-04:00,0.0
2011-04-22 02:20:06-04:00,0.0
2011-04-22 02:20:09-04:00,0.0
2011-04-22 02:20:12-04:00,0.0
2011-04-22 02:20:15-04:00,0.0
2011-04-22 02:20:18-04:00,0.0
2011-04-22 02:20:21-04:00,0.0
2011-04-22 02:20:24-04:00,0.0
2011-04-22 02:20:27-04:00,0.0
2011-04-22 02:20:30-04:00,0.0
2011-04-22 02:20:33-04:00,0.0
2011-04-22 02:20:36-04:00,0.0
2011-04-22 02:20:39-04:00,0.0
2011-04-22 02:20:42-04:00,0.0
2011-04-22 02:20:45-04:00,0.0
2011-04-22 02:20:48-04:00,0.0
2011-04-22 02:20:51-04:00,0.0
2011-04-22 02:20:54-04:00,0.0
2011-04-22 02:20:57-04:00,0.0
2011-04-22 02:21:00-04:00,0.0
2011-04-22 02:21:03-04:00,0.0
2011-04-22 02:21:06-04:00,0.0
2011-04-22 02:21:09-04:00,0.0
2011-04-22 02:21:12-04:00,0.0
2011-04-22 02:21:15-04:00,0.0
2011-04-22 02:21:18-04:00,0.0
2011-04-22 02:21:21-04:00,0.0
2011-04-22 02:21:24-04:00,0.0
2011-04-22 02:21:27-04:00,0.0
2011-04-22 02:21:30-04:00,0.0
2011-04-22 02:21:33-04:00,0.0
2011-04-22 02:21:36-04:00,0.0
2011-04-22 02:21:39-04:00,0.0
2011-04-22 02:21:42-04:00,0.0
2011-04-22 02:21:45-04:00,0.0
2011-04-22 02:21:48-04:00,0.0
2011-04-22 02:21:51-04:00,0.0
2011-04-22 02:21:54-04:00,0.0
2011-04-22 02:21:57-04:00,0.0
2011-04-22 02:22:00-04:00,0.0
2011-04-22 02:22:03-04:00,0.0
2011-04-22 02:22:06-04:00,0.0
2011-04-22 02:22:09-04:00,0.0
2011-04-22 02:22:12-04:00,0.0
2011-04-22 02:22:15-04:00,0.0
2011-04-22 02:22:18-04:00,0.0
2011-04-22 02:22:21-04:00,0.0
2011-04-22 02:22:24-04:00,0.0
2011-04-22 02:22:27-04:00,0.0
2011-04-22 02:22:30-04:00,0.0
2011-04-22 02:22:33-04:00,0.0
2011-04-22 02:22:36-04:00,0.0
2011-04-22 02:22:39-04:00,0.0
2011-04-22 02:22:42-04:00,0.0
2011-04-22 02:22:45-04:00,0.0
2011-04-22 02:22:48-04:00,0.0
2011-04-22 02:22:51-04:00,0.0
2011-04-22 02:22:54-04:00,0.0
2011-04-22 02:22:57-04:00,0.0
2011-04-22 02:23:00-04:00,0.0
2011-04-22 02:23:03-04:00,0.0
2011-04-22 02:23:06-04:00,0.0
2011-04-22 02:23:09-04:00,0.0
2011-04-22 02:23:12-04:00,0.0
2011-04-22 02:23:15-04:00,0.0
2011-04-22 02:23:18-04:00,0.0
2011-04-22 02:23:21-04:00,0.0
2011-04-22 02:23:24-04:00,0.0
2011-04-22 02:23:27-04:00,0.0
2011-04-22 02:23:30-04:00,0.0
2011-04-22 02:23:33-04:00,0.0
2011-04-22 02:23:36-04:00,0.0
2011-04-22 02:23:39-04:00,0.0
2011-04-22 02:23:42-04:00,0.0
2011-04-22 02:23:45-04:00,0.0
2011-04-22 02:23:48-04:00,0.0
2011-04-22 02:23:51-04:00,0.0
2011-04-22 02:23:54-04:00,0.0
2011-04-22 02:23:57-04:00,0.0
2011-04-22 02:24:00-04:00,0.0
2011-04-22 02:24:03-04:00,0.0
2011-04-22 02:24:06-04:00,0.0
2011-04-22 02:24:09-04:00,0.0
2011-04-22 02:24:12-04:00,0.0
2011-04-22 02:24:15-04:00,0.0
2011-04-22 02:24:18-04:00,0.0
2011-04-22 02:24:21-04:00,0.0
2011-04-22 02:24:24-04:00,0.0
2011-04-22 02:24:27-04:00,0.0
2011-04-22 02:24:30-04:00,0.0
2011-04-22 02:24:33-04:00,0.0
2011-04-22 02:24:36-04:00,0.0
2011-04-22 02:24:39-04:00,0.0
2011-04-22 02:24:42-04:00,0.0
2011-04-22 02:24:45-04:00,0.0
2011-04-22 02:24:48-04:00,0.0
2011-04-22 02:24:51-04:00,0.0
2011-04-22 02:24:54-04:00,0.0
2011-04-22 02:24:57-04:00,0.0
2011-04-22 02:25:00-04:00,0.0
2011-04-22 02:25:03-04:00,0.0
2011-04-22 02:25:06-04:00,0.0
2011-04-22 02:25:09-04:00,0.0
2011-04-22 02:25:12-04:00,0.0
2011-04-22 02:25:15-04:00,0.0
2011-04-22 02:25:18-04:00,0.0
2011-04-22 02:25:21-04:00,0.0
2011-04-22 02:25:24-04:00,0.0
2011-04-22 02:25:27-04:00,0.0
2011-04-22 02:25:30-04:00,0.0
2011-04-22 02:25:33-04:00,0.0
2011-04-22 02:25:36-04:00,0.0
2011-04-22 02:25:39-04:00,0.0
2011-04-22 02:25:42-04:00,0.0
2011-04-22 02:25:45-04:00,0.0
2011-04-22 02:25:48-04:00,0.0
2011-04-22 02:25:51-04:00,0.0
2011-04-22 02:25:54-04:00,0.0
2011-04-22 02:25:57-04:00,0.0
2011-04-22 02:26:00-04:00,0.0
2011-04-22 02:26:03-04:00,0.0
2011-04-22 02:26:06-04:00,0.0
2011-04-22 02:26:09-04:00,0.0
2011-04-22 02:26:12-04:00,0.0
2011-04-22 02:26:15-04:00,0.0
2011-04-22 02:26:18-04:00,0.0
2011-04-22 02:26:21-04:00,0.0
2011-04-22 02:26:24-04:00,0.0
2011-04-22 02:26:27-04:00,0.0
2011-04-22 02:26:30-04:00,0.0
2011-04-22 02:26:33-04:00,0.0
2011-04-22 02:26:36-04:00,0.0
2011-04-22 02:26:39-04:00,0.0
2011-04-22 02:26:42-04:00,0.0
2011-04-22 02:26:45-04:00,0.0
2011-04-22 02:26:48-04:00,0.0
2011-04-22 02:26:51-04:00,0.0
2011-04-22 02:26:54-04:00,0.0
2011-04-22 02:26:57-04:00,0.0
2011-04-22 02:27:00-04:00,0.0
2011-04-22 02:27:03-04:00,0.0
2011-04-22 02:27:06-04:00,0.0
2011-04-22 02:27:09-04:00,0.0
2011-04-22 02:27:12-04:00,0.0
2011-04-22 02:27:15-04:00,0.0
2011-04-22 02:27:18-04:00,0.0
2011-04-22 02:27:21-04:00,0.0
2011-04-22 02:27:24-04:00,0.0
2011-04-22 02:27:27-04:00,0.0
2011-04-22 02:27:30-04:00,0.0
2011-04-22 02:27:33-04:00,0.0
2011-04-22 02:27:36-04:00,0.0
2011-04-22 02:27:39-04:00,0.0
2011-04-22 02:27:42-04:00,0.0
2011-04-22 02:27:45-04:00,0.0
2011-04-22 02:27:48-04:00,0.0
2011-04-22 02:27:51-04:00,0.0
2011-04-22 02:27:54-04:00,0.0
2011-04-22 02:27:57-04:00,0.0
2011-04-22 02:28:00-04:00,0.0
2011-04-22 02:28:03-04:00,0.0
2011-04-22 02:28:06-04:00,0.0
2011-04-22 02:28:09-04:00,0.0
2011-04-22 02:28:12-04:00,0.0
2011-04-22 02:28:15-04:00,0.0
2011-04-22 02:28:18-04:00,0.0
2011-04-22 02:28:21-04:00,0.0
2011-04-22 02:28:24-04:00,0.0
2011-04-22 02:28:27-04:00,0.0
2011-04-22 02:28:30-04:00,0.0
2011-04-22 02:28:33-04:00,0.0
2011-04-22 02:28:36-04:00,0.0
2011-04-22 02:28:39-04:00,0.0
2011-04-22 02:28:42-04:00,0.0
2011-04-22 02:28:45-04:00,0.0
2011-04-22 02:28:48-04:00,0.0
2011-04-22 02:28:51-04:00,0.0
2011-04-22 02:28:54-04:00,0.0
2011-04-22 02:28:57-04:00,0.0
2011-04-22 02:29:00-04:00,0.0
2011-04-22 02:29:03-04:00,0.0
2011-04-22 02:29:06-04:00,0.0
2011-04-22 02:29:09-04:00,0.0
2011-04-22 02:29:12-04:00,0.0
2011-04-22 02:29:15-04:00,0.0
2011-04-22 02:29:18-04:00,0.0
2011-04-22 02:29:21-04:00,0.0
2011-04-22 02:29:24-04:00,0.0
2011-04-22 02:29:27-04:00,0.0
2011-04-22 02:29:30-04:00,0.0
2011-04-22 02:29:33-04:00,0.0
2011-04-22 02:29:36-04:00,0.0
2011-04-22 02:29:39-04:00,0.0
2011-04-22 02:29:42-04:00,0.0
2011-04-22 02:29:45-04:00,0.0
2011-04-22 02:29:48-04:00,0.0
2011-04-22 02:29:51-04:00,0.0
2011-04-22 02:29:54-04:00,0.0
2011-04-22 02:29:57-04:00,0.0
2011-04-22 02:30:00-04:00,0.0
2011-04-22 02:30:03-04:00,0.0
2011-04-22 02:30:06-04:00,0.0
2011-04-22 02:30:09-04:00,0.0
2011-04-22 02:30:12-04:00,0.0
2011-04-22 02:30:15-04:00,0.0
2011-04-22 02:30:18-04:00,0.0
2011-04-22 02:30:21-04:00,0.0
2011-04-22 02:30:24-04:00,0.0
2011-04-22 02:30:27-04:00,0.0
2011-04-22 02:30:30-04:00,0.0
2011-04-22 02:30:33-04:00,0.0
2011-04-22 02:30:36-04:00,0.0
2011-04-22 02:30:39-04:00,0.0
2011-04-22 02:30:42-04:00,0.0
2011-04-22 02:30:45-04:00,0.0
2011-04-22 02:30:48-04:00,0.0
2011-04-22 02:30:51-04:00,0.0
2011-04-22 02:30:54-04:00,0.0
2011-04-22 02:30:57-04:00,0.0
2011-04-22 02:31:00-04:00,0.0
2011-04-22 02:31:03-04:00,0.0
2011-04-22 02:31:06-04:00,0.0
2011-04-22 02:31:09-04:00,0.0
2011-04-22 02:31:12-04:00,0.0
2011-04-22 02:31:15-04:00,0.0
2011-04-22 02:31:18-04:00,0.0
2011-04-22 02:31:21-04:00,0.0
2011-04-22 02:31:24-04:00,0.0
2011-04-22 02:31:27-04:00,0.0
2011-04-22 02:31:30-04:00,0.0
2011-04-22 02:31:33-04:00,0.0
2011-04-22 02:31:36-04:00,0.0
2011-04-22 02:31:39-04:00,0.0
2011-04-22 02:31:42-04:00,0.0
2011-04-22 02:31:45-04:00,0.0
2011-04-22 02:31:48-04:00,0.0
2011-04-22 02:31:51-04:00,0.0
2011-04-22 02:31:54-04:00,0.0
2011-04-22 02:31:57-04:00,0.0
2011-04-22 02:32:00-04:00,0.0
2011-04-22 02:32:03-04:00,0.0
2011-04-22 02:32:06-04:00,0.0
2011-04-22 02:32:09-04:00,0.0
2011-04-22 02:32:12-04:00,0.0
2011-04-22 02:32:15-04:00,0.0
2011-04-22 02:32:18-04:00,0.0
2011-04-22 02:32:21-04:00,0.0
2011-04-22 02:32:24-04:00,0.0
2011-04-22 02:32:27-04:00,0.0
2011-04-22 02:32:30-04:00,0.0
2011-04-22 02:32:33-04:00,0.0
2011-04-22 02:32:36-04:00,0.0
2011-04-22 02:32:39-04:00,0.0
2011-04-22 02:32:42-04:00,0.0
2011-04-22 02:32:45-04:00,0.0
2011-04-22 02:32:48-04:00,0.0
2011-04-22 02:32:51-04:00,0.0
2011-04-22 02:32:54-04:00,0.0
2011-04-22 02:32:57-04:00,0.0
2011-04-22 02:33:00-04:00,0.0
2011-04-22 02:33:03-04:00,0.0
2011-04-22 02:33:06-04:00,0.0
2011-04-22 02:33:09-04:00,0.0
2011-04-22 02:33:12-04:00,0.0
2011-04-22 02:33:15-04:00,0.0
2011-04-22 02:33:18-04:00,0.0
2011-04-22 02:33:21-04:00,0.0
2011-04-22 02:33:24-04:00,0.0
2011-04-22 02:33:27-04:00,0.0
2011-04-22 02:33:30-04:00,0.0
2011-04-22 02:33:33-04:00,0.0
2011-04-22 02:33:36-04:00,0.0
2011-04-22 02:33:39-04:00,0.0
2011-04-22 02:33:42-04:00,0.0
2011-04-22 02:33:45-04:00,0.0
2011-04-22 02:33:48-04:00,0.0
2011-04-22 02:33:51-04:00,0.0
2011-04-22 02:33:54-04:00,0.0
2011-04-22 02:33:57-04:00,0.0
2011-04-22 02:34:00-04:00,0.0
2011-04-22 02:34:03-04:00,0.0
2011-04-22 02:34:06-04:00,0.0
2011-04-22 02:34:09-04:00,0.0
2011-04-22 02:34:12-04:00,0.0
2011-04-22 02:34:15-04:00,0.0
2011-04-22 02:34:18-04:00,0.0
2011-04-22 02:34:21-04:00,0.0
2011-04-22 02:34:24-04:00,0.0
2011-04-22 02:34:27-04:00,0.0
2011-04-22 02:34:30-04:00,0.0
2011-04-22 02:34:33-04:00,0.0
2011-04-22 02:34:36-04:00,0.0
2011-04-22 02:34:39-04:00,0.0
2011-04-22 02:34:42-04:00,0.0
2011-04-22 02:34:45-04:00,0.0
2011-04-22 02:34:48-04:00,0.0
2011-04-22 02:34:51-04:00,0.0
2011-04-22 02:34:54-04:00,0.0
2011-04-22 02:34:57-04:00,0.0
2011-04-22 02:35:00-04:00,0.0
2011-04-22 02:35:03-04:00,0.0
2011-04-22 02:35:06-04:00,0.0
2011-04-22 02:35:09-04:00,0.0
2011-04-22 02:35:12-04:00,0.0
2011-04-22 02:35:15-04:00,0.0
2011-04-22 02:35:18-04:00,0.0
2011-04-22 02:35:21-04:00,0.0
2011-04-22 02:35:24-04:00,0.0
2011-04-22 02:35:27-04:00,0.0
2011-04-22 02:35:30-04:00,0.0
2011-04-22 02:35:33-04:00,0.0
2011-04-22 02:35:36-04:00,0.0
2011-04-22 02:35:39-04:00,0.0
2011-04-22 02:35:42-04:00,0.0
2011-04-22 02:35:45-04:00,0.0
2011-04-22 02:35:48-04:00,0.0
2011-04-22 02:35:51-04:00,0.0
2011-04-22 02:35:54-04:00,0.0
2011-04-22 02:35:57-04:00,0.0
2011-04-22 02:36:00-04:00,0.0
2011-04-22 02:36:03-04:00,0.0
2011-04-22 02:36:06-04:00,0.0
2011-04-22 02:36:09-04:00,0.0
2011-04-22 02:36:12-04:00,0.0
2011-04-22 02:36:15-04:00,0.0
2011-04-22 02:36:18-04:00,0.0
2011-04-22 02:36:21-04:00,0.0
2011-04-22 02:36:24-04:00,0.0
2011-04-22 02:36:27-04:00,0.0
2011-04-22 02:36:30-04:00,0.0
2011-04-22 02:36:33-04:00,0.0
2011-04-22 02:36:36-04:00,0.0
2011-04-22 02:36:39-04:00,0.0
2011-04-22 02:36:42-04:00,0.0
2011-04-22 02:36:45-04:00,0.0
2011-04-22 02:36:48-04:00,0.0
2011-04-22 02:36:51-04:00,0.0
2011-04-22 02:36:54-04:00,0.0
2011-04-22 02:36:57-04:00,0.0
2011-04-22 02:37:00-04:00,0.0
2011-04-22 02:37:03-04:00,0.0
2011-04-22 02:37:06-04:00,0.0
2011-04-22 02:37:09-04:00,0.0
2011-04-22 02:37:12-04:00,0.0
2011-04-22 02:37:15-04:00,0.0
2011-04-22 02:37:18-04:00,0.0
2011-04-22 02:37:21-04:00,0.0
2011-04-22 02:37:24-04:00,0.0
2011-04-22 02:37:27-04:00,0.0
2011-04-22 02:37:30-04:00,0.0
2011-04-22 02:37:33-04:00,0.0
2011-04-22 02:37:36-04:00,0.0
2011-04-22 02:37:39-04:00,0.0
2011-04-22 02:37:42-04:00,0.0
2011-04-22 02:37:45-04:00,0.0
2011-04-22 02:37:48-04:00,0.0
2011-04-22 02:37:51-04:00,0.0
2011-04-22 02:37:54-04:00,0.0
2011-04-22 02:37:57-04:00,0.0
2011-04-22 02:38:00-04:00,0.0
2011-04-22 02:38:03-04:00,0.0
2011-04-22 02:38:06-04:00,0.0
2011-04-22 02:38:09-04:00,0.0
2011-04-22 02:38:12-04:00,0.0
2011-04-22 02:38:15-04:00,0.0
2011-04-22 02:38:18-04:00,0.0
2011-04-22 02:38:21-04:00,0.0
2011-04-22 02:38:24-04:00,0.0
2011-04-22 02:38:27-04:00,0.0
2011-04-22 02:38:30-04:00,0.0
2011-04-22 02:38:33-04:00,0.0
2011-04-22 02:38:36-04:00,0.0
2011-04-22 02:38:39-04:00,0.0
2011-04-22 02:38:42-04:00,0.0
2011-04-22 02:38:45-04:00,0.0
2011-04-22 02:38:48-04:00,0.0
2011-04-22 02:38:51-04:00,0.0
2011-04-22 02:38:54-04:00,0.0
2011-04-22 02:38:57-04:00,0.0
2011-04-22 02:39:00-04:00,0.0
2011-04-22 02:39:03-04:00,0.0
2011-04-22 02:39:06-04:00,0.0
2011-04-22 02:39:09-04:00,0.0
2011-04-22 02:39:12-04:00,0.0
2011-04-22 02:39:15-04:00,0.0
2011-04-22 02:39:18-04:00,0.0
2011-04-22 02:39:21-04:00,0.0
2011-04-22 02:39:24-04:00,0.0
2011-04-22 02:39:27-04:00,0.0
2011-04-22 02:39:30-04:00,0.0
2011-04-22 02:39:33-04:00,0.0
2011-04-22 02:39:36-04:00,0.0
2011-04-22 02:39:39-04:00,0.0
2011-04-22 02:39:42-04:00,0.0
2011-04-22 02:39:45-04:00,0.0
2011-04-22 02:39:48-04:00,0.0
2011-04-22 02:39:51-04:00,0.0
2011-04-22 02:39:54-04:00,0.0
2011-04-22 02:39:57-04:00,0.0
2011-04-22 02:40:00-04:00,0.0
2011-04-22 02:40:03-04:00,0.0
2011-04-22 02:40:06-04:00,0.0
2011-04-22 02:40:09-04:00,0.0
2011-04-22 02:40:12-04:00,0.0
2011-04-22 02:40:15-04:00,0.0
2011-04-22 02:40:18-04:00,0.0
2011-04-22 02:40:21-04:00,0.0
2011-04-22 02:40:24-04:00,0.0
2011-04-22 02:40:27-04:00,0.0
2011-04-22 02:40:30-04:00,0.0
2011-04-22 02:40:33-04:00,0.0
2011-04-22 02:40:36-04:00,0.0
2011-04-22 02:40:39-04:00,0.0
2011-04-22 02:40:42-04:00,0.0
2011-04-22 02:40:45-04:00,0.0
2011-04-22 02:40:48-04:00,0.0
2011-04-22 02:40:51-04:00,0.0
2011-04-22 02:40:54-04:00,0.0
2011-04-22 02:40:57-04:00,0.0
2011-04-22 02:41:00-04:00,0.0
2011-04-22 02:41:03-04:00,0.0
2011-04-22 02:41:06-04:00,0.0
2011-04-22 02:41:09-04:00,0.0
2011-04-22 02:41:12-04:00,0.0
2011-04-22 02:41:15-04:00,0.0
2011-04-22 02:41:18-04:00,0.0
2011-04-22 02:41:21-04:00,0.0
2011-04-22 02:41:24-04:00,0.0
2011-04-22 02:41:27-04:00,0.0
2011-04-22 02:41:30-04:00,0.0
2011-04-22 02:41:33-04:00,0.0
2011-04-22 02:41:36-04:00,0.0
2011-04-22 02:41:39-04:00,0.0
2011-04-22 02:41:42-04:00,0.0
2011-04-22 02:41:45-04:00,0.0
2011-04-22 02:41:48-04:00,0.0
2011-04-22 02:41:51-04:00,0.0
2011-04-22 02:41:54-04:00,0.0
2011-04-22 02:41:57-04:00,0.0
2011-04-22 02:42:00-04:00,0.0
2011-04-22 02:42:03-04:00,0.0
2011-04-22 02:42:06-04:00,0.0
2011-04-22 02:42:09-04:00,0.0
2011-04-22 02:42:12-04:00,0.0
2011-04-22 02:42:15-04:00,0.0
2011-04-22 02:42:18-04:00,0.0
2011-04-22 02:42:21-04:00,0.0
2011-04-22 02:42:24-04:00,0.0
2011-04-22 02:42:27-04:00,0.0
2011-04-22 02:42:30-04:00,0.0
2011-04-22 02:42:33-04:00,0.0
2011-04-22 02:42:36-04:00,0.0
2011-04-22 02:42:39-04:00,0.0
2011-04-22 02:42:42-04:00,0.0
2011-04-22 02:42:45-04:00,0.0
2011-04-22 02:42:48-04:00,0.0
2011-04-22 02:42:51-04:00,0.0
2011-04-22 02:42:54-04:00,0.0
2011-04-22 02:42:57-04:00,0.0
2011-04-22 02:43:00-04:00,0.0
2011-04-22 02:43:03-04:00,0.0
2011-04-22 02:43:06-04:00,0.0
2011-04-22 02:43:09-04:00,0.0
2011-04-22 02:43:12-04:00,0.0
2011-04-22 02:43:15-04:00,0.0
2011-04-22 02:43:18-04:00,0.0
2011-04-22 02:43:21-04:00,0.0
2011-04-22 02:43:24-04:00,0.0
2011-04-22 02:43:27-04:00,0.0
2011-04-22 02:43:30-04:00,0.0
2011-04-22 02:43:33-04:00,0.0
2011-04-22 02:43:36-04:00,0.0
2011-04-22 02:43:39-04:00,0.0
2011-04-22 02:43:42-04:00,0.0
2011-04-22 02:43:45-04:00,0.0
2011-04-22 02:43:48-04:00,0.0
2011-04-22 02:43:51-04:00,0.0
2011-04-22 02:43:54-04:00,0.0
2011-04-22 02:43:57-04:00,0.0
2011-04-22 02:44:00-04:00,0.0
2011-04-22 02:44:03-04:00,0.0
2011-04-22 02:44:06-04:00,0.0
2011-04-22 02:44:09-04:00,0.0
2011-04-22 02:44:12-04:00,0.0
2011-04-22 02:44:15-04:00,0.0
2011-04-22 02:44:18-04:00,0.0
2011-04-22 02:44:21-04:00,0.0
2011-04-22 02:44:24-04:00,0.0
2011-04-22 02:44:27-04:00,0.0
2011-04-22 02:44:30-04:00,0.0
2011-04-22 02:44:33-04:00,0.0
2011-04-22 02:44:36-04:00,0.0
2011-04-22 02:44:39-04:00,0.0
2011-04-22 02:44:42-04:00,0.0
2011-04-22 02:44:45-04:00,0.0
2011-04-22 02:44:48-04:00,0.0
2011-04-22 02:44:51-04:00,0.0
2011-04-22 02:44:54-04:00,0.0
2011-04-22 02:44:57-04:00,0.0
2011-04-22 02:45:00-04:00,0.0
2011-04-22 02:45:03-04:00,0.0
2011-04-22 02:45:06-04:00,0.0
2011-04-22 02:45:09-04:00,0.0
2011-04-22 02:45:12-04:00,0.0
2011-04-22 02:45:15-04:00,0.0
2011-04-22 02:45:18-04:00,0.0
2011-04-22 02:45:21-04:00,0.0
2011-04-22 02:45:24-04:00,0.0
2011-04-22 02:45:27-04:00,0.0
2011-04-22 02:45:30-04:00,0.0
2011-04-22 02:45:33-04:00,0.0
2011-04-22 02:45:36-04:00,0.0
2011-04-22 02:45:39-04:00,0.0
2011-04-22 02:45:42-04:00,0.0
2011-04-22 02:45:45-04:00,0.0
2011-04-22 02:45:48-04:00,0.0
2011-04-22 02:45:51-04:00,0.0
2011-04-22 02:45:54-04:00,0.0
2011-04-22 02:45:57-04:00,0.0
2011-04-22 02:46:00-04:00,0.0
2011-04-22 02:46:03-04:00,0.0
2011-04-22 02:46:06-04:00,0.0
2011-04-22 02:46:09-04:00,0.0
2011-04-22 02:46:12-04:00,0.0
2011-04-22 02:46:15-04:00,0.0
2011-04-22 02:46:18-04:00,0.0
2011-04-22 02:46:21-04:00,0.0
2011-04-22 02:46:24-04:00,0.0
2011-04-22 02:46:27-04:00,0.0
2011-04-22 02:46:30-04:00,0.0
2011-04-22 02:46:33-04:00,0.0
2011-04-22 02:46:36-04:00,0.0
2011-04-22 02:46:39-04:00,0.0
2011-04-22 02:46:42-04:00,0.0
2011-04-22 02:46:45-04:00,0.0
2011-04-22 02:46:48-04:00,0.0
2011-04-22 02:46:51-04:00,0.0
2011-04-22 02:46:54-04:00,0.0
2011-04-22 02:46:57-04:00,0.0
2011-04-22 02:47:00-04:00,0.0
2011-04-22 02:47:03-04:00,0.0
2011-04-22 02:47:06-04:00,0.0
2011-04-22 02:47:09-04:00,0.0
2011-04-22 02:47:12-04:00,0.0
2011-04-22 02:47:15-04:00,0.0
2011-04-22 02:47:18-04:00,0.0
2011-04-22 02:47:21-04:00,0.0
2011-04-22 02:47:24-04:00,0.0
2011-04-22 02:47:27-04:00,0.0
2011-04-22 02:47:30-04:00,0.0
2011-04-22 02:47:33-04:00,0.0
2011-04-22 02:47:36-04:00,0.0
2011-04-22 02:47:39-04:00,0.0
2011-04-22 02:47:42-04:00,0.0
2011-04-22 02:47:45-04:00,0.0
2011-04-22 02:47:48-04:00,0.0
2011-04-22 02:47:51-04:00,0.0
2011-04-22 02:47:54-04:00,0.0
2011-04-22 02:47:57-04:00,0.0
2011-04-22 02:48:00-04:00,0.0
2011-04-22 02:48:03-04:00,0.0
2011-04-22 02:48:06-04:00,0.0
2011-04-22 02:48:09-04:00,0.0
2011-04-22 02:48:12-04:00,0.0
2011-04-22 02:48:15-04:00,0.0
2011-04-22 02:48:18-04:00,0.0
2011-04-22 02:48:21-04:00,0.0
2011-04-22 02:48:24-04:00,0.0
2011-04-22 02:48:27-04:00,0.0
2011-04-22 02:48:30-04:00,0.0
2011-04-22 02:48:33-04:00,0.0
2011-04-22 02:48:36-04:00,0.0
2011-04-22 02:48:39-04:00,0.0
2011-04-22 02:48:42-04:00,0.0
2011-04-22 02:48:45-04:00,0.0
2011-04-22 02:48:48-04:00,0.0
2011-04-22 02:48:51-04:00,0.0
2011-04-22 02:48:54-04:00,0.0
2011-04-22 02:48:57-04:00,0.0
2011-04-22 02:49:00-04:00,0.0
2011-04-22 02:49:03-04:00,0.0
2011-04-22 02:49:06-04:00,0.0
2011-04-22 02:49:09-04:00,0.0
2011-04-22 02:49:12-04:00,0.0
2011-04-22 02:49:15-04:00,0.0
2011-04-22 02:49:18-04:00,0.0
2011-04-22 02:49:21-04:00,0.0
2011-04-22 02:49:24-04:00,0.0
2011-04-22 02:49:27-04:00,0.0
2011-04-22 02:49:30-04:00,0.0
2011-04-22 02:49:33-04:00,0.0
2011-04-22 02:49:36-04:00,0.0
2011-04-22 02:49:39-04:00,0.0
2011-04-22 02:49:42-04:00,0.0
2011-04-22 02:49:45-04:00,0.0
2011-04-22 02:49:48-04:00,0.0
2011-04-22 02:49:51-04:00,0.0
2011-04-22 02:49:54-04:00,0.0
2011-04-22 02:49:57-04:00,0.0
2011-04-22 02:50:00-04:00,0.0
2011-04-22 02:50:03-04:00,0.0
2011-04-22 02:50:06-04:00,0.0
2011-04-22 02:50:09-04:00,0.0
2011-04-22 02:50:12-04:00,0.0
2011-04-22 02:50:15-04:00,0.0
2011-04-22 02:50:18-04:00,0.0
2011-04-22 02:50:21-04:00,0.0
2011-04-22 02:50:24-04:00,0.0
2011-04-22 02:50:27-04:00,0.0
2011-04-22 02:50:30-04:00,0.0
2011-04-22 02:50:33-04:00,0.0
2011-04-22 02:50:36-04:00,0.0
2011-04-22 02:50:39-04:00,0.0
2011-04-22 02:50:42-04:00,0.0
2011-04-22 02:50:45-04:00,0.0
2011-04-22 02:50:48-04:00,0.0
2011-04-22 02:50:51-04:00,0.0
2011-04-22 02:50:54-04:00,0.0
2011-04-22 02:50:57-04:00,0.0
2011-04-22 02:51:00-04:00,0.0
2011-04-22 02:51:03-04:00,0.0
2011-04-22 02:51:06-04:00,0.0
2011-04-22 02:51:09-04:00,0.0
2011-04-22 02:51:12-04:00,0.0
2011-04-22 02:51:15-04:00,0.0
2011-04-22 02:51:18-04:00,0.0
2011-04-22 02:51:21-04:00,0.0
2011-04-22 02:51:24-04:00,0.0
2011-04-22 02:51:27-04:00,0.0
2011-04-22 02:51:30-04:00,0.0
2011-04-22 02:51:33-04:00,0.0
2011-04-22 02:51:36-04:00,0.0
2011-04-22 02:51:39-04:00,0.0
2011-04-22 02:51:42-04:00,0.0
2011-04-22 02:51:45-04:00,0.0
2011-04-22 02:51:48-04:00,0.0
2011-04-22 02:51:51-04:00,0.0
2011-04-22 02:51:54-04:00,0.0
2011-04-22 02:51:57-04:00,0.0
2011-04-22 02:52:00-04:00,0.0
2011-04-22 02:52:03-04:00,0.0
2011-04-22 02:52:06-04:00,0.0
2011-04-22 02:52:09-04:00,0.0
2011-04-22 02:52:12-04:00,0.0
2011-04-22 02:52:15-04:00,0.0
2011-04-22 02:52:18-04:00,0.0
2011-04-22 02:52:21-04:00,0.0
2011-04-22 02:52:24-04:00,0.0
2011-04-22 02:52:27-04:00,0.0
2011-04-22 02:52:30-04:00,0.0
2011-04-22 02:52:33-04:00,0.0
2011-04-22 02:52:36-04:00,0.0
2011-04-22 02:52:39-04:00,0.0
2011-04-22 02:52:42-04:00,0.0
2011-04-22 02:52:45-04:00,0.0
2011-04-22 02:52:48-04:00,0.0
2011-04-22 02:52:51-04:00,0.0
2011-04-22 02:52:54-04:00,0.0
2011-04-22 02:52:57-04:00,0.0
2011-04-22 02:53:00-04:00,0.0
2011-04-22 02:53:03-04:00,0.0
2011-04-22 02:53:06-04:00,0.0
2011-04-22 02:53:09-04:00,0.0
2011-04-22 02:53:12-04:00,0.0
2011-04-22 02:53:15-04:00,0.0
2011-04-22 02:53:18-04:00,0.0
2011-04-22 02:53:21-04:00,0.0
2011-04-22 02:53:24-04:00,0.0
2011-04-22 02:53:27-04:00,0.0
2011-04-22 02:53:30-04:00,0.0
2011-04-22 02:53:33-04:00,0.0
2011-04-22 02:53:36-04:00,0.0
2011-04-22 02:53:39-04:00,0.0
2011-04-22 02:53:42-04:00,0.0
2011-04-22 02:53:45-04:00,0.0
2011-04-22 02:53:48-04:00,0.0
2011-04-22 02:53:51-04:00,0.0
2011-04-22 02:53:54-04:00,0.0
2011-04-22 02:53:57-04:00,0.0
2011-04-22 02:54:00-04:00,0.0
2011-04-22 02:54:03-04:00,0.0
2011-04-22 02:54:06-04:00,0.0
2011-04-22 02:54:09-04:00,0.0
2011-04-22 02:54:12-04:00,0.0
2011-04-22 02:54:15-04:00,0.0
2011-04-22 02:54:18-04:00,0.0
2011-04-22 02:54:21-04:00,0.0
2011-04-22 02:54:24-04:00,0.0
2011-04-22 02:54:27-04:00,0.0
2011-04-22 02:54:30-04:00,0.0
2011-04-22 02:54:33-04:00,0.0
2011-04-22 02:54:36-04:00,0.0
2011-04-22 02:54:39-04:00,0.0
2011-04-22 02:54:42-04:00,0.0
2011-04-22 02:54:45-04:00,0.0
2011-04-22 02:54:48-04:00,0.0
2011-04-22 02:54:51-04:00,0.0
2011-04-22 02:54:54-04:00,0.0
2011-04-22 02:54:57-04:00,0.0
2011-04-22 02:55:00-04:00,0.0
2011-04-22 02:55:03-04:00,0.0
2011-04-22 02:55:06-04:00,0.0
2011-04-22 02:55:09-04:00,0.0
2011-04-22 02:55:12-04:00,0.0
2011-04-22 02:55:15-04:00,0.0
2011-04-22 02:55:18-04:00,0.0
2011-04-22 02:55:21-04:00,0.0
2011-04-22 02:55:24-04:00,0.0
2011-04-22 02:55:27-04:00,0.0
2011-04-22 02:55:30-04:00,0.0
2011-04-22 02:55:33-04:00,0.0
2011-04-22 02:55:36-04:00,0.0
2011-04-22 02:55:39-04:00,0.0
2011-04-22 02:55:42-04:00,0.0
2011-04-22 02:55:45-04:00,0.0
2011-04-22 02:55:48-04:00,0.0
2011-04-22 02:55:51-04:00,0.0
2011-04-22 02:55:54-04:00,0.0
2011-04-22 02:55:57-04:00,0.0
2011-04-22 02:56:00-04:00,0.0
2011-04-22 02:56:03-04:00,0.0
2011-04-22 02:56:06-04:00,0.0
2011-04-22 02:56:09-04:00,0.0
2011-04-22 02:56:12-04:00,0.0
2011-04-22 02:56:15-04:00,0.0
2011-04-22 02:56:18-04:00,0.0
2011-04-22 02:56:21-04:00,0.0
2011-04-22 02:56:24-04:00,0.0
2011-04-22 02:56:27-04:00,0.0
2011-04-22 02:56:30-04:00,0.0
2011-04-22 02:56:33-04:00,0.0
2011-04-22 02:56:36-04:00,0.0
2011-04-22 02:56:39-04:00,0.0
2011-04-22 02:56:42-04:00,0.0
2011-04-22 02:56:45-04:00,0.0
2011-04-22 02:56:48-04:00,0.0
2011-04-22 02:56:51-04:00,0.0
2011-04-22 02:56:54-04:00,0.0
2011-04-22 02:56:57-04:00,0.0
2011-04-22 02:57:00-04:00,0.0
2011-04-22 02:57:03-04:00,0.0
2011-04-22 02:57:06-04:00,0.0
2011-04-22 02:57:09-04:00,0.0
2011-04-22 02:57:12-04:00,0.0
2011-04-22 02:57:15-04:00,0.0
2011-04-22 02:57:18-04:00,0.0
2011-04-22 02:57:21-04:00,0.0
2011-04-22 02:57:24-04:00,0.0
2011-04-22 02:57:27-04:00,0.0
2011-04-22 02:57:30-04:00,0.0
2011-04-22 02:57:33-04:00,0.0
2011-04-22 02:57:36-04:00,0.0
2011-04-22 02:57:39-04:00,0.0
2011-04-22 02:57:42-04:00,0.0
2011-04-22 02:57:45-04:00,0.0
2011-04-22 02:57:48-04:00,0.0
2011-04-22 02:57:51-04:00,0.0
2011-04-22 02:57:54-04:00,0.0
2011-04-22 02:57:57-04:00,0.0
2011-04-22 02:58:00-04:00,0.0
2011-04-22 02:58:03-04:00,0.0
2011-04-22 02:58:06-04:00,0.0
2011-04-22 02:58:09-04:00,0.0
2011-04-22 02:58:12-04:00,0.0
2011-04-22 02:58:15-04:00,0.0
2011-04-22 02:58:18-04:00,0.0
2011-04-22 02:58:21-04:00,0.0
2011-04-22 02:58:24-04:00,0.0
2011-04-22 02:58:27-04:00,0.0
2011-04-22 02:58:30-04:00,0.0
2011-04-22 02:58:33-04:00,0.0
2011-04-22 02:58:36-04:00,0.0
2011-04-22 02:58:39-04:00,0.0
2011-04-22 02:58:42-04:00,0.0
2011-04-22 02:58:45-04:00,0.0
2011-04-22 02:58:48-04:00,0.0
2011-04-22 02:58:51-04:00,0.0
2011-04-22 02:58:54-04:00,0.0
2011-04-22 02:58:57-04:00,0.0
2011-04-22 02:59:00-04:00,0.0
2011-04-22 02:59:03-04:00,0.0
2011-04-22 02:59:06-04:00,0.0
2011-04-22 02:59:09-04:00,0.0
2011-04-22 02:59:12-04:00,0.0
2011-04-22 02:59:15-04:00,0.0
2011-04-22 02:59:18-04:00,0.0
2011-04-22 02:59:21-04:00,0.0
2011-04-22 02:59:24-04:00,0.0
2011-04-22 02:59:27-04:00,0.0
2011-04-22 02:59:30-04:00,0.0
2011-04-22 02:59:33-04:00,0.0
2011-04-22 02:59:36-04:00,0.0
2011-04-22 02:59:39-04:00,0.0
2011-04-22 02:59:42-04:00,0.0
2011-04-22 02:59:45-04:00,0.0
2011-04-22 02:59:48-04:00,0.0
2011-04-22 02:59:51-04:00,0.0
2011-04-22 02:59:54-04:00,0.0
2011-04-22 02:59:57-04:00,0.0
2011-04-22 03:00:00-04:00,0.0
2011-04-22 03:00:03-04:00,0.0
2011-04-22 03:00:06-04:00,0.0
2011-04-22 03:00:09-04:00,0.0
2011-04-22 03:00:12-04:00,0.0
2011-04-22 03:00:15-04:00,0.0
2011-04-22 03:00:18-04:00,0.0
2011-04-22 03:00:21-04:00,0.0
2011-04-22 03:00:24-04:00,0.0
2011-04-22 03:00:27-04:00,0.0
2011-04-22 03:00:30-04:00,0.0
2011-04-22 03:00:33-04:00,0.0
2011-04-22 03:00:36-04:00,0.0
2011-04-22 03:00:39-04:00,0.0
2011-04-22 03:00:42-04:00,0.0
2011-04-22 03:00:45-04:00,0.0
2011-04-22 03:00:48-04:00,0.0
2011-04-22 03:00:51-04:00,0.0
2011-04-22 03:00:54-04:00,0.0
2011-04-22 03:00:57-04:00,0.0
2011-04-22 03:01:00-04:00,0.0
2011-04-22 03:01:03-04:00,0.0
2011-04-22 03:01:06-04:00,0.0
2011-04-22 03:01:09-04:00,0.0
2011-04-22 03:01:12-04:00,0.0
2011-04-22 03:01:15-04:00,0.0
2011-04-22 03:01:18-04:00,0.0
2011-04-22 03:01:21-04:00,0.0
2011-04-22 03:01:24-04:00,0.0
2011-04-22 03:01:27-04:00,0.0
2011-04-22 03:01:30-04:00,0.0
2011-04-22 03:01:33-04:00,0.0
2011-04-22 03:01:36-04:00,0.0
2011-04-22 03:01:39-04:00,0.0
2011-04-22 03:01:42-04:00,0.0
2011-04-22 03:01:45-04:00,0.0
2011-04-22 03:01:48-04:00,0.0
2011-04-22 03:01:51-04:00,0.0
2011-04-22 03:01:54-04:00,0.0
2011-04-22 03:01:57-04:00,0.0
2011-04-22 03:02:00-04:00,0.0
2011-04-22 03:02:03-04:00,0.0
2011-04-22 03:02:06-04:00,0.0
2011-04-22 03:02:09-04:00,0.0
2011-04-22 03:02:12-04:00,0.0
2011-04-22 03:02:15-04:00,0.0
2011-04-22 03:02:18-04:00,0.0
2011-04-22 03:02:21-04:00,0.0
2011-04-22 03:02:24-04:00,0.0
2011-04-22 03:02:27-04:00,0.0
2011-04-22 03:02:30-04:00,0.0
2011-04-22 03:02:33-04:00,0.0
2011-04-22 03:02:36-04:00,0.0
2011-04-22 03:02:39-04:00,0.0
2011-04-22 03:02:42-04:00,0.0
2011-04-22 03:02:45-04:00,0.0
2011-04-22 03:02:48-04:00,0.0
2011-04-22 03:02:51-04:00,0.0
2011-04-22 03:02:54-04:00,0.0
2011-04-22 03:02:57-04:00,0.0
2011-04-22 03:03:00-04:00,0.0
2011-04-22 03:03:03-04:00,0.0
2011-04-22 03:03:06-04:00,0.0
2011-04-22 03:03:09-04:00,0.0
2011-04-22 03:03:12-04:00,0.0
2011-04-22 03:03:15-04:00,0.0
2011-04-22 03:03:18-04:00,0.0
2011-04-22 03:03:21-04:00,0.0
2011-04-22 03:03:24-04:00,0.0
2011-04-22 03:03:27-04:00,0.0
2011-04-22 03:03:30-04:00,0.0
2011-04-22 03:03:33-04:00,0.0
2011-04-22 03:03:36-04:00,0.0
2011-04-22 03:03:39-04:00,0.0
2011-04-22 03:03:42-04:00,0.0
2011-04-22 03:03:45-04:00,0.0
2011-04-22 03:03:48-04:00,0.0
2011-04-22 03:03:51-04:00,0.0
2011-04-22 03:03:54-04:00,0.0
2011-04-22 03:03:57-04:00,0.0
2011-04-22 03:04:00-04:00,0.0
2011-04-22 03:04:03-04:00,0.0
2011-04-22 03:04:06-04:00,0.0
2011-04-22 03:04:09-04:00,0.0
2011-04-22 03:04:12-04:00,0.0
2011-04-22 03:04:15-04:00,0.0
2011-04-22 03:04:18-04:00,0.0
2011-04-22 03:04:21-04:00,0.0
2011-04-22 03:04:24-04:00,0.0
2011-04-22 03:04:27-04:00,0.0
2011-04-22 03:04:30-04:00,0.0
2011-04-22 03:04:33-04:00,0.0
2011-04-22 03:04:36-04:00,0.0
2011-04-22 03:04:39-04:00,0.0
2011-04-22 03:04:42-04:00,0.0
2011-04-22 03:04:45-04:00,0.0
2011-04-22 03:04:48-04:00,0.0
2011-04-22 03:04:51-04:00,0.0
2011-04-22 03:04:54-04:00,0.0
2011-04-22 03:04:57-04:00,0.0
2011-04-22 03:05:00-04:00,0.0
2011-04-22 03:05:03-04:00,0.0
2011-04-22 03:05:06-04:00,0.0
2011-04-22 03:05:09-04:00,0.0
2011-04-22 03:05:12-04:00,0.0
2011-04-22 03:05:15-04:00,0.0
2011-04-22 03:05:18-04:00,0.0
2011-04-22 03:05:21-04:00,0.0
2011-04-22 03:05:24-04:00,0.0
2011-04-22 03:05:27-04:00,0.0
2011-04-22 03:05:30-04:00,0.0
2011-04-22 03:05:33-04:00,0.0
2011-04-22 03:05:36-04:00,0.0
2011-04-22 03:05:39-04:00,0.0
2011-04-22 03:05:42-04:00,0.0
2011-04-22 03:05:45-04:00,0.0
2011-04-22 03:05:48-04:00,0.0
2011-04-22 03:05:51-04:00,0.0
2011-04-22 03:05:54-04:00,0.0
2011-04-22 03:05:57-04:00,0.0
2011-04-22 03:06:00-04:00,0.0
2011-04-22 03:06:03-04:00,0.0
2011-04-22 03:06:06-04:00,0.0
2011-04-22 03:06:09-04:00,0.0
2011-04-22 03:06:12-04:00,0.0
2011-04-22 03:06:15-04:00,0.0
2011-04-22 03:06:18-04:00,0.0
2011-04-22 03:06:21-04:00,0.0
2011-04-22 03:06:24-04:00,0.0
2011-04-22 03:06:27-04:00,0.0
2011-04-22 03:06:30-04:00,0.0
2011-04-22 03:06:33-04:00,0.0
2011-04-22 03:06:36-04:00,0.0
2011-04-22 03:06:39-04:00,0.0
2011-04-22 03:06:42-04:00,0.0
2011-04-22 03:06:45-04:00,0.0
2011-04-22 03:06:48-04:00,0.0
2011-04-22 03:06:51-04:00,0.0
2011-04-22 03:06:54-04:00,0.0
2011-04-22 03:06:57-04:00,0.0
2011-04-22 03:07:00-04:00,0.0
2011-04-22 03:07:03-04:00,0.0
2011-04-22 03:07:06-04:00,0.0
2011-04-22 03:07:09-04:00,0.0
2011-04-22 03:07:12-04:00,0.0
2011-04-22 03:07:15-04:00,0.0
2011-04-22 03:07:18-04:00,0.0
2011-04-22 03:07:21-04:00,0.0
2011-04-22 03:07:24-04:00,0.0
2011-04-22 03:07:27-04:00,0.0
2011-04-22 03:07:30-04:00,0.0
2011-04-22 03:07:33-04:00,0.0
2011-04-22 03:07:36-04:00,0.0
2011-04-22 03:07:39-04:00,0.0
2011-04-22 03:07:42-04:00,0.0
2011-04-22 03:07:45-04:00,0.0
2011-04-22 03:07:48-04:00,0.0
2011-04-22 03:07:51-04:00,0.0
2011-04-22 03:07:54-04:00,0.0
2011-04-22 03:07:57-04:00,0.0
2011-04-22 03:08:00-04:00,0.0
2011-04-22 03:08:03-04:00,0.0
2011-04-22 03:08:06-04:00,0.0
2011-04-22 03:08:09-04:00,0.0
2011-04-22 03:08:12-04:00,0.0
2011-04-22 03:08:15-04:00,0.0
2011-04-22 03:08:18-04:00,0.0
2011-04-22 03:08:21-04:00,0.0
2011-04-22 03:08:24-04:00,0.0
2011-04-22 03:08:27-04:00,0.0
2011-04-22 03:08:30-04:00,0.0
2011-04-22 03:08:33-04:00,0.0
2011-04-22 03:08:36-04:00,0.0
2011-04-22 03:08:39-04:00,0.0
2011-04-22 03:08:42-04:00,0.0
2011-04-22 03:08:45-04:00,0.0
2011-04-22 03:08:48-04:00,0.0
2011-04-22 03:08:51-04:00,0.0
2011-04-22 03:08:54-04:00,0.0
2011-04-22 03:08:57-04:00,0.0
2011-04-22 03:09:00-04:00,0.0
2011-04-22 03:09:03-04:00,0.0
2011-04-22 03:09:06-04:00,0.0
2011-04-22 03:09:09-04:00,0.0
2011-04-22 03:09:12-04:00,0.0
2011-04-22 03:09:15-04:00,0.0
2011-04-22 03:09:18-04:00,0.0
2011-04-22 03:09:21-04:00,0.0
2011-04-22 03:09:24-04:00,0.0
2011-04-22 03:09:27-04:00,0.0
2011-04-22 03:09:30-04:00,0.0
2011-04-22 03:09:33-04:00,0.0
2011-04-22 03:09:36-04:00,0.0
2011-04-22 03:09:39-04:00,0.0
2011-04-22 03:09:42-04:00,0.0
2011-04-22 03:09:45-04:00,0.0
2011-04-22 03:09:48-04:00,0.0
2011-04-22 03:09:51-04:00,0.0
2011-04-22 03:09:54-04:00,0.0
2011-04-22 03:09:57-04:00,0.0
2011-04-22 03:10:00-04:00,0.0
2011-04-22 03:10:03-04:00,0.0
2011-04-22 03:10:06-04:00,0.0
2011-04-22 03:10:09-04:00,0.0
2011-04-22 03:10:12-04:00,0.0
2011-04-22 03:10:15-04:00,0.0
2011-04-22 03:10:18-04:00,0.0
2011-04-22 03:10:21-04:00,0.0
2011-04-22 03:10:24-04:00,0.0
2011-04-22 03:10:27-04:00,0.0
2011-04-22 03:10:30-04:00,0.0
2011-04-22 03:10:33-04:00,0.0
2011-04-22 03:10:36-04:00,0.0
2011-04-22 03:10:39-04:00,0.0
2011-04-22 03:10:42-04:00,0.0
2011-04-22 03:10:45-04:00,0.0
2011-04-22 03:10:48-04:00,0.0
2011-04-22 03:10:51-04:00,0.0
2011-04-22 03:10:54-04:00,0.0
2011-04-22 03:10:57-04:00,0.0
2011-04-22 03:11:00-04:00,0.0
2011-04-22 03:11:03-04:00,0.0
2011-04-22 03:11:06-04:00,0.0
2011-04-22 03:11:09-04:00,0.0
2011-04-22 03:11:12-04:00,0.0
2011-04-22 03:11:15-04:00,0.0
2011-04-22 03:11:18-04:00,0.0
2011-04-22 03:11:21-04:00,0.0
2011-04-22 03:11:24-04:00,0.0
2011-04-22 03:11:27-04:00,0.0
2011-04-22 03:11:30-04:00,0.0
2011-04-22 03:11:33-04:00,0.0
2011-04-22 03:11:36-04:00,0.0
2011-04-22 03:11:39-04:00,0.0
2011-04-22 03:11:42-04:00,0.0
2011-04-22 03:11:45-04:00,0.0
2011-04-22 03:11:48-04:00,0.0
2011-04-22 03:11:51-04:00,0.0
2011-04-22 03:11:54-04:00,0.0
2011-04-22 03:11:57-04:00,0.0
2011-04-22 03:12:00-04:00,0.0
2011-04-22 03:12:03-04:00,0.0
2011-04-22 03:12:06-04:00,0.0
2011-04-22 03:12:09-04:00,0.0
2011-04-22 03:12:12-04:00,0.0
2011-04-22 03:12:15-04:00,0.0
2011-04-22 03:12:18-04:00,0.0
2011-04-22 03:12:21-04:00,0.0
2011-04-22 03:12:24-04:00,0.0
2011-04-22 03:12:27-04:00,0.0
2011-04-22 03:12:30-04:00,0.0
2011-04-22 03:12:33-04:00,0.0
2011-04-22 03:12:36-04:00,0.0
2011-04-22 03:12:39-04:00,0.0
2011-04-22 03:12:42-04:00,0.0
2011-04-22 03:12:45-04:00,0.0
2011-04-22 03:12:48-04:00,0.0
2011-04-22 03:12:51-04:00,0.0
2011-04-22 03:12:54-04:00,0.0
2011-04-22 03:12:57-04:00,0.0
2011-04-22 03:13:00-04:00,0.0
2011-04-22 03:13:03-04:00,0.0
2011-04-22 03:13:06-04:00,0.0
2011-04-22 03:13:09-04:00,0.0
2011-04-22 03:13:12-04:00,0.0
2011-04-22 03:13:15-04:00,0.0
2011-04-22 03:13:18-04:00,0.0
2011-04-22 03:13:21-04:00,0.0
2011-04-22 03:13:24-04:00,0.0
2011-04-22 03:13:27-04:00,0.0
2011-04-22 03:13:30-04:00,0.0
2011-04-22 03:13:33-04:00,0.0
2011-04-22 03:13:36-04:00,0.0
2011-04-22 03:13:39-04:00,0.0
2011-04-22 03:13:42-04:00,0.0
2011-04-22 03:13:45-04:00,0.0
2011-04-22 03:13:48-04:00,0.0
2011-04-22 03:13:51-04:00,0.0
2011-04-22 03:13:54-04:00,0.0
2011-04-22 03:13:57-04:00,0.0
2011-04-22 03:14:00-04:00,0.0
2011-04-22 03:14:03-04:00,0.0
2011-04-22 03:14:06-04:00,0.0
2011-04-22 03:14:09-04:00,0.0
2011-04-22 03:14:12-04:00,0.0
2011-04-22 03:14:15-04:00,0.0
2011-04-22 03:14:18-04:00,0.0
2011-04-22 03:14:21-04:00,0.0
2011-04-22 03:14:24-04:00,0.0
2011-04-22 03:14:27-04:00,0.0
2011-04-22 03:14:30-04:00,0.0
2011-04-22 03:14:33-04:00,0.0
2011-04-22 03:14:36-04:00,0.0
2011-04-22 03:14:39-04:00,0.0
2011-04-22 03:14:42-04:00,0.0
2011-04-22 03:14:45-04:00,0.0
2011-04-22 03:14:48-04:00,0.0
2011-04-22 03:14:51-04:00,0.0
2011-04-22 03:14:54-04:00,0.0
2011-04-22 03:14:57-04:00,0.0
2011-04-22 03:15:00-04:00,0.0
2011-04-22 03:15:03-04:00,0.0
2011-04-22 03:15:06-04:00,0.0
2011-04-22 03:15:09-04:00,0.0
2011-04-22 03:15:12-04:00,0.0
2011-04-22 03:15:15-04:00,0.0
2011-04-22 03:15:18-04:00,0.0
2011-04-22 03:15:21-04:00,0.0
2011-04-22 03:15:24-04:00,0.0
2011-04-22 03:15:27-04:00,0.0
2011-04-22 03:15:30-04:00,0.0
2011-04-22 03:15:33-04:00,0.0
2011-04-22 03:15:36-04:00,0.0
2011-04-22 03:15:39-04:00,0.0
2011-04-22 03:15:42-04:00,0.0
2011-04-22 03:15:45-04:00,0.0
2011-04-22 03:15:48-04:00,0.0
2011-04-22 03:15:51-04:00,0.0
2011-04-22 03:15:54-04:00,0.0
2011-04-22 03:15:57-04:00,0.0
2011-04-22 03:16:00-04:00,0.0
2011-04-22 03:16:03-04:00,0.0
2011-04-22 03:16:06-04:00,0.0
2011-04-22 03:16:09-04:00,0.0
2011-04-22 03:16:12-04:00,0.0
2011-04-22 03:16:15-04:00,0.0
2011-04-22 03:16:18-04:00,0.0
2011-04-22 03:16:21-04:00,0.0
2011-04-22 03:16:24-04:00,0.0
2011-04-22 03:16:27-04:00,0.0
2011-04-22 03:16:30-04:00,0.0
2011-04-22 03:16:33-04:00,0.0
2011-04-22 03:16:36-04:00,0.0
2011-04-22 03:16:39-04:00,0.0
2011-04-22 03:16:42-04:00,0.0
2011-04-22 03:16:45-04:00,0.0
2011-04-22 03:16:48-04:00,0.0
2011-04-22 03:16:51-04:00,0.0
2011-04-22 03:16:54-04:00,0.0
2011-04-22 03:16:57-04:00,0.0
2011-04-22 03:17:00-04:00,0.0
2011-04-22 03:17:03-04:00,0.0
2011-04-22 03:17:06-04:00,0.0
2011-04-22 03:17:09-04:00,0.0
2011-04-22 03:17:12-04:00,0.0
2011-04-22 03:17:15-04:00,0.0
2011-04-22 03:17:18-04:00,0.0
2011-04-22 03:17:21-04:00,0.0
2011-04-22 03:17:24-04:00,0.0
2011-04-22 03:17:27-04:00,0.0
2011-04-22 03:17:30-04:00,0.0
2011-04-22 03:17:33-04:00,0.0
2011-04-22 03:17:36-04:00,0.0
2011-04-22 03:17:39-04:00,0.0
2011-04-22 03:17:42-04:00,0.0
2011-04-22 03:17:45-04:00,0.0
2011-04-22 03:17:48-04:00,0.0
2011-04-22 03:17:51-04:00,0.0
2011-04-22 03:17:54-04:00,0.0
2011-04-22 03:17:57-04:00,0.0
2011-04-22 03:18:00-04:00,0.0
2011-04-22 03:18:03-04:00,0.0
2011-04-22 03:18:06-04:00,0.0
2011-04-22 03:18:09-04:00,0.0
2011-04-22 03:18:12-04:00,0.0
2011-04-22 03:18:15-04:00,0.0
2011-04-22 03:18:18-04:00,0.0
2011-04-22 03:18:21-04:00,0.0
2011-04-22 03:18:24-04:00,0.0
2011-04-22 03:18:27-04:00,0.0
2011-04-22 03:18:30-04:00,0.0
2011-04-22 03:18:33-04:00,0.0
2011-04-22 03:18:36-04:00,0.0
2011-04-22 03:18:39-04:00,0.0
2011-04-22 03:18:42-04:00,0.0
2011-04-22 03:18:45-04:00,0.0
2011-04-22 03:18:48-04:00,0.0
2011-04-22 03:18:51-04:00,0.0
2011-04-22 03:18:54-04:00,0.0
2011-04-22 03:18:57-04:00,0.0
2011-04-22 03:19:00-04:00,0.0
2011-04-22 03:19:03-04:00,0.0
2011-04-22 03:19:06-04:00,0.0
2011-04-22 03:19:09-04:00,0.0
2011-04-22 03:19:12-04:00,0.0
2011-04-22 03:19:15-04:00,0.0
2011-04-22 03:19:18-04:00,0.0
2011-04-22 03:19:21-04:00,0.0
2011-04-22 03:19:24-04:00,0.0
2011-04-22 03:19:27-04:00,0.0
2011-04-22 03:19:30-04:00,0.0
2011-04-22 03:19:33-04:00,0.0
2011-04-22 03:19:36-04:00,0.0
2011-04-22 03:19:39-04:00,0.0
2011-04-22 03:19:42-04:00,0.0
2011-04-22 03:19:45-04:00,0.0
2011-04-22 03:19:48-04:00,0.0
2011-04-22 03:19:51-04:00,0.0
2011-04-22 03:19:54-04:00,0.0
2011-04-22 03:19:57-04:00,0.0
2011-04-22 03:20:00-04:00,0.0
2011-04-22 03:20:03-04:00,0.0
2011-04-22 03:20:06-04:00,0.0
2011-04-22 03:20:09-04:00,0.0
2011-04-22 03:20:12-04:00,0.0
2011-04-22 03:20:15-04:00,0.0
2011-04-22 03:20:18-04:00,0.0
2011-04-22 03:20:21-04:00,0.0
2011-04-22 03:20:24-04:00,0.0
2011-04-22 03:20:27-04:00,0.0
2011-04-22 03:20:30-04:00,0.0
2011-04-22 03:20:33-04:00,0.0
2011-04-22 03:20:36-04:00,0.0
2011-04-22 03:20:39-04:00,0.0
2011-04-22 03:20:42-04:00,0.0
2011-04-22 03:20:45-04:00,0.0
2011-04-22 03:20:48-04:00,0.0
2011-04-22 03:20:51-04:00,0.0
2011-04-22 03:20:54-04:00,0.0
2011-04-22 03:20:57-04:00,0.0
2011-04-22 03:21:00-04:00,0.0
2011-04-22 03:21:03-04:00,0.0
2011-04-22 03:21:06-04:00,0.0
2011-04-22 03:21:09-04:00,0.0
2011-04-22 03:21:12-04:00,0.0
2011-04-22 03:21:15-04:00,0.0
2011-04-22 03:21:18-04:00,0.0
2011-04-22 03:21:21-04:00,0.0
2011-04-22 03:21:24-04:00,0.0
2011-04-22 03:21:27-04:00,0.0
2011-04-22 03:21:30-04:00,0.0
2011-04-22 03:21:33-04:00,0.0
2011-04-22 03:21:36-04:00,0.0
2011-04-22 03:21:39-04:00,0.0
2011-04-22 03:21:42-04:00,0.0
2011-04-22 03:21:45-04:00,0.0
2011-04-22 03:21:48-04:00,0.0
2011-04-22 03:21:51-04:00,0.0
2011-04-22 03:21:54-04:00,0.0
2011-04-22 03:21:57-04:00,0.0
2011-04-22 03:22:00-04:00,0.0
2011-04-22 03:22:03-04:00,0.0
2011-04-22 03:22:06-04:00,0.0
2011-04-22 03:22:09-04:00,0.0
2011-04-22 03:22:12-04:00,0.0
2011-04-22 03:22:15-04:00,0.0
2011-04-22 03:22:18-04:00,0.0
2011-04-22 03:22:21-04:00,0.0
2011-04-22 03:22:24-04:00,0.0
2011-04-22 03:22:27-04:00,0.0
2011-04-22 03:22:30-04:00,0.0
2011-04-22 03:22:33-04:00,0.0
2011-04-22 03:22:36-04:00,0.0
2011-04-22 03:22:39-04:00,0.0
2011-04-22 03:22:42-04:00,0.0
2011-04-22 03:22:45-04:00,0.0
2011-04-22 03:22:48-04:00,0.0
2011-04-22 03:22:51-04:00,0.0
2011-04-22 03:22:54-04:00,0.0
2011-04-22 03:22:57-04:00,0.0
2011-04-22 03:23:00-04:00,0.0
2011-04-22 03:23:03-04:00,0.0
2011-04-22 03:23:06-04:00,0.0
2011-04-22 03:23:09-04:00,0.0
2011-04-22 03:23:12-04:00,0.0
2011-04-22 03:23:15-04:00,0.0
2011-04-22 03:23:18-04:00,0.0
2011-04-22 03:23:21-04:00,0.0
2011-04-22 03:23:24-04:00,0.0
2011-04-22 03:23:27-04:00,0.0
2011-04-22 03:23:30-04:00,0.0
2011-04-22 03:23:33-04:00,0.0
2011-04-22 03:23:36-04:00,0.0
2011-04-22 03:23:39-04:00,0.0
2011-04-22 03:23:42-04:00,0.0
2011-04-22 03:23:45-04:00,0.0
2011-04-22 03:23:48-04:00,0.0
2011-04-22 03:23:51-04:00,0.0
2011-04-22 03:23:54-04:00,0.0
2011-04-22 03:23:57-04:00,0.0
2011-04-22 03:24:00-04:00,0.0
2011-04-22 03:24:03-04:00,0.0
2011-04-22 03:24:06-04:00,0.0
2011-04-22 03:24:09-04:00,0.0
2011-04-22 03:24:12-04:00,0.0
2011-04-22 03:24:15-04:00,0.0
2011-04-22 03:24:18-04:00,0.0
2011-04-22 03:24:21-04:00,0.0
2011-04-22 03:24:24-04:00,0.0
2011-04-22 03:24:27-04:00,0.0
2011-04-22 03:24:30-04:00,0.0
2011-04-22 03:24:33-04:00,0.0
2011-04-22 03:24:36-04:00,0.0
2011-04-22 03:24:39-04:00,0.0
2011-04-22 03:24:42-04:00,0.0
2011-04-22 03:24:45-04:00,0.0
2011-04-22 03:24:48-04:00,0.0
2011-04-22 03:24:51-04:00,0.0
2011-04-22 03:24:54-04:00,0.0
2011-04-22 03:24:57-04:00,0.0
2011-04-22 03:25:00-04:00,0.0
2011-04-22 03:25:03-04:00,0.0
2011-04-22 03:25:06-04:00,0.0
2011-04-22 03:25:09-04:00,0.0
2011-04-22 03:25:12-04:00,0.0
2011-04-22 03:25:15-04:00,0.0
2011-04-22 03:25:18-04:00,0.0
2011-04-22 03:25:21-04:00,0.0
2011-04-22 03:25:24-04:00,0.0
2011-04-22 03:25:27-04:00,0.0
2011-04-22 03:25:30-04:00,0.0
2011-04-22 03:25:33-04:00,0.0
2011-04-22 03:25:36-04:00,0.0
2011-04-22 03:25:39-04:00,0.0
2011-04-22 03:25:42-04:00,0.0
2011-04-22 03:25:45-04:00,0.0
2011-04-22 03:25:48-04:00,0.0
2011-04-22 03:25:51-04:00,0.0
2011-04-22 03:25:54-04:00,0.0
2011-04-22 03:25:57-04:00,0.0
2011-04-22 03:26:00-04:00,0.0
2011-04-22 03:26:03-04:00,0.0
2011-04-22 03:26:06-04:00,0.0
2011-04-22 03:26:09-04:00,0.0
2011-04-22 03:26:12-04:00,0.0
2011-04-22 03:26:15-04:00,0.0
2011-04-22 03:26:18-04:00,0.0
2011-04-22 03:26:21-04:00,0.0
2011-04-22 03:26:24-04:00,0.0
2011-04-22 03:26:27-04:00,0.0
2011-04-22 03:26:30-04:00,0.0
2011-04-22 03:26:33-04:00,0.0
2011-04-22 03:26:36-04:00,0.0
2011-04-22 03:26:39-04:00,0.0
2011-04-22 03:26:42-04:00,0.0
2011-04-22 03:26:45-04:00,0.0
2011-04-22 03:26:48-04:00,0.0
2011-04-22 03:26:51-04:00,0.0
2011-04-22 03:26:54-04:00,0.0
2011-04-22 03:26:57-04:00,0.0
2011-04-22 03:27:00-04:00,0.0
2011-04-22 03:27:03-04:00,0.0
2011-04-22 03:27:06-04:00,0.0
2011-04-22 03:27:09-04:00,0.0
2011-04-22 03:27:12-04:00,0.0
2011-04-22 03:27:15-04:00,0.0
2011-04-22 03:27:18-04:00,0.0
2011-04-22 03:27:21-04:00,0.0
2011-04-22 03:27:24-04:00,0.0
2011-04-22 03:27:27-04:00,0.0
2011-04-22 03:27:30-04:00,0.0
2011-04-22 03:27:33-04:00,0.0
2011-04-22 03:27:36-04:00,0.0
2011-04-22 03:27:39-04:00,0.0
2011-04-22 03:27:42-04:00,0.0
2011-04-22 03:27:45-04:00,0.0
2011-04-22 03:27:48-04:00,0.0
2011-04-22 03:27:51-04:00,0.0
2011-04-22 03:27:54-04:00,0.0
2011-04-22 03:27:57-04:00,0.0
2011-04-22 03:28:00-04:00,0.0
2011-04-22 03:28:03-04:00,0.0
2011-04-22 03:28:06-04:00,0.0
2011-04-22 03:28:09-04:00,0.0
2011-04-22 03:28:12-04:00,0.0
2011-04-22 03:28:15-04:00,0.0
2011-04-22 03:28:18-04:00,0.0
2011-04-22 03:28:21-04:00,0.0
2011-04-22 03:28:24-04:00,0.0
2011-04-22 03:28:27-04:00,0.0
2011-04-22 03:28:30-04:00,0.0
2011-04-22 03:28:33-04:00,0.0
2011-04-22 03:28:36-04:00,0.0
2011-04-22 03:28:39-04:00,0.0
2011-04-22 03:28:42-04:00,0.0
2011-04-22 03:28:45-04:00,0.0
2011-04-22 03:28:48-04:00,0.0
2011-04-22 03:28:51-04:00,0.0
2011-04-22 03:28:54-04:00,0.0
2011-04-22 03:28:57-04:00,0.0
2011-04-22 03:29:00-04:00,0.0
2011-04-22 03:29:03-04:00,0.0
2011-04-22 03:29:06-04:00,0.0
2011-04-22 03:29:09-04:00,0.0
2011-04-22 03:29:12-04:00,0.0
2011-04-22 03:29:15-04:00,0.0
2011-04-22 03:29:18-04:00,0.0
2011-04-22 03:29:21-04:00,0.0
2011-04-22 03:29:24-04:00,0.0
2011-04-22 03:29:27-04:00,0.0
2011-04-22 03:29:30-04:00,0.0
2011-04-22 03:29:33-04:00,0.0
2011-04-22 03:29:36-04:00,0.0
2011-04-22 03:29:39-04:00,0.0
2011-04-22 03:29:42-04:00,0.0
2011-04-22 03:29:45-04:00,0.0
2011-04-22 03:29:48-04:00,0.0
2011-04-22 03:29:51-04:00,0.0
2011-04-22 03:29:54-04:00,0.0
2011-04-22 03:29:57-04:00,0.0
2011-04-22 03:30:00-04:00,0.0
2011-04-22 03:30:03-04:00,0.0
2011-04-22 03:30:06-04:00,0.0
2011-04-22 03:30:09-04:00,0.0
2011-04-22 03:30:12-04:00,0.0
2011-04-22 03:30:15-04:00,0.0
2011-04-22 03:30:18-04:00,0.0
2011-04-22 03:30:21-04:00,0.0
2011-04-22 03:30:24-04:00,0.0
2011-04-22 03:30:27-04:00,0.0
2011-04-22 03:30:30-04:00,0.0
2011-04-22 03:30:33-04:00,0.0
2011-04-22 03:30:36-04:00,0.0
2011-04-22 03:30:39-04:00,0.0
2011-04-22 03:30:42-04:00,0.0
2011-04-22 03:30:45-04:00,0.0
2011-04-22 03:30:48-04:00,0.0
2011-04-22 03:30:51-04:00,0.0
2011-04-22 03:30:54-04:00,0.0
2011-04-22 03:30:57-04:00,0.0
2011-04-22 03:31:00-04:00,0.0
2011-04-22 03:31:03-04:00,0.0
2011-04-22 03:31:06-04:00,0.0
2011-04-22 03:31:09-04:00,0.0
2011-04-22 03:31:12-04:00,0.0
2011-04-22 03:31:15-04:00,0.0
2011-04-22 03:31:18-04:00,0.0
2011-04-22 03:31:21-04:00,0.0
2011-04-22 03:31:24-04:00,0.0
2011-04-22 03:31:27-04:00,0.0
2011-04-22 03:31:30-04:00,0.0
2011-04-22 03:31:33-04:00,0.0
2011-04-22 03:31:36-04:00,0.0
2011-04-22 03:31:39-04:00,0.0
2011-04-22 03:31:42-04:00,0.0
2011-04-22 03:31:45-04:00,0.0
2011-04-22 03:31:48-04:00,0.0
2011-04-22 03:31:51-04:00,0.0
2011-04-22 03:31:54-04:00,0.0
2011-04-22 03:31:57-04:00,0.0
2011-04-22 03:32:00-04:00,0.0
2011-04-22 03:32:03-04:00,0.0
2011-04-22 03:32:06-04:00,0.0
2011-04-22 03:32:09-04:00,0.0
2011-04-22 03:32:12-04:00,0.0
2011-04-22 03:32:15-04:00,0.0
2011-04-22 03:32:18-04:00,0.0
2011-04-22 03:32:21-04:00,0.0
2011-04-22 03:32:24-04:00,0.0
2011-04-22 03:32:27-04:00,0.0
2011-04-22 03:32:30-04:00,0.0
2011-04-22 03:32:33-04:00,0.0
2011-04-22 03:32:36-04:00,0.0
2011-04-22 03:32:39-04:00,0.0
2011-04-22 03:32:42-04:00,0.0
2011-04-22 03:32:45-04:00,0.0
2011-04-22 03:32:48-04:00,0.0
2011-04-22 03:32:51-04:00,0.0
2011-04-22 03:32:54-04:00,0.0
2011-04-22 03:32:57-04:00,0.0
2011-04-22 03:33:00-04:00,0.0
2011-04-22 03:33:03-04:00,0.0
2011-04-22 03:33:06-04:00,0.0
2011-04-22 03:33:09-04:00,0.0
2011-04-22 03:33:12-04:00,0.0
2011-04-22 03:33:15-04:00,0.0
2011-04-22 03:33:18-04:00,0.0
2011-04-22 03:33:21-04:00,0.0
2011-04-22 03:33:24-04:00,0.0
2011-04-22 03:33:27-04:00,0.0
2011-04-22 03:33:30-04:00,0.0
2011-04-22 03:33:33-04:00,0.0
2011-04-22 03:33:36-04:00,0.0
2011-04-22 03:33:39-04:00,0.0
2011-04-22 03:33:42-04:00,0.0
2011-04-22 03:33:45-04:00,0.0
2011-04-22 03:33:48-04:00,0.0
2011-04-22 03:33:51-04:00,0.0
2011-04-22 03:33:54-04:00,0.0
2011-04-22 03:33:57-04:00,0.0
2011-04-22 03:34:00-04:00,0.0
2011-04-22 03:34:03-04:00,0.0
2011-04-22 03:34:06-04:00,0.0
2011-04-22 03:34:09-04:00,0.0
2011-04-22 03:34:12-04:00,0.0
2011-04-22 03:34:15-04:00,0.0
2011-04-22 03:34:18-04:00,0.0
2011-04-22 03:34:21-04:00,0.0
2011-04-22 03:34:24-04:00,0.0
2011-04-22 03:34:27-04:00,0.0
2011-04-22 03:34:30-04:00,0.0
2011-04-22 03:34:33-04:00,0.0
2011-04-22 03:34:36-04:00,0.0
2011-04-22 03:34:39-04:00,0.0
2011-04-22 03:34:42-04:00,0.0
2011-04-22 03:34:45-04:00,0.0
2011-04-22 03:34:48-04:00,0.0
2011-04-22 03:34:51-04:00,0.0
2011-04-22 03:34:54-04:00,0.0
2011-04-22 03:34:57-04:00,0.0
2011-04-22 03:35:00-04:00,0.0
2011-04-22 03:35:03-04:00,0.0
2011-04-22 03:35:06-04:00,0.0
2011-04-22 03:35:09-04:00,0.0
2011-04-22 03:35:12-04:00,0.0
2011-04-22 03:35:15-04:00,0.0
2011-04-22 03:35:18-04:00,0.0
2011-04-22 03:35:21-04:00,0.0
2011-04-22 03:35:24-04:00,0.0
2011-04-22 03:35:27-04:00,0.0
2011-04-22 03:35:30-04:00,0.0
2011-04-22 03:35:33-04:00,0.0
2011-04-22 03:35:36-04:00,0.0
2011-04-22 03:35:39-04:00,0.0
2011-04-22 03:35:42-04:00,0.0
2011-04-22 03:35:45-04:00,0.0
2011-04-22 03:35:48-04:00,0.0
2011-04-22 03:35:51-04:00,0.0
2011-04-22 03:35:54-04:00,0.0
2011-04-22 03:35:57-04:00,0.0
2011-04-22 03:36:00-04:00,0.0
2011-04-22 03:36:03-04:00,0.0
2011-04-22 03:36:06-04:00,0.0
2011-04-22 03:36:09-04:00,0.0
2011-04-22 03:36:12-04:00,0.0
2011-04-22 03:36:15-04:00,0.0
2011-04-22 03:36:18-04:00,0.0
2011-04-22 03:36:21-04:00,0.0
2011-04-22 03:36:24-04:00,0.0
2011-04-22 03:36:27-04:00,0.0
2011-04-22 03:36:30-04:00,0.0
2011-04-22 03:36:33-04:00,0.0
2011-04-22 03:36:36-04:00,0.0
2011-04-22 03:36:39-04:00,0.0
2011-04-22 03:36:42-04:00,0.0
2011-04-22 03:36:45-04:00,0.0
2011-04-22 03:36:48-04:00,0.0
2011-04-22 03:36:51-04:00,0.0
2011-04-22 03:36:54-04:00,0.0
2011-04-22 03:36:57-04:00,0.0
2011-04-22 03:37:00-04:00,0.0
2011-04-22 03:37:03-04:00,0.0
2011-04-22 03:37:06-04:00,0.0
2011-04-22 03:37:09-04:00,0.0
2011-04-22 03:37:12-04:00,0.0
2011-04-22 03:37:15-04:00,0.0
2011-04-22 03:37:18-04:00,0.0
2011-04-22 03:37:21-04:00,0.0
2011-04-22 03:37:24-04:00,0.0
2011-04-22 03:37:27-04:00,0.0
2011-04-22 03:37:30-04:00,0.0
2011-04-22 03:37:33-04:00,0.0
2011-04-22 03:37:36-04:00,0.0
2011-04-22 03:37:39-04:00,0.0
2011-04-22 03:37:42-04:00,0.0
2011-04-22 03:37:45-04:00,0.0
2011-04-22 03:37:48-04:00,0.0
2011-04-22 03:37:51-04:00,0.0
2011-04-22 03:37:54-04:00,0.0
2011-04-22 03:37:57-04:00,0.0
2011-04-22 03:38:00-04:00,0.0
2011-04-22 03:38:03-04:00,0.0
2011-04-22 03:38:06-04:00,0.0
2011-04-22 03:38:09-04:00,0.0
2011-04-22 03:38:12-04:00,0.0
2011-04-22 03:38:15-04:00,0.0
2011-04-22 03:38:18-04:00,0.0
2011-04-22 03:38:21-04:00,0.0
2011-04-22 03:38:24-04:00,0.0
2011-04-22 03:38:27-04:00,0.0
2011-04-22 03:38:30-04:00,0.0
2011-04-22 03:38:33-04:00,0.0
2011-04-22 03:38:36-04:00,0.0
2011-04-22 03:38:39-04:00,0.0
2011-04-22 03:38:42-04:00,0.0
2011-04-22 03:38:45-04:00,0.0
2011-04-22 03:38:48-04:00,0.0
2011-04-22 03:38:51-04:00,0.0
2011-04-22 03:38:54-04:00,0.0
2011-04-22 03:38:57-04:00,0.0
2011-04-22 03:39:00-04:00,0.0
2011-04-22 03:39:03-04:00,0.0
2011-04-22 03:39:06-04:00,0.0
2011-04-22 03:39:09-04:00,0.0
2011-04-22 03:39:12-04:00,0.0
2011-04-22 03:39:15-04:00,0.0
2011-04-22 03:39:18-04:00,0.0
2011-04-22 03:39:21-04:00,0.0
2011-04-22 03:39:24-04:00,0.0
2011-04-22 03:39:27-04:00,0.0
2011-04-22 03:39:30-04:00,0.0
2011-04-22 03:39:33-04:00,0.0
2011-04-22 03:39:36-04:00,0.0
2011-04-22 03:39:39-04:00,0.0
2011-04-22 03:39:42-04:00,0.0
2011-04-22 03:39:45-04:00,0.0
2011-04-22 03:39:48-04:00,0.0
2011-04-22 03:39:51-04:00,0.0
2011-04-22 03:39:54-04:00,0.0
2011-04-22 03:39:57-04:00,0.0
2011-04-22 03:40:00-04:00,0.0
2011-04-22 03:40:03-04:00,0.0
2011-04-22 03:40:06-04:00,0.0
2011-04-22 03:40:09-04:00,0.0
2011-04-22 03:40:12-04:00,0.0
2011-04-22 03:40:15-04:00,0.0
2011-04-22 03:40:18-04:00,0.0
2011-04-22 03:40:21-04:00,0.0
2011-04-22 03:40:24-04:00,0.0
2011-04-22 03:40:27-04:00,0.0
2011-04-22 03:40:30-04:00,0.0
2011-04-22 03:40:33-04:00,0.0
2011-04-22 03:40:36-04:00,0.0
2011-04-22 03:40:39-04:00,0.0
2011-04-22 03:40:42-04:00,0.0
2011-04-22 03:40:45-04:00,0.0
2011-04-22 03:40:48-04:00,0.0
2011-04-22 03:40:51-04:00,0.0
2011-04-22 03:40:54-04:00,0.0
2011-04-22 03:40:57-04:00,0.0
2011-04-22 03:41:00-04:00,0.0
2011-04-22 03:41:03-04:00,0.0
2011-04-22 03:41:06-04:00,0.0
2011-04-22 03:41:09-04:00,0.0
2011-04-22 03:41:12-04:00,0.0
2011-04-22 03:41:15-04:00,0.0
2011-04-22 03:41:18-04:00,0.0
2011-04-22 03:41:21-04:00,0.0
2011-04-22 03:41:24-04:00,0.0
2011-04-22 03:41:27-04:00,0.0
2011-04-22 03:41:30-04:00,0.0
2011-04-22 03:41:33-04:00,0.0
2011-04-22 03:41:36-04:00,0.0
2011-04-22 03:41:39-04:00,0.0
2011-04-22 03:41:42-04:00,0.0
2011-04-22 03:41:45-04:00,0.0
2011-04-22 03:41:48-04:00,0.0
2011-04-22 03:41:51-04:00,0.0
2011-04-22 03:41:54-04:00,0.0
2011-04-22 03:41:57-04:00,0.0
2011-04-22 03:42:00-04:00,0.0
2011-04-22 03:42:03-04:00,0.0
2011-04-22 03:42:06-04:00,0.0
2011-04-22 03:42:09-04:00,0.0
2011-04-22 03:42:12-04:00,0.0
2011-04-22 03:42:15-04:00,0.0
2011-04-22 03:42:18-04:00,0.0
2011-04-22 03:42:21-04:00,0.0
2011-04-22 03:42:24-04:00,0.0
2011-04-22 03:42:27-04:00,0.0
2011-04-22 03:42:30-04:00,0.0
2011-04-22 03:42:33-04:00,0.0
2011-04-22 03:42:36-04:00,0.0
2011-04-22 03:42:39-04:00,0.0
2011-04-22 03:42:42-04:00,0.0
2011-04-22 03:42:45-04:00,0.0
2011-04-22 03:42:48-04:00,0.0
2011-04-22 03:42:51-04:00,0.0
2011-04-22 03:42:54-04:00,0.0
2011-04-22 03:42:57-04:00,0.0
2011-04-22 03:43:00-04:00,0.0
2011-04-22 03:43:03-04:00,0.0
2011-04-22 03:43:06-04:00,0.0
2011-04-22 03:43:09-04:00,0.0
2011-04-22 03:43:12-04:00,0.0
2011-04-22 03:43:15-04:00,0.0
2011-04-22 03:43:18-04:00,0.0
2011-04-22 03:43:21-04:00,0.0
2011-04-22 03:43:24-04:00,0.0
2011-04-22 03:43:27-04:00,0.0
2011-04-22 03:43:30-04:00,0.0
2011-04-22 03:43:33-04:00,0.0
2011-04-22 03:43:36-04:00,0.0
2011-04-22 03:43:39-04:00,0.0
2011-04-22 03:43:42-04:00,0.0
2011-04-22 03:43:45-04:00,0.0
2011-04-22 03:43:48-04:00,0.0
2011-04-22 03:43:51-04:00,0.0
2011-04-22 03:43:54-04:00,0.0
2011-04-22 03:43:57-04:00,0.0
2011-04-22 03:44:00-04:00,0.0
2011-04-22 03:44:03-04:00,0.0
2011-04-22 03:44:06-04:00,0.0
2011-04-22 03:44:09-04:00,0.0
2011-04-22 03:44:12-04:00,0.0
2011-04-22 03:44:15-04:00,0.0
2011-04-22 03:44:18-04:00,0.0
2011-04-22 03:44:21-04:00,0.0
2011-04-22 03:44:24-04:00,0.0
2011-04-22 03:44:27-04:00,0.0
2011-04-22 03:44:30-04:00,0.0
2011-04-22 03:44:33-04:00,0.0
2011-04-22 03:44:36-04:00,0.0
2011-04-22 03:44:39-04:00,0.0
2011-04-22 03:44:42-04:00,0.0
2011-04-22 03:44:45-04:00,0.0
2011-04-22 03:44:48-04:00,0.0
2011-04-22 03:44:51-04:00,0.0
2011-04-22 03:44:54-04:00,0.0
2011-04-22 03:44:57-04:00,0.0
2011-04-22 03:45:00-04:00,0.0
2011-04-22 03:45:03-04:00,0.0
2011-04-22 03:45:06-04:00,0.0
2011-04-22 03:45:09-04:00,0.0
2011-04-22 03:45:12-04:00,0.0
2011-04-22 03:45:15-04:00,0.0
2011-04-22 03:45:18-04:00,0.0
2011-04-22 03:45:21-04:00,0.0
2011-04-22 03:45:24-04:00,0.0
2011-04-22 03:45:27-04:00,0.0
2011-04-22 03:45:30-04:00,0.0
2011-04-22 03:45:33-04:00,0.0
2011-04-22 03:45:36-04:00,0.0
2011-04-22 03:45:39-04:00,0.0
2011-04-22 03:45:42-04:00,0.0
2011-04-22 03:45:45-04:00,0.0
2011-04-22 03:45:48-04:00,0.0
2011-04-22 03:45:51-04:00,0.0
2011-04-22 03:45:54-04:00,0.0
2011-04-22 03:45:57-04:00,0.0
2011-04-22 03:46:00-04:00,0.0
2011-04-22 03:46:03-04:00,0.0
2011-04-22 03:46:06-04:00,0.0
2011-04-22 03:46:09-04:00,0.0
2011-04-22 03:46:12-04:00,0.0
2011-04-22 03:46:15-04:00,0.0
2011-04-22 03:46:18-04:00,0.0
2011-04-22 03:46:21-04:00,0.0
2011-04-22 03:46:24-04:00,0.0
2011-04-22 03:46:27-04:00,0.0
2011-04-22 03:46:30-04:00,0.0
2011-04-22 03:46:33-04:00,0.0
2011-04-22 03:46:36-04:00,0.0
2011-04-22 03:46:39-04:00,0.0
2011-04-22 03:46:42-04:00,0.0
2011-04-22 03:46:45-04:00,0.0
2011-04-22 03:46:48-04:00,0.0
2011-04-22 03:46:51-04:00,0.0
2011-04-22 03:46:54-04:00,0.0
2011-04-22 03:46:57-04:00,0.0
2011-04-22 03:47:00-04:00,0.0
2011-04-22 03:47:03-04:00,0.0
2011-04-22 03:47:06-04:00,0.0
2011-04-22 03:47:09-04:00,0.0
2011-04-22 03:47:12-04:00,0.0
2011-04-22 03:47:15-04:00,0.0
2011-04-22 03:47:18-04:00,0.0
2011-04-22 03:47:21-04:00,0.0
2011-04-22 03:47:24-04:00,0.0
2011-04-22 03:47:27-04:00,0.0
2011-04-22 03:47:30-04:00,0.0
2011-04-22 03:47:33-04:00,0.0
2011-04-22 03:47:36-04:00,0.0
2011-04-22 03:47:39-04:00,0.0
2011-04-22 03:47:42-04:00,0.0
2011-04-22 03:47:45-04:00,0.0
2011-04-22 03:47:48-04:00,0.0
2011-04-22 03:47:51-04:00,0.0
2011-04-22 03:47:54-04:00,0.0
2011-04-22 03:47:57-04:00,0.0
2011-04-22 03:48:00-04:00,0.0
2011-04-22 03:48:03-04:00,0.0
2011-04-22 03:48:06-04:00,0.0
2011-04-22 03:48:09-04:00,0.0
2011-04-22 03:48:12-04:00,0.0
2011-04-22 03:48:15-04:00,0.0
2011-04-22 03:48:18-04:00,0.0
2011-04-22 03:48:21-04:00,0.0
2011-04-22 03:48:24-04:00,0.0
2011-04-22 03:48:27-04:00,0.0
2011-04-22 03:48:30-04:00,0.0
2011-04-22 03:48:33-04:00,0.0
2011-04-22 03:48:36-04:00,0.0
2011-04-22 03:48:39-04:00,0.0
2011-04-22 03:48:42-04:00,0.0
2011-04-22 03:48:45-04:00,0.0
2011-04-22 03:48:48-04:00,0.0
2011-04-22 03:48:51-04:00,0.0
2011-04-22 03:48:54-04:00,0.0
2011-04-22 03:48:57-04:00,0.0
2011-04-22 03:49:00-04:00,0.0
2011-04-22 03:49:03-04:00,0.0
2011-04-22 03:49:06-04:00,0.0
2011-04-22 03:49:09-04:00,0.0
2011-04-22 03:49:12-04:00,0.0
2011-04-22 03:49:15-04:00,0.0
2011-04-22 03:49:18-04:00,0.0
2011-04-22 03:49:21-04:00,0.0
2011-04-22 03:49:24-04:00,0.0
2011-04-22 03:49:27-04:00,0.0
2011-04-22 03:49:30-04:00,0.0
2011-04-22 03:49:33-04:00,0.0
2011-04-22 03:49:36-04:00,0.0
2011-04-22 03:49:39-04:00,0.0
2011-04-22 03:49:42-04:00,0.0
2011-04-22 03:49:45-04:00,0.0
2011-04-22 03:49:48-04:00,0.0
2011-04-22 03:49:51-04:00,0.0
2011-04-22 03:49:54-04:00,0.0
2011-04-22 03:49:57-04:00,0.0
2011-04-22 03:50:00-04:00,0.0
2011-04-22 03:50:03-04:00,0.0
2011-04-22 03:50:06-04:00,0.0
2011-04-22 03:50:09-04:00,0.0
2011-04-22 03:50:12-04:00,0.0
2011-04-22 03:50:15-04:00,0.0
2011-04-22 03:50:18-04:00,0.0
2011-04-22 03:50:21-04:00,0.0
2011-04-22 03:50:24-04:00,0.0
2011-04-22 03:50:27-04:00,0.0
2011-04-22 03:50:30-04:00,0.0
2011-04-22 03:50:33-04:00,0.0
2011-04-22 03:50:36-04:00,0.0
2011-04-22 03:50:39-04:00,0.0
2011-04-22 03:50:42-04:00,0.0
2011-04-22 03:50:45-04:00,0.0
2011-04-22 03:50:48-04:00,0.0
2011-04-22 03:50:51-04:00,0.0
2011-04-22 03:50:54-04:00,0.0
2011-04-22 03:50:57-04:00,0.0
2011-04-22 03:51:00-04:00,0.0
2011-04-22 03:51:03-04:00,0.0
2011-04-22 03:51:06-04:00,0.0
2011-04-22 03:51:09-04:00,0.0
2011-04-22 03:51:12-04:00,0.0
2011-04-22 03:51:15-04:00,0.0
2011-04-22 03:51:18-04:00,0.0
2011-04-22 03:51:21-04:00,0.0
2011-04-22 03:51:24-04:00,0.0
2011-04-22 03:51:27-04:00,0.0
2011-04-22 03:51:30-04:00,0.0
2011-04-22 03:51:33-04:00,0.0
2011-04-22 03:51:36-04:00,0.0
2011-04-22 03:51:39-04:00,0.0
2011-04-22 03:51:42-04:00,0.0
2011-04-22 03:51:45-04:00,0.0
2011-04-22 03:51:48-04:00,0.0
2011-04-22 03:51:51-04:00,0.0
2011-04-22 03:51:54-04:00,0.0
2011-04-22 03:51:57-04:00,0.0
2011-04-22 03:52:00-04:00,0.0
2011-04-22 03:52:03-04:00,0.0
2011-04-22 03:52:06-04:00,0.0
2011-04-22 03:52:09-04:00,0.0
2011-04-22 03:52:12-04:00,0.0
2011-04-22 03:52:15-04:00,0.0
2011-04-22 03:52:18-04:00,0.0
2011-04-22 03:52:21-04:00,0.0
2011-04-22 03:52:24-04:00,0.0
2011-04-22 03:52:27-04:00,0.0
2011-04-22 03:52:30-04:00,0.0
2011-04-22 03:52:33-04:00,0.0
2011-04-22 03:52:36-04:00,0.0
2011-04-22 03:52:39-04:00,0.0
2011-04-22 03:52:42-04:00,0.0
2011-04-22 03:52:45-04:00,0.0
2011-04-22 03:52:48-04:00,0.0
2011-04-22 03:52:51-04:00,0.0
2011-04-22 03:52:54-04:00,0.0
2011-04-22 03:52:57-04:00,0.0
2011-04-22 03:53:00-04:00,0.0
2011-04-22 03:53:03-04:00,0.0
2011-04-22 03:53:06-04:00,0.0
2011-04-22 03:53:09-04:00,0.0
2011-04-22 03:53:12-04:00,0.0
2011-04-22 03:53:15-04:00,0.0
2011-04-22 03:53:18-04:00,0.0
2011-04-22 03:53:21-04:00,0.0
2011-04-22 03:53:24-04:00,0.0
2011-04-22 03:53:27-04:00,0.0
2011-04-22 03:53:30-04:00,0.0
2011-04-22 03:53:33-04:00,0.0
2011-04-22 03:53:36-04:00,0.0
2011-04-22 03:53:39-04:00,0.0
2011-04-22 03:53:42-04:00,0.0
2011-04-22 03:53:45-04:00,0.0
2011-04-22 03:53:48-04:00,0.0
2011-04-22 03:53:51-04:00,0.0
2011-04-22 03:53:54-04:00,0.0
2011-04-22 03:53:57-04:00,0.0
2011-04-22 03:54:00-04:00,0.0
2011-04-22 03:54:03-04:00,0.0
2011-04-22 03:54:06-04:00,0.0
2011-04-22 03:54:09-04:00,0.0
2011-04-22 03:54:12-04:00,0.0
2011-04-22 03:54:15-04:00,0.0
2011-04-22 03:54:18-04:00,0.0
2011-04-22 03:54:21-04:00,0.0
2011-04-22 03:54:24-04:00,0.0
2011-04-22 03:54:27-04:00,0.0
2011-04-22 03:54:30-04:00,0.0
2011-04-22 03:54:33-04:00,0.0
2011-04-22 03:54:36-04:00,0.0
2011-04-22 03:54:39-04:00,0.0
2011-04-22 03:54:42-04:00,0.0
2011-04-22 03:54:45-04:00,0.0
2011-04-22 03:54:48-04:00,0.0
2011-04-22 03:54:51-04:00,0.0
2011-04-22 03:54:54-04:00,0.0
2011-04-22 03:54:57-04:00,0.0
2011-04-22 03:55:00-04:00,0.0
2011-04-22 03:55:03-04:00,0.0
2011-04-22 03:55:06-04:00,0.0
2011-04-22 03:55:09-04:00,0.0
2011-04-22 03:55:12-04:00,0.0
2011-04-22 03:55:15-04:00,0.0
2011-04-22 03:55:18-04:00,0.0
2011-04-22 03:55:21-04:00,0.0
2011-04-22 03:55:24-04:00,0.0
2011-04-22 03:55:27-04:00,0.0
2011-04-22 03:55:30-04:00,0.0
2011-04-22 03:55:33-04:00,0.0
2011-04-22 03:55:36-04:00,0.0
2011-04-22 03:55:39-04:00,0.0
2011-04-22 03:55:42-04:00,0.0
2011-04-22 03:55:45-04:00,0.0
2011-04-22 03:55:48-04:00,0.0
2011-04-22 03:55:51-04:00,0.0
2011-04-22 03:55:54-04:00,0.0
2011-04-22 03:55:57-04:00,0.0
2011-04-22 03:56:00-04:00,0.0
2011-04-22 03:56:03-04:00,0.0
2011-04-22 03:56:06-04:00,0.0
2011-04-22 03:56:09-04:00,0.0
2011-04-22 03:56:12-04:00,0.0
2011-04-22 03:56:15-04:00,0.0
2011-04-22 03:56:18-04:00,0.0
2011-04-22 03:56:21-04:00,0.0
2011-04-22 03:56:24-04:00,0.0
2011-04-22 03:56:27-04:00,0.0
2011-04-22 03:56:30-04:00,0.0
2011-04-22 03:56:33-04:00,0.0
2011-04-22 03:56:36-04:00,0.0
2011-04-22 03:56:39-04:00,0.0
2011-04-22 03:56:42-04:00,0.0
2011-04-22 03:56:45-04:00,0.0
2011-04-22 03:56:48-04:00,0.0
2011-04-22 03:56:51-04:00,0.0
2011-04-22 03:56:54-04:00,0.0
2011-04-22 03:56:57-04:00,0.0
2011-04-22 03:57:00-04:00,0.0
2011-04-22 03:57:03-04:00,0.0
2011-04-22 03:57:06-04:00,0.0
2011-04-22 03:57:09-04:00,0.0
2011-04-22 03:57:12-04:00,0.0
2011-04-22 03:57:15-04:00,0.0
2011-04-22 03:57:18-04:00,0.0
2011-04-22 03:57:21-04:00,0.0
2011-04-22 03:57:24-04:00,0.0
2011-04-22 03:57:27-04:00,0.0
2011-04-22 03:57:30-04:00,0.0
2011-04-22 03:57:33-04:00,0.0
2011-04-22 03:57:36-04:00,0.0
2011-04-22 03:57:39-04:00,0.0
2011-04-22 03:57:42-04:00,0.0
2011-04-22 03:57:45-04:00,0.0
2011-04-22 03:57:48-04:00,0.0
2011-04-22 03:57:51-04:00,0.0
2011-04-22 03:57:54-04:00,0.0
2011-04-22 03:57:57-04:00,0.0
2011-04-22 03:58:00-04:00,0.0
2011-04-22 03:58:03-04:00,0.0
2011-04-22 03:58:06-04:00,0.0
2011-04-22 03:58:09-04:00,0.0
2011-04-22 03:58:12-04:00,0.0
2011-04-22 03:58:15-04:00,0.0
2011-04-22 03:58:18-04:00,0.0
2011-04-22 03:58:21-04:00,0.0
2011-04-22 03:58:24-04:00,0.0
2011-04-22 03:58:27-04:00,0.0
2011-04-22 03:58:30-04:00,0.0
2011-04-22 03:58:33-04:00,0.0
2011-04-22 03:58:36-04:00,0.0
2011-04-22 03:58:39-04:00,0.0
2011-04-22 03:58:42-04:00,0.0
2011-04-22 03:58:45-04:00,0.0
2011-04-22 03:58:48-04:00,0.0
2011-04-22 03:58:51-04:00,0.0
2011-04-22 03:58:54-04:00,0.0
2011-04-22 03:58:57-04:00,0.0
2011-04-22 03:59:00-04:00,0.0
2011-04-22 03:59:03-04:00,0.0
2011-04-22 03:59:06-04:00,0.0
2011-04-22 03:59:09-04:00,0.0
2011-04-22 03:59:12-04:00,0.0
2011-04-22 03:59:15-04:00,0.0
2011-04-22 03:59:18-04:00,0.0
2011-04-22 03:59:21-04:00,0.0
2011-04-22 03:59:24-04:00,0.0
2011-04-22 03:59:27-04:00,0.0
2011-04-22 03:59:30-04:00,0.0
2011-04-22 03:59:33-04:00,0.0
2011-04-22 03:59:36-04:00,0.0
2011-04-22 03:59:39-04:00,0.0
2011-04-22 03:59:42-04:00,0.0
2011-04-22 03:59:45-04:00,0.0
2011-04-22 03:59:48-04:00,0.0
2011-04-22 03:59:51-04:00,0.0
2011-04-22 03:59:54-04:00,0.0
2011-04-22 03:59:57-04:00,0.0
2011-04-22 04:00:00-04:00,0.0
2011-04-22 04:00:03-04:00,0.0
2011-04-22 04:00:06-04:00,0.0
2011-04-22 04:00:09-04:00,0.0
2011-04-22 04:00:12-04:00,0.0
2011-04-22 04:00:15-04:00,0.0
2011-04-22 04:00:18-04:00,0.0
2011-04-22 04:00:21-04:00,0.0
2011-04-22 04:00:24-04:00,0.0
2011-04-22 04:00:27-04:00,0.0
2011-04-22 04:00:30-04:00,0.0
2011-04-22 04:00:33-04:00,0.0
2011-04-22 04:00:36-04:00,0.0
2011-04-22 04:00:39-04:00,0.0
2011-04-22 04:00:42-04:00,0.0
2011-04-22 04:00:45-04:00,0.0
2011-04-22 04:00:48-04:00,0.0
2011-04-22 04:00:51-04:00,0.0
2011-04-22 04:00:54-04:00,0.0
2011-04-22 04:00:57-04:00,0.0
2011-04-22 04:01:00-04:00,0.0
2011-04-22 04:01:03-04:00,0.0
2011-04-22 04:01:06-04:00,0.0
2011-04-22 04:01:09-04:00,0.0
2011-04-22 04:01:12-04:00,0.0
2011-04-22 04:01:15-04:00,0.0
2011-04-22 04:01:18-04:00,0.0
2011-04-22 04:01:21-04:00,0.0
2011-04-22 04:01:24-04:00,0.0
2011-04-22 04:01:27-04:00,0.0
2011-04-22 04:01:30-04:00,0.0
2011-04-22 04:01:33-04:00,0.0
2011-04-22 04:01:36-04:00,0.0
2011-04-22 04:01:39-04:00,0.0
2011-04-22 04:01:42-04:00,0.0
2011-04-22 04:01:45-04:00,0.0
2011-04-22 04:01:48-04:00,0.0
2011-04-22 04:01:51-04:00,0.0
2011-04-22 04:01:54-04:00,0.0
2011-04-22 04:01:57-04:00,0.0
2011-04-22 04:02:00-04:00,0.0
2011-04-22 04:02:03-04:00,0.0
2011-04-22 04:02:06-04:00,0.0
2011-04-22 04:02:09-04:00,0.0
2011-04-22 04:02:12-04:00,0.0
2011-04-22 04:02:15-04:00,0.0
2011-04-22 04:02:18-04:00,0.0
2011-04-22 04:02:21-04:00,0.0
2011-04-22 04:02:24-04:00,0.0
2011-04-22 04:02:27-04:00,0.0
2011-04-22 04:02:30-04:00,0.0
2011-04-22 04:02:33-04:00,0.0
2011-04-22 04:02:36-04:00,0.0
2011-04-22 04:02:39-04:00,0.0
2011-04-22 04:02:42-04:00,0.0
2011-04-22 04:02:45-04:00,0.0
2011-04-22 04:02:48-04:00,0.0
2011-04-22 04:02:51-04:00,0.0
2011-04-22 04:02:54-04:00,0.0
2011-04-22 04:02:57-04:00,0.0
2011-04-22 04:03:00-04:00,0.0
2011-04-22 04:03:03-04:00,0.0
2011-04-22 04:03:06-04:00,0.0
2011-04-22 04:03:09-04:00,0.0
2011-04-22 04:03:12-04:00,0.0
2011-04-22 04:03:15-04:00,0.0
2011-04-22 04:03:18-04:00,0.0
2011-04-22 04:03:21-04:00,0.0
2011-04-22 04:03:24-04:00,0.0
2011-04-22 04:03:27-04:00,0.0
2011-04-22 04:03:30-04:00,0.0
2011-04-22 04:03:33-04:00,0.0
2011-04-22 04:03:36-04:00,0.0
2011-04-22 04:03:39-04:00,0.0
2011-04-22 04:03:42-04:00,0.0
2011-04-22 04:03:45-04:00,0.0
2011-04-22 04:03:48-04:00,0.0
2011-04-22 04:03:51-04:00,0.0
2011-04-22 04:03:54-04:00,0.0
2011-04-22 04:03:57-04:00,0.0
2011-04-22 04:04:00-04:00,0.0
2011-04-22 04:04:03-04:00,0.0
2011-04-22 04:04:06-04:00,0.0
2011-04-22 04:04:09-04:00,0.0
2011-04-22 04:04:12-04:00,0.0
2011-04-22 04:04:15-04:00,0.0
2011-04-22 04:04:18-04:00,0.0
2011-04-22 04:04:21-04:00,0.0
2011-04-22 04:04:24-04:00,0.0
2011-04-22 04:04:27-04:00,0.0
2011-04-22 04:04:30-04:00,0.0
2011-04-22 04:04:33-04:00,0.0
2011-04-22 04:04:36-04:00,0.0
2011-04-22 04:04:39-04:00,0.0
2011-04-22 04:04:42-04:00,0.0
2011-04-22 04:04:45-04:00,0.0
2011-04-22 04:04:48-04:00,0.0
2011-04-22 04:04:51-04:00,0.0
2011-04-22 04:04:54-04:00,0.0
2011-04-22 04:04:57-04:00,0.0
2011-04-22 04:05:00-04:00,0.0
2011-04-22 04:05:03-04:00,0.0
2011-04-22 04:05:06-04:00,0.0
2011-04-22 04:05:09-04:00,0.0
2011-04-22 04:05:12-04:00,0.0
2011-04-22 04:05:15-04:00,0.0
2011-04-22 04:05:18-04:00,0.0
2011-04-22 04:05:21-04:00,0.0
2011-04-22 04:05:24-04:00,0.0
2011-04-22 04:05:27-04:00,0.0
2011-04-22 04:05:30-04:00,0.0
2011-04-22 04:05:33-04:00,0.0
2011-04-22 04:05:36-04:00,0.0
2011-04-22 04:05:39-04:00,0.0
2011-04-22 04:05:42-04:00,0.0
2011-04-22 04:05:45-04:00,0.0
2011-04-22 04:05:48-04:00,0.0
2011-04-22 04:05:51-04:00,0.0
2011-04-22 04:05:54-04:00,0.0
2011-04-22 04:05:57-04:00,0.0
2011-04-22 04:06:00-04:00,0.0
2011-04-22 04:06:03-04:00,0.0
2011-04-22 04:06:06-04:00,0.0
2011-04-22 04:06:09-04:00,0.0
2011-04-22 04:06:12-04:00,0.0
2011-04-22 04:06:15-04:00,0.0
2011-04-22 04:06:18-04:00,0.0
2011-04-22 04:06:21-04:00,0.0
2011-04-22 04:06:24-04:00,0.0
2011-04-22 04:06:27-04:00,0.0
2011-04-22 04:06:30-04:00,0.0
2011-04-22 04:06:33-04:00,0.0
2011-04-22 04:06:36-04:00,0.0
2011-04-22 04:06:39-04:00,0.0
2011-04-22 04:06:42-04:00,0.0
2011-04-22 04:06:45-04:00,0.0
2011-04-22 04:06:48-04:00,0.0
2011-04-22 04:06:51-04:00,0.0
2011-04-22 04:06:54-04:00,0.0
2011-04-22 04:06:57-04:00,0.0
2011-04-22 04:07:00-04:00,0.0
2011-04-22 04:07:03-04:00,0.0
2011-04-22 04:07:06-04:00,0.0
2011-04-22 04:07:09-04:00,0.0
2011-04-22 04:07:12-04:00,0.0
2011-04-22 04:07:15-04:00,0.0
2011-04-22 04:07:18-04:00,0.0
2011-04-22 04:07:21-04:00,0.0
2011-04-22 04:07:24-04:00,0.0
2011-04-22 04:07:27-04:00,0.0
2011-04-22 04:07:30-04:00,0.0
2011-04-22 04:07:33-04:00,0.0
2011-04-22 04:07:36-04:00,0.0
2011-04-22 04:07:39-04:00,0.0
2011-04-22 04:07:42-04:00,0.0
2011-04-22 04:07:45-04:00,0.0
2011-04-22 04:07:48-04:00,0.0
2011-04-22 04:07:51-04:00,0.0
2011-04-22 04:07:54-04:00,0.0
2011-04-22 04:07:57-04:00,0.0
2011-04-22 04:08:00-04:00,0.0
2011-04-22 04:08:03-04:00,0.0
2011-04-22 04:08:06-04:00,0.0
2011-04-22 04:08:09-04:00,0.0
2011-04-22 04:08:12-04:00,0.0
2011-04-22 04:08:15-04:00,0.0
2011-04-22 04:08:18-04:00,0.0
2011-04-22 04:08:21-04:00,0.0
2011-04-22 04:08:24-04:00,0.0
2011-04-22 04:08:27-04:00,0.0
2011-04-22 04:08:30-04:00,0.0
2011-04-22 04:08:33-04:00,0.0
2011-04-22 04:08:36-04:00,0.0
2011-04-22 04:08:39-04:00,0.0
2011-04-22 04:08:42-04:00,0.0
2011-04-22 04:08:45-04:00,0.0
2011-04-22 04:08:48-04:00,0.0
2011-04-22 04:08:51-04:00,0.0
2011-04-22 04:08:54-04:00,0.0
2011-04-22 04:08:57-04:00,0.0
2011-04-22 04:09:00-04:00,0.0
2011-04-22 04:09:03-04:00,0.0
2011-04-22 04:09:06-04:00,0.0
2011-04-22 04:09:09-04:00,0.0
2011-04-22 04:09:12-04:00,0.0
2011-04-22 04:09:15-04:00,0.0
2011-04-22 04:09:18-04:00,0.0
2011-04-22 04:09:21-04:00,0.0
2011-04-22 04:09:24-04:00,0.0
2011-04-22 04:09:27-04:00,0.0
2011-04-22 04:09:30-04:00,0.0
2011-04-22 04:09:33-04:00,0.0
2011-04-22 04:09:36-04:00,0.0
2011-04-22 04:09:39-04:00,0.0
2011-04-22 04:09:42-04:00,0.0
2011-04-22 04:09:45-04:00,0.0
2011-04-22 04:09:48-04:00,0.0
2011-04-22 04:09:51-04:00,0.0
2011-04-22 04:09:54-04:00,0.0
2011-04-22 04:09:57-04:00,0.0
2011-04-22 04:10:00-04:00,0.0
2011-04-22 04:10:03-04:00,0.0
2011-04-22 04:10:06-04:00,0.0
2011-04-22 04:10:09-04:00,0.0
2011-04-22 04:10:12-04:00,0.0
2011-04-22 04:10:15-04:00,0.0
2011-04-22 04:10:18-04:00,0.0
2011-04-22 04:10:21-04:00,0.0
2011-04-22 04:10:24-04:00,0.0
2011-04-22 04:10:27-04:00,0.0
2011-04-22 04:10:30-04:00,0.0
2011-04-22 04:10:33-04:00,0.0
2011-04-22 04:10:36-04:00,0.0
2011-04-22 04:10:39-04:00,0.0
2011-04-22 04:10:42-04:00,0.0
2011-04-22 04:10:45-04:00,0.0
2011-04-22 04:10:48-04:00,0.0
2011-04-22 04:10:51-04:00,0.0
2011-04-22 04:10:54-04:00,0.0
2011-04-22 04:10:57-04:00,0.0
2011-04-22 04:11:00-04:00,0.0
2011-04-22 04:11:03-04:00,0.0
2011-04-22 04:11:06-04:00,0.0
2011-04-22 04:11:09-04:00,0.0
2011-04-22 04:11:12-04:00,0.0
2011-04-22 04:11:15-04:00,0.0
2011-04-22 04:11:18-04:00,0.0
2011-04-22 04:11:21-04:00,0.0
2011-04-22 04:11:24-04:00,0.0
2011-04-22 04:11:27-04:00,0.0
2011-04-22 04:11:30-04:00,0.0
2011-04-22 04:11:33-04:00,0.0
2011-04-22 04:11:36-04:00,0.0
2011-04-22 04:11:39-04:00,0.0
2011-04-22 04:11:42-04:00,0.0
2011-04-22 04:11:45-04:00,0.0
2011-04-22 04:11:48-04:00,0.0
2011-04-22 04:11:51-04:00,0.0
2011-04-22 04:11:54-04:00,0.0
2011-04-22 04:11:57-04:00,0.0
2011-04-22 04:12:00-04:00,0.0
2011-04-22 04:12:03-04:00,0.0
2011-04-22 04:12:06-04:00,0.0
2011-04-22 04:12:09-04:00,0.0
2011-04-22 04:12:12-04:00,0.0
2011-04-22 04:12:15-04:00,0.0
2011-04-22 04:12:18-04:00,0.0
2011-04-22 04:12:21-04:00,0.0
2011-04-22 04:12:24-04:00,0.0
2011-04-22 04:12:27-04:00,0.0
2011-04-22 04:12:30-04:00,0.0
2011-04-22 04:12:33-04:00,0.0
2011-04-22 04:12:36-04:00,0.0
2011-04-22 04:12:39-04:00,0.0
2011-04-22 04:12:42-04:00,0.0
2011-04-22 04:12:45-04:00,0.0
2011-04-22 04:12:48-04:00,0.0
2011-04-22 04:12:51-04:00,0.0
2011-04-22 04:12:54-04:00,0.0
2011-04-22 04:12:57-04:00,0.0
2011-04-22 04:13:00-04:00,0.0
2011-04-22 04:13:03-04:00,0.0
2011-04-22 04:13:06-04:00,0.0
2011-04-22 04:13:09-04:00,0.0
2011-04-22 04:13:12-04:00,0.0
2011-04-22 04:13:15-04:00,0.0
2011-04-22 04:13:18-04:00,0.0
2011-04-22 04:13:21-04:00,0.0
2011-04-22 04:13:24-04:00,0.0
2011-04-22 04:13:27-04:00,0.0
2011-04-22 04:13:30-04:00,0.0
2011-04-22 04:13:33-04:00,0.0
2011-04-22 04:13:36-04:00,0.0
2011-04-22 04:13:39-04:00,0.0
2011-04-22 04:13:42-04:00,0.0
2011-04-22 04:13:45-04:00,0.0
2011-04-22 04:13:48-04:00,0.0
2011-04-22 04:13:51-04:00,0.0
2011-04-22 04:13:54-04:00,0.0
2011-04-22 04:13:57-04:00,0.0
2011-04-22 04:14:00-04:00,0.0
2011-04-22 04:14:03-04:00,0.0
2011-04-22 04:14:06-04:00,0.0
2011-04-22 04:14:09-04:00,0.0
2011-04-22 04:14:12-04:00,0.0
2011-04-22 04:14:15-04:00,0.0
2011-04-22 04:14:18-04:00,0.0
2011-04-22 04:14:21-04:00,0.0
2011-04-22 04:14:24-04:00,0.0
2011-04-22 04:14:27-04:00,0.0
2011-04-22 04:14:30-04:00,0.0
2011-04-22 04:14:33-04:00,0.0
2011-04-22 04:14:36-04:00,0.0
2011-04-22 04:14:39-04:00,0.0
2011-04-22 04:14:42-04:00,0.0
2011-04-22 04:14:45-04:00,0.0
2011-04-22 04:14:48-04:00,0.0
2011-04-22 04:14:51-04:00,0.0
2011-04-22 04:14:54-04:00,0.0
2011-04-22 04:14:57-04:00,0.0
2011-04-22 04:15:00-04:00,0.0
2011-04-22 04:15:03-04:00,0.0
2011-04-22 04:15:06-04:00,0.0
2011-04-22 04:15:09-04:00,0.0
2011-04-22 04:15:12-04:00,0.0
2011-04-22 04:15:15-04:00,0.0
2011-04-22 04:15:18-04:00,0.0
2011-04-22 04:15:21-04:00,0.0
2011-04-22 04:15:24-04:00,0.0
2011-04-22 04:15:27-04:00,0.0
2011-04-22 04:15:30-04:00,0.0
2011-04-22 04:15:33-04:00,0.0
2011-04-22 04:15:36-04:00,0.0
2011-04-22 04:15:39-04:00,0.0
2011-04-22 04:15:42-04:00,0.0
2011-04-22 04:15:45-04:00,0.0
2011-04-22 04:15:48-04:00,0.0
2011-04-22 04:15:51-04:00,0.0
2011-04-22 04:15:54-04:00,0.0
2011-04-22 04:15:57-04:00,0.0
2011-04-22 04:16:00-04:00,0.0
2011-04-22 04:16:03-04:00,0.0
2011-04-22 04:16:06-04:00,0.0
2011-04-22 04:16:09-04:00,0.0
2011-04-22 04:16:12-04:00,0.0
2011-04-22 04:16:15-04:00,0.0
2011-04-22 04:16:18-04:00,0.0
2011-04-22 04:16:21-04:00,0.0
2011-04-22 04:16:24-04:00,0.0
2011-04-22 04:16:27-04:00,0.0
2011-04-22 04:16:30-04:00,0.0
2011-04-22 04:16:33-04:00,0.0
2011-04-22 04:16:36-04:00,0.0
2011-04-22 04:16:39-04:00,0.0
2011-04-22 04:16:42-04:00,0.0
2011-04-22 04:16:45-04:00,0.0
2011-04-22 04:16:48-04:00,0.0
2011-04-22 04:16:51-04:00,0.0
2011-04-22 04:16:54-04:00,0.0
2011-04-22 04:16:57-04:00,0.0
2011-04-22 04:17:00-04:00,0.0
2011-04-22 04:17:03-04:00,0.0
2011-04-22 04:17:06-04:00,0.0
2011-04-22 04:17:09-04:00,0.0
2011-04-22 04:17:12-04:00,0.0
2011-04-22 04:17:15-04:00,0.0
2011-04-22 04:17:18-04:00,0.0
2011-04-22 04:17:21-04:00,0.0
2011-04-22 04:17:24-04:00,0.0
2011-04-22 04:17:27-04:00,0.0
2011-04-22 04:17:30-04:00,0.0
2011-04-22 04:17:33-04:00,0.0
2011-04-22 04:17:36-04:00,0.0
2011-04-22 04:17:39-04:00,0.0
2011-04-22 04:17:42-04:00,0.0
2011-04-22 04:17:45-04:00,0.0
2011-04-22 04:17:48-04:00,0.0
2011-04-22 04:17:51-04:00,0.0
2011-04-22 04:17:54-04:00,0.0
2011-04-22 04:17:57-04:00,0.0
2011-04-22 04:18:00-04:00,0.0
2011-04-22 04:18:03-04:00,0.0
2011-04-22 04:18:06-04:00,0.0
2011-04-22 04:18:09-04:00,0.0
2011-04-22 04:18:12-04:00,0.0
2011-04-22 04:18:15-04:00,0.0
2011-04-22 04:18:18-04:00,0.0
2011-04-22 04:18:21-04:00,0.0
2011-04-22 04:18:24-04:00,0.0
2011-04-22 04:18:27-04:00,0.0
2011-04-22 04:18:30-04:00,0.0
2011-04-22 04:18:33-04:00,0.0
2011-04-22 04:18:36-04:00,0.0
2011-04-22 04:18:39-04:00,0.0
2011-04-22 04:18:42-04:00,0.0
2011-04-22 04:18:45-04:00,0.0
2011-04-22 04:18:48-04:00,0.0
2011-04-22 04:18:51-04:00,0.0
2011-04-22 04:18:54-04:00,0.0
2011-04-22 04:18:57-04:00,0.0
2011-04-22 04:19:00-04:00,0.0
2011-04-22 04:19:03-04:00,0.0
2011-04-22 04:19:06-04:00,0.0
2011-04-22 04:19:09-04:00,0.0
2011-04-22 04:19:12-04:00,0.0
2011-04-22 04:19:15-04:00,0.0
2011-04-22 04:19:18-04:00,0.0
2011-04-22 04:19:21-04:00,0.0
2011-04-22 04:19:24-04:00,0.0
2011-04-22 04:19:27-04:00,0.0
2011-04-22 04:19:30-04:00,0.0
2011-04-22 04:19:33-04:00,0.0
2011-04-22 04:19:36-04:00,0.0
2011-04-22 04:19:39-04:00,0.0
2011-04-22 04:19:42-04:00,0.0
2011-04-22 04:19:45-04:00,0.0
2011-04-22 04:19:48-04:00,0.0
2011-04-22 04:19:51-04:00,0.0
2011-04-22 04:19:54-04:00,0.0
2011-04-22 04:19:57-04:00,0.0
2011-04-22 04:20:00-04:00,0.0
2011-04-22 04:20:03-04:00,0.0
2011-04-22 04:20:06-04:00,0.0
2011-04-22 04:20:09-04:00,0.0
2011-04-22 04:20:12-04:00,0.0
2011-04-22 04:20:15-04:00,0.0
2011-04-22 04:20:18-04:00,0.0
2011-04-22 04:20:21-04:00,0.0
2011-04-22 04:20:24-04:00,0.0
2011-04-22 04:20:27-04:00,0.0
2011-04-22 04:20:30-04:00,0.0
2011-04-22 04:20:33-04:00,0.0
2011-04-22 04:20:36-04:00,0.0
2011-04-22 04:20:39-04:00,0.0
2011-04-22 04:20:42-04:00,0.0
2011-04-22 04:20:45-04:00,0.0
2011-04-22 04:20:48-04:00,0.0
2011-04-22 04:20:51-04:00,0.0
2011-04-22 04:20:54-04:00,0.0
2011-04-22 04:20:57-04:00,0.0
2011-04-22 04:21:00-04:00,0.0
2011-04-22 04:21:03-04:00,0.0
2011-04-22 04:21:06-04:00,0.0
2011-04-22 04:21:09-04:00,0.0
2011-04-22 04:21:12-04:00,0.0
2011-04-22 04:21:15-04:00,0.0
2011-04-22 04:21:18-04:00,0.0
2011-04-22 04:21:21-04:00,0.0
2011-04-22 04:21:24-04:00,0.0
2011-04-22 04:21:27-04:00,0.0
2011-04-22 04:21:30-04:00,0.0
2011-04-22 04:21:33-04:00,0.0
2011-04-22 04:21:36-04:00,0.0
2011-04-22 04:21:39-04:00,0.0
2011-04-22 04:21:42-04:00,0.0
2011-04-22 04:21:45-04:00,0.0
2011-04-22 04:21:48-04:00,0.0
2011-04-22 04:21:51-04:00,0.0
2011-04-22 04:21:54-04:00,0.0
2011-04-22 04:21:57-04:00,0.0
2011-04-22 04:22:00-04:00,0.0
2011-04-22 04:22:03-04:00,0.0
2011-04-22 04:22:06-04:00,0.0
2011-04-22 04:22:09-04:00,0.0
2011-04-22 04:22:12-04:00,0.0
2011-04-22 04:22:15-04:00,0.0
2011-04-22 04:22:18-04:00,0.0
2011-04-22 04:22:21-04:00,0.0
2011-04-22 04:22:24-04:00,0.0
2011-04-22 04:22:27-04:00,0.0
2011-04-22 04:22:30-04:00,0.0
2011-04-22 04:22:33-04:00,0.0
2011-04-22 04:22:36-04:00,0.0
2011-04-22 04:22:39-04:00,0.0
2011-04-22 04:22:42-04:00,0.0
2011-04-22 04:22:45-04:00,0.0
2011-04-22 04:22:48-04:00,0.0
2011-04-22 04:22:51-04:00,0.0
2011-04-22 04:22:54-04:00,0.0
2011-04-22 04:22:57-04:00,0.0
2011-04-22 04:23:00-04:00,0.0
2011-04-22 04:23:03-04:00,0.0
2011-04-22 04:23:06-04:00,0.0
2011-04-22 04:23:09-04:00,0.0
2011-04-22 04:23:12-04:00,0.0
2011-04-22 04:23:15-04:00,0.0
2011-04-22 04:23:18-04:00,0.0
2011-04-22 04:23:21-04:00,0.0
2011-04-22 04:23:24-04:00,0.0
2011-04-22 04:23:27-04:00,0.0
2011-04-22 04:23:30-04:00,0.0
2011-04-22 04:23:33-04:00,0.0
2011-04-22 04:23:36-04:00,0.0
2011-04-22 04:23:39-04:00,0.0
2011-04-22 04:23:42-04:00,0.0
2011-04-22 04:23:45-04:00,0.0
2011-04-22 04:23:48-04:00,0.0
2011-04-22 04:23:51-04:00,0.0
2011-04-22 04:23:54-04:00,0.0
2011-04-22 04:23:57-04:00,0.0
2011-04-22 04:24:00-04:00,0.0
2011-04-22 04:24:03-04:00,0.0
2011-04-22 04:24:06-04:00,0.0
2011-04-22 04:24:09-04:00,0.0
2011-04-22 04:24:12-04:00,0.0
2011-04-22 04:24:15-04:00,0.0
2011-04-22 04:24:18-04:00,0.0
2011-04-22 04:24:21-04:00,0.0
2011-04-22 04:24:24-04:00,0.0
2011-04-22 04:24:27-04:00,0.0
2011-04-22 04:24:30-04:00,0.0
2011-04-22 04:24:33-04:00,0.0
2011-04-22 04:24:36-04:00,0.0
2011-04-22 04:24:39-04:00,0.0
2011-04-22 04:24:42-04:00,0.0
2011-04-22 04:24:45-04:00,0.0
2011-04-22 04:24:48-04:00,0.0
2011-04-22 04:24:51-04:00,0.0
2011-04-22 04:24:54-04:00,0.0
2011-04-22 04:24:57-04:00,0.0
2011-04-22 04:25:00-04:00,0.0
2011-04-22 04:25:03-04:00,0.0
2011-04-22 04:25:06-04:00,0.0
2011-04-22 04:25:09-04:00,0.0
2011-04-22 04:25:12-04:00,0.0
2011-04-22 04:25:15-04:00,0.0
2011-04-22 04:25:18-04:00,0.0
2011-04-22 04:25:21-04:00,0.0
2011-04-22 04:25:24-04:00,0.0
2011-04-22 04:25:27-04:00,0.0
2011-04-22 04:25:30-04:00,0.0
2011-04-22 04:25:33-04:00,0.0
2011-04-22 04:25:36-04:00,0.0
2011-04-22 04:25:39-04:00,0.0
2011-04-22 04:25:42-04:00,0.0
2011-04-22 04:25:45-04:00,0.0
2011-04-22 04:25:48-04:00,0.0
2011-04-22 04:25:51-04:00,0.0
2011-04-22 04:25:54-04:00,0.0
2011-04-22 04:25:57-04:00,0.0
2011-04-22 04:26:00-04:00,0.0
2011-04-22 04:26:03-04:00,0.0
2011-04-22 04:26:06-04:00,0.0
2011-04-22 04:26:09-04:00,0.0
2011-04-22 04:26:12-04:00,0.0
2011-04-22 04:26:15-04:00,0.0
2011-04-22 04:26:18-04:00,0.0
2011-04-22 04:26:21-04:00,0.0
2011-04-22 04:26:24-04:00,0.0
2011-04-22 04:26:27-04:00,0.0
2011-04-22 04:26:30-04:00,0.0
2011-04-22 04:26:33-04:00,0.0
2011-04-22 04:26:36-04:00,0.0
2011-04-22 04:26:39-04:00,0.0
2011-04-22 04:26:42-04:00,0.0
2011-04-22 04:26:45-04:00,0.0
2011-04-22 04:26:48-04:00,0.0
2011-04-22 04:26:51-04:00,0.0
2011-04-22 04:26:54-04:00,0.0
2011-04-22 04:26:57-04:00,0.0
2011-04-22 04:27:00-04:00,0.0
2011-04-22 04:27:03-04:00,0.0
2011-04-22 04:27:06-04:00,0.0
2011-04-22 04:27:09-04:00,0.0
2011-04-22 04:27:12-04:00,0.0
2011-04-22 04:27:15-04:00,0.0
2011-04-22 04:27:18-04:00,0.0
2011-04-22 04:27:21-04:00,0.0
2011-04-22 04:27:24-04:00,0.0
2011-04-22 04:27:27-04:00,0.0
2011-04-22 04:27:30-04:00,0.0
2011-04-22 04:27:33-04:00,0.0
2011-04-22 04:27:36-04:00,0.0
2011-04-22 04:27:39-04:00,0.0
2011-04-22 04:27:42-04:00,0.0
2011-04-22 04:27:45-04:00,0.0
2011-04-22 04:27:48-04:00,0.0
2011-04-22 04:27:51-04:00,0.0
2011-04-22 04:27:54-04:00,0.0
2011-04-22 04:27:57-04:00,0.0
2011-04-22 04:28:00-04:00,0.0
2011-04-22 04:28:03-04:00,0.0
2011-04-22 04:28:06-04:00,0.0
2011-04-22 04:28:09-04:00,0.0
2011-04-22 04:28:12-04:00,0.0
2011-04-22 04:28:15-04:00,0.0
2011-04-22 04:28:18-04:00,0.0
2011-04-22 04:28:21-04:00,0.0
2011-04-22 04:28:24-04:00,0.0
2011-04-22 04:28:27-04:00,0.0
2011-04-22 04:28:30-04:00,0.0
2011-04-22 04:28:33-04:00,0.0
2011-04-22 04:28:36-04:00,0.0
2011-04-22 04:28:39-04:00,0.0
2011-04-22 04:28:42-04:00,0.0
2011-04-22 04:28:45-04:00,0.0
2011-04-22 04:28:48-04:00,0.0
2011-04-22 04:28:51-04:00,0.0
2011-04-22 04:28:54-04:00,0.0
2011-04-22 04:28:57-04:00,0.0
2011-04-22 04:29:00-04:00,0.0
2011-04-22 04:29:03-04:00,0.0
2011-04-22 04:29:06-04:00,0.0
2011-04-22 04:29:09-04:00,0.0
2011-04-22 04:29:12-04:00,0.0
2011-04-22 04:29:15-04:00,0.0
2011-04-22 04:29:18-04:00,0.0
2011-04-22 04:29:21-04:00,0.0
2011-04-22 04:29:24-04:00,0.0
2011-04-22 04:29:27-04:00,0.0
2011-04-22 04:29:30-04:00,0.0
2011-04-22 04:29:33-04:00,0.0
2011-04-22 04:29:36-04:00,0.0
2011-04-22 04:29:39-04:00,0.0
2011-04-22 04:29:42-04:00,0.0
2011-04-22 04:29:45-04:00,0.0
2011-04-22 04:29:48-04:00,0.0
2011-04-22 04:29:51-04:00,0.0
2011-04-22 04:29:54-04:00,0.0
2011-04-22 04:29:57-04:00,0.0
2011-04-22 04:30:00-04:00,0.0
2011-04-22 04:30:03-04:00,0.0
2011-04-22 04:30:06-04:00,0.0
2011-04-22 04:30:09-04:00,0.0
2011-04-22 04:30:12-04:00,0.0
2011-04-22 04:30:15-04:00,0.0
2011-04-22 04:30:18-04:00,0.0
2011-04-22 04:30:21-04:00,0.0
2011-04-22 04:30:24-04:00,0.0
2011-04-22 04:30:27-04:00,0.0
2011-04-22 04:30:30-04:00,0.0
2011-04-22 04:30:33-04:00,0.0
2011-04-22 04:30:36-04:00,0.0
2011-04-22 04:30:39-04:00,0.0
2011-04-22 04:30:42-04:00,0.0
2011-04-22 04:30:45-04:00,0.0
2011-04-22 04:30:48-04:00,0.0
2011-04-22 04:30:51-04:00,0.0
2011-04-22 04:30:54-04:00,0.0
2011-04-22 04:30:57-04:00,0.0
2011-04-22 04:31:00-04:00,0.0
2011-04-22 04:31:03-04:00,0.0
2011-04-22 04:31:06-04:00,0.0
2011-04-22 04:31:09-04:00,0.0
2011-04-22 04:31:12-04:00,0.0
2011-04-22 04:31:15-04:00,0.0
2011-04-22 04:31:18-04:00,0.0
2011-04-22 04:31:21-04:00,0.0
2011-04-22 04:31:24-04:00,0.0
2011-04-22 04:31:27-04:00,0.0
2011-04-22 04:31:30-04:00,0.0
2011-04-22 04:31:33-04:00,0.0
2011-04-22 04:31:36-04:00,0.0
2011-04-22 04:31:39-04:00,0.0
2011-04-22 04:31:42-04:00,0.0
2011-04-22 04:31:45-04:00,0.0
2011-04-22 04:31:48-04:00,0.0
2011-04-22 04:31:51-04:00,0.0
2011-04-22 04:31:54-04:00,0.0
2011-04-22 04:31:57-04:00,0.0
2011-04-22 04:32:00-04:00,0.0
2011-04-22 04:32:03-04:00,0.0
2011-04-22 04:32:06-04:00,0.0
2011-04-22 04:32:09-04:00,0.0
2011-04-22 04:32:12-04:00,0.0
2011-04-22 04:32:15-04:00,0.0
2011-04-22 04:32:18-04:00,0.0
2011-04-22 04:32:21-04:00,0.0
2011-04-22 04:32:24-04:00,0.0
2011-04-22 04:32:27-04:00,0.0
2011-04-22 04:32:30-04:00,0.0
2011-04-22 04:32:33-04:00,0.0
2011-04-22 04:32:36-04:00,0.0
2011-04-22 04:32:39-04:00,0.0
2011-04-22 04:32:42-04:00,0.0
2011-04-22 04:32:45-04:00,0.0
2011-04-22 04:32:48-04:00,0.0
2011-04-22 04:32:51-04:00,0.0
2011-04-22 04:32:54-04:00,0.0
2011-04-22 04:32:57-04:00,0.0
2011-04-22 04:33:00-04:00,0.0
2011-04-22 04:33:03-04:00,0.0
2011-04-22 04:33:06-04:00,0.0
2011-04-22 04:33:09-04:00,0.0
2011-04-22 04:33:12-04:00,0.0
2011-04-22 04:33:15-04:00,0.0
2011-04-22 04:33:18-04:00,0.0
2011-04-22 04:33:21-04:00,0.0
2011-04-22 04:33:24-04:00,0.0
2011-04-22 04:33:27-04:00,0.0
2011-04-22 04:33:30-04:00,0.0
2011-04-22 04:33:33-04:00,0.0
2011-04-22 04:33:36-04:00,0.0
2011-04-22 04:33:39-04:00,0.0
2011-04-22 04:33:42-04:00,0.0
2011-04-22 04:33:45-04:00,0.0
2011-04-22 04:33:48-04:00,0.0
2011-04-22 04:33:51-04:00,0.0
2011-04-22 04:33:54-04:00,0.0
2011-04-22 04:33:57-04:00,0.0
2011-04-22 04:34:00-04:00,0.0
2011-04-22 04:34:03-04:00,0.0
2011-04-22 04:34:06-04:00,0.0
2011-04-22 04:34:09-04:00,0.0
2011-04-22 04:34:12-04:00,0.0
2011-04-22 04:34:15-04:00,0.0
2011-04-22 04:34:18-04:00,0.0
2011-04-22 04:34:21-04:00,0.0
2011-04-22 04:34:24-04:00,0.0
2011-04-22 04:34:27-04:00,0.0
2011-04-22 04:34:30-04:00,0.0
2011-04-22 04:34:33-04:00,0.0
2011-04-22 04:34:36-04:00,0.0
2011-04-22 04:34:39-04:00,0.0
2011-04-22 04:34:42-04:00,0.0
2011-04-22 04:34:45-04:00,0.0
2011-04-22 04:34:48-04:00,0.0
2011-04-22 04:34:51-04:00,0.0
2011-04-22 04:34:54-04:00,0.0
2011-04-22 04:34:57-04:00,0.0
2011-04-22 04:35:00-04:00,0.0
2011-04-22 04:35:03-04:00,0.0
2011-04-22 04:35:06-04:00,0.0
2011-04-22 04:35:09-04:00,0.0
2011-04-22 04:35:12-04:00,0.0
2011-04-22 04:35:15-04:00,0.0
2011-04-22 04:35:18-04:00,0.0
2011-04-22 04:35:21-04:00,0.0
2011-04-22 04:35:24-04:00,0.0
2011-04-22 04:35:27-04:00,0.0
2011-04-22 04:35:30-04:00,0.0
2011-04-22 04:35:33-04:00,0.0
2011-04-22 04:35:36-04:00,0.0
2011-04-22 04:35:39-04:00,0.0
2011-04-22 04:35:42-04:00,0.0
2011-04-22 04:35:45-04:00,0.0
2011-04-22 04:35:48-04:00,0.0
2011-04-22 04:35:51-04:00,0.0
2011-04-22 04:35:54-04:00,0.0
2011-04-22 04:35:57-04:00,0.0
2011-04-22 04:36:00-04:00,0.0
2011-04-22 04:36:03-04:00,0.0
2011-04-22 04:36:06-04:00,0.0
2011-04-22 04:36:09-04:00,0.0
2011-04-22 04:36:12-04:00,0.0
2011-04-22 04:36:15-04:00,0.0
2011-04-22 04:36:18-04:00,0.0
2011-04-22 04:36:21-04:00,0.0
2011-04-22 04:36:24-04:00,0.0
2011-04-22 04:36:27-04:00,0.0
2011-04-22 04:36:30-04:00,0.0
2011-04-22 04:36:33-04:00,0.0
2011-04-22 04:36:36-04:00,0.0
2011-04-22 04:36:39-04:00,0.0
2011-04-22 04:36:42-04:00,0.0
2011-04-22 04:36:45-04:00,0.0
2011-04-22 04:36:48-04:00,0.0
2011-04-22 04:36:51-04:00,0.0
2011-04-22 04:36:54-04:00,0.0
2011-04-22 04:36:57-04:00,0.0
2011-04-22 04:37:00-04:00,0.0
2011-04-22 04:37:03-04:00,0.0
2011-04-22 04:37:06-04:00,0.0
2011-04-22 04:37:09-04:00,0.0
2011-04-22 04:37:12-04:00,0.0
2011-04-22 04:37:15-04:00,0.0
2011-04-22 04:37:18-04:00,0.0
2011-04-22 04:37:21-04:00,0.0
2011-04-22 04:37:24-04:00,0.0
2011-04-22 04:37:27-04:00,0.0
2011-04-22 04:37:30-04:00,0.0
2011-04-22 04:37:33-04:00,0.0
2011-04-22 04:37:36-04:00,0.0
2011-04-22 04:37:39-04:00,0.0
2011-04-22 04:37:42-04:00,0.0
2011-04-22 04:37:45-04:00,0.0
2011-04-22 04:37:48-04:00,0.0
2011-04-22 04:37:51-04:00,0.0
2011-04-22 04:37:54-04:00,0.0
2011-04-22 04:37:57-04:00,0.0
2011-04-22 04:38:00-04:00,0.0
2011-04-22 04:38:03-04:00,0.0
2011-04-22 04:38:06-04:00,0.0
2011-04-22 04:38:09-04:00,0.0
2011-04-22 04:38:12-04:00,0.0
2011-04-22 04:38:15-04:00,0.0
2011-04-22 04:38:18-04:00,0.0
2011-04-22 04:38:21-04:00,0.0
2011-04-22 04:38:24-04:00,0.0
2011-04-22 04:38:27-04:00,0.0
2011-04-22 04:38:30-04:00,0.0
2011-04-22 04:38:33-04:00,0.0
2011-04-22 04:38:36-04:00,0.0
2011-04-22 04:38:39-04:00,0.0
2011-04-22 04:38:42-04:00,0.0
2011-04-22 04:38:45-04:00,0.0
2011-04-22 04:38:48-04:00,0.0
2011-04-22 04:38:51-04:00,0.0
2011-04-22 04:38:54-04:00,0.0
2011-04-22 04:38:57-04:00,0.0
2011-04-22 04:39:00-04:00,0.0
2011-04-22 04:39:03-04:00,0.0
2011-04-22 04:39:06-04:00,0.0
2011-04-22 04:39:09-04:00,0.0
2011-04-22 04:39:12-04:00,0.0
2011-04-22 04:39:15-04:00,0.0
2011-04-22 04:39:18-04:00,0.0
2011-04-22 04:39:21-04:00,0.0
2011-04-22 04:39:24-04:00,0.0
2011-04-22 04:39:27-04:00,0.0
2011-04-22 04:39:30-04:00,0.0
2011-04-22 04:39:33-04:00,0.0
2011-04-22 04:39:36-04:00,0.0
2011-04-22 04:39:39-04:00,0.0
2011-04-22 04:39:42-04:00,0.0
2011-04-22 04:39:45-04:00,0.0
2011-04-22 04:39:48-04:00,0.0
2011-04-22 04:39:51-04:00,0.0
2011-04-22 04:39:54-04:00,0.0
2011-04-22 04:39:57-04:00,0.0
2011-04-22 04:40:00-04:00,0.0
2011-04-22 04:40:03-04:00,0.0
2011-04-22 04:40:06-04:00,0.0
2011-04-22 04:40:09-04:00,0.0
2011-04-22 04:40:12-04:00,0.0
2011-04-22 04:40:15-04:00,0.0
2011-04-22 04:40:18-04:00,0.0
2011-04-22 04:40:21-04:00,0.0
2011-04-22 04:40:24-04:00,0.0
2011-04-22 04:40:27-04:00,0.0
2011-04-22 04:40:30-04:00,0.0
2011-04-22 04:40:33-04:00,0.0
2011-04-22 04:40:36-04:00,0.0
2011-04-22 04:40:39-04:00,0.0
2011-04-22 04:40:42-04:00,0.0
2011-04-22 04:40:45-04:00,0.0
2011-04-22 04:40:48-04:00,0.0
2011-04-22 04:40:51-04:00,0.0
2011-04-22 04:40:54-04:00,0.0
2011-04-22 04:40:57-04:00,0.0
2011-04-22 04:41:00-04:00,0.0
2011-04-22 04:41:03-04:00,0.0
2011-04-22 04:41:06-04:00,0.0
2011-04-22 04:41:09-04:00,0.0
2011-04-22 04:41:12-04:00,0.0
2011-04-22 04:41:15-04:00,0.0
2011-04-22 04:41:18-04:00,0.0
2011-04-22 04:41:21-04:00,0.0
2011-04-22 04:41:24-04:00,0.0
2011-04-22 04:41:27-04:00,0.0
2011-04-22 04:41:30-04:00,0.0
2011-04-22 04:41:33-04:00,0.0
2011-04-22 04:41:36-04:00,0.0
2011-04-22 04:41:39-04:00,0.0
2011-04-22 04:41:42-04:00,0.0
2011-04-22 04:41:45-04:00,0.0
2011-04-22 04:41:48-04:00,0.0
2011-04-22 04:41:51-04:00,0.0
2011-04-22 04:41:54-04:00,0.0
2011-04-22 04:41:57-04:00,0.0
2011-04-22 04:42:00-04:00,0.0
2011-04-22 04:42:03-04:00,0.0
2011-04-22 04:42:06-04:00,0.0
2011-04-22 04:42:09-04:00,0.0
2011-04-22 04:42:12-04:00,0.0
2011-04-22 04:42:15-04:00,0.0
2011-04-22 04:42:18-04:00,0.0
2011-04-22 04:42:21-04:00,0.0
2011-04-22 04:42:24-04:00,0.0
2011-04-22 04:42:27-04:00,0.0
2011-04-22 04:42:30-04:00,0.0
2011-04-22 04:42:33-04:00,0.0
2011-04-22 04:42:36-04:00,0.0
2011-04-22 04:42:39-04:00,0.0
2011-04-22 04:42:42-04:00,0.0
2011-04-22 04:42:45-04:00,0.0
2011-04-22 04:42:48-04:00,0.0
2011-04-22 04:42:51-04:00,0.0
2011-04-22 04:42:54-04:00,0.0
2011-04-22 04:42:57-04:00,0.0
2011-04-22 04:43:00-04:00,0.0
2011-04-22 04:43:03-04:00,0.0
2011-04-22 04:43:06-04:00,0.0
2011-04-22 04:43:09-04:00,0.0
2011-04-22 04:43:12-04:00,0.0
2011-04-22 04:43:15-04:00,0.0
2011-04-22 04:43:18-04:00,0.0
2011-04-22 04:43:21-04:00,0.0
2011-04-22 04:43:24-04:00,0.0
2011-04-22 04:43:27-04:00,0.0
2011-04-22 04:43:30-04:00,0.0
2011-04-22 04:43:33-04:00,0.0
2011-04-22 04:43:36-04:00,0.0
2011-04-22 04:43:39-04:00,0.0
2011-04-22 04:43:42-04:00,0.0
2011-04-22 04:43:45-04:00,0.0
2011-04-22 04:43:48-04:00,0.0
2011-04-22 04:43:51-04:00,0.0
2011-04-22 04:43:54-04:00,0.0
2011-04-22 04:43:57-04:00,0.0
2011-04-22 04:44:00-04:00,0.0
2011-04-22 04:44:03-04:00,0.0
2011-04-22 04:44:06-04:00,0.0
2011-04-22 04:44:09-04:00,0.0
2011-04-22 04:44:12-04:00,0.0
2011-04-22 04:44:15-04:00,0.0
2011-04-22 04:44:18-04:00,0.0
2011-04-22 04:44:21-04:00,0.0
2011-04-22 04:44:24-04:00,0.0
2011-04-22 04:44:27-04:00,0.0
2011-04-22 04:44:30-04:00,0.0
2011-04-22 04:44:33-04:00,0.0
2011-04-22 04:44:36-04:00,0.0
2011-04-22 04:44:39-04:00,0.0
2011-04-22 04:44:42-04:00,0.0
2011-04-22 04:44:45-04:00,0.0
2011-04-22 04:44:48-04:00,0.0
2011-04-22 04:44:51-04:00,0.0
2011-04-22 04:44:54-04:00,0.0
2011-04-22 04:44:57-04:00,0.0
2011-04-22 04:45:00-04:00,0.0
2011-04-22 04:45:03-04:00,0.0
2011-04-22 04:45:06-04:00,0.0
2011-04-22 04:45:09-04:00,0.0
2011-04-22 04:45:12-04:00,0.0
2011-04-22 04:45:15-04:00,0.0
2011-04-22 04:45:18-04:00,0.0
2011-04-22 04:45:21-04:00,0.0
2011-04-22 04:45:24-04:00,0.0
2011-04-22 04:45:27-04:00,0.0
2011-04-22 04:45:30-04:00,0.0
2011-04-22 04:45:33-04:00,0.0
2011-04-22 04:45:36-04:00,0.0
2011-04-22 04:45:39-04:00,0.0
2011-04-22 04:45:42-04:00,0.0
2011-04-22 04:45:45-04:00,0.0
2011-04-22 04:45:48-04:00,0.0
2011-04-22 04:45:51-04:00,0.0
2011-04-22 04:45:54-04:00,0.0
2011-04-22 04:45:57-04:00,0.0
2011-04-22 04:46:00-04:00,0.0
2011-04-22 04:46:03-04:00,0.0
2011-04-22 04:46:06-04:00,0.0
2011-04-22 04:46:09-04:00,0.0
2011-04-22 04:46:12-04:00,0.0
2011-04-22 04:46:15-04:00,0.0
2011-04-22 04:46:18-04:00,0.0
2011-04-22 04:46:21-04:00,0.0
2011-04-22 04:46:24-04:00,0.0
2011-04-22 04:46:27-04:00,0.0
2011-04-22 04:46:30-04:00,0.0
2011-04-22 04:46:33-04:00,0.0
2011-04-22 04:46:36-04:00,0.0
2011-04-22 04:46:39-04:00,0.0
2011-04-22 04:46:42-04:00,0.0
2011-04-22 04:46:45-04:00,0.0
2011-04-22 04:46:48-04:00,0.0
2011-04-22 04:46:51-04:00,0.0
2011-04-22 04:46:54-04:00,0.0
2011-04-22 04:46:57-04:00,0.0
2011-04-22 04:47:00-04:00,0.0
2011-04-22 04:47:03-04:00,0.0
2011-04-22 04:47:06-04:00,0.0
2011-04-22 04:47:09-04:00,0.0
2011-04-22 04:47:12-04:00,0.0
2011-04-22 04:47:15-04:00,0.0
2011-04-22 04:47:18-04:00,0.0
2011-04-22 04:47:21-04:00,0.0
2011-04-22 04:47:24-04:00,0.0
2011-04-22 04:47:27-04:00,0.0
2011-04-22 04:47:30-04:00,0.0
2011-04-22 04:47:33-04:00,0.0
2011-04-22 04:47:36-04:00,0.0
2011-04-22 04:47:39-04:00,0.0
2011-04-22 04:47:42-04:00,0.0
2011-04-22 04:47:45-04:00,0.0
2011-04-22 04:47:48-04:00,0.0
2011-04-22 04:47:51-04:00,0.0
2011-04-22 04:47:54-04:00,0.0
2011-04-22 04:47:57-04:00,0.0
2011-04-22 04:48:00-04:00,0.0
2011-04-22 04:48:03-04:00,0.0
2011-04-22 04:48:06-04:00,0.0
2011-04-22 04:48:09-04:00,0.0
2011-04-22 04:48:12-04:00,0.0
2011-04-22 04:48:15-04:00,0.0
2011-04-22 04:48:18-04:00,0.0
2011-04-22 04:48:21-04:00,0.0
2011-04-22 04:48:24-04:00,0.0
2011-04-22 04:48:27-04:00,0.0
2011-04-22 04:48:30-04:00,0.0
2011-04-22 04:48:33-04:00,0.0
2011-04-22 04:48:36-04:00,0.0
2011-04-22 04:48:39-04:00,0.0
2011-04-22 04:48:42-04:00,0.0
2011-04-22 04:48:45-04:00,0.0
2011-04-22 04:48:48-04:00,0.0
2011-04-22 04:48:51-04:00,0.0
2011-04-22 04:48:54-04:00,0.0
2011-04-22 04:48:57-04:00,0.0
2011-04-22 04:49:00-04:00,0.0
2011-04-22 04:49:03-04:00,0.0
2011-04-22 04:49:06-04:00,0.0
2011-04-22 04:49:09-04:00,0.0
2011-04-22 04:49:12-04:00,0.0
2011-04-22 04:49:15-04:00,0.0
2011-04-22 04:49:18-04:00,0.0
2011-04-22 04:49:21-04:00,0.0
2011-04-22 04:49:24-04:00,0.0
2011-04-22 04:49:27-04:00,0.0
2011-04-22 04:49:30-04:00,0.0
2011-04-22 04:49:33-04:00,0.0
2011-04-22 04:49:36-04:00,0.0
2011-04-22 04:49:39-04:00,0.0
2011-04-22 04:49:42-04:00,0.0
2011-04-22 04:49:45-04:00,0.0
2011-04-22 04:49:48-04:00,0.0
2011-04-22 04:49:51-04:00,0.0
2011-04-22 04:49:54-04:00,0.0
2011-04-22 04:49:57-04:00,0.0
2011-04-22 04:50:00-04:00,0.0
2011-04-22 04:50:03-04:00,0.0
2011-04-22 04:50:06-04:00,0.0
2011-04-22 04:50:09-04:00,0.0
2011-04-22 04:50:12-04:00,0.0
2011-04-22 04:50:15-04:00,0.0
2011-04-22 04:50:18-04:00,0.0
2011-04-22 04:50:21-04:00,0.0
2011-04-22 04:50:24-04:00,0.0
2011-04-22 04:50:27-04:00,0.0
2011-04-22 04:50:30-04:00,0.0
2011-04-22 04:50:33-04:00,0.0
2011-04-22 04:50:36-04:00,0.0
2011-04-22 04:50:39-04:00,0.0
2011-04-22 04:50:42-04:00,0.0
2011-04-22 04:50:45-04:00,0.0
2011-04-22 04:50:48-04:00,0.0
2011-04-22 04:50:51-04:00,0.0
2011-04-22 04:50:54-04:00,0.0
2011-04-22 04:50:57-04:00,0.0
2011-04-22 04:51:00-04:00,0.0
2011-04-22 04:51:03-04:00,0.0
2011-04-22 04:51:06-04:00,0.0
2011-04-22 04:51:09-04:00,0.0
2011-04-22 04:51:12-04:00,0.0
2011-04-22 04:51:15-04:00,0.0
2011-04-22 04:51:18-04:00,0.0
2011-04-22 04:51:21-04:00,0.0
2011-04-22 04:51:24-04:00,0.0
2011-04-22 04:51:27-04:00,0.0
2011-04-22 04:51:30-04:00,0.0
2011-04-22 04:51:33-04:00,0.0
2011-04-22 04:51:36-04:00,0.0
2011-04-22 04:51:39-04:00,0.0
2011-04-22 04:51:42-04:00,0.0
2011-04-22 04:51:45-04:00,0.0
2011-04-22 04:51:48-04:00,0.0
2011-04-22 04:51:51-04:00,0.0
2011-04-22 04:51:54-04:00,0.0
2011-04-22 04:51:57-04:00,0.0
2011-04-22 04:52:00-04:00,0.0
2011-04-22 04:52:03-04:00,0.0
2011-04-22 04:52:06-04:00,0.0
2011-04-22 04:52:09-04:00,0.0
2011-04-22 04:52:12-04:00,0.0
2011-04-22 04:52:15-04:00,0.0
2011-04-22 04:52:18-04:00,0.0
2011-04-22 04:52:21-04:00,0.0
2011-04-22 04:52:24-04:00,0.0
2011-04-22 04:52:27-04:00,0.0
2011-04-22 04:52:30-04:00,0.0
2011-04-22 04:52:33-04:00,0.0
2011-04-22 04:52:36-04:00,0.0
2011-04-22 04:52:39-04:00,0.0
2011-04-22 04:52:42-04:00,0.0
2011-04-22 04:52:45-04:00,0.0
2011-04-22 04:52:48-04:00,0.0
2011-04-22 04:52:51-04:00,0.0
2011-04-22 04:52:54-04:00,0.0
2011-04-22 04:52:57-04:00,0.0
2011-04-22 04:53:00-04:00,0.0
2011-04-22 04:53:03-04:00,0.0
2011-04-22 04:53:06-04:00,0.0
2011-04-22 04:53:09-04:00,0.0
2011-04-22 04:53:12-04:00,0.0
2011-04-22 04:53:15-04:00,0.0
2011-04-22 04:53:18-04:00,0.0
2011-04-22 04:53:21-04:00,0.0
2011-04-22 04:53:24-04:00,0.0
2011-04-22 04:53:27-04:00,0.0
2011-04-22 04:53:30-04:00,0.0
2011-04-22 04:53:33-04:00,0.0
2011-04-22 04:53:36-04:00,0.0
2011-04-22 04:53:39-04:00,0.0
2011-04-22 04:53:42-04:00,0.0
2011-04-22 04:53:45-04:00,0.0
2011-04-22 04:53:48-04:00,0.0
2011-04-22 04:53:51-04:00,0.0
2011-04-22 04:53:54-04:00,0.0
2011-04-22 04:53:57-04:00,0.0
2011-04-22 04:54:00-04:00,0.0
2011-04-22 04:54:03-04:00,0.0
2011-04-22 04:54:06-04:00,0.0
2011-04-22 04:54:09-04:00,0.0
2011-04-22 04:54:12-04:00,0.0
2011-04-22 04:54:15-04:00,0.0
2011-04-22 04:54:18-04:00,0.0
2011-04-22 04:54:21-04:00,0.0
2011-04-22 04:54:24-04:00,0.0
2011-04-22 04:54:27-04:00,0.0
2011-04-22 04:54:30-04:00,0.0
2011-04-22 04:54:33-04:00,0.0
2011-04-22 04:54:36-04:00,0.0
2011-04-22 04:54:39-04:00,0.0
2011-04-22 04:54:42-04:00,0.0
2011-04-22 04:54:45-04:00,0.0
2011-04-22 04:54:48-04:00,0.0
2011-04-22 04:54:51-04:00,0.0
2011-04-22 04:54:54-04:00,0.0
2011-04-22 04:54:57-04:00,0.0
2011-04-22 04:55:00-04:00,0.0
2011-04-22 04:55:03-04:00,0.0
2011-04-22 04:55:06-04:00,0.0
2011-04-22 04:55:09-04:00,0.0
2011-04-22 04:55:12-04:00,0.0
2011-04-22 04:55:15-04:00,0.0
2011-04-22 04:55:18-04:00,0.0
2011-04-22 04:55:21-04:00,0.0
2011-04-22 04:55:24-04:00,0.0
2011-04-22 04:55:27-04:00,0.0
2011-04-22 04:55:30-04:00,0.0
2011-04-22 04:55:33-04:00,0.0
2011-04-22 04:55:36-04:00,0.0
2011-04-22 04:55:39-04:00,0.0
2011-04-22 04:55:42-04:00,0.0
2011-04-22 04:55:45-04:00,0.0
2011-04-22 04:55:48-04:00,0.0
2011-04-22 04:55:51-04:00,0.0
2011-04-22 04:55:54-04:00,0.0
2011-04-22 04:55:57-04:00,0.0
2011-04-22 04:56:00-04:00,0.0
2011-04-22 04:56:03-04:00,0.0
2011-04-22 04:56:06-04:00,0.0
2011-04-22 04:56:09-04:00,0.0
2011-04-22 04:56:12-04:00,0.0
2011-04-22 04:56:15-04:00,0.0
2011-04-22 04:56:18-04:00,0.0
2011-04-22 04:56:21-04:00,0.0
2011-04-22 04:56:24-04:00,0.0
2011-04-22 04:56:27-04:00,0.0
2011-04-22 04:56:30-04:00,0.0
2011-04-22 04:56:33-04:00,0.0
2011-04-22 04:56:36-04:00,0.0
2011-04-22 04:56:39-04:00,0.0
2011-04-22 04:56:42-04:00,0.0
2011-04-22 04:56:45-04:00,0.0
2011-04-22 04:56:48-04:00,0.0
2011-04-22 04:56:51-04:00,0.0
2011-04-22 04:56:54-04:00,0.0
2011-04-22 04:56:57-04:00,0.0
2011-04-22 04:57:00-04:00,0.0
2011-04-22 04:57:03-04:00,0.0
2011-04-22 04:57:06-04:00,0.0
2011-04-22 04:57:09-04:00,0.0
2011-04-22 04:57:12-04:00,0.0
2011-04-22 04:57:15-04:00,0.0
2011-04-22 04:57:18-04:00,0.0
2011-04-22 04:57:21-04:00,0.0
2011-04-22 04:57:24-04:00,0.0
2011-04-22 04:57:27-04:00,0.0
2011-04-22 04:57:30-04:00,0.0
2011-04-22 04:57:33-04:00,0.0
2011-04-22 04:57:36-04:00,0.0
2011-04-22 04:57:39-04:00,0.0
2011-04-22 04:57:42-04:00,0.0
2011-04-22 04:57:45-04:00,0.0
2011-04-22 04:57:48-04:00,0.0
2011-04-22 04:57:51-04:00,0.0
2011-04-22 04:57:54-04:00,0.0
2011-04-22 04:57:57-04:00,0.0
2011-04-22 04:58:00-04:00,0.0
2011-04-22 04:58:03-04:00,0.0
2011-04-22 04:58:06-04:00,0.0
2011-04-22 04:58:09-04:00,0.0
2011-04-22 04:58:12-04:00,0.0
2011-04-22 04:58:15-04:00,0.0
2011-04-22 04:58:18-04:00,0.0
2011-04-22 04:58:21-04:00,0.0
2011-04-22 04:58:24-04:00,0.0
2011-04-22 04:58:27-04:00,0.0
2011-04-22 04:58:30-04:00,0.0
2011-04-22 04:58:33-04:00,0.0
2011-04-22 04:58:36-04:00,0.0
2011-04-22 04:58:39-04:00,0.0
2011-04-22 04:58:42-04:00,0.0
2011-04-22 04:58:45-04:00,0.0
2011-04-22 04:58:48-04:00,0.0
2011-04-22 04:58:51-04:00,0.0
2011-04-22 04:58:54-04:00,0.0
2011-04-22 04:58:57-04:00,0.0
2011-04-22 04:59:00-04:00,0.0
2011-04-22 04:59:03-04:00,0.0
2011-04-22 04:59:06-04:00,0.0
2011-04-22 04:59:09-04:00,0.0
2011-04-22 04:59:12-04:00,0.0
2011-04-22 04:59:15-04:00,0.0
2011-04-22 04:59:18-04:00,0.0
2011-04-22 04:59:21-04:00,0.0
2011-04-22 04:59:24-04:00,0.0
2011-04-22 04:59:27-04:00,0.0
2011-04-22 04:59:30-04:00,0.0
2011-04-22 04:59:33-04:00,0.0
2011-04-22 04:59:36-04:00,0.0
2011-04-22 04:59:39-04:00,0.0
2011-04-22 04:59:42-04:00,0.0
2011-04-22 04:59:45-04:00,0.0
2011-04-22 04:59:48-04:00,0.0
2011-04-22 04:59:51-04:00,0.0
2011-04-22 04:59:54-04:00,0.0
2011-04-22 04:59:57-04:00,0.0
2011-04-22 05:00:00-04:00,0.0
2011-04-22 05:00:03-04:00,0.0
2011-04-22 05:00:06-04:00,0.0
2011-04-22 05:00:09-04:00,0.0
2011-04-22 05:00:12-04:00,0.0
2011-04-22 05:00:15-04:00,0.0
2011-04-22 05:00:18-04:00,0.0
2011-04-22 05:00:21-04:00,0.0
2011-04-22 05:00:24-04:00,0.0
2011-04-22 05:00:27-04:00,0.0
2011-04-22 05:00:30-04:00,0.0
2011-04-22 05:00:33-04:00,0.0
2011-04-22 05:00:36-04:00,0.0
2011-04-22 05:00:39-04:00,0.0
2011-04-22 05:00:42-04:00,0.0
2011-04-22 05:00:45-04:00,0.0
2011-04-22 05:00:48-04:00,0.0
2011-04-22 05:00:51-04:00,0.0
2011-04-22 05:00:54-04:00,0.0
2011-04-22 05:00:57-04:00,0.0
2011-04-22 05:01:00-04:00,0.0
2011-04-22 05:01:03-04:00,0.0
2011-04-22 05:01:06-04:00,0.0
2011-04-22 05:01:09-04:00,0.0
2011-04-22 05:01:12-04:00,0.0
2011-04-22 05:01:15-04:00,0.0
2011-04-22 05:01:18-04:00,0.0
2011-04-22 05:01:21-04:00,0.0
2011-04-22 05:01:24-04:00,0.0
2011-04-22 05:01:27-04:00,0.0
2011-04-22 05:01:30-04:00,0.0
2011-04-22 05:01:33-04:00,0.0
2011-04-22 05:01:36-04:00,0.0
2011-04-22 05:01:39-04:00,0.0
2011-04-22 05:01:42-04:00,0.0
2011-04-22 05:01:45-04:00,0.0
2011-04-22 05:01:48-04:00,0.0
2011-04-22 05:01:51-04:00,0.0
2011-04-22 05:01:54-04:00,0.0
2011-04-22 05:01:57-04:00,0.0
2011-04-22 05:02:00-04:00,0.0
2011-04-22 05:02:03-04:00,0.0
2011-04-22 05:02:06-04:00,0.0
2011-04-22 05:02:09-04:00,0.0
2011-04-22 05:02:12-04:00,0.0
2011-04-22 05:02:15-04:00,0.0
2011-04-22 05:02:18-04:00,0.0
2011-04-22 05:02:21-04:00,0.0
2011-04-22 05:02:24-04:00,0.0
2011-04-22 05:02:27-04:00,0.0
2011-04-22 05:02:30-04:00,0.0
2011-04-22 05:02:33-04:00,0.0
2011-04-22 05:02:36-04:00,0.0
2011-04-22 05:02:39-04:00,0.0
2011-04-22 05:02:42-04:00,0.0
2011-04-22 05:02:45-04:00,0.0
2011-04-22 05:02:48-04:00,0.0
2011-04-22 05:02:51-04:00,0.0
2011-04-22 05:02:54-04:00,0.0
2011-04-22 05:02:57-04:00,0.0
2011-04-22 05:03:00-04:00,0.0
2011-04-22 05:03:03-04:00,0.0
2011-04-22 05:03:06-04:00,0.0
2011-04-22 05:03:09-04:00,0.0
2011-04-22 05:03:12-04:00,0.0
2011-04-22 05:03:15-04:00,0.0
2011-04-22 05:03:18-04:00,0.0
2011-04-22 05:03:21-04:00,0.0
2011-04-22 05:03:24-04:00,0.0
2011-04-22 05:03:27-04:00,0.0
2011-04-22 05:03:30-04:00,0.0
2011-04-22 05:03:33-04:00,0.0
2011-04-22 05:03:36-04:00,0.0
2011-04-22 05:03:39-04:00,0.0
2011-04-22 05:03:42-04:00,0.0
2011-04-22 05:03:45-04:00,0.0
2011-04-22 05:03:48-04:00,0.0
2011-04-22 05:03:51-04:00,0.0
2011-04-22 05:03:54-04:00,0.0
2011-04-22 05:03:57-04:00,0.0
2011-04-22 05:04:00-04:00,0.0
2011-04-22 05:04:03-04:00,0.0
2011-04-22 05:04:06-04:00,0.0
2011-04-22 05:04:09-04:00,0.0
2011-04-22 05:04:12-04:00,0.0
2011-04-22 05:04:15-04:00,0.0
2011-04-22 05:04:18-04:00,0.0
2011-04-22 05:04:21-04:00,0.0
2011-04-22 05:04:24-04:00,0.0
2011-04-22 05:04:27-04:00,0.0
2011-04-22 05:04:30-04:00,0.0
2011-04-22 05:04:33-04:00,0.0
2011-04-22 05:04:36-04:00,0.0
2011-04-22 05:04:39-04:00,0.0
2011-04-22 05:04:42-04:00,0.0
2011-04-22 05:04:45-04:00,0.0
2011-04-22 05:04:48-04:00,0.0
2011-04-22 05:04:51-04:00,0.0
2011-04-22 05:04:54-04:00,0.0
2011-04-22 05:04:57-04:00,0.0
2011-04-22 05:05:00-04:00,0.0
2011-04-22 05:05:03-04:00,0.0
2011-04-22 05:05:06-04:00,0.0
2011-04-22 05:05:09-04:00,0.0
2011-04-22 05:05:12-04:00,0.0
2011-04-22 05:05:15-04:00,0.0
2011-04-22 05:05:18-04:00,0.0
2011-04-22 05:05:21-04:00,0.0
2011-04-22 05:05:24-04:00,0.0
2011-04-22 05:05:27-04:00,0.0
2011-04-22 05:05:30-04:00,0.0
2011-04-22 05:05:33-04:00,0.0
2011-04-22 05:05:36-04:00,0.0
2011-04-22 05:05:39-04:00,0.0
2011-04-22 05:05:42-04:00,0.0
2011-04-22 05:05:45-04:00,0.0
2011-04-22 05:05:48-04:00,0.0
2011-04-22 05:05:51-04:00,0.0
2011-04-22 05:05:54-04:00,0.0
2011-04-22 05:05:57-04:00,0.0
2011-04-22 05:06:00-04:00,0.0
2011-04-22 05:06:03-04:00,0.0
2011-04-22 05:06:06-04:00,0.0
2011-04-22 05:06:09-04:00,0.0
2011-04-22 05:06:12-04:00,0.0
2011-04-22 05:06:15-04:00,0.0
2011-04-22 05:06:18-04:00,0.0
2011-04-22 05:06:21-04:00,0.0
2011-04-22 05:06:24-04:00,0.0
2011-04-22 05:06:27-04:00,0.0
2011-04-22 05:06:30-04:00,0.0
2011-04-22 05:06:33-04:00,0.0
2011-04-22 05:06:36-04:00,0.0
2011-04-22 05:06:39-04:00,0.0
2011-04-22 05:06:42-04:00,0.0
2011-04-22 05:06:45-04:00,0.0
2011-04-22 05:06:48-04:00,0.0
2011-04-22 05:06:51-04:00,0.0
2011-04-22 05:06:54-04:00,0.0
2011-04-22 05:06:57-04:00,0.0
2011-04-22 05:07:00-04:00,0.0
2011-04-22 05:07:03-04:00,0.0
2011-04-22 05:07:06-04:00,0.0
2011-04-22 05:07:09-04:00,0.0
2011-04-22 05:07:12-04:00,0.0
2011-04-22 05:07:15-04:00,0.0
2011-04-22 05:07:18-04:00,0.0
2011-04-22 05:07:21-04:00,0.0
2011-04-22 05:07:24-04:00,0.0
2011-04-22 05:07:27-04:00,0.0
2011-04-22 05:07:30-04:00,0.0
2011-04-22 05:07:33-04:00,0.0
2011-04-22 05:07:36-04:00,0.0
2011-04-22 05:07:39-04:00,0.0
2011-04-22 05:07:42-04:00,0.0
2011-04-22 05:07:45-04:00,0.0
2011-04-22 05:07:48-04:00,0.0
2011-04-22 05:07:51-04:00,0.0
2011-04-22 05:07:54-04:00,0.0
2011-04-22 05:07:57-04:00,0.0
2011-04-22 05:08:00-04:00,0.0
2011-04-22 05:08:03-04:00,0.0
2011-04-22 05:08:06-04:00,0.0
2011-04-22 05:08:09-04:00,0.0
2011-04-22 05:08:12-04:00,0.0
2011-04-22 05:08:15-04:00,0.0
2011-04-22 05:08:18-04:00,0.0
2011-04-22 05:08:21-04:00,0.0
2011-04-22 05:08:24-04:00,0.0
2011-04-22 05:08:27-04:00,0.0
2011-04-22 05:08:30-04:00,0.0
2011-04-22 05:08:33-04:00,0.0
2011-04-22 05:08:36-04:00,0.0
2011-04-22 05:08:39-04:00,0.0
2011-04-22 05:08:42-04:00,0.0
2011-04-22 05:08:45-04:00,0.0
2011-04-22 05:08:48-04:00,0.0
2011-04-22 05:08:51-04:00,0.0
2011-04-22 05:08:54-04:00,0.0
2011-04-22 05:08:57-04:00,0.0
2011-04-22 05:09:00-04:00,0.0
2011-04-22 05:09:03-04:00,0.0
2011-04-22 05:09:06-04:00,0.0
2011-04-22 05:09:09-04:00,0.0
2011-04-22 05:09:12-04:00,0.0
2011-04-22 05:09:15-04:00,0.0
2011-04-22 05:09:18-04:00,0.0
2011-04-22 05:09:21-04:00,0.0
2011-04-22 05:09:24-04:00,0.0
2011-04-22 05:09:27-04:00,0.0
2011-04-22 05:09:30-04:00,0.0
2011-04-22 05:09:33-04:00,0.0
2011-04-22 05:09:36-04:00,0.0
2011-04-22 05:09:39-04:00,0.0
2011-04-22 05:09:42-04:00,0.0
2011-04-22 05:09:45-04:00,0.0
2011-04-22 05:09:48-04:00,0.0
2011-04-22 05:09:51-04:00,0.0
2011-04-22 05:09:54-04:00,0.0
2011-04-22 05:09:57-04:00,0.0
2011-04-22 05:10:00-04:00,0.0
2011-04-22 05:10:03-04:00,0.0
2011-04-22 05:10:06-04:00,0.0
2011-04-22 05:10:09-04:00,0.0
2011-04-22 05:10:12-04:00,0.0
2011-04-22 05:10:15-04:00,0.0
2011-04-22 05:10:18-04:00,0.0
2011-04-22 05:10:21-04:00,0.0
2011-04-22 05:10:24-04:00,0.0
2011-04-22 05:10:27-04:00,0.0
2011-04-22 05:10:30-04:00,0.0
2011-04-22 05:10:33-04:00,0.0
2011-04-22 05:10:36-04:00,0.0
2011-04-22 05:10:39-04:00,0.0
2011-04-22 05:10:42-04:00,0.0
2011-04-22 05:10:45-04:00,0.0
2011-04-22 05:10:48-04:00,0.0
2011-04-22 05:10:51-04:00,0.0
2011-04-22 05:10:54-04:00,0.0
2011-04-22 05:10:57-04:00,0.0
2011-04-22 05:11:00-04:00,0.0
2011-04-22 05:11:03-04:00,0.0
2011-04-22 05:11:06-04:00,0.0
2011-04-22 05:11:09-04:00,0.0
2011-04-22 05:11:12-04:00,0.0
2011-04-22 05:11:15-04:00,0.0
2011-04-22 05:11:18-04:00,0.0
2011-04-22 05:11:21-04:00,0.0
2011-04-22 05:11:24-04:00,0.0
2011-04-22 05:11:27-04:00,0.0
2011-04-22 05:11:30-04:00,0.0
2011-04-22 05:11:33-04:00,0.0
2011-04-22 05:11:36-04:00,0.0
2011-04-22 05:11:39-04:00,0.0
2011-04-22 05:11:42-04:00,0.0
2011-04-22 05:11:45-04:00,0.0
2011-04-22 05:11:48-04:00,0.0
2011-04-22 05:11:51-04:00,0.0
2011-04-22 05:11:54-04:00,0.0
2011-04-22 05:11:57-04:00,0.0
2011-04-22 05:12:00-04:00,0.0
2011-04-22 05:12:03-04:00,0.0
2011-04-22 05:12:06-04:00,0.0
2011-04-22 05:12:09-04:00,0.0
2011-04-22 05:12:12-04:00,0.0
2011-04-22 05:12:15-04:00,0.0
2011-04-22 05:12:18-04:00,0.0
2011-04-22 05:12:21-04:00,0.0
2011-04-22 05:12:24-04:00,0.0
2011-04-22 05:12:27-04:00,0.0
2011-04-22 05:12:30-04:00,0.0
2011-04-22 05:12:33-04:00,0.0
2011-04-22 05:12:36-04:00,0.0
2011-04-22 05:12:39-04:00,0.0
2011-04-22 05:12:42-04:00,0.0
2011-04-22 05:12:45-04:00,0.0
2011-04-22 05:12:48-04:00,0.0
2011-04-22 05:12:51-04:00,0.0
2011-04-22 05:12:54-04:00,0.0
2011-04-22 05:12:57-04:00,0.0
2011-04-22 05:13:00-04:00,0.0
2011-04-22 05:13:03-04:00,0.0
2011-04-22 05:13:06-04:00,0.0
2011-04-22 05:13:09-04:00,0.0
2011-04-22 05:13:12-04:00,0.0
2011-04-22 05:13:15-04:00,0.0
2011-04-22 05:13:18-04:00,0.0
2011-04-22 05:13:21-04:00,0.0
2011-04-22 05:13:24-04:00,0.0
2011-04-22 05:13:27-04:00,0.0
2011-04-22 05:13:30-04:00,0.0
2011-04-22 05:13:33-04:00,0.0
2011-04-22 05:13:36-04:00,0.0
2011-04-22 05:13:39-04:00,0.0
2011-04-22 05:13:42-04:00,0.0
2011-04-22 05:13:45-04:00,0.0
2011-04-22 05:13:48-04:00,0.0
2011-04-22 05:13:51-04:00,0.0
2011-04-22 05:13:54-04:00,0.0
2011-04-22 05:13:57-04:00,0.0
2011-04-22 05:14:00-04:00,0.0
2011-04-22 05:14:03-04:00,0.0
2011-04-22 05:14:06-04:00,0.0
2011-04-22 05:14:09-04:00,0.0
2011-04-22 05:14:12-04:00,0.0
2011-04-22 05:14:15-04:00,0.0
2011-04-22 05:14:18-04:00,0.0
2011-04-22 05:14:21-04:00,0.0
2011-04-22 05:14:24-04:00,0.0
2011-04-22 05:14:27-04:00,0.0
2011-04-22 05:14:30-04:00,0.0
2011-04-22 05:14:33-04:00,0.0
2011-04-22 05:14:36-04:00,0.0
2011-04-22 05:14:39-04:00,0.0
2011-04-22 05:14:42-04:00,0.0
2011-04-22 05:14:45-04:00,0.0
2011-04-22 05:14:48-04:00,0.0
2011-04-22 05:14:51-04:00,0.0
2011-04-22 05:14:54-04:00,0.0
2011-04-22 05:14:57-04:00,0.0
2011-04-22 05:15:00-04:00,0.0
2011-04-22 05:15:03-04:00,0.0
2011-04-22 05:15:06-04:00,0.0
2011-04-22 05:15:09-04:00,0.0
2011-04-22 05:15:12-04:00,0.0
2011-04-22 05:15:15-04:00,0.0
2011-04-22 05:15:18-04:00,0.0
2011-04-22 05:15:21-04:00,0.0
2011-04-22 05:15:24-04:00,0.0
2011-04-22 05:15:27-04:00,0.0
2011-04-22 05:15:30-04:00,0.0
2011-04-22 05:15:33-04:00,0.0
2011-04-22 05:15:36-04:00,0.0
2011-04-22 05:15:39-04:00,0.0
2011-04-22 05:15:42-04:00,0.0
2011-04-22 05:15:45-04:00,0.0
2011-04-22 05:15:48-04:00,0.0
2011-04-22 05:15:51-04:00,0.0
2011-04-22 05:15:54-04:00,0.0
2011-04-22 05:15:57-04:00,0.0
2011-04-22 05:16:00-04:00,0.0
2011-04-22 05:16:03-04:00,0.0
2011-04-22 05:16:06-04:00,0.0
2011-04-22 05:16:09-04:00,0.0
2011-04-22 05:16:12-04:00,0.0
2011-04-22 05:16:15-04:00,0.0
2011-04-22 05:16:18-04:00,0.0
2011-04-22 05:16:21-04:00,0.0
2011-04-22 05:16:24-04:00,0.0
2011-04-22 05:16:27-04:00,0.0
2011-04-22 05:16:30-04:00,0.0
2011-04-22 05:16:33-04:00,0.0
2011-04-22 05:16:36-04:00,0.0
2011-04-22 05:16:39-04:00,0.0
2011-04-22 05:16:42-04:00,0.0
2011-04-22 05:16:45-04:00,0.0
2011-04-22 05:16:48-04:00,0.0
2011-04-22 05:16:51-04:00,0.0
2011-04-22 05:16:54-04:00,0.0
2011-04-22 05:16:57-04:00,0.0
2011-04-22 05:17:00-04:00,0.0
2011-04-22 05:17:03-04:00,0.0
2011-04-22 05:17:06-04:00,0.0
2011-04-22 05:17:09-04:00,0.0
2011-04-22 05:17:12-04:00,0.0
2011-04-22 05:17:15-04:00,0.0
2011-04-22 05:17:18-04:00,0.0
2011-04-22 05:17:21-04:00,0.0
2011-04-22 05:17:24-04:00,0.0
2011-04-22 05:17:27-04:00,0.0
2011-04-22 05:17:30-04:00,0.0
2011-04-22 05:17:33-04:00,0.0
2011-04-22 05:17:36-04:00,0.0
2011-04-22 05:17:39-04:00,0.0
2011-04-22 05:17:42-04:00,0.0
2011-04-22 05:17:45-04:00,0.0
2011-04-22 05:17:48-04:00,0.0
2011-04-22 05:17:51-04:00,0.0
2011-04-22 05:17:54-04:00,0.0
2011-04-22 05:17:57-04:00,0.0
2011-04-22 05:18:00-04:00,0.0
2011-04-22 05:18:03-04:00,0.0
2011-04-22 05:18:06-04:00,0.0
2011-04-22 05:18:09-04:00,0.0
2011-04-22 05:18:12-04:00,0.0
2011-04-22 05:18:15-04:00,0.0
2011-04-22 05:18:18-04:00,0.0
2011-04-22 05:18:21-04:00,0.0
2011-04-22 05:18:24-04:00,0.0
2011-04-22 05:18:27-04:00,0.0
2011-04-22 05:18:30-04:00,0.0
2011-04-22 05:18:33-04:00,0.0
2011-04-22 05:18:36-04:00,0.0
2011-04-22 05:18:39-04:00,0.0
2011-04-22 05:18:42-04:00,0.0
2011-04-22 05:18:45-04:00,0.0
2011-04-22 05:18:48-04:00,0.0
2011-04-22 05:18:51-04:00,0.0
2011-04-22 05:18:54-04:00,0.0
2011-04-22 05:18:57-04:00,0.0
2011-04-22 05:19:00-04:00,0.0
2011-04-22 05:19:03-04:00,0.0
2011-04-22 05:19:06-04:00,0.0
2011-04-22 05:19:09-04:00,0.0
2011-04-22 05:19:12-04:00,0.0
2011-04-22 05:19:15-04:00,0.0
2011-04-22 05:19:18-04:00,0.0
2011-04-22 05:19:21-04:00,0.0
2011-04-22 05:19:24-04:00,0.0
2011-04-22 05:19:27-04:00,0.0
2011-04-22 05:19:30-04:00,0.0
2011-04-22 05:19:33-04:00,0.0
2011-04-22 05:19:36-04:00,0.0
2011-04-22 05:19:39-04:00,0.0
2011-04-22 05:19:42-04:00,0.0
2011-04-22 05:19:45-04:00,0.0
2011-04-22 05:19:48-04:00,0.0
2011-04-22 05:19:51-04:00,0.0
2011-04-22 05:19:54-04:00,0.0
2011-04-22 05:19:57-04:00,0.0
2011-04-22 05:20:00-04:00,0.0
2011-04-22 05:20:03-04:00,0.0
2011-04-22 05:20:06-04:00,0.0
2011-04-22 05:20:09-04:00,0.0
2011-04-22 05:20:12-04:00,0.0
2011-04-22 05:20:15-04:00,0.0
2011-04-22 05:20:18-04:00,0.0
2011-04-22 05:20:21-04:00,0.0
2011-04-22 05:20:24-04:00,0.0
2011-04-22 05:20:27-04:00,0.0
2011-04-22 05:20:30-04:00,0.0
2011-04-22 05:20:33-04:00,0.0
2011-04-22 05:20:36-04:00,0.0
2011-04-22 05:20:39-04:00,0.0
2011-04-22 05:20:42-04:00,0.0
2011-04-22 05:20:45-04:00,0.0
2011-04-22 05:20:48-04:00,0.0
2011-04-22 05:20:51-04:00,0.0
2011-04-22 05:20:54-04:00,0.0
2011-04-22 05:20:57-04:00,0.0
2011-04-22 05:21:00-04:00,0.0
2011-04-22 05:21:03-04:00,0.0
2011-04-22 05:21:06-04:00,0.0
2011-04-22 05:21:09-04:00,0.0
2011-04-22 05:21:12-04:00,0.0
2011-04-22 05:21:15-04:00,0.0
2011-04-22 05:21:18-04:00,0.0
2011-04-22 05:21:21-04:00,0.0
2011-04-22 05:21:24-04:00,0.0
2011-04-22 05:21:27-04:00,0.0
2011-04-22 05:21:30-04:00,0.0
2011-04-22 05:21:33-04:00,0.0
2011-04-22 05:21:36-04:00,0.0
2011-04-22 05:21:39-04:00,0.0
2011-04-22 05:21:42-04:00,0.0
2011-04-22 05:21:45-04:00,0.0
2011-04-22 05:21:48-04:00,0.0
2011-04-22 05:21:51-04:00,0.0
2011-04-22 05:21:54-04:00,0.0
2011-04-22 05:21:57-04:00,0.0
2011-04-22 05:22:00-04:00,0.0
2011-04-22 05:22:03-04:00,0.0
2011-04-22 05:22:06-04:00,0.0
2011-04-22 05:22:09-04:00,0.0
2011-04-22 05:22:12-04:00,0.0
2011-04-22 05:22:15-04:00,0.0
2011-04-22 05:22:18-04:00,0.0
2011-04-22 05:22:21-04:00,0.0
2011-04-22 05:22:24-04:00,0.0
2011-04-22 05:22:27-04:00,0.0
2011-04-22 05:22:30-04:00,0.0
2011-04-22 05:22:33-04:00,0.0
2011-04-22 05:22:36-04:00,0.0
2011-04-22 05:22:39-04:00,0.0
2011-04-22 05:22:42-04:00,0.0
2011-04-22 05:22:45-04:00,0.0
2011-04-22 05:22:48-04:00,0.0
2011-04-22 05:22:51-04:00,0.0
2011-04-22 05:22:54-04:00,0.0
2011-04-22 05:22:57-04:00,0.0
2011-04-22 05:23:00-04:00,0.0
2011-04-22 05:23:03-04:00,0.0
2011-04-22 05:23:06-04:00,0.0
2011-04-22 05:23:09-04:00,0.0
2011-04-22 05:23:12-04:00,0.0
2011-04-22 05:23:15-04:00,0.0
2011-04-22 05:23:18-04:00,0.0
2011-04-22 05:23:21-04:00,0.0
2011-04-22 05:23:24-04:00,0.0
2011-04-22 05:23:27-04:00,0.0
2011-04-22 05:23:30-04:00,0.0
2011-04-22 05:23:33-04:00,0.0
2011-04-22 05:23:36-04:00,0.0
2011-04-22 05:23:39-04:00,0.0
2011-04-22 05:23:42-04:00,0.0
2011-04-22 05:23:45-04:00,0.0
2011-04-22 05:23:48-04:00,0.0
2011-04-22 05:23:51-04:00,0.0
2011-04-22 05:23:54-04:00,0.0
2011-04-22 05:23:57-04:00,0.0
2011-04-22 05:24:00-04:00,0.0
2011-04-22 05:24:03-04:00,0.0
2011-04-22 05:24:06-04:00,0.0
2011-04-22 05:24:09-04:00,0.0
2011-04-22 05:24:12-04:00,0.0
2011-04-22 05:24:15-04:00,0.0
2011-04-22 05:24:18-04:00,0.0
2011-04-22 05:24:21-04:00,0.0
2011-04-22 05:24:24-04:00,0.0
2011-04-22 05:24:27-04:00,0.0
2011-04-22 05:24:30-04:00,0.0
2011-04-22 05:24:33-04:00,0.0
2011-04-22 05:24:36-04:00,0.0
2011-04-22 05:24:39-04:00,0.0
2011-04-22 05:24:42-04:00,0.0
2011-04-22 05:24:45-04:00,0.0
2011-04-22 05:24:48-04:00,0.0
2011-04-22 05:24:51-04:00,0.0
2011-04-22 05:24:54-04:00,0.0
2011-04-22 05:24:57-04:00,0.0
2011-04-22 05:25:00-04:00,0.0
2011-04-22 05:25:03-04:00,0.0
2011-04-22 05:25:06-04:00,0.0
2011-04-22 05:25:09-04:00,0.0
2011-04-22 05:25:12-04:00,0.0
2011-04-22 05:25:15-04:00,0.0
2011-04-22 05:25:18-04:00,0.0
2011-04-22 05:25:21-04:00,0.0
2011-04-22 05:25:24-04:00,0.0
2011-04-22 05:25:27-04:00,0.0
2011-04-22 05:25:30-04:00,0.0
2011-04-22 05:25:33-04:00,0.0
2011-04-22 05:25:36-04:00,0.0
2011-04-22 05:25:39-04:00,0.0
2011-04-22 05:25:42-04:00,0.0
2011-04-22 05:25:45-04:00,0.0
2011-04-22 05:25:48-04:00,0.0
2011-04-22 05:25:51-04:00,0.0
2011-04-22 05:25:54-04:00,0.0
2011-04-22 05:25:57-04:00,0.0
2011-04-22 05:26:00-04:00,0.0
2011-04-22 05:26:03-04:00,0.0
2011-04-22 05:26:06-04:00,0.0
2011-04-22 05:26:09-04:00,0.0
2011-04-22 05:26:12-04:00,0.0
2011-04-22 05:26:15-04:00,0.0
2011-04-22 05:26:18-04:00,0.0
2011-04-22 05:26:21-04:00,0.0
2011-04-22 05:26:24-04:00,0.0
2011-04-22 05:26:27-04:00,0.0
2011-04-22 05:26:30-04:00,0.0
2011-04-22 05:26:33-04:00,0.0
2011-04-22 05:26:36-04:00,0.0
2011-04-22 05:26:39-04:00,0.0
2011-04-22 05:26:42-04:00,0.0
2011-04-22 05:26:45-04:00,0.0
2011-04-22 05:26:48-04:00,0.0
2011-04-22 05:26:51-04:00,0.0
2011-04-22 05:26:54-04:00,0.0
2011-04-22 05:26:57-04:00,0.0
2011-04-22 05:27:00-04:00,0.0
2011-04-22 05:27:03-04:00,0.0
2011-04-22 05:27:06-04:00,0.0
2011-04-22 05:27:09-04:00,0.0
2011-04-22 05:27:12-04:00,0.0
2011-04-22 05:27:15-04:00,0.0
2011-04-22 05:27:18-04:00,0.0
2011-04-22 05:27:21-04:00,0.0
2011-04-22 05:27:24-04:00,0.0
2011-04-22 05:27:27-04:00,0.0
2011-04-22 05:27:30-04:00,0.0
2011-04-22 05:27:33-04:00,0.0
2011-04-22 05:27:36-04:00,0.0
2011-04-22 05:27:39-04:00,0.0
2011-04-22 05:27:42-04:00,0.0
2011-04-22 05:27:45-04:00,0.0
2011-04-22 05:27:48-04:00,0.0
2011-04-22 05:27:51-04:00,0.0
2011-04-22 05:27:54-04:00,0.0
2011-04-22 05:27:57-04:00,0.0
2011-04-22 05:28:00-04:00,0.0
2011-04-22 05:28:03-04:00,0.0
2011-04-22 05:28:06-04:00,0.0
2011-04-22 05:28:09-04:00,0.0
2011-04-22 05:28:12-04:00,0.0
2011-04-22 05:28:15-04:00,0.0
2011-04-22 05:28:18-04:00,0.0
2011-04-22 05:28:21-04:00,0.0
2011-04-22 05:28:24-04:00,0.0
2011-04-22 05:28:27-04:00,0.0
2011-04-22 05:28:30-04:00,0.0
2011-04-22 05:28:33-04:00,0.0
2011-04-22 05:28:36-04:00,0.0
2011-04-22 05:28:39-04:00,0.0
2011-04-22 05:28:42-04:00,0.0
2011-04-22 05:28:45-04:00,0.0
2011-04-22 05:28:48-04:00,0.0
2011-04-22 05:28:51-04:00,0.0
2011-04-22 05:28:54-04:00,0.0
2011-04-22 05:28:57-04:00,0.0
2011-04-22 05:29:00-04:00,0.0
2011-04-22 05:29:03-04:00,0.0
2011-04-22 05:29:06-04:00,0.0
2011-04-22 05:29:09-04:00,0.0
2011-04-22 05:29:12-04:00,0.0
2011-04-22 05:29:15-04:00,0.0
2011-04-22 05:29:18-04:00,0.0
2011-04-22 05:29:21-04:00,0.0
2011-04-22 05:29:24-04:00,0.0
2011-04-22 05:29:27-04:00,0.0
2011-04-22 05:29:30-04:00,0.0
2011-04-22 05:29:33-04:00,0.0
2011-04-22 05:29:36-04:00,0.0
2011-04-22 05:29:39-04:00,0.0
2011-04-22 05:29:42-04:00,0.0
2011-04-22 05:29:45-04:00,0.0
2011-04-22 05:29:48-04:00,0.0
2011-04-22 05:29:51-04:00,0.0
2011-04-22 05:29:54-04:00,0.0
2011-04-22 05:29:57-04:00,0.0
2011-04-22 05:30:00-04:00,0.0
2011-04-22 05:30:03-04:00,0.0
2011-04-22 05:30:06-04:00,0.0
2011-04-22 05:30:09-04:00,0.0
2011-04-22 05:30:12-04:00,0.0
2011-04-22 05:30:15-04:00,0.0
2011-04-22 05:30:18-04:00,0.0
2011-04-22 05:30:21-04:00,0.0
2011-04-22 05:30:24-04:00,0.0
2011-04-22 05:30:27-04:00,0.0
2011-04-22 05:30:30-04:00,0.0
2011-04-22 05:30:33-04:00,0.0
2011-04-22 05:30:36-04:00,0.0
2011-04-22 05:30:39-04:00,0.0
2011-04-22 05:30:42-04:00,0.0
2011-04-22 05:30:45-04:00,0.0
2011-04-22 05:30:48-04:00,0.0
2011-04-22 05:30:51-04:00,0.0
2011-04-22 05:30:54-04:00,0.0
2011-04-22 05:30:57-04:00,0.0
2011-04-22 05:31:00-04:00,0.0
2011-04-22 05:31:03-04:00,0.0
2011-04-22 05:31:06-04:00,0.0
2011-04-22 05:31:09-04:00,0.0
2011-04-22 05:31:12-04:00,0.0
2011-04-22 05:31:15-04:00,0.0
2011-04-22 05:31:18-04:00,0.0
2011-04-22 05:31:21-04:00,0.0
2011-04-22 05:31:24-04:00,0.0
2011-04-22 05:31:27-04:00,0.0
2011-04-22 05:31:30-04:00,0.0
2011-04-22 05:31:33-04:00,0.0
2011-04-22 05:31:36-04:00,0.0
2011-04-22 05:31:39-04:00,0.0
2011-04-22 05:31:42-04:00,0.0
2011-04-22 05:31:45-04:00,0.0
2011-04-22 05:31:48-04:00,0.0
2011-04-22 05:31:51-04:00,0.0
2011-04-22 05:31:54-04:00,0.0
2011-04-22 05:31:57-04:00,0.0
2011-04-22 05:32:00-04:00,0.0
2011-04-22 05:32:03-04:00,0.0
2011-04-22 05:32:06-04:00,0.0
2011-04-22 05:32:09-04:00,0.0
2011-04-22 05:32:12-04:00,0.0
2011-04-22 05:32:15-04:00,0.0
2011-04-22 05:32:18-04:00,0.0
2011-04-22 05:32:21-04:00,0.0
2011-04-22 05:32:24-04:00,0.0
2011-04-22 05:32:27-04:00,0.0
2011-04-22 05:32:30-04:00,0.0
2011-04-22 05:32:33-04:00,0.0
2011-04-22 05:32:36-04:00,0.0
2011-04-22 05:32:39-04:00,0.0
2011-04-22 05:32:42-04:00,0.0
2011-04-22 05:32:45-04:00,0.0
2011-04-22 05:32:48-04:00,0.0
2011-04-22 05:32:51-04:00,0.0
2011-04-22 05:32:54-04:00,0.0
2011-04-22 05:32:57-04:00,0.0
2011-04-22 05:33:00-04:00,0.0
2011-04-22 05:33:03-04:00,0.0
2011-04-22 05:33:06-04:00,0.0
2011-04-22 05:33:09-04:00,0.0
2011-04-22 05:33:12-04:00,0.0
2011-04-22 05:33:15-04:00,0.0
2011-04-22 05:33:18-04:00,0.0
2011-04-22 05:33:21-04:00,0.0
2011-04-22 05:33:24-04:00,0.0
2011-04-22 05:33:27-04:00,0.0
2011-04-22 05:33:30-04:00,0.0
2011-04-22 05:33:33-04:00,0.0
2011-04-22 05:33:36-04:00,0.0
2011-04-22 05:33:39-04:00,0.0
2011-04-22 05:33:42-04:00,0.0
2011-04-22 05:33:45-04:00,0.0
2011-04-22 05:33:48-04:00,0.0
2011-04-22 05:33:51-04:00,0.0
2011-04-22 05:33:54-04:00,0.0
2011-04-22 05:33:57-04:00,0.0
2011-04-22 05:34:00-04:00,0.0
2011-04-22 05:34:03-04:00,0.0
2011-04-22 05:34:06-04:00,0.0
2011-04-22 05:34:09-04:00,0.0
2011-04-22 05:34:12-04:00,0.0
2011-04-22 05:34:15-04:00,0.0
2011-04-22 05:34:18-04:00,0.0
2011-04-22 05:34:21-04:00,0.0
2011-04-22 05:34:24-04:00,0.0
2011-04-22 05:34:27-04:00,0.0
2011-04-22 05:34:30-04:00,0.0
2011-04-22 05:34:33-04:00,0.0
2011-04-22 05:34:36-04:00,0.0
2011-04-22 05:34:39-04:00,0.0
2011-04-22 05:34:42-04:00,0.0
2011-04-22 05:34:45-04:00,0.0
2011-04-22 05:34:48-04:00,0.0
2011-04-22 05:34:51-04:00,0.0
2011-04-22 05:34:54-04:00,0.0
2011-04-22 05:34:57-04:00,0.0
2011-04-22 05:35:00-04:00,0.0
2011-04-22 05:35:03-04:00,0.0
2011-04-22 05:35:06-04:00,0.0
2011-04-22 05:35:09-04:00,0.0
2011-04-22 05:35:12-04:00,0.0
2011-04-22 05:35:15-04:00,0.0
2011-04-22 05:35:18-04:00,0.0
2011-04-22 05:35:21-04:00,0.0
2011-04-22 05:35:24-04:00,0.0
2011-04-22 05:35:27-04:00,0.0
2011-04-22 05:35:30-04:00,0.0
2011-04-22 05:35:33-04:00,0.0
2011-04-22 05:35:36-04:00,0.0
2011-04-22 05:35:39-04:00,0.0
2011-04-22 05:35:42-04:00,0.0
2011-04-22 05:35:45-04:00,0.0
2011-04-22 05:35:48-04:00,0.0
2011-04-22 05:35:51-04:00,0.0
2011-04-22 05:35:54-04:00,0.0
2011-04-22 05:35:57-04:00,0.0
2011-04-22 05:36:00-04:00,0.0
2011-04-22 05:36:03-04:00,0.0
2011-04-22 05:36:06-04:00,0.0
2011-04-22 05:36:09-04:00,0.0
2011-04-22 05:36:12-04:00,0.0
2011-04-22 05:36:15-04:00,0.0
2011-04-22 05:36:18-04:00,0.0
2011-04-22 05:36:21-04:00,0.0
2011-04-22 05:36:24-04:00,0.0
2011-04-22 05:36:27-04:00,0.0
2011-04-22 05:36:30-04:00,0.0
2011-04-22 05:36:33-04:00,0.0
2011-04-22 05:36:36-04:00,0.0
2011-04-22 05:36:39-04:00,0.0
2011-04-22 05:36:42-04:00,0.0
2011-04-22 05:36:45-04:00,0.0
2011-04-22 05:36:48-04:00,0.0
2011-04-22 05:36:51-04:00,0.0
2011-04-22 05:36:54-04:00,0.0
2011-04-22 05:36:57-04:00,0.0
2011-04-22 05:37:00-04:00,0.0
2011-04-22 05:37:03-04:00,0.0
2011-04-22 05:37:06-04:00,0.0
2011-04-22 05:37:09-04:00,0.0
2011-04-22 05:37:12-04:00,0.0
2011-04-22 05:37:15-04:00,0.0
2011-04-22 05:37:18-04:00,0.0
2011-04-22 05:37:21-04:00,0.0
2011-04-22 05:37:24-04:00,0.0
2011-04-22 05:37:27-04:00,0.0
2011-04-22 05:37:30-04:00,0.0
2011-04-22 05:37:33-04:00,0.0
2011-04-22 05:37:36-04:00,0.0
2011-04-22 05:37:39-04:00,0.0
2011-04-22 05:37:42-04:00,0.0
2011-04-22 05:37:45-04:00,0.0
2011-04-22 05:37:48-04:00,0.0
2011-04-22 05:37:51-04:00,0.0
2011-04-22 05:37:54-04:00,0.0
2011-04-22 05:37:57-04:00,0.0
2011-04-22 05:38:00-04:00,0.0
2011-04-22 05:38:03-04:00,0.0
2011-04-22 05:38:06-04:00,0.0
2011-04-22 05:38:09-04:00,0.0
2011-04-22 05:38:12-04:00,0.0
2011-04-22 05:38:15-04:00,0.0
2011-04-22 05:38:18-04:00,0.0
2011-04-22 05:38:21-04:00,0.0
2011-04-22 05:38:24-04:00,0.0
2011-04-22 05:38:27-04:00,0.0
2011-04-22 05:38:30-04:00,0.0
2011-04-22 05:38:33-04:00,0.0
2011-04-22 05:38:36-04:00,0.0
2011-04-22 05:38:39-04:00,0.0
2011-04-22 05:38:42-04:00,0.0
2011-04-22 05:38:45-04:00,0.0
2011-04-22 05:38:48-04:00,0.0
2011-04-22 05:38:51-04:00,0.0
2011-04-22 05:38:54-04:00,0.0
2011-04-22 05:38:57-04:00,0.0
2011-04-22 05:39:00-04:00,0.0
2011-04-22 05:39:03-04:00,0.0
2011-04-22 05:39:06-04:00,0.0
2011-04-22 05:39:09-04:00,0.0
2011-04-22 05:39:12-04:00,0.0
2011-04-22 05:39:15-04:00,0.0
2011-04-22 05:39:18-04:00,0.0
2011-04-22 05:39:21-04:00,0.0
2011-04-22 05:39:24-04:00,0.0
2011-04-22 05:39:27-04:00,0.0
2011-04-22 05:39:30-04:00,0.0
2011-04-22 05:39:33-04:00,0.0
2011-04-22 05:39:36-04:00,0.0
2011-04-22 05:39:39-04:00,0.0
2011-04-22 05:39:42-04:00,0.0
2011-04-22 05:39:45-04:00,0.0
2011-04-22 05:39:48-04:00,0.0
2011-04-22 05:39:51-04:00,0.0
2011-04-22 05:39:54-04:00,0.0
2011-04-22 05:39:57-04:00,0.0
2011-04-22 05:40:00-04:00,0.0
2011-04-22 05:40:03-04:00,0.0
2011-04-22 05:40:06-04:00,0.0
2011-04-22 05:40:09-04:00,0.0
2011-04-22 05:40:12-04:00,0.0
2011-04-22 05:40:15-04:00,0.0
2011-04-22 05:40:18-04:00,0.0
2011-04-22 05:40:21-04:00,0.0
2011-04-22 05:40:24-04:00,0.0
2011-04-22 05:40:27-04:00,0.0
2011-04-22 05:40:30-04:00,0.0
2011-04-22 05:40:33-04:00,0.0
2011-04-22 05:40:36-04:00,0.0
2011-04-22 05:40:39-04:00,0.0
2011-04-22 05:40:42-04:00,0.0
2011-04-22 05:40:45-04:00,0.0
2011-04-22 05:40:48-04:00,0.0
2011-04-22 05:40:51-04:00,0.0
2011-04-22 05:40:54-04:00,0.0
2011-04-22 05:40:57-04:00,0.0
2011-04-22 05:41:00-04:00,0.0
2011-04-22 05:41:03-04:00,0.0
2011-04-22 05:41:06-04:00,0.0
2011-04-22 05:41:09-04:00,0.0
2011-04-22 05:41:12-04:00,0.0
2011-04-22 05:41:15-04:00,0.0
2011-04-22 05:41:18-04:00,0.0
2011-04-22 05:41:21-04:00,0.0
2011-04-22 05:41:24-04:00,0.0
2011-04-22 05:41:27-04:00,0.0
2011-04-22 05:41:30-04:00,0.0
2011-04-22 05:41:33-04:00,0.0
2011-04-22 05:41:36-04:00,0.0
2011-04-22 05:41:39-04:00,0.0
2011-04-22 05:41:42-04:00,0.0
2011-04-22 05:41:45-04:00,0.0
2011-04-22 05:41:48-04:00,0.0
2011-04-22 05:41:51-04:00,0.0
2011-04-22 05:41:54-04:00,0.0
2011-04-22 05:41:57-04:00,0.0
2011-04-22 05:42:00-04:00,0.0
2011-04-22 05:42:03-04:00,0.0
2011-04-22 05:42:06-04:00,0.0
2011-04-22 05:42:09-04:00,0.0
2011-04-22 05:42:12-04:00,0.0
2011-04-22 05:42:15-04:00,0.0
2011-04-22 05:42:18-04:00,0.0
2011-04-22 05:42:21-04:00,0.0
2011-04-22 05:42:24-04:00,0.0
2011-04-22 05:42:27-04:00,0.0
2011-04-22 05:42:30-04:00,0.0
2011-04-22 05:42:33-04:00,0.0
2011-04-22 05:42:36-04:00,0.0
2011-04-22 05:42:39-04:00,0.0
2011-04-22 05:42:42-04:00,0.0
2011-04-22 05:42:45-04:00,0.0
2011-04-22 05:42:48-04:00,0.0
2011-04-22 05:42:51-04:00,0.0
2011-04-22 05:42:54-04:00,0.0
2011-04-22 05:42:57-04:00,0.0
2011-04-22 05:43:00-04:00,0.0
2011-04-22 05:43:03-04:00,0.0
2011-04-22 05:43:06-04:00,0.0
2011-04-22 05:43:09-04:00,0.0
2011-04-22 05:43:12-04:00,0.0
2011-04-22 05:43:15-04:00,0.0
2011-04-22 05:43:18-04:00,0.0
2011-04-22 05:43:21-04:00,0.0
2011-04-22 05:43:24-04:00,0.0
2011-04-22 05:43:27-04:00,0.0
2011-04-22 05:43:30-04:00,0.0
2011-04-22 05:43:33-04:00,0.0
2011-04-22 05:43:36-04:00,0.0
2011-04-22 05:43:39-04:00,0.0
2011-04-22 05:43:42-04:00,0.0
2011-04-22 05:43:45-04:00,0.0
2011-04-22 05:43:48-04:00,0.0
2011-04-22 05:43:51-04:00,0.0
2011-04-22 05:43:54-04:00,0.0
2011-04-22 05:43:57-04:00,0.0
2011-04-22 05:44:00-04:00,0.0
2011-04-22 05:44:03-04:00,0.0
2011-04-22 05:44:06-04:00,0.0
2011-04-22 05:44:09-04:00,0.0
2011-04-22 05:44:12-04:00,0.0
2011-04-22 05:44:15-04:00,0.0
2011-04-22 05:44:18-04:00,0.0
2011-04-22 05:44:21-04:00,0.0
2011-04-22 05:44:24-04:00,0.0
2011-04-22 05:44:27-04:00,0.0
2011-04-22 05:44:30-04:00,0.0
2011-04-22 05:44:33-04:00,0.0
2011-04-22 05:44:36-04:00,0.0
2011-04-22 05:44:39-04:00,0.0
2011-04-22 05:44:42-04:00,0.0
2011-04-22 05:44:45-04:00,0.0
2011-04-22 05:44:48-04:00,0.0
2011-04-22 05:44:51-04:00,0.0
2011-04-22 05:44:54-04:00,0.0
2011-04-22 05:44:57-04:00,0.0
2011-04-22 05:45:00-04:00,0.0
2011-04-22 05:45:03-04:00,0.0
2011-04-22 05:45:06-04:00,0.0
2011-04-22 05:45:09-04:00,0.0
2011-04-22 05:45:12-04:00,0.0
2011-04-22 05:45:15-04:00,0.0
2011-04-22 05:45:18-04:00,0.0
2011-04-22 05:45:21-04:00,0.0
2011-04-22 05:45:24-04:00,0.0
2011-04-22 05:45:27-04:00,0.0
2011-04-22 05:45:30-04:00,0.0
2011-04-22 05:45:33-04:00,0.0
2011-04-22 05:45:36-04:00,0.0
2011-04-22 05:45:39-04:00,0.0
2011-04-22 05:45:42-04:00,0.0
2011-04-22 05:45:45-04:00,0.0
2011-04-22 05:45:48-04:00,0.0
2011-04-22 05:45:51-04:00,0.0
2011-04-22 05:45:54-04:00,0.0
2011-04-22 05:45:57-04:00,0.0
2011-04-22 05:46:00-04:00,0.0
2011-04-22 05:46:03-04:00,0.0
2011-04-22 05:46:06-04:00,0.0
2011-04-22 05:46:09-04:00,0.0
2011-04-22 05:46:12-04:00,0.0
2011-04-22 05:46:15-04:00,0.0
2011-04-22 05:46:18-04:00,0.0
2011-04-22 05:46:21-04:00,0.0
2011-04-22 05:46:24-04:00,0.0
2011-04-22 05:46:27-04:00,0.0
2011-04-22 05:46:30-04:00,0.0
2011-04-22 05:46:33-04:00,0.0
2011-04-22 05:46:36-04:00,0.0
2011-04-22 05:46:39-04:00,0.0
2011-04-22 05:46:42-04:00,0.0
2011-04-22 05:46:45-04:00,0.0
2011-04-22 05:46:48-04:00,0.0
2011-04-22 05:46:51-04:00,0.0
2011-04-22 05:46:54-04:00,0.0
2011-04-22 05:46:57-04:00,0.0
2011-04-22 05:47:00-04:00,0.0
2011-04-22 05:47:03-04:00,0.0
2011-04-22 05:47:06-04:00,0.0
2011-04-22 05:47:09-04:00,0.0
2011-04-22 05:47:12-04:00,0.0
2011-04-22 05:47:15-04:00,0.0
2011-04-22 05:47:18-04:00,0.0
2011-04-22 05:47:21-04:00,0.0
2011-04-22 05:47:24-04:00,0.0
2011-04-22 05:47:27-04:00,0.0
2011-04-22 05:47:30-04:00,0.0
2011-04-22 05:47:33-04:00,0.0
2011-04-22 05:47:36-04:00,0.0
2011-04-22 05:47:39-04:00,0.0
2011-04-22 05:47:42-04:00,0.0
2011-04-22 05:47:45-04:00,0.0
2011-04-22 05:47:48-04:00,0.0
2011-04-22 05:47:51-04:00,0.0
2011-04-22 05:47:54-04:00,0.0
2011-04-22 05:47:57-04:00,0.0
2011-04-22 05:48:00-04:00,0.0
2011-04-22 05:48:03-04:00,0.0
2011-04-22 05:48:06-04:00,0.0
2011-04-22 05:48:09-04:00,0.0
2011-04-22 05:48:12-04:00,0.0
2011-04-22 05:48:15-04:00,0.0
2011-04-22 05:48:18-04:00,0.0
2011-04-22 05:48:21-04:00,0.0
2011-04-22 05:48:24-04:00,0.0
2011-04-22 05:48:27-04:00,0.0
2011-04-22 05:48:30-04:00,0.0
2011-04-22 05:48:33-04:00,0.0
2011-04-22 05:48:36-04:00,0.0
2011-04-22 05:48:39-04:00,0.0
2011-04-22 05:48:42-04:00,0.0
2011-04-22 05:48:45-04:00,0.0
2011-04-22 05:48:48-04:00,0.0
2011-04-22 05:48:51-04:00,0.0
2011-04-22 05:48:54-04:00,0.0
2011-04-22 05:48:57-04:00,0.0
2011-04-22 05:49:00-04:00,0.0
2011-04-22 05:49:03-04:00,0.0
2011-04-22 05:49:06-04:00,0.0
2011-04-22 05:49:09-04:00,0.0
2011-04-22 05:49:12-04:00,0.0
2011-04-22 05:49:15-04:00,0.0
2011-04-22 05:49:18-04:00,0.0
2011-04-22 05:49:21-04:00,0.0
2011-04-22 05:49:24-04:00,0.0
2011-04-22 05:49:27-04:00,0.0
2011-04-22 05:49:30-04:00,0.0
2011-04-22 05:49:33-04:00,0.0
2011-04-22 05:49:36-04:00,0.0
2011-04-22 05:49:39-04:00,0.0
2011-04-22 05:49:42-04:00,0.0
2011-04-22 05:49:45-04:00,0.0
2011-04-22 05:49:48-04:00,0.0
2011-04-22 05:49:51-04:00,0.0
2011-04-22 05:49:54-04:00,0.0
2011-04-22 05:49:57-04:00,0.0
2011-04-22 05:50:00-04:00,0.0
2011-04-22 05:50:03-04:00,0.0
2011-04-22 05:50:06-04:00,0.0
2011-04-22 05:50:09-04:00,0.0
2011-04-22 05:50:12-04:00,0.0
2011-04-22 05:50:15-04:00,0.0
2011-04-22 05:50:18-04:00,0.0
2011-04-22 05:50:21-04:00,0.0
2011-04-22 05:50:24-04:00,0.0
2011-04-22 05:50:27-04:00,0.0
2011-04-22 05:50:30-04:00,0.0
2011-04-22 05:50:33-04:00,0.0
2011-04-22 05:50:36-04:00,0.0
2011-04-22 05:50:39-04:00,0.0
2011-04-22 05:50:42-04:00,0.0
2011-04-22 05:50:45-04:00,0.0
2011-04-22 05:50:48-04:00,0.0
2011-04-22 05:50:51-04:00,0.0
2011-04-22 05:50:54-04:00,0.0
2011-04-22 05:50:57-04:00,0.0
2011-04-22 05:51:00-04:00,0.0
2011-04-22 05:51:03-04:00,0.0
2011-04-22 05:51:06-04:00,0.0
2011-04-22 05:51:09-04:00,0.0
2011-04-22 05:51:12-04:00,0.0
2011-04-22 05:51:15-04:00,0.0
2011-04-22 05:51:18-04:00,0.0
2011-04-22 05:51:21-04:00,0.0
2011-04-22 05:51:24-04:00,0.0
2011-04-22 05:51:27-04:00,0.0
2011-04-22 05:51:30-04:00,0.0
2011-04-22 05:51:33-04:00,0.0
2011-04-22 05:51:36-04:00,0.0
2011-04-22 05:51:39-04:00,0.0
2011-04-22 05:51:42-04:00,0.0
2011-04-22 05:51:45-04:00,0.0
2011-04-22 05:51:48-04:00,0.0
2011-04-22 05:51:51-04:00,0.0
2011-04-22 05:51:54-04:00,0.0
2011-04-22 05:51:57-04:00,0.0
2011-04-22 05:52:00-04:00,0.0
2011-04-22 05:52:03-04:00,0.0
2011-04-22 05:52:06-04:00,0.0
2011-04-22 05:52:09-04:00,0.0
2011-04-22 05:52:12-04:00,0.0
2011-04-22 05:52:15-04:00,0.0
2011-04-22 05:52:18-04:00,0.0
2011-04-22 05:52:21-04:00,0.0
2011-04-22 05:52:24-04:00,0.0
2011-04-22 05:52:27-04:00,0.0
2011-04-22 05:52:30-04:00,0.0
2011-04-22 05:52:33-04:00,0.0
2011-04-22 05:52:36-04:00,0.0
2011-04-22 05:52:39-04:00,0.0
2011-04-22 05:52:42-04:00,0.0
2011-04-22 05:52:45-04:00,0.0
2011-04-22 05:52:48-04:00,0.0
2011-04-22 05:52:51-04:00,0.0
2011-04-22 05:52:54-04:00,0.0
2011-04-22 05:52:57-04:00,0.0
2011-04-22 05:53:00-04:00,0.0
2011-04-22 05:53:03-04:00,0.0
2011-04-22 05:53:06-04:00,0.0
2011-04-22 05:53:09-04:00,0.0
2011-04-22 05:53:12-04:00,0.0
2011-04-22 05:53:15-04:00,0.0
2011-04-22 05:53:18-04:00,0.0
2011-04-22 05:53:21-04:00,0.0
2011-04-22 05:53:24-04:00,0.0
2011-04-22 05:53:27-04:00,0.0
2011-04-22 05:53:30-04:00,0.0
2011-04-22 05:53:33-04:00,0.0
2011-04-22 05:53:36-04:00,0.0
2011-04-22 05:53:39-04:00,0.0
2011-04-22 05:53:42-04:00,0.0
2011-04-22 05:53:45-04:00,0.0
2011-04-22 05:53:48-04:00,0.0
2011-04-22 05:53:51-04:00,0.0
2011-04-22 05:53:54-04:00,0.0
2011-04-22 05:53:57-04:00,0.0
2011-04-22 05:54:00-04:00,0.0
2011-04-22 05:54:03-04:00,0.0
2011-04-22 05:54:06-04:00,0.0
2011-04-22 05:54:09-04:00,0.0
2011-04-22 05:54:12-04:00,0.0
2011-04-22 05:54:15-04:00,0.0
2011-04-22 05:54:18-04:00,0.0
2011-04-22 05:54:21-04:00,0.0
2011-04-22 05:54:24-04:00,0.0
2011-04-22 05:54:27-04:00,0.0
2011-04-22 05:54:30-04:00,0.0
2011-04-22 05:54:33-04:00,0.0
2011-04-22 05:54:36-04:00,0.0
2011-04-22 05:54:39-04:00,0.0
2011-04-22 05:54:42-04:00,0.0
2011-04-22 05:54:45-04:00,0.0
2011-04-22 05:54:48-04:00,0.0
2011-04-22 05:54:51-04:00,0.0
2011-04-22 05:54:54-04:00,0.0
2011-04-22 05:54:57-04:00,0.0
2011-04-22 05:55:00-04:00,0.0
2011-04-22 05:55:03-04:00,0.0
2011-04-22 05:55:06-04:00,0.0
2011-04-22 05:55:09-04:00,0.0
2011-04-22 05:55:12-04:00,0.0
2011-04-22 05:55:15-04:00,0.0
2011-04-22 05:55:18-04:00,0.0
2011-04-22 05:55:21-04:00,0.0
2011-04-22 05:55:24-04:00,0.0
2011-04-22 05:55:27-04:00,0.0
2011-04-22 05:55:30-04:00,0.0
2011-04-22 05:55:33-04:00,0.0
2011-04-22 05:55:36-04:00,0.0
2011-04-22 05:55:39-04:00,0.0
2011-04-22 05:55:42-04:00,0.0
2011-04-22 05:55:45-04:00,0.0
2011-04-22 05:55:48-04:00,0.0
2011-04-22 05:55:51-04:00,0.0
2011-04-22 05:55:54-04:00,0.0
2011-04-22 05:55:57-04:00,0.0
2011-04-22 05:56:00-04:00,0.0
2011-04-22 05:56:03-04:00,0.0
2011-04-22 05:56:06-04:00,0.0
2011-04-22 05:56:09-04:00,0.0
2011-04-22 05:56:12-04:00,0.0
2011-04-22 05:56:15-04:00,0.0
2011-04-22 05:56:18-04:00,0.0
2011-04-22 05:56:21-04:00,0.0
2011-04-22 05:56:24-04:00,0.0
2011-04-22 05:56:27-04:00,0.0
2011-04-22 05:56:30-04:00,0.0
2011-04-22 05:56:33-04:00,0.0
2011-04-22 05:56:36-04:00,0.0
2011-04-22 05:56:39-04:00,0.0
2011-04-22 05:56:42-04:00,0.0
2011-04-22 05:56:45-04:00,0.0
2011-04-22 05:56:48-04:00,0.0
2011-04-22 05:56:51-04:00,0.0
2011-04-22 05:56:54-04:00,0.0
2011-04-22 05:56:57-04:00,0.0
2011-04-22 05:57:00-04:00,0.0
2011-04-22 05:57:03-04:00,0.0
2011-04-22 05:57:06-04:00,0.0
2011-04-22 05:57:09-04:00,0.0
2011-04-22 05:57:12-04:00,0.0
2011-04-22 05:57:15-04:00,0.0
2011-04-22 05:57:18-04:00,0.0
2011-04-22 05:57:21-04:00,0.0
2011-04-22 05:57:24-04:00,0.0
2011-04-22 05:57:27-04:00,0.0
2011-04-22 05:57:30-04:00,0.0
2011-04-22 05:57:33-04:00,0.0
2011-04-22 05:57:36-04:00,0.0
2011-04-22 05:57:39-04:00,0.0
2011-04-22 05:57:42-04:00,0.0
2011-04-22 05:57:45-04:00,0.0
2011-04-22 05:57:48-04:00,0.0
2011-04-22 05:57:51-04:00,0.0
2011-04-22 05:57:54-04:00,0.0
2011-04-22 05:57:57-04:00,0.0
2011-04-22 05:58:00-04:00,0.0
2011-04-22 05:58:03-04:00,0.0
2011-04-22 05:58:06-04:00,0.0
2011-04-22 05:58:09-04:00,0.0
2011-04-22 05:58:12-04:00,0.0
2011-04-22 05:58:15-04:00,0.0
2011-04-22 05:58:18-04:00,1.0
2011-04-22 05:58:21-04:00,0.25
2011-04-22 05:58:24-04:00,0.0
2011-04-22 05:58:27-04:00,0.0
2011-04-22 05:58:30-04:00,0.0
2011-04-22 05:58:33-04:00,0.0
2011-04-22 05:58:36-04:00,0.0
2011-04-22 05:58:39-04:00,0.0
2011-04-22 05:58:42-04:00,0.0
2011-04-22 05:58:45-04:00,0.0
2011-04-22 05:58:48-04:00,0.0
2011-04-22 05:58:51-04:00,0.0
2011-04-22 05:58:54-04:00,0.0
2011-04-22 05:58:57-04:00,0.0
2011-04-22 05:59:00-04:00,0.0
2011-04-22 05:59:03-04:00,0.0
2011-04-22 05:59:06-04:00,0.0
2011-04-22 05:59:09-04:00,0.0
2011-04-22 05:59:12-04:00,0.0
2011-04-22 05:59:15-04:00,0.0
2011-04-22 05:59:18-04:00,0.0
2011-04-22 05:59:21-04:00,0.0
2011-04-22 05:59:24-04:00,0.0
2011-04-22 05:59:27-04:00,0.0
2011-04-22 05:59:30-04:00,0.0
2011-04-22 05:59:33-04:00,0.0
2011-04-22 05:59:36-04:00,0.0
2011-04-22 05:59:39-04:00,0.0
2011-04-22 05:59:42-04:00,0.0
2011-04-22 05:59:45-04:00,0.0
2011-04-22 05:59:48-04:00,0.0
2011-04-22 05:59:51-04:00,0.0
2011-04-22 05:59:54-04:00,0.0
2011-04-22 05:59:57-04:00,0.0
2011-04-22 06:00:00-04:00,0.0
2011-04-22 06:00:03-04:00,0.0
2011-04-22 06:00:06-04:00,0.0
2011-04-22 06:00:09-04:00,0.0
2011-04-22 06:00:12-04:00,0.0
2011-04-22 06:00:15-04:00,0.0
2011-04-22 06:00:18-04:00,0.0
2011-04-22 06:00:21-04:00,0.0
2011-04-22 06:00:24-04:00,0.0
2011-04-22 06:00:27-04:00,0.0
2011-04-22 06:00:30-04:00,0.0
2011-04-22 06:00:33-04:00,0.0
2011-04-22 06:00:36-04:00,0.0
2011-04-22 06:00:39-04:00,0.0
2011-04-22 06:00:42-04:00,0.0
2011-04-22 06:00:45-04:00,0.0
2011-04-22 06:00:48-04:00,0.0
2011-04-22 06:00:51-04:00,0.0
2011-04-22 06:00:54-04:00,0.0
2011-04-22 06:00:57-04:00,0.0
2011-04-22 06:01:00-04:00,0.0
2011-04-22 06:01:03-04:00,0.0
2011-04-22 06:01:06-04:00,0.0
2011-04-22 06:01:09-04:00,0.0
2011-04-22 06:01:12-04:00,0.0
2011-04-22 06:01:15-04:00,0.0
2011-04-22 06:01:18-04:00,0.0
2011-04-22 06:01:21-04:00,0.0
2011-04-22 06:01:24-04:00,0.0
2011-04-22 06:01:27-04:00,0.0
2011-04-22 06:01:30-04:00,0.0
2011-04-22 06:01:33-04:00,0.0
2011-04-22 06:01:36-04:00,0.0
2011-04-22 06:01:39-04:00,0.0
2011-04-22 06:01:42-04:00,0.0
2011-04-22 06:01:45-04:00,0.0
2011-04-22 06:01:48-04:00,0.0
2011-04-22 06:01:51-04:00,0.0
2011-04-22 06:01:54-04:00,0.0
2011-04-22 06:01:57-04:00,0.0
2011-04-22 06:02:00-04:00,0.0
2011-04-22 06:02:03-04:00,0.0
2011-04-22 06:02:06-04:00,0.0
2011-04-22 06:02:09-04:00,0.0
2011-04-22 06:02:12-04:00,0.0
2011-04-22 06:02:15-04:00,0.0
2011-04-22 06:02:18-04:00,0.0
2011-04-22 06:02:21-04:00,0.0
2011-04-22 06:02:24-04:00,0.0
2011-04-22 06:02:27-04:00,0.0
2011-04-22 06:02:30-04:00,0.0
2011-04-22 06:02:33-04:00,0.0
2011-04-22 06:02:36-04:00,0.0
2011-04-22 06:02:39-04:00,0.0
2011-04-22 06:02:42-04:00,0.0
2011-04-22 06:02:45-04:00,0.0
2011-04-22 06:02:48-04:00,0.0
2011-04-22 06:02:51-04:00,0.0
2011-04-22 06:02:54-04:00,0.0
2011-04-22 06:02:57-04:00,0.0
2011-04-22 06:03:00-04:00,0.0
2011-04-22 06:03:03-04:00,0.0
2011-04-22 06:03:06-04:00,0.0
2011-04-22 06:03:09-04:00,0.0
2011-04-22 06:03:12-04:00,0.0
2011-04-22 06:03:15-04:00,0.0
2011-04-22 06:03:18-04:00,0.0
2011-04-22 06:03:21-04:00,0.0
2011-04-22 06:03:24-04:00,0.0
2011-04-22 06:03:27-04:00,0.0
2011-04-22 06:03:30-04:00,0.0
2011-04-22 06:03:33-04:00,0.0
2011-04-22 06:03:36-04:00,0.0
2011-04-22 06:03:39-04:00,0.0
2011-04-22 06:03:42-04:00,0.0
2011-04-22 06:03:45-04:00,0.0
2011-04-22 06:03:48-04:00,0.0
2011-04-22 06:03:51-04:00,0.0
2011-04-22 06:03:54-04:00,0.0
2011-04-22 06:03:57-04:00,0.0
2011-04-22 06:04:00-04:00,0.0
2011-04-22 06:04:03-04:00,0.0
2011-04-22 06:04:06-04:00,0.0
2011-04-22 06:04:09-04:00,0.0
2011-04-22 06:04:12-04:00,0.0
2011-04-22 06:04:15-04:00,0.0
2011-04-22 06:04:18-04:00,0.0
2011-04-22 06:04:21-04:00,0.0
2011-04-22 06:04:24-04:00,0.0
2011-04-22 06:04:27-04:00,0.0
2011-04-22 06:04:30-04:00,0.0
2011-04-22 06:04:33-04:00,0.0
2011-04-22 06:04:36-04:00,0.0
2011-04-22 06:04:39-04:00,0.0
2011-04-22 06:04:42-04:00,0.0
2011-04-22 06:04:45-04:00,0.0
2011-04-22 06:04:48-04:00,0.0
2011-04-22 06:04:51-04:00,0.0
2011-04-22 06:04:54-04:00,0.0
2011-04-22 06:04:57-04:00,0.0
2011-04-22 06:05:00-04:00,0.0
2011-04-22 06:05:03-04:00,0.0
2011-04-22 06:05:06-04:00,0.0
2011-04-22 06:05:09-04:00,0.0
2011-04-22 06:05:12-04:00,0.0
2011-04-22 06:05:15-04:00,0.0
2011-04-22 06:05:18-04:00,0.0
2011-04-22 06:05:21-04:00,0.0
2011-04-22 06:05:24-04:00,0.0
2011-04-22 06:05:27-04:00,0.0
2011-04-22 06:05:30-04:00,0.0
2011-04-22 06:05:33-04:00,0.0
2011-04-22 06:05:36-04:00,0.0
2011-04-22 06:05:39-04:00,0.0
2011-04-22 06:05:42-04:00,0.0
2011-04-22 06:05:45-04:00,0.0
2011-04-22 06:05:48-04:00,0.0
2011-04-22 06:05:51-04:00,0.0
2011-04-22 06:05:54-04:00,0.0
2011-04-22 06:05:57-04:00,0.0
2011-04-22 06:06:00-04:00,0.0
2011-04-22 06:06:03-04:00,0.0
2011-04-22 06:06:06-04:00,0.0
2011-04-22 06:06:09-04:00,0.0
2011-04-22 06:06:12-04:00,0.0
2011-04-22 06:06:15-04:00,0.0
2011-04-22 06:06:18-04:00,0.0
2011-04-22 06:06:21-04:00,0.0
2011-04-22 06:06:24-04:00,0.0
2011-04-22 06:06:27-04:00,0.0
2011-04-22 06:06:30-04:00,0.0
2011-04-22 06:06:33-04:00,0.0
2011-04-22 06:06:36-04:00,0.0
2011-04-22 06:06:39-04:00,0.0
2011-04-22 06:06:42-04:00,0.0
2011-04-22 06:06:45-04:00,0.0
2011-04-22 06:06:48-04:00,0.0
2011-04-22 06:06:51-04:00,0.0
2011-04-22 06:06:54-04:00,0.0
2011-04-22 06:06:57-04:00,0.0
2011-04-22 06:07:00-04:00,0.0
2011-04-22 06:07:03-04:00,0.0
2011-04-22 06:07:06-04:00,0.0
2011-04-22 06:07:09-04:00,0.0
2011-04-22 06:07:12-04:00,0.0
2011-04-22 06:07:15-04:00,0.0
2011-04-22 06:07:18-04:00,0.0
2011-04-22 06:07:21-04:00,0.0
2011-04-22 06:07:24-04:00,0.0
2011-04-22 06:07:27-04:00,0.0
2011-04-22 06:07:30-04:00,0.0
2011-04-22 06:07:33-04:00,0.0
2011-04-22 06:07:36-04:00,0.0
2011-04-22 06:07:39-04:00,0.0
2011-04-22 06:07:42-04:00,0.0
2011-04-22 06:07:45-04:00,0.0
2011-04-22 06:07:48-04:00,0.0
2011-04-22 06:07:51-04:00,0.0
2011-04-22 06:07:54-04:00,0.0
2011-04-22 06:07:57-04:00,0.0
2011-04-22 06:08:00-04:00,0.0
2011-04-22 06:08:03-04:00,0.0
2011-04-22 06:08:06-04:00,0.0
2011-04-22 06:08:09-04:00,0.0
2011-04-22 06:08:12-04:00,0.0
2011-04-22 06:08:15-04:00,0.0
2011-04-22 06:08:18-04:00,0.0
2011-04-22 06:08:21-04:00,0.0
2011-04-22 06:08:24-04:00,0.0
2011-04-22 06:08:27-04:00,0.0
2011-04-22 06:08:30-04:00,0.0
2011-04-22 06:08:33-04:00,0.0
2011-04-22 06:08:36-04:00,0.0
2011-04-22 06:08:39-04:00,0.0
2011-04-22 06:08:42-04:00,0.0
2011-04-22 06:08:45-04:00,0.0
2011-04-22 06:08:48-04:00,0.0
2011-04-22 06:08:51-04:00,0.0
2011-04-22 06:08:54-04:00,0.0
2011-04-22 06:08:57-04:00,0.0
2011-04-22 06:09:00-04:00,0.0
2011-04-22 06:09:03-04:00,0.0
2011-04-22 06:09:06-04:00,0.0
2011-04-22 06:09:09-04:00,0.0
2011-04-22 06:09:12-04:00,0.0
2011-04-22 06:09:15-04:00,0.0
2011-04-22 06:09:18-04:00,0.0
2011-04-22 06:09:21-04:00,0.0
2011-04-22 06:09:24-04:00,0.0
2011-04-22 06:09:27-04:00,0.0
2011-04-22 06:09:30-04:00,0.0
2011-04-22 06:09:33-04:00,0.0
2011-04-22 06:09:36-04:00,0.0
2011-04-22 06:09:39-04:00,0.0
2011-04-22 06:09:42-04:00,0.0
2011-04-22 06:09:45-04:00,0.0
2011-04-22 06:09:48-04:00,0.0
2011-04-22 06:09:51-04:00,0.0
2011-04-22 06:09:54-04:00,0.0
2011-04-22 06:09:57-04:00,0.0
2011-04-22 06:10:00-04:00,0.0
2011-04-22 06:10:03-04:00,0.0
2011-04-22 06:10:06-04:00,0.0
2011-04-22 06:10:09-04:00,0.0
2011-04-22 06:10:12-04:00,0.0
2011-04-22 06:10:15-04:00,0.0
2011-04-22 06:10:18-04:00,0.0
2011-04-22 06:10:21-04:00,0.0
2011-04-22 06:10:24-04:00,0.0
2011-04-22 06:10:27-04:00,0.0
2011-04-22 06:10:30-04:00,0.0
2011-04-22 06:10:33-04:00,0.0
2011-04-22 06:10:36-04:00,0.0
2011-04-22 06:10:39-04:00,0.0
2011-04-22 06:10:42-04:00,0.0
2011-04-22 06:10:45-04:00,0.0
2011-04-22 06:10:48-04:00,0.0
2011-04-22 06:10:51-04:00,0.0
2011-04-22 06:10:54-04:00,0.0
2011-04-22 06:10:57-04:00,0.0
2011-04-22 06:11:00-04:00,0.0
2011-04-22 06:11:03-04:00,0.0
2011-04-22 06:11:06-04:00,0.0
2011-04-22 06:11:09-04:00,0.0
2011-04-22 06:11:12-04:00,0.0
2011-04-22 06:11:15-04:00,0.0
2011-04-22 06:11:18-04:00,0.0
2011-04-22 06:11:21-04:00,0.0
2011-04-22 06:11:24-04:00,0.0
2011-04-22 06:11:27-04:00,0.0
2011-04-22 06:11:30-04:00,0.0
2011-04-22 06:11:33-04:00,0.0
2011-04-22 06:11:36-04:00,0.0
2011-04-22 06:11:39-04:00,0.0
2011-04-22 06:11:42-04:00,0.0
2011-04-22 06:11:45-04:00,0.0
2011-04-22 06:11:48-04:00,0.0
2011-04-22 06:11:51-04:00,0.0
2011-04-22 06:11:54-04:00,0.0
2011-04-22 06:11:57-04:00,2.5
2011-04-22 06:12:00-04:00,10.0
2011-04-22 06:12:03-04:00,10.0
2011-04-22 06:12:06-04:00,10.0
2011-04-22 06:12:09-04:00,10.0
2011-04-22 06:12:12-04:00,10.0
2011-04-22 06:12:15-04:00,10.333333333333334
2011-04-22 06:12:18-04:00,11.0
2011-04-22 06:12:21-04:00,11.0
2011-04-22 06:12:24-04:00,11.0
2011-04-22 06:12:27-04:00,11.0
2011-04-22 06:12:30-04:00,11.333333333333334
2011-04-22 06:12:33-04:00,11.666666666666666
2011-04-22 06:12:36-04:00,12.0
2011-04-22 06:12:39-04:00,12.0
2011-04-22 06:12:42-04:00,12.0
2011-04-22 06:12:45-04:00,12.0
2011-04-22 06:12:48-04:00,12.0
2011-04-22 06:12:51-04:00,12.0
2011-04-22 06:12:54-04:00,12.0
2011-04-22 06:12:57-04:00,12.0
2011-04-22 06:13:00-04:00,12.0
2011-04-22 06:13:03-04:00,12.0
2011-04-22 06:13:06-04:00,12.0
2011-04-22 06:13:09-04:00,12.0
2011-04-22 06:13:12-04:00,12.0
2011-04-22 06:13:15-04:00,12.0
2011-04-22 06:13:18-04:00,12.0
2011-04-22 06:13:21-04:00,12.0
2011-04-22 06:13:24-04:00,12.0
2011-04-22 06:13:27-04:00,12.0
2011-04-22 06:13:30-04:00,12.0
2011-04-22 06:13:33-04:00,12.0
2011-04-22 06:13:36-04:00,12.0
2011-04-22 06:13:39-04:00,12.0
2011-04-22 06:13:42-04:00,12.0
2011-04-22 06:13:45-04:00,12.0
2011-04-22 06:13:48-04:00,12.0
2011-04-22 06:13:51-04:00,12.0
2011-04-22 06:13:54-04:00,12.0
2011-04-22 06:13:57-04:00,12.0
2011-04-22 06:14:00-04:00,12.0
2011-04-22 06:14:03-04:00,12.0
2011-04-22 06:14:06-04:00,12.0
2011-04-22 06:14:09-04:00,12.0
2011-04-22 06:14:12-04:00,12.0
2011-04-22 06:14:15-04:00,12.0
2011-04-22 06:14:18-04:00,12.0
2011-04-22 06:14:21-04:00,12.0
2011-04-22 06:14:24-04:00,12.0
2011-04-22 06:14:27-04:00,11.333333333333334
2011-04-22 06:14:30-04:00,11.0
2011-04-22 06:14:33-04:00,11.0
2011-04-22 06:14:36-04:00,11.0
2011-04-22 06:14:39-04:00,11.666666666666666
2011-04-22 06:14:42-04:00,11.5
2011-04-22 06:14:45-04:00,11.333333333333334
2011-04-22 06:14:48-04:00,11.75
2011-04-22 06:14:51-04:00,11.0
2011-04-22 06:14:54-04:00,11.0
2011-04-22 06:14:57-04:00,11.0
2011-04-22 06:15:00-04:00,11.0
2011-04-22 06:15:03-04:00,11.0
2011-04-22 06:15:06-04:00,11.0
2011-04-22 06:15:09-04:00,11.0
2011-04-22 06:15:12-04:00,11.0
2011-04-22 06:15:15-04:00,11.0
2011-04-22 06:15:18-04:00,11.0
2011-04-22 06:15:21-04:00,11.0
2011-04-22 06:15:24-04:00,11.0
2011-04-22 06:15:27-04:00,11.0
2011-04-22 06:15:30-04:00,11.0
2011-04-22 06:15:33-04:00,11.0
2011-04-22 06:15:36-04:00,11.0
2011-04-22 06:15:39-04:00,11.0
2011-04-22 06:15:42-04:00,11.0
2011-04-22 06:15:45-04:00,11.0
2011-04-22 06:15:48-04:00,11.0
2011-04-22 06:15:51-04:00,11.0
2011-04-22 06:15:54-04:00,11.0
2011-04-22 06:15:57-04:00,11.0
2011-04-22 06:16:00-04:00,11.0
2011-04-22 06:16:03-04:00,11.0
2011-04-22 06:16:06-04:00,11.0
2011-04-22 06:16:09-04:00,11.0
2011-04-22 06:16:12-04:00,11.0
2011-04-22 06:16:15-04:00,11.0
2011-04-22 06:16:18-04:00,11.0
2011-04-22 06:16:21-04:00,11.0
2011-04-22 06:16:24-04:00,11.0
2011-04-22 06:16:27-04:00,11.0
2011-04-22 06:16:30-04:00,11.0
2011-04-22 06:16:33-04:00,11.0
2011-04-22 06:16:36-04:00,11.0
2011-04-22 06:16:39-04:00,11.0
2011-04-22 06:16:42-04:00,11.0
2011-04-22 06:16:45-04:00,11.0
2011-04-22 06:16:48-04:00,11.0
2011-04-22 06:16:51-04:00,11.0
2011-04-22 06:16:54-04:00,11.0
2011-04-22 06:16:57-04:00,11.0
2011-04-22 06:17:00-04:00,11.0
2011-04-22 06:17:03-04:00,11.0
2011-04-22 06:17:06-04:00,11.0
2011-04-22 06:17:09-04:00,11.0
2011-04-22 06:17:12-04:00,11.0
2011-04-22 06:17:15-04:00,11.0
2011-04-22 06:17:18-04:00,11.0
2011-04-22 06:17:21-04:00,11.0
2011-04-22 06:17:24-04:00,11.0
2011-04-22 06:17:27-04:00,11.0
2011-04-22 06:17:30-04:00,11.0
2011-04-22 06:17:33-04:00,11.0
2011-04-22 06:17:36-04:00,11.0
2011-04-22 06:17:39-04:00,11.0
2011-04-22 06:17:42-04:00,11.0
2011-04-22 06:17:45-04:00,11.0
2011-04-22 06:17:48-04:00,11.0
2011-04-22 06:17:51-04:00,11.0
2011-04-22 06:17:54-04:00,11.0
2011-04-22 06:17:57-04:00,11.0
2011-04-22 06:18:00-04:00,11.0
2011-04-22 06:18:03-04:00,11.0
2011-04-22 06:18:06-04:00,11.0
2011-04-22 06:18:09-04:00,11.0
2011-04-22 06:18:12-04:00,11.0
2011-04-22 06:18:15-04:00,11.0
2011-04-22 06:18:18-04:00,11.0
2011-04-22 06:18:21-04:00,11.0
2011-04-22 06:18:24-04:00,11.0
2011-04-22 06:18:27-04:00,11.0
2011-04-22 06:18:30-04:00,11.0
2011-04-22 06:18:33-04:00,11.0
2011-04-22 06:18:36-04:00,11.0
2011-04-22 06:18:39-04:00,11.0
2011-04-22 06:18:42-04:00,11.0
2011-04-22 06:18:45-04:00,11.0
2011-04-22 06:18:48-04:00,11.0
2011-04-22 06:18:51-04:00,11.0
2011-04-22 06:18:54-04:00,11.0
2011-04-22 06:18:57-04:00,11.0
2011-04-22 06:19:00-04:00,11.0
2011-04-22 06:19:03-04:00,11.0
2011-04-22 06:19:06-04:00,11.0
2011-04-22 06:19:09-04:00,11.0
2011-04-22 06:19:12-04:00,11.0
2011-04-22 06:19:15-04:00,11.0
2011-04-22 06:19:18-04:00,11.0
2011-04-22 06:19:21-04:00,11.0
2011-04-22 06:19:24-04:00,11.0
2011-04-22 06:19:27-04:00,11.0
2011-04-22 06:19:30-04:00,11.0
2011-04-22 06:19:33-04:00,11.0
2011-04-22 06:19:36-04:00,11.0
2011-04-22 06:19:39-04:00,11.0
2011-04-22 06:19:42-04:00,10.25
2011-04-22 06:19:45-04:00,10.666666666666666
2011-04-22 06:19:48-04:00,10.333333333333334
2011-04-22 06:19:51-04:00,10.5
2011-04-22 06:19:54-04:00,11.0
2011-04-22 06:19:57-04:00,10.75
2011-04-22 06:20:00-04:00,10.0
2011-04-22 06:20:03-04:00,11.0
2011-04-22 06:20:06-04:00,10.25
2011-04-22 06:20:09-04:00,10.0
2011-04-22 06:20:12-04:00,10.0
2011-04-22 06:20:15-04:00,10.0
2011-04-22 06:20:18-04:00,10.0
2011-04-22 06:20:21-04:00,10.0
2011-04-22 06:20:24-04:00,11.0
2011-04-22 06:20:27-04:00,11.0
2011-04-22 06:20:30-04:00,11.0
2011-04-22 06:20:33-04:00,11.0
2011-04-22 06:20:36-04:00,11.0
2011-04-22 06:20:39-04:00,11.0
2011-04-22 06:20:42-04:00,11.0
2011-04-22 06:20:45-04:00,11.0
2011-04-22 06:20:48-04:00,10.666666666666666
2011-04-22 06:20:51-04:00,10.0
2011-04-22 06:20:54-04:00,10.0
2011-04-22 06:20:57-04:00,10.0
2011-04-22 06:21:00-04:00,10.0
2011-04-22 06:21:03-04:00,10.0
2011-04-22 06:21:06-04:00,10.0
2011-04-22 06:21:09-04:00,10.0
2011-04-22 06:21:12-04:00,10.0
2011-04-22 06:21:15-04:00,10.0
2011-04-22 06:21:18-04:00,10.0
2011-04-22 06:21:21-04:00,10.0
2011-04-22 06:21:24-04:00,10.0
2011-04-22 06:21:27-04:00,10.0
2011-04-22 06:21:30-04:00,10.0
2011-04-22 06:21:33-04:00,10.0
2011-04-22 06:21:36-04:00,10.0
2011-04-22 06:21:39-04:00,10.0
2011-04-22 06:21:42-04:00,10.0
2011-04-22 06:21:45-04:00,10.0
2011-04-22 06:21:48-04:00,10.0
2011-04-22 06:21:51-04:00,10.0
2011-04-22 06:21:54-04:00,10.0
2011-04-22 06:21:57-04:00,10.0
2011-04-22 06:22:00-04:00,10.0
2011-04-22 06:22:03-04:00,10.0
2011-04-22 06:22:06-04:00,10.0
2011-04-22 06:22:09-04:00,10.0
2011-04-22 06:22:12-04:00,10.0
2011-04-22 06:22:15-04:00,10.0
2011-04-22 06:22:18-04:00,10.0
2011-04-22 06:22:21-04:00,10.0
2011-04-22 06:22:24-04:00,10.0
2011-04-22 06:22:27-04:00,10.0
2011-04-22 06:22:30-04:00,10.0
2011-04-22 06:22:33-04:00,10.0
2011-04-22 06:22:36-04:00,10.0
2011-04-22 06:22:39-04:00,10.0
2011-04-22 06:22:42-04:00,10.0
2011-04-22 06:22:45-04:00,10.0
2011-04-22 06:22:48-04:00,10.0
2011-04-22 06:22:51-04:00,10.0
2011-04-22 06:22:54-04:00,10.0
2011-04-22 06:22:57-04:00,10.0
2011-04-22 06:23:00-04:00,10.0
2011-04-22 06:23:03-04:00,10.0
2011-04-22 06:23:06-04:00,10.0
2011-04-22 06:23:09-04:00,10.0
2011-04-22 06:23:12-04:00,10.0
2011-04-22 06:23:15-04:00,10.0
2011-04-22 06:23:18-04:00,10.0
2011-04-22 06:23:21-04:00,10.0
2011-04-22 06:23:24-04:00,10.0
2011-04-22 06:23:27-04:00,10.0
2011-04-22 06:23:30-04:00,10.0
2011-04-22 06:23:33-04:00,10.0
2011-04-22 06:23:36-04:00,10.0
2011-04-22 06:23:39-04:00,10.0
2011-04-22 06:23:42-04:00,10.0
2011-04-22 06:23:45-04:00,10.0
2011-04-22 06:23:48-04:00,10.0
2011-04-22 06:23:51-04:00,10.0
2011-04-22 06:23:54-04:00,10.0
2011-04-22 06:23:57-04:00,10.0
2011-04-22 06:24:00-04:00,10.0
2011-04-22 06:24:03-04:00,10.0
2011-04-22 06:24:06-04:00,10.0
2011-04-22 06:24:09-04:00,10.0
2011-04-22 06:24:12-04:00,10.0
2011-04-22 06:24:15-04:00,10.0
2011-04-22 06:24:18-04:00,10.0
2011-04-22 06:24:21-04:00,10.0
2011-04-22 06:24:24-04:00,10.0
2011-04-22 06:24:27-04:00,10.0
2011-04-22 06:24:30-04:00,10.0
2011-04-22 06:24:33-04:00,10.0
2011-04-22 06:24:36-04:00,10.0
2011-04-22 06:24:39-04:00,10.0
2011-04-22 06:24:42-04:00,10.0
2011-04-22 06:24:45-04:00,10.0
2011-04-22 06:24:48-04:00,10.0
2011-04-22 06:24:51-04:00,10.0
2011-04-22 06:24:54-04:00,10.0
2011-04-22 06:24:57-04:00,10.0
2011-04-22 06:25:00-04:00,10.0
2011-04-22 06:25:03-04:00,10.0
2011-04-22 06:25:06-04:00,10.0
2011-04-22 06:25:09-04:00,10.0
2011-04-22 06:25:12-04:00,10.0
2011-04-22 06:25:15-04:00,10.0
2011-04-22 06:25:18-04:00,10.0
2011-04-22 06:25:21-04:00,10.0
2011-04-22 06:25:24-04:00,10.0
2011-04-22 06:25:27-04:00,10.0
2011-04-22 06:25:30-04:00,10.0
2011-04-22 06:25:33-04:00,10.0
2011-04-22 06:25:36-04:00,10.0
2011-04-22 06:25:39-04:00,10.0
2011-04-22 06:25:42-04:00,10.0
2011-04-22 06:25:45-04:00,10.0
2011-04-22 06:25:48-04:00,10.0
2011-04-22 06:25:51-04:00,10.0
2011-04-22 06:25:54-04:00,10.0
2011-04-22 06:25:57-04:00,10.0
2011-04-22 06:26:00-04:00,10.0
2011-04-22 06:26:03-04:00,10.0
2011-04-22 06:26:06-04:00,10.0
2011-04-22 06:26:09-04:00,10.0
2011-04-22 06:26:12-04:00,10.0
2011-04-22 06:26:15-04:00,10.0
2011-04-22 06:26:18-04:00,10.0
2011-04-22 06:26:21-04:00,10.0
2011-04-22 06:26:24-04:00,10.0
2011-04-22 06:26:27-04:00,10.0
2011-04-22 06:26:30-04:00,10.0
2011-04-22 06:26:33-04:00,10.0
2011-04-22 06:26:36-04:00,10.0
2011-04-22 06:26:39-04:00,10.0
2011-04-22 06:26:42-04:00,10.0
2011-04-22 06:26:45-04:00,10.0
2011-04-22 06:26:48-04:00,10.0
2011-04-22 06:26:51-04:00,10.0
2011-04-22 06:26:54-04:00,10.0
2011-04-22 06:26:57-04:00,10.0
2011-04-22 06:27:00-04:00,10.0
2011-04-22 06:27:03-04:00,10.0
2011-04-22 06:27:06-04:00,10.0
2011-04-22 06:27:09-04:00,10.0
2011-04-22 06:27:12-04:00,10.0
2011-04-22 06:27:15-04:00,10.0
2011-04-22 06:27:18-04:00,10.0
2011-04-22 06:27:21-04:00,10.0
2011-04-22 06:27:24-04:00,10.0
2011-04-22 06:27:27-04:00,10.0
2011-04-22 06:27:30-04:00,10.0
2011-04-22 06:27:33-04:00,10.0
2011-04-22 06:27:36-04:00,10.0
2011-04-22 06:27:39-04:00,10.0
2011-04-22 06:27:42-04:00,10.0
2011-04-22 06:27:45-04:00,10.0
2011-04-22 06:27:48-04:00,10.0
2011-04-22 06:27:51-04:00,10.0
2011-04-22 06:27:54-04:00,10.0
2011-04-22 06:27:57-04:00,10.0
2011-04-22 06:28:00-04:00,10.0
2011-04-22 06:28:03-04:00,10.0
2011-04-22 06:28:06-04:00,10.0
2011-04-22 06:28:09-04:00,10.0
2011-04-22 06:28:12-04:00,10.0
2011-04-22 06:28:15-04:00,10.0
2011-04-22 06:28:18-04:00,10.0
2011-04-22 06:28:21-04:00,10.0
2011-04-22 06:28:24-04:00,10.0
2011-04-22 06:28:27-04:00,10.0
2011-04-22 06:28:30-04:00,10.0
2011-04-22 06:28:33-04:00,10.0
2011-04-22 06:28:36-04:00,10.0
2011-04-22 06:28:39-04:00,10.0
2011-04-22 06:28:42-04:00,10.0
2011-04-22 06:28:45-04:00,10.0
2011-04-22 06:28:48-04:00,10.0
2011-04-22 06:28:51-04:00,10.0
2011-04-22 06:28:54-04:00,10.0
2011-04-22 06:28:57-04:00,10.0
2011-04-22 06:29:00-04:00,10.0
2011-04-22 06:29:03-04:00,10.0
2011-04-22 06:29:06-04:00,10.0
2011-04-22 06:29:09-04:00,10.0
2011-04-22 06:29:12-04:00,10.0
2011-04-22 06:29:15-04:00,10.0
2011-04-22 06:29:18-04:00,10.0
2011-04-22 06:29:21-04:00,10.0
2011-04-22 06:29:24-04:00,10.0
2011-04-22 06:29:27-04:00,10.0
2011-04-22 06:29:30-04:00,10.88888888888889
2011-04-22 06:29:33-04:00,12.222222222222221
2011-04-22 06:29:36-04:00,13.555555555555555
2011-04-22 06:29:39-04:00,14.0
2011-04-22 06:29:42-04:00,14.0
2011-04-22 06:29:45-04:00,14.0
2011-04-22 06:29:48-04:00,14.0
2011-04-22 06:29:51-04:00,14.0
2011-04-22 06:29:54-04:00,14.0
2011-04-22 06:29:57-04:00,14.0
2011-04-22 06:30:00-04:00,14.0
2011-04-22 06:30:03-04:00,14.0
2011-04-22 06:30:06-04:00,14.0
2011-04-22 06:30:09-04:00,14.0
2011-04-22 06:30:12-04:00,14.0
2011-04-22 06:30:15-04:00,14.0
2011-04-22 06:30:18-04:00,14.0
2011-04-22 06:30:21-04:00,14.0
2011-04-22 06:30:24-04:00,14.0
2011-04-22 06:30:27-04:00,14.0
2011-04-22 06:30:30-04:00,13.11111111111111
2011-04-22 06:30:33-04:00,11.777777777777779
2011-04-22 06:30:36-04:00,10.444444444444445
2011-04-22 06:30:39-04:00,10.0
2011-04-22 06:30:42-04:00,10.0
2011-04-22 06:30:45-04:00,10.0
2011-04-22 06:30:48-04:00,10.0
2011-04-22 06:30:51-04:00,10.0
2011-04-22 06:30:54-04:00,10.0
2011-04-22 06:30:57-04:00,10.0
2011-04-22 06:31:00-04:00,10.0
2011-04-22 06:31:03-04:00,10.0
2011-04-22 06:31:06-04:00,10.0
2011-04-22 06:31:09-04:00,10.0
2011-04-22 06:31:12-04:00,10.0
2011-04-22 06:31:15-04:00,10.0
2011-04-22 06:31:18-04:00,10.0
2011-04-22 06:31:21-04:00,10.0
2011-04-22 06:31:24-04:00,10.0
2011-04-22 06:31:27-04:00,10.0
2011-04-22 06:31:30-04:00,10.0
2011-04-22 06:31:33-04:00,10.0
2011-04-22 06:31:36-04:00,10.0
2011-04-22 06:31:39-04:00,10.0
2011-04-22 06:31:42-04:00,10.0
2011-04-22 06:31:45-04:00,10.0
2011-04-22 06:31:48-04:00,10.0
2011-04-22 06:31:51-04:00,10.0
2011-04-22 06:31:54-04:00,10.0
2011-04-22 06:31:57-04:00,10.0
2011-04-22 06:32:00-04:00,10.0
2011-04-22 06:32:03-04:00,10.0
2011-04-22 06:32:06-04:00,10.0
2011-04-22 06:32:09-04:00,10.0
2011-04-22 06:32:12-04:00,10.0
2011-04-22 06:32:15-04:00,10.0
2011-04-22 06:32:18-04:00,10.0
2011-04-22 06:32:21-04:00,10.0
2011-04-22 06:32:24-04:00,10.0
2011-04-22 06:32:27-04:00,10.0
2011-04-22 06:32:30-04:00,10.0
2011-04-22 06:32:33-04:00,10.0
2011-04-22 06:32:36-04:00,10.0
2011-04-22 06:32:39-04:00,10.0
2011-04-22 06:32:42-04:00,10.0
2011-04-22 06:32:45-04:00,10.0
2011-04-22 06:32:48-04:00,10.0
2011-04-22 06:32:51-04:00,10.0
2011-04-22 06:32:54-04:00,10.0
2011-04-22 06:32:57-04:00,10.0
2011-04-22 06:33:00-04:00,10.0
2011-04-22 06:33:03-04:00,10.0
2011-04-22 06:33:06-04:00,10.0
2011-04-22 06:33:09-04:00,10.0
2011-04-22 06:33:12-04:00,10.0
2011-04-22 06:33:15-04:00,10.0
2011-04-22 06:33:18-04:00,10.0
2011-04-22 06:33:21-04:00,10.0
2011-04-22 06:33:24-04:00,10.333333333333334
2011-04-22 06:33:27-04:00,10.88888888888889
2011-04-22 06:33:30-04:00,10.555555555555555
2011-04-22 06:33:33-04:00,10.222222222222221
2011-04-22 06:33:36-04:00,10.0
2011-04-22 06:33:39-04:00,10.0
2011-04-22 06:33:42-04:00,10.0
2011-04-22 06:33:45-04:00,10.0
2011-04-22 06:33:48-04:00,10.0
2011-04-22 06:33:51-04:00,10.0
2011-04-22 06:33:54-04:00,10.0
2011-04-22 06:33:57-04:00,10.0
2011-04-22 06:34:00-04:00,10.0
2011-04-22 06:34:03-04:00,10.0
2011-04-22 06:34:06-04:00,10.0
2011-04-22 06:34:09-04:00,10.0
2011-04-22 06:34:12-04:00,10.0
2011-04-22 06:34:15-04:00,10.0
2011-04-22 06:34:18-04:00,10.0
2011-04-22 06:34:21-04:00,10.0
2011-04-22 06:34:24-04:00,10.0
2011-04-22 06:34:27-04:00,10.0
2011-04-22 06:34:30-04:00,10.0
2011-04-22 06:34:33-04:00,10.0
2011-04-22 06:34:36-04:00,10.0
2011-04-22 06:34:39-04:00,10.0
2011-04-22 06:34:42-04:00,10.0
2011-04-22 06:34:45-04:00,10.0
2011-04-22 06:34:48-04:00,10.0
2011-04-22 06:34:51-04:00,41.333333333333336
2011-04-22 06:34:54-04:00,90.33333333333333
2011-04-22 06:34:57-04:00,62.75
2011-04-22 06:35:00-04:00,62.0
2011-04-22 06:35:03-04:00,62.0
2011-04-22 06:35:06-04:00,62.75
2011-04-22 06:35:09-04:00,63.666666666666664
2011-04-22 06:35:12-04:00,64.0
2011-04-22 06:35:15-04:00,64.33333333333333
2011-04-22 06:35:18-04:00,65.0
2011-04-22 06:35:21-04:00,65.0
2011-04-22 06:35:24-04:00,66.0
2011-04-22 06:35:27-04:00,66.0
2011-04-22 06:35:30-04:00,66.44444444444444
2011-04-22 06:35:33-04:00,67.11111111111111
2011-04-22 06:35:36-04:00,67.77777777777777
2011-04-22 06:35:39-04:00,68.66666666666667
2011-04-22 06:35:42-04:00,69.0
2011-04-22 06:35:45-04:00,69.33333333333333
2011-04-22 06:35:48-04:00,70.0
2011-04-22 06:35:51-04:00,70.0
2011-04-22 06:35:54-04:00,70.0
2011-04-22 06:35:57-04:00,70.75
2011-04-22 06:36:00-04:00,71.0
2011-04-22 06:36:03-04:00,71.0
2011-04-22 06:36:06-04:00,71.0
2011-04-22 06:36:09-04:00,71.0
2011-04-22 06:36:12-04:00,71.0
2011-04-22 06:36:15-04:00,71.0
2011-04-22 06:36:18-04:00,71.0
2011-04-22 06:36:21-04:00,71.0
2011-04-22 06:36:24-04:00,71.0
2011-04-22 06:36:27-04:00,71.0
2011-04-22 06:36:30-04:00,71.0
2011-04-22 06:36:33-04:00,71.0
2011-04-22 06:36:36-04:00,71.0
2011-04-22 06:36:39-04:00,71.0
2011-04-22 06:36:42-04:00,71.0
2011-04-22 06:36:45-04:00,71.0
2011-04-22 06:36:48-04:00,71.0
2011-04-22 06:36:51-04:00,71.0
2011-04-22 06:36:54-04:00,71.0
2011-04-22 06:36:57-04:00,71.0
2011-04-22 06:37:00-04:00,71.0
2011-04-22 06:37:03-04:00,71.0
2011-04-22 06:37:06-04:00,71.0
2011-04-22 06:37:09-04:00,56.0
2011-04-22 06:37:12-04:00,11.0
2011-04-22 06:37:15-04:00,11.0
2011-04-22 06:37:18-04:00,11.0
2011-04-22 06:37:21-04:00,11.0
2011-04-22 06:37:24-04:00,11.0
2011-04-22 06:37:27-04:00,11.0
2011-04-22 06:37:30-04:00,11.0
2011-04-22 06:37:33-04:00,11.0
2011-04-22 06:37:36-04:00,11.0
2011-04-22 06:37:39-04:00,11.0
2011-04-22 06:37:42-04:00,11.0
2011-04-22 06:37:45-04:00,11.0
2011-04-22 06:37:48-04:00,11.0
2011-04-22 06:37:51-04:00,11.0
2011-04-22 06:37:54-04:00,11.0
2011-04-22 06:37:57-04:00,12.5
2011-04-22 06:38:00-04:00,13.0
2011-04-22 06:38:03-04:00,13.0
2011-04-22 06:38:06-04:00,13.0
2011-04-22 06:38:09-04:00,13.25
2011-04-22 06:38:12-04:00,14.0
2011-04-22 06:38:15-04:00,14.0
2011-04-22 06:38:18-04:00,14.0
2011-04-22 06:38:21-04:00,14.0
2011-04-22 06:38:24-04:00,14.0
2011-04-22 06:38:27-04:00,14.0
2011-04-22 06:38:30-04:00,14.0
2011-04-22 06:38:33-04:00,14.0
2011-04-22 06:38:36-04:00,14.0
2011-04-22 06:38:39-04:00,14.0
2011-04-22 06:38:42-04:00,13.666666666666666
2011-04-22 06:38:45-04:00,13.333333333333334
2011-04-22 06:38:48-04:00,13.75
2011-04-22 06:38:51-04:00,13.0
2011-04-22 06:38:54-04:00,14.0
2011-04-22 06:38:57-04:00,14.0
2011-04-22 06:39:00-04:00,14.0
2011-04-22 06:39:03-04:00,13.333333333333334
2011-04-22 06:39:06-04:00,13.0
2011-04-22 06:39:09-04:00,13.0
2011-04-22 06:39:12-04:00,13.25
2011-04-22 06:39:15-04:00,14.0
2011-04-22 06:39:18-04:00,14.0
2011-04-22 06:39:21-04:00,13.0
2011-04-22 06:39:24-04:00,13.75
2011-04-22 06:39:27-04:00,13.333333333333334
2011-04-22 06:39:30-04:00,13.222222222222221
2011-04-22 06:39:33-04:00,13.555555555555555
2011-04-22 06:39:36-04:00,13.88888888888889
2011-04-22 06:39:39-04:00,14.0
2011-04-22 06:39:42-04:00,13.333333333333334
2011-04-22 06:39:45-04:00,13.0
2011-04-22 06:39:48-04:00,13.0
2011-04-22 06:39:51-04:00,13.0
2011-04-22 06:39:54-04:00,13.0
2011-04-22 06:39:57-04:00,13.0
2011-04-22 06:40:00-04:00,13.0
2011-04-22 06:40:03-04:00,13.0
2011-04-22 06:40:06-04:00,13.0
2011-04-22 06:40:09-04:00,13.0
2011-04-22 06:40:12-04:00,13.0
2011-04-22 06:40:15-04:00,13.0
2011-04-22 06:40:18-04:00,13.0
2011-04-22 06:40:21-04:00,13.0
2011-04-22 06:40:24-04:00,13.0
2011-04-22 06:40:27-04:00,13.0
2011-04-22 06:40:30-04:00,13.0
2011-04-22 06:40:33-04:00,13.0
2011-04-22 06:40:36-04:00,13.0
2011-04-22 06:40:39-04:00,13.0
2011-04-22 06:40:42-04:00,13.0
2011-04-22 06:40:45-04:00,13.0
2011-04-22 06:40:48-04:00,13.0
2011-04-22 06:40:51-04:00,13.333333333333334
2011-04-22 06:40:54-04:00,13.75
2011-04-22 06:40:57-04:00,13.0
2011-04-22 06:41:00-04:00,14.0
2011-04-22 06:41:03-04:00,14.0
2011-04-22 06:41:06-04:00,13.333333333333334
2011-04-22 06:41:09-04:00,13.0
2011-04-22 06:41:12-04:00,13.0
2011-04-22 06:41:15-04:00,13.0
2011-04-22 06:41:18-04:00,13.0
2011-04-22 06:41:21-04:00,14.0
2011-04-22 06:41:24-04:00,13.0
2011-04-22 06:41:27-04:00,13.0
2011-04-22 06:41:30-04:00,13.0
2011-04-22 06:41:33-04:00,13.0
2011-04-22 06:41:36-04:00,13.0
2011-04-22 06:41:39-04:00,13.0
2011-04-22 06:41:42-04:00,13.0
2011-04-22 06:41:45-04:00,13.0
2011-04-22 06:41:48-04:00,13.0
2011-04-22 06:41:51-04:00,13.25
2011-04-22 06:41:54-04:00,14.0
2011-04-22 06:41:57-04:00,13.0
2011-04-22 06:42:00-04:00,13.75
2011-04-22 06:42:03-04:00,13.333333333333334
2011-04-22 06:42:06-04:00,13.0
2011-04-22 06:42:09-04:00,13.5
2011-04-22 06:42:12-04:00,13.666666666666666
2011-04-22 06:42:15-04:00,13.25
2011-04-22 06:42:18-04:00,14.0
2011-04-22 06:42:21-04:00,13.0
2011-04-22 06:42:24-04:00,13.0
2011-04-22 06:42:27-04:00,13.0
2011-04-22 06:42:30-04:00,13.0
2011-04-22 06:42:33-04:00,13.0
2011-04-22 06:42:36-04:00,13.0
2011-04-22 06:42:39-04:00,13.0
2011-04-22 06:42:42-04:00,13.0
2011-04-22 06:42:45-04:00,13.0
2011-04-22 06:42:48-04:00,13.0
2011-04-22 06:42:51-04:00,13.0
2011-04-22 06:42:54-04:00,13.0
2011-04-22 06:42:57-04:00,13.0
2011-04-22 06:43:00-04:00,13.0
2011-04-22 06:43:03-04:00,13.0
2011-04-22 06:43:06-04:00,13.0
2011-04-22 06:43:09-04:00,13.0
2011-04-22 06:43:12-04:00,13.0
2011-04-22 06:43:15-04:00,13.0
2011-04-22 06:43:18-04:00,13.0
2011-04-22 06:43:21-04:00,13.0
2011-04-22 06:43:24-04:00,13.0
2011-04-22 06:43:27-04:00,13.0
2011-04-22 06:43:30-04:00,13.0
2011-04-22 06:43:33-04:00,13.0
2011-04-22 06:43:36-04:00,13.0
2011-04-22 06:43:39-04:00,13.0
2011-04-22 06:43:42-04:00,13.0
2011-04-22 06:43:45-04:00,13.0
2011-04-22 06:43:48-04:00,13.0
2011-04-22 06:43:51-04:00,13.0
2011-04-22 06:43:54-04:00,13.0
2011-04-22 06:43:57-04:00,13.0
2011-04-22 06:44:00-04:00,13.0
2011-04-22 06:44:03-04:00,13.0
2011-04-22 06:44:06-04:00,13.0
2011-04-22 06:44:09-04:00,13.0
2011-04-22 06:44:12-04:00,13.0
2011-04-22 06:44:15-04:00,13.0
2011-04-22 06:44:18-04:00,13.0
2011-04-22 06:44:21-04:00,13.0
2011-04-22 06:44:24-04:00,13.0
2011-04-22 06:44:27-04:00,13.0
2011-04-22 06:44:30-04:00,13.0
2011-04-22 06:44:33-04:00,13.0
2011-04-22 06:44:36-04:00,13.0
2011-04-22 06:44:39-04:00,13.0
2011-04-22 06:44:42-04:00,13.0
2011-04-22 06:44:45-04:00,13.0
2011-04-22 06:44:48-04:00,13.0
2011-04-22 06:44:51-04:00,13.0
2011-04-22 06:44:54-04:00,13.0
2011-04-22 06:44:57-04:00,13.0
2011-04-22 06:45:00-04:00,13.0
2011-04-22 06:45:03-04:00,13.0
2011-04-22 06:45:06-04:00,13.0
2011-04-22 06:45:09-04:00,13.0
2011-04-22 06:45:12-04:00,13.0
2011-04-22 06:45:15-04:00,13.0
2011-04-22 06:45:18-04:00,13.0
2011-04-22 06:45:21-04:00,13.0
2011-04-22 06:45:24-04:00,13.0
2011-04-22 06:45:27-04:00,13.0
2011-04-22 06:45:30-04:00,13.0
2011-04-22 06:45:33-04:00,13.0
2011-04-22 06:45:36-04:00,13.0
2011-04-22 06:45:39-04:00,13.0
2011-04-22 06:45:42-04:00,13.0
2011-04-22 06:45:45-04:00,13.0
2011-04-22 06:45:48-04:00,13.0
2011-04-22 06:45:51-04:00,13.0
2011-04-22 06:45:54-04:00,13.0
2011-04-22 06:45:57-04:00,13.0
2011-04-22 06:46:00-04:00,13.0
2011-04-22 06:46:03-04:00,13.0
2011-04-22 06:46:06-04:00,13.0
2011-04-22 06:46:09-04:00,13.0
2011-04-22 06:46:12-04:00,13.0
2011-04-22 06:46:15-04:00,13.0
2011-04-22 06:46:18-04:00,13.0
2011-04-22 06:46:21-04:00,13.0
2011-04-22 06:46:24-04:00,13.0
2011-04-22 06:46:27-04:00,13.0
2011-04-22 06:46:30-04:00,13.0
2011-04-22 06:46:33-04:00,13.0
2011-04-22 06:46:36-04:00,13.0
2011-04-22 06:46:39-04:00,13.0
2011-04-22 06:46:42-04:00,13.0
2011-04-22 06:46:45-04:00,13.0
2011-04-22 06:46:48-04:00,13.0
2011-04-22 06:46:51-04:00,13.25
2011-04-22 06:46:54-04:00,14.0
2011-04-22 06:46:57-04:00,13.0
2011-04-22 06:47:00-04:00,13.0
2011-04-22 06:47:03-04:00,13.0
2011-04-22 06:47:06-04:00,13.0
2011-04-22 06:47:09-04:00,13.0
2011-04-22 06:47:12-04:00,13.0
2011-04-22 06:47:15-04:00,13.0
2011-04-22 06:47:18-04:00,13.0
2011-04-22 06:47:21-04:00,13.0
2011-04-22 06:47:24-04:00,13.0
2011-04-22 06:47:27-04:00,13.0
2011-04-22 06:47:30-04:00,13.0
2011-04-22 06:47:33-04:00,13.0
2011-04-22 06:47:36-04:00,13.0
2011-04-22 06:47:39-04:00,13.0
2011-04-22 06:47:42-04:00,13.0
2011-04-22 06:47:45-04:00,13.0
2011-04-22 06:47:48-04:00,13.0
2011-04-22 06:47:51-04:00,13.0
2011-04-22 06:47:54-04:00,13.0
2011-04-22 06:47:57-04:00,13.0
2011-04-22 06:48:00-04:00,13.0
2011-04-22 06:48:03-04:00,13.0
2011-04-22 06:48:06-04:00,13.0
2011-04-22 06:48:09-04:00,13.0
2011-04-22 06:48:12-04:00,13.0
2011-04-22 06:48:15-04:00,13.0
2011-04-22 06:48:18-04:00,13.0
2011-04-22 06:48:21-04:00,13.0
2011-04-22 06:48:24-04:00,13.0
2011-04-22 06:48:27-04:00,13.0
2011-04-22 06:48:30-04:00,13.0
2011-04-22 06:48:33-04:00,13.0
2011-04-22 06:48:36-04:00,13.0
2011-04-22 06:48:39-04:00,13.0
2011-04-22 06:48:42-04:00,13.0
2011-04-22 06:48:45-04:00,13.25
2011-04-22 06:48:48-04:00,14.0
2011-04-22 06:48:51-04:00,13.0
2011-04-22 06:48:54-04:00,13.0
2011-04-22 06:48:57-04:00,13.75
2011-04-22 06:49:00-04:00,13.333333333333334
2011-04-22 06:49:03-04:00,13.0
2011-04-22 06:49:06-04:00,13.0
2011-04-22 06:49:09-04:00,13.0
2011-04-22 06:49:12-04:00,13.0
2011-04-22 06:49:15-04:00,13.0
2011-04-22 06:49:18-04:00,13.0
2011-04-22 06:49:21-04:00,13.0
2011-04-22 06:49:24-04:00,13.0
2011-04-22 06:49:27-04:00,13.0
2011-04-22 06:49:30-04:00,13.0
2011-04-22 06:49:33-04:00,13.0
2011-04-22 06:49:36-04:00,13.0
2011-04-22 06:49:39-04:00,14.0
2011-04-22 06:49:42-04:00,14.0
2011-04-22 06:49:45-04:00,14.0
2011-04-22 06:49:48-04:00,13.5
2011-04-22 06:49:51-04:00,13.0
2011-04-22 06:49:54-04:00,13.25
2011-04-22 06:49:57-04:00,14.0
2011-04-22 06:50:00-04:00,14.0
2011-04-22 06:50:03-04:00,14.0
2011-04-22 06:50:06-04:00,14.0
2011-04-22 06:50:09-04:00,13.666666666666666
2011-04-22 06:50:12-04:00,13.25
2011-04-22 06:50:15-04:00,14.0
2011-04-22 06:50:18-04:00,13.25
2011-04-22 06:50:21-04:00,13.0
2011-04-22 06:50:24-04:00,13.0
2011-04-22 06:50:27-04:00,13.11111111111111
2011-04-22 06:50:30-04:00,13.444444444444445
2011-04-22 06:50:33-04:00,13.777777777777779
2011-04-22 06:50:36-04:00,13.75
2011-04-22 06:50:39-04:00,13.0
2011-04-22 06:50:42-04:00,14.0
2011-04-22 06:50:45-04:00,13.0
2011-04-22 06:50:48-04:00,13.75
2011-04-22 06:50:51-04:00,13.333333333333334
2011-04-22 06:50:54-04:00,13.5
2011-04-22 06:50:57-04:00,13.666666666666666
2011-04-22 06:51:00-04:00,13.0
2011-04-22 06:51:03-04:00,13.0
2011-04-22 06:51:06-04:00,14.0
2011-04-22 06:51:09-04:00,13.25
2011-04-22 06:51:12-04:00,13.666666666666666
2011-04-22 06:51:15-04:00,13.5
2011-04-22 06:51:18-04:00,13.333333333333334
2011-04-22 06:51:21-04:00,13.75
2011-04-22 06:51:24-04:00,13.0
2011-04-22 06:51:27-04:00,13.0
2011-04-22 06:51:30-04:00,13.0
2011-04-22 06:51:33-04:00,13.0
2011-04-22 06:51:36-04:00,13.0
2011-04-22 06:51:39-04:00,14.0
2011-04-22 06:51:42-04:00,14.0
2011-04-22 06:51:45-04:00,13.333333333333334
2011-04-22 06:51:48-04:00,13.0
2011-04-22 06:51:51-04:00,13.333333333333334
2011-04-22 06:51:54-04:00,13.666666666666666
2011-04-22 06:51:57-04:00,13.0
2011-04-22 06:52:00-04:00,13.0
2011-04-22 06:52:03-04:00,13.0
2011-04-22 06:52:06-04:00,13.75
2011-04-22 06:52:09-04:00,13.333333333333334
2011-04-22 06:52:12-04:00,13.0
2011-04-22 06:52:15-04:00,13.0
2011-04-22 06:52:18-04:00,13.0
2011-04-22 06:52:21-04:00,13.75
2011-04-22 06:52:24-04:00,13.333333333333334
2011-04-22 06:52:27-04:00,13.0
2011-04-22 06:52:30-04:00,13.0
2011-04-22 06:52:33-04:00,13.0
2011-04-22 06:52:36-04:00,13.0
2011-04-22 06:52:39-04:00,13.0
2011-04-22 06:52:42-04:00,13.0
2011-04-22 06:52:45-04:00,13.0
2011-04-22 06:52:48-04:00,13.0
2011-04-22 06:52:51-04:00,13.0
2011-04-22 06:52:54-04:00,13.0
2011-04-22 06:52:57-04:00,13.0
2011-04-22 06:53:00-04:00,13.0
2011-04-22 06:53:03-04:00,13.0
2011-04-22 06:53:06-04:00,13.0
2011-04-22 06:53:09-04:00,13.0
2011-04-22 06:53:12-04:00,13.0
2011-04-22 06:53:15-04:00,13.333333333333334
2011-04-22 06:53:18-04:00,13.75
2011-04-22 06:53:21-04:00,13.0
2011-04-22 06:53:24-04:00,13.0
2011-04-22 06:53:27-04:00,13.0
2011-04-22 06:53:30-04:00,13.0
2011-04-22 06:53:33-04:00,13.0
2011-04-22 06:53:36-04:00,13.0
2011-04-22 06:53:39-04:00,13.5
2011-04-22 06:53:42-04:00,13.666666666666666
2011-04-22 06:53:45-04:00,13.0
2011-04-22 06:53:48-04:00,13.0
2011-04-22 06:53:51-04:00,13.0
2011-04-22 06:53:54-04:00,13.0
2011-04-22 06:53:57-04:00,13.0
2011-04-22 06:54:00-04:00,13.0
2011-04-22 06:54:03-04:00,13.0
2011-04-22 06:54:06-04:00,13.0
2011-04-22 06:54:09-04:00,13.0
2011-04-22 06:54:12-04:00,13.0
2011-04-22 06:54:15-04:00,13.0
2011-04-22 06:54:18-04:00,13.0
2011-04-22 06:54:21-04:00,13.0
2011-04-22 06:54:24-04:00,13.0
2011-04-22 06:54:27-04:00,13.0
2011-04-22 06:54:30-04:00,13.0
2011-04-22 06:54:33-04:00,13.0
2011-04-22 06:54:36-04:00,13.0
2011-04-22 06:54:39-04:00,13.0
2011-04-22 06:54:42-04:00,13.0
2011-04-22 06:54:45-04:00,13.0
2011-04-22 06:54:48-04:00,13.0
2011-04-22 06:54:51-04:00,13.0
2011-04-22 06:54:54-04:00,13.0
2011-04-22 06:54:57-04:00,13.0
2011-04-22 06:55:00-04:00,13.0
2011-04-22 06:55:03-04:00,13.0
2011-04-22 06:55:06-04:00,13.0
2011-04-22 06:55:09-04:00,13.0
2011-04-22 06:55:12-04:00,13.0
2011-04-22 06:55:15-04:00,13.0
2011-04-22 06:55:18-04:00,13.0
2011-04-22 06:55:21-04:00,13.0
2011-04-22 06:55:24-04:00,13.0
2011-04-22 06:55:27-04:00,13.0
2011-04-22 06:55:30-04:00,13.0
2011-04-22 06:55:33-04:00,13.0
2011-04-22 06:55:36-04:00,13.0
2011-04-22 06:55:39-04:00,13.0
2011-04-22 06:55:42-04:00,13.0
2011-04-22 06:55:45-04:00,13.0
2011-04-22 06:55:48-04:00,13.0
2011-04-22 06:55:51-04:00,13.0
2011-04-22 06:55:54-04:00,13.0
2011-04-22 06:55:57-04:00,13.0
2011-04-22 06:56:00-04:00,13.0
2011-04-22 06:56:03-04:00,13.0
2011-04-22 06:56:06-04:00,13.0
2011-04-22 06:56:09-04:00,13.0
2011-04-22 06:56:12-04:00,13.0
2011-04-22 06:56:15-04:00,13.0
2011-04-22 06:56:18-04:00,13.0
2011-04-22 06:56:21-04:00,13.0
2011-04-22 06:56:24-04:00,13.0
2011-04-22 06:56:27-04:00,13.0
2011-04-22 06:56:30-04:00,13.0
2011-04-22 06:56:33-04:00,13.0
2011-04-22 06:56:36-04:00,13.0
2011-04-22 06:56:39-04:00,13.0
2011-04-22 06:56:42-04:00,13.0
2011-04-22 06:56:45-04:00,13.0
2011-04-22 06:56:48-04:00,13.0
2011-04-22 06:56:51-04:00,13.0
2011-04-22 06:56:54-04:00,13.0
2011-04-22 06:56:57-04:00,13.0
2011-04-22 06:57:00-04:00,13.0
2011-04-22 06:57:03-04:00,13.0
2011-04-22 06:57:06-04:00,13.0
2011-04-22 06:57:09-04:00,13.0
2011-04-22 06:57:12-04:00,13.0
2011-04-22 06:57:15-04:00,13.0
2011-04-22 06:57:18-04:00,13.0
2011-04-22 06:57:21-04:00,13.0
2011-04-22 06:57:24-04:00,13.0
2011-04-22 06:57:27-04:00,13.0
2011-04-22 06:57:30-04:00,13.0
2011-04-22 06:57:33-04:00,13.0
2011-04-22 06:57:36-04:00,13.0
2011-04-22 06:57:39-04:00,13.0
2011-04-22 06:57:42-04:00,13.0
2011-04-22 06:57:45-04:00,13.0
2011-04-22 06:57:48-04:00,13.0
2011-04-22 06:57:51-04:00,13.0
2011-04-22 06:57:54-04:00,13.0
2011-04-22 06:57:57-04:00,13.0
2011-04-22 06:58:00-04:00,13.0
2011-04-22 06:58:03-04:00,13.0
2011-04-22 06:58:06-04:00,13.0
2011-04-22 06:58:09-04:00,13.0
2011-04-22 06:58:12-04:00,13.0
2011-04-22 06:58:15-04:00,13.0
2011-04-22 06:58:18-04:00,13.0
2011-04-22 06:58:21-04:00,13.0
2011-04-22 06:58:24-04:00,13.0
2011-04-22 06:58:27-04:00,13.0
2011-04-22 06:58:30-04:00,13.0
2011-04-22 06:58:33-04:00,13.0
2011-04-22 06:58:36-04:00,13.0
2011-04-22 06:58:39-04:00,13.0
2011-04-22 06:58:42-04:00,13.0
2011-04-22 06:58:45-04:00,13.0
2011-04-22 06:58:48-04:00,13.0
2011-04-22 06:58:51-04:00,13.0
2011-04-22 06:58:54-04:00,13.0
2011-04-22 06:58:57-04:00,13.0
2011-04-22 06:59:00-04:00,13.0
2011-04-22 06:59:03-04:00,13.0
2011-04-22 06:59:06-04:00,13.0
2011-04-22 06:59:09-04:00,13.0
2011-04-22 06:59:12-04:00,13.0
2011-04-22 06:59:15-04:00,13.0
2011-04-22 06:59:18-04:00,13.0
2011-04-22 06:59:21-04:00,13.0
2011-04-22 06:59:24-04:00,13.0
2011-04-22 06:59:27-04:00,13.0
2011-04-22 06:59:30-04:00,13.0
2011-04-22 06:59:33-04:00,13.0
2011-04-22 06:59:36-04:00,13.0
2011-04-22 06:59:39-04:00,13.0
2011-04-22 06:59:42-04:00,13.0
2011-04-22 06:59:45-04:00,13.0
2011-04-22 06:59:48-04:00,13.0
2011-04-22 06:59:51-04:00,13.0
2011-04-22 06:59:54-04:00,13.0
2011-04-22 06:59:57-04:00,13.0
2011-04-22 07:00:00-04:00,13.0
2011-04-22 07:00:03-04:00,13.0
2011-04-22 07:00:06-04:00,13.0
2011-04-22 07:00:09-04:00,13.0
2011-04-22 07:00:12-04:00,13.0
2011-04-22 07:00:15-04:00,13.0
2011-04-22 07:00:18-04:00,13.0
2011-04-22 07:00:21-04:00,13.0
2011-04-22 07:00:24-04:00,13.0
2011-04-22 07:00:27-04:00,13.0
2011-04-22 07:00:30-04:00,13.0
2011-04-22 07:00:33-04:00,13.0
2011-04-22 07:00:36-04:00,13.0
2011-04-22 07:00:39-04:00,13.0
2011-04-22 07:00:42-04:00,13.0
2011-04-22 07:00:45-04:00,13.0
2011-04-22 07:00:48-04:00,13.0
2011-04-22 07:00:51-04:00,13.0
2011-04-22 07:00:54-04:00,13.0
2011-04-22 07:00:57-04:00,13.0
2011-04-22 07:01:00-04:00,13.0
2011-04-22 07:01:03-04:00,13.0
2011-04-22 07:01:06-04:00,13.0
2011-04-22 07:01:09-04:00,13.0
2011-04-22 07:01:12-04:00,13.0
2011-04-22 07:01:15-04:00,13.0
2011-04-22 07:01:18-04:00,13.0
2011-04-22 07:01:21-04:00,13.0
2011-04-22 07:01:24-04:00,13.0
2011-04-22 07:01:27-04:00,13.0
2011-04-22 07:01:30-04:00,13.0
2011-04-22 07:01:33-04:00,13.0
2011-04-22 07:01:36-04:00,13.0
2011-04-22 07:01:39-04:00,13.0
2011-04-22 07:01:42-04:00,13.0
2011-04-22 07:01:45-04:00,13.0
2011-04-22 07:01:48-04:00,13.0
2011-04-22 07:01:51-04:00,13.0
2011-04-22 07:01:54-04:00,13.0
2011-04-22 07:01:57-04:00,13.0
2011-04-22 07:02:00-04:00,13.0
2011-04-22 07:02:03-04:00,13.0
2011-04-22 07:02:06-04:00,13.0
2011-04-22 07:02:09-04:00,13.0
2011-04-22 07:02:12-04:00,13.0
2011-04-22 07:02:15-04:00,13.0
2011-04-22 07:02:18-04:00,13.0
2011-04-22 07:02:21-04:00,13.0
2011-04-22 07:02:24-04:00,13.0
2011-04-22 07:02:27-04:00,13.0
2011-04-22 07:02:30-04:00,13.0
2011-04-22 07:02:33-04:00,13.0
2011-04-22 07:02:36-04:00,13.0
2011-04-22 07:02:39-04:00,13.0
2011-04-22 07:02:42-04:00,13.0
2011-04-22 07:02:45-04:00,13.0
2011-04-22 07:02:48-04:00,13.0
2011-04-22 07:02:51-04:00,13.0
2011-04-22 07:02:54-04:00,13.0
2011-04-22 07:02:57-04:00,13.0
2011-04-22 07:03:00-04:00,13.0
2011-04-22 07:03:03-04:00,13.0
2011-04-22 07:03:06-04:00,13.0
2011-04-22 07:03:09-04:00,13.0
2011-04-22 07:03:12-04:00,13.0
2011-04-22 07:03:15-04:00,13.0
2011-04-22 07:03:18-04:00,13.0
2011-04-22 07:03:21-04:00,13.0
2011-04-22 07:03:24-04:00,13.0
2011-04-22 07:03:27-04:00,13.0
2011-04-22 07:03:30-04:00,13.0
2011-04-22 07:03:33-04:00,13.0
2011-04-22 07:03:36-04:00,13.0
2011-04-22 07:03:39-04:00,13.0
2011-04-22 07:03:42-04:00,13.0
2011-04-22 07:03:45-04:00,13.0
2011-04-22 07:03:48-04:00,13.0
2011-04-22 07:03:51-04:00,13.0
2011-04-22 07:03:54-04:00,13.0
2011-04-22 07:03:57-04:00,13.0
2011-04-22 07:04:00-04:00,13.0
2011-04-22 07:04:03-04:00,13.0
2011-04-22 07:04:06-04:00,13.0
2011-04-22 07:04:09-04:00,13.0
2011-04-22 07:04:12-04:00,13.0
2011-04-22 07:04:15-04:00,13.0
2011-04-22 07:04:18-04:00,13.0
2011-04-22 07:04:21-04:00,13.0
2011-04-22 07:04:24-04:00,13.0
2011-04-22 07:04:27-04:00,13.0
2011-04-22 07:04:30-04:00,13.0
2011-04-22 07:04:33-04:00,13.0
2011-04-22 07:04:36-04:00,13.0
2011-04-22 07:04:39-04:00,13.0
2011-04-22 07:04:42-04:00,13.0
2011-04-22 07:04:45-04:00,13.0
2011-04-22 07:04:48-04:00,13.0
2011-04-22 07:04:51-04:00,13.0
2011-04-22 07:04:54-04:00,13.0
2011-04-22 07:04:57-04:00,13.0
2011-04-22 07:05:00-04:00,13.0
2011-04-22 07:05:03-04:00,13.0
2011-04-22 07:05:06-04:00,13.0
2011-04-22 07:05:09-04:00,13.0
2011-04-22 07:05:12-04:00,13.0
2011-04-22 07:05:15-04:00,13.0
2011-04-22 07:05:18-04:00,13.0
2011-04-22 07:05:21-04:00,13.0
2011-04-22 07:05:24-04:00,13.0
2011-04-22 07:05:27-04:00,13.0
2011-04-22 07:05:30-04:00,13.0
2011-04-22 07:05:33-04:00,13.0
2011-04-22 07:05:36-04:00,13.0
2011-04-22 07:05:39-04:00,13.0
2011-04-22 07:05:42-04:00,13.0
2011-04-22 07:05:45-04:00,13.0
2011-04-22 07:05:48-04:00,13.0
2011-04-22 07:05:51-04:00,13.0
2011-04-22 07:05:54-04:00,13.0
2011-04-22 07:05:57-04:00,13.0
2011-04-22 07:06:00-04:00,13.0
2011-04-22 07:06:03-04:00,13.0
2011-04-22 07:06:06-04:00,13.0
2011-04-22 07:06:09-04:00,13.0
2011-04-22 07:06:12-04:00,13.0
2011-04-22 07:06:15-04:00,13.0
2011-04-22 07:06:18-04:00,13.0
2011-04-22 07:06:21-04:00,13.0
2011-04-22 07:06:24-04:00,13.0
2011-04-22 07:06:27-04:00,13.0
2011-04-22 07:06:30-04:00,13.0
2011-04-22 07:06:33-04:00,13.0
2011-04-22 07:06:36-04:00,13.0
2011-04-22 07:06:39-04:00,13.0
2011-04-22 07:06:42-04:00,13.0
2011-04-22 07:06:45-04:00,13.0
2011-04-22 07:06:48-04:00,13.0
2011-04-22 07:06:51-04:00,13.0
2011-04-22 07:06:54-04:00,13.0
2011-04-22 07:06:57-04:00,13.0
2011-04-22 07:07:00-04:00,13.0
2011-04-22 07:07:03-04:00,13.0
2011-04-22 07:07:06-04:00,13.0
2011-04-22 07:07:09-04:00,13.0
2011-04-22 07:07:12-04:00,13.0
2011-04-22 07:07:15-04:00,13.0
2011-04-22 07:07:18-04:00,13.0
2011-04-22 07:07:21-04:00,13.0
2011-04-22 07:07:24-04:00,13.0
2011-04-22 07:07:27-04:00,13.0
2011-04-22 07:07:30-04:00,13.0
2011-04-22 07:07:33-04:00,13.0
2011-04-22 07:07:36-04:00,13.0
2011-04-22 07:07:39-04:00,13.0
2011-04-22 07:07:42-04:00,13.0
2011-04-22 07:07:45-04:00,13.0
2011-04-22 07:07:48-04:00,13.0
2011-04-22 07:07:51-04:00,13.0
2011-04-22 07:07:54-04:00,13.0
2011-04-22 07:07:57-04:00,13.0
2011-04-22 07:08:00-04:00,13.0
2011-04-22 07:08:03-04:00,13.0
2011-04-22 07:08:06-04:00,13.0
2011-04-22 07:08:09-04:00,13.0
2011-04-22 07:08:12-04:00,13.0
2011-04-22 07:08:15-04:00,13.0
2011-04-22 07:08:18-04:00,13.0
2011-04-22 07:08:21-04:00,13.0
2011-04-22 07:08:24-04:00,13.0
2011-04-22 07:08:27-04:00,13.0
2011-04-22 07:08:30-04:00,12.333333333333334
2011-04-22 07:08:33-04:00,11.333333333333334
2011-04-22 07:08:36-04:00,10.333333333333334
2011-04-22 07:08:39-04:00,10.0
2011-04-22 07:08:42-04:00,10.0
2011-04-22 07:08:45-04:00,10.0
2011-04-22 07:08:48-04:00,10.0
2011-04-22 07:08:51-04:00,10.0
2011-04-22 07:08:54-04:00,10.0
2011-04-22 07:08:57-04:00,10.0
2011-04-22 07:09:00-04:00,10.0
2011-04-22 07:09:03-04:00,10.0
2011-04-22 07:09:06-04:00,10.0
2011-04-22 07:09:09-04:00,10.0
2011-04-22 07:09:12-04:00,10.0
2011-04-22 07:09:15-04:00,10.0
2011-04-22 07:09:18-04:00,10.0
2011-04-22 07:09:21-04:00,10.0
2011-04-22 07:09:24-04:00,10.0
2011-04-22 07:09:27-04:00,10.0
2011-04-22 07:09:30-04:00,10.0
2011-04-22 07:09:33-04:00,10.0
2011-04-22 07:09:36-04:00,10.0
2011-04-22 07:09:39-04:00,10.0
2011-04-22 07:09:42-04:00,10.0
2011-04-22 07:09:45-04:00,10.0
2011-04-22 07:09:48-04:00,10.0
2011-04-22 07:09:51-04:00,10.0
2011-04-22 07:09:54-04:00,10.0
2011-04-22 07:09:57-04:00,10.0
2011-04-22 07:10:00-04:00,10.0
2011-04-22 07:10:03-04:00,10.0
2011-04-22 07:10:06-04:00,10.0
2011-04-22 07:10:09-04:00,10.0
2011-04-22 07:10:12-04:00,10.0
2011-04-22 07:10:15-04:00,10.0
2011-04-22 07:10:18-04:00,10.0
2011-04-22 07:10:21-04:00,10.0
2011-04-22 07:10:24-04:00,10.0
2011-04-22 07:10:27-04:00,10.0
2011-04-22 07:10:30-04:00,10.0
2011-04-22 07:10:33-04:00,10.0
2011-04-22 07:10:36-04:00,10.0
2011-04-22 07:10:39-04:00,10.0
2011-04-22 07:10:42-04:00,10.0
2011-04-22 07:10:45-04:00,10.0
2011-04-22 07:10:48-04:00,10.0
2011-04-22 07:10:51-04:00,10.0
2011-04-22 07:10:54-04:00,10.0
2011-04-22 07:10:57-04:00,10.0
2011-04-22 07:11:00-04:00,10.0
2011-04-22 07:11:03-04:00,10.0
2011-04-22 07:11:06-04:00,10.0
2011-04-22 07:11:09-04:00,10.0
2011-04-22 07:11:12-04:00,10.0
2011-04-22 07:11:15-04:00,9.0
2011-04-22 07:11:18-04:00,9.75
2011-04-22 07:11:21-04:00,10.0
2011-04-22 07:11:24-04:00,10.0
2011-04-22 07:11:27-04:00,10.0
2011-04-22 07:11:30-04:00,10.0
2011-04-22 07:11:33-04:00,10.0
2011-04-22 07:11:36-04:00,9.666666666666666
2011-04-22 07:11:39-04:00,9.25
2011-04-22 07:11:42-04:00,10.0
2011-04-22 07:11:45-04:00,10.0
2011-04-22 07:11:48-04:00,10.0
2011-04-22 07:11:51-04:00,10.0
2011-04-22 07:11:54-04:00,10.0
2011-04-22 07:11:57-04:00,10.0
2011-04-22 07:12:00-04:00,10.0
2011-04-22 07:12:03-04:00,10.0
2011-04-22 07:12:06-04:00,10.0
2011-04-22 07:12:09-04:00,10.0
2011-04-22 07:12:12-04:00,10.0
2011-04-22 07:12:15-04:00,10.0
2011-04-22 07:12:18-04:00,10.0
2011-04-22 07:12:21-04:00,10.0
2011-04-22 07:12:24-04:00,10.0
2011-04-22 07:12:27-04:00,10.0
2011-04-22 07:12:30-04:00,10.0
2011-04-22 07:12:33-04:00,10.0
2011-04-22 07:12:36-04:00,10.0
2011-04-22 07:12:39-04:00,10.0
2011-04-22 07:12:42-04:00,10.0
2011-04-22 07:12:45-04:00,9.25
2011-04-22 07:12:48-04:00,9.666666666666666
2011-04-22 07:12:51-04:00,10.0
2011-04-22 07:12:54-04:00,10.0
2011-04-22 07:12:57-04:00,10.0
2011-04-22 07:13:00-04:00,10.0
2011-04-22 07:13:03-04:00,10.0
2011-04-22 07:13:06-04:00,10.0
2011-04-22 07:13:09-04:00,10.0
2011-04-22 07:13:12-04:00,10.0
2011-04-22 07:13:15-04:00,10.0
2011-04-22 07:13:18-04:00,10.0
2011-04-22 07:13:21-04:00,10.0
2011-04-22 07:13:24-04:00,10.0
2011-04-22 07:13:27-04:00,10.0
2011-04-22 07:13:30-04:00,10.0
2011-04-22 07:13:33-04:00,10.0
2011-04-22 07:13:36-04:00,10.0
2011-04-22 07:13:39-04:00,10.0
2011-04-22 07:13:42-04:00,10.0
2011-04-22 07:13:45-04:00,10.0
2011-04-22 07:13:48-04:00,10.0
2011-04-22 07:13:51-04:00,10.0
2011-04-22 07:13:54-04:00,10.0
2011-04-22 07:13:57-04:00,10.0
2011-04-22 07:14:00-04:00,10.0
2011-04-22 07:14:03-04:00,10.0
2011-04-22 07:14:06-04:00,10.0
2011-04-22 07:14:09-04:00,10.0
2011-04-22 07:14:12-04:00,10.0
2011-04-22 07:14:15-04:00,10.0
2011-04-22 07:14:18-04:00,10.0
2011-04-22 07:14:21-04:00,10.0
2011-04-22 07:14:24-04:00,10.0
2011-04-22 07:14:27-04:00,10.0
2011-04-22 07:14:30-04:00,10.0
2011-04-22 07:14:33-04:00,10.0
2011-04-22 07:14:36-04:00,10.0
2011-04-22 07:14:39-04:00,10.0
2011-04-22 07:14:42-04:00,10.0
2011-04-22 07:14:45-04:00,10.0
2011-04-22 07:14:48-04:00,10.0
2011-04-22 07:14:51-04:00,10.0
2011-04-22 07:14:54-04:00,10.0
2011-04-22 07:14:57-04:00,10.0
2011-04-22 07:15:00-04:00,10.0
2011-04-22 07:15:03-04:00,10.0
2011-04-22 07:15:06-04:00,10.0
2011-04-22 07:15:09-04:00,10.0
2011-04-22 07:15:12-04:00,10.0
2011-04-22 07:15:15-04:00,10.0
2011-04-22 07:15:18-04:00,10.0
2011-04-22 07:15:21-04:00,10.0
2011-04-22 07:15:24-04:00,10.0
2011-04-22 07:15:27-04:00,10.0
2011-04-22 07:15:30-04:00,10.666666666666666
2011-04-22 07:15:33-04:00,11.666666666666666
2011-04-22 07:15:36-04:00,12.666666666666666
2011-04-22 07:15:39-04:00,13.0
2011-04-22 07:15:42-04:00,13.0
2011-04-22 07:15:45-04:00,13.0
2011-04-22 07:15:48-04:00,12.666666666666666
2011-04-22 07:15:51-04:00,12.0
2011-04-22 07:15:54-04:00,12.0
2011-04-22 07:15:57-04:00,13.0
2011-04-22 07:16:00-04:00,13.0
2011-04-22 07:16:03-04:00,12.333333333333334
2011-04-22 07:16:06-04:00,12.0
2011-04-22 07:16:09-04:00,12.333333333333334
2011-04-22 07:16:12-04:00,12.666666666666666
2011-04-22 07:16:15-04:00,12.0
2011-04-22 07:16:18-04:00,12.0
2011-04-22 07:16:21-04:00,13.0
2011-04-22 07:16:24-04:00,13.0
2011-04-22 07:16:27-04:00,12.333333333333334
2011-04-22 07:16:30-04:00,12.222222222222221
2011-04-22 07:16:33-04:00,12.555555555555555
2011-04-22 07:16:36-04:00,12.88888888888889
2011-04-22 07:16:39-04:00,12.333333333333334
2011-04-22 07:16:42-04:00,12.5
2011-04-22 07:16:45-04:00,13.0
2011-04-22 07:16:48-04:00,12.666666666666666
2011-04-22 07:16:51-04:00,12.25
2011-04-22 07:16:54-04:00,13.0
2011-04-22 07:16:57-04:00,12.0
2011-04-22 07:17:00-04:00,12.0
2011-04-22 07:17:03-04:00,12.666666666666666
2011-04-22 07:17:06-04:00,13.0
2011-04-22 07:17:09-04:00,13.0
2011-04-22 07:17:12-04:00,13.0
2011-04-22 07:17:15-04:00,13.0
2011-04-22 07:17:18-04:00,12.0
2011-04-22 07:17:21-04:00,13.0
2011-04-22 07:17:24-04:00,12.25
2011-04-22 07:17:27-04:00,12.666666666666666
2011-04-22 07:17:30-04:00,12.777777777777779
2011-04-22 07:17:33-04:00,12.444444444444445
2011-04-22 07:17:36-04:00,12.11111111111111
2011-04-22 07:17:39-04:00,12.666666666666666
2011-04-22 07:17:42-04:00,12.5
2011-04-22 07:17:45-04:00,12.333333333333334
2011-04-22 07:17:48-04:00,13.0
2011-04-22 07:17:51-04:00,12.75
2011-04-22 07:17:54-04:00,12.0
2011-04-22 07:17:57-04:00,13.0
2011-04-22 07:18:00-04:00,12.25
2011-04-22 07:18:03-04:00,12.666666666666666
2011-04-22 07:18:06-04:00,13.0
2011-04-22 07:18:09-04:00,13.0
2011-04-22 07:18:12-04:00,12.75
2011-04-22 07:18:15-04:00,12.0
2011-04-22 07:18:18-04:00,12.0
2011-04-22 07:18:21-04:00,13.0
2011-04-22 07:18:24-04:00,10.75
2011-04-22 07:18:27-04:00,10.0
2011-04-22 07:18:30-04:00,10.0
2011-04-22 07:18:33-04:00,10.0
2011-04-22 07:18:36-04:00,10.0
2011-04-22 07:18:39-04:00,10.0
2011-04-22 07:18:42-04:00,10.0
2011-04-22 07:18:45-04:00,10.0
2011-04-22 07:18:48-04:00,10.0
2011-04-22 07:18:51-04:00,10.0
2011-04-22 07:18:54-04:00,10.0
2011-04-22 07:18:57-04:00,10.0
2011-04-22 07:19:00-04:00,10.0
2011-04-22 07:19:03-04:00,10.0
2011-04-22 07:19:06-04:00,10.0
2011-04-22 07:19:09-04:00,10.0
2011-04-22 07:19:12-04:00,10.0
2011-04-22 07:19:15-04:00,10.0
2011-04-22 07:19:18-04:00,10.0
2011-04-22 07:19:21-04:00,10.0
2011-04-22 07:19:24-04:00,10.0
2011-04-22 07:19:27-04:00,10.0
2011-04-22 07:19:30-04:00,10.0
2011-04-22 07:19:33-04:00,10.0
2011-04-22 07:19:36-04:00,10.0
2011-04-22 07:19:39-04:00,10.0
2011-04-22 07:19:42-04:00,10.0
2011-04-22 07:19:45-04:00,10.0
2011-04-22 07:19:48-04:00,10.0
2011-04-22 07:19:51-04:00,10.0
2011-04-22 07:19:54-04:00,10.0
2011-04-22 07:19:57-04:00,10.0
2011-04-22 07:20:00-04:00,10.0
2011-04-22 07:20:03-04:00,10.0
2011-04-22 07:20:06-04:00,10.0
2011-04-22 07:20:09-04:00,10.0
2011-04-22 07:20:12-04:00,10.0
2011-04-22 07:20:15-04:00,10.0
2011-04-22 07:20:18-04:00,10.0
2011-04-22 07:20:21-04:00,10.0
2011-04-22 07:20:24-04:00,10.0
2011-04-22 07:20:27-04:00,10.0
2011-04-22 07:20:30-04:00,10.0
2011-04-22 07:20:33-04:00,10.0
2011-04-22 07:20:36-04:00,10.0
2011-04-22 07:20:39-04:00,10.0
2011-04-22 07:20:42-04:00,10.0
2011-04-22 07:20:45-04:00,10.0
2011-04-22 07:20:48-04:00,10.0
2011-04-22 07:20:51-04:00,10.0
2011-04-22 07:20:54-04:00,10.0
2011-04-22 07:20:57-04:00,10.0
2011-04-22 07:21:00-04:00,10.0
2011-04-22 07:21:03-04:00,10.0
2011-04-22 07:21:06-04:00,10.0
2011-04-22 07:21:09-04:00,10.0
2011-04-22 07:21:12-04:00,10.0
2011-04-22 07:21:15-04:00,10.0
2011-04-22 07:21:18-04:00,10.0
2011-04-22 07:21:21-04:00,10.0
2011-04-22 07:21:24-04:00,10.0
2011-04-22 07:21:27-04:00,10.0
2011-04-22 07:21:30-04:00,10.0
2011-04-22 07:21:33-04:00,10.0
2011-04-22 07:21:36-04:00,10.0
2011-04-22 07:21:39-04:00,10.0
2011-04-22 07:21:42-04:00,10.0
2011-04-22 07:21:45-04:00,10.0
2011-04-22 07:21:48-04:00,10.0
2011-04-22 07:21:51-04:00,10.0
2011-04-22 07:21:54-04:00,10.0
2011-04-22 07:21:57-04:00,10.0
2011-04-22 07:22:00-04:00,10.0
2011-04-22 07:22:03-04:00,10.0
2011-04-22 07:22:06-04:00,10.0
2011-04-22 07:22:09-04:00,10.0
2011-04-22 07:22:12-04:00,10.0
2011-04-22 07:22:15-04:00,10.0
2011-04-22 07:22:18-04:00,10.0
2011-04-22 07:22:21-04:00,10.0
2011-04-22 07:22:24-04:00,10.0
2011-04-22 07:22:27-04:00,10.0
2011-04-22 07:22:30-04:00,10.0
2011-04-22 07:22:33-04:00,10.0
2011-04-22 07:22:36-04:00,10.0
2011-04-22 07:22:39-04:00,10.0
2011-04-22 07:22:42-04:00,10.0
2011-04-22 07:22:45-04:00,10.0
2011-04-22 07:22:48-04:00,10.0
2011-04-22 07:22:51-04:00,10.0
2011-04-22 07:22:54-04:00,10.0
2011-04-22 07:22:57-04:00,10.0
2011-04-22 07:23:00-04:00,10.0
2011-04-22 07:23:03-04:00,10.0
2011-04-22 07:23:06-04:00,10.0
2011-04-22 07:23:09-04:00,10.0
2011-04-22 07:23:12-04:00,10.0
2011-04-22 07:23:15-04:00,10.0
2011-04-22 07:23:18-04:00,10.0
2011-04-22 07:23:21-04:00,10.0
2011-04-22 07:23:24-04:00,10.0
2011-04-22 07:23:27-04:00,10.0
2011-04-22 07:23:30-04:00,10.0
2011-04-22 07:23:33-04:00,10.0
2011-04-22 07:23:36-04:00,10.0
2011-04-22 07:23:39-04:00,10.0
2011-04-22 07:23:42-04:00,10.0
2011-04-22 07:23:45-04:00,10.0
2011-04-22 07:23:48-04:00,10.0
2011-04-22 07:23:51-04:00,10.0
2011-04-22 07:23:54-04:00,12.0
2011-04-22 07:23:57-04:00,12.0
2011-04-22 07:24:00-04:00,12.0
2011-04-22 07:24:03-04:00,12.0
2011-04-22 07:24:06-04:00,12.0
2011-04-22 07:24:09-04:00,12.0
2011-04-22 07:24:12-04:00,12.0
2011-04-22 07:24:15-04:00,12.0
2011-04-22 07:24:18-04:00,12.0
2011-04-22 07:24:21-04:00,12.0
2011-04-22 07:24:24-04:00,12.0
2011-04-22 07:24:27-04:00,12.0
2011-04-22 07:24:30-04:00,12.0
2011-04-22 07:24:33-04:00,12.0
2011-04-22 07:24:36-04:00,12.0
2011-04-22 07:24:39-04:00,12.0
2011-04-22 07:24:42-04:00,12.0
2011-04-22 07:24:45-04:00,12.0
2011-04-22 07:24:48-04:00,12.0
2011-04-22 07:24:51-04:00,12.0
2011-04-22 07:24:54-04:00,12.0
2011-04-22 07:24:57-04:00,12.0
2011-04-22 07:25:00-04:00,12.0
2011-04-22 07:25:03-04:00,12.0
2011-04-22 07:25:06-04:00,12.0
2011-04-22 07:25:09-04:00,12.0
2011-04-22 07:25:12-04:00,12.0
2011-04-22 07:25:15-04:00,12.0
2011-04-22 07:25:18-04:00,12.0
2011-04-22 07:25:21-04:00,12.0
2011-04-22 07:25:24-04:00,11.0
2011-04-22 07:25:27-04:00,10.0
2011-04-22 07:25:30-04:00,10.0
2011-04-22 07:25:33-04:00,10.0
2011-04-22 07:25:36-04:00,10.0
2011-04-22 07:25:39-04:00,10.0
2011-04-22 07:25:42-04:00,10.0
2011-04-22 07:25:45-04:00,10.0
2011-04-22 07:25:48-04:00,10.0
2011-04-22 07:25:51-04:00,10.0
2011-04-22 07:25:54-04:00,10.0
2011-04-22 07:25:57-04:00,10.0
2011-04-22 07:26:00-04:00,10.0
2011-04-22 07:26:03-04:00,10.0
2011-04-22 07:26:06-04:00,10.0
2011-04-22 07:26:09-04:00,10.0
2011-04-22 07:26:12-04:00,10.0
2011-04-22 07:26:15-04:00,10.0
2011-04-22 07:26:18-04:00,10.0
2011-04-22 07:26:21-04:00,10.0
2011-04-22 07:26:24-04:00,10.0
2011-04-22 07:26:27-04:00,10.0
2011-04-22 07:26:30-04:00,10.0
2011-04-22 07:26:33-04:00,10.0
2011-04-22 07:26:36-04:00,10.0
2011-04-22 07:26:39-04:00,10.0
2011-04-22 07:26:42-04:00,10.0
2011-04-22 07:26:45-04:00,10.0
2011-04-22 07:26:48-04:00,10.0
2011-04-22 07:26:51-04:00,10.0
2011-04-22 07:26:54-04:00,10.0
2011-04-22 07:26:57-04:00,10.0
2011-04-22 07:27:00-04:00,10.0
2011-04-22 07:27:03-04:00,10.0
2011-04-22 07:27:06-04:00,10.0
2011-04-22 07:27:09-04:00,10.0
2011-04-22 07:27:12-04:00,10.0
2011-04-22 07:27:15-04:00,9.0
2011-04-22 07:27:18-04:00,6.0
2011-04-22 07:27:21-04:00,3.5
2011-04-22 07:27:24-04:00,2.0
2011-04-22 07:27:27-04:00,2.0
2011-04-22 07:27:30-04:00,2.0
2011-04-22 07:27:33-04:00,2.0
2011-04-22 07:27:36-04:00,2.0
2011-04-22 07:27:39-04:00,2.0
2011-04-22 07:27:42-04:00,2.0
2011-04-22 07:27:45-04:00,2.0
2011-04-22 07:27:48-04:00,2.0
2011-04-22 07:27:51-04:00,2.0
2011-04-22 07:27:54-04:00,2.0
2011-04-22 07:27:57-04:00,2.0
2011-04-22 07:28:00-04:00,2.0
2011-04-22 07:28:03-04:00,2.0
2011-04-22 07:28:06-04:00,2.0
2011-04-22 07:28:09-04:00,2.0
2011-04-22 07:28:12-04:00,2.0
2011-04-22 07:28:15-04:00,2.0
2011-04-22 07:28:18-04:00,1.0
2011-04-22 07:28:21-04:00,1.75
2011-04-22 07:28:24-04:00,2.0
2011-04-22 07:28:27-04:00,2.0
2011-04-22 07:28:30-04:00,2.0
2011-04-22 07:28:33-04:00,2.0
2011-04-22 07:28:36-04:00,2.0
2011-04-22 07:28:39-04:00,1.75
2011-04-22 07:28:42-04:00,1.0
2011-04-22 07:28:45-04:00,1.0
2011-04-22 07:28:48-04:00,2.0
2011-04-22 07:28:51-04:00,1.25
2011-04-22 07:28:54-04:00,1.5
2011-04-22 07:28:57-04:00,2.0
2011-04-22 07:29:00-04:00,1.75
2011-04-22 07:29:03-04:00,1.0
2011-04-22 07:29:06-04:00,1.0
2011-04-22 07:29:09-04:00,1.5
2011-04-22 07:29:12-04:00,2.0
2011-04-22 07:29:15-04:00,1.75
2011-04-22 07:29:18-04:00,1.0
2011-04-22 07:29:21-04:00,1.0
2011-04-22 07:29:24-04:00,1.0
2011-04-22 07:29:27-04:00,1.0
2011-04-22 07:29:30-04:00,1.0
2011-04-22 07:29:33-04:00,1.0
2011-04-22 07:29:36-04:00,1.0
2011-04-22 07:29:39-04:00,1.0
2011-04-22 07:29:42-04:00,1.0
2011-04-22 07:29:45-04:00,1.0
2011-04-22 07:29:48-04:00,1.0
2011-04-22 07:29:51-04:00,1.0
2011-04-22 07:29:54-04:00,1.0
2011-04-22 07:29:57-04:00,1.0
2011-04-22 07:30:00-04:00,1.0
2011-04-22 07:30:03-04:00,1.0
2011-04-22 07:30:06-04:00,1.0
2011-04-22 07:30:09-04:00,1.0
2011-04-22 07:30:12-04:00,1.0
2011-04-22 07:30:15-04:00,1.0
2011-04-22 07:30:18-04:00,3.0
2011-04-22 07:30:21-04:00,9.0
2011-04-22 07:30:24-04:00,9.75
2011-04-22 07:30:27-04:00,10.0
2011-04-22 07:30:30-04:00,10.0
2011-04-22 07:30:33-04:00,10.0
2011-04-22 07:30:36-04:00,10.0
2011-04-22 07:30:39-04:00,10.0
2011-04-22 07:30:42-04:00,10.666666666666666
2011-04-22 07:30:45-04:00,12.0
2011-04-22 07:30:48-04:00,12.0
2011-04-22 07:30:51-04:00,12.0
2011-04-22 07:30:54-04:00,12.0
2011-04-22 07:30:57-04:00,12.0
2011-04-22 07:31:00-04:00,12.0
2011-04-22 07:31:03-04:00,12.0
2011-04-22 07:31:06-04:00,12.0
2011-04-22 07:31:09-04:00,12.0
2011-04-22 07:31:12-04:00,12.0
2011-04-22 07:31:15-04:00,12.0
2011-04-22 07:31:18-04:00,12.0
2011-04-22 07:31:21-04:00,12.0
2011-04-22 07:31:24-04:00,12.0
2011-04-22 07:31:27-04:00,12.0
2011-04-22 07:31:30-04:00,12.0
2011-04-22 07:31:33-04:00,12.0
2011-04-22 07:31:36-04:00,12.0
2011-04-22 07:31:39-04:00,12.0
2011-04-22 07:31:42-04:00,11.5
2011-04-22 07:31:45-04:00,10.0
2011-04-22 07:31:48-04:00,10.0
2011-04-22 07:31:51-04:00,10.0
2011-04-22 07:31:54-04:00,10.0
2011-04-22 07:31:57-04:00,10.0
2011-04-22 07:32:00-04:00,10.0
2011-04-22 07:32:03-04:00,10.0
2011-04-22 07:32:06-04:00,10.0
2011-04-22 07:32:09-04:00,10.0
2011-04-22 07:32:12-04:00,10.0
2011-04-22 07:32:15-04:00,10.0
2011-04-22 07:32:18-04:00,10.0
2011-04-22 07:32:21-04:00,10.0
2011-04-22 07:32:24-04:00,10.0
2011-04-22 07:32:27-04:00,10.0
2011-04-22 07:32:30-04:00,10.0
2011-04-22 07:32:33-04:00,10.0
2011-04-22 07:32:36-04:00,10.0
2011-04-22 07:32:39-04:00,10.0
2011-04-22 07:32:42-04:00,10.0
2011-04-22 07:32:45-04:00,10.0
2011-04-22 07:32:48-04:00,10.0
2011-04-22 07:32:51-04:00,10.0
2011-04-22 07:32:54-04:00,10.0
2011-04-22 07:32:57-04:00,10.0
2011-04-22 07:33:00-04:00,10.0
2011-04-22 07:33:03-04:00,10.0
2011-04-22 07:33:06-04:00,10.0
2011-04-22 07:33:09-04:00,10.0
2011-04-22 07:33:12-04:00,10.0
2011-04-22 07:33:15-04:00,10.0
2011-04-22 07:33:18-04:00,10.0
2011-04-22 07:33:21-04:00,10.0
2011-04-22 07:33:24-04:00,10.0
2011-04-22 07:33:27-04:00,10.0
2011-04-22 07:33:30-04:00,10.0
2011-04-22 07:33:33-04:00,10.0
2011-04-22 07:33:36-04:00,10.0
2011-04-22 07:33:39-04:00,10.0
2011-04-22 07:33:42-04:00,10.0
2011-04-22 07:33:45-04:00,10.0
2011-04-22 07:33:48-04:00,10.0
2011-04-22 07:33:51-04:00,10.0
2011-04-22 07:33:54-04:00,10.0
2011-04-22 07:33:57-04:00,10.0
2011-04-22 07:34:00-04:00,10.0
2011-04-22 07:34:03-04:00,10.0
2011-04-22 07:34:06-04:00,10.0
2011-04-22 07:34:09-04:00,10.0
2011-04-22 07:34:12-04:00,10.0
2011-04-22 07:34:15-04:00,10.0
2011-04-22 07:34:18-04:00,10.0
2011-04-22 07:34:21-04:00,10.0
2011-04-22 07:34:24-04:00,10.0
2011-04-22 07:34:27-04:00,10.0
2011-04-22 07:34:30-04:00,10.0
2011-04-22 07:34:33-04:00,10.0
2011-04-22 07:34:36-04:00,10.0
2011-04-22 07:34:39-04:00,10.0
2011-04-22 07:34:42-04:00,10.0
2011-04-22 07:34:45-04:00,10.0
2011-04-22 07:34:48-04:00,10.0
2011-04-22 07:34:51-04:00,10.0
2011-04-22 07:34:54-04:00,10.0
2011-04-22 07:34:57-04:00,10.0
2011-04-22 07:35:00-04:00,10.0
2011-04-22 07:35:03-04:00,10.0
2011-04-22 07:35:06-04:00,11.0
2011-04-22 07:35:09-04:00,12.0
2011-04-22 07:35:12-04:00,12.0
2011-04-22 07:35:15-04:00,12.0
2011-04-22 07:35:18-04:00,12.0
2011-04-22 07:35:21-04:00,12.0
2011-04-22 07:35:24-04:00,12.0
2011-04-22 07:35:27-04:00,11.555555555555555
2011-04-22 07:35:30-04:00,10.88888888888889
2011-04-22 07:35:33-04:00,10.222222222222221
2011-04-22 07:35:36-04:00,10.0
2011-04-22 07:35:39-04:00,10.0
2011-04-22 07:35:42-04:00,10.0
2011-04-22 07:35:45-04:00,10.0
2011-04-22 07:35:48-04:00,10.0
2011-04-22 07:35:51-04:00,10.0
2011-04-22 07:35:54-04:00,10.0
2011-04-22 07:35:57-04:00,10.0
2011-04-22 07:36:00-04:00,10.0
2011-04-22 07:36:03-04:00,10.0
2011-04-22 07:36:06-04:00,10.0
2011-04-22 07:36:09-04:00,10.0
2011-04-22 07:36:12-04:00,10.0
2011-04-22 07:36:15-04:00,10.0
2011-04-22 07:36:18-04:00,10.0
2011-04-22 07:36:21-04:00,10.0
2011-04-22 07:36:24-04:00,10.0
2011-04-22 07:36:27-04:00,10.0
2011-04-22 07:36:30-04:00,10.0
2011-04-22 07:36:33-04:00,10.0
2011-04-22 07:36:36-04:00,10.0
2011-04-22 07:36:39-04:00,10.0
2011-04-22 07:36:42-04:00,10.0
2011-04-22 07:36:45-04:00,10.0
2011-04-22 07:36:48-04:00,10.0
2011-04-22 07:36:51-04:00,10.0
2011-04-22 07:36:54-04:00,10.0
2011-04-22 07:36:57-04:00,10.0
2011-04-22 07:37:00-04:00,10.0
2011-04-22 07:37:03-04:00,10.0
2011-04-22 07:37:06-04:00,10.0
2011-04-22 07:37:09-04:00,10.0
2011-04-22 07:37:12-04:00,10.0
2011-04-22 07:37:15-04:00,10.0
2011-04-22 07:37:18-04:00,10.0
2011-04-22 07:37:21-04:00,10.0
2011-04-22 07:37:24-04:00,10.0
2011-04-22 07:37:27-04:00,10.0
2011-04-22 07:37:30-04:00,10.0
2011-04-22 07:37:33-04:00,10.0
2011-04-22 07:37:36-04:00,10.0
2011-04-22 07:37:39-04:00,10.0
2011-04-22 07:37:42-04:00,10.0
2011-04-22 07:37:45-04:00,10.0
2011-04-22 07:37:48-04:00,10.0
2011-04-22 07:37:51-04:00,10.0
2011-04-22 07:37:54-04:00,10.0
2011-04-22 07:37:57-04:00,10.0
2011-04-22 07:38:00-04:00,10.0
2011-04-22 07:38:03-04:00,10.0
2011-04-22 07:38:06-04:00,10.0
2011-04-22 07:38:09-04:00,10.0
2011-04-22 07:38:12-04:00,10.0
2011-04-22 07:38:15-04:00,10.0
2011-04-22 07:38:18-04:00,10.0
2011-04-22 07:38:21-04:00,10.0
2011-04-22 07:38:24-04:00,10.0
2011-04-22 07:38:27-04:00,10.0
2011-04-22 07:38:30-04:00,10.0
2011-04-22 07:38:33-04:00,10.0
2011-04-22 07:38:36-04:00,10.0
2011-04-22 07:38:39-04:00,10.0
2011-04-22 07:38:42-04:00,10.0
2011-04-22 07:38:45-04:00,10.0
2011-04-22 07:38:48-04:00,10.0
2011-04-22 07:38:51-04:00,10.0
2011-04-22 07:38:54-04:00,10.0
2011-04-22 07:38:57-04:00,10.0
2011-04-22 07:39:00-04:00,10.0
2011-04-22 07:39:03-04:00,10.0
2011-04-22 07:39:06-04:00,10.0
2011-04-22 07:39:09-04:00,10.0
2011-04-22 07:39:12-04:00,10.0
2011-04-22 07:39:15-04:00,10.0
2011-04-22 07:39:18-04:00,10.0
2011-04-22 07:39:21-04:00,10.0
2011-04-22 07:39:24-04:00,10.0
2011-04-22 07:39:27-04:00,10.0
2011-04-22 07:39:30-04:00,10.0
2011-04-22 07:39:33-04:00,10.0
2011-04-22 07:39:36-04:00,10.0
2011-04-22 07:39:39-04:00,10.0
2011-04-22 07:39:42-04:00,10.0
2011-04-22 07:39:45-04:00,10.0
2011-04-22 07:39:48-04:00,10.0
2011-04-22 07:39:51-04:00,10.0
2011-04-22 07:39:54-04:00,10.0
2011-04-22 07:39:57-04:00,10.0
2011-04-22 07:40:00-04:00,10.0
2011-04-22 07:40:03-04:00,10.0
2011-04-22 07:40:06-04:00,10.0
2011-04-22 07:40:09-04:00,10.0
2011-04-22 07:40:12-04:00,10.0
2011-04-22 07:40:15-04:00,10.0
2011-04-22 07:40:18-04:00,10.0
2011-04-22 07:40:21-04:00,10.0
2011-04-22 07:40:24-04:00,10.0
2011-04-22 07:40:27-04:00,10.0
2011-04-22 07:40:30-04:00,10.0
2011-04-22 07:40:33-04:00,10.0
2011-04-22 07:40:36-04:00,10.0
2011-04-22 07:40:39-04:00,10.0
2011-04-22 07:40:42-04:00,10.0
2011-04-22 07:40:45-04:00,10.0
2011-04-22 07:40:48-04:00,10.0
2011-04-22 07:40:51-04:00,10.0
2011-04-22 07:40:54-04:00,10.0
2011-04-22 07:40:57-04:00,10.0
2011-04-22 07:41:00-04:00,10.0
2011-04-22 07:41:03-04:00,10.0
2011-04-22 07:41:06-04:00,10.0
2011-04-22 07:41:09-04:00,10.0
2011-04-22 07:41:12-04:00,10.0
2011-04-22 07:41:15-04:00,10.0
2011-04-22 07:41:18-04:00,10.0
2011-04-22 07:41:21-04:00,10.0
2011-04-22 07:41:24-04:00,10.0
2011-04-22 07:41:27-04:00,10.0
2011-04-22 07:41:30-04:00,10.0
2011-04-22 07:41:33-04:00,10.0
2011-04-22 07:41:36-04:00,10.0
2011-04-22 07:41:39-04:00,10.0
2011-04-22 07:41:42-04:00,10.0
2011-04-22 07:41:45-04:00,10.0
2011-04-22 07:41:48-04:00,10.0
2011-04-22 07:41:51-04:00,10.0
2011-04-22 07:41:54-04:00,10.0
2011-04-22 07:41:57-04:00,10.0
2011-04-22 07:42:00-04:00,10.0
2011-04-22 07:42:03-04:00,10.0
2011-04-22 07:42:06-04:00,10.0
2011-04-22 07:42:09-04:00,10.0
2011-04-22 07:42:12-04:00,10.0
2011-04-22 07:42:15-04:00,10.0
2011-04-22 07:42:18-04:00,10.0
2011-04-22 07:42:21-04:00,10.0
2011-04-22 07:42:24-04:00,10.0
2011-04-22 07:42:27-04:00,10.0
2011-04-22 07:42:30-04:00,10.0
2011-04-22 07:42:33-04:00,10.0
2011-04-22 07:42:36-04:00,10.0
2011-04-22 07:42:39-04:00,10.0
2011-04-22 07:42:42-04:00,10.0
2011-04-22 07:42:45-04:00,10.0
2011-04-22 07:42:48-04:00,10.0
2011-04-22 07:42:51-04:00,10.0
2011-04-22 07:42:54-04:00,10.0
2011-04-22 07:42:57-04:00,10.0
2011-04-22 07:43:00-04:00,10.0
2011-04-22 07:43:03-04:00,10.0
2011-04-22 07:43:06-04:00,10.0
2011-04-22 07:43:09-04:00,10.0
2011-04-22 07:43:12-04:00,10.0
2011-04-22 07:43:15-04:00,10.0
2011-04-22 07:43:18-04:00,10.0
2011-04-22 07:43:21-04:00,10.0
2011-04-22 07:43:24-04:00,10.0
2011-04-22 07:43:27-04:00,10.666666666666666
2011-04-22 07:43:30-04:00,10.777777777777779
2011-04-22 07:43:33-04:00,10.444444444444445
2011-04-22 07:43:36-04:00,10.11111111111111
2011-04-22 07:43:39-04:00,10.0
2011-04-22 07:43:42-04:00,10.0
2011-04-22 07:43:45-04:00,10.0
2011-04-22 07:43:48-04:00,10.0
2011-04-22 07:43:51-04:00,10.0
2011-04-22 07:43:54-04:00,10.0
2011-04-22 07:43:57-04:00,10.0
2011-04-22 07:44:00-04:00,10.0
2011-04-22 07:44:03-04:00,10.0
2011-04-22 07:44:06-04:00,10.0
2011-04-22 07:44:09-04:00,10.0
2011-04-22 07:44:12-04:00,10.0
2011-04-22 07:44:15-04:00,10.0
2011-04-22 07:44:18-04:00,10.0
2011-04-22 07:44:21-04:00,10.0
2011-04-22 07:44:24-04:00,10.0
2011-04-22 07:44:27-04:00,10.0
2011-04-22 07:44:30-04:00,10.0
2011-04-22 07:44:33-04:00,10.0
2011-04-22 07:44:36-04:00,10.0
2011-04-22 07:44:39-04:00,10.0
2011-04-22 07:44:42-04:00,10.0
2011-04-22 07:44:45-04:00,10.333333333333334
2011-04-22 07:44:48-04:00,10.75
2011-04-22 07:44:51-04:00,10.0
2011-04-22 07:44:54-04:00,10.0
2011-04-22 07:44:57-04:00,10.0
2011-04-22 07:45:00-04:00,10.0
2011-04-22 07:45:03-04:00,10.0
2011-04-22 07:45:06-04:00,10.0
2011-04-22 07:45:09-04:00,10.0
2011-04-22 07:45:12-04:00,10.0
2011-04-22 07:45:15-04:00,10.0
2011-04-22 07:45:18-04:00,10.0
2011-04-22 07:45:21-04:00,10.0
2011-04-22 07:45:24-04:00,10.0
2011-04-22 07:45:27-04:00,10.0
2011-04-22 07:45:30-04:00,10.0
2011-04-22 07:45:33-04:00,10.0
2011-04-22 07:45:36-04:00,10.0
2011-04-22 07:45:39-04:00,10.0
2011-04-22 07:45:42-04:00,10.0
2011-04-22 07:45:45-04:00,10.0
2011-04-22 07:45:48-04:00,10.0
2011-04-22 07:45:51-04:00,10.0
2011-04-22 07:45:54-04:00,10.0
2011-04-22 07:45:57-04:00,10.0
2011-04-22 07:46:00-04:00,10.0
2011-04-22 07:46:03-04:00,10.0
2011-04-22 07:46:06-04:00,10.0
2011-04-22 07:46:09-04:00,10.0
2011-04-22 07:46:12-04:00,10.0
2011-04-22 07:46:15-04:00,10.0
2011-04-22 07:46:18-04:00,10.0
2011-04-22 07:46:21-04:00,10.0
2011-04-22 07:46:24-04:00,10.0
2011-04-22 07:46:27-04:00,10.0
2011-04-22 07:46:30-04:00,10.0
2011-04-22 07:46:33-04:00,10.0
2011-04-22 07:46:36-04:00,10.0
2011-04-22 07:46:39-04:00,10.0
2011-04-22 07:46:42-04:00,10.0
2011-04-22 07:46:45-04:00,10.0
2011-04-22 07:46:48-04:00,10.0
2011-04-22 07:46:51-04:00,10.0
2011-04-22 07:46:54-04:00,10.0
2011-04-22 07:46:57-04:00,10.0
2011-04-22 07:47:00-04:00,10.0
2011-04-22 07:47:03-04:00,10.0
2011-04-22 07:47:06-04:00,10.0
2011-04-22 07:47:09-04:00,10.0
2011-04-22 07:47:12-04:00,10.0
2011-04-22 07:47:15-04:00,10.0
2011-04-22 07:47:18-04:00,10.0
2011-04-22 07:47:21-04:00,10.0
2011-04-22 07:47:24-04:00,10.0
2011-04-22 07:47:27-04:00,10.0
2011-04-22 07:47:30-04:00,10.0
2011-04-22 07:47:33-04:00,10.0
2011-04-22 07:47:36-04:00,10.0
2011-04-22 07:47:39-04:00,10.0
2011-04-22 07:47:42-04:00,10.0
2011-04-22 07:47:45-04:00,10.0
2011-04-22 07:47:48-04:00,10.0
2011-04-22 07:47:51-04:00,10.0
2011-04-22 07:47:54-04:00,10.0
2011-04-22 07:47:57-04:00,10.0
2011-04-22 07:48:00-04:00,10.0
2011-04-22 07:48:03-04:00,10.0
2011-04-22 07:48:06-04:00,10.5
2011-04-22 07:48:09-04:00,10.666666666666666
2011-04-22 07:48:12-04:00,10.0
2011-04-22 07:48:15-04:00,10.0
2011-04-22 07:48:18-04:00,10.0
2011-04-22 07:48:21-04:00,10.0
2011-04-22 07:48:24-04:00,10.0
2011-04-22 07:48:27-04:00,10.0
2011-04-22 07:48:30-04:00,10.0
2011-04-22 07:48:33-04:00,10.0
2011-04-22 07:48:36-04:00,10.0
2011-04-22 07:48:39-04:00,10.0
2011-04-22 07:48:42-04:00,10.0
2011-04-22 07:48:45-04:00,10.0
2011-04-22 07:48:48-04:00,10.0
2011-04-22 07:48:51-04:00,10.0
2011-04-22 07:48:54-04:00,10.0
2011-04-22 07:48:57-04:00,10.0
2011-04-22 07:49:00-04:00,10.0
2011-04-22 07:49:03-04:00,10.0
2011-04-22 07:49:06-04:00,10.0
2011-04-22 07:49:09-04:00,10.0
2011-04-22 07:49:12-04:00,10.0
2011-04-22 07:49:15-04:00,10.0
2011-04-22 07:49:18-04:00,10.0
2011-04-22 07:49:21-04:00,10.0
2011-04-22 07:49:24-04:00,10.0
2011-04-22 07:49:27-04:00,10.0
2011-04-22 07:49:30-04:00,10.0
2011-04-22 07:49:33-04:00,10.0
2011-04-22 07:49:36-04:00,10.0
2011-04-22 07:49:39-04:00,10.0
2011-04-22 07:49:42-04:00,10.0
2011-04-22 07:49:45-04:00,10.0
2011-04-22 07:49:48-04:00,10.0
2011-04-22 07:49:51-04:00,10.0
2011-04-22 07:49:54-04:00,10.0
2011-04-22 07:49:57-04:00,10.0
2011-04-22 07:50:00-04:00,10.0
2011-04-22 07:50:03-04:00,10.0
2011-04-22 07:50:06-04:00,10.0
2011-04-22 07:50:09-04:00,10.0
2011-04-22 07:50:12-04:00,10.0
2011-04-22 07:50:15-04:00,10.0
2011-04-22 07:50:18-04:00,10.0
2011-04-22 07:50:21-04:00,10.0
2011-04-22 07:50:24-04:00,10.0
2011-04-22 07:50:27-04:00,10.0
2011-04-22 07:50:30-04:00,10.0
2011-04-22 07:50:33-04:00,10.0
2011-04-22 07:50:36-04:00,10.0
2011-04-22 07:50:39-04:00,10.0
2011-04-22 07:50:42-04:00,10.0
2011-04-22 07:50:45-04:00,10.0
2011-04-22 07:50:48-04:00,10.0
2011-04-22 07:50:51-04:00,10.0
2011-04-22 07:50:54-04:00,10.0
2011-04-22 07:50:57-04:00,10.0
2011-04-22 07:51:00-04:00,10.0
2011-04-22 07:51:03-04:00,10.0
2011-04-22 07:51:06-04:00,10.0
2011-04-22 07:51:09-04:00,10.0
2011-04-22 07:51:12-04:00,10.0
2011-04-22 07:51:15-04:00,10.0
2011-04-22 07:51:18-04:00,10.0
2011-04-22 07:51:21-04:00,10.0
2011-04-22 07:51:24-04:00,10.0
2011-04-22 07:51:27-04:00,10.0
2011-04-22 07:51:30-04:00,10.0
2011-04-22 07:51:33-04:00,10.0
2011-04-22 07:51:36-04:00,10.0
2011-04-22 07:51:39-04:00,10.0
2011-04-22 07:51:42-04:00,10.0
2011-04-22 07:51:45-04:00,10.0
2011-04-22 07:51:48-04:00,10.0
2011-04-22 07:51:51-04:00,10.0
2011-04-22 07:51:54-04:00,10.0
2011-04-22 07:51:57-04:00,10.0
2011-04-22 07:52:00-04:00,10.0
2011-04-22 07:52:03-04:00,10.0
2011-04-22 07:52:06-04:00,10.0
2011-04-22 07:52:09-04:00,10.0
2011-04-22 07:52:12-04:00,10.0
2011-04-22 07:52:15-04:00,10.0
2011-04-22 07:52:18-04:00,10.0
2011-04-22 07:52:21-04:00,10.0
2011-04-22 07:52:24-04:00,10.0
2011-04-22 07:52:27-04:00,10.0
2011-04-22 07:52:30-04:00,10.0
2011-04-22 07:52:33-04:00,10.0
2011-04-22 07:52:36-04:00,10.0
2011-04-22 07:52:39-04:00,10.0
2011-04-22 07:52:42-04:00,10.0
2011-04-22 07:52:45-04:00,10.0
2011-04-22 07:52:48-04:00,10.0
2011-04-22 07:52:51-04:00,10.0
2011-04-22 07:52:54-04:00,10.0
2011-04-22 07:52:57-04:00,10.0
2011-04-22 07:53:00-04:00,10.0
2011-04-22 07:53:03-04:00,10.0
2011-04-22 07:53:06-04:00,10.0
2011-04-22 07:53:09-04:00,10.0
2011-04-22 07:53:12-04:00,10.0
2011-04-22 07:53:15-04:00,10.0
2011-04-22 07:53:18-04:00,10.0
2011-04-22 07:53:21-04:00,10.0
2011-04-22 07:53:24-04:00,10.0
2011-04-22 07:53:27-04:00,10.0
2011-04-22 07:53:30-04:00,10.0
2011-04-22 07:53:33-04:00,10.0
2011-04-22 07:53:36-04:00,10.0
2011-04-22 07:53:39-04:00,10.0
2011-04-22 07:53:42-04:00,10.0
2011-04-22 07:53:45-04:00,10.0
2011-04-22 07:53:48-04:00,10.0
2011-04-22 07:53:51-04:00,10.0
2011-04-22 07:53:54-04:00,10.0
2011-04-22 07:53:57-04:00,10.0
2011-04-22 07:54:00-04:00,10.0
2011-04-22 07:54:03-04:00,10.0
2011-04-22 07:54:06-04:00,10.0
2011-04-22 07:54:09-04:00,10.0
2011-04-22 07:54:12-04:00,10.0
2011-04-22 07:54:15-04:00,10.0
2011-04-22 07:54:18-04:00,10.0
2011-04-22 07:54:21-04:00,10.0
2011-04-22 07:54:24-04:00,10.0
2011-04-22 07:54:27-04:00,10.0
2011-04-22 07:54:30-04:00,10.0
2011-04-22 07:54:33-04:00,10.0
2011-04-22 07:54:36-04:00,10.0
2011-04-22 07:54:39-04:00,10.0
2011-04-22 07:54:42-04:00,10.0
2011-04-22 07:54:45-04:00,10.0
2011-04-22 07:54:48-04:00,10.0
2011-04-22 07:54:51-04:00,10.0
2011-04-22 07:54:54-04:00,10.0
2011-04-22 07:54:57-04:00,10.0
2011-04-22 07:55:00-04:00,10.0
2011-04-22 07:55:03-04:00,10.0
2011-04-22 07:55:06-04:00,10.0
2011-04-22 07:55:09-04:00,10.0
2011-04-22 07:55:12-04:00,10.0
2011-04-22 07:55:15-04:00,10.0
2011-04-22 07:55:18-04:00,10.0
2011-04-22 07:55:21-04:00,10.0
2011-04-22 07:55:24-04:00,10.0
2011-04-22 07:55:27-04:00,10.0
2011-04-22 07:55:30-04:00,10.0
2011-04-22 07:55:33-04:00,10.0
2011-04-22 07:55:36-04:00,10.0
2011-04-22 07:55:39-04:00,10.0
2011-04-22 07:55:42-04:00,10.0
2011-04-22 07:55:45-04:00,10.0
2011-04-22 07:55:48-04:00,10.0
2011-04-22 07:55:51-04:00,10.0
2011-04-22 07:55:54-04:00,10.0
2011-04-22 07:55:57-04:00,10.0
2011-04-22 07:56:00-04:00,10.0
2011-04-22 07:56:03-04:00,10.0
2011-04-22 07:56:06-04:00,10.0
2011-04-22 07:56:09-04:00,10.0
2011-04-22 07:56:12-04:00,10.0
2011-04-22 07:56:15-04:00,10.0
2011-04-22 07:56:18-04:00,10.0
2011-04-22 07:56:21-04:00,10.0
2011-04-22 07:56:24-04:00,10.0
2011-04-22 07:56:27-04:00,10.0
2011-04-22 07:56:30-04:00,10.0
2011-04-22 07:56:33-04:00,10.0
2011-04-22 07:56:36-04:00,10.0
2011-04-22 07:56:39-04:00,10.0
2011-04-22 07:56:42-04:00,10.0
2011-04-22 07:56:45-04:00,10.0
2011-04-22 07:56:48-04:00,10.0
2011-04-22 07:56:51-04:00,10.0
2011-04-22 07:56:54-04:00,10.0
2011-04-22 07:56:57-04:00,10.0
2011-04-22 07:57:00-04:00,10.0
2011-04-22 07:57:03-04:00,10.0
2011-04-22 07:57:06-04:00,10.0
2011-04-22 07:57:09-04:00,10.0
2011-04-22 07:57:12-04:00,10.0
2011-04-22 07:57:15-04:00,10.0
2011-04-22 07:57:18-04:00,10.0
2011-04-22 07:57:21-04:00,10.0
2011-04-22 07:57:24-04:00,10.0
2011-04-22 07:57:27-04:00,10.0
2011-04-22 07:57:30-04:00,10.0
2011-04-22 07:57:33-04:00,10.0
2011-04-22 07:57:36-04:00,10.0
2011-04-22 07:57:39-04:00,10.0
2011-04-22 07:57:42-04:00,10.0
2011-04-22 07:57:45-04:00,10.0
2011-04-22 07:57:48-04:00,10.0
2011-04-22 07:57:51-04:00,10.0
2011-04-22 07:57:54-04:00,10.0
2011-04-22 07:57:57-04:00,10.0
2011-04-22 07:58:00-04:00,10.0
2011-04-22 07:58:03-04:00,10.0
2011-04-22 07:58:06-04:00,10.0
2011-04-22 07:58:09-04:00,10.0
2011-04-22 07:58:12-04:00,10.0
2011-04-22 07:58:15-04:00,10.0
2011-04-22 07:58:18-04:00,10.0
2011-04-22 07:58:21-04:00,10.0
2011-04-22 07:58:24-04:00,10.0
2011-04-22 07:58:27-04:00,10.0
2011-04-22 07:58:30-04:00,10.0
2011-04-22 07:58:33-04:00,10.0
2011-04-22 07:58:36-04:00,10.0
2011-04-22 07:58:39-04:00,10.0
2011-04-22 07:58:42-04:00,10.0
2011-04-22 07:58:45-04:00,10.0
2011-04-22 07:58:48-04:00,10.0
2011-04-22 07:58:51-04:00,10.0
2011-04-22 07:58:54-04:00,10.0
2011-04-22 07:58:57-04:00,10.0
2011-04-22 07:59:00-04:00,10.0
2011-04-22 07:59:03-04:00,10.0
2011-04-22 07:59:06-04:00,10.0
2011-04-22 07:59:09-04:00,10.0
2011-04-22 07:59:12-04:00,10.0
2011-04-22 07:59:15-04:00,10.0
2011-04-22 07:59:18-04:00,10.0
2011-04-22 07:59:21-04:00,10.0
2011-04-22 07:59:24-04:00,10.0
2011-04-22 07:59:27-04:00,10.0
2011-04-22 07:59:30-04:00,10.0
2011-04-22 07:59:33-04:00,10.0
2011-04-22 07:59:36-04:00,10.0
2011-04-22 07:59:39-04:00,10.0
2011-04-22 07:59:42-04:00,10.0
2011-04-22 07:59:45-04:00,10.0
2011-04-22 07:59:48-04:00,10.0
2011-04-22 07:59:51-04:00,10.0
2011-04-22 07:59:54-04:00,10.0
2011-04-22 07:59:57-04:00,10.0
2011-04-22 08:00:00-04:00,10.0
2011-04-22 08:00:03-04:00,10.0
2011-04-22 08:00:06-04:00,10.0
2011-04-22 08:00:09-04:00,10.0
2011-04-22 08:00:12-04:00,10.0
2011-04-22 08:00:15-04:00,10.0
2011-04-22 08:00:18-04:00,10.0
2011-04-22 08:00:21-04:00,10.0
2011-04-22 08:00:24-04:00,10.0
2011-04-22 08:00:27-04:00,10.0
2011-04-22 08:00:30-04:00,10.0
2011-04-22 08:00:33-04:00,10.0
2011-04-22 08:00:36-04:00,10.0
2011-04-22 08:00:39-04:00,10.0
2011-04-22 08:00:42-04:00,10.0
2011-04-22 08:00:45-04:00,10.0
2011-04-22 08:00:48-04:00,10.0
2011-04-22 08:00:51-04:00,10.0
2011-04-22 08:00:54-04:00,10.0
2011-04-22 08:00:57-04:00,10.0
2011-04-22 08:01:00-04:00,10.0
2011-04-22 08:01:03-04:00,10.0
2011-04-22 08:01:06-04:00,10.0
2011-04-22 08:01:09-04:00,10.0
2011-04-22 08:01:12-04:00,10.0
2011-04-22 08:01:15-04:00,10.0
2011-04-22 08:01:18-04:00,10.0
2011-04-22 08:01:21-04:00,10.0
2011-04-22 08:01:24-04:00,10.0
2011-04-22 08:01:27-04:00,10.0
2011-04-22 08:01:30-04:00,10.0
2011-04-22 08:01:33-04:00,10.0
2011-04-22 08:01:36-04:00,10.0
2011-04-22 08:01:39-04:00,10.0
2011-04-22 08:01:42-04:00,10.0
2011-04-22 08:01:45-04:00,10.0
2011-04-22 08:01:48-04:00,10.0
2011-04-22 08:01:51-04:00,10.0
2011-04-22 08:01:54-04:00,10.0
2011-04-22 08:01:57-04:00,10.0
2011-04-22 08:02:00-04:00,10.0
2011-04-22 08:02:03-04:00,10.0
2011-04-22 08:02:06-04:00,10.0
2011-04-22 08:02:09-04:00,10.0
2011-04-22 08:02:12-04:00,10.0
2011-04-22 08:02:15-04:00,10.0
2011-04-22 08:02:18-04:00,10.0
2011-04-22 08:02:21-04:00,10.0
2011-04-22 08:02:24-04:00,10.0
2011-04-22 08:02:27-04:00,10.0
2011-04-22 08:02:30-04:00,10.0
2011-04-22 08:02:33-04:00,10.0
2011-04-22 08:02:36-04:00,10.0
2011-04-22 08:02:39-04:00,10.0
2011-04-22 08:02:42-04:00,10.0
2011-04-22 08:02:45-04:00,10.0
2011-04-22 08:02:48-04:00,10.0
2011-04-22 08:02:51-04:00,10.0
2011-04-22 08:02:54-04:00,10.0
2011-04-22 08:02:57-04:00,10.0
2011-04-22 08:03:00-04:00,10.0
2011-04-22 08:03:03-04:00,10.0
2011-04-22 08:03:06-04:00,10.0
2011-04-22 08:03:09-04:00,10.0
2011-04-22 08:03:12-04:00,10.0
2011-04-22 08:03:15-04:00,10.0
2011-04-22 08:03:18-04:00,10.0
2011-04-22 08:03:21-04:00,10.0
2011-04-22 08:03:24-04:00,10.0
2011-04-22 08:03:27-04:00,10.0
2011-04-22 08:03:30-04:00,10.0
2011-04-22 08:03:33-04:00,10.0
2011-04-22 08:03:36-04:00,10.0
2011-04-22 08:03:39-04:00,10.0
2011-04-22 08:03:42-04:00,10.0
2011-04-22 08:03:45-04:00,10.0
2011-04-22 08:03:48-04:00,10.0
2011-04-22 08:03:51-04:00,10.0
2011-04-22 08:03:54-04:00,10.0
2011-04-22 08:03:57-04:00,10.0
2011-04-22 08:04:00-04:00,10.0
2011-04-22 08:04:03-04:00,10.0
2011-04-22 08:04:06-04:00,10.0
2011-04-22 08:04:09-04:00,10.0
2011-04-22 08:04:12-04:00,10.0
2011-04-22 08:04:15-04:00,10.0
2011-04-22 08:04:18-04:00,10.0
2011-04-22 08:04:21-04:00,10.0
2011-04-22 08:04:24-04:00,10.0
2011-04-22 08:04:27-04:00,10.0
2011-04-22 08:04:30-04:00,10.0
2011-04-22 08:04:33-04:00,10.0
2011-04-22 08:04:36-04:00,10.0
2011-04-22 08:04:39-04:00,10.0
2011-04-22 08:04:42-04:00,10.0
2011-04-22 08:04:45-04:00,10.0
2011-04-22 08:04:48-04:00,10.0
2011-04-22 08:04:51-04:00,10.0
2011-04-22 08:04:54-04:00,10.0
2011-04-22 08:04:57-04:00,10.0
2011-04-22 08:05:00-04:00,10.0
2011-04-22 08:05:03-04:00,10.0
2011-04-22 08:05:06-04:00,10.0
2011-04-22 08:05:09-04:00,10.0
2011-04-22 08:05:12-04:00,10.0
2011-04-22 08:05:15-04:00,10.0
2011-04-22 08:05:18-04:00,10.0
2011-04-22 08:05:21-04:00,10.0
2011-04-22 08:05:24-04:00,10.0
2011-04-22 08:05:27-04:00,10.0
2011-04-22 08:05:30-04:00,10.0
2011-04-22 08:05:33-04:00,10.0
2011-04-22 08:05:36-04:00,10.0
2011-04-22 08:05:39-04:00,10.0
2011-04-22 08:05:42-04:00,10.0
2011-04-22 08:05:45-04:00,10.0
2011-04-22 08:05:48-04:00,10.0
2011-04-22 08:05:51-04:00,10.0
2011-04-22 08:05:54-04:00,10.0
2011-04-22 08:05:57-04:00,10.0
2011-04-22 08:06:00-04:00,10.0
2011-04-22 08:06:03-04:00,10.0
2011-04-22 08:06:06-04:00,10.0
2011-04-22 08:06:09-04:00,10.0
2011-04-22 08:06:12-04:00,10.0
2011-04-22 08:06:15-04:00,10.0
2011-04-22 08:06:18-04:00,10.0
2011-04-22 08:06:21-04:00,10.0
2011-04-22 08:06:24-04:00,10.0
2011-04-22 08:06:27-04:00,10.0
2011-04-22 08:06:30-04:00,10.0
2011-04-22 08:06:33-04:00,10.0
2011-04-22 08:06:36-04:00,10.0
2011-04-22 08:06:39-04:00,10.0
2011-04-22 08:06:42-04:00,10.0
2011-04-22 08:06:45-04:00,10.0
2011-04-22 08:06:48-04:00,10.0
2011-04-22 08:06:51-04:00,10.0
2011-04-22 08:06:54-04:00,10.0
2011-04-22 08:06:57-04:00,10.0
2011-04-22 08:07:00-04:00,10.0
2011-04-22 08:07:03-04:00,10.0
2011-04-22 08:07:06-04:00,10.0
2011-04-22 08:07:09-04:00,10.0
2011-04-22 08:07:12-04:00,10.0
2011-04-22 08:07:15-04:00,10.0
2011-04-22 08:07:18-04:00,10.0
2011-04-22 08:07:21-04:00,10.0
2011-04-22 08:07:24-04:00,10.0
2011-04-22 08:07:27-04:00,10.0
2011-04-22 08:07:30-04:00,10.0
2011-04-22 08:07:33-04:00,10.0
2011-04-22 08:07:36-04:00,10.0
2011-04-22 08:07:39-04:00,10.0
2011-04-22 08:07:42-04:00,10.0
2011-04-22 08:07:45-04:00,10.0
2011-04-22 08:07:48-04:00,10.0
2011-04-22 08:07:51-04:00,10.0
2011-04-22 08:07:54-04:00,10.0
2011-04-22 08:07:57-04:00,10.0
2011-04-22 08:08:00-04:00,10.0
2011-04-22 08:08:03-04:00,10.0
2011-04-22 08:08:06-04:00,10.0
2011-04-22 08:08:09-04:00,10.0
2011-04-22 08:08:12-04:00,10.0
2011-04-22 08:08:15-04:00,10.0
2011-04-22 08:08:18-04:00,10.0
2011-04-22 08:08:21-04:00,10.0
2011-04-22 08:08:24-04:00,10.0
2011-04-22 08:08:27-04:00,10.0
2011-04-22 08:08:30-04:00,10.0
2011-04-22 08:08:33-04:00,10.0
2011-04-22 08:08:36-04:00,10.0
2011-04-22 08:08:39-04:00,10.0
2011-04-22 08:08:42-04:00,10.0
2011-04-22 08:08:45-04:00,10.0
2011-04-22 08:08:48-04:00,10.0
2011-04-22 08:08:51-04:00,10.0
2011-04-22 08:08:54-04:00,10.0
2011-04-22 08:08:57-04:00,10.0
2011-04-22 08:09:00-04:00,10.0
2011-04-22 08:09:03-04:00,10.0
2011-04-22 08:09:06-04:00,10.0
2011-04-22 08:09:09-04:00,10.0
2011-04-22 08:09:12-04:00,10.0
2011-04-22 08:09:15-04:00,10.0
2011-04-22 08:09:18-04:00,10.0
2011-04-22 08:09:21-04:00,10.0
2011-04-22 08:09:24-04:00,10.0
2011-04-22 08:09:27-04:00,10.0
2011-04-22 08:09:30-04:00,10.0
2011-04-22 08:09:33-04:00,10.0
2011-04-22 08:09:36-04:00,10.0
2011-04-22 08:09:39-04:00,10.0
2011-04-22 08:09:42-04:00,10.0
2011-04-22 08:09:45-04:00,10.0
2011-04-22 08:09:48-04:00,10.0
2011-04-22 08:09:51-04:00,10.0
2011-04-22 08:09:54-04:00,10.0
2011-04-22 08:09:57-04:00,10.0
2011-04-22 08:10:00-04:00,10.0
2011-04-22 08:10:03-04:00,10.0
2011-04-22 08:10:06-04:00,10.0
2011-04-22 08:10:09-04:00,10.0
2011-04-22 08:10:12-04:00,10.0
2011-04-22 08:10:15-04:00,10.0
2011-04-22 08:10:18-04:00,10.0
2011-04-22 08:10:21-04:00,10.0
2011-04-22 08:10:24-04:00,10.0
2011-04-22 08:10:27-04:00,10.0
2011-04-22 08:10:30-04:00,10.0
2011-04-22 08:10:33-04:00,10.0
2011-04-22 08:10:36-04:00,10.0
2011-04-22 08:10:39-04:00,10.0
2011-04-22 08:10:42-04:00,10.0
2011-04-22 08:10:45-04:00,10.0
2011-04-22 08:10:48-04:00,10.0
2011-04-22 08:10:51-04:00,10.0
2011-04-22 08:10:54-04:00,10.0
2011-04-22 08:10:57-04:00,10.0
2011-04-22 08:11:00-04:00,10.0
2011-04-22 08:11:03-04:00,10.0
2011-04-22 08:11:06-04:00,10.0
2011-04-22 08:11:09-04:00,10.0
2011-04-22 08:11:12-04:00,10.0
2011-04-22 08:11:15-04:00,10.0
2011-04-22 08:11:18-04:00,10.0
2011-04-22 08:11:21-04:00,10.0
2011-04-22 08:11:24-04:00,10.0
2011-04-22 08:11:27-04:00,10.0
2011-04-22 08:11:30-04:00,10.0
2011-04-22 08:11:33-04:00,10.0
2011-04-22 08:11:36-04:00,10.0
2011-04-22 08:11:39-04:00,10.0
2011-04-22 08:11:42-04:00,10.0
2011-04-22 08:11:45-04:00,10.0
2011-04-22 08:11:48-04:00,10.0
2011-04-22 08:11:51-04:00,10.0
2011-04-22 08:11:54-04:00,10.0
2011-04-22 08:11:57-04:00,10.0
2011-04-22 08:12:00-04:00,10.0
2011-04-22 08:12:03-04:00,10.0
2011-04-22 08:12:06-04:00,10.0
2011-04-22 08:12:09-04:00,10.0
2011-04-22 08:12:12-04:00,10.0
2011-04-22 08:12:15-04:00,10.0
2011-04-22 08:12:18-04:00,10.0
2011-04-22 08:12:21-04:00,10.0
2011-04-22 08:12:24-04:00,10.0
2011-04-22 08:12:27-04:00,10.0
2011-04-22 08:12:30-04:00,10.0
2011-04-22 08:12:33-04:00,10.0
2011-04-22 08:12:36-04:00,10.0
2011-04-22 08:12:39-04:00,10.0
2011-04-22 08:12:42-04:00,10.0
2011-04-22 08:12:45-04:00,10.0
2011-04-22 08:12:48-04:00,10.0
2011-04-22 08:12:51-04:00,10.0
2011-04-22 08:12:54-04:00,10.0
2011-04-22 08:12:57-04:00,10.0
2011-04-22 08:13:00-04:00,10.0
2011-04-22 08:13:03-04:00,10.0
2011-04-22 08:13:06-04:00,10.0
2011-04-22 08:13:09-04:00,10.0
2011-04-22 08:13:12-04:00,10.0
2011-04-22 08:13:15-04:00,10.0
2011-04-22 08:13:18-04:00,10.0
2011-04-22 08:13:21-04:00,10.0
2011-04-22 08:13:24-04:00,10.0
2011-04-22 08:13:27-04:00,10.0
2011-04-22 08:13:30-04:00,10.0
2011-04-22 08:13:33-04:00,10.0
2011-04-22 08:13:36-04:00,10.0
2011-04-22 08:13:39-04:00,10.0
2011-04-22 08:13:42-04:00,10.0
2011-04-22 08:13:45-04:00,10.0
2011-04-22 08:13:48-04:00,10.0
2011-04-22 08:13:51-04:00,10.0
2011-04-22 08:13:54-04:00,10.0
2011-04-22 08:13:57-04:00,10.0
2011-04-22 08:14:00-04:00,10.0
2011-04-22 08:14:03-04:00,10.0
2011-04-22 08:14:06-04:00,10.0
2011-04-22 08:14:09-04:00,10.0
2011-04-22 08:14:12-04:00,10.0
2011-04-22 08:14:15-04:00,10.0
2011-04-22 08:14:18-04:00,10.0
2011-04-22 08:14:21-04:00,10.0
2011-04-22 08:14:24-04:00,10.0
2011-04-22 08:14:27-04:00,10.0
2011-04-22 08:14:30-04:00,10.0
2011-04-22 08:14:33-04:00,10.0
2011-04-22 08:14:36-04:00,10.0
2011-04-22 08:14:39-04:00,10.0
2011-04-22 08:14:42-04:00,10.0
2011-04-22 08:14:45-04:00,10.0
2011-04-22 08:14:48-04:00,10.0
2011-04-22 08:14:51-04:00,10.0
2011-04-22 08:14:54-04:00,10.0
2011-04-22 08:14:57-04:00,10.0
2011-04-22 08:15:00-04:00,10.0
2011-04-22 08:15:03-04:00,10.0
2011-04-22 08:15:06-04:00,10.0
2011-04-22 08:15:09-04:00,10.0
2011-04-22 08:15:12-04:00,10.0
2011-04-22 08:15:15-04:00,10.0
2011-04-22 08:15:18-04:00,10.0
2011-04-22 08:15:21-04:00,10.0
2011-04-22 08:15:24-04:00,10.0
2011-04-22 08:15:27-04:00,10.0
2011-04-22 08:15:30-04:00,10.0
2011-04-22 08:15:33-04:00,10.0
2011-04-22 08:15:36-04:00,10.0
2011-04-22 08:15:39-04:00,10.0
2011-04-22 08:15:42-04:00,10.0
2011-04-22 08:15:45-04:00,10.0
2011-04-22 08:15:48-04:00,10.0
2011-04-22 08:15:51-04:00,10.0
2011-04-22 08:15:54-04:00,10.0
2011-04-22 08:15:57-04:00,10.0
2011-04-22 08:16:00-04:00,10.0
2011-04-22 08:16:03-04:00,10.0
2011-04-22 08:16:06-04:00,10.0
2011-04-22 08:16:09-04:00,10.0
2011-04-22 08:16:12-04:00,10.0
2011-04-22 08:16:15-04:00,10.0
2011-04-22 08:16:18-04:00,10.0
2011-04-22 08:16:21-04:00,10.0
2011-04-22 08:16:24-04:00,10.0
2011-04-22 08:16:27-04:00,10.0
2011-04-22 08:16:30-04:00,10.0
2011-04-22 08:16:33-04:00,10.0
2011-04-22 08:16:36-04:00,10.0
2011-04-22 08:16:39-04:00,10.0
2011-04-22 08:16:42-04:00,10.0
2011-04-22 08:16:45-04:00,10.0
2011-04-22 08:16:48-04:00,10.0
2011-04-22 08:16:51-04:00,10.0
2011-04-22 08:16:54-04:00,10.0
2011-04-22 08:16:57-04:00,10.0
2011-04-22 08:17:00-04:00,10.0
2011-04-22 08:17:03-04:00,10.0
2011-04-22 08:17:06-04:00,10.0
2011-04-22 08:17:09-04:00,10.0
2011-04-22 08:17:12-04:00,10.0
2011-04-22 08:17:15-04:00,10.0
2011-04-22 08:17:18-04:00,10.0
2011-04-22 08:17:21-04:00,10.0
2011-04-22 08:17:24-04:00,10.0
2011-04-22 08:17:27-04:00,10.0
2011-04-22 08:17:30-04:00,10.0
2011-04-22 08:17:33-04:00,10.0
2011-04-22 08:17:36-04:00,10.0
2011-04-22 08:17:39-04:00,10.0
2011-04-22 08:17:42-04:00,10.0
2011-04-22 08:17:45-04:00,10.0
2011-04-22 08:17:48-04:00,10.0
2011-04-22 08:17:51-04:00,10.0
2011-04-22 08:17:54-04:00,10.0
2011-04-22 08:17:57-04:00,10.0
2011-04-22 08:18:00-04:00,10.0
2011-04-22 08:18:03-04:00,10.0
2011-04-22 08:18:06-04:00,10.0
2011-04-22 08:18:09-04:00,10.0
2011-04-22 08:18:12-04:00,10.0
2011-04-22 08:18:15-04:00,10.0
2011-04-22 08:18:18-04:00,10.0
2011-04-22 08:18:21-04:00,10.0
2011-04-22 08:18:24-04:00,10.0
2011-04-22 08:18:27-04:00,10.0
2011-04-22 08:18:30-04:00,10.0
2011-04-22 08:18:33-04:00,10.0
2011-04-22 08:18:36-04:00,10.0
2011-04-22 08:18:39-04:00,10.0
2011-04-22 08:18:42-04:00,10.0
2011-04-22 08:18:45-04:00,10.0
2011-04-22 08:18:48-04:00,10.0
2011-04-22 08:18:51-04:00,10.0
2011-04-22 08:18:54-04:00,10.0
2011-04-22 08:18:57-04:00,10.0
2011-04-22 08:19:00-04:00,10.0
2011-04-22 08:19:03-04:00,10.0
2011-04-22 08:19:06-04:00,10.0
2011-04-22 08:19:09-04:00,10.0
2011-04-22 08:19:12-04:00,10.0
2011-04-22 08:19:15-04:00,10.0
2011-04-22 08:19:18-04:00,10.0
2011-04-22 08:19:21-04:00,10.0
2011-04-22 08:19:24-04:00,10.0
2011-04-22 08:19:27-04:00,10.0
2011-04-22 08:19:30-04:00,10.0
2011-04-22 08:19:33-04:00,10.0
2011-04-22 08:19:36-04:00,10.0
2011-04-22 08:19:39-04:00,10.0
2011-04-22 08:19:42-04:00,10.0
2011-04-22 08:19:45-04:00,10.0
2011-04-22 08:19:48-04:00,10.0
2011-04-22 08:19:51-04:00,10.0
2011-04-22 08:19:54-04:00,10.0
2011-04-22 08:19:57-04:00,10.0
2011-04-22 08:20:00-04:00,10.0
2011-04-22 08:20:03-04:00,10.0
2011-04-22 08:20:06-04:00,10.0
2011-04-22 08:20:09-04:00,10.0
2011-04-22 08:20:12-04:00,10.0
2011-04-22 08:20:15-04:00,10.0
2011-04-22 08:20:18-04:00,10.0
2011-04-22 08:20:21-04:00,10.0
2011-04-22 08:20:24-04:00,10.0
2011-04-22 08:20:27-04:00,10.0
2011-04-22 08:20:30-04:00,10.0
2011-04-22 08:20:33-04:00,10.0
2011-04-22 08:20:36-04:00,10.0
2011-04-22 08:20:39-04:00,10.0
2011-04-22 08:20:42-04:00,10.0
2011-04-22 08:20:45-04:00,10.0
2011-04-22 08:20:48-04:00,10.0
2011-04-22 08:20:51-04:00,10.0
2011-04-22 08:20:54-04:00,10.0
2011-04-22 08:20:57-04:00,10.0
2011-04-22 08:21:00-04:00,10.0
2011-04-22 08:21:03-04:00,10.0
2011-04-22 08:21:06-04:00,10.0
2011-04-22 08:21:09-04:00,10.0
2011-04-22 08:21:12-04:00,10.0
2011-04-22 08:21:15-04:00,10.0
2011-04-22 08:21:18-04:00,10.0
2011-04-22 08:21:21-04:00,10.0
2011-04-22 08:21:24-04:00,10.0
2011-04-22 08:21:27-04:00,10.0
2011-04-22 08:21:30-04:00,10.0
2011-04-22 08:21:33-04:00,10.0
2011-04-22 08:21:36-04:00,10.0
2011-04-22 08:21:39-04:00,10.0
2011-04-22 08:21:42-04:00,10.0
2011-04-22 08:21:45-04:00,10.0
2011-04-22 08:21:48-04:00,10.0
2011-04-22 08:21:51-04:00,10.0
2011-04-22 08:21:54-04:00,10.0
2011-04-22 08:21:57-04:00,10.0
2011-04-22 08:22:00-04:00,10.0
2011-04-22 08:22:03-04:00,10.0
2011-04-22 08:22:06-04:00,10.0
2011-04-22 08:22:09-04:00,10.0
2011-04-22 08:22:12-04:00,10.0
2011-04-22 08:22:15-04:00,10.0
2011-04-22 08:22:18-04:00,10.0
2011-04-22 08:22:21-04:00,10.0
2011-04-22 08:22:24-04:00,10.0
2011-04-22 08:22:27-04:00,10.0
2011-04-22 08:22:30-04:00,10.0
2011-04-22 08:22:33-04:00,10.0
2011-04-22 08:22:36-04:00,10.0
2011-04-22 08:22:39-04:00,10.0
2011-04-22 08:22:42-04:00,10.0
2011-04-22 08:22:45-04:00,10.0
2011-04-22 08:22:48-04:00,10.0
2011-04-22 08:22:51-04:00,10.0
2011-04-22 08:22:54-04:00,10.0
2011-04-22 08:22:57-04:00,10.0
2011-04-22 08:23:00-04:00,10.0
2011-04-22 08:23:03-04:00,10.0
2011-04-22 08:23:06-04:00,10.0
2011-04-22 08:23:09-04:00,10.0
2011-04-22 08:23:12-04:00,10.0
2011-04-22 08:23:15-04:00,10.0
2011-04-22 08:23:18-04:00,10.0
2011-04-22 08:23:21-04:00,10.0
2011-04-22 08:23:24-04:00,10.0
2011-04-22 08:23:27-04:00,10.0
2011-04-22 08:23:30-04:00,10.0
2011-04-22 08:23:33-04:00,10.0
2011-04-22 08:23:36-04:00,10.0
2011-04-22 08:23:39-04:00,10.0
2011-04-22 08:23:42-04:00,10.0
2011-04-22 08:23:45-04:00,10.0
2011-04-22 08:23:48-04:00,10.0
2011-04-22 08:23:51-04:00,10.0
2011-04-22 08:23:54-04:00,10.0
2011-04-22 08:23:57-04:00,10.0
2011-04-22 08:24:00-04:00,10.0
2011-04-22 08:24:03-04:00,10.0
2011-04-22 08:24:06-04:00,10.0
2011-04-22 08:24:09-04:00,10.0
2011-04-22 08:24:12-04:00,10.0
2011-04-22 08:24:15-04:00,10.0
2011-04-22 08:24:18-04:00,10.0
2011-04-22 08:24:21-04:00,10.0
2011-04-22 08:24:24-04:00,10.0
2011-04-22 08:24:27-04:00,10.0
2011-04-22 08:24:30-04:00,10.0
2011-04-22 08:24:33-04:00,10.0
2011-04-22 08:24:36-04:00,10.0
2011-04-22 08:24:39-04:00,10.0
2011-04-22 08:24:42-04:00,10.0
2011-04-22 08:24:45-04:00,10.0
2011-04-22 08:24:48-04:00,10.0
2011-04-22 08:24:51-04:00,10.0
2011-04-22 08:24:54-04:00,10.0
2011-04-22 08:24:57-04:00,10.0
2011-04-22 08:25:00-04:00,10.0
2011-04-22 08:25:03-04:00,10.0
2011-04-22 08:25:06-04:00,10.0
2011-04-22 08:25:09-04:00,10.0
2011-04-22 08:25:12-04:00,10.0
2011-04-22 08:25:15-04:00,10.0
2011-04-22 08:25:18-04:00,10.0
2011-04-22 08:25:21-04:00,10.0
2011-04-22 08:25:24-04:00,10.0
2011-04-22 08:25:27-04:00,10.0
2011-04-22 08:25:30-04:00,10.0
2011-04-22 08:25:33-04:00,10.0
2011-04-22 08:25:36-04:00,10.0
2011-04-22 08:25:39-04:00,10.0
2011-04-22 08:25:42-04:00,10.0
2011-04-22 08:25:45-04:00,10.0
2011-04-22 08:25:48-04:00,10.0
2011-04-22 08:25:51-04:00,10.0
2011-04-22 08:25:54-04:00,10.0
2011-04-22 08:25:57-04:00,10.0
2011-04-22 08:26:00-04:00,10.0
2011-04-22 08:26:03-04:00,10.0
2011-04-22 08:26:06-04:00,10.0
2011-04-22 08:26:09-04:00,10.0
2011-04-22 08:26:12-04:00,10.0
2011-04-22 08:26:15-04:00,10.0
2011-04-22 08:26:18-04:00,10.0
2011-04-22 08:26:21-04:00,10.0
2011-04-22 08:26:24-04:00,10.0
2011-04-22 08:26:27-04:00,10.0
2011-04-22 08:26:30-04:00,10.0
2011-04-22 08:26:33-04:00,10.0
2011-04-22 08:26:36-04:00,10.0
2011-04-22 08:26:39-04:00,10.0
2011-04-22 08:26:42-04:00,10.0
2011-04-22 08:26:45-04:00,10.0
2011-04-22 08:26:48-04:00,10.0
2011-04-22 08:26:51-04:00,10.0
2011-04-22 08:26:54-04:00,10.0
2011-04-22 08:26:57-04:00,10.0
2011-04-22 08:27:00-04:00,10.0
2011-04-22 08:27:03-04:00,10.0
2011-04-22 08:27:06-04:00,10.0
2011-04-22 08:27:09-04:00,10.0
2011-04-22 08:27:12-04:00,10.0
2011-04-22 08:27:15-04:00,10.0
2011-04-22 08:27:18-04:00,10.0
2011-04-22 08:27:21-04:00,10.0
2011-04-22 08:27:24-04:00,10.0
2011-04-22 08:27:27-04:00,10.0
2011-04-22 08:27:30-04:00,10.0
2011-04-22 08:27:33-04:00,10.0
2011-04-22 08:27:36-04:00,10.0
2011-04-22 08:27:39-04:00,10.0
2011-04-22 08:27:42-04:00,10.0
2011-04-22 08:27:45-04:00,10.0
2011-04-22 08:27:48-04:00,10.0
2011-04-22 08:27:51-04:00,10.0
2011-04-22 08:27:54-04:00,10.0
2011-04-22 08:27:57-04:00,10.0
2011-04-22 08:28:00-04:00,10.0
2011-04-22 08:28:03-04:00,10.0
2011-04-22 08:28:06-04:00,10.0
2011-04-22 08:28:09-04:00,10.0
2011-04-22 08:28:12-04:00,10.0
2011-04-22 08:28:15-04:00,10.0
2011-04-22 08:28:18-04:00,10.0
2011-04-22 08:28:21-04:00,10.0
2011-04-22 08:28:24-04:00,10.0
2011-04-22 08:28:27-04:00,10.0
2011-04-22 08:28:30-04:00,10.0
2011-04-22 08:28:33-04:00,10.0
2011-04-22 08:28:36-04:00,10.0
2011-04-22 08:28:39-04:00,10.0
2011-04-22 08:28:42-04:00,10.0
2011-04-22 08:28:45-04:00,10.0
2011-04-22 08:28:48-04:00,10.0
2011-04-22 08:28:51-04:00,10.0
2011-04-22 08:28:54-04:00,10.0
2011-04-22 08:28:57-04:00,10.0
2011-04-22 08:29:00-04:00,10.0
2011-04-22 08:29:03-04:00,10.0
2011-04-22 08:29:06-04:00,10.0
2011-04-22 08:29:09-04:00,10.0
2011-04-22 08:29:12-04:00,10.0
2011-04-22 08:29:15-04:00,10.0
2011-04-22 08:29:18-04:00,10.0
2011-04-22 08:29:21-04:00,10.0
2011-04-22 08:29:24-04:00,10.0
2011-04-22 08:29:27-04:00,10.0
2011-04-22 08:29:30-04:00,10.0
2011-04-22 08:29:33-04:00,10.0
2011-04-22 08:29:36-04:00,10.0
2011-04-22 08:29:39-04:00,10.0
2011-04-22 08:29:42-04:00,10.0
2011-04-22 08:29:45-04:00,10.0
2011-04-22 08:29:48-04:00,10.0
2011-04-22 08:29:51-04:00,10.0
2011-04-22 08:29:54-04:00,10.0
2011-04-22 08:29:57-04:00,10.0
2011-04-22 08:30:00-04:00,10.0
2011-04-22 08:30:03-04:00,10.0
2011-04-22 08:30:06-04:00,10.0
2011-04-22 08:30:09-04:00,10.0
2011-04-22 08:30:12-04:00,10.0
2011-04-22 08:30:15-04:00,10.0
2011-04-22 08:30:18-04:00,10.0
2011-04-22 08:30:21-04:00,10.0
2011-04-22 08:30:24-04:00,10.0
2011-04-22 08:30:27-04:00,10.0
2011-04-22 08:30:30-04:00,10.0
2011-04-22 08:30:33-04:00,10.0
2011-04-22 08:30:36-04:00,10.0
2011-04-22 08:30:39-04:00,10.0
2011-04-22 08:30:42-04:00,10.0
2011-04-22 08:30:45-04:00,10.0
2011-04-22 08:30:48-04:00,10.0
2011-04-22 08:30:51-04:00,10.0
2011-04-22 08:30:54-04:00,10.0
2011-04-22 08:30:57-04:00,10.0
2011-04-22 08:31:00-04:00,10.0
2011-04-22 08:31:03-04:00,10.0
2011-04-22 08:31:06-04:00,10.0
2011-04-22 08:31:09-04:00,10.0
2011-04-22 08:31:12-04:00,10.0
2011-04-22 08:31:15-04:00,10.0
2011-04-22 08:31:18-04:00,10.0
2011-04-22 08:31:21-04:00,10.0
2011-04-22 08:31:24-04:00,10.0
2011-04-22 08:31:27-04:00,10.0
2011-04-22 08:31:30-04:00,10.0
2011-04-22 08:31:33-04:00,10.0
2011-04-22 08:31:36-04:00,10.0
2011-04-22 08:31:39-04:00,10.0
2011-04-22 08:31:42-04:00,10.0
2011-04-22 08:31:45-04:00,10.0
2011-04-22 08:31:48-04:00,10.0
2011-04-22 08:31:51-04:00,10.0
2011-04-22 08:31:54-04:00,10.0
2011-04-22 08:31:57-04:00,10.0
2011-04-22 08:32:00-04:00,10.0
2011-04-22 08:32:03-04:00,10.0
2011-04-22 08:32:06-04:00,10.0
2011-04-22 08:32:09-04:00,10.0
2011-04-22 08:32:12-04:00,10.0
2011-04-22 08:32:15-04:00,10.0
2011-04-22 08:32:18-04:00,10.0
2011-04-22 08:32:21-04:00,10.0
2011-04-22 08:32:24-04:00,10.0
2011-04-22 08:32:27-04:00,10.0
2011-04-22 08:32:30-04:00,10.0
2011-04-22 08:32:33-04:00,10.0
2011-04-22 08:32:36-04:00,10.0
2011-04-22 08:32:39-04:00,10.0
2011-04-22 08:32:42-04:00,10.0
2011-04-22 08:32:45-04:00,10.0
2011-04-22 08:32:48-04:00,10.0
2011-04-22 08:32:51-04:00,10.0
2011-04-22 08:32:54-04:00,10.0
2011-04-22 08:32:57-04:00,10.0
2011-04-22 08:33:00-04:00,10.0
2011-04-22 08:33:03-04:00,10.0
2011-04-22 08:33:06-04:00,10.0
2011-04-22 08:33:09-04:00,10.0
2011-04-22 08:33:12-04:00,10.0
2011-04-22 08:33:15-04:00,10.0
2011-04-22 08:33:18-04:00,10.0
2011-04-22 08:33:21-04:00,10.0
2011-04-22 08:33:24-04:00,10.0
2011-04-22 08:33:27-04:00,10.0
2011-04-22 08:33:30-04:00,10.0
2011-04-22 08:33:33-04:00,10.0
2011-04-22 08:33:36-04:00,10.0
2011-04-22 08:33:39-04:00,10.0
2011-04-22 08:33:42-04:00,10.0
2011-04-22 08:33:45-04:00,10.0
2011-04-22 08:33:48-04:00,10.0
2011-04-22 08:33:51-04:00,10.0
2011-04-22 08:33:54-04:00,10.0
2011-04-22 08:33:57-04:00,10.0
2011-04-22 08:34:00-04:00,10.0
2011-04-22 08:34:03-04:00,10.0
2011-04-22 08:34:06-04:00,10.0
2011-04-22 08:34:09-04:00,10.0
2011-04-22 08:34:12-04:00,10.0
2011-04-22 08:34:15-04:00,10.0
2011-04-22 08:34:18-04:00,10.0
2011-04-22 08:34:21-04:00,10.0
2011-04-22 08:34:24-04:00,10.0
2011-04-22 08:34:27-04:00,10.0
2011-04-22 08:34:30-04:00,10.0
2011-04-22 08:34:33-04:00,10.0
2011-04-22 08:34:36-04:00,10.0
2011-04-22 08:34:39-04:00,10.0
2011-04-22 08:34:42-04:00,10.0
2011-04-22 08:34:45-04:00,10.0
2011-04-22 08:34:48-04:00,10.0
2011-04-22 08:34:51-04:00,10.0
2011-04-22 08:34:54-04:00,10.0
2011-04-22 08:34:57-04:00,10.0
2011-04-22 08:35:00-04:00,10.0
2011-04-22 08:35:03-04:00,10.0
2011-04-22 08:35:06-04:00,10.0
2011-04-22 08:35:09-04:00,10.0
2011-04-22 08:35:12-04:00,10.0
2011-04-22 08:35:15-04:00,10.0
2011-04-22 08:35:18-04:00,10.0
2011-04-22 08:35:21-04:00,10.0
2011-04-22 08:35:24-04:00,10.0
2011-04-22 08:35:27-04:00,10.0
2011-04-22 08:35:30-04:00,10.0
2011-04-22 08:35:33-04:00,10.0
2011-04-22 08:35:36-04:00,10.0
2011-04-22 08:35:39-04:00,10.0
2011-04-22 08:35:42-04:00,10.0
2011-04-22 08:35:45-04:00,10.0
2011-04-22 08:35:48-04:00,10.0
2011-04-22 08:35:51-04:00,10.0
2011-04-22 08:35:54-04:00,10.0
2011-04-22 08:35:57-04:00,10.0
2011-04-22 08:36:00-04:00,10.0
2011-04-22 08:36:03-04:00,10.0
2011-04-22 08:36:06-04:00,10.0
2011-04-22 08:36:09-04:00,10.0
2011-04-22 08:36:12-04:00,10.0
2011-04-22 08:36:15-04:00,10.0
2011-04-22 08:36:18-04:00,10.0
2011-04-22 08:36:21-04:00,10.0
2011-04-22 08:36:24-04:00,10.0
2011-04-22 08:36:27-04:00,10.0
2011-04-22 08:36:30-04:00,10.0
2011-04-22 08:36:33-04:00,10.0
2011-04-22 08:36:36-04:00,10.0
2011-04-22 08:36:39-04:00,10.0
2011-04-22 08:36:42-04:00,10.0
2011-04-22 08:36:45-04:00,10.0
2011-04-22 08:36:48-04:00,10.0
2011-04-22 08:36:51-04:00,10.0
2011-04-22 08:36:54-04:00,10.0
2011-04-22 08:36:57-04:00,10.0
2011-04-22 08:37:00-04:00,10.0
2011-04-22 08:37:03-04:00,10.0
2011-04-22 08:37:06-04:00,10.0
2011-04-22 08:37:09-04:00,10.0
2011-04-22 08:37:12-04:00,10.0
2011-04-22 08:37:15-04:00,10.0
2011-04-22 08:37:18-04:00,10.0
2011-04-22 08:37:21-04:00,10.0
2011-04-22 08:37:24-04:00,10.0
2011-04-22 08:37:27-04:00,10.0
2011-04-22 08:37:30-04:00,10.0
2011-04-22 08:37:33-04:00,10.0
2011-04-22 08:37:36-04:00,10.0
2011-04-22 08:37:39-04:00,10.0
2011-04-22 08:37:42-04:00,10.0
2011-04-22 08:37:45-04:00,10.0
2011-04-22 08:37:48-04:00,10.0
2011-04-22 08:37:51-04:00,10.0
2011-04-22 08:37:54-04:00,10.0
2011-04-22 08:37:57-04:00,10.0
2011-04-22 08:38:00-04:00,10.0
2011-04-22 08:38:03-04:00,10.0
2011-04-22 08:38:06-04:00,10.0
2011-04-22 08:38:09-04:00,10.0
2011-04-22 08:38:12-04:00,10.0
2011-04-22 08:38:15-04:00,10.0
2011-04-22 08:38:18-04:00,10.0
2011-04-22 08:38:21-04:00,10.0
2011-04-22 08:38:24-04:00,10.0
2011-04-22 08:38:27-04:00,10.0
2011-04-22 08:38:30-04:00,10.0
2011-04-22 08:38:33-04:00,10.0
2011-04-22 08:38:36-04:00,10.0
2011-04-22 08:38:39-04:00,10.0
2011-04-22 08:38:42-04:00,10.0
2011-04-22 08:38:45-04:00,10.0
2011-04-22 08:38:48-04:00,10.0
2011-04-22 08:38:51-04:00,10.0
2011-04-22 08:38:54-04:00,10.0
2011-04-22 08:38:57-04:00,10.0
2011-04-22 08:39:00-04:00,10.0
2011-04-22 08:39:03-04:00,10.0
2011-04-22 08:39:06-04:00,10.0
2011-04-22 08:39:09-04:00,10.0
2011-04-22 08:39:12-04:00,10.0
2011-04-22 08:39:15-04:00,10.0
2011-04-22 08:39:18-04:00,10.0
2011-04-22 08:39:21-04:00,10.0
2011-04-22 08:39:24-04:00,10.0
2011-04-22 08:39:27-04:00,10.0
2011-04-22 08:39:30-04:00,10.0
2011-04-22 08:39:33-04:00,10.0
2011-04-22 08:39:36-04:00,10.0
2011-04-22 08:39:39-04:00,10.0
2011-04-22 08:39:42-04:00,10.0
2011-04-22 08:39:45-04:00,10.0
2011-04-22 08:39:48-04:00,10.0
2011-04-22 08:39:51-04:00,10.25
2011-04-22 08:39:54-04:00,11.0
2011-04-22 08:39:57-04:00,10.0
2011-04-22 08:40:00-04:00,10.0
2011-04-22 08:40:03-04:00,10.0
2011-04-22 08:40:06-04:00,10.0
2011-04-22 08:40:09-04:00,10.0
2011-04-22 08:40:12-04:00,10.0
2011-04-22 08:40:15-04:00,10.0
2011-04-22 08:40:18-04:00,10.0
2011-04-22 08:40:21-04:00,10.0
2011-04-22 08:40:24-04:00,10.0
2011-04-22 08:40:27-04:00,10.0
2011-04-22 08:40:30-04:00,10.0
2011-04-22 08:40:33-04:00,10.0
2011-04-22 08:40:36-04:00,10.0
2011-04-22 08:40:39-04:00,10.0
2011-04-22 08:40:42-04:00,10.0
2011-04-22 08:40:45-04:00,10.0
2011-04-22 08:40:48-04:00,10.0
2011-04-22 08:40:51-04:00,10.0
2011-04-22 08:40:54-04:00,10.0
2011-04-22 08:40:57-04:00,10.0
2011-04-22 08:41:00-04:00,10.0
2011-04-22 08:41:03-04:00,10.0
2011-04-22 08:41:06-04:00,10.0
2011-04-22 08:41:09-04:00,10.0
2011-04-22 08:41:12-04:00,10.0
2011-04-22 08:41:15-04:00,10.0
2011-04-22 08:41:18-04:00,10.0
2011-04-22 08:41:21-04:00,10.0
2011-04-22 08:41:24-04:00,10.0
2011-04-22 08:41:27-04:00,10.0
2011-04-22 08:41:30-04:00,10.0
2011-04-22 08:41:33-04:00,10.0
2011-04-22 08:41:36-04:00,10.0
2011-04-22 08:41:39-04:00,10.0
2011-04-22 08:41:42-04:00,10.0
2011-04-22 08:41:45-04:00,10.0
2011-04-22 08:41:48-04:00,10.0
2011-04-22 08:41:51-04:00,10.0
2011-04-22 08:41:54-04:00,10.0
2011-04-22 08:41:57-04:00,10.0
2011-04-22 08:42:00-04:00,10.0
2011-04-22 08:42:03-04:00,10.0
2011-04-22 08:42:06-04:00,10.0
2011-04-22 08:42:09-04:00,10.0
2011-04-22 08:42:12-04:00,10.0
2011-04-22 08:42:15-04:00,10.0
2011-04-22 08:42:18-04:00,10.0
2011-04-22 08:42:21-04:00,10.0
2011-04-22 08:42:24-04:00,10.0
2011-04-22 08:42:27-04:00,10.0
2011-04-22 08:42:30-04:00,10.0
2011-04-22 08:42:33-04:00,10.0
2011-04-22 08:42:36-04:00,10.0
2011-04-22 08:42:39-04:00,10.0
2011-04-22 08:42:42-04:00,10.0
2011-04-22 08:42:45-04:00,10.0
2011-04-22 08:42:48-04:00,10.0
2011-04-22 08:42:51-04:00,10.0
2011-04-22 08:42:54-04:00,10.0
2011-04-22 08:42:57-04:00,10.0
2011-04-22 08:43:00-04:00,10.0
2011-04-22 08:43:03-04:00,10.0
2011-04-22 08:43:06-04:00,10.0
2011-04-22 08:43:09-04:00,10.0
2011-04-22 08:43:12-04:00,10.0
2011-04-22 08:43:15-04:00,10.0
2011-04-22 08:43:18-04:00,10.0
2011-04-22 08:43:21-04:00,10.0
2011-04-22 08:43:24-04:00,10.0
2011-04-22 08:43:27-04:00,10.0
2011-04-22 08:43:30-04:00,10.0
2011-04-22 08:43:33-04:00,10.0
2011-04-22 08:43:36-04:00,10.0
2011-04-22 08:43:39-04:00,10.0
2011-04-22 08:43:42-04:00,10.0
2011-04-22 08:43:45-04:00,10.0
2011-04-22 08:43:48-04:00,10.0
2011-04-22 08:43:51-04:00,10.0
2011-04-22 08:43:54-04:00,10.0
2011-04-22 08:43:57-04:00,10.0
2011-04-22 08:44:00-04:00,10.0
2011-04-22 08:44:03-04:00,11.0
2011-04-22 08:44:06-04:00,10.0
2011-04-22 08:44:09-04:00,10.0
2011-04-22 08:44:12-04:00,10.0
2011-04-22 08:44:15-04:00,10.0
2011-04-22 08:44:18-04:00,10.0
2011-04-22 08:44:21-04:00,10.0
2011-04-22 08:44:24-04:00,10.0
2011-04-22 08:44:27-04:00,10.0
2011-04-22 08:44:30-04:00,10.0
2011-04-22 08:44:33-04:00,10.0
2011-04-22 08:44:36-04:00,10.0
2011-04-22 08:44:39-04:00,10.0
2011-04-22 08:44:42-04:00,10.0
2011-04-22 08:44:45-04:00,10.0
2011-04-22 08:44:48-04:00,10.0
2011-04-22 08:44:51-04:00,10.0
2011-04-22 08:44:54-04:00,10.0
2011-04-22 08:44:57-04:00,10.0
2011-04-22 08:45:00-04:00,10.0
2011-04-22 08:45:03-04:00,10.0
2011-04-22 08:45:06-04:00,10.0
2011-04-22 08:45:09-04:00,10.0
2011-04-22 08:45:12-04:00,10.0
2011-04-22 08:45:15-04:00,10.0
2011-04-22 08:45:18-04:00,10.0
2011-04-22 08:45:21-04:00,10.0
2011-04-22 08:45:24-04:00,10.0
2011-04-22 08:45:27-04:00,10.0
2011-04-22 08:45:30-04:00,10.0
2011-04-22 08:45:33-04:00,10.0
2011-04-22 08:45:36-04:00,10.0
2011-04-22 08:45:39-04:00,10.0
2011-04-22 08:45:42-04:00,10.0
2011-04-22 08:45:45-04:00,10.0
2011-04-22 08:45:48-04:00,10.0
2011-04-22 08:45:51-04:00,10.0
2011-04-22 08:45:54-04:00,10.0
2011-04-22 08:45:57-04:00,10.0
2011-04-22 08:46:00-04:00,10.0
2011-04-22 08:46:03-04:00,10.666666666666666
2011-04-22 08:46:06-04:00,11.0
2011-04-22 08:46:09-04:00,10.666666666666666
2011-04-22 08:46:12-04:00,10.0
2011-04-22 08:46:15-04:00,10.0
2011-04-22 08:46:18-04:00,10.0
2011-04-22 08:46:21-04:00,10.0
2011-04-22 08:46:24-04:00,10.0
2011-04-22 08:46:27-04:00,10.0
2011-04-22 08:46:30-04:00,10.0
2011-04-22 08:46:33-04:00,10.0
2011-04-22 08:46:36-04:00,10.0
2011-04-22 08:46:39-04:00,10.0
2011-04-22 08:46:42-04:00,10.0
2011-04-22 08:46:45-04:00,10.0
2011-04-22 08:46:48-04:00,10.0
2011-04-22 08:46:51-04:00,10.0
2011-04-22 08:46:54-04:00,10.0
2011-04-22 08:46:57-04:00,10.0
2011-04-22 08:47:00-04:00,10.0
2011-04-22 08:47:03-04:00,10.0
2011-04-22 08:47:06-04:00,10.0
2011-04-22 08:47:09-04:00,10.0
2011-04-22 08:47:12-04:00,10.0
2011-04-22 08:47:15-04:00,10.0
2011-04-22 08:47:18-04:00,10.0
2011-04-22 08:47:21-04:00,10.0
2011-04-22 08:47:24-04:00,10.0
2011-04-22 08:47:27-04:00,10.0
2011-04-22 08:47:30-04:00,10.0
2011-04-22 08:47:33-04:00,10.0
2011-04-22 08:47:36-04:00,10.0
2011-04-22 08:47:39-04:00,10.0
2011-04-22 08:47:42-04:00,10.0
2011-04-22 08:47:45-04:00,10.0
2011-04-22 08:47:48-04:00,10.0
2011-04-22 08:47:51-04:00,10.0
2011-04-22 08:47:54-04:00,10.0
2011-04-22 08:47:57-04:00,10.0
2011-04-22 08:48:00-04:00,10.0
2011-04-22 08:48:03-04:00,10.0
2011-04-22 08:48:06-04:00,10.0
2011-04-22 08:48:09-04:00,10.0
2011-04-22 08:48:12-04:00,10.0
2011-04-22 08:48:15-04:00,10.0
2011-04-22 08:48:18-04:00,10.0
2011-04-22 08:48:21-04:00,10.0
2011-04-22 08:48:24-04:00,10.0
2011-04-22 08:48:27-04:00,10.0
2011-04-22 08:48:30-04:00,10.0
2011-04-22 08:48:33-04:00,10.0
2011-04-22 08:48:36-04:00,10.0
2011-04-22 08:48:39-04:00,10.0
2011-04-22 08:48:42-04:00,10.0
2011-04-22 08:48:45-04:00,10.0
2011-04-22 08:48:48-04:00,10.0
2011-04-22 08:48:51-04:00,10.0
2011-04-22 08:48:54-04:00,10.0
2011-04-22 08:48:57-04:00,10.0
2011-04-22 08:49:00-04:00,10.0
2011-04-22 08:49:03-04:00,10.0
2011-04-22 08:49:06-04:00,10.0
2011-04-22 08:49:09-04:00,10.0
2011-04-22 08:49:12-04:00,10.0
2011-04-22 08:49:15-04:00,10.0
2011-04-22 08:49:18-04:00,10.0
2011-04-22 08:49:21-04:00,10.0
2011-04-22 08:49:24-04:00,10.0
2011-04-22 08:49:27-04:00,10.0
2011-04-22 08:49:30-04:00,10.0
2011-04-22 08:49:33-04:00,10.0
2011-04-22 08:49:36-04:00,10.0
2011-04-22 08:49:39-04:00,10.0
2011-04-22 08:49:42-04:00,10.25
2011-04-22 08:49:45-04:00,11.0
2011-04-22 08:49:48-04:00,10.0
2011-04-22 08:49:51-04:00,10.0
2011-04-22 08:49:54-04:00,10.0
2011-04-22 08:49:57-04:00,10.0
2011-04-22 08:50:00-04:00,10.0
2011-04-22 08:50:03-04:00,10.0
2011-04-22 08:50:06-04:00,10.0
2011-04-22 08:50:09-04:00,10.0
2011-04-22 08:50:12-04:00,10.0
2011-04-22 08:50:15-04:00,10.0
2011-04-22 08:50:18-04:00,10.0
2011-04-22 08:50:21-04:00,10.0
2011-04-22 08:50:24-04:00,10.0
2011-04-22 08:50:27-04:00,10.0
2011-04-22 08:50:30-04:00,10.0
2011-04-22 08:50:33-04:00,10.0
2011-04-22 08:50:36-04:00,10.0
2011-04-22 08:50:39-04:00,10.0
2011-04-22 08:50:42-04:00,10.0
2011-04-22 08:50:45-04:00,10.0
2011-04-22 08:50:48-04:00,10.0
2011-04-22 08:50:51-04:00,10.0
2011-04-22 08:50:54-04:00,10.0
2011-04-22 08:50:57-04:00,10.0
2011-04-22 08:51:00-04:00,10.0
2011-04-22 08:51:03-04:00,10.0
2011-04-22 08:51:06-04:00,10.0
2011-04-22 08:51:09-04:00,10.0
2011-04-22 08:51:12-04:00,10.0
2011-04-22 08:51:15-04:00,10.0
2011-04-22 08:51:18-04:00,10.0
2011-04-22 08:51:21-04:00,10.0
2011-04-22 08:51:24-04:00,10.0
2011-04-22 08:51:27-04:00,10.0
2011-04-22 08:51:30-04:00,10.0
2011-04-22 08:51:33-04:00,10.0
2011-04-22 08:51:36-04:00,10.0
2011-04-22 08:51:39-04:00,10.0
2011-04-22 08:51:42-04:00,10.0
2011-04-22 08:51:45-04:00,10.0
2011-04-22 08:51:48-04:00,10.0
2011-04-22 08:51:51-04:00,10.0
2011-04-22 08:51:54-04:00,10.0
2011-04-22 08:51:57-04:00,10.0
2011-04-22 08:52:00-04:00,10.0
2011-04-22 08:52:03-04:00,10.0
2011-04-22 08:52:06-04:00,10.0
2011-04-22 08:52:09-04:00,10.0
2011-04-22 08:52:12-04:00,10.0
2011-04-22 08:52:15-04:00,10.0
2011-04-22 08:52:18-04:00,10.666666666666666
2011-04-22 08:52:21-04:00,10.333333333333334
2011-04-22 08:52:24-04:00,10.0
2011-04-22 08:52:27-04:00,10.0
2011-04-22 08:52:30-04:00,10.0
2011-04-22 08:52:33-04:00,10.0
2011-04-22 08:52:36-04:00,10.0
2011-04-22 08:52:39-04:00,10.0
2011-04-22 08:52:42-04:00,10.0
2011-04-22 08:52:45-04:00,10.0
2011-04-22 08:52:48-04:00,10.0
2011-04-22 08:52:51-04:00,10.0
2011-04-22 08:52:54-04:00,10.0
2011-04-22 08:52:57-04:00,10.0
2011-04-22 08:53:00-04:00,10.0
2011-04-22 08:53:03-04:00,10.0
2011-04-22 08:53:06-04:00,10.0
2011-04-22 08:53:09-04:00,10.0
2011-04-22 08:53:12-04:00,10.0
2011-04-22 08:53:15-04:00,10.0
2011-04-22 08:53:18-04:00,10.0
2011-04-22 08:53:21-04:00,10.0
2011-04-22 08:53:24-04:00,10.0
2011-04-22 08:53:27-04:00,10.0
2011-04-22 08:53:30-04:00,10.0
2011-04-22 08:53:33-04:00,10.0
2011-04-22 08:53:36-04:00,10.0
2011-04-22 08:53:39-04:00,10.0
2011-04-22 08:53:42-04:00,10.0
2011-04-22 08:53:45-04:00,10.0
2011-04-22 08:53:48-04:00,10.0
2011-04-22 08:53:51-04:00,10.0
2011-04-22 08:53:54-04:00,10.0
2011-04-22 08:53:57-04:00,10.0
2011-04-22 08:54:00-04:00,10.0
2011-04-22 08:54:03-04:00,10.0
2011-04-22 08:54:06-04:00,10.0
2011-04-22 08:54:09-04:00,10.0
2011-04-22 08:54:12-04:00,10.0
2011-04-22 08:54:15-04:00,10.0
2011-04-22 08:54:18-04:00,10.0
2011-04-22 08:54:21-04:00,10.0
2011-04-22 08:54:24-04:00,10.0
2011-04-22 08:54:27-04:00,10.0
2011-04-22 08:54:30-04:00,10.0
2011-04-22 08:54:33-04:00,10.0
2011-04-22 08:54:36-04:00,10.25
2011-04-22 08:54:39-04:00,11.0
2011-04-22 08:54:42-04:00,10.25
2011-04-22 08:54:45-04:00,10.0
2011-04-22 08:54:48-04:00,10.0
2011-04-22 08:54:51-04:00,10.25
2011-04-22 08:54:54-04:00,11.0
2011-04-22 08:54:57-04:00,11.0
2011-04-22 08:55:00-04:00,11.0
2011-04-22 08:55:03-04:00,10.25
2011-04-22 08:55:06-04:00,10.666666666666666
2011-04-22 08:55:09-04:00,10.5
2011-04-22 08:55:12-04:00,10.0
2011-04-22 08:55:15-04:00,10.0
2011-04-22 08:55:18-04:00,10.0
2011-04-22 08:55:21-04:00,10.0
2011-04-22 08:55:24-04:00,10.75
2011-04-22 08:55:27-04:00,10.333333333333334
2011-04-22 08:55:30-04:00,10.0
2011-04-22 08:55:33-04:00,10.0
2011-04-22 08:55:36-04:00,10.0
2011-04-22 08:55:39-04:00,10.0
2011-04-22 08:55:42-04:00,10.0
2011-04-22 08:55:45-04:00,10.0
2011-04-22 08:55:48-04:00,10.0
2011-04-22 08:55:51-04:00,10.0
2011-04-22 08:55:54-04:00,10.0
2011-04-22 08:55:57-04:00,10.0
2011-04-22 08:56:00-04:00,10.666666666666666
2011-04-22 08:56:03-04:00,11.0
2011-04-22 08:56:06-04:00,10.5
2011-04-22 08:56:09-04:00,10.0
2011-04-22 08:56:12-04:00,10.0
2011-04-22 08:56:15-04:00,10.0
2011-04-22 08:56:18-04:00,10.0
2011-04-22 08:56:21-04:00,10.0
2011-04-22 08:56:24-04:00,10.0
2011-04-22 08:56:27-04:00,10.0
2011-04-22 08:56:30-04:00,10.125
2011-04-22 08:56:33-04:00,10.5
2011-04-22 08:56:36-04:00,10.875
2011-04-22 08:56:39-04:00,10.5
2011-04-22 08:56:42-04:00,10.0
2011-04-22 08:56:45-04:00,10.0
2011-04-22 08:56:48-04:00,10.0
2011-04-22 08:56:51-04:00,11.0
2011-04-22 08:56:54-04:00,11.0
2011-04-22 08:56:57-04:00,10.333333333333334
2011-04-22 08:57:00-04:00,10.0
2011-04-22 08:57:03-04:00,10.0
2011-04-22 08:57:06-04:00,10.0
2011-04-22 08:57:09-04:00,10.0
2011-04-22 08:57:12-04:00,11.0
2011-04-22 08:57:15-04:00,10.0
2011-04-22 08:57:18-04:00,10.0
2011-04-22 08:57:21-04:00,10.666666666666666
2011-04-22 08:57:24-04:00,10.5
2011-04-22 08:57:27-04:00,10.0
2011-04-22 08:57:30-04:00,10.0
2011-04-22 08:57:33-04:00,10.0
2011-04-22 08:57:36-04:00,10.0
2011-04-22 08:57:39-04:00,10.0
2011-04-22 08:57:42-04:00,10.0
2011-04-22 08:57:45-04:00,10.0
2011-04-22 08:57:48-04:00,10.0
2011-04-22 08:57:51-04:00,10.0
2011-04-22 08:57:54-04:00,10.666666666666666
2011-04-22 08:57:57-04:00,10.5
2011-04-22 08:58:00-04:00,10.0
2011-04-22 08:58:03-04:00,10.25
2011-04-22 08:58:06-04:00,11.0
2011-04-22 08:58:09-04:00,10.0
2011-04-22 08:58:12-04:00,10.75
2011-04-22 08:58:15-04:00,10.333333333333334
2011-04-22 08:58:18-04:00,10.0
2011-04-22 08:58:21-04:00,10.333333333333334
2011-04-22 08:58:24-04:00,10.75
2011-04-22 08:58:27-04:00,10.0
2011-04-22 08:58:30-04:00,10.0
2011-04-22 08:58:33-04:00,10.0
2011-04-22 08:58:36-04:00,10.0
2011-04-22 08:58:39-04:00,10.0
2011-04-22 08:58:42-04:00,10.0
2011-04-22 08:58:45-04:00,10.0
2011-04-22 08:58:48-04:00,10.0
2011-04-22 08:58:51-04:00,10.0
2011-04-22 08:58:54-04:00,10.0
2011-04-22 08:58:57-04:00,10.0
2011-04-22 08:59:00-04:00,10.0
2011-04-22 08:59:03-04:00,10.0
2011-04-22 08:59:06-04:00,10.0
2011-04-22 08:59:09-04:00,10.0
2011-04-22 08:59:12-04:00,10.0
2011-04-22 08:59:15-04:00,10.0
2011-04-22 08:59:18-04:00,10.0
2011-04-22 08:59:21-04:00,10.0
2011-04-22 08:59:24-04:00,10.0
2011-04-22 08:59:27-04:00,11.0
2011-04-22 08:59:30-04:00,10.666666666666666
2011-04-22 08:59:33-04:00,10.333333333333334
2011-04-22 08:59:36-04:00,10.0
2011-04-22 08:59:39-04:00,10.0
2011-04-22 08:59:42-04:00,10.0
2011-04-22 08:59:45-04:00,10.0
2011-04-22 08:59:48-04:00,10.0
2011-04-22 08:59:51-04:00,10.0
2011-04-22 08:59:54-04:00,10.0
2011-04-22 08:59:57-04:00,10.0
2011-04-22 09:00:00-04:00,10.0
2011-04-22 09:00:03-04:00,10.0
2011-04-22 09:00:06-04:00,10.0
2011-04-22 09:00:09-04:00,10.0
2011-04-22 09:00:12-04:00,10.0
2011-04-22 09:00:15-04:00,10.333333333333334
2011-04-22 09:00:18-04:00,10.75
2011-04-22 09:00:21-04:00,10.0
2011-04-22 09:00:24-04:00,10.0
2011-04-22 09:00:27-04:00,10.0
2011-04-22 09:00:30-04:00,10.0
2011-04-22 09:00:33-04:00,10.0
2011-04-22 09:00:36-04:00,10.0
2011-04-22 09:00:39-04:00,10.0
2011-04-22 09:00:42-04:00,10.0
2011-04-22 09:00:45-04:00,10.0
2011-04-22 09:00:48-04:00,10.0
2011-04-22 09:00:51-04:00,10.0
2011-04-22 09:00:54-04:00,10.0
2011-04-22 09:00:57-04:00,10.0
2011-04-22 09:01:00-04:00,10.0
2011-04-22 09:01:03-04:00,10.0
2011-04-22 09:01:06-04:00,10.0
2011-04-22 09:01:09-04:00,10.0
2011-04-22 09:01:12-04:00,10.0
2011-04-22 09:01:15-04:00,10.0
2011-04-22 09:01:18-04:00,10.0
2011-04-22 09:01:21-04:00,10.0
2011-04-22 09:01:24-04:00,10.0
2011-04-22 09:01:27-04:00,10.0
2011-04-22 09:01:30-04:00,10.0
2011-04-22 09:01:33-04:00,10.0
2011-04-22 09:01:36-04:00,10.0
2011-04-22 09:01:39-04:00,10.0
2011-04-22 09:01:42-04:00,10.0
2011-04-22 09:01:45-04:00,10.0
2011-04-22 09:01:48-04:00,10.0
2011-04-22 09:01:51-04:00,10.0
2011-04-22 09:01:54-04:00,10.0
2011-04-22 09:01:57-04:00,10.0
2011-04-22 09:02:00-04:00,10.0
2011-04-22 09:02:03-04:00,10.0
2011-04-22 09:02:06-04:00,10.0
2011-04-22 09:02:09-04:00,10.0
2011-04-22 09:02:12-04:00,10.0
2011-04-22 09:02:15-04:00,10.0
2011-04-22 09:02:18-04:00,10.0
2011-04-22 09:02:21-04:00,11.0
2011-04-22 09:02:24-04:00,10.25
2011-04-22 09:02:27-04:00,10.0
2011-04-22 09:02:30-04:00,10.0
2011-04-22 09:02:33-04:00,10.0
2011-04-22 09:02:36-04:00,10.0
2011-04-22 09:02:39-04:00,10.0
2011-04-22 09:02:42-04:00,10.0
2011-04-22 09:02:45-04:00,10.0
2011-04-22 09:02:48-04:00,10.0
2011-04-22 09:02:51-04:00,10.0
2011-04-22 09:02:54-04:00,10.0
2011-04-22 09:02:57-04:00,10.0
2011-04-22 09:03:00-04:00,10.0
2011-04-22 09:03:03-04:00,10.0
2011-04-22 09:03:06-04:00,10.0
2011-04-22 09:03:09-04:00,10.0
2011-04-22 09:03:12-04:00,10.0
2011-04-22 09:03:15-04:00,10.0
2011-04-22 09:03:18-04:00,10.0
2011-04-22 09:03:21-04:00,10.0
2011-04-22 09:03:24-04:00,10.0
2011-04-22 09:03:27-04:00,10.0
2011-04-22 09:03:30-04:00,10.0
2011-04-22 09:03:33-04:00,10.0
2011-04-22 09:03:36-04:00,10.0
2011-04-22 09:03:39-04:00,10.0
2011-04-22 09:03:42-04:00,10.0
2011-04-22 09:03:45-04:00,10.0
2011-04-22 09:03:48-04:00,10.0
2011-04-22 09:03:51-04:00,10.0
2011-04-22 09:03:54-04:00,10.0
2011-04-22 09:03:57-04:00,10.25
2011-04-22 09:04:00-04:00,11.0
2011-04-22 09:04:03-04:00,10.0
2011-04-22 09:04:06-04:00,10.0
2011-04-22 09:04:09-04:00,10.0
2011-04-22 09:04:12-04:00,10.0
2011-04-22 09:04:15-04:00,10.0
2011-04-22 09:04:18-04:00,10.0
2011-04-22 09:04:21-04:00,10.0
2011-04-22 09:04:24-04:00,10.0
2011-04-22 09:04:27-04:00,10.0
2011-04-22 09:04:30-04:00,10.0
2011-04-22 09:04:33-04:00,10.0
2011-04-22 09:04:36-04:00,10.0
2011-04-22 09:04:39-04:00,10.75
2011-04-22 09:04:42-04:00,10.333333333333334
2011-04-22 09:04:45-04:00,10.5
2011-04-22 09:04:48-04:00,10.666666666666666
2011-04-22 09:04:51-04:00,10.0
2011-04-22 09:04:54-04:00,10.0
2011-04-22 09:04:57-04:00,10.0
2011-04-22 09:05:00-04:00,10.0
2011-04-22 09:05:03-04:00,10.0
2011-04-22 09:05:06-04:00,10.0
2011-04-22 09:05:09-04:00,10.0
2011-04-22 09:05:12-04:00,10.0
2011-04-22 09:05:15-04:00,10.0
2011-04-22 09:05:18-04:00,10.0
2011-04-22 09:05:21-04:00,10.0
2011-04-22 09:05:24-04:00,10.0
2011-04-22 09:05:27-04:00,10.0
2011-04-22 09:05:30-04:00,10.0
2011-04-22 09:05:33-04:00,10.0
2011-04-22 09:05:36-04:00,10.0
2011-04-22 09:05:39-04:00,10.0
2011-04-22 09:05:42-04:00,10.0
2011-04-22 09:05:45-04:00,10.0
2011-04-22 09:05:48-04:00,10.0
2011-04-22 09:05:51-04:00,10.0
2011-04-22 09:05:54-04:00,10.0
2011-04-22 09:05:57-04:00,10.0
2011-04-22 09:06:00-04:00,10.0
2011-04-22 09:06:03-04:00,10.0
2011-04-22 09:06:06-04:00,10.0
2011-04-22 09:06:09-04:00,10.0
2011-04-22 09:06:12-04:00,10.0
2011-04-22 09:06:15-04:00,10.0
2011-04-22 09:06:18-04:00,10.0
2011-04-22 09:06:21-04:00,10.0
2011-04-22 09:06:24-04:00,10.0
2011-04-22 09:06:27-04:00,10.0
2011-04-22 09:06:30-04:00,10.0
2011-04-22 09:06:33-04:00,10.0
2011-04-22 09:06:36-04:00,10.0
2011-04-22 09:06:39-04:00,10.0
2011-04-22 09:06:42-04:00,10.0
2011-04-22 09:06:45-04:00,10.0
2011-04-22 09:06:48-04:00,10.0
2011-04-22 09:06:51-04:00,10.0
2011-04-22 09:06:54-04:00,10.0
2011-04-22 09:06:57-04:00,10.0
2011-04-22 09:07:00-04:00,10.0
2011-04-22 09:07:03-04:00,10.0
2011-04-22 09:07:06-04:00,10.0
2011-04-22 09:07:09-04:00,10.0
2011-04-22 09:07:12-04:00,10.0
2011-04-22 09:07:15-04:00,10.0
2011-04-22 09:07:18-04:00,10.0
2011-04-22 09:07:21-04:00,10.0
2011-04-22 09:07:24-04:00,10.0
2011-04-22 09:07:27-04:00,10.0
2011-04-22 09:07:30-04:00,10.0
2011-04-22 09:07:33-04:00,10.0
2011-04-22 09:07:36-04:00,10.0
2011-04-22 09:07:39-04:00,10.0
2011-04-22 09:07:42-04:00,10.0
2011-04-22 09:07:45-04:00,10.333333333333334
2011-04-22 09:07:48-04:00,10.75
2011-04-22 09:07:51-04:00,10.0
2011-04-22 09:07:54-04:00,10.0
2011-04-22 09:07:57-04:00,10.0
2011-04-22 09:08:00-04:00,10.0
2011-04-22 09:08:03-04:00,10.5
2011-04-22 09:08:06-04:00,11.0
2011-04-22 09:08:09-04:00,10.75
2011-04-22 09:08:12-04:00,10.0
2011-04-22 09:08:15-04:00,10.0
2011-04-22 09:08:18-04:00,10.0
2011-04-22 09:08:21-04:00,10.0
2011-04-22 09:08:24-04:00,10.0
2011-04-22 09:08:27-04:00,10.0
2011-04-22 09:08:30-04:00,10.0
2011-04-22 09:08:33-04:00,10.0
2011-04-22 09:08:36-04:00,10.0
2011-04-22 09:08:39-04:00,10.0
2011-04-22 09:08:42-04:00,10.0
2011-04-22 09:08:45-04:00,10.0
2011-04-22 09:08:48-04:00,10.0
2011-04-22 09:08:51-04:00,10.0
2011-04-22 09:08:54-04:00,10.0
2011-04-22 09:08:57-04:00,10.0
2011-04-22 09:09:00-04:00,10.666666666666666
2011-04-22 09:09:03-04:00,10.5
2011-04-22 09:09:06-04:00,10.0
2011-04-22 09:09:09-04:00,10.0
2011-04-22 09:09:12-04:00,10.0
2011-04-22 09:09:15-04:00,10.0
2011-04-22 09:09:18-04:00,10.0
2011-04-22 09:09:21-04:00,10.0
2011-04-22 09:09:24-04:00,10.0
2011-04-22 09:09:27-04:00,10.0
2011-04-22 09:09:30-04:00,10.0
2011-04-22 09:09:33-04:00,10.0
2011-04-22 09:09:36-04:00,10.0
2011-04-22 09:09:39-04:00,10.0
2011-04-22 09:09:42-04:00,10.0
2011-04-22 09:09:45-04:00,10.0
2011-04-22 09:09:48-04:00,10.0
2011-04-22 09:09:51-04:00,10.0
2011-04-22 09:09:54-04:00,10.0
2011-04-22 09:09:57-04:00,10.0
2011-04-22 09:10:00-04:00,10.0
2011-04-22 09:10:03-04:00,10.0
2011-04-22 09:10:06-04:00,10.0
2011-04-22 09:10:09-04:00,10.0
2011-04-22 09:10:12-04:00,10.0
2011-04-22 09:10:15-04:00,10.0
2011-04-22 09:10:18-04:00,10.0
2011-04-22 09:10:21-04:00,10.0
2011-04-22 09:10:24-04:00,10.0
2011-04-22 09:10:27-04:00,10.0
2011-04-22 09:10:30-04:00,10.0
2011-04-22 09:10:33-04:00,10.0
2011-04-22 09:10:36-04:00,10.0
2011-04-22 09:10:39-04:00,10.0
2011-04-22 09:10:42-04:00,10.0
2011-04-22 09:10:45-04:00,10.0
2011-04-22 09:10:48-04:00,10.0
2011-04-22 09:10:51-04:00,10.666666666666666
2011-04-22 09:10:54-04:00,10.5
2011-04-22 09:10:57-04:00,10.0
2011-04-22 09:11:00-04:00,10.0
2011-04-22 09:11:03-04:00,10.0
2011-04-22 09:11:06-04:00,10.0
2011-04-22 09:11:09-04:00,10.0
2011-04-22 09:11:12-04:00,10.0
2011-04-22 09:11:15-04:00,10.0
2011-04-22 09:11:18-04:00,10.0
2011-04-22 09:11:21-04:00,10.0
2011-04-22 09:11:24-04:00,10.0
2011-04-22 09:11:27-04:00,10.0
2011-04-22 09:11:30-04:00,10.0
2011-04-22 09:11:33-04:00,10.0
2011-04-22 09:11:36-04:00,10.0
2011-04-22 09:11:39-04:00,10.0
2011-04-22 09:11:42-04:00,10.0
2011-04-22 09:11:45-04:00,10.0
2011-04-22 09:11:48-04:00,10.0
2011-04-22 09:11:51-04:00,10.0
2011-04-22 09:11:54-04:00,10.0
2011-04-22 09:11:57-04:00,10.0
2011-04-22 09:12:00-04:00,10.0
2011-04-22 09:12:03-04:00,10.0
2011-04-22 09:12:06-04:00,10.0
2011-04-22 09:12:09-04:00,10.0
2011-04-22 09:12:12-04:00,10.0
2011-04-22 09:12:15-04:00,10.0
2011-04-22 09:12:18-04:00,10.0
2011-04-22 09:12:21-04:00,10.0
2011-04-22 09:12:24-04:00,10.0
2011-04-22 09:12:27-04:00,11.0
2011-04-22 09:12:30-04:00,10.666666666666666
2011-04-22 09:12:33-04:00,10.333333333333334
2011-04-22 09:12:36-04:00,10.0
2011-04-22 09:12:39-04:00,10.0
2011-04-22 09:12:42-04:00,10.0
2011-04-22 09:12:45-04:00,10.0
2011-04-22 09:12:48-04:00,10.0
2011-04-22 09:12:51-04:00,10.0
2011-04-22 09:12:54-04:00,10.0
2011-04-22 09:12:57-04:00,10.0
2011-04-22 09:13:00-04:00,10.0
2011-04-22 09:13:03-04:00,10.0
2011-04-22 09:13:06-04:00,10.0
2011-04-22 09:13:09-04:00,10.0
2011-04-22 09:13:12-04:00,10.0
2011-04-22 09:13:15-04:00,10.25
2011-04-22 09:13:18-04:00,11.0
2011-04-22 09:13:21-04:00,10.0
2011-04-22 09:13:24-04:00,10.0
2011-04-22 09:13:27-04:00,10.0
2011-04-22 09:13:30-04:00,10.0
2011-04-22 09:13:33-04:00,10.0
2011-04-22 09:13:36-04:00,10.0
2011-04-22 09:13:39-04:00,10.0
2011-04-22 09:13:42-04:00,10.0
2011-04-22 09:13:45-04:00,10.0
2011-04-22 09:13:48-04:00,10.0
2011-04-22 09:13:51-04:00,10.0
2011-04-22 09:13:54-04:00,10.0
2011-04-22 09:13:57-04:00,10.0
2011-04-22 09:14:00-04:00,10.0
2011-04-22 09:14:03-04:00,10.0
2011-04-22 09:14:06-04:00,10.0
2011-04-22 09:14:09-04:00,10.0
2011-04-22 09:14:12-04:00,10.0
2011-04-22 09:14:15-04:00,10.0
2011-04-22 09:14:18-04:00,10.0
2011-04-22 09:14:21-04:00,11.0
2011-04-22 09:14:24-04:00,10.0
2011-04-22 09:14:27-04:00,10.0
2011-04-22 09:14:30-04:00,10.0
2011-04-22 09:14:33-04:00,10.0
2011-04-22 09:14:36-04:00,10.0
2011-04-22 09:14:39-04:00,10.0
2011-04-22 09:14:42-04:00,10.0
2011-04-22 09:14:45-04:00,10.0
2011-04-22 09:14:48-04:00,10.0
2011-04-22 09:14:51-04:00,10.0
2011-04-22 09:14:54-04:00,10.0
2011-04-22 09:14:57-04:00,10.0
2011-04-22 09:15:00-04:00,10.0
2011-04-22 09:15:03-04:00,10.0
2011-04-22 09:15:06-04:00,10.0
2011-04-22 09:15:09-04:00,10.0
2011-04-22 09:15:12-04:00,10.0
2011-04-22 09:15:15-04:00,10.25
2011-04-22 09:15:18-04:00,11.0
2011-04-22 09:15:21-04:00,10.0
2011-04-22 09:15:24-04:00,11.0
2011-04-22 09:15:27-04:00,10.25
2011-04-22 09:15:30-04:00,10.0
2011-04-22 09:15:33-04:00,10.0
2011-04-22 09:15:36-04:00,10.0
2011-04-22 09:15:39-04:00,10.0
2011-04-22 09:15:42-04:00,10.0
2011-04-22 09:15:45-04:00,10.0
2011-04-22 09:15:48-04:00,10.0
2011-04-22 09:15:51-04:00,10.0
2011-04-22 09:15:54-04:00,10.0
2011-04-22 09:15:57-04:00,10.0
2011-04-22 09:16:00-04:00,10.0
2011-04-22 09:16:03-04:00,10.0
2011-04-22 09:16:06-04:00,10.0
2011-04-22 09:16:09-04:00,10.0
2011-04-22 09:16:12-04:00,10.333333333333334
2011-04-22 09:16:15-04:00,10.75
2011-04-22 09:16:18-04:00,10.0
2011-04-22 09:16:21-04:00,11.0
2011-04-22 09:16:24-04:00,10.0
2011-04-22 09:16:27-04:00,10.0
2011-04-22 09:16:30-04:00,10.0
2011-04-22 09:16:33-04:00,10.0
2011-04-22 09:16:36-04:00,10.0
2011-04-22 09:16:39-04:00,10.0
2011-04-22 09:16:42-04:00,10.0
2011-04-22 09:16:45-04:00,10.0
2011-04-22 09:16:48-04:00,10.0
2011-04-22 09:16:51-04:00,10.0
2011-04-22 09:16:54-04:00,10.0
2011-04-22 09:16:57-04:00,10.0
2011-04-22 09:17:00-04:00,10.0
2011-04-22 09:17:03-04:00,10.0
2011-04-22 09:17:06-04:00,10.0
2011-04-22 09:17:09-04:00,10.666666666666666
2011-04-22 09:17:12-04:00,10.5
2011-04-22 09:17:15-04:00,10.0
2011-04-22 09:17:18-04:00,10.0
2011-04-22 09:17:21-04:00,10.0
2011-04-22 09:17:24-04:00,10.0
2011-04-22 09:17:27-04:00,10.0
2011-04-22 09:17:30-04:00,10.0
2011-04-22 09:17:33-04:00,10.0
2011-04-22 09:17:36-04:00,10.0
2011-04-22 09:17:39-04:00,10.0
2011-04-22 09:17:42-04:00,10.0
2011-04-22 09:17:45-04:00,10.0
2011-04-22 09:17:48-04:00,10.0
2011-04-22 09:17:51-04:00,10.0
2011-04-22 09:17:54-04:00,10.0
2011-04-22 09:17:57-04:00,10.0
2011-04-22 09:18:00-04:00,10.0
2011-04-22 09:18:03-04:00,10.0
2011-04-22 09:18:06-04:00,10.0
2011-04-22 09:18:09-04:00,10.0
2011-04-22 09:18:12-04:00,10.0
2011-04-22 09:18:15-04:00,10.0
2011-04-22 09:18:18-04:00,10.0
2011-04-22 09:18:21-04:00,10.0
2011-04-22 09:18:24-04:00,10.0
2011-04-22 09:18:27-04:00,10.0
2011-04-22 09:18:30-04:00,10.333333333333334
2011-04-22 09:18:33-04:00,10.666666666666666
2011-04-22 09:18:36-04:00,11.0
2011-04-22 09:18:39-04:00,10.0
2011-04-22 09:18:42-04:00,10.0
2011-04-22 09:18:45-04:00,10.0
2011-04-22 09:18:48-04:00,10.0
2011-04-22 09:18:51-04:00,10.0
2011-04-22 09:18:54-04:00,10.0
2011-04-22 09:18:57-04:00,10.0
2011-04-22 09:19:00-04:00,10.0
2011-04-22 09:19:03-04:00,11.0
2011-04-22 09:19:06-04:00,10.25
2011-04-22 09:19:09-04:00,10.0
2011-04-22 09:19:12-04:00,10.0
2011-04-22 09:19:15-04:00,10.5
2011-04-22 09:19:18-04:00,10.666666666666666
2011-04-22 09:19:21-04:00,10.0
2011-04-22 09:19:24-04:00,10.0
2011-04-22 09:19:27-04:00,10.0
2011-04-22 09:19:30-04:00,10.0
2011-04-22 09:19:33-04:00,10.0
2011-04-22 09:19:36-04:00,10.0
2011-04-22 09:19:39-04:00,10.0
2011-04-22 09:19:42-04:00,10.0
2011-04-22 09:19:45-04:00,10.0
2011-04-22 09:19:48-04:00,10.0
2011-04-22 09:19:51-04:00,10.0
2011-04-22 09:19:54-04:00,10.0
2011-04-22 09:19:57-04:00,10.0
2011-04-22 09:20:00-04:00,10.0
2011-04-22 09:20:03-04:00,10.0
2011-04-22 09:20:06-04:00,10.0
2011-04-22 09:20:09-04:00,10.666666666666666
2011-04-22 09:20:12-04:00,10.5
2011-04-22 09:20:15-04:00,10.0
2011-04-22 09:20:18-04:00,10.0
2011-04-22 09:20:21-04:00,10.0
2011-04-22 09:20:24-04:00,10.0
2011-04-22 09:20:27-04:00,10.0
2011-04-22 09:20:30-04:00,10.0
2011-04-22 09:20:33-04:00,10.0
2011-04-22 09:20:36-04:00,10.0
2011-04-22 09:20:39-04:00,10.0
2011-04-22 09:20:42-04:00,10.0
2011-04-22 09:20:45-04:00,10.0
2011-04-22 09:20:48-04:00,10.0
2011-04-22 09:20:51-04:00,10.0
2011-04-22 09:20:54-04:00,10.0
2011-04-22 09:20:57-04:00,10.0
2011-04-22 09:21:00-04:00,10.0
2011-04-22 09:21:03-04:00,10.0
2011-04-22 09:21:06-04:00,10.0
2011-04-22 09:21:09-04:00,10.0
2011-04-22 09:21:12-04:00,10.0
2011-04-22 09:21:15-04:00,10.0
2011-04-22 09:21:18-04:00,10.0
2011-04-22 09:21:21-04:00,10.0
2011-04-22 09:21:24-04:00,10.0
2011-04-22 09:21:27-04:00,10.0
2011-04-22 09:21:30-04:00,10.0
2011-04-22 09:21:33-04:00,10.0
2011-04-22 09:21:36-04:00,10.0
2011-04-22 09:21:39-04:00,10.0
2011-04-22 09:21:42-04:00,10.0
2011-04-22 09:21:45-04:00,10.0
2011-04-22 09:21:48-04:00,10.0
2011-04-22 09:21:51-04:00,10.0
2011-04-22 09:21:54-04:00,10.0
2011-04-22 09:21:57-04:00,10.0
2011-04-22 09:22:00-04:00,10.0
2011-04-22 09:22:03-04:00,10.0
2011-04-22 09:22:06-04:00,10.0
2011-04-22 09:22:09-04:00,10.0
2011-04-22 09:22:12-04:00,10.0
2011-04-22 09:22:15-04:00,10.0
2011-04-22 09:22:18-04:00,10.0
2011-04-22 09:22:21-04:00,10.0
2011-04-22 09:22:24-04:00,10.0
2011-04-22 09:22:27-04:00,10.0
2011-04-22 09:22:30-04:00,10.0
2011-04-22 09:22:33-04:00,10.0
2011-04-22 09:22:36-04:00,10.0
2011-04-22 09:22:39-04:00,10.0
2011-04-22 09:22:42-04:00,10.0
2011-04-22 09:22:45-04:00,10.0
2011-04-22 09:22:48-04:00,10.0
2011-04-22 09:22:51-04:00,10.0
2011-04-22 09:22:54-04:00,10.0
2011-04-22 09:22:57-04:00,10.0
2011-04-22 09:23:00-04:00,10.0
2011-04-22 09:23:03-04:00,10.0
2011-04-22 09:23:06-04:00,10.0
2011-04-22 09:23:09-04:00,10.0
2011-04-22 09:23:12-04:00,10.0
2011-04-22 09:23:15-04:00,10.0
2011-04-22 09:23:18-04:00,10.0
2011-04-22 09:23:21-04:00,10.0
2011-04-22 09:23:24-04:00,10.0
2011-04-22 09:23:27-04:00,10.0
2011-04-22 09:23:30-04:00,10.0
2011-04-22 09:23:33-04:00,10.0
2011-04-22 09:23:36-04:00,10.0
2011-04-22 09:23:39-04:00,10.0
2011-04-22 09:23:42-04:00,10.0
2011-04-22 09:23:45-04:00,10.0
2011-04-22 09:23:48-04:00,10.0
2011-04-22 09:23:51-04:00,10.0
2011-04-22 09:23:54-04:00,10.0
2011-04-22 09:23:57-04:00,10.0
2011-04-22 09:24:00-04:00,10.0
2011-04-22 09:24:03-04:00,10.0
2011-04-22 09:24:06-04:00,10.0
2011-04-22 09:24:09-04:00,10.0
2011-04-22 09:24:12-04:00,10.0
2011-04-22 09:24:15-04:00,10.0
2011-04-22 09:24:18-04:00,10.0
2011-04-22 09:24:21-04:00,10.0
2011-04-22 09:24:24-04:00,10.75
2011-04-22 09:24:27-04:00,10.333333333333334
2011-04-22 09:24:30-04:00,10.0
2011-04-22 09:24:33-04:00,10.0
2011-04-22 09:24:36-04:00,10.0
2011-04-22 09:24:39-04:00,10.0
2011-04-22 09:24:42-04:00,10.0
2011-04-22 09:24:45-04:00,10.0
2011-04-22 09:24:48-04:00,10.0
2011-04-22 09:24:51-04:00,10.0
2011-04-22 09:24:54-04:00,10.0
2011-04-22 09:24:57-04:00,10.0
2011-04-22 09:25:00-04:00,10.0
2011-04-22 09:25:03-04:00,10.0
2011-04-22 09:25:06-04:00,10.0
2011-04-22 09:25:09-04:00,10.0
2011-04-22 09:25:12-04:00,10.0
2011-04-22 09:25:15-04:00,10.0
2011-04-22 09:25:18-04:00,10.0
2011-04-22 09:25:21-04:00,10.0
2011-04-22 09:25:24-04:00,10.0
2011-04-22 09:25:27-04:00,10.0
2011-04-22 09:25:30-04:00,10.0
2011-04-22 09:25:33-04:00,10.0
2011-04-22 09:25:36-04:00,10.0
2011-04-22 09:25:39-04:00,10.0
2011-04-22 09:25:42-04:00,10.0
2011-04-22 09:25:45-04:00,10.0
2011-04-22 09:25:48-04:00,10.0
2011-04-22 09:25:51-04:00,10.0
2011-04-22 09:25:54-04:00,10.0
2011-04-22 09:25:57-04:00,10.0
2011-04-22 09:26:00-04:00,10.0
2011-04-22 09:26:03-04:00,10.0
2011-04-22 09:26:06-04:00,10.0
2011-04-22 09:26:09-04:00,10.0
2011-04-22 09:26:12-04:00,10.0
2011-04-22 09:26:15-04:00,10.0
2011-04-22 09:26:18-04:00,10.0
2011-04-22 09:26:21-04:00,10.0
2011-04-22 09:26:24-04:00,10.0
2011-04-22 09:26:27-04:00,10.0
2011-04-22 09:26:30-04:00,10.0
2011-04-22 09:26:33-04:00,10.0
2011-04-22 09:26:36-04:00,10.0
2011-04-22 09:26:39-04:00,10.0
2011-04-22 09:26:42-04:00,10.0
2011-04-22 09:26:45-04:00,10.0
2011-04-22 09:26:48-04:00,10.0
2011-04-22 09:26:51-04:00,10.0
2011-04-22 09:26:54-04:00,10.0
2011-04-22 09:26:57-04:00,10.0
2011-04-22 09:27:00-04:00,10.0
2011-04-22 09:27:03-04:00,10.0
2011-04-22 09:27:06-04:00,10.0
2011-04-22 09:27:09-04:00,10.0
2011-04-22 09:27:12-04:00,10.0
2011-04-22 09:27:15-04:00,10.0
2011-04-22 09:27:18-04:00,10.0
2011-04-22 09:27:21-04:00,10.0
2011-04-22 09:27:24-04:00,10.0
2011-04-22 09:27:27-04:00,10.0
2011-04-22 09:27:30-04:00,10.0
2011-04-22 09:27:33-04:00,10.0
2011-04-22 09:27:36-04:00,10.0
2011-04-22 09:27:39-04:00,10.0
2011-04-22 09:27:42-04:00,10.0
2011-04-22 09:27:45-04:00,10.0
2011-04-22 09:27:48-04:00,10.0
2011-04-22 09:27:51-04:00,10.0
2011-04-22 09:27:54-04:00,10.0
2011-04-22 09:27:57-04:00,10.0
2011-04-22 09:28:00-04:00,10.0
2011-04-22 09:28:03-04:00,10.0
2011-04-22 09:28:06-04:00,10.0
2011-04-22 09:28:09-04:00,10.0
2011-04-22 09:28:12-04:00,10.0
2011-04-22 09:28:15-04:00,10.0
2011-04-22 09:28:18-04:00,10.0
2011-04-22 09:28:21-04:00,10.0
2011-04-22 09:28:24-04:00,10.0
2011-04-22 09:28:27-04:00,10.0
2011-04-22 09:28:30-04:00,10.0
2011-04-22 09:28:33-04:00,10.0
2011-04-22 09:28:36-04:00,10.0
2011-04-22 09:28:39-04:00,10.0
2011-04-22 09:28:42-04:00,10.0
2011-04-22 09:28:45-04:00,10.0
2011-04-22 09:28:48-04:00,10.0
2011-04-22 09:28:51-04:00,10.0
2011-04-22 09:28:54-04:00,10.0
2011-04-22 09:28:57-04:00,10.0
2011-04-22 09:29:00-04:00,10.0
2011-04-22 09:29:03-04:00,10.0
2011-04-22 09:29:06-04:00,10.0
2011-04-22 09:29:09-04:00,10.0
2011-04-22 09:29:12-04:00,10.0
2011-04-22 09:29:15-04:00,10.0
2011-04-22 09:29:18-04:00,10.0
2011-04-22 09:29:21-04:00,10.0
2011-04-22 09:29:24-04:00,10.0
2011-04-22 09:29:27-04:00,10.0
2011-04-22 09:29:30-04:00,10.0
2011-04-22 09:29:33-04:00,10.0
2011-04-22 09:29:36-04:00,10.0
2011-04-22 09:29:39-04:00,10.0
2011-04-22 09:29:42-04:00,10.0
2011-04-22 09:29:45-04:00,10.0
2011-04-22 09:29:48-04:00,10.0
2011-04-22 09:29:51-04:00,10.0
2011-04-22 09:29:54-04:00,10.0
2011-04-22 09:29:57-04:00,10.0
2011-04-22 09:30:00-04:00,10.0
2011-04-22 09:30:03-04:00,10.0
2011-04-22 09:30:06-04:00,10.0
2011-04-22 09:30:09-04:00,10.0
2011-04-22 09:30:12-04:00,10.0
2011-04-22 09:30:15-04:00,10.0
2011-04-22 09:30:18-04:00,10.0
2011-04-22 09:30:21-04:00,10.0
2011-04-22 09:30:24-04:00,10.333333333333334
2011-04-22 09:30:27-04:00,10.88888888888889
2011-04-22 09:30:30-04:00,10.555555555555555
2011-04-22 09:30:33-04:00,10.222222222222221
2011-04-22 09:30:36-04:00,10.0
2011-04-22 09:30:39-04:00,10.0
2011-04-22 09:30:42-04:00,10.0
2011-04-22 09:30:45-04:00,10.0
2011-04-22 09:30:48-04:00,10.0
2011-04-22 09:30:51-04:00,10.0
2011-04-22 09:30:54-04:00,10.666666666666666
2011-04-22 09:30:57-04:00,10.5
2011-04-22 09:31:00-04:00,10.0
2011-04-22 09:31:03-04:00,10.0
2011-04-22 09:31:06-04:00,10.0
2011-04-22 09:31:09-04:00,10.0
2011-04-22 09:31:12-04:00,10.0
2011-04-22 09:31:15-04:00,10.0
2011-04-22 09:31:18-04:00,10.0
2011-04-22 09:31:21-04:00,10.0
2011-04-22 09:31:24-04:00,10.0
2011-04-22 09:31:27-04:00,10.0
2011-04-22 09:31:30-04:00,10.0
2011-04-22 09:31:33-04:00,10.0
2011-04-22 09:31:36-04:00,10.0
2011-04-22 09:31:39-04:00,10.0
2011-04-22 09:31:42-04:00,10.0
2011-04-22 09:31:45-04:00,10.0
2011-04-22 09:31:48-04:00,10.0
2011-04-22 09:31:51-04:00,10.5
2011-04-22 09:31:54-04:00,10.666666666666666
2011-04-22 09:31:57-04:00,10.0
2011-04-22 09:32:00-04:00,10.0
2011-04-22 09:32:03-04:00,10.0
2011-04-22 09:32:06-04:00,10.0
2011-04-22 09:32:09-04:00,10.0
2011-04-22 09:32:12-04:00,10.5
2011-04-22 09:32:15-04:00,10.666666666666666
2011-04-22 09:32:18-04:00,10.0
2011-04-22 09:32:21-04:00,10.0
2011-04-22 09:32:24-04:00,10.0
2011-04-22 09:32:27-04:00,10.0
2011-04-22 09:32:30-04:00,10.0
2011-04-22 09:32:33-04:00,10.0
2011-04-22 09:32:36-04:00,10.0
2011-04-22 09:32:39-04:00,10.0
2011-04-22 09:32:42-04:00,10.0
2011-04-22 09:32:45-04:00,10.0
2011-04-22 09:32:48-04:00,10.0
2011-04-22 09:32:51-04:00,10.0
2011-04-22 09:32:54-04:00,10.0
2011-04-22 09:32:57-04:00,10.0
2011-04-22 09:33:00-04:00,10.0
2011-04-22 09:33:03-04:00,10.0
2011-04-22 09:33:06-04:00,10.0
2011-04-22 09:33:09-04:00,10.0
2011-04-22 09:33:12-04:00,10.0
2011-04-22 09:33:15-04:00,10.0
2011-04-22 09:33:18-04:00,10.0
2011-04-22 09:33:21-04:00,10.0
2011-04-22 09:33:24-04:00,10.0
2011-04-22 09:33:27-04:00,10.0
2011-04-22 09:33:30-04:00,10.0
2011-04-22 09:33:33-04:00,10.0
2011-04-22 09:33:36-04:00,10.0
2011-04-22 09:33:39-04:00,10.0
2011-04-22 09:33:42-04:00,10.0
2011-04-22 09:33:45-04:00,10.0
2011-04-22 09:33:48-04:00,10.0
2011-04-22 09:33:51-04:00,10.0
2011-04-22 09:33:54-04:00,10.0
2011-04-22 09:33:57-04:00,10.0
2011-04-22 09:34:00-04:00,10.0
2011-04-22 09:34:03-04:00,10.0
2011-04-22 09:34:06-04:00,10.0
2011-04-22 09:34:09-04:00,10.0
2011-04-22 09:34:12-04:00,10.0
2011-04-22 09:34:15-04:00,10.0
2011-04-22 09:34:18-04:00,10.0
2011-04-22 09:34:21-04:00,10.0
2011-04-22 09:34:24-04:00,10.0
2011-04-22 09:34:27-04:00,10.0
2011-04-22 09:34:30-04:00,10.0
2011-04-22 09:34:33-04:00,10.0
2011-04-22 09:34:36-04:00,10.0
2011-04-22 09:34:39-04:00,10.0
2011-04-22 09:34:42-04:00,10.0
2011-04-22 09:34:45-04:00,10.0
2011-04-22 09:34:48-04:00,10.0
2011-04-22 09:34:51-04:00,10.0
2011-04-22 09:34:54-04:00,10.0
2011-04-22 09:34:57-04:00,10.0
2011-04-22 09:35:00-04:00,10.0
2011-04-22 09:35:03-04:00,10.0
2011-04-22 09:35:06-04:00,10.0
2011-04-22 09:35:09-04:00,10.0
2011-04-22 09:35:12-04:00,10.0
2011-04-22 09:35:15-04:00,10.0
2011-04-22 09:35:18-04:00,10.0
2011-04-22 09:35:21-04:00,10.0
2011-04-22 09:35:24-04:00,10.0
2011-04-22 09:35:27-04:00,10.0
2011-04-22 09:35:30-04:00,10.0
2011-04-22 09:35:33-04:00,10.0
2011-04-22 09:35:36-04:00,10.0
2011-04-22 09:35:39-04:00,10.0
2011-04-22 09:35:42-04:00,10.0
2011-04-22 09:35:45-04:00,10.0
2011-04-22 09:35:48-04:00,10.0
2011-04-22 09:35:51-04:00,10.0
2011-04-22 09:35:54-04:00,10.0
2011-04-22 09:35:57-04:00,10.0
2011-04-22 09:36:00-04:00,10.0
2011-04-22 09:36:03-04:00,10.0
2011-04-22 09:36:06-04:00,10.0
2011-04-22 09:36:09-04:00,10.0
2011-04-22 09:36:12-04:00,10.0
2011-04-22 09:36:15-04:00,10.0
2011-04-22 09:36:18-04:00,10.0
2011-04-22 09:36:21-04:00,10.0
2011-04-22 09:36:24-04:00,10.0
2011-04-22 09:36:27-04:00,10.0
2011-04-22 09:36:30-04:00,10.0
2011-04-22 09:36:33-04:00,10.0
2011-04-22 09:36:36-04:00,10.0
2011-04-22 09:36:39-04:00,10.0
2011-04-22 09:36:42-04:00,10.0
2011-04-22 09:36:45-04:00,10.0
2011-04-22 09:36:48-04:00,10.0
2011-04-22 09:36:51-04:00,10.0
2011-04-22 09:36:54-04:00,10.0
2011-04-22 09:36:57-04:00,10.0
2011-04-22 09:37:00-04:00,10.0
2011-04-22 09:37:03-04:00,10.0
2011-04-22 09:37:06-04:00,10.0
2011-04-22 09:37:09-04:00,10.0
2011-04-22 09:37:12-04:00,10.25
2011-04-22 09:37:15-04:00,11.0
2011-04-22 09:37:18-04:00,10.0
2011-04-22 09:37:21-04:00,10.0
2011-04-22 09:37:24-04:00,10.0
2011-04-22 09:37:27-04:00,10.0
2011-04-22 09:37:30-04:00,10.0
2011-04-22 09:37:33-04:00,10.0
2011-04-22 09:37:36-04:00,10.0
2011-04-22 09:37:39-04:00,10.5
2011-04-22 09:37:42-04:00,10.666666666666666
2011-04-22 09:37:45-04:00,10.333333333333334
2011-04-22 09:37:48-04:00,10.75
2011-04-22 09:37:51-04:00,10.0
2011-04-22 09:37:54-04:00,10.75
2011-04-22 09:37:57-04:00,11.0
2011-04-22 09:38:00-04:00,10.5
2011-04-22 09:38:03-04:00,10.0
2011-04-22 09:38:06-04:00,10.25
2011-04-22 09:38:09-04:00,11.0
2011-04-22 09:38:12-04:00,10.0
2011-04-22 09:38:15-04:00,10.0
2011-04-22 09:38:18-04:00,10.0
2011-04-22 09:38:21-04:00,10.0
2011-04-22 09:38:24-04:00,10.5
2011-04-22 09:38:27-04:00,10.88888888888889
2011-04-22 09:38:30-04:00,10.555555555555555
2011-04-22 09:38:33-04:00,10.222222222222221
2011-04-22 09:38:36-04:00,10.333333333333334
2011-04-22 09:38:39-04:00,10.666666666666666
2011-04-22 09:38:42-04:00,10.25
2011-04-22 09:38:45-04:00,11.0
2011-04-22 09:38:48-04:00,11.0
2011-04-22 09:38:51-04:00,11.0
2011-04-22 09:38:54-04:00,10.333333333333334
2011-04-22 09:38:57-04:00,10.5
2011-04-22 09:39:00-04:00,11.0
2011-04-22 09:39:03-04:00,10.666666666666666
2011-04-22 09:39:06-04:00,10.0
2011-04-22 09:39:09-04:00,10.0
2011-04-22 09:39:12-04:00,10.0
2011-04-22 09:39:15-04:00,10.0
2011-04-22 09:39:18-04:00,10.0
2011-04-22 09:39:21-04:00,10.0
2011-04-22 09:39:24-04:00,10.25
2011-04-22 09:39:27-04:00,11.0
2011-04-22 09:39:30-04:00,11.0
2011-04-22 09:39:33-04:00,11.0
2011-04-22 09:39:36-04:00,11.0
2011-04-22 09:39:39-04:00,10.0
2011-04-22 09:39:42-04:00,11.0
2011-04-22 09:39:45-04:00,11.0
2011-04-22 09:39:48-04:00,10.5
2011-04-22 09:39:51-04:00,10.0
2011-04-22 09:39:54-04:00,10.0
2011-04-22 09:39:57-04:00,10.0
2011-04-22 09:40:00-04:00,10.0
2011-04-22 09:40:03-04:00,10.0
2011-04-22 09:40:06-04:00,10.0
2011-04-22 09:40:09-04:00,10.0
2011-04-22 09:40:12-04:00,10.0
2011-04-22 09:40:15-04:00,10.0
2011-04-22 09:40:18-04:00,10.0
2011-04-22 09:40:21-04:00,10.0
2011-04-22 09:40:24-04:00,10.0
2011-04-22 09:40:27-04:00,10.0
2011-04-22 09:40:30-04:00,10.0
2011-04-22 09:40:33-04:00,10.0
2011-04-22 09:40:36-04:00,10.0
2011-04-22 09:40:39-04:00,10.0
2011-04-22 09:40:42-04:00,10.0
2011-04-22 09:40:45-04:00,10.0
2011-04-22 09:40:48-04:00,10.0
2011-04-22 09:40:51-04:00,10.0
2011-04-22 09:40:54-04:00,10.0
2011-04-22 09:40:57-04:00,10.0
2011-04-22 09:41:00-04:00,10.0
2011-04-22 09:41:03-04:00,10.0
2011-04-22 09:41:06-04:00,10.5
2011-04-22 09:41:09-04:00,11.0
2011-04-22 09:41:12-04:00,11.0
2011-04-22 09:41:15-04:00,11.0
2011-04-22 09:41:18-04:00,10.0
2011-04-22 09:41:21-04:00,10.0
2011-04-22 09:41:24-04:00,10.0
2011-04-22 09:41:27-04:00,10.0
2011-04-22 09:41:30-04:00,10.0
2011-04-22 09:41:33-04:00,10.0
2011-04-22 09:41:36-04:00,10.0
2011-04-22 09:41:39-04:00,10.0
2011-04-22 09:41:42-04:00,10.25
2011-04-22 09:41:45-04:00,11.0
2011-04-22 09:41:48-04:00,10.0
2011-04-22 09:41:51-04:00,10.0
2011-04-22 09:41:54-04:00,10.0
2011-04-22 09:41:57-04:00,10.0
2011-04-22 09:42:00-04:00,10.0
2011-04-22 09:42:03-04:00,10.0
2011-04-22 09:42:06-04:00,10.0
2011-04-22 09:42:09-04:00,10.0
2011-04-22 09:42:12-04:00,11.0
2011-04-22 09:42:15-04:00,11.0
2011-04-22 09:42:18-04:00,10.333333333333334
2011-04-22 09:42:21-04:00,10.0
2011-04-22 09:42:24-04:00,10.5
2011-04-22 09:42:27-04:00,10.88888888888889
2011-04-22 09:42:30-04:00,10.555555555555555
2011-04-22 09:42:33-04:00,10.222222222222221
2011-04-22 09:42:36-04:00,10.0
2011-04-22 09:42:39-04:00,10.0
2011-04-22 09:42:42-04:00,10.0
2011-04-22 09:42:45-04:00,10.0
2011-04-22 09:42:48-04:00,10.0
2011-04-22 09:42:51-04:00,10.75
2011-04-22 09:42:54-04:00,10.5
2011-04-22 09:42:57-04:00,10.0
2011-04-22 09:43:00-04:00,10.0
2011-04-22 09:43:03-04:00,10.0
2011-04-22 09:43:06-04:00,10.0
2011-04-22 09:43:09-04:00,10.75
2011-04-22 09:43:12-04:00,11.0
2011-04-22 09:43:15-04:00,10.666666666666666
2011-04-22 09:43:18-04:00,10.0
2011-04-22 09:43:21-04:00,10.0
2011-04-22 09:43:24-04:00,10.0
2011-04-22 09:43:27-04:00,11.0
2011-04-22 09:43:30-04:00,11.0
2011-04-22 09:43:33-04:00,11.0
2011-04-22 09:43:36-04:00,11.0
2011-04-22 09:43:39-04:00,10.25
2011-04-22 09:43:42-04:00,10.0
2011-04-22 09:43:45-04:00,10.666666666666666
2011-04-22 09:43:48-04:00,10.5
2011-04-22 09:43:51-04:00,10.333333333333334
2011-04-22 09:43:54-04:00,11.0
2011-04-22 09:43:57-04:00,11.0
2011-04-22 09:44:00-04:00,10.0
2011-04-22 09:44:03-04:00,10.75
2011-04-22 09:44:06-04:00,10.333333333333334
2011-04-22 09:44:09-04:00,10.666666666666666
2011-04-22 09:44:12-04:00,10.5
2011-04-22 09:44:15-04:00,10.333333333333334
2011-04-22 09:44:18-04:00,11.0
2011-04-22 09:44:21-04:00,11.0
2011-04-22 09:44:24-04:00,11.0
2011-04-22 09:44:27-04:00,10.25
2011-04-22 09:44:30-04:00,10.0
2011-04-22 09:44:33-04:00,10.0
2011-04-22 09:44:36-04:00,10.0
2011-04-22 09:44:39-04:00,10.0
2011-04-22 09:44:42-04:00,10.0
2011-04-22 09:44:45-04:00,10.5
2011-04-22 09:44:48-04:00,10.666666666666666
2011-04-22 09:44:51-04:00,10.25
2011-04-22 09:44:54-04:00,11.0
2011-04-22 09:44:57-04:00,11.0
2011-04-22 09:45:00-04:00,10.25
2011-04-22 09:45:03-04:00,10.0
2011-04-22 09:45:06-04:00,10.5
2011-04-22 09:45:09-04:00,10.666666666666666
2011-04-22 09:45:12-04:00,10.0
2011-04-22 09:45:15-04:00,10.0
2011-04-22 09:45:18-04:00,10.0
2011-04-22 09:45:21-04:00,11.0
2011-04-22 09:45:24-04:00,10.25
2011-04-22 09:45:27-04:00,10.666666666666666
2011-04-22 09:45:30-04:00,11.0
2011-04-22 09:45:33-04:00,11.0
2011-04-22 09:45:36-04:00,11.0
2011-04-22 09:45:39-04:00,10.333333333333334
2011-04-22 09:45:42-04:00,10.0
2011-04-22 09:45:45-04:00,10.0
2011-04-22 09:45:48-04:00,10.0
2011-04-22 09:45:51-04:00,10.0
2011-04-22 09:45:54-04:00,10.0
2011-04-22 09:45:57-04:00,10.0
2011-04-22 09:46:00-04:00,10.0
2011-04-22 09:46:03-04:00,10.0
2011-04-22 09:46:06-04:00,10.0
2011-04-22 09:46:09-04:00,10.0
2011-04-22 09:46:12-04:00,10.0
2011-04-22 09:46:15-04:00,10.0
2011-04-22 09:46:18-04:00,11.0
2011-04-22 09:46:21-04:00,10.0
2011-04-22 09:46:24-04:00,10.0
2011-04-22 09:46:27-04:00,10.0
2011-04-22 09:46:30-04:00,10.0
2011-04-22 09:46:33-04:00,10.0
2011-04-22 09:46:36-04:00,10.0
2011-04-22 09:46:39-04:00,10.0
2011-04-22 09:46:42-04:00,10.0
2011-04-22 09:46:45-04:00,10.0
2011-04-22 09:46:48-04:00,10.0
2011-04-22 09:46:51-04:00,10.0
2011-04-22 09:46:54-04:00,10.0
2011-04-22 09:46:57-04:00,10.0
2011-04-22 09:47:00-04:00,10.0
2011-04-22 09:47:03-04:00,10.0
2011-04-22 09:47:06-04:00,10.0
2011-04-22 09:47:09-04:00,10.333333333333334
2011-04-22 09:47:12-04:00,10.75
2011-04-22 09:47:15-04:00,10.0
2011-04-22 09:47:18-04:00,10.0
2011-04-22 09:47:21-04:00,10.0
2011-04-22 09:47:24-04:00,10.0
2011-04-22 09:47:27-04:00,10.0
2011-04-22 09:47:30-04:00,10.0
2011-04-22 09:47:33-04:00,10.0
2011-04-22 09:47:36-04:00,10.0
2011-04-22 09:47:39-04:00,10.0
2011-04-22 09:47:42-04:00,10.5
2011-04-22 09:47:45-04:00,10.666666666666666
2011-04-22 09:47:48-04:00,10.0
2011-04-22 09:47:51-04:00,10.0
2011-04-22 09:47:54-04:00,10.0
2011-04-22 09:47:57-04:00,11.0
2011-04-22 09:48:00-04:00,10.25
2011-04-22 09:48:03-04:00,10.0
2011-04-22 09:48:06-04:00,10.0
2011-04-22 09:48:09-04:00,10.0
2011-04-22 09:48:12-04:00,10.0
2011-04-22 09:48:15-04:00,10.0
2011-04-22 09:48:18-04:00,10.0
2011-04-22 09:48:21-04:00,10.0
2011-04-22 09:48:24-04:00,10.0
2011-04-22 09:48:27-04:00,10.0
2011-04-22 09:48:30-04:00,10.0
2011-04-22 09:48:33-04:00,10.0
2011-04-22 09:48:36-04:00,10.0
2011-04-22 09:48:39-04:00,10.0
2011-04-22 09:48:42-04:00,10.0
2011-04-22 09:48:45-04:00,10.0
2011-04-22 09:48:48-04:00,10.0
2011-04-22 09:48:51-04:00,10.0
2011-04-22 09:48:54-04:00,10.0
2011-04-22 09:48:57-04:00,10.0
2011-04-22 09:49:00-04:00,10.0
2011-04-22 09:49:03-04:00,10.0
2011-04-22 09:49:06-04:00,10.0
2011-04-22 09:49:09-04:00,10.0
2011-04-22 09:49:12-04:00,10.0
2011-04-22 09:49:15-04:00,10.0
2011-04-22 09:49:18-04:00,10.0
2011-04-22 09:49:21-04:00,10.0
2011-04-22 09:49:24-04:00,10.0
2011-04-22 09:49:27-04:00,10.0
2011-04-22 09:49:30-04:00,10.0
2011-04-22 09:49:33-04:00,10.0
2011-04-22 09:49:36-04:00,10.0
2011-04-22 09:49:39-04:00,10.0
2011-04-22 09:49:42-04:00,10.0
2011-04-22 09:49:45-04:00,10.0
2011-04-22 09:49:48-04:00,10.0
2011-04-22 09:49:51-04:00,10.0
2011-04-22 09:49:54-04:00,10.0
2011-04-22 09:49:57-04:00,10.0
2011-04-22 09:50:00-04:00,10.0
2011-04-22 09:50:03-04:00,10.0
2011-04-22 09:50:06-04:00,10.0
2011-04-22 09:50:09-04:00,10.0
2011-04-22 09:50:12-04:00,10.0
2011-04-22 09:50:15-04:00,10.0
2011-04-22 09:50:18-04:00,10.0
2011-04-22 09:50:21-04:00,10.0
2011-04-22 09:50:24-04:00,10.0
2011-04-22 09:50:27-04:00,10.0
2011-04-22 09:50:30-04:00,10.0
2011-04-22 09:50:33-04:00,10.0
2011-04-22 09:50:36-04:00,10.0
2011-04-22 09:50:39-04:00,10.0
2011-04-22 09:50:42-04:00,10.0
2011-04-22 09:50:45-04:00,10.0
2011-04-22 09:50:48-04:00,10.0
2011-04-22 09:50:51-04:00,10.0
2011-04-22 09:50:54-04:00,10.0
2011-04-22 09:50:57-04:00,10.0
2011-04-22 09:51:00-04:00,10.0
2011-04-22 09:51:03-04:00,10.0
2011-04-22 09:51:06-04:00,10.0
2011-04-22 09:51:09-04:00,10.0
2011-04-22 09:51:12-04:00,10.0
2011-04-22 09:51:15-04:00,10.0
2011-04-22 09:51:18-04:00,10.0
2011-04-22 09:51:21-04:00,10.0
2011-04-22 09:51:24-04:00,10.0
2011-04-22 09:51:27-04:00,10.0
2011-04-22 09:51:30-04:00,10.0
2011-04-22 09:51:33-04:00,10.0
2011-04-22 09:51:36-04:00,10.0
2011-04-22 09:51:39-04:00,10.0
2011-04-22 09:51:42-04:00,10.0
2011-04-22 09:51:45-04:00,10.0
2011-04-22 09:51:48-04:00,10.0
2011-04-22 09:51:51-04:00,10.0
2011-04-22 09:51:54-04:00,10.0
2011-04-22 09:51:57-04:00,10.0
2011-04-22 09:52:00-04:00,10.0
2011-04-22 09:52:03-04:00,10.0
2011-04-22 09:52:06-04:00,10.0
2011-04-22 09:52:09-04:00,10.0
2011-04-22 09:52:12-04:00,10.0
2011-04-22 09:52:15-04:00,10.0
2011-04-22 09:52:18-04:00,10.0
2011-04-22 09:52:21-04:00,10.0
2011-04-22 09:52:24-04:00,10.0
2011-04-22 09:52:27-04:00,10.0
2011-04-22 09:52:30-04:00,10.0
2011-04-22 09:52:33-04:00,10.0
2011-04-22 09:52:36-04:00,10.0
2011-04-22 09:52:39-04:00,10.0
2011-04-22 09:52:42-04:00,10.0
2011-04-22 09:52:45-04:00,10.0
2011-04-22 09:52:48-04:00,10.0
2011-04-22 09:52:51-04:00,10.0
2011-04-22 09:52:54-04:00,10.0
2011-04-22 09:52:57-04:00,10.0
2011-04-22 09:53:00-04:00,10.0
2011-04-22 09:53:03-04:00,10.0
2011-04-22 09:53:06-04:00,10.0
2011-04-22 09:53:09-04:00,10.0
2011-04-22 09:53:12-04:00,10.0
2011-04-22 09:53:15-04:00,10.0
2011-04-22 09:53:18-04:00,10.0
2011-04-22 09:53:21-04:00,10.0
2011-04-22 09:53:24-04:00,10.0
2011-04-22 09:53:27-04:00,10.0
2011-04-22 09:53:30-04:00,10.0
2011-04-22 09:53:33-04:00,10.0
2011-04-22 09:53:36-04:00,10.0
2011-04-22 09:53:39-04:00,10.0
2011-04-22 09:53:42-04:00,10.0
2011-04-22 09:53:45-04:00,10.0
2011-04-22 09:53:48-04:00,10.0
2011-04-22 09:53:51-04:00,10.0
2011-04-22 09:53:54-04:00,10.0
2011-04-22 09:53:57-04:00,10.0
2011-04-22 09:54:00-04:00,10.0
2011-04-22 09:54:03-04:00,10.0
2011-04-22 09:54:06-04:00,10.0
2011-04-22 09:54:09-04:00,10.0
2011-04-22 09:54:12-04:00,10.0
2011-04-22 09:54:15-04:00,10.0
2011-04-22 09:54:18-04:00,10.0
2011-04-22 09:54:21-04:00,10.0
2011-04-22 09:54:24-04:00,10.0
2011-04-22 09:54:27-04:00,10.0
2011-04-22 09:54:30-04:00,10.0
2011-04-22 09:54:33-04:00,10.0
2011-04-22 09:54:36-04:00,10.0
2011-04-22 09:54:39-04:00,10.0
2011-04-22 09:54:42-04:00,10.0
2011-04-22 09:54:45-04:00,10.0
2011-04-22 09:54:48-04:00,10.0
2011-04-22 09:54:51-04:00,10.0
2011-04-22 09:54:54-04:00,10.0
2011-04-22 09:54:57-04:00,10.0
2011-04-22 09:55:00-04:00,10.0
2011-04-22 09:55:03-04:00,10.0
2011-04-22 09:55:06-04:00,10.0
2011-04-22 09:55:09-04:00,10.0
2011-04-22 09:55:12-04:00,10.0
2011-04-22 09:55:15-04:00,10.0
2011-04-22 09:55:18-04:00,10.0
2011-04-22 09:55:21-04:00,10.0
2011-04-22 09:55:24-04:00,10.0
2011-04-22 09:55:27-04:00,10.0
2011-04-22 09:55:30-04:00,10.0
2011-04-22 09:55:33-04:00,10.0
2011-04-22 09:55:36-04:00,10.0
2011-04-22 09:55:39-04:00,10.0
2011-04-22 09:55:42-04:00,10.0
2011-04-22 09:55:45-04:00,10.0
2011-04-22 09:55:48-04:00,10.0
2011-04-22 09:55:51-04:00,10.0
2011-04-22 09:55:54-04:00,10.0
2011-04-22 09:55:57-04:00,10.0
2011-04-22 09:56:00-04:00,10.0
2011-04-22 09:56:03-04:00,10.0
2011-04-22 09:56:06-04:00,10.0
2011-04-22 09:56:09-04:00,10.0
2011-04-22 09:56:12-04:00,10.0
2011-04-22 09:56:15-04:00,10.0
2011-04-22 09:56:18-04:00,10.0
2011-04-22 09:56:21-04:00,10.0
2011-04-22 09:56:24-04:00,10.0
2011-04-22 09:56:27-04:00,10.0
2011-04-22 09:56:30-04:00,10.0
2011-04-22 09:56:33-04:00,10.0
2011-04-22 09:56:36-04:00,10.0
2011-04-22 09:56:39-04:00,10.0
2011-04-22 09:56:42-04:00,10.0
2011-04-22 09:56:45-04:00,10.0
2011-04-22 09:56:48-04:00,10.0
2011-04-22 09:56:51-04:00,10.0
2011-04-22 09:56:54-04:00,10.0
2011-04-22 09:56:57-04:00,10.0
2011-04-22 09:57:00-04:00,10.0
2011-04-22 09:57:03-04:00,10.0
2011-04-22 09:57:06-04:00,10.0
2011-04-22 09:57:09-04:00,10.0
2011-04-22 09:57:12-04:00,10.0
2011-04-22 09:57:15-04:00,10.0
2011-04-22 09:57:18-04:00,10.0
2011-04-22 09:57:21-04:00,10.0
2011-04-22 09:57:24-04:00,10.0
2011-04-22 09:57:27-04:00,10.0
2011-04-22 09:57:30-04:00,10.0
2011-04-22 09:57:33-04:00,10.0
2011-04-22 09:57:36-04:00,10.0
2011-04-22 09:57:39-04:00,10.0
2011-04-22 09:57:42-04:00,10.0
2011-04-22 09:57:45-04:00,10.0
2011-04-22 09:57:48-04:00,10.0
2011-04-22 09:57:51-04:00,10.0
2011-04-22 09:57:54-04:00,10.0
2011-04-22 09:57:57-04:00,10.0
2011-04-22 09:58:00-04:00,10.0
2011-04-22 09:58:03-04:00,10.0
2011-04-22 09:58:06-04:00,10.0
2011-04-22 09:58:09-04:00,10.0
2011-04-22 09:58:12-04:00,10.0
2011-04-22 09:58:15-04:00,10.0
2011-04-22 09:58:18-04:00,10.0
2011-04-22 09:58:21-04:00,10.0
2011-04-22 09:58:24-04:00,10.0
2011-04-22 09:58:27-04:00,10.0
2011-04-22 09:58:30-04:00,10.0
2011-04-22 09:58:33-04:00,10.0
2011-04-22 09:58:36-04:00,10.0
2011-04-22 09:58:39-04:00,10.0
2011-04-22 09:58:42-04:00,10.0
2011-04-22 09:58:45-04:00,10.0
2011-04-22 09:58:48-04:00,10.0
2011-04-22 09:58:51-04:00,10.0
2011-04-22 09:58:54-04:00,10.0
2011-04-22 09:58:57-04:00,10.0
2011-04-22 09:59:00-04:00,10.0
2011-04-22 09:59:03-04:00,10.0
2011-04-22 09:59:06-04:00,10.0
2011-04-22 09:59:09-04:00,10.0
2011-04-22 09:59:12-04:00,10.0
2011-04-22 09:59:15-04:00,10.0
2011-04-22 09:59:18-04:00,10.0
2011-04-22 09:59:21-04:00,10.0
2011-04-22 09:59:24-04:00,10.0
2011-04-22 09:59:27-04:00,10.0
2011-04-22 09:59:30-04:00,10.222222222222221
2011-04-22 09:59:33-04:00,10.555555555555555
2011-04-22 09:59:36-04:00,10.88888888888889
2011-04-22 09:59:39-04:00,10.5
2011-04-22 09:59:42-04:00,10.0
2011-04-22 09:59:45-04:00,10.0
2011-04-22 09:59:48-04:00,10.0
2011-04-22 09:59:51-04:00,10.0
2011-04-22 09:59:54-04:00,10.0
2011-04-22 09:59:57-04:00,10.0
2011-04-22 10:00:00-04:00,10.0
2011-04-22 10:00:03-04:00,10.0
2011-04-22 10:00:06-04:00,10.0
2011-04-22 10:00:09-04:00,10.0
2011-04-22 10:00:12-04:00,10.0
2011-04-22 10:00:15-04:00,10.0
2011-04-22 10:00:18-04:00,10.0
2011-04-22 10:00:21-04:00,10.0
2011-04-22 10:00:24-04:00,10.0
2011-04-22 10:00:27-04:00,10.0
2011-04-22 10:00:30-04:00,10.0
2011-04-22 10:00:33-04:00,10.0
2011-04-22 10:00:36-04:00,10.0
2011-04-22 10:00:39-04:00,10.0
2011-04-22 10:00:42-04:00,10.0
2011-04-22 10:00:45-04:00,10.0
2011-04-22 10:00:48-04:00,10.0
2011-04-22 10:00:51-04:00,10.0
2011-04-22 10:00:54-04:00,10.0
2011-04-22 10:00:57-04:00,10.0
2011-04-22 10:01:00-04:00,10.0
2011-04-22 10:01:03-04:00,10.0
2011-04-22 10:01:06-04:00,10.0
2011-04-22 10:01:09-04:00,10.0
2011-04-22 10:01:12-04:00,10.0
2011-04-22 10:01:15-04:00,10.0
2011-04-22 10:01:18-04:00,10.0
2011-04-22 10:01:21-04:00,10.0
2011-04-22 10:01:24-04:00,10.0
2011-04-22 10:01:27-04:00,10.0
2011-04-22 10:01:30-04:00,10.0
2011-04-22 10:01:33-04:00,10.0
2011-04-22 10:01:36-04:00,10.0
2011-04-22 10:01:39-04:00,10.0
2011-04-22 10:01:42-04:00,10.0
2011-04-22 10:01:45-04:00,10.0
2011-04-22 10:01:48-04:00,10.0
2011-04-22 10:01:51-04:00,10.0
2011-04-22 10:01:54-04:00,10.0
2011-04-22 10:01:57-04:00,10.0
2011-04-22 10:02:00-04:00,10.0
2011-04-22 10:02:03-04:00,10.0
2011-04-22 10:02:06-04:00,10.0
2011-04-22 10:02:09-04:00,10.0
2011-04-22 10:02:12-04:00,10.0
2011-04-22 10:02:15-04:00,10.0
2011-04-22 10:02:18-04:00,10.0
2011-04-22 10:02:21-04:00,10.0
2011-04-22 10:02:24-04:00,10.0
2011-04-22 10:02:27-04:00,10.0
2011-04-22 10:02:30-04:00,10.0
2011-04-22 10:02:33-04:00,10.0
2011-04-22 10:02:36-04:00,10.0
2011-04-22 10:02:39-04:00,10.0
2011-04-22 10:02:42-04:00,10.0
2011-04-22 10:02:45-04:00,10.0
2011-04-22 10:02:48-04:00,10.0
2011-04-22 10:02:51-04:00,10.666666666666666
2011-04-22 10:02:54-04:00,10.5
2011-04-22 10:02:57-04:00,10.0
2011-04-22 10:03:00-04:00,10.0
2011-04-22 10:03:03-04:00,10.0
2011-04-22 10:03:06-04:00,10.0
2011-04-22 10:03:09-04:00,10.0
2011-04-22 10:03:12-04:00,10.0
2011-04-22 10:03:15-04:00,10.0
2011-04-22 10:03:18-04:00,10.0
2011-04-22 10:03:21-04:00,10.0
2011-04-22 10:03:24-04:00,10.0
2011-04-22 10:03:27-04:00,10.0
2011-04-22 10:03:30-04:00,10.0
2011-04-22 10:03:33-04:00,10.0
2011-04-22 10:03:36-04:00,10.0
2011-04-22 10:03:39-04:00,10.0
2011-04-22 10:03:42-04:00,10.0
2011-04-22 10:03:45-04:00,10.0
2011-04-22 10:03:48-04:00,10.0
2011-04-22 10:03:51-04:00,10.0
2011-04-22 10:03:54-04:00,10.0
2011-04-22 10:03:57-04:00,10.0
2011-04-22 10:04:00-04:00,10.0
2011-04-22 10:04:03-04:00,10.0
2011-04-22 10:04:06-04:00,10.0
2011-04-22 10:04:09-04:00,10.0
2011-04-22 10:04:12-04:00,10.0
2011-04-22 10:04:15-04:00,10.0
2011-04-22 10:04:18-04:00,10.0
2011-04-22 10:04:21-04:00,10.0
2011-04-22 10:04:24-04:00,10.0
2011-04-22 10:04:27-04:00,10.0
2011-04-22 10:04:30-04:00,10.0
2011-04-22 10:04:33-04:00,10.0
2011-04-22 10:04:36-04:00,10.0
2011-04-22 10:04:39-04:00,11.0
2011-04-22 10:04:42-04:00,10.25
2011-04-22 10:04:45-04:00,10.0
2011-04-22 10:04:48-04:00,10.0
2011-04-22 10:04:51-04:00,10.0
2011-04-22 10:04:54-04:00,10.0
2011-04-22 10:04:57-04:00,10.0
2011-04-22 10:05:00-04:00,10.0
2011-04-22 10:05:03-04:00,10.0
2011-04-22 10:05:06-04:00,10.0
2011-04-22 10:05:09-04:00,10.0
2011-04-22 10:05:12-04:00,10.0
2011-04-22 10:05:15-04:00,10.0
2011-04-22 10:05:18-04:00,10.0
2011-04-22 10:05:21-04:00,10.0
2011-04-22 10:05:24-04:00,10.0
2011-04-22 10:05:27-04:00,10.0
2011-04-22 10:05:30-04:00,10.0
2011-04-22 10:05:33-04:00,10.0
2011-04-22 10:05:36-04:00,10.0
2011-04-22 10:05:39-04:00,10.0
2011-04-22 10:05:42-04:00,10.0
2011-04-22 10:05:45-04:00,10.0
2011-04-22 10:05:48-04:00,10.0
2011-04-22 10:05:51-04:00,10.0
2011-04-22 10:05:54-04:00,10.0
2011-04-22 10:05:57-04:00,10.0
2011-04-22 10:06:00-04:00,10.0
2011-04-22 10:06:03-04:00,10.0
2011-04-22 10:06:06-04:00,10.0
2011-04-22 10:06:09-04:00,10.0
2011-04-22 10:06:12-04:00,10.0
2011-04-22 10:06:15-04:00,10.0
2011-04-22 10:06:18-04:00,10.0
2011-04-22 10:06:21-04:00,10.0
2011-04-22 10:06:24-04:00,10.0
2011-04-22 10:06:27-04:00,10.0
2011-04-22 10:06:30-04:00,10.0
2011-04-22 10:06:33-04:00,10.0
2011-04-22 10:06:36-04:00,10.0
2011-04-22 10:06:39-04:00,10.0
2011-04-22 10:06:42-04:00,10.0
2011-04-22 10:06:45-04:00,10.0
2011-04-22 10:06:48-04:00,10.0
2011-04-22 10:06:51-04:00,10.0
2011-04-22 10:06:54-04:00,10.0
2011-04-22 10:06:57-04:00,10.0
2011-04-22 10:07:00-04:00,10.0
2011-04-22 10:07:03-04:00,10.0
2011-04-22 10:07:06-04:00,10.0
2011-04-22 10:07:09-04:00,10.0
2011-04-22 10:07:12-04:00,10.0
2011-04-22 10:07:15-04:00,10.0
2011-04-22 10:07:18-04:00,10.0
2011-04-22 10:07:21-04:00,10.0
2011-04-22 10:07:24-04:00,10.0
2011-04-22 10:07:27-04:00,10.0
2011-04-22 10:07:30-04:00,10.0
2011-04-22 10:07:33-04:00,10.0
2011-04-22 10:07:36-04:00,10.0
2011-04-22 10:07:39-04:00,10.0
2011-04-22 10:07:42-04:00,10.0
2011-04-22 10:07:45-04:00,10.0
2011-04-22 10:07:48-04:00,10.0
2011-04-22 10:07:51-04:00,10.0
2011-04-22 10:07:54-04:00,10.0
2011-04-22 10:07:57-04:00,10.0
2011-04-22 10:08:00-04:00,10.0
2011-04-22 10:08:03-04:00,10.5
2011-04-22 10:08:06-04:00,10.666666666666666
2011-04-22 10:08:09-04:00,10.0
2011-04-22 10:08:12-04:00,10.0
2011-04-22 10:08:15-04:00,10.0
2011-04-22 10:08:18-04:00,10.0
2011-04-22 10:08:21-04:00,10.0
2011-04-22 10:08:24-04:00,10.0
2011-04-22 10:08:27-04:00,10.0
2011-04-22 10:08:30-04:00,10.0
2011-04-22 10:08:33-04:00,10.0
2011-04-22 10:08:36-04:00,10.0
2011-04-22 10:08:39-04:00,10.0
2011-04-22 10:08:42-04:00,10.0
2011-04-22 10:08:45-04:00,10.0
2011-04-22 10:08:48-04:00,10.0
2011-04-22 10:08:51-04:00,10.0
2011-04-22 10:08:54-04:00,10.0
2011-04-22 10:08:57-04:00,10.0
2011-04-22 10:09:00-04:00,10.0
2011-04-22 10:09:03-04:00,10.0
2011-04-22 10:09:06-04:00,10.0
2011-04-22 10:09:09-04:00,10.0
2011-04-22 10:09:12-04:00,10.0
2011-04-22 10:09:15-04:00,10.0
2011-04-22 10:09:18-04:00,10.0
2011-04-22 10:09:21-04:00,10.0
2011-04-22 10:09:24-04:00,10.0
2011-04-22 10:09:27-04:00,10.0
2011-04-22 10:09:30-04:00,10.0
2011-04-22 10:09:33-04:00,10.0
2011-04-22 10:09:36-04:00,10.0
2011-04-22 10:09:39-04:00,10.0
2011-04-22 10:09:42-04:00,10.0
2011-04-22 10:09:45-04:00,10.0
2011-04-22 10:09:48-04:00,10.0
2011-04-22 10:09:51-04:00,10.0
2011-04-22 10:09:54-04:00,10.0
2011-04-22 10:09:57-04:00,10.0
2011-04-22 10:10:00-04:00,10.0
2011-04-22 10:10:03-04:00,10.0
2011-04-22 10:10:06-04:00,10.0
2011-04-22 10:10:09-04:00,10.0
2011-04-22 10:10:12-04:00,10.0
2011-04-22 10:10:15-04:00,10.0
2011-04-22 10:10:18-04:00,10.0
2011-04-22 10:10:21-04:00,10.0
2011-04-22 10:10:24-04:00,10.0
2011-04-22 10:10:27-04:00,10.0
2011-04-22 10:10:30-04:00,10.0
2011-04-22 10:10:33-04:00,10.0
2011-04-22 10:10:36-04:00,10.0
2011-04-22 10:10:39-04:00,10.0
2011-04-22 10:10:42-04:00,10.0
2011-04-22 10:10:45-04:00,10.0
2011-04-22 10:10:48-04:00,10.0
2011-04-22 10:10:51-04:00,10.0
2011-04-22 10:10:54-04:00,10.0
2011-04-22 10:10:57-04:00,10.0
2011-04-22 10:11:00-04:00,10.0
2011-04-22 10:11:03-04:00,10.0
2011-04-22 10:11:06-04:00,10.0
2011-04-22 10:11:09-04:00,10.0
2011-04-22 10:11:12-04:00,10.0
2011-04-22 10:11:15-04:00,10.0
2011-04-22 10:11:18-04:00,10.0
2011-04-22 10:11:21-04:00,10.0
2011-04-22 10:11:24-04:00,10.0
2011-04-22 10:11:27-04:00,10.0
2011-04-22 10:11:30-04:00,10.0
2011-04-22 10:11:33-04:00,10.0
2011-04-22 10:11:36-04:00,10.0
2011-04-22 10:11:39-04:00,10.0
2011-04-22 10:11:42-04:00,10.0
2011-04-22 10:11:45-04:00,10.0
2011-04-22 10:11:48-04:00,10.0
2011-04-22 10:11:51-04:00,10.0
2011-04-22 10:11:54-04:00,10.0
2011-04-22 10:11:57-04:00,10.0
2011-04-22 10:12:00-04:00,10.0
2011-04-22 10:12:03-04:00,10.0
2011-04-22 10:12:06-04:00,10.0
2011-04-22 10:12:09-04:00,10.0
2011-04-22 10:12:12-04:00,10.0
2011-04-22 10:12:15-04:00,10.0
2011-04-22 10:12:18-04:00,10.0
2011-04-22 10:12:21-04:00,10.0
2011-04-22 10:12:24-04:00,10.0
2011-04-22 10:12:27-04:00,10.0
2011-04-22 10:12:30-04:00,10.0
2011-04-22 10:12:33-04:00,10.0
2011-04-22 10:12:36-04:00,10.0
2011-04-22 10:12:39-04:00,10.0
2011-04-22 10:12:42-04:00,10.0
2011-04-22 10:12:45-04:00,10.0
2011-04-22 10:12:48-04:00,10.0
2011-04-22 10:12:51-04:00,10.0
2011-04-22 10:12:54-04:00,10.0
2011-04-22 10:12:57-04:00,10.0
2011-04-22 10:13:00-04:00,10.0
2011-04-22 10:13:03-04:00,10.0
2011-04-22 10:13:06-04:00,10.0
2011-04-22 10:13:09-04:00,10.0
2011-04-22 10:13:12-04:00,10.0
2011-04-22 10:13:15-04:00,10.0
2011-04-22 10:13:18-04:00,10.0
2011-04-22 10:13:21-04:00,10.0
2011-04-22 10:13:24-04:00,10.0
2011-04-22 10:13:27-04:00,10.0
2011-04-22 10:13:30-04:00,10.0
2011-04-22 10:13:33-04:00,10.0
2011-04-22 10:13:36-04:00,10.0
2011-04-22 10:13:39-04:00,10.0
2011-04-22 10:13:42-04:00,10.0
2011-04-22 10:13:45-04:00,10.0
2011-04-22 10:13:48-04:00,10.0
2011-04-22 10:13:51-04:00,10.0
2011-04-22 10:13:54-04:00,10.0
2011-04-22 10:13:57-04:00,10.0
2011-04-22 10:14:00-04:00,10.0
2011-04-22 10:14:03-04:00,10.0
2011-04-22 10:14:06-04:00,10.0
2011-04-22 10:14:09-04:00,10.0
2011-04-22 10:14:12-04:00,10.0
2011-04-22 10:14:15-04:00,10.0
2011-04-22 10:14:18-04:00,10.0
2011-04-22 10:14:21-04:00,10.0
2011-04-22 10:14:24-04:00,10.0
2011-04-22 10:14:27-04:00,10.0
2011-04-22 10:14:30-04:00,10.0
2011-04-22 10:14:33-04:00,10.0
2011-04-22 10:14:36-04:00,10.0
2011-04-22 10:14:39-04:00,10.0
2011-04-22 10:14:42-04:00,10.0
2011-04-22 10:14:45-04:00,10.0
2011-04-22 10:14:48-04:00,10.0
2011-04-22 10:14:51-04:00,10.0
2011-04-22 10:14:54-04:00,10.0
2011-04-22 10:14:57-04:00,10.0
2011-04-22 10:15:00-04:00,10.0
2011-04-22 10:15:03-04:00,10.0
2011-04-22 10:15:06-04:00,10.0
2011-04-22 10:15:09-04:00,10.0
2011-04-22 10:15:12-04:00,10.0
2011-04-22 10:15:15-04:00,10.0
2011-04-22 10:15:18-04:00,10.0
2011-04-22 10:15:21-04:00,10.0
2011-04-22 10:15:24-04:00,10.0
2011-04-22 10:15:27-04:00,10.0
2011-04-22 10:15:30-04:00,10.0
2011-04-22 10:15:33-04:00,10.0
2011-04-22 10:15:36-04:00,10.0
2011-04-22 10:15:39-04:00,10.0
2011-04-22 10:15:42-04:00,10.0
2011-04-22 10:15:45-04:00,10.0
2011-04-22 10:15:48-04:00,10.0
2011-04-22 10:15:51-04:00,10.0
2011-04-22 10:15:54-04:00,10.0
2011-04-22 10:15:57-04:00,10.0
2011-04-22 10:16:00-04:00,10.0
2011-04-22 10:16:03-04:00,10.0
2011-04-22 10:16:06-04:00,10.0
2011-04-22 10:16:09-04:00,10.0
2011-04-22 10:16:12-04:00,10.0
2011-04-22 10:16:15-04:00,10.0
2011-04-22 10:16:18-04:00,10.0
2011-04-22 10:16:21-04:00,10.0
2011-04-22 10:16:24-04:00,10.0
2011-04-22 10:16:27-04:00,10.0
2011-04-22 10:16:30-04:00,10.0
2011-04-22 10:16:33-04:00,10.0
2011-04-22 10:16:36-04:00,10.0
2011-04-22 10:16:39-04:00,10.0
2011-04-22 10:16:42-04:00,10.0
2011-04-22 10:16:45-04:00,10.0
2011-04-22 10:16:48-04:00,10.0
2011-04-22 10:16:51-04:00,10.0
2011-04-22 10:16:54-04:00,10.0
2011-04-22 10:16:57-04:00,10.0
2011-04-22 10:17:00-04:00,10.0
2011-04-22 10:17:03-04:00,10.0
2011-04-22 10:17:06-04:00,10.0
2011-04-22 10:17:09-04:00,10.0
2011-04-22 10:17:12-04:00,10.0
2011-04-22 10:17:15-04:00,10.0
2011-04-22 10:17:18-04:00,10.0
2011-04-22 10:17:21-04:00,10.0
2011-04-22 10:17:24-04:00,10.0
2011-04-22 10:17:27-04:00,10.0
2011-04-22 10:17:30-04:00,10.0
2011-04-22 10:17:33-04:00,10.0
2011-04-22 10:17:36-04:00,10.0
2011-04-22 10:17:39-04:00,10.0
2011-04-22 10:17:42-04:00,10.0
2011-04-22 10:17:45-04:00,10.0
2011-04-22 10:17:48-04:00,10.0
2011-04-22 10:17:51-04:00,10.0
2011-04-22 10:17:54-04:00,10.0
2011-04-22 10:17:57-04:00,10.0
2011-04-22 10:18:00-04:00,10.0
2011-04-22 10:18:03-04:00,10.0
2011-04-22 10:18:06-04:00,10.0
2011-04-22 10:18:09-04:00,10.0
2011-04-22 10:18:12-04:00,10.0
2011-04-22 10:18:15-04:00,10.0
2011-04-22 10:18:18-04:00,10.0
2011-04-22 10:18:21-04:00,10.0
2011-04-22 10:18:24-04:00,10.0
2011-04-22 10:18:27-04:00,10.0
2011-04-22 10:18:30-04:00,10.0
2011-04-22 10:18:33-04:00,10.0
2011-04-22 10:18:36-04:00,10.0
2011-04-22 10:18:39-04:00,10.0
2011-04-22 10:18:42-04:00,10.0
2011-04-22 10:18:45-04:00,10.0
2011-04-22 10:18:48-04:00,10.0
2011-04-22 10:18:51-04:00,10.0
2011-04-22 10:18:54-04:00,10.0
2011-04-22 10:18:57-04:00,10.0
2011-04-22 10:19:00-04:00,10.0
2011-04-22 10:19:03-04:00,10.0
2011-04-22 10:19:06-04:00,10.0
2011-04-22 10:19:09-04:00,10.0
2011-04-22 10:19:12-04:00,10.0
2011-04-22 10:19:15-04:00,10.0
2011-04-22 10:19:18-04:00,10.0
2011-04-22 10:19:21-04:00,10.0
2011-04-22 10:19:24-04:00,10.0
2011-04-22 10:19:27-04:00,10.0
2011-04-22 10:19:30-04:00,10.0
2011-04-22 10:19:33-04:00,10.0
2011-04-22 10:19:36-04:00,10.0
2011-04-22 10:19:39-04:00,10.0
2011-04-22 10:19:42-04:00,10.0
2011-04-22 10:19:45-04:00,10.0
2011-04-22 10:19:48-04:00,10.0
2011-04-22 10:19:51-04:00,10.0
2011-04-22 10:19:54-04:00,10.0
2011-04-22 10:19:57-04:00,10.0
2011-04-22 10:20:00-04:00,10.0
2011-04-22 10:20:03-04:00,10.0
2011-04-22 10:20:06-04:00,10.0
2011-04-22 10:20:09-04:00,10.0
2011-04-22 10:20:12-04:00,10.0
2011-04-22 10:20:15-04:00,10.0
2011-04-22 10:20:18-04:00,10.0
2011-04-22 10:20:21-04:00,10.0
2011-04-22 10:20:24-04:00,10.0
2011-04-22 10:20:27-04:00,10.0
2011-04-22 10:20:30-04:00,10.0
2011-04-22 10:20:33-04:00,10.0
2011-04-22 10:20:36-04:00,10.0
2011-04-22 10:20:39-04:00,10.0
2011-04-22 10:20:42-04:00,11.0
2011-04-22 10:20:45-04:00,10.0
2011-04-22 10:20:48-04:00,10.0
2011-04-22 10:20:51-04:00,10.666666666666666
2011-04-22 10:20:54-04:00,10.333333333333334
2011-04-22 10:20:57-04:00,10.0
2011-04-22 10:21:00-04:00,10.0
2011-04-22 10:21:03-04:00,10.0
2011-04-22 10:21:06-04:00,10.0
2011-04-22 10:21:09-04:00,10.0
2011-04-22 10:21:12-04:00,10.0
2011-04-22 10:21:15-04:00,10.0
2011-04-22 10:21:18-04:00,10.0
2011-04-22 10:21:21-04:00,10.0
2011-04-22 10:21:24-04:00,10.0
2011-04-22 10:21:27-04:00,10.0
2011-04-22 10:21:30-04:00,10.0
2011-04-22 10:21:33-04:00,10.0
2011-04-22 10:21:36-04:00,10.0
2011-04-22 10:21:39-04:00,10.0
2011-04-22 10:21:42-04:00,10.0
2011-04-22 10:21:45-04:00,10.0
2011-04-22 10:21:48-04:00,10.0
2011-04-22 10:21:51-04:00,10.0
2011-04-22 10:21:54-04:00,10.0
2011-04-22 10:21:57-04:00,10.0
2011-04-22 10:22:00-04:00,10.0
2011-04-22 10:22:03-04:00,10.0
2011-04-22 10:22:06-04:00,10.0
2011-04-22 10:22:09-04:00,10.0
2011-04-22 10:22:12-04:00,10.0
2011-04-22 10:22:15-04:00,10.0
2011-04-22 10:22:18-04:00,10.0
2011-04-22 10:22:21-04:00,10.0
2011-04-22 10:22:24-04:00,10.0
2011-04-22 10:22:27-04:00,10.0
2011-04-22 10:22:30-04:00,10.0
2011-04-22 10:22:33-04:00,10.0
2011-04-22 10:22:36-04:00,10.0
2011-04-22 10:22:39-04:00,10.0
2011-04-22 10:22:42-04:00,10.0
2011-04-22 10:22:45-04:00,10.0
2011-04-22 10:22:48-04:00,10.0
2011-04-22 10:22:51-04:00,10.0
2011-04-22 10:22:54-04:00,10.0
2011-04-22 10:22:57-04:00,10.0
2011-04-22 10:23:00-04:00,10.0
2011-04-22 10:23:03-04:00,10.0
2011-04-22 10:23:06-04:00,10.0
2011-04-22 10:23:09-04:00,10.0
2011-04-22 10:23:12-04:00,10.0
2011-04-22 10:23:15-04:00,10.0
2011-04-22 10:23:18-04:00,10.0
2011-04-22 10:23:21-04:00,10.0
2011-04-22 10:23:24-04:00,10.0
2011-04-22 10:23:27-04:00,10.666666666666666
2011-04-22 10:23:30-04:00,10.777777777777779
2011-04-22 10:23:33-04:00,10.444444444444445
2011-04-22 10:23:36-04:00,10.11111111111111
2011-04-22 10:23:39-04:00,10.0
2011-04-22 10:23:42-04:00,10.0
2011-04-22 10:23:45-04:00,10.0
2011-04-22 10:23:48-04:00,10.0
2011-04-22 10:23:51-04:00,10.0
2011-04-22 10:23:54-04:00,10.0
2011-04-22 10:23:57-04:00,10.0
2011-04-22 10:24:00-04:00,10.0
2011-04-22 10:24:03-04:00,10.0
2011-04-22 10:24:06-04:00,10.5
2011-04-22 10:24:09-04:00,10.666666666666666
2011-04-22 10:24:12-04:00,10.0
2011-04-22 10:24:15-04:00,10.0
2011-04-22 10:24:18-04:00,10.0
2011-04-22 10:24:21-04:00,10.0
2011-04-22 10:24:24-04:00,10.0
2011-04-22 10:24:27-04:00,10.0
2011-04-22 10:24:30-04:00,10.0
2011-04-22 10:24:33-04:00,10.0
2011-04-22 10:24:36-04:00,10.0
2011-04-22 10:24:39-04:00,10.0
2011-04-22 10:24:42-04:00,10.0
2011-04-22 10:24:45-04:00,10.0
2011-04-22 10:24:48-04:00,10.0
2011-04-22 10:24:51-04:00,10.0
2011-04-22 10:24:54-04:00,10.0
2011-04-22 10:24:57-04:00,10.0
2011-04-22 10:25:00-04:00,10.0
2011-04-22 10:25:03-04:00,10.0
2011-04-22 10:25:06-04:00,10.0
2011-04-22 10:25:09-04:00,10.0
2011-04-22 10:25:12-04:00,10.0
2011-04-22 10:25:15-04:00,10.0
2011-04-22 10:25:18-04:00,10.0
2011-04-22 10:25:21-04:00,10.0
2011-04-22 10:25:24-04:00,10.0
2011-04-22 10:25:27-04:00,10.0
2011-04-22 10:25:30-04:00,10.0
2011-04-22 10:25:33-04:00,10.0
2011-04-22 10:25:36-04:00,10.0
2011-04-22 10:25:39-04:00,10.0
2011-04-22 10:25:42-04:00,10.0
2011-04-22 10:25:45-04:00,10.0
2011-04-22 10:25:48-04:00,10.75
2011-04-22 10:25:51-04:00,10.5
2011-04-22 10:25:54-04:00,10.0
2011-04-22 10:25:57-04:00,10.0
2011-04-22 10:26:00-04:00,10.0
2011-04-22 10:26:03-04:00,10.75
2011-04-22 10:26:06-04:00,10.333333333333334
2011-04-22 10:26:09-04:00,10.0
2011-04-22 10:26:12-04:00,10.0
2011-04-22 10:26:15-04:00,10.0
2011-04-22 10:26:18-04:00,10.25
2011-04-22 10:26:21-04:00,11.0
2011-04-22 10:26:24-04:00,10.0
2011-04-22 10:26:27-04:00,10.0
2011-04-22 10:26:30-04:00,10.222222222222221
2011-04-22 10:26:33-04:00,10.555555555555555
2011-04-22 10:26:36-04:00,10.88888888888889
2011-04-22 10:26:39-04:00,10.333333333333334
2011-04-22 10:26:42-04:00,10.0
2011-04-22 10:26:45-04:00,10.0
2011-04-22 10:26:48-04:00,10.0
2011-04-22 10:26:51-04:00,10.0
2011-04-22 10:26:54-04:00,10.0
2011-04-22 10:26:57-04:00,10.0
2011-04-22 10:27:00-04:00,10.0
2011-04-22 10:27:03-04:00,10.0
2011-04-22 10:27:06-04:00,10.0
2011-04-22 10:27:09-04:00,10.5
2011-04-22 10:27:12-04:00,11.0
2011-04-22 10:27:15-04:00,11.0
2011-04-22 10:27:18-04:00,10.0
2011-04-22 10:27:21-04:00,10.0
2011-04-22 10:27:24-04:00,10.0
2011-04-22 10:27:27-04:00,10.0
2011-04-22 10:27:30-04:00,10.0
2011-04-22 10:27:33-04:00,10.0
2011-04-22 10:27:36-04:00,10.0
2011-04-22 10:27:39-04:00,10.0
2011-04-22 10:27:42-04:00,10.0
2011-04-22 10:27:45-04:00,10.0
2011-04-22 10:27:48-04:00,11.0
2011-04-22 10:27:51-04:00,11.0
2011-04-22 10:27:54-04:00,10.333333333333334
2011-04-22 10:27:57-04:00,10.0
2011-04-22 10:28:00-04:00,10.0
2011-04-22 10:28:03-04:00,10.0
2011-04-22 10:28:06-04:00,10.0
2011-04-22 10:28:09-04:00,10.0
2011-04-22 10:28:12-04:00,10.0
2011-04-22 10:28:15-04:00,10.0
2011-04-22 10:28:18-04:00,10.0
2011-04-22 10:28:21-04:00,10.0
2011-04-22 10:28:24-04:00,10.0
2011-04-22 10:28:27-04:00,10.0
2011-04-22 10:28:30-04:00,10.0
2011-04-22 10:28:33-04:00,10.0
2011-04-22 10:28:36-04:00,10.0
2011-04-22 10:28:39-04:00,10.0
2011-04-22 10:28:42-04:00,10.0
2011-04-22 10:28:45-04:00,10.0
2011-04-22 10:28:48-04:00,10.666666666666666
2011-04-22 10:28:51-04:00,10.333333333333334
2011-04-22 10:28:54-04:00,10.0
2011-04-22 10:28:57-04:00,10.0
2011-04-22 10:29:00-04:00,10.0
2011-04-22 10:29:03-04:00,10.25
2011-04-22 10:29:06-04:00,11.0
2011-04-22 10:29:09-04:00,10.0
2011-04-22 10:29:12-04:00,10.75
2011-04-22 10:29:15-04:00,10.333333333333334
2011-04-22 10:29:18-04:00,10.0
2011-04-22 10:29:21-04:00,10.333333333333334
2011-04-22 10:29:24-04:00,10.75
2011-04-22 10:29:27-04:00,10.0
2011-04-22 10:29:30-04:00,10.0
2011-04-22 10:29:33-04:00,10.0
2011-04-22 10:29:36-04:00,10.0
2011-04-22 10:29:39-04:00,10.0
2011-04-22 10:29:42-04:00,10.0
2011-04-22 10:29:45-04:00,10.0
2011-04-22 10:29:48-04:00,10.0
2011-04-22 10:29:51-04:00,10.0
2011-04-22 10:29:54-04:00,10.0
2011-04-22 10:29:57-04:00,10.25
2011-04-22 10:30:00-04:00,11.0
2011-04-22 10:30:03-04:00,10.0
2011-04-22 10:30:06-04:00,10.0
2011-04-22 10:30:09-04:00,10.0
2011-04-22 10:30:12-04:00,10.666666666666666
2011-04-22 10:30:15-04:00,11.0
2011-04-22 10:30:18-04:00,10.75
2011-04-22 10:30:21-04:00,10.0
2011-04-22 10:30:24-04:00,10.0
2011-04-22 10:30:27-04:00,10.0
2011-04-22 10:30:30-04:00,10.0
2011-04-22 10:30:33-04:00,10.0
2011-04-22 10:30:36-04:00,10.0
2011-04-22 10:30:39-04:00,10.0
2011-04-22 10:30:42-04:00,10.0
2011-04-22 10:30:45-04:00,10.0
2011-04-22 10:30:48-04:00,10.0
2011-04-22 10:30:51-04:00,10.0
2011-04-22 10:30:54-04:00,10.0
2011-04-22 10:30:57-04:00,10.0
2011-04-22 10:31:00-04:00,10.0
2011-04-22 10:31:03-04:00,10.0
2011-04-22 10:31:06-04:00,10.0
2011-04-22 10:31:09-04:00,10.0
2011-04-22 10:31:12-04:00,10.0
2011-04-22 10:31:15-04:00,10.0
2011-04-22 10:31:18-04:00,10.0
2011-04-22 10:31:21-04:00,10.0
2011-04-22 10:31:24-04:00,10.0
2011-04-22 10:31:27-04:00,10.0
2011-04-22 10:31:30-04:00,10.0
2011-04-22 10:31:33-04:00,10.0
2011-04-22 10:31:36-04:00,10.0
2011-04-22 10:31:39-04:00,10.0
2011-04-22 10:31:42-04:00,10.0
2011-04-22 10:31:45-04:00,10.0
2011-04-22 10:31:48-04:00,10.0
2011-04-22 10:31:51-04:00,10.0
2011-04-22 10:31:54-04:00,10.0
2011-04-22 10:31:57-04:00,10.0
2011-04-22 10:32:00-04:00,10.0
2011-04-22 10:32:03-04:00,10.0
2011-04-22 10:32:06-04:00,10.0
2011-04-22 10:32:09-04:00,10.0
2011-04-22 10:32:12-04:00,10.0
2011-04-22 10:32:15-04:00,10.0
2011-04-22 10:32:18-04:00,10.0
2011-04-22 10:32:21-04:00,10.0
2011-04-22 10:32:24-04:00,10.0
2011-04-22 10:32:27-04:00,10.0
2011-04-22 10:32:30-04:00,10.0
2011-04-22 10:32:33-04:00,10.0
2011-04-22 10:32:36-04:00,10.0
2011-04-22 10:32:39-04:00,10.0
2011-04-22 10:32:42-04:00,10.0
2011-04-22 10:32:45-04:00,10.0
2011-04-22 10:32:48-04:00,10.0
2011-04-22 10:32:51-04:00,10.0
2011-04-22 10:32:54-04:00,10.0
2011-04-22 10:32:57-04:00,10.0
2011-04-22 10:33:00-04:00,10.0
2011-04-22 10:33:03-04:00,10.0
2011-04-22 10:33:06-04:00,10.0
2011-04-22 10:33:09-04:00,10.0
2011-04-22 10:33:12-04:00,10.0
2011-04-22 10:33:15-04:00,10.0
2011-04-22 10:33:18-04:00,10.0
2011-04-22 10:33:21-04:00,10.0
2011-04-22 10:33:24-04:00,10.0
2011-04-22 10:33:27-04:00,10.0
2011-04-22 10:33:30-04:00,10.0
2011-04-22 10:33:33-04:00,10.0
2011-04-22 10:33:36-04:00,10.0
2011-04-22 10:33:39-04:00,10.0
2011-04-22 10:33:42-04:00,10.0
2011-04-22 10:33:45-04:00,10.0
2011-04-22 10:33:48-04:00,10.0
2011-04-22 10:33:51-04:00,10.0
2011-04-22 10:33:54-04:00,10.0
2011-04-22 10:33:57-04:00,10.0
2011-04-22 10:34:00-04:00,10.0
2011-04-22 10:34:03-04:00,10.0
2011-04-22 10:34:06-04:00,10.0
2011-04-22 10:34:09-04:00,10.0
2011-04-22 10:34:12-04:00,10.0
2011-04-22 10:34:15-04:00,10.0
2011-04-22 10:34:18-04:00,10.0
2011-04-22 10:34:21-04:00,10.0
2011-04-22 10:34:24-04:00,10.0
2011-04-22 10:34:27-04:00,10.0
2011-04-22 10:34:30-04:00,10.0
2011-04-22 10:34:33-04:00,10.0
2011-04-22 10:34:36-04:00,10.0
2011-04-22 10:34:39-04:00,10.0
2011-04-22 10:34:42-04:00,10.0
2011-04-22 10:34:45-04:00,10.0
2011-04-22 10:34:48-04:00,10.0
2011-04-22 10:34:51-04:00,10.0
2011-04-22 10:34:54-04:00,10.0
2011-04-22 10:34:57-04:00,10.0
2011-04-22 10:35:00-04:00,10.0
2011-04-22 10:35:03-04:00,10.0
2011-04-22 10:35:06-04:00,10.0
2011-04-22 10:35:09-04:00,10.0
2011-04-22 10:35:12-04:00,10.0
2011-04-22 10:35:15-04:00,10.0
2011-04-22 10:35:18-04:00,10.0
2011-04-22 10:35:21-04:00,10.0
2011-04-22 10:35:24-04:00,10.0
2011-04-22 10:35:27-04:00,10.0
2011-04-22 10:35:30-04:00,10.0
2011-04-22 10:35:33-04:00,10.0
2011-04-22 10:35:36-04:00,10.0
2011-04-22 10:35:39-04:00,10.0
2011-04-22 10:35:42-04:00,10.0
2011-04-22 10:35:45-04:00,10.0
2011-04-22 10:35:48-04:00,10.0
2011-04-22 10:35:51-04:00,10.0
2011-04-22 10:35:54-04:00,10.0
2011-04-22 10:35:57-04:00,10.0
2011-04-22 10:36:00-04:00,10.0
2011-04-22 10:36:03-04:00,10.0
2011-04-22 10:36:06-04:00,10.0
2011-04-22 10:36:09-04:00,10.0
2011-04-22 10:36:12-04:00,10.0
2011-04-22 10:36:15-04:00,10.0
2011-04-22 10:36:18-04:00,10.0
2011-04-22 10:36:21-04:00,10.0
2011-04-22 10:36:24-04:00,10.0
2011-04-22 10:36:27-04:00,10.0
2011-04-22 10:36:30-04:00,10.0
2011-04-22 10:36:33-04:00,10.0
2011-04-22 10:36:36-04:00,10.0
2011-04-22 10:36:39-04:00,10.0
2011-04-22 10:36:42-04:00,10.0
2011-04-22 10:36:45-04:00,10.0
2011-04-22 10:36:48-04:00,10.0
2011-04-22 10:36:51-04:00,10.0
2011-04-22 10:36:54-04:00,10.0
2011-04-22 10:36:57-04:00,10.0
2011-04-22 10:37:00-04:00,10.0
2011-04-22 10:37:03-04:00,10.0
2011-04-22 10:37:06-04:00,10.0
2011-04-22 10:37:09-04:00,10.0
2011-04-22 10:37:12-04:00,10.0
2011-04-22 10:37:15-04:00,10.0
2011-04-22 10:37:18-04:00,10.0
2011-04-22 10:37:21-04:00,10.0
2011-04-22 10:37:24-04:00,10.0
2011-04-22 10:37:27-04:00,10.0
2011-04-22 10:37:30-04:00,10.0
2011-04-22 10:37:33-04:00,10.0
2011-04-22 10:37:36-04:00,10.0
2011-04-22 10:37:39-04:00,10.0
2011-04-22 10:37:42-04:00,10.0
2011-04-22 10:37:45-04:00,10.0
2011-04-22 10:37:48-04:00,10.0
2011-04-22 10:37:51-04:00,10.0
2011-04-22 10:37:54-04:00,10.0
2011-04-22 10:37:57-04:00,10.0
2011-04-22 10:38:00-04:00,10.0
2011-04-22 10:38:03-04:00,10.0
2011-04-22 10:38:06-04:00,10.0
2011-04-22 10:38:09-04:00,10.0
2011-04-22 10:38:12-04:00,10.0
2011-04-22 10:38:15-04:00,10.0
2011-04-22 10:38:18-04:00,10.0
2011-04-22 10:38:21-04:00,10.0
2011-04-22 10:38:24-04:00,10.0
2011-04-22 10:38:27-04:00,10.0
2011-04-22 10:38:30-04:00,10.0
2011-04-22 10:38:33-04:00,10.0
2011-04-22 10:38:36-04:00,10.0
2011-04-22 10:38:39-04:00,10.0
2011-04-22 10:38:42-04:00,10.0
2011-04-22 10:38:45-04:00,10.0
2011-04-22 10:38:48-04:00,10.0
2011-04-22 10:38:51-04:00,10.0
2011-04-22 10:38:54-04:00,10.0
2011-04-22 10:38:57-04:00,10.0
2011-04-22 10:39:00-04:00,10.0
2011-04-22 10:39:03-04:00,10.0
2011-04-22 10:39:06-04:00,10.0
2011-04-22 10:39:09-04:00,10.0
2011-04-22 10:39:12-04:00,10.0
2011-04-22 10:39:15-04:00,10.0
2011-04-22 10:39:18-04:00,10.0
2011-04-22 10:39:21-04:00,10.0
2011-04-22 10:39:24-04:00,10.0
2011-04-22 10:39:27-04:00,10.0
2011-04-22 10:39:30-04:00,10.0
2011-04-22 10:39:33-04:00,10.0
2011-04-22 10:39:36-04:00,10.0
2011-04-22 10:39:39-04:00,10.0
2011-04-22 10:39:42-04:00,10.0
2011-04-22 10:39:45-04:00,10.0
2011-04-22 10:39:48-04:00,10.0
2011-04-22 10:39:51-04:00,10.0
2011-04-22 10:39:54-04:00,10.0
2011-04-22 10:39:57-04:00,10.0
2011-04-22 10:40:00-04:00,10.0
2011-04-22 10:40:03-04:00,10.0
2011-04-22 10:40:06-04:00,10.0
2011-04-22 10:40:09-04:00,10.0
2011-04-22 10:40:12-04:00,10.0
2011-04-22 10:40:15-04:00,10.0
2011-04-22 10:40:18-04:00,10.0
2011-04-22 10:40:21-04:00,10.0
2011-04-22 10:40:24-04:00,10.0
2011-04-22 10:40:27-04:00,10.0
2011-04-22 10:40:30-04:00,10.0
2011-04-22 10:40:33-04:00,10.0
2011-04-22 10:40:36-04:00,10.0
2011-04-22 10:40:39-04:00,10.0
2011-04-22 10:40:42-04:00,10.0
2011-04-22 10:40:45-04:00,10.0
2011-04-22 10:40:48-04:00,10.0
2011-04-22 10:40:51-04:00,10.0
2011-04-22 10:40:54-04:00,10.0
2011-04-22 10:40:57-04:00,10.0
2011-04-22 10:41:00-04:00,10.0
2011-04-22 10:41:03-04:00,10.0
2011-04-22 10:41:06-04:00,10.0
2011-04-22 10:41:09-04:00,10.0
2011-04-22 10:41:12-04:00,10.0
2011-04-22 10:41:15-04:00,10.0
2011-04-22 10:41:18-04:00,10.0
2011-04-22 10:41:21-04:00,10.0
2011-04-22 10:41:24-04:00,10.0
2011-04-22 10:41:27-04:00,10.0
2011-04-22 10:41:30-04:00,10.0
2011-04-22 10:41:33-04:00,10.0
2011-04-22 10:41:36-04:00,10.0
2011-04-22 10:41:39-04:00,10.0
2011-04-22 10:41:42-04:00,10.0
2011-04-22 10:41:45-04:00,10.0
2011-04-22 10:41:48-04:00,10.0
2011-04-22 10:41:51-04:00,10.0
2011-04-22 10:41:54-04:00,10.0
2011-04-22 10:41:57-04:00,10.0
2011-04-22 10:42:00-04:00,10.0
2011-04-22 10:42:03-04:00,10.0
2011-04-22 10:42:06-04:00,10.0
2011-04-22 10:42:09-04:00,10.0
2011-04-22 10:42:12-04:00,10.0
2011-04-22 10:42:15-04:00,10.0
2011-04-22 10:42:18-04:00,10.0
2011-04-22 10:42:21-04:00,10.0
2011-04-22 10:42:24-04:00,10.0
2011-04-22 10:42:27-04:00,10.0
2011-04-22 10:42:30-04:00,10.0
2011-04-22 10:42:33-04:00,10.0
2011-04-22 10:42:36-04:00,10.0
2011-04-22 10:42:39-04:00,10.0
2011-04-22 10:42:42-04:00,10.0
2011-04-22 10:42:45-04:00,10.0
2011-04-22 10:42:48-04:00,10.0
2011-04-22 10:42:51-04:00,10.0
2011-04-22 10:42:54-04:00,10.0
2011-04-22 10:42:57-04:00,10.0
2011-04-22 10:43:00-04:00,10.0
2011-04-22 10:43:03-04:00,10.0
2011-04-22 10:43:06-04:00,10.0
2011-04-22 10:43:09-04:00,10.0
2011-04-22 10:43:12-04:00,10.0
2011-04-22 10:43:15-04:00,10.0
2011-04-22 10:43:18-04:00,10.0
2011-04-22 10:43:21-04:00,10.0
2011-04-22 10:43:24-04:00,10.0
2011-04-22 10:43:27-04:00,10.0
2011-04-22 10:43:30-04:00,10.0
2011-04-22 10:43:33-04:00,10.0
2011-04-22 10:43:36-04:00,10.0
2011-04-22 10:43:39-04:00,10.0
2011-04-22 10:43:42-04:00,10.0
2011-04-22 10:43:45-04:00,10.0
2011-04-22 10:43:48-04:00,10.0
2011-04-22 10:43:51-04:00,10.0
2011-04-22 10:43:54-04:00,10.0
2011-04-22 10:43:57-04:00,10.0
2011-04-22 10:44:00-04:00,10.0
2011-04-22 10:44:03-04:00,10.0
2011-04-22 10:44:06-04:00,10.0
2011-04-22 10:44:09-04:00,10.0
2011-04-22 10:44:12-04:00,10.0
2011-04-22 10:44:15-04:00,10.0
2011-04-22 10:44:18-04:00,10.0
2011-04-22 10:44:21-04:00,10.0
2011-04-22 10:44:24-04:00,10.0
2011-04-22 10:44:27-04:00,10.0
2011-04-22 10:44:30-04:00,10.0
2011-04-22 10:44:33-04:00,10.0
2011-04-22 10:44:36-04:00,10.0
2011-04-22 10:44:39-04:00,10.0
2011-04-22 10:44:42-04:00,10.0
2011-04-22 10:44:45-04:00,10.0
2011-04-22 10:44:48-04:00,10.0
2011-04-22 10:44:51-04:00,10.0
2011-04-22 10:44:54-04:00,10.0
2011-04-22 10:44:57-04:00,10.0
2011-04-22 10:45:00-04:00,10.0
2011-04-22 10:45:03-04:00,10.0
2011-04-22 10:45:06-04:00,10.0
2011-04-22 10:45:09-04:00,10.0
2011-04-22 10:45:12-04:00,10.0
2011-04-22 10:45:15-04:00,10.0
2011-04-22 10:45:18-04:00,10.0
2011-04-22 10:45:21-04:00,10.0
2011-04-22 10:45:24-04:00,10.0
2011-04-22 10:45:27-04:00,10.0
2011-04-22 10:45:30-04:00,10.0
2011-04-22 10:45:33-04:00,10.0
2011-04-22 10:45:36-04:00,10.0
2011-04-22 10:45:39-04:00,10.0
2011-04-22 10:45:42-04:00,10.0
2011-04-22 10:45:45-04:00,10.0
2011-04-22 10:45:48-04:00,10.0
2011-04-22 10:45:51-04:00,10.0
2011-04-22 10:45:54-04:00,10.0
2011-04-22 10:45:57-04:00,10.0
2011-04-22 10:46:00-04:00,10.0
2011-04-22 10:46:03-04:00,10.0
2011-04-22 10:46:06-04:00,10.0
2011-04-22 10:46:09-04:00,10.0
2011-04-22 10:46:12-04:00,10.0
2011-04-22 10:46:15-04:00,10.0
2011-04-22 10:46:18-04:00,10.0
2011-04-22 10:46:21-04:00,10.0
2011-04-22 10:46:24-04:00,10.0
2011-04-22 10:46:27-04:00,10.0
2011-04-22 10:46:30-04:00,10.0
2011-04-22 10:46:33-04:00,10.0
2011-04-22 10:46:36-04:00,10.0
2011-04-22 10:46:39-04:00,10.0
2011-04-22 10:46:42-04:00,10.0
2011-04-22 10:46:45-04:00,10.0
2011-04-22 10:46:48-04:00,10.0
2011-04-22 10:46:51-04:00,10.0
2011-04-22 10:46:54-04:00,10.0
2011-04-22 10:46:57-04:00,10.0
2011-04-22 10:47:00-04:00,10.0
2011-04-22 10:47:03-04:00,10.0
2011-04-22 10:47:06-04:00,10.0
2011-04-22 10:47:09-04:00,10.0
2011-04-22 10:47:12-04:00,10.0
2011-04-22 10:47:15-04:00,10.0
2011-04-22 10:47:18-04:00,10.0
2011-04-22 10:47:21-04:00,10.0
2011-04-22 10:47:24-04:00,10.0
2011-04-22 10:47:27-04:00,10.0
2011-04-22 10:47:30-04:00,10.0
2011-04-22 10:47:33-04:00,10.0
2011-04-22 10:47:36-04:00,10.0
2011-04-22 10:47:39-04:00,10.0
2011-04-22 10:47:42-04:00,10.0
2011-04-22 10:47:45-04:00,10.0
2011-04-22 10:47:48-04:00,10.0
2011-04-22 10:47:51-04:00,10.0
2011-04-22 10:47:54-04:00,10.0
2011-04-22 10:47:57-04:00,10.0
2011-04-22 10:48:00-04:00,10.0
2011-04-22 10:48:03-04:00,10.0
2011-04-22 10:48:06-04:00,10.0
2011-04-22 10:48:09-04:00,10.0
2011-04-22 10:48:12-04:00,10.0
2011-04-22 10:48:15-04:00,10.0
2011-04-22 10:48:18-04:00,10.0
2011-04-22 10:48:21-04:00,10.0
2011-04-22 10:48:24-04:00,10.0
2011-04-22 10:48:27-04:00,10.0
2011-04-22 10:48:30-04:00,10.0
2011-04-22 10:48:33-04:00,10.0
2011-04-22 10:48:36-04:00,10.0
2011-04-22 10:48:39-04:00,10.0
2011-04-22 10:48:42-04:00,10.0
2011-04-22 10:48:45-04:00,10.0
2011-04-22 10:48:48-04:00,10.0
2011-04-22 10:48:51-04:00,10.0
2011-04-22 10:48:54-04:00,10.0
2011-04-22 10:48:57-04:00,10.0
2011-04-22 10:49:00-04:00,10.0
2011-04-22 10:49:03-04:00,10.0
2011-04-22 10:49:06-04:00,10.0
2011-04-22 10:49:09-04:00,10.0
2011-04-22 10:49:12-04:00,10.0
2011-04-22 10:49:15-04:00,10.0
2011-04-22 10:49:18-04:00,10.0
2011-04-22 10:49:21-04:00,10.0
2011-04-22 10:49:24-04:00,10.0
2011-04-22 10:49:27-04:00,10.0
2011-04-22 10:49:30-04:00,10.0
2011-04-22 10:49:33-04:00,10.0
2011-04-22 10:49:36-04:00,10.0
2011-04-22 10:49:39-04:00,10.0
2011-04-22 10:49:42-04:00,10.0
2011-04-22 10:49:45-04:00,10.0
2011-04-22 10:49:48-04:00,10.0
2011-04-22 10:49:51-04:00,10.0
2011-04-22 10:49:54-04:00,10.0
2011-04-22 10:49:57-04:00,10.0
2011-04-22 10:50:00-04:00,10.0
2011-04-22 10:50:03-04:00,10.0
2011-04-22 10:50:06-04:00,10.0
2011-04-22 10:50:09-04:00,10.0
2011-04-22 10:50:12-04:00,10.0
2011-04-22 10:50:15-04:00,10.0
2011-04-22 10:50:18-04:00,10.0
2011-04-22 10:50:21-04:00,10.0
2011-04-22 10:50:24-04:00,10.0
2011-04-22 10:50:27-04:00,10.0
2011-04-22 10:50:30-04:00,10.0
2011-04-22 10:50:33-04:00,10.0
2011-04-22 10:50:36-04:00,10.0
2011-04-22 10:50:39-04:00,10.0
2011-04-22 10:50:42-04:00,10.0
2011-04-22 10:50:45-04:00,10.0
2011-04-22 10:50:48-04:00,10.0
2011-04-22 10:50:51-04:00,10.0
2011-04-22 10:50:54-04:00,10.0
2011-04-22 10:50:57-04:00,10.0
2011-04-22 10:51:00-04:00,10.0
2011-04-22 10:51:03-04:00,10.0
2011-04-22 10:51:06-04:00,10.0
2011-04-22 10:51:09-04:00,10.0
2011-04-22 10:51:12-04:00,10.0
2011-04-22 10:51:15-04:00,10.0
2011-04-22 10:51:18-04:00,10.0
2011-04-22 10:51:21-04:00,10.0
2011-04-22 10:51:24-04:00,10.0
2011-04-22 10:51:27-04:00,10.0
2011-04-22 10:51:30-04:00,10.0
2011-04-22 10:51:33-04:00,10.0
2011-04-22 10:51:36-04:00,10.0
2011-04-22 10:51:39-04:00,10.0
2011-04-22 10:51:42-04:00,10.0
2011-04-22 10:51:45-04:00,10.0
2011-04-22 10:51:48-04:00,10.0
2011-04-22 10:51:51-04:00,10.0
2011-04-22 10:51:54-04:00,10.0
2011-04-22 10:51:57-04:00,10.0
2011-04-22 10:52:00-04:00,10.0
2011-04-22 10:52:03-04:00,10.0
2011-04-22 10:52:06-04:00,10.0
2011-04-22 10:52:09-04:00,10.0
2011-04-22 10:52:12-04:00,10.0
2011-04-22 10:52:15-04:00,10.0
2011-04-22 10:52:18-04:00,10.0
2011-04-22 10:52:21-04:00,10.0
2011-04-22 10:52:24-04:00,10.0
2011-04-22 10:52:27-04:00,10.0
2011-04-22 10:52:30-04:00,10.0
2011-04-22 10:52:33-04:00,10.0
2011-04-22 10:52:36-04:00,10.0
2011-04-22 10:52:39-04:00,10.0
2011-04-22 10:52:42-04:00,10.0
2011-04-22 10:52:45-04:00,10.0
2011-04-22 10:52:48-04:00,10.0
2011-04-22 10:52:51-04:00,10.0
2011-04-22 10:52:54-04:00,10.0
2011-04-22 10:52:57-04:00,10.0
2011-04-22 10:53:00-04:00,10.0
2011-04-22 10:53:03-04:00,10.0
2011-04-22 10:53:06-04:00,10.0
2011-04-22 10:53:09-04:00,10.0
2011-04-22 10:53:12-04:00,10.0
2011-04-22 10:53:15-04:00,10.0
2011-04-22 10:53:18-04:00,10.0
2011-04-22 10:53:21-04:00,10.0
2011-04-22 10:53:24-04:00,10.0
2011-04-22 10:53:27-04:00,10.0
2011-04-22 10:53:30-04:00,10.0
2011-04-22 10:53:33-04:00,10.0
2011-04-22 10:53:36-04:00,10.0
2011-04-22 10:53:39-04:00,10.0
2011-04-22 10:53:42-04:00,10.0
2011-04-22 10:53:45-04:00,10.0
2011-04-22 10:53:48-04:00,10.0
2011-04-22 10:53:51-04:00,10.0
2011-04-22 10:53:54-04:00,10.0
2011-04-22 10:53:57-04:00,10.0
2011-04-22 10:54:00-04:00,10.333333333333334
2011-04-22 10:54:03-04:00,10.666666666666666
2011-04-22 10:54:06-04:00,10.0
2011-04-22 10:54:09-04:00,10.0
2011-04-22 10:54:12-04:00,10.0
2011-04-22 10:54:15-04:00,10.0
2011-04-22 10:54:18-04:00,10.0
2011-04-22 10:54:21-04:00,10.0
2011-04-22 10:54:24-04:00,10.0
2011-04-22 10:54:27-04:00,10.0
2011-04-22 10:54:30-04:00,10.0
2011-04-22 10:54:33-04:00,10.0
2011-04-22 10:54:36-04:00,10.0
2011-04-22 10:54:39-04:00,10.0
2011-04-22 10:54:42-04:00,10.0
2011-04-22 10:54:45-04:00,10.0
2011-04-22 10:54:48-04:00,10.0
2011-04-22 10:54:51-04:00,10.0
2011-04-22 10:54:54-04:00,10.0
2011-04-22 10:54:57-04:00,10.0
2011-04-22 10:55:00-04:00,10.0
2011-04-22 10:55:03-04:00,10.0
2011-04-22 10:55:06-04:00,10.0
2011-04-22 10:55:09-04:00,10.0
2011-04-22 10:55:12-04:00,10.0
2011-04-22 10:55:15-04:00,10.0
2011-04-22 10:55:18-04:00,10.0
2011-04-22 10:55:21-04:00,10.0
2011-04-22 10:55:24-04:00,10.0
2011-04-22 10:55:27-04:00,10.0
2011-04-22 10:55:30-04:00,10.0
2011-04-22 10:55:33-04:00,10.0
2011-04-22 10:55:36-04:00,10.0
2011-04-22 10:55:39-04:00,10.0
2011-04-22 10:55:42-04:00,10.0
2011-04-22 10:55:45-04:00,10.0
2011-04-22 10:55:48-04:00,10.0
2011-04-22 10:55:51-04:00,10.0
2011-04-22 10:55:54-04:00,10.0
2011-04-22 10:55:57-04:00,10.0
2011-04-22 10:56:00-04:00,10.0
2011-04-22 10:56:03-04:00,10.0
2011-04-22 10:56:06-04:00,10.0
2011-04-22 10:56:09-04:00,10.0
2011-04-22 10:56:12-04:00,10.0
2011-04-22 10:56:15-04:00,10.0
2011-04-22 10:56:18-04:00,10.0
2011-04-22 10:56:21-04:00,10.0
2011-04-22 10:56:24-04:00,10.0
2011-04-22 10:56:27-04:00,10.0
2011-04-22 10:56:30-04:00,10.0
2011-04-22 10:56:33-04:00,10.0
2011-04-22 10:56:36-04:00,10.0
2011-04-22 10:56:39-04:00,10.0
2011-04-22 10:56:42-04:00,10.0
2011-04-22 10:56:45-04:00,10.0
2011-04-22 10:56:48-04:00,10.0
2011-04-22 10:56:51-04:00,10.0
2011-04-22 10:56:54-04:00,10.0
2011-04-22 10:56:57-04:00,10.0
2011-04-22 10:57:00-04:00,10.0
2011-04-22 10:57:03-04:00,10.666666666666666
2011-04-22 10:57:06-04:00,10.333333333333334
2011-04-22 10:57:09-04:00,10.0
2011-04-22 10:57:12-04:00,10.0
2011-04-22 10:57:15-04:00,10.0
2011-04-22 10:57:18-04:00,10.0
2011-04-22 10:57:21-04:00,10.0
2011-04-22 10:57:24-04:00,10.0
2011-04-22 10:57:27-04:00,10.0
2011-04-22 10:57:30-04:00,10.0
2011-04-22 10:57:33-04:00,10.0
2011-04-22 10:57:36-04:00,10.0
2011-04-22 10:57:39-04:00,10.0
2011-04-22 10:57:42-04:00,10.0
2011-04-22 10:57:45-04:00,10.0
2011-04-22 10:57:48-04:00,10.0
2011-04-22 10:57:51-04:00,10.0
2011-04-22 10:57:54-04:00,10.0
2011-04-22 10:57:57-04:00,10.0
2011-04-22 10:58:00-04:00,10.0
2011-04-22 10:58:03-04:00,10.0
2011-04-22 10:58:06-04:00,10.0
2011-04-22 10:58:09-04:00,10.0
2011-04-22 10:58:12-04:00,10.0
2011-04-22 10:58:15-04:00,10.0
2011-04-22 10:58:18-04:00,10.0
2011-04-22 10:58:21-04:00,10.0
2011-04-22 10:58:24-04:00,10.0
2011-04-22 10:58:27-04:00,10.0
2011-04-22 10:58:30-04:00,10.0
2011-04-22 10:58:33-04:00,10.0
2011-04-22 10:58:36-04:00,10.0
2011-04-22 10:58:39-04:00,10.0
2011-04-22 10:58:42-04:00,10.0
2011-04-22 10:58:45-04:00,10.0
2011-04-22 10:58:48-04:00,10.0
2011-04-22 10:58:51-04:00,10.0
2011-04-22 10:58:54-04:00,10.0
2011-04-22 10:58:57-04:00,10.0
2011-04-22 10:59:00-04:00,10.0
2011-04-22 10:59:03-04:00,10.0
2011-04-22 10:59:06-04:00,10.0
2011-04-22 10:59:09-04:00,10.0
2011-04-22 10:59:12-04:00,10.0
2011-04-22 10:59:15-04:00,10.0
2011-04-22 10:59:18-04:00,10.0
2011-04-22 10:59:21-04:00,10.0
2011-04-22 10:59:24-04:00,10.0
2011-04-22 10:59:27-04:00,10.0
2011-04-22 10:59:30-04:00,10.0
2011-04-22 10:59:33-04:00,10.0
2011-04-22 10:59:36-04:00,10.0
2011-04-22 10:59:39-04:00,10.0
2011-04-22 10:59:42-04:00,10.0
2011-04-22 10:59:45-04:00,10.0
2011-04-22 10:59:48-04:00,10.0
2011-04-22 10:59:51-04:00,10.0
2011-04-22 10:59:54-04:00,10.0
2011-04-22 10:59:57-04:00,10.0
2011-04-22 11:00:00-04:00,10.0
2011-04-22 11:00:03-04:00,10.0
2011-04-22 11:00:06-04:00,10.0
2011-04-22 11:00:09-04:00,10.0
2011-04-22 11:00:12-04:00,10.0
2011-04-22 11:00:15-04:00,10.0
2011-04-22 11:00:18-04:00,11.0
2011-04-22 11:00:21-04:00,10.0
2011-04-22 11:00:24-04:00,10.0
2011-04-22 11:00:27-04:00,10.0
2011-04-22 11:00:30-04:00,10.0
2011-04-22 11:00:33-04:00,10.0
2011-04-22 11:00:36-04:00,10.0
2011-04-22 11:00:39-04:00,10.0
2011-04-22 11:00:42-04:00,10.0
2011-04-22 11:00:45-04:00,10.0
2011-04-22 11:00:48-04:00,10.0
2011-04-22 11:00:51-04:00,10.0
2011-04-22 11:00:54-04:00,10.0
2011-04-22 11:00:57-04:00,10.0
2011-04-22 11:01:00-04:00,10.0
2011-04-22 11:01:03-04:00,10.0
2011-04-22 11:01:06-04:00,10.0
2011-04-22 11:01:09-04:00,10.0
2011-04-22 11:01:12-04:00,10.0
2011-04-22 11:01:15-04:00,10.0
2011-04-22 11:01:18-04:00,10.0
2011-04-22 11:01:21-04:00,10.0
2011-04-22 11:01:24-04:00,10.0
2011-04-22 11:01:27-04:00,10.0
2011-04-22 11:01:30-04:00,10.0
2011-04-22 11:01:33-04:00,10.0
2011-04-22 11:01:36-04:00,10.0
2011-04-22 11:01:39-04:00,10.0
2011-04-22 11:01:42-04:00,10.0
2011-04-22 11:01:45-04:00,10.0
2011-04-22 11:01:48-04:00,10.0
2011-04-22 11:01:51-04:00,10.0
2011-04-22 11:01:54-04:00,10.0
2011-04-22 11:01:57-04:00,10.0
2011-04-22 11:02:00-04:00,10.0
2011-04-22 11:02:03-04:00,10.0
2011-04-22 11:02:06-04:00,10.0
2011-04-22 11:02:09-04:00,10.0
2011-04-22 11:02:12-04:00,10.25
2011-04-22 11:02:15-04:00,11.0
2011-04-22 11:02:18-04:00,10.0
2011-04-22 11:02:21-04:00,10.0
2011-04-22 11:02:24-04:00,10.0
2011-04-22 11:02:27-04:00,10.0
2011-04-22 11:02:30-04:00,10.0
2011-04-22 11:02:33-04:00,10.0
2011-04-22 11:02:36-04:00,10.0
2011-04-22 11:02:39-04:00,10.333333333333334
2011-04-22 11:02:42-04:00,10.75
2011-04-22 11:02:45-04:00,10.0
2011-04-22 11:02:48-04:00,10.0
2011-04-22 11:02:51-04:00,10.0
2011-04-22 11:02:54-04:00,10.0
2011-04-22 11:02:57-04:00,10.0
2011-04-22 11:03:00-04:00,10.0
2011-04-22 11:03:03-04:00,10.0
2011-04-22 11:03:06-04:00,10.0
2011-04-22 11:03:09-04:00,10.0
2011-04-22 11:03:12-04:00,10.0
2011-04-22 11:03:15-04:00,10.0
2011-04-22 11:03:18-04:00,10.0
2011-04-22 11:03:21-04:00,10.0
2011-04-22 11:03:24-04:00,10.0
2011-04-22 11:03:27-04:00,10.0
2011-04-22 11:03:30-04:00,10.0
2011-04-22 11:03:33-04:00,10.0
2011-04-22 11:03:36-04:00,10.333333333333334
2011-04-22 11:03:39-04:00,10.666666666666666
2011-04-22 11:03:42-04:00,10.0
2011-04-22 11:03:45-04:00,10.0
2011-04-22 11:03:48-04:00,10.0
2011-04-22 11:03:51-04:00,10.0
2011-04-22 11:03:54-04:00,10.0
2011-04-22 11:03:57-04:00,10.0
2011-04-22 11:04:00-04:00,10.0
2011-04-22 11:04:03-04:00,10.0
2011-04-22 11:04:06-04:00,10.0
2011-04-22 11:04:09-04:00,10.0
2011-04-22 11:04:12-04:00,10.0
2011-04-22 11:04:15-04:00,10.0
2011-04-22 11:04:18-04:00,10.0
2011-04-22 11:04:21-04:00,10.0
2011-04-22 11:04:24-04:00,10.0
2011-04-22 11:04:27-04:00,10.0
2011-04-22 11:04:30-04:00,10.0
2011-04-22 11:04:33-04:00,10.0
2011-04-22 11:04:36-04:00,10.0
2011-04-22 11:04:39-04:00,10.0
2011-04-22 11:04:42-04:00,10.0
2011-04-22 11:04:45-04:00,10.0
2011-04-22 11:04:48-04:00,10.0
2011-04-22 11:04:51-04:00,10.0
2011-04-22 11:04:54-04:00,10.0
2011-04-22 11:04:57-04:00,10.0
2011-04-22 11:05:00-04:00,10.0
2011-04-22 11:05:03-04:00,10.0
2011-04-22 11:05:06-04:00,10.0
2011-04-22 11:05:09-04:00,10.0
2011-04-22 11:05:12-04:00,10.0
2011-04-22 11:05:15-04:00,10.0
2011-04-22 11:05:18-04:00,10.0
2011-04-22 11:05:21-04:00,10.0
2011-04-22 11:05:24-04:00,10.0
2011-04-22 11:05:27-04:00,10.0
2011-04-22 11:05:30-04:00,10.0
2011-04-22 11:05:33-04:00,10.0
2011-04-22 11:05:36-04:00,10.0
2011-04-22 11:05:39-04:00,10.0
2011-04-22 11:05:42-04:00,10.0
2011-04-22 11:05:45-04:00,10.0
2011-04-22 11:05:48-04:00,10.0
2011-04-22 11:05:51-04:00,10.0
2011-04-22 11:05:54-04:00,10.0
2011-04-22 11:05:57-04:00,10.0
2011-04-22 11:06:00-04:00,10.0
2011-04-22 11:06:03-04:00,10.0
2011-04-22 11:06:06-04:00,10.0
2011-04-22 11:06:09-04:00,10.0
2011-04-22 11:06:12-04:00,10.0
2011-04-22 11:06:15-04:00,10.0
2011-04-22 11:06:18-04:00,10.0
2011-04-22 11:06:21-04:00,10.0
2011-04-22 11:06:24-04:00,10.0
2011-04-22 11:06:27-04:00,10.0
2011-04-22 11:06:30-04:00,10.0
2011-04-22 11:06:33-04:00,10.0
2011-04-22 11:06:36-04:00,10.0
2011-04-22 11:06:39-04:00,10.0
2011-04-22 11:06:42-04:00,10.0
2011-04-22 11:06:45-04:00,10.0
2011-04-22 11:06:48-04:00,10.0
2011-04-22 11:06:51-04:00,10.0
2011-04-22 11:06:54-04:00,10.0
2011-04-22 11:06:57-04:00,10.0
2011-04-22 11:07:00-04:00,10.0
2011-04-22 11:07:03-04:00,10.0
2011-04-22 11:07:06-04:00,10.0
2011-04-22 11:07:09-04:00,10.0
2011-04-22 11:07:12-04:00,10.0
2011-04-22 11:07:15-04:00,10.0
2011-04-22 11:07:18-04:00,10.0
2011-04-22 11:07:21-04:00,10.0
2011-04-22 11:07:24-04:00,10.0
2011-04-22 11:07:27-04:00,10.0
2011-04-22 11:07:30-04:00,10.0
2011-04-22 11:07:33-04:00,10.0
2011-04-22 11:07:36-04:00,10.0
2011-04-22 11:07:39-04:00,10.0
2011-04-22 11:07:42-04:00,10.0
2011-04-22 11:07:45-04:00,10.0
2011-04-22 11:07:48-04:00,10.0
2011-04-22 11:07:51-04:00,10.0
2011-04-22 11:07:54-04:00,10.0
2011-04-22 11:07:57-04:00,10.0
2011-04-22 11:08:00-04:00,10.0
2011-04-22 11:08:03-04:00,10.0
2011-04-22 11:08:06-04:00,10.0
2011-04-22 11:08:09-04:00,10.0
2011-04-22 11:08:12-04:00,11.0
2011-04-22 11:08:15-04:00,10.25
2011-04-22 11:08:18-04:00,10.0
2011-04-22 11:08:21-04:00,10.0
2011-04-22 11:08:24-04:00,10.0
2011-04-22 11:08:27-04:00,10.0
2011-04-22 11:08:30-04:00,10.0
2011-04-22 11:08:33-04:00,10.0
2011-04-22 11:08:36-04:00,10.0
2011-04-22 11:08:39-04:00,10.0
2011-04-22 11:08:42-04:00,10.0
2011-04-22 11:08:45-04:00,10.0
2011-04-22 11:08:48-04:00,10.0
2011-04-22 11:08:51-04:00,10.0
2011-04-22 11:08:54-04:00,10.0
2011-04-22 11:08:57-04:00,10.0
2011-04-22 11:09:00-04:00,10.0
2011-04-22 11:09:03-04:00,10.0
2011-04-22 11:09:06-04:00,10.0
2011-04-22 11:09:09-04:00,10.0
2011-04-22 11:09:12-04:00,10.0
2011-04-22 11:09:15-04:00,10.0
2011-04-22 11:09:18-04:00,10.0
2011-04-22 11:09:21-04:00,10.333333333333334
2011-04-22 11:09:24-04:00,10.75
2011-04-22 11:09:27-04:00,10.0
2011-04-22 11:09:30-04:00,10.0
2011-04-22 11:09:33-04:00,10.0
2011-04-22 11:09:36-04:00,10.0
2011-04-22 11:09:39-04:00,10.0
2011-04-22 11:09:42-04:00,10.0
2011-04-22 11:09:45-04:00,10.0
2011-04-22 11:09:48-04:00,10.0
2011-04-22 11:09:51-04:00,10.0
2011-04-22 11:09:54-04:00,10.333333333333334
2011-04-22 11:09:57-04:00,10.75
2011-04-22 11:10:00-04:00,10.0
2011-04-22 11:10:03-04:00,10.0
2011-04-22 11:10:06-04:00,10.75
2011-04-22 11:10:09-04:00,10.333333333333334
2011-04-22 11:10:12-04:00,10.0
2011-04-22 11:10:15-04:00,10.0
2011-04-22 11:10:18-04:00,10.0
2011-04-22 11:10:21-04:00,10.0
2011-04-22 11:10:24-04:00,10.0
2011-04-22 11:10:27-04:00,10.0
2011-04-22 11:10:30-04:00,10.0
2011-04-22 11:10:33-04:00,10.0
2011-04-22 11:10:36-04:00,10.0
2011-04-22 11:10:39-04:00,10.0
2011-04-22 11:10:42-04:00,10.0
2011-04-22 11:10:45-04:00,10.0
2011-04-22 11:10:48-04:00,10.0
2011-04-22 11:10:51-04:00,10.0
2011-04-22 11:10:54-04:00,10.0
2011-04-22 11:10:57-04:00,10.0
2011-04-22 11:11:00-04:00,10.0
2011-04-22 11:11:03-04:00,10.0
2011-04-22 11:11:06-04:00,10.0
2011-04-22 11:11:09-04:00,10.0
2011-04-22 11:11:12-04:00,10.0
2011-04-22 11:11:15-04:00,10.0
2011-04-22 11:11:18-04:00,10.0
2011-04-22 11:11:21-04:00,10.0
2011-04-22 11:11:24-04:00,10.0
2011-04-22 11:11:27-04:00,10.0
2011-04-22 11:11:30-04:00,10.0
2011-04-22 11:11:33-04:00,10.0
2011-04-22 11:11:36-04:00,10.0
2011-04-22 11:11:39-04:00,10.0
2011-04-22 11:11:42-04:00,10.25
2011-04-22 11:11:45-04:00,11.0
2011-04-22 11:11:48-04:00,10.0
2011-04-22 11:11:51-04:00,10.0
2011-04-22 11:11:54-04:00,10.0
2011-04-22 11:11:57-04:00,10.0
2011-04-22 11:12:00-04:00,10.0
2011-04-22 11:12:03-04:00,10.0
2011-04-22 11:12:06-04:00,10.0
2011-04-22 11:12:09-04:00,10.0
2011-04-22 11:12:12-04:00,10.0
2011-04-22 11:12:15-04:00,10.75
2011-04-22 11:12:18-04:00,10.333333333333334
2011-04-22 11:12:21-04:00,10.0
2011-04-22 11:12:24-04:00,10.0
2011-04-22 11:12:27-04:00,10.0
2011-04-22 11:12:30-04:00,10.0
2011-04-22 11:12:33-04:00,10.0
2011-04-22 11:12:36-04:00,10.0
2011-04-22 11:12:39-04:00,10.0
2011-04-22 11:12:42-04:00,10.0
2011-04-22 11:12:45-04:00,10.0
2011-04-22 11:12:48-04:00,10.0
2011-04-22 11:12:51-04:00,10.0
2011-04-22 11:12:54-04:00,10.0
2011-04-22 11:12:57-04:00,10.0
2011-04-22 11:13:00-04:00,10.0
2011-04-22 11:13:03-04:00,10.0
2011-04-22 11:13:06-04:00,10.0
2011-04-22 11:13:09-04:00,10.0
2011-04-22 11:13:12-04:00,10.0
2011-04-22 11:13:15-04:00,10.0
2011-04-22 11:13:18-04:00,10.0
2011-04-22 11:13:21-04:00,10.0
2011-04-22 11:13:24-04:00,10.0
2011-04-22 11:13:27-04:00,10.0
2011-04-22 11:13:30-04:00,10.0
2011-04-22 11:13:33-04:00,10.0
2011-04-22 11:13:36-04:00,10.0
2011-04-22 11:13:39-04:00,10.0
2011-04-22 11:13:42-04:00,10.0
2011-04-22 11:13:45-04:00,10.75
2011-04-22 11:13:48-04:00,10.333333333333334
2011-04-22 11:13:51-04:00,10.0
2011-04-22 11:13:54-04:00,10.0
2011-04-22 11:13:57-04:00,10.0
2011-04-22 11:14:00-04:00,10.0
2011-04-22 11:14:03-04:00,10.0
2011-04-22 11:14:06-04:00,10.0
2011-04-22 11:14:09-04:00,10.0
2011-04-22 11:14:12-04:00,10.0
2011-04-22 11:14:15-04:00,10.0
2011-04-22 11:14:18-04:00,10.0
2011-04-22 11:14:21-04:00,10.0
2011-04-22 11:14:24-04:00,10.0
2011-04-22 11:14:27-04:00,10.0
2011-04-22 11:14:30-04:00,10.0
2011-04-22 11:14:33-04:00,10.0
2011-04-22 11:14:36-04:00,10.0
2011-04-22 11:14:39-04:00,10.0
2011-04-22 11:14:42-04:00,10.0
2011-04-22 11:14:45-04:00,10.0
2011-04-22 11:14:48-04:00,10.0
2011-04-22 11:14:51-04:00,10.0
2011-04-22 11:14:54-04:00,10.0
2011-04-22 11:14:57-04:00,10.0
2011-04-22 11:15:00-04:00,10.0
2011-04-22 11:15:03-04:00,10.0
2011-04-22 11:15:06-04:00,10.0
2011-04-22 11:15:09-04:00,10.0
2011-04-22 11:15:12-04:00,10.0
2011-04-22 11:15:15-04:00,10.5
2011-04-22 11:15:18-04:00,10.666666666666666
2011-04-22 11:15:21-04:00,10.0
2011-04-22 11:15:24-04:00,10.0
2011-04-22 11:15:27-04:00,10.0
2011-04-22 11:15:30-04:00,10.0
2011-04-22 11:15:33-04:00,10.0
2011-04-22 11:15:36-04:00,10.0
2011-04-22 11:15:39-04:00,10.0
2011-04-22 11:15:42-04:00,10.75
2011-04-22 11:15:45-04:00,10.333333333333334
2011-04-22 11:15:48-04:00,10.0
2011-04-22 11:15:51-04:00,10.0
2011-04-22 11:15:54-04:00,10.0
2011-04-22 11:15:57-04:00,10.0
2011-04-22 11:16:00-04:00,10.0
2011-04-22 11:16:03-04:00,10.0
2011-04-22 11:16:06-04:00,10.0
2011-04-22 11:16:09-04:00,10.0
2011-04-22 11:16:12-04:00,10.0
2011-04-22 11:16:15-04:00,10.0
2011-04-22 11:16:18-04:00,10.0
2011-04-22 11:16:21-04:00,10.0
2011-04-22 11:16:24-04:00,10.0
2011-04-22 11:16:27-04:00,10.0
2011-04-22 11:16:30-04:00,10.0
2011-04-22 11:16:33-04:00,10.0
2011-04-22 11:16:36-04:00,10.0
2011-04-22 11:16:39-04:00,10.0
2011-04-22 11:16:42-04:00,10.666666666666666
2011-04-22 11:16:45-04:00,10.5
2011-04-22 11:16:48-04:00,10.0
2011-04-22 11:16:51-04:00,10.25
2011-04-22 11:16:54-04:00,11.0
2011-04-22 11:16:57-04:00,10.0
2011-04-22 11:17:00-04:00,10.0
2011-04-22 11:17:03-04:00,10.0
2011-04-22 11:17:06-04:00,10.0
2011-04-22 11:17:09-04:00,10.0
2011-04-22 11:17:12-04:00,10.0
2011-04-22 11:17:15-04:00,10.0
2011-04-22 11:17:18-04:00,10.0
2011-04-22 11:17:21-04:00,10.0
2011-04-22 11:17:24-04:00,10.0
2011-04-22 11:17:27-04:00,10.0
2011-04-22 11:17:30-04:00,10.0
2011-04-22 11:17:33-04:00,10.0
2011-04-22 11:17:36-04:00,10.0
2011-04-22 11:17:39-04:00,10.0
2011-04-22 11:17:42-04:00,10.0
2011-04-22 11:17:45-04:00,10.0
2011-04-22 11:17:48-04:00,10.0
2011-04-22 11:17:51-04:00,11.0
2011-04-22 11:17:54-04:00,10.25
2011-04-22 11:17:57-04:00,10.0
2011-04-22 11:18:00-04:00,10.5
2011-04-22 11:18:03-04:00,10.666666666666666
2011-04-22 11:18:06-04:00,10.333333333333334
2011-04-22 11:18:09-04:00,10.75
2011-04-22 11:18:12-04:00,10.0
2011-04-22 11:18:15-04:00,10.0
2011-04-22 11:18:18-04:00,10.0
2011-04-22 11:18:21-04:00,10.0
2011-04-22 11:18:24-04:00,10.0
2011-04-22 11:18:27-04:00,10.0
2011-04-22 11:18:30-04:00,10.0
2011-04-22 11:18:33-04:00,10.0
2011-04-22 11:18:36-04:00,10.0
2011-04-22 11:18:39-04:00,10.0
2011-04-22 11:18:42-04:00,10.0
2011-04-22 11:18:45-04:00,10.0
2011-04-22 11:18:48-04:00,10.0
2011-04-22 11:18:51-04:00,10.0
2011-04-22 11:18:54-04:00,10.0
2011-04-22 11:18:57-04:00,10.0
2011-04-22 11:19:00-04:00,10.0
2011-04-22 11:19:03-04:00,10.0
2011-04-22 11:19:06-04:00,10.0
2011-04-22 11:19:09-04:00,10.0
2011-04-22 11:19:12-04:00,10.0
2011-04-22 11:19:15-04:00,10.0
2011-04-22 11:19:18-04:00,10.0
2011-04-22 11:19:21-04:00,10.0
2011-04-22 11:19:24-04:00,10.0
2011-04-22 11:19:27-04:00,10.0
2011-04-22 11:19:30-04:00,10.0
2011-04-22 11:19:33-04:00,10.0
2011-04-22 11:19:36-04:00,10.0
2011-04-22 11:19:39-04:00,10.0
2011-04-22 11:19:42-04:00,10.0
2011-04-22 11:19:45-04:00,10.0
2011-04-22 11:19:48-04:00,10.0
2011-04-22 11:19:51-04:00,10.0
2011-04-22 11:19:54-04:00,10.0
2011-04-22 11:19:57-04:00,10.0
2011-04-22 11:20:00-04:00,10.0
2011-04-22 11:20:03-04:00,10.0
2011-04-22 11:20:06-04:00,10.0
2011-04-22 11:20:09-04:00,10.0
2011-04-22 11:20:12-04:00,10.0
2011-04-22 11:20:15-04:00,10.0
2011-04-22 11:20:18-04:00,10.0
2011-04-22 11:20:21-04:00,10.0
2011-04-22 11:20:24-04:00,10.0
2011-04-22 11:20:27-04:00,10.0
2011-04-22 11:20:30-04:00,10.0
2011-04-22 11:20:33-04:00,10.0
2011-04-22 11:20:36-04:00,10.0
2011-04-22 11:20:39-04:00,10.0
2011-04-22 11:20:42-04:00,10.0
2011-04-22 11:20:45-04:00,10.0
2011-04-22 11:20:48-04:00,10.0
2011-04-22 11:20:51-04:00,10.0
2011-04-22 11:20:54-04:00,10.0
2011-04-22 11:20:57-04:00,10.0
2011-04-22 11:21:00-04:00,10.0
2011-04-22 11:21:03-04:00,10.0
2011-04-22 11:21:06-04:00,10.0
2011-04-22 11:21:09-04:00,10.0
2011-04-22 11:21:12-04:00,10.0
2011-04-22 11:21:15-04:00,10.0
2011-04-22 11:21:18-04:00,10.0
2011-04-22 11:21:21-04:00,10.0
2011-04-22 11:21:24-04:00,10.0
2011-04-22 11:21:27-04:00,10.0
2011-04-22 11:21:30-04:00,10.0
2011-04-22 11:21:33-04:00,10.0
2011-04-22 11:21:36-04:00,10.0
2011-04-22 11:21:39-04:00,10.0
2011-04-22 11:21:42-04:00,10.0
2011-04-22 11:21:45-04:00,10.0
2011-04-22 11:21:48-04:00,10.0
2011-04-22 11:21:51-04:00,10.0
2011-04-22 11:21:54-04:00,10.0
2011-04-22 11:21:57-04:00,10.0
2011-04-22 11:22:00-04:00,10.0
2011-04-22 11:22:03-04:00,10.0
2011-04-22 11:22:06-04:00,10.0
2011-04-22 11:22:09-04:00,10.0
2011-04-22 11:22:12-04:00,10.0
2011-04-22 11:22:15-04:00,10.0
2011-04-22 11:22:18-04:00,10.0
2011-04-22 11:22:21-04:00,10.0
2011-04-22 11:22:24-04:00,10.0
2011-04-22 11:22:27-04:00,10.0
2011-04-22 11:22:30-04:00,10.0
2011-04-22 11:22:33-04:00,10.0
2011-04-22 11:22:36-04:00,10.0
2011-04-22 11:22:39-04:00,10.0
2011-04-22 11:22:42-04:00,10.0
2011-04-22 11:22:45-04:00,10.0
2011-04-22 11:22:48-04:00,10.0
2011-04-22 11:22:51-04:00,10.0
2011-04-22 11:22:54-04:00,10.0
2011-04-22 11:22:57-04:00,10.0
2011-04-22 11:23:00-04:00,10.0
2011-04-22 11:23:03-04:00,10.0
2011-04-22 11:23:06-04:00,10.0
2011-04-22 11:23:09-04:00,10.0
2011-04-22 11:23:12-04:00,10.0
2011-04-22 11:23:15-04:00,10.0
2011-04-22 11:23:18-04:00,10.0
2011-04-22 11:23:21-04:00,10.0
2011-04-22 11:23:24-04:00,10.0
2011-04-22 11:23:27-04:00,10.0
2011-04-22 11:23:30-04:00,10.0
2011-04-22 11:23:33-04:00,10.0
2011-04-22 11:23:36-04:00,10.0
2011-04-22 11:23:39-04:00,10.0
2011-04-22 11:23:42-04:00,10.0
2011-04-22 11:23:45-04:00,10.0
2011-04-22 11:23:48-04:00,10.0
2011-04-22 11:23:51-04:00,10.0
2011-04-22 11:23:54-04:00,10.0
2011-04-22 11:23:57-04:00,10.0
2011-04-22 11:24:00-04:00,10.0
2011-04-22 11:24:03-04:00,10.0
2011-04-22 11:24:06-04:00,10.0
2011-04-22 11:24:09-04:00,10.0
2011-04-22 11:24:12-04:00,10.0
2011-04-22 11:24:15-04:00,10.0
2011-04-22 11:24:18-04:00,10.0
2011-04-22 11:24:21-04:00,10.0
2011-04-22 11:24:24-04:00,10.0
2011-04-22 11:24:27-04:00,10.0
2011-04-22 11:24:30-04:00,10.0
2011-04-22 11:24:33-04:00,10.0
2011-04-22 11:24:36-04:00,10.0
2011-04-22 11:24:39-04:00,10.0
2011-04-22 11:24:42-04:00,10.0
2011-04-22 11:24:45-04:00,10.0
2011-04-22 11:24:48-04:00,10.0
2011-04-22 11:24:51-04:00,10.0
2011-04-22 11:24:54-04:00,10.0
2011-04-22 11:24:57-04:00,10.0
2011-04-22 11:25:00-04:00,10.0
2011-04-22 11:25:03-04:00,10.0
2011-04-22 11:25:06-04:00,10.0
2011-04-22 11:25:09-04:00,10.0
2011-04-22 11:25:12-04:00,10.0
2011-04-22 11:25:15-04:00,10.0
2011-04-22 11:25:18-04:00,10.0
2011-04-22 11:25:21-04:00,10.0
2011-04-22 11:25:24-04:00,10.0
2011-04-22 11:25:27-04:00,10.0
2011-04-22 11:25:30-04:00,10.0
2011-04-22 11:25:33-04:00,10.0
2011-04-22 11:25:36-04:00,10.0
2011-04-22 11:25:39-04:00,10.0
2011-04-22 11:25:42-04:00,10.0
2011-04-22 11:25:45-04:00,10.0
2011-04-22 11:25:48-04:00,10.0
2011-04-22 11:25:51-04:00,10.0
2011-04-22 11:25:54-04:00,10.0
2011-04-22 11:25:57-04:00,10.0
2011-04-22 11:26:00-04:00,10.0
2011-04-22 11:26:03-04:00,10.0
2011-04-22 11:26:06-04:00,10.0
2011-04-22 11:26:09-04:00,10.0
2011-04-22 11:26:12-04:00,10.0
2011-04-22 11:26:15-04:00,10.0
2011-04-22 11:26:18-04:00,10.0
2011-04-22 11:26:21-04:00,10.0
2011-04-22 11:26:24-04:00,10.0
2011-04-22 11:26:27-04:00,10.0
2011-04-22 11:26:30-04:00,10.0
2011-04-22 11:26:33-04:00,10.0
2011-04-22 11:26:36-04:00,10.0
2011-04-22 11:26:39-04:00,10.0
2011-04-22 11:26:42-04:00,10.0
2011-04-22 11:26:45-04:00,10.0
2011-04-22 11:26:48-04:00,10.0
2011-04-22 11:26:51-04:00,10.0
2011-04-22 11:26:54-04:00,10.0
2011-04-22 11:26:57-04:00,10.0
2011-04-22 11:27:00-04:00,10.0
2011-04-22 11:27:03-04:00,10.0
2011-04-22 11:27:06-04:00,10.0
2011-04-22 11:27:09-04:00,10.0
2011-04-22 11:27:12-04:00,10.0
2011-04-22 11:27:15-04:00,10.0
2011-04-22 11:27:18-04:00,10.0
2011-04-22 11:27:21-04:00,10.0
2011-04-22 11:27:24-04:00,10.0
2011-04-22 11:27:27-04:00,10.0
2011-04-22 11:27:30-04:00,10.0
2011-04-22 11:27:33-04:00,10.0
2011-04-22 11:27:36-04:00,10.0
2011-04-22 11:27:39-04:00,10.0
2011-04-22 11:27:42-04:00,10.0
2011-04-22 11:27:45-04:00,10.0
2011-04-22 11:27:48-04:00,10.0
2011-04-22 11:27:51-04:00,10.0
2011-04-22 11:27:54-04:00,10.0
2011-04-22 11:27:57-04:00,10.0
2011-04-22 11:28:00-04:00,10.0
2011-04-22 11:28:03-04:00,10.0
2011-04-22 11:28:06-04:00,10.0
2011-04-22 11:28:09-04:00,10.0
2011-04-22 11:28:12-04:00,10.0
2011-04-22 11:28:15-04:00,10.0
2011-04-22 11:28:18-04:00,10.0
2011-04-22 11:28:21-04:00,10.0
2011-04-22 11:28:24-04:00,10.0
2011-04-22 11:28:27-04:00,10.0
2011-04-22 11:28:30-04:00,10.0
2011-04-22 11:28:33-04:00,10.0
2011-04-22 11:28:36-04:00,10.0
2011-04-22 11:28:39-04:00,10.0
2011-04-22 11:28:42-04:00,10.0
2011-04-22 11:28:45-04:00,10.0
2011-04-22 11:28:48-04:00,10.0
2011-04-22 11:28:51-04:00,10.0
2011-04-22 11:28:54-04:00,10.0
2011-04-22 11:28:57-04:00,10.0
2011-04-22 11:29:00-04:00,10.0
2011-04-22 11:29:03-04:00,10.0
2011-04-22 11:29:06-04:00,10.0
2011-04-22 11:29:09-04:00,10.0
2011-04-22 11:29:12-04:00,10.0
2011-04-22 11:29:15-04:00,10.0
2011-04-22 11:29:18-04:00,10.0
2011-04-22 11:29:21-04:00,10.0
2011-04-22 11:29:24-04:00,10.0
2011-04-22 11:29:27-04:00,10.666666666666666
2011-04-22 11:29:30-04:00,10.777777777777779
2011-04-22 11:29:33-04:00,10.444444444444445
2011-04-22 11:29:36-04:00,10.11111111111111
2011-04-22 11:29:39-04:00,10.0
2011-04-22 11:29:42-04:00,10.0
2011-04-22 11:29:45-04:00,10.0
2011-04-22 11:29:48-04:00,10.0
2011-04-22 11:29:51-04:00,10.0
2011-04-22 11:29:54-04:00,10.0
2011-04-22 11:29:57-04:00,10.0
2011-04-22 11:30:00-04:00,10.0
2011-04-22 11:30:03-04:00,10.0
2011-04-22 11:30:06-04:00,10.0
2011-04-22 11:30:09-04:00,10.0
2011-04-22 11:30:12-04:00,10.0
2011-04-22 11:30:15-04:00,10.0
2011-04-22 11:30:18-04:00,10.0
2011-04-22 11:30:21-04:00,10.75
2011-04-22 11:30:24-04:00,10.333333333333334
2011-04-22 11:30:27-04:00,10.0
2011-04-22 11:30:30-04:00,10.0
2011-04-22 11:30:33-04:00,10.0
2011-04-22 11:30:36-04:00,10.0
2011-04-22 11:30:39-04:00,10.0
2011-04-22 11:30:42-04:00,10.0
2011-04-22 11:30:45-04:00,10.0
2011-04-22 11:30:48-04:00,10.0
2011-04-22 11:30:51-04:00,10.0
2011-04-22 11:30:54-04:00,10.0
2011-04-22 11:30:57-04:00,10.0
2011-04-22 11:31:00-04:00,10.0
2011-04-22 11:31:03-04:00,10.0
2011-04-22 11:31:06-04:00,10.0
2011-04-22 11:31:09-04:00,10.0
2011-04-22 11:31:12-04:00,10.0
2011-04-22 11:31:15-04:00,10.0
2011-04-22 11:31:18-04:00,10.0
2011-04-22 11:31:21-04:00,10.0
2011-04-22 11:31:24-04:00,10.0
2011-04-22 11:31:27-04:00,10.0
2011-04-22 11:31:30-04:00,10.0
2011-04-22 11:31:33-04:00,10.0
2011-04-22 11:31:36-04:00,10.0
2011-04-22 11:31:39-04:00,10.0
2011-04-22 11:31:42-04:00,10.0
2011-04-22 11:31:45-04:00,10.0
2011-04-22 11:31:48-04:00,10.0
2011-04-22 11:31:51-04:00,10.0
2011-04-22 11:31:54-04:00,10.0
2011-04-22 11:31:57-04:00,10.0
2011-04-22 11:32:00-04:00,10.0
2011-04-22 11:32:03-04:00,10.0
2011-04-22 11:32:06-04:00,10.0
2011-04-22 11:32:09-04:00,10.0
2011-04-22 11:32:12-04:00,10.0
2011-04-22 11:32:15-04:00,10.0
2011-04-22 11:32:18-04:00,10.0
2011-04-22 11:32:21-04:00,10.0
2011-04-22 11:32:24-04:00,10.666666666666666
2011-04-22 11:32:27-04:00,10.5
2011-04-22 11:32:30-04:00,10.0
2011-04-22 11:32:33-04:00,10.0
2011-04-22 11:32:36-04:00,10.0
2011-04-22 11:32:39-04:00,10.0
2011-04-22 11:32:42-04:00,10.0
2011-04-22 11:32:45-04:00,10.0
2011-04-22 11:32:48-04:00,10.0
2011-04-22 11:32:51-04:00,10.0
2011-04-22 11:32:54-04:00,10.0
2011-04-22 11:32:57-04:00,10.0
2011-04-22 11:33:00-04:00,10.0
2011-04-22 11:33:03-04:00,10.0
2011-04-22 11:33:06-04:00,10.0
2011-04-22 11:33:09-04:00,10.0
2011-04-22 11:33:12-04:00,10.0
2011-04-22 11:33:15-04:00,10.0
2011-04-22 11:33:18-04:00,10.0
2011-04-22 11:33:21-04:00,10.0
2011-04-22 11:33:24-04:00,10.0
2011-04-22 11:33:27-04:00,10.0
2011-04-22 11:33:30-04:00,10.0
2011-04-22 11:33:33-04:00,10.0
2011-04-22 11:33:36-04:00,10.0
2011-04-22 11:33:39-04:00,10.333333333333334
2011-04-22 11:33:42-04:00,10.75
2011-04-22 11:33:45-04:00,10.0
2011-04-22 11:33:48-04:00,10.0
2011-04-22 11:33:51-04:00,10.0
2011-04-22 11:33:54-04:00,10.0
2011-04-22 11:33:57-04:00,10.0
2011-04-22 11:34:00-04:00,10.0
2011-04-22 11:34:03-04:00,10.0
2011-04-22 11:34:06-04:00,10.0
2011-04-22 11:34:09-04:00,10.0
2011-04-22 11:34:12-04:00,10.0
2011-04-22 11:34:15-04:00,10.0
2011-04-22 11:34:18-04:00,10.0
2011-04-22 11:34:21-04:00,10.0
2011-04-22 11:34:24-04:00,10.0
2011-04-22 11:34:27-04:00,10.0
2011-04-22 11:34:30-04:00,10.0
2011-04-22 11:34:33-04:00,10.0
2011-04-22 11:34:36-04:00,10.0
2011-04-22 11:34:39-04:00,10.0
2011-04-22 11:34:42-04:00,10.0
2011-04-22 11:34:45-04:00,10.0
2011-04-22 11:34:48-04:00,10.0
2011-04-22 11:34:51-04:00,10.0
2011-04-22 11:34:54-04:00,10.0
2011-04-22 11:34:57-04:00,10.0
2011-04-22 11:35:00-04:00,10.0
2011-04-22 11:35:03-04:00,10.0
2011-04-22 11:35:06-04:00,10.0
2011-04-22 11:35:09-04:00,10.0
2011-04-22 11:35:12-04:00,10.0
2011-04-22 11:35:15-04:00,10.0
2011-04-22 11:35:18-04:00,10.0
2011-04-22 11:35:21-04:00,10.0
2011-04-22 11:35:24-04:00,10.0
2011-04-22 11:35:27-04:00,10.0
2011-04-22 11:35:30-04:00,10.0
2011-04-22 11:35:33-04:00,10.0
2011-04-22 11:35:36-04:00,10.0
2011-04-22 11:35:39-04:00,10.0
2011-04-22 11:35:42-04:00,10.0
2011-04-22 11:35:45-04:00,10.0
2011-04-22 11:35:48-04:00,10.0
2011-04-22 11:35:51-04:00,10.0
2011-04-22 11:35:54-04:00,10.0
2011-04-22 11:35:57-04:00,10.0
2011-04-22 11:36:00-04:00,10.0
2011-04-22 11:36:03-04:00,10.0
2011-04-22 11:36:06-04:00,10.0
2011-04-22 11:36:09-04:00,10.0
2011-04-22 11:36:12-04:00,10.0
2011-04-22 11:36:15-04:00,10.0
2011-04-22 11:36:18-04:00,10.0
2011-04-22 11:36:21-04:00,10.0
2011-04-22 11:36:24-04:00,10.0
2011-04-22 11:36:27-04:00,10.0
2011-04-22 11:36:30-04:00,10.0
2011-04-22 11:36:33-04:00,10.0
2011-04-22 11:36:36-04:00,10.0
2011-04-22 11:36:39-04:00,11.0
2011-04-22 11:36:42-04:00,10.25
2011-04-22 11:36:45-04:00,10.0
2011-04-22 11:36:48-04:00,10.0
2011-04-22 11:36:51-04:00,10.0
2011-04-22 11:36:54-04:00,10.0
2011-04-22 11:36:57-04:00,10.0
2011-04-22 11:37:00-04:00,10.0
2011-04-22 11:37:03-04:00,10.0
2011-04-22 11:37:06-04:00,10.0
2011-04-22 11:37:09-04:00,10.0
2011-04-22 11:37:12-04:00,10.0
2011-04-22 11:37:15-04:00,10.0
2011-04-22 11:37:18-04:00,10.0
2011-04-22 11:37:21-04:00,10.0
2011-04-22 11:37:24-04:00,10.0
2011-04-22 11:37:27-04:00,10.0
2011-04-22 11:37:30-04:00,10.0
2011-04-22 11:37:33-04:00,10.0
2011-04-22 11:37:36-04:00,10.0
2011-04-22 11:37:39-04:00,10.0
2011-04-22 11:37:42-04:00,10.0
2011-04-22 11:37:45-04:00,10.0
2011-04-22 11:37:48-04:00,10.0
2011-04-22 11:37:51-04:00,10.0
2011-04-22 11:37:54-04:00,10.0
2011-04-22 11:37:57-04:00,10.0
2011-04-22 11:38:00-04:00,10.0
2011-04-22 11:38:03-04:00,10.0
2011-04-22 11:38:06-04:00,10.0
2011-04-22 11:38:09-04:00,10.0
2011-04-22 11:38:12-04:00,10.0
2011-04-22 11:38:15-04:00,10.0
2011-04-22 11:38:18-04:00,10.0
2011-04-22 11:38:21-04:00,10.0
2011-04-22 11:38:24-04:00,10.0
2011-04-22 11:38:27-04:00,10.0
2011-04-22 11:38:30-04:00,10.0
2011-04-22 11:38:33-04:00,10.0
2011-04-22 11:38:36-04:00,10.0
2011-04-22 11:38:39-04:00,10.0
2011-04-22 11:38:42-04:00,10.0
2011-04-22 11:38:45-04:00,10.0
2011-04-22 11:38:48-04:00,10.0
2011-04-22 11:38:51-04:00,10.0
2011-04-22 11:38:54-04:00,10.0
2011-04-22 11:38:57-04:00,10.0
2011-04-22 11:39:00-04:00,10.0
2011-04-22 11:39:03-04:00,10.0
2011-04-22 11:39:06-04:00,10.0
2011-04-22 11:39:09-04:00,10.0
2011-04-22 11:39:12-04:00,10.0
2011-04-22 11:39:15-04:00,10.0
2011-04-22 11:39:18-04:00,10.0
2011-04-22 11:39:21-04:00,10.0
2011-04-22 11:39:24-04:00,10.0
2011-04-22 11:39:27-04:00,10.0
2011-04-22 11:39:30-04:00,10.0
2011-04-22 11:39:33-04:00,10.0
2011-04-22 11:39:36-04:00,10.0
2011-04-22 11:39:39-04:00,10.0
2011-04-22 11:39:42-04:00,10.0
2011-04-22 11:39:45-04:00,10.0
2011-04-22 11:39:48-04:00,10.0
2011-04-22 11:39:51-04:00,10.0
2011-04-22 11:39:54-04:00,10.0
2011-04-22 11:39:57-04:00,10.0
2011-04-22 11:40:00-04:00,10.0
2011-04-22 11:40:03-04:00,10.0
2011-04-22 11:40:06-04:00,10.0
2011-04-22 11:40:09-04:00,10.0
2011-04-22 11:40:12-04:00,10.0
2011-04-22 11:40:15-04:00,10.0
2011-04-22 11:40:18-04:00,10.0
2011-04-22 11:40:21-04:00,10.0
2011-04-22 11:40:24-04:00,10.0
2011-04-22 11:40:27-04:00,10.0
2011-04-22 11:40:30-04:00,10.0
2011-04-22 11:40:33-04:00,10.0
2011-04-22 11:40:36-04:00,10.0
2011-04-22 11:40:39-04:00,10.0
2011-04-22 11:40:42-04:00,10.0
2011-04-22 11:40:45-04:00,10.0
2011-04-22 11:40:48-04:00,10.0
2011-04-22 11:40:51-04:00,10.0
2011-04-22 11:40:54-04:00,10.0
2011-04-22 11:40:57-04:00,10.0
2011-04-22 11:41:00-04:00,10.0
2011-04-22 11:41:03-04:00,10.0
2011-04-22 11:41:06-04:00,10.0
2011-04-22 11:41:09-04:00,10.0
2011-04-22 11:41:12-04:00,10.0
2011-04-22 11:41:15-04:00,10.0
2011-04-22 11:41:18-04:00,10.0
2011-04-22 11:41:21-04:00,10.0
2011-04-22 11:41:24-04:00,10.0
2011-04-22 11:41:27-04:00,10.0
2011-04-22 11:41:30-04:00,10.0
2011-04-22 11:41:33-04:00,10.0
2011-04-22 11:41:36-04:00,10.0
2011-04-22 11:41:39-04:00,10.0
2011-04-22 11:41:42-04:00,10.0
2011-04-22 11:41:45-04:00,10.0
2011-04-22 11:41:48-04:00,10.0
2011-04-22 11:41:51-04:00,10.0
2011-04-22 11:41:54-04:00,10.0
2011-04-22 11:41:57-04:00,10.0
2011-04-22 11:42:00-04:00,10.0
2011-04-22 11:42:03-04:00,10.0
2011-04-22 11:42:06-04:00,10.0
2011-04-22 11:42:09-04:00,10.0
2011-04-22 11:42:12-04:00,10.0
2011-04-22 11:42:15-04:00,10.0
2011-04-22 11:42:18-04:00,10.0
2011-04-22 11:42:21-04:00,10.0
2011-04-22 11:42:24-04:00,10.0
2011-04-22 11:42:27-04:00,10.0
2011-04-22 11:42:30-04:00,10.0
2011-04-22 11:42:33-04:00,10.0
2011-04-22 11:42:36-04:00,10.0
2011-04-22 11:42:39-04:00,10.0
2011-04-22 11:42:42-04:00,10.0
2011-04-22 11:42:45-04:00,10.0
2011-04-22 11:42:48-04:00,10.0
2011-04-22 11:42:51-04:00,10.0
2011-04-22 11:42:54-04:00,10.0
2011-04-22 11:42:57-04:00,10.0
2011-04-22 11:43:00-04:00,10.0
2011-04-22 11:43:03-04:00,10.0
2011-04-22 11:43:06-04:00,10.0
2011-04-22 11:43:09-04:00,10.0
2011-04-22 11:43:12-04:00,10.0
2011-04-22 11:43:15-04:00,10.0
2011-04-22 11:43:18-04:00,10.0
2011-04-22 11:43:21-04:00,10.0
2011-04-22 11:43:24-04:00,10.0
2011-04-22 11:43:27-04:00,10.0
2011-04-22 11:43:30-04:00,10.0
2011-04-22 11:43:33-04:00,10.0
2011-04-22 11:43:36-04:00,10.0
2011-04-22 11:43:39-04:00,10.0
2011-04-22 11:43:42-04:00,10.0
2011-04-22 11:43:45-04:00,10.0
2011-04-22 11:43:48-04:00,10.0
2011-04-22 11:43:51-04:00,10.0
2011-04-22 11:43:54-04:00,10.0
2011-04-22 11:43:57-04:00,10.0
2011-04-22 11:44:00-04:00,10.0
2011-04-22 11:44:03-04:00,10.0
2011-04-22 11:44:06-04:00,10.0
2011-04-22 11:44:09-04:00,10.0
2011-04-22 11:44:12-04:00,10.0
2011-04-22 11:44:15-04:00,10.0
2011-04-22 11:44:18-04:00,10.0
2011-04-22 11:44:21-04:00,10.0
2011-04-22 11:44:24-04:00,10.0
2011-04-22 11:44:27-04:00,10.0
2011-04-22 11:44:30-04:00,10.0
2011-04-22 11:44:33-04:00,10.0
2011-04-22 11:44:36-04:00,10.0
2011-04-22 11:44:39-04:00,10.0
2011-04-22 11:44:42-04:00,10.0
2011-04-22 11:44:45-04:00,10.0
2011-04-22 11:44:48-04:00,10.0
2011-04-22 11:44:51-04:00,10.0
2011-04-22 11:44:54-04:00,10.0
2011-04-22 11:44:57-04:00,10.0
2011-04-22 11:45:00-04:00,10.0
2011-04-22 11:45:03-04:00,10.0
2011-04-22 11:45:06-04:00,10.0
2011-04-22 11:45:09-04:00,10.0
2011-04-22 11:45:12-04:00,10.0
2011-04-22 11:45:15-04:00,10.0
2011-04-22 11:45:18-04:00,10.0
2011-04-22 11:45:21-04:00,10.0
2011-04-22 11:45:24-04:00,10.0
2011-04-22 11:45:27-04:00,10.0
2011-04-22 11:45:30-04:00,10.0
2011-04-22 11:45:33-04:00,10.0
2011-04-22 11:45:36-04:00,10.0
2011-04-22 11:45:39-04:00,10.0
2011-04-22 11:45:42-04:00,10.0
2011-04-22 11:45:45-04:00,10.0
2011-04-22 11:45:48-04:00,10.0
2011-04-22 11:45:51-04:00,10.0
2011-04-22 11:45:54-04:00,10.0
2011-04-22 11:45:57-04:00,10.0
2011-04-22 11:46:00-04:00,10.0
2011-04-22 11:46:03-04:00,10.0
2011-04-22 11:46:06-04:00,10.0
2011-04-22 11:46:09-04:00,10.0
2011-04-22 11:46:12-04:00,10.0
2011-04-22 11:46:15-04:00,10.0
2011-04-22 11:46:18-04:00,10.0
2011-04-22 11:46:21-04:00,10.0
2011-04-22 11:46:24-04:00,10.0
2011-04-22 11:46:27-04:00,10.0
2011-04-22 11:46:30-04:00,10.0
2011-04-22 11:46:33-04:00,10.0
2011-04-22 11:46:36-04:00,10.0
2011-04-22 11:46:39-04:00,10.0
2011-04-22 11:46:42-04:00,10.0
2011-04-22 11:46:45-04:00,10.0
2011-04-22 11:46:48-04:00,10.0
2011-04-22 11:46:51-04:00,10.0
2011-04-22 11:46:54-04:00,10.0
2011-04-22 11:46:57-04:00,10.0
2011-04-22 11:47:00-04:00,10.0
2011-04-22 11:47:03-04:00,10.0
2011-04-22 11:47:06-04:00,10.0
2011-04-22 11:47:09-04:00,10.0
2011-04-22 11:47:12-04:00,10.0
2011-04-22 11:47:15-04:00,10.0
2011-04-22 11:47:18-04:00,10.0
2011-04-22 11:47:21-04:00,10.0
2011-04-22 11:47:24-04:00,10.0
2011-04-22 11:47:27-04:00,10.0
2011-04-22 11:47:30-04:00,10.0
2011-04-22 11:47:33-04:00,10.0
2011-04-22 11:47:36-04:00,10.0
2011-04-22 11:47:39-04:00,10.0
2011-04-22 11:47:42-04:00,10.0
2011-04-22 11:47:45-04:00,10.0
2011-04-22 11:47:48-04:00,10.0
2011-04-22 11:47:51-04:00,10.0
2011-04-22 11:47:54-04:00,10.0
2011-04-22 11:47:57-04:00,10.0
2011-04-22 11:48:00-04:00,10.0
2011-04-22 11:48:03-04:00,10.0
2011-04-22 11:48:06-04:00,10.0
2011-04-22 11:48:09-04:00,10.0
2011-04-22 11:48:12-04:00,10.0
2011-04-22 11:48:15-04:00,10.0
2011-04-22 11:48:18-04:00,10.0
2011-04-22 11:48:21-04:00,10.666666666666666
2011-04-22 11:48:24-04:00,10.5
2011-04-22 11:48:27-04:00,10.0
2011-04-22 11:48:30-04:00,10.0
2011-04-22 11:48:33-04:00,10.0
2011-04-22 11:48:36-04:00,10.0
2011-04-22 11:48:39-04:00,10.0
2011-04-22 11:48:42-04:00,10.0
2011-04-22 11:48:45-04:00,10.0
2011-04-22 11:48:48-04:00,10.0
2011-04-22 11:48:51-04:00,10.0
2011-04-22 11:48:54-04:00,10.0
2011-04-22 11:48:57-04:00,10.0
2011-04-22 11:49:00-04:00,10.0
2011-04-22 11:49:03-04:00,10.75
2011-04-22 11:49:06-04:00,10.333333333333334
2011-04-22 11:49:09-04:00,10.0
2011-04-22 11:49:12-04:00,10.0
2011-04-22 11:49:15-04:00,10.0
2011-04-22 11:49:18-04:00,10.0
2011-04-22 11:49:21-04:00,10.0
2011-04-22 11:49:24-04:00,10.0
2011-04-22 11:49:27-04:00,10.0
2011-04-22 11:49:30-04:00,10.0
2011-04-22 11:49:33-04:00,10.0
2011-04-22 11:49:36-04:00,10.0
2011-04-22 11:49:39-04:00,10.0
2011-04-22 11:49:42-04:00,10.0
2011-04-22 11:49:45-04:00,10.0
2011-04-22 11:49:48-04:00,10.0
2011-04-22 11:49:51-04:00,10.0
2011-04-22 11:49:54-04:00,10.0
2011-04-22 11:49:57-04:00,10.0
2011-04-22 11:50:00-04:00,10.0
2011-04-22 11:50:03-04:00,10.0
2011-04-22 11:50:06-04:00,10.0
2011-04-22 11:50:09-04:00,10.0
2011-04-22 11:50:12-04:00,10.0
2011-04-22 11:50:15-04:00,10.0
2011-04-22 11:50:18-04:00,10.0
2011-04-22 11:50:21-04:00,10.0
2011-04-22 11:50:24-04:00,10.0
2011-04-22 11:50:27-04:00,10.0
2011-04-22 11:50:30-04:00,10.0
2011-04-22 11:50:33-04:00,10.0
2011-04-22 11:50:36-04:00,10.0
2011-04-22 11:50:39-04:00,10.0
2011-04-22 11:50:42-04:00,10.0
2011-04-22 11:50:45-04:00,10.0
2011-04-22 11:50:48-04:00,10.0
2011-04-22 11:50:51-04:00,10.0
2011-04-22 11:50:54-04:00,10.0
2011-04-22 11:50:57-04:00,10.0
2011-04-22 11:51:00-04:00,10.0
2011-04-22 11:51:03-04:00,10.0
2011-04-22 11:51:06-04:00,10.0
2011-04-22 11:51:09-04:00,10.0
2011-04-22 11:51:12-04:00,10.0
2011-04-22 11:51:15-04:00,10.0
2011-04-22 11:51:18-04:00,10.0
2011-04-22 11:51:21-04:00,10.0
2011-04-22 11:51:24-04:00,10.0
2011-04-22 11:51:27-04:00,10.0
2011-04-22 11:51:30-04:00,10.0
2011-04-22 11:51:33-04:00,10.0
2011-04-22 11:51:36-04:00,10.0
2011-04-22 11:51:39-04:00,10.0
2011-04-22 11:51:42-04:00,10.0
2011-04-22 11:51:45-04:00,10.0
2011-04-22 11:51:48-04:00,10.0
2011-04-22 11:51:51-04:00,10.0
2011-04-22 11:51:54-04:00,10.0
2011-04-22 11:51:57-04:00,10.5
2011-04-22 11:52:00-04:00,11.0
2011-04-22 11:52:03-04:00,10.75
2011-04-22 11:52:06-04:00,10.0
2011-04-22 11:52:09-04:00,10.0
2011-04-22 11:52:12-04:00,10.75
2011-04-22 11:52:15-04:00,10.333333333333334
2011-04-22 11:52:18-04:00,10.0
2011-04-22 11:52:21-04:00,10.0
2011-04-22 11:52:24-04:00,10.0
2011-04-22 11:52:27-04:00,10.0
2011-04-22 11:52:30-04:00,10.0
2011-04-22 11:52:33-04:00,10.0
2011-04-22 11:52:36-04:00,10.0
2011-04-22 11:52:39-04:00,10.0
2011-04-22 11:52:42-04:00,11.0
2011-04-22 11:52:45-04:00,10.25
2011-04-22 11:52:48-04:00,10.0
2011-04-22 11:52:51-04:00,10.0
2011-04-22 11:52:54-04:00,10.5
2011-04-22 11:52:57-04:00,10.666666666666666
2011-04-22 11:53:00-04:00,10.25
2011-04-22 11:53:03-04:00,11.0
2011-04-22 11:53:06-04:00,10.0
2011-04-22 11:53:09-04:00,11.0
2011-04-22 11:53:12-04:00,10.25
2011-04-22 11:53:15-04:00,10.0
2011-04-22 11:53:18-04:00,10.0
2011-04-22 11:53:21-04:00,10.0
2011-04-22 11:53:24-04:00,10.0
2011-04-22 11:53:27-04:00,10.0
2011-04-22 11:53:30-04:00,10.0
2011-04-22 11:53:33-04:00,10.0
2011-04-22 11:53:36-04:00,10.0
2011-04-22 11:53:39-04:00,10.0
2011-04-22 11:53:42-04:00,10.0
2011-04-22 11:53:45-04:00,10.0
2011-04-22 11:53:48-04:00,10.0
2011-04-22 11:53:51-04:00,10.0
2011-04-22 11:53:54-04:00,10.0
2011-04-22 11:53:57-04:00,10.0
2011-04-22 11:54:00-04:00,10.0
2011-04-22 11:54:03-04:00,10.0
2011-04-22 11:54:06-04:00,10.0
2011-04-22 11:54:09-04:00,10.0
2011-04-22 11:54:12-04:00,10.0
2011-04-22 11:54:15-04:00,10.0
2011-04-22 11:54:18-04:00,10.0
2011-04-22 11:54:21-04:00,10.0
2011-04-22 11:54:24-04:00,10.0
2011-04-22 11:54:27-04:00,10.0
2011-04-22 11:54:30-04:00,10.0
2011-04-22 11:54:33-04:00,10.0
2011-04-22 11:54:36-04:00,10.0
2011-04-22 11:54:39-04:00,10.0
2011-04-22 11:54:42-04:00,10.0
2011-04-22 11:54:45-04:00,10.0
2011-04-22 11:54:48-04:00,10.0
2011-04-22 11:54:51-04:00,10.0
2011-04-22 11:54:54-04:00,10.0
2011-04-22 11:54:57-04:00,10.0
2011-04-22 11:55:00-04:00,10.0
2011-04-22 11:55:03-04:00,10.0
2011-04-22 11:55:06-04:00,10.0
2011-04-22 11:55:09-04:00,10.0
2011-04-22 11:55:12-04:00,10.5
2011-04-22 11:55:15-04:00,10.666666666666666
2011-04-22 11:55:18-04:00,10.0
2011-04-22 11:55:21-04:00,10.0
2011-04-22 11:55:24-04:00,10.0
2011-04-22 11:55:27-04:00,11.0
2011-04-22 11:55:30-04:00,10.666666666666666
2011-04-22 11:55:33-04:00,10.333333333333334
2011-04-22 11:55:36-04:00,10.0
2011-04-22 11:55:39-04:00,10.0
2011-04-22 11:55:42-04:00,10.0
2011-04-22 11:55:45-04:00,10.0
2011-04-22 11:55:48-04:00,10.333333333333334
2011-04-22 11:55:51-04:00,10.75
2011-04-22 11:55:54-04:00,10.0
2011-04-22 11:55:57-04:00,10.0
2011-04-22 11:56:00-04:00,11.0
2011-04-22 11:56:03-04:00,10.25
2011-04-22 11:56:06-04:00,10.0
2011-04-22 11:56:09-04:00,10.0
2011-04-22 11:56:12-04:00,10.0
2011-04-22 11:56:15-04:00,10.0
2011-04-22 11:56:18-04:00,10.0
2011-04-22 11:56:21-04:00,10.0
2011-04-22 11:56:24-04:00,10.0
2011-04-22 11:56:27-04:00,10.666666666666666
2011-04-22 11:56:30-04:00,10.777777777777779
2011-04-22 11:56:33-04:00,10.444444444444445
2011-04-22 11:56:36-04:00,10.11111111111111
2011-04-22 11:56:39-04:00,10.0
2011-04-22 11:56:42-04:00,10.0
2011-04-22 11:56:45-04:00,10.0
2011-04-22 11:56:48-04:00,10.0
2011-04-22 11:56:51-04:00,10.0
2011-04-22 11:56:54-04:00,10.0
2011-04-22 11:56:57-04:00,10.0
2011-04-22 11:57:00-04:00,10.0
2011-04-22 11:57:03-04:00,10.0
2011-04-22 11:57:06-04:00,10.0
2011-04-22 11:57:09-04:00,10.0
2011-04-22 11:57:12-04:00,10.0
2011-04-22 11:57:15-04:00,10.0
2011-04-22 11:57:18-04:00,10.0
2011-04-22 11:57:21-04:00,10.0
2011-04-22 11:57:24-04:00,10.0
2011-04-22 11:57:27-04:00,10.0
2011-04-22 11:57:30-04:00,10.0
2011-04-22 11:57:33-04:00,10.0
2011-04-22 11:57:36-04:00,10.0
2011-04-22 11:57:39-04:00,10.0
2011-04-22 11:57:42-04:00,10.25
2011-04-22 11:57:45-04:00,11.0
2011-04-22 11:57:48-04:00,10.0
2011-04-22 11:57:51-04:00,10.0
2011-04-22 11:57:54-04:00,10.666666666666666
2011-04-22 11:57:57-04:00,11.0
2011-04-22 11:58:00-04:00,10.666666666666666
2011-04-22 11:58:03-04:00,10.0
2011-04-22 11:58:06-04:00,10.0
2011-04-22 11:58:09-04:00,10.0
2011-04-22 11:58:12-04:00,10.0
2011-04-22 11:58:15-04:00,10.0
2011-04-22 11:58:18-04:00,10.0
2011-04-22 11:58:21-04:00,10.0
2011-04-22 11:58:24-04:00,10.0
2011-04-22 11:58:27-04:00,10.0
2011-04-22 11:58:30-04:00,10.0
2011-04-22 11:58:33-04:00,10.0
2011-04-22 11:58:36-04:00,10.0
2011-04-22 11:58:39-04:00,10.0
2011-04-22 11:58:42-04:00,10.0
2011-04-22 11:58:45-04:00,11.0
2011-04-22 11:58:48-04:00,10.25
2011-04-22 11:58:51-04:00,10.0
2011-04-22 11:58:54-04:00,10.0
2011-04-22 11:58:57-04:00,10.0
2011-04-22 11:59:00-04:00,10.0
2011-04-22 11:59:03-04:00,10.0
2011-04-22 11:59:06-04:00,10.0
2011-04-22 11:59:09-04:00,10.0
2011-04-22 11:59:12-04:00,10.0
2011-04-22 11:59:15-04:00,10.0
2011-04-22 11:59:18-04:00,10.0
2011-04-22 11:59:21-04:00,10.0
2011-04-22 11:59:24-04:00,10.0
2011-04-22 11:59:27-04:00,10.0
2011-04-22 11:59:30-04:00,10.0
2011-04-22 11:59:33-04:00,10.0
2011-04-22 11:59:36-04:00,10.0
2011-04-22 11:59:39-04:00,10.0
2011-04-22 11:59:42-04:00,10.0
2011-04-22 11:59:45-04:00,10.0
2011-04-22 11:59:48-04:00,10.0
2011-04-22 11:59:51-04:00,10.0
2011-04-22 11:59:54-04:00,10.0
2011-04-22 11:59:57-04:00,10.0
2011-04-22 12:00:00-04:00,10.0
2011-04-22 12:00:03-04:00,10.0
2011-04-22 12:00:06-04:00,10.0
2011-04-22 12:00:09-04:00,10.0
2011-04-22 12:00:12-04:00,10.0
2011-04-22 12:00:15-04:00,10.0
2011-04-22 12:00:18-04:00,10.0
2011-04-22 12:00:21-04:00,10.0
2011-04-22 12:00:24-04:00,10.0
2011-04-22 12:00:27-04:00,10.0
2011-04-22 12:00:30-04:00,10.0
2011-04-22 12:00:33-04:00,10.0
2011-04-22 12:00:36-04:00,10.0
2011-04-22 12:00:39-04:00,10.0
2011-04-22 12:00:42-04:00,10.0
2011-04-22 12:00:45-04:00,10.0
2011-04-22 12:00:48-04:00,10.0
2011-04-22 12:00:51-04:00,10.0
2011-04-22 12:00:54-04:00,10.0
2011-04-22 12:00:57-04:00,10.0
2011-04-22 12:01:00-04:00,10.0
2011-04-22 12:01:03-04:00,10.0
2011-04-22 12:01:06-04:00,10.5
2011-04-22 12:01:09-04:00,10.666666666666666
2011-04-22 12:01:12-04:00,10.333333333333334
2011-04-22 12:01:15-04:00,10.75
2011-04-22 12:01:18-04:00,10.0
2011-04-22 12:01:21-04:00,10.0
2011-04-22 12:01:24-04:00,10.0
2011-04-22 12:01:27-04:00,10.0
2011-04-22 12:01:30-04:00,10.0
2011-04-22 12:01:33-04:00,10.0
2011-04-22 12:01:36-04:00,10.0
2011-04-22 12:01:39-04:00,10.0
2011-04-22 12:01:42-04:00,10.5
2011-04-22 12:01:45-04:00,10.666666666666666
2011-04-22 12:01:48-04:00,10.0
2011-04-22 12:01:51-04:00,10.0
2011-04-22 12:01:54-04:00,10.0
2011-04-22 12:01:57-04:00,10.0
2011-04-22 12:02:00-04:00,10.0
2011-04-22 12:02:03-04:00,10.0
2011-04-22 12:02:06-04:00,10.0
2011-04-22 12:02:09-04:00,10.0
2011-04-22 12:02:12-04:00,10.0
2011-04-22 12:02:15-04:00,10.0
2011-04-22 12:02:18-04:00,10.0
2011-04-22 12:02:21-04:00,10.0
2011-04-22 12:02:24-04:00,10.0
2011-04-22 12:02:27-04:00,10.5
2011-04-22 12:02:30-04:00,11.0
2011-04-22 12:02:33-04:00,11.0
2011-04-22 12:02:36-04:00,11.0
2011-04-22 12:02:39-04:00,10.5
2011-04-22 12:02:42-04:00,10.0
2011-04-22 12:02:45-04:00,10.0
2011-04-22 12:02:48-04:00,10.0
2011-04-22 12:02:51-04:00,10.0
2011-04-22 12:02:54-04:00,10.0
2011-04-22 12:02:57-04:00,10.0
2011-04-22 12:03:00-04:00,10.0
2011-04-22 12:03:03-04:00,10.0
2011-04-22 12:03:06-04:00,10.0
2011-04-22 12:03:09-04:00,10.0
2011-04-22 12:03:12-04:00,10.0
2011-04-22 12:03:15-04:00,10.0
2011-04-22 12:03:18-04:00,10.0
2011-04-22 12:03:21-04:00,10.0
2011-04-22 12:03:24-04:00,10.0
2011-04-22 12:03:27-04:00,10.0
2011-04-22 12:03:30-04:00,10.0
2011-04-22 12:03:33-04:00,10.0
2011-04-22 12:03:36-04:00,10.0
2011-04-22 12:03:39-04:00,10.0
2011-04-22 12:03:42-04:00,10.0
2011-04-22 12:03:45-04:00,10.0
2011-04-22 12:03:48-04:00,10.0
2011-04-22 12:03:51-04:00,10.0
2011-04-22 12:03:54-04:00,10.0
2011-04-22 12:03:57-04:00,10.0
2011-04-22 12:04:00-04:00,10.0
2011-04-22 12:04:03-04:00,10.0
2011-04-22 12:04:06-04:00,10.0
2011-04-22 12:04:09-04:00,10.0
2011-04-22 12:04:12-04:00,10.0
2011-04-22 12:04:15-04:00,10.0
2011-04-22 12:04:18-04:00,10.0
2011-04-22 12:04:21-04:00,10.0
2011-04-22 12:04:24-04:00,10.0
2011-04-22 12:04:27-04:00,10.0
2011-04-22 12:04:30-04:00,10.0
2011-04-22 12:04:33-04:00,10.0
2011-04-22 12:04:36-04:00,10.0
2011-04-22 12:04:39-04:00,10.0
2011-04-22 12:04:42-04:00,10.0
2011-04-22 12:04:45-04:00,10.0
2011-04-22 12:04:48-04:00,10.0
2011-04-22 12:04:51-04:00,10.0
2011-04-22 12:04:54-04:00,10.0
2011-04-22 12:04:57-04:00,10.0
2011-04-22 12:05:00-04:00,10.0
2011-04-22 12:05:03-04:00,10.0
2011-04-22 12:05:06-04:00,10.0
2011-04-22 12:05:09-04:00,10.0
2011-04-22 12:05:12-04:00,10.0
2011-04-22 12:05:15-04:00,10.0
2011-04-22 12:05:18-04:00,10.666666666666666
2011-04-22 12:05:21-04:00,11.0
2011-04-22 12:05:24-04:00,10.5
2011-04-22 12:05:27-04:00,10.0
2011-04-22 12:05:30-04:00,10.0
2011-04-22 12:05:33-04:00,10.0
2011-04-22 12:05:36-04:00,10.0
2011-04-22 12:05:39-04:00,10.0
2011-04-22 12:05:42-04:00,10.0
2011-04-22 12:05:45-04:00,10.0
2011-04-22 12:05:48-04:00,10.0
2011-04-22 12:05:51-04:00,10.0
2011-04-22 12:05:54-04:00,10.0
2011-04-22 12:05:57-04:00,10.0
2011-04-22 12:06:00-04:00,10.0
2011-04-22 12:06:03-04:00,10.0
2011-04-22 12:06:06-04:00,10.0
2011-04-22 12:06:09-04:00,10.0
2011-04-22 12:06:12-04:00,10.0
2011-04-22 12:06:15-04:00,10.0
2011-04-22 12:06:18-04:00,10.0
2011-04-22 12:06:21-04:00,10.0
2011-04-22 12:06:24-04:00,10.0
2011-04-22 12:06:27-04:00,10.0
2011-04-22 12:06:30-04:00,10.0
2011-04-22 12:06:33-04:00,10.0
2011-04-22 12:06:36-04:00,10.0
2011-04-22 12:06:39-04:00,10.0
2011-04-22 12:06:42-04:00,10.0
2011-04-22 12:06:45-04:00,10.0
2011-04-22 12:06:48-04:00,10.0
2011-04-22 12:06:51-04:00,10.0
2011-04-22 12:06:54-04:00,10.0
2011-04-22 12:06:57-04:00,10.0
2011-04-22 12:07:00-04:00,10.0
2011-04-22 12:07:03-04:00,10.0
2011-04-22 12:07:06-04:00,10.0
2011-04-22 12:07:09-04:00,10.0
2011-04-22 12:07:12-04:00,10.0
2011-04-22 12:07:15-04:00,10.0
2011-04-22 12:07:18-04:00,10.0
2011-04-22 12:07:21-04:00,10.0
2011-04-22 12:07:24-04:00,10.0
2011-04-22 12:07:27-04:00,10.0
2011-04-22 12:07:30-04:00,10.0
2011-04-22 12:07:33-04:00,10.0
2011-04-22 12:07:36-04:00,10.0
2011-04-22 12:07:39-04:00,10.0
2011-04-22 12:07:42-04:00,10.0
2011-04-22 12:07:45-04:00,10.0
2011-04-22 12:07:48-04:00,10.0
2011-04-22 12:07:51-04:00,10.0
2011-04-22 12:07:54-04:00,10.0
2011-04-22 12:07:57-04:00,10.0
2011-04-22 12:08:00-04:00,10.0
2011-04-22 12:08:03-04:00,10.0
2011-04-22 12:08:06-04:00,10.0
2011-04-22 12:08:09-04:00,10.0
2011-04-22 12:08:12-04:00,10.0
2011-04-22 12:08:15-04:00,10.0
2011-04-22 12:08:18-04:00,10.0
2011-04-22 12:08:21-04:00,10.0
2011-04-22 12:08:24-04:00,10.0
2011-04-22 12:08:27-04:00,10.0
2011-04-22 12:08:30-04:00,10.0
2011-04-22 12:08:33-04:00,10.0
2011-04-22 12:08:36-04:00,10.0
2011-04-22 12:08:39-04:00,10.0
2011-04-22 12:08:42-04:00,11.0
2011-04-22 12:08:45-04:00,10.25
2011-04-22 12:08:48-04:00,10.0
2011-04-22 12:08:51-04:00,10.0
2011-04-22 12:08:54-04:00,10.0
2011-04-22 12:08:57-04:00,10.0
2011-04-22 12:09:00-04:00,10.0
2011-04-22 12:09:03-04:00,10.0
2011-04-22 12:09:06-04:00,10.0
2011-04-22 12:09:09-04:00,10.0
2011-04-22 12:09:12-04:00,10.0
2011-04-22 12:09:15-04:00,10.0
2011-04-22 12:09:18-04:00,10.0
2011-04-22 12:09:21-04:00,10.0
2011-04-22 12:09:24-04:00,10.0
2011-04-22 12:09:27-04:00,10.0
2011-04-22 12:09:30-04:00,10.0
2011-04-22 12:09:33-04:00,10.0
2011-04-22 12:09:36-04:00,10.0
2011-04-22 12:09:39-04:00,10.0
2011-04-22 12:09:42-04:00,10.0
2011-04-22 12:09:45-04:00,10.0
2011-04-22 12:09:48-04:00,10.0
2011-04-22 12:09:51-04:00,10.0
2011-04-22 12:09:54-04:00,10.0
2011-04-22 12:09:57-04:00,10.0
2011-04-22 12:10:00-04:00,10.0
2011-04-22 12:10:03-04:00,10.0
2011-04-22 12:10:06-04:00,10.0
2011-04-22 12:10:09-04:00,10.0
2011-04-22 12:10:12-04:00,10.0
2011-04-22 12:10:15-04:00,10.0
2011-04-22 12:10:18-04:00,10.0
2011-04-22 12:10:21-04:00,10.0
2011-04-22 12:10:24-04:00,10.0
2011-04-22 12:10:27-04:00,10.0
2011-04-22 12:10:30-04:00,10.0
2011-04-22 12:10:33-04:00,10.0
2011-04-22 12:10:36-04:00,10.0
2011-04-22 12:10:39-04:00,10.0
2011-04-22 12:10:42-04:00,10.0
2011-04-22 12:10:45-04:00,10.0
2011-04-22 12:10:48-04:00,10.0
2011-04-22 12:10:51-04:00,10.0
2011-04-22 12:10:54-04:00,10.0
2011-04-22 12:10:57-04:00,10.0
2011-04-22 12:11:00-04:00,10.0
2011-04-22 12:11:03-04:00,10.0
2011-04-22 12:11:06-04:00,10.0
2011-04-22 12:11:09-04:00,10.0
2011-04-22 12:11:12-04:00,10.0
2011-04-22 12:11:15-04:00,10.0
2011-04-22 12:11:18-04:00,10.0
2011-04-22 12:11:21-04:00,10.0
2011-04-22 12:11:24-04:00,10.0
2011-04-22 12:11:27-04:00,10.0
2011-04-22 12:11:30-04:00,10.0
2011-04-22 12:11:33-04:00,10.0
2011-04-22 12:11:36-04:00,10.0
2011-04-22 12:11:39-04:00,10.0
2011-04-22 12:11:42-04:00,10.0
2011-04-22 12:11:45-04:00,10.0
2011-04-22 12:11:48-04:00,10.0
2011-04-22 12:11:51-04:00,10.0
2011-04-22 12:11:54-04:00,10.0
2011-04-22 12:11:57-04:00,10.0
2011-04-22 12:12:00-04:00,10.0
2011-04-22 12:12:03-04:00,10.0
2011-04-22 12:12:06-04:00,10.0
2011-04-22 12:12:09-04:00,10.0
2011-04-22 12:12:12-04:00,10.0
2011-04-22 12:12:15-04:00,10.0
2011-04-22 12:12:18-04:00,10.0
2011-04-22 12:12:21-04:00,10.0
2011-04-22 12:12:24-04:00,10.0
2011-04-22 12:12:27-04:00,10.0
2011-04-22 12:12:30-04:00,10.0
2011-04-22 12:12:33-04:00,10.0
2011-04-22 12:12:36-04:00,10.0
2011-04-22 12:12:39-04:00,10.0
2011-04-22 12:12:42-04:00,10.0
2011-04-22 12:12:45-04:00,10.0
2011-04-22 12:12:48-04:00,10.0
2011-04-22 12:12:51-04:00,10.0
2011-04-22 12:12:54-04:00,10.0
2011-04-22 12:12:57-04:00,10.0
2011-04-22 12:13:00-04:00,10.0
2011-04-22 12:13:03-04:00,10.0
2011-04-22 12:13:06-04:00,10.0
2011-04-22 12:13:09-04:00,10.0
2011-04-22 12:13:12-04:00,10.0
2011-04-22 12:13:15-04:00,10.0
2011-04-22 12:13:18-04:00,10.0
2011-04-22 12:13:21-04:00,10.0
2011-04-22 12:13:24-04:00,10.0
2011-04-22 12:13:27-04:00,10.0
2011-04-22 12:13:30-04:00,10.0
2011-04-22 12:13:33-04:00,10.0
2011-04-22 12:13:36-04:00,10.0
2011-04-22 12:13:39-04:00,10.0
2011-04-22 12:13:42-04:00,10.0
2011-04-22 12:13:45-04:00,10.0
2011-04-22 12:13:48-04:00,10.0
2011-04-22 12:13:51-04:00,10.0
2011-04-22 12:13:54-04:00,10.0
2011-04-22 12:13:57-04:00,10.0
2011-04-22 12:14:00-04:00,10.0
2011-04-22 12:14:03-04:00,10.0
2011-04-22 12:14:06-04:00,10.0
2011-04-22 12:14:09-04:00,10.0
2011-04-22 12:14:12-04:00,10.0
2011-04-22 12:14:15-04:00,10.0
2011-04-22 12:14:18-04:00,10.0
2011-04-22 12:14:21-04:00,10.0
2011-04-22 12:14:24-04:00,10.0
2011-04-22 12:14:27-04:00,10.0
2011-04-22 12:14:30-04:00,10.0
2011-04-22 12:14:33-04:00,10.0
2011-04-22 12:14:36-04:00,10.0
2011-04-22 12:14:39-04:00,10.0
2011-04-22 12:14:42-04:00,10.0
2011-04-22 12:14:45-04:00,10.0
2011-04-22 12:14:48-04:00,10.0
2011-04-22 12:14:51-04:00,10.0
2011-04-22 12:14:54-04:00,10.0
2011-04-22 12:14:57-04:00,10.0
2011-04-22 12:15:00-04:00,10.0
2011-04-22 12:15:03-04:00,10.0
2011-04-22 12:15:06-04:00,10.0
2011-04-22 12:15:09-04:00,10.0
2011-04-22 12:15:12-04:00,10.0
2011-04-22 12:15:15-04:00,10.0
2011-04-22 12:15:18-04:00,10.0
2011-04-22 12:15:21-04:00,10.0
2011-04-22 12:15:24-04:00,10.0
2011-04-22 12:15:27-04:00,10.0
2011-04-22 12:15:30-04:00,10.0
2011-04-22 12:15:33-04:00,10.0
2011-04-22 12:15:36-04:00,10.0
2011-04-22 12:15:39-04:00,10.0
2011-04-22 12:15:42-04:00,10.0
2011-04-22 12:15:45-04:00,10.0
2011-04-22 12:15:48-04:00,10.0
2011-04-22 12:15:51-04:00,10.0
2011-04-22 12:15:54-04:00,10.0
2011-04-22 12:15:57-04:00,10.0
2011-04-22 12:16:00-04:00,10.0
2011-04-22 12:16:03-04:00,10.0
2011-04-22 12:16:06-04:00,10.0
2011-04-22 12:16:09-04:00,10.0
2011-04-22 12:16:12-04:00,10.0
2011-04-22 12:16:15-04:00,10.0
2011-04-22 12:16:18-04:00,10.0
2011-04-22 12:16:21-04:00,10.0
2011-04-22 12:16:24-04:00,10.0
2011-04-22 12:16:27-04:00,10.0
2011-04-22 12:16:30-04:00,10.0
2011-04-22 12:16:33-04:00,10.0
2011-04-22 12:16:36-04:00,10.0
2011-04-22 12:16:39-04:00,10.0
2011-04-22 12:16:42-04:00,10.0
2011-04-22 12:16:45-04:00,10.0
2011-04-22 12:16:48-04:00,10.0
2011-04-22 12:16:51-04:00,10.0
2011-04-22 12:16:54-04:00,10.0
2011-04-22 12:16:57-04:00,10.0
2011-04-22 12:17:00-04:00,10.0
2011-04-22 12:17:03-04:00,10.0
2011-04-22 12:17:06-04:00,10.0
2011-04-22 12:17:09-04:00,10.0
2011-04-22 12:17:12-04:00,10.0
2011-04-22 12:17:15-04:00,10.0
2011-04-22 12:17:18-04:00,10.0
2011-04-22 12:17:21-04:00,10.0
2011-04-22 12:17:24-04:00,10.0
2011-04-22 12:17:27-04:00,10.0
2011-04-22 12:17:30-04:00,10.0
2011-04-22 12:17:33-04:00,10.0
2011-04-22 12:17:36-04:00,10.0
2011-04-22 12:17:39-04:00,10.0
2011-04-22 12:17:42-04:00,10.0
2011-04-22 12:17:45-04:00,10.0
2011-04-22 12:17:48-04:00,10.0
2011-04-22 12:17:51-04:00,10.0
2011-04-22 12:17:54-04:00,10.0
2011-04-22 12:17:57-04:00,10.0
2011-04-22 12:18:00-04:00,10.0
2011-04-22 12:18:03-04:00,10.0
2011-04-22 12:18:06-04:00,10.0
2011-04-22 12:18:09-04:00,10.0
2011-04-22 12:18:12-04:00,10.0
2011-04-22 12:18:15-04:00,10.0
2011-04-22 12:18:18-04:00,10.0
2011-04-22 12:18:21-04:00,10.0
2011-04-22 12:18:24-04:00,10.0
2011-04-22 12:18:27-04:00,10.0
2011-04-22 12:18:30-04:00,10.0
2011-04-22 12:18:33-04:00,10.0
2011-04-22 12:18:36-04:00,10.0
2011-04-22 12:18:39-04:00,10.0
2011-04-22 12:18:42-04:00,10.0
2011-04-22 12:18:45-04:00,10.0
2011-04-22 12:18:48-04:00,10.0
2011-04-22 12:18:51-04:00,10.0
2011-04-22 12:18:54-04:00,10.0
2011-04-22 12:18:57-04:00,10.0
2011-04-22 12:19:00-04:00,10.0
2011-04-22 12:19:03-04:00,10.0
2011-04-22 12:19:06-04:00,10.0
2011-04-22 12:19:09-04:00,10.0
2011-04-22 12:19:12-04:00,10.0
2011-04-22 12:19:15-04:00,10.0
2011-04-22 12:19:18-04:00,10.0
2011-04-22 12:19:21-04:00,10.0
2011-04-22 12:19:24-04:00,10.0
2011-04-22 12:19:27-04:00,10.0
2011-04-22 12:19:30-04:00,10.0
2011-04-22 12:19:33-04:00,10.0
2011-04-22 12:19:36-04:00,10.0
2011-04-22 12:19:39-04:00,10.0
2011-04-22 12:19:42-04:00,10.0
2011-04-22 12:19:45-04:00,10.0
2011-04-22 12:19:48-04:00,10.0
2011-04-22 12:19:51-04:00,10.0
2011-04-22 12:19:54-04:00,10.0
2011-04-22 12:19:57-04:00,10.0
2011-04-22 12:20:00-04:00,10.0
2011-04-22 12:20:03-04:00,10.0
2011-04-22 12:20:06-04:00,10.0
2011-04-22 12:20:09-04:00,10.0
2011-04-22 12:20:12-04:00,10.0
2011-04-22 12:20:15-04:00,10.0
2011-04-22 12:20:18-04:00,10.0
2011-04-22 12:20:21-04:00,10.0
2011-04-22 12:20:24-04:00,10.0
2011-04-22 12:20:27-04:00,10.0
2011-04-22 12:20:30-04:00,10.0
2011-04-22 12:20:33-04:00,10.0
2011-04-22 12:20:36-04:00,10.0
2011-04-22 12:20:39-04:00,10.0
2011-04-22 12:20:42-04:00,10.0
2011-04-22 12:20:45-04:00,10.0
2011-04-22 12:20:48-04:00,10.0
2011-04-22 12:20:51-04:00,10.0
2011-04-22 12:20:54-04:00,10.0
2011-04-22 12:20:57-04:00,10.0
2011-04-22 12:21:00-04:00,10.0
2011-04-22 12:21:03-04:00,10.0
2011-04-22 12:21:06-04:00,10.0
2011-04-22 12:21:09-04:00,10.0
2011-04-22 12:21:12-04:00,10.0
2011-04-22 12:21:15-04:00,10.0
2011-04-22 12:21:18-04:00,10.0
2011-04-22 12:21:21-04:00,10.0
2011-04-22 12:21:24-04:00,10.0
2011-04-22 12:21:27-04:00,10.0
2011-04-22 12:21:30-04:00,10.0
2011-04-22 12:21:33-04:00,10.0
2011-04-22 12:21:36-04:00,10.0
2011-04-22 12:21:39-04:00,10.0
2011-04-22 12:21:42-04:00,10.0
2011-04-22 12:21:45-04:00,10.0
2011-04-22 12:21:48-04:00,10.0
2011-04-22 12:21:51-04:00,10.0
2011-04-22 12:21:54-04:00,10.0
2011-04-22 12:21:57-04:00,10.0
2011-04-22 12:22:00-04:00,10.0
2011-04-22 12:22:03-04:00,10.0
2011-04-22 12:22:06-04:00,10.0
2011-04-22 12:22:09-04:00,10.0
2011-04-22 12:22:12-04:00,10.0
2011-04-22 12:22:15-04:00,10.0
2011-04-22 12:22:18-04:00,10.0
2011-04-22 12:22:21-04:00,10.0
2011-04-22 12:22:24-04:00,10.0
2011-04-22 12:22:27-04:00,10.0
2011-04-22 12:22:30-04:00,10.0
2011-04-22 12:22:33-04:00,10.0
2011-04-22 12:22:36-04:00,10.0
2011-04-22 12:22:39-04:00,10.0
2011-04-22 12:22:42-04:00,10.0
2011-04-22 12:22:45-04:00,10.0
2011-04-22 12:22:48-04:00,10.0
2011-04-22 12:22:51-04:00,10.0
2011-04-22 12:22:54-04:00,10.0
2011-04-22 12:22:57-04:00,10.0
2011-04-22 12:23:00-04:00,10.0
2011-04-22 12:23:03-04:00,10.0
2011-04-22 12:23:06-04:00,10.0
2011-04-22 12:23:09-04:00,10.0
2011-04-22 12:23:12-04:00,10.0
2011-04-22 12:23:15-04:00,10.0
2011-04-22 12:23:18-04:00,10.0
2011-04-22 12:23:21-04:00,10.0
2011-04-22 12:23:24-04:00,10.0
2011-04-22 12:23:27-04:00,10.0
2011-04-22 12:23:30-04:00,10.0
2011-04-22 12:23:33-04:00,10.0
2011-04-22 12:23:36-04:00,10.0
2011-04-22 12:23:39-04:00,10.0
2011-04-22 12:23:42-04:00,10.0
2011-04-22 12:23:45-04:00,10.0
2011-04-22 12:23:48-04:00,10.0
2011-04-22 12:23:51-04:00,10.0
2011-04-22 12:23:54-04:00,10.0
2011-04-22 12:23:57-04:00,10.0
2011-04-22 12:24:00-04:00,10.0
2011-04-22 12:24:03-04:00,10.0
2011-04-22 12:24:06-04:00,10.0
2011-04-22 12:24:09-04:00,10.0
2011-04-22 12:24:12-04:00,10.0
2011-04-22 12:24:15-04:00,10.0
2011-04-22 12:24:18-04:00,10.0
2011-04-22 12:24:21-04:00,10.0
2011-04-22 12:24:24-04:00,10.0
2011-04-22 12:24:27-04:00,10.0
2011-04-22 12:24:30-04:00,10.0
2011-04-22 12:24:33-04:00,10.0
2011-04-22 12:24:36-04:00,10.0
2011-04-22 12:24:39-04:00,10.0
2011-04-22 12:24:42-04:00,10.0
2011-04-22 12:24:45-04:00,10.0
2011-04-22 12:24:48-04:00,10.0
2011-04-22 12:24:51-04:00,10.0
2011-04-22 12:24:54-04:00,10.0
2011-04-22 12:24:57-04:00,10.0
2011-04-22 12:25:00-04:00,10.0
2011-04-22 12:25:03-04:00,10.0
2011-04-22 12:25:06-04:00,10.0
2011-04-22 12:25:09-04:00,10.0
2011-04-22 12:25:12-04:00,10.0
2011-04-22 12:25:15-04:00,10.0
2011-04-22 12:25:18-04:00,10.0
2011-04-22 12:25:21-04:00,10.0
2011-04-22 12:25:24-04:00,10.0
2011-04-22 12:25:27-04:00,10.0
2011-04-22 12:25:30-04:00,10.0
2011-04-22 12:25:33-04:00,10.0
2011-04-22 12:25:36-04:00,10.0
2011-04-22 12:25:39-04:00,10.0
2011-04-22 12:25:42-04:00,10.0
2011-04-22 12:25:45-04:00,10.0
2011-04-22 12:25:48-04:00,10.0
2011-04-22 12:25:51-04:00,10.0
2011-04-22 12:25:54-04:00,10.0
2011-04-22 12:25:57-04:00,10.0
2011-04-22 12:26:00-04:00,10.0
2011-04-22 12:26:03-04:00,10.0
2011-04-22 12:26:06-04:00,10.0
2011-04-22 12:26:09-04:00,10.0
2011-04-22 12:26:12-04:00,10.0
2011-04-22 12:26:15-04:00,10.0
2011-04-22 12:26:18-04:00,10.0
2011-04-22 12:26:21-04:00,10.0
2011-04-22 12:26:24-04:00,10.0
2011-04-22 12:26:27-04:00,10.0
2011-04-22 12:26:30-04:00,10.0
2011-04-22 12:26:33-04:00,10.0
2011-04-22 12:26:36-04:00,10.0
2011-04-22 12:26:39-04:00,10.0
2011-04-22 12:26:42-04:00,10.0
2011-04-22 12:26:45-04:00,10.0
2011-04-22 12:26:48-04:00,10.0
2011-04-22 12:26:51-04:00,10.0
2011-04-22 12:26:54-04:00,10.0
2011-04-22 12:26:57-04:00,10.0
2011-04-22 12:27:00-04:00,10.0
2011-04-22 12:27:03-04:00,10.0
2011-04-22 12:27:06-04:00,10.0
2011-04-22 12:27:09-04:00,10.0
2011-04-22 12:27:12-04:00,10.0
2011-04-22 12:27:15-04:00,10.0
2011-04-22 12:27:18-04:00,10.0
2011-04-22 12:27:21-04:00,10.0
2011-04-22 12:27:24-04:00,10.0
2011-04-22 12:27:27-04:00,10.0
2011-04-22 12:27:30-04:00,10.0
2011-04-22 12:27:33-04:00,10.0
2011-04-22 12:27:36-04:00,10.0
2011-04-22 12:27:39-04:00,10.0
2011-04-22 12:27:42-04:00,10.0
2011-04-22 12:27:45-04:00,10.0
2011-04-22 12:27:48-04:00,10.0
2011-04-22 12:27:51-04:00,10.0
2011-04-22 12:27:54-04:00,10.0
2011-04-22 12:27:57-04:00,10.0
2011-04-22 12:28:00-04:00,10.0
2011-04-22 12:28:03-04:00,10.0
2011-04-22 12:28:06-04:00,10.0
2011-04-22 12:28:09-04:00,10.0
2011-04-22 12:28:12-04:00,10.0
2011-04-22 12:28:15-04:00,10.0
2011-04-22 12:28:18-04:00,10.0
2011-04-22 12:28:21-04:00,10.0
2011-04-22 12:28:24-04:00,10.0
2011-04-22 12:28:27-04:00,10.0
2011-04-22 12:28:30-04:00,10.0
2011-04-22 12:28:33-04:00,10.0
2011-04-22 12:28:36-04:00,10.0
2011-04-22 12:28:39-04:00,10.0
2011-04-22 12:28:42-04:00,10.0
2011-04-22 12:28:45-04:00,10.0
2011-04-22 12:28:48-04:00,10.0
2011-04-22 12:28:51-04:00,10.0
2011-04-22 12:28:54-04:00,10.0
2011-04-22 12:28:57-04:00,10.0
2011-04-22 12:29:00-04:00,10.0
2011-04-22 12:29:03-04:00,10.0
2011-04-22 12:29:06-04:00,10.0
2011-04-22 12:29:09-04:00,10.0
2011-04-22 12:29:12-04:00,10.0
2011-04-22 12:29:15-04:00,10.0
2011-04-22 12:29:18-04:00,10.0
2011-04-22 12:29:21-04:00,10.0
2011-04-22 12:29:24-04:00,10.0
2011-04-22 12:29:27-04:00,10.0
2011-04-22 12:29:30-04:00,10.0
2011-04-22 12:29:33-04:00,10.0
2011-04-22 12:29:36-04:00,10.0
2011-04-22 12:29:39-04:00,10.0
2011-04-22 12:29:42-04:00,10.0
2011-04-22 12:29:45-04:00,10.0
2011-04-22 12:29:48-04:00,10.0
2011-04-22 12:29:51-04:00,10.0
2011-04-22 12:29:54-04:00,10.0
2011-04-22 12:29:57-04:00,10.0
2011-04-22 12:30:00-04:00,10.0
2011-04-22 12:30:03-04:00,10.0
2011-04-22 12:30:06-04:00,10.0
2011-04-22 12:30:09-04:00,10.0
2011-04-22 12:30:12-04:00,10.0
2011-04-22 12:30:15-04:00,10.0
2011-04-22 12:30:18-04:00,10.0
2011-04-22 12:30:21-04:00,10.0
2011-04-22 12:30:24-04:00,10.0
2011-04-22 12:30:27-04:00,10.0
2011-04-22 12:30:30-04:00,10.0
2011-04-22 12:30:33-04:00,10.0
2011-04-22 12:30:36-04:00,10.0
2011-04-22 12:30:39-04:00,10.0
2011-04-22 12:30:42-04:00,10.0
2011-04-22 12:30:45-04:00,10.0
2011-04-22 12:30:48-04:00,10.0
2011-04-22 12:30:51-04:00,10.0
2011-04-22 12:30:54-04:00,10.0
2011-04-22 12:30:57-04:00,10.0
2011-04-22 12:31:00-04:00,10.0
2011-04-22 12:31:03-04:00,10.0
2011-04-22 12:31:06-04:00,10.0
2011-04-22 12:31:09-04:00,10.0
2011-04-22 12:31:12-04:00,10.0
2011-04-22 12:31:15-04:00,10.0
2011-04-22 12:31:18-04:00,10.0
2011-04-22 12:31:21-04:00,10.0
2011-04-22 12:31:24-04:00,10.0
2011-04-22 12:31:27-04:00,10.0
2011-04-22 12:31:30-04:00,10.0
2011-04-22 12:31:33-04:00,10.0
2011-04-22 12:31:36-04:00,10.0
2011-04-22 12:31:39-04:00,10.0
2011-04-22 12:31:42-04:00,10.0
2011-04-22 12:31:45-04:00,10.0
2011-04-22 12:31:48-04:00,10.0
2011-04-22 12:31:51-04:00,10.0
2011-04-22 12:31:54-04:00,10.0
2011-04-22 12:31:57-04:00,10.0
2011-04-22 12:32:00-04:00,10.0
2011-04-22 12:32:03-04:00,10.0
2011-04-22 12:32:06-04:00,10.0
2011-04-22 12:32:09-04:00,10.0
2011-04-22 12:32:12-04:00,10.0
2011-04-22 12:32:15-04:00,10.0
2011-04-22 12:32:18-04:00,10.0
2011-04-22 12:32:21-04:00,10.0
2011-04-22 12:32:24-04:00,10.0
2011-04-22 12:32:27-04:00,10.0
2011-04-22 12:32:30-04:00,10.0
2011-04-22 12:32:33-04:00,10.0
2011-04-22 12:32:36-04:00,10.0
2011-04-22 12:32:39-04:00,10.0
2011-04-22 12:32:42-04:00,10.0
2011-04-22 12:32:45-04:00,10.0
2011-04-22 12:32:48-04:00,10.0
2011-04-22 12:32:51-04:00,10.0
2011-04-22 12:32:54-04:00,10.0
2011-04-22 12:32:57-04:00,10.0
2011-04-22 12:33:00-04:00,10.0
2011-04-22 12:33:03-04:00,10.0
2011-04-22 12:33:06-04:00,10.0
2011-04-22 12:33:09-04:00,10.0
2011-04-22 12:33:12-04:00,10.0
2011-04-22 12:33:15-04:00,10.0
2011-04-22 12:33:18-04:00,10.0
2011-04-22 12:33:21-04:00,10.0
2011-04-22 12:33:24-04:00,10.0
2011-04-22 12:33:27-04:00,10.0
2011-04-22 12:33:30-04:00,10.0
2011-04-22 12:33:33-04:00,10.0
2011-04-22 12:33:36-04:00,10.0
2011-04-22 12:33:39-04:00,10.0
2011-04-22 12:33:42-04:00,10.0
2011-04-22 12:33:45-04:00,10.0
2011-04-22 12:33:48-04:00,10.0
2011-04-22 12:33:51-04:00,10.0
2011-04-22 12:33:54-04:00,10.0
2011-04-22 12:33:57-04:00,10.0
2011-04-22 12:34:00-04:00,10.0
2011-04-22 12:34:03-04:00,10.0
2011-04-22 12:34:06-04:00,10.0
2011-04-22 12:34:09-04:00,10.0
2011-04-22 12:34:12-04:00,10.0
2011-04-22 12:34:15-04:00,10.0
2011-04-22 12:34:18-04:00,10.0
2011-04-22 12:34:21-04:00,10.0
2011-04-22 12:34:24-04:00,10.0
2011-04-22 12:34:27-04:00,10.0
2011-04-22 12:34:30-04:00,10.0
2011-04-22 12:34:33-04:00,10.0
2011-04-22 12:34:36-04:00,10.0
2011-04-22 12:34:39-04:00,10.0
2011-04-22 12:34:42-04:00,10.0
2011-04-22 12:34:45-04:00,10.0
2011-04-22 12:34:48-04:00,10.0
2011-04-22 12:34:51-04:00,10.0
2011-04-22 12:34:54-04:00,10.0
2011-04-22 12:34:57-04:00,10.0
2011-04-22 12:35:00-04:00,10.0
2011-04-22 12:35:03-04:00,10.0
2011-04-22 12:35:06-04:00,10.0
2011-04-22 12:35:09-04:00,10.0
2011-04-22 12:35:12-04:00,10.0
2011-04-22 12:35:15-04:00,10.0
2011-04-22 12:35:18-04:00,10.0
2011-04-22 12:35:21-04:00,10.0
2011-04-22 12:35:24-04:00,10.0
2011-04-22 12:35:27-04:00,10.0
2011-04-22 12:35:30-04:00,10.0
2011-04-22 12:35:33-04:00,10.0
2011-04-22 12:35:36-04:00,10.0
2011-04-22 12:35:39-04:00,10.0
2011-04-22 12:35:42-04:00,10.0
2011-04-22 12:35:45-04:00,10.0
2011-04-22 12:35:48-04:00,10.0
2011-04-22 12:35:51-04:00,10.0
2011-04-22 12:35:54-04:00,10.0
2011-04-22 12:35:57-04:00,10.0
2011-04-22 12:36:00-04:00,10.0
2011-04-22 12:36:03-04:00,10.0
2011-04-22 12:36:06-04:00,10.0
2011-04-22 12:36:09-04:00,10.0
2011-04-22 12:36:12-04:00,10.0
2011-04-22 12:36:15-04:00,11.0
2011-04-22 12:36:18-04:00,11.0
2011-04-22 12:36:21-04:00,10.333333333333334
2011-04-22 12:36:24-04:00,10.0
2011-04-22 12:36:27-04:00,10.0
2011-04-22 12:36:30-04:00,10.0
2011-04-22 12:36:33-04:00,10.0
2011-04-22 12:36:36-04:00,10.0
2011-04-22 12:36:39-04:00,10.0
2011-04-22 12:36:42-04:00,10.0
2011-04-22 12:36:45-04:00,10.0
2011-04-22 12:36:48-04:00,10.0
2011-04-22 12:36:51-04:00,10.0
2011-04-22 12:36:54-04:00,10.0
2011-04-22 12:36:57-04:00,10.0
2011-04-22 12:37:00-04:00,10.0
2011-04-22 12:37:03-04:00,10.0
2011-04-22 12:37:06-04:00,10.0
2011-04-22 12:37:09-04:00,10.0
2011-04-22 12:37:12-04:00,10.0
2011-04-22 12:37:15-04:00,10.0
2011-04-22 12:37:18-04:00,10.0
2011-04-22 12:37:21-04:00,10.5
2011-04-22 12:37:24-04:00,10.666666666666666
2011-04-22 12:37:27-04:00,10.0
2011-04-22 12:37:30-04:00,10.0
2011-04-22 12:37:33-04:00,10.0
2011-04-22 12:37:36-04:00,10.333333333333334
2011-04-22 12:37:39-04:00,10.75
2011-04-22 12:37:42-04:00,10.0
2011-04-22 12:37:45-04:00,10.0
2011-04-22 12:37:48-04:00,10.0
2011-04-22 12:37:51-04:00,10.0
2011-04-22 12:37:54-04:00,10.0
2011-04-22 12:37:57-04:00,10.0
2011-04-22 12:38:00-04:00,10.0
2011-04-22 12:38:03-04:00,10.0
2011-04-22 12:38:06-04:00,10.0
2011-04-22 12:38:09-04:00,10.0
2011-04-22 12:38:12-04:00,11.5
2011-04-22 12:38:15-04:00,5.333333333333333
2011-04-22 12:38:18-04:00,2.0
2011-04-22 12:38:21-04:00,2.0
2011-04-22 12:38:24-04:00,2.0
2011-04-22 12:38:27-04:00,9.0
2011-04-22 12:38:30-04:00,9.0
2011-04-22 12:38:33-04:00,9.0
2011-04-22 12:38:36-04:00,9.0
2011-04-22 12:38:39-04:00,9.0
2011-04-22 12:38:42-04:00,5.666666666666666
2011-04-22 12:38:45-04:00,3.0
2011-04-22 12:38:48-04:00,2.0
2011-04-22 12:38:51-04:00,2.0
2011-04-22 12:38:54-04:00,2.0
2011-04-22 12:38:57-04:00,9.0
2011-04-22 12:39:00-04:00,9.0
2011-04-22 12:39:03-04:00,9.0
2011-04-22 12:39:06-04:00,9.0
2011-04-22 12:39:09-04:00,7.25
2011-04-22 12:39:12-04:00,2.0
2011-04-22 12:39:15-04:00,2.0
2011-04-22 12:39:18-04:00,2.0
2011-04-22 12:39:21-04:00,2.0
2011-04-22 12:39:24-04:00,3.75
2011-04-22 12:39:27-04:00,9.0
2011-04-22 12:39:30-04:00,9.0
2011-04-22 12:39:33-04:00,9.0
2011-04-22 12:39:36-04:00,9.0
2011-04-22 12:39:39-04:00,9.0
2011-04-22 12:39:42-04:00,6.0
2011-04-22 12:39:45-04:00,3.0
2011-04-22 12:39:48-04:00,1.3333333333333335
2011-04-22 12:39:51-04:00,1.5
2011-04-22 12:39:54-04:00,4.0
2011-04-22 12:39:57-04:00,10.0
2011-04-22 12:40:00-04:00,9.0
2011-04-22 12:40:03-04:00,9.0
2011-04-22 12:40:06-04:00,9.0
2011-04-22 12:40:09-04:00,9.0
2011-04-22 12:40:12-04:00,9.0
2011-04-22 12:40:15-04:00,11.0
2011-04-22 12:40:18-04:00,10.25
2011-04-22 12:40:21-04:00,10.5
2011-04-22 12:40:24-04:00,10.666666666666666
2011-04-22 12:40:27-04:00,10.0
2011-04-22 12:40:30-04:00,10.0
2011-04-22 12:40:33-04:00,10.0
2011-04-22 12:40:36-04:00,10.0
2011-04-22 12:40:39-04:00,10.0
2011-04-22 12:40:42-04:00,10.0
2011-04-22 12:40:45-04:00,10.0
2011-04-22 12:40:48-04:00,4.0
2011-04-22 12:40:51-04:00,1.0
2011-04-22 12:40:54-04:00,1.3333333333333333
2011-04-22 12:40:57-04:00,2.0
2011-04-22 12:41:00-04:00,2.0
2011-04-22 12:41:03-04:00,2.0
2011-04-22 12:41:06-04:00,2.0
2011-04-22 12:41:09-04:00,2.0
2011-04-22 12:41:12-04:00,1.75
2011-04-22 12:41:15-04:00,1.0
2011-04-22 12:41:18-04:00,1.0
2011-04-22 12:41:21-04:00,1.0
2011-04-22 12:41:24-04:00,1.0
2011-04-22 12:41:27-04:00,1.0
2011-04-22 12:41:30-04:00,1.0
2011-04-22 12:41:33-04:00,1.0
2011-04-22 12:41:36-04:00,1.0
2011-04-22 12:41:39-04:00,3.25
2011-04-22 12:41:42-04:00,10.0
2011-04-22 12:41:45-04:00,10.0
2011-04-22 12:41:48-04:00,2.0
2011-04-22 12:41:51-04:00,2.0
2011-04-22 12:41:54-04:00,1.5
2011-04-22 12:41:57-04:00,1.0
2011-04-22 12:42:00-04:00,1.0
2011-04-22 12:42:03-04:00,1.0
2011-04-22 12:42:06-04:00,1.0
2011-04-22 12:42:09-04:00,1.0
2011-04-22 12:42:12-04:00,1.0
2011-04-22 12:42:15-04:00,1.0
2011-04-22 12:42:18-04:00,1.0
2011-04-22 12:42:21-04:00,1.0
2011-04-22 12:42:24-04:00,1.0
2011-04-22 12:42:27-04:00,1.0
2011-04-22 12:42:30-04:00,1.0
2011-04-22 12:42:33-04:00,1.0
2011-04-22 12:42:36-04:00,1.0
2011-04-22 12:42:39-04:00,1.0
2011-04-22 12:42:42-04:00,1.0
2011-04-22 12:42:45-04:00,1.0
2011-04-22 12:42:48-04:00,1.0
2011-04-22 12:42:51-04:00,1.0
2011-04-22 12:42:54-04:00,1.0
2011-04-22 12:42:57-04:00,1.0
2011-04-22 12:43:00-04:00,1.0
2011-04-22 12:43:03-04:00,1.0
2011-04-22 12:43:06-04:00,1.0
2011-04-22 12:43:09-04:00,1.0
2011-04-22 12:43:12-04:00,1.0
2011-04-22 12:43:15-04:00,3.0
2011-04-22 12:43:18-04:00,9.0
2011-04-22 12:43:21-04:00,11.0
2011-04-22 12:43:24-04:00,11.0
2011-04-22 12:43:27-04:00,11.0
2011-04-22 12:43:30-04:00,11.0
2011-04-22 12:43:33-04:00,11.0
2011-04-22 12:43:36-04:00,11.0
2011-04-22 12:43:39-04:00,11.0
2011-04-22 12:43:42-04:00,10.666666666666666
2011-04-22 12:43:45-04:00,10.333333333333334
2011-04-22 12:43:48-04:00,10.75
2011-04-22 12:43:51-04:00,10.0
2011-04-22 12:43:54-04:00,10.0
2011-04-22 12:43:57-04:00,10.0
2011-04-22 12:44:00-04:00,10.5
2011-04-22 12:44:03-04:00,11.0
2011-04-22 12:44:06-04:00,11.0
2011-04-22 12:44:09-04:00,11.0
2011-04-22 12:44:12-04:00,11.0
2011-04-22 12:44:15-04:00,11.0
2011-04-22 12:44:18-04:00,11.0
2011-04-22 12:44:21-04:00,10.75
2011-04-22 12:44:24-04:00,10.0
2011-04-22 12:44:27-04:00,10.0
2011-04-22 12:44:30-04:00,10.0
2011-04-22 12:44:33-04:00,10.0
2011-04-22 12:44:36-04:00,10.0
2011-04-22 12:44:39-04:00,11.0
2011-04-22 12:44:42-04:00,11.0
2011-04-22 12:44:45-04:00,10.333333333333334
2011-04-22 12:44:48-04:00,10.0
2011-04-22 12:44:51-04:00,10.0
2011-04-22 12:44:54-04:00,10.0
2011-04-22 12:44:57-04:00,10.0
2011-04-22 12:45:00-04:00,10.0
2011-04-22 12:45:03-04:00,11.0
2011-04-22 12:45:06-04:00,11.0
2011-04-22 12:45:09-04:00,10.333333333333334
2011-04-22 12:45:12-04:00,10.5
2011-04-22 12:45:15-04:00,10.666666666666666
2011-04-22 12:45:18-04:00,10.0
2011-04-22 12:45:21-04:00,10.25
2011-04-22 12:45:24-04:00,11.0
2011-04-22 12:45:27-04:00,10.0
2011-04-22 12:45:30-04:00,10.0
2011-04-22 12:45:33-04:00,10.0
2011-04-22 12:45:36-04:00,10.0
2011-04-22 12:45:39-04:00,10.0
2011-04-22 12:45:42-04:00,10.0
2011-04-22 12:45:45-04:00,10.0
2011-04-22 12:45:48-04:00,10.5
2011-04-22 12:45:51-04:00,10.666666666666666
2011-04-22 12:45:54-04:00,10.0
2011-04-22 12:45:57-04:00,10.0
2011-04-22 12:46:00-04:00,10.0
2011-04-22 12:46:03-04:00,10.0
2011-04-22 12:46:06-04:00,10.0
2011-04-22 12:46:09-04:00,10.0
2011-04-22 12:46:12-04:00,10.5
2011-04-22 12:46:15-04:00,10.666666666666666
2011-04-22 12:46:18-04:00,10.25
2011-04-22 12:46:21-04:00,11.0
2011-04-22 12:46:24-04:00,10.0
2011-04-22 12:46:27-04:00,11.0
2011-04-22 12:46:30-04:00,10.666666666666666
2011-04-22 12:46:33-04:00,10.333333333333334
2011-04-22 12:46:36-04:00,10.0
2011-04-22 12:46:39-04:00,10.0
2011-04-22 12:46:42-04:00,10.75
2011-04-22 12:46:45-04:00,10.333333333333334
2011-04-22 12:46:48-04:00,10.0
2011-04-22 12:46:51-04:00,10.333333333333334
2011-04-22 12:46:54-04:00,11.0
2011-04-22 12:46:57-04:00,11.0
2011-04-22 12:47:00-04:00,11.0
2011-04-22 12:47:03-04:00,10.25
2011-04-22 12:47:06-04:00,10.0
2011-04-22 12:47:09-04:00,10.0
2011-04-22 12:47:12-04:00,10.5
2011-04-22 12:47:15-04:00,11.0
2011-04-22 12:47:18-04:00,11.0
2011-04-22 12:47:21-04:00,11.0
2011-04-22 12:47:24-04:00,11.0
2011-04-22 12:47:27-04:00,10.25
2011-04-22 12:47:30-04:00,10.25
2011-04-22 12:47:33-04:00,10.625
2011-04-22 12:47:36-04:00,11.0
2011-04-22 12:47:39-04:00,11.0
2011-04-22 12:47:42-04:00,10.333333333333334
2011-04-22 12:47:45-04:00,10.0
2011-04-22 12:47:48-04:00,10.0
2011-04-22 12:47:51-04:00,10.25
2011-04-22 12:47:54-04:00,11.0
2011-04-22 12:47:57-04:00,10.0
2011-04-22 12:48:00-04:00,11.0
2011-04-22 12:48:03-04:00,11.0
2011-04-22 12:48:06-04:00,10.333333333333334
2011-04-22 12:48:09-04:00,10.0
2011-04-22 12:48:12-04:00,10.0
2011-04-22 12:48:15-04:00,10.0
2011-04-22 12:48:18-04:00,10.0
2011-04-22 12:48:21-04:00,11.0
2011-04-22 12:48:24-04:00,11.0
2011-04-22 12:48:27-04:00,11.0
2011-04-22 12:48:30-04:00,11.0
2011-04-22 12:48:33-04:00,11.0
2011-04-22 12:48:36-04:00,11.0
2011-04-22 12:48:39-04:00,11.0
2011-04-22 12:48:42-04:00,11.0
2011-04-22 12:48:45-04:00,11.0
2011-04-22 12:48:48-04:00,11.0
2011-04-22 12:48:51-04:00,11.0
2011-04-22 12:48:54-04:00,11.0
2011-04-22 12:48:57-04:00,11.0
2011-04-22 12:49:00-04:00,11.0
2011-04-22 12:49:03-04:00,11.0
2011-04-22 12:49:06-04:00,10.5
2011-04-22 12:49:09-04:00,10.0
2011-04-22 12:49:12-04:00,10.333333333333334
2011-04-22 12:49:15-04:00,11.0
2011-04-22 12:49:18-04:00,11.0
2011-04-22 12:49:21-04:00,11.0
2011-04-22 12:49:24-04:00,11.0
2011-04-22 12:49:27-04:00,11.0
2011-04-22 12:49:30-04:00,10.777777777777779
2011-04-22 12:49:33-04:00,10.444444444444445
2011-04-22 12:49:36-04:00,10.11111111111111
2011-04-22 12:49:39-04:00,10.666666666666666
2011-04-22 12:49:42-04:00,10.5
2011-04-22 12:49:45-04:00,10.333333333333334
2011-04-22 12:49:48-04:00,11.0
2011-04-22 12:49:51-04:00,11.0
2011-04-22 12:49:54-04:00,10.0
2011-04-22 12:49:57-04:00,10.0
2011-04-22 12:50:00-04:00,10.75
2011-04-22 12:50:03-04:00,11.0
2011-04-22 12:50:06-04:00,10.5
2011-04-22 12:50:09-04:00,10.333333333333334
2011-04-22 12:50:12-04:00,11.0
2011-04-22 12:50:15-04:00,11.0
2011-04-22 12:50:18-04:00,11.0
2011-04-22 12:50:21-04:00,10.0
2011-04-22 12:50:24-04:00,10.75
2011-04-22 12:50:27-04:00,11.0
2011-04-22 12:50:30-04:00,11.0
2011-04-22 12:50:33-04:00,11.0
2011-04-22 12:50:36-04:00,11.0
2011-04-22 12:50:39-04:00,11.0
2011-04-22 12:50:42-04:00,10.5
2011-04-22 12:50:45-04:00,10.333333333333334
2011-04-22 12:50:48-04:00,11.0
2011-04-22 12:50:51-04:00,11.0
2011-04-22 12:50:54-04:00,10.0
2011-04-22 12:50:57-04:00,10.0
2011-04-22 12:51:00-04:00,10.666666666666666
2011-04-22 12:51:03-04:00,11.0
2011-04-22 12:51:06-04:00,11.0
2011-04-22 12:51:09-04:00,10.666666666666666
2011-04-22 12:51:12-04:00,10.25
2011-04-22 12:51:15-04:00,11.0
2011-04-22 12:51:18-04:00,11.0
2011-04-22 12:51:21-04:00,11.0
2011-04-22 12:51:24-04:00,11.0
2011-04-22 12:51:27-04:00,11.0
2011-04-22 12:51:30-04:00,11.0
2011-04-22 12:51:33-04:00,11.0
2011-04-22 12:51:36-04:00,11.0
2011-04-22 12:51:39-04:00,10.333333333333334
2011-04-22 12:51:42-04:00,10.5
2011-04-22 12:51:45-04:00,11.0
2011-04-22 12:51:48-04:00,11.0
2011-04-22 12:51:51-04:00,11.0
2011-04-22 12:51:54-04:00,10.0
2011-04-22 12:51:57-04:00,10.75
2011-04-22 12:52:00-04:00,11.0
2011-04-22 12:52:03-04:00,11.0
2011-04-22 12:52:06-04:00,11.0
2011-04-22 12:52:09-04:00,11.0
2011-04-22 12:52:12-04:00,11.0
2011-04-22 12:52:15-04:00,11.0
2011-04-22 12:52:18-04:00,10.0
2011-04-22 12:52:21-04:00,10.75
2011-04-22 12:52:24-04:00,11.0
2011-04-22 12:52:27-04:00,11.0
2011-04-22 12:52:30-04:00,11.0
2011-04-22 12:52:33-04:00,11.0
2011-04-22 12:52:36-04:00,11.0
2011-04-22 12:52:39-04:00,11.0
2011-04-22 12:52:42-04:00,11.0
2011-04-22 12:52:45-04:00,11.0
2011-04-22 12:52:48-04:00,10.75
2011-04-22 12:52:51-04:00,10.0
2011-04-22 12:52:54-04:00,11.0
2011-04-22 12:52:57-04:00,11.0
2011-04-22 12:53:00-04:00,11.0
2011-04-22 12:53:03-04:00,11.0
2011-04-22 12:53:06-04:00,11.0
2011-04-22 12:53:09-04:00,11.0
2011-04-22 12:53:12-04:00,11.0
2011-04-22 12:53:15-04:00,11.0
2011-04-22 12:53:18-04:00,11.0
2011-04-22 12:53:21-04:00,11.0
2011-04-22 12:53:24-04:00,11.0
2011-04-22 12:53:27-04:00,10.333333333333334
2011-04-22 12:53:30-04:00,10.0
2011-04-22 12:53:33-04:00,10.0
2011-04-22 12:53:36-04:00,10.0
2011-04-22 12:53:39-04:00,10.0
2011-04-22 12:53:42-04:00,10.5
2011-04-22 12:53:45-04:00,10.666666666666666
2011-04-22 12:53:48-04:00,10.0
2011-04-22 12:53:51-04:00,10.0
2011-04-22 12:53:54-04:00,11.0
2011-04-22 12:53:57-04:00,10.0
2011-04-22 12:54:00-04:00,10.0
2011-04-22 12:54:03-04:00,10.0
2011-04-22 12:54:06-04:00,10.5
2011-04-22 12:54:09-04:00,10.666666666666666
2011-04-22 12:54:12-04:00,10.0
2011-04-22 12:54:15-04:00,10.0
2011-04-22 12:54:18-04:00,10.0
2011-04-22 12:54:21-04:00,10.0
2011-04-22 12:54:24-04:00,10.75
2011-04-22 12:54:27-04:00,10.333333333333334
2011-04-22 12:54:30-04:00,10.0
2011-04-22 12:54:33-04:00,10.0
2011-04-22 12:54:36-04:00,10.0
2011-04-22 12:54:39-04:00,10.0
2011-04-22 12:54:42-04:00,10.0
2011-04-22 12:54:45-04:00,10.0
2011-04-22 12:54:48-04:00,10.0
2011-04-22 12:54:51-04:00,11.0
2011-04-22 12:54:54-04:00,11.0
2011-04-22 12:54:57-04:00,10.333333333333334
2011-04-22 12:55:00-04:00,10.666666666666666
2011-04-22 12:55:03-04:00,11.0
2011-04-22 12:55:06-04:00,10.666666666666666
2011-04-22 12:55:09-04:00,10.333333333333334
2011-04-22 12:55:12-04:00,10.75
2011-04-22 12:55:15-04:00,10.0
2011-04-22 12:55:18-04:00,10.0
2011-04-22 12:55:21-04:00,10.0
2011-04-22 12:55:24-04:00,10.666666666666666
2011-04-22 12:55:27-04:00,11.0
2011-04-22 12:55:30-04:00,10.777777777777779
2011-04-22 12:55:33-04:00,10.444444444444445
2011-04-22 12:55:36-04:00,10.11111111111111
2011-04-22 12:55:39-04:00,10.0
2011-04-22 12:55:42-04:00,10.333333333333334
2011-04-22 12:55:45-04:00,10.75
2011-04-22 12:55:48-04:00,10.0
2011-04-22 12:55:51-04:00,11.0
2011-04-22 12:55:54-04:00,10.0
2011-04-22 12:55:57-04:00,10.75
2011-04-22 12:56:00-04:00,10.333333333333334
2011-04-22 12:56:03-04:00,10.0
2011-04-22 12:56:06-04:00,10.0
2011-04-22 12:56:09-04:00,10.0
2011-04-22 12:56:12-04:00,10.0
2011-04-22 12:56:15-04:00,10.0
2011-04-22 12:56:18-04:00,10.0
2011-04-22 12:56:21-04:00,10.0
2011-04-22 12:56:24-04:00,10.0
2011-04-22 12:56:27-04:00,10.0
2011-04-22 12:56:30-04:00,10.125
2011-04-22 12:56:33-04:00,10.5
2011-04-22 12:56:36-04:00,10.875
2011-04-22 12:56:39-04:00,11.0
2011-04-22 12:56:42-04:00,10.666666666666666
2011-04-22 12:56:45-04:00,10.0
2011-04-22 12:56:48-04:00,10.0
2011-04-22 12:56:51-04:00,10.0
2011-04-22 12:56:54-04:00,10.75
2011-04-22 12:56:57-04:00,11.0
2011-04-22 12:57:00-04:00,11.0
2011-04-22 12:57:03-04:00,10.5
2011-04-22 12:57:06-04:00,10.0
2011-04-22 12:57:09-04:00,10.25
2011-04-22 12:57:12-04:00,11.0
2011-04-22 12:57:15-04:00,11.0
2011-04-22 12:57:18-04:00,10.0
2011-04-22 12:57:21-04:00,10.0
2011-04-22 12:57:24-04:00,10.0
2011-04-22 12:57:27-04:00,10.0
2011-04-22 12:57:30-04:00,10.0
2011-04-22 12:57:33-04:00,10.0
2011-04-22 12:57:36-04:00,10.0
2011-04-22 12:57:39-04:00,10.0
2011-04-22 12:57:42-04:00,10.0
2011-04-22 12:57:45-04:00,10.0
2011-04-22 12:57:48-04:00,10.0
2011-04-22 12:57:51-04:00,10.0
2011-04-22 12:57:54-04:00,10.0
2011-04-22 12:57:57-04:00,11.0
2011-04-22 12:58:00-04:00,11.0
2011-04-22 12:58:03-04:00,10.333333333333334
2011-04-22 12:58:06-04:00,10.0
2011-04-22 12:58:09-04:00,10.0
2011-04-22 12:58:12-04:00,10.0
2011-04-22 12:58:15-04:00,10.0
2011-04-22 12:58:18-04:00,10.0
2011-04-22 12:58:21-04:00,10.0
2011-04-22 12:58:24-04:00,10.0
2011-04-22 12:58:27-04:00,10.666666666666666
2011-04-22 12:58:30-04:00,10.777777777777779
2011-04-22 12:58:33-04:00,10.444444444444445
2011-04-22 12:58:36-04:00,10.11111111111111
2011-04-22 12:58:39-04:00,10.0
2011-04-22 12:58:42-04:00,10.0
2011-04-22 12:58:45-04:00,10.333333333333334
2011-04-22 12:58:48-04:00,11.0
2011-04-22 12:58:51-04:00,10.75
2011-04-22 12:58:54-04:00,10.0
2011-04-22 12:58:57-04:00,10.0
2011-04-22 12:59:00-04:00,10.0
2011-04-22 12:59:03-04:00,10.0
2011-04-22 12:59:06-04:00,10.5
2011-04-22 12:59:09-04:00,10.666666666666666
2011-04-22 12:59:12-04:00,10.333333333333334
2011-04-22 12:59:15-04:00,10.75
2011-04-22 12:59:18-04:00,10.0
2011-04-22 12:59:21-04:00,10.0
2011-04-22 12:59:24-04:00,10.0
2011-04-22 12:59:27-04:00,10.75
2011-04-22 12:59:30-04:00,10.777777777777779
2011-04-22 12:59:33-04:00,10.444444444444445
2011-04-22 12:59:36-04:00,10.11111111111111
2011-04-22 12:59:39-04:00,10.0
2011-04-22 12:59:42-04:00,10.5
2011-04-22 12:59:45-04:00,10.666666666666666
2011-04-22 12:59:48-04:00,10.0
2011-04-22 12:59:51-04:00,10.0
2011-04-22 12:59:54-04:00,10.0
2011-04-22 12:59:57-04:00,10.0
2011-04-22 13:00:00-04:00,10.0
2011-04-22 13:00:03-04:00,10.0
2011-04-22 13:00:06-04:00,10.0
2011-04-22 13:00:09-04:00,10.0
2011-04-22 13:00:12-04:00,10.0
2011-04-22 13:00:15-04:00,10.25
2011-04-22 13:00:18-04:00,11.0
2011-04-22 13:00:21-04:00,10.0
2011-04-22 13:00:24-04:00,11.0
2011-04-22 13:00:27-04:00,10.25
2011-04-22 13:00:30-04:00,10.25
2011-04-22 13:00:33-04:00,10.625
2011-04-22 13:00:36-04:00,11.0
2011-04-22 13:00:39-04:00,10.25
2011-04-22 13:00:42-04:00,10.0
2011-04-22 13:00:45-04:00,10.0
2011-04-22 13:00:48-04:00,10.0
2011-04-22 13:00:51-04:00,10.0
2011-04-22 13:00:54-04:00,10.0
2011-04-22 13:00:57-04:00,10.0
2011-04-22 13:01:00-04:00,10.0
2011-04-22 13:01:03-04:00,10.0
2011-04-22 13:01:06-04:00,10.0
2011-04-22 13:01:09-04:00,10.0
2011-04-22 13:01:12-04:00,10.0
2011-04-22 13:01:15-04:00,10.0
2011-04-22 13:01:18-04:00,10.0
2011-04-22 13:01:21-04:00,10.0
2011-04-22 13:01:24-04:00,10.0
2011-04-22 13:01:27-04:00,10.0
2011-04-22 13:01:30-04:00,10.0
2011-04-22 13:01:33-04:00,10.0
2011-04-22 13:01:36-04:00,10.0
2011-04-22 13:01:39-04:00,10.0
2011-04-22 13:01:42-04:00,10.0
2011-04-22 13:01:45-04:00,10.0
2011-04-22 13:01:48-04:00,10.0
2011-04-22 13:01:51-04:00,10.0
2011-04-22 13:01:54-04:00,10.0
2011-04-22 13:01:57-04:00,11.0
2011-04-22 13:02:00-04:00,10.25
2011-04-22 13:02:03-04:00,10.0
2011-04-22 13:02:06-04:00,10.0
2011-04-22 13:02:09-04:00,10.0
2011-04-22 13:02:12-04:00,10.0
2011-04-22 13:02:15-04:00,10.0
2011-04-22 13:02:18-04:00,10.75
2011-04-22 13:02:21-04:00,10.333333333333334
2011-04-22 13:02:24-04:00,10.5
2011-04-22 13:02:27-04:00,11.0
2011-04-22 13:02:30-04:00,10.88888888888889
2011-04-22 13:02:33-04:00,10.555555555555555
2011-04-22 13:02:36-04:00,10.222222222222221
2011-04-22 13:02:39-04:00,10.0
2011-04-22 13:02:42-04:00,10.25
2011-04-22 13:02:45-04:00,11.0
2011-04-22 13:02:48-04:00,10.0
2011-04-22 13:02:51-04:00,10.0
2011-04-22 13:02:54-04:00,10.666666666666666
2011-04-22 13:02:57-04:00,10.5
2011-04-22 13:03:00-04:00,10.0
2011-04-22 13:03:03-04:00,10.25
2011-04-22 13:03:06-04:00,11.0
2011-04-22 13:03:09-04:00,10.0
2011-04-22 13:03:12-04:00,10.0
2011-04-22 13:03:15-04:00,10.75
2011-04-22 13:03:18-04:00,11.0
2011-04-22 13:03:21-04:00,10.333333333333334
2011-04-22 13:03:24-04:00,10.0
2011-04-22 13:03:27-04:00,10.0
2011-04-22 13:03:30-04:00,10.0
2011-04-22 13:03:33-04:00,10.0
2011-04-22 13:03:36-04:00,10.333333333333334
2011-04-22 13:03:39-04:00,10.75
2011-04-22 13:03:42-04:00,10.0
2011-04-22 13:03:45-04:00,10.0
2011-04-22 13:03:48-04:00,10.75
2011-04-22 13:03:51-04:00,10.333333333333334
2011-04-22 13:03:54-04:00,10.0
2011-04-22 13:03:57-04:00,10.333333333333334
2011-04-22 13:04:00-04:00,11.0
2011-04-22 13:04:03-04:00,11.0
2011-04-22 13:04:06-04:00,10.0
2011-04-22 13:04:09-04:00,10.0
2011-04-22 13:04:12-04:00,10.0
2011-04-22 13:04:15-04:00,10.0
2011-04-22 13:04:18-04:00,10.0
2011-04-22 13:04:21-04:00,10.333333333333334
2011-04-22 13:04:24-04:00,10.75
2011-04-22 13:04:27-04:00,10.0
2011-04-22 13:04:30-04:00,10.0
2011-04-22 13:04:33-04:00,10.0
2011-04-22 13:04:36-04:00,10.0
2011-04-22 13:04:39-04:00,10.0
2011-04-22 13:04:42-04:00,11.0
2011-04-22 13:04:45-04:00,10.25
2011-04-22 13:04:48-04:00,10.0
2011-04-22 13:04:51-04:00,10.0
2011-04-22 13:04:54-04:00,10.0
2011-04-22 13:04:57-04:00,10.333333333333334
2011-04-22 13:05:00-04:00,10.75
2011-04-22 13:05:03-04:00,10.0
2011-04-22 13:05:06-04:00,10.0
2011-04-22 13:05:09-04:00,10.0
2011-04-22 13:05:12-04:00,10.5
2011-04-22 13:05:15-04:00,10.666666666666666
2011-04-22 13:05:18-04:00,10.0
2011-04-22 13:05:21-04:00,10.0
2011-04-22 13:05:24-04:00,10.0
2011-04-22 13:05:27-04:00,10.0
2011-04-22 13:05:30-04:00,10.333333333333334
2011-04-22 13:05:33-04:00,10.666666666666666
2011-04-22 13:05:36-04:00,11.0
2011-04-22 13:05:39-04:00,10.0
2011-04-22 13:05:42-04:00,10.75
2011-04-22 13:05:45-04:00,10.333333333333334
2011-04-22 13:05:48-04:00,10.0
2011-04-22 13:05:51-04:00,10.0
2011-04-22 13:05:54-04:00,10.0
2011-04-22 13:05:57-04:00,10.0
2011-04-22 13:06:00-04:00,10.0
2011-04-22 13:06:03-04:00,10.0
2011-04-22 13:06:06-04:00,10.75
2011-04-22 13:06:09-04:00,10.333333333333334
2011-04-22 13:06:12-04:00,10.0
2011-04-22 13:06:15-04:00,10.0
2011-04-22 13:06:18-04:00,10.25
2011-04-22 13:06:21-04:00,11.0
2011-04-22 13:06:24-04:00,10.25
2011-04-22 13:06:27-04:00,10.0
2011-04-22 13:06:30-04:00,10.0
2011-04-22 13:06:33-04:00,10.0
2011-04-22 13:06:36-04:00,10.0
2011-04-22 13:06:39-04:00,10.666666666666666
2011-04-22 13:06:42-04:00,10.333333333333334
2011-04-22 13:06:45-04:00,10.0
2011-04-22 13:06:48-04:00,10.25
2011-04-22 13:06:51-04:00,11.0
2011-04-22 13:06:54-04:00,10.0
2011-04-22 13:06:57-04:00,10.75
2011-04-22 13:07:00-04:00,10.333333333333334
2011-04-22 13:07:03-04:00,10.5
2011-04-22 13:07:06-04:00,10.666666666666666
2011-04-22 13:07:09-04:00,10.0
2011-04-22 13:07:12-04:00,10.0
2011-04-22 13:07:15-04:00,11.0
2011-04-22 13:07:18-04:00,10.0
2011-04-22 13:07:21-04:00,10.0
2011-04-22 13:07:24-04:00,10.666666666666666
2011-04-22 13:07:27-04:00,10.5
2011-04-22 13:07:30-04:00,10.0
2011-04-22 13:07:33-04:00,10.0
2011-04-22 13:07:36-04:00,10.0
2011-04-22 13:07:39-04:00,10.333333333333334
2011-04-22 13:07:42-04:00,10.75
2011-04-22 13:07:45-04:00,10.0
2011-04-22 13:07:48-04:00,11.0
2011-04-22 13:07:51-04:00,11.0
2011-04-22 13:07:54-04:00,11.0
2011-04-22 13:07:57-04:00,10.333333333333334
2011-04-22 13:08:00-04:00,10.0
2011-04-22 13:08:03-04:00,10.0
2011-04-22 13:08:06-04:00,10.0
2011-04-22 13:08:09-04:00,10.0
2011-04-22 13:08:12-04:00,11.0
2011-04-22 13:08:15-04:00,10.25
2011-04-22 13:08:18-04:00,10.0
2011-04-22 13:08:21-04:00,10.0
2011-04-22 13:08:24-04:00,10.0
2011-04-22 13:08:27-04:00,10.0
2011-04-22 13:08:30-04:00,10.0
2011-04-22 13:08:33-04:00,10.0
2011-04-22 13:08:36-04:00,10.25
2011-04-22 13:08:39-04:00,11.0
2011-04-22 13:08:42-04:00,10.0
2011-04-22 13:08:45-04:00,10.75
2011-04-22 13:08:48-04:00,10.333333333333334
2011-04-22 13:08:51-04:00,10.0
2011-04-22 13:08:54-04:00,10.0
2011-04-22 13:08:57-04:00,10.0
2011-04-22 13:09:00-04:00,10.0
2011-04-22 13:09:03-04:00,10.0
2011-04-22 13:09:06-04:00,11.0
2011-04-22 13:09:09-04:00,10.25
2011-04-22 13:09:12-04:00,10.0
2011-04-22 13:09:15-04:00,10.0
2011-04-22 13:09:18-04:00,10.0
2011-04-22 13:09:21-04:00,10.0
2011-04-22 13:09:24-04:00,10.25
2011-04-22 13:09:27-04:00,11.0
2011-04-22 13:09:30-04:00,11.0
2011-04-22 13:09:33-04:00,11.0
2011-04-22 13:09:36-04:00,11.0
2011-04-22 13:09:39-04:00,10.0
2011-04-22 13:09:42-04:00,10.75
2011-04-22 13:09:45-04:00,10.333333333333334
2011-04-22 13:09:48-04:00,10.0
2011-04-22 13:09:51-04:00,10.0
2011-04-22 13:09:54-04:00,10.0
2011-04-22 13:09:57-04:00,10.0
2011-04-22 13:10:00-04:00,10.0
2011-04-22 13:10:03-04:00,10.0
2011-04-22 13:10:06-04:00,10.5
2011-04-22 13:10:09-04:00,10.666666666666666
2011-04-22 13:10:12-04:00,10.0
2011-04-22 13:10:15-04:00,10.0
2011-04-22 13:10:18-04:00,10.0
2011-04-22 13:10:21-04:00,10.0
2011-04-22 13:10:24-04:00,10.666666666666666
2011-04-22 13:10:27-04:00,10.333333333333334
2011-04-22 13:10:30-04:00,10.0
2011-04-22 13:10:33-04:00,10.0
2011-04-22 13:10:36-04:00,10.0
2011-04-22 13:10:39-04:00,10.5
2011-04-22 13:10:42-04:00,11.0
2011-04-22 13:10:45-04:00,10.75
2011-04-22 13:10:48-04:00,10.0
2011-04-22 13:10:51-04:00,10.0
2011-04-22 13:10:54-04:00,11.0
2011-04-22 13:10:57-04:00,11.0
2011-04-22 13:11:00-04:00,10.333333333333334
2011-04-22 13:11:03-04:00,10.0
2011-04-22 13:11:06-04:00,10.333333333333334
2011-04-22 13:11:09-04:00,11.0
2011-04-22 13:11:12-04:00,11.0
2011-04-22 13:11:15-04:00,11.0
2011-04-22 13:11:18-04:00,10.0
2011-04-22 13:11:21-04:00,10.0
2011-04-22 13:11:24-04:00,10.0
2011-04-22 13:11:27-04:00,10.0
2011-04-22 13:11:30-04:00,10.0
2011-04-22 13:11:33-04:00,10.0
2011-04-22 13:11:36-04:00,10.5
2011-04-22 13:11:39-04:00,10.666666666666666
2011-04-22 13:11:42-04:00,10.25
2011-04-22 13:11:45-04:00,11.0
2011-04-22 13:11:48-04:00,10.0
2011-04-22 13:11:51-04:00,10.0
2011-04-22 13:11:54-04:00,10.666666666666666
2011-04-22 13:11:57-04:00,11.0
2011-04-22 13:12:00-04:00,11.0
2011-04-22 13:12:03-04:00,11.0
2011-04-22 13:12:06-04:00,11.0
2011-04-22 13:12:09-04:00,11.0
2011-04-22 13:12:12-04:00,11.0
2011-04-22 13:12:15-04:00,10.333333333333334
2011-04-22 13:12:18-04:00,10.0
2011-04-22 13:12:21-04:00,10.0
2011-04-22 13:12:24-04:00,10.25
2011-04-22 13:12:27-04:00,11.0
2011-04-22 13:12:30-04:00,11.0
2011-04-22 13:12:33-04:00,11.0
2011-04-22 13:12:36-04:00,10.75
2011-04-22 13:12:39-04:00,10.0
2011-04-22 13:12:42-04:00,10.0
2011-04-22 13:12:45-04:00,10.0
2011-04-22 13:12:48-04:00,10.0
2011-04-22 13:12:51-04:00,10.5
2011-04-22 13:12:54-04:00,10.666666666666666
2011-04-22 13:12:57-04:00,10.0
2011-04-22 13:13:00-04:00,10.25
2011-04-22 13:13:03-04:00,11.0
2011-04-22 13:13:06-04:00,11.0
2011-04-22 13:13:09-04:00,10.25
2011-04-22 13:13:12-04:00,10.5
2011-04-22 13:13:15-04:00,11.0
2011-04-22 13:13:18-04:00,10.75
2011-04-22 13:13:21-04:00,10.0
2011-04-22 13:13:24-04:00,10.0
2011-04-22 13:13:27-04:00,10.0
2011-04-22 13:13:30-04:00,10.0
2011-04-22 13:13:33-04:00,10.0
2011-04-22 13:13:36-04:00,10.0
2011-04-22 13:13:39-04:00,10.0
2011-04-22 13:13:42-04:00,10.5
2011-04-22 13:13:45-04:00,10.666666666666666
2011-04-22 13:13:48-04:00,10.333333333333334
2011-04-22 13:13:51-04:00,11.0
2011-04-22 13:13:54-04:00,11.0
2011-04-22 13:13:57-04:00,10.0
2011-04-22 13:14:00-04:00,10.0
2011-04-22 13:14:03-04:00,10.0
2011-04-22 13:14:06-04:00,10.5
2011-04-22 13:14:09-04:00,11.0
2011-04-22 13:14:12-04:00,11.0
2011-04-22 13:14:15-04:00,11.0
2011-04-22 13:14:18-04:00,11.0
2011-04-22 13:14:21-04:00,10.0
2011-04-22 13:14:24-04:00,11.0
2011-04-22 13:14:27-04:00,11.0
2011-04-22 13:14:30-04:00,11.0
2011-04-22 13:14:33-04:00,11.0
2011-04-22 13:14:36-04:00,11.0
2011-04-22 13:14:39-04:00,11.0
2011-04-22 13:14:42-04:00,11.0
2011-04-22 13:14:45-04:00,10.5
2011-04-22 13:14:48-04:00,10.0
2011-04-22 13:14:51-04:00,10.0
2011-04-22 13:14:54-04:00,10.25
2011-04-22 13:14:57-04:00,11.0
2011-04-22 13:15:00-04:00,10.0
2011-04-22 13:15:03-04:00,10.0
2011-04-22 13:15:06-04:00,10.666666666666666
2011-04-22 13:15:09-04:00,10.5
2011-04-22 13:15:12-04:00,10.0
2011-04-22 13:15:15-04:00,10.0
2011-04-22 13:15:18-04:00,10.25
2011-04-22 13:15:21-04:00,11.0
2011-04-22 13:15:24-04:00,11.0
2011-04-22 13:15:27-04:00,11.0
2011-04-22 13:15:30-04:00,10.666666666666666
2011-04-22 13:15:33-04:00,10.333333333333334
2011-04-22 13:15:36-04:00,10.0
2011-04-22 13:15:39-04:00,10.0
2011-04-22 13:15:42-04:00,10.666666666666666
2011-04-22 13:15:45-04:00,10.333333333333334
2011-04-22 13:15:48-04:00,10.5
2011-04-22 13:15:51-04:00,11.0
2011-04-22 13:15:54-04:00,11.0
2011-04-22 13:15:57-04:00,11.0
2011-04-22 13:16:00-04:00,11.0
2011-04-22 13:16:03-04:00,11.0
2011-04-22 13:16:06-04:00,11.0
2011-04-22 13:16:09-04:00,11.0
2011-04-22 13:16:12-04:00,11.0
2011-04-22 13:16:15-04:00,11.0
2011-04-22 13:16:18-04:00,11.0
2011-04-22 13:16:21-04:00,11.0
2011-04-22 13:16:24-04:00,11.0
2011-04-22 13:16:27-04:00,11.0
2011-04-22 13:16:30-04:00,11.0
2011-04-22 13:16:33-04:00,11.0
2011-04-22 13:16:36-04:00,11.0
2011-04-22 13:16:39-04:00,11.0
2011-04-22 13:16:42-04:00,11.0
2011-04-22 13:16:45-04:00,11.0
2011-04-22 13:16:48-04:00,11.0
2011-04-22 13:16:51-04:00,11.0
2011-04-22 13:16:54-04:00,11.0
2011-04-22 13:16:57-04:00,11.0
2011-04-22 13:17:00-04:00,11.0
2011-04-22 13:17:03-04:00,11.0
2011-04-22 13:17:06-04:00,11.0
2011-04-22 13:17:09-04:00,11.0
2011-04-22 13:17:12-04:00,11.0
2011-04-22 13:17:15-04:00,11.0
2011-04-22 13:17:18-04:00,11.0
2011-04-22 13:17:21-04:00,11.0
2011-04-22 13:17:24-04:00,11.0
2011-04-22 13:17:27-04:00,11.0
2011-04-22 13:17:30-04:00,11.0
2011-04-22 13:17:33-04:00,11.0
2011-04-22 13:17:36-04:00,11.0
2011-04-22 13:17:39-04:00,11.0
2011-04-22 13:17:42-04:00,11.0
2011-04-22 13:17:45-04:00,11.0
2011-04-22 13:17:48-04:00,11.0
2011-04-22 13:17:51-04:00,11.0
2011-04-22 13:17:54-04:00,11.0
2011-04-22 13:17:57-04:00,11.0
2011-04-22 13:18:00-04:00,11.0
2011-04-22 13:18:03-04:00,11.0
2011-04-22 13:18:06-04:00,11.0
2011-04-22 13:18:09-04:00,11.0
2011-04-22 13:18:12-04:00,11.0
2011-04-22 13:18:15-04:00,11.0
2011-04-22 13:18:18-04:00,11.0
2011-04-22 13:18:21-04:00,11.0
2011-04-22 13:18:24-04:00,11.0
2011-04-22 13:18:27-04:00,11.0
2011-04-22 13:18:30-04:00,11.0
2011-04-22 13:18:33-04:00,11.0
2011-04-22 13:18:36-04:00,11.0
2011-04-22 13:18:39-04:00,11.0
2011-04-22 13:18:42-04:00,11.0
2011-04-22 13:18:45-04:00,10.666666666666666
2011-04-22 13:18:48-04:00,10.333333333333334
2011-04-22 13:18:51-04:00,11.0
2011-04-22 13:18:54-04:00,11.0
2011-04-22 13:18:57-04:00,11.0
2011-04-22 13:19:00-04:00,11.0
2011-04-22 13:19:03-04:00,11.0
2011-04-22 13:19:06-04:00,11.0
2011-04-22 13:19:09-04:00,11.0
2011-04-22 13:19:12-04:00,11.0
2011-04-22 13:19:15-04:00,11.0
2011-04-22 13:19:18-04:00,11.0
2011-04-22 13:19:21-04:00,11.0
2011-04-22 13:19:24-04:00,10.25
2011-04-22 13:19:27-04:00,10.666666666666666
2011-04-22 13:19:30-04:00,11.0
2011-04-22 13:19:33-04:00,11.0
2011-04-22 13:19:36-04:00,11.0
2011-04-22 13:19:39-04:00,11.0
2011-04-22 13:19:42-04:00,11.0
2011-04-22 13:19:45-04:00,11.0
2011-04-22 13:19:48-04:00,11.0
2011-04-22 13:19:51-04:00,10.75
2011-04-22 13:19:54-04:00,10.0
2011-04-22 13:19:57-04:00,11.0
2011-04-22 13:20:00-04:00,10.25
2011-04-22 13:20:03-04:00,10.666666666666666
2011-04-22 13:20:06-04:00,11.0
2011-04-22 13:20:09-04:00,11.0
2011-04-22 13:20:12-04:00,11.0
2011-04-22 13:20:15-04:00,11.0
2011-04-22 13:20:18-04:00,10.75
2011-04-22 13:20:21-04:00,10.0
2011-04-22 13:20:24-04:00,11.0
2011-04-22 13:20:27-04:00,11.0
2011-04-22 13:20:30-04:00,11.0
2011-04-22 13:20:33-04:00,11.0
2011-04-22 13:20:36-04:00,11.0
2011-04-22 13:20:39-04:00,11.0
2011-04-22 13:20:42-04:00,10.5
2011-04-22 13:20:45-04:00,10.333333333333334
2011-04-22 13:20:48-04:00,11.0
2011-04-22 13:20:51-04:00,11.0
2011-04-22 13:20:54-04:00,11.0
2011-04-22 13:20:57-04:00,10.0
2011-04-22 13:21:00-04:00,10.75
2011-04-22 13:21:03-04:00,11.0
2011-04-22 13:21:06-04:00,11.0
2011-04-22 13:21:09-04:00,11.0
2011-04-22 13:21:12-04:00,11.0
2011-04-22 13:21:15-04:00,11.0
2011-04-22 13:21:18-04:00,11.0
2011-04-22 13:21:21-04:00,11.0
2011-04-22 13:21:24-04:00,11.0
2011-04-22 13:21:27-04:00,11.0
2011-04-22 13:21:30-04:00,11.0
2011-04-22 13:21:33-04:00,11.0
2011-04-22 13:21:36-04:00,11.0
2011-04-22 13:21:39-04:00,10.333333333333334
2011-04-22 13:21:42-04:00,10.666666666666666
2011-04-22 13:21:45-04:00,10.5
2011-04-22 13:21:48-04:00,10.0
2011-04-22 13:21:51-04:00,10.25
2011-04-22 13:21:54-04:00,11.0
2011-04-22 13:21:57-04:00,11.0
2011-04-22 13:22:00-04:00,11.0
2011-04-22 13:22:03-04:00,11.0
2011-04-22 13:22:06-04:00,11.0
2011-04-22 13:22:09-04:00,11.0
2011-04-22 13:22:12-04:00,11.0
2011-04-22 13:22:15-04:00,11.0
2011-04-22 13:22:18-04:00,11.0
2011-04-22 13:22:21-04:00,11.0
2011-04-22 13:22:24-04:00,11.0
2011-04-22 13:22:27-04:00,11.0
2011-04-22 13:22:30-04:00,11.0
2011-04-22 13:22:33-04:00,11.0
2011-04-22 13:22:36-04:00,11.0
2011-04-22 13:22:39-04:00,11.0
2011-04-22 13:22:42-04:00,11.0
2011-04-22 13:22:45-04:00,11.0
2011-04-22 13:22:48-04:00,10.666666666666666
2011-04-22 13:22:51-04:00,10.25
2011-04-22 13:22:54-04:00,11.0
2011-04-22 13:22:57-04:00,11.0
2011-04-22 13:23:00-04:00,11.0
2011-04-22 13:23:03-04:00,11.0
2011-04-22 13:23:06-04:00,11.0
2011-04-22 13:23:09-04:00,11.0
2011-04-22 13:23:12-04:00,11.0
2011-04-22 13:23:15-04:00,10.75
2011-04-22 13:23:18-04:00,10.0
2011-04-22 13:23:21-04:00,11.0
2011-04-22 13:23:24-04:00,10.25
2011-04-22 13:23:27-04:00,10.666666666666666
2011-04-22 13:23:30-04:00,11.0
2011-04-22 13:23:33-04:00,11.0
2011-04-22 13:23:36-04:00,11.0
2011-04-22 13:23:39-04:00,10.333333333333334
2011-04-22 13:23:42-04:00,10.5
2011-04-22 13:23:45-04:00,11.0
2011-04-22 13:23:48-04:00,11.0
2011-04-22 13:23:51-04:00,11.0
2011-04-22 13:23:54-04:00,11.0
2011-04-22 13:23:57-04:00,11.0
2011-04-22 13:24:00-04:00,11.0
2011-04-22 13:24:03-04:00,11.0
2011-04-22 13:24:06-04:00,11.0
2011-04-22 13:24:09-04:00,11.0
2011-04-22 13:24:12-04:00,11.0
2011-04-22 13:24:15-04:00,11.0
2011-04-22 13:24:18-04:00,11.0
2011-04-22 13:24:21-04:00,10.25
2011-04-22 13:24:24-04:00,10.0
2011-04-22 13:24:27-04:00,10.5
2011-04-22 13:24:30-04:00,11.0
2011-04-22 13:24:33-04:00,11.0
2011-04-22 13:24:36-04:00,11.0
2011-04-22 13:24:39-04:00,11.0
2011-04-22 13:24:42-04:00,10.666666666666666
2011-04-22 13:24:45-04:00,10.25
2011-04-22 13:24:48-04:00,11.0
2011-04-22 13:24:51-04:00,11.0
2011-04-22 13:24:54-04:00,10.25
2011-04-22 13:24:57-04:00,10.666666666666666
2011-04-22 13:25:00-04:00,10.333333333333334
2011-04-22 13:25:03-04:00,10.5
2011-04-22 13:25:06-04:00,11.0
2011-04-22 13:25:09-04:00,11.0
2011-04-22 13:25:12-04:00,11.0
2011-04-22 13:25:15-04:00,11.0
2011-04-22 13:25:18-04:00,11.0
2011-04-22 13:25:21-04:00,11.0
2011-04-22 13:25:24-04:00,11.0
2011-04-22 13:25:27-04:00,11.0
2011-04-22 13:25:30-04:00,11.0
2011-04-22 13:25:33-04:00,11.0
2011-04-22 13:25:36-04:00,11.0
2011-04-22 13:25:39-04:00,10.0
2011-04-22 13:25:42-04:00,11.0
2011-04-22 13:25:45-04:00,10.25
2011-04-22 13:25:48-04:00,10.0
2011-04-22 13:25:51-04:00,10.0
2011-04-22 13:25:54-04:00,10.5
2011-04-22 13:25:57-04:00,10.75
2011-04-22 13:26:00-04:00,10.0
2011-04-22 13:26:03-04:00,10.0
2011-04-22 13:26:06-04:00,10.75
2011-04-22 13:26:09-04:00,11.0
2011-04-22 13:26:12-04:00,11.0
2011-04-22 13:26:15-04:00,10.666666666666666
2011-04-22 13:26:18-04:00,10.0
2011-04-22 13:26:21-04:00,10.0
2011-04-22 13:26:24-04:00,11.0
2011-04-22 13:26:27-04:00,11.0
2011-04-22 13:26:30-04:00,11.0
2011-04-22 13:26:33-04:00,11.0
2011-04-22 13:26:36-04:00,11.0
2011-04-22 13:26:39-04:00,11.0
2011-04-22 13:26:42-04:00,11.0
2011-04-22 13:26:45-04:00,10.5
2011-04-22 13:26:48-04:00,10.333333333333334
2011-04-22 13:26:51-04:00,11.0
2011-04-22 13:26:54-04:00,11.0
2011-04-22 13:26:57-04:00,11.0
2011-04-22 13:27:00-04:00,11.0
2011-04-22 13:27:03-04:00,11.0
2011-04-22 13:27:06-04:00,11.0
2011-04-22 13:27:09-04:00,11.0
2011-04-22 13:27:12-04:00,11.0
2011-04-22 13:27:15-04:00,11.0
2011-04-22 13:27:18-04:00,11.0
2011-04-22 13:27:21-04:00,10.0
2011-04-22 13:27:24-04:00,10.75
2011-04-22 13:27:27-04:00,11.0
2011-04-22 13:27:30-04:00,11.0
2011-04-22 13:27:33-04:00,11.0
2011-04-22 13:27:36-04:00,11.0
2011-04-22 13:27:39-04:00,11.0
2011-04-22 13:27:42-04:00,11.0
2011-04-22 13:27:45-04:00,11.0
2011-04-22 13:27:48-04:00,11.0
2011-04-22 13:27:51-04:00,11.0
2011-04-22 13:27:54-04:00,11.0
2011-04-22 13:27:57-04:00,11.0
2011-04-22 13:28:00-04:00,11.0
2011-04-22 13:28:03-04:00,10.5
2011-04-22 13:28:06-04:00,10.333333333333334
2011-04-22 13:28:09-04:00,11.0
2011-04-22 13:28:12-04:00,11.0
2011-04-22 13:28:15-04:00,11.0
2011-04-22 13:28:18-04:00,11.0
2011-04-22 13:28:21-04:00,11.0
2011-04-22 13:28:24-04:00,11.0
2011-04-22 13:28:27-04:00,11.0
2011-04-22 13:28:30-04:00,11.0
2011-04-22 13:28:33-04:00,11.0
2011-04-22 13:28:36-04:00,11.0
2011-04-22 13:28:39-04:00,11.0
2011-04-22 13:28:42-04:00,11.0
2011-04-22 13:28:45-04:00,11.0
2011-04-22 13:28:48-04:00,11.0
2011-04-22 13:28:51-04:00,11.0
2011-04-22 13:28:54-04:00,10.0
2011-04-22 13:28:57-04:00,10.75
2011-04-22 13:29:00-04:00,11.0
2011-04-22 13:29:03-04:00,10.5
2011-04-22 13:29:06-04:00,10.0
2011-04-22 13:29:09-04:00,10.0
2011-04-22 13:29:12-04:00,10.0
2011-04-22 13:29:15-04:00,11.0
2011-04-22 13:29:18-04:00,10.25
2011-04-22 13:29:21-04:00,10.0
2011-04-22 13:29:24-04:00,10.666666666666666
2011-04-22 13:29:27-04:00,11.0
2011-04-22 13:29:30-04:00,10.88888888888889
2011-04-22 13:29:33-04:00,10.555555555555555
2011-04-22 13:29:36-04:00,10.222222222222221
2011-04-22 13:29:39-04:00,10.0
2011-04-22 13:29:42-04:00,10.0
2011-04-22 13:29:45-04:00,10.0
2011-04-22 13:29:48-04:00,11.0
2011-04-22 13:29:51-04:00,10.25
2011-04-22 13:29:54-04:00,10.666666666666666
2011-04-22 13:29:57-04:00,10.333333333333334
2011-04-22 13:30:00-04:00,10.0
2011-04-22 13:30:03-04:00,10.0
2011-04-22 13:30:06-04:00,10.25
2011-04-22 13:30:09-04:00,11.0
2011-04-22 13:30:12-04:00,10.0
2011-04-22 13:30:15-04:00,10.75
2011-04-22 13:30:18-04:00,10.333333333333334
2011-04-22 13:30:21-04:00,10.5
2011-04-22 13:30:24-04:00,10.75
2011-04-22 13:30:27-04:00,10.0
2011-04-22 13:30:30-04:00,10.375
2011-04-22 13:30:33-04:00,10.75
2011-04-22 13:30:36-04:00,11.0
2011-04-22 13:30:39-04:00,11.0
2011-04-22 13:30:42-04:00,10.0
2011-04-22 13:30:45-04:00,10.0
2011-04-22 13:30:48-04:00,10.0
2011-04-22 13:30:51-04:00,10.0
2011-04-22 13:30:54-04:00,10.0
2011-04-22 13:30:57-04:00,10.0
2011-04-22 13:31:00-04:00,10.0
2011-04-22 13:31:03-04:00,11.0
2011-04-22 13:31:06-04:00,11.0
2011-04-22 13:31:09-04:00,11.0
2011-04-22 13:31:12-04:00,11.0
2011-04-22 13:31:15-04:00,11.0
2011-04-22 13:31:18-04:00,11.0
2011-04-22 13:31:21-04:00,10.666666666666666
2011-04-22 13:31:24-04:00,10.25
2011-04-22 13:31:27-04:00,11.0
2011-04-22 13:31:30-04:00,10.666666666666666
2011-04-22 13:31:33-04:00,10.333333333333334
2011-04-22 13:31:36-04:00,10.0
2011-04-22 13:31:39-04:00,10.0
2011-04-22 13:31:42-04:00,10.0
2011-04-22 13:31:45-04:00,10.0
2011-04-22 13:31:48-04:00,10.666666666666666
2011-04-22 13:31:51-04:00,10.5
2011-04-22 13:31:54-04:00,10.0
2011-04-22 13:31:57-04:00,10.0
2011-04-22 13:32:00-04:00,10.0
2011-04-22 13:32:03-04:00,10.666666666666666
2011-04-22 13:32:06-04:00,11.0
2011-04-22 13:32:09-04:00,10.666666666666666
2011-04-22 13:32:12-04:00,10.0
2011-04-22 13:32:15-04:00,10.0
2011-04-22 13:32:18-04:00,10.0
2011-04-22 13:32:21-04:00,10.75
2011-04-22 13:32:24-04:00,11.0
2011-04-22 13:32:27-04:00,10.5
2011-04-22 13:32:30-04:00,10.0
2011-04-22 13:32:33-04:00,10.0
2011-04-22 13:32:36-04:00,10.0
2011-04-22 13:32:39-04:00,10.0
2011-04-22 13:32:42-04:00,10.0
2011-04-22 13:32:45-04:00,10.25
2011-04-22 13:32:48-04:00,11.0
2011-04-22 13:32:51-04:00,10.0
2011-04-22 13:32:54-04:00,10.0
2011-04-22 13:32:57-04:00,10.666666666666666
2011-04-22 13:33:00-04:00,11.0
2011-04-22 13:33:03-04:00,10.5
2011-04-22 13:33:06-04:00,10.0
2011-04-22 13:33:09-04:00,10.0
2011-04-22 13:33:12-04:00,10.0
2011-04-22 13:33:15-04:00,11.0
2011-04-22 13:33:18-04:00,10.25
2011-04-22 13:33:21-04:00,10.666666666666666
2011-04-22 13:33:24-04:00,10.333333333333334
2011-04-22 13:33:27-04:00,10.5
2011-04-22 13:33:30-04:00,11.0
2011-04-22 13:33:33-04:00,11.0
2011-04-22 13:33:36-04:00,11.0
2011-04-22 13:33:39-04:00,10.666666666666666
2011-04-22 13:33:42-04:00,10.0
2011-04-22 13:33:45-04:00,10.0
2011-04-22 13:33:48-04:00,11.0
2011-04-22 13:33:51-04:00,10.25
2011-04-22 13:33:54-04:00,10.0
2011-04-22 13:33:57-04:00,10.333333333333334
2011-04-22 13:34:00-04:00,10.75
2011-04-22 13:34:03-04:00,10.0
2011-04-22 13:34:06-04:00,10.0
2011-04-22 13:34:09-04:00,10.75
2011-04-22 13:34:12-04:00,10.333333333333334
2011-04-22 13:34:15-04:00,10.666666666666666
2011-04-22 13:34:18-04:00,10.5
2011-04-22 13:34:21-04:00,10.0
2011-04-22 13:34:24-04:00,10.0
2011-04-22 13:34:27-04:00,10.0
2011-04-22 13:34:30-04:00,10.0
2011-04-22 13:34:33-04:00,10.0
2011-04-22 13:34:36-04:00,10.0
2011-04-22 13:34:39-04:00,11.0
2011-04-22 13:34:42-04:00,10.0
2011-04-22 13:34:45-04:00,10.0
2011-04-22 13:34:48-04:00,10.0
2011-04-22 13:34:51-04:00,10.5
2011-04-22 13:34:54-04:00,10.666666666666666
2011-04-22 13:34:57-04:00,10.25
2011-04-22 13:35:00-04:00,11.0
2011-04-22 13:35:03-04:00,10.0
2011-04-22 13:35:06-04:00,10.0
2011-04-22 13:35:09-04:00,10.0
2011-04-22 13:35:12-04:00,10.5
2011-04-22 13:35:15-04:00,10.666666666666666
2011-04-22 13:35:18-04:00,10.25
2011-04-22 13:35:21-04:00,11.0
2011-04-22 13:35:24-04:00,10.0
2011-04-22 13:35:27-04:00,10.0
2011-04-22 13:35:30-04:00,10.333333333333334
2011-04-22 13:35:33-04:00,10.666666666666666
2011-04-22 13:35:36-04:00,11.0
2011-04-22 13:35:39-04:00,10.25
2011-04-22 13:35:42-04:00,10.666666666666666
2011-04-22 13:35:45-04:00,11.0
2011-04-22 13:35:48-04:00,10.666666666666666
2011-04-22 13:35:51-04:00,10.0
2011-04-22 13:35:54-04:00,10.0
2011-04-22 13:35:57-04:00,10.0
2011-04-22 13:36:00-04:00,10.0
2011-04-22 13:36:03-04:00,11.0
2011-04-22 13:36:06-04:00,11.0
2011-04-22 13:36:09-04:00,10.333333333333334
2011-04-22 13:36:12-04:00,10.666666666666666
2011-04-22 13:36:15-04:00,10.5
2011-04-22 13:36:18-04:00,10.0
2011-04-22 13:36:21-04:00,10.0
2011-04-22 13:36:24-04:00,10.0
2011-04-22 13:36:27-04:00,10.0
2011-04-22 13:36:30-04:00,10.0
2011-04-22 13:36:33-04:00,10.0
2011-04-22 13:36:36-04:00,10.0
2011-04-22 13:36:39-04:00,10.0
2011-04-22 13:36:42-04:00,10.0
2011-04-22 13:36:45-04:00,10.0
2011-04-22 13:36:48-04:00,10.0
2011-04-22 13:36:51-04:00,10.0
2011-04-22 13:36:54-04:00,10.0
2011-04-22 13:36:57-04:00,10.0
2011-04-22 13:37:00-04:00,10.0
2011-04-22 13:37:03-04:00,10.0
2011-04-22 13:37:06-04:00,10.0
2011-04-22 13:37:09-04:00,10.0
2011-04-22 13:37:12-04:00,10.0
2011-04-22 13:37:15-04:00,10.0
2011-04-22 13:37:18-04:00,10.0
2011-04-22 13:37:21-04:00,11.0
2011-04-22 13:37:24-04:00,10.0
2011-04-22 13:37:27-04:00,10.0
2011-04-22 13:37:30-04:00,10.0
2011-04-22 13:37:33-04:00,10.0
2011-04-22 13:37:36-04:00,10.0
2011-04-22 13:37:39-04:00,10.0
2011-04-22 13:37:42-04:00,10.0
2011-04-22 13:37:45-04:00,10.333333333333334
2011-04-22 13:37:48-04:00,10.666666666666666
2011-04-22 13:37:51-04:00,10.0
2011-04-22 13:37:54-04:00,10.0
2011-04-22 13:37:57-04:00,10.0
2011-04-22 13:38:00-04:00,10.75
2011-04-22 13:38:03-04:00,10.333333333333334
2011-04-22 13:38:06-04:00,10.0
2011-04-22 13:38:09-04:00,10.0
2011-04-22 13:38:12-04:00,10.0
2011-04-22 13:38:15-04:00,10.0
2011-04-22 13:38:18-04:00,10.0
2011-04-22 13:38:21-04:00,10.0
2011-04-22 13:38:24-04:00,10.0
2011-04-22 13:38:27-04:00,10.0
2011-04-22 13:38:30-04:00,10.0
2011-04-22 13:38:33-04:00,10.0
2011-04-22 13:38:36-04:00,10.0
2011-04-22 13:38:39-04:00,10.666666666666666
2011-04-22 13:38:42-04:00,10.5
2011-04-22 13:38:45-04:00,10.0
2011-04-22 13:38:48-04:00,10.0
2011-04-22 13:38:51-04:00,10.0
2011-04-22 13:38:54-04:00,10.0
2011-04-22 13:38:57-04:00,10.0
2011-04-22 13:39:00-04:00,10.0
2011-04-22 13:39:03-04:00,10.0
2011-04-22 13:39:06-04:00,10.0
2011-04-22 13:39:09-04:00,10.0
2011-04-22 13:39:12-04:00,10.0
2011-04-22 13:39:15-04:00,10.0
2011-04-22 13:39:18-04:00,10.0
2011-04-22 13:39:21-04:00,10.0
2011-04-22 13:39:24-04:00,10.0
2011-04-22 13:39:27-04:00,10.0
2011-04-22 13:39:30-04:00,10.0
2011-04-22 13:39:33-04:00,10.0
2011-04-22 13:39:36-04:00,10.0
2011-04-22 13:39:39-04:00,10.0
2011-04-22 13:39:42-04:00,10.0
2011-04-22 13:39:45-04:00,10.0
2011-04-22 13:39:48-04:00,10.0
2011-04-22 13:39:51-04:00,10.0
2011-04-22 13:39:54-04:00,10.0
2011-04-22 13:39:57-04:00,10.0
2011-04-22 13:40:00-04:00,10.0
2011-04-22 13:40:03-04:00,10.0
2011-04-22 13:40:06-04:00,10.0
2011-04-22 13:40:09-04:00,10.0
2011-04-22 13:40:12-04:00,10.0
2011-04-22 13:40:15-04:00,10.0
2011-04-22 13:40:18-04:00,10.0
2011-04-22 13:40:21-04:00,10.0
2011-04-22 13:40:24-04:00,10.0
2011-04-22 13:40:27-04:00,10.0
2011-04-22 13:40:30-04:00,10.0
2011-04-22 13:40:33-04:00,10.0
2011-04-22 13:40:36-04:00,10.0
2011-04-22 13:40:39-04:00,10.0
2011-04-22 13:40:42-04:00,11.0
2011-04-22 13:40:45-04:00,10.0
2011-04-22 13:40:48-04:00,10.75
2011-04-22 13:40:51-04:00,11.0
2011-04-22 13:40:54-04:00,10.5
2011-04-22 13:40:57-04:00,10.0
2011-04-22 13:41:00-04:00,10.0
2011-04-22 13:41:03-04:00,10.0
2011-04-22 13:41:06-04:00,10.0
2011-04-22 13:41:09-04:00,10.0
2011-04-22 13:41:12-04:00,10.0
2011-04-22 13:41:15-04:00,10.5
2011-04-22 13:41:18-04:00,11.0
2011-04-22 13:41:21-04:00,10.75
2011-04-22 13:41:24-04:00,10.0
2011-04-22 13:41:27-04:00,10.0
2011-04-22 13:41:30-04:00,10.0
2011-04-22 13:41:33-04:00,10.0
2011-04-22 13:41:36-04:00,10.0
2011-04-22 13:41:39-04:00,10.0
2011-04-22 13:41:42-04:00,10.0
2011-04-22 13:41:45-04:00,10.0
2011-04-22 13:41:48-04:00,10.0
2011-04-22 13:41:51-04:00,10.0
2011-04-22 13:41:54-04:00,10.0
2011-04-22 13:41:57-04:00,10.25
2011-04-22 13:42:00-04:00,11.0
2011-04-22 13:42:03-04:00,11.0
2011-04-22 13:42:06-04:00,11.0
2011-04-22 13:42:09-04:00,11.0
2011-04-22 13:42:12-04:00,11.0
2011-04-22 13:42:15-04:00,11.0
2011-04-22 13:42:18-04:00,11.0
2011-04-22 13:42:21-04:00,11.0
2011-04-22 13:42:24-04:00,11.0
2011-04-22 13:42:27-04:00,10.0
2011-04-22 13:42:30-04:00,10.333333333333334
2011-04-22 13:42:33-04:00,10.666666666666666
2011-04-22 13:42:36-04:00,11.0
2011-04-22 13:42:39-04:00,11.0
2011-04-22 13:42:42-04:00,10.0
2011-04-22 13:42:45-04:00,10.0
2011-04-22 13:42:48-04:00,10.666666666666666
2011-04-22 13:42:51-04:00,10.5
2011-04-22 13:42:54-04:00,10.333333333333334
2011-04-22 13:42:57-04:00,11.0
2011-04-22 13:43:00-04:00,11.0
2011-04-22 13:43:03-04:00,11.0
2011-04-22 13:43:06-04:00,11.0
2011-04-22 13:43:09-04:00,10.25
2011-04-22 13:43:12-04:00,10.666666666666666
2011-04-22 13:43:15-04:00,11.0
2011-04-22 13:43:18-04:00,11.0
2011-04-22 13:43:21-04:00,10.666666666666666
2011-04-22 13:43:24-04:00,10.25
2011-04-22 13:43:27-04:00,11.0
2011-04-22 13:43:30-04:00,10.666666666666666
2011-04-22 13:43:33-04:00,10.333333333333334
2011-04-22 13:43:36-04:00,10.0
2011-04-22 13:43:39-04:00,11.0
2011-04-22 13:43:42-04:00,10.25
2011-04-22 13:43:45-04:00,10.666666666666666
2011-04-22 13:43:48-04:00,10.333333333333334
2011-04-22 13:43:51-04:00,10.0
2011-04-22 13:43:54-04:00,10.0
2011-04-22 13:43:57-04:00,10.25
2011-04-22 13:44:00-04:00,11.0
2011-04-22 13:44:03-04:00,10.0
2011-04-22 13:44:06-04:00,10.0
2011-04-22 13:44:09-04:00,10.666666666666666
2011-04-22 13:44:12-04:00,10.333333333333334
2011-04-22 13:44:15-04:00,10.0
2011-04-22 13:44:18-04:00,10.333333333333334
2011-04-22 13:44:21-04:00,11.0
2011-04-22 13:44:24-04:00,10.75
2011-04-22 13:44:27-04:00,10.0
2011-04-22 13:44:30-04:00,10.333333333333334
2011-04-22 13:44:33-04:00,10.666666666666666
2011-04-22 13:44:36-04:00,11.0
2011-04-22 13:44:39-04:00,10.0
2011-04-22 13:44:42-04:00,10.0
2011-04-22 13:44:45-04:00,10.666666666666666
2011-04-22 13:44:48-04:00,10.5
2011-04-22 13:44:51-04:00,10.0
2011-04-22 13:44:54-04:00,10.25
2011-04-22 13:44:57-04:00,11.0
2011-04-22 13:45:00-04:00,11.0
2011-04-22 13:45:03-04:00,10.25
2011-04-22 13:45:06-04:00,10.0
2011-04-22 13:45:09-04:00,10.666666666666666
2011-04-22 13:45:12-04:00,11.0
2011-04-22 13:45:15-04:00,10.666666666666666
2011-04-22 13:45:18-04:00,10.25
2011-04-22 13:45:21-04:00,11.0
2011-04-22 13:45:24-04:00,11.0
2011-04-22 13:45:27-04:00,11.0
2011-04-22 13:45:30-04:00,10.666666666666666
2011-04-22 13:45:33-04:00,10.333333333333334
2011-04-22 13:45:36-04:00,10.0
2011-04-22 13:45:39-04:00,10.75
2011-04-22 13:45:42-04:00,11.0
2011-04-22 13:45:45-04:00,11.0
2011-04-22 13:45:48-04:00,10.5
2011-04-22 13:45:51-04:00,10.0
2011-04-22 13:45:54-04:00,10.333333333333334
2011-04-22 13:45:57-04:00,11.0
2011-04-22 13:46:00-04:00,11.0
2011-04-22 13:46:03-04:00,10.0
2011-04-22 13:46:06-04:00,10.0
2011-04-22 13:46:09-04:00,10.75
2011-04-22 13:46:12-04:00,11.0
2011-04-22 13:46:15-04:00,11.0
2011-04-22 13:46:18-04:00,10.5
2011-04-22 13:46:21-04:00,10.333333333333334
2011-04-22 13:46:24-04:00,11.0
2011-04-22 13:46:27-04:00,10.88888888888889
2011-04-22 13:46:30-04:00,10.555555555555555
2011-04-22 13:46:33-04:00,10.222222222222221
2011-04-22 13:46:36-04:00,10.25
2011-04-22 13:46:39-04:00,11.0
2011-04-22 13:46:42-04:00,10.0
2011-04-22 13:46:45-04:00,10.0
2011-04-22 13:46:48-04:00,10.0
2011-04-22 13:46:51-04:00,10.0
2011-04-22 13:46:54-04:00,10.0
2011-04-22 13:46:57-04:00,10.333333333333334
2011-04-22 13:47:00-04:00,10.75
2011-04-22 13:47:03-04:00,10.0
2011-04-22 13:47:06-04:00,10.0
2011-04-22 13:47:09-04:00,10.0
2011-04-22 13:47:12-04:00,10.0
2011-04-22 13:47:15-04:00,10.0
2011-04-22 13:47:18-04:00,10.333333333333334
2011-04-22 13:47:21-04:00,10.666666666666666
2011-04-22 13:47:24-04:00,10.0
2011-04-22 13:47:27-04:00,10.0
2011-04-22 13:47:30-04:00,10.0
2011-04-22 13:47:33-04:00,10.0
2011-04-22 13:47:36-04:00,10.0
2011-04-22 13:47:39-04:00,10.0
2011-04-22 13:47:42-04:00,11.0
2011-04-22 13:47:45-04:00,10.25
2011-04-22 13:47:48-04:00,10.0
2011-04-22 13:47:51-04:00,10.666666666666666
2011-04-22 13:47:54-04:00,11.0
2011-04-22 13:47:57-04:00,11.0
2011-04-22 13:48:00-04:00,10.75
2011-04-22 13:48:03-04:00,10.0
2011-04-22 13:48:06-04:00,10.0
2011-04-22 13:48:09-04:00,10.0
2011-04-22 13:48:12-04:00,10.0
2011-04-22 13:48:15-04:00,10.0
2011-04-22 13:48:18-04:00,10.333333333333334
2011-04-22 13:48:21-04:00,11.0
2011-04-22 13:48:24-04:00,11.0
2011-04-22 13:48:27-04:00,11.0
2011-04-22 13:48:30-04:00,10.666666666666666
2011-04-22 13:48:33-04:00,10.333333333333334
2011-04-22 13:48:36-04:00,10.0
2011-04-22 13:48:39-04:00,11.0
2011-04-22 13:48:42-04:00,10.25
2011-04-22 13:48:45-04:00,10.0
2011-04-22 13:48:48-04:00,10.5
2011-04-22 13:48:51-04:00,10.666666666666666
2011-04-22 13:48:54-04:00,10.0
2011-04-22 13:48:57-04:00,10.0
2011-04-22 13:49:00-04:00,11.0
2011-04-22 13:49:03-04:00,11.0
2011-04-22 13:49:06-04:00,10.25
2011-04-22 13:49:09-04:00,10.0
2011-04-22 13:49:12-04:00,10.0
2011-04-22 13:49:15-04:00,10.333333333333334
2011-04-22 13:49:18-04:00,11.0
2011-04-22 13:49:21-04:00,11.0
2011-04-22 13:49:24-04:00,11.0
2011-04-22 13:49:27-04:00,11.0
2011-04-22 13:49:30-04:00,11.0
2011-04-22 13:49:33-04:00,11.0
2011-04-22 13:49:36-04:00,11.0
2011-04-22 13:49:39-04:00,10.0
2011-04-22 13:49:42-04:00,10.75
2011-04-22 13:49:45-04:00,10.333333333333334
2011-04-22 13:49:48-04:00,10.5
2011-04-22 13:49:51-04:00,11.0
2011-04-22 13:49:54-04:00,11.0
2011-04-22 13:49:57-04:00,11.0
2011-04-22 13:50:00-04:00,11.0
2011-04-22 13:50:03-04:00,10.0
2011-04-22 13:50:06-04:00,10.0
2011-04-22 13:50:09-04:00,10.75
2011-04-22 13:50:12-04:00,10.333333333333334
2011-04-22 13:50:15-04:00,10.5
2011-04-22 13:50:18-04:00,10.666666666666666
2011-04-22 13:50:21-04:00,10.25
2011-04-22 13:50:24-04:00,11.0
2011-04-22 13:50:27-04:00,11.0
2011-04-22 13:50:30-04:00,10.666666666666666
2011-04-22 13:50:33-04:00,10.333333333333334
2011-04-22 13:50:36-04:00,10.0
2011-04-22 13:50:39-04:00,10.0
2011-04-22 13:50:42-04:00,10.666666666666666
2011-04-22 13:50:45-04:00,10.5
2011-04-22 13:50:48-04:00,10.0
2011-04-22 13:50:51-04:00,10.25
2011-04-22 13:50:54-04:00,11.0
2011-04-22 13:50:57-04:00,10.0
2011-04-22 13:51:00-04:00,11.0
2011-04-22 13:51:03-04:00,10.25
2011-04-22 13:51:06-04:00,10.0
2011-04-22 13:51:09-04:00,10.0
2011-04-22 13:51:12-04:00,10.0
2011-04-22 13:51:15-04:00,10.0
2011-04-22 13:51:18-04:00,10.0
2011-04-22 13:51:21-04:00,10.0
2011-04-22 13:51:24-04:00,11.0
2011-04-22 13:51:27-04:00,10.25
2011-04-22 13:51:30-04:00,10.222222222222221
2011-04-22 13:51:33-04:00,10.555555555555555
2011-04-22 13:51:36-04:00,10.88888888888889
2011-04-22 13:51:39-04:00,10.333333333333334
2011-04-22 13:51:42-04:00,10.0
2011-04-22 13:51:45-04:00,10.0
2011-04-22 13:51:48-04:00,10.0
2011-04-22 13:51:51-04:00,10.0
2011-04-22 13:51:54-04:00,10.25
2011-04-22 13:51:57-04:00,11.0
2011-04-22 13:52:00-04:00,10.0
2011-04-22 13:52:03-04:00,10.75
2011-04-22 13:52:06-04:00,10.333333333333334
2011-04-22 13:52:09-04:00,10.0
2011-04-22 13:52:12-04:00,10.333333333333334
2011-04-22 13:52:15-04:00,10.75
2011-04-22 13:52:18-04:00,10.0
2011-04-22 13:52:21-04:00,10.0
2011-04-22 13:52:24-04:00,10.0
2011-04-22 13:52:27-04:00,10.0
2011-04-22 13:52:30-04:00,10.222222222222221
2011-04-22 13:52:33-04:00,10.555555555555555
2011-04-22 13:52:36-04:00,10.88888888888889
2011-04-22 13:52:39-04:00,10.333333333333334
2011-04-22 13:52:42-04:00,10.0
2011-04-22 13:52:45-04:00,10.0
2011-04-22 13:52:48-04:00,10.333333333333334
2011-04-22 13:52:51-04:00,10.75
2011-04-22 13:52:54-04:00,10.0
2011-04-22 13:52:57-04:00,10.0
2011-04-22 13:53:00-04:00,10.0
2011-04-22 13:53:03-04:00,10.666666666666666
2011-04-22 13:53:06-04:00,11.0
2011-04-22 13:53:09-04:00,11.0
2011-04-22 13:53:12-04:00,11.0
2011-04-22 13:53:15-04:00,11.0
2011-04-22 13:53:18-04:00,11.0
2011-04-22 13:53:21-04:00,11.0
2011-04-22 13:53:24-04:00,11.0
2011-04-22 13:53:27-04:00,10.333333333333334
2011-04-22 13:53:30-04:00,10.25
2011-04-22 13:53:33-04:00,10.625
2011-04-22 13:53:36-04:00,11.0
2011-04-22 13:53:39-04:00,10.25
2011-04-22 13:53:42-04:00,10.666666666666666
2011-04-22 13:53:45-04:00,10.333333333333334
2011-04-22 13:53:48-04:00,10.5
2011-04-22 13:53:51-04:00,10.666666666666666
2011-04-22 13:53:54-04:00,10.0
2011-04-22 13:53:57-04:00,10.0
2011-04-22 13:54:00-04:00,11.0
2011-04-22 13:54:03-04:00,10.25
2011-04-22 13:54:06-04:00,10.666666666666666
2011-04-22 13:54:09-04:00,11.0
2011-04-22 13:54:12-04:00,11.0
2011-04-22 13:54:15-04:00,10.666666666666666
2011-04-22 13:54:18-04:00,10.0
2011-04-22 13:54:21-04:00,10.0
2011-04-22 13:54:24-04:00,10.0
2011-04-22 13:54:27-04:00,10.75
2011-04-22 13:54:30-04:00,10.75
2011-04-22 13:54:33-04:00,10.375
2011-04-22 13:54:36-04:00,10.0
2011-04-22 13:54:39-04:00,10.0
2011-04-22 13:54:42-04:00,10.0
2011-04-22 13:54:45-04:00,10.5
2011-04-22 13:54:48-04:00,11.0
2011-04-22 13:54:51-04:00,10.75
2011-04-22 13:54:54-04:00,10.0
2011-04-22 13:54:57-04:00,10.0
2011-04-22 13:55:00-04:00,10.0
2011-04-22 13:55:03-04:00,10.0
2011-04-22 13:55:06-04:00,10.0
2011-04-22 13:55:09-04:00,10.0
2011-04-22 13:55:12-04:00,10.333333333333334
2011-04-22 13:55:15-04:00,10.75
2011-04-22 13:55:18-04:00,10.0
2011-04-22 13:55:21-04:00,10.0
2011-04-22 13:55:24-04:00,10.75
2011-04-22 13:55:27-04:00,10.333333333333334
2011-04-22 13:55:30-04:00,10.0
2011-04-22 13:55:33-04:00,10.0
2011-04-22 13:55:36-04:00,10.0
2011-04-22 13:55:39-04:00,10.0
2011-04-22 13:55:42-04:00,10.0
2011-04-22 13:55:45-04:00,10.333333333333334
2011-04-22 13:55:48-04:00,10.75
2011-04-22 13:55:51-04:00,10.0
2011-04-22 13:55:54-04:00,10.0
2011-04-22 13:55:57-04:00,10.0
2011-04-22 13:56:00-04:00,10.0
2011-04-22 13:56:03-04:00,10.666666666666666
2011-04-22 13:56:06-04:00,10.5
2011-04-22 13:56:09-04:00,10.0
2011-04-22 13:56:12-04:00,10.25
2011-04-22 13:56:15-04:00,11.0
2011-04-22 13:56:18-04:00,10.0
2011-04-22 13:56:21-04:00,10.0
2011-04-22 13:56:24-04:00,10.666666666666666
2011-04-22 13:56:27-04:00,11.0
2011-04-22 13:56:30-04:00,10.875
2011-04-22 13:56:33-04:00,10.5
2011-04-22 13:56:36-04:00,10.125
2011-04-22 13:56:39-04:00,10.0
2011-04-22 13:56:42-04:00,10.333333333333334
2011-04-22 13:56:45-04:00,10.75
2011-04-22 13:56:48-04:00,10.0
2011-04-22 13:56:51-04:00,11.0
2011-04-22 13:56:54-04:00,10.25
2011-04-22 13:56:57-04:00,10.0
2011-04-22 13:57:00-04:00,10.0
2011-04-22 13:57:03-04:00,10.0
2011-04-22 13:57:06-04:00,10.0
2011-04-22 13:57:09-04:00,10.0
2011-04-22 13:57:12-04:00,10.0
2011-04-22 13:57:15-04:00,10.0
2011-04-22 13:57:18-04:00,10.0
2011-04-22 13:57:21-04:00,10.0
2011-04-22 13:57:24-04:00,10.0
2011-04-22 13:57:27-04:00,10.0
2011-04-22 13:57:30-04:00,10.11111111111111
2011-04-22 13:57:33-04:00,10.444444444444445
2011-04-22 13:57:36-04:00,10.777777777777779
2011-04-22 13:57:39-04:00,10.666666666666666
2011-04-22 13:57:42-04:00,10.333333333333334
2011-04-22 13:57:45-04:00,10.75
2011-04-22 13:57:48-04:00,10.0
2011-04-22 13:57:51-04:00,10.0
2011-04-22 13:57:54-04:00,10.0
2011-04-22 13:57:57-04:00,10.0
2011-04-22 13:58:00-04:00,10.5
2011-04-22 13:58:03-04:00,10.666666666666666
2011-04-22 13:58:06-04:00,10.0
2011-04-22 13:58:09-04:00,10.0
2011-04-22 13:58:12-04:00,10.0
2011-04-22 13:58:15-04:00,10.0
2011-04-22 13:58:18-04:00,10.0
2011-04-22 13:58:21-04:00,10.0
2011-04-22 13:58:24-04:00,10.0
2011-04-22 13:58:27-04:00,10.333333333333334
2011-04-22 13:58:30-04:00,10.88888888888889
2011-04-22 13:58:33-04:00,10.555555555555555
2011-04-22 13:58:36-04:00,10.222222222222221
2011-04-22 13:58:39-04:00,10.0
2011-04-22 13:58:42-04:00,10.0
2011-04-22 13:58:45-04:00,10.0
2011-04-22 13:58:48-04:00,10.0
2011-04-22 13:58:51-04:00,10.0
2011-04-22 13:58:54-04:00,10.0
2011-04-22 13:58:57-04:00,10.0
2011-04-22 13:59:00-04:00,10.0
2011-04-22 13:59:03-04:00,10.0
2011-04-22 13:59:06-04:00,10.25
2011-04-22 13:59:09-04:00,11.0
2011-04-22 13:59:12-04:00,11.0
2011-04-22 13:59:15-04:00,10.25
2011-04-22 13:59:18-04:00,10.0
2011-04-22 13:59:21-04:00,10.5
2011-04-22 13:59:24-04:00,10.666666666666666
2011-04-22 13:59:27-04:00,10.11111111111111
2011-04-22 13:59:30-04:00,10.444444444444445
2011-04-22 13:59:33-04:00,10.777777777777779
2011-04-22 13:59:36-04:00,11.0
2011-04-22 13:59:39-04:00,10.75
2011-04-22 13:59:42-04:00,10.0
2011-04-22 13:59:45-04:00,10.75
2011-04-22 13:59:48-04:00,10.333333333333334
2011-04-22 13:59:51-04:00,10.666666666666666
2011-04-22 13:59:54-04:00,11.0
2011-04-22 13:59:57-04:00,11.0
2011-04-22 14:00:00-04:00,11.0
2011-04-22 14:00:03-04:00,11.0
2011-04-22 14:00:06-04:00,11.0
2011-04-22 14:00:09-04:00,11.0
2011-04-22 14:00:12-04:00,11.0
2011-04-22 14:00:15-04:00,11.0
2011-04-22 14:00:18-04:00,11.0
2011-04-22 14:00:21-04:00,11.0
2011-04-22 14:00:24-04:00,11.0
2011-04-22 14:00:27-04:00,10.0
2011-04-22 14:00:30-04:00,10.333333333333334
2011-04-22 14:00:33-04:00,10.666666666666666
2011-04-22 14:00:36-04:00,11.0
2011-04-22 14:00:39-04:00,11.0
2011-04-22 14:00:42-04:00,10.0
2011-04-22 14:00:45-04:00,10.75
2011-04-22 14:00:48-04:00,10.5
2011-04-22 14:00:51-04:00,10.333333333333334
2011-04-22 14:00:54-04:00,10.75
2011-04-22 14:00:57-04:00,10.0
2011-04-22 14:01:00-04:00,10.0
2011-04-22 14:01:03-04:00,10.75
2011-04-22 14:01:06-04:00,10.333333333333334
2011-04-22 14:01:09-04:00,10.0
2011-04-22 14:01:12-04:00,10.333333333333334
2011-04-22 14:01:15-04:00,11.0
2011-04-22 14:01:18-04:00,11.0
2011-04-22 14:01:21-04:00,10.0
2011-04-22 14:01:24-04:00,10.0
2011-04-22 14:01:27-04:00,10.75
2011-04-22 14:01:30-04:00,11.0
2011-04-22 14:01:33-04:00,11.0
2011-04-22 14:01:36-04:00,11.0
2011-04-22 14:01:39-04:00,11.0
2011-04-22 14:01:42-04:00,10.5
2011-04-22 14:01:45-04:00,10.333333333333334
2011-04-22 14:01:48-04:00,11.0
2011-04-22 14:01:51-04:00,11.0
2011-04-22 14:01:54-04:00,11.0
2011-04-22 14:01:57-04:00,10.0
2011-04-22 14:02:00-04:00,10.75
2011-04-22 14:02:03-04:00,11.0
2011-04-22 14:02:06-04:00,11.0
2011-04-22 14:02:09-04:00,11.0
2011-04-22 14:02:12-04:00,11.0
2011-04-22 14:02:15-04:00,11.0
2011-04-22 14:02:18-04:00,11.0
2011-04-22 14:02:21-04:00,11.0
2011-04-22 14:02:24-04:00,11.0
2011-04-22 14:02:27-04:00,11.0
2011-04-22 14:02:30-04:00,11.0
2011-04-22 14:02:33-04:00,11.0
2011-04-22 14:02:36-04:00,11.0
2011-04-22 14:02:39-04:00,11.0
2011-04-22 14:02:42-04:00,10.75
2011-04-22 14:02:45-04:00,10.0
2011-04-22 14:02:48-04:00,10.75
2011-04-22 14:02:51-04:00,11.0
2011-04-22 14:02:54-04:00,10.5
2011-04-22 14:02:57-04:00,10.333333333333334
2011-04-22 14:03:00-04:00,11.0
2011-04-22 14:03:03-04:00,11.0
2011-04-22 14:03:06-04:00,11.0
2011-04-22 14:03:09-04:00,11.0
2011-04-22 14:03:12-04:00,10.25
2011-04-22 14:03:15-04:00,10.666666666666666
2011-04-22 14:03:18-04:00,11.0
2011-04-22 14:03:21-04:00,11.0
2011-04-22 14:03:24-04:00,11.0
2011-04-22 14:03:27-04:00,10.88888888888889
2011-04-22 14:03:30-04:00,10.555555555555555
2011-04-22 14:03:33-04:00,10.222222222222221
2011-04-22 14:03:36-04:00,10.0
2011-04-22 14:03:39-04:00,10.0
2011-04-22 14:03:42-04:00,11.0
2011-04-22 14:03:45-04:00,11.0
2011-04-22 14:03:48-04:00,11.0
2011-04-22 14:03:51-04:00,11.0
2011-04-22 14:03:54-04:00,10.5
2011-04-22 14:03:57-04:00,10.333333333333334
2011-04-22 14:04:00-04:00,10.75
2011-04-22 14:04:03-04:00,10.0
2011-04-22 14:04:06-04:00,11.0
2011-04-22 14:04:09-04:00,11.0
2011-04-22 14:04:12-04:00,11.0
2011-04-22 14:04:15-04:00,11.0
2011-04-22 14:04:18-04:00,11.0
2011-04-22 14:04:21-04:00,11.0
2011-04-22 14:04:24-04:00,10.75
2011-04-22 14:04:27-04:00,10.0
2011-04-22 14:04:30-04:00,10.0
2011-04-22 14:04:33-04:00,10.0
2011-04-22 14:04:36-04:00,10.0
2011-04-22 14:04:39-04:00,10.75
2011-04-22 14:04:42-04:00,11.0
2011-04-22 14:04:45-04:00,11.0
2011-04-22 14:04:48-04:00,11.0
2011-04-22 14:04:51-04:00,10.666666666666666
2011-04-22 14:04:54-04:00,10.25
2011-04-22 14:04:57-04:00,11.0
2011-04-22 14:05:00-04:00,11.0
2011-04-22 14:05:03-04:00,11.0
2011-04-22 14:05:06-04:00,11.0
2011-04-22 14:05:09-04:00,10.333333333333334
2011-04-22 14:05:12-04:00,10.5
2011-04-22 14:05:15-04:00,11.0
2011-04-22 14:05:18-04:00,11.0
2011-04-22 14:05:21-04:00,11.0
2011-04-22 14:05:24-04:00,10.0
2011-04-22 14:05:27-04:00,10.75
2011-04-22 14:05:30-04:00,11.0
2011-04-22 14:05:33-04:00,11.0
2011-04-22 14:05:36-04:00,11.0
2011-04-22 14:05:39-04:00,11.0
2011-04-22 14:05:42-04:00,11.0
2011-04-22 14:05:45-04:00,11.0
2011-04-22 14:05:48-04:00,11.0
2011-04-22 14:05:51-04:00,10.75
2011-04-22 14:05:54-04:00,10.0
2011-04-22 14:05:57-04:00,11.0
2011-04-22 14:06:00-04:00,10.25
2011-04-22 14:06:03-04:00,10.666666666666666
2011-04-22 14:06:06-04:00,10.5
2011-04-22 14:06:09-04:00,10.333333333333334
2011-04-22 14:06:12-04:00,11.0
2011-04-22 14:06:15-04:00,10.75
2011-04-22 14:06:18-04:00,10.0
2011-04-22 14:06:21-04:00,11.0
2011-04-22 14:06:24-04:00,11.0
2011-04-22 14:06:27-04:00,10.333333333333334
2011-04-22 14:06:30-04:00,10.222222222222221
2011-04-22 14:06:33-04:00,10.555555555555555
2011-04-22 14:06:36-04:00,10.88888888888889
2011-04-22 14:06:39-04:00,10.5
2011-04-22 14:06:42-04:00,10.333333333333334
2011-04-22 14:06:45-04:00,11.0
2011-04-22 14:06:48-04:00,10.75
2011-04-22 14:06:51-04:00,10.0
2011-04-22 14:06:54-04:00,11.0
2011-04-22 14:06:57-04:00,11.0
2011-04-22 14:07:00-04:00,11.0
2011-04-22 14:07:03-04:00,10.5
2011-04-22 14:07:06-04:00,10.333333333333334
2011-04-22 14:07:09-04:00,11.0
2011-04-22 14:07:12-04:00,11.0
2011-04-22 14:07:15-04:00,11.0
2011-04-22 14:07:18-04:00,10.333333333333334
2011-04-22 14:07:21-04:00,10.0
2011-04-22 14:07:24-04:00,10.5
2011-04-22 14:07:27-04:00,10.875
2011-04-22 14:07:30-04:00,10.5
2011-04-22 14:07:33-04:00,10.125
2011-04-22 14:07:36-04:00,10.5
2011-04-22 14:07:39-04:00,11.0
2011-04-22 14:07:42-04:00,11.0
2011-04-22 14:07:45-04:00,10.0
2011-04-22 14:07:48-04:00,10.75
2011-04-22 14:07:51-04:00,11.0
2011-04-22 14:07:54-04:00,10.5
2011-04-22 14:07:57-04:00,10.0
2011-04-22 14:08:00-04:00,10.0
2011-04-22 14:08:03-04:00,10.0
2011-04-22 14:08:06-04:00,10.0
2011-04-22 14:08:09-04:00,10.0
2011-04-22 14:08:12-04:00,11.0
2011-04-22 14:08:15-04:00,10.25
2011-04-22 14:08:18-04:00,10.0
2011-04-22 14:08:21-04:00,10.333333333333334
2011-04-22 14:08:24-04:00,11.0
2011-04-22 14:08:27-04:00,11.0
2011-04-22 14:08:30-04:00,11.0
2011-04-22 14:08:33-04:00,11.0
2011-04-22 14:08:36-04:00,11.0
2011-04-22 14:08:39-04:00,11.0
2011-04-22 14:08:42-04:00,11.0
2011-04-22 14:08:45-04:00,11.0
2011-04-22 14:08:48-04:00,11.0
2011-04-22 14:08:51-04:00,11.0
2011-04-22 14:08:54-04:00,11.0
2011-04-22 14:08:57-04:00,11.0
2011-04-22 14:09:00-04:00,11.0
2011-04-22 14:09:03-04:00,11.0
2011-04-22 14:09:06-04:00,10.333333333333334
2011-04-22 14:09:09-04:00,10.666666666666666
2011-04-22 14:09:12-04:00,11.0
2011-04-22 14:09:15-04:00,10.666666666666666
2011-04-22 14:09:18-04:00,10.25
2011-04-22 14:09:21-04:00,11.0
2011-04-22 14:09:24-04:00,11.0
2011-04-22 14:09:27-04:00,11.0
2011-04-22 14:09:30-04:00,11.0
2011-04-22 14:09:33-04:00,11.0
2011-04-22 14:09:36-04:00,11.0
2011-04-22 14:09:39-04:00,10.25
2011-04-22 14:09:42-04:00,10.666666666666666
2011-04-22 14:09:45-04:00,11.0
2011-04-22 14:09:48-04:00,11.0
2011-04-22 14:09:51-04:00,11.0
2011-04-22 14:09:54-04:00,11.0
2011-04-22 14:09:57-04:00,11.0
2011-04-22 14:10:00-04:00,11.0
2011-04-22 14:10:03-04:00,10.25
2011-04-22 14:10:06-04:00,10.666666666666666
2011-04-22 14:10:09-04:00,10.5
2011-04-22 14:10:12-04:00,10.333333333333334
2011-04-22 14:10:15-04:00,11.0
2011-04-22 14:10:18-04:00,11.0
2011-04-22 14:10:21-04:00,11.0
2011-04-22 14:10:24-04:00,11.0
2011-04-22 14:10:27-04:00,11.0
2011-04-22 14:10:30-04:00,11.0
2011-04-22 14:10:33-04:00,11.0
2011-04-22 14:10:36-04:00,11.0
2011-04-22 14:10:39-04:00,11.0
2011-04-22 14:10:42-04:00,10.5
2011-04-22 14:10:45-04:00,10.333333333333334
2011-04-22 14:10:48-04:00,11.0
2011-04-22 14:10:51-04:00,11.0
2011-04-22 14:10:54-04:00,11.0
2011-04-22 14:10:57-04:00,11.0
2011-04-22 14:11:00-04:00,10.25
2011-04-22 14:11:03-04:00,10.0
2011-04-22 14:11:06-04:00,10.0
2011-04-22 14:11:09-04:00,10.333333333333334
2011-04-22 14:11:12-04:00,11.0
2011-04-22 14:11:15-04:00,10.75
2011-04-22 14:11:18-04:00,10.0
2011-04-22 14:11:21-04:00,10.0
2011-04-22 14:11:24-04:00,10.0
2011-04-22 14:11:27-04:00,10.0
2011-04-22 14:11:30-04:00,10.222222222222221
2011-04-22 14:11:33-04:00,10.555555555555555
2011-04-22 14:11:36-04:00,10.88888888888889
2011-04-22 14:11:39-04:00,11.0
2011-04-22 14:11:42-04:00,10.5
2011-04-22 14:11:45-04:00,10.333333333333334
2011-04-22 14:11:48-04:00,10.75
2011-04-22 14:11:51-04:00,10.0
2011-04-22 14:11:54-04:00,10.0
2011-04-22 14:11:57-04:00,10.0
2011-04-22 14:12:00-04:00,10.0
2011-04-22 14:12:03-04:00,10.0
2011-04-22 14:12:06-04:00,10.0
2011-04-22 14:12:09-04:00,10.333333333333334
2011-04-22 14:12:12-04:00,11.0
2011-04-22 14:12:15-04:00,11.0
2011-04-22 14:12:18-04:00,11.0
2011-04-22 14:12:21-04:00,10.25
2011-04-22 14:12:24-04:00,10.0
2011-04-22 14:12:27-04:00,10.0
2011-04-22 14:12:30-04:00,10.0
2011-04-22 14:12:33-04:00,10.0
2011-04-22 14:12:36-04:00,10.0
2011-04-22 14:12:39-04:00,10.666666666666666
2011-04-22 14:12:42-04:00,10.5
2011-04-22 14:12:45-04:00,10.0
2011-04-22 14:12:48-04:00,10.333333333333334
2011-04-22 14:12:51-04:00,11.0
2011-04-22 14:12:54-04:00,11.0
2011-04-22 14:12:57-04:00,11.0
2011-04-22 14:13:00-04:00,11.0
2011-04-22 14:13:03-04:00,11.0
2011-04-22 14:13:06-04:00,10.5
2011-04-22 14:13:09-04:00,10.0
2011-04-22 14:13:12-04:00,10.333333333333334
2011-04-22 14:13:15-04:00,11.0
2011-04-22 14:13:18-04:00,11.0
2011-04-22 14:13:21-04:00,10.0
2011-04-22 14:13:24-04:00,11.0
2011-04-22 14:13:27-04:00,10.25
2011-04-22 14:13:30-04:00,10.222222222222221
2011-04-22 14:13:33-04:00,10.555555555555555
2011-04-22 14:13:36-04:00,10.88888888888889
2011-04-22 14:13:39-04:00,11.0
2011-04-22 14:13:42-04:00,10.333333333333334
2011-04-22 14:13:45-04:00,10.0
2011-04-22 14:13:48-04:00,10.0
2011-04-22 14:13:51-04:00,10.0
2011-04-22 14:13:54-04:00,10.0
2011-04-22 14:13:57-04:00,11.0
2011-04-22 14:14:00-04:00,10.25
2011-04-22 14:14:03-04:00,10.0
2011-04-22 14:14:06-04:00,10.5
2011-04-22 14:14:09-04:00,10.666666666666666
2011-04-22 14:14:12-04:00,10.25
2011-04-22 14:14:15-04:00,11.0
2011-04-22 14:14:18-04:00,10.0
2011-04-22 14:14:21-04:00,11.0
2011-04-22 14:14:24-04:00,10.25
2011-04-22 14:14:27-04:00,10.666666666666666
2011-04-22 14:14:30-04:00,11.0
2011-04-22 14:14:33-04:00,11.0
2011-04-22 14:14:36-04:00,11.0
2011-04-22 14:14:39-04:00,11.0
2011-04-22 14:14:42-04:00,10.5
2011-04-22 14:14:45-04:00,10.0
2011-04-22 14:14:48-04:00,10.333333333333334
2011-04-22 14:14:51-04:00,10.75
2011-04-22 14:14:54-04:00,10.0
2011-04-22 14:14:57-04:00,10.0
2011-04-22 14:15:00-04:00,10.0
2011-04-22 14:15:03-04:00,10.0
2011-04-22 14:15:06-04:00,10.5
2011-04-22 14:15:09-04:00,10.666666666666666
2011-04-22 14:15:12-04:00,10.25
2011-04-22 14:15:15-04:00,11.0
2011-04-22 14:15:18-04:00,10.0
2011-04-22 14:15:21-04:00,10.0
2011-04-22 14:15:24-04:00,10.0
2011-04-22 14:15:27-04:00,10.0
2011-04-22 14:15:30-04:00,10.0
2011-04-22 14:15:33-04:00,10.0
2011-04-22 14:15:36-04:00,10.0
2011-04-22 14:15:39-04:00,10.5
2011-04-22 14:15:42-04:00,10.666666666666666
2011-04-22 14:15:45-04:00,10.0
2011-04-22 14:15:48-04:00,10.0
2011-04-22 14:15:51-04:00,11.0
2011-04-22 14:15:54-04:00,10.0
2011-04-22 14:15:57-04:00,10.0
2011-04-22 14:16:00-04:00,10.666666666666666
2011-04-22 14:16:03-04:00,10.333333333333334
2011-04-22 14:16:06-04:00,10.0
2011-04-22 14:16:09-04:00,10.0
2011-04-22 14:16:12-04:00,10.0
2011-04-22 14:16:15-04:00,10.0
2011-04-22 14:16:18-04:00,11.0
2011-04-22 14:16:21-04:00,10.25
2011-04-22 14:16:24-04:00,10.666666666666666
2011-04-22 14:16:27-04:00,11.0
2011-04-22 14:16:30-04:00,11.0
2011-04-22 14:16:33-04:00,11.0
2011-04-22 14:16:36-04:00,11.0
2011-04-22 14:16:39-04:00,11.0
2011-04-22 14:16:42-04:00,11.0
2011-04-22 14:16:45-04:00,11.0
2011-04-22 14:16:48-04:00,11.0
2011-04-22 14:16:51-04:00,10.0
2011-04-22 14:16:54-04:00,10.75
2011-04-22 14:16:57-04:00,11.0
2011-04-22 14:17:00-04:00,10.333333333333334
2011-04-22 14:17:03-04:00,10.0
2011-04-22 14:17:06-04:00,10.333333333333334
2011-04-22 14:17:09-04:00,10.666666666666666
2011-04-22 14:17:12-04:00,10.0
2011-04-22 14:17:15-04:00,10.0
2011-04-22 14:17:18-04:00,10.0
2011-04-22 14:17:21-04:00,10.0
2011-04-22 14:17:24-04:00,10.0
2011-04-22 14:17:27-04:00,10.0
2011-04-22 14:17:30-04:00,10.0
2011-04-22 14:17:33-04:00,10.0
2011-04-22 14:17:36-04:00,10.0
2011-04-22 14:17:39-04:00,10.0
2011-04-22 14:17:42-04:00,10.333333333333334
2011-04-22 14:17:45-04:00,10.75
2011-04-22 14:17:48-04:00,10.0
2011-04-22 14:17:51-04:00,10.0
2011-04-22 14:17:54-04:00,10.0
2011-04-22 14:17:57-04:00,10.75
2011-04-22 14:18:00-04:00,11.0
2011-04-22 14:18:03-04:00,11.0
2011-04-22 14:18:06-04:00,10.666666666666666
2011-04-22 14:18:09-04:00,10.0
2011-04-22 14:18:12-04:00,10.0
2011-04-22 14:18:15-04:00,10.0
2011-04-22 14:18:18-04:00,10.0
2011-04-22 14:18:21-04:00,10.0
2011-04-22 14:18:24-04:00,10.5
2011-04-22 14:18:27-04:00,11.0
2011-04-22 14:18:30-04:00,10.88888888888889
2011-04-22 14:18:33-04:00,10.555555555555555
2011-04-22 14:18:36-04:00,10.222222222222221
2011-04-22 14:18:39-04:00,10.333333333333334
2011-04-22 14:18:42-04:00,10.75
2011-04-22 14:18:45-04:00,10.0
2011-04-22 14:18:48-04:00,10.0
2011-04-22 14:18:51-04:00,10.0
2011-04-22 14:18:54-04:00,10.0
2011-04-22 14:18:57-04:00,10.333333333333334
2011-04-22 14:19:00-04:00,11.0
2011-04-22 14:19:03-04:00,11.0
2011-04-22 14:19:06-04:00,10.25
2011-04-22 14:19:09-04:00,10.0
2011-04-22 14:19:12-04:00,10.0
2011-04-22 14:19:15-04:00,10.333333333333334
2011-04-22 14:19:18-04:00,11.0
2011-04-22 14:19:21-04:00,11.0
2011-04-22 14:19:24-04:00,10.0
2011-04-22 14:19:27-04:00,10.75
2011-04-22 14:19:30-04:00,10.777777777777779
2011-04-22 14:19:33-04:00,10.444444444444445
2011-04-22 14:19:36-04:00,10.11111111111111
2011-04-22 14:19:39-04:00,10.666666666666666
2011-04-22 14:19:42-04:00,10.5
2011-04-22 14:19:45-04:00,10.0
2011-04-22 14:19:48-04:00,10.25
2011-04-22 14:19:51-04:00,11.0
2011-04-22 14:19:54-04:00,11.0
2011-04-22 14:19:57-04:00,10.25
2011-04-22 14:20:00-04:00,10.0
2011-04-22 14:20:03-04:00,10.0
2011-04-22 14:20:06-04:00,10.0
2011-04-22 14:20:09-04:00,10.25
2011-04-22 14:20:12-04:00,11.0
2011-04-22 14:20:15-04:00,10.0
2011-04-22 14:20:18-04:00,10.0
2011-04-22 14:20:21-04:00,10.0
2011-04-22 14:20:24-04:00,10.0
2011-04-22 14:20:27-04:00,10.0
2011-04-22 14:20:30-04:00,10.0
2011-04-22 14:20:33-04:00,10.0
2011-04-22 14:20:36-04:00,10.0
2011-04-22 14:20:39-04:00,10.0
2011-04-22 14:20:42-04:00,10.0
2011-04-22 14:20:45-04:00,10.0
2011-04-22 14:20:48-04:00,10.25
2011-04-22 14:20:51-04:00,11.0
2011-04-22 14:20:54-04:00,11.0
2011-04-22 14:20:57-04:00,11.0
2011-04-22 14:21:00-04:00,10.5
2011-04-22 14:21:03-04:00,10.333333333333334
2011-04-22 14:21:06-04:00,10.75
2011-04-22 14:21:09-04:00,10.0
2011-04-22 14:21:12-04:00,10.0
2011-04-22 14:21:15-04:00,10.75
2011-04-22 14:21:18-04:00,11.0
2011-04-22 14:21:21-04:00,11.0
2011-04-22 14:21:24-04:00,10.666666666666666
2011-04-22 14:21:27-04:00,10.0
2011-04-22 14:21:30-04:00,10.0
2011-04-22 14:21:33-04:00,10.0
2011-04-22 14:21:36-04:00,10.0
2011-04-22 14:21:39-04:00,10.0
2011-04-22 14:21:42-04:00,10.0
2011-04-22 14:21:45-04:00,10.0
2011-04-22 14:21:48-04:00,10.0
2011-04-22 14:21:51-04:00,10.0
2011-04-22 14:21:54-04:00,10.333333333333334
2011-04-22 14:21:57-04:00,11.0
2011-04-22 14:22:00-04:00,11.0
2011-04-22 14:22:03-04:00,10.0
2011-04-22 14:22:06-04:00,10.0
2011-04-22 14:22:09-04:00,10.75
2011-04-22 14:22:12-04:00,11.0
2011-04-22 14:22:15-04:00,11.0
2011-04-22 14:22:18-04:00,11.0
2011-04-22 14:22:21-04:00,10.75
2011-04-22 14:22:24-04:00,10.0
2011-04-22 14:22:27-04:00,10.0
2011-04-22 14:22:30-04:00,10.333333333333334
2011-04-22 14:22:33-04:00,10.666666666666666
2011-04-22 14:22:36-04:00,11.0
2011-04-22 14:22:39-04:00,10.0
2011-04-22 14:22:42-04:00,10.0
2011-04-22 14:22:45-04:00,10.0
2011-04-22 14:22:48-04:00,10.0
2011-04-22 14:22:51-04:00,10.0
2011-04-22 14:22:54-04:00,10.0
2011-04-22 14:22:57-04:00,10.0
2011-04-22 14:23:00-04:00,10.0
2011-04-22 14:23:03-04:00,10.0
2011-04-22 14:23:06-04:00,10.0
2011-04-22 14:23:09-04:00,10.0
2011-04-22 14:23:12-04:00,10.0
2011-04-22 14:23:15-04:00,10.0
2011-04-22 14:23:18-04:00,10.0
2011-04-22 14:23:21-04:00,10.0
2011-04-22 14:23:24-04:00,10.75
2011-04-22 14:23:27-04:00,10.333333333333334
2011-04-22 14:23:30-04:00,10.0
2011-04-22 14:23:33-04:00,10.0
2011-04-22 14:23:36-04:00,10.0
2011-04-22 14:23:39-04:00,10.666666666666666
2011-04-22 14:23:42-04:00,10.5
2011-04-22 14:23:45-04:00,10.0
2011-04-22 14:23:48-04:00,10.0
2011-04-22 14:23:51-04:00,10.0
2011-04-22 14:23:54-04:00,10.0
2011-04-22 14:23:57-04:00,10.0
2011-04-22 14:24:00-04:00,10.0
2011-04-22 14:24:03-04:00,10.0
2011-04-22 14:24:06-04:00,10.0
2011-04-22 14:24:09-04:00,10.0
2011-04-22 14:24:12-04:00,10.0
2011-04-22 14:24:15-04:00,10.0
2011-04-22 14:24:18-04:00,10.0
2011-04-22 14:24:21-04:00,10.0
2011-04-22 14:24:24-04:00,10.0
2011-04-22 14:24:27-04:00,10.0
2011-04-22 14:24:30-04:00,10.0
2011-04-22 14:24:33-04:00,10.0
2011-04-22 14:24:36-04:00,10.0
2011-04-22 14:24:39-04:00,10.25
2011-04-22 14:24:42-04:00,11.0
2011-04-22 14:24:45-04:00,10.0
2011-04-22 14:24:48-04:00,10.0
2011-04-22 14:24:51-04:00,10.0
2011-04-22 14:24:54-04:00,10.5
2011-04-22 14:24:57-04:00,11.0
2011-04-22 14:25:00-04:00,10.75
2011-04-22 14:25:03-04:00,10.0
2011-04-22 14:25:06-04:00,11.0
2011-04-22 14:25:09-04:00,11.0
2011-04-22 14:25:12-04:00,10.333333333333334
2011-04-22 14:25:15-04:00,10.0
2011-04-22 14:25:18-04:00,10.0
2011-04-22 14:25:21-04:00,10.0
2011-04-22 14:25:24-04:00,10.0
2011-04-22 14:25:27-04:00,10.0
2011-04-22 14:25:30-04:00,10.0
2011-04-22 14:25:33-04:00,10.0
2011-04-22 14:25:36-04:00,10.0
2011-04-22 14:25:39-04:00,10.0
2011-04-22 14:25:42-04:00,10.0
2011-04-22 14:25:45-04:00,10.0
2011-04-22 14:25:48-04:00,10.0
2011-04-22 14:25:51-04:00,10.0
2011-04-22 14:25:54-04:00,10.0
2011-04-22 14:25:57-04:00,10.25
2011-04-22 14:26:00-04:00,11.0
2011-04-22 14:26:03-04:00,11.0
2011-04-22 14:26:06-04:00,10.0
2011-04-22 14:26:09-04:00,10.75
2011-04-22 14:26:12-04:00,10.333333333333334
2011-04-22 14:26:15-04:00,10.0
2011-04-22 14:26:18-04:00,10.0
2011-04-22 14:26:21-04:00,10.0
2011-04-22 14:26:24-04:00,10.0
2011-04-22 14:26:27-04:00,10.0
2011-04-22 14:26:30-04:00,10.333333333333334
2011-04-22 14:26:33-04:00,10.666666666666666
2011-04-22 14:26:36-04:00,11.0
2011-04-22 14:26:39-04:00,10.25
2011-04-22 14:26:42-04:00,10.0
2011-04-22 14:26:45-04:00,10.0
2011-04-22 14:26:48-04:00,10.0
2011-04-22 14:26:51-04:00,10.0
2011-04-22 14:26:54-04:00,10.0
2011-04-22 14:26:57-04:00,10.0
2011-04-22 14:27:00-04:00,10.0
2011-04-22 14:27:03-04:00,11.0
2011-04-22 14:27:06-04:00,10.25
2011-04-22 14:27:09-04:00,10.0
2011-04-22 14:27:12-04:00,10.5
2011-04-22 14:27:15-04:00,10.75
2011-04-22 14:27:18-04:00,10.0
2011-04-22 14:27:21-04:00,10.0
2011-04-22 14:27:24-04:00,10.0
2011-04-22 14:27:27-04:00,10.0
2011-04-22 14:27:30-04:00,10.0
2011-04-22 14:27:33-04:00,10.0
2011-04-22 14:27:36-04:00,10.0
2011-04-22 14:27:39-04:00,10.0
2011-04-22 14:27:42-04:00,10.0
2011-04-22 14:27:45-04:00,10.25
2011-04-22 14:27:48-04:00,11.0
2011-04-22 14:27:51-04:00,10.0
2011-04-22 14:27:54-04:00,10.0
2011-04-22 14:27:57-04:00,10.0
2011-04-22 14:28:00-04:00,10.0
2011-04-22 14:28:03-04:00,10.0
2011-04-22 14:28:06-04:00,10.0
2011-04-22 14:28:09-04:00,10.25
2011-04-22 14:28:12-04:00,11.0
2011-04-22 14:28:15-04:00,10.0
2011-04-22 14:28:18-04:00,10.0
2011-04-22 14:28:21-04:00,10.0
2011-04-22 14:28:24-04:00,10.0
2011-04-22 14:28:27-04:00,10.0
2011-04-22 14:28:30-04:00,10.11111111111111
2011-04-22 14:28:33-04:00,10.444444444444445
2011-04-22 14:28:36-04:00,10.777777777777779
2011-04-22 14:28:39-04:00,10.666666666666666
2011-04-22 14:28:42-04:00,10.0
2011-04-22 14:28:45-04:00,10.0
2011-04-22 14:28:48-04:00,10.0
2011-04-22 14:28:51-04:00,10.0
2011-04-22 14:28:54-04:00,10.0
2011-04-22 14:28:57-04:00,10.0
2011-04-22 14:29:00-04:00,10.0
2011-04-22 14:29:03-04:00,10.0
2011-04-22 14:29:06-04:00,10.0
2011-04-22 14:29:09-04:00,10.0
2011-04-22 14:29:12-04:00,10.0
2011-04-22 14:29:15-04:00,10.0
2011-04-22 14:29:18-04:00,10.0
2011-04-22 14:29:21-04:00,10.0
2011-04-22 14:29:24-04:00,10.0
2011-04-22 14:29:27-04:00,10.0
2011-04-22 14:29:30-04:00,10.0
2011-04-22 14:29:33-04:00,10.0
2011-04-22 14:29:36-04:00,10.0
2011-04-22 14:29:39-04:00,10.0
2011-04-22 14:29:42-04:00,10.0
2011-04-22 14:29:45-04:00,10.0
2011-04-22 14:29:48-04:00,10.0
2011-04-22 14:29:51-04:00,10.0
2011-04-22 14:29:54-04:00,10.0
2011-04-22 14:29:57-04:00,10.0
2011-04-22 14:30:00-04:00,10.0
2011-04-22 14:30:03-04:00,10.5
2011-04-22 14:30:06-04:00,10.666666666666666
2011-04-22 14:30:09-04:00,10.0
2011-04-22 14:30:12-04:00,10.0
2011-04-22 14:30:15-04:00,10.0
2011-04-22 14:30:18-04:00,10.0
2011-04-22 14:30:21-04:00,10.0
2011-04-22 14:30:24-04:00,10.0
2011-04-22 14:30:27-04:00,10.0
2011-04-22 14:30:30-04:00,10.0
2011-04-22 14:30:33-04:00,10.0
2011-04-22 14:30:36-04:00,10.0
2011-04-22 14:30:39-04:00,10.0
2011-04-22 14:30:42-04:00,10.0
2011-04-22 14:30:45-04:00,10.0
2011-04-22 14:30:48-04:00,10.0
2011-04-22 14:30:51-04:00,10.0
2011-04-22 14:30:54-04:00,10.0
2011-04-22 14:30:57-04:00,10.0
2011-04-22 14:31:00-04:00,10.0
2011-04-22 14:31:03-04:00,10.0
2011-04-22 14:31:06-04:00,10.0
2011-04-22 14:31:09-04:00,10.0
2011-04-22 14:31:12-04:00,10.0
2011-04-22 14:31:15-04:00,10.0
2011-04-22 14:31:18-04:00,10.0
2011-04-22 14:31:21-04:00,10.0
2011-04-22 14:31:24-04:00,10.0
2011-04-22 14:31:27-04:00,10.0
2011-04-22 14:31:30-04:00,10.0
2011-04-22 14:31:33-04:00,10.0
2011-04-22 14:31:36-04:00,10.0
2011-04-22 14:31:39-04:00,10.0
2011-04-22 14:31:42-04:00,10.0
2011-04-22 14:31:45-04:00,10.0
2011-04-22 14:31:48-04:00,10.0
2011-04-22 14:31:51-04:00,10.0
2011-04-22 14:31:54-04:00,10.0
2011-04-22 14:31:57-04:00,10.0
2011-04-22 14:32:00-04:00,10.0
2011-04-22 14:32:03-04:00,10.0
2011-04-22 14:32:06-04:00,10.0
2011-04-22 14:32:09-04:00,10.0
2011-04-22 14:32:12-04:00,10.0
2011-04-22 14:32:15-04:00,10.0
2011-04-22 14:32:18-04:00,10.0
2011-04-22 14:32:21-04:00,10.0
2011-04-22 14:32:24-04:00,10.0
2011-04-22 14:32:27-04:00,10.0
2011-04-22 14:32:30-04:00,10.0
2011-04-22 14:32:33-04:00,10.0
2011-04-22 14:32:36-04:00,10.0
2011-04-22 14:32:39-04:00,10.0
2011-04-22 14:32:42-04:00,10.0
2011-04-22 14:32:45-04:00,10.0
2011-04-22 14:32:48-04:00,10.0
2011-04-22 14:32:51-04:00,10.0
2011-04-22 14:32:54-04:00,10.0
2011-04-22 14:32:57-04:00,10.0
2011-04-22 14:33:00-04:00,10.0
2011-04-22 14:33:03-04:00,10.0
2011-04-22 14:33:06-04:00,10.0
2011-04-22 14:33:09-04:00,10.0
2011-04-22 14:33:12-04:00,10.0
2011-04-22 14:33:15-04:00,10.0
2011-04-22 14:33:18-04:00,10.0
2011-04-22 14:33:21-04:00,10.0
2011-04-22 14:33:24-04:00,10.0
2011-04-22 14:33:27-04:00,10.0
2011-04-22 14:33:30-04:00,10.0
2011-04-22 14:33:33-04:00,10.0
2011-04-22 14:33:36-04:00,10.0
2011-04-22 14:33:39-04:00,10.0
2011-04-22 14:33:42-04:00,10.0
2011-04-22 14:33:45-04:00,10.0
2011-04-22 14:33:48-04:00,10.0
2011-04-22 14:33:51-04:00,10.0
2011-04-22 14:33:54-04:00,10.0
2011-04-22 14:33:57-04:00,10.0
2011-04-22 14:34:00-04:00,10.0
2011-04-22 14:34:03-04:00,10.0
2011-04-22 14:34:06-04:00,10.0
2011-04-22 14:34:09-04:00,10.0
2011-04-22 14:34:12-04:00,10.0
2011-04-22 14:34:15-04:00,10.0
2011-04-22 14:34:18-04:00,10.0
2011-04-22 14:34:21-04:00,10.0
2011-04-22 14:34:24-04:00,10.0
2011-04-22 14:34:27-04:00,10.0
2011-04-22 14:34:30-04:00,10.0
2011-04-22 14:34:33-04:00,10.0
2011-04-22 14:34:36-04:00,10.0
2011-04-22 14:34:39-04:00,10.0
2011-04-22 14:34:42-04:00,10.0
2011-04-22 14:34:45-04:00,10.0
2011-04-22 14:34:48-04:00,10.0
2011-04-22 14:34:51-04:00,10.0
2011-04-22 14:34:54-04:00,10.0
2011-04-22 14:34:57-04:00,10.0
2011-04-22 14:35:00-04:00,10.0
2011-04-22 14:35:03-04:00,10.0
2011-04-22 14:35:06-04:00,10.0
2011-04-22 14:35:09-04:00,10.0
2011-04-22 14:35:12-04:00,10.0
2011-04-22 14:35:15-04:00,10.0
2011-04-22 14:35:18-04:00,10.0
2011-04-22 14:35:21-04:00,10.0
2011-04-22 14:35:24-04:00,10.0
2011-04-22 14:35:27-04:00,10.0
2011-04-22 14:35:30-04:00,10.0
2011-04-22 14:35:33-04:00,10.0
2011-04-22 14:35:36-04:00,10.0
2011-04-22 14:35:39-04:00,10.0
2011-04-22 14:35:42-04:00,10.0
2011-04-22 14:35:45-04:00,10.0
2011-04-22 14:35:48-04:00,10.0
2011-04-22 14:35:51-04:00,10.0
2011-04-22 14:35:54-04:00,10.0
2011-04-22 14:35:57-04:00,10.0
2011-04-22 14:36:00-04:00,10.0
2011-04-22 14:36:03-04:00,10.0
2011-04-22 14:36:06-04:00,10.0
2011-04-22 14:36:09-04:00,10.0
2011-04-22 14:36:12-04:00,10.0
2011-04-22 14:36:15-04:00,10.0
2011-04-22 14:36:18-04:00,10.0
2011-04-22 14:36:21-04:00,10.0
2011-04-22 14:36:24-04:00,10.0
2011-04-22 14:36:27-04:00,10.0
2011-04-22 14:36:30-04:00,10.0
2011-04-22 14:36:33-04:00,10.0
2011-04-22 14:36:36-04:00,10.0
2011-04-22 14:36:39-04:00,10.0
2011-04-22 14:36:42-04:00,10.0
2011-04-22 14:36:45-04:00,10.0
2011-04-22 14:36:48-04:00,10.0
2011-04-22 14:36:51-04:00,10.0
2011-04-22 14:36:54-04:00,10.0
2011-04-22 14:36:57-04:00,10.0
2011-04-22 14:37:00-04:00,10.0
2011-04-22 14:37:03-04:00,10.0
2011-04-22 14:37:06-04:00,10.0
2011-04-22 14:37:09-04:00,10.0
2011-04-22 14:37:12-04:00,10.0
2011-04-22 14:37:15-04:00,10.0
2011-04-22 14:37:18-04:00,10.0
2011-04-22 14:37:21-04:00,10.0
2011-04-22 14:37:24-04:00,10.0
2011-04-22 14:37:27-04:00,10.0
2011-04-22 14:37:30-04:00,10.0
2011-04-22 14:37:33-04:00,10.0
2011-04-22 14:37:36-04:00,10.0
2011-04-22 14:37:39-04:00,10.0
2011-04-22 14:37:42-04:00,10.0
2011-04-22 14:37:45-04:00,10.0
2011-04-22 14:37:48-04:00,10.0
2011-04-22 14:37:51-04:00,10.0
2011-04-22 14:37:54-04:00,10.0
2011-04-22 14:37:57-04:00,10.0
2011-04-22 14:38:00-04:00,10.0
2011-04-22 14:38:03-04:00,10.0
2011-04-22 14:38:06-04:00,10.0
2011-04-22 14:38:09-04:00,10.0
2011-04-22 14:38:12-04:00,10.0
2011-04-22 14:38:15-04:00,10.0
2011-04-22 14:38:18-04:00,10.0
2011-04-22 14:38:21-04:00,10.0
2011-04-22 14:38:24-04:00,10.0
2011-04-22 14:38:27-04:00,10.0
2011-04-22 14:38:30-04:00,10.0
2011-04-22 14:38:33-04:00,10.0
2011-04-22 14:38:36-04:00,10.0
2011-04-22 14:38:39-04:00,10.0
2011-04-22 14:38:42-04:00,10.0
2011-04-22 14:38:45-04:00,10.0
2011-04-22 14:38:48-04:00,10.0
2011-04-22 14:38:51-04:00,10.0
2011-04-22 14:38:54-04:00,10.0
2011-04-22 14:38:57-04:00,10.0
2011-04-22 14:39:00-04:00,10.0
2011-04-22 14:39:03-04:00,10.0
2011-04-22 14:39:06-04:00,10.0
2011-04-22 14:39:09-04:00,10.0
2011-04-22 14:39:12-04:00,10.0
2011-04-22 14:39:15-04:00,10.0
2011-04-22 14:39:18-04:00,10.0
2011-04-22 14:39:21-04:00,10.0
2011-04-22 14:39:24-04:00,10.0
2011-04-22 14:39:27-04:00,10.0
2011-04-22 14:39:30-04:00,10.0
2011-04-22 14:39:33-04:00,10.0
2011-04-22 14:39:36-04:00,10.0
2011-04-22 14:39:39-04:00,10.0
2011-04-22 14:39:42-04:00,10.0
2011-04-22 14:39:45-04:00,10.0
2011-04-22 14:39:48-04:00,10.0
2011-04-22 14:39:51-04:00,10.0
2011-04-22 14:39:54-04:00,10.0
2011-04-22 14:39:57-04:00,10.0
2011-04-22 14:40:00-04:00,10.0
2011-04-22 14:40:03-04:00,10.75
2011-04-22 14:40:06-04:00,10.5
2011-04-22 14:40:09-04:00,10.0
2011-04-22 14:40:12-04:00,10.0
2011-04-22 14:40:15-04:00,10.0
2011-04-22 14:40:18-04:00,10.0
2011-04-22 14:40:21-04:00,10.0
2011-04-22 14:40:24-04:00,10.0
2011-04-22 14:40:27-04:00,10.0
2011-04-22 14:40:30-04:00,10.0
2011-04-22 14:40:33-04:00,10.0
2011-04-22 14:40:36-04:00,10.0
2011-04-22 14:40:39-04:00,10.0
2011-04-22 14:40:42-04:00,10.0
2011-04-22 14:40:45-04:00,10.0
2011-04-22 14:40:48-04:00,10.0
2011-04-22 14:40:51-04:00,10.0
2011-04-22 14:40:54-04:00,10.0
2011-04-22 14:40:57-04:00,10.25
2011-04-22 14:41:00-04:00,11.0
2011-04-22 14:41:03-04:00,10.0
2011-04-22 14:41:06-04:00,10.0
2011-04-22 14:41:09-04:00,10.0
2011-04-22 14:41:12-04:00,10.0
2011-04-22 14:41:15-04:00,10.0
2011-04-22 14:41:18-04:00,10.0
2011-04-22 14:41:21-04:00,10.0
2011-04-22 14:41:24-04:00,10.0
2011-04-22 14:41:27-04:00,10.0
2011-04-22 14:41:30-04:00,10.125
2011-04-22 14:41:33-04:00,10.5
2011-04-22 14:41:36-04:00,10.875
2011-04-22 14:41:39-04:00,10.5
2011-04-22 14:41:42-04:00,10.333333333333334
2011-04-22 14:41:45-04:00,11.0
2011-04-22 14:41:48-04:00,10.75
2011-04-22 14:41:51-04:00,10.0
2011-04-22 14:41:54-04:00,11.0
2011-04-22 14:41:57-04:00,10.25
2011-04-22 14:42:00-04:00,10.0
2011-04-22 14:42:03-04:00,10.0
2011-04-22 14:42:06-04:00,10.0
2011-04-22 14:42:09-04:00,10.0
2011-04-22 14:42:12-04:00,10.0
2011-04-22 14:42:15-04:00,10.0
2011-04-22 14:42:18-04:00,10.0
2011-04-22 14:42:21-04:00,10.0
2011-04-22 14:42:24-04:00,10.0
2011-04-22 14:42:27-04:00,10.0
2011-04-22 14:42:30-04:00,10.0
2011-04-22 14:42:33-04:00,10.0
2011-04-22 14:42:36-04:00,10.0
2011-04-22 14:42:39-04:00,10.0
2011-04-22 14:42:42-04:00,10.0
2011-04-22 14:42:45-04:00,10.333333333333334
2011-04-22 14:42:48-04:00,10.75
2011-04-22 14:42:51-04:00,10.0
2011-04-22 14:42:54-04:00,10.0
2011-04-22 14:42:57-04:00,10.0
2011-04-22 14:43:00-04:00,10.0
2011-04-22 14:43:03-04:00,10.0
2011-04-22 14:43:06-04:00,10.0
2011-04-22 14:43:09-04:00,10.25
2011-04-22 14:43:12-04:00,11.0
2011-04-22 14:43:15-04:00,10.0
2011-04-22 14:43:18-04:00,11.0
2011-04-22 14:43:21-04:00,10.25
2011-04-22 14:43:24-04:00,10.0
2011-04-22 14:43:27-04:00,10.0
2011-04-22 14:43:30-04:00,10.222222222222221
2011-04-22 14:43:33-04:00,10.555555555555555
2011-04-22 14:43:36-04:00,10.88888888888889
2011-04-22 14:43:39-04:00,10.333333333333334
2011-04-22 14:43:42-04:00,10.0
2011-04-22 14:43:45-04:00,10.0
2011-04-22 14:43:48-04:00,10.0
2011-04-22 14:43:51-04:00,10.0
2011-04-22 14:43:54-04:00,10.0
2011-04-22 14:43:57-04:00,11.0
2011-04-22 14:44:00-04:00,10.25
2011-04-22 14:44:03-04:00,10.0
2011-04-22 14:44:06-04:00,10.5
2011-04-22 14:44:09-04:00,10.666666666666666
2011-04-22 14:44:12-04:00,10.0
2011-04-22 14:44:15-04:00,10.0
2011-04-22 14:44:18-04:00,11.0
2011-04-22 14:44:21-04:00,10.0
2011-04-22 14:44:24-04:00,10.0
2011-04-22 14:44:27-04:00,10.0
2011-04-22 14:44:30-04:00,10.222222222222221
2011-04-22 14:44:33-04:00,10.555555555555555
2011-04-22 14:44:36-04:00,10.88888888888889
2011-04-22 14:44:39-04:00,11.0
2011-04-22 14:44:42-04:00,10.5
2011-04-22 14:44:45-04:00,10.0
2011-04-22 14:44:48-04:00,10.333333333333334
2011-04-22 14:44:51-04:00,10.75
2011-04-22 14:44:54-04:00,10.0
2011-04-22 14:44:57-04:00,10.0
2011-04-22 14:45:00-04:00,10.75
2011-04-22 14:45:03-04:00,10.333333333333334
2011-04-22 14:45:06-04:00,10.0
2011-04-22 14:45:09-04:00,10.0
2011-04-22 14:45:12-04:00,10.0
2011-04-22 14:45:15-04:00,10.25
2011-04-22 14:45:18-04:00,11.0
2011-04-22 14:45:21-04:00,11.0
2011-04-22 14:45:24-04:00,11.0
2011-04-22 14:45:27-04:00,10.333333333333334
2011-04-22 14:45:30-04:00,10.0
2011-04-22 14:45:33-04:00,10.0
2011-04-22 14:45:36-04:00,10.0
2011-04-22 14:45:39-04:00,10.0
2011-04-22 14:45:42-04:00,10.0
2011-04-22 14:45:45-04:00,10.0
2011-04-22 14:45:48-04:00,10.0
2011-04-22 14:45:51-04:00,10.0
2011-04-22 14:45:54-04:00,10.0
2011-04-22 14:45:57-04:00,10.0
2011-04-22 14:46:00-04:00,10.0
2011-04-22 14:46:03-04:00,10.0
2011-04-22 14:46:06-04:00,10.0
2011-04-22 14:46:09-04:00,10.0
2011-04-22 14:46:12-04:00,10.0
2011-04-22 14:46:15-04:00,10.0
2011-04-22 14:46:18-04:00,10.0
2011-04-22 14:46:21-04:00,11.0
2011-04-22 14:46:24-04:00,10.25
2011-04-22 14:46:27-04:00,10.666666666666666
2011-04-22 14:46:30-04:00,10.777777777777779
2011-04-22 14:46:33-04:00,10.444444444444445
2011-04-22 14:46:36-04:00,10.11111111111111
2011-04-22 14:46:39-04:00,10.0
2011-04-22 14:46:42-04:00,10.0
2011-04-22 14:46:45-04:00,10.0
2011-04-22 14:46:48-04:00,10.25
2011-04-22 14:46:51-04:00,11.0
2011-04-22 14:46:54-04:00,11.0
2011-04-22 14:46:57-04:00,10.25
2011-04-22 14:47:00-04:00,10.0
2011-04-22 14:47:03-04:00,10.0
2011-04-22 14:47:06-04:00,10.0
2011-04-22 14:47:09-04:00,10.0
2011-04-22 14:47:12-04:00,10.0
2011-04-22 14:47:15-04:00,10.0
2011-04-22 14:47:18-04:00,10.0
2011-04-22 14:47:21-04:00,10.0
2011-04-22 14:47:24-04:00,10.333333333333334
2011-04-22 14:47:27-04:00,10.88888888888889
2011-04-22 14:47:30-04:00,10.555555555555555
2011-04-22 14:47:33-04:00,10.222222222222221
2011-04-22 14:47:36-04:00,10.0
2011-04-22 14:47:39-04:00,10.0
2011-04-22 14:47:42-04:00,10.0
2011-04-22 14:47:45-04:00,10.0
2011-04-22 14:47:48-04:00,10.0
2011-04-22 14:47:51-04:00,10.0
2011-04-22 14:47:54-04:00,10.5
2011-04-22 14:47:57-04:00,11.0
2011-04-22 14:48:00-04:00,11.0
2011-04-22 14:48:03-04:00,10.0
2011-04-22 14:48:06-04:00,10.0
2011-04-22 14:48:09-04:00,10.0
2011-04-22 14:48:12-04:00,10.0
2011-04-22 14:48:15-04:00,10.0
2011-04-22 14:48:18-04:00,10.0
2011-04-22 14:48:21-04:00,10.25
2011-04-22 14:48:24-04:00,11.0
2011-04-22 14:48:27-04:00,10.0
2011-04-22 14:48:30-04:00,10.0
2011-04-22 14:48:33-04:00,10.0
2011-04-22 14:48:36-04:00,10.0
2011-04-22 14:48:39-04:00,10.0
2011-04-22 14:48:42-04:00,10.666666666666666
2011-04-22 14:48:45-04:00,10.5
2011-04-22 14:48:48-04:00,10.0
2011-04-22 14:48:51-04:00,10.0
2011-04-22 14:48:54-04:00,10.0
2011-04-22 14:48:57-04:00,10.0
2011-04-22 14:49:00-04:00,11.0
2011-04-22 14:49:03-04:00,10.25
2011-04-22 14:49:06-04:00,10.0
2011-04-22 14:49:09-04:00,10.0
2011-04-22 14:49:12-04:00,10.0
2011-04-22 14:49:15-04:00,10.0
2011-04-22 14:49:18-04:00,10.0
2011-04-22 14:49:21-04:00,10.0
2011-04-22 14:49:24-04:00,10.0
2011-04-22 14:49:27-04:00,10.666666666666666
2011-04-22 14:49:30-04:00,11.0
2011-04-22 14:49:33-04:00,11.0
2011-04-22 14:49:36-04:00,11.0
2011-04-22 14:49:39-04:00,10.5
2011-04-22 14:49:42-04:00,10.0
2011-04-22 14:49:45-04:00,10.0
2011-04-22 14:49:48-04:00,10.0
2011-04-22 14:49:51-04:00,11.0
2011-04-22 14:49:54-04:00,10.25
2011-04-22 14:49:57-04:00,10.0
2011-04-22 14:50:00-04:00,10.5
2011-04-22 14:50:03-04:00,10.666666666666666
2011-04-22 14:50:06-04:00,10.0
2011-04-22 14:50:09-04:00,10.0
2011-04-22 14:50:12-04:00,10.0
2011-04-22 14:50:15-04:00,10.0
2011-04-22 14:50:18-04:00,10.0
2011-04-22 14:50:21-04:00,10.0
2011-04-22 14:50:24-04:00,10.5
2011-04-22 14:50:27-04:00,10.666666666666666
2011-04-22 14:50:30-04:00,10.0
2011-04-22 14:50:33-04:00,10.0
2011-04-22 14:50:36-04:00,10.0
2011-04-22 14:50:39-04:00,10.333333333333334
2011-04-22 14:50:42-04:00,10.75
2011-04-22 14:50:45-04:00,10.0
2011-04-22 14:50:48-04:00,11.0
2011-04-22 14:50:51-04:00,11.0
2011-04-22 14:50:54-04:00,10.25
2011-04-22 14:50:57-04:00,10.666666666666666
2011-04-22 14:51:00-04:00,11.0
2011-04-22 14:51:03-04:00,10.75
2011-04-22 14:51:06-04:00,10.0
2011-04-22 14:51:09-04:00,11.0
2011-04-22 14:51:12-04:00,10.25
2011-04-22 14:51:15-04:00,10.666666666666666
2011-04-22 14:51:18-04:00,10.5
2011-04-22 14:51:21-04:00,10.333333333333334
2011-04-22 14:51:24-04:00,10.666666666666666
2011-04-22 14:51:27-04:00,10.0
2011-04-22 14:51:30-04:00,10.0
2011-04-22 14:51:33-04:00,10.0
2011-04-22 14:51:36-04:00,10.0
2011-04-22 14:51:39-04:00,10.0
2011-04-22 14:51:42-04:00,11.0
2011-04-22 14:51:45-04:00,10.25
2011-04-22 14:51:48-04:00,10.0
2011-04-22 14:51:51-04:00,10.0
2011-04-22 14:51:54-04:00,10.5
2011-04-22 14:51:57-04:00,10.666666666666666
2011-04-22 14:52:00-04:00,10.0
2011-04-22 14:52:03-04:00,10.0
2011-04-22 14:52:06-04:00,10.0
2011-04-22 14:52:09-04:00,10.0
2011-04-22 14:52:12-04:00,10.0
2011-04-22 14:52:15-04:00,10.0
2011-04-22 14:52:18-04:00,10.0
2011-04-22 14:52:21-04:00,10.0
2011-04-22 14:52:24-04:00,10.0
2011-04-22 14:52:27-04:00,10.0
2011-04-22 14:52:30-04:00,10.0
2011-04-22 14:52:33-04:00,10.0
2011-04-22 14:52:36-04:00,10.0
2011-04-22 14:52:39-04:00,10.0
2011-04-22 14:52:42-04:00,10.0
2011-04-22 14:52:45-04:00,10.0
2011-04-22 14:52:48-04:00,10.0
2011-04-22 14:52:51-04:00,10.0
2011-04-22 14:52:54-04:00,10.0
2011-04-22 14:52:57-04:00,10.0
2011-04-22 14:53:00-04:00,11.0
2011-04-22 14:53:03-04:00,10.25
2011-04-22 14:53:06-04:00,10.0
2011-04-22 14:53:09-04:00,10.0
2011-04-22 14:53:12-04:00,10.0
2011-04-22 14:53:15-04:00,10.0
2011-04-22 14:53:18-04:00,10.0
2011-04-22 14:53:21-04:00,10.0
2011-04-22 14:53:24-04:00,10.0
2011-04-22 14:53:27-04:00,10.0
2011-04-22 14:53:30-04:00,10.0
2011-04-22 14:53:33-04:00,10.0
2011-04-22 14:53:36-04:00,10.0
2011-04-22 14:53:39-04:00,10.0
2011-04-22 14:53:42-04:00,10.0
2011-04-22 14:53:45-04:00,10.0
2011-04-22 14:53:48-04:00,10.0
2011-04-22 14:53:51-04:00,10.0
2011-04-22 14:53:54-04:00,10.0
2011-04-22 14:53:57-04:00,10.0
2011-04-22 14:54:00-04:00,10.0
2011-04-22 14:54:03-04:00,10.0
2011-04-22 14:54:06-04:00,10.0
2011-04-22 14:54:09-04:00,10.0
2011-04-22 14:54:12-04:00,10.0
2011-04-22 14:54:15-04:00,10.0
2011-04-22 14:54:18-04:00,10.0
2011-04-22 14:54:21-04:00,10.0
2011-04-22 14:54:24-04:00,10.0
2011-04-22 14:54:27-04:00,10.0
2011-04-22 14:54:30-04:00,10.0
2011-04-22 14:54:33-04:00,10.0
2011-04-22 14:54:36-04:00,10.0
2011-04-22 14:54:39-04:00,10.0
2011-04-22 14:54:42-04:00,10.0
2011-04-22 14:54:45-04:00,10.0
2011-04-22 14:54:48-04:00,10.0
2011-04-22 14:54:51-04:00,10.0
2011-04-22 14:54:54-04:00,10.0
2011-04-22 14:54:57-04:00,10.0
2011-04-22 14:55:00-04:00,10.0
2011-04-22 14:55:03-04:00,10.0
2011-04-22 14:55:06-04:00,10.0
2011-04-22 14:55:09-04:00,10.0
2011-04-22 14:55:12-04:00,10.0
2011-04-22 14:55:15-04:00,10.0
2011-04-22 14:55:18-04:00,10.0
2011-04-22 14:55:21-04:00,10.0
2011-04-22 14:55:24-04:00,10.0
2011-04-22 14:55:27-04:00,10.0
2011-04-22 14:55:30-04:00,10.0
2011-04-22 14:55:33-04:00,10.0
2011-04-22 14:55:36-04:00,10.0
2011-04-22 14:55:39-04:00,10.0
2011-04-22 14:55:42-04:00,10.0
2011-04-22 14:55:45-04:00,10.0
2011-04-22 14:55:48-04:00,10.0
2011-04-22 14:55:51-04:00,10.0
2011-04-22 14:55:54-04:00,10.0
2011-04-22 14:55:57-04:00,10.0
2011-04-22 14:56:00-04:00,10.0
2011-04-22 14:56:03-04:00,10.0
2011-04-22 14:56:06-04:00,10.0
2011-04-22 14:56:09-04:00,10.0
2011-04-22 14:56:12-04:00,10.0
2011-04-22 14:56:15-04:00,10.0
2011-04-22 14:56:18-04:00,10.0
2011-04-22 14:56:21-04:00,10.0
2011-04-22 14:56:24-04:00,10.0
2011-04-22 14:56:27-04:00,10.0
2011-04-22 14:56:30-04:00,10.0
2011-04-22 14:56:33-04:00,10.0
2011-04-22 14:56:36-04:00,10.0
2011-04-22 14:56:39-04:00,10.0
2011-04-22 14:56:42-04:00,10.0
2011-04-22 14:56:45-04:00,10.0
2011-04-22 14:56:48-04:00,10.0
2011-04-22 14:56:51-04:00,10.0
2011-04-22 14:56:54-04:00,10.0
2011-04-22 14:56:57-04:00,10.0
2011-04-22 14:57:00-04:00,10.0
2011-04-22 14:57:03-04:00,10.0
2011-04-22 14:57:06-04:00,10.0
2011-04-22 14:57:09-04:00,10.0
2011-04-22 14:57:12-04:00,10.0
2011-04-22 14:57:15-04:00,10.0
2011-04-22 14:57:18-04:00,10.0
2011-04-22 14:57:21-04:00,10.0
2011-04-22 14:57:24-04:00,10.0
2011-04-22 14:57:27-04:00,10.0
2011-04-22 14:57:30-04:00,10.0
2011-04-22 14:57:33-04:00,10.0
2011-04-22 14:57:36-04:00,10.0
2011-04-22 14:57:39-04:00,10.0
2011-04-22 14:57:42-04:00,10.0
2011-04-22 14:57:45-04:00,10.0
2011-04-22 14:57:48-04:00,10.0
2011-04-22 14:57:51-04:00,10.0
2011-04-22 14:57:54-04:00,10.0
2011-04-22 14:57:57-04:00,10.0
2011-04-22 14:58:00-04:00,10.0
2011-04-22 14:58:03-04:00,10.0
2011-04-22 14:58:06-04:00,10.0
2011-04-22 14:58:09-04:00,10.0
2011-04-22 14:58:12-04:00,10.0
2011-04-22 14:58:15-04:00,10.0
2011-04-22 14:58:18-04:00,10.0
2011-04-22 14:58:21-04:00,10.0
2011-04-22 14:58:24-04:00,10.0
2011-04-22 14:58:27-04:00,10.0
2011-04-22 14:58:30-04:00,10.0
2011-04-22 14:58:33-04:00,10.0
2011-04-22 14:58:36-04:00,10.0
2011-04-22 14:58:39-04:00,10.0
2011-04-22 14:58:42-04:00,10.0
2011-04-22 14:58:45-04:00,10.0
2011-04-22 14:58:48-04:00,10.0
2011-04-22 14:58:51-04:00,10.0
2011-04-22 14:58:54-04:00,10.0
2011-04-22 14:58:57-04:00,10.0
2011-04-22 14:59:00-04:00,10.0
2011-04-22 14:59:03-04:00,10.0
2011-04-22 14:59:06-04:00,10.0
2011-04-22 14:59:09-04:00,10.0
2011-04-22 14:59:12-04:00,10.0
2011-04-22 14:59:15-04:00,10.0
2011-04-22 14:59:18-04:00,10.0
2011-04-22 14:59:21-04:00,10.0
2011-04-22 14:59:24-04:00,10.0
2011-04-22 14:59:27-04:00,10.0
2011-04-22 14:59:30-04:00,10.0
2011-04-22 14:59:33-04:00,10.0
2011-04-22 14:59:36-04:00,10.0
2011-04-22 14:59:39-04:00,10.0
2011-04-22 14:59:42-04:00,10.0
2011-04-22 14:59:45-04:00,10.0
2011-04-22 14:59:48-04:00,10.0
2011-04-22 14:59:51-04:00,10.0
2011-04-22 14:59:54-04:00,10.0
2011-04-22 14:59:57-04:00,10.0
2011-04-22 15:00:00-04:00,10.0
2011-04-22 15:00:03-04:00,10.0
2011-04-22 15:00:06-04:00,10.0
2011-04-22 15:00:09-04:00,10.0
2011-04-22 15:00:12-04:00,10.0
2011-04-22 15:00:15-04:00,10.0
2011-04-22 15:00:18-04:00,10.0
2011-04-22 15:00:21-04:00,10.0
2011-04-22 15:00:24-04:00,10.0
2011-04-22 15:00:27-04:00,10.0
2011-04-22 15:00:30-04:00,10.333333333333334
2011-04-22 15:00:33-04:00,10.666666666666666
2011-04-22 15:00:36-04:00,11.0
2011-04-22 15:00:39-04:00,10.25
2011-04-22 15:00:42-04:00,10.0
2011-04-22 15:00:45-04:00,10.0
2011-04-22 15:00:48-04:00,10.0
2011-04-22 15:00:51-04:00,10.0
2011-04-22 15:00:54-04:00,10.0
2011-04-22 15:00:57-04:00,10.0
2011-04-22 15:01:00-04:00,10.0
2011-04-22 15:01:03-04:00,10.0
2011-04-22 15:01:06-04:00,10.0
2011-04-22 15:01:09-04:00,10.0
2011-04-22 15:01:12-04:00,10.0
2011-04-22 15:01:15-04:00,10.0
2011-04-22 15:01:18-04:00,10.0
2011-04-22 15:01:21-04:00,10.0
2011-04-22 15:01:24-04:00,10.0
2011-04-22 15:01:27-04:00,10.0
2011-04-22 15:01:30-04:00,10.0
2011-04-22 15:01:33-04:00,10.0
2011-04-22 15:01:36-04:00,10.0
2011-04-22 15:01:39-04:00,10.0
2011-04-22 15:01:42-04:00,10.0
2011-04-22 15:01:45-04:00,10.0
2011-04-22 15:01:48-04:00,10.0
2011-04-22 15:01:51-04:00,10.0
2011-04-22 15:01:54-04:00,10.0
2011-04-22 15:01:57-04:00,10.0
2011-04-22 15:02:00-04:00,11.0
2011-04-22 15:02:03-04:00,10.25
2011-04-22 15:02:06-04:00,10.0
2011-04-22 15:02:09-04:00,10.0
2011-04-22 15:02:12-04:00,155.66666666666666
2011-04-22 15:02:15-04:00,367.75
2011-04-22 15:02:18-04:00,130.0
2011-04-22 15:02:21-04:00,130.0
2011-04-22 15:02:24-04:00,130.0
2011-04-22 15:02:27-04:00,130.0
2011-04-22 15:02:30-04:00,130.0
2011-04-22 15:02:33-04:00,130.0
2011-04-22 15:02:36-04:00,130.0
2011-04-22 15:02:39-04:00,130.0
2011-04-22 15:02:42-04:00,130.5
2011-04-22 15:02:45-04:00,131.0
2011-04-22 15:02:48-04:00,131.0
2011-04-22 15:02:51-04:00,131.0
2011-04-22 15:02:54-04:00,131.0
2011-04-22 15:02:57-04:00,131.75
2011-04-22 15:03:00-04:00,132.66666666666666
2011-04-22 15:03:03-04:00,133.0
2011-04-22 15:03:06-04:00,133.5
2011-04-22 15:03:09-04:00,134.0
2011-04-22 15:03:12-04:00,134.33333333333334
2011-04-22 15:03:15-04:00,135.0
2011-04-22 15:03:18-04:00,135.0
2011-04-22 15:03:21-04:00,136.0
2011-04-22 15:03:24-04:00,136.0
2011-04-22 15:03:27-04:00,136.66666666666666
2011-04-22 15:03:30-04:00,137.22222222222223
2011-04-22 15:03:33-04:00,137.55555555555554
2011-04-22 15:03:36-04:00,137.88888888888889
2011-04-22 15:03:39-04:00,138.66666666666666
2011-04-22 15:03:42-04:00,139.0
2011-04-22 15:03:45-04:00,139.0
2011-04-22 15:03:48-04:00,139.25
2011-04-22 15:03:51-04:00,140.0
2011-04-22 15:03:54-04:00,141.0
2011-04-22 15:03:57-04:00,141.0
2011-04-22 15:04:00-04:00,141.0
2011-04-22 15:04:03-04:00,141.0
2011-04-22 15:04:06-04:00,141.33333333333334
2011-04-22 15:04:09-04:00,142.25
2011-04-22 15:04:12-04:00,143.0
2011-04-22 15:04:15-04:00,143.0
2011-04-22 15:04:18-04:00,143.0
2011-04-22 15:04:21-04:00,143.0
2011-04-22 15:04:24-04:00,143.66666666666666
2011-04-22 15:04:27-04:00,144.0
2011-04-22 15:04:30-04:00,144.22222222222223
2011-04-22 15:04:33-04:00,144.55555555555554
2011-04-22 15:04:36-04:00,144.88888888888889
2011-04-22 15:04:39-04:00,145.0
2011-04-22 15:04:42-04:00,145.0
2011-04-22 15:04:45-04:00,145.0
2011-04-22 15:04:48-04:00,145.0
2011-04-22 15:04:51-04:00,145.0
2011-04-22 15:04:54-04:00,145.0
2011-04-22 15:04:57-04:00,145.0
2011-04-22 15:05:00-04:00,145.0
2011-04-22 15:05:03-04:00,145.0
2011-04-22 15:05:06-04:00,145.0
2011-04-22 15:05:09-04:00,145.0
2011-04-22 15:05:12-04:00,145.0
2011-04-22 15:05:15-04:00,145.0
2011-04-22 15:05:18-04:00,145.0
2011-04-22 15:05:21-04:00,145.0
2011-04-22 15:05:24-04:00,145.0
2011-04-22 15:05:27-04:00,145.0
2011-04-22 15:05:30-04:00,145.0
2011-04-22 15:05:33-04:00,145.0
2011-04-22 15:05:36-04:00,145.0
2011-04-22 15:05:39-04:00,145.0
2011-04-22 15:05:42-04:00,145.0
2011-04-22 15:05:45-04:00,145.0
2011-04-22 15:05:48-04:00,145.0
2011-04-22 15:05:51-04:00,145.0
2011-04-22 15:05:54-04:00,145.0
2011-04-22 15:05:57-04:00,145.0
2011-04-22 15:06:00-04:00,145.0
2011-04-22 15:06:03-04:00,144.5
2011-04-22 15:06:06-04:00,144.0
2011-04-22 15:06:09-04:00,144.0
2011-04-22 15:06:12-04:00,144.0
2011-04-22 15:06:15-04:00,144.0
2011-04-22 15:06:18-04:00,144.0
2011-04-22 15:06:21-04:00,144.0
2011-04-22 15:06:24-04:00,144.0
2011-04-22 15:06:27-04:00,144.0
2011-04-22 15:06:30-04:00,143.77777777777777
2011-04-22 15:06:33-04:00,143.44444444444446
2011-04-22 15:06:36-04:00,143.11111111111111
2011-04-22 15:06:39-04:00,143.0
2011-04-22 15:06:42-04:00,143.0
2011-04-22 15:06:45-04:00,143.0
2011-04-22 15:06:48-04:00,143.0
2011-04-22 15:06:51-04:00,143.0
2011-04-22 15:06:54-04:00,143.0
2011-04-22 15:06:57-04:00,143.0
2011-04-22 15:07:00-04:00,143.0
2011-04-22 15:07:03-04:00,143.0
2011-04-22 15:07:06-04:00,143.0
2011-04-22 15:07:09-04:00,143.0
2011-04-22 15:07:12-04:00,142.75
2011-04-22 15:07:15-04:00,142.0
2011-04-22 15:07:18-04:00,142.0
2011-04-22 15:07:21-04:00,142.0
2011-04-22 15:07:24-04:00,142.0
2011-04-22 15:07:27-04:00,142.0
2011-04-22 15:07:30-04:00,141.875
2011-04-22 15:07:33-04:00,141.5
2011-04-22 15:07:36-04:00,141.125
2011-04-22 15:07:39-04:00,141.5
2011-04-22 15:07:42-04:00,142.0
2011-04-22 15:07:45-04:00,141.75
2011-04-22 15:07:48-04:00,141.0
2011-04-22 15:07:51-04:00,141.0
2011-04-22 15:07:54-04:00,141.0
2011-04-22 15:07:57-04:00,141.0
2011-04-22 15:08:00-04:00,141.0
2011-04-22 15:08:03-04:00,141.0
2011-04-22 15:08:06-04:00,141.0
2011-04-22 15:08:09-04:00,141.0
2011-04-22 15:08:12-04:00,141.0
2011-04-22 15:08:15-04:00,141.0
2011-04-22 15:08:18-04:00,141.0
2011-04-22 15:08:21-04:00,141.0
2011-04-22 15:08:24-04:00,141.0
2011-04-22 15:08:27-04:00,141.0
2011-04-22 15:08:30-04:00,141.0
2011-04-22 15:08:33-04:00,141.0
2011-04-22 15:08:36-04:00,141.0
2011-04-22 15:08:39-04:00,141.0
2011-04-22 15:08:42-04:00,141.0
2011-04-22 15:08:45-04:00,141.0
2011-04-22 15:08:48-04:00,141.0
2011-04-22 15:08:51-04:00,141.0
2011-04-22 15:08:54-04:00,141.0
2011-04-22 15:08:57-04:00,140.5
2011-04-22 15:09:00-04:00,140.0
2011-04-22 15:09:03-04:00,140.0
2011-04-22 15:09:06-04:00,140.25
2011-04-22 15:09:09-04:00,141.0
2011-04-22 15:09:12-04:00,141.0
2011-04-22 15:09:15-04:00,140.0
2011-04-22 15:09:18-04:00,140.0
2011-04-22 15:09:21-04:00,140.66666666666666
2011-04-22 15:09:24-04:00,140.5
2011-04-22 15:09:27-04:00,140.0
2011-04-22 15:09:30-04:00,140.0
2011-04-22 15:09:33-04:00,140.0
2011-04-22 15:09:36-04:00,140.0
2011-04-22 15:09:39-04:00,140.0
2011-04-22 15:09:42-04:00,140.0
2011-04-22 15:09:45-04:00,140.0
2011-04-22 15:09:48-04:00,140.0
2011-04-22 15:09:51-04:00,140.0
2011-04-22 15:09:54-04:00,140.0
2011-04-22 15:09:57-04:00,140.0
2011-04-22 15:10:00-04:00,140.0
2011-04-22 15:10:03-04:00,140.0
2011-04-22 15:10:06-04:00,140.0
2011-04-22 15:10:09-04:00,140.0
2011-04-22 15:10:12-04:00,140.0
2011-04-22 15:10:15-04:00,140.0
2011-04-22 15:10:18-04:00,140.0
2011-04-22 15:10:21-04:00,140.0
2011-04-22 15:10:24-04:00,140.0
2011-04-22 15:10:27-04:00,140.0
2011-04-22 15:10:30-04:00,140.0
2011-04-22 15:10:33-04:00,140.0
2011-04-22 15:10:36-04:00,140.0
2011-04-22 15:10:39-04:00,140.0
2011-04-22 15:10:42-04:00,140.0
2011-04-22 15:10:45-04:00,140.0
2011-04-22 15:10:48-04:00,140.0
2011-04-22 15:10:51-04:00,140.0
2011-04-22 15:10:54-04:00,140.0
2011-04-22 15:10:57-04:00,140.0
2011-04-22 15:11:00-04:00,140.0
2011-04-22 15:11:03-04:00,140.0
2011-04-22 15:11:06-04:00,140.0
2011-04-22 15:11:09-04:00,140.0
2011-04-22 15:11:12-04:00,140.0
2011-04-22 15:11:15-04:00,140.0
2011-04-22 15:11:18-04:00,140.0
2011-04-22 15:11:21-04:00,140.0
2011-04-22 15:11:24-04:00,140.0
2011-04-22 15:11:27-04:00,140.0
2011-04-22 15:11:30-04:00,140.0
2011-04-22 15:11:33-04:00,140.0
2011-04-22 15:11:36-04:00,140.0
2011-04-22 15:11:39-04:00,140.0
2011-04-22 15:11:42-04:00,140.0
2011-04-22 15:11:45-04:00,140.0
2011-04-22 15:11:48-04:00,140.0
2011-04-22 15:11:51-04:00,140.0
2011-04-22 15:11:54-04:00,140.0
2011-04-22 15:11:57-04:00,140.0
2011-04-22 15:12:00-04:00,140.0
2011-04-22 15:12:03-04:00,140.0
2011-04-22 15:12:06-04:00,140.0
2011-04-22 15:12:09-04:00,140.0
2011-04-22 15:12:12-04:00,140.0
2011-04-22 15:12:15-04:00,140.0
2011-04-22 15:12:18-04:00,140.0
2011-04-22 15:12:21-04:00,140.0
2011-04-22 15:12:24-04:00,140.0
2011-04-22 15:12:27-04:00,140.0
2011-04-22 15:12:30-04:00,140.0
2011-04-22 15:12:33-04:00,140.0
2011-04-22 15:12:36-04:00,140.0
2011-04-22 15:12:39-04:00,140.0
2011-04-22 15:12:42-04:00,140.0
2011-04-22 15:12:45-04:00,140.0
2011-04-22 15:12:48-04:00,140.0
2011-04-22 15:12:51-04:00,140.0
2011-04-22 15:12:54-04:00,140.0
2011-04-22 15:12:57-04:00,140.5
2011-04-22 15:13:00-04:00,141.0
2011-04-22 15:13:03-04:00,140.75
2011-04-22 15:13:06-04:00,140.0
2011-04-22 15:13:09-04:00,140.75
2011-04-22 15:13:12-04:00,140.33333333333334
2011-04-22 15:13:15-04:00,140.0
2011-04-22 15:13:18-04:00,140.0
2011-04-22 15:13:21-04:00,140.0
2011-04-22 15:13:24-04:00,140.0
2011-04-22 15:13:27-04:00,140.0
2011-04-22 15:13:30-04:00,140.0
2011-04-22 15:13:33-04:00,140.0
2011-04-22 15:13:36-04:00,140.0
2011-04-22 15:13:39-04:00,140.0
2011-04-22 15:13:42-04:00,140.0
2011-04-22 15:13:45-04:00,140.0
2011-04-22 15:13:48-04:00,140.0
2011-04-22 15:13:51-04:00,140.0
2011-04-22 15:13:54-04:00,140.0
2011-04-22 15:13:57-04:00,140.0
2011-04-22 15:14:00-04:00,140.0
2011-04-22 15:14:03-04:00,140.0
2011-04-22 15:14:06-04:00,140.0
2011-04-22 15:14:09-04:00,140.0
2011-04-22 15:14:12-04:00,140.0
2011-04-22 15:14:15-04:00,140.0
2011-04-22 15:14:18-04:00,141.0
2011-04-22 15:14:21-04:00,141.0
2011-04-22 15:14:24-04:00,140.25
2011-04-22 15:14:27-04:00,140.0
2011-04-22 15:14:30-04:00,140.0
2011-04-22 15:14:33-04:00,140.0
2011-04-22 15:14:36-04:00,140.0
2011-04-22 15:14:39-04:00,140.0
2011-04-22 15:14:42-04:00,140.5
2011-04-22 15:14:45-04:00,141.0
2011-04-22 15:14:48-04:00,141.33333333333334
2011-04-22 15:14:51-04:00,142.0
2011-04-22 15:14:54-04:00,142.0
2011-04-22 15:14:57-04:00,141.0
2011-04-22 15:15:00-04:00,141.0
2011-04-22 15:15:03-04:00,141.0
2011-04-22 15:15:06-04:00,141.0
2011-04-22 15:15:09-04:00,141.0
2011-04-22 15:15:12-04:00,141.0
2011-04-22 15:15:15-04:00,141.0
2011-04-22 15:15:18-04:00,141.0
2011-04-22 15:15:21-04:00,141.0
2011-04-22 15:15:24-04:00,141.0
2011-04-22 15:15:27-04:00,141.75
2011-04-22 15:15:30-04:00,141.75
2011-04-22 15:15:33-04:00,141.375
2011-04-22 15:15:36-04:00,141.0
2011-04-22 15:15:39-04:00,140.25
2011-04-22 15:15:42-04:00,140.66666666666666
2011-04-22 15:15:45-04:00,141.0
2011-04-22 15:15:48-04:00,141.0
2011-04-22 15:15:51-04:00,141.0
2011-04-22 15:15:54-04:00,141.25
2011-04-22 15:15:57-04:00,142.0
2011-04-22 15:16:00-04:00,142.0
2011-04-22 15:16:03-04:00,142.0
2011-04-22 15:16:06-04:00,142.0
2011-04-22 15:16:09-04:00,142.0
2011-04-22 15:16:12-04:00,142.0
2011-04-22 15:16:15-04:00,142.0
2011-04-22 15:16:18-04:00,142.0
2011-04-22 15:16:21-04:00,142.0
2011-04-22 15:16:24-04:00,142.0
2011-04-22 15:16:27-04:00,142.0
2011-04-22 15:16:30-04:00,142.0
2011-04-22 15:16:33-04:00,142.0
2011-04-22 15:16:36-04:00,142.0
2011-04-22 15:16:39-04:00,142.0
2011-04-22 15:16:42-04:00,142.0
2011-04-22 15:16:45-04:00,142.0
2011-04-22 15:16:48-04:00,141.66666666666666
2011-04-22 15:16:51-04:00,141.25
2011-04-22 15:16:54-04:00,142.0
2011-04-22 15:16:57-04:00,141.0
2011-04-22 15:17:00-04:00,142.0
2011-04-22 15:17:03-04:00,142.0
2011-04-22 15:17:06-04:00,142.0
2011-04-22 15:17:09-04:00,142.0
2011-04-22 15:17:12-04:00,142.0
2011-04-22 15:17:15-04:00,142.0
2011-04-22 15:17:18-04:00,142.0
2011-04-22 15:17:21-04:00,142.0
2011-04-22 15:17:24-04:00,142.0
2011-04-22 15:17:27-04:00,142.0
2011-04-22 15:17:30-04:00,142.0
2011-04-22 15:17:33-04:00,142.0
2011-04-22 15:17:36-04:00,142.0
2011-04-22 15:17:39-04:00,142.0
2011-04-22 15:17:42-04:00,142.0
2011-04-22 15:17:45-04:00,142.0
2011-04-22 15:17:48-04:00,142.33333333333334
2011-04-22 15:17:51-04:00,143.0
2011-04-22 15:17:54-04:00,143.0
2011-04-22 15:17:57-04:00,143.0
2011-04-22 15:18:00-04:00,142.0
2011-04-22 15:18:03-04:00,143.0
2011-04-22 15:18:06-04:00,143.0
2011-04-22 15:18:09-04:00,143.0
2011-04-22 15:18:12-04:00,143.0
2011-04-22 15:18:15-04:00,143.0
2011-04-22 15:18:18-04:00,143.0
2011-04-22 15:18:21-04:00,143.0
2011-04-22 15:18:24-04:00,143.0
2011-04-22 15:18:27-04:00,143.0
2011-04-22 15:18:30-04:00,143.0
2011-04-22 15:18:33-04:00,143.0
2011-04-22 15:18:36-04:00,143.0
2011-04-22 15:18:39-04:00,142.25
2011-04-22 15:18:42-04:00,142.66666666666666
2011-04-22 15:18:45-04:00,143.0
2011-04-22 15:18:48-04:00,143.0
2011-04-22 15:18:51-04:00,143.0
2011-04-22 15:18:54-04:00,143.0
2011-04-22 15:18:57-04:00,143.0
2011-04-22 15:19:00-04:00,143.0
2011-04-22 15:19:03-04:00,143.0
2011-04-22 15:19:06-04:00,143.0
2011-04-22 15:19:09-04:00,143.0
2011-04-22 15:19:12-04:00,143.0
2011-04-22 15:19:15-04:00,143.0
2011-04-22 15:19:18-04:00,143.0
2011-04-22 15:19:21-04:00,143.0
2011-04-22 15:19:24-04:00,143.0
2011-04-22 15:19:27-04:00,143.0
2011-04-22 15:19:30-04:00,143.0
2011-04-22 15:19:33-04:00,143.0
2011-04-22 15:19:36-04:00,143.0
2011-04-22 15:19:39-04:00,143.0
2011-04-22 15:19:42-04:00,143.0
2011-04-22 15:19:45-04:00,143.0
2011-04-22 15:19:48-04:00,143.0
2011-04-22 15:19:51-04:00,143.0
2011-04-22 15:19:54-04:00,143.0
2011-04-22 15:19:57-04:00,143.0
2011-04-22 15:20:00-04:00,143.0
2011-04-22 15:20:03-04:00,143.0
2011-04-22 15:20:06-04:00,143.0
2011-04-22 15:20:09-04:00,143.0
2011-04-22 15:20:12-04:00,143.0
2011-04-22 15:20:15-04:00,143.0
2011-04-22 15:20:18-04:00,143.0
2011-04-22 15:20:21-04:00,143.0
2011-04-22 15:20:24-04:00,143.0
2011-04-22 15:20:27-04:00,143.0
2011-04-22 15:20:30-04:00,143.0
2011-04-22 15:20:33-04:00,143.0
2011-04-22 15:20:36-04:00,143.0
2011-04-22 15:20:39-04:00,143.5
2011-04-22 15:20:42-04:00,144.0
2011-04-22 15:20:45-04:00,144.0
2011-04-22 15:20:48-04:00,144.0
2011-04-22 15:20:51-04:00,144.0
2011-04-22 15:20:54-04:00,143.0
2011-04-22 15:20:57-04:00,143.0
2011-04-22 15:21:00-04:00,143.0
2011-04-22 15:21:03-04:00,143.0
2011-04-22 15:21:06-04:00,143.0
2011-04-22 15:21:09-04:00,143.0
2011-04-22 15:21:12-04:00,143.25
2011-04-22 15:21:15-04:00,144.0
2011-04-22 15:21:18-04:00,144.0
2011-04-22 15:21:21-04:00,144.0
2011-04-22 15:21:24-04:00,144.0
2011-04-22 15:21:27-04:00,144.0
2011-04-22 15:21:30-04:00,144.0
2011-04-22 15:21:33-04:00,144.0
2011-04-22 15:21:36-04:00,144.0
2011-04-22 15:21:39-04:00,144.0
2011-04-22 15:21:42-04:00,144.0
2011-04-22 15:21:45-04:00,143.66666666666666
2011-04-22 15:21:48-04:00,143.0
2011-04-22 15:21:51-04:00,143.0
2011-04-22 15:21:54-04:00,143.0
2011-04-22 15:21:57-04:00,143.0
2011-04-22 15:22:00-04:00,143.0
2011-04-22 15:22:03-04:00,143.0
2011-04-22 15:22:06-04:00,143.0
2011-04-22 15:22:09-04:00,143.0
2011-04-22 15:22:12-04:00,143.75
2011-04-22 15:22:15-04:00,143.33333333333334
2011-04-22 15:22:18-04:00,143.0
2011-04-22 15:22:21-04:00,143.0
2011-04-22 15:22:24-04:00,143.0
2011-04-22 15:22:27-04:00,143.0
2011-04-22 15:22:30-04:00,143.25
2011-04-22 15:22:33-04:00,143.625
2011-04-22 15:22:36-04:00,144.0
2011-04-22 15:22:39-04:00,143.25
2011-04-22 15:22:42-04:00,143.66666666666666
2011-04-22 15:22:45-04:00,143.5
2011-04-22 15:22:48-04:00,143.33333333333334
2011-04-22 15:22:51-04:00,144.0
2011-04-22 15:22:54-04:00,144.0
2011-04-22 15:22:57-04:00,143.0
2011-04-22 15:23:00-04:00,143.0
2011-04-22 15:23:03-04:00,143.5
2011-04-22 15:23:06-04:00,144.0
2011-04-22 15:23:09-04:00,144.0
2011-04-22 15:23:12-04:00,144.0
2011-04-22 15:23:15-04:00,144.0
2011-04-22 15:23:18-04:00,144.0
2011-04-22 15:23:21-04:00,144.0
2011-04-22 15:23:24-04:00,143.75
2011-04-22 15:23:27-04:00,143.0
2011-04-22 15:23:30-04:00,143.33333333333334
2011-04-22 15:23:33-04:00,143.66666666666666
2011-04-22 15:23:36-04:00,144.0
2011-04-22 15:23:39-04:00,144.0
2011-04-22 15:23:42-04:00,144.0
2011-04-22 15:23:45-04:00,144.0
2011-04-22 15:23:48-04:00,144.0
2011-04-22 15:23:51-04:00,143.5
2011-04-22 15:23:54-04:00,143.25
2011-04-22 15:23:57-04:00,144.0
2011-04-22 15:24:00-04:00,144.0
2011-04-22 15:24:03-04:00,144.0
2011-04-22 15:24:06-04:00,144.0
2011-04-22 15:24:09-04:00,144.0
2011-04-22 15:24:12-04:00,144.0
2011-04-22 15:24:15-04:00,144.0
2011-04-22 15:24:18-04:00,144.0
2011-04-22 15:24:21-04:00,144.0
2011-04-22 15:24:24-04:00,144.0
2011-04-22 15:24:27-04:00,144.0
2011-04-22 15:24:30-04:00,144.0
2011-04-22 15:24:33-04:00,144.0
2011-04-22 15:24:36-04:00,144.0
2011-04-22 15:24:39-04:00,144.0
2011-04-22 15:24:42-04:00,144.0
2011-04-22 15:24:45-04:00,144.0
2011-04-22 15:24:48-04:00,144.0
2011-04-22 15:24:51-04:00,144.0
2011-04-22 15:24:54-04:00,143.66666666666666
2011-04-22 15:24:57-04:00,143.25
2011-04-22 15:25:00-04:00,144.0
2011-04-22 15:25:03-04:00,144.0
2011-04-22 15:25:06-04:00,144.0
2011-04-22 15:25:09-04:00,144.0
2011-04-22 15:25:12-04:00,144.0
2011-04-22 15:25:15-04:00,144.0
2011-04-22 15:25:18-04:00,144.0
2011-04-22 15:25:21-04:00,144.0
2011-04-22 15:25:24-04:00,144.0
2011-04-22 15:25:27-04:00,144.0
2011-04-22 15:25:30-04:00,144.0
2011-04-22 15:25:33-04:00,144.0
2011-04-22 15:25:36-04:00,144.0
2011-04-22 15:25:39-04:00,144.0
2011-04-22 15:25:42-04:00,144.0
2011-04-22 15:25:45-04:00,144.0
2011-04-22 15:25:48-04:00,144.0
2011-04-22 15:25:51-04:00,144.0
2011-04-22 15:25:54-04:00,144.0
2011-04-22 15:25:57-04:00,144.0
2011-04-22 15:26:00-04:00,144.0
2011-04-22 15:26:03-04:00,144.0
2011-04-22 15:26:06-04:00,144.0
2011-04-22 15:26:09-04:00,144.0
2011-04-22 15:26:12-04:00,144.0
2011-04-22 15:26:15-04:00,144.0
2011-04-22 15:26:18-04:00,144.0
2011-04-22 15:26:21-04:00,144.0
2011-04-22 15:26:24-04:00,144.0
2011-04-22 15:26:27-04:00,144.0
2011-04-22 15:26:30-04:00,144.0
2011-04-22 15:26:33-04:00,144.0
2011-04-22 15:26:36-04:00,144.0
2011-04-22 15:26:39-04:00,144.0
2011-04-22 15:26:42-04:00,144.0
2011-04-22 15:26:45-04:00,144.0
2011-04-22 15:26:48-04:00,144.0
2011-04-22 15:26:51-04:00,144.0
2011-04-22 15:26:54-04:00,144.0
2011-04-22 15:26:57-04:00,144.0
2011-04-22 15:27:00-04:00,144.0
2011-04-22 15:27:03-04:00,144.0
2011-04-22 15:27:06-04:00,144.0
2011-04-22 15:27:09-04:00,144.0
2011-04-22 15:27:12-04:00,144.0
2011-04-22 15:27:15-04:00,144.0
2011-04-22 15:27:18-04:00,144.0
2011-04-22 15:27:21-04:00,144.0
2011-04-22 15:27:24-04:00,144.0
2011-04-22 15:27:27-04:00,144.0
2011-04-22 15:27:30-04:00,143.88888888888889
2011-04-22 15:27:33-04:00,143.55555555555554
2011-04-22 15:27:36-04:00,143.22222222222223
2011-04-22 15:27:39-04:00,143.0
2011-04-22 15:27:42-04:00,143.0
2011-04-22 15:27:45-04:00,143.0
2011-04-22 15:27:48-04:00,143.0
2011-04-22 15:27:51-04:00,143.0
2011-04-22 15:27:54-04:00,143.0
2011-04-22 15:27:57-04:00,143.0
2011-04-22 15:28:00-04:00,143.0
2011-04-22 15:28:03-04:00,143.0
2011-04-22 15:28:06-04:00,143.0
2011-04-22 15:28:09-04:00,143.0
2011-04-22 15:28:12-04:00,143.0
2011-04-22 15:28:15-04:00,143.0
2011-04-22 15:28:18-04:00,143.0
2011-04-22 15:28:21-04:00,143.0
2011-04-22 15:28:24-04:00,143.0
2011-04-22 15:28:27-04:00,143.0
2011-04-22 15:28:30-04:00,143.0
2011-04-22 15:28:33-04:00,143.0
2011-04-22 15:28:36-04:00,143.0
2011-04-22 15:28:39-04:00,143.0
2011-04-22 15:28:42-04:00,143.0
2011-04-22 15:28:45-04:00,143.0
2011-04-22 15:28:48-04:00,143.0
2011-04-22 15:28:51-04:00,143.66666666666666
2011-04-22 15:28:54-04:00,143.33333333333334
2011-04-22 15:28:57-04:00,143.5
2011-04-22 15:29:00-04:00,143.66666666666666
2011-04-22 15:29:03-04:00,143.0
2011-04-22 15:29:06-04:00,143.0
2011-04-22 15:29:09-04:00,143.0
2011-04-22 15:29:12-04:00,143.0
2011-04-22 15:29:15-04:00,143.0
2011-04-22 15:29:18-04:00,143.0
2011-04-22 15:29:21-04:00,143.0
2011-04-22 15:29:24-04:00,143.0
2011-04-22 15:29:27-04:00,143.0
2011-04-22 15:29:30-04:00,143.0
2011-04-22 15:29:33-04:00,143.0
2011-04-22 15:29:36-04:00,143.0
2011-04-22 15:29:39-04:00,143.0
2011-04-22 15:29:42-04:00,143.0
2011-04-22 15:29:45-04:00,143.0
2011-04-22 15:29:48-04:00,143.0
2011-04-22 15:29:51-04:00,143.0
2011-04-22 15:29:54-04:00,143.0
2011-04-22 15:29:57-04:00,143.0
2011-04-22 15:30:00-04:00,143.33333333333334
2011-04-22 15:30:03-04:00,144.0
2011-04-22 15:30:06-04:00,144.0
2011-04-22 15:30:09-04:00,143.0
2011-04-22 15:30:12-04:00,143.0
2011-04-22 15:30:15-04:00,143.0
2011-04-22 15:30:18-04:00,143.0
2011-04-22 15:30:21-04:00,143.0
2011-04-22 15:30:24-04:00,143.33333333333334
2011-04-22 15:30:27-04:00,143.88888888888889
2011-04-22 15:30:30-04:00,143.55555555555554
2011-04-22 15:30:33-04:00,143.22222222222223
2011-04-22 15:30:36-04:00,143.66666666666666
2011-04-22 15:30:39-04:00,144.5
2011-04-22 15:30:42-04:00,143.0
2011-04-22 15:30:45-04:00,143.0
2011-04-22 15:30:48-04:00,143.0
2011-04-22 15:30:51-04:00,143.66666666666666
2011-04-22 15:30:54-04:00,143.5
2011-04-22 15:30:57-04:00,143.0
2011-04-22 15:31:00-04:00,143.0
2011-04-22 15:31:03-04:00,143.0
2011-04-22 15:31:06-04:00,143.0
2011-04-22 15:31:09-04:00,143.0
2011-04-22 15:31:12-04:00,143.0
2011-04-22 15:31:15-04:00,143.66666666666666
2011-04-22 15:31:18-04:00,144.0
2011-04-22 15:31:21-04:00,144.0
2011-04-22 15:31:24-04:00,144.0
2011-04-22 15:31:27-04:00,144.0
2011-04-22 15:31:30-04:00,144.0
2011-04-22 15:31:33-04:00,144.0
2011-04-22 15:31:36-04:00,144.0
2011-04-22 15:31:39-04:00,144.0
2011-04-22 15:31:42-04:00,144.0
2011-04-22 15:31:45-04:00,144.0
2011-04-22 15:31:48-04:00,144.0
2011-04-22 15:31:51-04:00,144.0
2011-04-22 15:31:54-04:00,144.0
2011-04-22 15:31:57-04:00,144.0
2011-04-22 15:32:00-04:00,144.0
2011-04-22 15:32:03-04:00,144.0
2011-04-22 15:32:06-04:00,144.0
2011-04-22 15:32:09-04:00,144.0
2011-04-22 15:32:12-04:00,144.0
2011-04-22 15:32:15-04:00,144.0
2011-04-22 15:32:18-04:00,144.0
2011-04-22 15:32:21-04:00,144.0
2011-04-22 15:32:24-04:00,144.0
2011-04-22 15:32:27-04:00,144.0
2011-04-22 15:32:30-04:00,143.33333333333334
2011-04-22 15:32:33-04:00,142.66666666666666
2011-04-22 15:32:36-04:00,142.0
2011-04-22 15:32:39-04:00,143.5
2011-04-22 15:32:42-04:00,144.0
2011-04-22 15:32:45-04:00,144.0
2011-04-22 15:32:48-04:00,144.0
2011-04-22 15:32:51-04:00,144.0
2011-04-22 15:32:54-04:00,144.0
2011-04-22 15:32:57-04:00,144.0
2011-04-22 15:33:00-04:00,143.0
2011-04-22 15:33:03-04:00,144.0
2011-04-22 15:33:06-04:00,143.25
2011-04-22 15:33:09-04:00,143.66666666666666
2011-04-22 15:33:12-04:00,144.0
2011-04-22 15:33:15-04:00,144.0
2011-04-22 15:33:18-04:00,143.75
2011-04-22 15:33:21-04:00,143.0
2011-04-22 15:33:24-04:00,144.0
2011-04-22 15:33:27-04:00,144.0
2011-04-22 15:33:30-04:00,144.0
2011-04-22 15:33:33-04:00,144.0
2011-04-22 15:33:36-04:00,144.0
2011-04-22 15:33:39-04:00,144.0
2011-04-22 15:33:42-04:00,144.0
2011-04-22 15:33:45-04:00,144.0
2011-04-22 15:33:48-04:00,144.0
2011-04-22 15:33:51-04:00,144.0
2011-04-22 15:33:54-04:00,144.0
2011-04-22 15:33:57-04:00,144.0
2011-04-22 15:34:00-04:00,144.0
2011-04-22 15:34:03-04:00,144.0
2011-04-22 15:34:06-04:00,144.0
2011-04-22 15:34:09-04:00,144.0
2011-04-22 15:34:12-04:00,144.0
2011-04-22 15:34:15-04:00,143.0
2011-04-22 15:34:18-04:00,143.75
2011-04-22 15:34:21-04:00,143.33333333333334
2011-04-22 15:34:24-04:00,143.66666666666666
2011-04-22 15:34:27-04:00,144.0
2011-04-22 15:34:30-04:00,144.0
2011-04-22 15:34:33-04:00,144.0
2011-04-22 15:34:36-04:00,144.0
2011-04-22 15:34:39-04:00,144.0
2011-04-22 15:34:42-04:00,143.66666666666666
2011-04-22 15:34:45-04:00,143.0
2011-04-22 15:34:48-04:00,143.0
2011-04-22 15:34:51-04:00,144.0
2011-04-22 15:34:54-04:00,143.25
2011-04-22 15:34:57-04:00,143.66666666666666
2011-04-22 15:35:00-04:00,144.0
2011-04-22 15:35:03-04:00,144.0
2011-04-22 15:35:06-04:00,144.0
2011-04-22 15:35:09-04:00,144.0
2011-04-22 15:35:12-04:00,144.0
2011-04-22 15:35:15-04:00,144.0
2011-04-22 15:35:18-04:00,143.0
2011-04-22 15:35:21-04:00,143.0
2011-04-22 15:35:24-04:00,143.0
2011-04-22 15:35:27-04:00,143.66666666666666
2011-04-22 15:35:30-04:00,144.0
2011-04-22 15:35:33-04:00,144.0
2011-04-22 15:35:36-04:00,144.0
2011-04-22 15:35:39-04:00,144.0
2011-04-22 15:35:42-04:00,144.0
2011-04-22 15:35:45-04:00,144.0
2011-04-22 15:35:48-04:00,144.0
2011-04-22 15:35:51-04:00,144.0
2011-04-22 15:35:54-04:00,144.0
2011-04-22 15:35:57-04:00,143.0
2011-04-22 15:36:00-04:00,143.75
2011-04-22 15:36:03-04:00,143.33333333333334
2011-04-22 15:36:06-04:00,143.0
2011-04-22 15:36:09-04:00,143.0
2011-04-22 15:36:12-04:00,143.25
2011-04-22 15:36:15-04:00,144.0
2011-04-22 15:36:18-04:00,144.0
2011-04-22 15:36:21-04:00,144.0
2011-04-22 15:36:24-04:00,144.0
2011-04-22 15:36:27-04:00,143.33333333333334
2011-04-22 15:36:30-04:00,143.22222222222223
2011-04-22 15:36:33-04:00,143.55555555555554
2011-04-22 15:36:36-04:00,143.88888888888889
2011-04-22 15:36:39-04:00,144.0
2011-04-22 15:36:42-04:00,144.0
2011-04-22 15:36:45-04:00,144.0
2011-04-22 15:36:48-04:00,143.66666666666666
2011-04-22 15:36:51-04:00,143.0
2011-04-22 15:36:54-04:00,143.0
2011-04-22 15:36:57-04:00,143.0
2011-04-22 15:37:00-04:00,143.0
2011-04-22 15:37:03-04:00,143.66666666666666
2011-04-22 15:37:06-04:00,143.5
2011-04-22 15:37:09-04:00,143.0
2011-04-22 15:37:12-04:00,143.0
2011-04-22 15:37:15-04:00,143.0
2011-04-22 15:37:18-04:00,144.0
2011-04-22 15:37:21-04:00,144.0
2011-04-22 15:37:24-04:00,143.25
2011-04-22 15:37:27-04:00,143.0
2011-04-22 15:37:30-04:00,143.0
2011-04-22 15:37:33-04:00,143.0
2011-04-22 15:37:36-04:00,143.0
2011-04-22 15:37:39-04:00,143.75
2011-04-22 15:37:42-04:00,144.0
2011-04-22 15:37:45-04:00,144.0
2011-04-22 15:37:48-04:00,143.66666666666666
2011-04-22 15:37:51-04:00,143.0
2011-04-22 15:37:54-04:00,143.0
2011-04-22 15:37:57-04:00,143.0
2011-04-22 15:38:00-04:00,143.0
2011-04-22 15:38:03-04:00,143.0
2011-04-22 15:38:06-04:00,143.66666666666666
2011-04-22 15:38:09-04:00,143.5
2011-04-22 15:38:12-04:00,143.33333333333334
2011-04-22 15:38:15-04:00,144.0
2011-04-22 15:38:18-04:00,144.0
2011-04-22 15:38:21-04:00,143.0
2011-04-22 15:38:24-04:00,143.75
2011-04-22 15:38:27-04:00,144.0
2011-04-22 15:38:30-04:00,144.0
2011-04-22 15:38:33-04:00,144.0
2011-04-22 15:38:36-04:00,144.0
2011-04-22 15:38:39-04:00,144.0
2011-04-22 15:38:42-04:00,144.0
2011-04-22 15:38:45-04:00,144.0
2011-04-22 15:38:48-04:00,144.0
2011-04-22 15:38:51-04:00,144.0
2011-04-22 15:38:54-04:00,143.25
2011-04-22 15:38:57-04:00,143.66666666666666
2011-04-22 15:39:00-04:00,143.33333333333334
2011-04-22 15:39:03-04:00,143.0
2011-04-22 15:39:06-04:00,143.0
2011-04-22 15:39:09-04:00,142.66666666666666
2011-04-22 15:39:12-04:00,142.5
2011-04-22 15:39:15-04:00,144.0
2011-04-22 15:39:18-04:00,143.0
2011-04-22 15:39:21-04:00,143.75
2011-04-22 15:39:24-04:00,144.0
2011-04-22 15:39:27-04:00,144.0
2011-04-22 15:39:30-04:00,143.88888888888889
2011-04-22 15:39:33-04:00,143.55555555555554
2011-04-22 15:39:36-04:00,143.22222222222223
2011-04-22 15:39:39-04:00,143.0
2011-04-22 15:39:42-04:00,143.0
2011-04-22 15:39:45-04:00,143.0
2011-04-22 15:39:48-04:00,143.0
2011-04-22 15:39:51-04:00,143.0
2011-04-22 15:39:54-04:00,143.0
2011-04-22 15:39:57-04:00,143.0
2011-04-22 15:40:00-04:00,143.0
2011-04-22 15:40:03-04:00,143.0
2011-04-22 15:40:06-04:00,143.0
2011-04-22 15:40:09-04:00,143.0
2011-04-22 15:40:12-04:00,143.0
2011-04-22 15:40:15-04:00,144.0
2011-04-22 15:40:18-04:00,143.25
2011-04-22 15:40:21-04:00,143.0
2011-04-22 15:40:24-04:00,143.0
2011-04-22 15:40:27-04:00,143.0
2011-04-22 15:40:30-04:00,143.0
2011-04-22 15:40:33-04:00,143.0
2011-04-22 15:40:36-04:00,143.0
2011-04-22 15:40:39-04:00,143.0
2011-04-22 15:40:42-04:00,143.0
2011-04-22 15:40:45-04:00,143.0
2011-04-22 15:40:48-04:00,143.0
2011-04-22 15:40:51-04:00,143.0
2011-04-22 15:40:54-04:00,143.0
2011-04-22 15:40:57-04:00,143.0
2011-04-22 15:41:00-04:00,143.0
2011-04-22 15:41:03-04:00,143.0
2011-04-22 15:41:06-04:00,143.0
2011-04-22 15:41:09-04:00,143.0
2011-04-22 15:41:12-04:00,142.0
2011-04-22 15:41:15-04:00,143.0
2011-04-22 15:41:18-04:00,143.0
2011-04-22 15:41:21-04:00,143.0
